anio_acci,nro_acci,fecha,desc_dia,fecha_aprox,hora_aprox,desc_ruta,km,cant_participantes,desc_participante,calle_avenida_km,total,heridos_leves,heridos_graves,heridos_gravisimos,ilesos,fallecidos,sin_datos,posicion_XY,desc_tipo_via,desc_ruta_ori,desc_loc,desc_dpto,desc_tipo_calzada,desc_tipo_banquina,desc_unidad_regional,desc_lugar_calzada,desc_zona,desc_prioridad,desc_estado_semaforo,desc_lugar_via,desc_estado_via,desc_estado_visibilidad,desc_luminosidad,desc_estado_clima,desc_tipo_colision,desc_tipo_atropello,desc_tipo_hecho,desc_pres_calzada,desc_senializacion,desc_separacion_via,desc_restriccion
2018,128,2018-01-22,Lunes,0,18:25:00,,0.0,2,"Moto/Ciclomotor,Automóvil",Dr Zavalla Y Uruguay,2,1,0,0,0,0,1,"-31.659111111111,-60.724",Calle,,SANTA FE,La Capital,Asfalto,No existe,I,Dentro,Urbana,Ninguna,No existe,Intersección,"Con baches,Deteriorada",Buena,Diurna,Buen Tiempo,De alcance,S/D,Colisión,Ninguna,Faltante,Ninguna,Sin restricción
2018,129,2018-01-20,Sabado,0,19:40:00,,0.0,2,"Automóvil,Moto/Ciclomotor",Entre Rios Y Tte. roca,3,2,0,0,1,0,0,"-32.743027777778,-60.739361111111",Calle,,SAN LORENZO,San Lorenzo,Asfalto,S/D,XVII,S/D,Urbana,S/D,S/D,Intersección,S/D,S/D,S/D,S/D,S/D,S/D,Colisión,S/D,Vertical,S/D,S/D
2018,130,2018-01-20,Sabado,0,16:30:00,,0.0,2,"Moto/Ciclomotor,Pickup/Utilitario",Dr Zavalla Y Monse?or Zaspe,2,1,0,0,1,0,0,"-31.65375,-60.7225",Calle,,SANTA FE,La Capital,Asfalto,No existe,I,Dentro,Urbana,Ninguna,No existe,Intersección,Bueno,Buena,Diurna,Buen Tiempo,De alcance,S/D,Colisión,Ninguna,Faltante,Ninguna,Sin restricción
2018,131,2018-01-21,Domingo,0,08:50:00,Ruta Nacional 11,0.0,1,Automóvil,Av San Martin Y 3 de Febrero,4,2,0,0,2,0,0,"-32.74402, -60.73398",Ruta,11,SAN LORENZO,San Lorenzo,Asfalto,S/D,XVII,S/D,Urbana,S/D,S/D,Intersección,S/D,S/D,S/D,S/D,Contra objeto fijo,S/D,Colisión,S/D,Vertical,S/D,S/D
2018,132,2018-01-21,Domingo,0,20:30:00,,0.0,3,"Moto/Ciclomotor,Pickup/Utilitario,Pickup/Utilitario",Av San Martin Y Jose Ingenieros,6,0,1,0,5,0,0,"-32.740638888889,-60.733944444444",Avenida,,SAN LORENZO,San Lorenzo,Asfalto,S/D,XVII,S/D,Urbana,S/D,S/D,Intersección,S/D,S/D,S/D,S/D,Múltiple,S/D,Colisión,S/D,Vertical,S/D,S/D
2018,134,2018-01-24,Miercoles,0,11:25:00,,0.0,2,"Automóvil,Moto/Ciclomotor",General Lopez Y Santiago del Estero,2,1,0,0,1,0,0,"-32.741305555556,-60.735055555556",Calle,,SAN LORENZO,San Lorenzo,S/D,S/D,XVII,S/D,Urbana,S/D,S/D,Intersección,S/D,S/D,S/D,S/D,Otro,S/D,Colisión,S/D,Vertical,S/D,S/D
2018,135,2018-01-26,Viernes,0,10:25:00,,0.0,2,"Automóvil,Bicicleta",Av San Martin 1700,2,1,0,0,1,0,0,"-32.744944444444,-60.734027777778",S/D,,SAN LORENZO,San Lorenzo,Asfalto,S/D,XVII,S/D,S/D,S/D,S/D,Recta,Otro,S/D,S/D,S/D,Otro,Ciclista,Atropello,Ninguna,Vertical,S/D,S/D
2018,136,2018-01-27,Sabado,0,18:00:00,,0.0,2,"Moto/Ciclomotor,Automóvil",N Pe?a Y Suipacha,2,1,0,0,1,0,0,"-32.771888888889,-60.735222222222",Calle,,SAN LORENZO,San Lorenzo,S/D,S/D,XVII,S/D,Urbana,S/D,S/D,Intersección,S/D,S/D,S/D,Otro,Otro,S/D,Colisión,S/D,S/D,Ninguna,S/D
2018,137,2018-02-19,Lunes,0,22:10:00,,0.0,2,"Moto/Ciclomotor,Automóvil",Francia 1100,2,1,0,0,1,0,0,"-31.661,-60.719194444444",Calle,,SANTA FE,La Capital,Asfalto,No existe,I,Dentro,Urbana,Ninguna,No existe,Recta,Otro,Buena,Nocturna,Buen Tiempo,Lateral,S/D,Colisión,Ninguna,Faltante,Ninguna,Sin restricción
2018,138,2018-01-27,Sabado,0,22:20:00,,0.0,2,"Moto/Ciclomotor,Moto/Ciclomotor",Bv Oro?o Y Franciscanos,2,2,0,0,0,0,0,"-32.732916666667,-60.748333333333",Avenida,,SAN LORENZO,San Lorenzo,S/D,S/D,XVII,S/D,Urbana,S/D,S/D,Intersección,S/D,S/D,S/D,S/D,Otro,S/D,Colisión,S/D,S/D,S/D,S/D
2018,139,2018-01-15,Lunes,0,11:30:00,,0.0,2,"Moto/Ciclomotor,Automóvil",Av Gral Lopez Y Francia,2,1,0,0,1,0,0,"-31.655731, -60.717467",Avenida,,SANTA FE,La Capital,Asfalto,No existe,I,Dentro,Urbana,Ninguna,No existe,Intersección,Bueno,Buena,Diurna,Buen Tiempo,Lateral,S/D,Colisión,Ninguna,Faltante,Ninguna,Sin restricción
2018,140,2018-01-28,Domingo,0,20:30:00,,0.0,2,"Moto/Ciclomotor,Automóvil",Republica de Chile 300,4,0,3,0,1,0,0,"-32.773583333333,-60.740194444444",Calle,,SAN LORENZO,San Lorenzo,S/D,S/D,XVII,S/D,Urbana,S/D,S/D,Recta,S/D,S/D,S/D,S/D,Otro,S/D,Colisión,Ninguna,S/D,S/D,S/D
2018,141,2018-01-13,Sabado,0,20:00:00,,0.0,2,"Moto/Ciclomotor,Automóvil",Dr Zavalla Y Av Gral Lopez,2,1,0,0,1,0,0,"-31.654861111111,-60.722805555556",Calle,,SANTA FE,La Capital,Asfalto,No existe,I,Dentro,Urbana,Semáforo,Funciona,Intersección,Deteriorada,Buena,Nocturna,Buen Tiempo,Lateral,S/D,Colisión,Ninguna,Faltante,Ninguna,Sin restricción
2018,142,2018-01-29,Lunes,0,23:30:00,,0.0,2,"Moto/Ciclomotor,Automóvil",General Lopez Y San Juan,2,1,0,0,1,0,0,"-32.751472222222,-60.735333333333",Calle,,SAN LORENZO,San Lorenzo,S/D,S/D,XVII,Dentro,Urbana,S/D,S/D,S/D,S/D,S/D,S/D,S/D,Otro,S/D,Colisión,S/D,S/D,S/D,S/D
2018,143,2018-01-10,Miercoles,0,18:40:00,,0.0,2,"Moto/Ciclomotor,Automóvil",Intendente Manuel Irigoyen Y Av Circunvalaci?n,2,1,0,0,1,0,0,"-31.664055555556,-60.733722222222",Calle,,SANTA FE,La Capital,Asfalto,No existe,I,Dentro,Urbana,Ninguna,No existe,Recta,Deteriorada,Buena,Diurna,Buen Tiempo,De alcance,S/D,Colisión,Ninguna,Faltante,Ninguna,Sin restricción
2018,144,2018-02-16,Viernes,0,15:25:00,,0.0,2,"Moto/Ciclomotor,Automóvil",Entre Rios 3600,2,1,0,0,1,0,0,"-31.657694444444,-60.723583333333",Calle,,SANTA FE,La Capital,Asfalto,No existe,I,Dentro,Urbana,Ninguna,No existe,Intersección,Bueno,Buena,Diurna,Buen Tiempo,De alcance,S/D,Colisión,Ninguna,Faltante,Ninguna,Sin restricción
2018,145,2018-01-30,Martes,0,11:05:00,,0.0,2,"Moto/Ciclomotor,Automóvil",Alvarez Thomas Y Gutemberg,2,1,0,0,1,0,0,"-32.760638888889,-60.742555555556",Calle,,SAN LORENZO,San Lorenzo,Asfalto,S/D,XVII,S/D,Urbana,S/D,S/D,Intersección,S/D,S/D,S/D,S/D,Otro,S/D,Colisión,Ninguna,Vertical,Ninguna,S/D
2018,146,2018-02-07,Miercoles,0,14:10:00,,0.0,2,"Pickup/Utilitario,Moto/Ciclomotor",Roque Saenz Pe?a Y Gdor Crespo,3,1,0,0,2,0,0,"-31.638055555556,-60.723361111111",Calle,,SANTA FE,La Capital,Asfalto,No existe,I,Dentro,Urbana,Ninguna,No existe,S/D,Bueno,Buena,Diurna,Buen Tiempo,Lateral,S/D,Colisión,Ninguna,Faltante,Cordón divisorio,Sin restricción
2018,147,2018-01-06,Sabado,0,03:40:00,,0.0,2,"Moto/Ciclomotor,Pickup/Utilitario",Intendente Manuel Irigoyen Y Roque Saenz Pe?a,6,1,0,0,5,0,0,"-31.662638888889,-60.729944444444",Calle,,SANTA FE,La Capital,Asfalto,No existe,I,Dentro,Urbana,Ninguna,No existe,Intersección,Deteriorada,Reducida,Nocturna,Buen Tiempo,De alcance,S/D,Colisión,Ninguna,Faltante,Ninguna,Sin restricción
2018,148,2018-01-03,Miercoles,0,21:10:00,,0.0,2,"Moto/Ciclomotor,Automóvil",Av Freyre Y Lisandro de la Torre,2,1,0,0,1,0,0,"-31.649166666667,-60.719361111111",Avenida,,SANTA FE,La Capital,Asfalto,No existe,I,Dentro,Urbana,Ninguna,Funciona,Intersección,Bueno,Buena,Nocturna,Buen Tiempo,De alcance,S/D,Colisión,Ninguna,Faltante,Ninguna,Sin restricción
2018,149,2018-01-31,Miercoles,0,19:35:00,,0.0,2,"Bicicleta,Automóvil",Sargento Cabral Y Urquiza,2,1,0,0,1,0,0,"-32.747888888889,-60.730722222222",Avenida,,SAN LORENZO,San Lorenzo,Asfalto,S/D,XVII,Dentro,Urbana,S/D,Funciona,Intersección,S/D,S/D,S/D,S/D,S/D,Ciclista,Atropello,Ninguna,Vertical,Cordón divisorio,S/D
2018,150,2018-01-02,Martes,0,12:45:00,Ruta Nacional 11,0.0,2,"Bicicleta,Pickup/Utilitario",Av Freyre Y Bv Pellegrini,2,1,0,0,1,0,0,"-31.633138888889,-60.715027777778",Ruta,11,SANTA FE,La Capital,Asfalto,No existe,I,S/D,Urbana,Ninguna,No existe,Intersección,Bueno,Buena,Diurna,Buen Tiempo,Lateral,S/D,Atropello,Ninguna,Vertical,Ninguna,Sin restricción
2018,151,2018-01-28,Domingo,0,17:45:00,Ruta Nacional 34,127.0,1,Camión c / Semirremolque,Ruta Nac 34 127,1,0,1,0,0,0,0,"-32.052233, -61.589056",Ruta,34,CAÑADA ROSQUIN,San Martín,Asfalto,Natural,XVIII,S/D,Rural,Marca Vial,No existe,Recta,Bueno,Buena,Diurna,Buen Tiempo,S/D,S/D,"Vuelco,Despiste",Ninguna,Horizontal,Ninguna,Sin restricción
2018,152,2018-01-02,Martes,0,17:15:00,,0.0,2,"Moto/Ciclomotor,Automóvil",Av Freyre Y J J Paso,2,1,0,0,1,0,0,"-31.661580,-60.723238",S/D,,SANTA FE,La Capital,Asfalto,No existe,I,S/D,Urbana,Ninguna,No existe,Intersección,Bueno,Buena,Diurna,Buen Tiempo,Lateral,S/D,Colisión,Ninguna,Vertical,Ninguna,Sin restricción
2018,153,2018-02-01,Jueves,0,10:50:00,,0.0,2,"Moto/Ciclomotor,Automóvil",Francia Y Catamarca,4,2,0,0,2,0,0,"-31.631583333333,-60.7105",Calle,,SANTA FE,La Capital,Asfalto,No existe,I,S/D,Urbana,Semáforo,Funciona,Intersección,Bueno,Buena,Diurna,Buen Tiempo,Otro,S/D,Colisión,Ninguna,Horizontal,Ninguna,Sin restricción
2018,154,2018-02-16,Viernes,0,17:00:00,,0.0,2,"Moto/Ciclomotor,Automóvil",San Jose Y 3 de Febrero,2,1,0,0,1,0,0,"-31.655527777778,-60.725888888889",Calle,,SANTA FE,La Capital,Asfalto,No existe,I,Dentro,Urbana,Ninguna,No existe,Intersección,"Con baches,Deteriorada",Buena,Diurna,Buen Tiempo,Lateral,S/D,Colisión,Ninguna,Faltante,Ninguna,Sin restricción
2018,155,2018-01-03,Miercoles,0,17:50:00,Ruta Nacional 34,0.0,2,"Pickup/Utilitario,Camión c / Semirremolque", ,3,0,1,0,2,0,0,"-32.129468, -61.550267",Ruta,34,CASAS,San Martín,Asfalto,Ripio,XVIII,Dentro,Urbana,Señal Pare,No existe,Intersección,Bueno,Buena,Diurna,Buen Tiempo,Lateral,S/D,Colisión,Ninguna,Horizontal,Línea divisoria pintada,Sin restricción
2018,156,2018-02-05,Lunes,0,13:30:00,,0.0,2,"Automóvil,Moto/Ciclomotor",Av Freyre Y Primera Junta,4,2,0,0,2,0,0,"-31.645027777778,-60.718166666667",Calle,,SANTA FE,La Capital,Asfalto,No existe,I,S/D,Urbana,Ninguna,Funciona,Intersección,Bueno,Buena,Diurna,Buen Tiempo,Otro,S/D,Colisión,Ninguna,Faltante,Ninguna,Sin restricción
2018,157,2018-02-14,Miercoles,0,10:30:00,,0.0,2,"Moto/Ciclomotor,Moto/Ciclomotor",Av Gral Lopez Y Av Freyre,2,1,0,0,1,0,0,"-31.655111111111,-60.721083333333",Calle,,SANTA FE,La Capital,Asfalto,No existe,I,Dentro,Urbana,Ninguna,Funciona,Intersección,Con baches,Buena,Diurna,Buen Tiempo,De alcance,S/D,Colisión,Ninguna,Faltante,Ninguna,Sin restricción
2018,158,2018-01-09,Martes,0,14:20:00,Ruta Nacional 34,117.0,2,"Camión c / Acoplado,Camión c / Acoplado", ,2,0,1,0,1,0,0,"-32.125364, -61.553320",Ruta,34,CASAS,San Martín,Asfalto,Natural,XVII,Dentro,Rural,Ninguna,No existe,Recta,Bueno,Buena,Nocturna,Buen Tiempo,Lateral,S/D,Colisión,Ninguna,Vertical,Línea divisoria pintada,Sin restricción
2018,159,2018-01-17,Miercoles,0,00:30:00,Ruta Nacional 34,116.0,2,"Camión c / Semirremolque,Camión c / Semirremolque", ,3,0,2,0,1,0,0,"-32.124183, -61.553856",Ruta,34,CASAS,San Martín,Asfalto,Natural,XVII,Dentro,Rural,Ninguna,No existe,Recta,Bueno,Buena,Nocturna,Buen Tiempo,Lateral,S/D,Colisión,Ninguna,Vertical,Línea divisoria pintada,Sin restricción
2018,160,2018-01-04,Jueves,0,06:40:00,,0.0,2,"Bicicleta,Moto/Ciclomotor",Av Freyre 3300,2,1,0,0,1,0,0,"-31.635333333333,-60.715361111111",Avenida,,SANTA FE,La Capital,Asfalto,No existe,I,S/D,Urbana,Ninguna,No existe,Intersección,Bueno,Buena,Diurna,Buen Tiempo,S/D,Ciclista,Atropello,Ninguna,Vertical,Ninguna,Sin restricción
2018,161,2018-02-06,Martes,0,17:15:00,,0.0,2,"Moto/Ciclomotor,Moto/Ciclomotor",Santiago del Estero Y Av Freyre,3,2,0,0,1,0,0,"-31.63525,-60.715666666667",Calle,,SANTA FE,La Capital,Asfalto,No existe,I,S/D,Urbana,Ninguna,Funciona,Intersección,Bueno,Buena,Atardecer,Buen Tiempo,Otro,S/D,Colisión,Ninguna,Vertical,Ninguna,Sin restricción
2018,162,2018-01-04,Jueves,0,18:35:00,,0.0,2,"Moto/Ciclomotor,Automóvil",Francia Y Primera Junta,2,1,0,0,1,0,0,"-31.645972222222,-60.714583333333",Calle,,SANTA FE,La Capital,Asfalto,No existe,I,S/D,Urbana,Ninguna,No existe,Intersección,Bueno,Buena,Atardecer,Buen Tiempo,Frontal,S/D,Colisión,Ninguna,Vertical,Ninguna,Sin restricción
2018,163,2018-01-05,Viernes,0,14:05:00,,0.0,2,"Automóvil,Automóvil",Francia Y Junin,3,3,0,0,0,0,0,"-31.637138888889,-60.712166666667",S/D,,SANTA FE,La Capital,Asfalto,No existe,I,S/D,Urbana,Ninguna,No existe,Intersección,Bueno,Buena,Diurna,Buen Tiempo,Lateral,S/D,Colisión,Ninguna,Vertical,Ninguna,Sin restricción
2018,164,2018-01-02,Martes,0,11:00:00,,0.0,2,"Peatón,Otros",Santa Fe Y Lavalle,2,1,0,0,0,0,1,"-32.478722222222,-61.572694444444",Calle,,LAS ROSAS,Belgrano,Asfalto,No existe,III,Dentro,Urbana,Ninguna,No existe,Intersección,Bueno,Buena,Diurna,Buen Tiempo,S/D,Peatón,Atropello,Ninguna,Vertical,Cordón divisorio,Sin restricción
2018,165,2018-01-08,Lunes,0,00:50:00,,0.0,2,"Moto/Ciclomotor,Automóvil",Av Urquiza Y Salta,4,2,0,0,2,0,0,"-31.648972222222,-60.714055555556",Calle,,SANTA FE,La Capital,Asfalto,No existe,I,S/D,Urbana,Ninguna,No existe,Intersección,Bueno,Buena,Nocturna,Otro,Lateral,S/D,Colisión,Ninguna,Vertical,Ninguna,Sin restricción
2018,166,2018-02-06,Martes,0,21:30:00,,0.0,2,"Automóvil,Moto/Ciclomotor",Av Urquiza 2500,2,1,0,0,1,0,0,"-31.64525,-60.712972222222",S/D,,SANTA FE,La Capital,Asfalto,No existe,I,S/D,S/D,Ninguna,Funciona,Recta,Bueno,Buena,Nocturna,Buen Tiempo,Otro,S/D,Colisión,Ninguna,Horizontal,Ninguna,Sin restricción
2018,167,2018-01-08,Lunes,0,22:25:00,,0.0,2,"Moto/Ciclomotor,Automóvil",Francia Y Salta,2,1,0,0,1,0,0,"-31.648666666667,-60.715361111111",Calle,,SANTA FE,La Capital,Asfalto,S/D,I,S/D,Urbana,S/D,S/D,Intersección,Bueno,S/D,Nocturna,Buen Tiempo,Lateral,S/D,Colisión,Ninguna,Vertical,Ninguna,Sin restricción
2018,168,2018-01-09,Martes,0,11:30:00,,0.0,2,"Moto/Ciclomotor,Automóvil",Mariano Comas Y Francia,2,1,0,0,1,0,0,"-31.631194444444,-60.7105",Calle,,SANTA FE,La Capital,Asfalto,No existe,I,S/D,Urbana,Ninguna,No existe,Intersección,Bueno,Buena,Diurna,Buen Tiempo,Lateral,S/D,Colisión,Ninguna,Vertical,Ninguna,Sin restricción
2018,169,2018-02-13,Martes,0,23:30:00,,0.0,2,"Automóvil,Moto/Ciclomotor",Av Gral Lopez Y Av Urquiza,2,1,0,0,1,0,0,"-31.655888888889,-60.716138888889",Avenida,,SANTA FE,La Capital,Asfalto,No existe,I,Dentro,Urbana,Semáforo,Funciona,Intersección,Bueno,Buena,Nocturna,Buen Tiempo,Lateral,S/D,Colisión,Ninguna,Faltante,Ninguna,Sin restricción
2018,170,2018-01-10,Miercoles,0,08:00:00,,0.0,2,"Moto/Ciclomotor,Automóvil",Primera Junta Y Santiago de Chile,2,1,0,0,1,0,0,"-31.643666, -60.723736",Calle,,SANTA FE,La Capital,Asfalto,No existe,I,S/D,Urbana,Ninguna,No existe,Intersección,Bueno,Buena,Diurna,Buen Tiempo,Lateral,S/D,Colisión,Ninguna,Vertical,Ninguna,Sin restricción
2018,171,2018-02-07,Miercoles,0,12:00:00,,0.0,2,"Bicicleta,Automóvil",Av Freyre Y Hipolito Yrigoyen,2,1,0,0,1,0,0,"-31.640166666667,-60.71675",Calle,,SANTA FE,La Capital,Asfalto,No existe,I,S/D,Urbana,Ninguna,No funciona,Intersección,Bueno,Buena,Diurna,Buen Tiempo,Otro,Ciclista,Atropello,Ninguna,Vertical,Ninguna,Sin restricción
2018,172,2018-01-11,Jueves,0,23:20:00,,0.0,2,"Moto/Ciclomotor,Automóvil",San Lorenzo Y Vera,3,2,0,0,1,0,0,"-31.641444444444,-60.716027777778",Calle,,SANTA FE,La Capital,Asfalto,No existe,I,S/D,Urbana,Ninguna,No existe,Intersección,Bueno,Buena,Nocturna,Buen Tiempo,Lateral,S/D,Colisión,Ninguna,Vertical,Ninguna,Sin restricción
2018,173,2018-02-07,Miercoles,0,17:00:00,,0.0,2,"Automóvil,Moto/Ciclomotor",Av J J Paso Y Dr Zavalla,2,1,0,0,1,0,0,"-31.661166666667,-60.724583333333",Avenida,,SANTA FE,La Capital,Asfalto,No existe,I,Dentro,Urbana,Ninguna,No existe,Intersección,Con baches,Buena,Diurna,Buen Tiempo,De alcance,S/D,Atropello,Ninguna,Faltante,Ninguna,Sin restricción
2018,174,2018-01-14,Domingo,0,17:50:00,,0.0,2,"Moto/Ciclomotor,Automóvil",Lamadrid 2200,2,1,0,0,1,0,0,"-31.648638888889,-60.729416666667",Calle,,SANTA FE,La Capital,Asfalto,S/D,I,S/D,Urbana,Ninguna,S/D,Intersección,Bueno,S/D,Atardecer,Buen Tiempo,Lateral,S/D,Colisión,Ninguna,Vertical,Ninguna,Sin restricción
2018,175,2018-02-07,Miercoles,0,14:05:00,,0.0,2,"Moto/Ciclomotor,Automóvil",Primera Junta Y Francia,2,1,0,0,1,0,0,"-31.645972222222,-60.714583333333",Calle,,SANTA FE,La Capital,Asfalto,No existe,I,S/D,Urbana,Ninguna,Funciona,Intersección,Bueno,Buena,Atardecer,Buen Tiempo,Otro,S/D,Colisión,Ninguna,Horizontal,Ninguna,Sin restricción
2018,176,2018-01-29,Lunes,0,08:30:00,,0.0,2,"Moto/Ciclomotor,Bicicleta",Av Freyre Y Tucuman,2,1,0,0,1,0,0,"-31.644,-60.718166666667",Calle,,SANTA FE,La Capital,Asfalto,No existe,I,S/D,Urbana,Ninguna,Funciona,Intersección,Bueno,Buena,Amanecer,Buen Tiempo,Otro,Ciclista,Atropello,Ninguna,Faltante,Ninguna,Sin restricción
2018,177,2018-01-24,Miercoles,0,13:00:00,,0.0,2,"Automóvil,Moto/Ciclomotor",Av Freyre 3000,2,1,0,0,1,0,0,"-31.638805555556,-60.716361111111",Avenida,,SANTA FE,La Capital,Asfalto,No existe,I,S/D,Urbana,Ninguna,No existe,Recta,Bueno,Buena,Diurna,Buen Tiempo,Otro,S/D,Colisión,Ninguna,Faltante,Ninguna,Sin restricción
2018,178,2018-01-27,Sabado,0,20:00:00,,0.0,2,"Automóvil,Moto/Ciclomotor",Av Freyre Y Primera Junta,2,1,0,0,1,0,0,"-31.64509, -60.71819",Calle,,SANTA FE,La Capital,Asfalto,No existe,I,S/D,Urbana,Ninguna,Funciona,Intersección,Otro,Buena,Nocturna,Buen Tiempo,Otro,S/D,Colisión,Ninguna,Faltante,Ninguna,Sin restricción
2018,179,2018-02-07,Miercoles,0,16:00:00,,0.0,2,"Automóvil,Peatón",Vera 3143,2,1,0,0,1,0,0,"-31.642083333333,-60.712666666667",Calle,,SANTA FE,La Capital,Asfalto,No existe,I,S/D,Urbana,Ninguna,Funciona,Recta,Bueno,Buena,Atardecer,Buen Tiempo,Otro,Peatón,Atropello,Ninguna,Faltante,Ninguna,Sin restricción
2018,180,2018-01-01,Lunes,1,09:20:00,,0.0,3,"Moto/Ciclomotor,Automóvil,Automóvil",Av Urquiza Y Salta,3,1,0,0,2,0,0,"-31.648972222222,-60.714055555556",Calle,,SANTA FE,La Capital,Asfalto,No existe,I,S/D,Urbana,Policía de tránsito,No existe,Intersección,Bueno,Buena,Diurna,Buen Tiempo,Otro,S/D,Colisión,Ninguna,Faltante,Ninguna,Sin restricción
2018,181,2018-02-04,Domingo,0,01:10:00,,0.0,2,"Moto/Ciclomotor,Automóvil",Av J J Paso Y San Lorenzo,2,1,0,0,1,0,0,"-31.661611111111,-60.722055555556",Calle,,SANTA FE,La Capital,S/D,No existe,I,Dentro,Urbana,Ninguna,No existe,Intersección,"Con baches,Deteriorada",Buena,Nocturna,Buen Tiempo,Lateral,S/D,Colisión,S/D,Faltante,Ninguna,Sin restricción
2018,182,2018-01-20,Sabado,0,13:00:00,,0.0,2,"Automóvil,Automóvil",Tucuman Y 1ro de Mayo,2,1,0,0,1,0,0,"-31.645861111111,-60.710472222222",Calle,,SANTA FE,La Capital,Asfalto,No existe,I,S/D,Urbana,Ninguna,Funciona,Intersección,Bueno,Buena,Diurna,Buen Tiempo,Otro,S/D,Colisión,Ninguna,Faltante,Ninguna,Sin restricción
2018,183,2018-01-18,Jueves,0,10:10:00,,0.0,2,"Automóvil,Automóvil",Av Pte Peron Y Salvador Caputo,2,1,0,0,1,0,0,"-31.63704, -60.71845",Calle,,SANTA FE,La Capital,Asfalto,No existe,I,S/D,Urbana,S/D,Funciona,Intersección,Bueno,Buena,Diurna,Otro,Otro,S/D,Colisión,Ninguna,Faltante,Ninguna,Sin restricción
2018,184,2018-02-08,Jueves,0,11:50:00,,0.0,2,"Moto/Ciclomotor,Peatón",Catamarca Y San Lorenzo,2,1,0,0,1,0,0,"-31.642555555556,-60.716361111111",Calle,,SANTA FE,La Capital,Asfalto,No existe,I,S/D,Urbana,Ninguna,Funciona,Intersección,Bueno,Buena,Diurna,Otro,Otro,Peatón,Atropello,Ninguna,Vertical,Ninguna,Sin restricción
2018,185,2018-01-29,Lunes,0,09:00:00,,0.0,2,"Automóvil,Bicicleta",Santiago del Estero Y Francia,2,1,0,0,1,0,0,"-31.636083333333,-60.711888888889",Calle,,SANTA FE,La Capital,Asfalto,No existe,I,S/D,Urbana,Ninguna,Funciona,Intersección,Bueno,Buena,Diurna,Buen Tiempo,Otro,Ciclista,Atropello,Ninguna,Faltante,Ninguna,Sin restricción
2018,186,2018-02-15,Jueves,0,13:00:00,,0.0,2,"Moto/Ciclomotor,Pickup/Utilitario",Bolivar Y Francisco Tarragona,2,1,0,0,1,0,0,"-31.665694444444,-60.721861111111",Calle,,SANTA FE,La Capital,Asfalto,S/D,I,Dentro,Urbana,Ninguna,No existe,Recta,Bueno,Buena,Diurna,Buen Tiempo,Frontal,S/D,Colisión,Ninguna,S/D,Ninguna,Sin restricción
2018,187,2018-02-08,Jueves,0,18:45:00,,0.0,2,"Automóvil,Moto/Ciclomotor",Bv Pellegrini 3500,2,1,0,0,1,0,0,"-31.632944444444,-60.715",Calle,,SANTA FE,La Capital,Asfalto,No existe,I,S/D,Urbana,Ninguna,Funciona,Recta,Bueno,Buena,Atardecer,Buen Tiempo,S/D,S/D,Colisión,Ninguna,Faltante,Ninguna,Sin restricción
2018,188,2018-01-26,Viernes,0,09:00:00,,0.0,2,"Automóvil,Moto/Ciclomotor",Naciones Unidas Y Juan Diaz de Solis,2,1,0,0,1,0,0,"-31.63421, -60.72403",Calle,,SANTA FE,La Capital,Asfalto,No existe,I,Dentro,Urbana,Ninguna,No existe,Intersección,Bueno,Buena,Diurna,Buen Tiempo,De alcance,S/D,Colisión,Ninguna,Faltante,Ninguna,Sin restricción
2018,189,2018-01-24,Miercoles,0,09:50:00,,0.0,2,"Transporte de Pasajeros Urbano (> 8 asientos),Automóvil",Naciones Unidas Y Bv Pellegrini,3,1,0,0,2,0,0,"-31.632,-60.720388888889",Avenida,,SANTA FE,La Capital,Hormigón,Pavimento,I,S/D,Urbana,Ninguna,No existe,Curva,Bueno,Buena,Diurna,Buen Tiempo,De alcance,S/D,Colisión,Ninguna,Faltante,Ninguna,Sin restricción
2018,190,2018-02-08,Jueves,0,20:40:00,,0.0,2,"Automóvil,Automóvil",Bv Pellegrini 3500,2,1,0,0,1,0,0,"-31.632944444444,-60.715",Calle,,SANTA FE,La Capital,Asfalto,No existe,I,S/D,Urbana,Ninguna,Funciona,Recta,Bueno,Buena,Nocturna,Buen Tiempo,Otro,S/D,Colisión,Ninguna,Faltante,Ninguna,Sin restricción
2018,191,2018-01-22,Lunes,0,19:00:00,,0.0,2,"Automóvil,Moto/Ciclomotor",Juan Diaz de Solis Y Salvador Caputo,3,2,0,0,1,0,0,"-31.635972222222,-60.724388888889",Calle,,SANTA FE,La Capital,Hormigón,No existe,I,Dentro,Urbana,Ninguna,No existe,Intersección,"Bueno,Con baches",Reducida,Atardecer,Buen Tiempo,Frontal,S/D,Colisión,Ninguna,Faltante,Ninguna,Sin restricción