anio_acci,nro_acci,fecha,desc_dia,fecha_aprox,hora_aprox,desc_ruta,km,cant_participantes,desc_participante,calle_avenida_km,total,heridos_leves,heridos_graves,heridos_gravisimos,ilesos,fallecidos,sin_datos,posicion_XY,desc_tipo_via,desc_ruta_ori,desc_loc,desc_dpto,desc_tipo_calzada,desc_tipo_banquina,desc_unidad_regional,desc_lugar_calzada,desc_zona,desc_prioridad,desc_estado_semaforo,desc_lugar_via,desc_estado_via,desc_estado_visibilidad,desc_luminosidad,desc_estado_clima,desc_tipo_colision,desc_tipo_atropello,desc_tipo_hecho,desc_pres_calzada,desc_senializacion,desc_separacion_via,desc_restriccion
2018,192,2018-02-11,Domingo,0,18:40:00,,0.0,3,"Moto/Ciclomotor,Automóvil,Automóvil",Salta Y San Jose,4,2,0,0,2,0,0,"-31.647138888889,-60.723222222222",Calle,,SANTA FE,La Capital,Asfalto,No existe,I,S/D,Urbana,Ninguna,Funciona,Intersección,Bueno,Buena,Atardecer,Buen Tiempo,Otro,S/D,Colisión,Ninguna,Faltante,Ninguna,Sin restricción
2018,193,2018-01-05,Viernes,0,09:40:00,,0.0,1,Automóvil,Av A del Valle Y Domingo Silva,2,1,0,0,1,0,0,"-31.631083333333,-60.701194444444",Calle,,SANTA FE,La Capital,Asfalto,Pavimento,I,Fuera,Urbana,S/D,S/D,Recta,S/D,S/D,Diurna,S/D,Contra objeto fijo,S/D,Colisión,S/D,S/D,Ninguna,S/D
2018,194,2018-01-08,Lunes,0,12:00:00,,0.0,2,"Automóvil,Pickup/Utilitario",9 de Julio Y Pedro Diaz Colodrero,4,1,0,0,3,0,0,"-31.624978, -60.702940",Calle,,SANTA FE,La Capital,Asfalto,Pavimento,I,Dentro,Urbana,S/D,No existe,Intersección,S/D,S/D,Diurna,S/D,S/D,S/D,Colisión,S/D,S/D,Ninguna,S/D
2018,195,2018-02-16,Viernes,0,08:00:00,Ruta Nacional A007,0.0,2,"Moto/Ciclomotor,Tracción animal / Carro",Av Circunvalaci?n Y Intendente Manuel Irigoyen,2,1,0,0,1,0,0,"-31.664055555556,-60.733722222222",Ruta,A007,SANTA FE,La Capital,Asfalto,S/D,I,S/D,Urbana,Ninguna,No existe,Rotonda,Bueno,Buena,Diurna,Buen Tiempo,S/D,S/D,S/D,Ninguna,S/D,S/D,Sin restricción
2018,196,2018-02-12,Lunes,0,04:30:00,,0.0,2,"Moto/Ciclomotor,Automóvil",Santiago de Chile Y La Rioja,2,1,0,0,1,0,0,"-31.64125,-60.722888888889",Calle,,SANTA FE,La Capital,Asfalto,No existe,I,S/D,Urbana,Ninguna,Funciona,Intersección,Otro,Buena,Amanecer,Buen Tiempo,Otro,S/D,Colisión,Ninguna,Faltante,Ninguna,Sin restricción
2018,197,2018-01-09,Martes,0,19:30:00,,0.0,2,"Moto/Ciclomotor,Automóvil",Av A del Valle Y Espora,2,1,0,0,1,0,0,"-31.604,-60.692222222222",Calle,,SANTA FE,La Capital,Asfalto,Pavimento,I,Dentro,Urbana,S/D,No existe,Intersección,S/D,S/D,S/D,S/D,S/D,S/D,Colisión,S/D,Vertical,"Cordón divisorio,Vegetación",S/D
2018,198,2018-01-11,Jueves,0,09:15:00,,0.0,2,"Peatón,Moto/Ciclomotor",Vieytes 2700,2,1,0,0,1,0,0,"-31.602444444444,-60.695055555556",Calle,,SANTA FE,La Capital,Asfalto,Pavimento,I,Dentro,Urbana,S/D,No existe,Recta,S/D,S/D,S/D,S/D,S/D,Peatón,Atropello,S/D,S/D,S/D,S/D
2018,199,2018-01-12,Viernes,0,20:30:00,,0.0,2,"Moto/Ciclomotor,Automóvil",Av Facundo Zuviria Y Espora,2,1,0,0,1,0,0,"-31.601930, -60.701959",Calle,,SANTA FE,La Capital,Asfalto,Pavimento,I,Dentro,Urbana,S/D,No existe,Intersección,S/D,S/D,Atardecer,S/D,S/D,S/D,Colisión,S/D,Horizontal,S/D,S/D
2018,200,2018-02-14,Miercoles,0,00:35:00,,0.0,2,"Moto/Ciclomotor,Moto/Ciclomotor",Av Freyre Y Junin,3,2,0,0,1,0,0,"-31.636305555556,-60.715972222222",Calle,,SANTA FE,La Capital,Asfalto,No existe,I,S/D,Urbana,Ninguna,Funciona,Intersección,Bueno,Buena,Diurna,Buen Tiempo,Otro,S/D,Colisión,Ninguna,Horizontal,Ninguna,Sin restricción
2018,201,2018-01-13,Sabado,0,12:20:00,,0.0,2,"Bicicleta,Automóvil",9 de Julio Y Angel Cassanello,2,1,0,0,1,0,0,"-31.608527777778,-60.698111111111",Calle,,SANTA FE,La Capital,Asfalto,Pavimento,I,Dentro,Urbana,S/D,No existe,Intersección,S/D,S/D,Diurna,S/D,S/D,Ciclista,Atropello,S/D,Vertical,Ninguna,S/D
2018,202,2018-01-06,Sabado,0,18:00:00,Ruta Nacional 178,202.0,2,"Moto/Ciclomotor,Automóvil",Av A y L Dickinson ruta 178 Y Las Heras,4,3,0,0,1,0,0,"-32.468916666667,-61.586916666667",Ruta,178,LAS ROSAS,Belgrano,Asfalto,Ripio,III,S/D,Urbana,Ninguna,No existe,Recta,Bueno,Buena,Diurna,Buen Tiempo,De alcance,S/D,Atropello,Ninguna,Faltante,Ninguna,Sin restricción
2018,203,2018-01-15,Lunes,0,11:50:00,,0.0,2,"Moto/Ciclomotor,Automóvil",Av A del Valle Y J P Lopez,2,1,0,0,1,0,0,"-31.608527777778,-60.693722222222",Avenida,,SANTA FE,La Capital,Asfalto,Pavimento,I,Dentro,Urbana,S/D,Funciona,Intersección,S/D,S/D,S/D,S/D,S/D,S/D,Colisión,S/D,"Horizontal,Vertical",Línea divisoria pintada,S/D
2018,204,2018-01-16,Martes,0,12:30:00,,0.0,2,"Moto/Ciclomotor,Automóvil",Vieytes Y Pje Ingenieros,2,1,0,0,1,0,0,"-31.60175,-60.698194444444",Calle,,SANTA FE,La Capital,Asfalto,Pavimento,I,Dentro,Urbana,S/D,No existe,Intersección,S/D,S/D,Diurna,S/D,S/D,S/D,Colisión,S/D,Vertical,Ninguna,S/D
2018,205,2018-02-16,Viernes,0,10:00:00,,0.0,2,"Moto/Ciclomotor,Automóvil",Av Circunvalaci?n Y Intendente Manuel Irigoyen,2,1,0,0,1,0,0,"-31.664055555556,-60.733722222222",Avenida,,SANTA FE,La Capital,Asfalto,S/D,I,S/D,Urbana,Ninguna,No existe,Rotonda,Bueno,Buena,Diurna,Buen Tiempo,Frontal,S/D,Colisión,S/D,S/D,Ninguna,Sin restricción
2018,206,2018-01-13,Sabado,0,18:35:00,,0.0,2,"Bicicleta,Automóvil",Maipu Y Paso de los Andes,2,1,0,0,1,0,0,"-32.46275,-61.576583333333",Calle,,LAS ROSAS,Belgrano,Asfalto,No existe,III,Dentro,Urbana,Ninguna,No existe,Recta,Bueno,Buena,Diurna,Buen Tiempo,Contra objeto fijo,S/D,Colisión,Ninguna,Faltante,Ninguna,Sin restricción
2018,207,2018-01-16,Martes,0,14:00:00,,0.0,2,"Moto/Ciclomotor,Automóvil",Av Facundo Zuviria Y Pedro Ferre,2,1,0,0,1,0,0,"-31.625416666667,-60.705138888889",Avenida,,SANTA FE,La Capital,Asfalto,Pavimento,I,S/D,Urbana,S/D,Funciona,Intersección,S/D,S/D,Diurna,S/D,S/D,S/D,Colisión,S/D,"Horizontal,Vertical",Cordón divisorio,S/D
2018,208,2018-02-14,Miercoles,0,07:40:00,,0.0,2,"Automóvil,Moto/Ciclomotor",Av Urquiza Y Primera Junta,2,1,0,0,1,0,0,"-31.646305555556,-60.713277777778",Calle,,SANTA FE,La Capital,Asfalto,No existe,I,S/D,Urbana,Ninguna,Funciona,Intersección,Bueno,Buena,Amanecer,Buen Tiempo,Otro,S/D,Colisión,Ninguna,Faltante,Ninguna,Sin restricción
2018,209,2018-01-17,Miercoles,0,11:50:00,,0.0,3,"Peatón,Moto/Ciclomotor,Automóvil",San Martin Y Juan Del Campillo,3,2,0,0,1,0,0,"-31.63,-60.701666666667",Calle,,SANTA FE,La Capital,Asfalto,Pavimento,I,Dentro,Urbana,S/D,No existe,Intersección,S/D,S/D,Diurna,S/D,S/D,Peatón,Atropello,S/D,Vertical,Ninguna,S/D
2018,210,2018-01-20,Sabado,1,06:30:00,,0.0,1,Moto/Ciclomotor,Calle 13 Y Avenida 18,1,0,1,0,0,0,0,"-32.683333960963, -61.517923507345",Avenida,,LAS PAREJAS,Belgrano,Asfalto,No existe,III,Dentro,Urbana,Ninguna,No existe,Recta,Bueno,Buena,Diurna,Buen Tiempo,Contra objeto fijo,S/D,Colisión,Ninguna,Vertical,Ninguna,Sin restricción
2018,211,2018-01-18,Jueves,0,22:00:00,,0.0,2,"Bicicleta,Moto/Ciclomotor",Domingo Silva Y Pje Bustamante,2,1,0,0,1,0,0,"-31.630472222222,-60.704055555556",Calle,,SANTA FE,La Capital,Asfalto,Pavimento,I,Dentro,Urbana,S/D,No existe,Intersección,S/D,S/D,"Nocturna,Con luz artificial",S/D,S/D,Ciclista,Atropello,S/D,S/D,Ninguna,S/D
2018,212,2018-02-14,Miercoles,0,,,0.0,2,"Automóvil,Moto/Ciclomotor",Francia Y La Rioja,2,1,0,0,1,0,0,"-31.643861111111,-60.713944444444",Calle,,SANTA FE,La Capital,Asfalto,No existe,I,S/D,Urbana,Ninguna,Funciona,Intersección,Bueno,Buena,S/D,Buen Tiempo,Otro,S/D,Colisión,Ninguna,Faltante,Ninguna,Sin restricción
2018,213,2018-01-24,Miercoles,0,18:00:00,,0.0,2,"Moto/Ciclomotor,Automóvil",San Jeronimo Y Quintana,3,2,0,0,1,0,0,"-31.622472222222,-60.700916666667",Calle,,SANTA FE,La Capital,Asfalto,Pavimento,I,Dentro,Urbana,S/D,No existe,Intersección,S/D,S/D,Diurna,S/D,S/D,S/D,Colisión,S/D,Vertical,Ninguna,S/D
2018,214,2018-01-29,Lunes,0,23:45:00,Ruta Nacional 178,177.0,2,"Moto/Ciclomotor,Automóvil",Calle 11 Y Ruta 178,2,0,1,0,1,0,0,"-32.686741556969, -61.523597411468",Ruta,178,LAS PAREJAS,Belgrano,Asfalto,Ripio,III,Dentro,Urbana,Ninguna,No existe,Intersección,Bueno,Buena,Nocturna,Buen Tiempo,Lateral,S/D,Colisión,Ninguna,S/D,Ninguna,Sin restricción
2018,215,2018-01-24,Miercoles,0,,,0.0,2,"Moto/Ciclomotor,Pickup/Utilitario",Av A del Valle Y Alberti,2,1,0,0,1,0,0,"-31.602166666667,-60.691777777778",Avenida,,SANTA FE,La Capital,Asfalto,Pavimento,I,Dentro,Urbana,S/D,No existe,Intersección,S/D,S/D,S/D,S/D,S/D,S/D,Colisión,S/D,Vertical,"Cordón divisorio,Vegetación",S/D
2018,216,2018-02-22,Jueves,0,12:20:00,,0.0,2,"Moto/Ciclomotor,Pickup/Utilitario",Zavalia 342,2,1,0,0,1,0,0,"-31.668611111111,-60.726333333333",Calle,,SANTA FE,La Capital,Asfalto,S/D,I,S/D,Urbana,Ninguna,S/D,Recta,Bueno,Buena,Diurna,Buen Tiempo,De alcance,S/D,Colisión,Ninguna,S/D,Ninguna,Sin restricción
2018,217,2018-02-14,Miercoles,0,16:20:00,,0.0,2,"Bicicleta,Automóvil", ,2,1,0,0,1,0,0,"-31.626269,-60.692257",Calle,,SANTA FE,La Capital,Asfalto,No existe,I,S/D,Urbana,Ninguna,Funciona,S/D,Bueno,Buena,Atardecer,Buen Tiempo,Otro,Ciclista,Atropello,Ninguna,Faltante,Ninguna,Sin restricción
2018,218,2018-01-26,Viernes,0,00:05:00,,0.0,2,"Moto/Ciclomotor,Taxi/Remis",Av Facundo Zuviria Y Juan Del Campillo,2,0,1,0,1,0,0,"-31.629333333333,-60.704916666667",Avenida,,SANTA FE,La Capital,Asfalto,Pavimento,I,Dentro,Urbana,S/D,Intermitente,Intersección,S/D,S/D,"Nocturna,Con luz artificial",S/D,S/D,S/D,Colisión,S/D,Vertical,S/D,S/D
2018,219,2018-01-27,Sabado,0,18:15:00,,0.0,2,"Moto/Ciclomotor,Automóvil",Estanislao Zeballos Y 1ro de Mayo,2,1,0,0,1,0,0,"-31.604666666667,-60.698222222222",Calle,,SANTA FE,La Capital,Asfalto,Pavimento,I,Dentro,Urbana,S/D,Funciona,Intersección,S/D,S/D,Diurna,S/D,S/D,S/D,Colisión,S/D,Vertical,Ninguna,S/D
2018,220,2018-02-14,Miercoles,0,21:00:00,,0.0,2,"Automóvil,Moto/Ciclomotor",Mariano Comas Y Av Lopez y Planes,2,1,0,0,1,0,0,"-31.630444444444,-60.713777777778",Calle,,SANTA FE,La Capital,Asfalto,No existe,I,S/D,Urbana,Ninguna,Funciona,Intersección,Bueno,Buena,Nocturna,Buen Tiempo,Otro,S/D,Colisión,Ninguna,Faltante,Ninguna,Sin restricción
2018,221,2018-01-18,Jueves,0,21:00:00,Ruta Provincial 15,176.0,1,Automóvil, ,5,5,0,0,0,0,0,"-32.8178, -61.62529",Ruta,15,ARMSTRONG,Belgrano,Asfalto,Natural,III,Fuera,Rural,Ninguna,No existe,Recta,Bueno,Buena,Atardecer,Buen Tiempo,Otro,S/D,"Vuelco,Despiste",Ninguna,Horizontal,Ninguna,Sin restricción
2018,222,2018-01-28,Domingo,0,17:10:00,,0.0,2,"Moto/Ciclomotor,Automóvil",Pedro Alejandro Vittori Y Juan Del Campillo,2,1,0,0,1,0,0,"-31.630527777778,-60.699333333333",Calle,,SANTA FE,La Capital,Asfalto,Pavimento,I,Dentro,Urbana,S/D,No existe,Intersección,S/D,S/D,Diurna,S/D,S/D,S/D,Colisión,S/D,Vertical,Ninguna,S/D
2018,223,2018-01-26,Viernes,0,03:30:00,,0.0,2,"Moto/Ciclomotor,Automóvil",Av A del Valle Y Estanislao Zeballos,2,1,0,0,1,0,0,"-31.605861111111,-60.692888888889",Avenida,,SANTA FE,La Capital,Asfalto,Pavimento,I,Dentro,Urbana,S/D,Funciona,Intersección,S/D,S/D,"Nocturna,Con luz artificial",S/D,S/D,S/D,Colisión,S/D,S/D,Cordón divisorio,S/D
2018,224,2018-02-14,Miercoles,0,21:00:00,,0.0,2,"Moto/Ciclomotor,Bicicleta",Lamadrid Y Primera Junta,3,2,0,0,1,0,0,"-31.642384,-60.727649",Calle,,SANTA FE,La Capital,Asfalto,S/D,I,S/D,Urbana,Ninguna,S/D,Intersección,Bueno,Buena,Nocturna,Buen Tiempo,Lateral,Ciclista,Atropello,Ninguna,Faltante,Ninguna,Sin restricción
2018,225,2018-01-26,Viernes,0,16:30:00,,0.0,2,"Taxi/Remis,Pickup/Utilitario",Av A del Valle Y J M Zuviria,3,1,0,0,2,0,0,"-31.617305555556,-60.697972222222",Avenida,,SANTA FE,La Capital,Asfalto,Pavimento,I,Dentro,Urbana,S/D,Funciona,Intersección,S/D,S/D,Diurna,S/D,S/D,S/D,Colisión,S/D,Vertical,"Cordón divisorio,Vegetación",S/D
2018,226,2018-02-28,Miercoles,0,18:10:00,,0.0,2,"Moto/Ciclomotor,Pickup/Utilitario",Av Circunvalaci?n Y Intendente Manuel Irigoyen,3,1,0,0,2,0,0,"-31.664055555556,-60.733722222222",S/D,,SANTA FE,La Capital,Asfalto,S/D,I,S/D,Urbana,Ninguna,No existe,Rotonda,Bueno,Buena,Atardecer,Buen Tiempo,Frontal,S/D,Colisión,Ninguna,S/D,Ninguna,Sin restricción
2018,227,2018-01-13,Sabado,0,12:00:00,Autopista Nacional Rosario -Cordoba,0.0,1,Automóvil,AUTOPISTA 9 Y MANO ROSARIO A CORDOBA,2,0,1,0,1,0,0,"-32.775976214924, -61.593251494519",Autopista,Rosario -Córdoba,ARMSTRONG,Belgrano,Asfalto,Natural,III,Fuera,Rural,Otra Señal,No existe,Recta,Bueno,Buena,Diurna,Buen Tiempo,Contra objeto fijo,S/D,Despiste,Ninguna,"Horizontal,Vertical","Guardarrail,Vegetación",Sin restricción
2018,228,2018-01-29,Lunes,0,02:00:00,,0.0,2,"Moto/Ciclomotor,Automóvil",Av Facundo Zuviria Y Estanislao Zeballos,2,1,0,0,1,0,0,"-31.603722222222,-60.702666666667",Avenida,,SANTA FE,La Capital,Asfalto,Pavimento,I,Dentro,Urbana,S/D,S/D,Intersección,S/D,S/D,Con luz artificial,S/D,S/D,S/D,Colisión,S/D,Vertical,Cordón divisorio,S/D
2018,229,2018-01-30,Martes,0,07:20:00,,0.0,2,"Moto/Ciclomotor,Automóvil",Av A del Valle Y Domingo Silva,2,1,0,0,1,0,0,"-31.631083333333,-60.701194444444",Avenida,,SANTA FE,La Capital,Asfalto,Pavimento,I,Dentro,Urbana,S/D,No existe,Intersección,S/D,S/D,S/D,S/D,S/D,S/D,Colisión,S/D,Vertical,"Cordón divisorio,Vegetación",S/D
2018,230,2018-02-16,Viernes,0,16:40:00,,0.0,2,"Moto/Ciclomotor,Automóvil",Av Freyre Y Gdor Crespo,3,2,0,0,1,0,0,"-31.638805555556,-60.716388888889",Calle,,SANTA FE,La Capital,Asfalto,S/D,I,S/D,Urbana,Ninguna,S/D,Intersección,Bueno,S/D,S/D,Buen Tiempo,Lateral,S/D,Colisión,Ninguna,Vertical,Ninguna,Sin restricción
2018,231,2018-01-24,Miercoles,0,03:15:00,Autopista Nacional Rosario -Cordoba,393.0,2,"Camión c / Semirremolque,Camión c / Acoplado", ,2,1,0,0,1,0,0,"-32.772970397125, -61.610472771700",Autopista,Rosario -Córdoba,TORTUGAS,Belgrano,Asfalto,Pavimento,III,Dentro,Rural,Marca Vial,No existe,Recta,Bueno,Buena,Nocturna,Buen Tiempo,De alcance,S/D,Colisión,Ninguna,Horizontal,Vegetación,Sin restricción
2018,232,2018-02-16,Viernes,0,19:00:00,,0.0,2,"Moto/Ciclomotor,Automóvil",Francia 2335,2,1,0,0,1,0,0,"-31.646722222222,-60.714805555556",Calle,,SANTA FE,La Capital,Asfalto,No existe,I,S/D,Urbana,Ninguna,No existe,Recta,Bueno,Buena,Atardecer,Buen Tiempo,Lateral,S/D,Colisión,Ninguna,Vertical,Ninguna,Sin restricción
2018,233,2018-01-13,Sabado,0,08:05:00,Autopista Nacional Rosario -Cordoba,396.0,2,"Pickup/Utilitario,Automóvil",AUTOPISTA 9 ,8,5,0,0,3,0,0,"-32.739275615630, -61.805775886564",Autopista,Rosario -Córdoba,TORTUGAS,Belgrano,Asfalto,Pavimento,III,Dentro,Rural,Marca Vial,No existe,Recta,Bueno,Buena,Diurna,Buen Tiempo,De alcance,S/D,Colisión,Ninguna,Horizontal,Vegetación,Sin restricción
2018,234,2018-02-22,Jueves,0,12:50:00,,0.0,2,"Automóvil,Moto/Ciclomotor",3 de Febrero Y San Lorenzo,2,0,1,0,1,0,0,"-31.656361111111,-60.720472222222",Calle,,SANTA FE,La Capital,Asfalto,No existe,I,S/D,Urbana,Ninguna,No existe,Intersección,Bueno,Buena,Diurna,Buen Tiempo,Lateral,S/D,Colisión,Ninguna,Faltante,Ninguna,Sin restricción
2018,235,2018-02-03,Sabado,0,20:30:00,,0.0,2,"Camión Chasis,Moto/Ciclomotor",Entre Rios Y San Jose,2,1,0,0,1,0,0,"-31.657333333333,-60.726277777778",Calle,,SANTA FE,La Capital,Asfalto,No existe,I,Dentro,Urbana,Ninguna,No existe,Intersección,Bueno,Buena,Nocturna,Buen Tiempo,Lateral,S/D,Colisión,S/D,Faltante,S/D,Sin restricción
2018,236,2018-02-17,Sabado,0,10:50:00,,0.0,2,"Bicicleta,Automóvil",Obispo Gelabert ,2,1,0,0,1,0,0,"-31.635374,-60.710204",Calle,,SANTA FE,La Capital,Asfalto,No existe,I,S/D,Urbana,Ninguna,No existe,Intersección,Bueno,Buena,Diurna,Buen Tiempo,S/D,Ciclista,Atropello,Ninguna,Vertical,Ninguna,Sin restricción
2018,237,2018-02-19,Lunes,0,12:00:00,,0.0,2,"Moto/Ciclomotor,Automóvil",Francia Y La Rioja,2,1,0,0,1,0,0,"-31.643861111111,-60.713944444444",Calle,,SANTA FE,La Capital,Asfalto,No existe,I,S/D,Urbana,Ninguna,No existe,Intersección,Bueno,Buena,Diurna,Buen Tiempo,Lateral,S/D,Colisión,Ninguna,Vertical,Ninguna,Sin restricción
2018,238,2018-02-03,Sabado,0,20:40:00,,0.0,2,"Moto/Ciclomotor,Moto/Ciclomotor",Av A del Valle Y French,4,4,0,0,0,0,0,"-31.592416666667,-60.691944444444",Avenida,,SANTA FE,La Capital,Asfalto,No existe,I,Dentro,Urbana,Ninguna,No existe,Intersección,Bueno,Buena,Con luz artificial,Otro,Lateral,S/D,Colisión,Ninguna,Vertical,Ninguna,Sin restricción
2018,239,2018-02-19,Lunes,0,18:10:00,,0.0,2,"Moto/Ciclomotor,Automóvil", ,2,1,0,0,1,0,0,"-31.635374,-60.710204",S/D,,SANTA FE,La Capital,S/D,S/D,I,S/D,S/D,S/D,S/D,S/D,S/D,S/D,S/D,S/D,S/D,S/D,S/D,S/D,S/D,S/D,S/D
2018,240,2018-02-08,Jueves,0,21:00:00,,0.0,2,"Moto/Ciclomotor,Automóvil",Av A del Valle Y Callej?n El Sable,2,1,0,0,1,0,0,"-31.580194444444,-60.689138888889",Avenida,,SANTA FE,La Capital,Asfalto,No existe,I,Dentro,Urbana,Ninguna,No existe,Intersección,Con baches,Reducida,Con luz artificial,Otro,Lateral,S/D,Colisión,Ninguna,Faltante,Ninguna,Sin restricción
2018,241,2018-02-20,Martes,0,17:15:00,,0.0,2,"Automóvil,Automóvil",Alfonso Duran Y Lamadrid,3,1,0,0,2,0,0,"-31.642638888889,-60.727555555556",Calle,,SANTA FE,La Capital,Asfalto,No existe,I,S/D,Urbana,Ninguna,No existe,Intersección,Bueno,Buena,Atardecer,Buen Tiempo,Lateral,S/D,Colisión,Ninguna,Vertical,Ninguna,Sin restricción
2018,242,2018-02-09,Viernes,0,09:30:00,,0.0,2,"Moto/Ciclomotor,Automóvil",Av A del Valle Y Crucero Gral. Belgrano,2,1,0,0,1,0,0,"-31.587083333333,-60.691305555556",Avenida,,SANTA FE,La Capital,Asfalto,No existe,I,Dentro,Urbana,Ninguna,No existe,Intersección,Con baches,Reducida,Diurna,Otro,Lateral,S/D,Colisión,Ninguna,Vertical,Ninguna,Sin restricción
2018,243,2018-02-17,Sabado,0,21:00:00,,0.0,2,"Moto/Ciclomotor,Automóvil",French Y Rivadavia,4,3,0,0,1,0,0,"-31.593194444444,-60.6885",Avenida,,SANTA FE,La Capital,Asfalto,No existe,I,S/D,Urbana,Ninguna,No existe,Intersección,Con baches,Reducida,Nocturna,Otro,"Lateral,Múltiple",S/D,Colisión,Ninguna,Faltante,Ninguna,Sin restricción
2018,244,2018-02-21,Miercoles,0,18:00:00,,0.0,2,"Moto/Ciclomotor,Automóvil",Dr Zavalla Y Primera Junta,2,1,0,0,1,0,0,"-31.644405,-60.719424",Calle,,SANTA FE,La Capital,S/D,No existe,I,S/D,Urbana,Ninguna,No existe,Curva,Bueno,Buena,Atardecer,Buen Tiempo,Lateral,S/D,Colisión,Ninguna,Vertical,Ninguna,Sin restricción
2018,245,2018-02-20,Martes,0,20:30:00,,0.0,2,"Moto/Ciclomotor,Pickup/Utilitario",Av A del Valle Y Los Nogales,2,0,1,0,1,0,0,"-31.571305555556,-60.690083333333",Avenida,,SANTA FE,La Capital,Asfalto,No existe,I,Dentro,Urbana,Ninguna,No existe,Intersección,Bueno,Reducida,Con luz artificial,Otro,Lateral,S/D,Colisión,Ninguna,Faltante,Ninguna,Sin restricción
2018,246,2018-02-21,Miercoles,0,15:00:00,,0.0,2,"Automóvil,Moto/Ciclomotor",Salvador Caputo Y Eva Peron,3,2,0,0,1,0,0,"-31.636833333333,-60.718361111111",Calle,,SANTA FE,La Capital,Asfalto,No existe,I,S/D,Urbana,Ninguna,No existe,Intersección,Bueno,Buena,Diurna,Buen Tiempo,Lateral,S/D,Colisión,Ninguna,Vertical,Ninguna,Sin restricción
2018,247,2018-02-24,Sabado,0,05:30:00,,0.0,2,"Moto/Ciclomotor,Cuatriciclo",Av A del Valle Y French,2,1,0,0,1,0,0,"-31.592416666667,-60.691944444444",Avenida,,SANTA FE,La Capital,Asfalto,No existe,I,Dentro,Urbana,Ninguna,No existe,Intersección,Bueno,Reducida,Nocturna,Otro,Lateral,S/D,Colisión,Ninguna,Vertical,Ninguna,Sin restricción
2018,248,2018-02-22,Jueves,0,07:40:00,,0.0,2,"Automóvil,Moto/Ciclomotor",Bv Pellegrini Y Av Pte Peron,2,1,0,0,1,0,0,"-31.632388888889,-60.717388888889",Calle,,SANTA FE,La Capital,Asfalto,No existe,I,S/D,Urbana,Ninguna,No existe,Intersección,Bueno,Buena,Diurna,Buen Tiempo,Lateral,S/D,Colisión,Ninguna,Vertical,Ninguna,Sin restricción
2018,249,2018-02-06,Martes,0,20:45:00,,0.0,2,"Automóvil,Moto/Ciclomotor",Cordoba Y San Jeronimo,3,2,0,0,1,0,0,"-31.627888888889,-60.702527777778",Calle,,SANTA FE,La Capital,Asfalto,S/D,I,Dentro,Urbana,Otra Señal,No existe,Intersección,Bueno,Buena,"Atardecer,Con luz artificial",Buen Tiempo,S/D,S/D,Colisión,Ninguna,Horizontal,Ninguna,Accidente Previo
2018,250,2018-02-02,Viernes,0,09:30:00,,0.0,1,Moto/Ciclomotor,Gorriti 3467,1,1,0,0,0,0,0,"-31.588361111111,-60.701583333333",Avenida,,SANTA FE,La Capital,Asfalto,Pavimento,I,S/D,Urbana,S/D,No existe,Recta,Bueno,Buena,Diurna,Buen Tiempo,Lateral,S/D,Despiste,S/D,Faltante,S/D,S/D
2018,251,2018-02-27,Martes,0,19:30:00,,0.0,2,"Moto/Ciclomotor,Automóvil",Av A del Valle Y Martin Zapata,2,1,0,0,1,0,0,"-31.620055555556,-60.698527777778",Calle,,SANTA FE,La Capital,Asfalto,Pavimento,I,S/D,Urbana,Semáforo,Funciona,Intersección,Bueno,Buena,Diurna,Buen Tiempo,S/D,S/D,Colisión,Ninguna,S/D,Ninguna,S/D
2018,252,2018-02-03,Sabado,0,19:00:00,,0.0,2,"Automóvil,Moto/Ciclomotor",Gorriti 3700,2,1,0,0,1,0,0,"-31.587722222222,-60.704611111111",Avenida,,SANTA FE,La Capital,Asfalto,Pavimento,I,S/D,Urbana,S/D,No existe,Curva,Bueno,Buena,"Nocturna,Con luz artificial",Buen Tiempo,Lateral,S/D,S/D,S/D,Faltante,S/D,S/D
2018,253,2018-02-09,Viernes,0,12:30:00,,0.0,2,"Bicicleta,Moto/Ciclomotor",Av Facundo Zuviria Y Boneo,2,1,0,0,1,0,0,"-31.602805555556,-60.702388888889",Calle,,SANTA FE,La Capital,Asfalto,S/D,I,S/D,Urbana,Semáforo,S/D,Intersección,Bueno,Buena,S/D,Buen Tiempo,Lateral,Ciclista,"Colisión,Atropello",S/D,Vertical,Ninguna,Accidente Previo
2018,254,2018-02-10,Sabado,0,01:20:00,,0.0,2,"Moto/Ciclomotor,Automóvil",Av A del Valle Y Estanislao Zeballos,2,1,0,0,1,0,0,"-31.605861111111,-60.692888888889",Calle,,SANTA FE,La Capital,Asfalto,S/D,I,S/D,Urbana,Semáforo,S/D,Intersección,Bueno,Buena,Nocturna,Buen Tiempo,Lateral,S/D,Colisión,S/D,Vertical,Ninguna,S/D