anio_acci,nro_acci,fecha,desc_dia,fecha_aprox,hora_aprox,desc_ruta,km,cant_participantes,desc_participante,calle_avenida_km,total,heridos_leves,heridos_graves,heridos_gravisimos,ilesos,fallecidos,sin_datos,posicion_XY,desc_tipo_via,desc_ruta_ori,desc_loc,desc_dpto,desc_tipo_calzada,desc_tipo_banquina,desc_unidad_regional,desc_lugar_calzada,desc_zona,desc_prioridad,desc_estado_semaforo,desc_lugar_via,desc_estado_via,desc_estado_visibilidad,desc_luminosidad,desc_estado_clima,desc_tipo_colision,desc_tipo_atropello,desc_tipo_hecho,desc_pres_calzada,desc_senializacion,desc_separacion_via,desc_restriccion
2018,255,2018-02-24,Sabado,0,18:30:00,,0.0,2,"Moto/Ciclomotor,Automóvil",Av Urquiza Y Vieytes,3,1,0,0,2,0,0,"-31.601305555556,-60.70025",Calle,,SANTA FE,La Capital,Asfalto,S/D,I,S/D,Urbana,S/D,S/D,Intersección,Bueno,S/D,S/D,Buen Tiempo,Lateral,S/D,Colisión,Ninguna,S/D,S/D,S/D
2018,256,2018-02-08,Jueves,0,14:00:00,,0.0,2,"Automóvil,Bicicleta",Av A del Valle Y French,2,1,0,0,1,0,0,"-31.592416666667,-60.691944444444",Avenida,,SANTA FE,La Capital,Asfalto,Pavimento,I,Dentro,Urbana,S/D,No funciona,Intersección,Bueno,Buena,Diurna,Buen Tiempo,Lateral,S/D,Colisión,S/D,Vertical,S/D,S/D
2018,257,2018-02-09,Viernes,0,10:20:00,,0.0,2,"Moto/Ciclomotor,Automóvil",Av A del Valle Y Lavaisse,4,3,0,0,1,0,0,"-31.612944444444,-60.695666666667",Calle,,SANTA FE,La Capital,Asfalto,Pavimento,I,S/D,Urbana,Semáforo,Funciona,Intersección,Bueno,Buena,Diurna,Buen Tiempo,Lateral,S/D,Colisión,S/D,S/D,S/D,S/D
2018,258,2018-02-12,Lunes,0,19:00:00,,0.0,2,"Moto/Ciclomotor,Otros",Gorriti Y Av Urquiza,2,1,0,0,1,0,0,"-31.589722222222,-60.696944444444",Avenida,,SANTA FE,La Capital,Asfalto,Pavimento,I,Dentro,Urbana,S/D,No existe,Intersección,Bueno,Buena,"Nocturna,Con luz artificial",Buen Tiempo,Lateral,S/D,Colisión,S/D,Faltante,S/D,S/D
2018,259,2018-02-23,Viernes,0,15:30:00,,0.0,2,"Moto/Ciclomotor,Moto/Ciclomotor",Estanislao Zeballos Y Av Facundo Zuviria,2,1,1,0,0,0,0,"-31.603722222222,-60.702666666667",Avenida,,SANTA FE,La Capital,Asfalto,No existe,I,S/D,Urbana,Semáforo,Funciona,Cruce,Bueno,Buena,Diurna,Buen Tiempo,Lateral,S/D,Colisión,Ninguna,Faltante,Ninguna,Sin restricción
2018,260,2018-02-14,Miercoles,0,11:45:00,,0.0,2,"Automóvil,Moto/Ciclomotor",Gorriti Y San Jose,2,1,0,0,1,0,0,"-31.587611111111,-60.705972222222",Avenida,,SANTA FE,La Capital,Asfalto,Pavimento,I,Dentro,Urbana,S/D,No existe,Intersección,Bueno,Buena,Diurna,Buen Tiempo,Lateral,S/D,Colisión,S/D,Faltante,S/D,S/D
2018,261,2018-02-20,Martes,0,17:35:00,,0.0,2,"Automóvil,Moto/Ciclomotor",Pavon Y 9 de Julio,2,1,0,0,1,0,0,"-31.595805555556,-60.694388888889",Calle,,SANTA FE,La Capital,"Tierra,Ripio",Natural,I,S/D,Urbana,S/D,No existe,Intersección,Deteriorada,Buena,Diurna,Buen Tiempo,Lateral,S/D,Colisión,Material Suelto,Faltante,S/D,S/D
2018,262,2018-02-26,Lunes,0,09:30:00,,0.0,2,"Pickup/Utilitario,Moto/Ciclomotor",San Jeronimo Y Martin Zapata,2,1,0,0,1,0,0,"-31.619722222222,-60.700111111111",Calle,,SANTA FE,La Capital,"Asfalto,Hormigón",No existe,I,S/D,Urbana,Ninguna,No existe,Cruce,S/D,Buena,Diurna,Lluvia,Lateral,S/D,Colisión,Ninguna,Faltante,Ninguna,Sin restricción
2018,263,2018-02-27,Martes,0,15:00:00,,0.0,2,"Moto/Ciclomotor,Camión c / Semirremolque",Av A del Valle Y Matheu,2,2,0,0,0,0,0,"-31.593388888889,-60.691888888889",Avenida,,SANTA FE,La Capital,Asfalto,Pavimento,I,Dentro,Urbana,S/D,No existe,Intersección,Bueno,Buena,Diurna,Buen Tiempo,Lateral,S/D,Colisión,S/D,Faltante,S/D,S/D
2018,264,2018-02-20,Martes,0,17:20:00,,0.0,2,"Moto/Ciclomotor,Automóvil",Quintana Y 9 de Julio,3,2,0,0,1,0,0,"-31.622194444444,-60.702138888889",Calle,,SANTA FE,La Capital,Asfalto,No existe,I,S/D,Urbana,Ninguna,No existe,Intersección,Con baches,Buena,Diurna,Buen Tiempo,Lateral,S/D,Colisión,Ninguna,Faltante,Ninguna,S/D
2018,265,2018-02-04,Domingo,0,18:23:00,,0.0,2,"Moto/Ciclomotor,Automóvil",San Jeronimo Y Gdor Crespo,3,2,0,0,1,0,0,"-31.640916666667,-60.706388888889",Calle,,SANTA FE,La Capital,Asfalto,No existe,I,S/D,Urbana,Ninguna,No existe,Intersección,Bueno,Buena,Atardecer,Buen Tiempo,Frontal,S/D,Colisión,Ninguna,Vertical,Ninguna,Sin restricción
2018,266,2018-02-01,Jueves,0,12:15:00,,0.0,2,"Automóvil,Moto/Ciclomotor",J J Paso Y 4 de Enero,2,1,0,0,1,0,0,"-31.662666666667,-60.717",Calle,,SANTA FE,La Capital,Asfalto,No existe,I,S/D,Urbana,Ninguna,No existe,Intersección,Bueno,Buena,Diurna,Buen Tiempo,Frontal,S/D,Colisión,Ninguna,Vertical,Ninguna,Sin restricción
2018,267,2018-02-27,Martes,0,09:00:00,,0.0,2,"Automóvil,Bicicleta",San Juan Y Gorriti,2,1,0,0,1,0,0,"-31.587916666667,-60.704666666667",Avenida,,SANTA FE,La Capital,Asfalto,Pavimento,I,S/D,Urbana,S/D,No existe,Intersección,Bueno,Buena,Diurna,Buen Tiempo,Lateral,S/D,Colisión,S/D,Faltante,S/D,S/D
2018,268,2018-02-07,Miercoles,0,17:10:00,,0.0,2,"Automóvil,Bicicleta",1ro de Mayo Y Juan de Garay,2,1,0,0,1,0,0,"-31.651833333333,-60.712194444444",Calle,,SANTA FE,La Capital,Asfalto,No existe,I,Dentro,Urbana,Ninguna,No existe,Recta,Bueno,Buena,Diurna,Buen Tiempo,Frontal,Ciclista,Atropello,Agua,Horizontal,Ninguna,Sin restricción
2018,269,2018-02-26,Lunes,0,15:30:00,,0.0,2,"Moto/Ciclomotor,Automóvil",Azcuenaga Y Belgrano,2,2,0,0,0,0,0,"-31.595611111111,-60.686638888889",Calle,,SANTA FE,La Capital,S/D,S/D,I,S/D,Urbana,S/D,S/D,Intersección,S/D,S/D,S/D,Otro,S/D,S/D,Colisión,S/D,S/D,Ninguna,Sin restricción
2018,270,2018-02-27,Martes,0,16:04:00,,0.0,2,"Automóvil,Moto/Ciclomotor",4 de Enero Y Gdor Crespo,2,1,0,0,1,0,0,"-31.640111111111,-60.710138888889",Calle,,SANTA FE,La Capital,Asfalto,No existe,I,Dentro,Urbana,Ninguna,No existe,Intersección,Bueno,Buena,Diurna,Buen Tiempo,Lateral,S/D,Colisión,Ninguna,Horizontal,Ninguna,Sin restricción
2018,271,2018-02-26,Lunes,0,04:30:00,,0.0,1,Moto/Ciclomotor,Primera Junta Y 25 de Mayo,2,1,0,0,1,0,0,"-31.648111111111,-60.706222222222",Calle,,SANTA FE,La Capital,Asfalto,No existe,I,Dentro,Urbana,Ninguna,No existe,Curva,Bueno,Buena,"Nocturna,Con luz artificial",Buen Tiempo,Frontal,S/D,Despiste,Ninguna,Horizontal,Ninguna,Sin restricción
2018,272,2018-02-25,Domingo,0,18:18:00,,0.0,2,"Automóvil,Moto/Ciclomotor",Alvear Y Alberdi,3,3,0,0,0,0,0,"-31.617839,-60.690898",Calle,,SANTA FE,La Capital,Asfalto,No existe,I,S/D,Urbana,Ninguna,No existe,Intersección,Otro,Reducida,Atardecer,Otro,Otro,S/D,Colisión,Otro,Faltante,Ninguna,Sin restricción
2018,273,2018-02-25,Domingo,0,15:55:00,,0.0,1,Moto/Ciclomotor,4 de Enero 2746,2,2,0,0,0,0,0,"-31.643,-60.710944444444",Calle,,SANTA FE,La Capital,Asfalto,No existe,I,Dentro,Urbana,Ninguna,No existe,Recta,Bueno,Buena,Diurna,Buen Tiempo,Contra objeto fijo,S/D,Atropello,Ninguna,Horizontal,Ninguna,Sin restricción
2018,274,2018-02-24,Sabado,0,18:15:00,,0.0,2,"Automóvil,Moto/Ciclomotor",Javier de la Rosa Y Las Heras,2,2,0,0,0,0,0,"-31.600305555556,-60.686888888889",S/D,,SANTA FE,La Capital,S/D,S/D,I,S/D,Urbana,Ninguna,S/D,Intersección,Otro,S/D,Atardecer,Otro,Otro,S/D,Colisión,Otro,S/D,Ninguna,Sin restricción
2018,275,2018-02-15,Jueves,0,14:00:00,,0.0,2,"Automóvil,Moto/Ciclomotor",Santiago del Estero Y San Luis,2,1,0,0,1,0,0,"-31.638555555556,-60.700638888889",Calle,,SANTA FE,La Capital,Asfalto,No existe,I,Dentro,Urbana,Ninguna,No existe,Intersección,Bueno,Buena,Diurna,Buen Tiempo,Lateral,S/D,Colisión,Ninguna,Horizontal,Ninguna,S/D
2018,276,2018-02-24,Sabado,0,16:45:00,,0.0,2,"Moto/Ciclomotor,Automóvil",Angel Cassanello Y Av Almte Brown,3,3,0,0,0,0,0,"-31.614333333333,-60.671",Calle,,SANTA FE,La Capital,S/D,S/D,I,S/D,Urbana,S/D,S/D,Intersección,S/D,S/D,S/D,S/D,S/D,S/D,S/D,S/D,S/D,S/D,S/D
2018,277,2018-02-27,Martes,0,10:25:00,,0.0,2,"Bicicleta,Automóvil",Belgrano Y Irigoyen Freyre,2,1,0,0,1,0,0,"-31.64425,-60.701055555556",Calle,,SANTA FE,La Capital,Asfalto,No existe,I,Dentro,Urbana,Ninguna,No existe,Recta,Otro,Buena,S/D,Buen Tiempo,De alcance,Ciclista,Atropello,Ninguna,Horizontal,Ninguna,Sin restricción
2018,278,2018-02-21,Miercoles,0,12:00:00,,0.0,2,"Automóvil,Automóvil",P Cullen Y Estanislao Zeballos,2,2,0,0,0,0,0,"-31.610083333333,-60.672805555556",Calle,,SANTA FE,La Capital,S/D,S/D,I,S/D,Urbana,Ninguna,No existe,Intersección,Otro,Reducida,Diurna,Otro,Otro,S/D,Colisión,Otro,Faltante,Barrera de hormigón,Sin restricción
2018,279,2018-02-26,Lunes,0,19:00:00,,0.0,2,"Automóvil,Moto/Ciclomotor",Rivadavia Y Primera Junta,3,1,0,0,2,0,0,"-31.648166666667,-60.705833333333",Avenida,,SANTA FE,La Capital,Asfalto,No existe,I,Dentro,Urbana,Ninguna,Intermitente,Intersección,Otro,Buena,"Atardecer,Con luz artificial",Buen Tiempo,Lateral,S/D,Colisión,Ninguna,"Horizontal,Vertical",Ninguna,Sin restricción
2018,280,2018-02-16,Viernes,0,14:20:00,,0.0,2,"Automóvil,Moto/Ciclomotor",Risso Y Rivadavia,2,2,0,0,0,0,0,"-31.601416666667,-60.690888888889",S/D,,SANTA FE,La Capital,S/D,No existe,I,S/D,Urbana,Ninguna,No existe,Intersección,Otro,Reducida,Diurna,Otro,S/D,S/D,Colisión,Otro,Faltante,Ninguna,Sin restricción
2018,281,2018-02-16,Viernes,0,12:35:00,,0.0,2,"Moto/Ciclomotor,Automóvil",Av Galicia Y Republica de Siria,2,2,0,0,0,0,0,"-31.60575,-60.690777777778",Avenida,,SANTA FE,La Capital,S/D,Pavimento,I,S/D,Urbana,Ninguna,No existe,Intersección,Otro,Reducida,Diurna,Otro,Otro,S/D,Otro,Otro,Faltante,Cordón divisorio,Sin restricción
2018,282,2018-02-25,Domingo,0,19:28:00,,0.0,2,"Automóvil,Moto/Ciclomotor",Av Gral Lopez Y Cruz Roje Argentina,2,1,0,0,1,0,0,"-31.657333333333,-60.707055555556",Calle,,SANTA FE,La Capital,Asfalto,No existe,I,Dentro,Urbana,Ninguna,No existe,Intersección,Bueno,Buena,"Atardecer,Con luz artificial",Buen Tiempo,Lateral,S/D,Colisión,Ninguna,Horizontal,Ninguna,Sin restricción
2018,283,2018-02-15,Jueves,0,14:25:00,,0.0,1,Automóvil,French Y A Godoy,1,1,0,0,0,0,0,"-31.597027777778,-60.670416666667",S/D,,SANTA FE,La Capital,S/D,S/D,I,S/D,Urbana,Ninguna,No existe,Intersección,Otro,S/D,Diurna,Otro,S/D,S/D,S/D,Otro,S/D,Cordón divisorio,Sin restricción
2018,284,2018-02-11,Domingo,0,15:50:00,,0.0,2,"Bicicleta,Automóvil",French Y Av A del Valle,2,2,0,0,0,0,0,"-31.592416666667,-60.691944444444",S/D,,SANTA FE,La Capital,S/D,No existe,I,S/D,Urbana,Otra Señal,No existe,Intersección,Otro,Reducida,Diurna,Otro,Otro,Ciclista,Atropello,Otro,Faltante,Ninguna,Sin restricción
2018,285,2018-01-03,Miercoles,0,18:35:00,,0.0,2,"Moto/Ciclomotor,Pickup/Utilitario",30 de Abril Y Espa?a,2,1,0,0,1,0,0,"-31.497537,-60.731146",Calle,,RECREO,La Capital,Tierra,Natural,I,S/D,Urbana,Ninguna,No existe,Intersección,Bueno,Reducida,Atardecer,Otro,Otro,S/D,Colisión,Ninguna,Vertical,S/D,S/D
2018,286,2018-01-26,Viernes,0,04:00:00,Ruta Provincial 93,30.0,1,Automóvil, ,4,4,0,0,0,0,0,"-33.53351, -61.48211",Ruta,93,PUEBLO MIGUEL TORRES,General López,Asfalto,Natural,VIII,Dentro,S/D,Marca Vial,No existe,Recta,Bueno,Buena,Nocturna,Buen Tiempo,S/D,S/D,Vuelco,Ninguna,Horizontal,Línea divisoria pintada,Sin restricción
2018,287,2018-02-24,Sabado,0,10:05:00,,0.0,2,"Automóvil,Bicicleta",Av Urquiza Y Uruguay,2,1,0,0,1,0,0,"-31.660111111111,-60.7175",Avenida,,SANTA FE,La Capital,Asfalto,No existe,I,Dentro,Urbana,Ninguna,No existe,Intersección,Bueno,Buena,Diurna,Buen Tiempo,Lateral,Ciclista,Atropello,Ninguna,Horizontal,Ninguna,Sin restricción
2018,288,2018-01-27,Sabado,0,12:25:00,,0.0,2,"Automóvil,Moto/Ciclomotor",Avenida Los Colonizadores Y Calle 13,2,1,0,0,1,0,0,"-29.36945,-59.73687",Calle,,LOS LAURELES,General Obligado,Ripio,No existe,IX,Dentro,Urbana,Ninguna,No existe,Intersección,Bueno,Buena,Diurna,Buen Tiempo,Lateral,S/D,Colisión,Ninguna,Faltante,Cordón divisorio,Sin restricción
2018,289,2018-02-10,Sabado,0,22:30:00,,0.0,2,"Moto/Ciclomotor,Automóvil",Candioti Y Larrea,3,2,0,0,1,0,0,"-31.597138888889,-60.683722222222",Calle,,SANTA FE,La Capital,Asfalto,Pavimento,I,S/D,Urbana,Ninguna,No existe,Intersección,Otro,Reducida,Con luz artificial,Otro,Otro,S/D,Colisión,Otro,Faltante,Ninguna,Sin restricción
2018,291,2018-02-24,Sabado,0,19:17:00,,0.0,2,"Automóvil,Moto/Ciclomotor",25 de Mayo Y Junin,2,1,0,0,1,0,0,"-31.639083333333,-60.703555555556",Calle,,SANTA FE,La Capital,Asfalto,No existe,I,Dentro,Urbana,Ninguna,Funciona,Intersección,Bueno,Buena,"Atardecer,Con luz artificial",Buen Tiempo,Lateral,S/D,Colisión,Ninguna,"Horizontal,Vertical",Ninguna,Sin restricción
2018,292,2018-01-16,Martes,0,08:15:00,Ruta Nacional 11,842.0,2,"Automóvil,Camión c / Semirremolque", ,5,0,1,0,4,0,0,"-28.71612, -59.43667",Ruta,11,ARROYO CEIBAL,General Obligado,Asfalto,Natural,IX,Dentro,Rural,Ninguna,No existe,Recta,Bueno,Buena,Diurna,Buen Tiempo,Lateral,S/D,"Colisión,Despiste",Ninguna,Horizontal,Línea divisoria pintada,Sin restricción
2018,293,2018-01-03,Miercoles,0,13:50:00,,0.0,2,"Automóvil,Moto/Ciclomotor",25 de Mayo Y Remedios de Escalada,2,1,0,0,1,0,0,"-33.457683, -61.495600",Avenida,,FIRMAT,General López,Asfalto,No existe,VIII,S/D,Urbana,Ninguna,No existe,Intersección,Bueno,Buena,Diurna,Buen Tiempo,Lateral,S/D,Colisión,S/D,Faltante,Ninguna,Sin restricción
2018,294,2018-02-04,Domingo,0,19:20:00,,0.0,2,"Moto/Ciclomotor,Automóvil",25 de Mayo Y Azcuenaga,3,2,0,0,1,0,0,"-31.582032,-60.716955",Calle,,SANTA FE,La Capital,Tierra,No existe,I,S/D,Urbana,Ninguna,No existe,Intersección,Otro,Reducida,Atardecer,Otro,Otro,S/D,Otro,Otro,Faltante,Ninguna,Sin restricción
2018,295,2018-01-21,Domingo,0,07:56:00,,0.0,2,"Moto/Ciclomotor,Transporte de Pasajeros Urbano (> 8 asientos)",Calle 12 San Martin Y Calle 11-Alvear,2,0,1,0,1,0,0,"-29.142444444444,-59.642138888889",Calle,,RECONQUISTA,General Obligado,Asfalto,No existe,IX,Dentro,Urbana,Otra Señal,No existe,Intersección,Bueno,Reducida,Amanecer,Lluvia,Lateral,S/D,Colisión,Agua,Vertical,Barrera de hormigón,Sin restricción
2018,296,2018-02-22,Jueves,0,13:30:00,,0.0,2,"Peatón,Moto/Ciclomotor",1ro de Mayo 1000,2,1,0,0,1,0,0,"-31.662722222222,-60.7155",Calle,,SANTA FE,La Capital,Asfalto,No existe,I,Dentro,Urbana,Ninguna,No existe,Recta,Bueno,Buena,Diurna,Buen Tiempo,Frontal,Peatón,Atropello,Ninguna,Horizontal,Ninguna,Sin restricción
2018,297,2018-01-07,Domingo,0,05:45:00,,0.0,2,"Moto/Ciclomotor,Otros",Calle 10-Ludue?a Y Calle 17-Bartolome Mitre,2,0,1,0,0,0,1,"-29.145805555556,-59.641361111111",Calle,,RECONQUISTA,General Obligado,Asfalto,Pavimento,IX,Dentro,Urbana,Ninguna,No existe,Recta,Bueno,Buena,Diurna,Buen Tiempo,De alcance,S/D,Colisión,Ninguna,Vertical,Barrera de hormigón,Sin restricción
2018,298,2018-02-06,Martes,0,11:45:00,,0.0,2,"Bicicleta,Moto/Ciclomotor",Riobamba Y Pavon,3,2,0,0,1,0,0,"-31.601972222222,-60.666111111111",S/D,,SANTA FE,La Capital,Asfalto,Pavimento,I,S/D,Urbana,Ninguna,No existe,Intersección,Otro,Reducida,Diurna,Otro,Otro,S/D,Atropello,Otro,Faltante,Ninguna,Sin restricción
2018,299,2018-01-09,Martes,0,10:10:00,Autopista Provincial Brigadier E.López,92.0,1,Automóvil,AUTOPISTA BRIGADIER  92,4,3,0,0,1,0,0,"-32.095437774148, -60.997070125838",Autopista,Brigadier E.López,SAN FABIÁN,San Jerónimo,Asfalto,Natural,XV,S/D,S/D,Ninguna,S/D,Recta,Deteriorada,Buena,Diurna,Buen Tiempo,S/D,S/D,"Vuelco,Despiste",Ninguna,S/D,Vegetación,Sin restricción
2018,300,2018-01-13,Sabado,0,19:20:00,Ruta Nacional 11,0.0,2,"Moto/Ciclomotor,Camión Chasis", ,2,0,1,0,1,0,0,"-29.1417, -59.65579",Ruta,11,RECONQUISTA,General Obligado,Asfalto,Pavimento,IX,S/D,Urbana,Paso Peatonal,No existe,Intersección,Bueno,Reducida,Atardecer,Lluvia,De alcance,S/D,Colisión,Agua,Vertical,Cordón divisorio,Sin restricción
2018,301,2018-02-21,Miercoles,0,13:33:00,,0.0,2,"Automóvil,Moto/Ciclomotor",Av Urquiza 2158,2,1,0,0,1,0,0,"-31.649472222222,-60.714194444444",Avenida,,SANTA FE,La Capital,Asfalto,No existe,I,Dentro,Urbana,Ninguna,No existe,Recta,Bueno,Buena,Diurna,Buen Tiempo,De alcance,S/D,Atropello,Ninguna,Horizontal,Ninguna,Sin restricción
2018,302,2018-01-21,Domingo,0,17:45:00,,0.0,2,"Moto/Ciclomotor,Moto/Ciclomotor",Calle 25 - Pietropaolo Y Calle 44-27 de Abril,3,3,0,0,0,0,0,"-29.148166666667,-59.663277777778",Calle,,RECONQUISTA,General Obligado,Hormigón,Pavimento,IX,Dentro,Urbana,Semáforo,Funciona,Intersección,Bueno,Buena,Diurna,Buen Tiempo,De alcance,S/D,Colisión,Ninguna,Vertical,Cordón divisorio,Sin restricción
2018,303,2018-02-04,Domingo,0,00:00:00,,0.0,2,"Moto/Ciclomotor,Moto/Ciclomotor",Av Blas Parera Y Gorostiaga,3,3,0,0,0,0,0,"-31.606564,-60.720211",Calle,,SANTA FE,La Capital,Hormigón,No existe,I,Dentro,Urbana,Semáforo,Funciona,Intersección,Bueno,Buena,Con luz artificial,Buen Tiempo,Lateral,S/D,Colisión,Ninguna,"Horizontal,Vertical","Cordón divisorio,Línea divisoria pintada",Sin restricción
2018,304,2018-01-14,Domingo,0,04:50:00,,0.0,2,"Bicicleta,Automóvil",Calle 11-Alvear Y Calle 30-Lucas Funes,3,2,0,0,1,0,0,"-29.14125,-59.653166666667",Calle,,RECONQUISTA,General Obligado,Asfalto,No existe,IX,S/D,Urbana,Otra Señal,No existe,Intersección,Bueno,Reducida,Nocturna,Lluvia,Frontal,S/D,Colisión,Agua,Vertical,Cordón divisorio,Sin restricción
2018,305,2018-01-19,Viernes,0,22:00:00,,0.0,2,"Automóvil,Moto/Ciclomotor",San Juan Y Salta,2,2,0,0,0,0,0,"-32.455222222222,-60.893444444444",Calle,,MACIEL,San Jerónimo,Hormigón,No existe,XV,S/D,Urbana,Ninguna,No existe,Intersección,Bueno,Buena,Nocturna,Buen Tiempo,Lateral,S/D,Colisión,Ninguna,Faltante,Ninguna,Sin restricción
2018,306,2018-02-21,Miercoles,0,13:00:00,,0.0,2,"Moto/Ciclomotor,Automóvil",Bv Pellegrini Y San Jeronimo,2,1,0,0,1,0,0,"-31.635111111111,-60.704638888889",Avenida,,SANTA FE,La Capital,Asfalto,No existe,I,Dentro,Urbana,Ninguna,No existe,Recta,Bueno,Buena,Diurna,Buen Tiempo,De alcance,S/D,Atropello,Ninguna,Horizontal,Ninguna,Sin restricción
2018,307,2018-01-05,Viernes,0,20:45:00,,0.0,2,"Moto/Ciclomotor,Moto/Ciclomotor",Calle 31-Newbery Y Calle 24 - Olessio,2,2,0,0,0,0,0,"-29.152444444444,-59.651",Calle,,RECONQUISTA,General Obligado,Asfalto,No existe,IX,Dentro,Urbana,Ninguna,No existe,Intersección,Bueno,Buena,Atardecer,Buen Tiempo,De alcance,S/D,Colisión,Ninguna,Faltante,Ninguna,Sin restricción
2018,308,2018-01-10,Miercoles,0,21:10:00,,0.0,2,"Bicicleta,Automóvil",Calle 30-Lucas Funes Y Calle 25-Rivadavia,2,1,0,0,1,0,0,"-29.148777777778,-59.654222222222",Calle,,RECONQUISTA,General Obligado,Asfalto,No existe,IX,Dentro,Urbana,Ninguna,No existe,Recta,Bueno,Reducida,Nocturna,Buen Tiempo,S/D,Ciclista,Atropello,Ninguna,Faltante,Ninguna,Sin restricción
2018,309,2018-02-19,Lunes,0,18:30:00,,0.0,2,"Moto/Ciclomotor,Automóvil",Av Urquiza Y Moreno,2,1,0,0,1,0,0,"-31.653694444444,-60.715444444444",Avenida,,SANTA FE,La Capital,Asfalto,No existe,I,Dentro,Urbana,Ninguna,Funciona,Intersección,Bueno,Buena,"Atardecer,Con luz artificial",Buen Tiempo,Lateral,S/D,Colisión,Ninguna,"Horizontal,Vertical",Ninguna,Sin restricción
2018,310,2018-01-04,Jueves,0,,,0.0,1,Moto/Ciclomotor,Misiones Y Jujuy,2,2,0,0,0,0,0,"-32.45,-60.889027777778",Calle,,MACIEL,San Jerónimo,Ripio,No existe,XV,Dentro,Urbana,Ninguna,No existe,Recta,Bueno,Buena,Nocturna,Buen Tiempo,Atropello animal,S/D,Colisión,Ninguna,Faltante,Ninguna,Sin restricción
2018,311,2018-01-31,Miercoles,0,17:55:00,,0.0,2,"Moto/Ciclomotor,Pickup/Utilitario",Calle 28-San lorenzo Y Calle 23-Gral lopez,2,1,0,0,1,0,0,"-29.147861111111,-59.652861111111",Calle,,RECONQUISTA,General Obligado,Asfalto,No existe,IX,Dentro,Urbana,Ninguna,No existe,Intersección,Bueno,Buena,Atardecer,Buen Tiempo,De alcance,S/D,Colisión,Ninguna,Faltante,Ninguna,Sin restricción
2018,312,2018-02-21,Miercoles,0,12:10:00,,0.0,2,"Automóvil,Moto/Ciclomotor",Av Pe?aloza Y Vieytes,2,2,0,0,0,0,0,"-31.59875,-60.712277777778",Avenida,,SANTA FE,La Capital,"Asfalto,Ripio",No existe,I,Dentro,Urbana,Ninguna,No existe,Intersección,Con baches,Buena,Diurna,Buen Tiempo,Lateral,S/D,Colisión,Material Suelto,Faltante,Vegetación,Sin restricción
2018,313,2018-01-09,Martes,0,18:30:00,,0.0,2,"Automóvil,Moto/Ciclomotor",Calle 32 - Amenabar Y Calle 21-Gdor. iriondo,3,2,0,0,1,0,0,"-29.146487, -59.655108",Calle,,RECONQUISTA,General Obligado,Asfalto,No existe,IX,Dentro,Urbana,Ninguna,No existe,Intersección,Bueno,Buena,Diurna,Buen Tiempo,De alcance,S/D,Colisión,Ninguna,Horizontal,Cordón divisorio,Sin restricción
2018,314,2018-02-19,Lunes,0,09:15:00,,0.0,2,"Moto/Ciclomotor,Transporte de Pasajeros Urbano (> 8 asientos)",Juan de Garay Y 4 de Enero,2,1,0,0,1,0,0,"-31.651638888889,-60.713444444444",Calle,,SANTA FE,La Capital,Asfalto,No existe,I,Dentro,Urbana,Ninguna,No existe,Intersección,Bueno,Buena,Diurna,Buen Tiempo,Lateral,S/D,"Colisión,Otro",Ninguna,Horizontal,Ninguna,Sin restricción
2018,315,2018-01-14,Domingo,0,12:15:00,Ruta Nacional 11,366.0,2,"Moto/Ciclomotor,Automóvil",Ruta Nac 11 Y Bv Domingo F Sarmiento,4,2,0,0,2,0,0,"-32.452828141799, -60.889885033547",Ruta,11,MACIEL,San Jerónimo,Asfalto,Ripio,XV,Dentro,Urbana,Ninguna,No existe,Curva,Bueno,Buena,Diurna,Buen Tiempo,Lateral,S/D,Colisión,Ninguna,Faltante,Ninguna,Sin restricción
2018,316,2018-01-08,Lunes,0,17:50:00,,0.0,2,"Automóvil,Moto/Ciclomotor",Calle 13-Iturraspe Y Calle 10-Ludue?a,2,1,0,0,1,0,0,"-29.143666666667,-59.641083333333",Calle,,RECONQUISTA,General Obligado,Asfalto,No existe,I,Dentro,Urbana,Ninguna,No existe,Intersección,Bueno,Buena,Diurna,Buen Tiempo,De alcance,S/D,Colisión,Ninguna,Horizontal,Cordón divisorio,Sin restricción