anio_acci,nro_acci,fecha,desc_dia,fecha_aprox,hora_aprox,desc_ruta,km,cant_participantes,desc_participante,calle_avenida_km,total,heridos_leves,heridos_graves,heridos_gravisimos,ilesos,fallecidos,sin_datos,posicion_XY,desc_tipo_via,desc_ruta_ori,desc_loc,desc_dpto,desc_tipo_calzada,desc_tipo_banquina,desc_unidad_regional,desc_lugar_calzada,desc_zona,desc_prioridad,desc_estado_semaforo,desc_lugar_via,desc_estado_via,desc_estado_visibilidad,desc_luminosidad,desc_estado_clima,desc_tipo_colision,desc_tipo_atropello,desc_tipo_hecho,desc_pres_calzada,desc_senializacion,desc_separacion_via,desc_restriccion
2018,317,2018-01-10,Miercoles,0,16:00:00,,0.0,2,"Moto/Ciclomotor,Automóvil",Calle 10-Ludue?a Y Calle 23-Gral lopez,2,1,0,0,1,0,0,"-29.149055555556,-59.641833333333",Calle,,RECONQUISTA,General Obligado,Asfalto,S/D,I,S/D,Urbana,S/D,S/D,Recta,Bueno,Buena,Diurna,S/D,S/D,S/D,S/D,Ninguna,S/D,S/D,S/D
2018,318,2018-02-22,Jueves,0,06:30:00,,0.0,2,"Automóvil,Bicicleta",J Castelli Y Juan Diaz de Solis,2,1,0,0,1,0,0,"-31.602166666667,-60.714138888889",Calle,,SANTA FE,La Capital,"Asfalto,Ripio",No existe,I,Dentro,Urbana,Ninguna,No existe,Intersección,Con baches,Reducida,Amanecer,Buen Tiempo,Lateral,Ciclista,Atropello,Material Suelto,Faltante,Ninguna,Sin restricción
2018,319,2018-02-18,Domingo,0,09:30:00,,0.0,2,"Automóvil,Moto/Ciclomotor",25 de Mayo Y Hipolito Yrigoyen,2,1,0,0,1,0,0,"-31.642361111111,-60.704583333333",Calle,,SANTA FE,La Capital,Asfalto,No existe,I,Dentro,Urbana,Ninguna,No existe,Intersección,Bueno,Buena,Diurna,Buen Tiempo,Lateral,S/D,"Colisión,Otro",Ninguna,Horizontal,Ninguna,Sin restricción
2018,320,2018-01-15,Lunes,0,08:25:00,,0.0,2,"Automóvil,Moto/Ciclomotor",Bvard 20 de Junio Y Gregoria Matorras,2,0,1,0,1,0,0,"-32.026166666667,-61.215444444444",Avenida,,GÁLVEZ,San Jerónimo,Asfalto,No existe,XV,Dentro,Urbana,Ninguna,No existe,Recta,Bueno,Buena,Diurna,Buen Tiempo,Otro,S/D,Colisión,Ninguna,Faltante,Ninguna,Sin restricción
2018,321,2018-02-20,Martes,0,11:00:00,,0.0,2,"Moto/Ciclomotor,Moto/Ciclomotor",Sebastian Gaboto Y Boneo,3,3,0,0,0,0,0,"-31.59975,-60.716222222222",Calle,,SANTA FE,La Capital,Hormigón,No existe,I,Dentro,Urbana,Ninguna,No existe,Intersección,Bueno,Buena,Diurna,Buen Tiempo,Lateral,S/D,Colisión,Ninguna,Faltante,Ninguna,Sin restricción
2018,322,2018-01-21,Domingo,0,06:30:00,,0.0,1,Automóvil,Camino Rural Y Ruta S22,1,1,0,0,0,0,0,"-33.513973293179, -60.607711903231",S/D,,SÁNCHEZ,Constitución,Ripio,No existe,VI,Fuera,Urbana,Ninguna,No existe,Recta,Deteriorada,Reducida,Amanecer,Buen Tiempo,Frontal,S/D,Despiste,Material Suelto,Faltante,Ninguna,Sin restricción
2018,323,2018-01-21,Domingo,0,15:20:00,,0.0,1,Automóvil,Camino Rural ,7,5,2,0,0,0,0,"-33.513973293179, -60.607711903231",Camino Rural,,SÁNCHEZ,Constitución,Tierra,No existe,VI,Fuera,Rural,Ninguna,No existe,Otro,Deteriorada,Reducida polvo,Diurna,Buen Tiempo,Contra objeto fijo,S/D,Despiste,Ninguna,Faltante,Ninguna,Sin restricción
2018,324,2018-02-17,Sabado,0,10:45:00,,0.0,2,"Automóvil,Moto/Ciclomotor",Primera Junta 2600,2,1,0,0,1,0,0,"-31.647944444444,-60.707027777778",Calle,,SANTA FE,La Capital,Asfalto,No existe,I,Dentro,Urbana,Ninguna,No existe,Recta,Bueno,Buena,Diurna,Buen Tiempo,De alcance,S/D,Colisión,Ninguna,Horizontal,Ninguna,Sin restricción
2018,325,2018-01-25,Jueves,0,18:10:00,,0.0,2,"Moto/Ciclomotor,Pickup/Utilitario",Calle 7 Y Calle 16,3,1,0,0,1,0,1,"-29.115611111111,-59.655805555556",Calle,,AVELLANEDA,General Obligado,S/D,S/D,IX,S/D,Urbana,S/D,S/D,Intersección,S/D,S/D,Diurna,S/D,Lateral,S/D,Colisión,S/D,S/D,S/D,S/D
2018,326,2018-02-17,Sabado,0,09:30:00,,0.0,2,"Automóvil,Moto/Ciclomotor",Mariano Comas Y 4 de Enero,2,1,0,0,1,0,0,"-31.631805555556,-60.70775",Calle,,SANTA FE,La Capital,Asfalto,No existe,I,Dentro,Urbana,Ninguna,No existe,Intersección,Bueno,Buena,Diurna,Buen Tiempo,Lateral,S/D,Colisión,Ninguna,Horizontal,Ninguna,Sin restricción
2018,327,2018-02-02,Viernes,0,18:00:00,,0.0,1,Moto/Ciclomotor,Estanislao Zeballos Y Aguado,1,1,0,0,0,0,0,"-31.600111111111,-60.719138888889",Calle,,SANTA FE,La Capital,Asfalto,No existe,I,S/D,Urbana,Ninguna,No existe,Intersección,Bueno,Buena,Diurna,Buen Tiempo,Lateral,S/D,Colisión,Ninguna,Faltante,Ninguna,Sin restricción
2018,328,2018-01-09,Martes,0,18:30:00,,0.0,2,"Automóvil,Moto/Ciclomotor",Aaron Castellanos Y Mariano Moreno,3,2,0,0,1,0,0,"-31.449333333333,-60.932611111111",Calle,,ESPERANZA,Las Colonias,Asfalto,No existe,XI,S/D,Urbana,Ninguna,No existe,Intersección,Bueno,Buena,Diurna,Buen Tiempo,De alcance,S/D,Colisión,Ninguna,Vertical,Ninguna,Sin restricción
2018,329,2018-01-22,Lunes,0,04:00:00,,0.0,2,"Pickup/Utilitario,Moto/Ciclomotor",Calle 11 Y Calle 8,2,0,1,0,1,0,0,"-29.117222222222,-59.661111111111",Calle,,AVELLANEDA,General Obligado,S/D,S/D,IX,Dentro,Urbana,S/D,S/D,Intersección,S/D,S/D,Nocturna,S/D,Lateral,S/D,Colisión,S/D,S/D,S/D,S/D
2018,330,2018-02-15,Jueves,0,07:00:00,,0.0,2,"Transporte de Pasajeros,Moto/Ciclomotor",Ayacucho Y Av Blas Parera,2,1,0,0,1,0,0,"-31.590833333333,-60.724361111111",Avenida,,SANTA FE,La Capital,Asfalto,No existe,I,Dentro,Urbana,Semáforo,Funciona,Intersección,Bueno,Buena,Diurna,Buen Tiempo,S/D,S/D,Colisión,Ninguna,Vertical,Cordón divisorio,Sin restricción
2018,331,2018-02-16,Viernes,0,13:45:00,,0.0,2,"Moto/Ciclomotor,Pickup/Utilitario",Pedro Alejandro Vittori Y Domingo Silva,3,2,0,0,1,0,0,"-31.631416666667,-60.699638888889",Calle,,SANTA FE,La Capital,Asfalto,No existe,I,Dentro,Urbana,Ninguna,No existe,Intersección,Bueno,Buena,Diurna,Buen Tiempo,De alcance,S/D,Colisión,Ninguna,Horizontal,Ninguna,Sin restricción
2018,332,2018-01-22,Lunes,1,18:18:00,,0.0,2,"Moto/Ciclomotor,Transporte de Pasajeros Urbano (> 8 asientos)",Calle 15 Y Calle 20,2,1,0,0,1,0,0,"-29.120277777778,-59.654027777778",Calle,,AVELLANEDA,General Obligado,Asfalto,S/D,IX,S/D,Urbana,S/D,S/D,Intersección,S/D,S/D,Diurna,S/D,Lateral,S/D,Colisión,S/D,S/D,S/D,S/D
2018,333,2018-01-17,Miercoles,0,20:15:00,,0.0,2,"Automóvil,Moto/Ciclomotor",Balcarce Y 1 de Mayo,2,0,1,0,1,0,0,"-31.459888888889,-60.925777777778",Calle,,ESPERANZA,Las Colonias,Asfalto,No existe,XI,Dentro,Urbana,Ninguna,No existe,Intersección,Bueno,Buena,Nocturna,Buen Tiempo,Lateral,S/D,Colisión,Ninguna,Faltante,Ninguna,Sin restricción
2018,334,2018-02-12,Lunes,0,06:00:00,,0.0,1,Pickup/Utilitario,Av Pe?aloza Y J Castelli,1,1,0,0,0,0,0,"-31.6025,-60.712638888889",Avenida,,SANTA FE,La Capital,Asfalto,No existe,I,S/D,Urbana,Semáforo,Funciona,Intersección,Bueno,Buena,Diurna,Buen Tiempo,S/D,S/D,Despiste,Ninguna,Vertical,Cordón divisorio,Sin restricción
2018,335,2018-01-10,Miercoles,0,14:45:00,,0.0,2,"Pickup/Utilitario,Moto/Ciclomotor",Marcos Avellaneda Y Mariano Moreno,2,0,1,0,1,0,0,"-31.453583333333,-60.933888888889",Calle,,ESPERANZA,Las Colonias,Asfalto,No existe,XI,Dentro,Urbana,Ninguna,No existe,Intersección,Bueno,Buena,Diurna,Buen Tiempo,De alcance,S/D,Colisión,Ninguna,Vertical,Ninguna,Sin restricción
2018,336,2018-01-17,Miercoles,0,18:15:00,,0.0,2,"Moto/Ciclomotor,Moto/Ciclomotor",Calle 120 Y Calle 115,3,3,0,0,0,0,0,"-29.117611111111,-59.677666666667",S/D,,AVELLANEDA,General Obligado,S/D,S/D,IX,Dentro,Urbana,S/D,S/D,Intersección,S/D,S/D,Diurna,S/D,Lateral,S/D,Colisión,S/D,S/D,S/D,S/D
2018,337,2018-02-16,Viernes,0,15:30:00,,0.0,2,"Automóvil,Automóvil",Av Urquiza Y Junin,2,1,0,0,1,0,0,"-31.637444444444,-60.71075",Calle,,SANTA FE,La Capital,Asfalto,No existe,I,Dentro,Urbana,Ninguna,Intermitente,Intersección,Bueno,Buena,Diurna,Buen Tiempo,Lateral,S/D,Colisión,Ninguna,"Horizontal,Vertical",Ninguna,Sin restricción
2018,338,2018-02-17,Sabado,0,19:30:00,,0.0,2,"Moto/Ciclomotor,Moto/Ciclomotor",Av Blas Parera Y Alberti,2,2,0,0,0,0,0,"-31.595388888889,-60.723055555556",Calle,,SANTA FE,La Capital,Asfalto,No existe,I,Dentro,Urbana,Ninguna,No existe,Intersección,Bueno,Buena,Diurna,Buen Tiempo,Lateral,S/D,Colisión,Ninguna,Vertical,Cordón divisorio,Sin restricción
2018,339,2018-01-19,Viernes,0,13:15:00,,0.0,1,Moto/Ciclomotor,San Martin Y Laprida,2,1,1,0,0,0,0,"-31.443777777778,-60.928805555556",Calle,,ESPERANZA,Las Colonias,Asfalto,No existe,XI,S/D,Urbana,Ninguna,S/D,Intersección,Bueno,S/D,S/D,Buen Tiempo,Otro,S/D,Otro,Ninguna,Vertical,Ninguna,Sin restricción
2018,340,2018-01-12,Viernes,0,20:50:00,Ruta Nacional 11,791.0,2,"Pickup/Utilitario,Moto/Ciclomotor", ,2,1,0,0,1,0,0,"-29.1226, -59.65301",Ruta,11,AVELLANEDA,General Obligado,S/D,S/D,IX,Dentro,Urbana,S/D,S/D,Recta,S/D,S/D,Nocturna,S/D,De alcance,S/D,Colisión,S/D,S/D,S/D,S/D
2018,341,2018-02-16,Viernes,0,08:30:00,,0.0,2,"Bicicleta,Moto/Ciclomotor",Entre Rios Y 1ro de Mayo,2,1,0,0,0,0,1,"-31.659527777778,-60.714555555556",Calle,,SANTA FE,La Capital,Asfalto,No existe,I,Dentro,Urbana,Ninguna,No existe,Intersección,Bueno,Buena,Diurna,Buen Tiempo,Lateral,Ciclista,Atropello,Ninguna,Horizontal,Ninguna,Sin restricción
2018,342,2018-01-09,Martes,0,13:00:00,,0.0,2,"Automóvil,Moto/Ciclomotor",Calle 19 Y Calle 20,2,1,0,0,1,0,0,"-29.122388888889,-59.654361111111",Calle,,AVELLANEDA,General Obligado,Asfalto,S/D,IX,S/D,Urbana,S/D,S/D,Intersección,S/D,S/D,Diurna,S/D,Lateral,S/D,Colisión,S/D,S/D,S/D,S/D
2018,343,2018-02-02,Viernes,0,10:30:00,,0.0,1,Moto/Ciclomotor,Alberti Y Pje Gaboto,2,2,0,0,0,0,0,"-31.597055555556,-60.715444444444",Calle,,SANTA FE,La Capital,Tierra,No existe,I,S/D,Urbana,Ninguna,No existe,Recta,Bueno,Buena,Diurna,Otro,S/D,S/D,Colisión,Ninguna,Faltante,Ninguna,Sin restricción
2018,344,2018-01-19,Viernes,0,11:50:00,,0.0,2,"Automóvil,Pickup/Utilitario",Soler Y Rivadavia,3,2,0,0,1,0,0,"-31.461166666667,-60.932027777778",Calle,,ESPERANZA,Las Colonias,Asfalto,No existe,XI,Dentro,Urbana,Ninguna,No existe,Intersección,Bueno,Buena,Diurna,Buen Tiempo,Lateral,S/D,Colisión,Ninguna,Vertical,Ninguna,Sin restricción
2018,345,2018-02-16,Viernes,0,14:00:00,,0.0,2,"Moto/Ciclomotor,Automóvil",25 de Mayo Y Salta,3,2,0,0,1,0,0,"-31.650527777778,-60.70675",Calle,,SANTA FE,La Capital,Asfalto,No existe,I,Dentro,Urbana,Ninguna,No existe,Intersección,Bueno,Buena,Diurna,Buen Tiempo,Lateral,S/D,Colisión,Ninguna,Horizontal,Ninguna,Sin restricción
2018,346,2018-01-06,Sabado,0,09:55:00,,0.0,2,"Automóvil,Moto/Ciclomotor",Calle 9 Y Calle 2,2,2,0,0,0,0,0,"-29.115666666667,-59.664666666667",Calle,,AVELLANEDA,General Obligado,S/D,S/D,IX,Dentro,Urbana,S/D,S/D,Intersección,S/D,S/D,S/D,S/D,Lateral,S/D,Colisión,S/D,S/D,S/D,S/D
2018,347,2018-01-12,Viernes,0,21:20:00,,0.0,2,"Moto/Ciclomotor,Automóvil",Av Pe?aloza Y Pedro de Vega,2,1,0,0,1,0,0,"-31.607194444444,-60.713222222222",Avenida,,SANTA FE,La Capital,Asfalto,No existe,I,S/D,Urbana,Ninguna,No existe,Intersección,Bueno,Buena,Diurna,Buen Tiempo,S/D,S/D,Colisión,Material Suelto,Faltante,Cordón divisorio,Sin restricción
2018,349,2018-02-16,Viernes,0,00:20:00,,0.0,2,"Bicicleta,Automóvil",25 de Mayo Y Irigoyen Freyre,2,1,0,0,1,0,0,"-31.6435,-60.704916666667",Calle,,SANTA FE,La Capital,Asfalto,No existe,I,Dentro,Urbana,Ninguna,No existe,Intersección,Bueno,Buena,"Nocturna,Con luz artificial",Buen Tiempo,De alcance,Ciclista,Atropello,Ninguna,Horizontal,Ninguna,Sin restricción
2018,350,2018-01-28,Domingo,0,19:30:00,Ruta Secundaria 23-s,0.0,2,"Bicicleta,Automóvil", ,3,1,0,0,2,0,0,"-33.08035,-61.50816",Ruta,23-s,SAN JOSÉDE LA ESQUINA,Caseros,Asfalto,Natural,IV,Dentro,Urbana,Ninguna,No existe,Recta,Bueno,Buena,Atardecer,Buen Tiempo,S/D,Ciclista,Atropello,Ninguna,"Horizontal,Vertical",Línea divisoria pintada,Sin restricción
2018,351,2018-01-05,Viernes,0,18:00:00,,0.0,2,"Automóvil,Camión c / Semirremolque",B Irigoyen Y R S Pe?a,3,0,1,0,2,0,0,"-29.468,-60.218472222222",Calle,,VERA,Vera,"Tierra,Ripio",No existe,I,Dentro,Urbana,Ninguna,No existe,Intersección,Bueno,Buena,Diurna,Buen Tiempo,Frontal,S/D,Colisión,Ninguna,Faltante,Ninguna,Sin restricción
2018,352,2018-01-05,Viernes,0,20:45:00,,0.0,2,"Automóvil,Moto/Ciclomotor",San Martin 2355,2,1,0,0,1,0,0,"-29.457611111111,-60.210166666667",Calle,,VERA,Vera,Asfalto,No existe,XIX,Dentro,Urbana,Ninguna,No existe,Recta,Bueno,Buena,Atardecer,Buen Tiempo,Frontal,S/D,Colisión,Ninguna,Faltante,Ninguna,Sin restricción
2018,353,2018-01-16,Martes,0,12:15:00,,0.0,2,"Moto/Ciclomotor,Pickup/Utilitario",Mitre B Y Espa?a,2,0,1,0,1,0,0,"-29.457666666667,-60.213972222222",Calle,,VERA,Vera,Asfalto,No existe,XIX,Dentro,Urbana,Ninguna,No existe,Intersección,Bueno,Buena,Diurna,Buen Tiempo,Frontal,S/D,Colisión,Ninguna,Faltante,Ninguna,Sin restricción
2018,354,2018-01-22,Lunes,0,14:30:00,,0.0,1,Moto/Ciclomotor,Pte Peron Y Saavedra,4,2,2,0,0,0,0,"-29.469722222222,-60.206416666667",Calle,,VERA,Vera,Asfalto,No existe,XIX,Dentro,Urbana,Ninguna,No existe,Intersección,Bueno,Buena,Diurna,Buen Tiempo,Contra objeto fijo,S/D,Colisión,Ninguna,Faltante,Ninguna,Sin restricción
2018,355,2018-02-07,Miercoles,0,21:30:00,,0.0,2,"Pickup/Utilitario,Moto/Ciclomotor",Av Blas Parera Y J Castelli,3,2,0,0,1,0,0,"-31.600527777778,-60.721666666667",Calle,,SANTA FE,La Capital,Hormigón,No existe,I,Dentro,Urbana,Semáforo,Funciona,Intersección,Bueno,Buena,Nocturna,Buen Tiempo,De alcance,S/D,Colisión,Ninguna,Faltante,Cordón divisorio,Sin restricción
2018,356,2018-02-15,Jueves,0,11:00:00,,0.0,2,"Automóvil,Moto/Ciclomotor",Mendoza Y Av Urquiza,2,1,0,0,1,0,0,"-31.647472222222,-60.713583333333",Avenida,,SANTA FE,La Capital,Asfalto,No existe,I,Dentro,Urbana,Ninguna,Funciona,Intersección,Bueno,Buena,Diurna,Buen Tiempo,Lateral,S/D,Colisión,Ninguna,"Horizontal,Vertical",Ninguna,Sin restricción
2018,357,2018-01-02,Martes,0,13:10:00,Ruta Provincial 70,0.0,2,"Pickup/Utilitario,Moto/Ciclomotor",Maipu Y A Aufranc,2,1,0,0,1,0,0,"-31.445638888889,-60.917083333333",Ruta,70,ESPERANZA,Las Colonias,Asfalto,No existe,XI,Dentro,Urbana,Ninguna,No existe,Recta,Bueno,Buena,Diurna,Buen Tiempo,Lateral,S/D,Colisión,Ninguna,Faltante,Línea divisoria pintada,Sin restricción
2018,358,2018-01-27,Sabado,0,11:40:00,,0.0,2,"Automóvil,Bicicleta",San Martin Y Buenos Aires,2,1,0,0,1,0,0,"-29.463555555556,-60.211333333333",Calle,,VERA,Vera,Asfalto,No existe,I,Dentro,Urbana,Ninguna,No existe,Intersección,Bueno,Buena,Diurna,Buen Tiempo,Frontal,S/D,Colisión,Ninguna,Faltante,Ninguna,Sin restricción
2018,359,2018-01-02,Martes,0,22:40:00,,0.0,2,"Automóvil,Automóvil",Guemes Y Domingo Faustino Sarmiento,2,1,0,0,1,0,0,"-31.452944444444,-60.932666666667",Calle,,ESPERANZA,Las Colonias,Asfalto,No existe,XI,Dentro,Urbana,Ninguna,No existe,Intersección,Bueno,Buena,Nocturna,Buen Tiempo,Frontal,S/D,Colisión,Ninguna,Faltante,Ninguna,Sin restricción
2018,360,2018-01-29,Lunes,0,21:05:00,,0.0,2,"Pickup/Utilitario,Moto/Ciclomotor",Belgrano ,3,2,0,0,1,0,0,"-29.445045,-60.209058",Calle,,VERA,Vera,Asfalto,No existe,XIX,Dentro,Urbana,Ninguna,No existe,Recta,Bueno,Buena,Nocturna,Buen Tiempo,Frontal,S/D,Colisión,Ninguna,Faltante,Ninguna,Sin restricción
2018,361,2018-01-19,Viernes,0,,,0.0,2,"Moto/Ciclomotor,Pickup/Utilitario",Av Las Heras Y Independencia,3,1,0,0,2,0,0,"-31.441531,-61.252917",Calle,,PILAR,Las Colonias,Tierra,No existe,XI,Dentro,Urbana,Ninguna,No existe,Intersección,Deteriorada,Buena,Atardecer,Buen Tiempo,Lateral,S/D,Colisión,Ninguna,Vertical,Ninguna,Sin restricción
2018,362,2018-02-19,Lunes,0,10:20:00,,0.0,2,"Peatón,Automóvil",Av Blas Parera Y J Castelli,2,0,1,0,0,0,1,"-31.600527777778,-60.721666666667",Calle,,SANTA FE,La Capital,Hormigón,No existe,I,Dentro,Urbana,Semáforo,Funciona,Intersección,Bueno,S/D,Diurna,Buen Tiempo,S/D,Peatón,Atropello,Ninguna,Faltante,Cordón divisorio,Sin restricción
2018,363,2018-01-24,Miercoles,0,01:30:00,,0.0,1,Moto/Ciclomotor,Bv. Avellaneda Y Av. Battle y Ordo?ez,2,0,1,0,1,0,0,"-33.01009, -60.68944",Avenida,,ROSARIO,Rosario,Asfalto,Pavimento,II,S/D,Urbana,Ninguna,No existe,Recta,Bueno,Buena,Nocturna,Buen Tiempo,Contra objeto fijo,S/D,"Caída ocupante,Colisión",Ninguna,Faltante,Ninguna,Sin restricción
2018,364,2018-01-29,Lunes,0,12:40:00,,0.0,2,"Moto/Ciclomotor,Pickup/Utilitario",San Martin Y 20 de Junio,2,0,1,0,1,0,0,"-31.435895,-61.258533",Avenida,,PILAR,Las Colonias,Asfalto,No existe,XI,Dentro,Urbana,Ninguna,No existe,Intersección,Bueno,Buena,Diurna,Buen Tiempo,De alcance,S/D,Colisión,Ninguna,Vertical,Ninguna,Sin restricción
2018,365,2018-02-03,Sabado,0,11:00:00,,0.0,2,"Automóvil,Moto/Ciclomotor",Gorriti Y Bernardo de Irigoyen,2,0,1,0,1,0,0,"-31.584305555556,-60.720305555556",Avenida,,SANTA FE,La Capital,Hormigón,S/D,I,Dentro,Urbana,Ninguna,S/D,Intersección,Bueno,S/D,S/D,Buen Tiempo,Frontal,S/D,Colisión,Ninguna,S/D,"Cordón divisorio,Vegetación",Sin restricción
2018,366,2018-01-07,Domingo,0,21:00:00,,0.0,2,"Bicicleta,Moto/Ciclomotor",Anchorena Y Mariano Moreno,2,1,0,0,1,0,0,"-32.998166666667,-60.662166666667",Calle,,ROSARIO,Rosario,Asfalto,No existe,II,Dentro,Urbana,Ninguna,No existe,Cruce,Bueno,Buena,Nocturna,Buen Tiempo,Frontal,Ciclista,Atropello,Ninguna,S/D,Ninguna,Sin restricción
2018,367,2018-01-30,Martes,0,19:15:00,,0.0,4,"Pickup/Utilitario,Bicicleta,Bicicleta,Bicicleta",20 de Junio Y 27 de Abril,4,3,0,0,1,0,0,"-31.436043990169, -61.256922407345",Calle,,PILAR,Las Colonias,Asfalto,No existe,XI,Dentro,Urbana,Ninguna,No existe,Intersección,Bueno,Buena,Atardecer,Buen Tiempo,De alcance,S/D,Colisión,Ninguna,Vertical,Ninguna,Sin restricción
2018,368,2018-01-11,Jueves,0,20:50:00,,0.0,2,"Automóvil,Automóvil",Bv. Oro?o Y Av. Uriburu,4,2,0,0,2,0,0,"-32.991305555556,-60.665138888889",Avenida,,ROSARIO,Rosario,Asfalto,S/D,II,Dentro,Urbana,Semáforo,S/D,Intersección,Bueno,S/D,S/D,Buen Tiempo,Otro,S/D,Colisión,Ninguna,Horizontal,Línea divisoria pintada,Sin restricción
2018,369,2018-02-23,Viernes,0,17:25:00,,0.0,2,"Pickup/Utilitario,Moto/Ciclomotor",Lavalle Y Bv GÁLVEZ,2,1,0,0,1,0,0,"-31.638472222222,-60.690166666667",Avenida,,SANTA FE,La Capital,Asfalto,No existe,I,Dentro,Urbana,S/D,Funciona,Intersección,Bueno,S/D,Diurna,S/D,Lateral,S/D,Colisión,S/D,S/D,S/D,S/D
2018,370,2018-01-30,Martes,0,19:30:00,,0.0,1,Automóvil,CAMINO RURAL ,4,3,0,0,1,0,0,"-31.243083,-61.221382",Camino Rural,,FELICIA,Las Colonias,Tierra,No existe,XI,S/D,Rural,S/D,No existe,Intersección,Bueno,Buena,Atardecer,Buen Tiempo,Atropello animal,S/D,Vuelco,Ninguna,Faltante,Ninguna,Sin restricción
2018,371,2018-01-11,Jueves,0,,,0.0,2,"Automóvil,Moto/Ciclomotor",Av. Ovidio Lagos Y Camino F.Ruiz,2,1,0,0,1,0,0,"-33.013805555556,-60.678305555556",Calle,,ROSARIO,Rosario,Asfalto,Pavimento,II,Dentro,Urbana,S/D,S/D,Cruce,Bueno,Buena,Diurna,Buen Tiempo,Otro,S/D,Colisión,Ninguna,S/D,Ninguna,S/D
2018,372,2018-02-23,Viernes,0,17:00:00,,0.0,2,"Tractor,Moto/Ciclomotor",Estanislao Zeballos Y Parana,2,1,0,0,0,0,1,"-31.600833333333,-60.715833333333",Calle,,SANTA FE,La Capital,Asfalto,No existe,I,Dentro,Urbana,Ninguna,No existe,Intersección,Bueno,Buena,Diurna,Buen Tiempo,Lateral,S/D,Colisión,Ninguna,Faltante,Ninguna,Sin restricción
2018,374,2018-02-22,Jueves,0,21:50:00,,0.0,2,"Automóvil,Moto/Ciclomotor",Las Heras 3300,2,1,0,0,1,0,0,"-31.638666666667,-60.698166666667",Calle,,SANTA FE,La Capital,Asfalto,No existe,I,Dentro,Urbana,S/D,No existe,Recta,Bueno,S/D,Nocturna,S/D,Lateral,S/D,Colisión,S/D,S/D,S/D,S/D
2018,375,2018-01-09,Martes,0,23:10:00,,0.0,2,"Moto/Ciclomotor,Moto/Ciclomotor",Dr. Medina 6500,3,2,0,0,0,0,1,"-33.014681, -60.690004",Calle,,ROSARIO,Rosario,Asfalto,No existe,II,Dentro,Urbana,Ninguna,No existe,Recta,Bueno,Buena,Nocturna,Buen Tiempo,Otro,S/D,Colisión,Ninguna,S/D,Ninguna,Sin restricción
2018,376,2018-02-16,Viernes,0,21:15:00,,0.0,2,"Peatón,Moto/Ciclomotor",Av Blas Parera Y Pedro Espinosa,3,1,0,0,0,0,2,"-31.563833333333,-60.729888888889",Calle,,SANTA FE,La Capital,Asfalto,Natural,I,S/D,Urbana,Ninguna,No existe,Intersección,Bueno,Reducida,Nocturna,Buen Tiempo,S/D,S/D,Colisión,Otro,Faltante,Ninguna,Sin restricción
2018,377,2018-02-20,Martes,0,17:00:00,,0.0,2,"Automóvil,Moto/Ciclomotor",Fray Domingo de Oro ,2,2,0,0,0,0,0,"-31.564354972987,-60.746876277418",Calle,,SANTA FE,La Capital,Asfalto,No existe,I,Dentro,Urbana,S/D,Funciona,Intersección,Bueno,S/D,Diurna,S/D,S/D,S/D,S/D,S/D,S/D,S/D,S/D
2018,378,2018-01-21,Domingo,0,00:15:00,Ruta Provincial 10,170.0,2,"Automóvil,Automóvil", ,3,1,0,0,2,0,0,"-31.56696, -61.36371",Ruta,10,SA PEREIRA,Las Colonias,Asfalto,Natural,XI,Dentro,Rural,Ninguna,No existe,Curva,Con baches,Buena,Nocturna,Buen Tiempo,Lateral,S/D,Colisión,Ninguna,S/D,Línea divisoria pintada,Sin restricción
2018,379,2018-01-11,Jueves,0,20:40:00,,0.0,2,"Moto/Ciclomotor,Moto/Ciclomotor",Bv. Avellaneda Y Av. Arijon,2,2,0,0,0,0,0,"-33.004188, -60.688993",Calle,,ROSARIO,Rosario,Asfalto,No existe,II,S/D,Urbana,Ninguna,No existe,Intersección,Bueno,Buena,Nocturna,Buen Tiempo,Otro,S/D,Colisión,S/D,S/D,Ninguna,Sin restricción
2018,380,2018-02-15,Jueves,0,21:40:00,,0.0,2,"Automóvil,Moto/Ciclomotor",Av Blas Parera Y Callejon Aguirre,2,1,0,0,1,0,0,"-31.580277777778,-60.727",Calle,,SANTA FE,La Capital,Asfalto,No existe,I,S/D,Urbana,Semáforo,Funciona,Intersección,Bueno,Buena,Nocturna,Buen Tiempo,De alcance,S/D,Colisión,Ninguna,Horizontal,Ninguna,Sin restricción
2018,381,2018-01-12,Viernes,0,14:10:00,,0.0,2,"Automóvil,Bicicleta",Sanchez de Bustamante Y Cereseto,3,1,0,0,2,0,0,"-33.002778, -60.673866",Calle,,ROSARIO,Rosario,Asfalto,No existe,II,S/D,Urbana,Ninguna,No existe,Intersección,Bueno,Buena,Diurna,Buen Tiempo,S/D,Ciclista,Atropello,S/D,Faltante,Ninguna,Sin restricción