anio_acci,nro_acci,fecha,desc_dia,fecha_aprox,hora_aprox,desc_ruta,km,cant_participantes,desc_participante,calle_avenida_km,total,heridos_leves,heridos_graves,heridos_gravisimos,ilesos,fallecidos,sin_datos,posicion_XY,desc_tipo_via,desc_ruta_ori,desc_loc,desc_dpto,desc_tipo_calzada,desc_tipo_banquina,desc_unidad_regional,desc_lugar_calzada,desc_zona,desc_prioridad,desc_estado_semaforo,desc_lugar_via,desc_estado_via,desc_estado_visibilidad,desc_luminosidad,desc_estado_clima,desc_tipo_colision,desc_tipo_atropello,desc_tipo_hecho,desc_pres_calzada,desc_senializacion,desc_separacion_via,desc_restriccion
2018,382,2018-02-16,Viernes,0,03:50:00,,0.0,2,"Moto/Ciclomotor,Automóvil",Av 7 Jefes Y Luciano Molinas,3,0,1,0,0,0,2,"-31.636027777778,-60.681555555556",Calle,,SANTA FE,La Capital,Asfalto,No existe,I,Dentro,Urbana,S/D,No existe,Intersección,Bueno,S/D,Nocturna,S/D,Lateral,S/D,Colisión,S/D,S/D,S/D,S/D
2018,383,2018-02-15,Jueves,0,21:40:00,,0.0,2,"Bicicleta,Automóvil",Florencio Fernandez Y Dr Pio Pandolfo,2,1,0,0,1,0,0,"-31.57625,-60.727333333333",Calle,,SANTA FE,La Capital,Asfalto,No existe,I,S/D,Urbana,Ninguna,No existe,Recta,Bueno,Reducida,Nocturna,Buen Tiempo,S/D,Ciclista,Atropello,Ninguna,Faltante,Ninguna,Sin restricción
2018,384,2018-01-22,Lunes,0,11:35:00,,0.0,2,"Bicicleta,Automóvil",Italia Y 3 De Febrero,2,1,0,0,1,0,0,"-32.951027777778,-60.649472222222",Calle,,ROSARIO,Rosario,Asfalto,S/D,II,S/D,Urbana,S/D,S/D,Recta,S/D,S/D,S/D,S/D,S/D,Ciclista,Atropello,S/D,S/D,S/D,S/D
2018,385,2018-02-01,Jueves,1,07:40:00,,0.0,2,"Automóvil,Moto/Ciclomotor",Av 7 Jefes Y Maipu,2,1,0,0,1,0,0,"-31.638055555556,-60.682138888889",Calle,,SANTA FE,La Capital,Asfalto,No existe,I,Dentro,Urbana,S/D,No existe,Intersección,Bueno,S/D,Amanecer,S/D,Lateral,S/D,Colisión,S/D,S/D,S/D,S/D
2018,386,2018-01-22,Lunes,0,06:00:00,,0.0,2,"Pickup/Utilitario,Automóvil",Mendoza Y Santiago,5,3,1,0,0,0,1,"-32.948333333333,-60.657333333333",Calle,,ROSARIO,Rosario,Asfalto,S/D,II,S/D,Urbana,S/D,Funciona,Intersección,Bueno,Buena,Nocturna,S/D,S/D,S/D,Colisión,S/D,S/D,S/D,S/D
2018,387,2018-02-10,Sabado,0,17:20:00,,0.0,2,"Moto/Ciclomotor,Automóvil",Bv GÁLVEZ Y Lavalle,2,1,0,0,1,0,0,"-31.638472222222,-60.690166666667",Avenida,,SANTA FE,La Capital,Asfalto,No existe,I,Dentro,Urbana,S/D,Funciona,Intersección,Bueno,S/D,Atardecer,S/D,Lateral,S/D,Colisión,S/D,S/D,S/D,S/D
2018,388,2018-01-21,Domingo,0,16:00:00,,0.0,2,"Moto/Ciclomotor,Moto/Ciclomotor",Bv. Oro?o Y E.Zeballos,3,3,0,0,0,0,0,"-32.95229, -60.65538",Calle,,ROSARIO,Rosario,Asfalto,S/D,II,S/D,Urbana,S/D,S/D,Intersección,Bueno,Buena,Diurna,S/D,S/D,S/D,Colisión,S/D,S/D,S/D,S/D
2018,389,2018-02-12,Lunes,0,18:30:00,,0.0,2,"Automóvil,Moto/Ciclomotor",Segundo Pje 8750,2,1,0,0,1,0,0,"-31.60904, -60.71741",Calle,,SANTA FE,La Capital,Ripio,No existe,I,Dentro,Urbana,Ninguna,No existe,Recta,Con baches,Buena,Atardecer,Buen Tiempo,De alcance,S/D,Colisión,Ninguna,Faltante,Ninguna,Sin restricción
2018,390,2018-02-10,Sabado,0,07:55:00,,0.0,2,"Moto/Ciclomotor,Automóvil",Candioti Y Gdor Candioti,2,1,0,0,1,0,0,"-31.640027777778,-60.696277777778",Calle,,SANTA FE,La Capital,Asfalto,No existe,I,Dentro,Urbana,S/D,No existe,Intersección,Bueno,S/D,Amanecer,S/D,Lateral,S/D,Colisión,S/D,S/D,S/D,S/D
2018,391,2018-01-21,Domingo,0,00:30:00,,0.0,2,"Automóvil,Moto/Ciclomotor",Montevideo Y J.M.de Rosas,4,1,1,0,2,0,0,"-32.957361111111,-60.633694444444",Calle,,ROSARIO,Rosario,Asfalto,S/D,II,S/D,Urbana,S/D,S/D,Intersección,Bueno,S/D,Nocturna,S/D,Otro,S/D,Colisión,S/D,S/D,S/D,S/D
2018,392,2018-02-08,Jueves,0,07:45:00,,0.0,1,Automóvil,Av Blas Parera Y Florencio Fernandez,1,1,0,0,0,0,0,"-31.576194444444,-60.728166666667",Avenida,,SANTA FE,La Capital,Asfalto,No existe,I,S/D,Urbana,Ninguna,Funciona,Recta,Bueno,Buena,Nocturna,Buen Tiempo,Contra objeto fijo,S/D,Colisión,Ninguna,Horizontal,Ninguna,Sin restricción
2018,393,2018-02-01,Jueves,0,18:40:00,,0.0,2,"Automóvil,Moto/Ciclomotor",Gorriti 5800,3,2,0,0,1,0,0,"-31.582277777778,-60.730527777778",Calle,,SANTA FE,La Capital,Ripio,No existe,I,Dentro,Urbana,Ninguna,No existe,Recta,Con baches,Buena,Atardecer,Buen Tiempo,De alcance,S/D,Colisión,Ninguna,Faltante,Ninguna,Sin restricción
2018,394,2018-02-01,Jueves,0,15:00:00,,0.0,1,Automóvil,Cafferata Y Gorriti,2,1,0,0,1,0,0,"-31.581777777778,-60.732555555556",Calle,,SANTA FE,La Capital,Ripio,No existe,I,Dentro,Urbana,Ninguna,No existe,Intersección,Con baches,Buena,Diurna,Buen Tiempo,Lateral,S/D,Colisión,Ninguna,Faltante,Ninguna,Sin restricción
2018,395,2018-02-07,Miercoles,0,05:15:00,Ruta Provincial 1,11.0,1,Automóvil,Calle 10 ,2,1,0,0,1,0,0,"-31.57119, -60.54288",Ruta,1,ARROYO LEYES,La Capital,Asfalto,S/D,I,S/D,Urbana,Marca Vial,S/D,Curva,Bueno,S/D,S/D,Buen Tiempo,S/D,S/D,Despiste,Ninguna,"Horizontal,Vertical",Línea divisoria pintada,Sin restricción
2018,396,2018-02-28,Miercoles,0,14:00:00,,0.0,2,"Moto/Ciclomotor,Automóvil",Av Pe?aloza Y Reg 12 de Infanteria,2,1,0,0,1,0,0,"-31.593694444444,-60.712111111111",Avenida,,SANTA FE,La Capital,Hormigón,Pavimento,I,Dentro,Urbana,Semáforo,Funciona,Intersección,Bueno,Buena,Diurna,Buen Tiempo,Lateral,S/D,Colisión,Ninguna,Vertical,Cordón divisorio,Sin restricción
2018,397,2018-01-21,Domingo,0,06:40:00,,0.0,2,"Automóvil,Moto/Ciclomotor",Pericota Y Avenida Las Americas,2,0,1,0,1,0,0,"-31.120158, -60.886198",Calle,,SANTO DOMINGO,Las Colonias,Asfalto,No existe,XI,Dentro,Urbana,Ninguna,No existe,Intersección,"Con baches,Deteriorada",Buena,Diurna,Buen Tiempo,Lateral,S/D,Colisión,Ninguna,Vertical,Ninguna,Sin restricción
2018,398,2018-01-21,Domingo,0,14:45:00,,0.0,2,"Automóvil,Peatón",Av. Pellegrini Y Av. Belgrano,4,2,0,0,2,0,0,"-32.960944444444,-60.621194444444",Calle,,ROSARIO,Rosario,Asfalto,S/D,II,S/D,Urbana,S/D,S/D,Intersección,Bueno,Buena,Diurna,Buen Tiempo,Otro,S/D,Colisión,S/D,S/D,S/D,S/D
2018,399,2018-01-11,Jueves,0,06:30:00,Ruta Nacional A008,0.0,2,"Camión Chasis,Automóvil",Av. Circunvalaci?n Y Cordoba,2,1,0,0,1,0,0,"-32.931027777778,-60.724583333333",Ruta,A008,ROSARIO,Rosario,Asfalto,Pavimento,II,Dentro,Urbana,S/D,No existe,Recta,Bueno,S/D,Diurna,S/D,S/D,S/D,Colisión,S/D,S/D,Barrera de hormigón,S/D
2018,400,2018-01-02,Martes,0,22:00:00,Ruta Nacional A008,999.9,2,"Moto/Ciclomotor,Automóvil",Mendoza Y Av. Circunvalacion,4,1,0,0,3,0,0,"-32.940555555556,-60.722055555556",Ruta,A008,ROSARIO,Rosario,Asfalto,S/D,II,Dentro,Urbana,Semáforo,Funciona,Recta,Bueno,S/D,"Nocturna,Con luz artificial",S/D,Lateral,S/D,"Colisión,Otro",S/D,S/D,"Guardarrail,Cordón divisorio",S/D
2018,401,2018-01-12,Viernes,0,15:00:00,Ruta Nacional A008,999.9,4,"Camión Chasis,Camión Chasis,Moto/Ciclomotor,Camión Chasis", ,4,1,0,0,3,0,0,"-33.009305555556,-60.673611111111",Ruta,A008,ROSARIO,Rosario,Asfalto,Pavimento,II,S/D,Rural,Marca Vial,No existe,Recta,S/D,Buena,Diurna,Buen Tiempo,Múltiple,S/D,Colisión,Ninguna,Horizontal,Guardarrail,Sin restricción
2018,402,2018-01-12,Viernes,0,16:30:00,Ruta Nacional A008,0.0,4,"Camión c / Acoplado,Automóvil,Moto/Ciclomotor,Automóvil",Av. Circunvalacion Y Bv. Avellaneda,4,1,0,0,3,0,0,"-33.000055555556,-60.689388888889",Ruta,A008,ROSARIO,Rosario,Asfalto,Pavimento,II,Dentro,Urbana,Ninguna,No existe,Recta,Bueno,Buena,Diurna,Buen Tiempo,Múltiple,S/D,Colisión,S/D,Faltante,Línea divisoria pintada,Sin restricción
2018,403,2018-05-25,Viernes,0,01:20:00,,0.0,2,"Cuatriciclo,Automóvil",Reg 12 de Infanteria Y Estrada,2,1,0,0,1,0,0,"-31.593055555556,-60.715611111111",Calle,,SANTA FE,La Capital,Asfalto,Pavimento,I,Dentro,Urbana,Ninguna,Funciona,Intersección,Bueno,Buena,Nocturna,Buen Tiempo,Lateral,S/D,Colisión,Ninguna,Vertical,Cordón divisorio,Sin restricción
2018,404,2018-02-02,Viernes,0,08:50:00,Ruta Provincial 1,4.0,2,"Moto/Ciclomotor,Moto/Ciclomotor", ,2,2,0,0,0,0,0,"-31.61741, -60.58891",Ruta,1,COLASTINE,La Capital,Asfalto,Natural,I,Dentro,Urbana,Policía de tránsito,Funciona,Recta,Bueno,Buena,Diurna,Otro,Lateral,S/D,Colisión,Ninguna,Vertical,Línea divisoria pintada,Sin restricción
2018,405,2018-01-18,Jueves,0,05:45:00,Ruta Nacional A008,999.9,2,"Moto/Ciclomotor,Pickup/Utilitario",Av. Ovidio Lagos Y Av. Circunvalacion,2,1,0,0,1,0,0,"-33.009194444444,-60.67725",Ruta,A008,ROSARIO,Rosario,Asfalto,No existe,II,Dentro,Urbana,Semáforo,Funciona,Recta,Bueno,Buena,Amanecer,Buen Tiempo,Lateral,S/D,Colisión,S/D,S/D,Cordón divisorio,Sin restricción
2018,406,2018-02-21,Miercoles,0,14:40:00,,0.0,2,"Moto/Ciclomotor,Automóvil",Av Pe?aloza 7400,2,1,0,0,1,0,0,"-31.595805555556,-60.712277777778",Avenida,,SANTA FE,La Capital,Asfalto,Pavimento,I,Dentro,Urbana,Ninguna,No existe,Recta,Bueno,Buena,Diurna,Buen Tiempo,Frontal,S/D,Colisión,Ninguna,Faltante,Cordón divisorio,Sin restricción
2018,408,2018-01-19,Viernes,0,15:30:00,Ruta Nacional A008,0.0,2,"Camión c / Acoplado,Automóvil",Av. Pellegrini Y Av. Circunvalacion,4,2,0,0,2,0,0,"-32.948861111111,-60.722666666667",Ruta,A008,ROSARIO,Rosario,Asfalto,Pavimento,II,Dentro,Urbana,S/D,No existe,Recta,Bueno,S/D,Diurna,S/D,S/D,S/D,Colisión,S/D,S/D,Barrera de hormigón,S/D
2018,409,2018-02-19,Lunes,0,20:45:00,,0.0,2,"Moto/Ciclomotor,Automóvil",Av Pe?aloza Y Azcuenaga,2,1,0,0,0,0,1,"-31.590083333333,-60.711666666667",Avenida,,SANTA FE,La Capital,Asfalto,Pavimento,I,Dentro,Urbana,Ninguna,No existe,Intersección,Bueno,Buena,Nocturna,Buen Tiempo,De alcance,S/D,Colisión,Ninguna,Faltante,Cordón divisorio,Sin restricción
2018,410,2018-01-12,Viernes,0,14:30:00,Ruta Nacional A008,999.9,2,"Moto/Ciclomotor,Automóvil",Av. Circunvalacion Y Bv. 27 De Febrero,2,1,0,0,1,0,0,"-32.959527777778,-60.721583333333",Ruta,A008,ROSARIO,Rosario,Asfalto,No existe,II,S/D,Urbana,Semáforo,Funciona,Intersección,Bueno,Buena,Diurna,Buen Tiempo,Lateral,S/D,Colisión,Ninguna,"Horizontal,Vertical",Cordón divisorio,Sin restricción
2018,411,2018-01-08,Lunes,0,09:30:00,,0.0,1,Pickup/Utilitario,CAMINO RURAL ,1,0,1,0,0,0,0,"-31.270557, -61.078449",Camino Rural,,GRUTLY SUR,Las Colonias,Ripio,Natural,XI,S/D,Rural,S/D,No existe,Recta,"Con baches,Deteriorada",Buena,Diurna,Buen Tiempo,S/D,S/D,Vuelco,Material Suelto,S/D,S/D,Sin restricción
2018,412,2018-02-17,Sabado,0,14:50:00,Ruta Provincial 1,3.0,2,"Automóvil,Moto/Ciclomotor", ,2,1,0,0,1,0,0,"-31.62462, -60.60148",Ruta,1,COLASTINE,La Capital,Asfalto,Natural,I,Dentro,Urbana,Ninguna,No funciona,Recta,Bueno,Buena,Diurna,Buen Tiempo,Lateral,S/D,Colisión,Ninguna,Vertical,Línea divisoria pintada,Sin restricción
2018,413,2018-02-14,Miercoles,0,17:45:00,,0.0,2,"Moto/Ciclomotor,Automóvil",Reg 12 de Infanteria Y Av Pe?aloza,2,1,0,0,1,0,0,"-31.593833333333,-60.711944444444",Avenida,,SANTA FE,La Capital,Asfalto,Pavimento,I,Dentro,Urbana,Semáforo,Funciona,Intersección,Bueno,Buena,Diurna,Buen Tiempo,Lateral,S/D,Colisión,Ninguna,Vertical,Cordón divisorio,Sin restricción
2018,414,2018-01-07,Domingo,0,,Ruta Nacional A008,0.0,2,"Automóvil,Moto/Ciclomotor",Av. Circunvalacion Y J.J.Paso,3,2,0,0,1,0,0,"-32.920527777778,-60.722972222222",Ruta,A008,ROSARIO,Rosario,Asfalto,No existe,II,S/D,Urbana,Ninguna,Funciona,Otro,Bueno,Buena,Nocturna,Buen Tiempo,De alcance,S/D,Colisión,Ninguna,S/D,S/D,Sin restricción
2018,415,2018-02-14,Miercoles,0,09:45:00,Ruta Provincial 1,1.0,2,"Automóvil,Moto/Ciclomotor", ,2,1,0,0,1,0,0,"-31.63387, -60.61736",Ruta,1,COLASTINE,La Capital,Asfalto,Natural,I,Dentro,Urbana,Ninguna,No existe,Recta,Bueno,Buena,Diurna,Buen Tiempo,Lateral,S/D,Colisión,Ninguna,Vertical,Línea divisoria pintada,Sin restricción
2018,416,2018-01-27,Sabado,0,17:40:00,Ruta Nacional A008,0.0,2,"Automóvil,Moto/Ciclomotor",Santa Fe Y Av. Circunvalacion,2,1,0,0,1,0,0,"-32.935972222222,-60.723444444444",Ruta,A008,ROSARIO,Rosario,Asfalto,Pavimento,II,Dentro,Urbana,S/D,No existe,Recta,Bueno,S/D,Diurna,S/D,S/D,S/D,S/D,S/D,S/D,Barrera de hormigón,S/D
2018,417,2018-01-12,Viernes,0,21:25:00,,0.0,2,"Moto/Ciclomotor,Bicicleta",Av Argentina Y Libertad,3,3,0,0,0,0,0,"-31.453944444444,-60.909138888889",Avenida,,ESPERANZA,Las Colonias,Asfalto,S/D,XI,Dentro,Urbana,Marca Vial,S/D,Recta,Bueno,S/D,S/D,Otro,Lateral,Ciclista,Atropello,Ninguna,Vertical,Cordón divisorio,Sin restricción
2018,418,2018-02-13,Martes,0,19:10:00,,0.0,2,"Moto/Ciclomotor,Automóvil",Reg 12 de Infanteria Y Europa,2,1,0,0,1,0,0,"-31.5925,-60.718333333333",Calle,,SANTA FE,La Capital,Asfalto,Pavimento,I,Dentro,Urbana,Ninguna,No existe,Intersección,Bueno,Buena,Atardecer,Buen Tiempo,Lateral,S/D,Colisión,Ninguna,Faltante,Cordón divisorio,Sin restricción
2018,419,2018-01-20,Sabado,0,14:45:00,,0.0,2,"Pickup/Utilitario,Pickup/Utilitario",Balcarce Y Rioja,6,1,0,0,5,0,0,"-32.945083333333,-60.652222222222",Calle,,ROSARIO,Rosario,Asfalto,S/D,II,S/D,Urbana,S/D,S/D,Intersección,Bueno,Buena,Diurna,S/D,S/D,S/D,Colisión,S/D,S/D,S/D,S/D
2018,420,2018-01-17,Miercoles,0,21:29:00,,0.0,2,"Moto/Ciclomotor,Moto/Ciclomotor",Av Argentina Y Libertad,3,1,0,0,2,0,0,"-31.453944444444,-60.909138888889",Avenida,,ESPERANZA,Las Colonias,Asfalto,No existe,XI,S/D,Urbana,Ninguna,No existe,Intersección,Bueno,Buena,Con luz artificial,Buen Tiempo,Lateral,S/D,Colisión,Ninguna,Vertical,Ninguna,Sin restricción
2018,421,2018-01-18,Jueves,0,15:45:00,,0.0,2,"Bicicleta,Moto/Ciclomotor",Rioja 1500,2,1,0,0,0,0,1,"-32.946583333333,-60.644027777778",Calle,,ROSARIO,Rosario,Asfalto,S/D,II,S/D,Urbana,S/D,S/D,Recta,Bueno,Buena,Diurna,S/D,S/D,Ciclista,Atropello,S/D,S/D,S/D,S/D
2018,422,2018-02-10,Sabado,0,04:10:00,,0.0,2,"Moto/Ciclomotor,Moto/Ciclomotor",Reg 12 de Infanteria Y Europa,2,1,0,0,1,0,0,"-31.5925,-60.718333333333",Calle,,SANTA FE,La Capital,Asfalto,Pavimento,I,Dentro,Urbana,Ninguna,No existe,Intersección,Bueno,Buena,Nocturna,Buen Tiempo,Lateral,S/D,Colisión,Ninguna,Faltante,Cordón divisorio,Sin restricción
2018,423,2018-01-18,Jueves,0,18:53:00,,0.0,2,"Automóvil,Automóvil",Dorrego Y Cordoba,3,1,0,0,2,0,0,"-32.944444444444,-60.649222222222",Calle,,ROSARIO,Rosario,S/D,S/D,II,S/D,Urbana,S/D,S/D,Intersección,S/D,S/D,Nocturna,S/D,Otro,S/D,Colisión,S/D,S/D,S/D,S/D
2018,424,2018-02-03,Sabado,0,17:30:00,Ruta Provincial 1,0.0,2,"Automóvil,Moto/Ciclomotor",Constituyentes ,2,1,0,0,1,0,0,"-31.60192, -60.57351",Ruta,1,SAN JOSÉ DEL RINCÓN,La Capital,Asfalto,Natural,I,Dentro,Urbana,Ninguna,No existe,Intersección,Bueno,Buena,Diurna,Buen Tiempo,Lateral,S/D,Colisión,Ninguna,Faltante,Ninguna,Sin restricción
2018,425,2018-01-18,Jueves,0,11:00:00,Ruta Provincial 70,18.2,2,"Moto/Ciclomotor,Otros",Brigadier Lopez Y Libertad,2,1,0,0,0,0,1,"-31.447944444444,-60.907305555556",Ruta,70,ESPERANZA,Las Colonias,Asfalto,Pavimento,XI,S/D,Urbana,Ninguna,No existe,Intersección,Bueno,Buena,Amanecer,Buen Tiempo,Otro,S/D,Colisión,Ninguna,Horizontal,Ninguna,Sin restricción
2018,427,2018-02-06,Martes,0,08:15:00,Ruta Provincial 1,5.0,2,"Automóvil,Moto/Ciclomotor", ,2,1,0,0,1,0,0,"-31.61741, -60.58891",Ruta,1,SAN JOSÉ DEL RINCÓN,La Capital,Asfalto,Natural,I,Dentro,Urbana,Ninguna,No existe,Intersección,Bueno,Buena,Diurna,Buen Tiempo,Lateral,S/D,Colisión,Ninguna,Faltante,Cordón divisorio,Sin restricción
2018,428,2018-01-17,Miercoles,0,11:40:00,,0.0,2,"Automóvil,Bicicleta",Entre Rios Y Rioja,2,1,0,0,1,0,0,"-32.947083333333,-60.64125",Calle,,ROSARIO,Rosario,Asfalto,S/D,II,S/D,Urbana,S/D,S/D,Intersección,Bueno,Buena,Diurna,Buen Tiempo,S/D,Ciclista,Atropello,S/D,S/D,S/D,S/D
2018,429,2018-01-18,Jueves,0,22:00:00,Ruta Provincial 70,17.3,2,"Moto/Ciclomotor,Otros",Brigadier Lopez Y Carlos Althaus,2,1,0,0,0,0,1,"-31.450416666667,-60.89725",Ruta,70,ESPERANZA,Las Colonias,Asfalto,Natural,XI,S/D,Urbana,Ninguna,No existe,Recta,Bueno,Buena,Nocturna,Buen Tiempo,Otro,S/D,Colisión,Ninguna,Faltante,Línea divisoria pintada,Sin restricción
2018,430,2018-01-17,Miercoles,0,13:24:00,,0.0,2,"Moto/Ciclomotor,Automóvil",San Luis 1847,2,1,0,0,1,0,0,"-32.947166666667,-60.649166666667",Calle,,ROSARIO,Rosario,Asfalto,S/D,II,S/D,Urbana,Ninguna,S/D,Recta,Bueno,Buena,Diurna,Buen Tiempo,S/D,S/D,Colisión,S/D,S/D,S/D,S/D
2018,431,2018-02-15,Jueves,0,10:30:00,Autopista Provincial Brigadier E.López,0.0,2,"Automóvil,Camión c / Acoplado",Autopista Santa Fe_Rosario Y Altura puente Country,2,1,0,0,1,0,0,"-31.62774, -60.77024",Autopista,Brigadier E.López,SANTO TOMÉ,La Capital,Asfalto,No existe,I,S/D,Rural,Ninguna,No existe,Puente,Bueno,Buena,Diurna,Buen Tiempo,Otro,S/D,Colisión,Ninguna,Faltante,Ninguna,Sin restricción
2018,432,2018-01-15,Lunes,0,,,0.0,2,"Taxi/Remis,Automóvil",Entre Rios Y Mendoza,3,2,0,0,1,0,0,"-32.951,-60.642222222222",Calle,,ROSARIO,Rosario,Asfalto,S/D,II,S/D,Urbana,S/D,S/D,Intersección,Bueno,S/D,Diurna,S/D,S/D,S/D,Colisión,S/D,S/D,S/D,S/D
2018,433,2018-02-16,Viernes,0,17:40:00,Ruta Provincial 1,5.0,2,"Automóvil,Moto/Ciclomotor", ,2,1,0,0,1,0,0,"-31.61741, -60.58891",Ruta,1,SAN JOSÉ DEL RINCÓN,La Capital,Asfalto,Natural,I,Dentro,Urbana,Ninguna,No existe,Intersección,Bueno,Buena,Diurna,Buen Tiempo,Lateral,S/D,Colisión,Ninguna,Faltante,Cordón divisorio,Sin restricción
2018,434,2018-01-21,Domingo,0,07:05:00,,0.0,1,Moto/Ciclomotor,Chubut Y Alois Tabernig,2,2,0,0,0,0,0,"-31.445777777778,-60.9055",Calle,,ESPERANZA,Las Colonias,Ripio,No existe,XI,Dentro,Urbana,Ninguna,No existe,Intersección,Bueno,Buena,Diurna,Buen Tiempo,Otro,S/D,Despiste,Ninguna,Faltante,Ninguna,Sin restricción
2018,435,2018-01-15,Lunes,0,10:00:00,,0.0,2,"Moto/Ciclomotor,Automóvil",9 De Julio Y Av. Corrientes,2,1,0,0,1,0,0,"-32.953083333333,-60.644222222222",Calle,,ROSARIO,Rosario,Asfalto,S/D,II,S/D,Urbana,S/D,S/D,Intersección,Bueno,S/D,Diurna,Buen Tiempo,S/D,S/D,Colisión,S/D,S/D,S/D,S/D
2018,436,2018-01-12,Viernes,0,10:45:00,,0.0,2,"Taxi/Remis,Moto/Ciclomotor",Italia Y San Juan,2,1,0,0,1,0,0,"-32.948416666667,-60.648805555556",Calle,,ROSARIO,Rosario,Asfalto,S/D,II,S/D,Urbana,S/D,S/D,Recta,Bueno,Buena,Diurna,S/D,S/D,S/D,Colisión,S/D,S/D,S/D,S/D
2018,437,2018-02-18,Domingo,0,12:45:00,Autopista Provincial Brigadier E.López,153.0,2,"Camión c / Semirremolque,Automóvil",Autopista Santa Fe_Rosario ,2,2,0,0,0,0,0,"-31.62192, -60.7543",Autopista,Brigadier E.López,SANTO TOMÉ,La Capital,Asfalto,Natural,I,S/D,Rural,Ninguna,No existe,Recta,Bueno,Buena,Diurna,Buen Tiempo,Frontal,S/D,Colisión,Ninguna,Faltante,Guardarrail,Sin restricción
2018,438,2018-02-17,Sabado,0,02:45:00,,0.0,1,Moto/Ciclomotor,Santa Rosa de Lima Y De los Naranjos,1,1,0,0,0,0,0,"-31.59851, -60.56605",Calle,,SAN JOSÉ DEL RINCÓN,La Capital,Tierra,No existe,I,Dentro,Urbana,Ninguna,S/D,Recta,Resbaladiza,Reducida,Con luz artificial,Buen Tiempo,Atropello animal,S/D,Colisión,Ninguna,Faltante,Ninguna,Sin restricción
2018,439,2018-01-12,Viernes,0,09:45:00,,0.0,2,"Peatón,Moto/Ciclomotor",Alvear Y 3 De Febrero,2,1,0,0,1,0,0,"-32.949805555556,-60.656277777778",Calle,,ROSARIO,Rosario,Asfalto,S/D,II,S/D,Urbana,S/D,S/D,Recta,Bueno,Buena,Diurna,S/D,S/D,Peatón,Atropello,S/D,S/D,S/D,S/D
2018,440,2018-01-12,Viernes,0,11:30:00,,0.0,2,"Moto/Ciclomotor,Automóvil",1 de Mayo Y La Paz,2,2,0,0,0,0,0,"-32.965666666667,-60.634138888889",Calle,,ROSARIO,Rosario,Asfalto,S/D,II,S/D,Urbana,S/D,S/D,Recta,Bueno,Buena,Nocturna,S/D,S/D,S/D,Colisión,S/D,S/D,S/D,S/D
2018,441,2018-02-25,Domingo,0,15:25:00,Ruta Provincial 1,6.0,2,"Moto/Ciclomotor,Automóvil", ,2,1,0,0,1,0,0,"-31.60729, -60.5774",Ruta,1,SAN JOSÉ DEL RINCÓN,La Capital,Asfalto,Natural,I,Dentro,Urbana,Ninguna,No existe,Intersección,Bueno,Buena,Diurna,Buen Tiempo,Lateral,S/D,Colisión,Ninguna,Faltante,Línea divisoria pintada,Sin restricción
2018,442,2018-01-10,Miercoles,0,13:00:00,,0.0,2,"Peatón,Moto/Ciclomotor",Dorrego Y Mendoza,2,1,0,0,1,0,0,"-32.949555555556,-60.650527777778",Calle,,ROSARIO,Rosario,Asfalto,S/D,II,S/D,Urbana,S/D,S/D,S/D,Bueno,Buena,Diurna,S/D,S/D,Peatón,Atropello,S/D,S/D,S/D,S/D
2018,443,2018-02-19,Lunes,0,12:00:00,,0.0,2,"Moto/Ciclomotor,Automóvil",Corrientes Y Roque Saenz Pe?a,2,1,0,0,1,0,0,"-31.657722222222,-60.779083333333",S/D,,SANTO TOMÉ,La Capital,Asfalto,No existe,I,S/D,Urbana,Ninguna,No existe,Intersección,Bueno,Buena,Diurna,Buen Tiempo,Lateral,S/D,Colisión,Ninguna,Faltante,Ninguna,Sin restricción
2018,444,2018-02-27,Martes,0,17:50:00,,0.0,2,"Automóvil,Moto/Ciclomotor",Gregorio Gamboa Y Busaniche,2,1,0,0,1,0,0,"-31.60432, -60.57164",Calle,,SAN JOSÉ DEL RINCÓN,La Capital,Arena,No existe,I,Dentro,Urbana,Ninguna,No existe,Intersección,Resbaladiza,Buena,Diurna,Buen Tiempo,Lateral,S/D,Colisión,Material Suelto,Faltante,Ninguna,Sin restricción
2018,446,2018-02-23,Viernes,0,22:00:00,Ruta Nacional 11,0.0,2,"Moto/Ciclomotor,Moto/Ciclomotor",Ruta Nacional 11  Y Rafael Hernandez,3,3,0,0,0,0,0,"-31.70319, -60.80111",Ruta,11,SAUCE VIEJO,La Capital,Hormigón,Natural,I,Dentro,Urbana,Ninguna,No existe,Intersección,Bueno,Reducida,Nocturna,Buen Tiempo,Lateral,S/D,Colisión,Ninguna,Faltante,Ninguna,Sin restricción
2018,447,2018-01-10,Miercoles,0,10:45:00,,0.0,2,"Taxi/Remis,Automóvil",Rioja Y Bv. Oro?o,2,1,0,0,1,0,0,"-32.957638888889,-60.632166666667",Calle,,ROSARIO,Rosario,Asfalto,S/D,II,S/D,Urbana,S/D,Funciona,Recta,Bueno,Buena,Diurna,S/D,S/D,S/D,Colisión,S/D,S/D,S/D,S/D