anio_acci,nro_acci,fecha,desc_dia,fecha_aprox,hora_aprox,desc_ruta,km,cant_participantes,desc_participante,calle_avenida_km,total,heridos_leves,heridos_graves,heridos_gravisimos,ilesos,fallecidos,sin_datos,posicion_XY,desc_tipo_via,desc_ruta_ori,desc_loc,desc_dpto,desc_tipo_calzada,desc_tipo_banquina,desc_unidad_regional,desc_lugar_calzada,desc_zona,desc_prioridad,desc_estado_semaforo,desc_lugar_via,desc_estado_via,desc_estado_visibilidad,desc_luminosidad,desc_estado_clima,desc_tipo_colision,desc_tipo_atropello,desc_tipo_hecho,desc_pres_calzada,desc_senializacion,desc_separacion_via,desc_restriccion
2018,448,2018-02-06,Martes,0,21:30:00,,0.0,2,"Moto/Ciclomotor,Automóvil",Roverano Y Entre Rios,5,2,1,0,1,0,1,"-31.69325,-60.777333333333",Calle,,SANTO TOMÉ,La Capital,Ripio,Natural,I,Dentro,Urbana,Ninguna,No existe,Intersección,Bueno,Buena,Nocturna,Buen Tiempo,S/D,S/D,Colisión,Ninguna,S/D,Ninguna,Sin restricción
2018,449,2018-01-25,Jueves,0,01:00:00,Autov?a Nacional 19,0.0,2,"Automóvil,Automóvil", ,4,3,0,0,0,0,1,"-31.65285,-60.85698",Autovía,19,COLONIA SAN JOSÉ,Las Colonias,S/D,S/D,XI,S/D,Rural,S/D,S/D,S/D,S/D,S/D,S/D,S/D,S/D,S/D,S/D,S/D,S/D,S/D,S/D
2018,450,2018-01-10,Miercoles,0,09:50:00,,0.0,1,Transporte de Pasajeros Urbano (> 8 asientos),Dorrego Y San Luis,2,1,0,0,1,0,0,"-32.947055555556,-60.649861111111",Calle,,ROSARIO,Rosario,Asfalto,S/D,II,S/D,Urbana,S/D,S/D,Recta,Bueno,Buena,Diurna,S/D,S/D,S/D,Otro,S/D,S/D,S/D,S/D
2018,451,2018-02-04,Domingo,0,20:00:00,,0.0,2,"Automóvil,Moto/Ciclomotor",San Martin Y 1ro de Mayo,2,0,1,0,1,0,0,"-31.26506, -60.76502",Calle,,NELSON,La Capital,Asfalto,S/D,I,Dentro,Urbana,Ninguna,No existe,Intersección,Bueno,Buena,Atardecer,Buen Tiempo,Lateral,S/D,Colisión,Ninguna,Faltante,Ninguna,Sin restricción
2018,452,2018-01-22,Lunes,0,20:15:00,,0.0,3,"Moto/Ciclomotor,Automóvil,Bicicleta",Av Argentina Y Florentino Ameghino,5,2,0,0,3,0,0,"-31.4535,-60.911027777778",Avenida,,ESPERANZA,Las Colonias,Asfalto,No existe,XI,Dentro,Urbana,Ninguna,Funciona,Intersección,Bueno,Buena,Con luz artificial,Buen Tiempo,Múltiple,S/D,Colisión,Ninguna,Vertical,Ninguna,Sin restricción
2018,453,2018-01-10,Miercoles,0,03:15:00,,0.0,2,"Moto/Ciclomotor,Bicicleta",Montevideo Y 1 de Mayo,2,1,0,0,1,0,0,"-32.957659,-60.632174",Calle,,ROSARIO,Rosario,Asfalto,S/D,II,S/D,Urbana,S/D,S/D,Intersección,S/D,Buena,Nocturna,Buen Tiempo,S/D,Ciclista,Atropello,S/D,S/D,S/D,S/D
2018,454,2018-01-08,Lunes,0,10:00:00,,0.0,2,"Peatón,Taxi/Remis",Sarmiento Y E.Zeballos,2,1,0,0,1,0,0,"-32.955,-60.640333333333",Calle,,ROSARIO,Rosario,Asfalto,S/D,II,S/D,Urbana,S/D,S/D,Recta,Bueno,Buena,Diurna,S/D,S/D,Peatón,Atropello,S/D,S/D,S/D,S/D
2018,455,2018-02-27,Martes,0,18:40:00,,0.0,2,"Moto/Ciclomotor,Automóvil",Obispo Gelabert Y Sabroso Hilario,2,1,0,0,1,0,0,"-31.661972222222,-60.771333333333",Calle,,SANTO TOMÉ,La Capital,Asfalto,No existe,I,Dentro,Urbana,Ninguna,No existe,Intersección,Bueno,S/D,Atardecer,Buen Tiempo,Lateral,S/D,Colisión,Ninguna,S/D,Ninguna,Sin restricción
2018,456,2018-01-09,Martes,0,17:15:00,,0.0,2,"Moto/Ciclomotor,Taxi/Remis",Salta Y Entre Rios,3,1,0,0,2,0,0,"-32.938916666667,-60.639222222222",Calle,,ROSARIO,Rosario,Asfalto,S/D,II,S/D,Urbana,S/D,S/D,Recta,Bueno,Buena,Diurna,S/D,S/D,S/D,Colisión,S/D,S/D,S/D,S/D
2018,457,2018-02-07,Miercoles,0,10:30:00,Ruta Nacional 11,512.0,2,"Automóvil,Moto/Ciclomotor", ,5,1,0,0,4,0,0,"-31.261282512983, -60.756706920037",Ruta,11,NELSON,La Capital,Asfalto,Natural,I,Dentro,Rural,Ninguna,No existe,Recta,Bueno,Buena,Diurna,Buen Tiempo,Otro,S/D,Colisión,Ninguna,Faltante,Ninguna,Sin restricción
2018,458,2018-01-07,Domingo,0,03:50:00,,0.0,2,"Moto/Ciclomotor,Automóvil",Montevideo Y Sarmiento,2,0,1,0,1,0,0,"-32.956138888889,-60.640611111111",Calle,,ROSARIO,Rosario,Asfalto,S/D,II,S/D,Urbana,S/D,No existe,Recta,Bueno,S/D,Diurna,S/D,S/D,S/D,Colisión,S/D,S/D,S/D,S/D
2018,459,2018-02-25,Domingo,0,11:00:00,,0.0,2,"Pickup/Utilitario,Moto/Ciclomotor",Sabroso Hilario Y Obispo Gelabert,2,1,0,0,1,0,0,"-31.661972222222,-60.771333333333",S/D,,SANTO TOMÉ,La Capital,Asfalto,No existe,I,Dentro,Urbana,Ninguna,No existe,Intersección,Bueno,Buena,Diurna,Buen Tiempo,Lateral,S/D,Colisión,Ninguna,Faltante,Ninguna,Sin restricción
2018,460,2018-01-05,Viernes,0,13:00:00,,0.0,2,"Taxi/Remis,Moto/Ciclomotor",Pasco Y 1 de Mayo,2,1,0,0,1,0,0,"-32.961083333333,-60.633",Calle,,ROSARIO,Rosario,Asfalto,S/D,II,S/D,Urbana,S/D,S/D,Recta,Bueno,Buena,Diurna,S/D,S/D,S/D,Colisión,S/D,S/D,S/D,S/D
2018,461,2018-01-05,Viernes,0,20:25:00,,0.0,2,"Automóvil,Taxi/Remis",Cordoba Y Dorrego,3,2,0,0,1,0,0,"-32.944444444444,-60.649222222222",Calle,,ROSARIO,Rosario,Asfalto,S/D,II,S/D,Urbana,S/D,S/D,Recta,Bueno,S/D,Nocturna,S/D,S/D,S/D,Colisión,S/D,S/D,S/D,S/D
2018,462,2018-02-24,Sabado,0,04:35:00,,0.0,2,"Moto/Ciclomotor,Automóvil",Av 7 de marzo Y General Manuel Belgrano,2,1,0,0,1,0,0,"-31.666916666667,-60.760944444444",Avenida,,SANTO TOMÉ,La Capital,Asfalto,No existe,I,Dentro,Urbana,Semáforo,Funciona,Intersección,Bueno,Buena,Con luz artificial,Buen Tiempo,Lateral,S/D,Colisión,Ninguna,"Horizontal,Vertical",Ninguna,Sin restricción
2018,463,2018-01-08,Lunes,0,18:45:00,,0.0,2,"Peatón,Transporte de Pasajeros Urbano (> 8 asientos)",San Juan Y Mariano Moreno,2,1,0,0,1,0,0,"-32.947916666667,-60.651527777778",Calle,,ROSARIO,Rosario,Asfalto,S/D,II,S/D,Urbana,S/D,No existe,Recta,Bueno,S/D,S/D,S/D,S/D,Peatón,Atropello,S/D,S/D,S/D,S/D
2018,464,2018-02-25,Domingo,0,04:30:00,Ruta Nacional 11,0.0,2,"Moto/Ciclomotor,Moto/Ciclomotor",RUTA Provincial N?5 ,2,2,0,0,0,0,0,"-31.53133, -60.72224",Ruta,11,RECREO,La Capital,Asfalto,Natural,I,Dentro,Urbana,Ninguna,No existe,Intersección,Bueno,Buena,"Nocturna,Con luz artificial",Buen Tiempo,Lateral,S/D,Colisión,Ninguna,"Horizontal,Vertical",Cordón divisorio,Sin restricción
2018,465,2018-01-08,Lunes,0,13:00:00,,0.0,2,"Moto/Ciclomotor,Automóvil",Espa?a Y San Juan,3,1,0,0,2,0,0,"-32.948638888889,-60.647472222222",Calle,,ROSARIO,Rosario,Asfalto,S/D,II,S/D,Urbana,S/D,S/D,Recta,Bueno,Buena,Diurna,S/D,S/D,S/D,Colisión,S/D,S/D,S/D,S/D
2018,466,2018-02-02,Viernes,0,14:00:00,,0.0,2,"Pickup/Utilitario,Moto/Ciclomotor",Pres Domingo Faustino Sarmient Y Libertad,2,1,0,0,1,0,0,"-31.662,-60.758916666667",Calle,,SANTO TOMÉ,La Capital,Asfalto,No existe,I,Dentro,Urbana,Ninguna,No existe,Intersección,Bueno,Buena,Diurna,Buen Tiempo,Lateral,S/D,Colisión,Ninguna,Faltante,Ninguna,Sin restricción
2018,467,2018-01-08,Lunes,0,11:10:00,,0.0,2,"Moto/Ciclomotor,Automóvil",Montevideo Y Mitre,2,1,0,0,1,0,0,"-32.955888888889,-60.642",Calle,,ROSARIO,Rosario,Asfalto,S/D,II,S/D,Urbana,S/D,S/D,Recta,Bueno,Buena,Diurna,S/D,S/D,S/D,Colisión,S/D,S/D,S/D,S/D
2018,468,2018-02-25,Domingo,0,18:30:00,,0.0,2,"Automóvil,Automóvil",Lehman Y D'Anuncio,5,4,0,0,1,0,0,"-31.49263, -60.7216",Calle,,RECREO,La Capital,Ripio,No existe,I,Dentro,Urbana,Ninguna,No existe,Curva,Bueno,Buena,Diurna,Buen Tiempo,Lateral,S/D,Colisión,Ninguna,Faltante,Ninguna,Sin restricción
2018,469,2018-01-06,Sabado,0,12:05:00,,0.0,2,"Automóvil,Moto/Ciclomotor",Mariano Moreno Y San Juan,2,1,0,0,1,0,0,"-32.947916666667,-60.651527777778",Calle,,ROSARIO,Rosario,Asfalto,S/D,II,S/D,Urbana,S/D,S/D,Recta,Bueno,S/D,Diurna,S/D,S/D,S/D,Colisión,S/D,S/D,S/D,S/D
2018,470,2018-01-05,Viernes,0,08:30:00,,0.0,2,"Moto/Ciclomotor,Taxi/Remis",Bv. Oro?o Y Tucuman,3,2,0,0,1,0,0,"-32.939083333333,-60.652",Calle,,ROSARIO,Rosario,Asfalto,S/D,II,S/D,Urbana,S/D,S/D,Recta,Bueno,Buena,S/D,S/D,S/D,S/D,Colisión,S/D,S/D,S/D,S/D
2018,471,2018-02-23,Viernes,0,20:30:00,Ruta Nacional 11,0.0,2,"Moto/Ciclomotor,Automóvil",Ruta Nacional 11 Y Finlandia,2,1,0,0,1,0,0,"-31.72916, -60.8141",Ruta,11,SAUCE VIEJO,La Capital,Asfalto,Ripio,I,Dentro,Urbana,Ninguna,No funciona,Recta,Bueno,Buena,Atardecer,Buen Tiempo,Frontal,S/D,Colisión,Ninguna,S/D,Ninguna,Sin restricción
2018,472,2018-01-01,Lunes,0,21:00:00,,0.0,2,"Bicicleta,Pickup/Utilitario",Bv. 27 De Febrero Y Ayacucho,2,1,0,0,1,0,0,"-32.969527777778,-60.632194444444",Calle,,ROSARIO,Rosario,Asfalto,S/D,II,S/D,Urbana,S/D,S/D,Intersección,Bueno,Buena,Nocturna,S/D,S/D,Ciclista,Atropello,S/D,S/D,S/D,S/D
2018,473,2018-01-20,Sabado,0,22:10:00,Ruta Provincial 90,53.0,1,Automóvil, ,1,1,0,0,0,0,0,"-33.492140, -60.940525",Ruta,90,SANTA TERESA,Constitución,Asfalto,Natural,VI,S/D,Rural,Ninguna,No existe,Recta,Deteriorada,Buena,Nocturna,Buen Tiempo,Otro,S/D,Despiste,Ninguna,S/D,Ninguna,Sin restricción
2018,474,2018-01-01,Lunes,0,19:30:00,,0.0,2,"Automóvil,Moto/Ciclomotor",Ayacucho Y Viamonte,3,1,1,0,1,0,0,"-32.967305555556,-60.631638888889",Calle,,ROSARIO,Rosario,Asfalto,S/D,II,S/D,Urbana,S/D,S/D,Recta,Bueno,Buena,Diurna,Buen Tiempo,S/D,S/D,Colisión,S/D,Vertical,S/D,S/D
2018,475,2018-02-10,Sabado,0,21:00:00,,0.0,1,Moto/Ciclomotor,Roque Saenz Pe?a 9208,1,1,0,0,0,0,0,"-31.7646, -60.83102",Calle,,SAUCE VIEJO,La Capital,Ripio,Natural,I,S/D,Urbana,Ninguna,No existe,Recta,Bueno,Buena,Nocturna,Buen Tiempo,Atropello animal,S/D,Colisión,Ninguna,Faltante,Ninguna,Sin restricción
2018,476,2018-02-11,Domingo,0,03:40:00,,0.0,1,Moto/Ciclomotor,Lehman Y Juan XXIII,1,1,0,0,0,0,0,"-31.49116, -60.72775",Calle,,RECREO,La Capital,Ripio,No existe,I,Dentro,Urbana,Ninguna,No existe,Recta,S/D,S/D,S/D,Buen Tiempo,S/D,S/D,S/D,S/D,Faltante,Ninguna,Sin restricción
2018,477,2018-01-22,Lunes,0,09:30:00,,0.0,1,Pickup/Utilitario,San Martin 231,1,1,0,0,0,0,0,"-33.43829, -60.79461",Calle,,SANTA TERESA,Constitución,Asfalto,No existe,VI,Dentro,Urbana,Ninguna,No existe,Recta,Bueno,Buena,Diurna,Buen Tiempo,Contra objeto fijo,S/D,Colisión,Ninguna,S/D,Línea divisoria pintada,Sin restricción
2018,478,2018-01-02,Martes,0,12:35:00,,0.0,2,"Peatón,Automóvil",Cordoba Y Alvear,2,1,0,0,1,0,0,"-32.943472222222,-60.654666666667",Calle,,ROSARIO,Rosario,Asfalto,S/D,II,S/D,Urbana,S/D,S/D,Recta,Bueno,S/D,S/D,Buen Tiempo,Otro,S/D,Colisión,S/D,S/D,S/D,S/D
2018,479,2018-02-16,Viernes,0,12:20:00,Ruta Nacional 11,0.0,2,"Moto/Ciclomotor,Automóvil",Ruta Nacional 11 Y Av Nicolas Avellaneda,3,1,0,0,1,0,1,"-31.76196, -60.83201",Ruta,11,SAUCE VIEJO,La Capital,"Asfalto,Ripio",Ripio,I,Dentro,Urbana,Ninguna,No existe,Intersección,Bueno,Buena,Atardecer,Buen Tiempo,"De alcance,Frontal",S/D,Colisión,Ninguna,Faltante,Ninguna,Sin restricción
2018,480,2018-01-04,Jueves,0,11:10:00,,0.0,2,"Bicicleta,Automóvil",Rioja Y Italia,2,1,0,0,1,0,0,"-32.945833333333,-60.648166666667",Calle,,ROSARIO,Rosario,Asfalto,S/D,II,S/D,Urbana,S/D,S/D,Recta,Bueno,Buena,Diurna,S/D,S/D,Ciclista,Atropello,S/D,S/D,S/D,S/D
2018,481,2018-01-19,Viernes,0,22:20:00,,0.0,2,"Automóvil,Moto/Ciclomotor",San Juan ,2,1,0,0,1,0,0,"-33.71597, -61.05156",Avenida,,JUNCAL,Constitución,Asfalto,S/D,VI,Dentro,Urbana,Ninguna,No existe,Recta,Bueno,Buena,Con luz artificial,Buen Tiempo,Lateral,S/D,Colisión,Ninguna,S/D,Ninguna,Sin restricción
2018,482,2018-01-18,Jueves,0,09:30:00,,0.0,2,"Moto/Ciclomotor,Automóvil",Tucuman Y Pte.Roca,2,0,1,0,1,0,0,"-32.940555555556,-60.643972222222",Calle,,ROSARIO,Rosario,Asfalto,No existe,II,Dentro,Urbana,Ninguna,No existe,Intersección,Bueno,Buena,Diurna,Buen Tiempo,Lateral,S/D,Colisión,Ninguna,Faltante,Ninguna,Sin restricción
2018,483,2018-02-16,Viernes,0,23:35:00,Ruta Nacional 11,0.0,2,"Moto/Ciclomotor,Pickup/Utilitario",Ruta Nacional 11 Y Jose De San Martin,3,0,2,0,1,0,0,"-31.76919, -60.83742",Ruta,11,SAUCE VIEJO,La Capital,Asfalto,Ripio,I,Dentro,Urbana,Ninguna,No existe,Recta,S/D,Buena,Nocturna,Buen Tiempo,De alcance,S/D,Colisión,S/D,S/D,Ninguna,Sin restricción
2018,484,2018-01-21,Domingo,0,,,0.0,2,"Taxi/Remis,Automóvil",Sarmiento Y Santa Fe,2,1,0,0,1,0,0,"-32.945111111111,-60.637888888889",Calle,,ROSARIO,Rosario,Asfalto,No existe,II,Dentro,Urbana,Semáforo,Funciona,Intersección,Bueno,Buena,Diurna,Buen Tiempo,De alcance,S/D,Colisión,Ninguna,Vertical,Ninguna,Sin restricción
2018,485,2018-01-29,Lunes,0,11:55:00,,0.0,2,"Peatón,Automóvil",Dorrego Y Pellegrini,2,1,0,0,1,0,0,"-33.257191,-60.381342",Calle,,EMPALME VILLA CONSTITUCIÓN,Constitución,Asfalto,No existe,VI,Dentro,Urbana,Ninguna,No existe,Recta,"Bueno,Con baches",Buena,Diurna,Buen Tiempo,Otro,Peatón,Atropello,Ninguna,Faltante,Ninguna,Sin restricción
2018,486,2018-01-23,Martes,0,09:00:00,,0.0,2,"Bicicleta,Automóvil",Catamarca Y Balcarce,2,1,0,0,1,0,0,"-32.938138888889,-60.650472222222",Calle,,ROSARIO,Rosario,Asfalto,No existe,II,Dentro,Urbana,Ninguna,No existe,Intersección,Bueno,Buena,Diurna,Buen Tiempo,S/D,Ciclista,Atropello,Ninguna,Faltante,Ninguna,Sin restricción
2018,487,2018-01-31,Miercoles,0,10:30:00,Ruta Nacional 177,0.0,2,"Moto/Ciclomotor,Pickup/Utilitario", ,2,1,0,0,1,0,0,"-33.285925, -60.380007",Ruta,177,EMPALME VILLA CONSTITUCIÓN,Constitución,Asfalto,No existe,VI,Dentro,Rural,Ninguna,No existe,Puente,Bueno,Buena,Diurna,Buen Tiempo,Otro,S/D,Colisión,Ninguna,Faltante,Ninguna,Sin restricción
2018,488,2018-02-05,Lunes,0,21:00:00,Ruta Nacional 11,0.0,2,"Moto/Ciclomotor,Automóvil",Ruta Nacional 11 Y Espa?a,2,1,0,0,1,0,0,"-31.73273, -60.81544",Ruta,11,SAUCE VIEJO,La Capital,Asfalto,Ripio,I,Dentro,Urbana,S/D,No existe,Recta,Bueno,Buena,Nocturna,Buen Tiempo,S/D,S/D,Colisión,Ninguna,Faltante,Ninguna,Sin restricción
2018,489,2018-02-03,Sabado,0,07:00:00,Ruta Provincial 4,2.0,2,"Automóvil,Bicicleta", ,2,0,1,0,1,0,0,"-31.29454, -60.69654",Ruta,4,LAGUNA PAIVA,La Capital,Asfalto,Natural,I,Dentro,Urbana,Ninguna,No existe,Recta,Bueno,Buena,Diurna,Buen Tiempo,De alcance,S/D,Atropello,Ninguna,Faltante,Ninguna,Sin restricción
2018,490,2018-02-05,Lunes,0,20:30:00,Ruta Nacional 11,0.0,2,"Moto/Ciclomotor,Automóvil",Ruta Nacional 11 Y Aromos,3,1,0,0,2,0,0,"-31.71278, -60.80608",Ruta,11,SAUCE VIEJO,La Capital,Asfalto,Ripio,I,Dentro,Urbana,Ninguna,No existe,Recta,Bueno,Buena,Con luz artificial,Buen Tiempo,Lateral,S/D,Colisión,Ninguna,S/D,Línea divisoria pintada,Sin restricción
2018,491,2018-01-22,Lunes,0,12:30:00,,0.0,2,"Bicicleta,Automóvil",Tucuman Y Mariano Moreno,2,1,0,0,1,0,0,"-32.939555555556,-60.649444444444",Calle,,ROSARIO,Rosario,Asfalto,No existe,II,Dentro,Urbana,Ninguna,No existe,Intersección,Bueno,Buena,Diurna,Buen Tiempo,S/D,Ciclista,Atropello,Ninguna,Faltante,Ninguna,Sin restricción
2018,492,2018-01-24,Miercoles,0,16:30:00,,0.0,2,"Taxi/Remis,Automóvil",Brown Y Santiago,3,1,0,0,2,0,0,"-32.933916666667,-60.653666666667",Calle,,ROSARIO,Rosario,Asfalto,No existe,II,Dentro,Urbana,Señal Pare,No existe,Intersección,Bueno,Buena,Diurna,Buen Tiempo,Lateral,S/D,Colisión,Ninguna,Vertical,Ninguna,Sin restricción
2018,493,2018-01-18,Jueves,0,11:00:00,,0.0,2,"Automóvil,Moto/Ciclomotor",Montevideo 2700,4,2,0,0,2,0,0,"-32.952222222222,-60.662527777778",Calle,,ROSARIO,Rosario,Asfalto,No existe,II,Dentro,Urbana,Ninguna,No existe,Recta,Bueno,Buena,Diurna,Buen Tiempo,De alcance,S/D,Colisión,Ninguna,Faltante,Ninguna,Sin restricción
2018,494,2018-01-11,Jueves,0,20:00:00,,0.0,2,"Automóvil,Moto/Ciclomotor",Crespo Y Montevideo,2,1,0,0,1,0,0,"-32.95075,-60.670694444444",Calle,,ROSARIO,Rosario,Asfalto,No existe,II,Dentro,Urbana,Ninguna,No existe,Intersección,Bueno,Buena,Diurna,Buen Tiempo,De alcance,S/D,Colisión,Ninguna,Faltante,Ninguna,Sin restricción
2018,495,2018-02-11,Domingo,0,14:00:00,,0.0,2,"Moto/Ciclomotor,Automóvil",Buenos Aires Y Rca Oriental del Uruguay,3,0,1,1,1,0,0,"-31.6815,-60.77375",Calle,,SANTO TOMÉ,La Capital,Asfalto,No existe,I,Dentro,Urbana,Ninguna,No existe,Intersección,Bueno,Buena,Diurna,Buen Tiempo,Lateral,S/D,Colisión,Ninguna,S/D,Ninguna,Sin restricción
2018,496,2018-01-22,Lunes,0,18:35:00,,0.0,2,"Peatón,Automóvil",3 De Febrero Y Crespo,2,1,0,0,1,0,0,"-32.947416666667,-60.669861111111",Calle,,ROSARIO,Rosario,Asfalto,S/D,II,Dentro,Urbana,Ninguna,No existe,Intersección,Bueno,Buena,Diurna,Buen Tiempo,S/D,Peatón,Atropello,Ninguna,Faltante,S/D,Sin restricción
2018,497,2018-01-01,Lunes,0,17:35:00,,0.0,2,"Automóvil,Moto/Ciclomotor",Av. Pellegrini Y Lima,2,0,1,0,1,0,0,"-32.949222222222,-60.685972222222",Calle,,ROSARIO,Rosario,Asfalto,No existe,II,Dentro,Urbana,Ninguna,No existe,Intersección,Bueno,Buena,Diurna,Buen Tiempo,Lateral,S/D,Colisión,Ninguna,Faltante,Ninguna,Sin restricción
2018,498,2018-02-11,Domingo,0,16:30:00,,0.0,2,"Automóvil,Moto/Ciclomotor",Batalla de San Lorenzo Y Grl Juan Lavalle,3,2,0,0,1,0,0,"-31.688361111111,-60.774694444444",Calle,,SANTO TOMÉ,La Capital,Tierra,No existe,I,Dentro,Urbana,Ninguna,No existe,Intersección,"Con baches,Deteriorada",Buena,Diurna,Buen Tiempo,Lateral,S/D,Colisión,Ninguna,S/D,Ninguna,Sin restricción
2018,499,2018-02-15,Jueves,0,03:30:00,,0.0,2,"Vehículo Oficial,Moto/Ciclomotor",Ruta 11 Avenida Richieri Y Grl Enrique Mosconi,4,2,0,0,2,0,0,"-31.684638888889,-60.788277777778",Avenida,,SANTO TOMÉ,La Capital,Asfalto,Natural,I,Dentro,Urbana,Ninguna,No existe,Intersección,Bueno,Buena,"Nocturna,Con luz artificial",Buen Tiempo,Lateral,S/D,Colisión,Ninguna,S/D,Ninguna,Sin restricción
2018,500,2018-02-12,Lunes,0,18:40:00,,0.0,2,"Bicicleta,Automóvil",Avenida Nuestra Se?ora del Luj Y Martin Zavalla,2,2,0,0,0,0,0,"-31.684888888889,-60.778388888889",Calle,,SANTO TOMÉ,La Capital,"Asfalto,Tierra",No existe,I,Dentro,Urbana,Ninguna,No existe,Intersección,Bueno,Buena,Diurna,Buen Tiempo,De alcance,S/D,Colisión,Ninguna,Faltante,Ninguna,Sin restricción
2018,501,2018-02-27,Martes,0,13:15:00,,0.0,1,Otros,Juan Bautista Alberdi Y Simon de Iriondo,2,1,0,0,0,0,1,"-31.682305555556,-60.762083333333",Calle,,SANTO TOMÉ,La Capital,Asfalto,Ripio,I,S/D,Urbana,Ninguna,No existe,Intersección,Bueno,Buena,Diurna,Buen Tiempo,De alcance,S/D,Colisión,Ninguna,Faltante,Ninguna,Sin restricción
2018,502,2018-02-21,Miercoles,0,23:40:00,,0.0,2,"Otros,Otros",Avenida Nuestra Se?ora del Luj Y Balcarce,2,1,0,0,0,0,1,"-31.676333333333,-60.771694444444",Calle,,SANTO TOMÉ,La Capital,Asfalto,No existe,I,S/D,Urbana,Ninguna,No existe,Intersección,Bueno,Buena,Nocturna,Buen Tiempo,De alcance,S/D,Colisión,Ninguna,Faltante,Ninguna,Sin restricción
2018,503,2018-02-21,Miercoles,0,13:45:00,,0.0,2,"Otros,Otros",Juan Bautista Alberdi Y Falucho,3,2,0,0,0,0,1,"-31.682888888889,-60.758555555556",Calle,,SANTO TOMÉ,La Capital,Asfalto,No existe,I,S/D,Urbana,Ninguna,No existe,Intersección,Bueno,Buena,Diurna,Buen Tiempo,De alcance,S/D,Colisión,Ninguna,Faltante,Ninguna,Sin restricción
2018,504,2018-01-15,Lunes,0,18:30:00,,0.0,2,"Moto/Ciclomotor,Automóvil",Crespo 1300,3,2,0,0,1,0,0,"-32.947416666667,-60.669861111111",Calle,,ROSARIO,Rosario,Asfalto,No existe,II,Dentro,Urbana,Ninguna,No existe,Recta,Bueno,Buena,Diurna,Buen Tiempo,S/D,S/D,"Caída ocupante,Colisión",Ninguna,Faltante,Ninguna,S/D
2018,505,2018-02-17,Sabado,0,15:00:00,,0.0,2,"Automóvil,Automóvil",Lisandro de La Torre Y J Macia,2,1,0,0,0,0,1,"-31.680861111111,-60.759527777778",Calle,,SANTO TOMÉ,La Capital,Asfalto,No existe,I,S/D,Urbana,Ninguna,No existe,Intersección,Bueno,Buena,Diurna,Buen Tiempo,De alcance,S/D,Colisión,Ninguna,Faltante,Ninguna,Sin restricción
2018,506,2018-01-22,Lunes,0,21:30:00,,0.0,2,"Moto/Ciclomotor,Automóvil",Av. Eva Peron Y Valparaiso,2,1,0,0,1,0,0,"-32.938583333333,-60.681861111111",Calle,,ROSARIO,Rosario,Asfalto,No existe,II,S/D,Urbana,S/D,S/D,Intersección,Bueno,S/D,Con luz artificial,S/D,Lateral,S/D,Colisión,S/D,S/D,S/D,S/D
2018,507,2018-01-08,Lunes,0,17:45:00,,0.0,2,"Bicicleta,Automóvil",9 De Julio Y Alsina,2,1,0,0,1,0,0,"-32.946972222222,-60.678305555556",Calle,,ROSARIO,Rosario,Asfalto,S/D,II,S/D,Urbana,S/D,S/D,Recta,Bueno,Buena,Diurna,Buen Tiempo,S/D,Ciclista,Atropello,Ninguna,S/D,Ninguna,Sin restricción
2018,508,2018-02-03,Sabado,0,20:30:00,,0.0,2,"Moto/Ciclomotor,Automóvil",Juan Bautista Alberdi Y J Macia,2,1,0,0,1,0,0,"-31.682666666667,-60.759916666667",Calle,,SANTO TOMÉ,La Capital,Asfalto,S/D,I,S/D,Urbana,Ninguna,No existe,Intersección,Bueno,Buena,Nocturna,Buen Tiempo,De alcance,S/D,Colisión,Ninguna,Faltante,Ninguna,Sin restricción
2018,509,2018-01-10,Miercoles,0,09:40:00,,0.0,2,"Automóvil,Moto/Ciclomotor",Montevideo Y Alsina,2,1,0,0,1,0,0,"-32.949277777778,-60.678861111111",Calle,,ROSARIO,Rosario,Asfalto,S/D,II,S/D,Urbana,S/D,S/D,Intersección,Bueno,S/D,Diurna,S/D,S/D,S/D,Colisión,Ninguna,S/D,S/D,S/D
2018,510,2018-01-04,Jueves,0,14:00:00,,0.0,2,"Automóvil,Moto/Ciclomotor",9 De Julio Y Alsina,2,1,0,0,1,0,0,"-32.946972222222,-60.678305555556",Calle,,ROSARIO,Rosario,Asfalto,No existe,II,S/D,Urbana,Ninguna,No existe,Intersección,Bueno,Buena,Diurna,Buen Tiempo,De alcance,S/D,Colisión,Ninguna,S/D,Ninguna,Sin restricción
2018,511,2018-02-21,Miercoles,0,,,0.0,2,"Bicicleta,Automóvil",Chaco Y Hernandarias,2,1,0,0,1,0,0,"-31.673972222222,-60.761972222222",Calle,,SANTO TOMÉ,La Capital,Asfalto,No existe,I,S/D,Urbana,Ninguna,No existe,Intersección,Bueno,Buena,Diurna,Buen Tiempo,De alcance,Ciclista,Atropello,Ninguna,Faltante,Ninguna,Sin restricción
2018,512,2018-01-23,Martes,0,00:30:00,,0.0,2,"Taxi/Remis,Moto/Ciclomotor",Bv. Avellaneda Y E.Zeballos,4,3,0,0,1,0,0,"-32.947638888889,-60.681444444444",Calle,,ROSARIO,Rosario,Asfalto,S/D,II,Dentro,Urbana,S/D,S/D,Intersección,Bueno,Reducida,"Nocturna,Con luz artificial",Buen Tiempo,Frontal,S/D,Colisión,Ninguna,S/D,Ninguna,Sin restricción
2018,513,2018-01-09,Martes,0,06:15:00,,0.0,2,"Automóvil,Moto/Ciclomotor",Rioja Y Sucre,3,1,0,0,2,0,0,"-32.93825,-60.690305555556",Calle,,ROSARIO,Rosario,Asfalto,No existe,II,S/D,Urbana,Ninguna,No existe,Recta,Bueno,S/D,Diurna,Buen Tiempo,De alcance,S/D,Colisión,Ninguna,S/D,Ninguna,Sin restricción