anio_acci,nro_acci,fecha,desc_dia,fecha_aprox,hora_aprox,desc_ruta,km,cant_participantes,desc_participante,calle_avenida_km,total,heridos_leves,heridos_graves,heridos_gravisimos,ilesos,fallecidos,sin_datos,posicion_XY,desc_tipo_via,desc_ruta_ori,desc_loc,desc_dpto,desc_tipo_calzada,desc_tipo_banquina,desc_unidad_regional,desc_lugar_calzada,desc_zona,desc_prioridad,desc_estado_semaforo,desc_lugar_via,desc_estado_via,desc_estado_visibilidad,desc_luminosidad,desc_estado_clima,desc_tipo_colision,desc_tipo_atropello,desc_tipo_hecho,desc_pres_calzada,desc_senializacion,desc_separacion_via,desc_restriccion
2018,514,2018-02-22,Jueves,0,11:30:00,,0.0,2,"Moto/Ciclomotor,Automóvil",Maletti Y Presidente Bernardino Rivadavi,2,1,0,0,1,0,0,"-31.684861111111,-60.768555555556",Calle,,SANTO TOMÉ,La Capital,S/D,S/D,I,S/D,Urbana,Ninguna,No existe,Intersección,Bueno,Buena,Diurna,Buen Tiempo,De alcance,S/D,Colisión,Ninguna,S/D,Ninguna,Sin restricción
2018,515,2018-01-19,Viernes,0,11:00:00,,0.0,2,"Automóvil,Moto/Ciclomotor",Gutenberg Y Mendoza,2,1,0,0,1,0,0,"-32.94275,-60.688583333333",Calle,,ROSARIO,Rosario,Asfalto,No existe,II,S/D,Urbana,Ninguna,No existe,Recta,Bueno,Buena,Diurna,Buen Tiempo,De alcance,S/D,Colisión,Ninguna,S/D,Ninguna,Sin restricción
2018,516,2018-01-07,Domingo,0,20:00:00,,0.0,1,Automóvil,Javier de la Rosa Y Saavedra,2,1,0,0,1,0,0,"-31.597027777778,-60.701666666667",Calle,,SANTA FE,La Capital,Asfalto,Natural,I,Dentro,Urbana,S/D,S/D,Intersección,"Con baches,Deteriorada",Buena,"Nocturna,Con luz artificial",Buen Tiempo,Lateral,S/D,Colisión,Material Suelto,Faltante,S/D,S/D
2018,517,2018-01-25,Jueves,0,12:10:00,,0.0,2,"Automóvil,Moto/Ciclomotor",Cordoba Y Bv. Avellaneda,2,1,0,0,1,0,0,"-32.939111111111,-60.679",Avenida,,ROSARIO,Rosario,Asfalto,No existe,II,S/D,Urbana,S/D,Funciona,Intersección,Bueno,Buena,Diurna,Buen Tiempo,"De alcance,Frontal",S/D,Colisión,Ninguna,S/D,S/D,S/D
2018,518,2018-01-13,Sabado,0,00:10:00,,0.0,2,"Peatón,Automóvil",Saavedra 7600,2,1,0,0,1,0,0,"-31.596245, -60.701500",Calle,,SANTA FE,La Capital,Tierra,Natural,I,Dentro,Urbana,S/D,No existe,Recta,Con baches,Reducida,"Nocturna,Con luz artificial",Buen Tiempo,Lateral,Peatón,Atropello,Material Suelto,Faltante,S/D,S/D
2018,519,2018-01-28,Domingo,0,18:00:00,,0.0,2,"Automóvil,Moto/Ciclomotor",Alsina Y San Luis,3,2,0,0,1,0,0,"-32.942166666667,-60.677083333333",Calle,,ROSARIO,Rosario,Asfalto,No existe,II,S/D,Urbana,S/D,S/D,Intersección,S/D,Buena,Diurna,S/D,S/D,S/D,Colisión,S/D,S/D,S/D,S/D
2018,520,2018-02-19,Lunes,0,17:00:00,,0.0,2,"Moto/Ciclomotor,Pickup/Utilitario",Juan Bautista Alberdi Y Hipolito Irigoyen,3,2,0,0,1,0,0,"-31.681666666667,-60.766138888889",Calle,,SANTO TOMÉ,La Capital,Asfalto,S/D,I,S/D,Urbana,Semáforo,Funciona,Intersección,Bueno,Buena,Atardecer,Buen Tiempo,Lateral,S/D,Colisión,Ninguna,S/D,Ninguna,Sin restricción
2018,522,2018-01-25,Jueves,0,23:00:00,,0.0,2,"Automóvil,Automóvil",Castellanos Y 3 De Febrero,3,1,0,0,2,0,0,"-32.946166666667,-60.676666666667",Calle,,ROSARIO,Rosario,Asfalto,Pavimento,II,S/D,Urbana,S/D,S/D,Intersección,Bueno,Buena,Con luz artificial,Buen Tiempo,S/D,S/D,Colisión,Ninguna,S/D,S/D,S/D
2018,523,2018-02-03,Sabado,0,09:10:00,,0.0,2,"Moto/Ciclomotor,Camión c / Acoplado",Juan Bautista Alberdi Y Simon de Iriondo,2,1,0,0,1,0,0,"-31.682305555556,-60.762083333333",Calle,,SANTO TOMÉ,La Capital,Asfalto,S/D,I,S/D,Rural,Ninguna,No existe,Intersección,Bueno,Buena,Diurna,Buen Tiempo,De alcance,S/D,Colisión,Ninguna,Faltante,Ninguna,Sin restricción
2018,524,2018-01-15,Lunes,0,12:25:00,,0.0,2,"Taxi/Remis,Moto/Ciclomotor",San Lorenzo Y Carriego,2,0,1,0,1,0,0,"-32.935083333333,-60.688083333333",Calle,,ROSARIO,Rosario,Asfalto,Pavimento,II,S/D,Urbana,S/D,S/D,Intersección,Bueno,Buena,S/D,S/D,S/D,S/D,Colisión,S/D,S/D,S/D,S/D
2018,525,2018-02-15,Jueves,0,21:20:00,,0.0,2,"Moto/Ciclomotor,Pickup/Utilitario",Mariano Candioti Y Vicente Lopez y Planes,2,1,0,0,1,0,0,"-31.680472222222,-60.757055555556",Avenida,,SANTO TOMÉ,La Capital,Asfalto,No existe,I,S/D,Urbana,Ninguna,S/D,Intersección,Bueno,Buena,Nocturna,Buen Tiempo,De alcance,S/D,Colisión,Ninguna,Faltante,Ninguna,Sin restricción
2018,526,2018-01-20,Sabado,0,20:30:00,,0.0,1,Pickup/Utilitario,Av A del Valle 8800,2,1,0,0,1,0,0,"-31.586805555556,-60.691222222222",Avenida,,SANTA FE,La Capital,Asfalto,Pavimento,I,Dentro,Urbana,S/D,No existe,Recta,Bueno,Buena,Diurna,Buen Tiempo,Lateral,S/D,Colisión,Ninguna,Faltante,S/D,S/D
2018,527,2018-01-21,Domingo,0,11:00:00,,0.0,2,"Automóvil,Otros",Av Pe?aloza Y Gorriti,2,1,0,0,1,0,0,"-31.586305555556,-60.711694444444",Avenida,,SANTA FE,La Capital,Asfalto,Pavimento,I,Dentro,Urbana,S/D,Funciona,Intersección,Bueno,Buena,Diurna,Buen Tiempo,Lateral,S/D,Colisión,Ninguna,Vertical,S/D,S/D
2018,528,2018-01-28,Domingo,0,,,0.0,2,"Taxi/Remis,Moto/Ciclomotor",Mariano Moreno Y Pres Domingo F Sarmiento,3,1,0,0,1,0,1,"-33.15554, -60.51594",Calle,,ARROYO SECO,Rosario,Asfalto,No existe,II,Dentro,Urbana,Ninguna,S/D,Intersección,"Bueno,Ahuellamiento",S/D,S/D,Buen Tiempo,Lateral,S/D,Colisión,Ninguna,Faltante,Ninguna,Sin restricción
2018,529,2018-01-21,Domingo,0,20:45:00,,0.0,2,"Automóvil,Otros", ,2,1,0,0,1,0,0,"-31.596472222222,-60.700444444444",Avenida,,SANTA FE,La Capital,Asfalto,Pavimento,I,S/D,Urbana,S/D,S/D,Intersección,Bueno,Buena,"Nocturna,Con luz artificial",Buen Tiempo,Lateral,S/D,Colisión,Ninguna,Faltante,S/D,S/D
2018,530,2018-01-27,Sabado,0,12:10:00,,0.0,2,"Automóvil,Moto/Ciclomotor",Gdor Freyre Y Gorriti,3,2,0,0,1,0,0,"-31.588472222222,-60.702",Avenida,,SANTA FE,La Capital,Asfalto,Pavimento,I,Dentro,Urbana,S/D,No existe,Intersección,Bueno,Buena,Diurna,Buen Tiempo,Lateral,S/D,Colisión,Ninguna,Faltante,S/D,S/D
2018,531,2018-02-26,Lunes,0,,,0.0,2,"Automóvil,Moto/Ciclomotor",Juan Bautista Alberdi Y Mariano Moreno,3,2,0,0,1,0,0,"-31.681083333333,-60.769805555556",S/D,,SANTO TOMÉ,La Capital,S/D,No existe,I,S/D,S/D,Ninguna,No existe,Intersección,Bueno,Buena,Diurna,Buen Tiempo,De alcance,S/D,Colisión,Agua,Faltante,Ninguna,Sin restricción
2018,532,2018-01-05,Viernes,0,12:30:00,,0.0,2,"Camión Chasis,Moto/Ciclomotor",Independencia 1132,2,1,0,0,1,0,0,"-33.15181, -60.51376",Calle,,ARROYO SECO,Rosario,S/D,S/D,II,Dentro,Urbana,S/D,S/D,S/D,S/D,S/D,S/D,S/D,S/D,S/D,Colisión,S/D,S/D,S/D,S/D
2018,533,2018-02-25,Domingo,0,22:00:00,,0.0,2,"Moto/Ciclomotor,Pickup/Utilitario",Simon de Iriondo Y Frutos,3,2,0,0,1,0,0,"-31.685194444444,-60.762694444444",Calle,,SANTO TOMÉ,La Capital,Ripio,No existe,I,S/D,Urbana,Ninguna,No existe,Intersección,Bueno,Buena,Nocturna,Buen Tiempo,Lateral,S/D,Atropello,Ninguna,Faltante,Ninguna,Sin restricción
2018,534,2018-01-06,Sabado,0,18:30:00,,0.0,2,"Automóvil,Moto/Ciclomotor",Javier de la Rosa Y Defensa,2,1,0,0,1,0,0,"-31.604533,-60.667896",Avenida,,SANTA FE,La Capital,Asfalto,No existe,I,S/D,Urbana,Ninguna,S/D,Intersección,Bueno,Buena,Diurna,Buen Tiempo,S/D,S/D,Colisión,Ninguna,Faltante,Ninguna,Sin restricción
2018,535,2018-01-22,Lunes,0,12:00:00,,0.0,2,"Bicicleta,Automóvil",Santa Fe Y Cochet,2,1,0,0,1,0,0,"-32.91927, -60.8053",Calle,,FUNES,Rosario,Asfalto,No existe,II,Dentro,Urbana,Ninguna,No existe,Intersección,Bueno,Buena,Diurna,Buen Tiempo,S/D,Ciclista,Atropello,Ninguna,Faltante,Ninguna,Sin restricción
2018,536,2018-01-26,Viernes,0,11:30:00,,0.0,2,"Taxi/Remis,Bicicleta",Mitre Y 9 De Julio,2,1,0,0,1,0,0,"-32.953555555556,-60.641416666667",Calle,,ROSARIO,Rosario,Asfalto,S/D,II,S/D,Urbana,S/D,S/D,Intersección,Bueno,Buena,Diurna,Buen Tiempo,Otro,Ciclista,Atropello,S/D,S/D,S/D,S/D
2018,537,2018-01-25,Jueves,0,18:10:00,,0.0,2,"Automóvil,Automóvil",9 De Julio Y Av. Corrientes,2,2,0,0,0,0,0,"-32.953083333333,-60.644222222222",Calle,,ROSARIO,Rosario,Asfalto,S/D,II,S/D,Urbana,Semáforo,S/D,Intersección,Bueno,Buena,Diurna,Buen Tiempo,Otro,S/D,Colisión,S/D,S/D,S/D,S/D
2018,538,2018-01-08,Lunes,0,08:30:00,,0.0,2,"Automóvil,Moto/Ciclomotor",Necochea Y Risso,3,1,0,0,2,0,0,"-31.602805555556,-60.68425",Calle,,SANTA FE,La Capital,Asfalto,No existe,I,S/D,Urbana,Ninguna,No existe,Intersección,Bueno,Buena,Diurna,Buen Tiempo,S/D,S/D,Colisión,Ninguna,Faltante,Ninguna,Sin restricción
2018,540,2018-01-24,Miercoles,0,12:40:00,,0.0,2,"Pickup/Utilitario,Automóvil",San Lorenzo Y Bv. Oro?o,2,1,0,0,1,0,0,"-32.941416666667,-60.652833333333",Calle,,ROSARIO,Rosario,Asfalto,S/D,II,S/D,Urbana,Señal Pare,S/D,Intersección,Bueno,S/D,Diurna,Buen Tiempo,Otro,S/D,Colisión,S/D,Vertical,S/D,S/D
2018,542,2018-01-22,Lunes,0,11:15:00,,0.0,2,"Automóvil,Moto/Ciclomotor",Balcarce Y Brown,2,1,0,0,1,0,0,"-32.934638888889,-60.649583333333",Calle,,ROSARIO,Rosario,Asfalto,S/D,II,S/D,Urbana,S/D,No existe,Intersección,Bueno,Buena,Diurna,Buen Tiempo,S/D,S/D,Colisión,S/D,S/D,S/D,S/D
2018,543,2018-01-10,Miercoles,0,13:00:00,,0.0,2,"Moto/Ciclomotor,Peatón",Alvear Y Ayacucho,2,1,0,0,1,0,0,"-31.59875,-60.685305555556",Calle,,SANTA FE,La Capital,Ripio,No existe,I,S/D,Urbana,Ninguna,No existe,Intersección,Bueno,Buena,Diurna,Buen Tiempo,Otro,Peatón,Atropello,Ninguna,Faltante,Ninguna,Sin restricción
2018,544,2018-01-12,Viernes,0,19:20:00,Autopista Nacional 9,0.0,2,"Moto/Ciclomotor,Pickup/Utilitario",Candelaria Y Ruta Nacional 9,2,1,0,0,1,0,0,"-32.92109, -60.81347",Autopista,9,FUNES,Rosario,Asfalto,Natural,II,Dentro,Urbana,Señal Pare,No existe,Intersección,S/D,Buena,Diurna,Buen Tiempo,Lateral,S/D,Colisión,Ninguna,"Horizontal,Vertical",Línea divisoria pintada,Sin restricción
2018,545,2018-01-03,Miercoles,0,17:00:00,,0.0,2,"Moto/Ciclomotor,Automóvil",Av. Ntra.Sra.del Rosario Y Suipacha,4,1,0,0,3,0,0,"-33.000888888889,-60.676361111111",Calle,,ROSARIO,Rosario,Ripio,S/D,II,Dentro,Urbana,Ninguna,No existe,Intersección,Bueno,Buena,Diurna,Buen Tiempo,Lateral,S/D,Colisión,Ninguna,S/D,Ninguna,Sin restricción
2018,546,2018-01-10,Miercoles,0,20:25:00,,0.0,2,"Moto/Ciclomotor,Bicicleta",Av A del Valle Y Pavon,2,1,0,0,1,0,0,"-31.596388888889,-60.691666666667",Avenida,,SANTA FE,La Capital,Asfalto,No existe,I,S/D,Urbana,Ninguna,No existe,Intersección,Bueno,Buena,Atardecer,Buen Tiempo,Otro,Ciclista,Atropello,Ninguna,Faltante,Ninguna,Sin restricción
2018,547,2018-01-27,Sabado,0,17:15:00,Autopista Nacional 9,0.0,2,"Moto/Ciclomotor,Automóvil",Yacireta Y Ruta Nacional 9,3,2,0,0,1,0,0,"-32.92375, -60.78641",Autopista,9,FUNES,Rosario,Asfalto,S/D,II,Dentro,Urbana,Semáforo,Funciona,Recta,Bueno,Buena,Diurna,Buen Tiempo,De alcance,S/D,Colisión,Ninguna,Horizontal,Línea divisoria pintada,S/D
2018,548,2018-01-11,Jueves,0,12:20:00,,0.0,2,"Automóvil,Moto/Ciclomotor",Lavalle Y Padre Genesio,2,1,0,0,1,0,0,"-31.602833333333,-60.67975",Calle,,SANTA FE,La Capital,Asfalto,No existe,I,S/D,Urbana,Ninguna,No existe,Intersección,Bueno,Buena,Diurna,Buen Tiempo,Lateral,S/D,Colisión,Ninguna,Faltante,Ninguna,Sin restricción
2018,549,2018-01-25,Jueves,0,19:00:00,,0.0,1,Automóvil,Gral Lopez 2600,4,1,0,0,3,0,0,"-32.92612, -60.81913",Calle,,FUNES,Rosario,Ripio,No existe,II,Fuera,Urbana,Ninguna,No existe,Recta,Deteriorada,Buena,Diurna,Buen Tiempo,Contra objeto fijo,S/D,Despiste,Ninguna,Faltante,Ninguna,Sin restricción
2018,550,2018-01-12,Viernes,0,17:00:00,,0.0,2,"Automóvil,Moto/Ciclomotor",French Y Av Gral Paz,2,1,0,0,1,0,0,"-31.596472222222,-60.673083333333",Avenida,,SANTA FE,La Capital,Asfalto,No existe,I,S/D,Urbana,Ninguna,No existe,Intersección,Bueno,Buena,Diurna,Buen Tiempo,De alcance,S/D,Atropello,Ninguna,Faltante,Ninguna,Sin restricción
2018,551,2018-02-14,Miercoles,0,08:20:00,Ruta Nacional 168,0.0,2,"Pickup/Utilitario,Peatón",Ruta Nac 168 Y Laurencio Maradona,2,1,0,0,0,0,1,"-31.64093, -60.67188",Ruta,168,SANTA FE,La Capital,Asfalto,Pavimento,I,Dentro,Urbana,Semáforo,Funciona,Rotonda,Bueno,Buena,Diurna,Buen Tiempo,Lateral,S/D,Atropello,Ninguna,Horizontal,Línea divisoria pintada,Sin restricción
2018,552,2018-01-14,Domingo,0,,,0.0,2,"Moto/Ciclomotor,Automóvil",Bielsa Y Tte.Agneta Bis,3,2,0,0,1,0,0,"-32.923416666667,-60.700472222222",Calle,,ROSARIO,Rosario,Asfalto,Pavimento,II,S/D,Urbana,Otra Señal,S/D,Intersección,S/D,Buena,Diurna,S/D,S/D,S/D,Colisión,S/D,Vertical,Barrera de hormigón,S/D
2018,553,2018-01-17,Miercoles,0,16:50:00,,0.0,2,"Automóvil,Moto/Ciclomotor",Padre Genesio Y Mitre,2,1,0,0,1,0,0,"-31.602583333333,-60.680805555556",Calle,,SANTA FE,La Capital,Asfalto,No existe,I,S/D,Urbana,Ninguna,No existe,Intersección,Bueno,Buena,Diurna,Buen Tiempo,S/D,S/D,Colisión,Ninguna,Faltante,Ninguna,Sin restricción
2018,554,2018-01-09,Martes,0,,,0.0,2,"Automóvil,Moto/Ciclomotor",Juan B.De La Salle Y Brasil Bis,2,1,0,0,1,0,0,"-32.922666666667,-60.720361111111",Calle,,ROSARIO,Rosario,Asfalto,No existe,II,S/D,Urbana,Ninguna,No existe,Recta,Bueno,Buena,Diurna,Buen Tiempo,S/D,S/D,Colisión,Ninguna,S/D,Ninguna,Sin restricción
2018,555,2018-02-16,Viernes,0,18:40:00,Ruta Nacional 168,473.0,3,"Automóvil,Automóvil,Automóvil", ,3,3,0,0,0,0,0,"-31.64201, -60.65635",Ruta,168,SANTA FE,La Capital,Asfalto,Natural,I,S/D,Urbana,Policía de tránsito,No existe,Recta,Deteriorada,Buena,Diurna,Buen Tiempo,Otro,S/D,Colisión,Material Suelto,S/D,Barrera de hormigón,Sin restricción
2018,556,2018-01-21,Domingo,0,20:00:00,,0.0,2,"Automóvil,Moto/Ciclomotor",Cardenal Fasolino Y Av Almte Brown,3,2,0,0,1,0,0,"-31.606805555556,-60.666111111111",Avenida,,SANTA FE,La Capital,Asfalto,No existe,I,S/D,Urbana,Ninguna,No existe,Intersección,Bueno,Buena,Atardecer,Buen Tiempo,S/D,S/D,Colisión,Ninguna,Faltante,Ninguna,Sin restricción
2018,557,2018-01-18,Jueves,0,,,0.0,2,"Automóvil,Moto/Ciclomotor",Colombia Bis Y French,2,0,1,0,1,0,0,"-32.921888888889,-60.716944444444",Calle,,ROSARIO,Rosario,Asfalto,No existe,II,Dentro,Urbana,Ninguna,No existe,Recta,Bueno,Buena,Nocturna,Buen Tiempo,Lateral,S/D,Colisión,Ninguna,S/D,Ninguna,Sin restricción
2018,558,2018-01-03,Miercoles,0,,,0.0,2,"Automóvil,Automóvil",La Republica Y Donado,4,1,0,0,3,0,0,"-32.919,-60.727916666667",S/D,,ROSARIO,Rosario,Asfalto,No existe,II,S/D,Urbana,Ninguna,No existe,Recta,Bueno,Buena,Atardecer,Buen Tiempo,S/D,S/D,Colisión,Ninguna,S/D,Ninguna,Sin restricción
2018,559,2018-01-22,Lunes,0,10:45:00,,0.0,2,"Automóvil,Peatón",Reg 12 de Infanteria Y Sarmiento,2,1,0,0,1,0,0,"-31.600333333333,-60.682388888889",Calle,,SANTA FE,La Capital,Asfalto,No existe,I,S/D,Urbana,Ninguna,No existe,Intersección,Bueno,Buena,Diurna,Buen Tiempo,S/D,Peatón,Atropello,Ninguna,Faltante,Ninguna,Sin restricción
2018,560,2018-02-04,Domingo,0,18:35:00,,0.0,2,"Pickup/Utilitario,Moto/Ciclomotor",Entre Rios Y Chacabuco,2,1,0,0,1,0,0,"-31.30569,-60.65408",Calle,,LAGUNA PAIVA,La Capital,Asfalto,No existe,I,Dentro,Urbana,Ninguna,No existe,Intersección,Bueno,Buena,Diurna,Buen Tiempo,Lateral,S/D,Colisión,Ninguna,Faltante,Ninguna,Sin restricción
2018,561,2018-01-19,Viernes,0,20:50:00,,0.0,2,"Moto/Ciclomotor,Automóvil",Gorriti Y Camilo Aldao Bis,4,0,1,0,3,0,0,"-32.923861111111,-60.696611111111",Calle,,ROSARIO,Rosario,Asfalto,S/D,II,S/D,Urbana,S/D,S/D,Intersección,S/D,S/D,Nocturna,S/D,Lateral,S/D,Colisión,S/D,S/D,S/D,S/D
2018,562,2018-01-25,Jueves,0,21:00:00,,0.0,2,"Pickup/Utilitario,Moto/Ciclomotor", ,3,2,0,0,1,0,0,"-31.605861111111,-60.665833333333",Calle,,SANTA FE,La Capital,Asfalto,No existe,I,S/D,Urbana,Ninguna,No existe,Intersección,Bueno,Buena,Nocturna,Buen Tiempo,S/D,S/D,Colisión,Ninguna,Faltante,Ninguna,Sin restricción
2018,563,2018-02-05,Lunes,0,19:30:00,,0.0,2,"Moto/Ciclomotor,Moto/Ciclomotor",Florencio Sanchez Y Obrero,2,2,0,0,0,0,0,"-31.30245,-60.67053",Calle,,LAGUNA PAIVA,La Capital,Tierra,No existe,I,Dentro,Urbana,Ninguna,No existe,Intersección,Bueno,Buena,Diurna,Buen Tiempo,Lateral,S/D,Colisión,Ninguna,Faltante,Ninguna,Sin restricción
2018,564,2018-01-06,Sabado,0,04:50:00,Autopista Nacional A008,0.0,1,Moto/Ciclomotor,Av. Circunvalacion Y Bv. Rondeau,1,0,1,0,0,0,0,"-32.873416666667,-60.699",Autopista,A008,ROSARIO,Rosario,Asfalto,S/D,II,Dentro,Urbana,S/D,Intermitente,Intersección,Otro,Reducida,Nocturna,S/D,Otro,S/D,Caída ocupante,S/D,S/D,S/D,S/D
2018,565,2018-02-19,Lunes,0,18:30:00,,0.0,2,"Automóvil,Moto/Ciclomotor",Av San Martin 1100,2,1,0,0,1,0,0,"-31.30794,-60.65938",Avenida,,LAGUNA PAIVA,La Capital,Asfalto,No existe,I,Dentro,Urbana,Ninguna,No existe,Recta,Bueno,Buena,Diurna,Buen Tiempo,De alcance,S/D,Colisión,Ninguna,Faltante,Ninguna,Sin restricción
2018,566,2018-01-26,Viernes,0,11:20:00,,0.0,2,"Automóvil,Moto/Ciclomotor",Javier de la Rosa Y Mitre,2,1,0,0,1,0,0,"-31.601666666667,-60.680555555556",Calle,,SANTA FE,La Capital,Asfalto,No existe,I,S/D,Urbana,Ninguna,No existe,Intersección,Bueno,Buena,Diurna,Buen Tiempo,S/D,S/D,Colisión,Ninguna,Faltante,Ninguna,Sin restricción
2018,567,2018-01-04,Jueves,0,22:00:00,,0.0,2,"Automóvil,Automóvil",Francisco De Miranda Y Martin Fierro,2,1,0,0,1,0,0,"-32.877111111111,-60.693111111111",Calle,,ROSARIO,Rosario,Asfalto,S/D,II,Dentro,Urbana,S/D,No existe,Intersección,Otro,Reducida,Nocturna,S/D,S/D,S/D,Colisión,S/D,S/D,Ninguna,S/D
2018,568,2018-01-05,Viernes,0,16:40:00,,0.0,2,"Moto/Ciclomotor,Automóvil",Av A del Valle Y Piedrabuena,2,1,0,0,0,0,1,"-31.586444444444,-60.690861111111",Avenida,,SANTA FE,La Capital,Asfalto,No existe,I,Dentro,Urbana,Ninguna,No existe,Intersección,Deteriorada,Buena,Diurna,Otro,Lateral,S/D,Colisión,Ninguna,Faltante,Ninguna,Sin restricción
2018,569,2018-01-02,Martes,0,02:20:00,,0.0,2,"Automóvil,Moto/Ciclomotor",Av. Eudoro Carrasco 2700,3,2,0,0,1,0,0,"-32.884805555556,-60.687888888889",Avenida,,ROSARIO,Rosario,Asfalto,Pavimento,II,S/D,Urbana,S/D,S/D,Recta,Otro,Reducida,Nocturna,Otro,S/D,S/D,Colisión,S/D,S/D,Ninguna,S/D
2018,570,2018-02-25,Domingo,0,07:30:00,,0.0,2,"Automóvil,Moto/Ciclomotor",Juan B Alberdi Y Maipu,3,1,1,0,1,0,0,"-31.306588782951, -60.660602874213",Calle,,LAGUNA PAIVA,La Capital,Asfalto,No existe,I,Dentro,Urbana,Ninguna,No existe,Intersección,Bueno,Buena,Diurna,Buen Tiempo,Lateral,S/D,Colisión,Ninguna,Faltante,Ninguna,Sin restricción
2018,571,2018-01-01,Lunes,0,17:10:00,,0.0,2,"Pickup/Utilitario,Moto/Ciclomotor",J.B.Justo Y Mejico,3,2,0,0,1,0,0,"-32.915083333333,-60.7195",Calle,,ROSARIO,Rosario,Asfalto,No existe,II,S/D,Urbana,Señal Pare,No existe,Recta,Bueno,Buena,Diurna,Buen Tiempo,Otro,S/D,Colisión,Ninguna,Vertical,Cordón divisorio,Sin restricción
2018,572,2018-02-26,Lunes,0,21:30:00,,0.0,2,"Automóvil,Moto/Ciclomotor",Av San Martin Y Maipu,2,1,0,0,1,0,0,"-31.307929887458, -60.660656518393",Calle,,LAGUNA PAIVA,La Capital,Asfalto,No existe,I,Dentro,Urbana,Ninguna,No existe,Intersección,Bueno,Buena,Nocturna,Buen Tiempo,Lateral,S/D,Colisión,Ninguna,Faltante,Ninguna,Sin restricción
2018,573,2018-01-07,Domingo,0,14:00:00,,0.0,1,Pickup/Utilitario,Callejon Funes 2100,3,0,2,0,1,0,0,"-31.586527777778,-60.682916666667",Calle,,SANTA FE,La Capital,S/D,No existe,I,Dentro,Urbana,Ninguna,No existe,Recta,Deteriorada,Reducida,Diurna,Otro,S/D,S/D,Vuelco,Ninguna,Faltante,Ninguna,Sin restricción
2018,574,2018-01-19,Viernes,0,19:20:00,,0.0,2,"Moto/Ciclomotor,Otros",Av A del Valle Y Gorriti,2,1,0,0,0,0,1,"-31.590527777778,-60.692277777778",Avenida,,SANTA FE,La Capital,Asfalto,No existe,I,Dentro,Urbana,Semáforo,Funciona,Intersección,Deteriorada,Buena,Diurna,Otro,Lateral,S/D,Colisión,Ninguna,Vertical,Ninguna,Sin restricción
2018,575,2018-01-19,Viernes,0,21:20:00,,0.0,2,"Moto/Ciclomotor,Otros",Av A del Valle Y French,3,2,0,0,0,0,1,"-31.592416666667,-60.691944444444",Avenida,,SANTA FE,La Capital,Asfalto,No existe,I,Dentro,Urbana,Otra Señal,No existe,Intersección,Con baches,Reducida,Nocturna,Otro,Lateral,S/D,Colisión,Ninguna,Faltante,Ninguna,Obra en Construcción
2018,576,2018-01-25,Jueves,0,12:50:00,,0.0,2,"Moto/Ciclomotor,Camión Chasis",Sarmiento Y Piedrabuena,2,1,0,0,1,0,0,"-31.58885, -60.67912",Calle,,SANTA FE,La Capital,Hormigón,No existe,I,Dentro,Urbana,Ninguna,No existe,Intersección,Deteriorada,Reducida,Diurna,Otro,Lateral,S/D,Colisión,Ninguna,Faltante,Ninguna,Sin restricción
2018,577,2018-02-10,Sabado,0,20:00:00,,0.0,2,"Automóvil,Automóvil",Av Aristobulo del Valle Y Facundo Quiroga,5,2,0,0,3,0,0,"-31.56880,-60.68965",Avenida,,ÁNGEL GALLARDO,La Capital,Hormigón,Natural,I,Dentro,Rural,Ninguna,No existe,Recta,Otro,Buena,Atardecer,Buen Tiempo,De alcance,S/D,Colisión,Ninguna,S/D,Guardarrail,Sin restricción
2018,578,2018-01-01,Lunes,0,10:20:00,,0.0,2,"Otros,Otros",Laprida Y Pje Guido,2,0,0,0,0,0,2,"-31.622222222222,-60.679583333333",Calle,,SANTA FE,La Capital,Asfalto,No existe,I,S/D,Urbana,Ninguna,No existe,Intersección,Bueno,Buena,Diurna,Buen Tiempo,Lateral,S/D,Colisión,Ninguna,S/D,Ninguna,Sin restricción
2018,579,2018-01-01,Lunes,0,10:20:00,,0.0,2,"Automóvil,Otros",Av Almte Brown Y Salvador del Carril,2,0,0,0,0,0,2,"-31.621833333333,-60.678194444444",Calle,,SANTA FE,La Capital,Asfalto,No existe,I,S/D,Urbana,Ninguna,S/D,Intersección,Bueno,Buena,Diurna,Buen Tiempo,Lateral,S/D,Colisión,Ninguna,S/D,Ninguna,Sin restricción
2018,580,2018-01-02,Martes,0,07:30:00,,0.0,2,"Moto/Ciclomotor,Moto/Ciclomotor",Av A del Valle Y Llerena,2,0,0,0,0,0,2,"-31.613777777778,-60.696166666667",Avenida,,SANTA FE,La Capital,Asfalto,No existe,I,S/D,Urbana,Ninguna,Funciona,Intersección,Bueno,Buena,Diurna,Buen Tiempo,Lateral,S/D,Colisión,S/D,S/D,Ninguna,Sin restricción