anio_acci,nro_acci,fecha,desc_dia,fecha_aprox,hora_aprox,desc_ruta,km,cant_participantes,desc_participante,calle_avenida_km,total,heridos_leves,heridos_graves,heridos_gravisimos,ilesos,fallecidos,sin_datos,posicion_XY,desc_tipo_via,desc_ruta_ori,desc_loc,desc_dpto,desc_tipo_calzada,desc_tipo_banquina,desc_unidad_regional,desc_lugar_calzada,desc_zona,desc_prioridad,desc_estado_semaforo,desc_lugar_via,desc_estado_via,desc_estado_visibilidad,desc_luminosidad,desc_estado_clima,desc_tipo_colision,desc_tipo_atropello,desc_tipo_hecho,desc_pres_calzada,desc_senializacion,desc_separacion_via,desc_restriccion
2018,581,2018-01-04,Jueves,0,16:20:00,,0.0,2,"Automóvil,Moto/Ciclomotor",J M Zuviria Y Av Gral Paz,2,1,0,0,1,0,0,"-31.619916666667,-60.685638888889",Avenida,,SANTA FE,La Capital,Asfalto,No existe,I,S/D,Urbana,Ninguna,S/D,Intersección,Bueno,Buena,Diurna,Buen Tiempo,Lateral,S/D,Colisión,Ninguna,S/D,Ninguna,Sin restricción
2018,582,2018-02-16,Viernes,0,15:40:00,Ruta Provincial 2,0.0,2,"Moto/Ciclomotor,Automóvil",Ruta pcial 2 Av San Martin Y Ruta Pcial 5,2,1,0,0,1,0,0,"-31.53959, -60.6885",Ruta,2,MONTE VERA,La Capital,Hormigón,No existe,I,Dentro,Rural,Ninguna,No existe,Cruce,Bueno,Buena,Diurna,Buen Tiempo,Lateral,S/D,Colisión,Ninguna,S/D,"Ninguna,S/D",Sin restricción
2018,583,2018-01-06,Sabado,0,02:00:00,,0.0,2,"Automóvil,Automóvil",Salvador del Carril 2032,4,2,0,0,2,0,0,"-31.6195,-60.69175",Avenida,,SANTA FE,La Capital,Asfalto,No existe,I,Dentro,Urbana,Ninguna,Intermitente,Recta,Bueno,S/D,"Nocturna,Con luz artificial",Buen Tiempo,Lateral,S/D,Colisión,Ninguna,S/D,Línea divisoria pintada,Sin restricción
2018,584,2018-02-16,Viernes,0,22:00:00,,0.0,2,"Moto/Ciclomotor,Pickup/Utilitario",Brigadier Estanislao Lopez Y La Pampa,2,1,0,0,1,0,0,"-31.518777862410, -60.679407478909",Calle,,MONTE VERA,La Capital,Ripio,No existe,I,Dentro,Urbana,Ninguna,No existe,Intersección,Bueno,Buena,Nocturna,Buen Tiempo,Lateral,S/D,Colisión,Ninguna,S/D,Ninguna,Sin restricción
2018,585,2018-02-22,Jueves,0,16:30:00,,0.0,1,Moto/Ciclomotor,Av Aristobulo del Valle 11550,2,2,0,0,0,0,0,"-31.56818, -60.6895",Avenida,,ÁNGEL GALLARDO,La Capital,Hormigón,Natural,I,Dentro,Rural,Ninguna,No existe,Recta,Otro,Buena,Diurna,Buen Tiempo,S/D,S/D,Caída ocupante,Ninguna,S/D,Vegetación,Sin restricción
2018,586,2018-01-08,Lunes,0,13:40:00,,0.0,2,"Moto/Ciclomotor,Automóvil",Sarmiento Y Huergo,2,0,0,0,0,0,2,"-31.616694444444,-60.687194444444",Calle,,SANTA FE,La Capital,Asfalto,No existe,I,Dentro,Urbana,Ninguna,No existe,Intersección,Bueno,Buena,Diurna,Buen Tiempo,Contra objeto fijo,S/D,Colisión,Ninguna,S/D,Ninguna,Sin restricción
2018,587,2018-02-22,Jueves,0,17:00:00,,0.0,2,"Pickup/Utilitario,Moto/Ciclomotor",Santiago del Estero Y Brigadier Estanislao Lopez,2,1,0,0,1,0,0,"-31.51338, -60.67874",Calle,,MONTE VERA,La Capital,Ripio,No existe,I,Dentro,Urbana,Ninguna,No existe,Intersección,Bueno,Buena,Diurna,Buen Tiempo,Lateral,S/D,Colisión,Ninguna,S/D,Vegetación,Sin restricción
2018,588,2018-01-09,Martes,0,08:45:00,,0.0,2,"Moto/Ciclomotor,Automóvil",Necochea Y Av Galicia,2,0,0,0,0,0,2,"-31.606916666667,-60.685444444444",Avenida,,SANTA FE,La Capital,Asfalto,No existe,I,S/D,Urbana,Ninguna,No existe,Intersección,Bueno,Buena,Diurna,Buen Tiempo,Lateral,S/D,Colisión,Ninguna,S/D,Ninguna,Sin restricción
2018,589,2018-01-10,Miercoles,0,11:15:00,,0.0,2,"Moto/Ciclomotor,Automóvil",Av Gral Paz Y Padilla,2,0,1,0,0,0,1,"-31.624055555556,-60.688583333333",Avenida,,SANTA FE,La Capital,Asfalto,No existe,I,S/D,Urbana,Ninguna,No existe,Intersección,Bueno,Buena,Diurna,Buen Tiempo,Lateral,S/D,Colisión,Ninguna,S/D,Ninguna,Sin restricción
2018,590,2018-02-24,Sabado,0,16:30:00,Ruta Provincial 2,0.0,2,"Automóvil,Automóvil",Ruta pcial 2 Av San Martin Y Ruta Pcial 5,2,2,0,0,0,0,0,"-31.54686, -60.69079",Ruta,2,MONTE VERA,La Capital,Hormigón,Natural,I,Dentro,Rural,Ninguna,No existe,Recta,Con baches,Buena,Diurna,Buen Tiempo,De alcance,S/D,Colisión,Ninguna,S/D,Ninguna,Sin restricción
2018,591,2018-01-11,Jueves,0,00:55:00,,0.0,2,"Moto/Ciclomotor,Automóvil",Las Heras Y Quintana,2,1,0,0,1,0,0,"-31.623944444444,-60.693833333333",Calle,,SANTA FE,La Capital,Asfalto,No existe,I,S/D,Urbana,Ninguna,No existe,Intersección,Bueno,Buena,"Nocturna,Con luz artificial",Buen Tiempo,Lateral,S/D,Colisión,"Ninguna,S/D",S/D,Ninguna,Sin restricción
2018,592,2018-01-11,Jueves,0,10:20:00,,0.0,2,"Bicicleta,Automóvil",Pedro Centeno ,2,1,0,0,1,0,0,"-31.627366, -60.700669",Calle,,SANTA FE,La Capital,Asfalto,No existe,I,S/D,Urbana,Ninguna,No existe,Intersección,Bueno,Buena,Diurna,Buen Tiempo,S/D,Ciclista,Atropello,"Ninguna,S/D",S/D,Ninguna,Sin restricción
2018,593,2018-02-25,Domingo,0,12:10:00,,0.0,1,Automóvil,Angel Gallardo Y Rivadavia,3,1,1,0,1,0,0,"-31.50425, -60.67671",Camino Rural,,MONTE VERA,La Capital,Ripio,No existe,I,Fuera,Rural,Ninguna,No existe,Recta,Bueno,Buena,Diurna,Buen Tiempo,S/D,S/D,Vuelco,Ninguna,S/D,Ninguna,Sin restricción
2018,595,2018-02-25,Domingo,0,21:20:00,,0.0,1,Moto/Ciclomotor,Brigadier Estanislao Lopez Y La Pampa,1,0,1,0,0,0,0,"-31.519304647629, -60.679481060753",Calle,,MONTE VERA,La Capital,Ripio,No existe,I,Dentro,Urbana,Ninguna,No existe,Recta,Bueno,Buena,Nocturna,Buen Tiempo,Contra objeto fijo,S/D,Colisión,Ninguna,S/D,Ninguna,Sin restricción
2018,596,2018-02-08,Jueves,0,07:00:00,Ruta Provincial 2,23.0,1,Automóvil, ,2,1,0,0,0,0,1,"-31.329, -60.6592",Ruta,2,ARROYO AGUIAR,La Capital,Asfalto,Natural,I,S/D,Rural,Ninguna,No existe,Recta,Resbaladiza,Reducida,Diurna,Lluvia,Otro,S/D,Despiste,Agua,Faltante,Línea divisoria pintada,Sin restricción
2018,597,2018-02-18,Domingo,0,02:10:00,Ruta Provincial 2,23.0,1,Moto/Ciclomotor, ,2,2,0,0,0,0,0,"-31.32394, -60.66109",Ruta,2,ARROYO AGUIAR,La Capital,Asfalto,Natural,I,S/D,Rural,Ninguna,No existe,Recta,Bueno,Reducida,Nocturna,Buen Tiempo,Atropello animal,S/D,Despiste,Ninguna,Faltante,Línea divisoria pintada,Sin restricción
2018,599,2018-01-12,Viernes,0,01:00:00,,0.0,2,"Otros,Otros",Luciano Torrent Y Mitre,2,0,0,0,0,0,2,"-31.627138888889,-60.688",Calle,,SANTA FE,La Capital,Asfalto,No existe,I,S/D,Urbana,Ninguna,No existe,Intersección,Bueno,Buena,"Nocturna,Con luz artificial",Buen Tiempo,Lateral,S/D,Colisión,Ninguna,S/D,Ninguna,Sin restricción
2018,600,2018-01-17,Miercoles,0,00:30:00,,0.0,2,"Automóvil,Pickup/Utilitario",Salvador del Carril Y Laprida,4,1,0,0,3,0,0,"-31.621638888889,-60.679416666667",Calle,,SANTA FE,La Capital,Asfalto,No existe,I,S/D,Urbana,Ninguna,No existe,Intersección,Bueno,Buena,"Nocturna,Con luz artificial",Buen Tiempo,Lateral,S/D,Colisión,Ninguna,S/D,Ninguna,Sin restricción
2018,601,2018-01-15,Lunes,0,01:20:00,,0.0,2,"Automóvil,Moto/Ciclomotor",Av Gral Paz Y Lavaisse,3,0,0,0,1,0,2,"-31.61575,-60.682583333333",Avenida,,SANTA FE,La Capital,Asfalto,No existe,I,S/D,Urbana,Ninguna,S/D,Intersección,Bueno,Buena,"Nocturna,Con luz artificial",Buen Tiempo,Lateral,S/D,Colisión,Ninguna,S/D,S/D,Sin restricción
2018,602,2018-01-20,Sabado,0,11:30:00,,0.0,3,"Automóvil,Automóvil,Automóvil",Av Gral Paz Y Llerena,3,1,0,0,2,0,0,"-31.616583333333,-60.68325",Avenida,,SANTA FE,La Capital,Asfalto,No existe,I,S/D,Urbana,Ninguna,No existe,Recta,Bueno,Buena,Diurna,Buen Tiempo,De alcance,S/D,Colisión,Ninguna,S/D,Ninguna,Sin restricción
2018,603,2018-01-21,Domingo,0,21:30:00,,0.0,2,"Moto/Ciclomotor,Automóvil",Salvador del Carril Y Garmendia,2,1,0,0,1,0,0,"-31.620916666667,-60.683888888889",Avenida,,SANTA FE,La Capital,Asfalto,No existe,I,S/D,Urbana,Ninguna,No existe,Intersección,Bueno,Reducida,Nocturna,Buen Tiempo,De alcance,S/D,Colisión,Ninguna,S/D,Ninguna,Sin restricción
2018,605,2018-01-23,Martes,0,08:50:00,,0.0,2,"Automóvil,Moto/Ciclomotor",Gdor Candioti Y Angel Cassanello,2,1,0,0,1,0,0,"-31.61075,-60.687694444444",Calle,,SANTA FE,La Capital,Asfalto,No existe,I,S/D,Urbana,Ninguna,No existe,Intersección,Bueno,Buena,Diurna,Buen Tiempo,Lateral,S/D,Colisión,Ninguna,S/D,Ninguna,Sin restricción
2018,606,2018-02-17,Sabado,0,,,0.0,2,"Automóvil,Moto/Ciclomotor", ,3,1,0,0,2,0,0,"-31.606085,-60.684535",S/D,,SANTA FE,La Capital,S/D,S/D,I,S/D,Urbana,S/D,S/D,S/D,S/D,S/D,S/D,S/D,S/D,S/D,Colisión,S/D,S/D,S/D,S/D
2018,607,2018-01-30,Martes,0,20:10:00,,0.0,2,"Moto/Ciclomotor,Pickup/Utilitario",Av Gral Paz Y Pedro de Vega,2,1,0,0,1,0,0,"-31.614083333333,-60.681277777778",Avenida,,SANTA FE,La Capital,Asfalto,No existe,I,S/D,Urbana,Ninguna,No existe,Intersección,Bueno,Reducida,Nocturna,Buen Tiempo,Lateral,S/D,Colisión,Ninguna,S/D,Ninguna,Sin restricción
2018,608,2018-01-29,Lunes,0,22:15:00,,0.0,2,"Pickup/Utilitario,Moto/Ciclomotor",Av Galicia 2125,2,1,0,0,1,0,0,"-31.606111111111,-60.688888888889",Avenida,,SANTA FE,La Capital,Asfalto,No existe,I,S/D,Urbana,Ninguna,Funciona,Intersección,Bueno,Reducida,Nocturna,Buen Tiempo,Lateral,S/D,Colisión,Ninguna,S/D,Ninguna,Sin restricción
2018,609,2018-01-30,Martes,0,21:40:00,,0.0,2,"Moto/Ciclomotor,Automóvil",Av Gral Paz Y J M Zuviria,3,1,0,0,2,0,0,"-31.619916666667,-60.685638888889",Avenida,,SANTA FE,La Capital,Asfalto,No existe,I,S/D,Urbana,Ninguna,No existe,Intersección,Bueno,Reducida,Nocturna,Buen Tiempo,Lateral,S/D,Colisión,Ninguna,S/D,Ninguna,Sin restricción
2018,610,2018-01-27,Sabado,0,21:00:00,,0.0,1,Moto/Ciclomotor,Garmendia ,1,1,0,0,0,0,0,"-31.600694444444,-60.7165",Calle,,SANTA FE,La Capital,Asfalto,S/D,I,S/D,Urbana,Ninguna,S/D,Curva,Bueno,S/D,S/D,Buen Tiempo,Otro,S/D,Caída ocupante,S/D,S/D,Ninguna,Sin restricción
2018,611,2018-01-30,Martes,0,20:10:00,,0.0,2,"Moto/Ciclomotor,Otros",J Castelli 5480,2,1,0,0,0,0,1,"-31.598916666667,-60.730388888889",S/D,,SANTA FE,La Capital,Asfalto,No existe,I,S/D,Urbana,Ninguna,No existe,Recta,Bueno,Buena,Diurna,Otro,S/D,S/D,Colisión,Ninguna,Faltante,Ninguna,Sin restricción
2018,612,2018-01-31,Miercoles,0,08:40:00,Ruta Nacional 11,0.0,1,Moto/Ciclomotor,Av Blas Parera Y Gorostiaga,1,1,0,0,0,0,0,"-31.606610,-60.720109",Ruta,11,SANTA FE,La Capital,Asfalto,No existe,I,S/D,Urbana,Ninguna,No existe,Recta,Bueno,Buena,Diurna,Buen Tiempo,S/D,S/D,Caída ocupante,Ninguna,S/D,Ninguna,Sin restricción
2018,613,2018-01-29,Lunes,0,,,0.0,2,"Moto/Ciclomotor,Automóvil",Vieytes Y Casta?aduy,2,1,0,0,1,0,0,"-31.596111111111,-60.727",Calle,,SANTA FE,La Capital,Asfalto,No existe,I,S/D,Urbana,Ninguna,No existe,Intersección,Bueno,Buena,Diurna,Buen Tiempo,S/D,S/D,Colisión,Ninguna,Faltante,Cordón divisorio,Sin restricción
2018,615,2018-01-06,Sabado,0,02:45:00,,0.0,2,"Automóvil,Moto/Ciclomotor",J.J.Paso Y Tte.Agneta Bis,2,1,0,0,1,0,0,"-32.919833333333,-60.700611111111",Calle,,ROSARIO,Rosario,Asfalto,No existe,II,Dentro,Urbana,Semáforo,Intermitente,Intersección,Bueno,Buena,Nocturna,Buen Tiempo,De alcance,S/D,Colisión,Ninguna,Vertical,Ninguna,Sin restricción
2018,616,2018-01-06,Sabado,0,17:00:00,,0.0,2,"Automóvil,Moto/Ciclomotor",Av. Provincias Unidas B Y La Republica,2,1,0,0,1,0,0,"-32.918583333333,-60.713583333333",Calle,,ROSARIO,Rosario,Asfalto,No existe,II,Dentro,Urbana,Ninguna,No existe,Recta,Bueno,Buena,Diurna,Buen Tiempo,Contra objeto fijo,S/D,Colisión,Ninguna,Faltante,Cordón divisorio,Sin restricción
2018,617,2018-01-18,Jueves,0,,,0.0,2,"Automóvil,Moto/Ciclomotor",Av Pe?aloza Y Pedro de Vega,2,1,0,0,1,0,0,"-31.607194444444,-60.713222222222",Avenida,,SANTA FE,La Capital,Asfalto,No existe,I,S/D,Urbana,Ninguna,No existe,Intersección,Bueno,S/D,Diurna,Buen Tiempo,Otro,S/D,Colisión,Ninguna,Faltante,Cordón divisorio,Sin restricción
2018,618,2018-01-11,Jueves,0,17:30:00,,0.0,3,"Moto/Ciclomotor,Transporte de Pasajeros Urbano (> 8 asientos),Automóvil",Magallanes Bis Y J.J.Paso,5,3,0,0,2,0,0,"-32.919972222222,-60.705361111111",Calle,,ROSARIO,Rosario,Asfalto,No existe,II,S/D,Urbana,Ninguna,No existe,Recta,Bueno,Buena,Diurna,Buen Tiempo,De alcance,S/D,Atropello,Ninguna,Faltante,Línea divisoria pintada,Sin restricción
2018,619,2018-01-12,Viernes,0,,,0.0,2,"Moto/Ciclomotor,Automóvil",Camilo Aldao Bis Y J.J.Paso,2,0,1,0,1,0,0,"-32.91975,-60.69675",Calle,,ROSARIO,Rosario,Asfalto,No existe,II,S/D,Urbana,Ninguna,No existe,Recta,Bueno,Buena,Amanecer,Buen Tiempo,Contra objeto fijo,S/D,Colisión,Ninguna,Faltante,Línea divisoria pintada,Sin restricción
2018,621,2018-01-18,Jueves,0,23:00:00,,0.0,2,"Automóvil,Moto/Ciclomotor",Av. Sorrento Y Av. Provincias Unidas Bis,3,2,0,0,1,0,0,"-32.907833333333,-60.714027777778",Avenida,,ROSARIO,Rosario,Asfalto,Natural,II,Dentro,Urbana,Señal Pare,No existe,Rotonda,Bueno,Buena,Nocturna,Buen Tiempo,Frontal,S/D,Atropello,Ninguna,Vertical,Guardarrail,Sin restricción
2018,622,2018-01-26,Viernes,0,18:30:00,,0.0,2,"Peatón,Moto/Ciclomotor",Pje Santa Fe Y Pje David Pe?a,2,2,0,0,0,0,0,"-31.59925,-60.723194444444",Calle,,SANTA FE,La Capital,Asfalto,No existe,I,S/D,Urbana,Ninguna,No existe,Curva,Bueno,Buena,Diurna,Buen Tiempo,Otro,S/D,Colisión,Ninguna,Vertical,Ninguna,Sin restricción
2018,623,2018-01-24,Miercoles,0,17:00:00,,0.0,2,"Pickup/Utilitario,Moto/Ciclomotor",Solis Y French,2,0,1,0,1,0,0,"-32.921527777778,-60.704138888889",Calle,,ROSARIO,Rosario,Asfalto,No existe,II,Dentro,Urbana,Ninguna,No existe,Recta,Bueno,Buena,Diurna,Buen Tiempo,Otro,S/D,Colisión,Ninguna,Faltante,Ninguna,Sin restricción
2018,624,2018-01-21,Domingo,0,20:00:00,,0.0,2,"Otros,Otros",J Castelli Y Chiclana,2,1,0,0,0,0,1,"-31.598861111111,-60.730638888889",S/D,,SANTA FE,La Capital,Hormigón,No existe,I,S/D,Urbana,Ninguna,No existe,Curva,Bueno,Buena,Diurna,Buen Tiempo,Frontal,S/D,Colisión,Ninguna,Horizontal,Ninguna,Sin restricción
2018,625,2018-01-28,Domingo,0,20:50:00,,0.0,2,"Bicicleta,Automóvil",Cullen Bis Y Av. Genova,2,1,0,0,1,0,0,"-32.915916666667,-60.709888888889",Calle,,ROSARIO,Rosario,Asfalto,No existe,II,Dentro,Urbana,Semáforo,Funciona,Recta,Bueno,Buena,Nocturna,Buen Tiempo,S/D,Ciclista,Atropello,Ninguna,Vertical,Línea divisoria pintada,Sin restricción
2018,626,2018-03-06,Martes,0,16:20:00,,0.0,2,"Automóvil,Moto/Ciclomotor",San Romulo Y 1ro de setiembre,2,0,1,0,1,0,0,"-30.363072, -60.403582",Calle,,GOBERNADOR CRESPO,San Justo,Asfalto,No existe,XVI,Dentro,Urbana,Ninguna,No existe,Intersección,Bueno,Buena,Atardecer,Buen Tiempo,Lateral,S/D,Colisión,Ninguna,Faltante,Ninguna,Sin restricción
2018,627,2018-03-30,Viernes,0,11:30:00,,0.0,2,"Moto/Ciclomotor,Pickup/Utilitario",Gomez Y Juan de Garay,2,0,1,0,1,0,0,"-32.43712,-60.81348",Calle,,GABOTO,San Jerónimo,Ripio,No existe,XV,Dentro,Urbana,Ninguna,No existe,Intersección,Bueno,Buena,Diurna,Buen Tiempo,Frontal,S/D,Colisión,Material Suelto,Faltante,Ninguna,Sin restricción
2018,628,2018-03-06,Martes,0,20:00:00,,0.0,2,"Automóvil,Peatón",San Romulo 540,2,1,0,0,1,0,0,"-30.359457, -60.407164",Calle,,GOBERNADOR CRESPO,San Justo,Ripio,No existe,XVI,Dentro,Urbana,Ninguna,No existe,Recta,Bueno,Buena,"Nocturna,Con luz artificial",Buen Tiempo,S/D,Peatón,Atropello,Ninguna,Faltante,Ninguna,Sin restricción
2018,629,2018-03-26,Lunes,0,09:15:00,Ruta Nacional 11,602.0,1,Automóvil, ,3,1,0,0,2,0,0,"-30.5122908,-60.4509336",Ruta,11,MARCELINO ESCALADA,San Justo,Tierra,Natural,XVI,Fuera,Rural,Ninguna,No existe,Otro,Otro,Buena,Diurna,Buen Tiempo,Otro,S/D,Vuelco,Ninguna,Horizontal,Ninguna,Sin restricción
2018,630,2018-03-15,Jueves,0,12:00:00,,0.0,1,Moto/Ciclomotor, ,2,1,1,0,0,0,0,"-32.363468, -61.345981",Camino Rural,,SAN GENARO,San Jerónimo,Tierra,Natural,XV,Dentro,Rural,Ninguna,No existe,Recta,"Con baches,Deteriorada",Buena,Diurna,Buen Tiempo,S/D,S/D,Despiste,Ninguna,Faltante,Ninguna,Sin restricción
2018,631,2018-01-30,Martes,0,20:15:00,,0.0,2,"Automóvil,Moto/Ciclomotor",J.J.Paso Y Ottone Bis,2,1,0,0,1,0,0,"-32.919861111111,-60.700833333333",Calle,,ROSARIO,Rosario,Asfalto,No existe,II,Dentro,Urbana,Ninguna,No existe,Intersección,Bueno,Buena,Nocturna,Buen Tiempo,De alcance,S/D,Colisión,Ninguna,Faltante,Cordón divisorio,Sin restricción
2018,632,2018-01-12,Viernes,0,16:50:00,,0.0,1,Camión Chasis,Av Blas Parera Y J P Lopez,1,1,0,0,0,0,0,"-31.602638888889,-60.72075",Avenida,,SANTA FE,La Capital,Asfalto,No existe,I,S/D,Urbana,Ninguna,No funciona,Recta,Bueno,Buena,Diurna,Buen Tiempo,De alcance,S/D,Colisión,Ninguna,Horizontal,Línea divisoria pintada,Sin restricción
2018,633,2018-01-31,Miercoles,0,00:00:00,Autopista Nacional A008,0.0,2,"Moto/Ciclomotor,Pickup/Utilitario",Av. Sorrento Y Av. Circunvalacion,6,1,0,0,5,0,0,"-32.908083333333,-60.722833333333",Autopista,A008,ROSARIO,Rosario,Asfalto,No existe,II,Dentro,Urbana,Semáforo,S/D,Curva,Bueno,Buena,Nocturna,Buen Tiempo,Otro,S/D,Colisión,Ninguna,Vertical,Guardarrail,Sin restricción
2018,634,2018-01-15,Lunes,0,11:30:00,,0.0,2,"Moto/Ciclomotor,Transporte de Pasajeros Urbano (> 8 asientos)",Alberti Y Av Blas Parera,3,2,0,0,1,0,0,"-31.595388888889,-60.723055555556",Avenida,,SANTA FE,La Capital,Asfalto,No existe,I,S/D,Urbana,Otra Señal,No existe,Curva,Bueno,Buena,Diurna,Buen Tiempo,Frontal,S/D,Colisión,Ninguna,Faltante,Barrera de hormigón,Sin restricción
2018,635,2018-01-12,Viernes,0,11:10:00,,0.0,2,"Automóvil,Moto/Ciclomotor",Urquiza Y Santiago,2,1,0,0,1,0,0,"-32.93975,-60.655138888889",Calle,,ROSARIO,Rosario,Asfalto,Pavimento,II,S/D,Urbana,Ninguna,No existe,Recta,Bueno,Buena,Atardecer,Buen Tiempo,Otro,S/D,Colisión,S/D,S/D,Ninguna,S/D
2018,636,2018-01-13,Sabado,0,07:30:00,,0.0,1,Moto/Ciclomotor,Estrada Y Estanislao Zeballos,1,1,0,0,0,0,0,"-31.600361111111,-60.717833333333",Calle,,SANTA FE,La Capital,Asfalto,No existe,I,S/D,Urbana,Ninguna,No existe,Curva,Bueno,Buena,Diurna,Buen Tiempo,Contra objeto fijo,S/D,Colisión,Ninguna,Faltante,Ninguna,S/D
2018,637,2018-01-14,Domingo,0,08:15:00,,0.0,2,"Automóvil,Taxi/Remis",Catamarca Y Rodriguez,4,1,0,0,3,0,0,"-32.936916666667,-60.657277777778",Calle,,ROSARIO,Rosario,Asfalto,Pavimento,II,S/D,Urbana,Ninguna,No existe,Recta,Bueno,Buena,Diurna,Lluvia,Otro,S/D,Colisión,Agua,S/D,Ninguna,S/D
2018,638,2018-01-09,Martes,0,11:30:00,Ruta Nacional 11,0.0,2,"Peatón,Moto/Ciclomotor",Av Blas Parera Y J Castelli,3,1,0,0,0,0,2,"-31.600527777778,-60.721666666667",Ruta,11,SANTA FE,La Capital,Asfalto,S/D,I,S/D,Urbana,Semáforo,S/D,Curva,Bueno,Buena,Diurna,Buen Tiempo,S/D,Peatón,Atropello,Ninguna,Horizontal,Barrera de hormigón,Sin restricción
2018,639,2018-02-23,Viernes,0,14:00:00,,0.0,2,"Moto/Ciclomotor,Automóvil",San Martin Y Comodoro Rivadavia,2,0,1,0,1,0,0,"-33.239222222222,-60.31825",Calle,,VILLA CONSTITUCIÓN,Constitución,Asfalto,S/D,VI,Dentro,Urbana,Ninguna,S/D,Intersección,Bueno,Buena,Diurna,Buen Tiempo,Frontal,S/D,Colisión,Ninguna,S/D,Ninguna,Sin restricción
2018,640,2018-01-04,Jueves,0,14:50:00,,0.0,2,"Automóvil,Bicicleta",Catamarca 3300,2,1,0,0,1,0,0,"-32.935222222222,-60.666805555556",Calle,,ROSARIO,Rosario,Asfalto,S/D,II,S/D,Urbana,Ninguna,No existe,Recta,Bueno,S/D,S/D,Buen Tiempo,S/D,Ciclista,Atropello,S/D,S/D,S/D,S/D
2018,641,2018-02-24,Sabado,0,13:50:00,,0.0,2,"Moto/Ciclomotor,Moto/Ciclomotor",Calle 301 Y Calle 326,2,2,0,0,0,0,0,"-29.113027777778,-59.649",Calle,,AVELLANEDA,General Obligado,S/D,S/D,IX,Dentro,Urbana,S/D,No existe,Intersección,S/D,S/D,Diurna,S/D,Lateral,S/D,Colisión,S/D,S/D,S/D,S/D
2018,642,2018-01-05,Viernes,0,,,0.0,2,"Otros,Otros",French Y Alsina,2,0,0,0,0,0,2,"-31.586213,-60.722181",Avenida,,SANTA FE,La Capital,Asfalto,S/D,I,S/D,Urbana,S/D,S/D,S/D,S/D,S/D,S/D,Buen Tiempo,S/D,S/D,Colisión,S/D,S/D,S/D,S/D
2018,643,2018-02-08,Jueves,0,10:45:00,,0.0,2,"Bicicleta,Pickup/Utilitario",Chubut Y Juan Jose de Urquiza,2,1,0,0,1,0,0,"-33.241388888889,-60.321583333333",Calle,,VILLA CONSTITUCIÓN,Constitución,Asfalto,S/D,VI,Dentro,Urbana,Ninguna,S/D,Intersección,Bueno,Buena,S/D,Buen Tiempo,S/D,Ciclista,Atropello,S/D,S/D,Ninguna,S/D
2018,644,2018-01-09,Martes,0,12:55:00,,0.0,2,"Automóvil,Automóvil",Alberdi Y San Martin,2,1,0,0,1,0,0,"-33.07379, -60.57792",Calle,,PUEBLO ESTHER,Rosario,Asfalto,Pavimento,II,S/D,Urbana,S/D,No existe,Cruce,Bueno,Buena,Diurna,Buen Tiempo,De alcance,S/D,Colisión,Ninguna,S/D,S/D,S/D
2018,645,2018-02-21,Miercoles,0,13:00:00,,0.0,2,"Moto/Ciclomotor,Pickup/Utilitario",Calle 5 Y Calle 16,2,1,0,0,1,0,0,"-29.114527777778,-59.655638888889",Calle,,AVELLANEDA,General Obligado,Asfalto,S/D,IX,Dentro,Urbana,S/D,No existe,Intersección,S/D,S/D,Diurna,S/D,S/D,S/D,Colisión,S/D,S/D,S/D,S/D
2018,646,2018-01-24,Miercoles,0,17:40:00,,0.0,2,"Automóvil,Moto/Ciclomotor",Espa?a 770,2,1,0,0,1,0,0,"-33.06749, -60.58355",Calle,,PUEBLO ESTHER,Rosario,S/D,S/D,II,S/D,Urbana,S/D,S/D,Otro,S/D,Buena,S/D,S/D,Frontal,S/D,Colisión,S/D,S/D,S/D,S/D
2018,647,2018-01-22,Lunes,0,08:45:00,,0.0,1,Moto/Ciclomotor,Estado de Israel Y Av Blas Parera,2,2,0,0,0,0,0,"-31.602861111111,-60.720861111111",Avenida,,SANTA FE,La Capital,Asfalto,S/D,I,S/D,Urbana,Ninguna,S/D,Recta,S/D,S/D,Diurna,Buen Tiempo,S/D,S/D,Caída ocupante,S/D,S/D,Línea divisoria pintada,Sin restricción
2018,648,2018-02-01,Jueves,0,20:15:00,,0.0,2,"Moto/Ciclomotor,Automóvil",Av San Martin Y Corrientes,2,1,0,0,1,0,0,"-33.25787,-60.37997",Avenida,,EMPALME VILLA CONSTITUCIÓN,Constitución,Asfalto,No existe,VI,Dentro,Urbana,Ninguna,No existe,Intersección,Con baches,Buena,Con luz artificial,Buen Tiempo,Otro,S/D,Colisión,Ninguna,Faltante,Ninguna,Sin restricción
2018,649,2018-01-30,Martes,0,16:20:00,Ruta Nacional 11,0.0,2,"Moto/Ciclomotor,Automóvil",Av Blas Parera 10400,2,1,0,0,1,0,0,"-31.562583333333,-60.729527777778",Ruta,11,SANTA FE,La Capital,Asfalto,Natural,I,S/D,Urbana,Ninguna,No existe,Recta,Con baches,Buena,Diurna,Buen Tiempo,S/D,S/D,Colisión,Ninguna,S/D,Ninguna,Sin restricción