anio_acci,nro_acci,fecha,desc_dia,fecha_aprox,hora_aprox,desc_ruta,km,cant_participantes,desc_participante,calle_avenida_km,total,heridos_leves,heridos_graves,heridos_gravisimos,ilesos,fallecidos,sin_datos,posicion_XY,desc_tipo_via,desc_ruta_ori,desc_loc,desc_dpto,desc_tipo_calzada,desc_tipo_banquina,desc_unidad_regional,desc_lugar_calzada,desc_zona,desc_prioridad,desc_estado_semaforo,desc_lugar_via,desc_estado_via,desc_estado_visibilidad,desc_luminosidad,desc_estado_clima,desc_tipo_colision,desc_tipo_atropello,desc_tipo_hecho,desc_pres_calzada,desc_senializacion,desc_separacion_via,desc_restriccion
2018,650,2018-02-20,Martes,0,16:05:00,,0.0,2,"Tractor,Moto/Ciclomotor",Calle 302 Y Calle 209,2,1,0,0,1,0,0,"-29.106444444444,-59.663333333333",Calle,,AVELLANEDA,General Obligado,S/D,S/D,IX,Dentro,Urbana,S/D,S/D,Intersección,S/D,S/D,Diurna,S/D,Lateral,S/D,Colisión,S/D,S/D,S/D,S/D
2018,651,2018-01-01,Lunes,0,01:00:00,,0.0,2,"Bicicleta,Pickup/Utilitario",Bv San Martin Y Rivadavia,2,1,0,0,1,0,0,"-33.12938, -60.80047",Calle,,ÁLVAREZ,Rosario,Asfalto,Pavimento,II,Dentro,Urbana,Ninguna,No existe,Intersección,Bueno,Buena,Diurna,Buen Tiempo,Otro,Ciclista,Atropello,Ninguna,S/D,Cordón divisorio,Sin restricción
2018,652,2018-01-09,Martes,0,14:00:00,,0.0,2,"Pickup/Utilitario,Moto/Ciclomotor",Monse?or Rodriguez 6400,2,1,0,0,1,0,0,"-31.560777777778,-60.733111111111",Calle,,SANTA FE,La Capital,Asfalto,Natural,I,S/D,Urbana,Ninguna,No existe,Curva,Deteriorada,Buena,Diurna,Buen Tiempo,S/D,S/D,Colisión,Otro,Faltante,Ninguna,Sin restricción
2018,653,2018-01-20,Sabado,0,13:50:00,,0.0,2,"Moto/Ciclomotor,Automóvil",Avenida San Martin Y Entre Rios,3,2,0,0,1,0,0,"-33.11449, -60.55996",Calle,,GENERAL LAGOS,Rosario,Asfalto,No existe,II,Dentro,Urbana,Ninguna,No existe,Intersección,Bueno,Buena,Diurna,Buen Tiempo,Frontal,S/D,Colisión,Ninguna,Faltante,Ninguna,Sin restricción
2018,654,2018-01-05,Viernes,0,16:20:00,,0.0,2,"Moto/Ciclomotor,Otros",Azopardo Y Reg 12 de Infanteria,5,2,0,0,2,0,1,"-31.59225,-60.719611111111",Calle,,SANTA FE,La Capital,Asfalto,Pavimento,I,S/D,Urbana,Ninguna,No funciona,Recta,Bueno,Buena,Diurna,Buen Tiempo,Otro,S/D,Colisión,Ninguna,Faltante,Ninguna,Sin restricción
2018,655,2018-02-04,Domingo,0,10:20:00,,0.0,1,Moto/Ciclomotor,Paso de los Andes Y Guillermo Benitez,1,0,1,0,0,0,0,"-32.473833333333,-61.57975",Calle,,LAS ROSAS,Belgrano,Asfalto,No existe,III,Dentro,Urbana,Ninguna,No existe,Intersección,Bueno,Buena,Diurna,Buen Tiempo,Contra objeto fijo,S/D,Despiste,Ninguna,Faltante,Ninguna,Sin restricción
2018,656,2018-02-16,Viernes,0,09:45:00,,0.0,2,"Moto/Ciclomotor,Moto/Ciclomotor",Austria Y Calle 26,2,2,0,0,0,0,0,"-29.15899, -59.65265",Avenida,,AVELLANEDA,General Obligado,Asfalto,S/D,IX,Dentro,Urbana,S/D,S/D,Intersección,S/D,S/D,Nocturna,S/D,De alcance,S/D,Colisión,S/D,S/D,S/D,S/D
2018,657,2018-01-28,Domingo,0,20:45:00,Autopista Nacional 9,274.0,4,"Automóvil,Automóvil,Automóvil,Automóvil", ,9,4,0,0,5,0,0,"-33.11686,-60.59226",Autopista,9,GENERAL LAGOS,Rosario,Asfalto,Natural,II,S/D,Rural,Ninguna,No existe,Recta,Bueno,Reducida,Nocturna,Buen Tiempo,Múltiple,S/D,Colisión,Ninguna,Vertical,Vegetación,Sin restricción
2018,658,2018-02-10,Sabado,0,10:00:00,,0.0,2,"Pickup/Utilitario,Moto/Ciclomotor",Lamadrid Y Paso de los Andes,2,1,0,0,1,0,0,"-32.469333333333,-61.578583333333",Calle,,LAS ROSAS,Belgrano,Asfalto,No existe,III,Dentro,Urbana,Ninguna,No existe,Intersección,Bueno,Buena,Diurna,Buen Tiempo,Lateral,S/D,Colisión,Ninguna,Horizontal,Ninguna,Sin restricción
2018,659,2018-02-16,Viernes,0,20:40:00,,0.0,2,"Pickup/Utilitario,Bicicleta",Zona Rural Avellaneda Oeste ,2,1,0,0,1,0,0,"-29.14785, -59.66619",Camino Rural,,AVELLANEDA,General Obligado,S/D,Ripio,IX,S/D,Rural,S/D,No existe,S/D,S/D,S/D,Nocturna,S/D,Lateral,S/D,Colisión,S/D,S/D,S/D,S/D
2018,660,2018-01-05,Viernes,0,22:00:00,,0.0,2,"Moto/Ciclomotor,Automóvil",Av Pe?aloza 7900,2,0,0,0,1,0,1,"-31.591361111111,-60.712027777778",Avenida,,SANTA FE,La Capital,Asfalto,Pavimento,I,S/D,Urbana,Ninguna,S/D,Recta,Bueno,Buena,Nocturna,Buen Tiempo,Otro,S/D,Colisión,Ninguna,Faltante,Barrera de hormigón,Sin restricción
2018,661,2018-02-18,Domingo,0,13:45:00,,0.0,2,"Automóvil,Moto/Ciclomotor",Moreno Y Buenos Aires,2,1,0,0,1,0,0,"-32.472583333333,-61.573833333333",Calle,,LAS ROSAS,Belgrano,Asfalto,No existe,III,Dentro,Urbana,Ninguna,No existe,Intersección,Bueno,Buena,Diurna,Buen Tiempo,Lateral,S/D,Colisión,Ninguna,Vertical,Ninguna,Sin restricción
2018,662,2018-02-24,Sabado,0,16:30:00,,0.0,2,"Moto/Ciclomotor,Automóvil",Av Pe?aloza Y Estanislao Zeballos,2,1,0,0,0,0,1,"-31.6015,-60.712805555556",Calle,,SANTA FE,La Capital,Hormigón,No existe,I,Dentro,Urbana,Semáforo,Funciona,Recta,Bueno,Buena,Diurna,Buen Tiempo,Otro,S/D,Colisión,Ninguna,"Horizontal,Vertical",Cordón divisorio,Sin restricción
2018,663,2018-01-06,Sabado,0,13:55:00,Autopista Provincial 21,278.0,2,"Transporte de Pasajeros Urbano (> 8 asientos),Automóvil", ,2,1,0,0,1,0,0,"-33.05192, -60.60246",Autopista,21,ALVEAR,Rosario,Asfalto,Pavimento,II,S/D,Rural,Ninguna,No existe,Recta,Bueno,Buena,Diurna,Buen Tiempo,Lateral,S/D,Colisión,Ninguna,S/D,Línea divisoria pintada,S/D
2018,664,2018-02-19,Lunes,0,19:15:00,,0.0,2,"Automóvil,Moto/Ciclomotor",San Martin Y Buenos Aires,2,1,0,0,1,0,0,"-32.475972222222,-61.57475",Calle,,LAS ROSAS,Belgrano,Asfalto,No existe,III,Dentro,Urbana,Ninguna,No existe,Intersección,Bueno,Buena,Diurna,Buen Tiempo,Lateral,S/D,Colisión,Ninguna,Horizontal,Ninguna,Sin restricción
2018,665,2018-01-07,Domingo,0,,Ruta Nacional 11,0.0,2,"Moto/Ciclomotor,Automóvil",Av Blas Parera Y Ayacucho,4,1,0,0,3,0,0,"-31.590833333333,-60.724361111111",Ruta,11,SANTA FE,La Capital,Asfalto,Pavimento,I,S/D,Urbana,Ninguna,Funciona,Recta,Bueno,Buena,Nocturna,Buen Tiempo,Otro,S/D,Colisión,Ninguna,Vertical,Barrera de hormigón,Sin restricción
2018,666,2018-01-16,Martes,0,08:40:00,,0.0,2,"Bicicleta,Pickup/Utilitario",Pte.Roca Y Av. Arijon,2,1,0,0,1,0,0,"-33.003222222222,-60.656361111111",Avenida,,ROSARIO,Rosario,Asfalto,No existe,II,Dentro,Urbana,Semáforo,Funciona,Recta,Bueno,Buena,Diurna,Buen Tiempo,Otro,Ciclista,Atropello,Ninguna,Vertical,Línea divisoria pintada,Sin restricción
2018,667,2018-01-05,Viernes,0,22:00:00,,0.0,2,"Moto/Ciclomotor,Automóvil",Paraguay Y Khantuta,3,2,0,0,1,0,0,"-33.012055555556,-60.654305555556",Calle,,ROSARIO,Rosario,Asfalto,No existe,II,Dentro,Urbana,Ninguna,No existe,Intersección,Con baches,Reducida,Nocturna,Buen Tiempo,De alcance,S/D,Colisión,Ninguna,Faltante,Ninguna,Sin restricción
2018,668,2018-02-08,Jueves,0,20:40:00,,0.0,2,"Automóvil,Bicicleta",Sarmiento Y Av 18 de Junio,2,1,0,0,1,0,0,"-29.35327, -59.97027",Avenida,,MALABRIGO,General Obligado,Asfalto,Pavimento,IX,Dentro,Urbana,Ninguna,No existe,Intersección,Bueno,Buena,Con luz artificial,Buen Tiempo,De alcance,Ciclista,Atropello,Ninguna,S/D,Cordón divisorio,Sin restricción
2018,669,2018-01-30,Martes,0,07:40:00,,0.0,2,"Moto/Ciclomotor,Automóvil",Sarmiento Y Bv. Segui,2,1,0,0,1,0,0,"-32.979194444444,-60.646361111111",Avenida,,ROSARIO,Rosario,Asfalto,No existe,II,S/D,Urbana,Señal Pare,No existe,Intersección,Bueno,Buena,Diurna,Buen Tiempo,Lateral,S/D,Colisión,S/D,Vertical,S/D,Sin restricción
2018,670,2018-01-11,Jueves,0,17:40:00,,0.0,2,"Moto/Ciclomotor,Pickup/Utilitario",Reg 12 de Infanteria Y Europa,3,2,0,0,1,0,0,"-31.5925,-60.718333333333",Calle,,SANTA FE,La Capital,Ripio,No existe,I,S/D,Urbana,Ninguna,No existe,Intersección,Con baches,Reducida polvo,Diurna,Buen Tiempo,Otro,S/D,Colisión,Ninguna,Faltante,Ninguna,Sin restricción
2018,671,2018-01-08,Lunes,0,10:30:00,,0.0,2,"Moto/Ciclomotor,Automóvil",Cerrito Y Pte.Roca,3,1,0,0,2,0,0,"-32.960611111111,-60.649",Calle,,ROSARIO,Rosario,Asfalto,Pavimento,II,S/D,Urbana,S/D,No existe,Intersección,Bueno,Buena,Diurna,Buen Tiempo,Frontal,S/D,Colisión,Ninguna,S/D,S/D,Sin restricción
2018,672,2018-01-08,Lunes,0,11:20:00,,0.0,2,"Moto/Ciclomotor,Automóvil",Entre Rios Y Pasco,2,1,0,0,1,0,0,"-32.959055555556,-60.64425",Calle,,ROSARIO,Rosario,Asfalto,Pavimento,II,Dentro,Urbana,Señal Pare,S/D,Intersección,Bueno,Buena,Diurna,Buen Tiempo,Lateral,S/D,Colisión,Ninguna,Vertical,Ninguna,Sin restricción
2018,673,2018-02-24,Sabado,0,07:30:00,,0.0,2,"Automóvil,Moto/Ciclomotor",Mendoza Y Dean Funes,3,0,2,0,1,0,0,"-30.86517, -61.34473",Calle,,HUMBERTO 1º,Castellanos,Asfalto,Pavimento,V,S/D,Urbana,Ninguna,No existe,Intersección,Bueno,Buena,Diurna,Buen Tiempo,Lateral,S/D,Colisión,Ninguna,S/D,Ninguna,Sin restricción
2018,674,2018-02-20,Martes,0,18:00:00,Ruta Nacional 178,0.0,2,"Automóvil,Automóvil",RUTA Provincial 65 ,4,3,0,0,1,0,0,"-32.458617590673, -61.585000987639",Ruta,178,LAS ROSAS,Belgrano,Asfalto,Pavimento,III,S/D,Rural,Ninguna,No existe,Intersección,Bueno,Buena,Diurna,Buen Tiempo,Frontal,S/D,Colisión,Ninguna,Faltante,Barrera de hormigón,Sin restricción
2018,675,2018-01-07,Domingo,0,21:00:00,Ruta Nacional 11,0.0,2,"Automóvil,Moto/Ciclomotor",Av Blas Parera 9100,2,1,0,0,1,0,0,"-31.57625,-60.728333333333",Ruta,11,SANTA FE,La Capital,Asfalto,No existe,I,S/D,Urbana,Ninguna,No existe,Recta,Bueno,Reducida,Nocturna,Buen Tiempo,Lateral,S/D,Colisión,Ninguna,Horizontal,Ninguna,Sin restricción
2018,676,2018-01-05,Viernes,0,10:40:00,,0.0,2,"Moto/Ciclomotor,Automóvil",Bv. Oro?o Y Av. F.Solano Lopez,3,1,0,0,2,0,0,"-32.95806, -60.65679",Avenida,,ROSARIO,Rosario,Asfalto,Pavimento,II,S/D,Urbana,S/D,No existe,Intersección,Bueno,Buena,Nocturna,Buen Tiempo,Lateral,S/D,Colisión,Ninguna,S/D,Ninguna,Sin restricción
2018,677,2018-02-02,Viernes,0,06:20:00,,0.0,2,"Automóvil,Automóvil",Bv. 27 De Febrero Y Ayacucho,3,1,0,0,2,0,0,"-32.969527777778,-60.632194444444",Avenida,,ROSARIO,Rosario,S/D,S/D,II,S/D,Urbana,S/D,S/D,Intersección,S/D,S/D,Amanecer,S/D,S/D,S/D,Colisión,S/D,S/D,S/D,S/D
2018,678,2018-01-06,Sabado,0,20:30:00,,0.0,2,"Moto/Ciclomotor,Automóvil",Bv. Oro?o Y Av. Pellegrini,2,1,0,0,1,0,0,"-32.954694444444,-60.655944444444",Avenida,,ROSARIO,Rosario,Asfalto,Pavimento,II,Dentro,Urbana,Semáforo,Funciona,Intersección,Bueno,Buena,Nocturna,Buen Tiempo,Frontal,S/D,Colisión,Ninguna,Faltante,Ninguna,Sin restricción
2018,679,2018-01-18,Jueves,0,13:50:00,Ruta Nacional 11,0.0,2,"Moto/Ciclomotor,Camión",Av Blas Parera 9500,2,1,0,0,1,0,0,"-31.572111111111,-60.729361111111",Ruta,11,SANTA FE,La Capital,Asfalto,No existe,I,S/D,Urbana,Ninguna,No existe,Recta,Bueno,Buena,Diurna,Buen Tiempo,De alcance,S/D,Colisión,Ninguna,Faltante,Ninguna,Sin restricción
2018,680,2018-02-24,Sabado,0,06:30:00,,0.0,1,Automóvil,A 15KM DE LA CIUDAD DE LAS ROSAS ,2,2,0,0,0,0,0,"-32.47512, -61.57666",S/D,,LAS ROSAS,Belgrano,Asfalto,Natural,III,Fuera,Rural,Ninguna,No existe,Curva,Bueno,Buena,Amanecer,Buen Tiempo,Otro,S/D,Vuelco,Ninguna,Faltante,Ninguna,Sin restricción
2018,681,2018-02-24,Sabado,0,00:45:00,,0.0,2,"Automóvil,Moto/Ciclomotor",Brigadier Lopez Y Elias Duaid,2,0,1,0,1,0,0,"-30.014694444444,-61.57525",Calle,,AMBROSETTI,San Cristóbal,Ripio,S/D,XIII,S/D,Urbana,Ninguna,No existe,Intersección,Bueno,Buena,"Nocturna,Con luz artificial",Buen Tiempo,Lateral,S/D,Colisión,Ninguna,Vertical,Ninguna,Sin restricción
2018,682,2018-03-21,Miercoles,0,20:50:00,,0.0,2,"Automóvil,Bicicleta",Domingo French Y Avda Santa Fe,3,0,0,0,1,0,2,"-33.458376, -61.496873",Calle,,FIRMAT,General López,Asfalto,No existe,VIII,S/D,Urbana,S/D,S/D,Intersección,S/D,S/D,Nocturna,S/D,S/D,Ciclista,Atropello,Ninguna,S/D,S/D,S/D
2018,683,2018-03-18,Domingo,0,06:50:00,Ruta Nacional 11,0.0,2,"Pickup/Utilitario,Moto/Ciclomotor",Ruta Nacional 11 Y Bv Belgrano,2,0,1,0,1,0,0,"-29.889038, -60.279973",Ruta,11,CALCHAQUÍ,Vera,Asfalto,Natural,XIX,Dentro,Urbana,Semáforo,Funciona,Recta,Bueno,Buena,Amanecer,S/D,S/D,S/D,Colisión,Ninguna,"Horizontal,Vertical","Guardarrail,Cordón divisorio,Vegetación,Línea divisoria pintada",S/D
2018,684,2018-03-11,Domingo,0,19:00:00,,0.0,1,Automóvil,CAMINO RURAL A 15 KM DE COLONIA LA ANGELITA ,3,3,0,0,0,0,0,"-29.55037, -60.12527",Camino Rural,,CALCHAQUÍ,Vera,Tierra,No existe,XIX,S/D,Rural,S/D,No existe,Recta,Bueno,S/D,Diurna,Buen Tiempo,S/D,S/D,Vuelco,Ninguna,Faltante,Ninguna,S/D
2018,685,2018-03-25,Domingo,0,15:35:00,,0.0,1,Automóvil,S J Puig 200,2,1,0,0,1,0,0,"-30.355702557920, -60.401580039611",Calle,,GOBERNADOR CRESPO,San Justo,Ripio,Natural,XVI,Dentro,Urbana,Ninguna,No existe,Recta,Bueno,Buena,Diurna,Buen Tiempo,S/D,S/D,Despiste,Ninguna,Faltante,Ninguna,Sin restricción
2018,686,2018-03-07,Miercoles,0,18:25:00,,0.0,2,"Pickup/Utilitario,Moto/Ciclomotor",Bv Belgrano Y Sgto Cabral,2,1,0,0,1,0,0,"-29.888283, -60.285250",Avenida,,CALCHAQUÍ,Vera,Asfalto,Pavimento,XIX,Dentro,Urbana,S/D,No existe,Intersección,Bueno,Buena,Diurna,S/D,S/D,S/D,Colisión,Ninguna,S/D,Cordón divisorio,S/D
2018,687,2018-03-22,Jueves,0,09:45:00,,0.0,2,"Moto/Ciclomotor,Moto/Ciclomotor",San Martin 1860,2,2,0,0,0,0,0,"-29.888643, -60.287656",Calle,,CALCHAQUÍ,Vera,Asfalto,No existe,XIX,Dentro,Urbana,Ninguna,No existe,Recta,Bueno,Buena,Diurna,Buen Tiempo,Frontal,S/D,Colisión,Ninguna,Vertical,Ninguna,Sin restricción
2018,688,2018-03-22,Jueves,0,11:40:00,,0.0,1,Moto/Ciclomotor,Col?n Y Patricias Argentinas,3,3,0,0,0,0,0,"-29.699439,-60.253834",Calle,,MARGARITA,Vera,Ripio,No existe,XIX,Dentro,Urbana,Ninguna,No existe,Recta,Con baches,Buena,Diurna,Buen Tiempo,Atropello animal,S/D,Colisión,Ninguna,Faltante,Ninguna,Sin restricción
2018,689,2018-03-02,Viernes,0,15:35:00,,0.0,2,"Automóvil,Moto/Ciclomotor",20 De Junio Y Santa Fe,2,1,0,0,1,0,0,"-30.230122470350, -61.729755112703",Calle,,ARRUFÓ,San Cristóbal,Ripio,S/D,XIII,Dentro,Urbana,S/D,No existe,Intersección,Bueno,Buena,Diurna,Buen Tiempo,Lateral,S/D,Colisión,Ninguna,S/D,S/D,S/D
2018,690,2018-03-12,Lunes,0,21:15:00,Ruta Secundaria 83-s,0.0,1,Moto/Ciclomotor, ,1,1,0,0,0,0,0,"-28.76579, -60.09187",Ruta,83-s,COLMENA,Vera,Tierra,No existe,XIX,S/D,Rural,Ninguna,No existe,Recta,Otro,Reducida polvo,Nocturna,Buen Tiempo,Atropello animal,S/D,Colisión,Ninguna,S/D,Vegetación,Sin restricción
2018,691,2018-03-31,Sabado,0,16:00:00,,0.0,2,"Moto/Ciclomotor,Automóvil",EVA PER?N Y 25 DE MAYO,2,1,0,0,1,0,0,"-28.957227, -60.137455",Calle,,GARABATO,Vera,Ripio,No existe,XIX,S/D,Urbana,Ninguna,No existe,Intersección,Bueno,Buena,Diurna,Buen Tiempo,Frontal,S/D,Colisión,Ninguna,S/D,Ninguna,Sin restricción
2018,692,2018-03-10,Sabado,0,19:20:00,Ruta Secundaria 3-s,0.0,1,Moto/Ciclomotor,EVA PER?N Y 25 DE MAYO,1,1,0,0,0,0,0,"-28.952547, -60.133722",Ruta,3-s,GARABATO,Vera,Asfalto,Natural,XIX,Dentro,Urbana,Ninguna,No existe,Recta,Bueno,Buena,Atardecer,Buen Tiempo,S/D,S/D,Caída ocupante,Ninguna,Horizontal,"Línea divisoria pintada,Ninguna",Sin restricción
2018,693,2018-03-31,Sabado,0,20:50:00,Ruta Secundaria 74-s,0.0,1,Moto/Ciclomotor, ,1,0,1,0,0,0,0,"-30.130897629931, -61.610520286560",Ruta,74-s,AMBROSETTI,San Cristóbal,Asfalto,Natural,XIII,S/D,Rural,Ninguna,No existe,Recta,Bueno,Buena,Nocturna,Buen Tiempo,Atropello animal,S/D,Colisión,Ninguna,Faltante,Ninguna,Sin restricción
2018,694,2018-04-21,Sabado,0,12:30:00,,0.0,2,"Automóvil,Moto/Ciclomotor",4 de Enero Y Junin,2,1,0,0,1,0,0,"-31.637728460316, -60.709462041504",Avenida,,SANTA FE,La Capital,Asfalto,No existe,I,Dentro,Urbana,Ninguna,Funciona,Intersección,Bueno,Buena,Diurna,Buen Tiempo,Lateral,S/D,Colisión,Ninguna,"Horizontal,Vertical",Ninguna,Sin restricción
2018,695,2018-03-31,Sabado,0,19:00:00,Ruta Provincial 1,14.0,2,"Automóvil,Moto/Ciclomotor", ,3,1,1,0,1,0,0,"-31.559682944846, -60.522277342431",Ruta,1,AP. LEYES,La Capital,Asfalto,Natural,I,Dentro,Rural,Marca Vial,No existe,Recta,Bueno,Buena,Diurna,Buen Tiempo,Lateral,S/D,Colisión,Ninguna,Horizontal,Línea divisoria pintada,Sin restricción
2018,696,2018-04-21,Sabado,0,10:15:00,,0.0,2,"Moto/Ciclomotor,Transporte de Pasajeros Larga Distancia (> 8 asientos)",Bv Pellegrini Y San Martin,2,1,0,0,1,0,0,"-31.635556809521, -60.703232765268",Avenida,,SANTA FE,La Capital,Asfalto,No existe,I,Dentro,Urbana,Ninguna,Funciona,Intersección,Bueno,Buena,Diurna,Buen Tiempo,Lateral,S/D,Colisión,Ninguna,"Horizontal,Vertical",Ninguna,Sin restricción
2018,697,2018-04-19,Jueves,0,10:00:00,,0.0,2,"Pickup/Utilitario,Bicicleta",4 de Enero Y Corrientes,2,1,0,0,1,0,0,"-31.652779340263, -60.713797547327",Calle,,SANTA FE,La Capital,Asfalto,No existe,I,Dentro,Urbana,Ninguna,No existe,Intersección,Bueno,Buena,Diurna,Buen Tiempo,S/D,Ciclista,Atropello,Ninguna,Horizontal,Ninguna,Sin restricción
2018,698,2018-04-25,Miercoles,0,18:15:00,Ruta Provincial 20,0.0,2,"Moto/Ciclomotor,Tractor",Ruta Provincial 20 Y Calle 15,2,0,1,0,1,0,0,"-31.818613418164, -62.104093744753",Ruta,20,LAS PETACAS,San Martín,Asfalto,Ripio,XVIII,Dentro,Urbana,Ninguna,No existe,Recta,Bueno,Buena,Diurna,Buen Tiempo,Lateral,S/D,Colisión,Ninguna,Faltante,Ninguna,Sin restricción
2018,699,2018-04-16,Lunes,0,12:15:00,,0.0,2,"Bicicleta,Automóvil",Suipacha Y Rivadavia,2,1,0,0,1,0,0,"-31.640591382499, -60.702489354121",Avenida,,SANTA FE,La Capital,Asfalto,No existe,I,Dentro,Urbana,Ninguna,Funciona,Intersección,Bueno,Buena,Diurna,Buen Tiempo,S/D,Ciclista,Atropello,Ninguna,"Horizontal,Vertical",Ninguna,Sin restricción
2018,700,2018-03-14,Miercoles,0,17:30:00,,0.0,2,"Moto/Ciclomotor,Automóvil",Jujuy Y Florida,2,1,0,0,1,0,0,"-32.825979,-60.717405",Calle,,CAPITÁN BERMÚDEZ,San Lorenzo,Asfalto,S/D,XVII,Dentro,Urbana,S/D,S/D,Intersección,S/D,S/D,S/D,S/D,S/D,S/D,S/D,S/D,S/D,S/D,S/D
2018,701,2018-04-03,Martes,0,12:20:00,,0.0,2,"Bicicleta,Moto/Ciclomotor",Juan de Garay Y Urquiza,2,1,0,0,1,0,0,"-29.454796152377, -60.218374266764",Calle,,VERA,Vera,Tierra,No existe,XIX,Dentro,Urbana,Ninguna,No existe,Intersección,Bueno,Buena,Diurna,Buen Tiempo,S/D,Ciclista,Atropello,Ninguna,Faltante,Ninguna,Sin restricción
2018,702,2018-04-28,Sabado,0,07:15:00,,0.0,1,Moto/Ciclomotor,Av Leandro Alem Y La Rioja,2,2,0,0,0,0,0,"-31.646728276725, -60.702017285334",Avenida,,SANTA FE,La Capital,Hormigón,No existe,I,Dentro,Urbana,Ninguna,Funciona,Intersección,Bueno,Buena,Diurna,Buen Tiempo,S/D,S/D,Despiste,Ninguna,"Horizontal,Vertical",Ninguna,Sin restricción
2018,703,2018-04-27,Viernes,0,09:45:00,,0.0,2,"Moto/Ciclomotor,Automóvil",Av 27 de Febrero Y Juan de Garay,2,1,0,0,1,0,0,"-31.652993916984, -60.705750920283",Avenida,,SANTA FE,La Capital,Hormigón,No existe,I,Dentro,Urbana,Ninguna,Funciona,Intersección,Bueno,Buena,Diurna,Buen Tiempo,S/D,S/D,Colisión,Ninguna,"Horizontal,Vertical",Ninguna,Sin restricción
2018,704,2018-04-03,Martes,0,06:20:00,,0.0,2,"Moto/Ciclomotor,Automóvil",9 de Julio Y La Rioja,3,2,0,0,1,0,0,"-31.645042977613, -60.708820115048",Calle,,SANTA FE,La Capital,Asfalto,No existe,I,Dentro,Urbana,Ninguna,No existe,Intersección,Bueno,Buena,Diurna,Buen Tiempo,Lateral,S/D,Colisión,Ninguna,Horizontal,Ninguna,Sin restricción
2018,705,2018-04-05,Jueves,0,10:15:00,,0.0,2,"Automóvil,Taxi/Remis",4 de Enero Y Obispo Gelabert,3,1,0,0,2,0,0,"-31.635595365612, -60.708890600135",Calle,,SANTA FE,La Capital,Asfalto,No existe,I,Dentro,Urbana,Ninguna,No existe,Intersección,Bueno,Buena,Diurna,Buen Tiempo,Lateral,S/D,Colisión,Ninguna,Horizontal,Ninguna,Sin restricción
2018,706,2018-04-05,Jueves,0,11:05:00,,0.0,2,"Taxi/Remis,Bicicleta",Suipacha Y Rivadavia,2,1,0,0,1,0,0,"-31.640595003216, -60.702431840827",Avenida,,SANTA FE,La Capital,Asfalto,No existe,I,Dentro,Urbana,Ninguna,Funciona,Intersección,Otro,Buena,Diurna,Buen Tiempo,S/D,Ciclista,Atropello,Ninguna,"Horizontal,Vertical",Ninguna,Sin restricción
2018,707,2018-04-05,Jueves,0,10:15:00,,0.0,2,"Automóvil,Pickup/Utilitario",Gdor Crespo Y 4 de Enero,2,1,0,0,1,0,0,"-31.640080019085, -60.710135145118",Calle,,SANTA FE,La Capital,Asfalto,No existe,I,Dentro,Urbana,Ninguna,No existe,Intersección,Bueno,Buena,Diurna,Buen Tiempo,Lateral,S/D,Colisión,Ninguna,Horizontal,Ninguna,Sin restricción
2018,708,2018-04-05,Jueves,0,10:15:00,,0.0,2,"Moto/Ciclomotor,Taxi/Remis",San Jeronimo Y Mariano Comas,2,1,0,0,1,0,0,"-31.632634206860, -60.703869504859",Calle,,SANTA FE,La Capital,Hormigón,No existe,I,Dentro,Urbana,Ninguna,No existe,Intersección,Bueno,Buena,Diurna,Buen Tiempo,Lateral,S/D,Colisión,Ninguna,Horizontal,Ninguna,Sin restricción
2018,709,2018-04-06,Viernes,0,12:20:00,,0.0,2,"Moto/Ciclomotor,Moto/Ciclomotor",Rivadavia 3400,2,2,0,0,0,0,0,"-31.637204691021, -60.701294584205",Avenida,,SANTA FE,La Capital,Asfalto,No existe,I,Dentro,Urbana,Ninguna,No existe,Recta,Bueno,Buena,Diurna,Buen Tiempo,De alcance,S/D,Colisión,Agua,Horizontal,Ninguna,Sin restricción
2018,710,2018-04-06,Viernes,0,11:20:00,,0.0,2,"Peatón,Automóvil",Suipacha Y 9 de Julio,2,1,0,0,1,0,0,"-31.639479204266, -60.707173986365",Avenida,,SANTA FE,La Capital,Asfalto,No existe,I,Dentro,Urbana,Ninguna,Funciona,Intersección,Bueno,Buena,Diurna,Buen Tiempo,S/D,Peatón,Atropello,Ninguna,"Horizontal,Vertical",Ninguna,Sin restricción
2018,711,2018-01-19,Viernes,0,12:30:00,Ruta Nacional 11,0.0,2,"Automóvil,Moto/Ciclomotor",Av Blas Parera Y Callejon Mendez,2,1,0,0,1,0,0,"-31.577305555556,-60.728055555556",Ruta,11,SANTA FE,La Capital,Asfalto,No existe,I,S/D,Urbana,Semáforo,Funciona,Recta,Bueno,Buena,Diurna,Buen Tiempo,De alcance,S/D,Colisión,Ninguna,Horizontal,Ninguna,Sin restricción