anio_acci,nro_acci,fecha,desc_dia,fecha_aprox,hora_aprox,desc_ruta,km,cant_participantes,desc_participante,calle_avenida_km,total,heridos_leves,heridos_graves,heridos_gravisimos,ilesos,fallecidos,sin_datos,posicion_XY,desc_tipo_via,desc_ruta_ori,desc_loc,desc_dpto,desc_tipo_calzada,desc_tipo_banquina,desc_unidad_regional,desc_lugar_calzada,desc_zona,desc_prioridad,desc_estado_semaforo,desc_lugar_via,desc_estado_via,desc_estado_visibilidad,desc_luminosidad,desc_estado_clima,desc_tipo_colision,desc_tipo_atropello,desc_tipo_hecho,desc_pres_calzada,desc_senializacion,desc_separacion_via,desc_restriccion
2018,712,2018-01-21,Domingo,0,13:15:00,,0.0,2,"Moto/Ciclomotor,Automóvil",Av. Pellegrini Y Callao,4,1,0,0,3,0,0,"-32.95325,-60.662777777778",Avenida,,ROSARIO,Rosario,Asfalto,Pavimento,II,Dentro,Urbana,Semáforo,Funciona,Intersección,Bueno,Buena,Diurna,Buen Tiempo,De alcance,S/D,Colisión,S/D,S/D,Barrera de hormigón,Sin restricción
2018,713,2018-01-21,Domingo,0,03:40:00,,0.0,2,"Moto/Ciclomotor,Automóvil",Entre Rios Y Amenabar,2,1,0,0,1,0,0,"-32.971694444444,-60.647444444444",Calle,,ROSARIO,Rosario,Asfalto,Pavimento,II,S/D,Urbana,S/D,S/D,Intersección,Bueno,Reducida,Nocturna,Buen Tiempo,De alcance,S/D,Colisión,Ninguna,Faltante,Ninguna,S/D
2018,714,2018-01-22,Lunes,0,,Ruta Provincial 4,8.0,1,Automóvil, ,1,1,0,0,0,0,0,"-31.281767, -60.758296",Ruta,4,MANUCHO,La Capital,Asfalto,Ripio,I,S/D,Urbana,Ninguna,No existe,Recta,Bueno,Buena,Diurna,Buen Tiempo,Contra objeto fijo,S/D,Despiste,Ninguna,Faltante,Línea divisoria pintada,Sin restricción
2018,715,2018-02-21,Miercoles,0,13:15:00,,0.0,2,"Moto/Ciclomotor,Automóvil",Tucuman Y Buenos Aires,2,1,0,0,1,0,0,"-32.479361111111,-61.575611111111",Calle,,LAS ROSAS,Belgrano,Asfalto,No existe,III,S/D,Urbana,Ninguna,No existe,Intersección,Bueno,Buena,Diurna,Buen Tiempo,Lateral,S/D,Colisión,Ninguna,Faltante,Ninguna,Sin restricción
2018,716,2018-01-20,Sabado,0,20:55:00,,0.0,2,"Moto/Ciclomotor,Automóvil",Av. Pellegrini Y Av. Ovidio Lagos,2,1,0,0,1,0,0,"-32.953,-60.664166666667",Avenida,,ROSARIO,Rosario,Asfalto,Pavimento,II,Dentro,Urbana,Semáforo,Funciona,Intersección,Bueno,Buena,Nocturna,Buen Tiempo,Lateral,S/D,Colisión,Ninguna,S/D,Barrera de hormigón,S/D
2018,717,2018-01-12,Viernes,0,12:30:00,,0.0,2,"Moto/Ciclomotor,Pickup/Utilitario",Belgrano Y Aragon,2,1,0,0,1,0,0,"-31.263954, -60.759712",Calle,,NELSON,La Capital,Ripio,No existe,I,Dentro,Urbana,Ninguna,No existe,Intersección,"Bueno,Con baches",Buena,Diurna,Buen Tiempo,Otro,S/D,Colisión,Ninguna,S/D,Ninguna,Sin restricción
2018,718,2018-01-19,Viernes,0,13:30:00,,0.0,2,"Automóvil,Moto/Ciclomotor",Riobamba Y Italia,2,1,0,0,1,0,0,"-32.961277777778,-60.652055555556",Calle,,ROSARIO,Rosario,Asfalto,Pavimento,II,S/D,Urbana,Ninguna,No existe,Intersección,Bueno,Buena,Diurna,Buen Tiempo,De alcance,S/D,Colisión,Ninguna,Faltante,S/D,S/D
2018,719,2018-02-03,Sabado,0,22:45:00,,0.0,2,"Automóvil,Bicicleta",Marconico Y Juan Jose Castelli,2,1,0,0,1,0,0,"-33.74375,-61.965583333333",Avenida,,VENADO TUERTO,General López,Asfalto,No existe,VIII,S/D,Urbana,Ninguna,No existe,Intersección,Bueno,Buena,Nocturna,Buen Tiempo,Lateral,Ciclista,Atropello,Ninguna,Faltante,Ninguna,Sin restricción
2018,720,2018-01-18,Jueves,0,12:10:00,,0.0,2,"Moto/Ciclomotor,Taxi/Remis",Cerrito Y Mitre,2,1,0,0,1,0,0,"-32.961611111111,-60.643444444444",Calle,,ROSARIO,Rosario,Asfalto,S/D,II,Dentro,Urbana,S/D,S/D,Intersección,Bueno,Buena,Diurna,Buen Tiempo,De alcance,S/D,Colisión,Ninguna,Faltante,Ninguna,Sin restricción
2018,721,2018-01-06,Sabado,0,11:20:00,,0.0,2,"Automóvil,Automóvil",Av. Castro Barros Y Anchorena,2,1,0,0,1,0,0,"-32.997166666667,-60.629666666667",Calle,,ROSARIO,Rosario,Asfalto,No existe,II,Dentro,Urbana,Ninguna,No existe,Intersección,Bueno,Buena,Diurna,Buen Tiempo,Lateral,S/D,Colisión,Ninguna,Faltante,Ninguna,Sin restricción
2018,722,2018-01-14,Domingo,0,17:30:00,,0.0,1,Moto/Ciclomotor,Entre Rios Y Lisandro de la Torre,2,2,0,0,0,0,0,"-31.261228, -60.756011",Calle,,NELSON,La Capital,Tierra,No existe,I,Dentro,Urbana,Ninguna,No existe,Recta,Bueno,Buena,Diurna,Buen Tiempo,Atropello animal,S/D,Caída ocupante,Ninguna,S/D,Ninguna,Sin restricción
2018,723,2018-02-04,Domingo,0,01:00:00,,0.0,2,"Automóvil,Moto/Ciclomotor",Gutierrez Y Gral Jose de San Martin,2,0,1,0,1,0,0,"-33.731444444444,-61.976722222222",Calle,,VENADO TUERTO,General López,Asfalto,No existe,VIII,Dentro,Urbana,Ninguna,No existe,Intersección,Bueno,Buena,Nocturna,Buen Tiempo,Lateral,S/D,Colisión,Ninguna,Faltante,Ninguna,Sin restricción
2018,724,2018-01-08,Lunes,0,18:40:00,,0.0,2,"Moto/Ciclomotor,Automóvil",Ayacucho Y Av. Battle y Ordo?ez,2,1,0,0,1,0,0,"-33.008472222222,-60.635777777778",Calle,,ROSARIO,Rosario,Asfalto,Pavimento,II,Dentro,Urbana,Ninguna,No existe,Intersección,Bueno,Buena,Diurna,Buen Tiempo,Lateral,S/D,Colisión,Ninguna,Faltante,Ninguna,Sin restricción
2018,725,2018-02-17,Sabado,0,21:00:00,Autopista Nacional Rosario -Cordoba,380.0,5,"Camión c / Acoplado,Automóvil,Automóvil,Automóvil,Camión Chasis", ,8,6,0,0,2,0,0,"-32.77486, -61.59939",Autopista,Rosario -Córdoba,ARMSTRONG,Belgrano,Asfalto,Natural,III,Dentro,Rural,Ninguna,No existe,Recta,Bueno,Buena,Nocturna,Buen Tiempo,Múltiple,S/D,Vuelco,Otro,Vertical,Ninguna,Sin restricción
2018,726,2018-01-08,Lunes,0,12:00:00,,0.0,2,"Moto/Ciclomotor,Automóvil",Isola Bis Y Abanderado Grandoli,2,1,0,0,1,0,0,"-32.991361111111,-60.628472222222",Calle,,ROSARIO,Rosario,Asfalto,Pavimento,II,S/D,Urbana,Ninguna,No existe,Intersección,Bueno,Buena,Diurna,Buen Tiempo,Lateral,S/D,Colisión,Ninguna,Faltante,Cordón divisorio,Sin restricción
2018,727,2018-01-01,Lunes,0,17:35:00,Ruta Nacional 11,509.0,2,"Moto/Ciclomotor,Automóvil",Av Santa Fe Y 9 de Julio,3,2,0,0,1,0,0,"-31.268386, -60.759249",Ruta,11,NELSON,La Capital,Asfalto,Natural,I,Dentro,Urbana,Ninguna,No existe,Recta,Deteriorada,Buena,Diurna,Buen Tiempo,Lateral,S/D,Colisión,Ninguna,Vertical,Línea divisoria pintada,S/D
2018,728,2018-02-17,Sabado,0,21:30:00,,0.0,2,"Pickup/Utilitario,Camión Chasis",Chaco Y Jujuy,3,1,0,0,2,0,0,"-33.737,-61.953138888889",Calle,,VENADO TUERTO,General López,Asfalto,S/D,VIII,Dentro,Urbana,Semáforo,No existe,Intersección,Bueno,Buena,Nocturna,Buen Tiempo,Frontal,S/D,Colisión,Ninguna,S/D,Ninguna,S/D
2018,729,2018-01-04,Jueves,0,16:30:00,,0.0,2,"Moto/Ciclomotor,Automóvil",Ruta Nac 33 Y Av Cordoba,2,1,0,0,1,0,0,"-33.00442, -60.78444",Calle,,PÉREZ,Rosario,Asfalto,Ripio,II,S/D,Urbana,Ninguna,No existe,Recta,Bueno,Buena,Diurna,Buen Tiempo,Lateral,S/D,Colisión,Ninguna,Faltante,Ninguna,Sin restricción
2018,730,2018-01-30,Martes,0,13:00:00,,0.0,1,Moto/Ciclomotor,Av San Sebastian 1900,1,1,0,0,0,0,0,"-32.9985, -60.77627",Calle,,PÉREZ,Rosario,Asfalto,No existe,II,S/D,Urbana,Ninguna,No existe,Recta,Bueno,Buena,Diurna,Buen Tiempo,Atropello animal,S/D,Atropello,Ninguna,Vertical,Ninguna,Sin restricción
2018,731,2018-01-22,Lunes,0,,Ruta Provincial 4,0.0,2,"Moto/Ciclomotor,Moto/Ciclomotor",Ruta Prov 4 ,4,3,0,0,1,0,0,"-31.2777, -60.76814",Ruta,4,NELSON,La Capital,Asfalto,Natural,I,S/D,Rural,Ninguna,No existe,Recta,Bueno,Reducida,Nocturna,Buen Tiempo,S/D,S/D,Colisión,Ninguna,"Horizontal,Vertical",Línea divisoria pintada,Sin restricción
2018,732,2018-02-17,Sabado,0,21:20:00,,0.0,2,"Otros,Otros",Av Dr Luis Chapuis Y Quintana,2,1,0,0,1,0,0,"-33.736222222222,-61.976027777778",Calle,,VENADO TUERTO,General López,Asfalto,No existe,VIII,Dentro,Urbana,Ninguna,No existe,Intersección,Bueno,Buena,Nocturna,Buen Tiempo,Lateral,S/D,Colisión,Ninguna,Faltante,Ninguna,Sin restricción
2018,733,2018-01-28,Domingo,0,18:20:00,,0.0,2,"Bicicleta,Automóvil",Virasoro Y Necochea,2,1,0,0,1,0,0,"-32.972388888889,-60.630083333333",Calle,,ROSARIO,Rosario,Asfalto,No existe,II,S/D,Urbana,Ninguna,No existe,Intersección,Bueno,Buena,Diurna,Buen Tiempo,De alcance,S/D,Colisión,Ninguna,Horizontal,Ninguna,Sin restricción
2018,734,2018-02-22,Jueves,0,05:30:00,Ruta Provincial 62,0.0,1,Automóvil, ,2,2,0,0,0,0,0,"-30.98897, -61.02037",Ruta,62,PROVIDENCIA,Las Colonias,Asfalto,Natural,XI,Dentro,Rural,S/D,No existe,Recta,Bueno,Buena,S/D,S/D,S/D,S/D,S/D,Ninguna,S/D,S/D,S/D
2018,735,2018-01-30,Martes,0,12:06:00,Ruta Nacional 11,480.0,2,"Pickup/Utilitario,Moto/Ciclomotor",Ruta Nacional 11 ,3,2,0,0,1,0,0,"-31.531266, -60.722209",Ruta,11,RECREO,La Capital,Asfalto,Natural,I,Dentro,S/D,Marca Vial,No existe,Recta,Bueno,Buena,Diurna,Buen Tiempo,Lateral,S/D,Colisión,Ninguna,Faltante,Línea divisoria pintada,Sin restricción
2018,736,2018-01-27,Sabado,0,12:00:00,,0.0,2,"Moto/Ciclomotor,Moto/Ciclomotor",Virasoro Y Chacabuco,2,1,0,0,1,0,0,"-32.972638888889,-60.628722222222",Calle,,ROSARIO,Rosario,Asfalto,No existe,II,S/D,Urbana,Ninguna,No existe,Recta,Bueno,Buena,Diurna,Buen Tiempo,Lateral,S/D,Atropello,Ninguna,Faltante,Ninguna,Sin restricción
2018,737,2018-02-06,Martes,0,17:51:00,Ruta Provincial 15,0.0,1,Automóvil,A 1200 MTS AUTOPISTA ROSARIO-CORDOBA-CARDINAL SUR ,1,1,0,0,0,0,0,"-32.81183, -61.62378",Ruta,15,ARMSTRONG,Belgrano,Asfalto,Natural,III,Dentro,Rural,Ninguna,No existe,Recta,Bueno,Buena,Diurna,Buen Tiempo,S/D,S/D,Vuelco,Ninguna,Faltante,Ninguna,Sin restricción
2018,738,2018-01-24,Miercoles,0,20:40:00,,0.0,2,"Pickup/Utilitario,Moto/Ciclomotor",Necochea Y Bv. Segui,2,1,0,0,1,0,0,"-32.981694444444,-60.632416666667",Calle,,ROSARIO,Rosario,Asfalto,No existe,II,S/D,Urbana,Ninguna,No existe,Intersección,Con baches,Buena,Nocturna,Buen Tiempo,Lateral,S/D,Colisión,Ninguna,Faltante,Ninguna,Sin restricción
2018,739,2018-02-09,Viernes,0,19:40:00,,0.0,2,"Automóvil,Moto/Ciclomotor",General Paz Y Guemes,2,1,0,0,1,0,0,"-31.452555555556,-60.9345",Calle,,ESPERANZA,Las Colonias,Asfalto,No existe,XI,S/D,Urbana,Ninguna,No existe,Intersección,Bueno,Buena,Atardecer,Buen Tiempo,De alcance,S/D,Colisión,Ninguna,Vertical,Ninguna,Sin restricción
2018,740,2018-01-24,Miercoles,0,10:50:00,,0.0,2,"Automóvil,Moto/Ciclomotor",Garay Y J.M.de Rosas,2,0,1,0,1,0,0,"-32.975694444444,-60.638361111111",Calle,,ROSARIO,Rosario,Asfalto,No existe,II,S/D,Urbana,Ninguna,No existe,Intersección,Bueno,Buena,Diurna,Buen Tiempo,Lateral,S/D,Colisión,S/D,Vertical,Ninguna,Sin restricción
2018,741,2018-01-17,Miercoles,0,11:40:00,Ruta Nacional 11,486.0,2,"Moto/Ciclomotor,Automóvil",Ruta Nacional 11 ,2,1,0,0,1,0,0,"-31.480392, -60.732873",Ruta,11,RECREO,La Capital,Tierra,Ripio,I,S/D,Rural,Ninguna,No existe,Intersección,Con baches,Reducida polvo,Diurna,Buen Tiempo,Lateral,S/D,Despe?amiento,Ninguna,Faltante,Línea divisoria pintada,Sin restricción
2018,742,2018-01-23,Martes,0,14:30:00,,0.0,2,"Automóvil,Moto/Ciclomotor",Ayolas Y J.M.de Rosas,2,1,0,0,1,0,0,"-32.978,-60.638944444444",Calle,,ROSARIO,Rosario,Asfalto,No existe,II,S/D,Urbana,Paso Peatonal,No existe,Intersección,Bueno,Buena,Diurna,Buen Tiempo,Lateral,S/D,Colisión,S/D,Horizontal,Ninguna,Sin restricción
2018,743,2018-02-12,Lunes,0,12:15:00,,0.0,2,"Automóvil,Moto/Ciclomotor",Cullen Y R G Videla,2,1,0,0,1,0,0,"-31.45025,-60.940555555556",Calle,,ESPERANZA,Las Colonias,Asfalto,No existe,XI,S/D,Urbana,Ninguna,No existe,Intersección,Bueno,Buena,Diurna,Buen Tiempo,Lateral,S/D,Colisión,Ninguna,Vertical,Ninguna,Sin restricción
2018,744,2018-02-15,Jueves,0,20:25:00,,0.0,2,"Automóvil,Bicicleta",Bartolome Mitre Y Las Heras,2,1,0,0,1,0,0,"-31.458416666667,-60.940111111111",Calle,,ESPERANZA,Las Colonias,Ripio,No existe,XI,Dentro,Urbana,Ninguna,No existe,Intersección,Bueno,Reducida,Nocturna,Buen Tiempo,Lateral,S/D,Atropello,Ninguna,Vertical,Ninguna,Sin restricción
2018,745,2018-02-08,Jueves,0,20:40:00,,0.0,2,"Automóvil,Automóvil",Suchon Y L Bessone,3,1,0,0,2,0,0,"-31.7424, -61.08973",Calle,,SAN CARLOS CENTRO,Las Colonias,Ripio,No existe,XI,Dentro,Urbana,Ninguna,No existe,Intersección,Resbaladiza,Reducida,"Nocturna,Con luz artificial",Buen Tiempo,De alcance,S/D,Colisión,Ninguna,Vertical,Ninguna,Sin restricción
2018,746,2018-01-29,Lunes,0,21:00:00,Ruta Nacional 11,483.6,2,"Pickup/Utilitario,Moto/Ciclomotor",Ruta Nacional 11 1600,3,1,0,0,2,0,0,"-31.499148, -60.729379",Ruta,11,RECREO,La Capital,Asfalto,Ripio,I,S/D,Urbana,Ninguna,No existe,Recta,Bueno,Reducida,"Nocturna,Con luz artificial",Buen Tiempo,Lateral,S/D,Colisión,Ninguna,Horizontal,Línea divisoria pintada,Sin restricción
2018,747,2018-02-06,Martes,0,21:30:00,,0.0,2,"Automóvil,Moto/Ciclomotor",Aaron Castellanos Y Sangento Cabral,3,2,0,0,1,0,0,"-31.452944444444,-60.916694444444",Calle,,ESPERANZA,Las Colonias,Ripio,No existe,XI,S/D,Urbana,Ninguna,No existe,Intersección,Bueno,Buena,Nocturna,Buen Tiempo,Otro,S/D,Colisión,Ninguna,Vertical,Ninguna,Sin restricción
2018,748,2018-01-17,Miercoles,0,11:00:00,Ruta Nacional 11,483.0,1,Moto/Ciclomotor,Ruta Nacional 11 Y Sayago,2,1,0,0,1,0,0,"-31.500185, -60.728722",Ruta,11,RECREO,La Capital,Asfalto,Ripio,I,S/D,Urbana,Ninguna,No existe,Intersección,Deteriorada,Buena,Diurna,Buen Tiempo,Otro,S/D,Despiste,Ninguna,Faltante,Línea divisoria pintada,Sin restricción
2018,749,2018-01-22,Lunes,0,14:45:00,,0.0,2,"Moto/Ciclomotor,Pickup/Utilitario",Ayacucho Y Bv. Segui,2,1,0,0,1,0,0,"-32.980944444444,-60.6355",Calle,,ROSARIO,Rosario,Asfalto,No existe,II,S/D,Urbana,Ninguna,No existe,Intersección,Bueno,Buena,Diurna,Buen Tiempo,Lateral,S/D,Colisión,Ninguna,Faltante,Ninguna,Sin restricción
2018,750,2018-02-03,Sabado,0,20:40:00,Ruta Provincial 70,0.0,2,"Moto/Ciclomotor,Automóvil", ,2,1,0,0,0,0,1,"-31.44623, -60.91644",Ruta,70,ESPERANZA,Las Colonias,Asfalto,No existe,XI,S/D,Urbana,Ninguna,No existe,Intersección,Bueno,Buena,Atardecer,Buen Tiempo,Lateral,S/D,Atropello,Ninguna,Vertical,Ninguna,Sin restricción
2018,751,2018-01-12,Viernes,0,17:00:00,,0.0,2,"Taxi/Remis,Moto/Ciclomotor",24 De Setiembre Y 1 de Mayo,3,2,0,0,1,0,0,"-32.981722222222,-60.638194444444",Calle,,ROSARIO,Rosario,Asfalto,No existe,II,S/D,Urbana,Ninguna,No existe,Intersección,Bueno,Buena,Diurna,Buen Tiempo,Lateral,S/D,Colisión,Ninguna,Faltante,Ninguna,Sin restricción
2018,752,2018-02-14,Miercoles,0,07:00:00,,0.0,1,Moto/Ciclomotor,Rivadavia 600,1,1,0,0,0,0,0,"-31.72833, -61.09044",Calle,,SAN CARLOS CENTRO,Las Colonias,Asfalto,No existe,XI,Dentro,Urbana,Ninguna,No existe,Recta,Bueno,Buena,Diurna,Buen Tiempo,Frontal,S/D,Atropello,Ninguna,Vertical,Ninguna,Sin restricción
2018,753,2018-01-13,Sabado,0,06:15:00,,0.0,2,"Automóvil,Moto/Ciclomotor",L.N.Alem Y Garay,2,1,0,0,1,0,0,"-32.97625,-60.635361111111",Calle,,ROSARIO,Rosario,Asfalto,No existe,II,S/D,Urbana,Ninguna,No existe,Intersección,Bueno,Buena,Diurna,Buen Tiempo,Lateral,S/D,Colisión,Ninguna,Horizontal,Ninguna,Sin restricción
2018,754,2018-02-01,Jueves,0,12:00:00,,0.0,2,"Moto/Ciclomotor,Automóvil",Ruta Prov 22 S Y Los Andes,2,1,0,0,1,0,0,"-33.034027777778,-60.656027777778",Calle,,VILLA GOBERNADOR GÁLVEZ,Rosario,Asfalto,Ripio,II,S/D,Urbana,Ninguna,No existe,Intersección,Bueno,Buena,Diurna,Buen Tiempo,Lateral,S/D,Colisión,Ninguna,Faltante,Línea divisoria pintada,Sin restricción
2018,755,2018-01-09,Martes,0,21:30:00,,0.0,2,"Automóvil,Moto/Ciclomotor",Maipu Y Bv. Segui,3,2,0,0,1,0,0,"-32.979666666667,-60.643666666667",Calle,,ROSARIO,Rosario,Asfalto,No existe,II,S/D,Urbana,Ninguna,No existe,Intersección,Bueno,Buena,Nocturna,Buen Tiempo,Lateral,S/D,Atropello,Ninguna,Horizontal,Ninguna,Sin restricción
2018,756,2018-02-21,Miercoles,0,18:15:00,,0.0,2,"Moto/Ciclomotor,Moto/Ciclomotor",Moreno Y L Novoro,2,2,0,0,0,0,0,"-31.73031, -61.08955",Calle,,SAN CARLOS CENTRO,Las Colonias,Asfalto,No existe,XI,Dentro,Urbana,Ninguna,No existe,Intersección,Bueno,Buena,Diurna,Buen Tiempo,Lateral,S/D,Colisión,Ninguna,Vertical,Ninguna,Sin restricción
2018,757,2018-01-09,Martes,0,06:30:00,,0.0,2,"Pickup/Utilitario,Moto/Ciclomotor",Amenabar Y Buenos Aires,2,1,0,0,1,0,0,"-32.973166666667,-60.639166666667",Calle,,ROSARIO,Rosario,Asfalto,No existe,II,S/D,Urbana,Señal Pare,No existe,Intersección,Bueno,Buena,Diurna,Buen Tiempo,Lateral,S/D,Atropello,Ninguna,"Horizontal,Vertical",Ninguna,Sin restricción
2018,758,2018-02-01,Jueves,0,18:15:00,,0.0,2,"Moto/Ciclomotor,Automóvil",Dr Brarda Y Bme Mitre,3,2,0,0,1,0,0,"-32.024805555556,-61.222638888889",Calle,,GÁLVEZ,San Jerónimo,Asfalto,Pavimento,XV,S/D,Urbana,Ninguna,No existe,Intersección,Bueno,Buena,Atardecer,Buen Tiempo,Otro,S/D,Colisión,Ninguna,Faltante,Ninguna,Sin restricción
2018,759,2018-01-03,Miercoles,0,17:15:00,,0.0,2,"Automóvil,Automóvil",Amenabar Y Mariano Moreno,2,1,0,0,1,0,0,"-32.969944444444,-60.657055555556",Calle,,ROSARIO,Rosario,Asfalto,No existe,II,S/D,Urbana,Ninguna,No existe,Recta,Bueno,Buena,Atardecer,Buen Tiempo,Lateral,S/D,Colisión,Ninguna,Faltante,Ninguna,Sin restricción
2018,760,2018-01-04,Jueves,0,13:05:00,,0.0,2,"Taxi/Remis,Moto/Ciclomotor",San Martin Y Centenario,2,1,0,0,1,0,0,"-33.00425,-60.649555555556",Avenida,,ROSARIO,Rosario,Asfalto,No existe,II,S/D,Urbana,Ninguna,No existe,Recta,Bueno,Buena,Diurna,Buen Tiempo,De alcance,S/D,Colisión,Ninguna,Horizontal,Cordón divisorio,Sin restricción
2018,761,2018-02-23,Viernes,0,11:00:00,,0.0,1,Moto/Ciclomotor,8 de setiembre Y Rivadavia,2,1,0,0,1,0,0,"-29.340786893121, -59.964347975373",Calle,,MALABRIGO,General Obligado,Tierra,No existe,IX,Dentro,Urbana,Ninguna,No existe,Intersección,Bueno,Buena,Diurna,Buen Tiempo,Otro,S/D,Caída ocupante,Ninguna,Faltante,Ninguna,Sin restricción
2018,762,2018-01-04,Jueves,0,08:15:00,,0.0,2,"Automóvil,Bicicleta",Pte.Quintana Y Bv. Oro?o,2,1,0,0,1,0,0,"-32.979805555556,-60.662305555556",Avenida,,ROSARIO,Rosario,Asfalto,No existe,II,Dentro,Urbana,Ninguna,Funciona,Recta,Bueno,Buena,Atardecer,Buen Tiempo,S/D,Ciclista,Atropello,Ninguna,Vertical,Barrera de hormigón,Sin restricción
2018,763,2018-01-03,Miercoles,0,10:00:00,,0.0,2,"Moto/Ciclomotor,Automóvil",Rueda Y Italia,2,1,0,0,1,0,0,"-32.969305555556,-60.654027777778",Calle,,ROSARIO,Rosario,Asfalto,No existe,II,Dentro,Urbana,Ninguna,No existe,Intersección,Bueno,Buena,Diurna,Buen Tiempo,Lateral,S/D,Colisión,Ninguna,Faltante,Ninguna,Sin restricción
2018,764,2018-02-09,Viernes,0,12:00:00,,0.0,2,"Automóvil,Moto/Ciclomotor",Saavedra Y 9 de Julio,2,1,0,0,1,0,0,"-31.58857, -60.94141",Calle,,FRANCK,Las Colonias,Asfalto,Pavimento,XI,Dentro,Urbana,Ninguna,No existe,Intersección,Bueno,Buena,Diurna,Buen Tiempo,S/D,S/D,Colisión,Ninguna,Horizontal,Ninguna,Sin restricción
2018,765,2018-01-03,Miercoles,0,15:00:00,,0.0,2,"Transporte de Pasajeros Urbano (> 8 asientos),Bicicleta",Italia Y Av. Uriburu,5,4,0,0,1,0,0,"-32.991194444444,-60.659555555556",Calle,,ROSARIO,Rosario,Asfalto,No existe,II,Dentro,Urbana,Semáforo,Funciona,Recta,Bueno,S/D,S/D,Buen Tiempo,S/D,Ciclista,Atropello,S/D,S/D,Barrera de hormigón,Sin restricción
2018,766,2018-02-01,Jueves,0,21:15:00,,0.0,2,"Bicicleta,Pickup/Utilitario",Jujuy Y Belgrano,2,1,0,0,1,0,0,"-30.34954, -61.91729",Calle,,SAN GUILLERMO,San Cristóbal,Hormigón,Pavimento,XIII,Dentro,Urbana,Ninguna,No existe,Recta,Bueno,Reducida,Con luz artificial,Buen Tiempo,De alcance,Ciclista,Atropello,Ninguna,Faltante,Ninguna,Sin restricción
2018,767,2018-02-16,Viernes,0,16:00:00,,0.0,2,"Automóvil,Automóvil",Av San Martin Y Rivadavia,2,1,0,0,1,0,0,"-31.39441, -61.08046",Avenida,,HUMBOLDT,Las Colonias,Hormigón,S/D,XI,Dentro,Urbana,Ninguna,No existe,Intersección,Bueno,Buena,Diurna,Buen Tiempo,Lateral,S/D,Colisión,Ninguna,Faltante,Ninguna,Sin restricción
2018,768,2018-02-04,Domingo,0,03:00:00,,0.0,1,Moto/Ciclomotor,La Paz 400,1,0,1,0,0,0,0,"-30.323055555556,-61.232555555556",Calle,,SAN CRISTÓBAL,San Cristóbal,Ripio,Natural,XIII,Dentro,Urbana,Ninguna,No existe,Recta,Bueno,Reducida,Nocturna,Buen Tiempo,Otro,S/D,Vuelco,Ninguna,Faltante,Ninguna,Sin restricción
2018,769,2018-02-28,Miercoles,0,17:00:00,,0.0,2,"Automóvil,Moto/Ciclomotor",Piedras Y 9 de Julio,2,1,0,0,1,0,0,"-30.305277777778,-61.243972222222",Calle,,SAN CRISTÓBAL,San Cristóbal,Ripio,Natural,XIII,Dentro,Urbana,Ninguna,No existe,Intersección,Bueno,Buena,Diurna,Buen Tiempo,Lateral,S/D,Colisión,Ninguna,Faltante,Ninguna,Sin restricción
2018,770,2018-03-24,Sabado,0,22:10:00,,0.0,2,"Moto/Ciclomotor,Pickup/Utilitario",CAMINO DE LOS CERRILLOS ,2,1,0,0,1,0,0,"-33.28009,-60.27046",Camino Rural,,VILLA CONSTITUCIÓN,Constitución,Tierra,S/D,VI,Dentro,Rural,S/D,No existe,Recta,Con baches,Reducida polvo,Nocturna,S/D,Frontal,S/D,Colisión,S/D,S/D,S/D,S/D
2018,771,2018-03-15,Jueves,0,01:20:00,,0.0,2,"Moto/Ciclomotor,Pickup/Utilitario",San Martin Y Jorge Newbery,2,1,0,0,1,0,0,"-33.237694444444,-60.319638888889",Calle,,VILLA CONSTITUCIÓN,Constitución,Asfalto,No existe,VI,Dentro,Urbana,S/D,S/D,Intersección,Bueno,Buena,Nocturna,Buen Tiempo,Frontal,S/D,Colisión,Ninguna,S/D,Ninguna,S/D
2018,772,2018-03-02,Viernes,0,06:45:00,Ruta Nacional 11,0.0,2,"Moto/Ciclomotor,Automóvil",Av San Lorenzo Y C Escalada,2,0,1,0,0,0,1,"-32.728888888889,-60.744916666667",Ruta,11,CAPITÁN BERMÚDEZ,San Lorenzo,Asfalto,S/D,XVII,Dentro,Urbana,Ninguna,S/D,Intersección,Bueno,Buena,Amanecer,Buen Tiempo,S/D,S/D,Colisión,S/D,S/D,S/D,Sin restricción
2018,773,2018-03-30,Viernes,0,21:30:00,,0.0,2,"Moto/Ciclomotor,Automóvil",San Martin Y Dr Silvestre Begnis,4,2,0,0,2,0,0,"-33.252527777778,-60.306916666667",S/D,,VILLA CONSTITUCIÓN,Constitución,Asfalto,S/D,IV,S/D,Urbana,Ninguna,S/D,Intersección,Bueno,S/D,Nocturna,Otro,Frontal,S/D,Colisión,S/D,S/D,Ninguna,S/D