anio_acci,nro_acci,fecha,desc_dia,fecha_aprox,hora_aprox,desc_ruta,km,cant_participantes,desc_participante,calle_avenida_km,total,heridos_leves,heridos_graves,heridos_gravisimos,ilesos,fallecidos,sin_datos,posicion_XY,desc_tipo_via,desc_ruta_ori,desc_loc,desc_dpto,desc_tipo_calzada,desc_tipo_banquina,desc_unidad_regional,desc_lugar_calzada,desc_zona,desc_prioridad,desc_estado_semaforo,desc_lugar_via,desc_estado_via,desc_estado_visibilidad,desc_luminosidad,desc_estado_clima,desc_tipo_colision,desc_tipo_atropello,desc_tipo_hecho,desc_pres_calzada,desc_senializacion,desc_separacion_via,desc_restriccion
2018,774,2018-03-03,Sabado,0,06:25:00,,0.0,2,"Moto/Ciclomotor,Automóvil",San Martin Y E Aleman,3,2,0,0,1,0,0,"-29.461402, -60.210835",Calle,,VERA,Vera,Asfalto,No existe,XIX,Dentro,Urbana,Ninguna,No existe,Intersección,Bueno,Buena,Diurna,Buen Tiempo,Frontal,S/D,Colisión,Ninguna,Faltante,Ninguna,Sin restricción
2018,775,2018-04-18,Miercoles,0,16:40:00,,0.0,2,"Automóvil,Moto/Ciclomotor",Mitre B Y E Aleman,3,2,0,0,1,0,0,"-29.460861637441, -60.214609099557",Calle,,VERA,Vera,Asfalto,No existe,XIX,Dentro,Urbana,Ninguna,No existe,Intersección,Bueno,Buena,Diurna,Buen Tiempo,Frontal,S/D,Colisión,Ninguna,Faltante,Ninguna,Sin restricción
2018,776,2018-04-07,Sabado,0,,,0.0,2,"Moto/Ciclomotor,Automóvil",San Jeronimo Y Santiago del Estero,2,1,0,0,1,0,0,"-31.637593747304, -60.705410695639",Calle,,SANTA FE,La Capital,Hormigón,No existe,I,Dentro,Urbana,Ninguna,No existe,Intersección,Bueno,Buena,Diurna,Buen Tiempo,Lateral,S/D,Colisión,Ninguna,Horizontal,Ninguna,Sin restricción
2018,777,2018-03-18,Domingo,0,23:45:00,Ruta Provincial 70,11.0,2,"Automóvil,Automóvil", ,4,1,0,0,3,0,0,"-31.47187,-60.83618",Ruta,70,ESPERANZA,Las Colonias,Asfalto,No existe,XI,Dentro,Rural,Ninguna,No existe,Recta,Bueno,Reducida,Nocturna,Buen Tiempo,Lateral,S/D,Colisión,Ninguna,Faltante,Línea divisoria pintada,Sin restricción
2018,778,2018-04-21,Sabado,0,23:50:00,,0.0,2,"Moto/Ciclomotor,Moto/Ciclomotor",Rivadavia Y Corrientes,2,2,0,0,0,0,0,"-29.465741114213, -60.210954697272",Calle,,VERA,Vera,Asfalto,No existe,XIX,Dentro,Urbana,Ninguna,No existe,Intersección,Bueno,Buena,Nocturna,Buen Tiempo,Frontal,S/D,Colisión,Ninguna,Faltante,Ninguna,Sin restricción
2018,779,2018-03-05,Lunes,0,19:20:00,,0.0,2,"Pickup/Utilitario,Moto/Ciclomotor",Presbitero Jose Houriet Y Moreno,3,2,0,0,1,0,0,"-29.462089, -60.213563",Calle,,VERA,Vera,Asfalto,No existe,XIX,Dentro,Urbana,Ninguna,No existe,Intersección,Bueno,Buena,Diurna,Buen Tiempo,Frontal,S/D,Colisión,Ninguna,Faltante,Ninguna,Sin restricción
2018,780,2018-04-23,Lunes,0,05:45:00,,0.0,1,Moto/Ciclomotor,Corrientes Y 1ro de Mayo,1,0,1,0,0,0,0,"-29.466030792786, -60.208969862601",Calle,,VERA,Vera,Asfalto,No existe,XIX,Dentro,Urbana,Ninguna,No existe,Intersección,Bueno,Buena,Amanecer,Buen Tiempo,S/D,S/D,Caída ocupante,Ninguna,Faltante,Ninguna,Sin restricción
2018,781,2018-04-09,Lunes,0,13:30:00,,0.0,2,"Automóvil,Moto/Ciclomotor",25 de Mayo Y Suipacha,2,1,0,0,1,0,0,"-31.640233040975, -60.703908658591",Avenida,,SANTA FE,La Capital,Asfalto,No existe,I,Dentro,Urbana,Ninguna,Funciona,Intersección,Bueno,Buena,Diurna,Buen Tiempo,Lateral,S/D,Colisión,Ninguna,"Horizontal,Vertical",Ninguna,Sin restricción
2018,782,2018-04-09,Lunes,0,,,0.0,2,"Automóvil,Moto/Ciclomotor",Santiago del Estero Y Rivadavia,2,1,0,0,1,0,0,"-31.638301850484, -60.701805806723",Avenida,,SANTA FE,La Capital,Asfalto,No existe,I,Dentro,Urbana,Ninguna,Funciona,Recta,Bueno,Buena,Diurna,Buen Tiempo,De alcance,S/D,Colisión,Agua,"Horizontal,Vertical",Ninguna,Sin restricción
2018,783,2018-03-02,Viernes,0,12:15:00,,0.0,2,"Automóvil,Moto/Ciclomotor",Sgo de Liniers 800,2,1,0,0,1,0,0,"-32.024548725811, -61.217107171798",Calle,,GÁLVEZ,San Jerónimo,Asfalto,No existe,XV,Dentro,Urbana,Ninguna,No existe,Recta,Bueno,Buena,Diurna,Buen Tiempo,Lateral,S/D,Colisión,Ninguna,S/D,Ninguna,Sin restricción
2018,784,2018-03-16,Viernes,0,21:40:00,Ruta Provincial 3,4.0,2,"Automóvil,Moto/Ciclomotor", ,2,1,0,0,1,0,0,"-29.427471, -60.202172",Ruta,3,VERA,Vera,Asfalto,Natural,XIX,Dentro,Urbana,Ninguna,No existe,Recta,Bueno,Buena,Nocturna,Buen Tiempo,Frontal,S/D,Colisión,Ninguna,Faltante,Ninguna,Sin restricción
2018,785,2018-04-13,Viernes,0,08:30:00,,0.0,2,"Moto/Ciclomotor,Automóvil",Hipolito Yrigoyen Y 25 de Mayo,2,1,0,0,1,0,0,"-31.642357350514, -60.704530931082",Calle,,SANTA FE,La Capital,Asfalto,No existe,I,Dentro,Urbana,Ninguna,No existe,Intersección,Bueno,Buena,Diurna,Buen Tiempo,Lateral,S/D,Colisión,Ninguna,Horizontal,Ninguna,Sin restricción
2018,786,2018-03-17,Sabado,0,18:10:00,,0.0,2,"Bicicleta,Automóvil",San Martin 2200,2,1,0,0,1,0,0,"-29.459254, -60.210523",Calle,,VERA,Vera,Asfalto,No existe,XIX,Dentro,Urbana,Ninguna,No existe,Recta,Otro,Buena,Diurna,Buen Tiempo,S/D,Ciclista,Atropello,Ninguna,Faltante,Ninguna,Sin restricción
2018,787,2018-04-02,Lunes,0,10:40:00,,0.0,2,"Automóvil,Otros",Av Gral San Martin Y 25 de Mayo,3,1,0,0,2,0,0,"-30.363627003164, -60.399882341404",Avenida,,GOBERNADOR CRESPO,San Justo,Asfalto,Pavimento,XVI,Dentro,Urbana,Ninguna,No existe,Intersección,Bueno,Buena,Diurna,Buen Tiempo,Lateral,S/D,Colisión,Ninguna,S/D,"Cordón divisorio,Vegetación",Sin restricción
2018,788,2018-03-22,Jueves,0,07:55:00,,0.0,2,"Moto/Ciclomotor,Automóvil",L de la Torre Y Moreno,3,2,0,0,1,0,0,"-29.464301, -60.214000",Calle,,VERA,Vera,Asfalto,No existe,XIX,Dentro,Urbana,Ninguna,No existe,Intersección,Bueno,Buena,Diurna,Buen Tiempo,Lateral,S/D,Colisión,Ninguna,Faltante,Ninguna,Sin restricción
2018,789,2018-03-29,Jueves,0,23:20:00,,0.0,2,"Moto/Ciclomotor,Transporte de Pasajeros Larga Distancia (Piso  y  1/2)",Saavedra Y Pte Peron,2,1,0,0,1,0,0,"-29.469693, -60.206457",Calle,,VERA,Vera,Asfalto,No existe,XIX,Dentro,Urbana,Ninguna,No existe,Intersección,Bueno,Buena,Nocturna,Buen Tiempo,Lateral,S/D,Colisión,Ninguna,Faltante,Ninguna,Sin restricción
2018,790,2018-04-16,Lunes,0,08:00:00,,0.0,2,"Automóvil,Pickup/Utilitario",San Luis 2500,2,1,0,0,1,0,0,"-31.646005154775, -60.702964521017",Calle,,SANTA FE,La Capital,Asfalto,No existe,I,S/D,Urbana,Ninguna,No existe,Recta,Bueno,Buena,Diurna,Buen Tiempo,De alcance,S/D,Colisión,Ninguna,Horizontal,Ninguna,Sin restricción
2018,791,2018-03-03,Sabado,0,21:45:00,,0.0,2,"Moto/Ciclomotor,Moto/Ciclomotor",Echeverria Y Mendoza,2,2,0,0,0,0,0,"-32.038555354599, -61.221714328383",Calle,,GÁLVEZ,San Jerónimo,Asfalto,Pavimento,XV,Dentro,Urbana,Ninguna,No existe,Intersección,Bueno,Buena,Nocturna,Buen Tiempo,Lateral,S/D,Colisión,Ninguna,Faltante,Ninguna,Sin restricción
2018,792,2018-04-02,Lunes,0,19:30:00,,0.0,2,"Moto/Ciclomotor,Automóvil",Laprida 153,4,2,0,0,1,0,1,"-32.802722222222,-60.722972222222",Calle,,CAPITÁN BERMÚDEZ,San Lorenzo,Asfalto,No existe,XVII,Dentro,Urbana,S/D,S/D,Recta,S/D,S/D,Nocturna,S/D,S/D,S/D,Colisión,S/D,S/D,Ninguna,S/D
2018,793,2018-04-16,Lunes,0,12:30:00,,0.0,2,"Taxi/Remis,Bicicleta",San Luis 2500,2,1,0,0,1,0,0,"-31.646123,-60.703015",Calle,,SANTA FE,La Capital,Hormigón,No existe,I,Dentro,Urbana,Ninguna,No existe,Recta,Bueno,Buena,Diurna,Buen Tiempo,S/D,Ciclista,Atropello,Ninguna,Horizontal,Ninguna,Sin restricción
2018,794,2018-04-10,Martes,0,14:50:00,,0.0,2,"Automóvil,Moto/Ciclomotor",Venezuela 500,2,1,0,0,1,0,0,"-32.822361111111,-60.712055555556",Calle,,CAPITÁN BERMÚDEZ,San Lorenzo,Asfalto,No existe,XVII,Dentro,Urbana,S/D,S/D,Recta,Bueno,Buena,Diurna,Buen Tiempo,S/D,S/D,Colisión,Ninguna,S/D,Línea divisoria pintada,Sin restricción
2018,795,2018-04-25,Miercoles,0,18:00:00,,0.0,2,"Pickup/Utilitario,Moto/Ciclomotor",25 de Mayo Y Salta,2,1,0,0,1,0,0,"-31.650489808247, -60.706719613638",Calle,,SANTA FE,La Capital,Asfalto,No existe,I,S/D,Urbana,Ninguna,No existe,Intersección,Bueno,Buena,Atardecer,Buen Tiempo,Frontal,S/D,Colisión,Ninguna,Vertical,Ninguna,Sin restricción
2018,796,2018-04-12,Jueves,0,15:00:00,,0.0,2,"Moto/Ciclomotor,Automóvil",Juan de Garay Y Cruz Roje Argentina,2,1,0,0,1,0,0,"-31.652935982869, -60.705796933737",Calle,,SANTA FE,La Capital,Asfalto,No existe,I,Dentro,Urbana,Ninguna,No existe,Intersección,Bueno,Buena,Atardecer,Buen Tiempo,Frontal,S/D,Colisión,Ninguna,Vertical,Ninguna,Sin restricción
2018,797,2018-04-04,Miercoles,0,14:10:00,,0.0,3,"Automóvil,Moto/Ciclomotor,Moto/Ciclomotor",9 de Julio Y La Rioja,3,2,0,0,1,0,0,"-31.645039559529, -60.708801007834",Calle,,SANTA FE,La Capital,Asfalto,No existe,I,Dentro,Urbana,Ninguna,No existe,Intersección,Bueno,Buena,Diurna,Buen Tiempo,Múltiple,S/D,Colisión,Ninguna,Horizontal,Ninguna,Sin restricción
2018,798,2018-04-22,Domingo,0,14:40:00,,0.0,2,"Automóvil,Moto/Ciclomotor",9 de Julio Y Hipolito Yrigoyen,2,1,0,0,1,0,0,"-31.641820908711, -60.707856870261",Calle,,SANTA FE,La Capital,Asfalto,No existe,I,Dentro,Urbana,Policía de tránsito,Funciona,Intersección,Bueno,Buena,Diurna,Buen Tiempo,Lateral,S/D,Colisión,Agua,Vertical,Ninguna,Sin restricción
2018,799,2018-04-22,Domingo,0,14:00:00,,0.0,2,"Automóvil,Moto/Ciclomotor",3 de Febrero Y Cruz Roje Argentina,2,1,0,0,1,0,0,"-31.658321858571, -60.707341886130",Calle,,SANTA FE,La Capital,S/D,No existe,I,Dentro,Urbana,Ninguna,No existe,Curva,Bueno,Reducida polvo,Diurna,Buen Tiempo,Frontal,S/D,Colisión,Ninguna,Vertical,Ninguna,Sin restricción
2018,800,2018-04-14,Sabado,0,09:00:00,,0.0,2,"Automóvil,Moto/Ciclomotor",4 de Enero Y La Rioja,2,1,0,0,1,0,0,"-31.644438744710, -60.711354470816",Avenida,,SANTA FE,La Capital,Asfalto,No existe,I,Dentro,Urbana,Ninguna,Funciona,Intersección,Bueno,Reducida polvo,Nocturna,Buen Tiempo,Frontal,S/D,Colisión,Ninguna,Vertical,Ninguna,Sin restricción
2018,801,2018-04-18,Miercoles,0,18:00:00,,0.0,2,"Bicicleta,Taxi/Remis",Mendoza Y San Jeronimo,2,1,0,0,1,0,0,"-31.648794652150, -60.708672261801",Calle,,SANTA FE,La Capital,Asfalto,No existe,I,S/D,Urbana,Policía de tránsito,No existe,Intersección,Bueno,Buena,Diurna,Buen Tiempo,S/D,Ciclista,Atropello,Agua,Horizontal,Ninguna,Sin restricción
2018,802,2018-04-01,Domingo,0,05:00:00,,0.0,2,"Automóvil,Moto/Ciclomotor",25 de Mayo Y Suipacha,3,2,0,0,1,0,0,"-31.640254498647, -60.703908658591",Calle,,SANTA FE,La Capital,Asfalto,No existe,I,Dentro,Urbana,Policía de tránsito,No existe,Intersección,Bueno,Buena,Nocturna,Buen Tiempo,Frontal,S/D,Colisión,Ninguna,Horizontal,Ninguna,Sin restricción
2018,803,2018-01-03,Miercoles,0,00:15:00,,0.0,2,"Taxi/Remis,Moto/Ciclomotor",Bv. Oro?o Y Juan Canals,3,2,0,0,1,0,0,"-32.986694444444,-60.664",Calle,,ROSARIO,Rosario,Asfalto,No existe,II,Dentro,Urbana,Ninguna,No existe,Recta,Bueno,Buena,Nocturna,Buen Tiempo,Lateral,S/D,Colisión,Ninguna,Faltante,Barrera de hormigón,Sin restricción
2018,804,2018-01-16,Martes,0,18:00:00,,0.0,2,"Automóvil,Automóvil",Av. Jorge Cura Y Pueyrredon,2,1,0,0,1,0,0,"-32.970333333333,-60.664305555556",Calle,,ROSARIO,Rosario,Asfalto,No existe,II,Dentro,Urbana,Ninguna,No existe,Intersección,Bueno,Buena,Atardecer,Buen Tiempo,Lateral,S/D,Colisión,Ninguna,Faltante,Ninguna,Sin restricción
2018,805,2018-01-14,Domingo,0,09:35:00,,0.0,2,"Automóvil,Taxi/Remis",San Martin Y Reg.11 de Infanteria,2,1,0,0,1,0,0,"-32.998777777778,-60.648527777778",Avenida,,ROSARIO,Rosario,Asfalto,No existe,II,S/D,Urbana,Ninguna,Funciona,Intersección,Bueno,Buena,Diurna,Otro,Lateral,S/D,Colisión,Ninguna,"Horizontal,Vertical",Barrera de hormigón,Sin restricción
2018,806,2018-02-19,Lunes,0,11:15:00,,0.0,2,"Automóvil,Moto/Ciclomotor",Pueyrredon Y Hipolito Irigoyen,2,1,0,0,1,0,0,"-30.306472222222,-61.231194444444",Calle,,SAN CRISTÓBAL,San Cristóbal,Asfalto,Pavimento,XIII,Dentro,Urbana,Ninguna,No existe,Intersección,Bueno,Buena,Diurna,Buen Tiempo,Frontal,S/D,Colisión,Ninguna,Faltante,Ninguna,Sin restricción
2018,807,2018-01-13,Sabado,0,05:45:00,,0.0,2,"Taxi/Remis,Peatón",Bv. Oro?o Y Av. Jorge Cura,2,1,0,0,1,0,0,"-32.971111111111,-60.660166666667",Avenida,,ROSARIO,Rosario,Asfalto,No existe,II,S/D,Urbana,S/D,No existe,Recta,Bueno,S/D,S/D,Buen Tiempo,S/D,Peatón,Atropello,Ninguna,Horizontal,Barrera de hormigón,Sin restricción
2018,808,2018-01-01,Lunes,0,00:00:00,,0.0,2,"Moto/Ciclomotor,Automóvil",Juan Canals Y Callao,3,2,0,0,1,0,0,"-32.985472222222,-60.670916666667",Calle,,ROSARIO,Rosario,Asfalto,No existe,II,Dentro,Urbana,Ninguna,No existe,Recta,Bueno,Buena,Nocturna,Buen Tiempo,Lateral,S/D,Colisión,Ninguna,Faltante,Ninguna,Sin restricción
2018,809,2018-02-11,Domingo,0,02:05:00,Ruta Provincial 4,0.0,1,Moto/Ciclomotor, ,2,1,1,0,0,0,0,"-30.35184, -61.22611",Ruta,4,ÑANDUCITA,San Cristóbal,Ripio,Natural,XIII,S/D,Rural,Ninguna,No existe,Recta,Con baches,Reducida,Nocturna,Buen Tiempo,De alcance,S/D,Vuelco,Agua,Faltante,Ninguna,Sin restricción
2018,810,2018-01-11,Jueves,0,17:30:00,,0.0,2,"Automóvil,Moto/Ciclomotor",Milan Y Av. Corrientes,3,0,1,0,2,0,0,"-32.989805555556,-60.653472222222",Calle,,ROSARIO,Rosario,Asfalto,No existe,II,Dentro,Urbana,Ninguna,No existe,Recta,Bueno,Buena,Atardecer,Otro,Frontal,S/D,Colisión,Ninguna,Faltante,Ninguna,Sin restricción
2018,811,2018-01-06,Sabado,0,,,0.0,2,"Moto/Ciclomotor,Automóvil",Benito Juarez Y Espa?a,3,2,0,0,1,0,0,"-32.993194444444,-60.658",Calle,,ROSARIO,Rosario,S/D,No existe,II,S/D,Urbana,Ninguna,No existe,Recta,Otro,Buena,Atardecer,Otro,De alcance,S/D,Colisión,Ninguna,S/D,Ninguna,Sin restricción
2018,812,2018-01-12,Viernes,0,22:45:00,,0.0,2,"Automóvil,Moto/Ciclomotor",Av. Battle y Ordo?ez Y Pte.Roca,4,2,0,0,2,0,0,"-33.009055555556,-60.655888888889",Calle,,ROSARIO,Rosario,Asfalto,No existe,II,Dentro,Urbana,Ninguna,No existe,Intersección,Con baches,Buena,Nocturna,Buen Tiempo,Frontal,S/D,Colisión,Ninguna,Faltante,Ninguna,Sin restricción
2018,813,2018-02-11,Domingo,0,07:05:00,,0.0,1,Moto/Ciclomotor,Caseros Y Alberdi,1,0,1,0,0,0,0,"-30.316555555556,-61.235083333333",Calle,,SAN CRISTÓBAL,San Cristóbal,Asfalto,No existe,XIII,Dentro,Urbana,Ninguna,No existe,Intersección,Bueno,Buena,Amanecer,Buen Tiempo,De alcance,S/D,Colisión,Ninguna,Faltante,Cordón divisorio,Sin restricción
2018,814,2018-01-18,Jueves,0,13:15:00,,0.0,2,"Automóvil,Moto/Ciclomotor",San Martin Y Platon,3,2,0,0,1,0,0,"-33.020027777778,-60.653111111111",Avenida,,ROSARIO,Rosario,Asfalto,No existe,II,S/D,Urbana,Ninguna,No existe,Recta,Bueno,Buena,Diurna,Buen Tiempo,De alcance,S/D,Colisión,Ninguna,Faltante,Línea divisoria pintada,Sin restricción
2018,815,2018-01-15,Lunes,0,20:20:00,,0.0,2,"Automóvil,Bicicleta",Bv. Segui Y San Martin,2,1,0,0,1,0,0,"-32.979388888889,-60.644222222222",Avenida,,ROSARIO,Rosario,Asfalto,No existe,II,Dentro,Urbana,Semáforo,No existe,Recta,Bueno,Buena,Nocturna,Buen Tiempo,S/D,Ciclista,Atropello,Ninguna,"Horizontal,Vertical",Ninguna,Sin restricción
2018,816,2018-02-06,Martes,0,18:15:00,Ruta Provincial 4,0.0,1,Automóvil, ,5,3,2,0,0,0,0,"-30.38709, -61.21702",Ruta,4,SAN CRISTÓBAL,San Cristóbal,Asfalto,Natural,XIII,Fuera,Rural,Ninguna,No existe,Recta,Bueno,Buena,Diurna,Buen Tiempo,S/D,S/D,Vuelco,Ninguna,S/D,Línea divisoria pintada,Sin restricción
2018,817,2018-01-26,Viernes,0,17:30:00,,0.0,2,"Bicicleta,Automóvil",San Martin Y Ayolas,2,1,0,0,1,0,0,"-32.977027777778,-60.644388888889",Avenida,,ROSARIO,Rosario,Asfalto,No existe,II,Dentro,Urbana,Semáforo,Funciona,Intersección,Bueno,Buena,Diurna,Buen Tiempo,S/D,Ciclista,Atropello,Ninguna,"Horizontal,Vertical",Ninguna,Sin restricción
2018,818,2018-01-24,Miercoles,0,13:30:00,,0.0,2,"Automóvil,Moto/Ciclomotor",Bv. Segui Y Av. Corrientes,2,1,0,0,1,0,0,"-32.97825,-60.650583333333",Avenida,,ROSARIO,Rosario,S/D,S/D,II,S/D,Urbana,S/D,S/D,Intersección,S/D,S/D,S/D,S/D,S/D,S/D,Colisión,S/D,S/D,S/D,S/D
2018,819,2018-02-16,Viernes,0,11:00:00,,0.0,2,"Moto/Ciclomotor,Tractor",CAMINO RURAL ,2,1,0,0,1,0,0,"-31.68082, -60.94872",Camino Rural,,SAN AGUSTÍN,Las Colonias,Ripio,No existe,XI,S/D,Rural,Ninguna,No existe,Recta,Bueno,Buena,Diurna,Buen Tiempo,Lateral,S/D,Colisión,Ninguna,Faltante,Ninguna,Sin restricción
2018,820,2018-01-24,Miercoles,0,13:15:00,,0.0,2,"Automóvil,Bicicleta",Bv. Oro?o C Y Coulin,4,1,0,0,3,0,0,"-32.988944444444,-60.664888888889",Avenida,,ROSARIO,Rosario,Asfalto,No existe,II,S/D,Urbana,Ninguna,No existe,Recta,Bueno,Buena,Diurna,Buen Tiempo,Lateral,Ciclista,Atropello,Ninguna,Horizontal,Cordón divisorio,Sin restricción
2018,821,2018-02-15,Jueves,0,10:15:00,,0.0,2,"Automóvil,Bicicleta",Caseros 600,2,1,0,0,1,0,0,"-30.316555555556,-61.235083333333",Calle,,SAN CRISTÓBAL,San Cristóbal,Asfalto,No existe,XIII,S/D,Urbana,Ninguna,No existe,Recta,Bueno,Buena,Diurna,Buen Tiempo,S/D,S/D,Colisión,Ninguna,Vertical,Ninguna,Sin restricción
2018,822,2018-01-22,Lunes,0,15:20:00,,0.0,2,"Moto/Ciclomotor,Automóvil",Paraguay Y Av. Battle y Ordo?ez,3,2,0,0,1,0,0,"-33.009,-60.654472222222",Calle,,ROSARIO,Rosario,Asfalto,Pavimento,II,Dentro,Urbana,Ninguna,No funciona,Intersección,Bueno,Buena,Atardecer,Buen Tiempo,Lateral,S/D,Colisión,Ninguna,Vertical,Ninguna,Sin restricción
2018,823,2018-01-19,Viernes,0,01:00:00,,0.0,2,"Automóvil,Automóvil",Av. Uriburu Y Espa?a,3,3,0,0,0,0,0,"-32.991166666667,-60.658111111111",Calle,,ROSARIO,Rosario,Asfalto,No existe,II,Dentro,Urbana,S/D,S/D,Intersección,Bueno,Buena,Nocturna,Buen Tiempo,Frontal,S/D,Colisión,Ninguna,S/D,S/D,Sin restricción
2018,824,2018-02-13,Martes,0,16:30:00,,0.0,2,"Moto/Ciclomotor,Automóvil",Laprida Y Alberdi,4,1,0,0,3,0,0,"-30.314722222222,-61.244944444444",Calle,,SAN CRISTÓBAL,San Cristóbal,Tierra,No existe,XIII,Dentro,Urbana,Ninguna,No existe,Intersección,Bueno,Buena,Diurna,Buen Tiempo,Lateral,S/D,Colisión,Ninguna,Faltante,Ninguna,Sin restricción
2018,825,2018-01-22,Lunes,0,12:40:00,,0.0,2,"Automóvil,Moto/Ciclomotor",Paraguay Y Pje. Cuzco,2,1,0,0,1,0,0,"-32.973972222222,-60.650944444444",Calle,,ROSARIO,Rosario,Asfalto,Pavimento,II,Dentro,Urbana,Ninguna,No funciona,Intersección,Bueno,Buena,Diurna,Buen Tiempo,Lateral,S/D,Colisión,Ninguna,S/D,Ninguna,Sin restricción
2018,826,2018-01-06,Sabado,0,22:30:00,,0.0,2,"Moto/Ciclomotor,Automóvil",Lavalle Y Guemes,3,2,0,0,1,0,0,"-31.452333333333,-60.935444444444",Calle,,ESPERANZA,Las Colonias,Asfalto,S/D,XI,Dentro,Urbana,Ninguna,No existe,Intersección,Bueno,Buena,Nocturna,Buen Tiempo,Lateral,S/D,Colisión,Ninguna,Horizontal,Cordón divisorio,Sin restricción
2018,828,2018-01-25,Jueves,0,17:30:00,,0.0,2,"Moto/Ciclomotor,Pickup/Utilitario",Mitre Y L Bessone,2,1,0,0,1,0,0,"-31.74066, -61.09926",Calle,,SAN CARLOS CENTRO,Las Colonias,Ripio,Natural,XI,Dentro,Urbana,Ninguna,No existe,Intersección,Bueno,Buena,Diurna,Buen Tiempo,Lateral,S/D,Colisión,Ninguna,Faltante,Ninguna,Sin restricción
2018,829,2018-02-15,Jueves,0,10:40:00,,0.0,3,"Automóvil,Automóvil,Automóvil",Bv Mariano Moreno Y Pueyrredon,6,1,0,0,5,0,0,"-30.315611111111,-61.233472222222",Calle,,SAN CRISTÓBAL,San Cristóbal,Asfalto,No existe,XIII,S/D,Urbana,Ninguna,No existe,Intersección,Bueno,Buena,Diurna,Buen Tiempo,Múltiple,S/D,Colisión,Ninguna,Vertical,Ninguna,Sin restricción
2018,830,2018-01-02,Martes,0,18:08:00,,0.0,2,"Moto/Ciclomotor,Pickup/Utilitario",Moreno Y J M Lheritier,2,1,0,0,1,0,0,"-31.72742, -61.08878",Calle,,SAN CARLOS CENTRO,Las Colonias,Asfalto,No existe,XI,Dentro,Urbana,Ninguna,No existe,Intersección,Bueno,Buena,Atardecer,Buen Tiempo,Múltiple,S/D,Colisión,Ninguna,S/D,Ninguna,Sin restricción
2018,831,2018-02-16,Viernes,0,07:00:00,Autov?a Nacional 19,43.0,1,Automóvil, ,6,5,0,0,1,0,0,"-31.59827, -61.23985",Autovía,19,SAN JERÓNIMO DEL SAUCE,Las Colonias,Asfalto,Natural,XI,Dentro,Urbana,Ninguna,No existe,Recta,Bueno,Buena,Amanecer,Buen Tiempo,S/D,S/D,Despiste,Ninguna,Vertical,Vegetación,Sin restricción
2018,832,2018-01-16,Martes,0,15:45:00,,0.0,2,"Moto/Ciclomotor,Automóvil",Belgrano Manuel Y Corrientes,2,1,0,0,1,0,0,"-31.74335, -61.09551",Calle,,SAN CARLOS CENTRO,Las Colonias,Asfalto,No existe,XI,Dentro,Urbana,Ninguna,No existe,Intersección,Bueno,Buena,Diurna,Buen Tiempo,Lateral,S/D,Colisión,Ninguna,Horizontal,Ninguna,Sin restricción
2018,833,2018-02-21,Miercoles,0,21:20:00,,0.0,2,"Automóvil,Moto/Ciclomotor",Maipu Y Hipolito Irigoyen,3,2,0,0,1,0,0,"-30.305388888889,-61.237055555556",Calle,,SAN CRISTÓBAL,San Cristóbal,Asfalto,No existe,XIII,S/D,Urbana,Ninguna,No existe,Intersección,Bueno,Buena,Nocturna,Buen Tiempo,Lateral,S/D,Colisión,Ninguna,Vertical,Ninguna,Sin restricción
2018,834,2018-01-11,Jueves,0,19:35:00,Ruta Secundaria 50-s,0.0,1,Moto/Ciclomotor, ,1,1,0,0,0,0,0,"-31.56917, -61.00592",Ruta,50-s,SAN JERÓNIMO NORTE,Las Colonias,Asfalto,Natural,XI,Dentro,Rural,Ninguna,No existe,Recta,Bueno,Buena,Atardecer,Buen Tiempo,Atropello animal,S/D,Atropello,Ninguna,Vertical,Ninguna,Sin restricción
2018,835,2018-01-20,Sabado,1,07:20:00,,0.0,1,Moto/Ciclomotor, ,1,1,0,0,0,0,0,"-31.54601, -61.08886",Camino Rural,,SAN JERÓNIMO NORTE,Las Colonias,Ripio,Natural,XI,S/D,Rural,Ninguna,No existe,Recta,Bueno,Buena,Diurna,Buen Tiempo,S/D,S/D,"Caída ocupante,Despiste",Ninguna,Faltante,Ninguna,Sin restricción
2018,836,2018-01-27,Sabado,0,02:15:00,,0.0,2,"Moto/Ciclomotor,Peatón",Domingo Faustino Sarmineto Y Guemes,2,1,1,0,0,0,0,"-31.5508, -61.07803",Calle,,SAN JERÓNIMO NORTE,Las Colonias,Asfalto,Pavimento,XI,Dentro,Urbana,Ninguna,No existe,Intersección,Bueno,Buena,"Nocturna,Con luz artificial",Buen Tiempo,S/D,Peatón,Atropello,S/D,Faltante,Ninguna,Sin restricción