anio_acci,nro_acci,fecha,desc_dia,fecha_aprox,hora_aprox,desc_ruta,km,cant_participantes,desc_participante,calle_avenida_km,total,heridos_leves,heridos_graves,heridos_gravisimos,ilesos,fallecidos,sin_datos,posicion_XY,desc_tipo_via,desc_ruta_ori,desc_loc,desc_dpto,desc_tipo_calzada,desc_tipo_banquina,desc_unidad_regional,desc_lugar_calzada,desc_zona,desc_prioridad,desc_estado_semaforo,desc_lugar_via,desc_estado_via,desc_estado_visibilidad,desc_luminosidad,desc_estado_clima,desc_tipo_colision,desc_tipo_atropello,desc_tipo_hecho,desc_pres_calzada,desc_senializacion,desc_separacion_via,desc_restriccion
2018,837,2018-02-07,Miercoles,0,20:30:00,Autov?a Nacional 19,37.0,1,Automóvil, ,1,1,0,0,0,0,0,"-31.60375, -61.17865",Autovía,19,SAN JERÓNIMO DEL SAUCE,Las Colonias,Asfalto,Natural,XI,Dentro,Urbana,Ninguna,No existe,Rotonda,Bueno,Buena,Nocturna,Buen Tiempo,S/D,S/D,Despiste,Ninguna,Vertical,Vegetación,Sin restricción
2018,838,2018-01-07,Domingo,0,12:10:00,Ruta Secundaria 67-s,0.0,1,Moto/Ciclomotor, ,2,1,1,0,0,0,0,"-31.56279, -61.03293",Ruta,67-s,SAN JERÓNIMO NORTE,Las Colonias,Hormigón,Natural,XI,Dentro,Rural,Marca Vial,No existe,Recta,Bueno,Buena,Con luz artificial,Buen Tiempo,Otro,S/D,Despiste,Ninguna,Faltante,S/D,Sin restricción
2018,839,2018-02-22,Jueves,0,18:30:00,,0.0,2,"Automóvil,Moto/Ciclomotor",J B Justo Y Gral Belgrano,2,1,0,0,1,0,0,"-30.315166666667,-61.236138888889",Calle,,SAN CRISTÓBAL,San Cristóbal,Asfalto,No existe,XIII,Dentro,Urbana,Ninguna,No existe,Intersección,Bueno,S/D,Atardecer,Buen Tiempo,Lateral,S/D,Colisión,Ninguna,S/D,Línea divisoria pintada,S/D
2018,840,2018-02-25,Domingo,0,10:40:00,Ruta Provincial 70,53.0,1,Automóvil, ,1,1,0,0,0,0,0,"-31.34539, -61.23324",Ruta,70,NUEVO TORINO,Las Colonias,Asfalto,Natural,XI,S/D,S/D,Ninguna,No existe,Recta,Bueno,Buena,Diurna,Buen Tiempo,S/D,S/D,Despiste,Ninguna,Horizontal,Línea divisoria pintada,Sin restricción
2018,841,2018-01-29,Lunes,0,13:15:00,,0.0,2,"Pickup/Utilitario,Moto/Ciclomotor",San Martin Y B Mitre,2,1,0,0,1,0,0,"-31.58501, -60.9382",S/D,,FRANCK,Las Colonias,Asfalto,No existe,XI,S/D,Urbana,Ninguna,No existe,Intersección,Bueno,Buena,Diurna,Buen Tiempo,S/D,S/D,Colisión,Ninguna,Horizontal,Línea divisoria pintada,Sin restricción
2018,842,2018-02-24,Sabado,0,11:05:00,,0.0,2,"Pickup/Utilitario,Moto/Ciclomotor",Gral Alvear Y Pueyrredon,2,1,0,0,1,0,0,"-30.311055555556,-61.232361111111",Calle,,SAN CRISTÓBAL,San Cristóbal,Asfalto,No existe,XIII,Dentro,Urbana,Ninguna,No existe,Intersección,Bueno,Buena,Diurna,Buen Tiempo,Lateral,S/D,Colisión,Ninguna,Vertical,Ninguna,Sin restricción
2018,844,2018-01-26,Viernes,0,22:30:00,,0.0,2,"Automóvil,Moto/Ciclomotor",9 de Julio 1600,2,1,0,0,1,0,0,"-30.790416666667,-60.580361111111",S/D,,SAN JUSTO,San Justo,Asfalto,S/D,XVI,Dentro,Urbana,Ninguna,No existe,Recta,Bueno,Buena,Diurna,Buen Tiempo,Lateral,S/D,Colisión,Ninguna,Faltante,Ninguna,Sin restricción
2018,845,2018-01-04,Jueves,0,21:30:00,,0.0,2,"Moto/Ciclomotor,Automóvil",Gral Lopez Y B Mitre,4,2,0,0,2,0,0,"-31.58432, -60.9411",Calle,,FRANCK,Las Colonias,Asfalto,Pavimento,XI,Dentro,Urbana,Ninguna,No existe,Intersección,Bueno,Buena,Nocturna,Buen Tiempo,S/D,S/D,Colisión,Ninguna,Horizontal,Ninguna,Sin restricción
2018,846,2018-02-01,Jueves,0,21:30:00,,0.0,2,"Moto/Ciclomotor,Automóvil",Islas Malvinas Y Peru,2,1,0,0,1,0,0,"-31.451222222222,-60.909277777778",Calle,,ESPERANZA,Las Colonias,Asfalto,No existe,XI,Dentro,Urbana,Ninguna,No existe,Intersección,Bueno,Buena,Con luz artificial,Buen Tiempo,S/D,S/D,Colisión,Ninguna,Faltante,S/D,Sin restricción
2018,847,2018-01-30,Martes,0,11:00:00,,0.0,2,"Moto/Ciclomotor,Moto/Ciclomotor",A Belotti Y Silvestre Begnis,2,1,0,0,1,0,0,"-30.795972222222,-60.580222222222",Calle,,SAN JUSTO,San Justo,Ripio,No existe,XVI,Dentro,Urbana,Ninguna,No existe,Intersección,Bueno,Buena,Diurna,Buen Tiempo,Lateral,S/D,Colisión,Material Suelto,Faltante,Ninguna,Sin restricción
2018,848,2018-02-16,Viernes,0,21:40:00,,0.0,1,Moto/Ciclomotor,Av Milano Y Hipolito Vieytes,1,1,0,0,0,0,0,"-29.87699, -61.94737",Avenida,,CERES,San Cristóbal,Asfalto,S/D,XIII,Dentro,Urbana,Otra Señal,S/D,Intersección,Bueno,Buena,Nocturna,Buen Tiempo,Contra objeto fijo,S/D,Colisión,S/D,S/D,Cordón divisorio,Obra en Construcción
2018,849,2018-02-12,Lunes,0,04:45:00,Ruta Nacional A012,64.0,2,"Automóvil,Automóvil", ,4,2,2,0,0,0,0,"-32.771189, -60.729901",Ruta,A012,SAN LORENZO,San Lorenzo,S/D,S/D,XVII,S/D,Rural,S/D,S/D,S/D,S/D,S/D,S/D,S/D,S/D,S/D,S/D,S/D,S/D,S/D,S/D
2018,850,2018-01-15,Lunes,0,08:00:00,,0.0,2,"Moto/Ciclomotor,Bicicleta",Av Brasil Y Guemes,2,0,1,0,1,0,0,"-31.244083333333,-61.485111111111",Calle,,RAFAELA,Castellanos,Hormigón,No existe,V,S/D,Urbana,Ninguna,No existe,Recta,Deteriorada,Buena,Diurna,Buen Tiempo,Frontal,Ciclista,Atropello,Ninguna,Faltante,Ninguna,Sin restricción
2018,851,2018-01-26,Viernes,0,01:50:00,Ruta Nacional 19,95.5,1,Automóvil, ,3,3,0,0,0,0,0,"-31.4846, -61.72805",Ruta,19,ESTACIÓN CLUCELLAS,Castellanos,Asfalto,Pavimento,V,Fuera,Rural,Ninguna,No existe,Recta,Bueno,Reducida,Diurna,Buen Tiempo,Contra objeto fijo,S/D,Despiste,Ninguna,Vertical,Vegetación,Sin restricción
2018,852,2018-01-31,Miercoles,0,18:30:00,,0.0,2,"Bicicleta,Automóvil",San Juan 500,2,1,0,0,1,0,0,"-32.951777777778,-60.630722222222",Calle,,ROSARIO,Rosario,Asfalto,S/D,II,Dentro,Urbana,S/D,S/D,Recta,Bueno,Buena,Diurna,S/D,S/D,Ciclista,Atropello,S/D,S/D,Cordón divisorio,S/D
2018,853,2018-01-04,Jueves,0,10:30:00,,0.0,2,"Moto/Ciclomotor,Pickup/Utilitario",Azcuenaga Y Av 7 de marzo,2,1,0,0,1,0,0,"-31.66525,-60.773805555556",Avenida,,SANTO TOMÉ,La Capital,Tierra,No existe,I,Dentro,Urbana,Ninguna,No existe,Intersección,Ahuellamiento,Buena,Diurna,Buen Tiempo,Lateral,S/D,Colisión,Ninguna,Faltante,Ninguna,Sin restricción
2018,854,2018-03-12,Lunes,0,07:40:00,,0.0,2,"Moto/Ciclomotor,Automóvil",Sarmiento Y Avda 25 de Mayo,2,0,1,0,1,0,0,"-32.0295,-61.220972222222",Avenida,,GÁLVEZ,San Jerónimo,Asfalto,No existe,XV,Dentro,Urbana,Ninguna,S/D,Recta,Bueno,Buena,Amanecer,Buen Tiempo,De alcance,S/D,Colisión,Ninguna,S/D,Cordón divisorio,Sin restricción
2018,855,2018-01-05,Viernes,0,19:00:00,,0.0,2,"Moto/Ciclomotor,Automóvil",Centenario Y Pres Domingo Faustino Sarmient,2,1,0,0,1,0,0,"-31.661694444444,-60.761",Calle,,SANTO TOMÉ,La Capital,Asfalto,No existe,I,S/D,Urbana,Ninguna,No existe,Intersección,Bueno,Buena,Atardecer,Buen Tiempo,Lateral,S/D,Colisión,Ninguna,Faltante,Ninguna,Sin restricción
2018,856,2018-03-05,Lunes,0,16:20:00,,0.0,2,"Moto/Ciclomotor,Bicicleta",Bme Mitre Y Gro Baigorria,2,1,0,0,1,0,0,"-32.021361111111,-61.225166666667",Calle,,GÁLVEZ,San Jerónimo,Asfalto,No existe,XV,Dentro,Urbana,Otra Señal,No existe,Intersección,Bueno,Buena,Diurna,Buen Tiempo,S/D,Ciclista,Atropello,Ninguna,S/D,Ninguna,Sin restricción
2018,857,2018-01-12,Viernes,0,14:30:00,Ruta Nacional 19,460.0,2,"Camión c / Acoplado,Automóvil",Avenida Ejercito Argentino Y Av Malvinas Argentinas,3,1,0,0,2,0,0,"-31.67025, -60.78387",Ruta,19,SANTO TOMÉ,La Capital,Tierra,Natural,I,S/D,Rural,Ninguna,No existe,Intersección,Ahuellamiento,Buena,Diurna,Buen Tiempo,Lateral,S/D,Colisión,Ninguna,Horizontal,Vegetación,Sin restricción
2018,858,2018-03-13,Martes,0,10:30:00,Ruta Provincial 10,0.0,2,"Automóvil,Moto/Ciclomotor",Avda. Jorge Newbery Y Silvio Arcas,2,1,0,0,1,0,0,"-32.035722222222,-61.215972222222",Ruta,10,GÁLVEZ,San Jerónimo,Asfalto,No existe,XV,Dentro,Urbana,Ninguna,No existe,Intersección,Bueno,Buena,Diurna,Buen Tiempo,Lateral,S/D,Colisión,Ninguna,Faltante,Ninguna,Sin restricción
2018,859,2018-03-15,Jueves,0,16:30:00,,0.0,2,"Moto/Ciclomotor,Otros",San Lorenzo Y Necochea,2,1,0,0,0,0,1,"-32.036972222222,-61.216861111111",Calle,,GÁLVEZ,San Jerónimo,Asfalto,No existe,XV,Dentro,Urbana,Ninguna,No existe,Intersección,Bueno,Buena,Diurna,Buen Tiempo,S/D,S/D,Colisión,Ninguna,Faltante,Ninguna,Sin restricción
2018,860,2018-03-15,Jueves,0,20:30:00,,0.0,2,"Moto/Ciclomotor,Automóvil",Pedro P Ceci Y Jujuy,2,1,0,0,1,0,0,"-32.036527777778,-61.225722222222",Calle,,GÁLVEZ,San Jerónimo,Asfalto,No existe,XV,Dentro,Urbana,Ninguna,No existe,Intersección,Bueno,Buena,Nocturna,Buen Tiempo,Lateral,S/D,Colisión,Ninguna,Faltante,Ninguna,Sin restricción
2018,861,2018-03-15,Jueves,0,20:15:00,,0.0,1,Moto/Ciclomotor,Sarmiento Y A Arana,1,1,0,0,0,0,0,"-32.020361111111,-61.227805555556",Calle,,GÁLVEZ,San Jerónimo,Asfalto,No existe,XV,Dentro,Urbana,Ninguna,No existe,Recta,S/D,Buena,Diurna,Buen Tiempo,Atropello animal,S/D,Colisión,Ninguna,Faltante,Ninguna,Sin restricción
2018,862,2018-04-22,Domingo,0,00:20:00,,0.0,2,"Automóvil,Moto/Ciclomotor",Rivadavia Bernardino Y Rioja,2,1,0,0,1,0,0,"-32.825138888889,-60.719222222222",Calle,,CAPITÁN BERMÚDEZ,San Lorenzo,Asfalto,No existe,XVII,Dentro,Urbana,S/D,S/D,Intersección,Bueno,S/D,Nocturna,Buen Tiempo,S/D,S/D,Colisión,Ninguna,S/D,Ninguna,S/D
2018,863,2018-04-20,Viernes,0,21:10:00,,0.0,2,"Taxi/Remis,Moto/Ciclomotor",Bv Pellegrini Y 4 de Enero,2,1,0,0,1,0,0,"-31.634400041560, -60.708497609810",Avenida,,SANTA FE,La Capital,Asfalto,No existe,I,Dentro,Urbana,Policía de tránsito,Funciona,Intersección,Con baches,Reducida humo,Diurna,Buen Tiempo,Frontal,S/D,Colisión,Agua,Vertical,Ninguna,Sin restricción
2018,864,2018-04-15,Domingo,0,21:50:00,,0.0,2,"Peatón,Automóvil",J J Paso Y Av Urquiza,2,1,0,0,1,0,0,"-31.662337930659, -60.718239392952",Avenida,,SANTA FE,La Capital,Asfalto,No existe,I,Dentro,Urbana,Ninguna,No existe,Intersección,Bueno,Buena,Diurna,Buen Tiempo,S/D,Peatón,Atropello,Ninguna,Horizontal,Ninguna,Sin restricción
2018,865,2018-04-18,Miercoles,0,12:30:00,,0.0,2,"Automóvil,Peatón",Amenabar Y Av Urquiza,2,1,0,0,1,0,0,"-31.658046396235, -60.716844644265",Calle,,SANTA FE,La Capital,Asfalto,No existe,I,Dentro,Urbana,Semáforo,Funciona,Intersección,Bueno,Buena,Nocturna,Buen Tiempo,S/D,Peatón,Atropello,Ninguna,Vertical,Ninguna,Sin restricción
2018,866,2018-04-21,Sabado,0,20:15:00,,0.0,2,"Moto/Ciclomotor,Peatón",Puerto Argentino Y Quintana,3,1,0,0,2,0,0,"-32.820527777778,-60.708416666667",Calle,,CAPITÁN BERMÚDEZ,San Lorenzo,Asfalto,No existe,XVII,Dentro,Urbana,S/D,S/D,Intersección,Bueno,Buena,Nocturna,Buen Tiempo,S/D,Peatón,Atropello,S/D,S/D,Ninguna,S/D
2018,867,2018-03-16,Viernes,0,11:40:00,,0.0,2,"Automóvil,Bicicleta",Bvard Pasteur Y 24 de Setiembre,2,1,0,0,1,0,0,"-32.033388888889,-61.228",Avenida,,GÁLVEZ,San Jerónimo,Asfalto,No existe,XV,Dentro,Urbana,Ninguna,No existe,Intersección,Bueno,Buena,Diurna,Buen Tiempo,S/D,Ciclista,Atropello,Ninguna,Faltante,Ninguna,Sin restricción
2018,868,2018-04-19,Jueves,0,19:35:00,,0.0,2,"Automóvil,Camión c / Acoplado",Av 27 de Febrero Y Juan de Garay,2,1,0,0,1,0,0,"-31.652982385615, -60.705772485451",Calle,,SANTA FE,La Capital,Asfalto,No existe,I,Dentro,Urbana,Ninguna,No existe,Intersección,Otro,Reducida polvo,Diurna,Buen Tiempo,De alcance,S/D,Colisión,Ninguna,Vertical,Ninguna,Sin restricción
2018,869,2018-04-12,Jueves,0,22:25:00,,0.0,2,"Automóvil,Moto/Ciclomotor",Obispo Gelabert Y 4 de Enero,2,1,0,0,1,0,0,"-31.635666044215, -60.708862390236",Avenida,,SANTA FE,La Capital,Asfalto,No existe,I,Dentro,Urbana,Ninguna,No existe,Intersección,Bueno,Reducida humo,Diurna,Buen Tiempo,Frontal,S/D,Colisión,Ninguna,Vertical,Ninguna,Sin restricción
2018,870,2018-04-16,Lunes,0,11:15:00,,0.0,2,"Transporte de Pasajeros Larga Distancia (Piso  y  1/2),Peatón",3 de Febrero Y Av Circunvalaci?n,2,1,0,0,1,0,0,"-31.658561380366, -60.706802453713",Calle,,SANTA FE,La Capital,Asfalto,No existe,I,Dentro,Urbana,Ninguna,Funciona,Intersección,Bueno,Reducida humo,Diurna,Otro,S/D,Peatón,Atropello,Ninguna,Horizontal,Ninguna,Sin restricción
2018,871,2018-04-26,Jueves,0,10:45:00,,0.0,2,"Pickup/Utilitario,Moto/Ciclomotor",Av Gral Savio Y Ayacucho,2,0,1,0,1,0,0,"-32.783447049481, -60.731794267961",Avenida,,FRAY LUIS BELTRÁN,San Lorenzo,Ripio,No existe,XVII,Dentro,Urbana,Ninguna,No existe,Intersección,"Con baches,Resbaladiza",Buena,Diurna,Buen Tiempo,Lateral,S/D,Colisión,Ninguna,Faltante,Ninguna,Sin restricción
2018,872,2018-03-17,Sabado,0,19:40:00,,0.0,2,"Moto/Ciclomotor,Moto/Ciclomotor",CAPITÁN BERMÚDEZ Y Sarmiento,3,2,0,0,1,0,0,"-32.024361111111,-61.224833333333",Avenida,,GÁLVEZ,San Jerónimo,Asfalto,No existe,XV,Dentro,Urbana,Semáforo,Funciona,Intersección,Bueno,Buena,Diurna,Buen Tiempo,Lateral,S/D,Colisión,Ninguna,Vertical,Cordón divisorio,Sin restricción
2018,873,2018-04-01,Domingo,0,23:30:00,Ruta Provincial 64,0.0,2,"Automóvil,Automóvil", ,7,4,0,0,3,0,0,"-31.963848, -60.949599",Ruta,64,CORONDA,San Jerónimo,Asfalto,Natural,XV,Dentro,Urbana,Ninguna,No existe,Recta,Bueno,Buena,Nocturna,Buen Tiempo,Lateral,S/D,Colisión,Ninguna,Horizontal,Ninguna,Sin restricción
2018,874,2018-04-06,Viernes,0,15:50:00,,0.0,2,"Automóvil,Moto/Ciclomotor",4 de Enero Y Jujuy,2,1,0,0,1,0,0,"-31.661501081447, -60.716672982888",Calle,,SANTA FE,La Capital,Asfalto,No existe,I,Dentro,Urbana,Ninguna,No existe,Intersección,Bueno,Buena,Diurna,Buen Tiempo,De alcance,S/D,Colisión,Ninguna,Vertical,Ninguna,Sin restricción
2018,875,2018-04-08,Domingo,0,02:20:00,,0.0,2,"Moto/Ciclomotor,Vehículo Oficial",Pellegrini Y Arenales,2,1,0,0,0,0,1,"-32.780763968616, -60.729777994434",Calle,,FRAY LUIS BELTRÁN,San Lorenzo,Asfalto,No existe,XVII,Dentro,Urbana,Ninguna,No existe,Intersección,"Con baches,Resbaladiza",Reducida,Nocturna,Lluvia,Lateral,S/D,Colisión,Agua,Faltante,Ninguna,Sin restricción
2018,876,2018-04-13,Viernes,0,23:40:00,,0.0,2,"Pickup/Utilitario,Automóvil",4 de Enero Y La Rioja,2,1,0,0,1,0,0,"-31.644463689784, -60.711372937874",Calle,,SANTA FE,La Capital,Asfalto,No existe,I,Dentro,Urbana,Ninguna,No existe,Intersección,Bueno,Buena,Nocturna,Buen Tiempo,S/D,S/D,Colisión,Ninguna,Vertical,Ninguna,Sin restricción
2018,877,2018-04-10,Martes,0,18:00:00,,0.0,2,"Bicicleta,Automóvil",San Jeronimo Y Mariano Comas,2,1,0,0,1,0,0,"-31.632576139430, -60.703841294960",Calle,,SANTA FE,La Capital,Asfalto,No existe,I,Dentro,Urbana,Ninguna,No existe,Recta,Bueno,Reducida humo,Diurna,Buen Tiempo,S/D,Ciclista,Atropello,Material Suelto,Vertical,Ninguna,Sin restricción
2018,878,2018-04-08,Domingo,0,13:15:00,,0.0,2,"Moto/Ciclomotor,Automóvil",General Richieri Y J J Passo,2,0,0,0,1,0,1,"-32.798358121278, -60.725767914404",Calle,,FRAY LUIS BELTRÁN,San Lorenzo,Asfalto,No existe,XVII,Dentro,Urbana,S/D,S/D,Intersección,S/D,S/D,Diurna,S/D,S/D,S/D,Colisión,S/D,S/D,Ninguna,S/D
2018,879,2018-03-20,Martes,0,18:20:00,,0.0,2,"Automóvil,Automóvil",Moreno Y San Martin,4,2,0,0,2,0,0,"-32.029277777778,-61.223027777778",Calle,,GÁLVEZ,San Jerónimo,Asfalto,No existe,XV,Dentro,Urbana,Ninguna,No existe,Intersección,Bueno,Buena,Diurna,Buen Tiempo,Lateral,S/D,Colisión,Ninguna,Horizontal,Ninguna,Sin restricción
2018,880,2018-04-01,Domingo,1,,,0.0,2,"Moto/Ciclomotor,Automóvil", ,2,1,0,0,1,0,0,"-31.613335,-60.698251",S/D,,SANTA FE,La Capital,S/D,S/D,I,S/D,S/D,S/D,S/D,S/D,S/D,S/D,S/D,S/D,S/D,S/D,S/D,S/D,S/D,S/D,S/D
2018,881,2018-04-06,Viernes,0,08:30:00,,0.0,2,"Peatón,Tren", ,2,0,0,1,1,0,0,"-31.965045, -60.916500",Calle,,CORONDA,San Jerónimo,Tierra,No existe,XV,Fuera,Urbana,Otra Señal,No existe,Paso a Nivel FFCC,Resbaladiza,Reducida,Nocturna,Lluvia,S/D,Peatón,Atropello,Agua,Vertical,Ninguna,Sin restricción
2018,882,2018-04-01,Domingo,1,,,0.0,2,"Pickup/Utilitario,Automóvil", ,2,1,0,0,1,0,0,"-31.613335,-60.698251",S/D,,SANTA FE,La Capital,S/D,S/D,I,S/D,S/D,S/D,S/D,S/D,S/D,S/D,S/D,S/D,S/D,S/D,Colisión,S/D,S/D,S/D,S/D
2018,883,2018-04-14,Sabado,0,16:00:00,Ruta Provincial 10,0.0,3,"Camión c / Acoplado,Automóvil,Camión c / Acoplado", ,4,2,0,0,2,0,0,"-31.916510, -61.275746",Ruta,10,LÓPEZ,San Jerónimo,Asfalto,Natural,XV,Dentro,Rural,Otra Señal,No existe,Intersección,Bueno,Buena,Diurna,Buen Tiempo,Múltiple,S/D,Colisión,Ninguna,"Horizontal,Vertical","Cordón divisorio,Línea divisoria pintada",Sin restricción
2018,884,2018-04-20,Viernes,0,17:45:00,,0.0,2,"Automóvil,Moto/Ciclomotor",Sarmiento Y Pte Peron,2,1,0,0,1,0,0,"-32.792992831396, -60.725006914696",Calle,,FRAY LUIS BELTRÁN,San Lorenzo,Hormigón,No existe,XVII,Dentro,Urbana,Ninguna,Intermitente,Intersección,Bueno,Buena,Diurna,Buen Tiempo,Lateral,S/D,Colisión,Ninguna,Vertical,Ninguna,Sin restricción
2018,885,2018-04-11,Miercoles,0,13:45:00,,0.0,2,"Moto/Ciclomotor,Automóvil",Candioti Y Sargento Cabral,3,2,0,0,1,0,0,"-31.640901716212, -60.696588601784",Calle,,SANTA FE,La Capital,Asfalto,No existe,I,Dentro,Urbana,Semáforo,Funciona,Intersección,Bueno,S/D,Diurna,S/D,Lateral,S/D,Colisión,S/D,Vertical,S/D,S/D
2018,886,2018-04-06,Viernes,0,14:40:00,,0.0,2,"Moto/Ciclomotor,Automóvil",Las Heras Y Juan Del Campillo,2,1,0,0,0,0,1,"-31.631267221431, -60.695987786965",Calle,,SANTA FE,La Capital,Asfalto,No existe,I,Dentro,Urbana,S/D,No existe,Intersección,Bueno,S/D,Diurna,S/D,Lateral,S/D,Colisión,S/D,S/D,S/D,S/D
2018,887,2018-04-04,Miercoles,0,,,0.0,2,"Automóvil,Moto/Ciclomotor",Bv GÁLVEZ Y Velez Sarsfield,2,1,0,0,0,0,1,"-31.639313848475, -60.685795392708",Avenida,,SANTA FE,La Capital,Asfalto,No existe,I,Dentro,Urbana,S/D,S/D,Intersección,Bueno,S/D,S/D,S/D,Lateral,S/D,Colisión,S/D,S/D,S/D,S/D
2018,888,2018-04-06,Viernes,0,06:00:00,,0.0,2,"Moto/Ciclomotor,Pickup/Utilitario",Gdor Candioti Y Candioti,2,1,0,0,1,0,0,"-31.640021951655, -60.696288194374",Calle,,SANTA FE,La Capital,Asfalto,No existe,I,Dentro,Urbana,S/D,Funciona,Intersección,Bueno,S/D,Amanecer,S/D,Lateral,S/D,Colisión,S/D,Vertical,S/D,S/D
2018,889,2018-04-16,Lunes,0,09:00:00,,0.0,2,"Moto/Ciclomotor,Moto/Ciclomotor",Gdor Candioti Y Lavalle,2,1,0,0,1,0,0,"-31.641159208278, -60.690988149361",Calle,,SANTA FE,La Capital,Asfalto,No existe,I,Dentro,Urbana,S/D,No existe,Intersección,Bueno,S/D,Diurna,S/D,Lateral,S/D,Colisión,S/D,S/D,S/D,S/D
2018,890,2018-04-15,Domingo,0,06:10:00,,0.0,2,"Bicicleta,Bicicleta",Republica de Siria Y Bv GÁLVEZ,2,1,1,0,0,0,0,"-31.636288316707, -60.699721421913",Calle,,SANTA FE,La Capital,Asfalto,No existe,I,Dentro,Urbana,Semáforo,Funciona,Intersección,Bueno,S/D,Amanecer,S/D,S/D,Ciclista,Atropello,S/D,Vertical,S/D,S/D
2018,891,2018-04-12,Jueves,0,21:15:00,,0.0,2,"Moto/Ciclomotor,Moto/Ciclomotor",Av Leandro Alem Y Alberdi,2,2,0,0,0,0,0,"-31.645279081325, -60.694464292244",Avenida,,SANTA FE,La Capital,Asfalto,No existe,I,Dentro,Urbana,S/D,No existe,Intersección,Bueno,S/D,Nocturna,S/D,Lateral,S/D,Colisión,S/D,S/D,S/D,S/D
2018,892,2018-04-11,Miercoles,0,19:45:00,,0.0,2,"Pickup/Utilitario,Moto/Ciclomotor",Ituzaingo Y Necochea,2,1,0,0,1,0,0,"-31.639292390803, -60.694979276375",Calle,,SANTA FE,La Capital,Asfalto,No existe,I,Dentro,Urbana,Semáforo,Funciona,Intersección,Bueno,S/D,Atardecer,S/D,Lateral,S/D,Colisión,S/D,Vertical,S/D,S/D
2018,893,2018-04-25,Miercoles,0,19:15:00,,0.0,2,"Automóvil,Moto/Ciclomotor",Bv GÁLVEZ Y Laprida,2,1,0,0,1,0,0,"-31.639549882869, -60.684701051430",Avenida,,SANTA FE,La Capital,Asfalto,No existe,I,Dentro,Urbana,Semáforo,Funciona,Intersección,Bueno,S/D,Atardecer,S/D,Lateral,S/D,Colisión,S/D,Vertical,S/D,S/D
2018,894,2018-04-21,Sabado,0,21:15:00,,0.0,2,"Automóvil,Bicicleta",Candioti Y Juan Del Campillo,2,1,0,0,1,0,0,"-31.631674917201, -60.693863477425",Calle,,SANTA FE,La Capital,Asfalto,No existe,I,Dentro,Urbana,S/D,No existe,Intersección,Bueno,S/D,Nocturna,S/D,S/D,Ciclista,Atropello,S/D,S/D,S/D,S/D
2018,895,2018-04-25,Miercoles,0,16:30:00,,0.0,2,"Pickup/Utilitario,Moto/Ciclomotor",Bv GÁLVEZ Y Avellaneda,2,1,0,0,1,0,0,"-31.638755949000, -60.687984075264",Calle,,SANTA FE,La Capital,Asfalto,No existe,I,Dentro,Urbana,Semáforo,Funciona,Intersección,S/D,S/D,Diurna,S/D,Lateral,S/D,Colisión,S/D,Vertical,S/D,S/D
2018,896,2018-04-25,Miercoles,0,19:50:00,,0.0,2,"Moto/Ciclomotor,Moto/Ciclomotor",Necochea Y Domingo Silva,2,1,0,0,1,0,0,"-31.632833631495, -60.693048085884",Calle,,SANTA FE,La Capital,Asfalto,No existe,I,Dentro,Urbana,S/D,No existe,Intersección,Bueno,S/D,Atardecer,S/D,Lateral,S/D,Colisión,S/D,S/D,S/D,S/D
2018,897,2018-04-21,Sabado,0,02:50:00,,0.0,2,"Moto/Ciclomotor,Moto/Ciclomotor",Cordoba Y Av 7 Jefes,3,3,0,0,0,0,0,"-31.632983835200, -60.679787244515",Calle,,SANTA FE,La Capital,Asfalto,No existe,I,Dentro,Urbana,S/D,No existe,Intersección,Bueno,S/D,Nocturna,S/D,Lateral,S/D,Colisión,S/D,S/D,S/D,S/D
2018,898,2018-01-12,Viernes,0,20:27:00,Ruta Nacional 19,0.0,2,"Bicicleta,Automóvil",RUTA NAC 19 Y BOLICO,2,0,1,0,1,0,0,"-31.66984,-60.78608",Ruta,19,SANTO TOMÉ,La Capital,Asfalto,Pavimento,I,S/D,Rural,Ninguna,No existe,Otro,Bueno,Buena,Con luz artificial,Buen Tiempo,Frontal,S/D,Colisión,Ninguna,Horizontal,Vegetación,Sin restricción
2018,899,2018-01-17,Miercoles,0,00:15:00,,0.0,2,"Automóvil,Moto/Ciclomotor",San Martin Y Manfredi,3,1,1,0,1,0,0,"-31.58662, -60.93872",Calle,,FRANCK,Las Colonias,Asfalto,Pavimento,XI,Dentro,Urbana,Ninguna,No existe,Intersección,Bueno,Buena,Nocturna,Buen Tiempo,S/D,S/D,Colisión,Ninguna,Horizontal,Cordón divisorio,Sin restricción
2018,900,2018-01-10,Miercoles,0,19:30:00,,0.0,2,"Moto/Ciclomotor,Otros",Hipolito Irigoyen Y Hernandarias,2,1,0,0,1,0,0,"-31.673538,-60.765101",Calle,,SANTO TOMÉ,La Capital,Hormigón,No existe,I,S/D,Urbana,Semáforo,Funciona,Intersección,Bueno,Buena,Diurna,Buen Tiempo,Lateral,S/D,Colisión,Ninguna,"Horizontal,Vertical",Ninguna,Sin restricción