anio_acci,nro_acci,fecha,desc_dia,fecha_aprox,hora_aprox,desc_ruta,km,cant_participantes,desc_participante,calle_avenida_km,total,heridos_leves,heridos_graves,heridos_gravisimos,ilesos,fallecidos,sin_datos,posicion_XY,desc_tipo_via,desc_ruta_ori,desc_loc,desc_dpto,desc_tipo_calzada,desc_tipo_banquina,desc_unidad_regional,desc_lugar_calzada,desc_zona,desc_prioridad,desc_estado_semaforo,desc_lugar_via,desc_estado_via,desc_estado_visibilidad,desc_luminosidad,desc_estado_clima,desc_tipo_colision,desc_tipo_atropello,desc_tipo_hecho,desc_pres_calzada,desc_senializacion,desc_separacion_via,desc_restriccion
2018,901,2018-01-28,Domingo,0,16:35:00,,0.0,1,Automóvil, ,2,2,0,0,0,0,0,"-31.42712, -61.10844",Camino Rural,,HUMBOLDT,Las Colonias,Ripio,Natural,XI,Fuera,Rural,Ninguna,No existe,Recta,Bueno,Buena,Diurna,Buen Tiempo,Otro,S/D,"Vuelco,Despiste",Ninguna,Faltante,Ninguna,Sin restricción
2018,902,2018-01-27,Sabado,0,16:00:00,,0.0,2,"Moto/Ciclomotor,Moto/Ciclomotor",Cristobal Colon Y Azcuenaga,3,2,0,0,1,0,0,"-31.667083333333,-60.774194444444",Calle,,SANTO TOMÉ,La Capital,Asfalto,No existe,I,S/D,Urbana,Ninguna,No existe,Intersección,Bueno,Buena,Atardecer,Buen Tiempo,Frontal,S/D,Colisión,Ninguna,Faltante,Ninguna,Sin restricción
2018,903,2018-01-20,Sabado,0,15:00:00,,0.0,2,"Moto/Ciclomotor,Automóvil",Av. Pellegrini Y Ayacucho,2,1,0,0,1,0,0,"-32.959416666667,-60.629638888889",Calle,,ROSARIO,Rosario,Asfalto,S/D,II,Dentro,Urbana,S/D,S/D,Cruce,Bueno,Buena,Diurna,S/D,Otro,S/D,Caída ocupante,S/D,S/D,Cordón divisorio,S/D
2018,904,2018-02-24,Sabado,0,,,0.0,1,Moto/Ciclomotor,Avenida Echague Y Lavalle,1,0,1,0,0,0,0,"-29.875843744802, -61.943797843384",Avenida,,CERES,San Cristóbal,Asfalto,No existe,XIII,Dentro,Urbana,Señal Ceda el Paso,S/D,Recta,Bueno,S/D,S/D,Buen Tiempo,Otro,S/D,Caída ocupante,Material Suelto,Faltante,Vegetación,Sin restricción
2018,905,2018-01-21,Domingo,0,18:25:00,,0.0,2,"Moto/Ciclomotor,Pickup/Utilitario",Calle 27 Y Calle 6,3,1,0,0,2,0,0,"-31.69569, -60.78381",Calle,,SAUCE VIEJO,La Capital,Ripio,Natural,I,Dentro,Urbana,Ninguna,No existe,Intersección,Bueno,Buena,Atardecer,Buen Tiempo,Lateral,S/D,Colisión,Ninguna,Faltante,Ninguna,Sin restricción
2018,906,2018-01-15,Lunes,0,16:00:00,,0.0,2,"Automóvil,Automóvil",9 De Julio Y Buenos Aires,3,1,0,0,2,0,0,"-32.954915, -60.634637",Calle,,ROSARIO,Rosario,Asfalto,S/D,II,Dentro,Urbana,S/D,S/D,Recta,Bueno,Buena,Diurna,S/D,Otro,S/D,Colisión,S/D,S/D,Cordón divisorio,S/D
2018,907,2018-02-16,Viernes,0,22:00:00,Ruta Secundaria 80-s,0.0,1,Camión Chasis, ,1,1,0,0,0,0,0,"-31.116888453846, -61.033572781811",Ruta,80-s,HIPATIA,Las Colonias,Tierra,Natural,XI,Fuera,Rural,Ninguna,No existe,Cruce,Bueno,Buena,"Nocturna,Con luz artificial",Buen Tiempo,S/D,S/D,Despiste,Ninguna,S/D,Ninguna,Sin restricción
2018,908,2018-02-24,Sabado,0,19:40:00,,0.0,1,Moto/Ciclomotor,Bvard Espa?a Y Av Vicente Lopez y Planes,1,0,1,0,0,0,0,"-29.881752644573, -61.934070130625",Avenida,,CERES,San Cristóbal,Asfalto,S/D,XIII,Dentro,Urbana,Señal Ceda el Paso,S/D,Intersección,Bueno,S/D,S/D,Buen Tiempo,S/D,S/D,Caída ocupante,Ninguna,Faltante,Ninguna,Sin restricción
2018,909,2018-01-05,Viernes,0,10:30:00,,0.0,2,"Moto/Ciclomotor,Automóvil",J Macia Y Lisandro de La Torre,2,1,0,0,1,0,0,"-31.680861111111,-60.759527777778",Calle,,SANTO TOMÉ,La Capital,Asfalto,Natural,I,Dentro,Urbana,S/D,No existe,Intersección,Bueno,Buena,Diurna,S/D,S/D,S/D,S/D,Ninguna,S/D,Ninguna,S/D
2018,910,2018-01-11,Jueves,0,18:30:00,,0.0,2,"Moto/Ciclomotor,Taxi/Remis",9 De Julio Y Buenos Aires,2,1,0,0,1,0,0,"-32.954861111111,-60.634583333333",Calle,,ROSARIO,Rosario,Asfalto,S/D,II,Dentro,Urbana,S/D,S/D,Intersección,Bueno,Buena,Diurna,S/D,Lateral,S/D,Colisión,S/D,S/D,Cordón divisorio,S/D
2018,911,2018-02-17,Sabado,0,16:00:00,Ruta Provincial 68,0.0,2,"Pickup/Utilitario,Automóvil", ,5,3,0,0,2,0,0,"-31.117203277465, -61.032124103891",Ruta,68,HIPATIA,Las Colonias,Tierra,Natural,XI,Dentro,Rural,Ninguna,No existe,Recta,Bueno,Buena,Diurna,Buen Tiempo,Frontal,S/D,Colisión,Ninguna,Faltante,Ninguna,Sin restricción
2018,912,2018-01-30,Martes,0,11:35:00,,0.0,2,"Automóvil,Automóvil",Tucuman Y Bv. Oro?o,2,1,0,0,1,0,0,"-32.951083333333,-60.655277777778",Calle,,ROSARIO,Rosario,Asfalto,S/D,II,S/D,Urbana,S/D,S/D,Intersección,Bueno,Buena,Diurna,S/D,S/D,S/D,Colisión,S/D,S/D,S/D,S/D
2018,913,2018-01-02,Martes,0,09:35:00,Ruta Nacional 11,141.8,2,"Moto/Ciclomotor,Pickup/Utilitario",Ruta 11 Avenida Richieri Y Falucho,3,1,0,0,2,0,0,"-31.6676, -60.75551",Ruta,11,SANTO TOMÉ,La Capital,Tierra,No existe,I,S/D,Urbana,Ninguna,No existe,Intersección,Ahuellamiento,Buena,Diurna,Buen Tiempo,De alcance,S/D,Colisión,Ninguna,S/D,Ninguna,Sin restricción
2018,914,2018-01-29,Lunes,0,13:00:00,,0.0,2,"Automóvil,Moto/Ciclomotor",Montevideo Y Pte.Roca,2,0,1,0,1,0,0,"-32.954888888889,-60.647555555556",Calle,,ROSARIO,Rosario,Asfalto,S/D,II,S/D,Urbana,Señal Pare,S/D,Intersección,Bueno,Buena,Diurna,Buen Tiempo,S/D,S/D,Colisión,S/D,S/D,S/D,S/D
2018,915,2018-02-10,Sabado,0,08:20:00,Ruta Provincial 23,0.0,1,Automóvil, ,6,5,0,0,1,0,0,"-30.53729, -61.95263",Ruta,23,SUARDI,San Cristóbal,Asfalto,Natural,XIII,Fuera,S/D,Ninguna,No existe,Recta,Ahuellamiento,Reducida,Diurna,Lluvia,Otro,S/D,"Vuelco,Despiste",Agua,Faltante,Ninguna,Sin restricción
2018,916,2018-01-29,Lunes,0,00:10:00,,0.0,2,"Automóvil,Moto/Ciclomotor",Rioja Y Paraguay,2,0,1,0,1,0,0,"-32.946583333333,-60.644027777778",Calle,,ROSARIO,Rosario,Asfalto,S/D,II,S/D,Urbana,Semáforo,S/D,Intersección,Bueno,Buena,Nocturna,S/D,S/D,S/D,S/D,S/D,S/D,S/D,S/D
2018,917,2018-01-24,Miercoles,0,13:30:00,,0.0,2,"Peatón,Automóvil",Balcarce Y San Juan,2,1,0,0,1,0,0,"-32.947694444444,-60.652888888889",Calle,,ROSARIO,Rosario,Asfalto,S/D,II,S/D,Urbana,S/D,S/D,Recta,Bueno,Buena,Diurna,Buen Tiempo,S/D,Peatón,Atropello,S/D,S/D,S/D,S/D
2018,918,2018-01-04,Jueves,0,15:00:00,,0.0,2,"Moto/Ciclomotor,Automóvil",Hipolito Irigoyen Y Hernandarias,2,1,0,0,1,0,0,"-31.677333333333,-60.765527777778",Calle,,SANTO TOMÉ,La Capital,Asfalto,No existe,I,Dentro,Urbana,Ninguna,No existe,Intersección,Bueno,Buena,Diurna,Buen Tiempo,Lateral,S/D,Colisión,Ninguna,Vertical,S/D,Sin restricción
2018,919,2018-01-23,Martes,0,17:50:00,,0.0,2,"Moto/Ciclomotor,Automóvil",J.M.de Rosas Y Mendoza,3,2,0,0,1,0,0,"-32.952722222222,-60.6325",Calle,,ROSARIO,Rosario,Asfalto,S/D,II,S/D,Urbana,Ninguna,S/D,Intersección,S/D,Buena,Diurna,Buen Tiempo,Otro,S/D,S/D,S/D,S/D,S/D,S/D
2018,920,2018-01-27,Sabado,0,10:30:00,,0.0,2,"Peatón,Automóvil",Paraguay 1046,2,1,0,0,1,0,0,"-32.948555555556,-60.6445",Calle,,ROSARIO,Rosario,Asfalto,S/D,II,S/D,Urbana,S/D,S/D,Recta,Bueno,Buena,Diurna,Buen Tiempo,S/D,Peatón,Atropello,S/D,S/D,S/D,S/D
2018,921,2018-02-24,Sabado,0,11:45:00,,0.0,2,"Moto/Ciclomotor,Pickup/Utilitario",Bargellini Y Belgrano,4,3,0,0,1,0,0,"-30.538271580730, -61.958939572611",Calle,,SUARDI,San Cristóbal,Hormigón,No existe,XIII,Dentro,Urbana,Ninguna,No existe,Intersección,Bueno,Buena,Diurna,Buen Tiempo,Frontal,S/D,Colisión,Ninguna,Vertical,Ninguna,Sin restricción
2018,922,2018-01-27,Sabado,0,08:30:00,,0.0,2,"Moto/Ciclomotor,Automóvil",San Martin Y Montevideo,3,1,0,0,2,0,0,"-32.956388888889,-60.639138888889",Calle,,ROSARIO,Rosario,Asfalto,S/D,II,S/D,Urbana,S/D,S/D,Intersección,Bueno,S/D,S/D,Buen Tiempo,S/D,S/D,Colisión,S/D,S/D,S/D,S/D
2018,923,2018-01-19,Viernes,0,12:35:00,,0.0,2,"Moto/Ciclomotor,Automóvil",Mariano Candioti Y Lisandro de La Torre,4,1,0,0,3,0,0,"-31.68125,-60.757222222222",Avenida,,SANTO TOMÉ,La Capital,Asfalto,No existe,I,Dentro,Urbana,Paso Peatonal,No existe,Intersección,Bueno,S/D,Diurna,Buen Tiempo,Lateral,S/D,Colisión,Ninguna,Vertical,Línea divisoria pintada,Sin restricción
2018,924,2018-01-27,Sabado,0,07:00:00,,0.0,2,"Automóvil,Taxi/Remis",Tucuman Y Av. Corrientes,3,2,0,0,1,0,0,"-32.941027777778,-60.641194444444",Calle,,ROSARIO,Rosario,Asfalto,S/D,II,S/D,Urbana,Semáforo,S/D,Intersección,Bueno,Buena,Diurna,Buen Tiempo,Otro,S/D,Colisión,S/D,S/D,S/D,S/D
2018,925,2018-02-24,Sabado,0,09:15:00,Ruta Provincial 70,34.0,2,"Automóvil,Automóvil", ,3,3,0,0,0,0,0,"-31.401157400861, -61.062878307750",Ruta,70,HUMBOLDT,Las Colonias,Asfalto,Natural,XI,Dentro,Urbana,Otra Señal,No existe,Curva,Bueno,Buena,Diurna,Buen Tiempo,De alcance,S/D,Colisión,Ninguna,S/D,"Cordón divisorio,Línea divisoria pintada",Sin restricción
2018,926,2018-01-02,Martes,0,21:30:00,,0.0,2,"Moto/Ciclomotor,Automóvil",Av. Ovidio Lagos Y Dr.Rivas,2,1,0,0,1,0,0,"-32.979583333333,-60.670361111111",Avenida,,ROSARIO,Rosario,Asfalto,No existe,II,Dentro,Urbana,Ninguna,No existe,Intersección,Bueno,Buena,Nocturna,Buen Tiempo,Lateral,S/D,Colisión,Ninguna,Faltante,Ninguna,Sin restricción
2018,927,2018-01-04,Jueves,0,19:27:00,,0.0,2,"Peatón,Moto/Ciclomotor",Bv. Avellaneda Y Gaboto,3,1,0,0,2,0,0,"-32.966,-60.685805555556",Avenida,,ROSARIO,Rosario,Asfalto,No existe,II,S/D,Urbana,Ninguna,No existe,Intersección,Bueno,Buena,Atardecer,Buen Tiempo,S/D,Peatón,Atropello,Ninguna,Faltante,Cordón divisorio,Sin restricción
2018,928,2018-01-15,Lunes,0,08:40:00,,0.0,2,"Automóvil,Automóvil",Balcarce Y General Manuel Belgrano,4,2,0,0,2,0,0,"-31.677666666667,-60.763361111111",Calle,,SANTO TOMÉ,La Capital,Asfalto,S/D,I,S/D,Urbana,Ninguna,No existe,Intersección,Bueno,Buena,Diurna,Buen Tiempo,Lateral,S/D,Colisión,Ninguna,Faltante,Ninguna,Sin restricción
2018,929,2018-01-06,Sabado,0,21:50:00,,0.0,2,"Moto/Ciclomotor,Pickup/Utilitario",Bv. Segui Y Ricchieri,3,1,0,0,2,0,0,"-32.974638888889,-60.671027777778",Avenida,,ROSARIO,Rosario,Asfalto,No existe,II,Dentro,Urbana,Ninguna,No existe,Intersección,Bueno,Buena,Nocturna,Buen Tiempo,Lateral,S/D,Colisión,Ninguna,Faltante,Cordón divisorio,Sin restricción
2018,930,2018-01-08,Lunes,0,01:00:00,,0.0,2,"Moto/Ciclomotor,Automóvil",Castellanos Y Bv. Segui,3,0,2,0,1,0,0,"-32.972472222222,-60.683277777778",Avenida,,ROSARIO,Rosario,Asfalto,No existe,II,Dentro,S/D,Ninguna,No existe,Intersección,Bueno,Buena,Nocturna,Buen Tiempo,Frontal,S/D,Colisión,Ninguna,Faltante,Cordón divisorio,Sin restricción
2018,931,2018-02-24,Sabado,0,16:20:00,,0.0,1,Moto/Ciclomotor,Zona Rural San Guillermo ,1,0,1,0,0,0,0,"-30.36013, -61.91563",Camino Rural,,SAN GUILLERMO,San Cristóbal,"Tierra,Ripio",Natural,XIII,Dentro,Rural,Ninguna,No existe,Recta,"Ahuellamiento,Otro",Reducida polvo,Diurna,Buen Tiempo,Otro,S/D,Caída ocupante,Ninguna,Faltante,Ninguna,Sin restricción
2018,932,2018-01-24,Miercoles,0,10:05:00,,0.0,2,"Bicicleta,Automóvil",Rca Oriental del Uruguay Y Cordoba,2,1,0,0,1,0,0,"-31.681805555556,-60.772138888889",Calle,,SANTO TOMÉ,La Capital,Asfalto,S/D,I,S/D,Urbana,Ninguna,No existe,Recta,Bueno,Buena,Diurna,Buen Tiempo,S/D,S/D,Despiste,Ninguna,Faltante,Ninguna,S/D
2018,933,2018-02-19,Lunes,0,16:00:00,Autopista Nacional A008,0.0,2,"Automóvil,Moto/Ciclomotor",Av. Circunvalacion Y Bv. Avellaneda,2,1,0,0,1,0,0,"-33.000055555556,-60.689388888889",Autopista,A008,ROSARIO,Rosario,Asfalto,Pavimento,II,Dentro,Urbana,Ninguna,No existe,Recta,Bueno,Buena,Diurna,Buen Tiempo,De alcance,S/D,"Colisión,Atropello",Ninguna,S/D,S/D,Sin restricción
2018,934,2018-01-08,Lunes,0,19:00:00,,0.0,2,"Moto/Ciclomotor,Automóvil",Amenabar Y Cafferata,2,1,0,0,1,0,0,"-32.966305555556,-60.677472222222",Calle,,ROSARIO,Rosario,Asfalto,No existe,II,Dentro,Urbana,Ninguna,No existe,Intersección,Bueno,Buena,Atardecer,Buen Tiempo,Frontal,S/D,Colisión,Ninguna,Faltante,Cordón divisorio,Sin restricción
2018,935,2018-02-08,Jueves,0,15:30:00,,0.0,2,"Pickup/Utilitario,Moto/Ciclomotor",Zona Urbana Colonia Ana ,2,0,1,0,1,0,0,"-30.1438, -61.91351",Camino Rural,,COLONIA ANA,San Cristóbal,Arena,No existe,XIII,Dentro,Rural,Ninguna,No existe,Recta,Bueno,Buena,Diurna,Buen Tiempo,Frontal,S/D,Colisión,Ninguna,Faltante,Ninguna,Sin restricción
2018,936,2018-01-12,Viernes,0,16:55:00,,0.0,2,"Automóvil,Automóvil",Bv. Segui Y Av. Ovidio Lagos,2,1,0,0,1,0,0,"-32.974972222222,-60.669222222222",Avenida,,ROSARIO,Rosario,Asfalto,No existe,II,Dentro,Urbana,Semáforo,Funciona,Intersección,Bueno,Buena,Diurna,Buen Tiempo,De alcance,S/D,Colisión,Ninguna,Faltante,Cordón divisorio,Sin restricción
2018,937,2018-01-29,Lunes,0,20:30:00,,0.0,2,"Moto/Ciclomotor,Bicicleta",Cibils Jose Y Fidela Valdez,2,1,0,0,1,0,0,"-31.653861111111,-60.782472222222",Calle,,SANTO TOMÉ,La Capital,Ripio,No existe,I,Dentro,Urbana,Ninguna,No existe,Intersección,Bueno,Buena,Nocturna,Buen Tiempo,Lateral,S/D,Colisión,Ninguna,S/D,Ninguna,Sin restricción
2018,938,2018-02-22,Jueves,0,10:05:00,,0.0,2,"Automóvil,Pickup/Utilitario",Bartolome Mitre Y Rivadavia,2,1,0,0,1,0,0,"-30.53242, -61.95871",Calle,,SUARDI,San Cristóbal,Hormigón,No existe,XIII,Dentro,Urbana,Ninguna,No existe,Intersección,Bueno,Buena,Diurna,Buen Tiempo,Lateral,S/D,Colisión,Ninguna,Vertical,Ninguna,Sin restricción
2018,939,2018-02-23,Viernes,0,17:00:00,Autopista Nacional A008,0.0,2,"Automóvil,Moto/Ciclomotor",Av. Circunvalacion Y Av. Ovidio Lagos,2,2,0,0,0,0,0,"-33.009194444444,-60.67725",Autopista,A008,ROSARIO,Rosario,Asfalto,Pavimento,II,Dentro,Urbana,Ninguna,S/D,Recta,Bueno,Buena,Diurna,Buen Tiempo,S/D,S/D,Atropello,Ninguna,Faltante,Ninguna,Sin restricción
2018,940,2018-01-14,Domingo,0,13:45:00,,0.0,2,"Automóvil,Automóvil",Av. Ovidio Lagos Y Bv. Segui,6,1,0,0,5,0,0,"-32.974972222222,-60.669222222222",Avenida,,ROSARIO,Rosario,Asfalto,No existe,II,Dentro,Urbana,Semáforo,Funciona,Intersección,Bueno,Buena,Diurna,Buen Tiempo,S/D,S/D,"Colisión,Vuelco",Ninguna,Faltante,Cordón divisorio,Sin restricción
2018,941,2018-02-24,Sabado,0,04:00:00,Autopista Nacional A008,0.0,1,Moto/Ciclomotor,Av. Circunvalacion Y Cereseto,2,1,1,0,0,0,0,"-33.009305555556,-60.673638888889",Autopista,A008,ROSARIO,Rosario,Asfalto,Pavimento,II,Dentro,Urbana,Ninguna,No existe,Recta,Bueno,Buena,Con luz artificial,Buen Tiempo,Otro,S/D,"Colisión,Atropello",Ninguna,Faltante,Ninguna,Sin restricción
2018,942,2018-01-09,Martes,0,02:20:00,,0.0,2,"Bicicleta,Automóvil",Roque Saenz Pe?a Y Juan Jose Paso,2,1,0,0,0,0,1,"-31.658527777778,-60.774305555556",S/D,,SANTO TOMÉ,La Capital,Ripio,No existe,I,Dentro,Urbana,Ninguna,No existe,Intersección,Bueno,S/D,Nocturna,Buen Tiempo,S/D,S/D,Colisión,Ninguna,S/D,Ninguna,Sin restricción
2018,943,2018-02-26,Lunes,0,10:25:00,,0.0,2,"Tractor,Moto/Ciclomotor",Camino Rural Villa Trinidad ,3,0,1,0,2,0,0,"-30.20489, -61.87512",Camino Rural,,VILLA TRINIDAD,San Cristóbal,Tierra,No existe,XIII,Dentro,Rural,Ninguna,No existe,Recta,Bueno,Buena,Diurna,Buen Tiempo,S/D,S/D,Colisión,Ninguna,Vertical,Ninguna,Sin restricción
2018,944,2018-01-15,Lunes,0,19:30:00,,0.0,2,"Peatón,Automóvil",Fragata Sarmiento Y Pje. Ruggieri C,2,1,0,0,1,0,0,"-32.988055555556,-60.6765",Calle,,ROSARIO,Rosario,Asfalto,No existe,II,S/D,Urbana,S/D,No existe,Recta,Deteriorada,Buena,Nocturna,Buen Tiempo,Frontal,Ciclista,Atropello,Ninguna,Faltante,Ninguna,Sin restricción
2018,945,2018-02-03,Sabado,0,06:40:00,,0.0,2,"Automóvil,Moto/Ciclomotor",Bv. Oro?o Y Av. Battle y Ordo?ez,3,1,0,0,2,0,0,"-33.009361111111,-60.664527777778",Avenida,,ROSARIO,Rosario,Asfalto,Pavimento,II,Dentro,Urbana,Semáforo,Funciona,Rotonda,Bueno,Buena,Amanecer,Buen Tiempo,De alcance,S/D,Atropello,Ninguna,Vertical,Ninguna,Sin restricción
2018,947,2018-02-24,Sabado,0,19:00:00,Ruta Nacional 34,360.0,1,Automóvil, ,1,1,0,0,0,0,0,"-30.11031, -61.78899",Ruta,34,LA RUBIA,San Cristóbal,Asfalto,Natural,XIII,S/D,S/D,Marca Vial,No existe,Recta,Bueno,Buena,Diurna,Buen Tiempo,Lateral,S/D,Colisión,Ninguna,S/D,Ninguna,Sin restricción
2018,948,2018-02-07,Miercoles,0,08:20:00,Autopista Nacional A008,0.0,2,"Pickup/Utilitario,Automóvil",AUTOPISTA ROS-BS AS ,2,1,0,0,1,0,0,"-33.01465,-60.66458",Autopista,A008,ROSARIO,Rosario,Asfalto,Natural,II,Dentro,Urbana,Ninguna,No existe,Recta,Bueno,Buena,Diurna,Buen Tiempo,Otro,S/D,Colisión,Ninguna,Faltante,Guardarrail,Sin restricción
2018,949,2018-02-24,Sabado,0,09:30:00,,0.0,2,"Camión Chasis,Moto/Ciclomotor",Av. Ovidio Lagos 6700,2,1,0,0,1,0,0,"-33.016694444444,-60.678944444444",Avenida,,ROSARIO,Rosario,Asfalto,Pavimento,II,S/D,Urbana,Ninguna,S/D,Recta,Bueno,Buena,Diurna,Buen Tiempo,Otro,S/D,Colisión,Ninguna,S/D,Ninguna,Sin restricción
2018,950,2018-02-15,Jueves,0,04:00:00,Ruta Nacional 34,367.0,2,"Camión Chasis,Automóvil", ,2,0,1,0,1,0,0,"-30.000946108537, -61.831126780573",Ruta,34,HERSILIA,San Cristóbal,Asfalto,No existe,XIII,S/D,Rural,Ninguna,No existe,Recta,Con baches,Reducida,Nocturna,Buen Tiempo,Lateral,S/D,Colisión,Ninguna,S/D,Ninguna,Sin restricción
2018,951,2018-03-22,Jueves,0,09:20:00,,0.0,2,"Moto/Ciclomotor,Peatón",Bme Mitre Y Rivadavia,2,1,0,0,1,0,0,"-32.02975,-61.218916666667",Calle,,GÁLVEZ,San Jerónimo,Hormigón,No existe,XV,Dentro,Urbana,Ninguna,No existe,Intersección,Bueno,Buena,Diurna,Buen Tiempo,S/D,Peatón,Atropello,Ninguna,Faltante,Ninguna,Sin restricción
2018,952,2018-03-24,Sabado,0,11:45:00,,0.0,2,"Moto/Ciclomotor,Pickup/Utilitario",Mariano Moreno Y Garay,3,0,2,0,1,0,0,"-31.976166666667,-60.919666666667",Calle,,CORONDA,San Jerónimo,Hormigón,No existe,XV,Dentro,Urbana,Ninguna,No existe,Intersección,Bueno,Buena,Diurna,Buen Tiempo,Lateral,S/D,Colisión,Ninguna,Faltante,Ninguna,Sin restricción
2018,953,2018-03-28,Miercoles,0,17:25:00,,0.0,2,"Automóvil,Moto/Ciclomotor",Nazareno C Rossi Y Misiones,2,0,1,0,1,0,0,"-32.019583333333,-61.218944444444",Calle,,GÁLVEZ,San Jerónimo,Ripio,No existe,XV,Dentro,Urbana,Ninguna,No existe,Intersección,Bueno,Buena,Diurna,Buen Tiempo,Lateral,S/D,Colisión,Ninguna,Faltante,Ninguna,Sin restricción
2018,954,2018-03-29,Jueves,0,13:20:00,,0.0,2,"Pickup/Utilitario,Moto/Ciclomotor",Avda 25 de Mayo Y Sarmiento,3,1,0,0,2,0,0,"-32.0295,-61.220972222222",Avenida,,GÁLVEZ,San Jerónimo,Asfalto,No existe,XV,Dentro,Urbana,Ninguna,No existe,Intersección,Bueno,Buena,Diurna,Buen Tiempo,Lateral,S/D,Colisión,Ninguna,Faltante,Ninguna,Sin restricción
2018,955,2018-03-29,Jueves,0,16:30:00,,0.0,2,"Pickup/Utilitario,Moto/Ciclomotor",Gdor Vera Y Ameghino Florentino,3,1,0,0,2,0,0,"-32.039305555556,-61.211805555556",Calle,,GÁLVEZ,San Jerónimo,Asfalto,No existe,XV,Dentro,Urbana,Ninguna,No existe,Intersección,Bueno,Buena,Diurna,Buen Tiempo,Lateral,S/D,Colisión,Ninguna,Faltante,Ninguna,Sin restricción
2018,956,2018-04-11,Miercoles,0,11:20:00,,0.0,2,"Moto/Ciclomotor,Automóvil",Espa?a Y Mitre,2,0,1,0,1,0,0,"-31.977373, -60.915607",Calle,,CORONDA,San Jerónimo,Asfalto,No existe,XV,Dentro,Urbana,Ninguna,No existe,Intersección,Deteriorada,Buena,Diurna,Buen Tiempo,Frontal,S/D,Colisión,Ninguna,Faltante,Ninguna,Sin restricción
2018,957,2018-04-07,Sabado,0,05:35:00,Ruta Nacional 11,0.0,2,"Moto/Ciclomotor,Automóvil",Bv Domingo F Sarmiento 620,3,2,0,0,0,0,1,"-32.456678, -60.889016",Ruta,11,MACIEL,San Jerónimo,Asfalto,No existe,XV,S/D,Urbana,Ninguna,No existe,Recta,Resbaladiza,Reducida,Nocturna,Lluvia,Otro,S/D,Caída ocupante,Agua,Faltante,"Cordón divisorio,Vegetación",Sin restricción
2018,958,2018-04-10,Martes,0,15:00:00,Autopista Nacional Rosario -Cordoba,334.0,2,"Automóvil,Automóvil", ,3,2,0,0,1,0,0,"-32.86766,-61.22741",Autopista,Rosario -Córdoba,CARCARAÑÁ,San Lorenzo,Asfalto,Natural,XVII,Dentro,Urbana,S/D,No existe,Recta,Bueno,Buena,Diurna,Buen Tiempo,Frontal,S/D,Colisión,Ninguna,S/D,Guardarrail,Sin restricción
2018,959,2018-04-11,Miercoles,0,16:35:00,,0.0,2,"Moto/Ciclomotor,Moto/Ciclomotor",Rio Negro Y Angel Gallardo,2,2,0,0,0,0,0,"-31.521025948678, -60.678758640709",Calle,,MONTE VERA,La Capital,Ripio,No existe,I,Dentro,Urbana,Ninguna,No existe,Intersección,Bueno,Buena,Diurna,Buen Tiempo,Lateral,S/D,Colisión,Ninguna,S/D,Ninguna,Sin restricción
2018,960,2018-04-15,Domingo,0,05:15:00,,0.0,1,Moto/Ciclomotor,Jose de San Martin Y Bv Oro?o,2,1,0,0,1,0,0,"-31.972927, -60.925152",Avenida,,CORONDA,San Jerónimo,Asfalto,No existe,XV,Dentro,Urbana,Ninguna,No existe,Intersección,Bueno,Buena,"Amanecer,Con luz artificial",Buen Tiempo,Otro,S/D,Caída ocupante,Ninguna,Faltante,Ninguna,Sin restricción
2018,961,2018-04-15,Domingo,0,06:30:00,,0.0,1,Moto/Ciclomotor,Brigadier Estanislao Lopez 5580,2,2,0,0,0,0,0,"-31.516605668222, -60.679101963463",Calle,,MONTE VERA,La Capital,Ripio,No existe,I,Dentro,Urbana,Ninguna,No existe,Recta,Bueno,Buena,"Amanecer,Con luz artificial",Buen Tiempo,Contra objeto fijo,S/D,Colisión,Ninguna,S/D,Ninguna,Sin restricción
2018,962,2018-04-29,Domingo,0,12:00:00,,0.0,2,"Pickup/Utilitario,Moto/Ciclomotor",Roca Y Bolivia,2,1,0,0,1,0,0,"-32.710495383386, -60.763556369583",Calle,,PUERTO SAN MARTÍN,San Lorenzo,Asfalto,No existe,XVII,Dentro,Urbana,Ninguna,No existe,Intersección,Bueno,Buena,Diurna,Otro,Lateral,S/D,Colisión,Ninguna,Faltante,Ninguna,Sin restricción
2018,963,2018-04-22,Domingo,0,04:00:00,Ruta Nacional 11,0.0,2,"Automóvil,Moto/Ciclomotor", ,2,1,1,0,0,0,0,"-31.971454, -60.926494",Ruta,11,CORONDA,San Jerónimo,Asfalto,Ripio,XV,Dentro,Urbana,Ninguna,No existe,Recta,Bueno,Buena,"Nocturna,Con luz artificial",Buen Tiempo,De alcance,S/D,Colisión,Ninguna,Faltante,Ninguna,Sin restricción
2018,964,2018-04-19,Jueves,0,17:20:00,Ruta Provincial 5,0.0,2,"Moto/Ciclomotor,Automóvil",Ruta pcial 2 Av San Martin ,2,1,0,0,1,0,0,"-31.539589,-60.688477",Ruta,5,MONTE VERA,La Capital,Asfalto,Natural,I,Dentro,Rural,Ninguna,No existe,Recta,Bueno,Buena,Diurna,Buen Tiempo,Lateral,S/D,Colisión,Ninguna,S/D,Ninguna,Sin restricción