anio_acci,nro_acci,fecha,desc_dia,fecha_aprox,hora_aprox,desc_ruta,km,cant_participantes,desc_participante,calle_avenida_km,total,heridos_leves,heridos_graves,heridos_gravisimos,ilesos,fallecidos,sin_datos,posicion_XY,desc_tipo_via,desc_ruta_ori,desc_loc,desc_dpto,desc_tipo_calzada,desc_tipo_banquina,desc_unidad_regional,desc_lugar_calzada,desc_zona,desc_prioridad,desc_estado_semaforo,desc_lugar_via,desc_estado_via,desc_estado_visibilidad,desc_luminosidad,desc_estado_clima,desc_tipo_colision,desc_tipo_atropello,desc_tipo_hecho,desc_pres_calzada,desc_senializacion,desc_separacion_via,desc_restriccion
2018,965,2018-04-26,Jueves,0,14:50:00,Ruta Nacional 175,0.0,2,"Moto/Ciclomotor,Pickup/Utilitario",Cordoba Y 25 de Mayo,3,1,0,0,2,0,0,"-32.717276007776, -60.732281812469",Ruta,175,PUERTO SAN MARTÍN,San Lorenzo,Asfalto,No existe,XVII,Dentro,Urbana,Ninguna,No existe,Intersección,Bueno,Buena,Diurna,Buen Tiempo,Lateral,S/D,Colisión,Ninguna,Horizontal,Ninguna,Sin restricción
2018,966,2018-04-26,Jueves,0,11:10:00,Ruta Nacional 11,0.0,2,"Moto/Ciclomotor,Automóvil",Jose de San Martin ,3,1,1,0,1,0,0,"-31.972715, -60.926758",Ruta,11,CORONDA,San Jerónimo,Asfalto,Pavimento,XV,Dentro,Urbana,Ninguna,No existe,Intersección,Bueno,Buena,Diurna,Buen Tiempo,Frontal,S/D,Colisión,Ninguna,Faltante,"Barrera de hormigón,Cordón divisorio,Línea divisoria pintada",Sin restricción
2018,967,2018-04-20,Viernes,0,07:15:00,,0.0,2,"Automóvil,Moto/Ciclomotor",San Lorenzo Y America,3,1,0,0,2,0,0,"-32.704353258057, -60.751362168898",Calle,,PUERTO SAN MARTÍN,San Lorenzo,"Asfalto,Ripio",Ripio,XVII,Dentro,Urbana,Ninguna,No existe,Intersección,Bueno,Buena,Amanecer,Buen Tiempo,Lateral,S/D,Colisión,Ninguna,Faltante,Ninguna,Sin restricción
2018,968,2018-04-26,Jueves,0,15:10:00,,0.0,2,"Automóvil,Moto/Ciclomotor",Brigadier Estanislao Lopez Y Formosa,2,1,0,0,1,0,0,"-31.511207453294, -60.678480307771",Calle,,MONTE VERA,La Capital,Ripio,No existe,I,Dentro,Urbana,Ninguna,No existe,Intersección,Bueno,Buena,Diurna,Buen Tiempo,Lateral,S/D,Colisión,Ninguna,S/D,Ninguna,Sin restricción
2018,969,2018-03-18,Domingo,0,19:15:00,Autopista Provincial Brigadier E.López,96.0,2,"Camión c / Acoplado,Automóvil",Alambr paredon limite propied ,3,2,0,0,1,0,0,"-32.06264,-60.98939",Autopista,Brigadier E.López,AROCENA,San Jerónimo,Asfalto,No existe,XV,Dentro,Rural,Ninguna,No existe,Recta,Deteriorada,Buena,Atardecer,Buen Tiempo,Frontal,S/D,Colisión,Ninguna,Vertical,Vegetación,Sin restricción
2018,970,2018-04-08,Domingo,0,,Ruta Nacional 11,0.0,2,"Moto/Ciclomotor,Moto/Ciclomotor",Gral Lopez ,2,0,2,0,0,0,0,"-31.968264, -60.925828",Ruta,11,CORONDA,San Jerónimo,Asfalto,Ripio,XV,S/D,Urbana,Ninguna,No existe,Recta,Bueno,Buena,Diurna,Buen Tiempo,De alcance,S/D,Colisión,Ninguna,Faltante,Ninguna,Sin restricción
2018,971,2018-04-18,Miercoles,0,10:00:00,,0.0,2,"Moto/Ciclomotor,Camión Chasis",Heroes de Malvinas Y Antartida Argentina,2,1,0,0,1,0,0,"-32.681803,-60.769833",Calle,,PUERTO SAN MARTÍN,San Lorenzo,Asfalto,Natural,XVII,Dentro,Rural,Ninguna,No existe,Intersección,Ahuellamiento,S/D,Diurna,Buen Tiempo,Lateral,S/D,Colisión,Ninguna,Horizontal,Ninguna,Sin restricción
2018,972,2018-04-26,Jueves,0,18:40:00,Ruta Provincial 2,0.0,2,"Pickup/Utilitario,Moto/Ciclomotor",Ruta pcial 2 Av San Martin Y Entre Rios,3,2,0,0,1,0,0,"-31.516443125291, -60.680840651704",Ruta,2,MONTE VERA,La Capital,Hormigón,Ripio,I,Dentro,Urbana,Ninguna,No existe,Intersección,Bueno,Buena,Atardecer,Buen Tiempo,Lateral,S/D,Colisión,Ninguna,S/D,Línea divisoria pintada,Sin restricción
2018,973,2018-04-17,Martes,0,12:30:00,Ruta Secundaria 18-s,0.0,2,"Moto/Ciclomotor,Automóvil", ,3,2,0,0,1,0,0,"-32.709799426282, -60.776655362031",Ruta,18-s,PUERTO SAN MARTÍN,San Lorenzo,Asfalto,Natural,XVII,Dentro,Rural,Ninguna,No existe,Recta,Bueno,Buena,Diurna,Buen Tiempo,S/D,S/D,Colisión,Ninguna,Horizontal,Ninguna,Sin restricción
2018,974,2018-04-29,Domingo,0,15:35:00,Ruta Provincial 2,13.0,2,"Transporte de Pasajeros Larga Distancia (> 8 asientos),Moto/Ciclomotor", ,2,1,0,0,1,0,0,"-31.47438,-60.67349",Ruta,2,MONTE VERA,La Capital,Hormigón,Natural,I,Dentro,Rural,Ninguna,No existe,Recta,Bueno,Buena,Diurna,Buen Tiempo,Frontal,S/D,Colisión,Ninguna,S/D,Línea divisoria pintada,Sin restricción
2018,975,2018-04-16,Lunes,0,18:35:00,Ruta Nacional 175,0.0,2,"Moto/Ciclomotor,Automóvil",Reconquista Y Cordoba,2,1,0,0,1,0,0,"-32.716217147259, -60.738447603016",Ruta,175,PUERTO SAN MARTÍN,San Lorenzo,Asfalto,No existe,XVII,Dentro,Urbana,Ninguna,No existe,Intersección,Bueno,Buena,Atardecer,Buen Tiempo,Lateral,S/D,Colisión,Ninguna,Horizontal,Ninguna,Sin restricción
2018,976,2018-03-24,Sabado,0,07:50:00,Ruta Provincial 10,0.0,2,"Pickup/Utilitario,Automóvil", ,3,3,0,0,0,0,0,"-32.159683249810, -61.162905722925",Ruta,10,BERNARDO DE IRIGOYEN,San Jerónimo,Tierra,Natural,XV,Dentro,Rural,Ninguna,No existe,Recta,Bueno,Buena,Diurna,Buen Tiempo,De alcance,S/D,Colisión,Ninguna,Vertical,Ninguna,Sin restricción
2018,977,2018-04-30,Lunes,0,21:00:00,,0.0,2,"Automóvil,Moto/Ciclomotor",AV A DEL VALLE Y CALLEJON QUIROZ,2,1,0,0,1,0,0,"-31.568852678925, -60.689547812377",Avenida,,ÁNGEL GALLARDO,La Capital,Hormigón,S/D,I,Dentro,Urbana,Ninguna,S/D,Intersección,Bueno,Buena,"Nocturna,Con luz artificial",Otro,Frontal,S/D,Colisión,Agua,S/D,Ninguna,Sin restricción
2018,978,2018-03-31,Sabado,0,22:20:00,Ruta Provincial 2,0.0,2,"Automóvil,Moto/Ciclomotor",AV. LOS QUINTEROS Y AV A DEL VALLE,2,1,0,0,0,0,1,"-31.554434261735, -60.686605606639",Ruta,2,ÁNGEL GALLARDO,La Capital,Hormigón,Natural,I,Dentro,Rural,Ninguna,S/D,Cruce,Bueno,Reducida,Nocturna,Viento Fuerte,De alcance,S/D,Colisión,Agua,S/D,Ninguna,Sin restricción
2018,979,2018-04-08,Domingo,0,21:30:00,Ruta Provincial 4,0.0,2,"Moto/Ciclomotor,Moto/Ciclomotor",Pastor Barrios Y Obrero,2,1,0,0,1,0,0,"-31.303087806379, -60.659097641985",Ruta,4,LAGUNA PAIVA,La Capital,Asfalto,Natural,I,Dentro,Urbana,Ninguna,No existe,Intersección,Bueno,Buena,Nocturna,Buen Tiempo,Lateral,S/D,Colisión,Ninguna,Faltante,Ninguna,Sin restricción
2018,980,2018-04-19,Jueves,0,12:10:00,Ruta Provincial 2,35.0,2,"Automóvil,Pickup/Utilitario", ,3,1,0,0,2,0,0,"-31.29566,-60.65647",Ruta,2,LAGUNA PAIVA,La Capital,Asfalto,Natural,I,Dentro,Rural,Ninguna,No existe,Recta,Bueno,Buena,Diurna,Buen Tiempo,De alcance,S/D,Colisión,Ninguna,Faltante,Ninguna,Sin restricción
2018,981,2018-04-29,Domingo,0,07:50:00,Ruta Provincial 2,0.0,2,"Automóvil,Otros", ,6,4,0,0,1,0,1,"-31.37156,-60.66200",Ruta,2,ARROYO AGUIAR,La Capital,Asfalto,Natural,I,Dentro,Rural,Policía de tránsito,No existe,Recta,S/D,Buena,Diurna,Otro,Frontal,S/D,Colisión,Agua,Faltante,Línea divisoria pintada,Accidente Previo
2018,982,2018-04-11,Miercoles,0,08:15:00,,0.0,2,"Moto/Ciclomotor,Moto/Ciclomotor",Juan de Garay ,2,2,0,0,0,0,0,"-31.495286452499, -60.732971397780",Avenida,,RECREO,La Capital,Asfalto,Natural,I,S/D,Urbana,Ninguna,No existe,Intersección,Bueno,Buena,Diurna,Buen Tiempo,Frontal,S/D,Colisión,Ninguna,Horizontal,Línea divisoria pintada,Sin restricción
2018,983,2018-04-21,Sabado,0,07:00:00,Ruta Nacional 11,0.0,2,"Pickup/Utilitario,Moto/Ciclomotor",Juan de Garay Y Chubut,2,0,1,0,1,0,0,"-31.554346212767, -60.727651259549",Ruta,11,RECREO,La Capital,Asfalto,Natural,I,Dentro,Urbana,Ninguna,No existe,Intersección,Bueno,Buena,Amanecer,Buen Tiempo,Lateral,S/D,Colisión,Ninguna,Horizontal,Línea divisoria pintada,Sin restricción
2018,984,2018-04-20,Viernes,0,18:00:00,Ruta Nacional 11,482.0,2,"Automóvil,Moto/Ciclomotor", ,2,1,0,0,1,0,0,"-31.51272,-60.72626",Ruta,11,RECREO,La Capital,Asfalto,Ripio,I,S/D,Urbana,Ninguna,No existe,Recta,Bueno,Buena,Diurna,Buen Tiempo,Lateral,S/D,Colisión,Ninguna,S/D,Línea divisoria pintada,Sin restricción
2018,985,2018-02-18,Domingo,0,18:00:00,,0.0,1,Moto/Ciclomotor,Av. Uriburu Y Bv. Oro?o,1,1,0,0,0,0,0,"-32.991305555556,-60.665138888889",Avenida,,ROSARIO,Rosario,Asfalto,S/D,II,Dentro,Urbana,Semáforo,S/D,Rotonda,Bueno,Buena,Atardecer,Buen Tiempo,S/D,S/D,Caída ocupante,Fluidos,"Horizontal,Vertical",Ninguna,Sin restricción
2018,986,2018-02-18,Domingo,0,19:40:00,Ruta Provincial 2,0.0,1,Automóvil, ,5,4,1,0,0,0,0,"-30.36576, -61.13273",Ruta,2,ÑANDUCITA,San Cristóbal,Tierra,Natural,XIII,Dentro,Rural,Ninguna,No existe,Recta,Bueno,Reducida polvo,Nocturna,Buen Tiempo,S/D,S/D,Vuelco,Ninguna,Faltante,Ninguna,S/D
2018,987,2018-02-16,Viernes,0,18:45:00,,0.0,2,"Automóvil,Bicicleta",Av. Ntra.Sra.del Rosario Y Crespo,2,0,1,0,1,0,0,"-33.001027777778,-60.680638888889",Calle,,ROSARIO,Rosario,Asfalto,S/D,II,S/D,Urbana,Ninguna,S/D,Intersección,Bueno,Buena,Atardecer,Buen Tiempo,Otro,Ciclista,Atropello,Ninguna,Faltante,Ninguna,Sin restricción
2018,988,2018-02-09,Viernes,0,19:46:00,,0.0,3,"Automóvil,Moto/Ciclomotor,Camión Chasis",N Figueredo Y J Milessi,4,1,0,0,3,0,0,"-30.792583333333,-60.58075",Calle,,SAN JUSTO,San Justo,Tierra,Natural,XVI,Dentro,Urbana,Ninguna,No existe,Intersección,Otro,Buena,Atardecer,Buen Tiempo,De alcance,S/D,Colisión,Ninguna,Faltante,Ninguna,Sin restricción
2018,989,2018-02-25,Domingo,0,05:55:00,,0.0,2,"Automóvil,Moto/Ciclomotor",N Laprida Y Av Republica,4,2,0,0,2,0,0,"-32.028833333333,-61.212722222222",Calle,,GÁLVEZ,San Jerónimo,Asfalto,No existe,XV,Dentro,Urbana,Paso Peatonal,No existe,Intersección,Bueno,Buena,Amanecer,Buen Tiempo,Lateral,S/D,Colisión,Ninguna,Horizontal,Línea divisoria pintada,Sin restricción
2018,990,2018-02-12,Lunes,0,17:10:00,Ruta Nacional 11,0.0,2,"Moto/Ciclomotor,Automóvil",Calle Combate de San Lorenzo Y Ruta Nacional 11,2,1,0,0,1,0,0,"-30.3628, -60.39694",Ruta,11,GOBERNADOR CRESPO,San Justo,Asfalto,Pavimento,XVI,Dentro,Urbana,Ninguna,No existe,Recta,Bueno,Buena,Diurna,Buen Tiempo,Lateral,S/D,Colisión,Ninguna,Horizontal,Ninguna,Sin restricción
2018,991,2018-02-15,Jueves,0,07:50:00,,0.0,2,"Automóvil,Moto/Ciclomotor",Avda 25 de Mayo Y Pte peron,2,1,0,0,1,0,0,"-32.030666666667,-61.223055555556",Avenida,,GÁLVEZ,San Jerónimo,Asfalto,No existe,XV,Dentro,Urbana,Paso Peatonal,No existe,Intersección,Bueno,Buena,Diurna,Buen Tiempo,Frontal,S/D,Colisión,Ninguna,Horizontal,Línea divisoria pintada,Sin restricción
2018,992,2018-02-23,Viernes,0,05:00:00,,0.0,2,"Moto/Ciclomotor,Moto/Ciclomotor",Av Estanislao Lopez Y Corrientes,4,0,0,0,3,1,0,"-30.22289, -60.36195",Avenida,,LA CRIOLLA,San Justo,Asfalto,No existe,XVI,Dentro,Urbana,Ninguna,No existe,Intersección,Bueno,Buena,"Nocturna,Con luz artificial",Buen Tiempo,De alcance,S/D,Colisión,Ninguna,Vertical,Ninguna,Sin restricción
2018,993,2018-02-11,Domingo,0,04:45:00,,0.0,1,Pickup/Utilitario,Avda. Jorge Newbery Y Av Republica,2,2,0,0,0,0,0,"-32.036027777778,-61.213194444444",Avenida,,GÁLVEZ,San Jerónimo,Asfalto,No existe,XV,S/D,Urbana,Ninguna,No existe,Rotonda,Bueno,Buena,Con luz artificial,Buen Tiempo,Frontal,S/D,Colisión,Ninguna,S/D,Ninguna,Sin restricción
2018,994,2018-02-26,Lunes,0,00:20:00,,0.0,1,Moto/Ciclomotor,CAMINO AL CEMENTERIO ,1,0,1,0,0,0,0,"-32.11583, -61.04714",Calle,,CORONDA,San Jerónimo,Asfalto,Natural,XV,Dentro,Rural,Ninguna,No existe,Recta,Bueno,Reducida,Nocturna,Buen Tiempo,Atropello animal,S/D,Atropello,Ninguna,Horizontal,Ninguna,Sin restricción
2018,995,2018-02-09,Viernes,0,00:20:00,Ruta Provincial 62,41.0,2,"Moto/Ciclomotor,Automóvil", ,3,1,1,0,1,0,0,"-31.11159, -60.57247",Ruta,62,CAYASTACITO,San Justo,Asfalto,Natural,XVI,S/D,Rural,Ninguna,No existe,Recta,Bueno,Buena,Nocturna,Buen Tiempo,De alcance,S/D,Colisión,Ninguna,Vertical,Vegetación,Sin restricción
2018,996,2018-02-08,Jueves,0,02:30:00,Autopista Provincial Brigadier E.López,102.0,2,"Camión c / Semirremolque,Camión c / Acoplado", ,2,1,0,0,1,0,0,"-31.96308, -60.95438",Autopista,Brigadier E.López,AROCENA,San Jerónimo,Asfalto,Natural,XV,Dentro,Rural,Ninguna,No existe,Recta,Otro,Buena,Nocturna,Buen Tiempo,Otro,S/D,Colisión,Ninguna,Faltante,Línea divisoria pintada,Sin restricción
2018,997,2018-02-05,Lunes,0,21:10:00,Ruta Nacional 11,433.0,2,"Moto/Ciclomotor,Moto/Ciclomotor",Av Maciel ,4,3,1,0,0,0,0,"-31.97436, -60.927",Ruta,11,DESVÍO ARIJÓN,San Jerónimo,Asfalto,Natural,XV,Fuera,Urbana,Ninguna,No existe,Recta,Bueno,Reducida,Nocturna,Buen Tiempo,De alcance,S/D,Colisión,Ninguna,Faltante,Línea divisoria pintada,Sin restricción
2018,998,2018-02-17,Sabado,0,10:45:00,Ruta Nacional 95,771.0,2,"Bicicleta,Automóvil", ,6,1,0,0,1,0,4,"-29.29702, -61.76084",Ruta,95,TOSTADO,9 de Julio,Asfalto,Natural,XII,Dentro,Rural,Ninguna,No existe,Recta,Bueno,Buena,Diurna,Buen Tiempo,S/D,Ciclista,Atropello,Ninguna,Faltante,Línea divisoria pintada,S/D
2018,999,2018-02-11,Domingo,0,00:50:00,,0.0,2,"Moto/Ciclomotor,Moto/Ciclomotor",Independencia Y Santa Fe,2,2,0,0,0,0,0,"-29.233888888889,-61.768611111111",Calle,,TOSTADO,9 de Julio,Asfalto,No existe,XII,S/D,Urbana,Ninguna,No existe,Recta,Bueno,Buena,"Nocturna,Con luz artificial",Buen Tiempo,De alcance,S/D,Colisión,Ninguna,S/D,Ninguna,Sin restricción
2018,1000,2018-02-06,Martes,0,18:15:00,,0.0,1,Moto/Ciclomotor,Mitre B Y Juan XXIII,2,2,0,0,0,0,0,"-29.448611111111,-60.212222222222",S/D,,VERA,Vera,Ripio,No existe,XIX,S/D,S/D,Ninguna,No existe,Intersección,Otro,Buena,Diurna,Buen Tiempo,Atropello animal,S/D,Atropello,Ninguna,Faltante,Ninguna,Sin restricción
2018,1001,2018-04-05,Jueves,0,13:00:00,Ruta Provincial 93,0.0,3,"Pickup/Utilitario,Automóvil,Pickup/Utilitario",Ruta Prov 93 ,3,0,0,0,0,0,3,"-33.435752, -61.532768",Ruta,93,FIRMAT,General López,Asfalto,Natural,VIII,S/D,Rural,S/D,No existe,Recta,Bueno,Buena,Diurna,S/D,Múltiple,S/D,Colisión,S/D,S/D,S/D,S/D
2018,1002,2018-04-05,Jueves,0,19:30:00,,0.0,2,"Moto/Ciclomotor,Peatón",Bv. Colon Y Gregorio de Lamadrid,2,0,0,0,0,0,2,"-33.469424, -61.486583",Calle,,FIRMAT,General López,Asfalto,No existe,IV,Dentro,Urbana,Ninguna,No existe,Intersección,Bueno,S/D,Atardecer,Buen Tiempo,S/D,Peatón,Atropello,Ninguna,S/D,Ninguna,Sin restricción
2018,1003,2018-04-09,Lunes,0,11:10:00,,0.0,2,"Moto/Ciclomotor,Automóvil",Buenos Aires Y Esteban de Luca-Exequiel Zurit,2,1,0,0,1,0,0,"-33.474308, -61.488259",Calle,,FIRMAT,General López,Asfalto,S/D,VIII,S/D,Urbana,S/D,S/D,Intersección,Bueno,S/D,Diurna,S/D,Lateral,S/D,Colisión,S/D,S/D,S/D,S/D
2018,1004,2018-04-16,Lunes,0,15:20:00,,0.0,2,"Automóvil,Moto/Ciclomotor",Gral. Jose de San Martin Y Corrientes,4,1,0,0,3,0,0,"-33.457349, -61.490252",Calle,,FIRMAT,General López,Asfalto,No existe,VIII,Dentro,Urbana,Ninguna,No existe,Intersección,Bueno,Buena,Diurna,Buen Tiempo,Lateral,S/D,Colisión,S/D,S/D,Ninguna,Sin restricción
2018,1005,2018-04-25,Miercoles,0,18:50:00,,0.0,2,"Automóvil,Moto/Ciclomotor",Bv. Colon Y Perito Moreno,2,0,1,0,1,0,0,"-33.465096, -61.486284",Calle,,FIRMAT,General López,Asfalto,No existe,VIII,Dentro,Urbana,Ninguna,No existe,Intersección,Bueno,Buena,Nocturna,Buen Tiempo,Lateral,S/D,Colisión,Ninguna,S/D,Ninguna,Sin restricción
2018,1006,2018-04-27,Viernes,0,16:55:00,,0.0,2,"Automóvil,Moto/Ciclomotor",Buenos Aires Y Independencia,2,0,0,0,1,0,1,"-33.460691, -61.487095",Calle,,FIRMAT,General López,Asfalto,No existe,VIII,Dentro,Urbana,Ninguna,No existe,Intersección,Bueno,Buena,Diurna,Buen Tiempo,Lateral,S/D,Colisión,Ninguna,Faltante,Ninguna,Sin restricción
2018,1007,2018-04-04,Miercoles,0,08:25:00,,0.0,2,"Pickup/Utilitario,Moto/Ciclomotor",Estanislao Lopez Y Nuestros Medicos,3,0,1,0,2,0,0,"-34.008687, -62.235353",Calle,,SANCTI SPÍRITU,General López,Tierra,No existe,VIII,Dentro,Urbana,Ninguna,No existe,Intersección,Bueno,Reducida p/ objetos,Diurna,Buen Tiempo,Lateral,S/D,Colisión,Ninguna,Faltante,Ninguna,Sin restricción
2018,1008,2018-05-12,Sabado,0,16:30:00,,0.0,2,"Automóvil,Moto/Ciclomotor",AVENIDA SAN MARTIN Y AVENIDA FERRARI,2,1,0,0,1,0,0,"-33.789833, -61.209124",Avenida,,WHEELWRIGHT,General López,Hormigón,No existe,VIII,Dentro,Urbana,Ninguna,No existe,Intersección,Bueno,Buena,Atardecer,Buen Tiempo,Lateral,S/D,Colisión,Ninguna,Faltante,S/D,Sin restricción
2018,1009,2018-04-05,Jueves,0,18:30:00,,0.0,2,"Automóvil,Vehículo Oficial",Av San Martin ,3,1,0,0,2,0,0,"-32.720161871508, -60.731775314947",Avenida,,PUERTO SAN MARTÍN,San Lorenzo,Asfalto,No existe,XVII,Dentro,Urbana,Ninguna,No existe,Recta,Bueno,Buena,Diurna,Buen Tiempo,De alcance,S/D,Colisión,Ninguna,Horizontal,Ninguna,Sin restricción
2018,1010,2018-04-06,Viernes,0,22:00:00,Ruta Nacional 33,688.0,2,"Cuatriciclo,Automóvil", ,2,0,0,1,1,0,0,"-33.443311, -61.484091",Ruta,33,FIRMAT,General López,Asfalto,Natural,VIII,Dentro,Rural,Otra Señal,No existe,Recta,Resbaladiza,Reducida,Nocturna,Lluvia,Contra objeto fijo,S/D,Colisión,Agua,"Horizontal,Vertical",Línea divisoria pintada,S/D
2018,1011,2018-04-27,Viernes,0,06:40:00,Autopista Nacional 9,0.0,2,"Bicicleta,Automóvil",Fiambala Y Ruta Nacional 9,2,1,0,0,1,0,0,"-32.909846349278, -60.884177290971",Autopista,9,ROLDÁN,San Lorenzo,Asfalto,No existe,XVII,Fuera,Urbana,Ninguna,No existe,Recta,Bueno,Buena,Con luz artificial,Buen Tiempo,S/D,Ciclista,Atropello,Ninguna,Faltante,Ninguna,Sin restricción
2018,1012,2018-04-18,Miercoles,0,23:30:00,Ruta Nacional 9,0.0,2,"Automóvil,Automóvil",Urquiza Y Ruta Nacional 9,2,2,0,0,0,0,0,"-32.905494329178, -60.908719241757",Ruta,9,ROLDÁN,San Lorenzo,Asfalto,Pavimento,XVII,Dentro,Urbana,Semáforo,Funciona,Intersección,Bueno,Buena,"Nocturna,Con luz artificial",Buen Tiempo,Lateral,S/D,Colisión,Ninguna,Vertical,Ninguna,Sin restricción
2018,1013,2018-04-14,Sabado,0,13:20:00,,0.0,2,"Automóvil,Moto/Ciclomotor",GÁLVEZ Y San Lorenzo,2,0,1,0,1,0,0,"-32.895250167755, -60.897687624480",Calle,,ROLDÁN,San Lorenzo,Asfalto,Natural,XVII,Dentro,Urbana,Ninguna,No existe,Intersección,Bueno,Buena,Diurna,Buen Tiempo,Lateral,S/D,Colisión,Ninguna,Faltante,Ninguna,Sin restricción
2018,1014,2018-04-07,Sabado,0,09:30:00,,0.0,2,"Pickup/Utilitario,Moto/Ciclomotor",Bv Estanislao Lopez Y Fleming,2,1,0,0,1,0,0,"-32.897331695263, -60.908887650823",Calle,,ROLDÁN,San Lorenzo,Asfalto,No existe,XVII,Dentro,Urbana,Ninguna,No existe,Intersección,Bueno,Buena,Diurna,Lluvia,Lateral,S/D,Colisión,Agua,Faltante,Ninguna,Sin restricción
2018,1015,2018-04-02,Lunes,0,20:00:00,,0.0,2,"Moto/Ciclomotor,Automóvil",Av San Martin Y Suiza,3,2,0,0,1,0,0,"-32.729961114194, -60.733224287169",Calle,,SAN LORENZO,San Lorenzo,Asfalto,No existe,XVII,Dentro,Urbana,S/D,S/D,Recta,Bueno,S/D,Nocturna,S/D,De alcance,S/D,Colisión,S/D,S/D,Ninguna,S/D
2018,1016,2018-04-15,Domingo,0,20:00:00,Ruta Nacional 11,0.0,2,"Peatón,Taxi/Remis",Granadero Baigorria Y Ruta Nac 11,3,1,0,0,2,0,0,"-32.733216577400, -60.740728977142",Ruta,11,SAN LORENZO,San Lorenzo,Asfalto,Natural,XVII,Dentro,Urbana,S/D,No existe,Otro,Bueno,Buena,Nocturna,Buen Tiempo,S/D,Peatón,Atropello,Ninguna,Faltante,Ninguna,S/D
2018,1017,2018-02-16,Viernes,0,18:55:00,,0.0,2,"Moto/Ciclomotor,Moto/Ciclomotor",Estanislao Lopez Y 25 de Mayo,4,4,0,0,0,0,0,"-29.459222222222,-60.218027777778",Calle,,VERA,Vera,Ripio,No existe,XIX,Dentro,Urbana,Ninguna,No existe,Intersección,Bueno,Buena,Diurna,Buen Tiempo,Frontal,S/D,Colisión,Ninguna,Faltante,Ninguna,Sin restricción
2018,1018,2018-02-17,Sabado,0,03:00:00,Ruta Provincial 2,312.0,3,"Camión c / Acoplado,Automóvil,Pickup/Utilitario", ,5,2,0,0,3,0,0,"-29.45932, -61.70419",Ruta,2,LOGROÑO,9 de Julio,Asfalto,Natural,XII,Dentro,Rural,Ninguna,No existe,Recta,Bueno,Buena,Diurna,Buen Tiempo,Múltiple,S/D,Colisión,Agua,Faltante,Línea divisoria pintada,Sin restricción
2018,1019,2018-02-17,Sabado,0,07:30:00,,0.0,2,"Moto/Ciclomotor,Automóvil",Belgrano Y E Aleman,2,1,0,0,1,0,0,"-29.46125,-60.212138888889",Calle,,VERA,Vera,Asfalto,No existe,XIX,Dentro,Urbana,Ninguna,No existe,Intersección,Bueno,Buena,Diurna,Buen Tiempo,Frontal,S/D,Colisión,Ninguna,Faltante,Ninguna,Sin restricción
2018,1020,2018-02-17,Sabado,0,16:00:00,,0.0,1,Moto/Ciclomotor,H Irigoyen Y 1ro de Mayo,1,1,0,0,0,0,0,"-29.460666666667,-60.208416666667",Calle,,VERA,Vera,Asfalto,No existe,XIX,Dentro,Urbana,Ninguna,No existe,Intersección,Bueno,Buena,Diurna,Buen Tiempo,Contra objeto fijo,S/D,Colisión,Ninguna,Faltante,Ninguna,Sin restricción
2018,1021,2018-02-22,Jueves,0,23:00:00,,0.0,2,"Moto/Ciclomotor,Pickup/Utilitario",Urquiza Y 25 de Mayo,4,1,1,0,2,0,0,"-29.459055555556,-60.219222222222",Calle,,VERA,Vera,"Asfalto,Ripio",No existe,XIX,Dentro,Urbana,Ninguna,No existe,Intersección,Bueno,Buena,Nocturna,Buen Tiempo,Frontal,S/D,Colisión,Ninguna,Faltante,Ninguna,Sin restricción
2018,1022,2018-02-27,Martes,0,21:45:00,Ruta Provincial 2,347.0,1,Camión, ,3,0,2,0,1,0,0,"-29.24898, -61.75997",Ruta,2,LOGROÑO,9 de Julio,Asfalto,Natural,XII,Fuera,Rural,Ninguna,No existe,Recta,Bueno,Reducida,Nocturna,Lluvia,S/D,S/D,Vuelco,Agua,Faltante,Línea divisoria pintada,Sin restricción
2018,1023,2018-02-28,Miercoles,0,20:20:00,,0.0,2,"Pickup/Utilitario,Moto/Ciclomotor",L de la Torre Y Urquiza,2,1,0,0,1,0,0,"-29.463361111111,-60.220083333333",Calle,,VERA,Vera,Asfalto,No existe,XIX,Dentro,Urbana,Ninguna,No existe,Intersección,Bueno,Buena,Atardecer,Buen Tiempo,Frontal,S/D,Colisión,Ninguna,Faltante,Ninguna,Sin restricción
2018,1024,2018-02-01,Jueves,0,08:15:00,,0.0,2,"Moto/Ciclomotor,Taxi/Remis",General Lopez Y Richieri,2,0,1,0,1,0,0,"-32.748722222222,-60.73525",Calle,,SAN LORENZO,San Lorenzo,Asfalto,No existe,XVII,S/D,Urbana,S/D,S/D,Intersección,S/D,S/D,S/D,S/D,Lateral,S/D,Colisión,S/D,S/D,Ninguna,S/D