anio_acci,nro_acci,fecha,desc_dia,fecha_aprox,hora_aprox,desc_ruta,km,cant_participantes,desc_participante,calle_avenida_km,total,heridos_leves,heridos_graves,heridos_gravisimos,ilesos,fallecidos,sin_datos,posicion_XY,desc_tipo_via,desc_ruta_ori,desc_loc,desc_dpto,desc_tipo_calzada,desc_tipo_banquina,desc_unidad_regional,desc_lugar_calzada,desc_zona,desc_prioridad,desc_estado_semaforo,desc_lugar_via,desc_estado_via,desc_estado_visibilidad,desc_luminosidad,desc_estado_clima,desc_tipo_colision,desc_tipo_atropello,desc_tipo_hecho,desc_pres_calzada,desc_senializacion,desc_separacion_via,desc_restriccion
2018,1025,2018-02-08,Jueves,0,16:25:00,,0.0,2,"Pickup/Utilitario,Moto/Ciclomotor",Agustin Justo Y Mitre,2,0,1,0,1,0,0,"-29.88442, -60.28874",Calle,,CALCHAQUÍ,Vera,Asfalto,Natural,XIX,Dentro,Urbana,Ninguna,No existe,Intersección,Bueno,Buena,Diurna,Buen Tiempo,Frontal,S/D,Colisión,Ninguna,Faltante,Ninguna,Sin restricción
2018,1026,2018-02-01,Jueves,0,22:30:00,,0.0,2,"Automóvil,Pickup/Utilitario",3 de Febrero 754,2,0,0,0,1,0,1,"-32.744,-60.735722222222",Calle,,SAN LORENZO,San Lorenzo,S/D,Ripio,XIII,S/D,Urbana,Ninguna,S/D,Recta,Otro,S/D,S/D,S/D,S/D,S/D,Colisión,Ninguna,Vertical,Ninguna,S/D
2018,1027,2018-02-22,Jueves,0,18:40:00,,0.0,2,"Pickup/Utilitario,Moto/Ciclomotor",Roque Saenz Pe?a Y 9 de Julio,3,2,0,0,1,0,0,"-29.88292, -60.28156",Calle,,CALCHAQUÍ,Vera,Ripio,Natural,XIX,Dentro,Urbana,Ninguna,No existe,Intersección,Deteriorada,Buena,Diurna,Buen Tiempo,Frontal,S/D,Colisión,Ninguna,Faltante,Ninguna,Sin restricción
2018,1028,2018-02-14,Miercoles,0,12:40:00,,0.0,2,"Bicicleta,Automóvil",Col?n Y 9 de Julio,2,1,0,0,1,0,0,"-29.6873, -60.25142",Calle,,MARGARITA,Vera,Hormigón,No existe,XIX,Dentro,Urbana,Ninguna,No existe,Intersección,Bueno,Buena,Diurna,Buen Tiempo,Frontal,Ciclista,Atropello,S/D,S/D,Ninguna,Sin restricción
2018,1029,2018-02-19,Lunes,0,16:30:00,,0.0,2,"Moto/Ciclomotor,Automóvil",Av Brasil Y Av Italia,2,0,1,0,1,0,0,"-31.245694444444,-61.476",Avenida,,RAFAELA,Castellanos,Asfalto,No existe,V,Dentro,Urbana,Semáforo,Funciona,Intersección,Bueno,Buena,Diurna,Buen Tiempo,Lateral,S/D,Colisión,Ninguna,Vertical,Ninguna,Sin restricción
2018,1030,2018-02-02,Viernes,0,15:30:00,Autopista Provincial Brigadier E.López,14.0,3,"Taxi/Remis,Automóvil,Moto/Ciclomotor",A Fernandez ,3,0,0,0,1,0,2,"-32.76288, -60.75216",Autopista,Brigadier E.López,SAN LORENZO,San Lorenzo,S/D,S/D,XVII,S/D,Urbana,Ninguna,S/D,Intersección,S/D,S/D,S/D,Otro,S/D,S/D,Colisión,S/D,S/D,Ninguna,S/D
2018,1031,2018-02-02,Viernes,0,21:30:00,,0.0,2,"Automóvil,Moto/Ciclomotor",S Gaboto Y Castelnovo,3,2,0,0,1,0,0,"-32.76401, -60.743",Calle,,SAN LORENZO,San Lorenzo,S/D,S/D,XVII,S/D,Urbana,S/D,S/D,Intersección,Otro,S/D,S/D,Otro,S/D,S/D,Colisión,Ninguna,Vertical,Ninguna,S/D
2018,1032,2018-02-03,Sabado,0,11:20:00,,0.0,2,"Automóvil,Automóvil",San Jose Y Republica del Pareguay,6,1,0,0,5,0,0,"-32.760805555556,-60.737555555556",Calle,,SAN LORENZO,San Lorenzo,S/D,S/D,XVII,S/D,Urbana,S/D,S/D,Intersección,Otro,S/D,S/D,Otro,S/D,S/D,Colisión,Ninguna,Vertical,Ninguna,S/D
2018,1033,2018-02-04,Domingo,0,22:00:00,,0.0,2,"Otros,Automóvil",Av San Martin 2300,5,2,0,0,3,0,0,"-32.739277777778,-60.733916666667",Calle,,SAN LORENZO,San Lorenzo,S/D,S/D,XVII,S/D,Urbana,S/D,S/D,S/D,S/D,S/D,S/D,S/D,S/D,S/D,S/D,S/D,S/D,S/D,S/D
2018,1034,2018-04-22,Domingo,0,17:05:00,,0.0,2,"Moto/Ciclomotor,Automóvil",Av San Martin Y Granadero Baigorria,3,1,1,0,1,0,0,"-32.734444444444,-60.733805555556",Avenida,,SAN LORENZO,San Lorenzo,Asfalto,No existe,XVII,S/D,Urbana,Ninguna,S/D,Recta,Bueno,S/D,Diurna,Buen Tiempo,Lateral,S/D,Colisión,Ninguna,S/D,Cordón divisorio,S/D
2018,1035,2018-04-24,Martes,0,19:20:00,,0.0,2,"Moto/Ciclomotor,Pickup/Utilitario",Clemente Albelo Y Francia,2,1,0,0,1,0,0,"-32.724416666667,-60.739194444444",Calle,,SAN LORENZO,San Lorenzo,Hormigón,No existe,XVII,Dentro,Urbana,S/D,No existe,Intersección,Bueno,Buena,Atardecer,S/D,S/D,S/D,Colisión,S/D,Faltante,Ninguna,S/D
2018,1036,2018-04-28,Sabado,0,08:15:00,,0.0,1,Moto/Ciclomotor,Sarmiento Y Clemente Albelo,2,1,1,0,0,0,0,"-32.731027777778,-60.740166666667",Calle,,SAN LORENZO,San Lorenzo,Hormigón,No existe,XVII,Dentro,Urbana,S/D,No existe,Intersección,S/D,Buena,Diurna,S/D,S/D,S/D,Caída ocupante,S/D,Faltante,Ninguna,S/D
2018,1037,2018-02-07,Miercoles,0,11:50:00,,0.0,2,"Automóvil,Moto/Ciclomotor",Silverio Cordoba Y B de Astrada,2,1,0,0,1,0,0,"-32.73508, -60.74251",Calle,,SAN LORENZO,San Lorenzo,S/D,S/D,XVII,S/D,Urbana,S/D,S/D,Intersección,Otro,S/D,S/D,Otro,S/D,S/D,Colisión,Ninguna,Vertical,Ninguna,S/D
2018,1038,2018-02-27,Martes,0,12:15:00,,0.0,2,"Moto/Ciclomotor,Automóvil",Av Cincuentenario Y 1 de Mayo,3,1,0,0,2,0,0,"-32.266050456721, -61.899381488447",Avenida,,MARÍA SUSANA,San Martín,Asfalto,S/D,XVIII,Dentro,Urbana,Ninguna,No existe,Intersección,Bueno,Buena,Diurna,Buen Tiempo,S/D,S/D,Colisión,Ninguna,Faltante,Ninguna,Sin restricción
2018,1039,2018-02-08,Jueves,0,09:30:00,,0.0,2,"Automóvil,Peatón",3 de Febrero Y Dorrego,2,1,0,0,0,0,1,"-32.743972222222,-60.737222222222",Calle,,SAN LORENZO,San Lorenzo,S/D,S/D,XVII,S/D,Urbana,Ninguna,S/D,Intersección,Otro,S/D,S/D,Otro,S/D,Peatón,Atropello,Ninguna,Vertical,Ninguna,S/D
2018,1040,2018-02-08,Jueves,0,15:30:00,,0.0,2,"Automóvil,Moto/Ciclomotor",Bv Oro?o Y C Vega,3,2,0,0,1,0,0,"-32.732388888889,-60.751388888889",Calle,,SAN LORENZO,San Lorenzo,S/D,S/D,XVII,S/D,Urbana,S/D,S/D,Otro,Otro,S/D,S/D,Otro,S/D,S/D,Colisión,Ninguna,Vertical,Ninguna,S/D
2018,1041,2018-02-22,Jueves,0,20:15:00,,0.0,2,"Moto/Ciclomotor,Bicicleta",Calle 9 Y Calle 14,3,2,0,0,1,0,0,"-31.822949502816, -62.108189151524",Calle,,LAS PETACAS,San Martín,Hormigón,No existe,XVIII,S/D,Urbana,Ninguna,No existe,Intersección,Deteriorada,Buena,"Nocturna,Con luz artificial",Buen Tiempo,Frontal,Ciclista,Atropello,Material Suelto,Faltante,Ninguna,Sin restricción
2018,1042,2018-02-08,Jueves,0,18:40:00,,0.0,2,"Pickup/Utilitario,Moto/Ciclomotor",Falucho Y General Lopez,6,0,0,0,0,0,6,"-32.737527777778,-60.734972222222",Calle,,SAN LORENZO,San Lorenzo,S/D,S/D,XVII,S/D,Urbana,S/D,S/D,S/D,S/D,S/D,S/D,S/D,S/D,S/D,S/D,S/D,S/D,S/D,S/D
2018,1043,2018-02-09,Viernes,0,12:00:00,,0.0,2,"Pickup/Utilitario,Moto/Ciclomotor",Entre Rios Y Irigoyen,2,1,0,0,0,0,1,"-32.743083333333,-60.736194444444",Calle,,SAN LORENZO,San Lorenzo,S/D,S/D,XVII,S/D,Urbana,S/D,S/D,Intersección,Otro,S/D,Diurna,Otro,S/D,S/D,Colisión,Ninguna,Vertical,Ninguna,S/D
2018,1044,2018-02-09,Viernes,0,23:40:00,,0.0,2,"Moto/Ciclomotor,Automóvil",Dorrego Y Tucuman,2,1,0,0,0,0,1,"-32.742166666667,-60.737166666667",Avenida,,SAN LORENZO,San Lorenzo,S/D,S/D,XVII,S/D,Urbana,S/D,S/D,Otro,Otro,S/D,S/D,Otro,Otro,S/D,Colisión,Otro,Vertical,Ninguna,S/D
2018,1045,2018-02-10,Sabado,0,22:30:00,,0.0,2,"Moto/Ciclomotor,Moto/Ciclomotor",P P Sellares Y Humberto Primero,2,1,0,0,1,0,0,"-31.103777777778,-60.0845",Avenida,,HELVECIA,Garay,Tierra,Natural,VII,Dentro,Urbana,Ninguna,No existe,Recta,Bueno,Reducida,Nocturna,Buen Tiempo,Lateral,S/D,Otro,Ninguna,Faltante,Ninguna,Sin restricción
2018,1046,2018-02-10,Sabado,0,23:25:00,,0.0,2,"Automóvil,Moto/Ciclomotor",Av San Martin Y Santiago del Estero,3,1,0,0,2,0,0,"-32.741333333333,-60.733972222222",Avenida,,SAN LORENZO,San Lorenzo,S/D,S/D,XVII,S/D,Urbana,Ninguna,S/D,Otro,Otro,S/D,S/D,Otro,Otro,S/D,Colisión,Ninguna,Vertical,Ninguna,S/D
2018,1047,2018-02-02,Viernes,0,12:30:00,,0.0,2,"Moto/Ciclomotor,Automóvil",Senador Dr Armando Antille Y Chacabuco,3,2,0,0,1,0,0,"-31.096916666667,-60.087083333333",Calle,,HELVECIA,Garay,Arena,Natural,VII,Dentro,Urbana,Ninguna,No existe,Intersección,Bueno,Buena,Diurna,Buen Tiempo,De alcance,S/D,Colisión,Ninguna,Faltante,Ninguna,Sin restricción
2018,1048,2018-02-11,Domingo,0,01:45:00,,0.0,2,"Bicicleta,Automóvil",Urquiza 2200,4,2,0,0,0,0,2,"-32.747416666667,-60.752166666667",Calle,,SAN LORENZO,San Lorenzo,S/D,S/D,XVII,S/D,Urbana,Ninguna,S/D,Otro,S/D,S/D,S/D,Otro,S/D,Ciclista,Atropello,Ninguna,Vertical,Ninguna,S/D
2018,1049,2018-02-13,Martes,0,23:10:00,,0.0,2,"Moto/Ciclomotor,Automóvil",Pbro Marozi Y A Rossi,3,1,1,0,1,0,0,"-31.42071, -60.33339",S/D,,SANTA ROSA DE CALCHINES,Garay,Asfalto,Pavimento,VII,S/D,Urbana,Ninguna,No existe,Intersección,Bueno,Buena,Nocturna,Buen Tiempo,Frontal,S/D,Colisión,Ninguna,Vertical,Ninguna,Sin restricción
2018,1050,2018-02-11,Domingo,0,09:10:00,,0.0,1,Moto/Ciclomotor,Velez Sarsfield Y Gdor Saavedra - Ruta 12,1,1,0,0,0,0,0,"-32.767944444444,-60.734277777778",Calle,,SAN LORENZO,San Lorenzo,S/D,S/D,XVII,S/D,Urbana,Ninguna,S/D,Otro,Otro,S/D,S/D,Otro,Otro,S/D,Vuelco,Ninguna,S/D,Ninguna,S/D
2018,1051,2018-02-11,Domingo,0,16:50:00,,0.0,2,"Pickup/Utilitario,Moto/Ciclomotor",Dorrego Y Santiago del Estero,3,3,0,0,0,0,0,"-32.741277777778,-60.737138888889",Calle,,SAN LORENZO,San Lorenzo,S/D,S/D,XVII,S/D,Urbana,S/D,S/D,S/D,S/D,S/D,Atardecer,S/D,S/D,S/D,S/D,Ninguna,Vertical,Ninguna,S/D
2018,1052,2018-02-17,Sabado,0,21:45:00,,0.0,2,"Moto/Ciclomotor,Automóvil",MARIANO CABAL Y PALACIO D. PEREZ,3,0,1,0,2,0,0,"-30.880123655869, -60.034792386507",Calle,,SALADERO CABAL,Garay,Tierra,No existe,VIII,Dentro,Urbana,Ninguna,No existe,Intersección,Bueno,Buena,Con luz artificial,Buen Tiempo,Lateral,S/D,Colisión,Ninguna,Faltante,Ninguna,Sin restricción
2018,1053,2018-02-18,Domingo,0,21:00:00,Ruta Provincial 1,26.0,1,Pickup/Utilitario, ,2,1,1,0,0,0,0,"-31.491276046333, -60.432933262228",Ruta,1,LOS ZAPALLOS,Garay,Asfalto,Natural,VII,Dentro,Urbana,Marca Vial,No existe,Curva,Bueno,Reducida,Nocturna,Buen Tiempo,Atropello animal,S/D,Colisión,Ninguna,Faltante,Línea divisoria pintada,Sin restricción
2018,1054,2018-02-11,Domingo,0,10:20:00,Autopista Provincial Brigadier E.López,14.0,2,"Camión Chasis,Pickup/Utilitario", ,6,5,0,0,1,0,0,"-32.75739, -60.75456",Autopista,Brigadier E.López,SAN LORENZO,San Lorenzo,S/D,S/D,XVII,S/D,Urbana,S/D,S/D,Otro,S/D,S/D,S/D,S/D,S/D,S/D,S/D,S/D,S/D,S/D,S/D
2018,1055,2018-02-17,Sabado,0,20:00:00,Ruta Provincial 1,71.0,1,Moto/Ciclomotor, ,1,0,1,0,0,0,0,"-31.20062, -60.16001",Ruta,1,CAYASTA,Garay,Asfalto,Natural,VII,Dentro,Urbana,Otra Señal,Intermitente,Recta,Bueno,Buena,"Nocturna,Con luz artificial",Buen Tiempo,S/D,S/D,Caída ocupante,Ninguna,Vertical,Línea divisoria pintada,Sin restricción
2018,1056,2018-02-15,Jueves,0,11:30:00,,0.0,2,"Automóvil,Automóvil",Dr Ghio Y General Lopez,2,1,0,0,0,0,1,"-32.749638888889,-60.735277777778",Calle,,SAN LORENZO,San Lorenzo,S/D,S/D,XVII,S/D,Urbana,S/D,S/D,S/D,S/D,S/D,Diurna,S/D,S/D,S/D,S/D,S/D,S/D,S/D,S/D
2018,1057,2018-02-17,Sabado,0,05:10:00,,0.0,1,Moto/Ciclomotor,San Juan Y Luis Braille,1,1,0,0,0,0,0,"-32.751388888889,-60.740111111111",Calle,,SAN LORENZO,San Lorenzo,S/D,S/D,XVII,S/D,Urbana,S/D,S/D,S/D,S/D,S/D,S/D,S/D,S/D,S/D,S/D,S/D,S/D,S/D,S/D
2018,1058,2018-02-12,Lunes,0,19:45:00,Ruta Provincial 1,71.0,2,"Peatón,Pickup/Utilitario", ,2,1,0,0,1,0,0,"-31.2012, -60.16027",Ruta,1,CAYASTA,Garay,Asfalto,Natural,VII,Fuera,Urbana,Ninguna,No existe,Recta,Bueno,Buena,"Diurna,Con luz artificial",Buen Tiempo,S/D,Peatón,Atropello,Ninguna,Vertical,Línea divisoria pintada,Sin restricción
2018,1059,2018-02-18,Domingo,0,,Ruta Provincial Brigadier E.López,16.0,1,Automóvil, ,2,0,0,0,0,0,2,"-32.73902, -60.76293",Ruta,Brigadier E.López,SAN LORENZO,San Lorenzo,S/D,S/D,XVII,S/D,S/D,S/D,S/D,S/D,S/D,S/D,S/D,S/D,S/D,S/D,S/D,S/D,S/D,S/D,S/D
2018,1060,2018-02-01,Jueves,0,21:00:00,Ruta Provincial 1,72.0,1,Moto/Ciclomotor, ,2,1,0,0,1,0,0,"-31.19716, -60.15872",Ruta,1,CAYASTA,Garay,Asfalto,Natural,VII,Fuera,Urbana,Ninguna,No existe,Recta,Bueno,Buena,"Nocturna,Con luz artificial",Buen Tiempo,S/D,S/D,Caída ocupante,Ninguna,Vertical,Línea divisoria pintada,Sin restricción
2018,1061,2018-02-19,Lunes,0,12:30:00,,0.0,1,Moto/Ciclomotor,B de Astrada Y Morris W,1,1,0,0,0,0,0,"-32.738277777778,-60.744666666667",Calle,,SAN LORENZO,San Lorenzo,S/D,S/D,XVII,S/D,Urbana,S/D,S/D,S/D,S/D,S/D,Diurna,S/D,S/D,S/D,S/D,S/D,S/D,S/D,S/D
2018,1062,2018-02-21,Miercoles,0,21:00:00,,0.0,2,"Moto/Ciclomotor,Automóvil",9 de Julio Y Av Carlos A Poucel,2,1,0,0,1,0,0,"-32.737861111111,-60.738138888889",Calle,,SAN LORENZO,San Lorenzo,S/D,S/D,XVII,S/D,Urbana,S/D,S/D,S/D,S/D,S/D,Nocturna,S/D,S/D,S/D,S/D,S/D,S/D,S/D,S/D
2018,1063,2018-02-22,Jueves,0,10:30:00,,0.0,2,"Automóvil,Moto/Ciclomotor",General Lopez Y Rivadavia,2,1,0,0,1,0,0,"-32.750555555556,-60.735305555556",Calle,,SAN LORENZO,San Lorenzo,S/D,S/D,XVII,S/D,Urbana,S/D,S/D,Otro,S/D,S/D,Diurna,S/D,S/D,S/D,S/D,S/D,S/D,S/D,S/D
2018,1064,2018-02-08,Jueves,0,19:00:00,,0.0,2,"Automóvil,Moto/Ciclomotor",Av San Lorenzo Y Carlos Pellegrini,3,1,1,0,1,0,0,"-32.82975,-60.712277777778",Avenida,,CAPITÁN BERMÚDEZ,San Lorenzo,Asfalto,Pavimento,XVII,Dentro,Urbana,S/D,S/D,Intersección,Bueno,Buena,Nocturna,Buen Tiempo,S/D,S/D,Colisión,Ninguna,S/D,Línea divisoria pintada,S/D
2018,1065,2018-02-23,Viernes,0,09:30:00,,0.0,2,"Bicicleta,Pickup/Utilitario",Tte. roca Y Urquiza,2,1,0,0,1,0,0,"-32.74764, -60.73948",Calle,,SAN LORENZO,San Lorenzo,S/D,S/D,XVII,S/D,Urbana,S/D,S/D,S/D,S/D,S/D,Diurna,S/D,S/D,S/D,S/D,S/D,S/D,S/D,S/D
2018,1066,2018-02-10,Sabado,0,14:00:00,,0.0,2,"Moto/Ciclomotor,Automóvil",Malvinas Argentinas Y Plumerillo,3,2,0,0,1,0,0,"-32.800805555556,-60.724805555556",Calle,,CAPITÁN BERMÚDEZ,San Lorenzo,Asfalto,S/D,XVII,Dentro,Urbana,S/D,S/D,Intersección,Bueno,Buena,Diurna,Buen Tiempo,S/D,S/D,Colisión,S/D,S/D,S/D,S/D
2018,1067,2018-02-25,Domingo,0,05:35:00,Ruta Nacional 11,0.0,2,"Automóvil,Moto/Ciclomotor",Ruta Nac 11 Y N Pe?a,2,1,0,0,1,0,0,"-32.772861111111,-60.729333333333",Ruta,11,SAN LORENZO,San Lorenzo,S/D,S/D,XVII,S/D,S/D,S/D,S/D,S/D,S/D,S/D,S/D,S/D,S/D,S/D,S/D,S/D,S/D,S/D,S/D
2018,1068,2018-02-11,Domingo,0,08:00:00,,0.0,2,"Automóvil,Moto/Ciclomotor",Av Gral Lopez Y 2 de Abril,3,2,0,0,1,0,0,"-32.813277777778,-60.719416666667",Calle,,CAPITÁN BERMÚDEZ,San Lorenzo,S/D,S/D,XVII,Dentro,Urbana,S/D,S/D,Intersección,Bueno,S/D,Diurna,S/D,S/D,S/D,S/D,S/D,S/D,S/D,S/D
2018,1069,2018-02-27,Martes,0,08:30:00,,0.0,2,"Peatón,Moto/Ciclomotor",Ayohuma Y Bateria Libertad,2,1,0,0,1,0,0,"-32.759527777778,-60.740055555556",Calle,,SAN LORENZO,San Lorenzo,S/D,S/D,XVII,S/D,Urbana,S/D,S/D,S/D,S/D,S/D,S/D,S/D,S/D,S/D,S/D,S/D,S/D,S/D,S/D
2018,1070,2018-02-28,Miercoles,0,08:50:00,,0.0,2,"Automóvil,Moto/Ciclomotor",Tte. roca Y Entre Rios,2,1,0,0,1,0,0,"-32.743027777778,-60.739361111111",Calle,,SAN LORENZO,San Lorenzo,S/D,S/D,XVII,S/D,Urbana,S/D,S/D,S/D,S/D,S/D,S/D,S/D,S/D,S/D,S/D,S/D,S/D,S/D,S/D
2018,1071,2018-02-21,Miercoles,0,10:20:00,,0.0,2,"Moto/Ciclomotor,Automóvil",Av San Lorenzo Y Pte Peron,2,2,0,0,0,0,0,"-32.822138888889,-60.714638888889",S/D,,CAPITÁN BERMÚDEZ,San Lorenzo,Asfalto,S/D,XVII,Dentro,Urbana,S/D,S/D,Intersección,Bueno,Buena,Diurna,Buen Tiempo,S/D,S/D,Colisión,S/D,S/D,Línea divisoria pintada,S/D
2018,1072,2018-02-27,Martes,0,,Autopista Provincial Brigadier E.López,8.0,2,"Automóvil,Otros", ,2,1,0,0,1,0,0,"-32.81497, -60.74134",Autopista,Brigadier E.López,CAPITÁN BERMÚDEZ,San Lorenzo,S/D,S/D,XVII,Dentro,Urbana,S/D,S/D,Recta,S/D,Reducida,Con luz artificial,S/D,S/D,S/D,Colisión,S/D,S/D,S/D,S/D
2018,1073,2018-02-28,Miercoles,0,19:55:00,,0.0,2,"Automóvil,Moto/Ciclomotor",L N Alem Y Dorrego,3,2,0,0,1,0,0,"-32.73883, -60.73689",Calle,,SAN LORENZO,San Lorenzo,S/D,S/D,XVII,S/D,Urbana,S/D,S/D,S/D,S/D,S/D,S/D,S/D,S/D,S/D,S/D,S/D,S/D,S/D,S/D
2018,1074,2018-02-28,Miercoles,0,23:30:00,,0.0,2,"Otros,Moto/Ciclomotor",Av San Lorenzo Y Parana,3,1,1,0,1,0,0,"-32.827583333333,-60.712944444444",Calle,,CAPITÁN BERMÚDEZ,San Lorenzo,Asfalto,S/D,XVII,Dentro,Urbana,S/D,No existe,Intersección,Bueno,Buena,Nocturna,S/D,S/D,S/D,Colisión,Ninguna,S/D,S/D,S/D
2018,1075,2018-02-08,Jueves,0,18:00:00,,0.0,2,"Automóvil,Moto/Ciclomotor",La Plata Y Moreno,2,2,0,0,0,0,0,"-32.86057, -61.14618",S/D,,CARCARAÑÁ,San Lorenzo,Asfalto,Pavimento,XVII,S/D,S/D,S/D,No existe,Intersección,Bueno,Buena,Atardecer,Buen Tiempo,S/D,S/D,S/D,Ninguna,S/D,S/D,S/D
2018,1076,2018-02-22,Jueves,0,12:01:00,,0.0,2,"Moto/Ciclomotor,Automóvil",Pte Hipolito Irigoyen Y Iguazu,2,1,0,0,1,0,0,"-32.70638, -60.74704",Calle,,PUERTO SAN MARTÍN,San Lorenzo,Asfalto,Natural,XVII,S/D,Urbana,Ninguna,No existe,Intersección,Deteriorada,Buena,Diurna,Buen Tiempo,Lateral,S/D,Colisión,Ninguna,Horizontal,Ninguna,Sin restricción
2018,1077,2018-02-16,Viernes,0,23:40:00,,0.0,2,"Moto/Ciclomotor,Automóvil",Juan Semino ,2,1,0,0,1,0,0,"-32.86127, -61.15745",S/D,,CARCARAÑÁ,San Lorenzo,Asfalto,Natural,XVII,S/D,Urbana,S/D,No existe,Recta,Bueno,Buena,Nocturna,Buen Tiempo,S/D,S/D,Colisión,Ninguna,S/D,S/D,S/D
2018,1078,2018-02-19,Lunes,0,13:30:00,Ruta Nacional 11,0.0,3,"Moto/Ciclomotor,Pickup/Utilitario,Camión c / Acoplado",Ruta Nac 11 Y Cordoba,4,2,0,0,2,0,0,"-32.71301, -60.7572",Ruta,11,PUERTO SAN MARTÍN,San Lorenzo,Asfalto,Natural,XVII,Dentro,Urbana,Ninguna,No existe,Intersección,Ahuellamiento,Buena,Diurna,Buen Tiempo,De alcance,S/D,Colisión,Ninguna,Horizontal,Ninguna,Sin restricción
2018,1080,2018-02-14,Miercoles,0,09:40:00,,0.0,2,"Automóvil,Pickup/Utilitario",F S M de Oro Y Monteagudo,2,1,0,0,1,0,0,"-32.78141, -60.73418",Calle,,FRAY LUIS BELTRÁN,San Lorenzo,Ripio,S/D,XVII,Dentro,Urbana,Ninguna,S/D,Intersección,"Con baches,Resbaladiza",S/D,S/D,Buen Tiempo,Lateral,S/D,Colisión,Ninguna,Faltante,Ninguna,Sin restricción
2018,1081,2018-02-20,Martes,0,11:40:00,,0.0,2,"Moto/Ciclomotor,Automóvil",Cordoba Y Reconquista,2,2,0,0,0,0,0,"-32.7162, -60.73848",Avenida,,PUERTO SAN MARTÍN,San Lorenzo,Asfalto,No existe,XVII,Dentro,Urbana,Ninguna,No existe,Intersección,Bueno,Buena,Diurna,Buen Tiempo,Lateral,S/D,Colisión,Ninguna,Horizontal,Ninguna,Sin restricción
2018,1082,2018-02-18,Domingo,0,19:05:00,,0.0,2,"Automóvil,Moto/Ciclomotor",Roca Y El Ceibo,2,1,0,0,1,0,0,"-32.70519, -60.76722",Calle,,PUERTO SAN MARTÍN,San Lorenzo,S/D,No existe,XVII,Dentro,Urbana,Policía de tránsito,No existe,Intersección,Bueno,Buena,Diurna,Buen Tiempo,Lateral,S/D,Colisión,Ninguna,Faltante,Ninguna,Sin restricción
2018,1083,2018-02-27,Martes,0,21:20:00,,0.0,2,"Pickup/Utilitario,Moto/Ciclomotor",Av San Martin Y Guayaquil,2,1,0,0,1,0,0,"-32.78694, -60.72514",Avenida,,FRAY LUIS BELTRÁN,San Lorenzo,S/D,S/D,XVII,Dentro,Urbana,S/D,S/D,Intersección,S/D,S/D,S/D,S/D,S/D,S/D,S/D,S/D,S/D,S/D,S/D
2018,1084,2018-02-16,Viernes,0,12:50:00,,0.0,2,"Pickup/Utilitario,Moto/Ciclomotor",Cordoba Y J B Alberdi,3,2,0,0,1,0,0,"-32.71767, -60.73006",Calle,,PUERTO SAN MARTÍN,San Lorenzo,Asfalto,No existe,XVII,S/D,Urbana,Ninguna,No existe,Intersección,Bueno,Buena,Diurna,Buen Tiempo,Lateral,S/D,Colisión,Ninguna,Faltante,Ninguna,Sin restricción
2018,1085,2018-02-11,Domingo,0,04:10:00,Autopista Provincial Brigadier E.López,11.0,2,"Automóvil,Automóvil", ,2,1,0,0,1,0,0,"-32.78359, -60.74529",Autopista,Brigadier E.López,FRAY LUIS BELTRÁN,San Lorenzo,Asfalto,Pavimento,XVII,Dentro,Rural,Ninguna,No existe,Recta,Bueno,Reducida,Nocturna,Buen Tiempo,Frontal,S/D,Colisión,Ninguna,Faltante,"Vegetación,Línea divisoria pintada",Sin restricción
2018,1086,2018-02-11,Domingo,0,02:30:00,Ruta Nacional 11,0.0,2,"Moto/Ciclomotor,Moto/Ciclomotor",Ruta Nac 11 Y Corrientes,2,2,0,0,0,0,0,"-32.71091, -60.75872",Ruta,11,SAN LORENZO,San Lorenzo,Asfalto,Natural,XVII,Dentro,Rural,Ninguna,No existe,Intersección,Ahuellamiento,Reducida,Nocturna,Buen Tiempo,S/D,S/D,Colisión,Ninguna,Horizontal,Ninguna,Sin restricción
2018,1087,2018-02-02,Viernes,0,18:20:00,,0.0,2,"Moto/Ciclomotor,Moto/Ciclomotor",Ruta Nac 11 Y Pte Juan D Peron,3,1,0,0,0,0,2,"-32.69053, -60.77465",Calle,,PUERTO SAN MARTÍN,San Lorenzo,Asfalto,Ripio,XVII,S/D,Urbana,Policía de tránsito,No existe,Intersección,Con baches,Buena,Diurna,Buen Tiempo,Lateral,S/D,Colisión,Ninguna,Faltante,Ninguna,Sin restricción
2018,1088,2018-02-10,Sabado,0,04:30:00,,0.0,1,Automóvil,Av San Martin Y Pte Illia -Ex. Entre Rios,1,1,0,0,0,0,0,"-32.80114, -60.72035",Calle,,FRAY LUIS BELTRÁN,San Lorenzo,Asfalto,No existe,XVII,Dentro,Urbana,Ninguna,No existe,Curva,Bueno,Reducida,Nocturna,Buen Tiempo,Lateral,S/D,Vuelco,Ninguna,Faltante,Ninguna,Sin restricción
2018,1089,2018-02-09,Viernes,0,19:20:00,,0.0,2,"Automóvil,Moto/Ciclomotor",Belgrano Y 9 de Julio,2,1,0,0,1,0,0,"-32.78241,-60.72536",Calle,,FRAY LUIS BELTRÁN,San Lorenzo,Asfalto,No existe,XVII,Dentro,Urbana,Ninguna,No existe,Intersección,Bueno,Buena,Diurna,Buen Tiempo,Lateral,S/D,Colisión,Ninguna,Faltante,Ninguna,Sin restricción
2018,1090,2018-02-24,Sabado,0,18:30:00,,0.0,2,"Automóvil,Peatón",Boulevard Tierra de Sue?os Y Nelson Mandela,3,2,0,0,1,0,0,"-32.93777, -60.88072",Calle,,ROLDÁN,San Lorenzo,Asfalto,No existe,XVII,Dentro,Urbana,Ninguna,No existe,Intersección,Bueno,Buena,Diurna,Buen Tiempo,Contra objeto fijo,Peatón,Atropello,Ninguna,Faltante,Ninguna,Sin restricción
2018,1091,2018-02-06,Martes,0,18:20:00,,0.0,2,"Moto/Ciclomotor,Camión Chasis",Sarmiento Y Santa Fe,2,1,0,0,1,0,0,"-32.789974346030, -60.725758977957",Calle,,FRAY LUIS BELTRÁN,San Lorenzo,Asfalto,No existe,XVII,Dentro,Urbana,Ninguna,S/D,Intersección,Bueno,S/D,S/D,Buen Tiempo,Frontal,S/D,Colisión,Ninguna,Faltante,Ninguna,Sin restricción