anio_acci,nro_acci,fecha,desc_dia,fecha_aprox,hora_aprox,desc_ruta,km,cant_participantes,desc_participante,calle_avenida_km,total,heridos_leves,heridos_graves,heridos_gravisimos,ilesos,fallecidos,sin_datos,posicion_XY,desc_tipo_via,desc_ruta_ori,desc_loc,desc_dpto,desc_tipo_calzada,desc_tipo_banquina,desc_unidad_regional,desc_lugar_calzada,desc_zona,desc_prioridad,desc_estado_semaforo,desc_lugar_via,desc_estado_via,desc_estado_visibilidad,desc_luminosidad,desc_estado_clima,desc_tipo_colision,desc_tipo_atropello,desc_tipo_hecho,desc_pres_calzada,desc_senializacion,desc_separacion_via,desc_restriccion
2018,1092,2018-02-23,Viernes,0,17:45:00,,0.0,2,"Automóvil,Moto/Ciclomotor",Bv San Martin Y Amenabar,2,1,0,0,1,0,0,"-32.90129, -60.90199",Calle,,ROLDÁN,San Lorenzo,Asfalto,No existe,XVII,Dentro,Urbana,Ninguna,No existe,Intersección,Bueno,Buena,Diurna,Buen Tiempo,Lateral,S/D,Colisión,Ninguna,Faltante,Ninguna,Sin restricción
2018,1093,2018-02-20,Martes,0,13:45:00,Ruta Nacional 9,0.0,2,"Pickup/Utilitario,Moto/Ciclomotor",Ruta Nacional 9 Y Amenabar,2,1,0,0,1,0,0,"-32.90648, -60.9033",Ruta,9,ROLDÁN,San Lorenzo,Asfalto,Ripio,XVII,Dentro,Urbana,Ninguna,No existe,Intersección,Bueno,Buena,Diurna,Buen Tiempo,Lateral,S/D,Colisión,Ninguna,Horizontal,Ninguna,Sin restricción
2018,1094,2018-02-06,Martes,0,09:00:00,Ruta Nacional 11,0.0,2,"Moto/Ciclomotor,Pickup/Utilitario",AV SAN MARTIN Y LELEU,2,1,0,0,1,0,0,"-32.789808182385, -60.724121951956",Ruta,11,FRAY LUIS BELTRÁN,San Lorenzo,Asfalto,Pavimento,XVII,Dentro,Urbana,Ninguna,Intermitente,Curva,Bueno,Buena,Diurna,Buen Tiempo,Lateral,S/D,Colisión,Ninguna,Faltante,Ninguna,Sin restricción
2018,1095,2018-02-03,Sabado,0,22:30:00,Ruta Nacional 11,0.0,2,"Moto/Ciclomotor,Moto/Ciclomotor",AV SAN MARTIN Y LELEU,2,2,0,0,0,0,0,"-32.789808182385, -60.724121951956",Ruta,11,FRAY LUIS BELTRÁN,San Lorenzo,Asfalto,Pavimento,XVII,Dentro,Urbana,Ninguna,No existe,Intersección,Bueno,Buena,Nocturna,Buen Tiempo,Lateral,S/D,Colisión,Ninguna,Faltante,Ninguna,Sin restricción
2018,1096,2018-02-18,Domingo,0,21:05:00,Autopista Nacional Rosario -Cordoba,316.0,1,Pickup/Utilitario, ,2,1,0,0,1,0,0,"-32.8968, -61.0555",Autopista,Rosario -Córdoba,ROLDÁN,San Lorenzo,Asfalto,Natural,XVII,Dentro,Rural,Ninguna,No existe,Recta,Con baches,Buena,Nocturna,Buen Tiempo,S/D,S/D,Vuelco,Ninguna,Horizontal,Ninguna,Sin restricción
2018,1097,2018-02-11,Domingo,0,10:38:00,Ruta Nacional 11,0.0,2,"Moto/Ciclomotor,Automóvil",Av San Martin 3170,3,2,0,0,1,0,0,"-32.730194444444,-60.733333333333",Ruta,11,SAN LORENZO,San Lorenzo,Hormigón,S/D,XVII,S/D,Urbana,S/D,S/D,Recta,Bueno,S/D,Diurna,S/D,S/D,S/D,S/D,Ninguna,S/D,S/D,S/D
2018,1098,2018-02-17,Sabado,0,12:55:00,,0.0,2,"Automóvil,Moto/Ciclomotor",1 de Mayo Y Santiago,3,2,0,0,1,0,0,"-32.9017, -60.91062",Calle,,ROLDÁN,San Lorenzo,Asfalto,No existe,XVII,Dentro,Urbana,Ninguna,No existe,Intersección,Bueno,Buena,Diurna,Buen Tiempo,Lateral,S/D,Colisión,Ninguna,Horizontal,Ninguna,Sin restricción
2018,1099,2018-02-12,Lunes,0,17:50:00,,0.0,2,"Automóvil,Moto/Ciclomotor",Granadero Baigorria Y Islas Malvinas,2,1,0,0,1,0,0,"-32.733416666667,-60.739555555556",Calle,,SAN LORENZO,San Lorenzo,Asfalto,Natural,XVII,S/D,Urbana,S/D,No existe,Intersección,Bueno,Buena,Diurna,S/D,Lateral,S/D,Colisión,Ninguna,S/D,S/D,S/D
2018,1100,2018-02-17,Sabado,0,16:00:00,,0.0,2,"Pickup/Utilitario,Moto/Ciclomotor",Almte Brown Y San Juan,2,1,0,0,1,0,0,"-32.89624, -60.90784",Calle,,ROLDÁN,San Lorenzo,Asfalto,No existe,XVII,Dentro,Urbana,Ninguna,No existe,Intersección,Bueno,Buena,Diurna,Buen Tiempo,Lateral,S/D,Colisión,Ninguna,Horizontal,Ninguna,Sin restricción
2018,1101,2018-02-17,Sabado,0,12:30:00,,0.0,2,"Automóvil,Moto/Ciclomotor",Rio Parana Y Rio Cuarto,2,1,0,0,1,0,0,"-32.90291, -60.88817",Calle,,ROLDÁN,San Lorenzo,Tierra,Natural,XVII,S/D,Urbana,Ninguna,No existe,Intersección,Bueno,Buena,Diurna,Buen Tiempo,S/D,S/D,Colisión,Ninguna,Faltante,Ninguna,Sin restricción
2018,1102,2018-02-26,Lunes,0,18:25:00,Ruta Nacional 11,0.0,2,"Automóvil,Moto/Ciclomotor",Av San Martin Y Falucho,4,3,0,0,1,0,0,"-32.737722222222,-60.733888888889",Ruta,11,SAN LORENZO,San Lorenzo,Asfalto,S/D,XVII,S/D,Urbana,S/D,S/D,Intersección,Bueno,S/D,S/D,S/D,S/D,S/D,Colisión,Ninguna,Horizontal,S/D,S/D
2018,1103,2018-02-16,Viernes,0,,Ruta Nacional 9,0.0,2,"Moto/Ciclomotor,Camión c / Acoplado",Catamarca 1364,2,1,0,0,1,0,0,"-32.90384, -60.91805",Ruta,9,ROLDÁN,San Lorenzo,Asfalto,Ripio,XVII,Dentro,Urbana,Ninguna,No existe,Recta,Bueno,Buena,Diurna,Buen Tiempo,De alcance,S/D,Colisión,Ninguna,Horizontal,Ninguna,Sin restricción
2018,1104,2018-02-27,Martes,0,18:50:00,,0.0,1,Moto/Ciclomotor,Clemente Albelo Y Genaro ROLDÁN,2,2,0,0,0,0,0,"-32.731861111111,-60.740305555556",S/D,,SAN LORENZO,San Lorenzo,Asfalto,S/D,XVII,S/D,S/D,S/D,S/D,Intersección,Bueno,Buena,Atardecer,S/D,Atropello animal,S/D,Colisión,Ninguna,S/D,S/D,S/D
2018,1105,2018-02-12,Lunes,0,17:00:00,,0.0,2,"Automóvil,Moto/Ciclomotor",Larrea Y Urquiza,3,2,0,0,1,0,0,"-32.90736, -60.90922",Calle,,ROLDÁN,San Lorenzo,Asfalto,No existe,XVII,Dentro,Urbana,Ninguna,No existe,Intersección,Bueno,Buena,Diurna,Buen Tiempo,Lateral,S/D,Colisión,Ninguna,Faltante,Ninguna,Sin restricción
2018,1106,2018-02-11,Domingo,0,12:15:00,Autopista Nacional Rosario -Cordoba,316.0,2,"Automóvil,Camión Chasis", ,6,3,0,0,3,0,0,"-32.89745, -61.05297",Autopista,Rosario -Córdoba,ROLDÁN,San Lorenzo,Asfalto,Natural,XVII,Dentro,Rural,Ninguna,No existe,Recta,Bueno,Buena,Diurna,Buen Tiempo,Lateral,S/D,Colisión,Ninguna,Faltante,Ninguna,Sin restricción
2018,1107,2018-02-10,Sabado,0,21:50:00,Ruta Nacional 9,0.0,2,"Automóvil,Automóvil",NAPOLES ,7,1,0,0,6,0,0,"-32.88457, -61.02581",Ruta,9,SAN JERÓNIMO SUR,San Lorenzo,S/D,Pavimento,XVII,Dentro,Urbana,Señal Pare,No existe,Intersección,Bueno,Buena,"Nocturna,Con luz artificial",Buen Tiempo,Lateral,S/D,Colisión,S/D,"Horizontal,Vertical",Línea divisoria pintada,Sin restricción
2018,1108,2018-02-05,Lunes,0,13:50:00,Autopista Nacional Rosario -Cordoba,316.0,2,"Automóvil,Camión c / Acoplado", ,4,1,0,0,3,0,0,"-32.89745, -61.05297",Autopista,Rosario -Córdoba,ROLDÁN,San Lorenzo,Asfalto,Natural,XVII,Dentro,Rural,Ninguna,No existe,Recta,Bueno,Buena,Diurna,Buen Tiempo,Lateral,S/D,Colisión,Ninguna,Horizontal,Ninguna,Sin restricción
2018,1109,2018-02-04,Domingo,0,17:00:00,Ruta Nacional A012,32.0,1,Moto/Ciclomotor, ,2,2,0,0,0,0,0,"-32.78996, -60.81214",Ruta,A012,ROLDÁN,San Lorenzo,Asfalto,Ripio,XVII,Dentro,Rural,Ninguna,No existe,Recta,Bueno,Buena,Diurna,Buen Tiempo,Otro,S/D,Despiste,Ninguna,Faltante,Ninguna,Sin restricción
2018,1110,2018-02-11,Domingo,0,23:55:00,,0.0,2,"Automóvil,Moto/Ciclomotor",1? DE JUNIO Y HAMBURGO,2,1,0,0,1,0,0,"-32.88162, -61.02009",Calle,,SAN JERÓNIMO SUR,San Lorenzo,Asfalto,No existe,XVII,Dentro,Urbana,Ninguna,No existe,Intersección,Bueno,Buena,"Nocturna,Con luz artificial",Buen Tiempo,Lateral,S/D,Colisión,Ninguna,Vertical,Ninguna,Sin restricción
2018,1111,2018-02-05,Lunes,0,18:40:00,,0.0,2,"Automóvil,Automóvil",Espa?a Y Timbues,6,4,1,0,1,0,0,"-32.67105, -60.79601",Camino Rural,,TIMBÚES,San Lorenzo,Tierra,No existe,XVII,S/D,Urbana,Ninguna,No existe,Intersección,Con baches,Reducida polvo,Diurna,Buen Tiempo,De alcance,S/D,Colisión,Ninguna,Faltante,Ninguna,Sin restricción
2018,1112,2018-02-26,Lunes,0,19:45:00,,334.0,2,"Automóvil,Automóvil", ,2,1,0,0,1,0,0,"-32.666480634598, -60.793257143615",Calle,,TIMBÚES,San Lorenzo,Asfalto,Ripio,XVII,Dentro,Urbana,Ninguna,No existe,Recta,Bueno,Buena,Nocturna,Buen Tiempo,De alcance,S/D,Colisión,Ninguna,Vertical,Ninguna,Sin restricción
2018,1113,2018-02-04,Domingo,0,01:40:00,Ruta Nacional 11,0.0,2,"Moto/Ciclomotor,Automóvil",MILANESE ,2,1,0,0,1,0,0,"-32.6721, -60.78865",Ruta,11,TIMBÚES,San Lorenzo,Asfalto,Ripio,XVII,Dentro,Urbana,Ninguna,No existe,Intersección,Bueno,Buena,Nocturna,Buen Tiempo,De alcance,S/D,Colisión,Ninguna,Vertical,Ninguna,Sin restricción
2018,1114,2018-02-17,Sabado,0,23:00:00,Ruta Nacional 11,338.0,2,"Automóvil,Moto/Ciclomotor",Ruta Nac 11 Y Av Brig Lopez,2,1,0,0,1,0,0,"-32.40721, -60.91869",Ruta,11,TIMBÚES,San Lorenzo,Asfalto,Natural,XVII,Dentro,Urbana,Ninguna,No existe,Intersección,Bueno,Buena,Nocturna,Buen Tiempo,De alcance,S/D,Colisión,Ninguna,Vertical,Ninguna,Sin restricción
2018,1115,2018-02-01,Jueves,0,00:00:00,Autopista Provincial Brigadier E.López,25.0,2,"Camión c / Semirremolque,Camión Chasis", ,3,1,1,0,1,0,0,"-32.67092, -60.81073",Autopista,Brigadier E.López,TIMBÚES,San Lorenzo,Asfalto,Natural,XVII,Dentro,Rural,Ninguna,No existe,Recta,Bueno,Buena,Nocturna,Buen Tiempo,De alcance,S/D,Colisión,Ninguna,Vertical,Vegetación,Sin restricción
2018,1116,2018-02-16,Viernes,0,07:00:00,,0.0,1,Moto/Ciclomotor,Islas Malvinas ,1,1,0,0,0,0,0,"-32.66265, -60.79769",Camino Rural,,TIMBÚES,San Lorenzo,Tierra,No existe,XVII,Dentro,Urbana,Ninguna,No existe,Recta,Con baches,Buena,Diurna,Buen Tiempo,Otro,S/D,Caída ocupante,Ninguna,Faltante,Ninguna,Sin restricción
2018,1117,2018-02-09,Viernes,0,18:00:00,Autopista Nacional A008,0.0,4,"Automóvil,Automóvil,Automóvil,Automóvil",Av. Circunvalacion Y Espa?a,6,1,0,0,5,0,0,"-33.016444444444,-60.656805555556",Autopista,A008,ROSARIO,Rosario,Asfalto,Natural,II,S/D,Urbana,Ninguna,No existe,Recta,Bueno,Buena,S/D,Buen Tiempo,Múltiple,S/D,Colisión,Ninguna,Faltante,Barrera de hormigón,Sin restricción
2018,1118,2018-02-11,Domingo,0,18:00:00,,0.0,1,Automóvil,Av Brig Lopez ,3,3,0,0,0,0,0,"-32.67599, -60.78279",Camino Rural,,TIMBÚES,San Lorenzo,Ripio,No existe,XVII,Dentro,Rural,Ninguna,No existe,Recta,Con baches,Buena,Diurna,Buen Tiempo,Otro,S/D,Vuelco,Ninguna,Faltante,Ninguna,Sin restricción
2018,1119,2018-02-23,Viernes,0,04:45:00,Ruta Nacional 11,0.0,2,"Bicicleta,Automóvil",Ruta Nac 11 Y Fernandez Moreno,2,1,0,0,1,0,0,"-32.682800145583, -60.780488703949",Ruta,11,TIMBÚES,San Lorenzo,Asfalto,Ripio,XVII,Dentro,Urbana,Ninguna,No existe,Intersección,Bueno,Reducida,Amanecer,Buen Tiempo,De alcance,S/D,Atropello,Ninguna,Vertical,Ninguna,Sin restricción
2018,1120,2018-02-04,Domingo,0,20:00:00,,0.0,2,"Moto/Ciclomotor,Automóvil",Ruta Nac 33 Y Ley 1420,2,1,0,0,1,0,0,"-32.99438, -60.76316",Calle,,PÉREZ,Rosario,Asfalto,No existe,II,S/D,Urbana,Ninguna,No existe,Recta,Bueno,Buena,Diurna,Buen Tiempo,Lateral,S/D,Colisión,Ninguna,Faltante,Ninguna,Sin restricción
2018,1121,2018-02-06,Martes,0,10:00:00,,0.0,2,"Automóvil,Automóvil",Urquiza Y Av 9 de Julio,4,3,0,0,1,0,0,"-32.994282662322, -60.772424443176",Calle,,PÉREZ,Rosario,Asfalto,S/D,II,S/D,Urbana,Señal Pare,S/D,Recta,Bueno,Buena,S/D,Buen Tiempo,Lateral,S/D,Colisión,Ninguna,S/D,Ninguna,Sin restricción
2018,1122,2018-02-21,Miercoles,0,23:00:00,Autopista Nacional A008,0.0,1,Moto/Ciclomotor,Av. Circunvalacion Y Baigorria,1,1,0,0,0,0,0,"-32.89343, -60.7203",Autopista,A008,ROSARIO,Rosario,Asfalto,Pavimento,II,S/D,S/D,Ninguna,No existe,Curva,Bueno,Buena,Nocturna,Buen Tiempo,Otro,S/D,Colisión,Ninguna,Faltante,Barrera de hormigón,Sin restricción
2018,1123,2018-02-12,Lunes,0,23:40:00,Autopista Nacional A008,0.0,2,"Automóvil,Automóvil",Av. Circunvalacion Y Mendoza,2,0,1,0,1,0,0,"-32.940472222222,-60.723277777778",Autopista,A008,ROSARIO,Rosario,Asfalto,Pavimento,II,Dentro,Urbana,S/D,S/D,Recta,Bueno,S/D,"Nocturna,Con luz artificial",S/D,De alcance,S/D,Colisión,S/D,S/D,Cordón divisorio,S/D
2018,1125,2018-02-03,Sabado,0,01:30:00,,0.0,2,"Moto/Ciclomotor,Moto/Ciclomotor",Dr Chiavarini Y Lavalle,3,3,0,0,0,0,0,"-32.998825308447, -60.766353878272",Calle,,PÉREZ,Rosario,Asfalto,No existe,II,S/D,Urbana,Ninguna,No existe,Recta,Bueno,Buena,Nocturna,Buen Tiempo,Lateral,S/D,Colisión,Ninguna,Faltante,Ninguna,Sin restricción
2018,1126,2018-02-27,Martes,0,21:30:00,,0.0,2,"Taxi/Remis,Moto/Ciclomotor",Iriondo Y La Paz,2,1,0,0,1,0,0,"-32.958527777778,-60.674083333333",Calle,,ROSARIO,Rosario,Asfalto,No existe,II,Dentro,Urbana,Ninguna,No existe,Intersección,Bueno,Buena,Nocturna,Buen Tiempo,Lateral,S/D,Colisión,Ninguna,Faltante,Ninguna,Sin restricción
2018,1127,2018-02-28,Miercoles,0,11:50:00,,0.0,2,"Pickup/Utilitario,Automóvil",Cafferata Y La Paz,2,1,0,0,1,0,0,"-32.958277777778,-60.675416666667",Calle,,ROSARIO,Rosario,Asfalto,No existe,II,Dentro,Urbana,Ninguna,No existe,Intersección,Bueno,Buena,Diurna,Buen Tiempo,Lateral,S/D,Colisión,Ninguna,Faltante,Ninguna,Sin restricción
2018,1128,2018-02-20,Martes,0,23:40:00,Ruta Nacional A012,13.0,2,"Automóvil,Pickup/Utilitario", ,4,2,0,0,2,0,0,"-33.09064, -60.79528",Ruta,A012,PIÑERO,Rosario,Asfalto,Ripio,II,Dentro,Rural,S/D,No existe,Recta,Bueno,Buena,Con luz artificial,Buen Tiempo,S/D,S/D,Colisión,Ninguna,S/D,Línea divisoria pintada,Sin restricción
2018,1129,2018-02-07,Miercoles,0,,,0.0,2,"Moto/Ciclomotor,Pickup/Utilitario",Av. Provincias Unidas A Y Viamonte,2,1,0,0,1,0,0,"-32.956861111111,-60.711888888889",Calle,,ROSARIO,Rosario,Asfalto,No existe,II,Dentro,Urbana,Ninguna,S/D,Intersección,Bueno,S/D,S/D,Buen Tiempo,Lateral,S/D,Colisión,Ninguna,S/D,Ninguna,Sin restricción
2018,1130,2018-02-16,Viernes,0,,,0.0,2,"Bicicleta,Moto/Ciclomotor",Liniers Y La Paz,2,1,0,0,1,0,0,"-32.955333333333,-60.697972222222",Calle,,ROSARIO,Rosario,Asfalto,No existe,II,Dentro,Urbana,Ninguna,No existe,Intersección,Bueno,Buena,S/D,Buen Tiempo,S/D,Ciclista,Atropello,Ninguna,S/D,Ninguna,Sin restricción
2018,1131,2018-02-15,Jueves,0,,,0.0,2,"Automóvil,Moto/Ciclomotor",Mendoza Y P.L.Funes,2,1,0,0,1,0,0,"-32.940472222222,-60.701222222222",Calle,,ROSARIO,Rosario,Asfalto,No existe,II,Dentro,Urbana,Ninguna,Funciona,Intersección,Bueno,S/D,S/D,Buen Tiempo,Lateral,S/D,Colisión,Ninguna,S/D,Ninguna,Sin restricción
2018,1132,2018-02-04,Domingo,0,10:00:00,,0.0,2,"Pickup/Utilitario,Moto/Ciclomotor",Bv. 27 De Febrero Y Matienzo,4,2,0,0,2,0,0,"-32.958611111111,-60.693944444444",Calle,,ROSARIO,Rosario,Asfalto,Pavimento,II,Dentro,Urbana,Semáforo,Funciona,Intersección,Bueno,Buena,Diurna,Buen Tiempo,Lateral,S/D,Colisión,Ninguna,Vertical,Ninguna,Sin restricción
2018,1133,2018-02-20,Martes,0,07:00:00,Ruta Nacional A012,0.0,2,"Automóvil,Pickup/Utilitario", ,5,4,1,0,0,0,0,"-33.09185, -60.79092",Ruta,A012,PIÑERO,Rosario,Asfalto,Ripio,II,S/D,Rural,Señal Ceda el Paso,S/D,Cruce,S/D,Buena,Amanecer,Buen Tiempo,Lateral,S/D,Colisión,S/D,"Horizontal,Vertical",Línea divisoria pintada,Sin restricción
2018,1134,2018-02-10,Sabado,0,12:50:00,,0.0,2,"Moto/Ciclomotor,Automóvil",Bv. Segui Y F.More,2,1,0,0,1,0,0,"-32.970527777778,-60.692611111111",Calle,,ROSARIO,Rosario,Asfalto,Pavimento,II,Dentro,Urbana,Semáforo,Funciona,Intersección,Bueno,Buena,Diurna,Buen Tiempo,Lateral,S/D,Colisión,Ninguna,Vertical,Ninguna,Sin restricción
2018,1135,2018-02-13,Martes,0,13:10:00,,0.0,2,"Moto/Ciclomotor,Bicicleta",N Pe?a ,2,1,0,0,1,0,0,"-32.77281, -60.72952",S/D,,SAN LORENZO,San Lorenzo,S/D,S/D,XVII,S/D,S/D,S/D,S/D,S/D,S/D,S/D,S/D,S/D,S/D,Ciclista,Atropello,S/D,S/D,S/D,S/D
2018,1136,2018-02-20,Martes,0,,,0.0,2,"Bicicleta,Automóvil",2 Sarmiento Y 9 Peru,2,1,0,0,1,0,0,"-33.018094894903, -60.756906672815",S/D,,SOLDINI,Rosario,Asfalto,Natural,II,S/D,S/D,Ninguna,No existe,Intersección,Bueno,Buena,Diurna,Buen Tiempo,Lateral,Ciclista,Atropello,Ninguna,Faltante,Ninguna,Sin restricción
2018,1137,2018-02-23,Viernes,0,16:00:00,,0.0,2,"Automóvil,Moto/Ciclomotor",GÁLVEZ Y 9 de Julio,2,1,0,0,1,0,0,"-33.154165394859, -60.506265099664",Calle,,ARROYO SECO,Rosario,Hormigón,No existe,II,S/D,S/D,Ninguna,No existe,Intersección,Con baches,Buena,Diurna,Buen Tiempo,Lateral,S/D,Colisión,Ninguna,Faltante,Ninguna,Sin restricción
2018,1138,2018-02-17,Sabado,0,20:00:00,,0.0,2,"Automóvil,Moto/Ciclomotor",Av Los Talas Y El Jilguero,2,1,0,0,1,0,0,"-32.96935, -60.73868",S/D,,PÉREZ,Rosario,Asfalto,No existe,II,S/D,S/D,Ninguna,No existe,Intersección,Con baches,Buena,Atardecer,Buen Tiempo,Lateral,S/D,Colisión,Material Suelto,S/D,Ninguna,Sin restricción
2018,1139,2018-02-22,Jueves,0,14:30:00,Ruta Provincial 21,0.0,2,"Camión Chasis,Moto/Ciclomotor",Garay ,2,1,0,0,1,0,0,"-33.18887, -60.47054",Ruta,21,FIGHIERA,Rosario,Asfalto,Natural,II,S/D,Urbana,Semáforo,Funciona,Intersección,Bueno,Buena,Diurna,Buen Tiempo,S/D,S/D,Colisión,Ninguna,S/D,Ninguna,Sin restricción
2018,1140,2018-02-15,Jueves,0,22:20:00,,0.0,2,"Automóvil,Bicicleta",Garay 200,2,1,0,0,1,0,0,"-33.19023, -60.47282",Calle,,FIGHIERA,Rosario,Asfalto,S/D,II,S/D,Urbana,S/D,S/D,Recta,S/D,Buena,Nocturna,Buen Tiempo,S/D,S/D,Colisión,S/D,S/D,Ninguna,Sin restricción
2018,1142,2018-02-19,Lunes,0,17:00:00,,0.0,2,"Bicicleta,Automóvil",L.Braile Y Juan Pablo II,2,1,0,0,1,0,0,"-32.883321299613, -60.709300403610",Calle,,ROSARIO,Rosario,Asfalto,No existe,II,Dentro,Urbana,Ninguna,No existe,Recta,Bueno,Buena,Diurna,Buen Tiempo,Lateral,Ciclista,Atropello,Ninguna,Faltante,Ninguna,Sin restricción
2018,1143,2018-02-15,Jueves,0,07:30:00,,0.0,2,"Automóvil,Moto/Ciclomotor", ,2,1,0,0,1,0,0,"-31.606085,-60.684535",S/D,,SANTA FE,La Capital,S/D,S/D,I,S/D,Urbana,S/D,No existe,Intersección,Bueno,Buena,Diurna,Buen Tiempo,Frontal,S/D,Colisión,S/D,S/D,Ninguna,Sin restricción
2018,1144,2018-02-27,Martes,0,05:40:00,Autopista Nacional A008,0.0,1,Moto/Ciclomotor,Av. Circunvalacion Y Autopista Rosario - Santa Fe,1,1,0,0,0,0,0,"-32.883417859137, -60.711328153626",Autopista,A008,ROSARIO,Rosario,Asfalto,Pavimento,II,Dentro,Urbana,Ninguna,No existe,Intersección,Bueno,Buena,Amanecer,Buen Tiempo,S/D,S/D,Despiste,Ninguna,S/D,Guardarrail,Sin restricción
2018,1145,2018-03-22,Jueves,0,19:30:00,,0.0,1,Bicicleta,Alejandro Fleming 200,1,1,0,0,0,0,0,"-32.168510199712, -61.157031661833",Calle,,BERNARDO DE IRIGOYEN,San Jerónimo,Asfalto,No existe,XV,Dentro,Urbana,Ninguna,No existe,Recta,Bueno,Buena,Nocturna,Buen Tiempo,S/D,S/D,Caída ocupante,Ninguna,Vertical,Ninguna,Sin restricción
2018,1146,2018-03-19,Lunes,0,21:30:00,,0.0,1,Moto/Ciclomotor,Av Rosario ,1,1,0,0,0,0,0,"-32.170226880138, -61.160839959384",Calle,,BERNARDO DE IRIGOYEN,San Jerónimo,Ripio,No existe,XV,Dentro,Urbana,Ninguna,No existe,Intersección,Bueno,Reducida,Nocturna,Buen Tiempo,S/D,S/D,Caída ocupante,Ninguna,Horizontal,Ninguna,Sin restricción
2018,1147,2018-04-16,Lunes,0,22:30:00,Ruta Provincial 70,0.0,2,"Automóvil,Bicicleta",Ruta Prov 70 Y Camino viejo a Esperanza,2,1,0,0,1,0,0,"-31.501448305110, -60.735555734356",Ruta,70,RECREO,La Capital,Asfalto,No existe,I,S/D,Urbana,Ninguna,No existe,Cruce,S/D,Buena,Nocturna,Buen Tiempo,S/D,Ciclista,Atropello,Ninguna,S/D,Línea divisoria pintada,Sin restricción
2018,1148,2018-04-04,Miercoles,0,10:30:00,Ruta Provincial 70,0.0,2,"Automóvil,Automóvil",Av de Circunvalacion Y Ruta Prov 70,3,3,0,0,0,0,0,"-31.497671754817, -60.752142514904",Ruta,70,RECREO,La Capital,Hormigón,Natural,I,S/D,Urbana,Ninguna,No existe,Cruce,Bueno,Buena,Diurna,Buen Tiempo,Lateral,S/D,Colisión,Ninguna,S/D,Ninguna,Sin restricción
2018,1149,2018-04-05,Jueves,0,23:30:00,Ruta Nacional 11,0.0,2,"Automóvil,Moto/Ciclomotor",Santa Fe 1100,2,1,0,0,1,0,0,"-31.491102219744, -60.732232785786",Ruta,11,RECREO,La Capital,Asfalto,Pavimento,I,S/D,Urbana,Ninguna,No existe,Recta,Bueno,Buena,Nocturna,Buen Tiempo,Lateral,S/D,Colisión,Ninguna,Faltante,Cordón divisorio,Sin restricción
2018,1150,2018-04-11,Miercoles,0,21:40:00,Ruta Provincial 70,0.0,1,Automóvil,Av de Circunvalacion ,3,3,0,0,0,0,0,"-31.491003044667, -60.781609132290",Ruta,70,RECREO,La Capital,Asfalto,Natural,I,Fuera,Rural,S/D,No existe,Recta,Bueno,Buena,Nocturna,Buen Tiempo,S/D,S/D,Despiste,Ninguna,S/D,Guardarrail,Sin restricción
2018,1151,2018-04-14,Sabado,0,17:30:00,Ruta Nacional 11,483.0,2,"Moto/Ciclomotor,Moto/Ciclomotor", ,3,1,0,0,0,0,2,"-31.50814,-60.72713",Ruta,11,RECREO,La Capital,Asfalto,Natural,I,S/D,Urbana,Ninguna,No existe,Recta,Bueno,Buena,Diurna,Buen Tiempo,Otro,S/D,Colisión,S/D,S/D,Línea divisoria pintada,Sin restricción
2018,1152,2018-04-15,Domingo,0,12:30:00,Ruta Nacional 11,0.0,2,"Moto/Ciclomotor,Pickup/Utilitario",Ruta Nacional 11 Y San Martin,2,1,0,0,1,0,0,"-31.499045312457, -60.729556557992",Ruta,11,RECREO,La Capital,Asfalto,Ripio,I,Dentro,Urbana,Ninguna,No existe,Intersección,Bueno,Buena,Diurna,Buen Tiempo,Lateral,S/D,Colisión,Ninguna,S/D,Línea divisoria pintada,Sin restricción
2018,1153,2018-04-26,Jueves,0,10:50:00,,0.0,2,"Pickup/Utilitario,Moto/Ciclomotor",Santa Fe Y Silva,2,1,0,0,1,0,0,"-31.493401944690, -60.723226544717",Calle,,RECREO,La Capital,Ripio,No existe,I,S/D,Urbana,Ninguna,No existe,Intersección,Bueno,Buena,Diurna,Buen Tiempo,S/D,S/D,Colisión,Ninguna,S/D,Ninguna,Sin restricción
2018,1154,2018-02-02,Viernes,0,22:00:00,,0.0,2,"Taxi/Remis,Moto/Ciclomotor",Av Buenos Aires Y J C Orsetti,2,1,0,0,1,0,0,"-32.86517, -60.70789",Avenida,,GRANADERO BAIGORRIA,Rosario,Asfalto,Pavimento,II,S/D,Urbana,Ninguna,No existe,Intersección,Bueno,Reducida,Nocturna,Buen Tiempo,S/D,S/D,Colisión,Ninguna,Vertical,Línea divisoria pintada,Sin restricción
2018,1155,2018-02-14,Miercoles,0,20:45:00,Ruta Nacional 34,0.0,2,"Automóvil,Moto/Ciclomotor",Ruta Nac 34 Y Grandoli,4,2,0,0,2,0,0,"-32.887,-60.730055555556",Ruta,34,ROSARIO,Rosario,Asfalto,Pavimento,II,Dentro,Urbana,Semáforo,Funciona,Curva,Bueno,Buena,Atardecer,Buen Tiempo,Lateral,S/D,Colisión,Ninguna,S/D,Cordón divisorio,Sin restricción