anio_acci,nro_acci,fecha,desc_dia,fecha_aprox,hora_aprox,desc_ruta,km,cant_participantes,desc_participante,calle_avenida_km,total,heridos_leves,heridos_graves,heridos_gravisimos,ilesos,fallecidos,sin_datos,posicion_XY,desc_tipo_via,desc_ruta_ori,desc_loc,desc_dpto,desc_tipo_calzada,desc_tipo_banquina,desc_unidad_regional,desc_lugar_calzada,desc_zona,desc_prioridad,desc_estado_semaforo,desc_lugar_via,desc_estado_via,desc_estado_visibilidad,desc_luminosidad,desc_estado_clima,desc_tipo_colision,desc_tipo_atropello,desc_tipo_hecho,desc_pres_calzada,desc_senializacion,desc_separacion_via,desc_restriccion
2018,1156,2018-02-27,Martes,0,21:00:00,,0.0,2,"Moto/Ciclomotor,Moto/Ciclomotor",Superi Y Casiano Casas,3,2,1,0,0,0,0,"-32.896944444444,-60.714666666667",S/D,,ROSARIO,Rosario,Asfalto,No existe,II,Dentro,Urbana,Ninguna,No existe,Intersección,Bueno,Buena,Nocturna,Buen Tiempo,S/D,S/D,Colisión,Ninguna,Faltante,Cordón divisorio,Sin restricción
2018,1157,2018-02-18,Domingo,0,23:30:00,,0.0,2,"Automóvil,Moto/Ciclomotor",Bv. Bouchard Y B.Alvarez,2,1,0,0,1,0,0,"-32.89025,-60.730833333333",Calle,,ROSARIO,Rosario,Asfalto,No existe,II,Dentro,Urbana,Ninguna,No existe,Recta,Bueno,Reducida,Nocturna,Buen Tiempo,"De alcance,Frontal",S/D,Atropello,Ninguna,Faltante,Ninguna,Sin restricción
2018,1158,2018-02-18,Domingo,0,14:50:00,,0.0,2,"Automóvil,Moto/Ciclomotor",Grandoli Y Polledo,3,1,0,0,2,0,0,"-32.886833333333,-60.720527777778",Calle,,ROSARIO,Rosario,Asfalto,No existe,II,Dentro,Urbana,Otra Señal,No existe,Recta,Bueno,Buena,Diurna,Buen Tiempo,Lateral,S/D,Colisión,Ninguna,Vertical,Ninguna,Sin restricción
2018,1159,2018-02-16,Viernes,0,14:15:00,,0.0,3,"Automóvil,Automóvil,Peatón",Freyre Y Cavia,3,0,0,0,1,0,2,"-32.89575,-60.709527777778",Calle,,ROSARIO,Rosario,Asfalto,No existe,II,Dentro,Urbana,Ninguna,No existe,Intersección,Otro,Buena,Diurna,Buen Tiempo,S/D,S/D,Colisión,Ninguna,Faltante,Cordón divisorio,Sin restricción
2018,1161,2018-02-03,Sabado,0,01:30:00,,0.0,1,Moto/Ciclomotor,Anchoris 2000,1,1,0,0,0,0,0,"-32.895916666667,-60.700277777778",Calle,,ROSARIO,Rosario,Asfalto,No existe,II,S/D,Urbana,Ninguna,No existe,Recta,Bueno,Buena,Nocturna,Buen Tiempo,S/D,S/D,Colisión,Ninguna,Faltante,Cordón divisorio,Sin restricción
2018,1162,2018-02-12,Lunes,0,12:00:00,Ruta Nacional 34,0.0,1,Automóvil,Ruta Nac 34 Y Canal Ibarlucea,2,2,0,0,0,0,0,"-32.8805,-60.741027777778",Ruta,34,ROSARIO,Rosario,Asfalto,No existe,II,Fuera,S/D,Ninguna,No existe,Recta,Ahuellamiento,Buena,Diurna,Buen Tiempo,Otro,S/D,Vuelco,Ninguna,Faltante,Línea divisoria pintada,S/D
2018,1163,2018-02-08,Jueves,0,15:20:00,,0.0,2,"Automóvil,Automóvil",Av. Eva Peron 7200,2,1,0,0,1,0,0,"-32.931916666667,-60.718861111111",Avenida,,ROSARIO,Rosario,Asfalto,S/D,II,Dentro,Urbana,Ninguna,Funciona,Recta,Otro,Buena,S/D,Otro,De alcance,S/D,Colisión,Otro,Vertical,Ninguna,Sin restricción
2018,1164,2018-02-06,Martes,0,19:00:00,,0.0,2,"Peatón,Automóvil",Marcos Paz Y Pje 5,2,0,1,0,1,0,0,"-33.030239882552, -60.646641222800",Calle,,VILLA GOBERNADOR GÁLVEZ,Rosario,Tierra,No existe,II,S/D,Urbana,Ninguna,No existe,Recta,Deteriorada,Buena,Atardecer,Buen Tiempo,S/D,Peatón,Atropello,Material Suelto,Faltante,Ninguna,Sin restricción
2018,1165,2018-02-18,Domingo,0,20:40:00,Autopista Nacional A008,0.0,2,"Automóvil,Bicicleta",Av. Eva Peron Y Av. Circunvalacion,2,1,0,0,1,0,0,"-32.931027777778,-60.724583333333",Autopista,A008,ROSARIO,Rosario,Asfalto,S/D,II,S/D,Urbana,Semáforo,S/D,Intersección,Otro,Buena,S/D,Otro,De alcance,Ciclista,Atropello,Ninguna,Horizontal,S/D,Sin restricción
2018,1166,2018-02-09,Viernes,0,18:00:00,,0.0,4,"Ambulancia,Camión c / Acoplado,Automóvil,Automóvil",Ing Jacobacci Y Montevideo,5,1,0,0,4,0,0,"-33.031227068783, -60.663436337149",Calle,,VILLA GOBERNADOR GÁLVEZ,Rosario,Hormigón,Ripio,II,S/D,Rural,Ninguna,No existe,Recta,Bueno,Buena,Diurna,Buen Tiempo,De alcance,S/D,Colisión,Ninguna,"Horizontal,Vertical","Guardarrail,Cordón divisorio",Sin restricción
2018,1167,2018-02-18,Domingo,0,17:40:00,,0.0,2,"Moto/Ciclomotor,Automóvil",Av. Eva Peron Y Donado,3,2,0,0,1,0,0,"-32.930527777778,-60.727361111111",Avenida,,ROSARIO,Rosario,Asfalto,Pavimento,II,Dentro,Urbana,Semáforo,Funciona,Recta,Otro,Buena,Diurna,Otro,Lateral,S/D,Colisión,Ninguna,Vertical,Ninguna,Sin restricción
2018,1168,2018-02-11,Domingo,0,17:50:00,Ruta Secundaria 22-s,0.0,2,"Automóvil,Moto/Ciclomotor",Soldado Aguirre Y Ruta Prov 22 S,4,3,0,0,1,0,0,"-33.029916666667,-60.656027777778",Ruta,22-s,VILLA GOBERNADOR GÁLVEZ,Rosario,Asfalto,No existe,II,S/D,Urbana,Ninguna,No existe,Intersección,Deteriorada,Buena,Diurna,Buen Tiempo,Lateral,S/D,Colisión,S/D,S/D,Ninguna,Sin restricción
2018,1169,2018-02-16,Viernes,0,15:10:00,,0.0,2,"Automóvil,Moto/Ciclomotor",Brasil Y French,3,2,0,0,1,0,0,"-32.921972222222,-60.720388888889",Calle,,ROSARIO,Rosario,Asfalto,S/D,II,Dentro,Urbana,Ninguna,S/D,Recta,Otro,Buena,Diurna,Otro,Lateral,S/D,Colisión,Otro,Vertical,Ninguna,Sin restricción
2018,1170,2018-01-18,Jueves,0,20:45:00,,0.0,2,"Moto/Ciclomotor,Automóvil",Bv. Avellaneda Y Garibaldi,5,1,0,0,4,0,0,"-32.9783, -60.68877",Avenida,,ROSARIO,Rosario,Asfalto,No existe,II,S/D,Urbana,Semáforo,Funciona,Intersección,Bueno,Buena,Diurna,Buen Tiempo,Frontal,S/D,Colisión,Ninguna,Faltante,Barrera de hormigón,Sin restricción
2018,1171,2018-02-17,Sabado,0,16:30:00,,0.0,2,"Moto/Ciclomotor,Automóvil",Soldado Aguirre Y crespo,2,1,0,0,1,0,0,"-33.029666666667,-60.649444444444",Calle,,VILLA GOBERNADOR GÁLVEZ,Rosario,Asfalto,Pavimento,II,Dentro,Urbana,Ninguna,No existe,Intersección,Deteriorada,Buena,Diurna,Buen Tiempo,Lateral,S/D,Colisión,Material Suelto,Faltante,Cordón divisorio,Sin restricción
2018,1172,2018-02-02,Viernes,0,19:20:00,,0.0,2,"Moto/Ciclomotor,Bicicleta",J.J.Paso Y Venezuela,2,1,0,0,1,0,0,"-32.920583333333,-60.725388888889",Avenida,,ROSARIO,Rosario,Asfalto,Pavimento,II,Dentro,Urbana,Ninguna,S/D,Recta,Otro,Buena,Atardecer,Otro,Lateral,Ciclista,Atropello,Otro,Vertical,Ninguna,Sin restricción
2018,1173,2018-02-23,Viernes,0,17:00:00,,0.0,2,"Moto/Ciclomotor,Bicicleta",Mendoza Y Brasil,2,1,0,0,1,0,0,"-32.940361111111,-60.719555555556",Calle,,ROSARIO,Rosario,Asfalto,Pavimento,II,Dentro,Urbana,Ninguna,Funciona,Recta,Bueno,Buena,Diurna,Buen Tiempo,Otro,Ciclista,Atropello,Ninguna,Horizontal,Cordón divisorio,Sin restricción
2018,1174,2018-02-24,Sabado,0,01:10:00,,0.0,2,"Moto/Ciclomotor,Automóvil",Soldado Aguirre Y J Newbery,2,1,0,0,1,0,0,"-33.029861111111,-60.654194444444",Calle,,VILLA GOBERNADOR GÁLVEZ,Rosario,Asfalto,No existe,II,S/D,Urbana,Ninguna,No existe,Intersección,Deteriorada,Buena,Nocturna,Buen Tiempo,Lateral,S/D,Colisión,Ninguna,Faltante,Ninguna,Sin restricción
2018,1175,2018-02-06,Martes,0,16:10:00,Autopista Nacional A008,0.0,2,"Vehículo Oficial,Moto/Ciclomotor",J.J.Paso Y Av. Circunvalacion Bis,2,1,0,0,1,0,0,"-32.920527777778,-60.722972222222",Autopista,A008,ROSARIO,Rosario,Asfalto,Pavimento,II,S/D,Urbana,Otra Señal,S/D,Recta,Otro,Buena,S/D,Otro,Lateral,S/D,Colisión,Otro,S/D,Ninguna,S/D
2018,1176,2018-02-24,Sabado,0,01:05:00,,0.0,2,"Moto/Ciclomotor,Automóvil",Agustin Dencoli Y Maipu,3,2,0,0,0,0,1,"-33.107696333665, -60.552205753939",Camino Rural,,GENERAL LAGOS,Rosario,Ripio,Natural,II,S/D,Rural,S/D,No existe,Recta,Bueno,Buena,Nocturna,Buen Tiempo,S/D,S/D,S/D,Ninguna,S/D,S/D,S/D
2018,1178,2018-01-21,Domingo,0,20:15:00,,0.0,2,"Peatón,Moto/Ciclomotor",Bv. Avellaneda Y Av. Uriburu,3,2,0,0,1,0,0,"-32.991888888889,-60.689333333333",Avenida,,ROSARIO,Rosario,Asfalto,No existe,II,Dentro,Urbana,Semáforo,Funciona,Intersección,Bueno,Buena,Nocturna,Buen Tiempo,S/D,Peatón,Atropello,Ninguna,Faltante,Cordón divisorio,Sin restricción
2018,1179,2018-01-16,Martes,0,19:15:00,,0.0,2,"Automóvil,Moto/Ciclomotor",Lamadrid Y Callao,4,3,0,0,1,0,0,"-32.997805555556,-60.671638888889",Calle,,ROSARIO,Rosario,Asfalto,Pavimento,II,Dentro,Urbana,Ninguna,No existe,Intersección,Bueno,Buena,Diurna,Buen Tiempo,Otro,S/D,Colisión,S/D,Faltante,Ninguna,Sin restricción
2018,1180,2018-01-14,Domingo,0,18:00:00,,0.0,2,"Moto/Ciclomotor,Taxi/Remis",Av. Uriburu Y Bv. Oro?o,2,1,0,0,1,0,0,"-32.991305555556,-60.665138888889",Avenida,,ROSARIO,Rosario,Asfalto,Pavimento,II,S/D,Urbana,Semáforo,Funciona,Rotonda,Bueno,Buena,Atardecer,Buen Tiempo,Lateral,S/D,Atropello,Ninguna,Vertical,Ninguna,Sin restricción
2018,1181,2018-01-08,Lunes,0,13:15:00,,0.0,2,"Moto/Ciclomotor,Automóvil",Ocampo Y Cafferata,2,0,1,0,1,0,0,"-32.960555555556,-60.676027777778",Calle,,ROSARIO,Rosario,Asfalto,No existe,II,S/D,Urbana,Otra Señal,No existe,Intersección,Bueno,Buena,Diurna,Buen Tiempo,S/D,S/D,Colisión,Ninguna,Horizontal,Ninguna,Sin restricción
2018,1182,2018-02-18,Domingo,0,01:10:00,,0.0,2,"Moto/Ciclomotor,Moto/Ciclomotor",SAENS PE?A Y MENDOZA,3,3,0,0,0,0,0,"-33.017527777778,-60.609138888889",Calle,,VILLA GOBERNADOR GÁLVEZ,Rosario,Asfalto,No existe,II,Dentro,Urbana,Ninguna,No existe,Intersección,Bueno,Reducida,Nocturna,Buen Tiempo,S/D,Ciclista,Atropello,Ninguna,Faltante,Ninguna,Sin restricción
2018,1183,2018-01-20,Sabado,0,19:26:00,,0.0,2,"Moto/Ciclomotor,Peatón",Alsina Y Rueda,2,1,0,0,1,0,0,"-32.964194444444,-60.682638888889",Calle,,ROSARIO,Rosario,Asfalto,Pavimento,II,S/D,Urbana,Ninguna,Funciona,Intersección,Bueno,Buena,Diurna,Buen Tiempo,S/D,Peatón,Atropello,Ninguna,Faltante,Ninguna,Sin restricción
2018,1184,2018-02-01,Jueves,0,09:20:00,Autopista Nacional Gral. Juan Jose Valle,273.0,2,"Moto/Ciclomotor,Automóvil", ,2,1,0,0,1,0,0,"-33.12356, -60.58433",Autopista,Gral. Juan José Valle,GENERAL LAGOS,Rosario,Asfalto,Natural,II,Dentro,Rural,Ninguna,No existe,Recta,Bueno,Buena,Diurna,Buen Tiempo,De alcance,S/D,Colisión,Ninguna,"Horizontal,Vertical",Ninguna,Sin restricción
2018,1185,2018-01-04,Jueves,0,19:30:00,,0.0,2,"Automóvil,Moto/Ciclomotor",Bertole Y Danieri,2,1,0,0,1,0,0,"-32.965333333333,-60.723611111111",Calle,,ROSARIO,Rosario,Asfalto,No existe,II,S/D,Urbana,Ninguna,No existe,Intersección,Bueno,Buena,Diurna,Buen Tiempo,S/D,S/D,Colisión,Ninguna,Faltante,Ninguna,Sin restricción
2018,1186,2018-01-13,Sabado,0,23:00:00,,0.0,2,"Automóvil,Moto/Ciclomotor",Av. Ovidio Lagos Y Rueda,2,1,0,0,1,0,0,"-32.966916666667,-60.6675",Calle,,ROSARIO,Rosario,Asfalto,Pavimento,II,Dentro,Urbana,Ninguna,S/D,Intersección,Bueno,S/D,Nocturna,Buen Tiempo,Lateral,S/D,Colisión,Ninguna,S/D,Cordón divisorio,Sin restricción
2018,1187,2018-02-05,Lunes,0,23:10:00,,0.0,2,"Moto/Ciclomotor,Moto/Ciclomotor",San Juan Y Nogues,2,2,0,0,0,0,0,"-33.01299, -60.60706",S/D,,VILLA GOBERNADOR GÁLVEZ,Rosario,Asfalto,No existe,II,S/D,Urbana,Ninguna,No existe,Recta,Deteriorada,Buena,Nocturna,Buen Tiempo,De alcance,S/D,Colisión,Ninguna,Faltante,Ninguna,Sin restricción
2018,1188,2018-01-09,Martes,0,16:14:00,,0.0,2,"Bicicleta,Pickup/Utilitario",Sarmiento Y Bv. 27 De Febrero,2,1,0,0,1,0,0,"-32.96775,-60.643527777778",Calle,,ROSARIO,Rosario,Asfalto,Pavimento,II,S/D,Urbana,Semáforo,Funciona,Intersección,Bueno,Buena,S/D,Buen Tiempo,Lateral,S/D,Colisión,Ninguna,S/D,Ninguna,Sin restricción
2018,1189,2018-02-03,Sabado,0,23:55:00,,0.0,2,"Moto/Ciclomotor,Pickup/Utilitario",Cervantes Y Av Argentina,3,2,0,0,1,0,0,"-33.005416666667,-60.617805555556",Calle,,VILLA GOBERNADOR GÁLVEZ,Rosario,Asfalto,Natural,II,Dentro,Urbana,Ninguna,No existe,Intersección,Bueno,Buena,Diurna,Buen Tiempo,S/D,S/D,Colisión,Ninguna,Faltante,Ninguna,Sin restricción
2018,1190,2018-01-21,Domingo,0,21:00:00,Autopista Nacional A008,0.0,4,"Pickup/Utilitario,Automóvil,Automóvil,Automóvil",Av. Circunvalacion Y Palliere,11,6,0,0,5,0,0,"-32.8875,-60.715472222222",Autopista,A008,ROSARIO,Rosario,Asfalto,Natural,II,Dentro,Urbana,Otra Señal,No existe,Recta,Bueno,Buena,Nocturna,Buen Tiempo,Múltiple,S/D,Colisión,Otro,Horizontal,Guardarrail,Obra en Construcción
2018,1192,2018-02-01,Jueves,0,19:54:00,,0.0,2,"Automóvil,Moto/Ciclomotor",Av Ntra Sra de la Paz Y Gral Paz,2,1,0,0,1,0,0,"-33.008833333333,-60.614277777778",Calle,,VILLA GOBERNADOR GÁLVEZ,Rosario,Asfalto,Natural,II,Dentro,Urbana,Ninguna,No existe,Recta,Bueno,Buena,Diurna,Buen Tiempo,S/D,S/D,Colisión,Ninguna,Faltante,Ninguna,Sin restricción
2018,1193,2018-01-08,Lunes,0,11:45:00,,0.0,2,"Moto/Ciclomotor,Automóvil",Pje Gordillo ,2,1,0,0,1,0,0,"-32.955000, -60.676991",Calle,,ROSARIO,Rosario,Asfalto,Pavimento,II,Dentro,Urbana,Semáforo,Funciona,Intersección,Bueno,Buena,Diurna,Buen Tiempo,Lateral,S/D,Colisión,Ninguna,S/D,Ninguna,Sin restricción
2018,1194,2018-02-05,Lunes,0,13:10:00,,0.0,2,"Automóvil,Moto/Ciclomotor",Juan Pablo II Y Tucuman,2,1,0,0,1,0,0,"-32.932761958779, -60.722296270104",Calle,,ROSARIO,Rosario,Asfalto,Pavimento,II,Dentro,Urbana,Ninguna,S/D,Recta,Bueno,S/D,Diurna,S/D,Lateral,S/D,Colisión,S/D,S/D,Ninguna,Sin restricción
2018,1195,2018-02-20,Martes,0,13:00:00,,0.0,2,"Moto/Ciclomotor,Automóvil",ALBERDI Y SAN JUAN,2,1,0,0,1,0,0,"-33.077874,-60.575198",Avenida,,PUEBLO ESTHER,Rosario,Asfalto,Ripio,II,Dentro,Urbana,S/D,No existe,Intersección,Bueno,Buena,Diurna,S/D,S/D,S/D,S/D,Ninguna,Faltante,S/D,S/D
2018,1196,2018-01-08,Lunes,0,10:45:00,,0.0,2,"Moto/Ciclomotor,Automóvil",Bv. 27 De Febrero Y Entre Rios,3,1,0,0,2,0,0,"-32.967222222222,-60.646333333333",Calle,,ROSARIO,Rosario,Asfalto,Pavimento,II,S/D,Urbana,Semáforo,Funciona,Intersección,Bueno,Buena,Diurna,Buen Tiempo,Lateral,S/D,Colisión,Ninguna,S/D,Ninguna,Sin restricción
2018,1197,2018-01-03,Miercoles,0,18:00:00,,0.0,2,"Moto/Ciclomotor,Automóvil",GÁLVEZ Y Paraguay,2,1,0,0,1,0,0,"-32.96775,-60.649361111111",Calle,,ROSARIO,Rosario,Asfalto,Pavimento,II,Dentro,Urbana,Señal Pare,No existe,Intersección,Bueno,Buena,Nocturna,Buen Tiempo,Lateral,S/D,Colisión,Ninguna,Vertical,Ninguna,Sin restricción
2018,1198,2018-02-04,Domingo,0,15:10:00,Ruta Nacional 9,0.0,1,Automóvil,Av. Eva Peron Y Donado,4,3,0,1,0,0,0,"-32.930527777778,-60.727361111111",Ruta,9,ROSARIO,Rosario,Asfalto,No existe,II,Fuera,Urbana,Ninguna,No existe,Otro,S/D,S/D,Diurna,S/D,S/D,S/D,Despiste,S/D,S/D,Vegetación,S/D
2018,1199,2018-01-15,Lunes,0,08:20:00,,0.0,2,"Bicicleta,Automóvil",Bv. Oro?o Y Av. Dante Alighieri,2,1,0,0,1,0,0,"-32.961638888889,-60.657805555556",Calle,,ROSARIO,Rosario,Asfalto,Pavimento,II,S/D,Urbana,Semáforo,Funciona,Intersección,Bueno,Buena,Diurna,Buen Tiempo,S/D,Ciclista,Atropello,Ninguna,Horizontal,Ninguna,Sin restricción
2018,1200,2018-01-16,Martes,0,09:40:00,,0.0,2,"Moto/Ciclomotor,Automóvil",Dorrego Y GÁLVEZ,2,1,0,0,1,0,0,"-32.966777777778,-60.654833333333",Calle,,ROSARIO,Rosario,Asfalto,Pavimento,II,Dentro,Urbana,Ninguna,No existe,Intersección,Bueno,Buena,Diurna,Buen Tiempo,Lateral,S/D,Colisión,Ninguna,Faltante,Ninguna,Sin restricción
2018,1201,2018-02-06,Martes,0,21:45:00,,0.0,2,"Automóvil,Moto/Ciclomotor",Brasil Y Neuquen,3,2,0,0,1,0,0,"-32.944777777778,-60.719361111111",Calle,,ROSARIO,Rosario,Asfalto,Pavimento,II,Dentro,Urbana,Ninguna,S/D,Recta,Bueno,Buena,Nocturna,Buen Tiempo,Otro,S/D,Colisión,S/D,S/D,Ninguna,Sin restricción
2018,1202,2018-02-25,Domingo,0,06:10:00,,0.0,2,"Automóvil,Automóvil",Av Gral San Martin 3000,4,3,0,0,1,0,0,"-33.041361111111,-60.611111111111",S/D,,VILLA GOBERNADOR GÁLVEZ,Rosario,Asfalto,No existe,II,Dentro,Urbana,Ninguna,No existe,Recta,Bueno,Buena,Diurna,Buen Tiempo,Lateral,S/D,Colisión,S/D,Faltante,Cordón divisorio,Sin restricción
2018,1203,2018-01-30,Martes,0,15:30:00,,0.0,2,"Moto/Ciclomotor,Taxi/Remis",Cerrito Y Mitre,2,1,0,0,1,0,0,"-32.961611111111,-60.643444444444",Calle,,ROSARIO,Rosario,Asfalto,No existe,II,Dentro,Urbana,Ninguna,No existe,Intersección,Bueno,Buena,Diurna,Buen Tiempo,De alcance,S/D,Colisión,Ninguna,Vertical,Ninguna,Sin restricción
2018,1204,2018-01-30,Martes,0,15:45:00,,0.0,2,"Peatón,Automóvil",Ituzaingo Y Sarmiento,2,1,0,0,1,0,0,"-32.960722222222,-60.64175",Calle,,ROSARIO,Rosario,Asfalto,No existe,II,Dentro,Urbana,Ninguna,No existe,Intersección,Bueno,Buena,Diurna,Buen Tiempo,S/D,Peatón,Atropello,Ninguna,Faltante,Ninguna,Sin restricción
2018,1205,2018-02-07,Miercoles,0,23:30:00,,0.0,2,"Peatón,Moto/Ciclomotor",Pje. Prusia 7700,3,2,1,0,0,0,0,"-32.935527777778,-60.727277777778",Calle,,ROSARIO,Rosario,Asfalto,No existe,II,Dentro,Urbana,Ninguna,S/D,Intersección,Bueno,S/D,"Nocturna,Con luz artificial",S/D,S/D,Peatón,Atropello,S/D,S/D,Ninguna,Sin restricción
2018,1206,2018-01-29,Lunes,0,20:45:00,,0.0,2,"Automóvil,Automóvil",Espa?a Y Pje. Gomensoro,4,3,0,0,1,0,0,"-32.970111111111,-60.652861111111",Calle,,ROSARIO,Rosario,Asfalto,No existe,II,Dentro,Urbana,Ninguna,S/D,Recta,Bueno,Buena,Nocturna,Buen Tiempo,De alcance,S/D,Colisión,Ninguna,Faltante,Ninguna,Sin restricción
2018,1207,2018-02-24,Sabado,0,09:50:00,,0.0,2,"Moto/Ciclomotor,Automóvil",Av Gral San Martin Y Eva Peron,4,3,0,0,1,0,0,"-33.026888888889,-60.622944444444",Avenida,,VILLA GOBERNADOR GÁLVEZ,Rosario,Asfalto,No existe,II,Dentro,Urbana,Semáforo,Funciona,Intersección,Bueno,S/D,Diurna,Buen Tiempo,Otro,S/D,Colisión,Ninguna,S/D,Cordón divisorio,Sin restricción
2018,1208,2018-02-12,Lunes,0,08:40:00,,0.0,1,Automóvil,Av. Eva Peron Y Donado,4,1,0,0,3,0,0,"-32.930527777778,-60.727361111111",Calle,,ROSARIO,Rosario,Asfalto,Natural,II,Fuera,Urbana,Ninguna,S/D,Otro,Bueno,S/D,Diurna,S/D,S/D,S/D,Despiste,S/D,S/D,Vegetación,Sin restricción
2018,1209,2018-01-23,Martes,0,17:20:00,,0.0,2,"Moto/Ciclomotor,Automóvil",Belgrano Y Almte Brown,2,1,0,0,1,0,0,"-33.030777777778,-60.625583333333",Calle,,VILLA GOBERNADOR GÁLVEZ,Rosario,Asfalto,No existe,II,S/D,Urbana,Ninguna,No existe,Recta,Bueno,Buena,Diurna,Otro,S/D,S/D,Colisión,Ninguna,Faltante,Cordón divisorio,Sin restricción
2018,1210,2018-01-19,Viernes,0,20:20:00,,0.0,2,"Moto/Ciclomotor,Automóvil",Urquiza Y Ing Mosconi,3,2,0,0,1,0,0,"-33.025555555556,-60.631722222222",Calle,,VILLA GOBERNADOR GÁLVEZ,Rosario,Asfalto,No existe,II,S/D,Urbana,Ninguna,No existe,Intersección,Bueno,Buena,Nocturna,Buen Tiempo,S/D,S/D,Colisión,Ninguna,Faltante,Ninguna,Sin restricción
2018,1211,2018-02-07,Miercoles,0,,,0.0,1,Automóvil,Donado Bis Y La Republica,3,1,0,0,2,0,0,"-32.918946548732, -60.727986033288",Calle,,ROSARIO,Rosario,Asfalto,No existe,II,Dentro,Urbana,Ninguna,No existe,Recta,Bueno,Buena,Nocturna,Buen Tiempo,S/D,Peatón,Atropello,Ninguna,S/D,Ninguna,Sin restricción
2018,1212,2018-01-19,Viernes,0,19:00:00,,0.0,2,"Automóvil,Moto/Ciclomotor",Lavalle Y P Opicci,3,2,0,0,1,0,0,"-33.026805555556,-60.634416666667",Calle,,VILLA GOBERNADOR GÁLVEZ,Rosario,Asfalto,No existe,II,S/D,Urbana,Ninguna,No existe,Intersección,Bueno,Buena,Atardecer,Buen Tiempo,S/D,S/D,Colisión,Ninguna,Faltante,Ninguna,Sin restricción
2018,1213,2018-01-28,Domingo,0,01:45:00,,0.0,2,"Automóvil,Automóvil",Alvear Y Santiago del Estero,3,1,0,0,2,0,0,"-33.010611111111,-60.611777777778",Calle,,VILLA GOBERNADOR GÁLVEZ,Rosario,Asfalto,Pavimento,II,Dentro,Urbana,Ninguna,No existe,Intersección,Bueno,Buena,Nocturna,Buen Tiempo,Lateral,S/D,Colisión,Ninguna,Horizontal,Ninguna,Sin restricción
2018,1214,2018-02-24,Sabado,0,07:30:00,,0.0,3,"Automóvil,Camión Chasis,Camión Chasis",Avenida 1? de Mayo Y Limite de Propiedad,3,1,0,0,2,0,0,"-33.056837594055, -60.613942564880",Calle,,ALVEAR,Rosario,Asfalto,Natural,II,Dentro,Rural,Ninguna,No existe,Recta,Con baches,Buena,Diurna,Buen Tiempo,Frontal,S/D,Colisión,Ninguna,S/D,Ninguna,S/D
2018,1215,2018-02-23,Viernes,0,17:30:00,,0.0,2,"Automóvil,Moto/Ciclomotor",Av Gral San Martin 1700,2,1,0,0,1,0,0,"-33.041166666667,-60.61125",Avenida,,VILLA GOBERNADOR GÁLVEZ,Rosario,Asfalto,No existe,II,Dentro,Urbana,Semáforo,Funciona,Recta,Bueno,Buena,Diurna,Buen Tiempo,Lateral,S/D,Colisión,Ninguna,Vertical,Cordón divisorio,Sin restricción
2018,1216,2018-01-11,Jueves,0,17:15:00,,0.0,2,"Automóvil,Moto/Ciclomotor",17 de Octubre Y Nogues,2,1,0,0,1,0,0,"-33.013083333333,-60.609361111111",Calle,,VILLA GOBERNADOR GÁLVEZ,Rosario,Asfalto,No existe,II,S/D,Urbana,Ninguna,No existe,Intersección,Bueno,Buena,Diurna,Buen Tiempo,S/D,S/D,Colisión,Ninguna,Faltante,Ninguna,Sin restricción
2018,1217,2018-01-24,Miercoles,0,16:15:00,,0.0,2,"Automóvil,Moto/Ciclomotor",Av Juan Domingo Peron 1000,2,1,0,0,1,0,0,"-33.013305555556,-60.616083333333",Calle,,VILLA GOBERNADOR GÁLVEZ,Rosario,Asfalto,Pavimento,II,S/D,Urbana,Ninguna,No existe,Recta,Bueno,Buena,Diurna,Buen Tiempo,Lateral,S/D,Colisión,Ninguna,Faltante,Ninguna,Sin restricción
2018,1218,2018-02-19,Lunes,0,01:40:00,,0.0,1,Moto/Ciclomotor,Av Juan Domingo Peron Y Fornieles,2,2,0,0,0,0,0,"-33.021694444444,-60.621555555556",Avenida,,VILLA GOBERNADOR GÁLVEZ,Rosario,Asfalto,No existe,II,Dentro,Urbana,Ninguna,No existe,Intersección,Bueno,Buena,Nocturna,Buen Tiempo,Contra objeto fijo,S/D,Colisión,Ninguna,Faltante,Cordón divisorio,Sin restricción
2018,1219,2018-02-24,Sabado,0,12:00:00,,0.0,2,"Pickup/Utilitario,Moto/Ciclomotor",Mitre Y Iriondo,3,1,0,0,2,0,0,"-33.024555555556,-60.635861111111",Calle,,VILLA GOBERNADOR GÁLVEZ,Rosario,Asfalto,No existe,II,S/D,Urbana,Ninguna,No existe,Intersección,Bueno,Buena,Diurna,Buen Tiempo,S/D,S/D,Colisión,Ninguna,Faltante,Ninguna,Sin restricción
2018,1220,2018-01-15,Lunes,0,12:45:00,,0.0,2,"Automóvil,Moto/Ciclomotor",Av Juan Domingo Peron Y Nogues,2,1,0,0,1,0,0,"-33.013305555556,-60.616083333333",Calle,,VILLA GOBERNADOR GÁLVEZ,Rosario,Asfalto,Ripio,II,Dentro,Urbana,Ninguna,No existe,Intersección,Bueno,Buena,Diurna,Buen Tiempo,Lateral,S/D,Colisión,Ninguna,Faltante,Cordón divisorio,Sin restricción