anio_acci,nro_acci,fecha,desc_dia,fecha_aprox,hora_aprox,desc_ruta,km,cant_participantes,desc_participante,calle_avenida_km,total,heridos_leves,heridos_graves,heridos_gravisimos,ilesos,fallecidos,sin_datos,posicion_XY,desc_tipo_via,desc_ruta_ori,desc_loc,desc_dpto,desc_tipo_calzada,desc_tipo_banquina,desc_unidad_regional,desc_lugar_calzada,desc_zona,desc_prioridad,desc_estado_semaforo,desc_lugar_via,desc_estado_via,desc_estado_visibilidad,desc_luminosidad,desc_estado_clima,desc_tipo_colision,desc_tipo_atropello,desc_tipo_hecho,desc_pres_calzada,desc_senializacion,desc_separacion_via,desc_restriccion
2018,1221,2018-02-18,Domingo,0,03:30:00,,0.0,2,"Moto/Ciclomotor,Peatón",San Luis Y Fornieles,2,2,0,0,0,0,0,"-33.021111111111,-60.604388888889",Calle,,VILLA GOBERNADOR GÁLVEZ,Rosario,Asfalto,No existe,II,Dentro,Urbana,Ninguna,No existe,Intersección,Con baches,Buena,Nocturna,Buen Tiempo,S/D,Peatón,Atropello,Ninguna,Faltante,Ninguna,Sin restricción
2018,1222,2018-02-20,Martes,0,16:20:00,,0.0,2,"Automóvil,Automóvil",Almte Brown Y Belgrano,3,2,0,0,1,0,0,"-33.030777777778,-60.625583333333",Calle,,VILLA GOBERNADOR GÁLVEZ,Rosario,Asfalto,No existe,II,S/D,Urbana,Ninguna,No existe,Intersección,Bueno,Buena,Diurna,Buen Tiempo,S/D,S/D,Colisión,Ninguna,Faltante,Ninguna,Sin restricción
2018,1223,2018-01-06,Sabado,0,18:30:00,,0.0,2,"Moto/Ciclomotor,Automóvil",G A Becquer Y Av Juan Domingo Peron,4,2,0,0,2,0,0,"-33.00785, -60.61403",Calle,,VILLA GOBERNADOR GÁLVEZ,Rosario,Asfalto,Pavimento,II,S/D,Urbana,Ninguna,No existe,Intersección,Bueno,Buena,Atardecer,Buen Tiempo,S/D,S/D,Colisión,Ninguna,S/D,Ninguna,Sin restricción
2018,1224,2018-02-17,Sabado,0,09:40:00,,0.0,2,"Pickup/Utilitario,Moto/Ciclomotor",La Rioja Y Belgrano,3,2,0,0,1,0,0,"-33.02675,-60.621305555556",Calle,,VILLA GOBERNADOR GÁLVEZ,Rosario,Asfalto,No existe,II,Dentro,Urbana,Ninguna,No existe,Intersección,Con baches,Buena,Diurna,Buen Tiempo,Lateral,S/D,Colisión,Ninguna,Vertical,Ninguna,Sin restricción
2018,1225,2018-02-19,Lunes,0,18:45:00,,0.0,2,"Moto/Ciclomotor,Automóvil",Buenos Aires Y Ing Mosconi,2,1,0,0,0,0,1,"-33.025777777778,-60.638555555556",Calle,,VILLA GOBERNADOR GÁLVEZ,Rosario,Asfalto,No existe,II,S/D,Urbana,Ninguna,No existe,Intersección,Bueno,Buena,Diurna,Buen Tiempo,S/D,S/D,Colisión,Ninguna,Faltante,Ninguna,Sin restricción
2018,1226,2018-02-07,Miercoles,0,18:45:00,,0.0,2,"Automóvil,Moto/Ciclomotor",Av Filipini Y Soldado Aguirre,4,2,0,0,2,0,0,"-33.029555555556,-60.637027777778",Calle,,VILLA GOBERNADOR GÁLVEZ,Rosario,Asfalto,No existe,II,S/D,Urbana,Ninguna,No existe,Intersección,Bueno,Buena,Diurna,Buen Tiempo,S/D,S/D,Colisión,Ninguna,Horizontal,Ninguna,Sin restricción
2018,1227,2018-02-08,Jueves,0,12:05:00,,0.0,2,"Automóvil,Moto/Ciclomotor",Av Gral San Martin Y Chubut,2,1,0,0,1,0,0,"-33.033277777778,-60.617416666667",Avenida,,VILLA GOBERNADOR GÁLVEZ,Rosario,Asfalto,No existe,II,Dentro,Urbana,Semáforo,Funciona,Intersección,Bueno,Buena,Diurna,Buen Tiempo,Lateral,S/D,Colisión,Ninguna,Vertical,Cordón divisorio,Sin restricción
2018,1228,2018-02-04,Domingo,0,01:30:00,,0.0,2,"Automóvil,Automóvil",Alberdi Y Belgrano,3,1,0,0,2,0,0,"-33.029929673218, -60.624649943267",Calle,,VILLA GOBERNADOR GÁLVEZ,Rosario,Asfalto,No existe,II,Dentro,Urbana,Ninguna,No existe,Intersección,Bueno,Buena,Nocturna,Buen Tiempo,S/D,S/D,Colisión,Ninguna,Faltante,Ninguna,Sin restricción
2018,1229,2018-01-09,Martes,0,15:00:00,Ruta Secundaria 22-s,0.0,2,"Moto/Ciclomotor,Automóvil",Soldado Aguirre Y Ruta Prov 22 S,2,1,0,0,1,0,0,"-33.029916666667,-60.656027777778",Ruta,22-s,VILLA GOBERNADOR GÁLVEZ,Rosario,Asfalto,Ripio,II,S/D,Urbana,Ninguna,No existe,Intersección,Bueno,Buena,Diurna,Buen Tiempo,Lateral,S/D,Colisión,Material Suelto,Faltante,Guardarrail,Sin restricción
2018,1230,2018-01-04,Jueves,0,16:00:00,,0.0,2,"Moto/Ciclomotor,Moto/Ciclomotor",A F Temporelli 3050,2,0,1,0,1,0,0,"-33.036694444444,-60.652833333333",Calle,,VILLA GOBERNADOR GÁLVEZ,Rosario,Asfalto,No existe,II,Dentro,Urbana,Ninguna,No existe,Recta,Bueno,Buena,Diurna,Buen Tiempo,Lateral,S/D,Colisión,Ninguna,Faltante,Ninguna,Sin restricción
2018,1231,2018-02-03,Sabado,0,12:00:00,,0.0,2,"Automóvil,Moto/Ciclomotor",Eva Peron Y Pasteur,2,1,0,0,1,0,0,"-33.027769798315, -60.623947308280",Calle,,VILLA GOBERNADOR GÁLVEZ,Rosario,Asfalto,No existe,II,S/D,Urbana,Ninguna,No existe,Intersección,Bueno,Buena,Diurna,Buen Tiempo,S/D,S/D,Colisión,S/D,Faltante,Ninguna,Sin restricción
2018,1232,2018-01-06,Sabado,0,22:00:00,,0.0,2,"Moto/Ciclomotor,Automóvil",Uruguay Y Av Gral San Martin,4,2,0,0,2,0,0,"-33.031027777778,-60.619166666667",Calle,,VILLA GOBERNADOR GÁLVEZ,Rosario,Asfalto,No existe,II,Dentro,Urbana,Ninguna,No existe,Intersección,Bueno,Buena,"Nocturna,Con luz artificial",Buen Tiempo,Lateral,S/D,Colisión,Ninguna,Faltante,Ninguna,Sin restricción
2018,1233,2018-02-08,Jueves,0,16:00:00,,0.0,2,"Automóvil,Moto/Ciclomotor",Av Gral San Martin Y Camino Guere?o,2,1,0,0,1,0,0,"-33.032638888889,-60.617916666667",Calle,,VILLA GOBERNADOR GÁLVEZ,Rosario,Asfalto,No existe,II,Dentro,Urbana,Semáforo,Funciona,Intersección,Bueno,Buena,Diurna,Buen Tiempo,Lateral,S/D,Colisión,Ninguna,Faltante,Cordón divisorio,Sin restricción
2018,1234,2018-02-03,Sabado,0,22:15:00,,0.0,2,"Moto/Ciclomotor,Automóvil",Bv. Segui Y Constitucion,3,2,0,0,0,0,1,"-32.972694444444,-60.681944444444",Avenida,,ROSARIO,Rosario,Asfalto,No existe,II,Dentro,Urbana,Señal Pare,No existe,Intersección,Bueno,Buena,Nocturna,Buen Tiempo,S/D,S/D,Colisión,Ninguna,"Horizontal,Vertical",Cordón divisorio,Sin restricción
2018,1235,2018-01-18,Jueves,0,20:30:00,Ruta Provincial 21,0.0,2,"Moto/Ciclomotor,Automóvil",Av Gral San Martin ,4,2,0,0,2,0,0,"-33.0317, -60.61873",Ruta,21,VILLA GOBERNADOR GÁLVEZ,Rosario,Asfalto,No existe,II,Dentro,Urbana,Semáforo,Funciona,Intersección,Bueno,Buena,"Nocturna,Con luz artificial",Buen Tiempo,Lateral,S/D,Colisión,Ninguna,Faltante,Ninguna,Sin restricción
2018,1236,2018-01-01,Lunes,0,09:30:00,,0.0,2,"Moto/Ciclomotor,Automóvil",Laprida Y Belgrano,3,2,0,0,1,0,0,"-33.025916666667,-60.620638888889",Calle,,VILLA GOBERNADOR GÁLVEZ,Rosario,Asfalto,No existe,II,Dentro,Urbana,Ninguna,No existe,Intersección,Bueno,Buena,Diurna,Buen Tiempo,Lateral,S/D,Colisión,Ninguna,Faltante,Ninguna,Sin restricción
2018,1237,2018-02-05,Lunes,0,18:50:00,,0.0,2,"Moto/Ciclomotor,Automóvil",Eva Peron Y Laprida,2,2,0,0,0,0,0,"-33.025305555556,-60.621611111111",Calle,,VILLA GOBERNADOR GÁLVEZ,Rosario,Asfalto,No existe,II,Dentro,Urbana,Ninguna,No existe,Intersección,Con baches,Buena,Atardecer,Buen Tiempo,Lateral,S/D,Colisión,Ninguna,Faltante,Ninguna,Sin restricción
2018,1238,2018-02-08,Jueves,0,14:20:00,,0.0,2,"Bicicleta,Automóvil",Bv. Segui Y Cafferata,2,1,0,0,0,0,1,"-32.973194444444,-60.679222222222",Avenida,,ROSARIO,Rosario,Asfalto,No existe,II,Dentro,Urbana,S/D,Funciona,Intersección,Bueno,Buena,Diurna,Buen Tiempo,De alcance,Ciclista,Atropello,Ninguna,"Horizontal,Vertical",Cordón divisorio,Sin restricción
2018,1239,2018-01-16,Martes,0,10:00:00,,0.0,2,"Moto/Ciclomotor,Automóvil",Tucuman Y Av Leandro Alem,3,2,0,0,1,0,0,"-33.028,-60.619388888889",Calle,,VILLA GOBERNADOR GÁLVEZ,Rosario,Asfalto,No existe,II,Dentro,Urbana,Ninguna,No existe,Intersección,Bueno,Buena,Diurna,Buen Tiempo,Lateral,S/D,Colisión,Ninguna,Faltante,Ninguna,Sin restricción
2018,1240,2018-01-03,Miercoles,0,12:45:00,,0.0,2,"Moto/Ciclomotor,Automóvil",Av Gral San Martin Y Moreno,2,1,0,0,1,0,0,"-33.024583333333,-60.625861111111",Calle,,VILLA GOBERNADOR GÁLVEZ,Rosario,Asfalto,No existe,II,Dentro,Urbana,Ninguna,No existe,Intersección,Bueno,Buena,Diurna,Buen Tiempo,Lateral,S/D,Colisión,Ninguna,Faltante,Ninguna,Sin restricción
2018,1241,2018-02-04,Domingo,0,21:20:00,,0.0,2,"Peatón,Automóvil",Laprida ,2,1,0,0,1,0,0,"-33.025305,-60.621626",Calle,,VILLA GOBERNADOR GÁLVEZ,Rosario,Asfalto,No existe,II,Dentro,Urbana,Señal Pare,No existe,Recta,Con baches,Buena,Nocturna,Buen Tiempo,S/D,Peatón,Atropello,Ninguna,Horizontal,Ninguna,Sin restricción
2018,1242,2018-02-08,Jueves,0,13:30:00,,0.0,2,"Bicicleta,Pickup/Utilitario",Av. Ovidio Lagos Y Uruguay,2,1,0,0,1,0,0,"-32.972638888889,-60.668861111111",Avenida,,ROSARIO,Rosario,Asfalto,No existe,II,S/D,Urbana,Señal Ceda el Paso,No existe,Intersección,Bueno,Buena,Diurna,Buen Tiempo,Frontal,Ciclista,Atropello,Ninguna,Horizontal,Cordón divisorio,Sin restricción
2018,1243,2018-01-23,Martes,0,12:30:00,,0.0,2,"Automóvil,Transporte de Pasajeros Urbano (> 8 asientos)",Av Gral San Martin Y Bv San diego,3,1,0,0,2,0,0,"-33.019277777778,-60.631444444444",Calle,,VILLA GOBERNADOR GÁLVEZ,Rosario,Asfalto,No existe,II,Dentro,Urbana,Semáforo,Funciona,Intersección,Bueno,Buena,"Diurna,Con luz artificial",Buen Tiempo,De alcance,S/D,Colisión,Ninguna,Vertical,Ninguna,Sin restricción
2018,1244,2018-02-01,Jueves,0,07:40:00,,0.0,2,"Moto/Ciclomotor,Automóvil",Av Gral San Martin Y G Lopez,2,1,0,0,1,0,0,"-33.017444444444,-60.633111111111",Avenida,,VILLA GOBERNADOR GÁLVEZ,Rosario,Asfalto,No existe,II,Dentro,Urbana,Señal Pare,No existe,Intersección,Bueno,Buena,Diurna,Buen Tiempo,Lateral,S/D,Colisión,S/D,Faltante,Cordón divisorio,Sin restricción
2018,1245,2018-02-09,Viernes,0,16:10:00,,0.0,2,"Peatón,Moto/Ciclomotor",Pje. Lejarza Y Pje. Manantiales,2,1,0,0,0,0,1,"-32.966439851961, -60.691689089596",Calle,,ROSARIO,Rosario,Asfalto,No existe,II,S/D,Urbana,Ninguna,No existe,Intersección,Bueno,Buena,Diurna,Buen Tiempo,Lateral,Peatón,Atropello,Ninguna,Faltante,Ninguna,Sin restricción
2018,1246,2018-01-16,Martes,0,00:00:00,,0.0,2,"Automóvil,Moto/Ciclomotor",Soldado Aguirre Y Richieri,2,0,1,0,1,0,0,"-33.029833333333,-60.653222222222",Calle,,VILLA GOBERNADOR GÁLVEZ,Rosario,Asfalto,No existe,II,S/D,Urbana,Ninguna,No existe,Intersección,Bueno,Buena,Nocturna,Buen Tiempo,Lateral,S/D,Colisión,Material Suelto,Faltante,Ninguna,Sin restricción
2018,1247,2018-02-02,Viernes,0,,,0.0,2,"Moto/Ciclomotor,Automóvil",Av Juan Domingo Peron Y Bv San diego,2,1,0,0,1,0,0,"-33.01924, -60.63145",S/D,,VILLA GOBERNADOR GÁLVEZ,Rosario,Asfalto,No existe,II,Dentro,Urbana,Semáforo,Funciona,Intersección,Bueno,Buena,Nocturna,Buen Tiempo,Lateral,S/D,Colisión,Ninguna,Vertical,Cordón divisorio,Sin restricción
2018,1248,2018-01-10,Miercoles,0,06:40:00,,0.0,2,"Moto/Ciclomotor,Automóvil",Cordoba Y Alvear,2,1,0,0,1,0,0,"-33.01431, -60.61177",Calle,,VILLA GOBERNADOR GÁLVEZ,Rosario,Asfalto,No existe,II,Dentro,Urbana,Ninguna,No existe,Intersección,Otro,Buena,Nocturna,Buen Tiempo,Otro,S/D,Colisión,Ninguna,Faltante,Ninguna,Sin restricción
2018,1249,2018-01-23,Martes,0,14:30:00,,0.0,2,"Automóvil,Moto/Ciclomotor",Pascual Rosas 1800,2,1,0,0,1,0,0,"-32.94988, -60.68896",Calle,,ROSARIO,Rosario,Asfalto,No existe,II,Dentro,Urbana,Ninguna,No existe,Recta,Bueno,Buena,Diurna,Buen Tiempo,Lateral,S/D,Colisión,Ninguna,S/D,Ninguna,Sin restricción
2018,1250,2018-02-10,Sabado,0,07:00:00,,0.0,2,"Automóvil,Automóvil",Bv. Segui Y Bv. Avellaneda,2,1,0,0,1,0,0,"-32.971694444444,-60.687305555556",Avenida,,ROSARIO,Rosario,Asfalto,No existe,II,Dentro,Urbana,Semáforo,Funciona,Intersección,Bueno,Buena,Diurna,Buen Tiempo,De alcance,S/D,Colisión,Ninguna,"Horizontal,Vertical",Cordón divisorio,Sin restricción
2018,1251,2018-02-09,Viernes,0,22:30:00,,0.0,2,"Automóvil,Moto/Ciclomotor",Av Juan Domingo Peron Y I A Edison,2,1,0,0,1,0,0,"-33.015944444444,-60.615583333333",Calle,,VILLA GOBERNADOR GÁLVEZ,Rosario,Asfalto,No existe,II,S/D,Urbana,Ninguna,No existe,Recta,Deteriorada,Buena,Nocturna,Buen Tiempo,De alcance,S/D,Colisión,Ninguna,Faltante,Ninguna,Sin restricción
2018,1252,2018-01-15,Lunes,0,,,0.0,2,"Peatón,Moto/Ciclomotor",Mendoza Y Av. Provincias Unidas,3,1,0,0,2,0,0,"-32.940166666667,-60.712611111111",Calle,,ROSARIO,Rosario,Asfalto,No existe,II,Dentro,Urbana,Ninguna,S/D,Intersección,Bueno,S/D,S/D,Buen Tiempo,S/D,Peatón,Atropello,Ninguna,S/D,Ninguna,Sin restricción
2018,1253,2018-02-11,Domingo,0,11:50:00,,0.0,2,"Automóvil,Moto/Ciclomotor",Av. Ovidio Lagos Y Pje. Patria,2,1,0,0,1,0,0,"-33.000170648405, -60.675211633363",Avenida,,ROSARIO,Rosario,Asfalto,No existe,II,Dentro,Urbana,S/D,No existe,Intersección,Bueno,Buena,Diurna,Buen Tiempo,Lateral,S/D,Colisión,Ninguna,"Horizontal,Vertical",Cordón divisorio,Sin restricción
2018,1254,2018-01-06,Sabado,0,,,0.0,2,"Moto/Ciclomotor,Taxi/Remis",Colombia A Y Pje. Hudson,2,1,0,0,1,0,0,"-32.946277777778,-60.715888888889",Calle,,ROSARIO,Rosario,Asfalto,No existe,II,Dentro,Urbana,Ninguna,S/D,Intersección,Bueno,Buena,S/D,Buen Tiempo,De alcance,S/D,Colisión,Ninguna,S/D,Ninguna,Sin restricción
2018,1255,2018-02-07,Miercoles,0,17:30:00,,0.0,2,"Bicicleta,Automóvil",Bv. Avellaneda Y Av. Uriburu,2,1,0,0,1,0,0,"-32.991888888889,-60.689333333333",Avenida,,ROSARIO,Rosario,Asfalto,No existe,II,S/D,Urbana,S/D,Funciona,Intersección,Bueno,Buena,Atardecer,Buen Tiempo,S/D,Ciclista,Atropello,Ninguna,"Horizontal,Vertical",Cordón divisorio,Sin restricción
2018,1256,2018-01-01,Lunes,0,,,0.0,2,"Bicicleta,Moto/Ciclomotor",Mejico 846,2,1,0,0,1,0,0,"-32.937583333333,-60.718555555556",Calle,,ROSARIO,Rosario,Asfalto,No existe,II,Dentro,Urbana,Ninguna,No existe,Recta,Bueno,S/D,S/D,Buen Tiempo,S/D,Ciclista,Atropello,Ninguna,S/D,Ninguna,Sin restricción
2018,1257,2018-02-01,Jueves,1,,,0.0,2,"Automóvil,Transporte de Pasajeros Urbano (> 8 asientos)", ,9,3,0,0,6,0,0,"-32.947469,-60.675483",S/D,,ROSARIO,Rosario,S/D,S/D,II,S/D,S/D,S/D,S/D,S/D,S/D,S/D,S/D,S/D,S/D,S/D,S/D,S/D,S/D,S/D,S/D
2018,1258,2018-01-18,Jueves,0,20:40:00,,0.0,2,"Automóvil,Moto/Ciclomotor",Amenabar Y Campbell,2,1,0,0,1,0,0,"-32.963833333333,-60.707055555556",Calle,,ROSARIO,Rosario,Asfalto,Pavimento,II,S/D,Urbana,S/D,No existe,Recta,Bueno,S/D,S/D,S/D,S/D,S/D,Colisión,S/D,S/D,S/D,S/D
2018,1259,2018-02-14,Miercoles,0,11:15:00,,0.0,2,"Automóvil,Moto/Ciclomotor",Bv. Avellaneda Y Gaboto,2,1,0,0,1,0,0,"-32.966,-60.685805555556",Avenida,,ROSARIO,Rosario,Asfalto,No existe,II,Dentro,Urbana,Paso Peatonal,No existe,Intersección,Bueno,Buena,Diurna,Buen Tiempo,Frontal,S/D,Colisión,Ninguna,Horizontal,Cordón divisorio,Sin restricción
2018,1260,2018-02-18,Domingo,0,17:30:00,,0.0,2,"Transporte de Pasajeros Urbano (> 8 asientos),Moto/Ciclomotor",Bv. Segui Y San Nicolas,2,0,1,0,1,0,0,"-32.972944444444,-60.680583333333",Calle,,ROSARIO,Rosario,Asfalto,No existe,II,S/D,Urbana,Semáforo,Funciona,Intersección,Bueno,Buena,Diurna,Buen Tiempo,Lateral,S/D,Colisión,Ninguna,"Horizontal,Vertical",Cordón divisorio,Sin restricción
2018,1261,2018-01-27,Sabado,0,13:45:00,,0.0,2,"Automóvil,Bicicleta",Calle 1809 Y Roullon,2,1,0,0,1,0,0,"-32.974722222222,-60.700916666667",Calle,,ROSARIO,Rosario,Asfalto,No existe,II,S/D,Urbana,S/D,No existe,Recta,Bueno,Buena,Diurna,S/D,S/D,S/D,Colisión,S/D,S/D,S/D,S/D
2018,1262,2018-02-19,Lunes,0,19:50:00,,0.0,2,"Moto/Ciclomotor,Automóvil",Av. Ovidio Lagos Y Saavedra,2,1,0,0,1,0,0,"-32.973777777778,-60.669138888889",Avenida,,ROSARIO,Rosario,Asfalto,No existe,II,Dentro,Urbana,Señal Ceda el Paso,No existe,Intersección,Bueno,Buena,Atardecer,Buen Tiempo,Lateral,S/D,Colisión,Ninguna,"Horizontal,Vertical",Cordón divisorio,Sin restricción
2018,1263,2018-02-16,Viernes,0,07:00:00,,0.0,2,"Moto/Ciclomotor,Automóvil",Pje. 2012 7700,2,1,0,0,1,0,0,"-33.0063646,-60.6881563",Calle,,ROSARIO,Rosario,Asfalto,No existe,II,Dentro,Urbana,Ninguna,No existe,Recta,Bueno,Buena,Amanecer,Buen Tiempo,Lateral,S/D,Colisión,Ninguna,Faltante,Ninguna,Sin restricción
2018,1264,2018-01-02,Martes,0,06:25:00,,0.0,2,"Automóvil,Moto/Ciclomotor",Biselli Y Roullon,3,2,0,0,1,0,0,"-32.971972222222,-60.701",Calle,,ROSARIO,Rosario,Asfalto,S/D,II,S/D,Urbana,Ninguna,No existe,Recta,Bueno,Buena,Diurna,Buen Tiempo,S/D,S/D,Colisión,Ninguna,Faltante,S/D,S/D
2018,1265,2018-01-12,Viernes,0,18:15:00,Ruta Provincial 21,14.0,5,"Automóvil,Pickup/Utilitario,Automóvil,Pickup/Utilitario,Automóvil", ,10,3,0,0,7,0,0,"-33.13398, -60.52311",Ruta,21,GENERAL LAGOS,Rosario,Asfalto,Natural,II,Dentro,Urbana,Ninguna,Funciona,Recta,Bueno,Buena,Atardecer,Buen Tiempo,Múltiple,S/D,Colisión,Ninguna,Faltante,Ninguna,Sin restricción
2018,1266,2018-02-10,Sabado,0,18:10:00,,0.0,2,"Moto/Ciclomotor,Automóvil",Dean Funes Y Rio De Janeiro,2,1,0,0,1,0,0,"-32.968027777778,-60.687861111111",Calle,,ROSARIO,Rosario,Asfalto,No existe,II,Dentro,Urbana,Ninguna,No existe,Intersección,Bueno,Buena,Atardecer,Buen Tiempo,Frontal,S/D,Colisión,Ninguna,Faltante,Ninguna,Sin restricción
2018,1267,2018-02-20,Martes,0,13:55:00,,0.0,2,"Pickup/Utilitario,Moto/Ciclomotor",Av. Francia Y Gaboto,2,1,0,0,1,0,0,"-32.968416666667,-60.672444444444",Avenida,,ROSARIO,Rosario,Asfalto,No existe,II,S/D,Urbana,Ninguna,No existe,Intersección,Bueno,Buena,Diurna,Buen Tiempo,S/D,S/D,Colisión,Ninguna,S/D,Cordón divisorio,Sin restricción
2018,1268,2018-01-04,Jueves,0,17:50:00,Ruta Provincial 21,12.0,2,"Moto/Ciclomotor,Camión", ,2,1,0,0,1,0,0,"-33.12943, -60.52699",Ruta,21,GENERAL LAGOS,Rosario,Asfalto,Natural,II,Fuera,Urbana,Ninguna,No existe,Intersección,Bueno,Buena,Atardecer,Buen Tiempo,Otro,S/D,Otro,Ninguna,Faltante,Ninguna,Sin restricción
2018,1269,2018-02-16,Viernes,0,23:00:00,,0.0,2,"Moto/Ciclomotor,Automóvil",Dean Funes Y Colon,2,1,0,0,1,0,0,"-32.977888888889,-60.632888888889",Calle,,ROSARIO,Rosario,Asfalto,No existe,II,Dentro,Urbana,Marca Vial,No existe,Intersección,Bueno,Buena,Con luz artificial,Buen Tiempo,Lateral,S/D,Atropello,Ninguna,Vertical,Línea divisoria pintada,Sin restricción
2018,1270,2018-02-10,Sabado,0,11:30:00,,0.0,2,"Camión Chasis,Transporte de Pasajeros Urbano (> 8 asientos)",Laprida Y Rueda,3,2,0,0,1,0,0,"-32.97175,-60.640444444444",Calle,,ROSARIO,Rosario,Asfalto,No existe,II,Dentro,Urbana,Marca Vial,No existe,Intersección,Bueno,Buena,Diurna,Buen Tiempo,Lateral,S/D,Colisión,Ninguna,Vertical,Línea divisoria pintada,Sin restricción
2018,1271,2018-02-21,Miercoles,0,15:30:00,Autopista Nacional A008,0.0,2,"Automóvil,Automóvil",Av. Ovidio Lagos Y Av. Circunvalacion,2,1,0,0,1,0,0,"-33.009194444444,-60.67725",Autopista,A008,ROSARIO,Rosario,Asfalto,No existe,II,Dentro,Urbana,Semáforo,Funciona,Intersección,Bueno,Buena,Diurna,Buen Tiempo,De alcance,S/D,Colisión,Ninguna,Vertical,Cordón divisorio,Sin restricción
2018,1272,2018-02-04,Domingo,0,23:43:00,,0.0,2,"Moto/Ciclomotor,Automóvil",Bv. Segui Y Grandoli,2,1,0,0,1,0,0,"-32.982339322874, -60.628069127718",Calle,,ROSARIO,Rosario,Asfalto,No existe,II,Dentro,Urbana,Marca Vial,No existe,Intersección,Bueno,Buena,Con luz artificial,Buen Tiempo,Lateral,S/D,Colisión,Ninguna,Faltante,Cordón divisorio,Sin restricción
2018,1273,2018-02-26,Lunes,0,13:15:00,,0.0,2,"Automóvil,Moto/Ciclomotor",San Martin Y R.de Pineda,2,1,0,0,1,0,0,"-33.009194444444,-60.650611111111",Avenida,,ROSARIO,Rosario,Asfalto,Pavimento,II,S/D,Urbana,Otra Señal,Funciona,Intersección,Bueno,Buena,Diurna,Buen Tiempo,De alcance,S/D,Colisión,Ninguna,Faltante,Barrera de hormigón,Sin restricción
2018,1274,2018-01-05,Viernes,0,12:30:00,,0.0,2,"Automóvil,Automóvil",San Luis Y Espora,2,1,0,0,1,0,0,"-33.023527777778,-60.604305555556",Calle,,VILLA GOBERNADOR GÁLVEZ,Rosario,Asfalto,No existe,II,Dentro,Urbana,Ninguna,No existe,Intersección,Bueno,Buena,Diurna,Buen Tiempo,Lateral,S/D,Colisión,Ninguna,Faltante,Ninguna,Sin restricción
2018,1275,2018-01-28,Domingo,0,14:20:00,Ruta Provincial 70,44.0,1,Moto/Ciclomotor, ,2,2,0,0,0,0,0,"-31.38044, -61.13049",Ruta,70,HUMBOLDT,Las Colonias,Asfalto,Natural,XI,Fuera,Urbana,Ninguna,No existe,Curva,Bueno,Buena,Diurna,Buen Tiempo,Otro,S/D,"Caída ocupante,Despiste",Ninguna,Vertical,Línea divisoria pintada,Sin restricción
2018,1276,2018-01-15,Lunes,0,12:40:00,,0.0,2,"Pickup/Utilitario,Moto/Ciclomotor",Marcos Paz Y Juan Pablo II,2,1,0,0,1,0,0,"-32.939286143640, -60.721928982373",Calle,,ROSARIO,Rosario,Asfalto,S/D,II,Dentro,Urbana,Ninguna,S/D,Intersección,Bueno,S/D,Diurna,S/D,S/D,S/D,Colisión,S/D,S/D,Ninguna,S/D
2018,1277,2018-01-20,Sabado,0,12:30:00,,0.0,2,"Moto/Ciclomotor,Automóvil",Angel Carranza Y Santa Fe,2,1,0,0,1,0,0,"-32.936138888889,-60.729",Calle,,ROSARIO,Rosario,Asfalto,No existe,II,Dentro,Urbana,S/D,No existe,Intersección,Bueno,S/D,Diurna,S/D,S/D,S/D,Colisión,S/D,S/D,S/D,S/D
2018,1278,2018-02-04,Domingo,0,03:30:00,,0.0,2,"Bicicleta,Moto/Ciclomotor",24 De Setiembre Y Esmeralda,3,3,0,0,0,0,0,"-32.983206173948, -60.629943423756",Calle,,ROSARIO,Rosario,Asfalto,No existe,II,Dentro,Urbana,Marca Vial,No existe,Intersección,Bueno,Buena,Con luz artificial,Buen Tiempo,Lateral,S/D,Colisión,Ninguna,Vertical,Línea divisoria pintada,Sin restricción
2018,1279,2018-01-04,Jueves,0,12:20:00,,0.0,2,"Camión c / Acoplado,Automóvil",Mendoza Y Mejico,2,1,0,0,1,0,0,"-32.940333333333,-60.718416666667",Avenida,,ROSARIO,Rosario,Asfalto,S/D,II,Dentro,Urbana,S/D,No existe,Recta,Bueno,S/D,Diurna,S/D,S/D,S/D,Atropello,S/D,S/D,Cordón divisorio,S/D
2018,1280,2018-02-03,Sabado,0,20:00:00,,0.0,1,Otros,Rueda Y 1 de Mayo,1,1,0,0,0,0,0,"-32.972555555556,-60.635861111111",Calle,,ROSARIO,Rosario,Asfalto,No existe,II,Dentro,Urbana,Marca Vial,No existe,Recta,Bueno,Buena,Atardecer,Buen Tiempo,Contra objeto fijo,S/D,Colisión,Ninguna,Vertical,Línea divisoria pintada,Sin restricción