anio_acci,nro_acci,fecha,desc_dia,fecha_aprox,hora_aprox,desc_ruta,km,cant_participantes,desc_participante,calle_avenida_km,total,heridos_leves,heridos_graves,heridos_gravisimos,ilesos,fallecidos,sin_datos,posicion_XY,desc_tipo_via,desc_ruta_ori,desc_loc,desc_dpto,desc_tipo_calzada,desc_tipo_banquina,desc_unidad_regional,desc_lugar_calzada,desc_zona,desc_prioridad,desc_estado_semaforo,desc_lugar_via,desc_estado_via,desc_estado_visibilidad,desc_luminosidad,desc_estado_clima,desc_tipo_colision,desc_tipo_atropello,desc_tipo_hecho,desc_pres_calzada,desc_senializacion,desc_separacion_via,desc_restriccion
2018,1281,2018-01-16,Martes,0,11:00:00,,0.0,2,"Moto/Ciclomotor,Automóvil",Av. San Jose De Calasanz Y Pje. Gallegos,2,1,0,0,1,0,0,"-32.940388888889,-60.747583333333",Calle,,ROSARIO,Rosario,Asfalto,Ripio,II,S/D,Urbana,Ninguna,No existe,Recta,Con baches,S/D,Diurna,S/D,S/D,S/D,Otro,S/D,S/D,S/D,S/D
2018,1282,2018-02-01,Jueves,0,04:00:00,,0.0,1,Moto/Ciclomotor,Esmeralda 3800,2,0,1,0,1,0,0,"-32.984361111111,-60.63025",Calle,,ROSARIO,Rosario,Asfalto,No existe,II,S/D,Urbana,Marca Vial,No existe,Recta,Bueno,Buena,Con luz artificial,Buen Tiempo,Contra objeto fijo,S/D,Colisión,Ninguna,Vertical,Línea divisoria pintada,Sin restricción
2018,1283,2018-02-15,Jueves,0,18:00:00,,0.0,2,"Peatón,Automóvil",G.Carrasco Y Solis,2,1,0,0,1,0,0,"-32.920722222222,-60.704194444444",Calle,,ROSARIO,Rosario,Asfalto,No existe,II,Dentro,Urbana,Ninguna,S/D,Recta,Bueno,Buena,Nocturna,Buen Tiempo,Otro,Peatón,Atropello,Ninguna,Faltante,Ninguna,Sin restricción
2018,1284,2018-01-28,Domingo,0,21:00:00,Autopista Nacional Rosario -Cordoba,302.0,2,"Camión c / Acoplado,Automóvil", ,3,1,1,0,1,0,0,"-32.92765,-60.89569",Autopista,Rosario -Córdoba,ROSARIO,Rosario,Asfalto,Ripio,II,Dentro,Rural,S/D,No existe,Recta,Ahuellamiento,S/D,Nocturna,S/D,S/D,S/D,Colisión,S/D,S/D,S/D,S/D
2018,1285,2018-01-02,Martes,0,08:10:00,,0.0,2,"Bicicleta,Automóvil",Rio De Janeiro Y Av. Pte.Peron,2,1,0,0,1,0,0,"-32.957666666667,-60.685277777778",S/D,,ROSARIO,Rosario,Asfalto,No existe,II,S/D,Urbana,Marca Vial,No existe,Intersección,Bueno,Buena,Diurna,Buen Tiempo,S/D,Ciclista,Atropello,Ninguna,"Horizontal,Vertical",Cordón divisorio,Sin restricción
2018,1287,2018-02-20,Martes,0,12:00:00,,0.0,2,"Moto/Ciclomotor,Bicicleta",Av. Provincias Unidas Y Jose Ingenieros,2,0,1,0,1,0,0,"-32.917111111111,-60.713638888889",Avenida,,ROSARIO,Rosario,Asfalto,No existe,II,Dentro,Urbana,Ninguna,No existe,Recta,Bueno,Buena,Diurna,Buen Tiempo,Otro,S/D,Atropello,Ninguna,Faltante,Cordón divisorio,Sin restricción
2018,1288,2018-02-08,Jueves,0,18:30:00,Ruta Provincial 21,285.0,2,"Moto/Ciclomotor,Pickup/Utilitario",R.de Escalada ,2,0,1,0,1,0,0,"-33.10152, -60.55539",Ruta,21,ROSARIO,Rosario,Asfalto,No existe,II,Dentro,Urbana,Ninguna,No existe,Intersección,Con baches,Buena,Diurna,Buen Tiempo,Lateral,S/D,Colisión,Ninguna,Faltante,Línea divisoria pintada,Sin restricción
2018,1289,2018-02-24,Sabado,0,20:00:00,,0.0,4,"Pickup/Utilitario,Automóvil,Automóvil,Automóvil",J.J.Paso Y Olavarria Bis,7,5,0,0,2,0,0,"-32.919944444444,-60.704361111111",Avenida,,ROSARIO,Rosario,Asfalto,No existe,II,Dentro,Urbana,Ninguna,No existe,Recta,Bueno,Buena,Nocturna,Buen Tiempo,Múltiple,S/D,Colisión,Ninguna,Faltante,Ninguna,Sin restricción
2018,1290,2018-02-10,Sabado,0,,,0.0,2,"Bicicleta,Automóvil",Lituania Y Pje Chapo Bis,2,0,1,0,1,0,0,"-32.999379791987, -60.621099232627",Calle,,ROSARIO,Rosario,Asfalto,No existe,II,Dentro,Urbana,Ninguna,No existe,Intersección,Bueno,Buena,Diurna,Buen Tiempo,Lateral,Ciclista,Atropello,Ninguna,Faltante,Ninguna,Sin restricción
2018,1291,2018-02-20,Martes,0,22:00:00,,0.0,2,"Moto/Ciclomotor,Peatón",Santa Fe Y Pueyrredon,4,0,0,0,0,0,4,"-32.941638888889,-60.657055555556",Calle,,ROSARIO,Rosario,Asfalto,No existe,II,S/D,Urbana,Semáforo,Funciona,Recta,Con baches,Buena,"Nocturna,Con luz artificial",Buen Tiempo,Otro,S/D,Colisión,Ninguna,Faltante,Barrera de hormigón,Sin restricción
2018,1292,2018-02-12,Lunes,0,22:50:00,,0.0,2,"Bicicleta,Automóvil",Peru Y J.J.Paso,2,1,0,0,1,0,0,"-32.920166666667,-60.71225",Avenida,,ROSARIO,Rosario,Asfalto,No existe,II,Dentro,Urbana,Ninguna,No existe,Recta,Bueno,Buena,Nocturna,Buen Tiempo,De alcance,Ciclista,Atropello,Ninguna,Faltante,Línea divisoria pintada,Sin restricción
2018,1293,2018-02-09,Viernes,0,19:15:00,,0.0,2,"Automóvil,Pickup/Utilitario",Tucuman Y Suipacha,5,2,0,0,0,0,3,"-32.937111111111,-60.663",Calle,,ROSARIO,Rosario,Asfalto,S/D,II,S/D,Urbana,Ninguna,No existe,Recta,Con baches,Buena,"Nocturna,Con luz artificial",Buen Tiempo,S/D,S/D,Colisión,S/D,Faltante,Cordón divisorio,S/D
2018,1294,2018-02-07,Miercoles,0,14:40:00,,0.0,2,"Moto/Ciclomotor,Automóvil",Nicaragua Y J.B.Justo,3,2,0,0,1,0,0,"-32.915138888889,-60.721388888889",Avenida,,ROSARIO,Rosario,Asfalto,No existe,II,Dentro,Urbana,Ninguna,No existe,Recta,Bueno,Buena,Diurna,Buen Tiempo,De alcance,S/D,Colisión,Ninguna,Faltante,Línea divisoria pintada,Sin restricción
2018,1295,2018-02-14,Miercoles,0,14:35:00,,0.0,2,"Automóvil,Moto/Ciclomotor",San Nicolas Y San Lorenzo,2,2,0,0,0,0,0,"-32.938,-60.67175",Calle,,ROSARIO,Rosario,Asfalto,Pavimento,II,S/D,Urbana,Ninguna,No existe,Recta,Con baches,S/D,S/D,Buen Tiempo,Otro,S/D,Colisión,Ninguna,S/D,Barrera de hormigón,S/D
2018,1296,2018-02-05,Lunes,0,20:20:00,,0.0,2,"Moto/Ciclomotor,Moto/Ciclomotor",Jose Ingenieros Y Barra,3,2,0,0,1,0,0,"-32.916944444444,-60.708083333333",S/D,,ROSARIO,Rosario,Asfalto,No existe,II,S/D,S/D,Ninguna,No existe,Recta,Bueno,Buena,Nocturna,Buen Tiempo,Lateral,S/D,Colisión,Ninguna,Faltante,Ninguna,Sin restricción
2018,1297,2018-01-13,Sabado,0,07:50:00,Ruta Provincial 1,815.0,1,Automóvil,Ruta Provincial 1 ,2,1,0,0,1,0,0,"-31.57944, -60.55083",Ruta,1,SAN JOSÉ DEL RINCÓN,La Capital,Asfalto,No existe,I,Dentro,Rural,Ninguna,No existe,Recta,Bueno,Buena,Diurna,Buen Tiempo,Atropello animal,S/D,Atropello,Ninguna,Vertical,Ninguna,Sin restricción
2018,1298,2018-01-05,Viernes,0,14:00:00,,0.0,2,"Pickup/Utilitario,Peatón",Paula Casta?eda 1100,2,0,1,0,1,0,0,"-31.60688, -60.56753",Calle,,SAN JOSÉ DEL RINCÓN,La Capital,Tierra,S/D,I,Dentro,Urbana,Ninguna,No existe,Recta,Con baches,S/D,S/D,Buen Tiempo,S/D,Peatón,Atropello,Ninguna,Faltante,Ninguna,Sin restricción
2018,1299,2018-01-28,Domingo,0,21:30:00,,0.0,2,"Automóvil,Transporte de Pasajeros Urbano (> 8 asientos)",Jose de San Martin Y Coronel Manuel Dorrego,3,1,0,0,2,0,0,"-31.604763157215, -60.573934691487",Calle,,SAN JOSÉ DEL RINCÓN,La Capital,Asfalto,S/D,I,S/D,Urbana,S/D,No existe,Intersección,Bueno,Buena,Atardecer,Buen Tiempo,S/D,S/D,Colisión,Material Suelto,S/D,S/D,S/D
2018,1300,2018-02-03,Sabado,0,02:15:00,,0.0,2,"Moto/Ciclomotor,Moto/Ciclomotor",Av. Sorrento Y Av. Provincias Unidas,3,1,0,0,2,0,0,"-32.907833333333,-60.714027777778",Avenida,,ROSARIO,Rosario,Asfalto,Natural,II,Dentro,Urbana,Señal Ceda el Paso,No existe,Recta,Bueno,Buena,Nocturna,Buen Tiempo,Lateral,S/D,Atropello,Ninguna,Vertical,Guardarrail,Sin restricción
2018,1301,2018-02-05,Lunes,0,12:00:00,,0.0,2,"Pickup/Utilitario,Pickup/Utilitario",9 De Julio Y Laprida,3,2,0,0,1,0,0,"-32.954583333333,-60.636055555556",Calle,,ROSARIO,Rosario,Asfalto,S/D,II,S/D,Urbana,S/D,No existe,Intersección,S/D,S/D,Diurna,S/D,S/D,S/D,Colisión,S/D,S/D,S/D,S/D
2018,1302,2018-01-04,Jueves,0,14:00:00,Ruta Nacional 168,6.0,2,"Automóvil,Moto/Ciclomotor", ,3,2,0,0,1,0,0,"-31.63967, -60.64691",Ruta,168,SANTA FE,La Capital,Asfalto,S/D,I,S/D,S/D,S/D,No existe,Distribuidor,Bueno,Buena,Diurna,Buen Tiempo,De alcance,S/D,Colisión,S/D,S/D,Barrera de hormigón,S/D
2018,1303,2018-02-02,Viernes,0,20:15:00,,0.0,2,"Pickup/Utilitario,Moto/Ciclomotor",La Republica Y Av. Provincias Unidas,2,1,0,0,1,0,0,"-32.918583333333,-60.713583333333",Avenida,,ROSARIO,Rosario,Asfalto,No existe,II,Dentro,Urbana,Ninguna,No existe,Recta,Bueno,Buena,Nocturna,Buen Tiempo,Otro,S/D,Atropello,S/D,S/D,Cordón divisorio,Sin restricción
2018,1304,2018-02-15,Jueves,0,15:25:00,,0.0,2,"Peatón,Moto/Ciclomotor",Entre Rios Y 9 De Julio,2,1,0,0,1,0,0,"-32.953305555556,-60.642805555556",Calle,,ROSARIO,Rosario,Asfalto,S/D,II,S/D,Urbana,Semáforo,S/D,Intersección,Bueno,Buena,Diurna,Buen Tiempo,Otro,Peatón,Atropello,S/D,S/D,S/D,S/D
2018,1305,2018-01-28,Domingo,0,12:40:00,Ruta Provincial 1,11.0,2,"Moto/Ciclomotor,Automóvil",Calle 10 ,3,2,0,0,1,0,0,"-31.57117, -60.5429",Ruta,1,ARROYO LEYES,La Capital,Tierra,Natural,I,Dentro,Urbana,Ninguna,No existe,Intersección,Bueno,Buena,Diurna,Buen Tiempo,Lateral,S/D,Colisión,Ninguna,Faltante,Ninguna,Sin restricción
2018,1306,2018-02-06,Martes,0,09:40:00,,0.0,2,"Moto/Ciclomotor,Automóvil",J.J.Paso 6900,2,1,0,0,1,0,0,"-32.920194444444,-60.715611111111",S/D,,ROSARIO,Rosario,Asfalto,No existe,II,S/D,S/D,Ninguna,No existe,Recta,Con baches,Buena,Diurna,Buen Tiempo,S/D,S/D,Atropello,Ninguna,Faltante,Cordón divisorio,Sin restricción
2018,1307,2018-01-21,Domingo,0,01:00:00,Ruta Provincial 1,0.0,7,"Automóvil,Automóvil,Automóvil,Automóvil,Automóvil,Automóvil,Automóvil", ,9,3,0,0,6,0,0,"-31.61641, -60.58765",Ruta,1,COLASTINE,La Capital,Asfalto,Natural,I,Dentro,S/D,Ninguna,No existe,Recta,Bueno,Buena,Nocturna,Buen Tiempo,De alcance,S/D,Colisión,Ninguna,Vertical,Línea divisoria pintada,Sin restricción
2018,1308,2018-02-14,Miercoles,0,12:00:00,,0.0,2,"Automóvil,Bicicleta",Guemes Y Mariano Moreno B,3,1,0,0,2,0,0,"-32.933695422385, -60.647980087451",Calle,,ROSARIO,Rosario,S/D,S/D,II,S/D,Urbana,S/D,S/D,Intersección,S/D,Buena,Diurna,Buen Tiempo,Otro,Ciclista,Atropello,S/D,S/D,Ninguna,S/D
2018,1309,2018-01-10,Miercoles,0,08:25:00,Autopista Provincial Brigadier E.López,0.0,2,"Moto/Ciclomotor,Pickup/Utilitario",ACCESO RULO EL PASO ,2,1,0,0,1,0,0,"-31.642376, -60.785017",Autopista,Brigadier E.López,SANTO TOMÉ,La Capital,Asfalto,No existe,I,S/D,Urbana,Ninguna,No existe,Curva,Bueno,Buena,Diurna,Buen Tiempo,Lateral,S/D,Colisión,Ninguna,Faltante,Ninguna,Sin restricción
2018,1310,2018-02-01,Jueves,0,13:25:00,,0.0,2,"Moto/Ciclomotor,Automóvil",Ciudadela Y Valentin Gomez,2,1,0,0,1,0,0,"-32.87115, -60.7029",Calle,,ROSARIO,Rosario,Asfalto,S/D,II,Dentro,Urbana,Otra Señal,S/D,Intersección,Otro,Buena,Diurna,Otro,Otro,S/D,Colisión,Otro,S/D,Cordón divisorio,S/D
2018,1311,2018-01-06,Sabado,0,15:30:00,Ruta Provincial 1,2.0,2,"Moto/Ciclomotor,Pickup/Utilitario", ,2,1,0,0,1,0,0,"-31.638, -60.62607",Ruta,1,COLASTINE,La Capital,Asfalto,Natural,I,Dentro,Urbana,Ninguna,No existe,Recta,Bueno,Buena,Diurna,Buen Tiempo,Lateral,S/D,Colisión,Ninguna,Vertical,Línea divisoria pintada,Sin restricción
2018,1312,2018-02-28,Miercoles,0,08:45:00,,0.0,2,"Automóvil,Moto/Ciclomotor",Dorrego Y Cordoba,2,1,0,0,1,0,0,"-32.944444444444,-60.649222222222",Calle,,ROSARIO,Rosario,S/D,S/D,II,S/D,Urbana,S/D,S/D,Intersección,S/D,S/D,Diurna,S/D,S/D,S/D,Colisión,S/D,S/D,S/D,S/D
2018,1313,2018-01-02,Martes,0,11:00:00,Ruta Provincial 1,3.0,2,"Moto/Ciclomotor,Automóvil", ,4,1,0,0,3,0,0,"-31.60856, -60.57989",Ruta,1,COLASTINE,La Capital,Asfalto,Natural,I,Dentro,Urbana,Ninguna,No existe,Recta,Bueno,Buena,Diurna,Buen Tiempo,Lateral,S/D,Colisión,Ninguna,Vertical,Línea divisoria pintada,Sin restricción
2018,1314,2018-02-03,Sabado,0,05:00:00,,0.0,2,"Moto/Ciclomotor,Automóvil",Bv. Rondeau 4000,3,0,1,1,1,0,0,"-32.878027777778,-60.697305555556",Avenida,,ROSARIO,Rosario,Asfalto,S/D,II,Dentro,Urbana,S/D,Funciona,Recta,Otro,Reducida,Nocturna,Otro,Otro,S/D,Colisión,Ninguna,S/D,S/D,S/D
2018,1315,2018-01-15,Lunes,0,22:30:00,,0.0,1,Moto/Ciclomotor,ACCESO NORTE Y REP DE CHILE,1,1,0,0,0,0,0,"-31.655799, -60.765380",Calle,,SANTO TOMÉ,La Capital,Asfalto,No existe,I,S/D,Urbana,Ninguna,No existe,Intersección,Bueno,Buena,Nocturna,Buen Tiempo,S/D,S/D,Caída ocupante,Ninguna,Faltante,Ninguna,Sin restricción
2018,1316,2018-01-17,Miercoles,0,00:40:00,Ruta Provincial 1,2.0,2,"Moto/Ciclomotor,Automóvil", ,2,1,0,0,1,0,0,"-31.58633, -60.55912",Ruta,1,SANTA FE,La Capital,Asfalto,Natural,I,S/D,Urbana,Ninguna,No existe,Recta,Bueno,Buena,Nocturna,Buen Tiempo,Lateral,S/D,Colisión,Ninguna,Vertical,Línea divisoria pintada,Sin restricción
2018,1318,2018-01-20,Sabado,0,15:50:00,,0.0,2,"Moto/Ciclomotor,Pickup/Utilitario",Sarmiento Y J J Paso,2,1,0,0,1,0,0,"-31.65964, -60.77452",Avenida,,SANTO TOMÉ,La Capital,Asfalto,No existe,I,Dentro,Urbana,Ninguna,No existe,Intersección,Bueno,Buena,Diurna,Buen Tiempo,Lateral,S/D,Colisión,Ninguna,S/D,Ninguna,Sin restricción
2018,1319,2018-02-18,Domingo,0,05:40:00,,0.0,3,"Taxi/Remis,Moto/Ciclomotor,Automóvil",Av. Eudoro Carrasco Y Dr.D.Pe?a,5,1,2,0,2,0,0,"-32.877194444444,-60.687888888889",Avenida,,ROSARIO,Rosario,Asfalto,S/D,II,Dentro,Urbana,S/D,S/D,Intersección,Otro,S/D,Nocturna,Otro,Múltiple,S/D,Colisión,Otro,S/D,Cordón divisorio,S/D
2018,1320,2018-02-12,Lunes,0,11:05:00,,0.0,2,"Moto/Ciclomotor,Automóvil",Mitre Y Montevideo,2,1,0,0,1,0,0,"-32.955888888889,-60.642",Calle,,ROSARIO,Rosario,Asfalto,S/D,II,S/D,Urbana,S/D,S/D,Recta,Bueno,Buena,Diurna,Otro,S/D,S/D,Colisión,S/D,S/D,Ninguna,S/D
2018,1321,2018-01-20,Sabado,0,19:30:00,Ruta Nacional 11,146.4,2,"Moto/Ciclomotor,Otros",Ruta 11 Avenida Richieri Y Mariano Moreno,2,1,0,0,1,0,0,"-31.688083333333,-60.769555555556",Ruta,11,SANTO TOMÉ,La Capital,Tierra,S/D,I,S/D,Urbana,Ninguna,S/D,Recta,Bueno,S/D,S/D,Buen Tiempo,Otro,S/D,Colisión,Ninguna,Faltante,Ninguna,S/D
2018,1322,2018-02-21,Miercoles,0,12:40:00,,0.0,2,"Automóvil,Moto/Ciclomotor",Ayacucho Y 9 De Julio,3,1,0,0,2,0,0,"-32.955861111111,-60.628805555556",Calle,,ROSARIO,Rosario,Asfalto,S/D,II,Dentro,Urbana,S/D,S/D,Intersección,Bueno,S/D,Diurna,Buen Tiempo,S/D,S/D,Colisión,S/D,S/D,S/D,S/D
2018,1323,2018-02-20,Martes,0,00:40:00,,0.0,2,"Automóvil,Moto/Ciclomotor",Bv. Avellaneda Y 9 De Julio,3,2,0,0,1,0,0,"-32.9465,-60.680888888889",Avenida,,ROSARIO,Rosario,Asfalto,No existe,II,Dentro,Urbana,Semáforo,Funciona,Intersección,Bueno,Buena,Nocturna,Buen Tiempo,Frontal,S/D,Colisión,Ninguna,Vertical,Ninguna,Sin restricción
2018,1324,2018-02-21,Miercoles,0,23:30:00,,0.0,2,"Automóvil,Moto/Ciclomotor",Mendoza Y Espa?a,4,1,1,0,2,0,0,"-32.950027777778,-60.647805555556",Calle,,ROSARIO,Rosario,Asfalto,S/D,II,S/D,Urbana,S/D,S/D,Recta,Bueno,S/D,Nocturna,S/D,S/D,S/D,S/D,S/D,S/D,S/D,S/D
2018,1325,2018-02-27,Martes,0,,,0.0,2,"Taxi/Remis,Bicicleta",San Luis Y Pueyrredon,3,1,0,0,2,0,0,"-32.945583333333,-60.658055555556",Calle,,ROSARIO,Rosario,Asfalto,No existe,II,Dentro,Urbana,Ninguna,No existe,Intersección,Bueno,Buena,Nocturna,Buen Tiempo,Lateral,Ciclista,Atropello,Ninguna,S/D,Ninguna,Sin restricción
2018,1326,2018-02-23,Viernes,0,00:31:00,,0.0,2,"Automóvil,Automóvil",Urquiza Y Crespo,5,1,0,0,4,0,0,"-32.937555555556,-60.667388888889",Calle,,ROSARIO,Rosario,Asfalto,No existe,II,Dentro,Urbana,Señal Ceda el Paso,No existe,Recta,Con baches,Buena,Con luz artificial,Buen Tiempo,Otro,S/D,Colisión,Ninguna,Faltante,Ninguna,Sin restricción
2018,1327,2018-01-08,Lunes,0,15:25:00,Ruta Provincial 2,1.6,2,"Moto/Ciclomotor,Automóvil", ,2,0,1,0,1,0,0,"-31.552515, -60.692634",Ruta,2,ÁNGEL GALLARDO,La Capital,Hormigón,Natural,I,Dentro,Rural,Ninguna,No existe,Curva,Bueno,Buena,Diurna,Buen Tiempo,Lateral,S/D,Colisión,Ninguna,S/D,Línea divisoria pintada,Sin restricción
2018,1328,2018-02-23,Viernes,0,11:30:00,,0.0,2,"Peatón,Moto/Ciclomotor",San Martin Y Urquiza,2,1,0,0,1,0,0,"-32.943333333333,-60.635861111111",Calle,,ROSARIO,Rosario,Asfalto,S/D,II,S/D,Urbana,S/D,S/D,Intersección,S/D,Buena,Diurna,S/D,Otro,Peatón,Atropello,S/D,S/D,S/D,S/D
2018,1329,2018-02-18,Domingo,0,23:30:00,,0.0,2,"Automóvil,Automóvil",Tucuman Y Bv. Oro?o,2,1,0,0,1,0,0,"-32.939083333333,-60.652",Calle,,ROSARIO,Rosario,Asfalto,No existe,II,Dentro,Urbana,Señal Pare,No existe,Intersección,Bueno,Buena,"Nocturna,Con luz artificial",Buen Tiempo,Lateral,S/D,Colisión,Ninguna,Vertical,Cordón divisorio,Sin restricción
2018,1330,2018-01-11,Jueves,0,20:20:00,,0.0,2,"Bicicleta,Moto/Ciclomotor",Chaco Y Brigadier Estanislao Lopez,2,1,0,0,1,0,0,"-31.565939, -60.749514",Calle,,MONTE VERA,La Capital,Ripio,No existe,I,Dentro,Urbana,Ninguna,No existe,Intersección,Bueno,Buena,Diurna,Buen Tiempo,S/D,Ciclista,Atropello,Ninguna,S/D,Ninguna,Sin restricción
2018,1331,2018-02-24,Sabado,0,13:30:00,,0.0,2,"Moto/Ciclomotor,Taxi/Remis",Mendoza Y Mariano Moreno,2,1,0,0,1,0,0,"-32.949305555556,-60.651888888889",Calle,,ROSARIO,Rosario,Asfalto,S/D,II,S/D,Urbana,S/D,S/D,Intersección,Bueno,Buena,Diurna,S/D,S/D,S/D,Otro,S/D,S/D,S/D,S/D
2018,1332,2018-02-24,Sabado,0,17:00:00,,0.0,2,"Moto/Ciclomotor,Automóvil",Av. Belgrano 150,2,1,0,0,1,0,0,"-32.956166666667,-60.622638888889",Avenida,,ROSARIO,Rosario,Asfalto,S/D,II,Dentro,Urbana,Ninguna,No existe,Recta,Bueno,Buena,Diurna,Buen Tiempo,De alcance,S/D,Colisión,Ninguna,Faltante,Ninguna,Sin restricción
2018,1335,2018-01-12,Viernes,0,05:00:00,,0.0,1,Automóvil,A DEL VALLE 10100 ,1,1,0,0,0,0,0,"-31.57327,-60.69014",Avenida,,ÁNGEL GALLARDO,La Capital,Hormigón,Natural,I,Fuera,Rural,Ninguna,No existe,Recta,Bueno,Buena,"Amanecer,Con luz artificial",Buen Tiempo,S/D,S/D,Despiste,Ninguna,S/D,Vegetación,Sin restricción
2018,1336,2018-01-18,Jueves,1,21:40:00,Ruta Provincial 2,3.8,2,"Moto/Ciclomotor,Automóvil", ,2,1,0,0,1,0,0,"-31.539602, -60.688465",Ruta,2,MONTE VERA,La Capital,Hormigón,Pavimento,I,Dentro,Rural,Ninguna,No existe,Intersección,Bueno,Buena,"Nocturna,Con luz artificial",Buen Tiempo,De alcance,S/D,Colisión,Ninguna,S/D,Guardarrail,Sin restricción
2018,1337,2018-05-10,Jueves,0,13:40:00,,0.0,2,"Moto/Ciclomotor,Automóvil",Brown Y Espa?a,2,1,0,0,1,0,0,"-32.935611111111,-60.644138888889",Calle,,ROSARIO,Rosario,S/D,S/D,II,S/D,Urbana,Ninguna,No existe,Intersección,S/D,S/D,Diurna,Lluvia,S/D,S/D,Colisión,Agua,S/D,S/D,S/D
2018,1338,2018-05-09,Miercoles,0,16:20:00,,0.0,2,"Moto/Ciclomotor,Pickup/Utilitario",Sarmiento 1300,2,1,0,0,1,0,0,"-32.95275,-60.639777777778",Calle,,ROSARIO,Rosario,S/D,S/D,II,S/D,Urbana,S/D,S/D,S/D,S/D,S/D,S/D,S/D,S/D,S/D,Colisión,S/D,S/D,S/D,S/D
2018,1339,2018-01-24,Miercoles,0,22:30:00,Ruta Provincial 2,14.0,2,"Automóvil,Automóvil", ,4,1,0,0,3,0,0,"-31.527727, -60.684645",Ruta,2,MONTE VERA,La Capital,Hormigón,Natural,I,Dentro,Rural,Ninguna,No existe,Recta,Bueno,Buena,"Nocturna,Con luz artificial",Buen Tiempo,De alcance,S/D,Colisión,Ninguna,S/D,Línea divisoria pintada,Sin restricción
2018,1341,2018-01-08,Lunes,0,13:45:00,,0.0,2,"Pickup/Utilitario,Moto/Ciclomotor",Colon Y Pastor Barrios,2,1,0,0,1,0,0,"-31.301085, -60.666404",Calle,,LAGUNA PAIVA,La Capital,Asfalto,Natural,I,Dentro,Urbana,Ninguna,No existe,Intersección,Bueno,Buena,Diurna,Buen Tiempo,Lateral,S/D,Colisión,Ninguna,Faltante,Ninguna,Sin restricción
2018,1342,2018-05-07,Lunes,0,17:10:00,,0.0,1,Transporte de Pasajeros Urbano (> 8 asientos),Santa Fe Y Av. Corrientes,2,1,0,0,1,0,0,"-32.944305555556,-60.642027777778",Calle,,ROSARIO,Rosario,S/D,S/D,II,S/D,Urbana,S/D,S/D,Otro,S/D,S/D,S/D,S/D,S/D,S/D,Caída ocupante,S/D,S/D,S/D,S/D
2018,1343,2018-02-24,Sabado,0,16:30:00,,0.0,2,"Automóvil,Peatón",Dorrego Y Montevideo,2,1,0,0,1,0,0,"-32.954138888889,-60.651666666667",Calle,,ROSARIO,Rosario,Asfalto,S/D,II,S/D,Urbana,S/D,S/D,Intersección,Bueno,S/D,Diurna,S/D,S/D,Peatón,Atropello,S/D,S/D,S/D,S/D
2018,1344,2018-05-08,Martes,0,09:20:00,,0.0,2,"Automóvil,Bicicleta",Cordoba Y Paraguay,2,1,0,0,1,0,0,"-32.945416666667,-60.643722222222",Calle,,ROSARIO,Rosario,S/D,S/D,II,S/D,Urbana,S/D,S/D,Intersección,S/D,S/D,Diurna,S/D,S/D,Ciclista,Atropello,S/D,S/D,S/D,S/D
2018,1345,2018-05-07,Lunes,0,19:00:00,,0.0,2,"Automóvil,Peatón",Bv. Oro?o Y Av. Illia,2,1,0,0,1,0,0,"-32.931472222222,-60.650111111111",Avenida,,ROSARIO,Rosario,S/D,S/D,II,S/D,Urbana,S/D,S/D,Intersección,S/D,S/D,Atardecer,S/D,S/D,Peatón,Atropello,S/D,S/D,S/D,S/D
2018,1346,2018-02-10,Sabado,0,,Ruta Nacional 9,0.0,2,"Automóvil,Moto/Ciclomotor",INDEPENDENCIA ,3,1,0,0,2,0,0,"-32.920209538270, -60.815861694642",Ruta,9,FUNES,Rosario,S/D,S/D,II,Dentro,Urbana,Ninguna,S/D,Intersección,S/D,S/D,S/D,Buen Tiempo,Otro,S/D,Colisión,S/D,S/D,Línea divisoria pintada,Sin restricción
2018,1347,2018-02-24,Sabado,0,15:10:00,,0.0,2,"Moto/Ciclomotor,Taxi/Remis",Av. Corrientes Y Cordoba,2,1,0,0,1,0,0,"-32.945666666667,-60.642361111111",Calle,,ROSARIO,Rosario,S/D,S/D,II,S/D,Urbana,S/D,S/D,Intersección,S/D,S/D,S/D,S/D,S/D,S/D,S/D,S/D,S/D,S/D,S/D
2018,1348,2018-05-07,Lunes,0,11:40:00,,0.0,2,"Automóvil,Automóvil",Av. Pellegrini 1300,3,3,0,0,0,0,0,"-32.956777777778,-60.643666666667",Avenida,,ROSARIO,Rosario,S/D,S/D,II,S/D,Urbana,S/D,S/D,Recta,S/D,Buena,Diurna,S/D,S/D,S/D,Colisión,Ninguna,S/D,S/D,S/D
2018,1349,2018-05-07,Lunes,0,09:30:00,,0.0,2,"Taxi/Remis,Peatón",Alvear Y Jujuy,2,1,0,0,1,0,0,"-32.935305555556,-60.652611111111",Calle,,ROSARIO,Rosario,S/D,S/D,II,S/D,Urbana,S/D,S/D,Intersección,S/D,S/D,Diurna,S/D,S/D,Peatón,Atropello,S/D,S/D,S/D,S/D
2018,1350,2018-05-07,Lunes,0,16:00:00,,0.0,2,"Bicicleta,Automóvil",Riobamba Y Ayacucho,3,1,0,0,2,0,0,"-32.965027777778,-60.631055555556",Calle,,ROSARIO,Rosario,S/D,S/D,II,S/D,Urbana,S/D,S/D,Intersección,S/D,S/D,Diurna,S/D,S/D,Ciclista,Atropello,S/D,S/D,S/D,S/D
2018,1351,2018-02-27,Martes,0,18:00:00,,0.0,2,"Bicicleta,Moto/Ciclomotor",9 De Julio Y Balcarce,2,1,0,0,1,0,0,"-32.951361111111,-60.653805555556",Calle,,ROSARIO,Rosario,Asfalto,S/D,II,S/D,Urbana,S/D,S/D,Intersección,S/D,S/D,Diurna,S/D,S/D,Ciclista,Atropello,S/D,S/D,S/D,S/D