anio_acci,nro_acci,fecha,desc_dia,fecha_aprox,hora_aprox,desc_ruta,km,cant_participantes,desc_participante,calle_avenida_km,total,heridos_leves,heridos_graves,heridos_gravisimos,ilesos,fallecidos,sin_datos,posicion_XY,desc_tipo_via,desc_ruta_ori,desc_loc,desc_dpto,desc_tipo_calzada,desc_tipo_banquina,desc_unidad_regional,desc_lugar_calzada,desc_zona,desc_prioridad,desc_estado_semaforo,desc_lugar_via,desc_estado_via,desc_estado_visibilidad,desc_luminosidad,desc_estado_clima,desc_tipo_colision,desc_tipo_atropello,desc_tipo_hecho,desc_pres_calzada,desc_senializacion,desc_separacion_via,desc_restriccion
2018,1352,2018-01-18,Jueves,0,07:30:00,Ruta Provincial 2,0.0,2,"Automóvil,Bicicleta",Av L de la Torre ,2,1,0,0,1,0,0,"-31.29825, -60.65657",Ruta,2,LAGUNA PAIVA,La Capital,Asfalto,Natural,I,Dentro,Urbana,Ninguna,No existe,Recta,Bueno,Buena,Diurna,Buen Tiempo,Lateral,Ciclista,Atropello,Ninguna,Faltante,Ninguna,Sin restricción
2018,1353,2018-02-24,Sabado,0,11:00:00,Autopista Nacional Rosario -Cordoba,0.0,2,"Transporte de Pasajeros Urbano (> 8 asientos),Automóvil",Elorza ,3,1,0,0,1,0,1,"-32.94046, -60.81482",Autopista,Rosario -Córdoba,FUNES,Rosario,Asfalto,Pavimento,II,Dentro,Urbana,Ninguna,Funciona,Intersección,Bueno,Buena,Diurna,Buen Tiempo,Lateral,S/D,Otro,Ninguna,"Horizontal,Vertical",Ninguna,Sin restricción
2018,1354,2018-05-07,Lunes,0,10:10:00,,0.0,2,"Pickup/Utilitario,Bicicleta",Laprida Y Ituzaingo,2,1,0,0,1,0,0,"-32.961416666667,-60.637833333333",Calle,,ROSARIO,Rosario,S/D,S/D,II,S/D,Urbana,S/D,No existe,Intersección,S/D,S/D,Diurna,S/D,S/D,Ciclista,Atropello,Agua,Faltante,S/D,S/D
2018,1355,2018-02-27,Martes,0,11:40:00,,0.0,2,"Automóvil,Moto/Ciclomotor",Dorrego Y Montevideo,4,0,1,0,3,0,0,"-32.954138888889,-60.651666666667",Calle,,ROSARIO,Rosario,S/D,S/D,II,S/D,Urbana,S/D,S/D,Intersección,S/D,S/D,Diurna,S/D,S/D,S/D,S/D,S/D,S/D,S/D,S/D
2018,1356,2018-05-16,Miercoles,0,19:50:00,,0.0,2,"Bicicleta,Automóvil",Italia Y 9 De Julio,2,1,0,0,1,0,0,"-32.952083333333,-60.649722222222",Calle,,ROSARIO,Rosario,S/D,S/D,II,S/D,Urbana,S/D,S/D,Intersección,S/D,S/D,Atardecer,S/D,S/D,Ciclista,Atropello,S/D,S/D,S/D,S/D
2018,1357,2018-01-24,Miercoles,0,,,0.0,2,"Pickup/Utilitario,Moto/Ciclomotor",Guemes Y Obrero,3,1,1,0,1,0,0,"-31.30276, -60.66914",Calle,,LAGUNA PAIVA,La Capital,Ripio,No existe,I,Dentro,Urbana,Ninguna,No existe,Intersección,Otro,Buena,Diurna,Buen Tiempo,Lateral,S/D,Colisión,Material Suelto,Faltante,Ninguna,Sin restricción
2018,1358,2018-05-06,Domingo,0,13:55:00,,0.0,2,"Automóvil,Bicicleta",3 De Febrero Y Laprida,4,1,0,0,3,0,0,"-32.953472222222,-60.635694444444",Calle,,ROSARIO,Rosario,S/D,S/D,II,S/D,Urbana,S/D,S/D,S/D,S/D,S/D,Diurna,S/D,S/D,Ciclista,Atropello,S/D,S/D,S/D,S/D
2018,1359,2018-02-14,Miercoles,0,17:10:00,,0.0,2,"Automóvil,Bicicleta",Pedro Rios Y Mitre,2,1,0,0,1,0,0,"-32.91874, -60.79968",Calle,,FUNES,Rosario,Asfalto,Ripio,II,Dentro,Urbana,Ninguna,No existe,Intersección,"Bueno,Con baches",Buena,Diurna,Buen Tiempo,S/D,Ciclista,Atropello,Ninguna,Vertical,Cordón divisorio,Sin restricción
2018,1360,2018-01-25,Jueves,0,19:30:00,,0.0,2,"Automóvil,Moto/Ciclomotor",Av Cordoba Y H Irigoyen,2,1,0,0,1,0,0,"-31.30317, -60.65536",Avenida,,LAGUNA PAIVA,La Capital,Asfalto,No existe,I,Dentro,Urbana,Ninguna,No existe,Intersección,Bueno,Buena,Atardecer,Buen Tiempo,Otro,S/D,Colisión,Ninguna,Faltante,Ninguna,Sin restricción
2018,1362,2018-02-25,Domingo,0,,,0.0,2,"Automóvil,Automóvil",Bv. Oro?o Y Catamarca,2,1,0,0,1,0,0,"-32.937916666667,-60.651694444444",Calle,,ROSARIO,Rosario,S/D,S/D,II,S/D,Urbana,S/D,S/D,Intersección,S/D,S/D,S/D,S/D,S/D,S/D,S/D,S/D,S/D,S/D,S/D
2018,1363,2018-05-05,Sabado,0,18:41:00,,0.0,2,"Taxi/Remis,Otros",Entre Rios Y Mendoza,3,1,0,0,2,0,0,"-32.951,-60.642222222222",Calle,,ROSARIO,Rosario,S/D,S/D,II,S/D,Urbana,S/D,S/D,S/D,S/D,S/D,S/D,S/D,S/D,S/D,Colisión,S/D,S/D,S/D,S/D
2018,1364,2018-02-26,Lunes,0,09:15:00,,0.0,2,"Automóvil,Moto/Ciclomotor",San Luis Y Mitre,2,1,0,0,1,0,0,"-32.948777777778,-60.640222222222",Calle,,ROSARIO,Rosario,S/D,S/D,II,S/D,Urbana,S/D,Intermitente,S/D,Resbaladiza,S/D,Diurna,S/D,S/D,S/D,S/D,S/D,S/D,S/D,S/D
2018,1365,2018-05-05,Sabado,0,12:40:00,,0.0,2,"Moto/Ciclomotor,Automóvil",Urquiza Y Sgto Cabral,2,1,0,0,1,0,0,"-32.943694444444,-60.635027777778",Calle,,ROSARIO,Rosario,S/D,S/D,II,S/D,Urbana,S/D,S/D,S/D,S/D,S/D,S/D,S/D,S/D,S/D,Colisión,S/D,S/D,S/D,S/D
2018,1366,2018-02-17,Sabado,0,17:00:00,Autopista Nacional Rosario -Cordoba,305.0,1,Automóvil, ,3,1,0,0,2,0,0,"-32.938707669120, -60.824945570272",Autopista,Rosario -Córdoba,FUNES,Rosario,Asfalto,Ripio,II,Fuera,S/D,Ninguna,No existe,Recta,Bueno,Buena,Diurna,Buen Tiempo,S/D,S/D,Despiste,Ninguna,Vertical,Guardarrail,Sin restricción
2018,1368,2018-05-05,Sabado,0,05:30:00,,0.0,2,"Taxi/Remis,Automóvil",Av. Pellegrini Y Mitre,4,4,0,0,0,0,0,"-32.957027777778,-60.642277777778",Avenida,,ROSARIO,Rosario,S/D,S/D,II,S/D,Urbana,Semáforo,Funciona,Intersección,S/D,Buena,Con luz artificial,S/D,S/D,S/D,Colisión,Ninguna,S/D,S/D,S/D
2018,1369,2018-05-04,Viernes,0,21:15:00,,0.0,2,"Bicicleta,Automóvil",Urquiza 1700,2,1,0,0,1,0,0,"-32.941472222222,-60.645638888889",Calle,,ROSARIO,Rosario,S/D,S/D,II,S/D,Urbana,S/D,S/D,S/D,S/D,S/D,S/D,S/D,S/D,Ciclista,Atropello,S/D,S/D,S/D,S/D
2018,1370,2018-05-03,Jueves,0,18:15:00,,0.0,2,"Automóvil,Moto/Ciclomotor",Av. Pellegrini Y L.N.Alem,2,1,0,0,1,0,0,"-32.958944444444,-60.631027777778",Avenida,,ROSARIO,Rosario,S/D,S/D,II,S/D,Urbana,S/D,Funciona,Intersección,S/D,Buena,Atardecer,S/D,S/D,S/D,Colisión,S/D,S/D,S/D,S/D
2018,1371,2018-04-26,Jueves,0,13:50:00,,0.0,2,"Automóvil,Taxi/Remis",Mendoza Y Espa?a,2,1,0,0,1,0,0,"-32.950027777778,-60.647805555556",Calle,,ROSARIO,Rosario,S/D,S/D,II,S/D,Urbana,S/D,S/D,S/D,S/D,S/D,Diurna,S/D,S/D,S/D,Colisión,S/D,S/D,S/D,S/D
2018,1372,2018-05-05,Sabado,0,10:40:00,,0.0,2,"Moto/Ciclomotor,Automóvil",Gregorio Gamboa Y Vicente Zarza,2,1,0,0,1,0,0,"-31.606059, -60.564721",Calle,,SAN JOSÉ DEL RINCÓN,La Capital,Arena,No existe,I,S/D,Urbana,Ninguna,No existe,Intersección,Ahuellamiento,Buena,Diurna,Buen Tiempo,Lateral,S/D,Colisión,Material Suelto,Faltante,Ninguna,Sin restricción
2018,1373,2018-05-03,Jueves,0,06:10:00,,0.0,1,Automóvil,3 De Febrero Y Espa?a,3,3,0,0,0,0,0,"-32.951277777778,-60.648111111111",Calle,,ROSARIO,Rosario,S/D,S/D,II,S/D,Urbana,S/D,S/D,S/D,S/D,S/D,S/D,S/D,Contra objeto fijo,S/D,Colisión,S/D,S/D,S/D,S/D
2018,1374,2018-02-01,Jueves,0,15:25:00,,0.0,2,"Moto/Ciclomotor,Automóvil",Buenos Aires Y Pasco,3,1,0,0,2,0,0,"-32.960555555556,-60.636",Calle,,ROSARIO,Rosario,Asfalto,S/D,II,S/D,Urbana,S/D,S/D,Intersección,Bueno,Buena,Diurna,Buen Tiempo,S/D,S/D,S/D,S/D,S/D,S/D,S/D
2018,1375,2018-02-27,Martes,0,20:30:00,Ruta Nacional 9,0.0,2,"Automóvil,Moto/Ciclomotor",Catamarca Y Cochet,2,0,1,0,1,0,0,"-32.92252, -60.80539",Ruta,9,FUNES,Rosario,Asfalto,Ripio,II,S/D,Urbana,Ninguna,No existe,Recta,Bueno,S/D,S/D,Buen Tiempo,De alcance,S/D,Colisión,Ninguna,Vertical,Línea divisoria pintada,Sin restricción
2018,1376,2018-02-07,Miercoles,0,08:15:00,,0.0,2,"Bicicleta,Automóvil",Elorza Y Sarmiento,2,1,0,0,1,0,0,"-32.91876, -60.81414",Calle,,FUNES,Rosario,Asfalto,No existe,II,S/D,Urbana,Ninguna,No existe,Intersección,Bueno,Buena,Diurna,Buen Tiempo,S/D,Ciclista,Atropello,Ninguna,Vertical,Ninguna,Sin restricción
2018,1377,2018-02-01,Jueves,0,15:40:00,,0.0,2,"Moto/Ciclomotor,Automóvil",Alvear Y Mendoza,2,1,0,0,1,0,0,"-32.948583333333,-60.655972222222",Calle,,ROSARIO,Rosario,Asfalto,S/D,II,S/D,Urbana,S/D,S/D,Intersección,Bueno,Buena,Diurna,Buen Tiempo,S/D,S/D,Colisión,S/D,S/D,S/D,S/D
2018,1378,2018-05-30,Miercoles,0,20:10:00,,0.0,2,"Moto/Ciclomotor,Automóvil",1 de Mayo Y Mendoza,2,1,0,0,1,0,0,"-32.952972222222,-60.631",Calle,,ROSARIO,Rosario,S/D,S/D,II,S/D,Urbana,S/D,No existe,Intersección,S/D,Buena,Con luz artificial,S/D,S/D,S/D,Colisión,S/D,S/D,S/D,S/D
2018,1379,2018-05-06,Domingo,0,01:10:00,Ruta Provincial 1,4.5,2,"Moto/Ciclomotor,Automóvil",Ruta Provincial 1 ,2,1,0,0,1,0,0,"-31.618180, -60.590135",Ruta,1,SAN JOSÉ DEL RINCÓN,La Capital,Asfalto,Natural,I,Dentro,Urbana,S/D,Funciona,Rotonda,Bueno,Reducida,Nocturna,S/D,S/D,S/D,Colisión,Ninguna,Faltante,Cordón divisorio,S/D
2018,1380,2018-05-29,Martes,0,18:10:00,,0.0,2,"Peatón,Pickup/Utilitario",Cordoba Y Alvear,2,1,0,0,1,0,0,"-32.943472222222,-60.654666666667",Calle,,ROSARIO,Rosario,Asfalto,S/D,II,S/D,Urbana,S/D,Funciona,Intersección,S/D,S/D,Atardecer,S/D,S/D,Peatón,Atropello,S/D,S/D,S/D,S/D
2018,1381,2018-02-05,Lunes,0,08:00:00,Autopista Nacional Rosario -Cordoba,310.0,1,Automóvil, ,5,2,0,0,3,0,0,"-32.942505810397, -60.791427807921",Autopista,Rosario -Córdoba,FUNES,Rosario,Asfalto,Ripio,II,Dentro,S/D,Ninguna,No existe,Recta,Bueno,Buena,Diurna,Buen Tiempo,Otro,S/D,Despiste,Ninguna,Vertical,Guardarrail,Sin restricción
2018,1382,2018-05-26,Sabado,0,16:20:00,,0.0,2,"Automóvil,Peatón",Cordoba 1700,2,1,0,0,1,0,0,"-32.944916666667,-60.646527777778",Avenida,,ROSARIO,Rosario,S/D,S/D,II,S/D,Urbana,S/D,S/D,Recta,S/D,S/D,Diurna,S/D,S/D,Peatón,Atropello,S/D,S/D,S/D,S/D
2018,1383,2018-02-02,Viernes,0,09:24:00,,0.0,2,"Automóvil,Pickup/Utilitario",Av. Pellegrini Y Paraguay,2,1,0,0,1,0,0,"-32.956277777778,-60.646472222222",Avenida,,ROSARIO,Rosario,Asfalto,S/D,II,S/D,Urbana,S/D,S/D,Recta,Bueno,Buena,Diurna,S/D,S/D,S/D,S/D,S/D,S/D,S/D,S/D
2018,1384,2018-05-13,Domingo,0,11:20:00,Ruta Provincial 1,6.6,2,"Pickup/Utilitario,Peatón",Ruta Provincial 1 Y Jose de San Martin,2,1,0,0,1,0,0,"-31.604393, -60.575665",Ruta,1,SAN JOSÉ DEL RINCÓN,La Capital,Asfalto,No existe,I,Dentro,Urbana,Ninguna,Funciona,Intersección,Bueno,Buena,Diurna,Buen Tiempo,Otro,Peatón,Atropello,Ninguna,Vertical,Cordón divisorio,Sin restricción
2018,1385,2018-02-05,Lunes,0,22:30:00,Ruta Nacional 9,0.0,2,"Automóvil,Moto/Ciclomotor", ,2,1,0,0,1,0,0,"-32.92159, -60.81139",Ruta,9,FUNES,Rosario,Asfalto,Ripio,II,Dentro,Urbana,Ninguna,Funciona,Recta,Bueno,Buena,"Nocturna,Con luz artificial",Buen Tiempo,"Frontal,Lateral",S/D,Colisión,Ninguna,Vertical,Línea divisoria pintada,Sin restricción
2018,1386,2018-05-26,Sabado,0,13:15:00,,0.0,2,"Transporte de Pasajeros Urbano (> 8 asientos),Moto/Ciclomotor",Montevideo Y Pte.Roca,2,1,0,0,1,0,0,"-32.954888888889,-60.647555555556",Calle,,ROSARIO,Rosario,S/D,S/D,II,S/D,Urbana,S/D,S/D,Intersección,S/D,S/D,S/D,S/D,Múltiple,S/D,Colisión,S/D,S/D,S/D,S/D
2018,1387,2018-02-18,Domingo,0,12:15:00,,0.0,2,"Automóvil,Bicicleta",Av. Corrientes Y Pje. Ricardone,2,1,0,0,1,0,0,"-32.947444444444,-60.642777777778",Calle,,ROSARIO,Rosario,Asfalto,S/D,II,S/D,Urbana,S/D,S/D,Intersección,Bueno,Buena,Diurna,S/D,S/D,Ciclista,Atropello,S/D,S/D,S/D,S/D
2018,1388,2018-05-16,Miercoles,0,11:50:00,Ruta Provincial 1,7.0,2,"Moto/Ciclomotor,Automóvil",Ruta Provincial 1 ,2,1,0,0,1,0,0,"-31.601935, -60.573541",Ruta,1,SAN JOSÉ DEL RINCÓN,La Capital,Asfalto,Natural,I,Dentro,Urbana,Ninguna,No existe,Recta,Bueno,Buena,Diurna,Buen Tiempo,Frontal,S/D,Colisión,Ninguna,Faltante,Línea divisoria pintada,Sin restricción
2018,1389,2018-02-27,Martes,0,15:00:00,,0.0,2,"Moto/Ciclomotor,Automóvil",Amenabar Y Mariano Moreno,2,1,0,0,1,0,0,"-32.969944444444,-60.657055555556",Calle,,ROSARIO,Rosario,Asfalto,No existe,II,Dentro,Urbana,Ninguna,No existe,Intersección,Bueno,Buena,Diurna,Buen Tiempo,Lateral,S/D,Colisión,Ninguna,Faltante,Ninguna,Sin restricción
2018,1390,2018-05-30,Miercoles,0,11:45:00,,0.0,2,"Moto/Ciclomotor,Vehículo Oficial",Av. Pellegrini Y F.More,2,2,0,0,0,0,0,"-32.948055555556,-60.693388888889",Avenida,,ROSARIO,Rosario,S/D,S/D,II,S/D,Urbana,S/D,S/D,S/D,S/D,S/D,Diurna,S/D,S/D,S/D,"Caída ocupante,Colisión,Vuelco",S/D,S/D,S/D,S/D
2018,1391,2018-02-03,Sabado,0,11:30:00,,0.0,2,"Automóvil,Peatón",Alvear Bis Y Guemes,2,1,0,0,1,0,0,"-32.933,-60.652027777778",Calle,,ROSARIO,Rosario,S/D,S/D,II,S/D,Urbana,S/D,S/D,Otro,Bueno,Buena,Diurna,S/D,Otro,Peatón,Atropello,S/D,S/D,S/D,S/D
2018,1392,2018-02-28,Miercoles,0,17:35:00,,0.0,2,"Bicicleta,Transporte de Pasajeros Urbano (> 8 asientos)",Cochabamba 1060,2,1,0,0,1,0,0,"-32.958527777778,-60.640611111111",Calle,,ROSARIO,Rosario,Asfalto,No existe,II,Dentro,Urbana,Semáforo,No existe,Recta,Bueno,Buena,Diurna,Buen Tiempo,Otro,Ciclista,Atropello,Ninguna,Vertical,Ninguna,Sin restricción
2018,1393,2018-05-29,Martes,0,,Ruta Nacional 168,475.0,2,"Automóvil,Automóvil", ,3,2,0,0,1,0,0,"-31.639423, -60.633639",Ruta,168,LA GUARDIA,La Capital,Hormigón,Natural,I,S/D,S/D,Ninguna,No existe,Recta,Bueno,Buena,Diurna,Buen Tiempo,Otro,S/D,Colisión,Otro,Faltante,Barrera de alto impacto,Sin restricción
2018,1394,2018-05-30,Miercoles,0,12:45:00,,0.0,2,"Taxi/Remis,Vehículo Oficial",3 De Febrero Y Castellanos,3,2,0,0,1,0,0,"-32.946166666667,-60.676666666667",Calle,,ROSARIO,Rosario,S/D,S/D,II,S/D,Urbana,S/D,S/D,S/D,S/D,S/D,S/D,S/D,S/D,S/D,Colisión,S/D,S/D,S/D,S/D
2018,1395,2018-02-03,Sabado,0,14:45:00,,0.0,2,"Automóvil,Automóvil",Catamarca Y Bv. Oro?o,3,3,0,0,0,0,0,"-32.937916666667,-60.651694444444",Calle,,ROSARIO,Rosario,Asfalto,S/D,II,S/D,Urbana,Señal Pare,S/D,Intersección,Bueno,S/D,Diurna,S/D,Otro,S/D,S/D,S/D,S/D,S/D,S/D
2018,1396,2018-02-27,Martes,0,13:00:00,,0.0,2,"Automóvil,Automóvil", ,5,2,0,0,3,0,0,"-32.969888888889,-60.644083333333",Calle,,ROSARIO,Rosario,Asfalto,No existe,II,Dentro,Urbana,Ninguna,No existe,Intersección,Bueno,Buena,Diurna,Buen Tiempo,Lateral,S/D,Vuelco,Ninguna,Vertical,Ninguna,Sin restricción
2018,1397,2018-05-24,Jueves,0,19:35:00,,0.0,2,"Automóvil,Bicicleta",Entre Rios Y Rioja,2,1,0,0,1,0,0,"-32.947083333333,-60.64125",Calle,,ROSARIO,Rosario,S/D,S/D,II,S/D,Urbana,S/D,S/D,Intersección,S/D,S/D,Atardecer,S/D,S/D,Ciclista,Atropello,S/D,S/D,S/D,S/D
2018,1398,2018-05-22,Martes,0,15:00:00,,0.0,2,"Moto/Ciclomotor,Automóvil",Av. Pellegrini Y Entre Rios,2,1,0,0,1,0,0,"-32.956777777778,-60.643666666667",Calle,,ROSARIO,Rosario,Asfalto,S/D,II,S/D,Urbana,S/D,Funciona,Intersección,S/D,S/D,Diurna,S/D,S/D,S/D,Colisión,S/D,S/D,S/D,S/D
2018,1399,2018-02-03,Sabado,0,14:40:00,,0.0,3,"Automóvil,Automóvil,Automóvil",Bv. Oro?o Y Tucuman,5,2,0,0,3,0,0,"-32.939083333333,-60.652",Calle,,ROSARIO,Rosario,Asfalto,S/D,II,S/D,Urbana,S/D,S/D,Intersección,Bueno,Buena,Diurna,S/D,S/D,S/D,Colisión,S/D,S/D,S/D,S/D
2018,1400,2018-02-19,Lunes,0,19:00:00,,0.0,2,"Bicicleta,Automóvil",Mariano Moreno Y La Paz,2,1,0,0,1,0,0,"-32.961944444444,-60.655027777778",Calle,,ROSARIO,Rosario,Asfalto,No existe,II,Dentro,Urbana,Ninguna,No existe,Recta,Bueno,Buena,"Nocturna,Con luz artificial",Buen Tiempo,Contra objeto fijo,Ciclista,Atropello,Ninguna,Vertical,Ninguna,Sin restricción
2018,1401,2018-05-22,Martes,0,15:40:00,,0.0,2,"Pickup/Utilitario,Moto/Ciclomotor",Bv. Oro?o Y Jujuy,2,1,0,0,1,0,0,"-32.935527777778,-60.651361111111",Calle,,ROSARIO,Rosario,S/D,S/D,II,S/D,Urbana,S/D,S/D,S/D,S/D,S/D,S/D,S/D,S/D,S/D,Colisión,S/D,S/D,S/D,S/D
2018,1402,2018-05-21,Lunes,0,07:25:00,Ruta Provincial 1,5.0,2,"Automóvil,Automóvil", ,2,1,0,0,1,0,0,"-31.616079, -60.587452",Ruta,1,SAN JOSÉ DEL RINCÓN,La Capital,Asfalto,Natural,I,Dentro,Urbana,Ninguna,No existe,Recta,Bueno,Buena,Amanecer,Buen Tiempo,De alcance,S/D,Colisión,Ninguna,Faltante,Cordón divisorio,Sin restricción
2018,1403,2018-02-11,Domingo,0,20:30:00,,0.0,2,"Automóvil,Automóvil",Ituzaingo Y Mitre,4,1,0,0,3,0,0,"-32.960472222222,-60.643138888889",Calle,,ROSARIO,Rosario,Asfalto,No existe,II,Dentro,Urbana,Señal Pare,Funciona,Intersección,Bueno,Buena,"Nocturna,Con luz artificial",Buen Tiempo,De alcance,S/D,Colisión,Ninguna,Vertical,Ninguna,Sin restricción
2018,1404,2018-02-15,Jueves,0,15:40:00,,0.0,2,"Moto/Ciclomotor,Bicicleta",Bv. Oro?o Y Av. Pellegrini,2,1,0,0,1,0,0,"-32.954694444444,-60.655944444444",Avenida,,ROSARIO,Rosario,Asfalto,S/D,II,Dentro,Urbana,Semáforo,Funciona,Intersección,Bueno,Buena,Diurna,Buen Tiempo,Lateral,Ciclista,Atropello,Ninguna,Vertical,Cordón divisorio,Sin restricción
2018,1405,2018-02-07,Miercoles,0,14:40:00,,0.0,3,"Automóvil,Automóvil,Automóvil",Bv. 27 De Febrero Y L.N.Alem,4,2,0,0,2,0,0,"-32.969277777778,-60.633611111111",Calle,,ROSARIO,Rosario,Asfalto,S/D,II,S/D,Urbana,S/D,S/D,Intersección,Bueno,Buena,Diurna,Buen Tiempo,Otro,S/D,Colisión,S/D,S/D,S/D,S/D
2018,1406,2018-02-17,Sabado,0,14:30:00,,0.0,2,"Moto/Ciclomotor,Automóvil",INTENDENTE MORCILLO Y AV J LOVALVO,3,1,0,0,2,0,0,"-32.955179567207, -60.663690706614",Calle,,ROSARIO,Rosario,Asfalto,No existe,II,Dentro,Urbana,Ninguna,No existe,Intersección,Bueno,Buena,Diurna,Buen Tiempo,De alcance,S/D,Colisión,Ninguna,Vertical,Ninguna,Sin restricción
2018,1407,2018-02-08,Jueves,0,18:00:00,,0.0,1,Transporte de Pasajeros Urbano (> 8 asientos),Balcarce 1500,1,1,0,0,0,0,0,"-32.952527777778,-60.654111111111",Calle,,ROSARIO,Rosario,Asfalto,S/D,II,S/D,Urbana,S/D,S/D,Recta,Bueno,Buena,Diurna,S/D,S/D,S/D,S/D,S/D,S/D,S/D,S/D
2018,1408,2018-02-18,Domingo,0,05:10:00,,0.0,2,"Moto/Ciclomotor,Bicicleta",Bv. Oro?o Y Bv. 27 De Febrero,2,2,0,0,0,0,0,"-32.965027777778,-60.658666666667",Avenida,,ROSARIO,Rosario,Asfalto,S/D,II,Dentro,Urbana,Semáforo,Funciona,Intersección,Bueno,Reducida,"Nocturna,Con luz artificial",Buen Tiempo,Lateral,Ciclista,Atropello,Ninguna,Vertical,Cordón divisorio,Sin restricción
2018,1409,2018-02-09,Viernes,0,09:00:00,,0.0,2,"Automóvil,Bicicleta",Av. Corrientes Y Montevideo,2,1,0,0,1,0,0,"-32.955388888889,-60.644805555556",Calle,,ROSARIO,Rosario,Asfalto,S/D,II,S/D,Urbana,S/D,S/D,Intersección,Bueno,Buena,Diurna,S/D,S/D,Ciclista,Atropello,S/D,S/D,S/D,S/D
2018,1410,2018-02-09,Viernes,0,09:00:00,,0.0,2,"Automóvil,Moto/Ciclomotor",La Paz Y Esmeralda,2,1,0,0,1,0,0,"-32.967063626093, -60.625938611316",Calle,,ROSARIO,Rosario,Asfalto,S/D,II,S/D,Urbana,S/D,S/D,Recta,Bueno,Buena,Diurna,Buen Tiempo,S/D,S/D,S/D,S/D,S/D,S/D,S/D
2018,1411,2018-05-18,Viernes,0,16:00:00,,0.0,2,"Automóvil,Moto/Ciclomotor",Bv. Avellaneda Y Cochabamba,4,1,0,0,3,0,0,"-32.951055555556,-60.682305555556",Calle,,ROSARIO,Rosario,Asfalto,No existe,II,S/D,Urbana,Ninguna,No existe,Recta,Bueno,Buena,Diurna,Buen Tiempo,De alcance,S/D,Colisión,Ninguna,"Horizontal,Vertical",Cordón divisorio,Sin restricción
2018,1412,2018-05-12,Sabado,0,07:00:00,Autopista Nacional A008,0.0,2,"Automóvil,Moto/Ciclomotor",J.J.Paso Y Av. Circunvalacion,2,1,0,0,1,0,0,"-32.920527777778,-60.722972222222",Autopista,A008,ROSARIO,Rosario,Asfalto,Pavimento,II,Dentro,Urbana,Semáforo,Funciona,Recta,Bueno,Buena,Diurna,Otro,Lateral,S/D,Colisión,Otro,S/D,Guardarrail,Sin restricción
2018,1413,2018-05-12,Sabado,0,19:00:00,Ruta Provincial 1,1.5,2,"Automóvil,Moto/Ciclomotor", ,2,1,0,0,1,0,0,"-31.632743, -60.616394",Ruta,1,COLASTINE,La Capital,Asfalto,S/D,I,S/D,Urbana,Ninguna,S/D,Recta,Bueno,S/D,S/D,Buen Tiempo,Lateral,S/D,Colisión,Ninguna,Vertical,Línea divisoria pintada,Sin restricción
2018,1414,2018-05-17,Jueves,0,06:45:00,Autopista Nacional A008,0.0,2,"Automóvil,Automóvil",Av. Circunvalacion Y J.M.Gutierrez,2,1,0,0,1,0,0,"-32.99326, -60.61928",Autopista,A008,ROSARIO,Rosario,Asfalto,S/D,II,Dentro,Urbana,Ninguna,S/D,Intersección,Bueno,S/D,S/D,Buen Tiempo,Lateral,S/D,Colisión,Ninguna,Faltante,Ninguna,Sin restricción
2018,1415,2018-05-02,Miercoles,0,13:35:00,,0.0,2,"Automóvil,Peatón",LOS JAZMINES ,2,1,0,0,1,0,0,"-31.6282, -60.60696",Calle,,COLASTINE,La Capital,Tierra,No existe,I,Dentro,Urbana,Ninguna,No existe,Recta,Bueno,Buena,Diurna,Buen Tiempo,Lateral,Peatón,Atropello,Ninguna,Faltante,Ninguna,Sin restricción
2018,1416,2018-02-03,Sabado,0,13:00:00,,0.0,2,"Automóvil,Moto/Ciclomotor",San Martin 3900,3,1,0,0,2,0,0,"-32.986277777778,-60.645722222222",Avenida,,ROSARIO,Rosario,Asfalto,No existe,II,Dentro,Urbana,Ninguna,No existe,Recta,Bueno,Buena,Diurna,Buen Tiempo,Lateral,S/D,Colisión,Ninguna,Faltante,Ninguna,Sin restricción
2018,1417,2018-05-19,Sabado,0,,Autopista Nacional A008,0.0,2,"Moto/Ciclomotor,Automóvil",Av. Circunvalacion Y Baigorria,3,2,0,0,1,0,0,"-32.894166666667,-60.720916666667",Autopista,A008,ROSARIO,Rosario,Asfalto,Ripio,II,S/D,Urbana,Ninguna,No existe,Curva,Deteriorada,S/D,S/D,S/D,Otro,S/D,Colisión,Otro,Faltante,Ninguna,Sin restricción
2018,1418,2018-05-11,Viernes,0,23:35:00,Ruta Provincial 1,3.5,3,"Moto/Ciclomotor,Automóvil,Pickup/Utilitario", ,9,8,0,0,1,0,0,"-31.62224, -60.5971",Ruta,1,COLASTINE,La Capital,Asfalto,S/D,I,S/D,Urbana,Semáforo,S/D,Recta,Bueno,Buena,S/D,Buen Tiempo,Otro,S/D,Colisión,Ninguna,Vertical,Línea divisoria pintada,Sin restricción
2018,1419,2018-02-09,Viernes,0,12:20:00,,0.0,2,"Taxi/Remis,Moto/Ciclomotor",Mitre Y Pje. Ricardone,2,1,0,0,1,0,0,"-32.947944444444,-60.640027777778",Calle,,ROSARIO,Rosario,Asfalto,S/D,II,S/D,Urbana,S/D,S/D,Intersección,Bueno,Buena,Diurna,Buen Tiempo,S/D,S/D,Colisión,S/D,S/D,S/D,S/D
2018,1420,2018-02-05,Lunes,0,16:00:00,,0.0,2,"Automóvil,Moto/Ciclomotor",Pje. 528 6374,2,1,0,0,1,0,0,"-33.01075,-60.657833333333",Calle,,ROSARIO,Rosario,Asfalto,No existe,II,S/D,Urbana,Ninguna,No existe,Recta,Bueno,Buena,Diurna,Otro,De alcance,S/D,Colisión,Ninguna,Faltante,Ninguna,Sin restricción
2018,1421,2018-05-20,Domingo,0,01:35:00,Autopista Nacional A008,0.0,2,"Moto/Ciclomotor,Automóvil",Av. Circunvalacion Y Av. Ovidio Lagos,3,2,0,0,1,0,0,"-33.009194444444,-60.67725",Autopista,A008,ROSARIO,Rosario,Asfalto,No existe,II,Dentro,Urbana,Ninguna,No existe,Otro,Bueno,Buena,Con luz artificial,Buen Tiempo,Otro,S/D,Colisión,Ninguna,Faltante,Ninguna,Sin restricción