anio_acci,nro_acci,fecha,desc_dia,fecha_aprox,hora_aprox,desc_ruta,km,cant_participantes,desc_participante,calle_avenida_km,total,heridos_leves,heridos_graves,heridos_gravisimos,ilesos,fallecidos,sin_datos,posicion_XY,desc_tipo_via,desc_ruta_ori,desc_loc,desc_dpto,desc_tipo_calzada,desc_tipo_banquina,desc_unidad_regional,desc_lugar_calzada,desc_zona,desc_prioridad,desc_estado_semaforo,desc_lugar_via,desc_estado_via,desc_estado_visibilidad,desc_luminosidad,desc_estado_clima,desc_tipo_colision,desc_tipo_atropello,desc_tipo_hecho,desc_pres_calzada,desc_senializacion,desc_separacion_via,desc_restriccion
2018,1422,2018-05-20,Domingo,0,19:30:00,,0.0,2,"Moto/Ciclomotor,Automóvil",Calle 20 ,2,1,0,0,1,0,0,"-31.56654, -60.53581",Calle,,ARROYO LEYES,La Capital,Tierra,No existe,I,S/D,Urbana,Ninguna,No existe,Recta,Bueno,Buena,Nocturna,Buen Tiempo,Otro,S/D,Colisión,Otro,Faltante,Ninguna,Sin restricción
2018,1423,2018-02-09,Viernes,0,16:45:00,,0.0,2,"Automóvil,Moto/Ciclomotor",L.N.Alem Y Riobamba,2,1,0,0,1,0,0,"-32.964777777778,-60.6325",Calle,,ROSARIO,Rosario,Asfalto,S/D,II,S/D,Urbana,Señal Pare,S/D,Intersección,Bueno,Buena,Diurna,Buen Tiempo,S/D,S/D,S/D,S/D,S/D,S/D,S/D
2018,1424,2018-05-24,Jueves,0,07:10:00,Autopista Nacional A008,0.0,2,"Moto/Ciclomotor,Bicicleta",Av. Circunvalacion Y Ayacucho,2,2,0,0,0,0,0,"-33.016444444444,-60.63475",Autopista,A008,ROSARIO,Rosario,Asfalto,Pavimento,II,S/D,Urbana,Ninguna,No existe,Recta,Bueno,Buena,Diurna,Buen Tiempo,De alcance,Ciclista,Atropello,Ninguna,Faltante,Guardarrail,Sin restricción
2018,1425,2018-02-22,Jueves,0,09:30:00,,0.0,2,"Automóvil,Moto/Ciclomotor",SAN MARTIN Y JUAN PABLO II (COLECTORA),2,1,0,0,1,0,0,"-33.01569, -60.65216",Avenida,,ROSARIO,Rosario,Asfalto,No existe,II,Dentro,Urbana,Ninguna,No existe,Recta,Bueno,Buena,Amanecer,Buen Tiempo,Lateral,S/D,Colisión,Ninguna,Faltante,Ninguna,Sin restricción
2018,1426,2018-05-25,Viernes,0,06:30:00,Autopista Nacional A008,0.0,2,"Moto/Ciclomotor,Automóvil",Av. Circunvalacion Y Av. Uriburu,3,1,0,0,2,0,0,"-32.991944444444,-60.69775",Autopista,A008,ROSARIO,Rosario,Asfalto,No existe,II,S/D,Urbana,Ninguna,No existe,Recta,Bueno,Buena,Diurna,Buen Tiempo,De alcance,S/D,Colisión,Ninguna,Faltante,Cordón divisorio,Sin restricción
2018,1427,2018-02-22,Jueves,0,10:10:00,,0.0,2,"Automóvil,Moto/Ciclomotor",Amenabar Y Mitre,2,1,0,0,1,0,0,"-32.971944444444,-60.646027777778",Calle,,ROSARIO,Rosario,Asfalto,No existe,II,Dentro,Urbana,Ninguna,No existe,Intersección,Bueno,Buena,Diurna,Buen Tiempo,De alcance,S/D,Colisión,Ninguna,Horizontal,Ninguna,Sin restricción
2018,1428,2018-02-07,Miercoles,0,16:25:00,,0.0,2,"Moto/Ciclomotor,Otros",Italia Y Av. Pellegrini,2,1,0,0,0,0,1,"-32.955444444444,-60.650583333333",Avenida,,ROSARIO,Rosario,Asfalto,Pavimento,II,Dentro,Urbana,Semáforo,Funciona,Intersección,Bueno,Buena,Diurna,Buen Tiempo,Lateral,S/D,Colisión,Ninguna,Vertical,Cordón divisorio,Sin restricción
2018,1429,2018-05-29,Martes,0,12:15:00,Autopista Nacional A008,0.0,2,"Moto/Ciclomotor,Otros",Av. Circunvalacion Y Av. Pellegrini,2,1,0,0,1,0,0,"-32.948861111111,-60.722666666667",Autopista,A008,ROSARIO,Rosario,Asfalto,No existe,II,Dentro,Urbana,Ninguna,No existe,Recta,Bueno,Buena,Diurna,S/D,Contra objeto fijo,S/D,Otro,S/D,S/D,Barrera de alto impacto,Sin restricción
2018,1430,2018-05-03,Jueves,0,18:30:00,,0.0,2,"Bicicleta,Pickup/Utilitario",13 DE DICIEMBRE Y FRENGUELLI,2,1,0,0,1,0,0,"-31.77255, -60.83657",Calle,,SAUCE VIEJO,La Capital,"Asfalto,Ripio",No existe,I,Dentro,Urbana,Ninguna,No existe,Intersección,Bueno,Buena,Diurna,Buen Tiempo,De alcance,Ciclista,Atropello,Ninguna,Faltante,Ninguna,Sin restricción
2018,1431,2018-05-06,Domingo,0,16:00:00,,0.0,2,"Transporte de Pasajeros Urbano (> 8 asientos),Peatón",J.J.Paso Y F.More,2,1,0,0,1,0,0,"-32.919666666667,-60.694111111111",Calle,,ROSARIO,Rosario,Hormigón,No existe,II,Dentro,Urbana,Ninguna,No existe,Recta,Otro,Buena,Atardecer,Buen Tiempo,Otro,Peatón,Atropello,Otro,Faltante,Ninguna,Sin restricción
2018,1432,2018-02-08,Jueves,0,20:00:00,,0.0,2,"Moto/Ciclomotor,Automóvil",Virasoro 3050,3,2,0,0,1,0,0,"-32.965111111111,-60.670694444444",Calle,,ROSARIO,Rosario,Asfalto,No existe,II,Dentro,Urbana,Ninguna,No existe,Recta,Bueno,Buena,"Nocturna,Con luz artificial",Buen Tiempo,Contra objeto fijo,S/D,Colisión,Ninguna,Faltante,Ninguna,Sin restricción
2018,1433,2018-05-18,Viernes,0,18:05:00,,0.0,2,"Moto/Ciclomotor,Automóvil",13 DE DICIEMBRE Y ROVERANO,2,1,0,0,1,0,0,"-31.69128, -60.78862",Calle,,SAUCE VIEJO,La Capital,Ripio,No existe,I,Dentro,Urbana,Ninguna,No existe,Intersección,Resbaladiza,Buena,Diurna,Buen Tiempo,Lateral,S/D,Colisión,Ninguna,Faltante,Ninguna,Sin restricción
2018,1434,2018-02-17,Sabado,0,14:30:00,,0.0,2,"Automóvil,Moto/Ciclomotor",San Martin Y Av. Uriburu,2,1,0,0,1,0,0,"-32.990666666667,-60.646805555556",Avenida,,ROSARIO,Rosario,Asfalto,No existe,II,Dentro,Urbana,Ninguna,Funciona,Recta,Bueno,Buena,Diurna,Buen Tiempo,Lateral,S/D,Colisión,Ninguna,"Horizontal,Vertical",Barrera de hormigón,Sin restricción
2018,1435,2018-05-21,Lunes,0,09:40:00,,0.0,2,"Moto/Ciclomotor,Automóvil",Albert Sabin Y Almafuerte,2,0,1,0,1,0,0,"-32.91746, -60.68998",Avenida,,ROSARIO,Rosario,Asfalto,No existe,II,S/D,Urbana,Semáforo,Funciona,Intersección,Bueno,Buena,Diurna,Buen Tiempo,Lateral,S/D,Colisión,Ninguna,S/D,Cordón divisorio,Sin restricción
2018,1436,2018-05-10,Jueves,0,14:30:00,Autopista Nacional A008,0.0,1,Automóvil,Av. Circunvalacion Y Cerrito,2,1,0,0,1,0,0,"-32.953555555556,-60.721361111111",Autopista,A008,ROSARIO,Rosario,Asfalto,Natural,II,Dentro,Urbana,Ninguna,No existe,Recta,Bueno,Buena,Diurna,Lluvia,S/D,S/D,Despiste,Agua,S/D,"Guardarrail,Cordón divisorio",Sin restricción
2018,1437,2018-02-08,Jueves,0,18:25:00,,0.0,2,"Moto/Ciclomotor,Automóvil",Espa?a Y Padre R. Giaccone,4,2,0,0,2,0,0,"-33.008166666667,-60.657444444444",Calle,,ROSARIO,Rosario,Asfalto,No existe,II,Dentro,Urbana,Ninguna,No existe,Intersección,Bueno,S/D,Atardecer,Buen Tiempo,Lateral,S/D,Colisión,Ninguna,Faltante,Ninguna,Sin restricción
2018,1438,2018-05-06,Domingo,0,22:00:00,Autopista Nacional A008,0.0,2,"Automóvil,Moto/Ciclomotor",Av. Pte.Peron Y Av. Circunvalacion,2,1,0,0,1,0,0,"-32.970861111111,-60.717305555556",Autopista,A008,ROSARIO,Rosario,Asfalto,No existe,II,S/D,Urbana,S/D,S/D,Intersección,Bueno,Buena,"Nocturna,Con luz artificial",Buen Tiempo,Frontal,S/D,Colisión,Ninguna,S/D,S/D,Sin restricción
2018,1439,2018-02-02,Viernes,0,19:20:00,,0.0,2,"Automóvil,Moto/Ciclomotor",Av. Uriburu Y Melian,2,1,0,0,1,0,0,"-32.991194444444,-60.66025",Calle,,ROSARIO,Rosario,Asfalto,No existe,II,S/D,Urbana,Ninguna,Funciona,Recta,Bueno,Buena,Atardecer,Buen Tiempo,De alcance,S/D,Colisión,Ninguna,"Horizontal,Vertical",Ninguna,Sin restricción
2018,1440,2018-02-08,Jueves,0,15:00:00,,0.0,2,"Moto/Ciclomotor,Automóvil",Paraguay Y Garibaldi,2,1,0,0,1,0,0,"-32.984972222222,-60.653694444444",Calle,,ROSARIO,Rosario,Asfalto,No existe,II,Dentro,Urbana,Ninguna,No existe,Intersección,Bueno,Buena,Diurna,Buen Tiempo,Lateral,S/D,Colisión,Ninguna,Horizontal,Ninguna,Sin restricción
2018,1441,2018-02-12,Lunes,0,19:20:00,,0.0,2,"Moto/Ciclomotor,Automóvil",Av. Battle y Ordo?ez Y Av. Bermudez,5,2,0,0,3,0,0,"-33.00875,-60.642305555556",Avenida,,ROSARIO,Rosario,Asfalto,No existe,II,S/D,Urbana,Ninguna,No existe,Intersección,Bueno,Buena,Atardecer,Buen Tiempo,De alcance,S/D,Colisión,Ninguna,Horizontal,Línea divisoria pintada,Sin restricción
2018,1442,2018-02-07,Miercoles,0,20:00:00,,0.0,2,"Moto/Ciclomotor,Taxi/Remis",Entre Rios Y Garay,3,1,0,0,2,0,0,"-32.973972222222,-60.648027777778",Calle,,ROSARIO,Rosario,Asfalto,No existe,II,Dentro,Urbana,Ninguna,No existe,Intersección,Bueno,Buena,Atardecer,Buen Tiempo,Lateral,S/D,Colisión,Ninguna,Horizontal,Ninguna,Sin restricción
2018,1443,2018-05-05,Sabado,0,19:45:00,Autopista Nacional A008,0.0,1,Automóvil,Av. Circunvalacion Y Av. Pellegrini,1,1,0,0,0,0,0,"-32.948861111111,-60.722666666667",Autopista,A008,ROSARIO,Rosario,Asfalto,S/D,II,Dentro,Urbana,Ninguna,S/D,Recta,Bueno,Buena,"Nocturna,Con luz artificial",Otro,"Contra objeto fijo,Lateral",S/D,Vuelco,S/D,S/D,Ninguna,Sin restricción
2018,1444,2018-05-21,Lunes,0,19:35:00,,0.0,2,"Moto/Ciclomotor,Automóvil",Calle 14 Y Calle 27,3,1,0,0,2,0,0,"-31.796244, -60.844643",Calle,,SAUCE VIEJO,La Capital,Ripio,No existe,I,Dentro,Urbana,Ninguna,No existe,Intersección,Resbaladiza,Buena,Atardecer,Buen Tiempo,Lateral,S/D,Colisión,Material Suelto,Faltante,Ninguna,Sin restricción
2018,1446,2018-02-08,Jueves,0,18:40:00,,0.0,2,"Automóvil,Peatón",Sarmiento Y Gaboto,2,0,1,0,1,0,0,"-32.973333333333,-60.644944444444",Calle,,ROSARIO,Rosario,Asfalto,No existe,II,Dentro,Urbana,Ninguna,No existe,Intersección,Otro,Buena,Atardecer,Otro,S/D,Peatón,Atropello,Ninguna,Faltante,Ninguna,Sin restricción
2018,1447,2018-02-15,Jueves,0,21:15:00,,0.0,2,"Automóvil,Moto/Ciclomotor",Paraguay Y Pje. Acoyte,3,2,0,0,1,0,0,"-33.011518612730, -60.654355977159",Calle,,ROSARIO,Rosario,Asfalto,No existe,II,Dentro,Urbana,Ninguna,No existe,Recta,Bueno,Buena,"Nocturna,Con luz artificial",Buen Tiempo,Frontal,S/D,Colisión,Ninguna,Faltante,Ninguna,Sin restricción
2018,1448,2018-02-06,Martes,0,01:20:00,,0.0,2,"Automóvil,Automóvil",San Martin 3400,2,0,1,0,1,0,0,"-32.986138888889,-60.645694444444",Avenida,,ROSARIO,Rosario,Asfalto,No existe,II,Dentro,Urbana,Semáforo,No existe,Intersección,Bueno,Buena,Nocturna,Buen Tiempo,De alcance,S/D,Colisión,Ninguna,Faltante,Ninguna,Sin restricción
2018,1449,2018-05-11,Viernes,0,18:20:00,,0.0,2,"Moto/Ciclomotor,Automóvil",Corrientes 500,3,2,0,0,1,0,0,"-33.01,-60.613805555556",Calle,,VILLA GOBERNADOR GÁLVEZ,Rosario,Asfalto,Pavimento,II,Dentro,Urbana,Ninguna,No existe,Recta,Bueno,Buena,"Atardecer,Con luz artificial",Buen Tiempo,De alcance,S/D,Colisión,Ninguna,Faltante,Ninguna,Sin restricción
2018,1450,2018-02-07,Miercoles,0,23:30:00,,0.0,2,"Automóvil,Moto/Ciclomotor",San Martin 4800,4,2,0,0,2,0,0,"-32.992888888889,-60.647277777778",Avenida,,ROSARIO,Rosario,Asfalto,No existe,II,Dentro,Urbana,Ninguna,S/D,Recta,Bueno,S/D,S/D,Buen Tiempo,De alcance,S/D,Colisión,Ninguna,Horizontal,Ninguna,Sin restricción
2018,1451,2018-02-15,Jueves,0,17:40:00,,0.0,2,"Automóvil,Moto/Ciclomotor",Bv. Segui Y Sarmiento,3,2,0,0,1,0,0,"-32.979194444444,-60.646361111111",Calle,,ROSARIO,Rosario,Asfalto,No existe,II,S/D,Urbana,Ninguna,No existe,Recta,Otro,Buena,Atardecer,Otro,De alcance,S/D,Colisión,Ninguna,Faltante,Ninguna,S/D
2018,1452,2018-05-23,Miercoles,0,00:15:00,,0.0,2,"Moto/Ciclomotor,Automóvil",Andreu Y I A Edison,2,1,0,0,1,0,0,"-33.015888888889,-60.613833333333",Calle,,VILLA GOBERNADOR GÁLVEZ,Rosario,Asfalto,No existe,II,S/D,Urbana,Ninguna,No existe,Intersección,Bueno,Buena,Nocturna,Buen Tiempo,Otro,S/D,Colisión,Ninguna,Faltante,Ninguna,Sin restricción
2018,1453,2018-05-03,Jueves,0,21:00:00,,0.0,2,"Automóvil,Moto/Ciclomotor",Centenario Y Nicolas Avellaneda,2,1,0,0,1,0,0,"-31.662611111111,-60.761194444444",Calle,,SANTO TOMÉ,La Capital,Asfalto,No existe,I,Dentro,Urbana,Ninguna,No existe,Intersección,Bueno,Buena,"Nocturna,Con luz artificial",Buen Tiempo,Lateral,S/D,Colisión,Ninguna,Horizontal,Ninguna,Sin restricción
2018,1454,2018-05-14,Lunes,0,10:50:00,,0.0,2,"Automóvil,Moto/Ciclomotor",Bv. Avellaneda Y La Paz,4,2,0,0,2,0,0,"-32.956777777778,-60.683722222222",Avenida,,ROSARIO,Rosario,Asfalto,No existe,II,S/D,Urbana,Ninguna,No existe,Intersección,Bueno,Buena,Diurna,Buen Tiempo,De alcance,S/D,Colisión,Ninguna,Faltante,Cordón divisorio,Sin restricción
2018,1455,2018-02-14,Miercoles,0,13:20:00,,0.0,2,"Automóvil,Automóvil",Av. Corrientes Y Biedma,3,1,0,0,2,0,0,"-32.980611111111,-60.651166666667",Calle,,ROSARIO,Rosario,S/D,No existe,II,Dentro,Urbana,Ninguna,No existe,Recta,Otro,Buena,Diurna,Buen Tiempo,De alcance,S/D,Colisión,Ninguna,Horizontal,Ninguna,Sin restricción
2018,1456,2018-02-17,Sabado,0,20:15:00,,0.0,2,"Moto/Ciclomotor,Automóvil",Estado de Israel Y Espa?a,3,1,0,0,2,0,0,"-32.992111111111,-60.658055555556",Calle,,ROSARIO,Rosario,Asfalto,No existe,II,Dentro,Urbana,Ninguna,No existe,Recta,Bueno,Buena,"Nocturna,Con luz artificial",Buen Tiempo,Lateral,S/D,Colisión,Ninguna,Faltante,Ninguna,Sin restricción
2018,1457,2018-05-12,Sabado,0,17:00:00,,0.0,2,"Automóvil,Moto/Ciclomotor",Av. Provincias Unidas 2060,2,1,0,0,1,0,0,"-32.952861111111,-60.712055555556",Avenida,,ROSARIO,Rosario,Asfalto,Pavimento,II,S/D,Urbana,Semáforo,Funciona,Recta,Bueno,Buena,Atardecer,Buen Tiempo,Otro,S/D,Colisión,Ninguna,Horizontal,Cordón divisorio,Sin restricción
2018,1458,2018-02-21,Miercoles,0,16:05:00,,0.0,2,"Moto/Ciclomotor,Automóvil",Paraguay Y Av. Battle y Ordo?ez,2,1,0,0,1,0,0,"-33.009,-60.654472222222",Calle,,ROSARIO,Rosario,Asfalto,No existe,II,Dentro,Urbana,Ninguna,Funciona,Recta,Bueno,Buena,Atardecer,Buen Tiempo,De alcance,S/D,Colisión,Ninguna,Horizontal,Barrera de hormigón,Sin restricción
2018,1459,2018-05-16,Miercoles,0,16:20:00,,0.0,2,"Automóvil,Peatón",Av 7 de marzo Y Mariano Candioti,2,0,1,0,1,0,0,"-31.667638888889,-60.7545",Avenida,,SANTO TOMÉ,La Capital,Hormigón,No existe,I,Dentro,Urbana,Ninguna,No existe,Intersección,Bueno,Buena,Atardecer,Buen Tiempo,S/D,Peatón,Atropello,Ninguna,Horizontal,Línea divisoria pintada,Sin restricción
2018,1460,2018-05-12,Sabado,0,13:00:00,,0.0,2,"Moto/Ciclomotor,Automóvil",Rivarola Y Benitez,2,1,0,0,1,0,0,"-32.966055555556,-60.720222222222",Calle,,ROSARIO,Rosario,Asfalto,No existe,II,S/D,Urbana,Semáforo,Funciona,Intersección,Bueno,Buena,Diurna,Buen Tiempo,Otro,S/D,Colisión,Ninguna,Horizontal,Ninguna,Sin restricción
2018,1461,2018-05-13,Domingo,0,06:30:00,,0.0,2,"Moto/Ciclomotor,Automóvil",Av 7 de marzo Y J Macia,2,1,0,0,1,0,0,"-31.667416666667,-60.756527777778",Avenida,,SANTO TOMÉ,La Capital,Hormigón,No existe,I,Dentro,Urbana,Semáforo,Funciona,Intersección,Bueno,Buena,"Amanecer,Con luz artificial",Buen Tiempo,Lateral,S/D,Colisión,Ninguna,"Horizontal,Vertical",Línea divisoria pintada,Sin restricción
2018,1462,2018-02-14,Miercoles,0,08:30:00,,0.0,2,"Automóvil,Taxi/Remis",Mariano Moreno Y Saavedra,2,1,0,0,1,0,0,"-32.975694444444,-60.6585",Calle,,ROSARIO,Rosario,S/D,No existe,II,Dentro,Urbana,Ninguna,No existe,Recta,Bueno,Buena,Diurna,Otro,Lateral,S/D,Colisión,Ninguna,Faltante,Ninguna,Sin restricción
2018,1463,2018-05-16,Miercoles,0,14:15:00,,0.0,2,"Moto/Ciclomotor,Automóvil",Pascual Rosas Y La Paz,2,1,0,0,1,0,0,"-32.955611111111,-60.690416666667",Calle,,ROSARIO,Rosario,Asfalto,No existe,II,S/D,Urbana,Ninguna,No existe,Intersección,Bueno,Buena,Diurna,Buen Tiempo,Otro,S/D,Colisión,Ninguna,Faltante,Ninguna,Sin restricción
2018,1464,2018-05-17,Jueves,0,09:15:00,Autopista Nacional A008,0.0,3,"Automóvil,Pickup/Utilitario,Moto/Ciclomotor",P.Rivarola Y Av. Circunvalacion,3,2,0,0,1,0,0,"-32.96601, -60.71932",Autopista,A008,ROSARIO,Rosario,Asfalto,No existe,II,S/D,Urbana,Semáforo,Funciona,Intersección,Resbaladiza,Buena,Diurna,Buen Tiempo,Múltiple,S/D,Colisión,Agua,Faltante,Cordón divisorio,Sin restricción
2018,1465,2018-05-09,Miercoles,0,18:00:00,,0.0,2,"Moto/Ciclomotor,Automóvil",Grl Brig Estanislao Lopez Y Cordoba,2,1,0,0,1,0,0,"-31.670527777778,-60.769694444444",Calle,,SANTO TOMÉ,La Capital,Asfalto,No existe,I,S/D,Urbana,Ninguna,No existe,Intersección,Bueno,Buena,"Atardecer,Con luz artificial",Buen Tiempo,Lateral,S/D,Colisión,Ninguna,Horizontal,Ninguna,Sin restricción
2018,1466,2018-05-15,Martes,0,09:50:00,,0.0,2,"Moto/Ciclomotor,Automóvil",Bv. Avellaneda Y La Paz,2,1,0,0,1,0,0,"-32.956777777778,-60.683722222222",Calle,,ROSARIO,Rosario,Asfalto,Pavimento,II,S/D,Urbana,Ninguna,No existe,Intersección,Bueno,Buena,Diurna,Buen Tiempo,Lateral,S/D,Colisión,Ninguna,Faltante,Cordón divisorio,Sin restricción
2018,1468,2018-06-02,Sabado,0,11:45:00,,0.0,2,"Pickup/Utilitario,Moto/Ciclomotor",Italia 745,2,1,0,0,1,0,0,"-33.436240832482, -60.791376633343",Calle,,SANTA TERESA,Constitución,Asfalto,No existe,VI,Dentro,Urbana,Ninguna,No existe,Recta,Bueno,Buena,Diurna,Buen Tiempo,Lateral,S/D,Colisión,Ninguna,S/D,Línea divisoria pintada,Sin restricción
2018,1469,2018-05-07,Lunes,0,11:00:00,,0.0,2,"Pickup/Utilitario,Automóvil",Av 7 de marzo Y Azcuenaga,3,1,0,0,2,0,0,"-31.671722222222,-60.775166666667",Calle,,SANTO TOMÉ,La Capital,Ripio,No existe,I,Dentro,Urbana,Ninguna,No existe,Intersección,Con baches,Buena,Diurna,Buen Tiempo,Lateral,S/D,Colisión,Ninguna,Faltante,Ninguna,Sin restricción
2018,1470,2018-06-26,Martes,0,13:25:00,,0.0,2,"Moto/Ciclomotor,Pickup/Utilitario",Leiva Y Gutierrez,3,1,1,0,1,0,0,"-29.69095, -60.24903",Calle,,MARGARITA,Vera,Asfalto,No existe,XIX,Dentro,Urbana,Ninguna,No existe,Intersección,Bueno,Buena,Diurna,Buen Tiempo,S/D,S/D,Colisión,Ninguna,Faltante,Ninguna,Sin restricción
2018,1471,2018-06-03,Domingo,0,02:50:00,,0.0,1,Moto/Ciclomotor,Sarmiento 980,1,1,0,0,0,0,0,"-33.438256981810, -60.789489105850",Avenida,,SANTA TERESA,Constitución,Asfalto,No existe,VI,Dentro,Urbana,Ninguna,No existe,Recta,Bueno,Buena,"Nocturna,Con luz artificial",Buen Tiempo,Contra objeto fijo,S/D,Colisión,Ninguna,Faltante,Cordón divisorio,Sin restricción
2018,1472,2018-05-13,Domingo,0,09:00:00,,0.0,2,"Pickup/Utilitario,Moto/Ciclomotor",Libertad Y Santiago Derqui,2,1,0,0,1,0,0,"-31.670972222222,-60.760722222222",Calle,,SANTO TOMÉ,La Capital,Asfalto,No existe,I,S/D,Urbana,Ninguna,No existe,Intersección,Bueno,Buena,Diurna,Buen Tiempo,Lateral,S/D,Colisión,Ninguna,S/D,Ninguna,Sin restricción
2018,1473,2018-06-02,Sabado,0,18:30:00,,0.0,2,"Moto/Ciclomotor,Transporte de Pasajeros Urbano (> 8 asientos)",Av Escalada Y Bv Ayacucho,3,2,0,0,1,0,0,"-33.264224792379, -60.386486954381",Avenida,,EMPALME VILLA CONSTITUCIÓN,Constitución,Hormigón,Pavimento,VI,Dentro,Urbana,Ninguna,No existe,Intersección,Con baches,Buena,Atardecer,Buen Tiempo,De alcance,S/D,Colisión,Ninguna,Faltante,Ninguna,Sin restricción
2018,1474,2018-06-27,Miercoles,0,14:05:00,,0.0,2,"Moto/Ciclomotor,Automóvil",Buenos Aires Y Juan M. de Pueyrredon,2,1,0,0,1,0,0,"-33.46307, -61.48738",Calle,,FIRMAT,General López,Asfalto,No existe,VIII,Dentro,Urbana,Ninguna,No existe,Recta,Bueno,Buena,Diurna,Buen Tiempo,Lateral,S/D,Colisión,S/D,S/D,Ninguna,Sin restricción
2018,1475,2018-06-05,Martes,0,16:00:00,,0.0,2,"Peatón,Automóvil",Rivadavia Y Belgrano,2,1,0,0,1,0,0,"-33.261049056905, -60.378933853795",Calle,,EMPALME VILLA CONSTITUCIÓN,Constitución,Hormigón,Pavimento,VI,Dentro,Urbana,Ninguna,No existe,Intersección,Con baches,Buena,Diurna,Buen Tiempo,S/D,Peatón,Atropello,Ninguna,Vertical,Ninguna,Sin restricción
2018,1476,2018-06-23,Sabado,0,18:40:00,,0.0,2,"Moto/Ciclomotor,Automóvil",9 de Julio Y Bernardino Rivadavia,2,1,0,0,1,0,0,"-28.622887397664, -61.629980511358",Calle,,VILLA MINETTI,9 de Julio,Tierra,No existe,XII,Dentro,Urbana,Ninguna,No existe,Intersección,Con baches,Buena,Nocturna,Buen Tiempo,Lateral,S/D,Colisión,Ninguna,Faltante,Ninguna,Sin restricción
2018,1477,2018-05-26,Sabado,0,18:50:00,,0.0,2,"Moto/Ciclomotor,Automóvil",Bv. Avellaneda 2300,3,1,0,0,2,0,0,"-32.956805555556,-60.683722222222",S/D,,ROSARIO,Rosario,Asfalto,No existe,II,S/D,Urbana,Semáforo,Funciona,Intersección,Bueno,Buena,Diurna,Buen Tiempo,De alcance,S/D,Colisión,Ninguna,"Horizontal,Vertical",Cordón divisorio,Sin restricción
2018,1478,2018-05-05,Sabado,0,20:30:00,,0.0,3,"Moto/Ciclomotor,Bicicleta,Bicicleta",Rivarola 7100,4,3,0,0,1,0,0,"-32.965916666667,-60.716555555556",Calle,,ROSARIO,Rosario,Asfalto,No existe,II,Dentro,Urbana,Semáforo,Funciona,Recta,Bueno,Buena,Nocturna,Buen Tiempo,S/D,Ciclista,Atropello,Ninguna,"Horizontal,Vertical",Cordón divisorio,Sin restricción
2018,1479,2018-05-27,Domingo,0,14:45:00,,0.0,2,"Moto/Ciclomotor,Moto/Ciclomotor",Rivarola Y Fader,2,2,0,0,0,0,0,"-32.966111111111,-60.7225",S/D,,ROSARIO,Rosario,Asfalto,No existe,II,S/D,Urbana,Ninguna,S/D,Intersección,Bueno,Buena,Diurna,Buen Tiempo,Frontal,S/D,Colisión,Ninguna,Faltante,Cordón divisorio,Sin restricción
2018,1480,2018-05-24,Jueves,0,16:30:00,,0.0,2,"Automóvil,Moto/Ciclomotor",Av. De Las Palmeras 4500,2,1,0,0,1,0,0,"-32.95195, -60.64439",Avenida,,ROSARIO,Rosario,Asfalto,No existe,II,S/D,Urbana,Ninguna,No existe,Recta,Con baches,Buena,Diurna,Buen Tiempo,S/D,S/D,Caída ocupante,Ninguna,Horizontal,Ninguna,Sin restricción
2018,1481,2018-06-09,Sabado,0,14:00:00,Ruta Secundaria 292-s,0.0,2,"Camión c / Acoplado,Moto/Ciclomotor",Ruta Prov 292 ,2,1,0,0,1,0,0,"-28.631504790570, -61.524191427384",Ruta,292-s,VILLA MINETTI,9 de Julio,Asfalto,Natural,XII,Dentro,Urbana,Ninguna,No existe,Recta,Bueno,Buena,Diurna,Buen Tiempo,Lateral,S/D,Colisión,Ninguna,Faltante,Ninguna,Sin restricción
2018,1482,2018-05-11,Viernes,0,13:15:00,,0.0,1,Moto/Ciclomotor,Pasaje 82 Bis Y Hipolito Irigoyen,1,1,0,0,0,0,0,"-31.685666666667,-60.766888888889",Calle,,SANTO TOMÉ,La Capital,Asfalto,Natural,I,S/D,Urbana,Ninguna,No existe,Recta,Bueno,Buena,Diurna,Buen Tiempo,Otro,S/D,Despiste,Ninguna,S/D,Ninguna,Sin restricción
2018,1483,2018-05-30,Miercoles,0,18:50:00,,0.0,2,"Moto/Ciclomotor,Peatón",Rivarola ,3,0,1,0,2,0,0,"-32.966083333333,-60.721444444444",Avenida,,ROSARIO,Rosario,Asfalto,No existe,II,Dentro,Urbana,Ninguna,No existe,Recta,Bueno,Buena,Con luz artificial,Buen Tiempo,S/D,Peatón,Atropello,Ninguna,S/D,Cordón divisorio,Sin restricción