anio_acci,nro_acci,fecha,desc_dia,fecha_aprox,hora_aprox,desc_ruta,km,cant_participantes,desc_participante,calle_avenida_km,total,heridos_leves,heridos_graves,heridos_gravisimos,ilesos,fallecidos,sin_datos,posicion_XY,desc_tipo_via,desc_ruta_ori,desc_loc,desc_dpto,desc_tipo_calzada,desc_tipo_banquina,desc_unidad_regional,desc_lugar_calzada,desc_zona,desc_prioridad,desc_estado_semaforo,desc_lugar_via,desc_estado_via,desc_estado_visibilidad,desc_luminosidad,desc_estado_clima,desc_tipo_colision,desc_tipo_atropello,desc_tipo_hecho,desc_pres_calzada,desc_senializacion,desc_separacion_via,desc_restriccion
2018,1484,2018-06-07,Jueves,1,19:30:00,,0.0,2,"Moto/Ciclomotor,Taxi/Remis",Gral. Jose de San Martin Y Buenos Aires,3,1,0,0,2,0,0,"-33.457496897347, -61.486817769038",Calle,,FIRMAT,General López,Asfalto,No existe,II,S/D,Urbana,Ninguna,No existe,S/D,Bueno,Buena,Diurna,Buen Tiempo,Lateral,S/D,Colisión,S/D,S/D,Ninguna,Sin restricción
2018,1485,2018-05-28,Lunes,0,18:30:00,,0.0,2,"Bicicleta,Moto/Ciclomotor",Juan Bautista Alberdi Y Mariano Moreno,2,1,0,0,1,0,0,"-31.681083333333,-60.769805555556",Calle,,SANTO TOMÉ,La Capital,Asfalto,No existe,I,S/D,Urbana,Ninguna,No existe,Intersección,Bueno,Buena,Diurna,Buen Tiempo,De alcance,S/D,Colisión,Ninguna,S/D,Ninguna,Sin restricción
2018,1486,2018-05-10,Jueves,0,18:00:00,,0.0,2,"Bicicleta,Taxi/Remis",Av. Provincias Unidas 2800,2,1,0,0,1,0,0,"-32.961638888889,-60.711833333333",Avenida,,ROSARIO,Rosario,Asfalto,No existe,II,S/D,Urbana,Semáforo,Funciona,Recta,Bueno,Buena,Diurna,Buen Tiempo,De alcance,S/D,Colisión,Ninguna,"Horizontal,Vertical",Cordón divisorio,Sin restricción
2018,1487,2018-06-01,Viernes,0,15:40:00,,0.0,2,"Automóvil,Peatón",Av Eduardo Minetti Y Cordoba,2,1,0,0,1,0,0,"-28.621436402542, -61.632145671878",Avenida,,VILLA MINETTI,9 de Julio,Tierra,No existe,XII,Dentro,Urbana,Ninguna,No existe,Intersección,Bueno,Buena,Diurna,Buen Tiempo,S/D,Peatón,Atropello,Ninguna,Faltante,Ninguna,Sin restricción
2018,1488,2018-05-11,Viernes,0,11:35:00,,0.0,2,"Moto/Ciclomotor,Peatón",Av. Provincias Unidas Y Viamonte,3,2,0,0,1,0,0,"-32.956861111111,-60.711888888889",Calle,,ROSARIO,Rosario,Asfalto,Pavimento,II,S/D,Urbana,Ninguna,No existe,Recta,Bueno,Buena,Diurna,Buen Tiempo,S/D,Peatón,Atropello,Ninguna,Faltante,Cordón divisorio,Sin restricción
2018,1489,2018-05-19,Sabado,0,13:00:00,,0.0,2,"Moto/Ciclomotor,Pickup/Utilitario",Balcarce Y J Macia,2,1,0,0,1,0,0,"-31.678138888889,-60.758916666667",Calle,,SANTO TOMÉ,La Capital,Asfalto,No existe,I,S/D,Urbana,Ninguna,No existe,Intersección,Bueno,Buena,Diurna,Buen Tiempo,De alcance,S/D,Colisión,Ninguna,S/D,Ninguna,Sin restricción
2018,1490,2018-05-17,Jueves,0,08:25:00,,0.0,2,"Moto/Ciclomotor,Automóvil",Valparaiso Y Av. Pte.Peron,3,1,0,0,2,0,0,"-32.957861111111,-60.686722222222",S/D,,ROSARIO,Rosario,Asfalto,Pavimento,II,S/D,Urbana,Paso Peatonal,No existe,Intersección,Bueno,Buena,Diurna,Buen Tiempo,Frontal,S/D,Colisión,Ninguna,Faltante,Cordón divisorio,Sin restricción
2018,1491,2018-06-29,Viernes,0,14:40:00,,0.0,2,"Automóvil,Moto/Ciclomotor",3 de Febrero Y Roque Saenz Pe?a,2,1,0,0,0,0,1,"-31.655055555556,-60.728472222222",Calle,,SANTA FE,La Capital,Asfalto,No existe,I,Dentro,Urbana,Ninguna,No existe,Intersección,Bueno,Buena,Diurna,Buen Tiempo,De alcance,S/D,Colisión,Ninguna,Faltante,S/D,Sin restricción
2018,1492,2018-06-01,Viernes,0,15:15:00,,0.0,2,"Peatón,Moto/Ciclomotor",Mendoza Y Mejico,2,0,1,0,1,0,0,"-32.940333333333,-60.718416666667",Calle,,ROSARIO,Rosario,Asfalto,S/D,II,Dentro,Urbana,S/D,No existe,Recta,Bueno,Buena,S/D,S/D,S/D,Peatón,Atropello,S/D,S/D,Cordón divisorio,Sin restricción
2018,1493,2018-05-31,Jueves,0,09:55:00,,0.0,2,"Camión Chasis,Moto/Ciclomotor",Av. Francia Y La Paz,3,1,0,0,2,0,0,"-32.95925,-60.670111111111",Calle,,ROSARIO,Rosario,Asfalto,Pavimento,II,S/D,Urbana,Semáforo,Funciona,Intersección,Resbaladiza,Reducida,Diurna,Lluvia,Frontal,S/D,Colisión,Ninguna,"Horizontal,Vertical",Cordón divisorio,Sin restricción
2018,1494,2018-05-09,Miercoles,1,07:50:00,,0.0,2,"Moto/Ciclomotor,Automóvil",Cordoba Y Lisandro de La Torre,2,1,0,0,1,0,0,"-31.67886, -60.77207",Calle,,SANTO TOMÉ,La Capital,Asfalto,No existe,I,Dentro,Urbana,Paso Peatonal,No existe,Intersección,Bueno,Buena,Diurna,Buen Tiempo,De alcance,S/D,Colisión,Ninguna,S/D,S/D,Sin restricción
2018,1495,2018-06-16,Sabado,0,13:50:00,,0.0,2,"Pickup/Utilitario,Moto/Ciclomotor",Av. Sorrento Y Esquivel,3,1,0,0,2,0,0,"-32.907361111111,-60.700166666667",Calle,,ROSARIO,Rosario,Asfalto,No existe,II,Dentro,Urbana,Ninguna,No existe,Intersección,Bueno,Buena,Diurna,Buen Tiempo,Lateral,S/D,Colisión,Ninguna,Faltante,Cordón divisorio,Desvío Provisorio
2018,1496,2018-05-31,Jueves,0,17:30:00,,0.0,2,"Automóvil,Moto/Ciclomotor",Cafferata Y Cochabamba,2,1,0,0,1,0,0,"-32.952527777778,-60.674",Calle,,ROSARIO,Rosario,Asfalto,No existe,II,S/D,Urbana,Ninguna,No existe,Intersección,Bueno,Buena,Diurna,Buen Tiempo,Frontal,S/D,Colisión,Ninguna,Faltante,Ninguna,Sin restricción
2018,1497,2018-06-01,Viernes,0,08:30:00,,0.0,2,"Moto/Ciclomotor,Automóvil",Donado Y Derqui,2,1,0,0,0,0,1,"-32.938388888889,-60.727083333333",Calle,,ROSARIO,Rosario,Asfalto,Pavimento,II,Dentro,Urbana,S/D,No existe,Recta,Bueno,Buena,Diurna,S/D,Lateral,S/D,Colisión,Ninguna,S/D,Ninguna,Sin restricción
2018,1498,2018-05-07,Lunes,0,14:20:00,,0.0,2,"Automóvil,Moto/Ciclomotor",Av. Pte.Peron Y Rio De Janeiro,2,1,0,0,1,0,0,"-32.957666666667,-60.685277777778",S/D,,ROSARIO,Rosario,Asfalto,Pavimento,II,S/D,Urbana,Ninguna,No existe,Intersección,Bueno,Buena,Diurna,Buen Tiempo,Frontal,S/D,Colisión,Ninguna,Faltante,Cordón divisorio,Sin restricción
2018,1499,2018-05-04,Viernes,0,21:30:00,,0.0,2,"Moto/Ciclomotor,Moto/Ciclomotor",Hernandarias Y Mariano Candioti,3,1,0,0,2,0,0,"-31.674944444444,-60.755972222222",Avenida,,SANTO TOMÉ,La Capital,Asfalto,No existe,I,Dentro,Urbana,Semáforo,Funciona,Intersección,Bueno,Buena,Con luz artificial,Buen Tiempo,De alcance,S/D,Colisión,Ninguna,"Horizontal,Vertical",Ninguna,Sin restricción
2018,1500,2018-06-12,Martes,0,20:45:00,,0.0,2,"Automóvil,Moto/Ciclomotor",Maciel Y Warnes,2,1,0,0,1,0,0,"-32.904111111111,-60.691027777778",Calle,,ROSARIO,Rosario,Asfalto,No existe,II,Dentro,Urbana,Ninguna,No existe,Intersección,Bueno,Buena,Nocturna,Buen Tiempo,Lateral,S/D,Colisión,Ninguna,Faltante,Ninguna,Sin restricción
2018,1501,2018-05-05,Sabado,0,13:45:00,,0.0,2,"Bicicleta,Transporte de Pasajeros Urbano (> 8 asientos)",Cochabamba Y Cafferata,3,2,0,0,1,0,0,"-32.952527777778,-60.674",Avenida,,ROSARIO,Rosario,Hormigón,Pavimento,II,S/D,Urbana,Ninguna,No existe,Recta,Bueno,Buena,Diurna,Buen Tiempo,De alcance,S/D,Colisión,Ninguna,Faltante,Ninguna,Sin restricción
2018,1502,2018-06-07,Jueves,0,09:30:00,,0.0,2,"Automóvil,Moto/Ciclomotor",Donado Y White,2,1,0,0,1,0,0,"-32.942,-60.726916666667",Calle,,ROSARIO,Rosario,Asfalto,Pavimento,II,Dentro,Urbana,Ninguna,No existe,Recta,Bueno,Buena,Diurna,S/D,S/D,S/D,Colisión,S/D,S/D,Ninguna,Sin restricción
2018,1503,2018-05-06,Domingo,0,18:30:00,,0.0,2,"Peatón,Automóvil",Bv. 27 De Febrero 7800,2,1,0,0,1,0,0,"-32.959722222222,-60.7275",Avenida,,ROSARIO,Rosario,Tierra,No existe,II,Dentro,Urbana,Ninguna,No existe,Recta,Otro,Reducida p/ objetos,Diurna,Buen Tiempo,S/D,Peatón,Atropello,Material Suelto,Faltante,Ninguna,Obra en Construcción
2018,1504,2018-06-23,Sabado,0,19:00:00,,0.0,2,"Moto/Ciclomotor,Moto/Ciclomotor",Washington Y Calvo,4,1,0,0,3,0,0,"-32.904694444444,-60.706416666667",Calle,,ROSARIO,Rosario,Asfalto,No existe,II,Dentro,Urbana,Ninguna,No existe,Intersección,Bueno,Buena,Atardecer,Buen Tiempo,Lateral,S/D,Colisión,Ninguna,Faltante,Ninguna,Sin restricción
2018,1505,2018-05-14,Lunes,0,03:30:00,,0.0,2,"Automóvil,Moto/Ciclomotor",Av. Pte.Peron Y San Nicolas,2,1,0,0,1,0,0,"-32.956916666667,-60.676583333333",Avenida,,ROSARIO,Rosario,Asfalto,No existe,II,Dentro,Urbana,Semáforo,Funciona,Intersección,Bueno,Buena,"Nocturna,Con luz artificial",Buen Tiempo,Frontal,S/D,Colisión,Ninguna,"Horizontal,Vertical",Cordón divisorio,Sin restricción
2018,1506,2018-06-07,Jueves,0,18:30:00,,0.0,2,"Automóvil,Moto/Ciclomotor",Marcos Paz Y Av. Provincias Unidas,3,2,0,0,1,0,0,"-32.939083333333,-60.712638888889",Calle,,ROSARIO,Rosario,Asfalto,Natural,II,Dentro,Urbana,Ninguna,S/D,Recta,Bueno,Buena,"Diurna,Con luz artificial",S/D,S/D,S/D,Colisión,S/D,S/D,Ninguna,Sin restricción
2018,1507,2018-05-14,Lunes,0,08:20:00,,0.0,2,"Camión c / Semirremolque,Moto/Ciclomotor",J.J.Paso Y Colombia,2,0,1,0,1,0,0,"-32.920444444444,-60.717027777778",Avenida,,ROSARIO,Rosario,Asfalto,No existe,II,Dentro,Urbana,Ninguna,No existe,Intersección,Bueno,Buena,Diurna,Buen Tiempo,Lateral,S/D,Colisión,Ninguna,Faltante,Ninguna,S/D
2018,1508,2018-05-07,Lunes,0,14:10:00,,0.0,2,"Moto/Ciclomotor,Pickup/Utilitario",J.J.Paso Y Olavarria Bis,5,2,0,0,3,0,0,"-32.919944444444,-60.704361111111",Avenida,,ROSARIO,Rosario,Asfalto,No existe,II,Dentro,Urbana,S/D,Funciona,Intersección,Bueno,Buena,Diurna,Buen Tiempo,Frontal,S/D,Colisión,Ninguna,S/D,S/D,Sin restricción
2018,1509,2018-06-11,Lunes,0,00:30:00,,0.0,2,"Automóvil,Automóvil",Mendoza Y Brasil,2,1,0,0,1,0,0,"-32.940361111111,-60.719555555556",Calle,,ROSARIO,Rosario,Asfalto,Pavimento,II,Dentro,Urbana,Semáforo,Funciona,Recta,Bueno,Buena,"Nocturna,Con luz artificial",S/D,Otro,S/D,Colisión,S/D,Vertical,Cordón divisorio,Sin restricción
2018,1510,2018-06-11,Lunes,0,16:00:00,,0.0,2,"Pickup/Utilitario,Moto/Ciclomotor",Donado Y Urquiza,3,1,1,0,1,0,0,"-32.933805555556,-60.727277777778",Calle,,ROSARIO,Rosario,Asfalto,No existe,II,Dentro,Urbana,Ninguna,S/D,Recta,Bueno,Buena,Diurna,S/D,Otro,S/D,Colisión,S/D,S/D,Ninguna,Sin restricción
2018,1511,2018-06-05,Martes,0,09:45:00,,0.0,2,"Automóvil,Moto/Ciclomotor",Simon de Iriondo Y Estanislao Zeballos,2,1,0,0,1,0,0,"-31.438722222222,-60.927277777778",Calle,,ESPERANZA,Las Colonias,Asfalto,No existe,XI,Dentro,Urbana,Ninguna,No existe,Intersección,Bueno,Buena,Diurna,Buen Tiempo,Frontal,S/D,Colisión,Ninguna,Faltante,Ninguna,Sin restricción
2018,1512,2018-05-07,Lunes,0,19:05:00,,0.0,2,"Moto/Ciclomotor,Automóvil",Av. Provincias Unidas Y Jose Ingenieros,4,1,0,0,3,0,0,"-32.917111111111,-60.713638888889",Calle,,ROSARIO,Rosario,Asfalto,No existe,II,Dentro,Urbana,Ninguna,No existe,Intersección,Bueno,Buena,Atardecer,Buen Tiempo,Lateral,S/D,Colisión,Ninguna,Faltante,Ninguna,Sin restricción
2018,1513,2018-06-25,Lunes,0,00:50:00,,0.0,2,"Automóvil,Moto/Ciclomotor",Cam De Las Carretas 8700,2,1,0,0,1,0,0,"-32.9345,-60.753361111111",Calle,,ROSARIO,Rosario,Tierra,No existe,II,S/D,Urbana,Ninguna,No existe,Recta,Bueno,S/D,"Nocturna,Con luz artificial",S/D,S/D,S/D,Colisión,S/D,Faltante,Ninguna,Sin restricción
2018,1514,2018-05-22,Martes,0,16:35:00,,0.0,2,"Automóvil,Moto/Ciclomotor",Francisco De Miranda Y Ricardo Gutierrez,2,1,0,0,1,0,0,"-32.880527777778,-60.692083333333",Calle,,ROSARIO,Rosario,Asfalto,No existe,II,Dentro,Urbana,Ninguna,No existe,Intersección,Bueno,Buena,Diurna,Buen Tiempo,Lateral,S/D,Colisión,Ninguna,Faltante,Ninguna,Sin restricción
2018,1515,2018-06-25,Lunes,0,22:00:00,,0.0,2,"Moto/Ciclomotor,Moto/Ciclomotor",Nicaragua Y Cochabamba,3,1,0,0,2,0,0,"-32.95,-60.72025",Calle,,ROSARIO,Rosario,Asfalto,No existe,II,Dentro,Urbana,Ninguna,S/D,Recta,Bueno,S/D,"Nocturna,Con luz artificial",S/D,Otro,S/D,Colisión,S/D,S/D,Ninguna,Sin restricción
2018,1516,2018-05-15,Martes,0,10:20:00,,0.0,2,"Moto/Ciclomotor,Automóvil",Av. Genova Y Dr.Victor Cue Bis,2,1,0,0,1,0,0,"-32.915527777778,-60.69725",Avenida,,ROSARIO,Rosario,Asfalto,No existe,II,Dentro,Urbana,Ninguna,No existe,Intersección,Bueno,Buena,Diurna,Buen Tiempo,Lateral,S/D,Colisión,Ninguna,Faltante,Ninguna,Sin restricción
2018,1517,2018-06-23,Sabado,0,12:55:00,Ruta Nacional 11,0.0,2,"Pickup/Utilitario,Camión Chasis", ,2,0,1,0,1,0,0,"-32.08221, -60.97638",Ruta,11,AROCENA,San Jerónimo,Asfalto,Natural,XV,Dentro,Urbana,Ninguna,No existe,Recta,Bueno,Buena,Diurna,Otro,Lateral,S/D,Colisión,Ninguna,S/D,Línea divisoria pintada,Sin restricción
2018,1518,2018-06-29,Viernes,0,16:00:00,,0.0,2,"Automóvil,Moto/Ciclomotor",Nicaragua 1300,4,1,0,0,3,0,0,"-32.943722222222,-60.720555555556",Calle,,ROSARIO,Rosario,Asfalto,S/D,II,Dentro,Urbana,Ninguna,No existe,Recta,Bueno,S/D,S/D,S/D,Otro,S/D,Colisión,S/D,S/D,Ninguna,Sin restricción
2018,1519,2018-05-29,Martes,0,12:30:00,,0.0,2,"Moto/Ciclomotor,Automóvil",Ricardo Gutierrez Y A.Maza,2,1,0,0,1,0,0,"-32.880222222222,-60.690722222222",Calle,,ROSARIO,Rosario,Asfalto,No existe,II,Dentro,Urbana,Ninguna,No existe,Intersección,Bueno,Buena,Diurna,Buen Tiempo,Lateral,S/D,Colisión,Ninguna,Faltante,Ninguna,Sin restricción
2018,1520,2018-05-24,Jueves,0,17:15:00,,0.0,2,"Moto/Ciclomotor,Pickup/Utilitario",Bv. Rondeau Y Martin Fierro,4,3,0,0,1,0,0,"-32.87775,-60.697722222222",Calle,,ROSARIO,Rosario,Asfalto,No existe,II,Dentro,Urbana,Semáforo,Funciona,Intersección,Bueno,Buena,Diurna,Buen Tiempo,Frontal,S/D,Colisión,Ninguna,Vertical,Ninguna,Sin restricción
2018,1521,2018-06-27,Miercoles,0,08:00:00,,0.0,1,Pickup/Utilitario,ENTRADA SAN AGUSTIN ,1,1,0,0,0,0,0,"-31.6727, -60.94676",S/D,,SAN AGUSTÍN,Las Colonias,Asfalto,Natural,XI,Fuera,S/D,Ninguna,S/D,Recta,Bueno,Buena,Amanecer,Buen Tiempo,S/D,S/D,Despiste,Ninguna,S/D,Línea divisoria pintada,Sin restricción
2018,1522,2018-05-25,Viernes,0,14:10:00,,0.0,2,"Automóvil,Moto/Ciclomotor",P.Araoz Y Darragueira,3,1,0,0,2,0,0,"-32.889444444444,-60.696666666667",Calle,,ROSARIO,Rosario,Asfalto,No existe,II,Dentro,Urbana,Ninguna,No existe,Intersección,Bueno,Buena,Diurna,Buen Tiempo,Lateral,S/D,Colisión,Ninguna,Faltante,Ninguna,Sin restricción
2018,1523,2018-05-24,Jueves,0,18:15:00,,0.0,2,"Pickup/Utilitario,Automóvil",Dr.D.Pe?a Y Bv. Rondeau,2,1,0,0,1,0,0,"-32.879277777778,-60.69725",Calle,,ROSARIO,Rosario,Asfalto,No existe,II,Dentro,Urbana,Ninguna,No existe,Recta,Bueno,Buena,Atardecer,Buen Tiempo,S/D,Peatón,Atropello,Ninguna,Faltante,Ninguna,Sin restricción
2018,1524,2018-06-24,Domingo,0,22:50:00,,0.0,2,"Moto/Ciclomotor,Automóvil",La Republica 7663,2,0,1,0,1,0,0,"-32.918944444444,-60.727027777778",Calle,,ROSARIO,Rosario,Asfalto,S/D,II,S/D,Urbana,Ninguna,S/D,Recta,Bueno,Buena,Nocturna,Buen Tiempo,Otro,S/D,Colisión,Ninguna,S/D,Ninguna,Sin restricción
2018,1525,2018-06-28,Jueves,0,19:30:00,,0.0,2,"Automóvil,Bicicleta",Domingo Faustino Sarmineto Y Guemes,2,1,0,0,1,0,0,"-31.5508, -61.07797",Calle,,SAN JERÓNIMO NORTE,Las Colonias,Hormigón,S/D,XI,Dentro,Urbana,Ninguna,No existe,Intersección,Bueno,Reducida,Nocturna,Buen Tiempo,Lateral,Ciclista,Atropello,Ninguna,S/D,Ninguna,S/D
2018,1526,2018-05-14,Lunes,0,10:00:00,,0.0,2,"Transporte de Pasajeros Urbano (> 8 asientos),Automóvil",Av. Ovidio Lagos Y Cordoba,4,1,0,0,3,0,0,"-32.94225,-60.661444444444",Calle,,ROSARIO,Rosario,Asfalto,No existe,II,S/D,Urbana,Ninguna,S/D,Intersección,Bueno,Buena,Diurna,Buen Tiempo,De alcance,S/D,Colisión,Ninguna,Faltante,Ninguna,Sin restricción
2018,1527,2018-06-08,Viernes,0,18:35:00,,0.0,2,"Moto/Ciclomotor,Automóvil",La Republica Y Acevedo Bis,2,1,0,0,1,0,0,"-32.919527777778,-60.749",Calle,,ROSARIO,Rosario,Asfalto,No existe,II,Dentro,Urbana,Ninguna,S/D,Intersección,Bueno,Buena,Atardecer,Buen Tiempo,S/D,S/D,Colisión,Ninguna,S/D,Ninguna,Sin restricción
2018,1528,2018-05-09,Miercoles,0,15:30:00,,0.0,2,"Moto/Ciclomotor,Taxi/Remis",San Nicolas 1300,2,1,0,0,1,0,0,"-32.946666666667,-60.673944444444",Calle,,ROSARIO,Rosario,Asfalto,No existe,II,S/D,Urbana,Ninguna,No existe,Recta,Bueno,Buena,Diurna,Buen Tiempo,Contra objeto fijo,S/D,Colisión,Ninguna,Faltante,Ninguna,Sin restricción
2018,1529,2018-05-09,Miercoles,0,14:35:00,,0.0,2,"Automóvil,Moto/Ciclomotor",Balcarce Y Mariano Candioti,2,1,0,0,1,0,0,"-31.678555555556,-60.756666666667",Avenida,,SANTO TOMÉ,La Capital,Asfalto,S/D,I,Dentro,Urbana,Paso Peatonal,No existe,Intersección,Bueno,Buena,Diurna,Buen Tiempo,De alcance,S/D,Colisión,Ninguna,Horizontal,Ninguna,Sin restricción
2018,1530,2018-06-11,Lunes,0,14:00:00,,0.0,2,"Moto/Ciclomotor,Otros",Gorriti Y Mejico Bis,2,1,0,0,1,0,0,"-32.924527777778,-60.719138888889",Calle,,ROSARIO,Rosario,Asfalto,No existe,II,Dentro,Urbana,Ninguna,No existe,Intersección,Bueno,Buena,Diurna,Buen Tiempo,Lateral,S/D,Colisión,Ninguna,S/D,Ninguna,Sin restricción
2018,1531,2018-06-22,Viernes,0,17:30:00,,0.0,2,"Pickup/Utilitario,Bicicleta",Guillermo Tell 300,2,1,0,0,1,0,0,"-31.54912, -61.07538",Calle,,SAN JERÓNIMO NORTE,Las Colonias,Hormigón,S/D,XI,Dentro,Urbana,Ninguna,No existe,Recta,Bueno,Buena,Diurna,Buen Tiempo,De alcance,Ciclista,Atropello,Ninguna,S/D,Ninguna,S/D
2018,1533,2018-06-11,Lunes,0,12:00:00,,0.0,2,"Moto/Ciclomotor,Otros",Arevalo Y Nicaragua,2,1,0,0,1,0,0,"-32.930861111111,-60.721194444444",Calle,,ROSARIO,Rosario,Asfalto,No existe,II,Dentro,Urbana,Ninguna,No existe,Intersección,Bueno,Buena,Diurna,Buen Tiempo,Lateral,S/D,Colisión,Ninguna,S/D,Ninguna,Sin restricción
2018,1534,2018-06-02,Sabado,0,11:02:00,Ruta Provincial 10,137.0,2,"Camión c / Acoplado,Moto/Ciclomotor", ,2,1,0,0,1,0,0,"-31.7596, -61.31121",Ruta,10,SANTA CLARA DE BUENA VISTA,Las Colonias,Asfalto,Ripio,XI,Dentro,Urbana,Ninguna,No existe,Intersección,Bueno,Buena,Diurna,Buen Tiempo,Lateral,S/D,Colisión,Ninguna,Horizontal,Ninguna,Sin restricción
2018,1536,2018-05-21,Lunes,0,14:20:00,,0.0,2,"Moto/Ciclomotor,Bicicleta",J Macia Y Juan Bautista Alberdi,2,1,0,0,1,0,0,"-31.682666666667,-60.759916666667",Calle,,SANTO TOMÉ,La Capital,Asfalto,No existe,I,Dentro,Urbana,Marca Vial,No existe,Intersección,Bueno,Buena,Diurna,Buen Tiempo,De alcance,Ciclista,Atropello,Ninguna,Horizontal,Ninguna,Sin restricción
2018,1537,2018-01-06,Sabado,0,21:00:00,,0.0,2,"Peatón,Automóvil",Angel Cassanello Y Las Heras,2,1,0,0,1,0,0,"-31.610305555556,-60.689805555556",Calle,,SANTA FE,La Capital,S/D,S/D,I,Dentro,Urbana,Ninguna,S/D,Intersección,S/D,S/D,S/D,Otro,S/D,Peatón,Atropello,S/D,S/D,Ninguna,Sin restricción
2018,1538,2018-01-04,Jueves,0,12:00:00,,0.0,2,"Peatón,Moto/Ciclomotor",Ocampo 1070,2,1,0,0,1,0,0,"-32.818611111111,-61.397416666667",Calle,,CAÑADA DE GÓMEZ,Iriondo,Asfalto,No existe,X,Dentro,Urbana,Semáforo,Funciona,Recta,Bueno,Buena,Diurna,Buen Tiempo,S/D,Peatón,Atropello,S/D,Vertical,Ninguna,Sin restricción
2018,1539,2018-01-13,Sabado,0,12:15:00,,0.0,1,Moto/Ciclomotor,Necochea Y Sarmiento,1,1,0,0,0,0,0,"-32.816055555556,-61.390888888889",Calle,,CAÑADA DE GÓMEZ,Iriondo,Asfalto,No existe,X,Dentro,Urbana,Ninguna,No existe,Intersección,Deteriorada,Buena,Diurna,Buen Tiempo,Atropello animal,S/D,Atropello,S/D,Faltante,Ninguna,Sin restricción
2018,1540,2018-01-07,Domingo,0,22:00:00,,0.0,1,Moto/Ciclomotor,A. Capdevila 400,1,0,1,0,0,0,0,"-32.809222222222,-61.385",Calle,,CAÑADA DE GÓMEZ,Iriondo,Asfalto,No existe,X,Dentro,Urbana,Ninguna,No existe,Recta,Bueno,Buena,Nocturna,Buen Tiempo,Atropello animal,S/D,Atropello,S/D,S/D,Ninguna,Sin restricción
2018,1541,2018-01-19,Viernes,0,13:20:00,,0.0,3,"Automóvil,Camión,Automóvil",Bv. Balcarce Y Pagani,4,1,0,0,3,0,0,"-32.8215,-61.396333333333",Calle,,CAÑADA DE GÓMEZ,Iriondo,Asfalto,No existe,X,Dentro,Urbana,Ninguna,No existe,Rotonda,Bueno,Buena,Diurna,Buen Tiempo,"Lateral,Otro",S/D,Colisión,S/D,Faltante,Ninguna,Sin restricción
2018,1542,2018-01-17,Miercoles,0,14:05:00,,0.0,2,"Moto/Ciclomotor,Pickup/Utilitario",Moreno Y Almte. Brown,2,1,0,0,1,0,0,"-32.816416666667,-61.395888888889",Calle,,CAÑADA DE GÓMEZ,Iriondo,Asfalto,No existe,X,Dentro,Urbana,Ninguna,No existe,Intersección,Bueno,Buena,Diurna,Buen Tiempo,Lateral,S/D,Colisión,S/D,Faltante,Ninguna,Sin restricción
2018,1543,2018-06-11,Lunes,0,19:08:00,Ruta Provincial 10,0.0,1,Pickup/Utilitario, ,4,4,0,0,0,0,0,"-31.76179, -61.31124",Ruta,10,SANTA CLARA DE BUENA VISTA,Las Colonias,Asfalto,No existe,XI,Dentro,Rural,Ninguna,No existe,Recta,Bueno,S/D,Nocturna,Buen Tiempo,Otro,S/D,Vuelco,Ninguna,Horizontal,Ninguna,Sin restricción
2018,1544,2018-05-23,Miercoles,0,19:55:00,,0.0,2,"Bicicleta,Transporte de Pasajeros Urbano (> 8 asientos)",Hipolito Irigoyen Y Juan Bautista Alberdi,2,1,0,0,1,0,0,"-31.681666666667,-60.766138888889",Calle,,SANTO TOMÉ,La Capital,Asfalto,Natural,I,S/D,Urbana,Ninguna,Funciona,Intersección,Bueno,Buena,Diurna,Buen Tiempo,De alcance,S/D,Colisión,Ninguna,S/D,Ninguna,Sin restricción
2018,1545,2018-02-03,Sabado,0,15:05:00,,0.0,2,"Moto/Ciclomotor,Moto/Ciclomotor",Espa?a Y Lavalle,3,3,0,0,0,0,0,"-32.820583333333,-61.393388888889",Calle,,CAÑADA DE GÓMEZ,Iriondo,Asfalto,No existe,X,Dentro,Urbana,Ninguna,No existe,Intersección,Bueno,Buena,Diurna,Buen Tiempo,Lateral,S/D,Colisión,S/D,Vertical,Ninguna,Sin restricción
2018,1546,2018-01-28,Domingo,0,13:50:00,,0.0,2,"Moto/Ciclomotor,Automóvil",Pellegrini 1000,2,1,0,0,1,0,0,"-32.809861111111,-61.397166666667",Calle,,CAÑADA DE GÓMEZ,Iriondo,Asfalto,No existe,X,Dentro,Urbana,Ninguna,No existe,Recta,Bueno,Buena,Diurna,Buen Tiempo,Otro,S/D,Colisión,S/D,Faltante,Ninguna,Sin restricción
2018,1547,2018-05-08,Martes,0,11:15:00,,0.0,2,"Moto/Ciclomotor,Automóvil",Aritobulo del Valle Y J Macia,2,1,0,0,1,0,0,"-31.677416666667,-60.758777777778",Calle,,SANTO TOMÉ,La Capital,Asfalto,Pavimento,I,S/D,Urbana,Ninguna,No existe,Intersección,Bueno,Buena,Diurna,Buen Tiempo,Lateral,S/D,Colisión,Ninguna,S/D,Ninguna,Sin restricción