anio_acci,nro_acci,fecha,desc_dia,fecha_aprox,hora_aprox,desc_ruta,km,cant_participantes,desc_participante,calle_avenida_km,total,heridos_leves,heridos_graves,heridos_gravisimos,ilesos,fallecidos,sin_datos,posicion_XY,desc_tipo_via,desc_ruta_ori,desc_loc,desc_dpto,desc_tipo_calzada,desc_tipo_banquina,desc_unidad_regional,desc_lugar_calzada,desc_zona,desc_prioridad,desc_estado_semaforo,desc_lugar_via,desc_estado_via,desc_estado_visibilidad,desc_luminosidad,desc_estado_clima,desc_tipo_colision,desc_tipo_atropello,desc_tipo_hecho,desc_pres_calzada,desc_senializacion,desc_separacion_via,desc_restriccion
2018,1548,2018-01-28,Domingo,0,19:45:00,,0.0,2,"Moto/Ciclomotor,Automóvil",Av. Santa Fe Y Independencia,2,0,1,0,1,0,0,"-32.808444444444,-61.405361111111",Avenida,,CAÑADA DE GÓMEZ,Iriondo,Asfalto,Pavimento,X,Dentro,Urbana,Ninguna,No existe,Intersección,Bueno,Buena,Atardecer,Buen Tiempo,Lateral,S/D,Colisión,S/D,Horizontal,Línea divisoria pintada,Sin restricción
2018,1549,2018-02-03,Sabado,0,21:30:00,,0.0,2,"Automóvil,Bicicleta",Bv. Balcarce Y Belgrano,3,2,0,0,1,0,0,"-32.822888888889,-61.388277777778",Calle,,CAÑADA DE GÓMEZ,Iriondo,Asfalto,No existe,X,Dentro,Urbana,Ninguna,No existe,Intersección,Bueno,Buena,Nocturna,Buen Tiempo,Lateral,S/D,Colisión,S/D,"Horizontal,Vertical",Ninguna,Sin restricción
2018,1550,2018-01-24,Miercoles,0,23:20:00,,0.0,2,"Moto/Ciclomotor,Automóvil",Boulevard Belgrano Y Carlos Pellegrini,2,1,0,0,1,0,0,"-32.584694444444,-61.173388888889",Calle,,TOTORAS,Iriondo,Asfalto,S/D,X,S/D,Urbana,Ninguna,No existe,Cruce,Bueno,Buena,Con luz artificial,Buen Tiempo,Frontal,S/D,Colisión,S/D,Faltante,Ninguna,Sin restricción
2018,1551,2018-02-02,Viernes,0,19:45:00,,0.0,2,"Moto/Ciclomotor,Bicicleta",Alsina Y Catamarca,2,1,0,0,1,0,0,"-32.57775, -60.85565",Calle,,OLIVEROS,Iriondo,Tierra,No existe,X,Dentro,Urbana,S/D,No existe,Intersección,Con baches,Buena,Nocturna,Buen Tiempo,S/D,Ciclista,Atropello,Ninguna,S/D,Ninguna,S/D
2018,1552,2018-05-17,Jueves,0,13:00:00,,0.0,2,"Bicicleta,Pickup/Utilitario",Hipolito Irigoyen Y Vicente Lopez y Planes,2,1,0,0,1,0,0,"-31.678861111111,-60.765861111111",Calle,,SANTO TOMÉ,La Capital,Asfalto,No existe,I,S/D,Urbana,Ninguna,No existe,Intersección,Bueno,Buena,Diurna,Buen Tiempo,S/D,Ciclista,Atropello,Ninguna,Faltante,Ninguna,Sin restricción
2018,1553,2018-02-06,Martes,0,,,0.0,2,"Moto/Ciclomotor,Automóvil",Ituzaingo Y Pellegrini,2,1,0,0,0,0,1,"-32.81275,-61.397861111111",Calle,,CAÑADA DE GÓMEZ,Iriondo,Asfalto,No existe,X,Dentro,Urbana,Ninguna,No existe,Intersección,Bueno,Reducida,Nocturna,Buen Tiempo,Lateral,S/D,Colisión,S/D,"Horizontal,Vertical",Ninguna,Sin restricción
2018,1554,2018-01-18,Jueves,0,10:20:00,,0.0,2,"Moto/Ciclomotor,Bicicleta",Urquiza Y Italia,2,1,0,0,1,0,0,"-32.60463, -60.94949",Calle,,SERODINO,Iriondo,Asfalto,Pavimento,X,Dentro,Urbana,Ninguna,No existe,Cruce,Bueno,Buena,Diurna,Buen Tiempo,Lateral,Ciclista,Atropello,Ninguna,Faltante,Ninguna,Sin restricción
2018,1555,2018-05-02,Miercoles,0,08:50:00,Ruta Nacional 11,0.0,2,"Moto/Ciclomotor,Moto/Ciclomotor",Ruta Nac 11 Av Grl Lopez 448,2,2,0,0,0,0,0,"-31.73226, -60.81531",Ruta,11,SAUCE VIEJO,La Capital,Asfalto,Ripio,I,Dentro,Urbana,Otra Señal,No existe,Recta,Bueno,Buena,S/D,Otro,Otro,S/D,Colisión,S/D,Faltante,Línea divisoria pintada,Sin restricción
2018,1556,2018-02-12,Lunes,0,,,0.0,2,"Moto/Ciclomotor,Automóvil",Bv. Balcarce Y Pellegrini,2,1,0,0,1,0,0,"-32.820916666667,-61.399833333333",Calle,,CAÑADA DE GÓMEZ,Iriondo,Asfalto,No existe,X,Dentro,Urbana,Ninguna,No existe,Intersección,Bueno,Buena,Nocturna,Buen Tiempo,Lateral,S/D,Colisión,S/D,"Horizontal,Vertical",Ninguna,Sin restricción
2018,1557,2018-01-19,Viernes,0,10:55:00,,0.0,1,Moto/Ciclomotor,Rivadavia Y J A Roca,1,1,0,0,0,0,0,"-32.842583333333,-61.254111111111",Calle,,CORREA,Iriondo,Ripio,No existe,X,Dentro,Urbana,Ninguna,No existe,Intersección,Bueno,Buena,Diurna,Buen Tiempo,S/D,S/D,Caída ocupante,S/D,Faltante,Ninguna,Sin restricción
2018,1558,2018-05-14,Lunes,0,11:15:00,,0.0,2,"Automóvil,Peatón",French Y Bv. Avellaneda,2,1,0,0,1,0,0,"-32.920666666667,-60.674361111111",Calle,,ROSARIO,Rosario,Asfalto,S/D,II,S/D,Urbana,Ninguna,S/D,Recta,Bueno,Buena,Diurna,Buen Tiempo,Otro,S/D,Colisión,Ninguna,S/D,Barrera de hormigón,Sin restricción
2018,1559,2018-02-11,Domingo,0,01:40:00,,0.0,1,Moto/Ciclomotor,Mitre Y Buenos Aires,2,2,0,0,0,0,0,"-32.573658861382, -60.851271509937",Calle,,OLIVEROS,Iriondo,Asfalto,No existe,X,Dentro,Urbana,Ninguna,No existe,Intersección,Bueno,Buena,Nocturna,Buen Tiempo,Atropello animal,S/D,Atropello,Ninguna,S/D,Ninguna,Sin restricción
2018,1560,2018-02-21,Miercoles,0,17:30:00,,0.0,1,Moto/Ciclomotor,Ballesteros 668,2,2,0,0,0,0,0,"-32.819055555556,-61.391138888889",Calle,,CAÑADA DE GÓMEZ,Iriondo,Asfalto,No existe,X,Dentro,Urbana,Ninguna,No existe,Recta,Bueno,Buena,Diurna,Buen Tiempo,Atropello animal,S/D,Atropello,S/D,Faltante,Ninguna,Sin restricción
2018,1561,2018-05-10,Jueves,0,21:00:00,,0.0,2,"Automóvil,Automóvil",J.J.Paso Y Av. Alberdi Bis,2,1,0,0,1,0,0,"-32.919305555556,-60.682166666667",Calle,,ROSARIO,Rosario,Asfalto,S/D,II,S/D,Urbana,Semáforo,S/D,Recta,Bueno,Buena,Nocturna,Buen Tiempo,Otro,S/D,Colisión,Ninguna,S/D,Barrera de hormigón,Sin restricción
2018,1562,2018-01-22,Lunes,0,16:15:00,Ruta Nacional 9,345.0,2,"Camión Chasis,Automóvil",Ruta Nac 9 ,3,1,0,0,2,0,0,"-32.85741, -61.18168",Ruta,9,CORREA,Iriondo,Asfalto,S/D,X,S/D,Rural,Ninguna,S/D,Recta,Bueno,Buena,Diurna,Buen Tiempo,De alcance,S/D,Colisión,S/D,Faltante,"Guardarrail,Línea divisoria pintada",Sin restricción
2018,1563,2018-02-21,Miercoles,0,12:15:00,,0.0,1,Moto/Ciclomotor,Av. Santa Fe Y Sarmiento,2,2,0,0,0,0,0,"-32.811166666667,-61.389722222222",Avenida,,CAÑADA DE GÓMEZ,Iriondo,Asfalto,Ripio,X,Dentro,Urbana,Ninguna,No existe,Intersección,Bueno,Buena,Diurna,Buen Tiempo,Otro,S/D,Despiste,S/D,Vertical,Línea divisoria pintada,Sin restricción
2018,1564,2018-02-12,Lunes,0,16:00:00,,0.0,2,"Moto/Ciclomotor,Moto/Ciclomotor",Corrientes Y Gral Roca,2,2,0,0,0,0,0,"-32.56894, -60.84955",Calle,,OLIVEROS,Iriondo,Asfalto,No existe,X,Dentro,Urbana,Ninguna,No existe,Intersección,Con baches,Buena,S/D,Buen Tiempo,S/D,S/D,Colisión,Ninguna,S/D,Ninguna,Sin restricción
2018,1565,2018-05-09,Miercoles,0,10:30:00,,0.0,2,"Automóvil,Moto/Ciclomotor",Sucre ,2,1,0,0,1,0,0,"-32.93858, -60.69037",Calle,,ROSARIO,Rosario,Asfalto,No existe,II,Dentro,Urbana,Ninguna,No existe,Intersección,Bueno,Buena,Diurna,Buen Tiempo,S/D,S/D,Colisión,Ninguna,Faltante,Ninguna,Sin restricción
2018,1566,2018-02-21,Miercoles,0,12:30:00,Autopista Nacional 9,0.0,2,"Camión,Camión", ,4,2,0,0,2,0,0,"-32.82032, -61.33583",Autopista,9,CAÑADA DE GÓMEZ,Iriondo,Hormigón,Pavimento,X,Dentro,Rural,Ninguna,No existe,Intersección,Bueno,Buena,Diurna,Buen Tiempo,Lateral,S/D,Colisión,S/D,Horizontal,Cordón divisorio,Sin restricción
2018,1567,2018-02-23,Viernes,0,20:15:00,Ruta Provincial 95,0.0,2,"Moto/Ciclomotor,Camión", ,2,0,1,0,1,0,0,"-32.465812734624, -60.887802318219",Ruta,95,OLIVEROS,Iriondo,Asfalto,Natural,X,S/D,Rural,Ninguna,No existe,Recta,Bueno,Buena,Nocturna,Buen Tiempo,S/D,S/D,Colisión,Ninguna,S/D,Línea divisoria pintada,Sin restricción
2018,1568,2018-01-26,Viernes,0,13:30:00,,0.0,2,"Automóvil,Moto/Ciclomotor",Bv San Martin Y Rivadavia,2,1,0,0,1,0,0,"-32.846861111111,-61.254916666667",Calle,,CORREA,Iriondo,Asfalto,No existe,X,S/D,Urbana,Ninguna,No existe,Intersección,Bueno,S/D,S/D,Buen Tiempo,S/D,S/D,Colisión,S/D,"Horizontal,Vertical",S/D,Sin restricción
2018,1569,2018-05-09,Miercoles,0,09:40:00,,0.0,2,"Taxi/Remis,Moto/Ciclomotor",San Luis Y Pueyrredon,2,1,0,0,1,0,0,"-32.945583333333,-60.658055555556",Calle,,ROSARIO,Rosario,Asfalto,No existe,II,Dentro,Urbana,Ninguna,No existe,Intersección,Bueno,Buena,Diurna,Buen Tiempo,De alcance,S/D,Colisión,Ninguna,Faltante,Ninguna,Sin restricción
2018,1570,2018-05-24,Jueves,0,18:30:00,,0.0,2,"Transporte de Pasajeros Larga Distancia (Piso  y  1/2),Automóvil",Pascual Rosas Y Rioja,2,1,0,0,1,0,0,"-32.939,-60.686222222222",Avenida,,ROSARIO,Rosario,Asfalto,No existe,II,Dentro,Urbana,Ninguna,No existe,Intersección,Bueno,Buena,Diurna,Buen Tiempo,Lateral,S/D,Colisión,Agua,Faltante,Ninguna,Sin restricción
2018,1571,2018-01-02,Martes,0,17:30:00,Ruta Secundaria 27-s,0.0,1,Pickup/Utilitario, ,3,1,0,0,0,0,2,"-32.75159,-61.29263",Ruta,27-s,BUSTINZA,Iriondo,Tierra,Natural,X,Fuera,S/D,Ninguna,No existe,Intersección,Resbaladiza,S/D,Diurna,Buen Tiempo,Otro,S/D,Colisión,Agua,S/D,S/D,S/D
2018,1572,2018-05-24,Jueves,0,01:50:00,,0.0,2,"Taxi/Remis,Automóvil",Cordoba Y Suipacha,3,1,0,0,2,0,0,"-32.94175,-60.664166666667",Calle,,ROSARIO,Rosario,S/D,S/D,II,Dentro,Urbana,S/D,S/D,S/D,S/D,S/D,S/D,S/D,S/D,S/D,Colisión,S/D,S/D,S/D,S/D
2018,1573,2018-02-28,Miercoles,0,17:00:00,Ruta Provincial 91,343.0,2,"Moto/Ciclomotor,Automóvil",RUTA PROVINCIAL 91 ,3,2,0,0,1,0,0,"-32.637556454862, -60.814956511986",Ruta,91,OLIVEROS,Iriondo,Asfalto,Natural,X,S/D,Rural,S/D,No existe,Recta,Bueno,Buena,Diurna,Buen Tiempo,Frontal,S/D,Colisión,Ninguna,S/D,Línea divisoria pintada,Sin restricción
2018,1574,2018-02-23,Viernes,0,00:00:00,Ruta Nacional 34,0.0,1,Automóvil,Ruta Nacional? 34 Y Ruta Provincial 91,1,1,0,0,0,0,0,"-32.57739, -61.19974",Ruta,34,TOTORAS,Iriondo,Asfalto,Natural,X,Dentro,Rural,Ninguna,No existe,Cruce,Bueno,Buena,"Nocturna,Con luz artificial",Buen Tiempo,Otro,S/D,Despiste,S/D,Vertical,Línea divisoria pintada,Sin restricción
2018,1575,2018-05-27,Domingo,0,14:40:00,,0.0,2,"Automóvil,Bicicleta",San Luis Y Pueyrredon,2,1,0,0,1,0,0,"-32.945583333333,-60.658055555556",Calle,,ROSARIO,Rosario,Asfalto,No existe,II,Dentro,Urbana,Ninguna,No existe,Intersección,Bueno,Buena,Diurna,Buen Tiempo,S/D,Ciclista,Atropello,Ninguna,Faltante,Ninguna,Sin restricción
2018,1576,2018-05-22,Martes,0,17:00:00,,0.0,2,"Moto/Ciclomotor,Peatón",3 De Febrero Y San Nicolas,2,0,1,0,1,0,0,"-32.946666666667,-60.673944444444",Calle,,ROSARIO,Rosario,Asfalto,No existe,II,S/D,Urbana,Ninguna,No existe,Intersección,Bueno,Buena,Diurna,Buen Tiempo,De alcance,S/D,Colisión,Ninguna,S/D,Ninguna,Sin restricción
2018,1577,2018-02-06,Martes,0,18:20:00,,0.0,2,"Automóvil,Moto/Ciclomotor",Calle 16 Gral Obligado Y Calle 19-Habegger,2,1,0,0,1,0,0,"-29.14676, -59.6452",Calle,,RECONQUISTA,General Obligado,Asfalto,No existe,IX,S/D,Urbana,Ninguna,No existe,Recta,Bueno,Buena,Diurna,Buen Tiempo,De alcance,S/D,Otro,Ninguna,S/D,Cordón divisorio,Sin restricción
2018,1578,2018-01-16,Martes,0,08:15:00,Ruta Nacional 11,811.5,1,Automóvil, ,4,0,1,0,3,0,0,"-28.72754, -59.44971",Ruta,11,ARROYO CEIBAL,General Obligado,Asfalto,Natural,IX,Dentro,Rural,Ninguna,No existe,Recta,Bueno,Buena,Diurna,Buen Tiempo,Lateral,S/D,Colisión,Ninguna,Faltante,Línea divisoria pintada,Sin restricción
2018,1579,2018-05-18,Viernes,0,17:30:00,,0.0,2,"Transporte de Pasajeros Larga Distancia (> 8 asientos),Automóvil",Av. Pellegrini Y Gutenberg,7,2,0,0,5,0,0,"-32.9485,-60.690027777778",Calle,,ROSARIO,Rosario,S/D,S/D,II,Dentro,Urbana,S/D,S/D,S/D,S/D,S/D,S/D,S/D,S/D,S/D,Colisión,S/D,S/D,S/D,S/D
2018,1580,2018-02-13,Martes,0,20:00:00,,0.0,1,Moto/Ciclomotor,San Estanislao ,1,0,1,0,0,0,0,"-32.962399629363, -61.555176677437",Camino Rural,,VILLA ELOÍSA,Iriondo,Tierra,Natural,X,Dentro,Rural,Ninguna,No existe,Recta,Con baches,Reducida polvo,S/D,Buen Tiempo,Otro,S/D,Caída ocupante,Otro,Faltante,Ninguna,Sin restricción
2018,1581,2018-02-06,Martes,0,17:50:00,,0.0,2,"Automóvil,Moto/Ciclomotor",Calle 10-Ludue?a Y Calle 11-Alvear,2,1,0,0,1,0,0,"-29.14268, -59.64087",Calle,,RECONQUISTA,General Obligado,Asfalto,No existe,IX,Dentro,Urbana,Ninguna,No existe,Intersección,Bueno,Buena,Atardecer,Buen Tiempo,Lateral,S/D,Colisión,Ninguna,Vertical,Cordón divisorio,Sin restricción
2018,1582,2018-05-18,Viernes,0,17:45:00,,0.0,2,"Automóvil,Moto/Ciclomotor",Bv. Avellaneda Y Montevideo,2,1,0,0,1,0,0,"-32.948805555556,-60.681472222222",Calle,,ROSARIO,Rosario,Asfalto,No existe,II,Dentro,Urbana,Ninguna,No existe,Intersección,Bueno,Buena,Diurna,Buen Tiempo,De alcance,S/D,Colisión,Ninguna,Faltante,Ninguna,Sin restricción
2018,1583,2018-02-11,Domingo,0,06:10:00,,0.0,1,Moto/Ciclomotor,Rivadavia 761,1,1,0,0,0,0,0,"-32.964244989165, -61.545971336098",Calle,,VILLA ELOÍSA,Iriondo,Asfalto,Pavimento,X,Dentro,Urbana,Ninguna,No existe,Recta,Bueno,Buena,Amanecer,Buen Tiempo,Frontal,S/D,Colisión,Otro,Vertical,Ninguna,Sin restricción
2018,1584,2018-05-25,Viernes,0,22:30:00,Autopista Provincial Brigadier E.López,137.0,2,"Pickup/Utilitario,Camión c / Acoplado", ,4,2,0,0,2,0,0,"-31.72347, -60.83031",Autopista,Brigadier E.López,SAUCE VIEJO,La Capital,Asfalto,Natural,I,Fuera,Rural,Ninguna,No existe,Recta,Bueno,Reducida,Nocturna,Buen Tiempo,Contra objeto fijo,S/D,Vuelco,Ninguna,Faltante,Vegetación,Accidente Previo
2018,1585,2018-02-04,Domingo,0,20:30:00,,0.0,2,"Peatón,Moto/Ciclomotor",Calle 12 San Martin Y Calle 15-Pcio. Diez,3,0,1,0,2,0,0,"-29.14466, -59.6425",S/D,,RECONQUISTA,General Obligado,Asfalto,S/D,IX,S/D,Urbana,S/D,S/D,Recta,Bueno,S/D,S/D,Buen Tiempo,S/D,Peatón,Atropello,Ninguna,S/D,S/D,S/D
2018,1586,2018-05-18,Viernes,0,15:50:00,,0.0,2,"Pickup/Utilitario,Moto/Ciclomotor",3 De Febrero Y Constitucion,2,1,0,0,1,0,0,"-32.946416666667,-60.675305555556",Calle,,ROSARIO,Rosario,Asfalto,No existe,II,Dentro,Urbana,Ninguna,No existe,Intersección,Bueno,Buena,Diurna,Buen Tiempo,De alcance,S/D,Colisión,Ninguna,Faltante,Ninguna,Sin restricción
2018,1587,2018-02-04,Domingo,0,12:30:00,Ruta Secundaria 26-s,2.0,1,Moto/Ciclomotor, ,2,2,0,0,0,0,0,"-32.663832348392, -60.875541585486",Ruta,26-s,ANDINO,Iriondo,Asfalto,Natural,X,Fuera,Urbana,Ninguna,No existe,Recta,Bueno,Buena,Diurna,Buen Tiempo,S/D,S/D,Otro,Ninguna,"Horizontal,Vertical",Línea divisoria pintada,Sin restricción
2018,1588,2018-05-10,Jueves,0,16:00:00,,0.0,2,"Moto/Ciclomotor,Camión Chasis",J.B.Justo Y Av. Provincias Unidas,2,0,1,0,1,0,0,"-32.914944444444,-60.713916666667",Avenida,,ROSARIO,Rosario,Asfalto,No existe,II,Dentro,Urbana,Ninguna,No existe,Intersección,Bueno,Buena,Diurna,Buen Tiempo,Lateral,S/D,Colisión,Ninguna,Faltante,Ninguna,Sin restricción
2018,1589,2018-02-05,Lunes,0,09:45:00,Ruta Nacional 11,0.0,2,"Automóvil,Moto/Ciclomotor",Calle 34 Y Calle 23-Gral lopez,3,2,0,0,1,0,0,"-29.147444444444,-59.656583333333",Ruta,11,RECONQUISTA,General Obligado,Asfalto,No existe,IX,S/D,Urbana,Ninguna,No existe,Intersección,Bueno,Buena,Diurna,Buen Tiempo,Lateral,S/D,Colisión,Ninguna,Vertical,Ninguna,Sin restricción
2018,1590,2018-05-05,Sabado,0,22:00:00,,0.0,2,"Taxi/Remis,Moto/Ciclomotor",Jose Ingenieros Y Garzon,4,2,0,0,2,0,0,"-32.916916666667,-60.706277777778",Calle,,ROSARIO,Rosario,Asfalto,No existe,II,Dentro,Urbana,Ninguna,No existe,Intersección,Bueno,Buena,Con luz artificial,Buen Tiempo,De alcance,S/D,Colisión,Ninguna,Faltante,Ninguna,Sin restricción
2018,1591,2018-02-08,Jueves,0,17:00:00,,0.0,2,"Moto/Ciclomotor,Automóvil",Calle 33-Pueyrredon Y Calle 22- 25 de Mayo,2,1,0,0,1,0,0,"-29.153638888889,-59.649916666667",Calle,,RECONQUISTA,General Obligado,Asfalto,No existe,IX,S/D,Urbana,Ninguna,No existe,Intersección,Bueno,Buena,Diurna,Buen Tiempo,De alcance,S/D,Colisión,Ninguna,Faltante,Ninguna,Sin restricción
2018,1592,2018-05-17,Jueves,0,18:10:00,,0.0,2,"Automóvil,Moto/Ciclomotor",Washington Y Warnes,2,1,0,0,1,0,0,"-32.901527777778,-60.691833333333",Calle,,ROSARIO,Rosario,Asfalto,Pavimento,II,Dentro,Urbana,Señal Pare,No existe,Intersección,Bueno,Buena,Atardecer,Buen Tiempo,Lateral,S/D,Colisión,Ninguna,Vertical,Ninguna,S/D
2018,1593,2018-06-01,Viernes,0,17:10:00,,0.0,2,"Bicicleta,Automóvil",Tomas de la Torre Y Tucuman,2,1,0,0,1,0,0,"-32.917998474643, -60.806276219886",Calle,,FUNES,Rosario,Asfalto,No existe,II,Dentro,Urbana,Ninguna,No existe,Intersección,Bueno,Buena,Diurna,Buen Tiempo,Otro,Ciclista,Atropello,Ninguna,S/D,Ninguna,Sin restricción
2018,1594,2018-05-29,Martes,0,07:30:00,Ruta Nacional 11,452.0,2,"Pickup/Utilitario,Moto/Ciclomotor",Ruta Nac 11 ,3,1,0,0,2,0,0,"-31.69267, -60.79564",Ruta,11,SAUCE VIEJO,La Capital,Asfalto,Natural,I,Dentro,Rural,Ninguna,No existe,Recta,Bueno,Buena,Amanecer,Buen Tiempo,Lateral,S/D,Colisión,Ninguna,Faltante,Línea divisoria pintada,Sin restricción
2018,1595,2018-02-13,Martes,0,19:55:00,Ruta Nacional 11,0.0,2,"Moto/Ciclomotor,Automóvil",Calle 34 Y Calle 21-Gdor. iriondo,2,1,0,0,1,0,0,"-29.146361111111,-59.656444444444",Ruta,11,RECONQUISTA,General Obligado,Asfalto,No existe,IX,S/D,Urbana,Ninguna,No existe,Intersección,Bueno,Buena,Atardecer,Buen Tiempo,De alcance,S/D,Colisión,Ninguna,Faltante,Ninguna,Sin restricción
2018,1596,2018-05-29,Martes,0,19:30:00,,0.0,2,"Transporte de Pasajeros Urbano (> 8 asientos),Bicicleta",Bv. Rondeau Y Olive,2,1,0,0,1,0,0,"-32.913083333333,-60.686972222222",Avenida,,ROSARIO,Rosario,Asfalto,No existe,II,S/D,Urbana,Semáforo,Funciona,Intersección,Bueno,Reducida,Atardecer,Buen Tiempo,Lateral,Ciclista,"Caída ocupante,Atropello",S/D,Faltante,Línea divisoria pintada,Sin restricción
2018,1597,2018-02-18,Domingo,0,10:25:00,,0.0,3,"Moto/Ciclomotor,Automóvil,Automóvil",Calle 16 Gral Obligado 986,3,1,0,0,2,0,0,"-29.147416666667,-59.645305555556",Calle,,RECONQUISTA,General Obligado,Asfalto,No existe,IX,S/D,Urbana,Ninguna,No existe,Recta,Bueno,Buena,Diurna,Buen Tiempo,De alcance,S/D,Colisión,Ninguna,Faltante,Ninguna,Sin restricción
2018,1598,2018-06-04,Lunes,0,18:00:00,Autopista Nacional 9,0.0,3,"Automóvil,Automóvil,Automóvil",Ruta Nacional 9 Y Hernandez,3,1,0,0,2,0,0,"-32.916344490188, -60.843538962825",Autopista,9,FUNES,Rosario,Asfalto,S/D,II,Dentro,Urbana,Semáforo,Funciona,Recta,Bueno,Buena,Diurna,Buen Tiempo,De alcance,S/D,Colisión,Ninguna,Horizontal,Línea divisoria pintada,Sin restricción
2018,1599,2018-05-12,Sabado,0,14:00:00,,0.0,5,"Automóvil,Automóvil,Transporte de Pasajeros,Automóvil,Automóvil",Bv. Rondeau Y Herrera,5,1,0,0,4,0,0,"-32.895416666667,-60.691944444444",Avenida,,ROSARIO,Rosario,Asfalto,Pavimento,II,Dentro,Urbana,Semáforo,Funciona,Recta,Bueno,Buena,Diurna,Buen Tiempo,Múltiple,S/D,Colisión,Ninguna,Horizontal,Vegetación,Sin restricción
2018,1600,2018-02-27,Martes,0,18:40:00,,0.0,2,"Moto/Ciclomotor,Automóvil",Calle 25-Rivadavia Y Calle 24 - Olessio,2,1,0,0,1,0,0,"-29.149194444444,-59.650555555556",Calle,,RECONQUISTA,General Obligado,Asfalto,No existe,IX,Dentro,Urbana,Ninguna,No existe,Intersección,Bueno,Buena,Atardecer,Buen Tiempo,De alcance,S/D,Colisión,Ninguna,Faltante,Ninguna,Sin restricción
2018,1601,2018-06-25,Lunes,0,18:00:00,,0.0,1,Moto/Ciclomotor,Montevideo Y Mitre,1,1,0,0,0,0,0,"-32.915577252341, -60.798897888447",Calle,,FUNES,Rosario,Ripio,No existe,II,S/D,Urbana,Ninguna,No existe,Intersección,Bueno,Buena,Diurna,Buen Tiempo,Atropello animal,S/D,Caída ocupante,Ninguna,Faltante,Ninguna,Sin restricción
2018,1602,2018-06-27,Miercoles,0,22:30:00,Autopista Nacional 9,0.0,2,"Automóvil,Moto/Ciclomotor",Ruta Nacional 9 Y Los Pumas,2,0,1,0,1,0,0,"-32.923023064566, -60.799820568348",Autopista,9,FUNES,Rosario,Asfalto,Ripio,II,Dentro,Urbana,Semáforo,Funciona,Intersección,Bueno,Buena,Nocturna,Buen Tiempo,Lateral,S/D,Colisión,Ninguna,Horizontal,Línea divisoria pintada,Sin restricción
2018,1603,2018-05-29,Martes,0,16:00:00,,0.0,1,Moto/Ciclomotor,Calle 9 ,1,1,0,0,0,0,0,"-31.70172, -60.79534",Calle,,SAUCE VIEJO,La Capital,Asfalto,Natural,I,Dentro,Urbana,Ninguna,No existe,Recta,Bueno,Buena,Diurna,Buen Tiempo,Otro,S/D,Caída ocupante,Otro,Faltante,Ninguna,Sin restricción
2018,1604,2018-05-05,Sabado,0,23:45:00,Ruta Nacional 11,453.5,1,Moto/Ciclomotor,Ruta Nac 11 ,1,0,1,0,0,0,0,"-31.70093, -60.79996",Ruta,11,SAUCE VIEJO,La Capital,Tierra,Natural,I,Fuera,Urbana,Ninguna,No existe,Recta,Ahuellamiento,Buena,Nocturna,Buen Tiempo,Otro,S/D,Otro,Fluidos,Faltante,Línea divisoria pintada,Sin restricción
2018,1605,2018-04-26,Jueves,0,17:45:00,,0.0,2,"Moto/Ciclomotor,Bicicleta",Lamadrid Y Mendoza,2,1,0,0,1,0,0,"-31.643853151292, -60.727936634596",Calle,,SANTA FE,La Capital,Asfalto,No existe,I,S/D,Urbana,Ninguna,Funciona,Intersección,Bueno,Buena,Diurna,Buen Tiempo,Otro,S/D,Colisión,Ninguna,Faltante,Ninguna,Sin restricción
2018,1606,2018-03-18,Domingo,0,20:25:00,,0.0,2,"Pickup/Utilitario,Moto/Ciclomotor",Santa Teresa Y Av Zavala,2,1,0,0,1,0,0,"-32.430457480968, -60.815474703313",Avenida,,GABOTO,San Jerónimo,Ripio,Natural,XV,Dentro,Urbana,Ninguna,No existe,Intersección,Bueno,Buena,Atardecer,Buen Tiempo,Lateral,S/D,Colisión,Ninguna,Faltante,Ninguna,Sin restricción
2018,1607,2018-04-23,Lunes,0,13:00:00,,0.0,2,"Automóvil,Moto/Ciclomotor",Francia Y Tucuman,2,1,0,0,1,0,0,"-31.644916666667,-60.714277777778",Avenida,,SANTA FE,La Capital,Asfalto,No existe,I,S/D,Urbana,Semáforo,Funciona,Intersección,Bueno,Buena,Diurna,Buen Tiempo,Otro,S/D,Colisión,Ninguna,Vertical,Ninguna,Sin restricción
2018,1608,2018-04-22,Domingo,0,05:30:00,,0.0,2,"Automóvil,Moto/Ciclomotor",Av Urquiza Y La Rioja,3,2,0,0,1,0,0,"-31.644194730344, -60.712649538516",Avenida,,SANTA FE,La Capital,Asfalto,No existe,I,S/D,Urbana,Ninguna,Funciona,Intersección,Bueno,Buena,Amanecer,Buen Tiempo,Otro,S/D,Colisión,Ninguna,Faltante,Ninguna,Sin restricción