anio_acci,nro_acci,fecha,desc_dia,fecha_aprox,hora_aprox,desc_ruta,km,cant_participantes,desc_participante,calle_avenida_km,total,heridos_leves,heridos_graves,heridos_gravisimos,ilesos,fallecidos,sin_datos,posicion_XY,desc_tipo_via,desc_ruta_ori,desc_loc,desc_dpto,desc_tipo_calzada,desc_tipo_banquina,desc_unidad_regional,desc_lugar_calzada,desc_zona,desc_prioridad,desc_estado_semaforo,desc_lugar_via,desc_estado_via,desc_estado_visibilidad,desc_luminosidad,desc_estado_clima,desc_tipo_colision,desc_tipo_atropello,desc_tipo_hecho,desc_pres_calzada,desc_senializacion,desc_separacion_via,desc_restriccion
2018,1609,2018-03-05,Lunes,0,13:00:00,,0.0,2,"Moto/Ciclomotor,Automóvil",Corrientes Y Catamarca,3,2,0,0,1,0,0,"-32.297595329235, -61.411403154626",Calle,,CENTENO,San Jerónimo,Asfalto,No existe,XV,Dentro,Urbana,Ninguna,No existe,Intersección,Bueno,Buena,Diurna,Buen Tiempo,Lateral,S/D,Colisión,Material Suelto,S/D,Ninguna,Sin restricción
2018,1610,2018-04-11,Miercoles,0,16:30:00,,0.0,2,"Moto/Ciclomotor,Automóvil",Dr Zavalla Y Vera,2,1,0,0,1,0,0,"-31.640888505136, -60.718691368522",Avenida,,SANTA FE,La Capital,Asfalto,No existe,I,S/D,Urbana,Ninguna,Funciona,Intersección,Bueno,Buena,Diurna,Buen Tiempo,Otro,S/D,Colisión,Ninguna,Vertical,Ninguna,Sin restricción
2018,1611,2018-04-10,Martes,0,16:00:00,,0.0,2,"Automóvil,Moto/Ciclomotor",Av Freyre Y Bv Pellegrini,3,2,0,0,1,0,0,"-31.633163743173, -60.714936275902",Avenida,,SANTA FE,La Capital,Asfalto,No existe,I,S/D,Urbana,Semáforo,Funciona,Intersección,S/D,Buena,Diurna,Buen Tiempo,Otro,S/D,Colisión,Agua,Vertical,Ninguna,Sin restricción
2018,1612,2018-04-11,Miercoles,0,16:20:00,,0.0,2,"Moto/Ciclomotor,Automóvil",San Lorenzo Y Obispo Gelabert,2,1,0,0,1,0,0,"-31.634515576517, -60.714077969017",Calle,,SANTA FE,La Capital,Asfalto,No existe,I,S/D,Urbana,Ninguna,Funciona,Intersección,Bueno,Buena,Diurna,Buen Tiempo,Otro,S/D,Colisión,Ninguna,Vertical,Ninguna,Sin restricción
2018,1613,2018-04-25,Miercoles,0,23:00:00,Ruta Nacional 33,752.0,2,"Pickup/Utilitario,Moto/Ciclomotor", ,2,1,0,0,1,0,0,"-33.016134917790, -61.064639565805",Ruta,33,PUJATO,San Lorenzo,"Asfalto,Ripio",Ripio,XVII,Dentro,Rural,Ninguna,No existe,Curva,Bueno,Buena,Nocturna,Buen Tiempo,Frontal,S/D,Colisión,Ninguna,Horizontal,Línea divisoria pintada,Sin restricción
2018,1614,2018-04-13,Viernes,0,13:25:00,,0.0,2,"Moto/Ciclomotor,Automóvil",La Rioja Y Lamadrid,2,1,0,0,1,0,0,"-31.640588097726, -60.726995487633",Avenida,,SANTA FE,La Capital,Asfalto,No existe,I,S/D,Urbana,Ninguna,Funciona,Intersección,Bueno,Buena,Diurna,Buen Tiempo,Otro,S/D,Colisión,Ninguna,Vertical,Ninguna,Sin restricción
2018,1615,2018-04-01,Domingo,0,12:40:00,,0.0,2,"Automóvil,Moto/Ciclomotor",Gdor Crespo Y Av Freyre,3,2,0,0,1,0,0,"-31.638850026285, -60.716481228294",Calle,,SANTA FE,La Capital,Asfalto,No existe,I,Dentro,Urbana,Semáforo,Funciona,Intersección,Bueno,Buena,Diurna,Buen Tiempo,Otro,S/D,Colisión,Ninguna,Vertical,Ninguna,Sin restricción
2018,1616,2018-04-04,Miercoles,0,08:30:00,,0.0,2,"Moto/Ciclomotor,Automóvil",Mendoza Y Av Urquiza,3,1,0,0,2,0,0,"-31.647497468149, -60.713605900230",Calle,,SANTA FE,La Capital,Asfalto,No existe,I,S/D,Urbana,Ninguna,Funciona,Intersección,Bueno,Buena,Diurna,Buen Tiempo,Otro,S/D,Colisión,Ninguna,"Horizontal,Vertical",Ninguna,Sin restricción
2018,1618,2018-04-06,Viernes,0,12:50:00,,0.0,2,"Automóvil,Moto/Ciclomotor",Av Pte Peron Y Santiago del Estero,3,2,0,0,1,0,0,"-31.634792915864, -60.717898051457",Calle,,SANTA FE,La Capital,Asfalto,No existe,I,S/D,Urbana,Semáforo,Funciona,Intersección,Bueno,Buena,Diurna,Buen Tiempo,Otro,S/D,Colisión,Ninguna,Vertical,Ninguna,Sin restricción
2018,1619,2018-04-06,Viernes,0,11:40:00,,0.0,2,"Transporte de Pasajeros Urbano (> 8 asientos),Moto/Ciclomotor",Av Mosconi Y Mendoza,2,1,0,0,1,0,0,"-31.643890968843, -60.727983157353",Calle,,SANTA FE,La Capital,Asfalto,No existe,I,S/D,Urbana,Ninguna,Funciona,Intersección,Bueno,Buena,Diurna,Buen Tiempo,S/D,S/D,Colisión,Ninguna,Vertical,Ninguna,Sin restricción
2018,1620,2018-04-09,Lunes,0,11:45:00,,0.0,2,"Automóvil,Moto/Ciclomotor",Tucuman Y Lamadrid,2,1,0,0,1,0,0,"-31.641666666667,-60.727277777778",Calle,,SANTA FE,La Capital,Asfalto,No existe,I,S/D,Urbana,Ninguna,Funciona,Intersección,Bueno,Buena,Diurna,Buen Tiempo,Otro,S/D,Colisión,Ninguna,Vertical,Ninguna,Sin restricción
2018,1621,2018-04-10,Martes,0,09:00:00,,0.0,2,"Moto/Ciclomotor,Bicicleta",Saavedra Y Maipu,2,1,0,0,1,0,0,"-31.631611111111,-60.711805555556",Avenida,,SANTA FE,La Capital,Asfalto,No existe,I,S/D,Urbana,Ninguna,Funciona,Intersección,Bueno,Buena,Diurna,Buen Tiempo,S/D,Ciclista,Atropello,Ninguna,Vertical,Ninguna,Sin restricción
2018,1622,2018-04-10,Martes,0,07:30:00,,0.0,2,"Pickup/Utilitario,Automóvil",Mendoza Y Lamadrid,2,1,0,0,1,0,0,"-31.643869511170, -60.728026072698",Calle,,SANTA FE,La Capital,Asfalto,No existe,I,S/D,Urbana,Ninguna,Funciona,Intersección,Bueno,Buena,Diurna,Buen Tiempo,Otro,S/D,Colisión,Ninguna,Vertical,Ninguna,Sin restricción
2018,1623,2018-04-26,Jueves,0,19:45:00,,0.0,2,"Automóvil,Bicicleta",Primera Junta Y Av Freyre,2,1,0,0,1,0,0,"-31.645027777778,-60.718166666667",Avenida,,SANTA FE,La Capital,Asfalto,No existe,I,S/D,Urbana,Ninguna,Funciona,Intersección,Bueno,Buena,Atardecer,Buen Tiempo,S/D,Ciclista,Atropello,Ninguna,Vertical,Ninguna,Sin restricción
2018,1624,2018-04-25,Miercoles,0,22:25:00,,0.0,2,"Moto/Ciclomotor,Automóvil",Av Freyre Y Mendoza,2,1,0,0,1,0,0,"-31.646166666667,-60.718805555556",Avenida,,SANTA FE,La Capital,Asfalto,No existe,I,S/D,Urbana,Semáforo,Funciona,Intersección,Bueno,Buena,Nocturna,Buen Tiempo,Otro,S/D,Colisión,Ninguna,Vertical,Ninguna,Sin restricción
2018,1625,2018-04-24,Martes,0,18:30:00,,0.0,2,"Moto/Ciclomotor,Automóvil",Mendoza Y San Jose,2,1,0,0,1,0,0,"-31.645178429170, -60.722683112340",Avenida,,SANTA FE,La Capital,Asfalto,No existe,I,S/D,Urbana,Semáforo,Funciona,Intersección,Bueno,Buena,Atardecer,Buen Tiempo,Otro,S/D,Colisión,Ninguna,Vertical,Ninguna,Sin restricción
2018,1626,2018-05-07,Lunes,0,10:15:00,,0.0,2,"Automóvil,Moto/Ciclomotor",Bv. Rondeau Y Baigorria,2,0,1,0,1,0,0,"-32.8915,-60.693166666667",Avenida,,ROSARIO,Rosario,Asfalto,Pavimento,II,Dentro,Urbana,Semáforo,Funciona,Recta,Bueno,Buena,Diurna,S/D,Lateral,S/D,Colisión,Agua,Vertical,Cordón divisorio,Sin restricción
2018,1627,2018-05-11,Viernes,0,13:25:00,,0.0,2,"Automóvil,Moto/Ciclomotor",Bv. Rondeau Y Av. Sorrento,4,1,0,0,3,0,0,"-32.907083333333,-60.688388888889",Avenida,,ROSARIO,Rosario,Asfalto,No existe,II,Dentro,Urbana,Semáforo,Funciona,Recta,Bueno,Buena,Diurna,Buen Tiempo,Lateral,S/D,Colisión,Ninguna,Vertical,Cordón divisorio,Sin restricción
2018,1628,2018-06-27,Miercoles,0,16:30:00,,0.0,2,"Automóvil,Moto/Ciclomotor",Varela Y Candelaria,2,1,0,0,1,0,0,"-32.909036694710, -60.811330357722",Calle,,FUNES,Rosario,"Tierra,Ripio",No existe,II,Dentro,Urbana,Ninguna,No existe,Intersección,Con baches,Buena,Atardecer,Buen Tiempo,Lateral,S/D,Colisión,Ninguna,Faltante,Ninguna,Sin restricción
2018,1629,2018-05-11,Viernes,0,08:20:00,,0.0,2,"Automóvil,Automóvil",Av. Casiano Casas Y Carril,3,2,0,0,1,0,0,"-32.90475,-60.699333333333",Avenida,,ROSARIO,Rosario,Asfalto,No existe,II,Dentro,Urbana,Ninguna,Funciona,Recta,Deteriorada,Buena,Diurna,Buen Tiempo,De alcance,S/D,Colisión,Ninguna,Vertical,Cordón divisorio,Sin restricción
2018,1630,2018-06-01,Viernes,0,11:15:00,,0.0,2,"Moto/Ciclomotor,Automóvil",San Martin Y Ballesteros,2,1,0,0,1,0,0,"-32.817916666667,-61.397694444444",Calle,,CAÑADA DE GÓMEZ,Iriondo,Asfalto,No existe,X,Dentro,Urbana,Ninguna,No existe,Intersección,Bueno,Buena,Diurna,Buen Tiempo,Lateral,S/D,Colisión,S/D,Vertical,Ninguna,Sin restricción
2018,1631,2018-05-22,Martes,0,12:00:00,,0.0,2,"Peatón,Automóvil",Mendoza Y Rio De Janeiro,3,2,0,0,1,0,0,"-32.943972222222,-60.681805555556",Calle,,ROSARIO,Rosario,Asfalto,No existe,II,S/D,Urbana,Ninguna,S/D,Intersección,Bueno,Buena,Diurna,Buen Tiempo,De alcance,Peatón,Atropello,Ninguna,S/D,Ninguna,Sin restricción
2018,1632,2018-05-17,Jueves,0,19:50:00,Ruta Nacional 11,455.7,2,"Moto/Ciclomotor,Automóvil",Calle 12 - Mate Y Ruta Nac 11 Av Grl Lopez,2,1,0,0,1,0,0,"-31.719276577668, -60.809675298297",Ruta,11,SAUCE VIEJO,La Capital,Asfalto,Natural,I,S/D,Urbana,Ninguna,No existe,Cruce,Bueno,Buena,Nocturna,Buen Tiempo,De alcance,S/D,Colisión,Ninguna,Vertical,Ninguna,Sin restricción
2018,1633,2018-06-20,Miercoles,0,13:00:00,Autopista Nacional 9,0.0,2,"Automóvil,Automóvil",Ruta Nacional 9 Y Mitre,5,2,0,0,3,0,0,"-32.922982437886, -60.800678118819",Autopista,9,FUNES,Rosario,Asfalto,Natural,II,Dentro,Urbana,Ninguna,No existe,Recta,Bueno,Buena,Diurna,Buen Tiempo,De alcance,S/D,Colisión,Ninguna,Horizontal,Línea divisoria pintada,Sin restricción
2018,1634,2018-06-01,Viernes,0,11:00:00,,0.0,2,"Automóvil,Moto/Ciclomotor",Rivadavia Y Hipolito Irigoyen,2,0,1,0,1,0,0,"-32.817861111111,-61.3945",Calle,,CAÑADA DE GÓMEZ,Iriondo,Asfalto,No existe,X,Dentro,Urbana,Ninguna,No existe,Intersección,Bueno,Buena,Diurna,Buen Tiempo,Lateral,S/D,Colisión,S/D,"Horizontal,Vertical",Ninguna,Sin restricción
2018,1635,2018-05-09,Miercoles,0,17:20:00,,0.0,2,"Automóvil,Moto/Ciclomotor",Iriondo Y E.Zeballos,2,1,0,0,1,0,0,"-32.949333333333,-60.671805555556",Calle,,ROSARIO,Rosario,Asfalto,No existe,II,S/D,Urbana,Ninguna,No existe,Intersección,Bueno,Buena,S/D,Buen Tiempo,De alcance,S/D,Colisión,Ninguna,Faltante,Línea divisoria pintada,Sin restricción
2018,1636,2018-05-15,Martes,0,15:00:00,,0.0,2,"Moto/Ciclomotor,Automóvil",Santa Fe 4039,2,1,0,0,1,0,0,"-31.654472222222,-60.784222222222",Calle,,SANTO TOMÉ,La Capital,Tierra,No existe,I,Dentro,Urbana,Ninguna,No existe,Recta,Bueno,Buena,Diurna,Buen Tiempo,Lateral,S/D,Colisión,Ninguna,Faltante,Ninguna,Sin restricción
2018,1637,2018-05-01,Martes,0,22:30:00,,0.0,2,"Automóvil,Moto/Ciclomotor",Bv. Oro?o Y Pte.Quintana,2,1,0,0,1,0,0,"-32.979805555556,-60.662305555556",S/D,,ROSARIO,Rosario,Asfalto,No existe,II,S/D,Urbana,Ninguna,Funciona,Intersección,Bueno,Reducida,Nocturna,Lluvia,Lateral,S/D,Colisión,Agua,"Horizontal,Vertical",Ninguna,Sin restricción
2018,1638,2018-06-07,Jueves,0,20:30:00,,0.0,2,"Automóvil,Moto/Ciclomotor",Santa Fe Y Suipacha,3,1,0,0,2,0,0,"-32.917424900807, -60.815162047499",Calle,,FUNES,Rosario,Asfalto,No existe,II,Dentro,Urbana,Ninguna,No existe,Intersección,Bueno,Buena,Nocturna,Buen Tiempo,Lateral,S/D,Colisión,Ninguna,Faltante,Ninguna,Sin restricción
2018,1639,2018-06-21,Jueves,0,11:20:00,,0.0,2,"Moto/Ciclomotor,Pickup/Utilitario",Mitre Y A. Capdevila,2,1,0,0,1,0,0,"-32.809,-61.386305555556",Calle,,CAÑADA DE GÓMEZ,Iriondo,Asfalto,No existe,X,Dentro,Urbana,Ninguna,No existe,Intersección,Bueno,Buena,Diurna,Buen Tiempo,Lateral,S/D,Colisión,S/D,Vertical,Ninguna,Sin restricción
2018,1640,2018-05-18,Viernes,0,19:00:00,,0.0,2,"Automóvil,Automóvil",CALLE ENTRADA AL PASO ,4,2,0,0,2,0,0,"-31.63664, -60.75877",Calle,,SANTO TOMÉ,La Capital,Tierra,No existe,I,S/D,Rural,Ninguna,No existe,Recta,Bueno,Buena,Atardecer,Buen Tiempo,Otro,S/D,Colisión,Ninguna,Faltante,Ninguna,Sin restricción
2018,1641,2018-05-20,Domingo,0,20:35:00,,0.0,2,"Taxi/Remis,Moto/Ciclomotor",Bertole Y J.M.de Rosas,3,2,0,0,1,0,0,"-32.96523, -60.72026",Calle,,ROSARIO,Rosario,Asfalto,Pavimento,II,S/D,Urbana,Ninguna,No existe,Intersección,Bueno,Buena,"Nocturna,Con luz artificial",Buen Tiempo,Frontal,S/D,Colisión,Ninguna,Faltante,Ninguna,Sin restricción
2018,1642,2018-06-22,Viernes,0,22:00:00,Autopista Nacional 9,0.0,2,"Automóvil,Moto/Ciclomotor",Ruta Nacional 9 Y Tucuman,4,1,0,0,3,0,0,"-32.922145588673, -60.807329997176",Autopista,9,FUNES,Rosario,Asfalto,S/D,II,S/D,Urbana,Otra Señal,No existe,Intersección,Bueno,Buena,Nocturna,Buen Tiempo,Lateral,S/D,Colisión,Ninguna,"Horizontal,Vertical",Línea divisoria pintada,Sin restricción
2018,1643,2018-05-26,Sabado,0,12:00:00,,0.0,2,"Transporte de Pasajeros Urbano (> 8 asientos),Peatón",San Nicolas Y Rueda,2,1,0,0,1,0,0,"-32.964916666667,-60.678555555556",Calle,,ROSARIO,Rosario,Asfalto,No existe,II,S/D,Urbana,Ninguna,No existe,Intersección,Bueno,Buena,Diurna,Buen Tiempo,S/D,Peatón,Atropello,Ninguna,Faltante,Ninguna,Sin restricción
2018,1644,2018-05-29,Martes,0,09:30:00,Autopista Provincial Brigadier E.López,153.0,2,"Bicicleta,Moto/Ciclomotor", ,2,1,0,0,1,0,0,"-31.62289, -60.7562",Autopista,Brigadier E.López,SANTO TOMÉ,La Capital,Asfalto,Natural,I,Dentro,Rural,Ninguna,No existe,Recta,Bueno,Buena,Diurna,Buen Tiempo,Lateral,S/D,Colisión,Ninguna,Faltante,Ninguna,Sin restricción
2018,1645,2018-05-06,Domingo,0,11:30:00,,0.0,2,"Automóvil,Moto/Ciclomotor",Av. Arijon 1900,2,1,0,0,1,0,0,"-33.003361111111,-60.660527777778",Avenida,,ROSARIO,Rosario,Asfalto,No existe,II,Dentro,Urbana,Ninguna,No existe,Recta,Bueno,Buena,Diurna,Buen Tiempo,Contra objeto fijo,S/D,Colisión,Ninguna,Faltante,Ninguna,Sin restricción
2018,1646,2018-06-23,Sabado,0,13:00:00,,0.0,2,"Automóvil,Bicicleta",Sarmiento Y Candelaria,2,1,0,0,1,0,0,"-32.918776734150, -60.813617095107",Calle,,FUNES,Rosario,Asfalto,No existe,II,Dentro,Urbana,Ninguna,No existe,Recta,Bueno,Buena,Diurna,Buen Tiempo,Otro,S/D,Colisión,Ninguna,Faltante,Ninguna,Sin restricción
2018,1647,2018-06-21,Jueves,0,09:10:00,Autopista Nacional 9,380.0,2,"Moto/Ciclomotor,Otros", ,3,2,0,0,1,0,0,"-32.805198427318, -61.423647293047",Autopista,9,CAÑADA DE GÓMEZ,Iriondo,Asfalto,Pavimento,X,Dentro,Rural,Ninguna,No existe,Recta,Bueno,Reducida,Nocturna,Buen Tiempo,De alcance,S/D,Colisión,S/D,Horizontal,Ninguna,Sin restricción
2018,1648,2018-06-20,Miercoles,0,09:20:00,,0.0,2,"Bicicleta,Moto/Ciclomotor",Gral Paz Y Angelone,2,1,0,0,0,0,1,"-32.914613945759, -60.810613021010",Calle,,FUNES,Rosario,Asfalto,S/D,II,Dentro,Urbana,Ninguna,No existe,Intersección,Bueno,Buena,Diurna,Buen Tiempo,Lateral,S/D,Colisión,Ninguna,Faltante,Ninguna,Sin restricción
2018,1649,2018-06-20,Miercoles,0,19:40:00,,0.0,2,"Automóvil,Pickup/Utilitario",Av Fuerza Aerea Y Urquiza,3,1,0,0,2,0,0,"-32.927531464375, -60.769607409591",Avenida,,FUNES,Rosario,Hormigón,Natural,II,Dentro,Urbana,Ninguna,No existe,Recta,Con baches,Reducida,Nocturna,Buen Tiempo,De alcance,S/D,Colisión,Ninguna,Faltante,Ninguna,Sin restricción
2018,1650,2018-05-01,Martes,0,18:00:00,,0.0,2,"Moto/Ciclomotor,Pickup/Utilitario",Bv. Avellaneda Y Juan Pablo II,3,2,0,0,1,0,0,"-33.000330670977, -60.689168912939",Avenida,,ROSARIO,Rosario,Asfalto,No existe,II,Dentro,Urbana,Ninguna,No existe,Intersección,Bueno,Buena,Atardecer,Buen Tiempo,Otro,S/D,Colisión,Ninguna,Faltante,Ninguna,Sin restricción
2018,1651,2018-05-21,Lunes,0,15:45:00,,0.0,1,Automóvil,Rodriguez Y Cazadores,1,1,0,0,0,0,0,"-33.004666666667,-60.670166666667",Calle,,ROSARIO,Rosario,Asfalto,No existe,II,Dentro,Urbana,Ninguna,No existe,Intersección,Bueno,Buena,Diurna,Buen Tiempo,Contra objeto fijo,S/D,Colisión,Ninguna,Faltante,Ninguna,Sin restricción
2018,1652,2018-06-25,Lunes,0,11:25:00,,0.0,2,"Automóvil,Moto/Ciclomotor",Sgto Cabral Y Gral Lopez,2,0,1,0,1,0,0,"-32.589388888889,-61.176777777778",Calle,,TOTORAS,Iriondo,Asfalto,Natural,X,S/D,Urbana,S/D,No existe,Intersección,Bueno,Buena,Diurna,Buen Tiempo,De alcance,S/D,Atropello,S/D,S/D,S/D,Sin restricción
2018,1653,2018-05-06,Domingo,0,01:00:00,,0.0,2,"Automóvil,Peatón",Bv. Oro?o Y Av. Battle y Ordo?ez,2,1,0,0,1,0,0,"-33.009361111111,-60.664527777778",S/D,,ROSARIO,Rosario,Asfalto,No existe,II,Dentro,Urbana,Semáforo,Funciona,Intersección,Bueno,Buena,Con luz artificial,Buen Tiempo,S/D,Peatón,Atropello,Ninguna,Faltante,Ninguna,Sin restricción
2018,1654,2018-05-10,Jueves,0,21:45:00,,0.0,1,Moto/Ciclomotor,Italia 5600,1,1,0,0,0,0,0,"-33.002305555556,-60.659166666667",Calle,,ROSARIO,Rosario,Asfalto,No existe,II,Dentro,Urbana,Ninguna,No existe,Recta,Bueno,Buena,Nocturna,Buen Tiempo,Atropello animal,S/D,Atropello,Ninguna,Faltante,Ninguna,Sin restricción
2018,1655,2018-06-01,Viernes,0,14:40:00,,0.0,2,"Moto/Ciclomotor,Transporte de Pasajeros (H/ 8 asientos)",Rep.Dominicana Y Pje. Husares,2,1,0,0,1,0,0,"-32.929361111111,-60.689833333333",Calle,,ROSARIO,Rosario,Asfalto,S/D,II,S/D,Urbana,S/D,S/D,Intersección,Bueno,S/D,S/D,Buen Tiempo,Lateral,S/D,Colisión,S/D,S/D,Línea divisoria pintada,Sin restricción
2018,1656,2018-05-27,Domingo,0,19:00:00,Ruta Nacional 11,0.0,2,"Automóvil,Moto/Ciclomotor",Av L de la Torre-Ruta Nac 11 ,4,2,0,0,2,0,0,"-31.9818635,-60.9286062",Ruta,11,CORONDA,San Jerónimo,Asfalto,Pavimento,I,Dentro,Urbana,Ninguna,No existe,Recta,Bueno,Buena,Nocturna,Buen Tiempo,Frontal,S/D,Colisión,Ninguna,S/D,Ninguna,S/D
2018,1657,2018-05-12,Sabado,0,01:00:00,Autopista Nacional A008,0.0,1,Automóvil,Av. Circunvalacion ,2,2,0,0,0,0,0,"-33.009333333333,-60.673555555556",Autopista,A008,ROSARIO,Rosario,Asfalto,No existe,II,Dentro,Urbana,Ninguna,No existe,Recta,Bueno,Buena,Nocturna,Buen Tiempo,Contra objeto fijo,S/D,Atropello,Ninguna,Faltante,Ninguna,Sin restricción
2018,1658,2018-05-29,Martes,0,09:15:00,,0.0,2,"Moto/Ciclomotor,Moto/Ciclomotor",Gral Lopez 1553,2,1,0,0,1,0,0,"-31.969,-60.92075",Calle,,CORONDA,San Jerónimo,Asfalto,No existe,XV,Dentro,Urbana,Ninguna,No existe,Recta,Bueno,Buena,Diurna,Buen Tiempo,Otro,S/D,Otro,Ninguna,Faltante,Ninguna,Sin restricción
2018,1659,2018-06-11,Lunes,0,13:30:00,,0.0,2,"Moto/Ciclomotor,Automóvil",San Lorenzo 4340,2,1,0,0,0,0,1,"-32.936222222222,-60.681833333333",Calle,,ROSARIO,Rosario,Asfalto,S/D,II,S/D,Urbana,S/D,S/D,Recta,Bueno,S/D,S/D,Buen Tiempo,Lateral,S/D,Colisión,S/D,S/D,S/D,S/D
2018,1660,2018-05-14,Lunes,0,08:00:00,Autopista Nacional A008,0.0,2,"Moto/Ciclomotor,Automóvil",Av. Circunvalacion ,2,1,0,0,0,0,1,"-32.97719, -60.62459",Autopista,A008,ROSARIO,Rosario,Asfalto,No existe,II,Dentro,Urbana,Ninguna,No existe,Recta,Bueno,Buena,Diurna,Buen Tiempo,Otro,S/D,Colisión,Ninguna,Faltante,Ninguna,Sin restricción
2018,1661,2018-05-19,Sabado,0,20:10:00,,0.0,2,"Moto/Ciclomotor,Bicicleta",Bv. Oro?o Y Anchorena,2,1,0,0,0,0,1,"-32.99825,-60.665",Avenida,,ROSARIO,Rosario,Asfalto,Pavimento,II,Dentro,Urbana,Ninguna,No existe,Recta,Bueno,Buena,Nocturna,Buen Tiempo,S/D,Ciclista,Atropello,Ninguna,Faltante,Ninguna,Sin restricción
2018,1662,2018-06-20,Miercoles,0,15:00:00,,0.0,2,"Bicicleta,Automóvil",Av. Provincias Unidas Y Junin,2,1,0,0,1,0,0,"-32.927629892147, -60.713359817461",Calle,,ROSARIO,Rosario,Asfalto,S/D,II,S/D,Urbana,S/D,S/D,Intersección,Bueno,S/D,S/D,Buen Tiempo,Lateral,S/D,Colisión,S/D,S/D,Línea divisoria pintada,S/D
2018,1663,2018-05-19,Sabado,0,21:00:00,,0.0,2,"Moto/Ciclomotor,Moto/Ciclomotor",Flamarion Y Hilarion de la Quintana,2,2,0,0,0,0,0,"-33.001222222222,-60.655833333333",Calle,,ROSARIO,Rosario,Asfalto,No existe,II,Dentro,Urbana,Ninguna,No existe,Intersección,Bueno,Buena,Nocturna,Buen Tiempo,Lateral,S/D,Colisión,Ninguna,Faltante,Ninguna,Sin restricción
2018,1664,2018-05-25,Viernes,0,17:00:00,Autopista Provincial Brigadier E.López,104.8,2,"Pickup/Utilitario,Moto/Ciclomotor", ,2,1,1,0,0,0,0,"-31.99602, -60.98618",Autopista,Brigadier E.López,CORONDA,San Jerónimo,Asfalto,Natural,XV,Dentro,Rural,Ninguna,No existe,Curva,Bueno,Buena,Diurna,Buen Tiempo,Lateral,S/D,Colisión,Ninguna,Vertical,Vegetación,Sin restricción
2018,1665,2018-05-22,Martes,0,20:10:00,,0.0,1,Moto/Ciclomotor,Av. Arijon B 2700,3,3,0,0,0,0,0,"-33.003694444444,-60.672777777778",Calle,,ROSARIO,Rosario,Asfalto,No existe,II,Dentro,Urbana,Semáforo,Funciona,Recta,Bueno,Buena,Nocturna,Buen Tiempo,Atropello animal,S/D,Atropello,Ninguna,Vertical,Ninguna,Sin restricción
2018,1666,2018-06-13,Miercoles,0,08:25:00,,0.0,2,"Automóvil,Moto/Ciclomotor",Velez Sarsfield Y Peru Bis,2,1,0,0,1,0,0,"-32.925972222222,-60.712027777778",Calle,,ROSARIO,Rosario,Asfalto,S/D,II,S/D,Urbana,Ninguna,S/D,Intersección,S/D,S/D,S/D,Buen Tiempo,Lateral,S/D,Colisión,S/D,S/D,S/D,S/D
2018,1667,2018-05-29,Martes,0,17:30:00,,0.0,2,"Automóvil,Moto/Ciclomotor",Av. Luis Carballo Y Echeverria Bis,2,1,0,0,1,0,0,"-32.921916666667,-60.672277777778",Avenida,,ROSARIO,Rosario,Asfalto,No existe,II,Dentro,Urbana,Ninguna,Funciona,Recta,Bueno,Buena,Diurna,Buen Tiempo,S/D,S/D,Colisión,Ninguna,Horizontal,Ninguna,Sin restricción
2018,1668,2018-06-27,Miercoles,0,09:50:00,,0.0,2,"Pickup/Utilitario,Peatón",San Lorenzo Y Rio De Janeiro,2,0,1,0,1,0,0,"-32.936555555556,-60.679944444444",Calle,,ROSARIO,Rosario,Asfalto,S/D,II,S/D,Urbana,S/D,S/D,Intersección,S/D,Buena,Diurna,S/D,Lateral,S/D,Colisión,S/D,S/D,Línea divisoria pintada,S/D
2018,1669,2018-05-24,Jueves,0,08:45:00,,0.0,1,Automóvil,Calle sin nombre ,1,1,0,0,0,0,0,"-31.87447, -61.12853",Camino Rural,,GESSLER,San Jerónimo,Tierra,No existe,XV,Fuera,Rural,Ninguna,No existe,Intersección,Ahuellamiento,Buena,Amanecer,Buen Tiempo,Contra objeto fijo,S/D,Despiste,Ninguna,Faltante,Ninguna,Sin restricción
2018,1670,2018-05-06,Domingo,0,14:50:00,,0.0,1,Moto/Ciclomotor,ESTANISLAO LOPEZ Y PRESBITERO NARDI,1,1,0,0,0,0,0,"-31.87629, -61.12788",Calle,,GESSLER,San Jerónimo,Hormigón,No existe,XV,Dentro,Urbana,Ninguna,No existe,Recta,Bueno,Buena,Diurna,Buen Tiempo,Atropello animal,S/D,Atropello,Ninguna,Faltante,Ninguna,Sin restricción