anio_acci,nro_acci,fecha,desc_dia,fecha_aprox,hora_aprox,desc_ruta,km,cant_participantes,desc_participante,calle_avenida_km,total,heridos_leves,heridos_graves,heridos_gravisimos,ilesos,fallecidos,sin_datos,posicion_XY,desc_tipo_via,desc_ruta_ori,desc_loc,desc_dpto,desc_tipo_calzada,desc_tipo_banquina,desc_unidad_regional,desc_lugar_calzada,desc_zona,desc_prioridad,desc_estado_semaforo,desc_lugar_via,desc_estado_via,desc_estado_visibilidad,desc_luminosidad,desc_estado_clima,desc_tipo_colision,desc_tipo_atropello,desc_tipo_hecho,desc_pres_calzada,desc_senializacion,desc_separacion_via,desc_restriccion
2018,1671,2018-05-25,Viernes,0,10:10:00,,0.0,2,"Automóvil,Taxi/Remis",Rioja Y Pueyrredon,6,1,0,0,5,0,0,"-32.944111111111,-60.657666666667",Calle,,ROSARIO,Rosario,Asfalto,No existe,II,Dentro,Urbana,Ninguna,Intermitente,Intersección,Bueno,Buena,S/D,Buen Tiempo,De alcance,S/D,Colisión,Ninguna,Faltante,Ninguna,Sin restricción
2018,1672,2018-06-01,Viernes,0,16:50:00,,0.0,2,"Pickup/Utilitario,Bicicleta",Las Heras 800,2,1,0,0,1,0,0,"-32.5875,-61.165583333333",Calle,,TOTORAS,Iriondo,Asfalto,No existe,X,Dentro,Urbana,Ninguna,No existe,Recta,Bueno,Buena,Diurna,Buen Tiempo,Frontal,Ciclista,Atropello,S/D,Horizontal,Ninguna,Sin restricción
2018,1673,2018-06-24,Domingo,0,16:40:00,,0.0,2,"Automóvil,Moto/Ciclomotor",Sarratea Bis Y Av. Brassey,2,1,0,0,1,0,0,"-32.92325,-60.741222222222",Calle,,ROSARIO,Rosario,Asfalto,No existe,II,Dentro,Urbana,Ninguna,S/D,Intersección,Bueno,Buena,Diurna,Buen Tiempo,S/D,S/D,Colisión,S/D,S/D,Ninguna,Sin restricción
2018,1674,2018-06-22,Viernes,0,09:30:00,,0.0,2,"Moto/Ciclomotor,Automóvil",Pje 24 de Setiembre Y L de la Torre,2,1,0,0,1,0,0,"-32.848527777778,-61.256666666667",Calle,,CORREA,Iriondo,Asfalto,Ripio,X,S/D,Urbana,Ninguna,No funciona,Intersección,Bueno,Buena,Diurna,Buen Tiempo,Lateral,S/D,"Caída ocupante,Colisión",S/D,Vertical,Ninguna,Sin restricción
2018,1675,2018-05-16,Miercoles,0,22:45:00,,0.0,2,"Automóvil,Moto/Ciclomotor",Cordoba Y Bv. Avellaneda,2,1,0,0,1,0,0,"-32.939111111111,-60.679",Calle,,ROSARIO,Rosario,Asfalto,No existe,II,S/D,Urbana,Semáforo,Funciona,Intersección,Bueno,Buena,"Nocturna,Con luz artificial",Buen Tiempo,De alcance,S/D,Colisión,Ninguna,Horizontal,Ninguna,Sin restricción
2018,1676,2018-06-12,Martes,0,18:20:00,,0.0,2,"Bicicleta,Automóvil",Velez Sarsfield Y Nicaragua Bis,2,1,0,0,1,0,0,"-32.92625,-60.721361111111",Calle,,ROSARIO,Rosario,Asfalto,No existe,II,S/D,Urbana,Ninguna,No existe,Intersección,Bueno,Buena,Atardecer,Buen Tiempo,De alcance,Ciclista,Atropello,Ninguna,S/D,Ninguna,Sin restricción
2018,1677,2018-05-07,Lunes,0,09:45:00,,0.0,2,"Automóvil,Moto/Ciclomotor",San Luis Y Crespo,3,1,0,0,2,0,0,"-32.943638888889,-60.668916666667",Calle,,ROSARIO,Rosario,Asfalto,No existe,II,S/D,Urbana,Ninguna,No existe,Intersección,Bueno,Buena,Diurna,Lluvia,De alcance,S/D,Colisión,Agua,S/D,Ninguna,Sin restricción
2018,1678,2018-05-02,Miercoles,0,20:00:00,,0.0,2,"Bicicleta,Automóvil",CORRIENTES 600,2,0,1,0,1,0,0,"-32.36335, -61.34032",Calle,,SAN GENARO,San Jerónimo,Asfalto,No existe,XV,Dentro,Urbana,Ninguna,No existe,Recta,Bueno,Buena,Nocturna,Buen Tiempo,De alcance,Ciclista,Atropello,Ninguna,Faltante,Ninguna,Sin restricción
2018,1679,2018-06-22,Viernes,0,12:25:00,,0.0,2,"Bicicleta,Pickup/Utilitario",Av. Eva Peron Y Donado,3,1,0,0,2,0,0,"-32.930527777778,-60.727361111111",Avenida,,ROSARIO,Rosario,Asfalto,No existe,II,Dentro,Urbana,Ninguna,Funciona,Recta,Bueno,Buena,Diurna,Buen Tiempo,S/D,Ciclista,Atropello,Ninguna,S/D,Ninguna,Sin restricción
2018,1680,2018-06-24,Domingo,0,07:30:00,Ruta Nacional 11,357.0,1,Otros, ,1,1,0,0,0,0,0,"-32.52869, -60.87424",Ruta,11,OLIVEROS,Iriondo,Asfalto,Natural,X,Fuera,Rural,Ninguna,No existe,Recta,Bueno,Buena,Nocturna,Buen Tiempo,S/D,S/D,Despiste,Ninguna,"Horizontal,Vertical",Línea divisoria pintada,Sin restricción
2018,1681,2018-05-26,Sabado,0,20:30:00,Ruta Nacional 11,0.0,2,"Moto/Ciclomotor,Automóvil",J J Passo Y Av L de la Torre-Ruta Nac 11,2,0,1,0,1,0,0,"-31.963805555556,-60.926472222222",Ruta,11,CORONDA,San Jerónimo,Asfalto,Natural,XV,Dentro,Urbana,Semáforo,Intermitente,Intersección,Bueno,Reducida,"Nocturna,Con luz artificial",Buen Tiempo,De alcance,S/D,Colisión,S/D,S/D,Línea divisoria pintada,Sin restricción
2018,1683,2018-05-26,Sabado,0,18:30:00,Ruta Nacional 11,423.0,2,"Automóvil,Moto/Ciclomotor",Cervantes Y Av L de la Torre-Ruta Nac 11,2,0,1,0,1,0,0,"-31.981611111111,-60.9285",Ruta,11,CORONDA,San Jerónimo,Asfalto,Natural,I,Dentro,Urbana,Otra Señal,No existe,Recta,Bueno,Reducida,Con luz artificial,Buen Tiempo,De alcance,S/D,Colisión,Ninguna,S/D,Línea divisoria pintada,Sin restricción
2018,1684,2018-06-06,Miercoles,0,17:20:00,,0.0,2,"Automóvil,Moto/Ciclomotor",A castellanos Y Independencia,2,1,0,0,1,0,0,"-30.36434, -60.40221",Calle,,GOBERNADOR CRESPO,San Justo,Asfalto,No existe,XVI,S/D,Urbana,Ninguna,No existe,Intersección,Bueno,Buena,Diurna,Buen Tiempo,Lateral,S/D,Colisión,Ninguna,Faltante,Línea divisoria pintada,Sin restricción
2018,1685,2018-04-16,Lunes,0,10:50:00,Ruta Provincial 26,0.0,2,"Moto/Ciclomotor,Automóvil",BV RECONQUISTA Y GRANDOLI,2,1,0,0,1,0,0,"-33.173004583907, -61.078885347981",Ruta,26,FUENTES,San Lorenzo,Asfalto,No existe,XVII,Dentro,Urbana,Ninguna,No existe,Intersección,Bueno,Buena,Diurna,Buen Tiempo,Lateral,S/D,Colisión,Ninguna,Faltante,Ninguna,Sin restricción
2018,1686,2018-04-14,Sabado,0,03:30:00,,0.0,2,"Moto/Ciclomotor,Automóvil",Republica de Chile Y Dr Rafael Araya,2,1,0,0,1,0,0,"-32.772193638927, -60.740305094721",Calle,,SAN LORENZO,San Lorenzo,Ripio,No existe,XVII,Dentro,Urbana,S/D,No existe,Otro,Otro,S/D,Nocturna,Otro,S/D,S/D,Colisión,S/D,Vertical,Ninguna,S/D
2018,1687,2018-04-03,Martes,0,11:50:00,Ruta Nacional 11,0.0,2,"Moto/Ciclomotor,Automóvil",N Pe?a Y Ruta Nac 11,3,1,0,0,2,0,0,"-32.772861111111,-60.729333333333",Ruta,11,SAN LORENZO,San Lorenzo,Hormigón,Natural,XVII,Dentro,Urbana,Semáforo,Funciona,Otro,Otro,S/D,Diurna,Otro,S/D,S/D,Colisión,Ninguna,Vertical,Barrera de hormigón,S/D
2018,1688,2018-04-07,Sabado,0,19:15:00,Ruta Nacional 11,0.0,1,Automóvil,Ruta Nac 11 ,2,1,0,0,1,0,0,"-32.717924703898, -60.753352723826",Ruta,11,SAN LORENZO,San Lorenzo,Asfalto,Natural,XVII,Dentro,Rural,Ninguna,Funciona,Curva,Otro,S/D,Atardecer,Otro,S/D,S/D,Despiste,S/D,Vertical,Cordón divisorio,S/D
2018,1689,2018-04-07,Sabado,0,02:00:00,Autopista Provincial Brigadier E.López,0.0,3,"Camión c / Acoplado,Camión,Camión",M Cespedes Y Rosario,4,2,0,0,0,0,2,"-32.764839821680, -60.751935246412",Autopista,Brigadier E.López,SAN LORENZO,San Lorenzo,S/D,Natural,XVII,Dentro,Rural,S/D,S/D,Otro,Otro,S/D,Nocturna,Otro,S/D,S/D,Colisión,Ninguna,Vertical,Ninguna,S/D
2018,1690,2018-04-15,Domingo,0,21:30:00,,0.0,2,"Automóvil,Moto/Ciclomotor",Francia Y Primera Junta,3,2,0,0,1,0,0,"-31.645972222222,-60.714583333333",Avenida,,SANTA FE,La Capital,Asfalto,No existe,I,S/D,Urbana,Ninguna,S/D,Intersección,Bueno,Buena,Nocturna,Buen Tiempo,Otro,S/D,Colisión,Ninguna,Faltante,Ninguna,Sin restricción
2018,1691,2018-04-07,Sabado,0,,Ruta Nacional 11,0.0,1,Moto/Ciclomotor,Av San Martin 1200,2,1,0,0,1,0,0,"-32.749666666667,-60.734138888889",Ruta,11,SAN LORENZO,San Lorenzo,Asfalto,No existe,XVII,Dentro,Urbana,Semáforo,Funciona,Recta,Otro,S/D,S/D,Otro,S/D,S/D,Caída ocupante,Ninguna,Vertical,Cordón divisorio,S/D
2018,1692,2018-04-09,Lunes,0,15:00:00,,0.0,2,"Moto/Ciclomotor,Moto/Ciclomotor",Republica de Chile Y Urquiza,2,2,0,0,0,0,0,"-32.747418108942, -60.748175531372",Calle,,SAN LORENZO,San Lorenzo,S/D,No existe,XVII,Dentro,Urbana,Ninguna,S/D,Intersección,Otro,S/D,Diurna,Otro,S/D,S/D,Colisión,Ninguna,Vertical,Ninguna,S/D
2018,1693,2018-04-08,Domingo,0,10:30:00,,0.0,2,"Otros,Otros",Bv Pellegrini Y Av Pte Peron,2,2,0,0,0,0,0,"-31.632388888889,-60.717388888889",Calle,,SANTA FE,La Capital,Asfalto,No existe,I,S/D,Urbana,Ninguna,No existe,Otro,Bueno,Buena,Diurna,Buen Tiempo,Otro,S/D,Colisión,Ninguna,S/D,Ninguna,Sin restricción
2018,1694,2018-04-11,Miercoles,0,16:00:00,,0.0,2,"Otros,Otros",Av Pte Peron Y Junin,2,1,0,0,0,0,1,"-31.635805555556,-60.718166666667",Calle,,SANTA FE,La Capital,Asfalto,No existe,I,S/D,Urbana,Ninguna,S/D,Otro,Bueno,Buena,Diurna,Buen Tiempo,Otro,S/D,Colisión,Ninguna,Faltante,Ninguna,S/D
2018,1695,2018-04-05,Jueves,0,17:20:00,,0.0,2,"Automóvil,Moto/Ciclomotor",Sargento Cabral Y Richieri,3,1,0,0,2,0,0,"-32.748805555556,-60.73075",Calle,,SAN LORENZO,San Lorenzo,Hormigón,No existe,XVII,Dentro,Urbana,S/D,No existe,Intersección,Otro,S/D,Diurna,Otro,S/D,S/D,Colisión,Ninguna,Faltante,Ninguna,S/D
2018,1696,2018-04-21,Sabado,0,14:25:00,,0.0,2,"Otros,Otros",Bv Pellegrini Y Av Pte Peron,2,2,0,0,0,0,0,"-31.632388888889,-60.717388888889",Calle,,SANTA FE,La Capital,Asfalto,No existe,I,Dentro,Urbana,Ninguna,No existe,Intersección,Bueno,Buena,Diurna,Buen Tiempo,Otro,S/D,Colisión,Ninguna,S/D,Ninguna,Sin restricción
2018,1698,2018-04-13,Viernes,0,19:00:00,,0.0,2,"Moto/Ciclomotor,Moto/Ciclomotor",Morris W Y 3 de Febrero,2,1,0,0,1,0,0,"-32.743861111111,-60.74475",Calle,,SAN LORENZO,San Lorenzo,"Asfalto,Ripio",No existe,XVII,Dentro,Urbana,S/D,No existe,Intersección,Otro,S/D,Diurna,Otro,S/D,S/D,Colisión,Ninguna,Faltante,Ninguna,S/D
2018,1699,2018-04-01,Domingo,0,19:45:00,Ruta Provincial 38,0.0,1,Automóvil, ,6,4,0,0,2,0,0,"-29.997080678440, -61.819829326797",Ruta,38,HERSILIA,San Cristóbal,Ripio,No existe,XIII,Fuera,Rural,Ninguna,No existe,Curva,Bueno,Reducida,Atardecer,Buen Tiempo,S/D,S/D,Despiste,Otro,Faltante,Ninguna,Sin restricción
2018,1700,2018-04-04,Miercoles,0,12:00:00,,0.0,2,"Taxi/Remis,Moto/Ciclomotor",Av Facundo Zuviria Y Luciano Torrent,2,1,0,0,1,0,0,"-31.623388888889,-60.705472222222",Avenida,,SANTA FE,La Capital,Asfalto,No existe,I,S/D,Urbana,S/D,Funciona,Intersección,S/D,S/D,S/D,S/D,S/D,S/D,Colisión,S/D,Vertical,S/D,S/D
2018,1701,2018-04-10,Martes,0,08:00:00,,0.0,2,"Moto/Ciclomotor,Automóvil",San Jeronimo Y Quintana,2,1,0,0,1,0,0,"-31.622472222222,-60.700916666667",Calle,,SANTA FE,La Capital,Asfalto,No existe,I,S/D,Urbana,S/D,No existe,Intersección,S/D,S/D,S/D,S/D,S/D,S/D,Colisión,S/D,S/D,S/D,S/D
2018,1702,2018-04-10,Martes,0,13:00:00,,0.0,2,"Automóvil,Peatón",San Martin Y Domingo Silva,2,1,0,0,1,0,0,"-31.630916666667,-60.701888888889",Calle,,SANTA FE,La Capital,S/D,No existe,I,S/D,Urbana,S/D,No existe,Intersección,S/D,S/D,Diurna,S/D,S/D,Peatón,Atropello,S/D,S/D,S/D,S/D
2018,1703,2018-04-13,Viernes,0,11:00:00,,0.0,2,"Automóvil,Moto/Ciclomotor",Av A del Valle Y Diagonal Aguirre,2,1,0,0,1,0,0,"-31.612638888889,-60.695472222222",Avenida,,SANTA FE,La Capital,Asfalto,No existe,I,S/D,Urbana,S/D,Funciona,Intersección,S/D,S/D,Diurna,S/D,S/D,S/D,Colisión,S/D,Vertical,S/D,S/D
2018,1704,2018-04-15,Domingo,0,19:00:00,,0.0,2,"Moto/Ciclomotor,Automóvil",Av A del Valle Y Cordoba,2,1,0,0,1,0,0,"-31.628361111111,-60.700388888889",Avenida,,SANTA FE,La Capital,Asfalto,No existe,I,S/D,Urbana,S/D,S/D,Intersección,S/D,S/D,Atardecer,S/D,S/D,S/D,Colisión,S/D,S/D,S/D,S/D
2018,1705,2018-04-02,Lunes,0,12:30:00,,0.0,2,"Automóvil,Automóvil",Av. de los Trabaj. Ferroviario Y Bv 25 de Mayo,2,2,0,0,0,0,0,"-30.312643707519, -61.237524609424",Avenida,,SAN CRISTÓBAL,San Cristóbal,Asfalto,No existe,XIII,Dentro,Urbana,Ninguna,No existe,Intersección,Bueno,Buena,Diurna,Buen Tiempo,Lateral,S/D,Colisión,Ninguna,Faltante,Cordón divisorio,Sin restricción
2018,1706,2018-04-17,Martes,0,09:00:00,,0.0,2,"Bicicleta,Automóvil",Pedro Alejandro Vittori 5300,2,1,0,0,1,0,0,"-31.619277777778,-60.697666666667",Calle,,SANTA FE,La Capital,Asfalto,No existe,I,S/D,Urbana,S/D,No existe,Recta,S/D,S/D,Diurna,S/D,S/D,Ciclista,Atropello,S/D,S/D,S/D,S/D
2018,1707,2018-04-17,Martes,0,13:00:00,,0.0,2,"Automóvil,Moto/Ciclomotor",9 de Julio Y Vieytes,2,1,0,0,1,0,0,"-31.602166666667,-60.696277777778",Calle,,SANTA FE,La Capital,Asfalto,Pavimento,I,S/D,Urbana,S/D,No existe,Intersección,S/D,S/D,Diurna,S/D,S/D,S/D,Colisión,S/D,S/D,S/D,S/D
2018,1708,2018-04-21,Sabado,0,01:00:00,,0.0,2,"Moto/Ciclomotor,Automóvil",Av A del Valle 4800,2,1,0,0,1,0,0,"-31.623722222222,-60.699416666667",Avenida,,SANTA FE,La Capital,Asfalto,Pavimento,I,S/D,Urbana,S/D,S/D,Intersección,S/D,S/D,Nocturna,S/D,S/D,S/D,Colisión,S/D,S/D,S/D,S/D
2018,1709,2018-04-23,Lunes,0,18:00:00,,0.0,2,"Taxi/Remis,Automóvil",Av A del Valle Y Angel Cassanello,3,1,0,0,2,0,0,"-31.609416666667,-60.694055555556",Avenida,,SANTA FE,La Capital,Asfalto,No existe,I,S/D,Urbana,S/D,Funciona,Intersección,S/D,S/D,Diurna,S/D,S/D,S/D,Colisión,S/D,Vertical,S/D,S/D
2018,1710,2018-04-24,Martes,0,20:00:00,,0.0,2,"Moto/Ciclomotor,Moto/Ciclomotor",Martin Zapata Y 1ro de Mayo,2,1,0,0,1,0,0,"-31.619222222222,-60.7025",Calle,,SANTA FE,La Capital,S/D,No existe,I,S/D,Urbana,S/D,Funciona,Intersección,S/D,S/D,Nocturna,S/D,De alcance,S/D,Colisión,S/D,Vertical,S/D,S/D
2018,1711,2018-04-26,Jueves,0,22:00:00,,0.0,2,"Moto/Ciclomotor,Automóvil",San Martin Y Iturraspe,2,1,0,0,1,0,0,"-31.629111111111,-60.701472222222",Calle,,SANTA FE,La Capital,S/D,No existe,I,S/D,Urbana,S/D,S/D,Intersección,S/D,S/D,Nocturna,S/D,S/D,S/D,Colisión,S/D,S/D,S/D,S/D
2018,1712,2018-04-28,Sabado,0,17:00:00,,0.0,2,"Bicicleta,Automóvil",Av A del Valle 5200,2,1,0,0,1,0,0,"-31.620055555556,-60.698527777778",Avenida,,SANTA FE,La Capital,S/D,No existe,I,S/D,Urbana,S/D,S/D,Recta,S/D,S/D,Diurna,S/D,S/D,Ciclista,Atropello,S/D,S/D,S/D,S/D
2018,1713,2018-04-03,Martes,0,19:00:00,,0.0,2,"Moto/Ciclomotor,Automóvil",Av Pe?aloza Y Piedrabuena,2,1,0,0,1,0,0,"-31.58175,-60.711305555556",Avenida,,SANTA FE,La Capital,S/D,No existe,I,S/D,Urbana,S/D,S/D,S/D,S/D,S/D,Atardecer,S/D,S/D,S/D,Colisión,S/D,S/D,S/D,S/D
2018,1714,2018-04-13,Viernes,0,11:55:00,,0.0,2,"Automóvil,Moto/Ciclomotor",Gorriti 4428,2,0,0,0,0,0,2,"-31.585555555556,-60.713833333333",Avenida,,SANTA FE,La Capital,Asfalto,No existe,I,S/D,Urbana,S/D,No existe,Recta,S/D,S/D,Diurna,S/D,S/D,S/D,Colisión,S/D,S/D,S/D,S/D
2018,1715,2018-04-17,Martes,0,,,0.0,2,"Moto/Ciclomotor,Automóvil",Chaco 4600,2,1,0,0,1,0,0,"-31.574333333333,-60.713833333333",Calle,,SANTA FE,La Capital,S/D,No existe,I,S/D,Urbana,S/D,S/D,Recta,S/D,S/D,S/D,S/D,Lateral,S/D,Colisión,S/D,S/D,S/D,S/D
2018,1716,2018-04-06,Viernes,0,20:15:00,,0.0,2,"Moto/Ciclomotor,Transporte de Pasajeros Urbano (> 8 asientos)",Av Blas Parera Y Callejon Mendez,2,1,0,0,1,0,0,"-31.577305555556,-60.728055555556",Avenida,,SANTA FE,La Capital,Asfalto,No existe,I,S/D,Urbana,Ninguna,Funciona,Intersección,Bueno,Buena,Nocturna,Buen Tiempo,De alcance,S/D,Colisión,Ninguna,"Horizontal,Vertical",Ninguna,Sin restricción
2018,1717,2018-04-09,Lunes,0,11:30:00,,0.0,2,"Bicicleta,Transporte de Pasajeros Larga Distancia (> 8 asientos)",Gorriti Y Larguia,2,1,0,0,1,0,0,"-31.583583333333,-60.723027777778",Avenida,,SANTA FE,La Capital,Asfalto,No existe,I,S/D,Urbana,Ninguna,No existe,Recta,Bueno,Buena,Diurna,Buen Tiempo,S/D,Ciclista,Atropello,Ninguna,Faltante,Ninguna,Sin restricción
2018,1718,2018-04-09,Lunes,0,13:55:00,,0.0,2,"Peatón,Moto/Ciclomotor",Beruti Y Edmundo Rosas,2,1,0,0,1,0,0,"-31.584194444444,-60.730888888889",Calle,,SANTA FE,La Capital,Asfalto,No existe,I,S/D,Urbana,Ninguna,No existe,Recta,Bueno,Buena,Diurna,Buen Tiempo,S/D,Peatón,Atropello,Ninguna,Faltante,Ninguna,Sin restricción
2018,1719,2018-04-12,Jueves,0,17:30:00,,0.0,2,"Moto/Ciclomotor,Camión Chasis",Av Blas Parera Y Almonacid,2,0,0,1,1,0,0,"-31.581861111111,-60.726555555556",Avenida,,SANTA FE,La Capital,Asfalto,No existe,I,S/D,Urbana,Ninguna,No existe,Intersección,Bueno,Buena,Diurna,Buen Tiempo,De alcance,S/D,Colisión,Ninguna,S/D,Línea divisoria pintada,Sin restricción
2018,1720,2018-05-19,Sabado,0,05:00:00,,0.0,2,"Moto/Ciclomotor,Pickup/Utilitario",Av. Genova Y Mariano Cabal Bis,2,1,0,0,1,0,0,"-32.915694444444,-60.702777777778",Avenida,,ROSARIO,Rosario,Asfalto,No existe,II,Dentro,Urbana,Ninguna,No existe,Intersección,Bueno,Buena,Con luz artificial,Buen Tiempo,Lateral,S/D,Colisión,Ninguna,Faltante,Ninguna,Sin restricción
2018,1722,2018-06-30,Sabado,0,10:40:00,,0.0,2,"Automóvil,Moto/Ciclomotor",Calle 21 Y Calle 2,2,1,0,0,1,0,0,"-29.12225,-59.665666666667",Calle,,AVELLANEDA,General Obligado,Asfalto,S/D,IX,S/D,Urbana,S/D,S/D,Intersección,S/D,S/D,Diurna,S/D,Lateral,S/D,Colisión,S/D,S/D,S/D,S/D
2018,1723,2018-06-16,Sabado,0,10:00:00,,0.0,2,"Bicicleta,Automóvil",Combate de San Lorenzo Y Independencia,2,1,0,0,1,0,0,"-30.36204, -60.40195",Calle,,GOBERNADOR CRESPO,San Justo,Ripio,No existe,XVI,Dentro,Urbana,Ninguna,No existe,Intersección,Bueno,Buena,Diurna,Buen Tiempo,Otro,Ciclista,Atropello,Ninguna,Faltante,Línea divisoria pintada,Sin restricción
2018,1724,2018-05-16,Miercoles,0,,,0.0,2,"Moto/Ciclomotor,Pickup/Utilitario",Rosario Y Dr Rovere,2,1,0,0,1,0,0,"-32.080849, -60.976881",Calle,,AROCENA,San Jerónimo,Ripio,Ripio,XV,S/D,Urbana,Ninguna,No existe,Recta,Bueno,Buena,Diurna,Buen Tiempo,Frontal,S/D,Colisión,Ninguna,Faltante,Ninguna,Sin restricción
2018,1725,2018-05-23,Miercoles,0,08:00:00,,0.0,2,"Moto/Ciclomotor,Bicicleta",Av. Genova Y Pje. Yamandu Bis,2,2,0,0,0,0,0,"-32.915777777778,-60.705138888889",Avenida,,ROSARIO,Rosario,Asfalto,No existe,II,Dentro,Urbana,Ninguna,No existe,Intersección,Bueno,Buena,Diurna,Buen Tiempo,S/D,Ciclista,Atropello,Ninguna,Faltante,Ninguna,Sin restricción
2018,1726,2018-06-21,Jueves,0,07:25:00,,0.0,2,"Moto/Ciclomotor,Moto/Ciclomotor",Calle 302 Y Calle 301,2,2,0,0,0,0,0,"-29.110266375058, -59.663869836289",Calle,,AVELLANEDA,General Obligado,S/D,S/D,IX,Dentro,Urbana,S/D,S/D,Intersección,S/D,S/D,Amanecer,S/D,De alcance,S/D,Colisión,S/D,S/D,S/D,S/D
2018,1727,2018-06-25,Lunes,0,17:10:00,Ruta Provincial 39,0.0,2,"Bicicleta,Moto/Ciclomotor", ,2,2,0,0,0,0,0,"-30.34656, -60.52119",Ruta,39,LA PENCA Y CARAGUATAY,San Justo,Asfalto,Natural,XVI,Dentro,Urbana,Ninguna,No existe,Intersección,Bueno,Buena,Atardecer,Buen Tiempo,Lateral,Ciclista,Atropello,Ninguna,Faltante,Línea divisoria pintada,Sin restricción
2018,1728,2018-05-18,Viernes,0,19:00:00,,0.0,2,"Moto/Ciclomotor,Automóvil",Av. Provincias Unidas Bis 1600,3,2,0,0,1,0,0,"-32.909277777778,-60.714055555556",Avenida,,ROSARIO,Rosario,Asfalto,No existe,II,Dentro,Urbana,Ninguna,No existe,Intersección,Bueno,Buena,Atardecer,Buen Tiempo,Lateral,S/D,Colisión,Ninguna,Faltante,Ninguna,Sin restricción
2018,1729,2018-05-07,Lunes,0,,Ruta Nacional 11,409.8,1,Moto/Ciclomotor, ,1,1,0,0,0,0,0,"-32.07408, -60.97212",Ruta,11,AROCENA,San Jerónimo,Asfalto,Ripio,XV,Dentro,Urbana,Ninguna,No existe,Intersección,Resbaladiza,Reducida,Diurna,Lluvia,Lateral,S/D,Caída ocupante,Agua,Horizontal,Línea divisoria pintada,Sin restricción
2018,1730,2018-06-20,Miercoles,0,16:00:00,,0.0,2,"Moto/Ciclomotor,Automóvil",Calle 12 Y Calle 17,3,2,0,0,1,0,0,"-29.12075,-59.659111111111",Calle,,AVELLANEDA,General Obligado,S/D,S/D,IX,Dentro,Urbana,S/D,S/D,Intersección,S/D,S/D,Nocturna,S/D,Lateral,S/D,Colisión,S/D,S/D,S/D,S/D
2018,1731,2018-05-17,Jueves,0,15:05:00,,0.0,2,"Automóvil,Moto/Ciclomotor",Av. Francia Bis Y Av. E.Lopez,2,1,0,0,1,0,0,"-32.9255,-60.661388888889",Avenida,,ROSARIO,Rosario,Asfalto,No existe,II,Dentro,Urbana,Ninguna,Funciona,Intersección,Resbaladiza,Buena,Diurna,Lluvia,De alcance,S/D,Colisión,Agua,Vertical,Cordón divisorio,Sin restricción
2018,1732,2018-06-15,Viernes,0,17:00:00,,0.0,2,"Moto/Ciclomotor,Automóvil",Fco Angeloni Y E Lopez,2,1,0,0,1,0,0,"-30.785611111111,-60.587138888889",Calle,,SAN JUSTO,San Justo,Asfalto,No existe,XVI,Dentro,Urbana,Ninguna,No existe,Intersección,Bueno,Buena,Diurna,Buen Tiempo,Frontal,S/D,Colisión,Ninguna,Horizontal,Ninguna,Sin restricción
2018,1733,2018-05-17,Jueves,0,16:45:00,,0.0,1,Pickup/Utilitario,Alte. Brown Y Cordoba,2,1,0,0,1,0,0,"-31.86975, -60.88864",Calle,,DESVÍO ARIJÓN,San Jerónimo,Tierra,Natural,XV,S/D,Urbana,Ninguna,No existe,Intersección,Bueno,Buena,Diurna,Buen Tiempo,Frontal,S/D,Colisión,Ninguna,Faltante,Ninguna,Sin restricción
2018,1734,2018-06-16,Sabado,0,09:30:00,,0.0,2,"Moto/Ciclomotor,Automóvil",Avenida Circunvalacion Y Calle 21,2,1,0,0,1,0,0,"-29.125,-59.641777777778",Avenida,,AVELLANEDA,General Obligado,Asfalto,S/D,IX,S/D,Urbana,S/D,No existe,Intersección,S/D,S/D,Diurna,S/D,Lateral,S/D,Colisión,S/D,S/D,S/D,S/D
2018,1735,2018-05-17,Jueves,0,21:20:00,,0.0,2,"Moto/Ciclomotor,Moto/Ciclomotor",Albert Sabin Y Gorriti,2,2,0,0,0,0,0,"-32.923555555556,-60.684027777778",Avenida,,ROSARIO,Rosario,Asfalto,No existe,II,Dentro,Urbana,Ninguna,Funciona,Recta,Bueno,Buena,Nocturna,Buen Tiempo,Otro,S/D,Colisión,Ninguna,Vertical,Ninguna,Sin restricción
2018,1736,2018-05-21,Lunes,0,01:00:00,,0.0,1,Automóvil,Velez Sarsfield 319,1,1,0,0,0,0,0,"-32.924694444444,-60.667833333333",Calle,,ROSARIO,Rosario,Asfalto,No existe,II,Dentro,Urbana,Ninguna,Intermitente,Recta,Bueno,Buena,Nocturna,Buen Tiempo,Contra objeto fijo,S/D,Colisión,Ninguna,Vertical,Ninguna,Sin restricción
2018,1737,2018-06-02,Sabado,0,08:38:00,,0.0,2,"Automóvil,Bicicleta",Bv C Pellegrini Y Gdor Cabal,2,1,0,0,1,0,0,"-30.793527777778,-60.595111111111",Calle,,SAN JUSTO,San Justo,Hormigón,No existe,XVI,Dentro,Urbana,Ninguna,No existe,Intersección,Bueno,Buena,Diurna,Buen Tiempo,Lateral,Ciclista,Atropello,Ninguna,Vertical,"Cordón divisorio,Vegetación",Sin restricción