anio_acci,nro_acci,fecha,desc_dia,fecha_aprox,hora_aprox,desc_ruta,km,cant_participantes,desc_participante,calle_avenida_km,total,heridos_leves,heridos_graves,heridos_gravisimos,ilesos,fallecidos,sin_datos,posicion_XY,desc_tipo_via,desc_ruta_ori,desc_loc,desc_dpto,desc_tipo_calzada,desc_tipo_banquina,desc_unidad_regional,desc_lugar_calzada,desc_zona,desc_prioridad,desc_estado_semaforo,desc_lugar_via,desc_estado_via,desc_estado_visibilidad,desc_luminosidad,desc_estado_clima,desc_tipo_colision,desc_tipo_atropello,desc_tipo_hecho,desc_pres_calzada,desc_senializacion,desc_separacion_via,desc_restriccion
2018,1738,2018-06-12,Martes,0,12:45:00,,0.0,2,"Moto/Ciclomotor,Automóvil",Calle 2 Y Calle 17,3,2,0,0,1,0,0,"-29.120055555556,-59.665333333333",Calle,,AVELLANEDA,General Obligado,Asfalto,S/D,IX,Dentro,Urbana,S/D,S/D,Intersección,S/D,S/D,Diurna,S/D,De alcance,S/D,Colisión,S/D,S/D,S/D,S/D
2018,1739,2018-05-26,Sabado,0,20:30:00,,0.0,2,"Automóvil,Moto/Ciclomotor",Casilda Y Benzuley,3,2,0,0,1,0,0,"-32.928388888889,-60.686694444444",Calle,,ROSARIO,Rosario,Asfalto,No existe,II,Dentro,Urbana,Señal Pare,No existe,Recta,Bueno,Buena,Nocturna,Buen Tiempo,Lateral,S/D,Colisión,Ninguna,Vertical,Ninguna,Sin restricción
2018,1740,2018-06-01,Viernes,0,07:30:00,,0.0,2,"Automóvil,Bicicleta",Calle 1 Y Calle 20,2,1,0,0,1,0,0,"-29.112722222222,-59.652888888889",Calle,,AVELLANEDA,General Obligado,Asfalto,S/D,IX,Dentro,Urbana,S/D,No existe,Intersección,S/D,S/D,Amanecer,S/D,S/D,Ciclista,Atropello,S/D,S/D,S/D,S/D
2018,1741,2018-05-31,Jueves,0,17:30:00,,0.0,1,Moto/Ciclomotor,19 DE SEPTIEMBRE 1100,1,1,0,0,0,0,0,"-32.362793, -61.345283",Calle,,SAN GENARO,San Jerónimo,Asfalto,No existe,XV,Dentro,Urbana,Ninguna,No existe,Intersección,Bueno,Buena,Diurna,Buen Tiempo,S/D,S/D,Vuelco,Ninguna,Horizontal,Ninguna,Sin restricción
2018,1742,2018-05-09,Miercoles,0,20:30:00,,0.0,2,"Moto/Ciclomotor,Automóvil",Av. Francia Y Aurora,2,1,0,0,1,0,0,"-32.999472222222,-60.677722222222",Avenida,,ROSARIO,Rosario,Asfalto,No existe,II,Dentro,Urbana,Ninguna,No existe,Intersección,Bueno,Buena,Nocturna,Lluvia,Lateral,S/D,Colisión,Ninguna,Faltante,Vegetación,Sin restricción
2018,1743,2018-06-15,Viernes,0,21:30:00,Ruta Nacional 11,0.0,2,"Moto/Ciclomotor,Automóvil",Ruta Nacional 11 Y Calle 25,2,1,0,0,1,0,0,"-29.118205713742, -59.652325608689",Ruta,11,AVELLANEDA,General Obligado,Asfalto,Natural,IX,Dentro,Urbana,Semáforo,Funciona,Intersección,S/D,S/D,Nocturna,S/D,Lateral,S/D,Colisión,S/D,S/D,S/D,S/D
2018,1744,2018-06-15,Viernes,0,14:35:00,Ruta Nacional 11,0.0,2,"Automóvil,Moto/Ciclomotor",Italia ,2,1,0,0,1,0,0,"-30.79115, -60.60051",Ruta,11,SAN JUSTO,San Justo,Hormigón,Pavimento,XVI,Dentro,Urbana,Ninguna,No existe,Intersección,Bueno,Buena,Diurna,Buen Tiempo,Frontal,S/D,Colisión,Ninguna,Vertical,Ninguna,Sin restricción
2018,1745,2018-05-10,Jueves,0,06:00:00,,0.0,2,"Peatón,Pickup/Utilitario",Av. Ovidio Lagos Y J.M.Gutierrez,2,0,1,0,1,0,0,"-32.99479, -60.67405",Avenida,,ROSARIO,Rosario,Asfalto,No existe,II,Dentro,Urbana,Semáforo,Funciona,Recta,Bueno,Buena,Amanecer,Lluvia,S/D,Peatón,Atropello,Agua,Faltante,Cordón divisorio,Sin restricción
2018,1746,2018-05-13,Domingo,0,05:05:00,,0.0,1,Automóvil,Bv. Segui Y Lavalle,1,0,1,0,0,0,0,"-32.971972222222,-60.686",Avenida,,ROSARIO,Rosario,Asfalto,No existe,II,Dentro,Urbana,Ninguna,No existe,Recta,Bueno,Buena,Nocturna,Buen Tiempo,Contra objeto fijo,S/D,Colisión,Ninguna,Faltante,Ninguna,Sin restricción
2018,1747,2018-06-15,Viernes,0,18:00:00,,0.0,2,"Bicicleta,Automóvil",L N Alem Y E Lopez,3,1,0,0,2,0,0,"-30.785888888889,-60.585527777778",Calle,,SAN JUSTO,San Justo,Asfalto,No existe,XVI,Dentro,Urbana,Ninguna,S/D,Intersección,Bueno,Buena,Diurna,Buen Tiempo,Frontal,Ciclista,Atropello,Ninguna,Vertical,Ninguna,Sin restricción
2018,1749,2018-05-17,Jueves,0,08:00:00,,0.0,2,"Moto/Ciclomotor,Automóvil",Biedma Y Constitucion,2,1,0,0,1,0,0,"-32.975,-60.6825",Calle,,ROSARIO,Rosario,Asfalto,No existe,II,Dentro,Urbana,Ninguna,No existe,Intersección,Bueno,Buena,Diurna,Buen Tiempo,Lateral,S/D,Colisión,Ninguna,Faltante,Cordón divisorio,Sin restricción
2018,1750,2018-05-03,Jueves,0,21:00:00,,0.0,2,"Automóvil,Automóvil",9 de Julio Y Sarmiento,4,2,0,0,2,0,0,"-31.30398, -60.6641",Calle,,LAGUNA PAIVA,La Capital,Asfalto,No existe,I,Dentro,Urbana,Ninguna,No existe,Intersección,Bueno,Buena,Nocturna,Buen Tiempo,Lateral,S/D,Colisión,Ninguna,Faltante,Ninguna,Sin restricción
2018,1751,2018-06-14,Jueves,0,12:55:00,,0.0,2,"Automóvil,Moto/Ciclomotor",Bv C Pellegrini Y 25 de Mayo,3,2,0,0,1,0,0,"-30.793305555556,-60.596527777778",Calle,,SAN JUSTO,San Justo,Hormigón,No existe,XVI,Dentro,Urbana,Ninguna,No existe,Intersección,Bueno,Buena,Diurna,Buen Tiempo,Lateral,S/D,Colisión,Ninguna,Vertical,"Cordón divisorio,Vegetación",Sin restricción
2018,1752,2018-06-27,Miercoles,0,10:20:00,,0.0,2,"Pickup/Utilitario,Bicicleta",Avenida Rivadavia Y San Lorenzo,2,1,0,0,1,0,0,"-29.232777777778,-61.769333333333",Calle,,TOSTADO,9 de Julio,Asfalto,No existe,XII,Dentro,Urbana,Ninguna,No existe,Intersección,Bueno,Buena,Diurna,Lluvia,Lateral,Ciclista,Atropello,Ninguna,Faltante,Ninguna,Sin restricción
2018,1753,2018-05-18,Viernes,0,17:20:00,,0.0,2,"Moto/Ciclomotor,Transporte de Pasajeros Urbano (> 8 asientos)",Av. Ovidio Lagos Y Hilarion de la Quintana,3,2,0,0,1,0,0,"-33.001777777778,-60.675777777778",Avenida,,ROSARIO,Rosario,Asfalto,No existe,II,Dentro,Urbana,Ninguna,No existe,Intersección,Bueno,Buena,Atardecer,Buen Tiempo,Frontal,S/D,Colisión,Ninguna,Faltante,Cordón divisorio,Sin restricción
2018,1754,2018-05-21,Lunes,0,14:15:00,,0.0,2,"Moto/Ciclomotor,Pickup/Utilitario",Av. Francia Y Dean Funes,2,1,0,0,1,0,0,"-32.970694444444,-60.673027777778",Avenida,,ROSARIO,Rosario,Asfalto,No existe,II,S/D,Urbana,Ninguna,No existe,Intersección,Bueno,Buena,Diurna,Buen Tiempo,Frontal,S/D,Colisión,Ninguna,Faltante,Cordón divisorio,Sin restricción
2018,1755,2018-06-07,Jueves,0,15:20:00,,0.0,2,"Moto/Ciclomotor,Automóvil",Maestra Almara Y P. Miniello,3,2,0,0,1,0,0,"-32.86145, -60.76358",Calle,,IBARLUCEA,Rosario,Ripio,No existe,II,Dentro,Urbana,Ninguna,No existe,Intersección,Bueno,Buena,Diurna,Buen Tiempo,Lateral,S/D,Colisión,Ninguna,S/D,Ninguna,Sin restricción
2018,1756,2018-05-21,Lunes,0,13:40:00,,0.0,2,"Vehículo Oficial,Pickup/Utilitario",Av. Ovidio Lagos Y Av. Jorge Cura,2,1,0,0,1,0,0,"-32.969944444444,-60.668",Avenida,,ROSARIO,Rosario,Asfalto,No existe,II,S/D,Urbana,Semáforo,Funciona,Intersección,Bueno,Buena,Diurna,Buen Tiempo,Lateral,S/D,Colisión,Ninguna,Faltante,Cordón divisorio,Sin restricción
2018,1757,2018-05-04,Viernes,0,23:00:00,,0.0,2,"Automóvil,Moto/Ciclomotor",Av Candioti 2400,2,1,0,0,1,0,0,"-31.30619,-60.65660",Avenida,,LAGUNA PAIVA,La Capital,Asfalto,Natural,I,Dentro,Urbana,Ninguna,No existe,Recta,Bueno,Buena,Nocturna,Buen Tiempo,De alcance,S/D,Colisión,Ninguna,Faltante,Ninguna,Sin restricción
2018,1758,2018-06-30,Sabado,0,16:40:00,Ruta Nacional 34,0.0,2,"Moto/Ciclomotor,Automóvil",Salvat ,2,1,0,0,1,0,0,"-32.88412, -60.73547",Ruta,34,ROSARIO,Rosario,"Asfalto,Ripio",S/D,II,S/D,Urbana,Ninguna,No existe,Intersección,Deteriorada,Buena,Diurna,Buen Tiempo,Lateral,S/D,Colisión,Otro,Faltante,S/D,Sin restricción
2018,1759,2018-05-23,Miercoles,0,07:15:00,,0.0,2,"Moto/Ciclomotor,Otros",Bv. Avellaneda Y Dr.Rivas,2,1,0,0,1,0,0,"-32.976305555556,-60.6885",Avenida,,ROSARIO,Rosario,Asfalto,No existe,II,Dentro,Urbana,Ninguna,No existe,Intersección,Bueno,Buena,Amanecer,Buen Tiempo,Lateral,S/D,Colisión,Ninguna,Faltante,Cordón divisorio,Sin restricción
2018,1760,2018-05-10,Jueves,0,16:00:00,,0.0,1,Moto/Ciclomotor,25 de Mayo Y Sarmiento,1,1,0,0,0,0,0,"-31.30403, -60.66289",Calle,,LAGUNA PAIVA,La Capital,Asfalto,No existe,I,Dentro,Urbana,Ninguna,No existe,Intersección,Bueno,Buena,Diurna,Buen Tiempo,Otro,S/D,Despiste,Ninguna,Faltante,Ninguna,Sin restricción
2018,1761,2018-06-01,Viernes,0,19:20:00,,0.0,2,"Moto/Ciclomotor,Automóvil",Grandoli Y Polledo,3,2,0,0,1,0,0,"-32.886833333333,-60.720527777778",Calle,,ROSARIO,Rosario,Asfalto,No existe,II,Dentro,Urbana,Ninguna,No existe,Intersección,Deteriorada,Reducida,Nocturna,Buen Tiempo,Lateral,S/D,Colisión,S/D,S/D,Ninguna,Sin restricción
2018,1762,2018-06-25,Lunes,0,10:40:00,,0.0,2,"Moto/Ciclomotor,Pickup/Utilitario",Eva Peron Y Santiago  Liniers,2,1,0,0,1,0,0,"-32.858486437873, -60.715622868777",Calle,,GRANADERO BAIGORRIA,Rosario,Asfalto,Natural,II,Dentro,Urbana,Ninguna,No existe,Intersección,Bueno,Buena,Diurna,Buen Tiempo,S/D,S/D,Colisión,Ninguna,Faltante,Ninguna,Sin restricción
2018,1763,2018-05-24,Jueves,0,18:00:00,,0.0,2,"Peatón,Moto/Ciclomotor",Bv. Segui Y Av. Ovidio Lagos,2,1,0,0,1,0,0,"-32.974972222222,-60.669222222222",Avenida,,ROSARIO,Rosario,Asfalto,No existe,II,S/D,Urbana,Ninguna,Funciona,Intersección,Bueno,Buena,Atardecer,Buen Tiempo,Lateral,Peatón,Atropello,Ninguna,Faltante,Cordón divisorio,Sin restricción
2018,1764,2018-05-10,Jueves,0,20:30:00,,0.0,2,"Moto/Ciclomotor,Bicicleta",Pastor Barrios ,2,0,1,0,1,0,0,"-31.29944,-60.67374",Avenida,,LAGUNA PAIVA,La Capital,Asfalto,Natural,I,Dentro,Urbana,Ninguna,No existe,Recta,Bueno,Buena,Nocturna,Buen Tiempo,S/D,Ciclista,Atropello,Ninguna,Faltante,Ninguna,Sin restricción
2018,1765,2018-05-15,Martes,0,19:10:00,,0.0,1,Transporte de Pasajeros Urbano (> 8 asientos),San Martin Y Khantuta,3,1,0,0,2,0,0,"-33.01199, -60.65141",Avenida,,ROSARIO,Rosario,Asfalto,No existe,II,Dentro,Urbana,Ninguna,Funciona,Intersección,Bueno,Buena,Atardecer,Otro,Otro,S/D,Caída ocupante,Ninguna,Vertical,Cordón divisorio,Sin restricción
2018,1766,2018-06-11,Lunes,0,20:00:00,Autopista Nacional A008,0.0,2,"Automóvil,Automóvil",Av. Circunvalacion Bis Y Palliere,2,1,0,0,1,0,0,"-32.887834666671, -60.714912861039",Autopista,A008,ROSARIO,Rosario,Asfalto,No existe,II,Dentro,Urbana,Ninguna,No existe,Recta,Bueno,Buena,Nocturna,Buen Tiempo,Lateral,S/D,Colisión,Ninguna,Faltante,Vegetación,Sin restricción
2018,1767,2018-05-16,Miercoles,0,12:50:00,,0.0,2,"Pickup/Utilitario,Peatón",Rivadavia Y Moreno,2,0,1,0,1,0,0,"-31.30531, -60.66173",Calle,,LAGUNA PAIVA,La Capital,Asfalto,No existe,I,Dentro,Urbana,Ninguna,No existe,Intersección,Bueno,Buena,Diurna,Buen Tiempo,S/D,Peatón,Atropello,Ninguna,Faltante,Ninguna,Sin restricción
2018,1768,2018-05-11,Viernes,0,11:00:00,Autopista Nacional A008,0.0,2,"Bicicleta,Pickup/Utilitario",R.de Pineda Y Av. Circunvalacion,2,1,0,0,1,0,0,"-33.016611111111,-60.645666666667",Autopista,A008,ROSARIO,Rosario,Asfalto,No existe,II,Dentro,Urbana,Ninguna,No existe,Recta,Bueno,Buena,Diurna,Otro,Otro,Ciclista,Atropello,Ninguna,Faltante,Ninguna,Sin restricción
2018,1769,2018-06-15,Viernes,0,17:50:00,,0.0,2,"Automóvil,Automóvil",Irma Peyrano Y Palliere,3,2,0,0,1,0,0,"-32.8875,-60.716333333333",Calle,,ROSARIO,Rosario,Asfalto,No existe,II,Dentro,Urbana,Ninguna,No existe,Curva,Bueno,Buena,Diurna,Buen Tiempo,De alcance,S/D,Colisión,Ninguna,Faltante,Ninguna,Sin restricción
2018,1770,2018-05-03,Jueves,0,19:30:00,,0.0,2,"Moto/Ciclomotor,Automóvil",San Martin Y Cabildo,3,1,0,0,2,0,0,"-33.007388888889,-60.650222222222",Calle,,ROSARIO,Rosario,Asfalto,No existe,II,Dentro,Urbana,Ninguna,No existe,Intersección,Bueno,Buena,Atardecer,Otro,Otro,S/D,Colisión,Ninguna,Horizontal,Línea divisoria pintada,Sin restricción
2018,1771,2018-05-18,Viernes,0,,,0.0,2,"Automóvil,Moto/Ciclomotor",Santiago del Estero Y Av L de la Torre,4,1,0,0,3,0,0,"-31.29606, -60.65641",Avenida,,LAGUNA PAIVA,La Capital,Asfalto,No existe,I,Dentro,Urbana,Ninguna,No existe,Intersección,Bueno,Buena,Diurna,Buen Tiempo,Lateral,S/D,Colisión,Ninguna,Faltante,Ninguna,Sin restricción
2018,1772,2018-06-10,Domingo,0,20:00:00,,0.0,2,"Automóvil,Moto/Ciclomotor",Nicolas Laguna Y Grandoli,4,4,0,0,0,0,0,"-32.886916666667,-60.724138888889",Calle,,ROSARIO,Rosario,Asfalto,No existe,II,S/D,Urbana,Ninguna,No existe,Intersección,Deteriorada,Reducida,Nocturna,Buen Tiempo,Lateral,S/D,Colisión,Otro,Faltante,Ninguna,Sin restricción
2018,1773,2018-06-22,Viernes,0,18:30:00,Autopista Nacional A008,0.0,2,"Moto/Ciclomotor,Automóvil",Av. Circunvalacion Y L.Braile,2,1,0,0,1,0,0,"-32.883337734491, -60.709324966001",Autopista,A008,ROSARIO,Rosario,Asfalto,No existe,II,Dentro,Urbana,Ninguna,No existe,Recta,Bueno,Buena,Atardecer,Buen Tiempo,De alcance,S/D,Colisión,Ninguna,Faltante,Ninguna,Sin restricción
2018,1774,2018-05-22,Martes,0,07:15:00,,0.0,2,"Moto/Ciclomotor,Otros",Av. Battle y Ordo?ez Y Camino rural,2,1,0,0,1,0,0,"-33.01011, -60.68996",Calle,,ROSARIO,Rosario,Asfalto,No existe,II,Dentro,Urbana,Ninguna,No existe,Recta,Bueno,Buena,Amanecer,Buen Tiempo,Lateral,S/D,Colisión,Ninguna,Faltante,Ninguna,Sin restricción
2018,1775,2018-06-15,Viernes,0,17:05:00,,0.0,2,"Automóvil,Moto/Ciclomotor",Av. Jorge Newbery Y Garcia del Cossio Bis,3,1,0,0,2,0,0,"-32.908805555556,-60.747111111111",Avenida,,ROSARIO,Rosario,Asfalto,No existe,II,Dentro,Urbana,Ninguna,S/D,Intersección,Deteriorada,Buena,Diurna,Buen Tiempo,Lateral,S/D,Colisión,Ninguna,Faltante,Ninguna,Sin restricción
2018,1776,2018-05-19,Sabado,0,21:30:00,,0.0,2,"Pickup/Utilitario,Moto/Ciclomotor",Av Candioti Y Santa Fe,2,0,1,0,1,0,0,"-31.18222, -60.39437",Avenida,,LAGUNA PAIVA,La Capital,Asfalto,No existe,I,Dentro,Urbana,Ninguna,No existe,Intersección,Bueno,Buena,Nocturna,Buen Tiempo,Lateral,S/D,Colisión,Ninguna,Faltante,Ninguna,Sin restricción
2018,1777,2018-06-28,Jueves,0,16:00:00,,0.0,2,"Automóvil,Moto/Ciclomotor",Superi Y Union,2,1,0,0,1,0,0,"-32.896388888889,-60.702333333333",Calle,,ROSARIO,Rosario,Asfalto,No existe,II,Dentro,Urbana,Ninguna,No existe,Intersección,Bueno,Buena,Diurna,Buen Tiempo,Lateral,S/D,Colisión,Ninguna,Faltante,Cordón divisorio,Sin restricción
2018,1778,2018-06-18,Lunes,0,16:00:00,,0.0,2,"Moto/Ciclomotor,Automóvil",Luzurriaga Y Vieytes,2,1,0,0,1,0,0,"-32.888166666667,-60.732277777778",Calle,,ROSARIO,Rosario,Asfalto,No existe,II,S/D,Urbana,Ninguna,No existe,Intersección,Deteriorada,Buena,Diurna,Buen Tiempo,S/D,S/D,Colisión,S/D,Faltante,Ninguna,Sin restricción
2018,1779,2018-06-25,Lunes,0,13:50:00,,0.0,2,"Moto/Ciclomotor,Automóvil",Gallo Y Molina,3,2,0,0,1,0,0,"-32.892861111111,-60.704777777778",Calle,,ROSARIO,Rosario,Asfalto,No existe,II,Dentro,Urbana,Ninguna,No existe,Intersección,Bueno,Buena,Diurna,Buen Tiempo,Lateral,S/D,Colisión,Ninguna,Faltante,"Barrera de hormigón,Cordón divisorio",Sin restricción
2018,1780,2018-05-28,Lunes,0,20:00:00,,0.0,2,"Automóvil,Moto/Ciclomotor",Colon Y Sarmiento,2,0,1,0,1,0,0,"-31.303857, -60.666558",Calle,,LAGUNA PAIVA,La Capital,Ripio,No existe,I,Dentro,Urbana,Ninguna,No existe,Intersección,Bueno,Buena,Nocturna,Buen Tiempo,Lateral,S/D,Colisión,Ninguna,Faltante,Ninguna,Sin restricción
2018,1781,2018-06-23,Sabado,0,14:45:00,,0.0,2,"Moto/Ciclomotor,Peatón",Polledo 3345,2,1,0,0,1,0,0,"-32.886833333333,-60.720527777778",Calle,,ROSARIO,Rosario,Asfalto,No existe,II,S/D,Urbana,Ninguna,No existe,Intersección,Deteriorada,Buena,Diurna,Buen Tiempo,S/D,Peatón,Atropello,Otro,Faltante,Ninguna,Sin restricción
2018,1782,2018-06-16,Sabado,0,20:40:00,,0.0,2,"Moto/Ciclomotor,Automóvil",Av. Casiano Casas Y Superi,2,0,1,0,1,0,0,"-32.896877525598, -60.714517722654",Calle,,ROSARIO,Rosario,Asfalto,No existe,II,Dentro,Urbana,Ninguna,No existe,Intersección,Bueno,Buena,Nocturna,Buen Tiempo,Lateral,S/D,Colisión,Ninguna,Faltante,Cordón divisorio,Sin restricción
2018,1783,2018-05-08,Martes,0,11:55:00,,0.0,3,"Moto/Ciclomotor,Automóvil,Automóvil",Av. Ntra.Sra.del Rosario Y Salva,4,2,0,0,2,0,0,"-32.999611111111,-60.640361111111",Avenida,,ROSARIO,Rosario,Asfalto,No existe,II,S/D,Urbana,Ninguna,Funciona,Intersección,Resbaladiza,Buena,Diurna,Lluvia,Lateral,S/D,Colisión,Ninguna,Vertical,Ninguna,Sin restricción
2018,1784,2018-05-04,Viernes,0,09:45:00,,0.0,2,"Moto/Ciclomotor,Pickup/Utilitario",Av. Arijon Y Av. Corrientes,2,1,0,0,1,0,0,"-33.003138888889,-60.65325",Avenida,,ROSARIO,Rosario,Asfalto,No existe,II,S/D,Urbana,Ninguna,No existe,Intersección,Bueno,Buena,Diurna,Lluvia,S/D,S/D,Colisión,Ninguna,Faltante,Ninguna,Sin restricción
2018,1785,2018-05-04,Viernes,0,08:30:00,,0.0,2,"Vehículo Oficial,Automóvil",Garibaldi Y Paraguay,3,1,0,0,2,0,0,"-32.984972222222,-60.653694444444",Calle,,ROSARIO,Rosario,Asfalto,No existe,II,S/D,Urbana,Ninguna,No existe,Intersección,Bueno,Buena,Diurna,Lluvia,De alcance,S/D,Colisión,S/D,Faltante,Barrera de hormigón,Sin restricción
2018,1786,2018-05-04,Viernes,0,19:10:00,,0.0,2,"Moto/Ciclomotor,Pickup/Utilitario",Av. Uriburu 1100,2,1,0,0,1,0,0,"-32.99075,-60.649444444444",Avenida,,ROSARIO,Rosario,Asfalto,No existe,II,S/D,Urbana,Ninguna,No existe,Intersección,Bueno,Buena,Atardecer,Lluvia,Lateral,S/D,Colisión,Ninguna,Faltante,Ninguna,Sin restricción
2018,1787,2018-05-11,Viernes,0,17:35:00,,0.0,1,Moto/Ciclomotor,camino las mandarinas ,4,2,0,0,2,0,0,"-31.5546, -60.67649",Camino Rural,,ÁNGEL GALLARDO,La Capital,Tierra,No existe,I,Dentro,Rural,Ninguna,No existe,Recta,Deteriorada,Buena,Diurna,Buen Tiempo,S/D,S/D,Caída ocupante,S/D,S/D,Ninguna,Sin restricción
2018,1788,2018-05-03,Jueves,0,11:00:00,,0.0,2,"Automóvil,Moto/Ciclomotor",San Martin Y Cabildo,3,2,0,0,1,0,0,"-33.007388888889,-60.650222222222",Calle,,ROSARIO,Rosario,Asfalto,No existe,II,S/D,Urbana,Ninguna,No existe,Intersección,Resbaladiza,Buena,Diurna,Lluvia,Lateral,S/D,Colisión,Ninguna,Faltante,Ninguna,Sin restricción
2018,1789,2018-06-10,Domingo,0,12:55:00,Ruta Nacional 33,0.0,1,Moto/Ciclomotor,Ruta Nac 33 Y D F Sarmiento,2,2,0,0,0,0,0,"-32.999879551855, -60.774730990380",Ruta,33,PÉREZ,Rosario,Asfalto,S/D,II,S/D,Urbana,S/D,S/D,Intersección,Otro,S/D,S/D,Otro,S/D,S/D,Despiste,Ninguna,S/D,Ninguna,Sin restricción
2018,1790,2018-05-02,Miercoles,0,15:50:00,,0.0,2,"Automóvil,Moto/Ciclomotor",Balcarce Y Pje. Labroca,2,1,0,0,1,0,0,"-32.971444444444,-60.658833333333",Calle,,ROSARIO,Rosario,Asfalto,No existe,II,S/D,Urbana,Ninguna,No existe,Intersección,Resbaladiza,Buena,Diurna,Lluvia,Lateral,S/D,Colisión,Ninguna,Horizontal,Ninguna,Sin restricción
2018,1791,2018-06-23,Sabado,0,16:30:00,Autopista Nacional Gral. Juan Jose Valle,262.0,2,"Automóvil,Automóvil", ,5,2,1,0,2,0,0,"-33.1741, -60.5225",Autopista,Gral. Juan José Valle,ARROYO SECO,Rosario,Asfalto,Natural,II,Fuera,Rural,Ninguna,No existe,Recta,Bueno,Buena,Diurna,Buen Tiempo,"De alcance,Frontal",S/D,Colisión,Ninguna,"Horizontal,Vertical",Ninguna,Sin restricción
2018,1792,2018-05-02,Miercoles,0,12:20:00,,0.0,2,"Moto/Ciclomotor,Automóvil",San Martin Y Centenario,3,1,0,0,2,0,0,"-33.00425,-60.649555555556",Calle,,ROSARIO,Rosario,Asfalto,No existe,II,S/D,Urbana,Ninguna,No existe,S/D,Bueno,Buena,Diurna,Lluvia,De alcance,S/D,Colisión,Agua,Faltante,Ninguna,Sin restricción
2018,1793,2018-06-04,Lunes,0,22:00:00,Ruta Nacional 33,0.0,2,"Moto/Ciclomotor,Automóvil",Ruta Nac 33 ,2,1,0,0,1,0,0,"-32.987204387721, -60.749070709849",Ruta,33,PÉREZ,Rosario,S/D,Ripio,II,Dentro,Urbana,Ninguna,No existe,Recta,Otro,Reducida,Con luz artificial,Otro,Lateral,S/D,Colisión,Ninguna,S/D,Ninguna,Sin restricción
2018,1794,2018-05-11,Viernes,0,19:30:00,,0.0,2,"Bicicleta,Pickup/Utilitario",Roca Y Maria S P de Acebal,2,1,0,0,1,0,0,"-33.24211, -60.83727",Calle,,ACEBAL,Rosario,Hormigón,No existe,II,S/D,Urbana,Ninguna,No existe,Intersección,Bueno,Buena,Atardecer,Buen Tiempo,S/D,Ciclista,Atropello,Ninguna,Faltante,Ninguna,Sin restricción
2018,1795,2018-05-18,Viernes,0,19:10:00,Ruta Provincial 2,14.0,2,"Moto/Ciclomotor,Bicicleta",Ruta pcial 2 Av San Martin ,2,1,0,0,1,0,0,"-31.45013, -60.671",Ruta,2,MONTE VERA,La Capital,Hormigón,Ripio,I,Dentro,Urbana,Ninguna,No existe,Intersección,Bueno,Buena,"Amanecer,Con luz artificial",Buen Tiempo,S/D,Ciclista,Atropello,Ninguna,S/D,Línea divisoria pintada,Sin restricción
2018,1796,2018-06-28,Jueves,0,20:50:00,,0.0,2,"Pickup/Utilitario,Moto/Ciclomotor",Hipolito Irigoyen Y Mariano Moreno,3,1,0,0,2,0,0,"-33.15722, -60.51393",Calle,,ARROYO SECO,Rosario,"Asfalto,Hormigón",No existe,II,Dentro,Urbana,Ninguna,No existe,Intersección,"Bueno,Ahuellamiento",Buena,"Nocturna,Con luz artificial",Buen Tiempo,Lateral,S/D,Colisión,Ninguna,Faltante,Ninguna,Sin restricción
2018,1797,2018-05-26,Sabado,0,18:00:00,,0.0,2,"Moto/Ciclomotor,Automóvil",Tucuman Y Bv N ÁLVAREZ,2,1,0,0,1,0,0,"-33.12856, -60.80502",Avenida,,ÁLVAREZ,Rosario,Asfalto,Pavimento,II,Dentro,Urbana,Ninguna,No existe,Intersección,Bueno,Buena,Diurna,Buen Tiempo,Lateral,S/D,Colisión,Ninguna,Faltante,Cordón divisorio,Sin restricción
2018,1798,2018-06-26,Martes,0,,,0.0,2,"Automóvil,Automóvil",Av San Martin Y Av 9 de Julio,3,2,0,0,1,0,0,"-32.998104885158, -60.769712990428",Avenida,,PÉREZ,Rosario,S/D,S/D,II,S/D,Urbana,Ninguna,S/D,Recta,Otro,S/D,Con luz artificial,Otro,S/D,S/D,Colisión,Otro,S/D,Ninguna,S/D
2018,1799,2018-05-20,Domingo,0,13:10:00,,0.0,2,"Moto/Ciclomotor,Moto/Ciclomotor",Angel Gallardo Y Rio Negro,3,3,0,0,0,0,0,"-31.521022, -60.678717",Calle,,MONTE VERA,La Capital,Ripio,No existe,I,Dentro,Urbana,S/D,No existe,Intersección,Bueno,Buena,Diurna,Buen Tiempo,Lateral,S/D,Colisión,Ninguna,S/D,Ninguna,Sin restricción
2018,1800,2018-05-01,Martes,0,03:00:00,,0.0,2,"Moto/Ciclomotor,Automóvil",Cerrito Y Necochea,5,2,0,0,3,0,0,"-33.13054, -60.8074",Calle,,ÁLVAREZ,Rosario,Asfalto,S/D,II,Dentro,Urbana,Ninguna,S/D,Intersección,S/D,S/D,S/D,Buen Tiempo,S/D,S/D,Colisión,S/D,S/D,Ninguna,Sin restricción