anio_acci,nro_acci,fecha,desc_dia,fecha_aprox,hora_aprox,desc_ruta,km,cant_participantes,desc_participante,calle_avenida_km,total,heridos_leves,heridos_graves,heridos_gravisimos,ilesos,fallecidos,sin_datos,posicion_XY,desc_tipo_via,desc_ruta_ori,desc_loc,desc_dpto,desc_tipo_calzada,desc_tipo_banquina,desc_unidad_regional,desc_lugar_calzada,desc_zona,desc_prioridad,desc_estado_semaforo,desc_lugar_via,desc_estado_via,desc_estado_visibilidad,desc_luminosidad,desc_estado_clima,desc_tipo_colision,desc_tipo_atropello,desc_tipo_hecho,desc_pres_calzada,desc_senializacion,desc_separacion_via,desc_restriccion
2018,1802,2018-06-09,Sabado,0,21:00:00,Autopista Nacional Gral. Juan Jose Valle,259.0,1,Automóvil, ,3,3,0,0,0,0,0,"-33.19259, -60.47025",Autopista,Gral. Juan José Valle,FIGHIERA,Rosario,"Asfalto,Hormigón",Natural,II,S/D,Urbana,S/D,No existe,Recta,Bueno,S/D,Nocturna,S/D,S/D,S/D,"Vuelco,Despiste",S/D,S/D,S/D,Sin restricción
2018,1803,2018-05-14,Lunes,0,21:45:00,Ruta Secundaria 20-s,0.0,3,"Bicicleta,Bicicleta,Automóvil",Ruta Provincial 20 s Y Avenida Belgrano,4,3,0,0,1,0,0,"-33.1114, -60.79354",Ruta,20-s,PIÑERO,Rosario,Asfalto,Ripio,II,Dentro,Urbana,Otra Señal,No existe,Recta,Bueno,Reducida,Nocturna,Buen Tiempo,S/D,Ciclista,Atropello,Ninguna,Horizontal,Cordón divisorio,Sin restricción
2018,1804,2018-06-01,Viernes,0,17:50:00,,0.0,2,"Automóvil,Moto/Ciclomotor",Av 9 de Julio Y 25 de Mayo,2,1,0,0,1,0,0,"-32.995229557094, -60.771794384623",Calle,,PÉREZ,Rosario,S/D,No existe,II,Dentro,Urbana,Ninguna,No existe,Intersección,Otro,Buena,Atardecer,Otro,Lateral,S/D,Colisión,Ninguna,S/D,Ninguna,Sin restricción
2018,1805,2018-05-14,Lunes,0,11:20:00,Ruta Provincial 14,34.0,2,"Pickup/Utilitario,Peatón", ,4,1,0,0,3,0,0,"-33.14868, -60.86062",Ruta,14,PUEBLO MUÑOZ,Rosario,Asfalto,S/D,II,Dentro,Urbana,Señal Pare,No existe,Recta,Bueno,Buena,Diurna,Buen Tiempo,S/D,Peatón,Atropello,S/D,S/D,Línea divisoria pintada,Obra en Construcción
2018,1806,2018-06-14,Jueves,0,13:15:00,,0.0,2,"Moto/Ciclomotor,Moto/Ciclomotor",Pellegrini Y Sarmiento,2,1,0,0,1,0,0,"-33.24522, -60.83942",Calle,,ACEBAL,Rosario,Hormigón,No existe,II,Dentro,Urbana,Ninguna,No existe,Intersección,Bueno,Buena,Diurna,Buen Tiempo,De alcance,S/D,Colisión,Ninguna,Faltante,Ninguna,Sin restricción
2018,1807,2018-06-25,Lunes,0,14:00:00,,0.0,2,"Vehículo Oficial,Moto/Ciclomotor",Av Cordoba Y 1 de Mayo,4,0,1,0,3,0,0,"-33.003396078350, -60.784570054561",Calle,,PÉREZ,Rosario,S/D,S/D,II,Dentro,Urbana,Ninguna,S/D,Intersección,Otro,S/D,S/D,Otro,S/D,S/D,Colisión,Ninguna,S/D,Ninguna,Sin restricción
2018,1808,2018-05-30,Miercoles,0,22:35:00,,0.0,2,"Moto/Ciclomotor,Pickup/Utilitario",J.J.Paso Y Venezuela,3,2,0,0,1,0,0,"-32.920583333333,-60.725388888889",Calle,,ROSARIO,Rosario,Asfalto,S/D,II,Dentro,Urbana,Ninguna,S/D,Curva,Bueno,Buena,Nocturna,Otro,Lateral,S/D,Colisión,Otro,S/D,Ninguna,Sin restricción
2018,1809,2018-06-23,Sabado,0,01:20:00,,0.0,1,Moto/Ciclomotor,Bv Simon Iriondo Y O'Higgins,3,2,0,0,1,0,0,"-33.23641, -60.83045",Calle,,ACEBAL,Rosario,Hormigón,No existe,II,Dentro,Urbana,Ninguna,No existe,Intersección,Bueno,Buena,Nocturna,Buen Tiempo,Contra objeto fijo,S/D,Colisión,Ninguna,Faltante,Ninguna,Sin restricción
2018,1810,2018-05-20,Domingo,0,21:10:00,Ruta Provincial 2,3.8,2,"Moto/Ciclomotor,Pickup/Utilitario", ,3,2,0,0,1,0,0,"-31.5396, -60.68845",Ruta,2,MONTE VERA,La Capital,Hormigón,Pavimento,I,Dentro,Rural,Ninguna,No existe,Cruce,Bueno,Buena,"Nocturna,Con luz artificial",Buen Tiempo,Lateral,S/D,Colisión,Ninguna,S/D,Línea divisoria pintada,Sin restricción
2018,1811,2018-05-11,Viernes,0,20:45:00,,0.0,2,"Automóvil,Automóvil",1 de Mayo Y Juan B Justo Bis,2,2,0,0,0,0,0,"-33.15152, -60.51511",Calle,,ARROYO SECO,Rosario,Asfalto,S/D,II,Dentro,Urbana,Ninguna,S/D,Intersección,Deteriorada,S/D,S/D,Buen Tiempo,Lateral,S/D,Colisión,Ninguna,"Horizontal,Vertical",Ninguna,Sin restricción
2018,1812,2018-05-19,Sabado,0,17:00:00,,0.0,2,"Moto/Ciclomotor,Automóvil",GÁLVEZ Y Sabatino Gaboto,2,1,0,0,1,0,0,"-33.15764, -60.50229",Calle,,ARROYO SECO,Rosario,Asfalto,No existe,II,Dentro,Urbana,Ninguna,No existe,Intersección,"Con baches,Deteriorada",Buena,Diurna,Buen Tiempo,Lateral,S/D,Colisión,Ninguna,Faltante,Ninguna,Sin restricción
2018,1814,2018-06-27,Miercoles,0,16:40:00,,0.0,2,"Moto/Ciclomotor,Pickup/Utilitario",Arenales Y Tucuman,3,1,0,0,2,0,0,"-33.13188, -60.80666",Calle,,ÁLVAREZ,Rosario,Ripio,S/D,II,S/D,Urbana,Ninguna,No existe,Otro,Bueno,Buena,Diurna,Buen Tiempo,Frontal,S/D,Colisión,Ninguna,Faltante,Ninguna,Sin restricción
2018,1815,2018-05-23,Miercoles,0,13:00:00,Autopista Nacional Gral. Juan Jose Valle,265.0,3,"Camión c / Acoplado,Pickup/Utilitario,Camión c / Acoplado", ,3,2,0,0,1,0,0,"-33.1707, -60.52721",Autopista,Gral. Juan José Valle,ARROYO SECO,Rosario,Asfalto,Natural,II,S/D,S/D,Señal Pare,No existe,Recta,Deteriorada,Reducida p/ objetos,Diurna,Buen Tiempo,De alcance,S/D,Colisión,Ninguna,"Horizontal,Vertical",Ninguna,"Obra en Construcción,Reparación de Vía"
2018,1816,2018-06-21,Jueves,0,14:50:00,Ruta Nacional 33,0.0,2,"Automóvil,Automóvil",Ruta Nac 33 Y 25 de Mayo,2,1,0,0,1,0,0,"-33.019034641642, -60.875554623880",Ruta,33,ZAVALLA,Rosario,Asfalto,Ripio,II,Dentro,Urbana,Ninguna,No existe,Intersección,Bueno,Buena,Diurna,Buen Tiempo,Lateral,S/D,Colisión,Ninguna,Vertical,Línea divisoria pintada,Sin restricción
2018,1817,2018-05-03,Jueves,0,21:35:00,,0.0,2,"Automóvil,Automóvil",Biedma Y Castellanos,2,1,0,0,1,0,0,"-32.974777777778,-60.683861111111",Calle,,ROSARIO,Rosario,Asfalto,No existe,II,S/D,Urbana,Ninguna,No existe,Intersección,Bueno,Buena,Nocturna,Buen Tiempo,Frontal,S/D,Colisión,Ninguna,Faltante,Cordón divisorio,Sin restricción
2018,1818,2018-06-13,Miercoles,0,,,0.0,2,"Bicicleta,Moto/Ciclomotor",Av Los Talas Y Guillermo Hudson,2,2,0,0,0,0,0,"-32.969789284129, -60.738761964121",Calle,,PÉREZ,Rosario,Asfalto,No existe,II,S/D,Urbana,Ninguna,No existe,Intersección,Deteriorada,Buena,Amanecer,Buen Tiempo,Lateral,Ciclista,Atropello,Ninguna,Faltante,Ninguna,Sin restricción
2018,1819,2018-06-18,Lunes,0,11:50:00,,0.0,2,"Pickup/Utilitario,Moto/Ciclomotor",Tucuman Y Bv N ÁLVAREZ,2,1,0,0,1,0,0,"-33.12854, -60.80504",Avenida,,ÁLVAREZ,Rosario,Asfalto,Pavimento,II,Dentro,Urbana,Marca Vial,No existe,Intersección,Bueno,Buena,Diurna,Buen Tiempo,Lateral,S/D,Colisión,Ninguna,Horizontal,Cordón divisorio,Sin restricción
2018,1820,2018-05-23,Miercoles,0,12:10:00,Ruta Provincial 2,5.8,2,"Automóvil,Moto/Ciclomotor",Ruta pcial 2 Av San Martin Y Santa Cruz,3,1,0,0,2,0,0,"-31.52246, -60.68289",Ruta,2,MONTE VERA,La Capital,Hormigón,Natural,I,Dentro,Urbana,Ninguna,No existe,Intersección,Bueno,Buena,Diurna,Buen Tiempo,De alcance,S/D,Colisión,Ninguna,S/D,Línea divisoria pintada,Sin restricción
2018,1821,2018-05-04,Viernes,0,19:00:00,,0.0,2,"Moto/Ciclomotor,Automóvil",Av. Ovidio Lagos Y Av. Ing.Acevedo,3,2,0,0,1,0,0,"-32.983972222222,-60.671694444444",Avenida,,ROSARIO,Rosario,Asfalto,No existe,II,Dentro,Urbana,Semáforo,Funciona,Intersección,Bueno,Buena,Atardecer,Lluvia,Lateral,S/D,Colisión,Ninguna,Faltante,Cordón divisorio,Sin restricción
2018,1822,2018-05-29,Martes,0,22:00:00,Ruta Provincial 2,1.5,2,"Moto/Ciclomotor,Automóvil",LOS QUINTEROS Y RUTA 2,4,2,0,0,2,0,0,"-31.55317, -60.69239",Ruta,2,ÁNGEL GALLARDO,La Capital,Hormigón,Natural,I,Dentro,Rural,Señal Ceda el Paso,No existe,Curva,Bueno,Buena,"Nocturna,Con luz artificial",Buen Tiempo,Frontal,S/D,Colisión,Ninguna,S/D,Ninguna,Sin restricción
2018,1823,2018-06-04,Lunes,0,19:10:00,,0.0,2,"Moto/Ciclomotor,Moto/Ciclomotor",San Martin Y 25 de Mayo,2,1,0,0,1,0,0,"-33.10992, -60.79448",Calle,,PIÑERO,Rosario,Asfalto,No existe,II,Dentro,Urbana,S/D,No existe,Recta,Bueno,Buena,Atardecer,S/D,Lateral,S/D,Colisión,Ninguna,S/D,Ninguna,Sin restricción
2018,1824,2018-05-03,Jueves,0,16:30:00,,0.0,2,"Moto/Ciclomotor,Pickup/Utilitario",Bv. Avellaneda Y Bv. Segui,2,1,0,0,1,0,0,"-32.971694444444,-60.687305555556",Avenida,,ROSARIO,Rosario,Asfalto,No existe,II,Dentro,Urbana,Semáforo,Funciona,Intersección,Bueno,Buena,Atardecer,Buen Tiempo,De alcance,S/D,Colisión,Ninguna,Faltante,Cordón divisorio,Sin restricción
2018,1825,2018-05-05,Sabado,0,23:00:00,,0.0,2,"Peatón,Moto/Ciclomotor",Dean Funes Y Bv. Avellaneda,2,1,0,0,1,0,0,"-32.968277777778,-60.6865",Avenida,,ROSARIO,Rosario,Asfalto,No existe,II,S/D,Urbana,Ninguna,No existe,Recta,Bueno,Buena,Nocturna,Buen Tiempo,S/D,Peatón,Atropello,Ninguna,Faltante,Vegetación,Sin restricción
2018,1826,2018-06-11,Lunes,0,,Ruta Provincial 14,6.0,2,"Pickup/Utilitario,Bicicleta", ,2,0,1,0,1,0,0,"-33.05012, -60.76395",Ruta,14,SOLDINI,Rosario,Asfalto,Natural,II,Dentro,Urbana,S/D,No existe,Recta,Bueno,Buena,Nocturna,Buen Tiempo,Lateral,Ciclista,Atropello,Ninguna,Faltante,Ninguna,Sin restricción
2018,1827,2018-05-23,Miercoles,0,18:30:00,,0.0,2,"Automóvil,Moto/Ciclomotor",Montevideo Y Valparaiso,6,2,0,0,4,0,0,"-32.948305555556,-60.684333333333",Calle,,ROSARIO,Rosario,Asfalto,No existe,II,Dentro,Urbana,Ninguna,No existe,Intersección,Bueno,Buena,Atardecer,Buen Tiempo,De alcance,S/D,Colisión,Ninguna,Faltante,Ninguna,Sin restricción
2018,1828,2018-06-18,Lunes,0,12:35:00,,0.0,1,Moto/Ciclomotor,Bv. 27 De Febrero Y Guatemala,1,1,0,0,0,0,0,"-32.959388888889,-60.716527777778",Calle,,ROSARIO,Rosario,Asfalto,Pavimento,II,Dentro,Urbana,S/D,No existe,Recta,Bueno,S/D,S/D,S/D,S/D,S/D,Otro,Ninguna,S/D,S/D,S/D
2018,1829,2018-06-18,Lunes,0,03:30:00,Ruta Nacional A012,10.0,1,Automóvil, ,1,1,0,0,0,0,0,"-33.09185, -60.79092",Ruta,A012,PIÑERO,Rosario,Asfalto,Ripio,II,Dentro,Urbana,S/D,S/D,Recta,Deteriorada,Buena,Nocturna,S/D,Frontal,S/D,Colisión,Ninguna,Horizontal,Cordón divisorio,Sin restricción
2018,1830,2018-05-26,Sabado,0,09:50:00,,0.0,2,"Automóvil,Moto/Ciclomotor",3 De Febrero Y Ricchieri,2,0,1,0,1,0,0,"-32.948361111111,-60.664444444444",Calle,,ROSARIO,Rosario,Asfalto,No existe,II,Dentro,Urbana,Ninguna,No existe,Intersección,Bueno,Buena,Diurna,Buen Tiempo,De alcance,S/D,Colisión,Ninguna,Faltante,Ninguna,Sin restricción
2018,1831,2018-06-27,Miercoles,0,16:25:00,,0.0,2,"Pickup/Utilitario,Moto/Ciclomotor",Av. De Las Palmeras 4200,4,1,0,0,3,0,0,"-32.95822, -60.66001",Avenida,,ROSARIO,Rosario,Asfalto,No existe,II,S/D,Urbana,Ninguna,No existe,Intersección,Bueno,Buena,Diurna,Buen Tiempo,Lateral,S/D,Colisión,Ninguna,Faltante,Ninguna,Sin restricción
2018,1832,2018-06-26,Martes,0,09:10:00,Ruta Provincial 18,6.5,2,"Camión c / Acoplado,Camión c / Acoplado",Ruta Nacional A012 ,2,1,0,0,1,0,0,"-33.09169, -60.69959",Ruta,18,PIÑERO,Rosario,Asfalto,Ripio,II,Dentro,Rural,Señal Pare,Intermitente,Intersección,Bueno,Buena,S/D,Buen Tiempo,De alcance,S/D,Colisión,Ninguna,"Horizontal,Vertical",S/D,Sin restricción
2018,1834,2018-06-16,Sabado,0,14:00:00,,0.0,2,"Automóvil,Moto/Ciclomotor",M Gonzalez Y J Vanzo,3,2,0,0,1,0,0,"-32.964282924591, -60.731017797097",Calle,,ROSARIO,Rosario,Asfalto,No existe,II,Dentro,Urbana,Ninguna,No existe,Intersección,Con baches,Buena,Diurna,Buen Tiempo,Frontal,S/D,Colisión,Ninguna,Faltante,Ninguna,Sin restricción
2018,1835,2018-05-08,Martes,0,10:30:00,,0.0,2,"Moto/Ciclomotor,Pickup/Utilitario",Carcamo Y Velez Sarfield,2,1,0,0,1,0,0,"-33.11282, -61.70512",Calle,,SAN JOSÉDE LA ESQUINA,Caseros,Asfalto,No existe,IV,Dentro,Urbana,Ninguna,No existe,Intersección,Bueno,Buena,Diurna,Buen Tiempo,Lateral,S/D,Colisión,Ninguna,"Horizontal,Vertical",Ninguna,Sin restricción
2018,1836,2018-06-02,Sabado,0,20:00:00,,5.0,2,"Pickup/Utilitario,Moto/Ciclomotor", ,2,2,0,0,0,0,0,"-33.239379485562, -60.813119130532",Calle,,CARMEN DEL SAUCE,Rosario,Tierra,Natural,II,Dentro,Rural,Ninguna,No existe,Intersección,Bueno,Buena,Nocturna,Buen Tiempo,S/D,S/D,Colisión,Ninguna,Faltante,Ninguna,Sin restricción
2018,1837,2018-06-08,Viernes,0,,,0.0,2,"Automóvil,Moto/Ciclomotor",Av. Francia Y Viamonte,2,1,0,0,1,0,0,"-32.960388888889,-60.670416666667",Avenida,,ROSARIO,Rosario,Asfalto,No existe,II,Dentro,Urbana,Ninguna,No existe,Intersección,Bueno,Buena,Diurna,Buen Tiempo,Lateral,S/D,Colisión,Ninguna,Faltante,Cordón divisorio,Sin restricción
2018,1838,2018-05-30,Miercoles,0,15:35:00,,0.0,1,Moto/Ciclomotor,Avenida Carlos Pellegrini 1800,1,1,0,0,0,0,0,"-33.11529,-61.71355",Avenida,,SAN JOSÉDE LA ESQUINA,Caseros,Asfalto,No existe,IV,S/D,Urbana,Ninguna,No existe,Recta,Bueno,Buena,Diurna,Buen Tiempo,Contra objeto fijo,S/D,Colisión,Ninguna,"Horizontal,Vertical",Ninguna,Sin restricción
2018,1839,2018-04-11,Miercoles,0,12:30:00,,0.0,2,"Moto/Ciclomotor,Pickup/Utilitario",General Lopez Y Luis Borghi,2,1,0,0,1,0,0,"-32.755694444444,-60.735416666667",Calle,,SAN LORENZO,San Lorenzo,Asfalto,No existe,XVII,Dentro,Urbana,Semáforo,Funciona,Intersección,Otro,S/D,Diurna,Otro,S/D,S/D,Colisión,Ninguna,Vertical,Ninguna,S/D
2018,1840,2018-04-14,Sabado,0,13:00:00,,0.0,2,"Moto/Ciclomotor,Moto/Ciclomotor",Urquiza 1910,5,1,0,0,0,0,4,"-32.7475,-60.749583333333",Calle,,SAN LORENZO,San Lorenzo,Hormigón,No existe,XVII,Dentro,Urbana,S/D,No existe,Recta,Otro,S/D,Diurna,S/D,S/D,S/D,Colisión,Ninguna,Faltante,Ninguna,S/D
2018,1841,2018-04-14,Sabado,0,18:00:00,,0.0,2,"Moto/Ciclomotor,Automóvil",Jose Ingenieros 800,3,2,0,0,0,0,1,"-32.74025,-60.736138888889",Calle,,SAN LORENZO,San Lorenzo,Asfalto,No existe,XVII,Dentro,Urbana,S/D,No existe,Otro,S/D,S/D,Diurna,S/D,S/D,S/D,Colisión,S/D,Faltante,Ninguna,S/D
2018,1842,2018-04-15,Domingo,0,17:35:00,,0.0,2,"Pickup/Utilitario,Moto/Ciclomotor",Thompson Y Santiago del Estero,2,1,0,0,1,0,0,"-32.741111111111,-60.744638888889",Calle,,SAN LORENZO,San Lorenzo,Asfalto,No existe,XVII,Dentro,Urbana,S/D,No existe,Intersección,S/D,S/D,Diurna,S/D,S/D,S/D,Colisión,S/D,Faltante,Ninguna,S/D
2018,1843,2018-04-28,Sabado,0,16:55:00,,0.0,2,"Automóvil,Moto/Ciclomotor",Av Blas Parera Y Ayacucho,2,1,0,0,1,0,0,"-31.590833333333,-60.724361111111",Calle,,SANTA FE,La Capital,Asfalto,No existe,I,S/D,Urbana,Ninguna,Funciona,Intersección,Bueno,Buena,Diurna,Buen Tiempo,Otro,S/D,Colisión,Ninguna,Vertical,Ninguna,Sin restricción
2018,1844,2018-04-15,Domingo,0,05:55:00,Ruta Nacional 11,0.0,2,"Automóvil,Automóvil",Av San Martin Y L N Alem,2,0,0,0,0,0,2,"-32.739277777778,-60.733916666667",Ruta,11,SAN LORENZO,San Lorenzo,Asfalto,Pavimento,XVII,Dentro,Urbana,S/D,No existe,Intersección,S/D,S/D,Nocturna,S/D,S/D,S/D,Colisión,S/D,Faltante,Cordón divisorio,S/D
2018,1845,2018-04-19,Jueves,0,10:25:00,,0.0,2,"Moto/Ciclomotor,Pickup/Utilitario",Pje Santa Fe Y Boneo,2,1,0,0,1,0,0,"-31.59875,-60.723444444444",Calle,,SANTA FE,La Capital,Asfalto,No existe,I,S/D,Urbana,Ninguna,No existe,Recta,Bueno,Buena,Diurna,Buen Tiempo,Otro,S/D,Colisión,Ninguna,Faltante,Ninguna,Sin restricción
2018,1846,2018-04-16,Lunes,0,14:30:00,,0.0,3,"Automóvil,Pickup/Utilitario,Automóvil",Gorriti 4600,4,3,0,0,1,0,0,"-31.584833333333,-60.716694444444",Avenida,,SANTA FE,La Capital,Asfalto,No existe,I,S/D,Urbana,Semáforo,Funciona,Recta,Bueno,Buena,Diurna,Buen Tiempo,Múltiple,S/D,Colisión,Ninguna,Vertical,Cordón divisorio,Sin restricción
2018,1847,2018-04-16,Lunes,0,08:15:00,Ruta Nacional 11,0.0,2,"Moto/Ciclomotor,Taxi/Remis",Bv Oro?o Y Brown,2,1,0,0,1,0,0,"-32.733830408646, -60.742493422170",Ruta,11,SAN LORENZO,San Lorenzo,Asfalto,Pavimento,XVII,Dentro,Urbana,S/D,No existe,Intersección,S/D,S/D,Diurna,S/D,S/D,S/D,Colisión,S/D,Faltante,Ninguna,S/D
2018,1848,2018-04-13,Viernes,0,23:45:00,,0.0,2,"Moto/Ciclomotor,Pickup/Utilitario",Azopardo 7200,2,1,0,0,1,0,0,"-31.595888888889,-60.720694444444",Calle,,SANTA FE,La Capital,Asfalto,No existe,I,S/D,Urbana,Ninguna,No existe,Recta,Bueno,Reducida,Nocturna,Buen Tiempo,Lateral,S/D,Colisión,Ninguna,Faltante,Ninguna,Sin restricción
2018,1849,2018-04-16,Lunes,0,12:50:00,,0.0,2,"Bicicleta,Taxi/Remis",C Escalada Y Bv Oro?o,2,1,0,0,1,0,0,"-32.73325,-60.746388888889",Calle,,SAN LORENZO,San Lorenzo,"Hormigón,Tierra",No existe,XVII,Dentro,Urbana,S/D,No existe,Intersección,S/D,S/D,Diurna,S/D,S/D,Ciclista,Atropello,S/D,Faltante,Ninguna,S/D
2018,1850,2018-04-10,Martes,0,09:35:00,,0.0,1,Moto/Ciclomotor, ,2,2,0,0,0,0,0,"-30.223193449958, -61.893794600191",Camino Rural,,VILLA TRINIDAD,San Cristóbal,Ripio,No existe,XVII,Fuera,Rural,Ninguna,No existe,Recta,Deteriorada,Buena,Diurna,Buen Tiempo,S/D,S/D,Despiste,Material Suelto,Faltante,Ninguna,Sin restricción
2018,1851,2018-04-17,Martes,0,10:58:00,,0.0,2,"Pickup/Utilitario,Automóvil",Sargento Cabral Y Rivadavia,2,1,0,0,1,0,0,"-32.750638888889,-60.730805555556",Calle,,SAN LORENZO,San Lorenzo,Asfalto,No existe,XVII,Dentro,Urbana,Semáforo,Funciona,Intersección,S/D,S/D,Diurna,S/D,S/D,S/D,Colisión,S/D,Vertical,Cordón divisorio,S/D
2018,1852,2018-04-10,Martes,0,19:00:00,,0.0,2,"Moto/Ciclomotor,Camión Chasis",French 5600,3,2,0,0,1,0,0,"-31.585222222222,-60.72875",Calle,,SANTA FE,La Capital,Asfalto,No existe,I,S/D,Urbana,Ninguna,No existe,Intersección,Bueno,Buena,Atardecer,Buen Tiempo,S/D,S/D,Colisión,Ninguna,Faltante,Ninguna,Sin restricción
2018,1853,2018-04-18,Miercoles,0,19:50:00,,0.0,2,"Moto/Ciclomotor,Automóvil",Dorrego Y Belgrano,4,2,0,0,2,0,0,"-32.746722222222,-60.737305555556",Calle,,SAN LORENZO,San Lorenzo,Asfalto,No existe,XVII,Dentro,Urbana,S/D,No existe,Intersección,S/D,S/D,Nocturna,S/D,S/D,S/D,Colisión,S/D,Faltante,Ninguna,S/D
2018,1854,2018-04-19,Jueves,0,21:30:00,,0.0,1,Moto/Ciclomotor,Urquiza Y Dorrego,3,3,0,0,0,0,0,"-32.747722222222,-60.737333333333",Avenida,,SAN LORENZO,San Lorenzo,Asfalto,No existe,XVII,Dentro,Urbana,Semáforo,Funciona,Intersección,S/D,S/D,Nocturna,S/D,Atropello animal,S/D,"Caída ocupante,Atropello",S/D,Vertical,Cordón divisorio,S/D
2018,1855,2018-04-11,Miercoles,0,15:45:00,,0.0,2,"Automóvil,Transporte de Pasajeros Urbano (> 8 asientos)",Av Blas Parera Y Don Guanella,4,3,0,0,1,0,0,"-31.594333333333,-60.723583333333",Avenida,,SANTA FE,La Capital,Asfalto,No existe,I,S/D,Urbana,Ninguna,Funciona,Recta,Bueno,Buena,Diurna,Buen Tiempo,Otro,S/D,Colisión,Ninguna,Vertical,Barrera de hormigón,Sin restricción
2018,1856,2018-04-09,Lunes,0,21:00:00,,0.0,2,"Otros,Bicicleta",Av Blas Parera Y Estanislao Zeballos,2,1,0,0,0,0,1,"-31.599527777778,-60.721972222222",Calle,,SANTA FE,La Capital,Asfalto,No existe,I,S/D,Urbana,Semáforo,Funciona,Curva,Bueno,Buena,Diurna,Buen Tiempo,S/D,Ciclista,Atropello,Ninguna,Vertical,Barrera de hormigón,Sin restricción
2018,1857,2018-04-23,Lunes,0,13:45:00,,0.0,2,"Automóvil,Automóvil",Urquiza Y Irigoyen,3,1,0,0,2,0,0,"-32.74775,-60.736305555556",Avenida,,SAN LORENZO,San Lorenzo,Asfalto,No existe,XVII,Dentro,Urbana,S/D,No existe,Intersección,S/D,S/D,Diurna,S/D,S/D,S/D,Colisión,S/D,Faltante,S/D,S/D
2018,1858,2018-04-06,Viernes,0,19:30:00,,0.0,2,"Moto/Ciclomotor,Otros",Av Blas Parera Y Estanislao Zeballos,2,1,0,0,0,0,1,"-31.599527777778,-60.721972222222",Calle,,SANTA FE,La Capital,Asfalto,No existe,I,S/D,Urbana,Ninguna,Funciona,Curva,Bueno,Buena,Atardecer,Buen Tiempo,S/D,S/D,Colisión,Ninguna,Vertical,Barrera de hormigón,Sin restricción
2018,1859,2018-04-25,Miercoles,0,07:10:00,,0.0,2,"Transporte de Pasajeros Urbano (> 8 asientos),Moto/Ciclomotor",Av Blas Parera Y Hernandarias,2,1,0,0,0,0,1,"-31.601611111111,-60.721055555556",Avenida,,SANTA FE,La Capital,Asfalto,No existe,I,S/D,Urbana,Ninguna,No existe,Recta,Bueno,Buena,Diurna,Buen Tiempo,S/D,S/D,Colisión,Ninguna,Horizontal,Barrera de hormigón,Sin restricción
2018,1860,2018-04-24,Martes,0,17:30:00,,0.0,2,"Automóvil,Moto/Ciclomotor",Brown Y Falucho,2,1,0,0,1,0,0,"-32.736194444444,-60.742527777778",Calle,,SAN LORENZO,San Lorenzo,"Asfalto,Ripio",No existe,XVII,Dentro,Urbana,Semáforo,Funciona,Intersección,Otro,S/D,Diurna,Otro,S/D,S/D,Colisión,Ninguna,Vertical,Ninguna,Accidente Previo
2018,1861,2018-04-12,Jueves,0,20:10:00,,0.0,2,"Moto/Ciclomotor,Otros",Chiclana Y Boneo,2,1,0,0,0,0,1,"-31.597027777778,-60.730083333333",Calle,,SANTA FE,La Capital,Tierra,No existe,I,S/D,Urbana,Ninguna,No existe,Intersección,Bueno,Buena,Nocturna,Buen Tiempo,S/D,S/D,Colisión,Ninguna,S/D,Ninguna,Sin restricción
2018,1862,2018-04-25,Miercoles,0,11:30:00,,0.0,2,"Pickup/Utilitario,Bicicleta",Urquiza Y Irigoyen,2,1,0,0,1,0,0,"-32.74775,-60.736305555556",Calle,,SAN LORENZO,San Lorenzo,Asfalto,No existe,XVII,Dentro,Urbana,Ninguna,No existe,Intersección,Otro,S/D,Diurna,Otro,S/D,Ciclista,Atropello,S/D,Faltante,Cordón divisorio,Accidente Previo
2018,1863,2018-04-24,Martes,0,10:00:00,,0.0,2,"Transporte de Pasajeros Urbano (> 8 asientos),Moto/Ciclomotor",Av Blas Parera Y Boneo,2,1,0,0,0,0,1,"-31.598888888889,-60.722166666667",Avenida,,SANTA FE,La Capital,Asfalto,Pavimento,I,S/D,Urbana,Ninguna,No existe,Recta,Bueno,Buena,Diurna,Buen Tiempo,S/D,S/D,Colisión,Ninguna,S/D,Ninguna,Sin restricción
2018,1864,2018-04-30,Lunes,0,19:18:00,Ruta Nacional A012,0.0,2,"Moto/Ciclomotor,Camión", ,2,1,0,0,1,0,0,"-32.764886829657, -60.752115655366",Ruta,A012,SAN LORENZO,San Lorenzo,Asfalto,Natural,XVII,Dentro,Urbana,Ninguna,S/D,Otro,Otro,S/D,Diurna,Otro,Lateral,S/D,"Caída ocupante,Colisión",Ninguna,S/D,Ninguna,S/D
2018,1865,2018-04-17,Martes,0,21:30:00,,0.0,2,"Automóvil,Moto/Ciclomotor",Av Blas Parera Y French,2,1,0,0,1,0,0,"-31.585805555556,-60.725638888889",Calle,,SANTA FE,La Capital,Asfalto,No existe,I,Dentro,Urbana,Ninguna,No existe,Recta,Bueno,Buena,Nocturna,Buen Tiempo,S/D,S/D,Colisión,Ninguna,Faltante,Línea divisoria pintada,Sin restricción