anio_acci,nro_acci,fecha,desc_dia,fecha_aprox,hora_aprox,desc_ruta,km,cant_participantes,desc_participante,calle_avenida_km,total,heridos_leves,heridos_graves,heridos_gravisimos,ilesos,fallecidos,sin_datos,posicion_XY,desc_tipo_via,desc_ruta_ori,desc_loc,desc_dpto,desc_tipo_calzada,desc_tipo_banquina,desc_unidad_regional,desc_lugar_calzada,desc_zona,desc_prioridad,desc_estado_semaforo,desc_lugar_via,desc_estado_via,desc_estado_visibilidad,desc_luminosidad,desc_estado_clima,desc_tipo_colision,desc_tipo_atropello,desc_tipo_hecho,desc_pres_calzada,desc_senializacion,desc_separacion_via,desc_restriccion
2018,1866,2018-04-17,Martes,0,21:30:00,,0.0,2,"Moto/Ciclomotor,Automóvil",Estado de Israel Y Bernardo de Irigoyen,2,1,0,0,0,0,1,"-31.602194444444,-60.724138888889",Calle,,SANTA FE,La Capital,Asfalto,No existe,I,Dentro,Urbana,Ninguna,No existe,Intersección,Con baches,Buena,Diurna,Buen Tiempo,Lateral,S/D,Colisión,Material Suelto,Faltante,Cordón divisorio,Sin restricción
2018,1867,2018-04-20,Viernes,0,03:40:00,Ruta Nacional A012,0.0,2,"Camión c / Acoplado,Camión c / Acoplado", ,2,1,0,0,1,0,0,"-32.767678204048, -60.735547958684",Ruta,A012,SAN LORENZO,San Lorenzo,Asfalto,S/D,XVII,Dentro,Urbana,S/D,S/D,Intersección,S/D,S/D,Nocturna,S/D,De alcance,S/D,Colisión,S/D,S/D,S/D,S/D
2018,1868,2018-04-06,Viernes,0,07:20:00,,0.0,2,"Moto/Ciclomotor,Automóvil",Av Pe?aloza Y French,2,0,1,0,1,0,0,"-31.588166666667,-60.711527777778",Avenida,,SANTA FE,La Capital,Asfalto,No existe,I,Dentro,Urbana,Ninguna,No existe,Intersección,Bueno,Buena,Diurna,Buen Tiempo,Lateral,S/D,Colisión,Ninguna,Faltante,Cordón divisorio,Sin restricción
2018,1869,2018-04-11,Miercoles,0,19:15:00,,0.0,2,"Automóvil,Moto/Ciclomotor",Av Blas Parera Y Vieytes,2,1,0,0,0,0,1,"-31.596944444444,-60.722583333333",Calle,,SANTA FE,La Capital,Asfalto,No existe,I,Dentro,Urbana,Semáforo,Funciona,Intersección,Bueno,Buena,Diurna,Buen Tiempo,Otro,S/D,Colisión,Ninguna,Vertical,Cordón divisorio,Sin restricción
2018,1870,2018-04-11,Miercoles,0,20:00:00,,0.0,2,"Moto/Ciclomotor,Automóvil",Juan Diaz de Solis Y Hernandarias,2,1,0,0,1,0,0,"-31.603083333333,-60.714416666667",Calle,,SANTA FE,La Capital,Tierra,No existe,I,Dentro,Urbana,Ninguna,No existe,Intersección,Con baches,Buena,Diurna,Buen Tiempo,Otro,S/D,Colisión,Ninguna,Faltante,Ninguna,Sin restricción
2018,1871,2018-04-05,Jueves,0,18:00:00,,0.0,2,"Pickup/Utilitario,Moto/Ciclomotor",French Y Diagonal Aguado,3,0,1,0,1,0,1,"-31.587222222222,-60.716722222222",Calle,,SANTA FE,La Capital,Ripio,No existe,I,Dentro,Urbana,Ninguna,No existe,Intersección,Bueno,Buena,Diurna,Buen Tiempo,Lateral,S/D,Colisión,Ninguna,Faltante,Ninguna,Sin restricción
2018,1872,2018-04-05,Jueves,0,17:00:00,,0.0,2,"Bicicleta,Automóvil",Av Blas Parera Y Reg 12 de Infanteria,2,1,0,0,1,0,0,"-31.591638888889,-60.724111111111",Avenida,,SANTA FE,La Capital,Hormigón,No existe,I,Dentro,Urbana,Semáforo,Funciona,Intersección,Bueno,Buena,Diurna,Buen Tiempo,S/D,Ciclista,Atropello,Ninguna,Vertical,Cordón divisorio,Sin restricción
2018,1873,2018-04-11,Miercoles,0,08:45:00,,0.0,3,"Moto/Ciclomotor,Moto/Ciclomotor,Automóvil",Av Pe?aloza Y Boneo,3,2,0,0,1,0,0,"-31.600972222222,-60.7125",Avenida,,SANTA FE,La Capital,Hormigón,No existe,I,Dentro,Urbana,Ninguna,No existe,Intersección,Bueno,Buena,Diurna,Buen Tiempo,Múltiple,S/D,Colisión,Ninguna,Faltante,Cordón divisorio,Sin restricción
2018,1874,2018-05-17,Jueves,0,05:05:00,,0.0,2,"Taxi/Remis,Moto/Ciclomotor",Mendoza Y Cafferata,2,1,0,0,1,0,0,"-32.945666666667,-60.672277777778",Calle,,ROSARIO,Rosario,Asfalto,No existe,II,Dentro,Urbana,Ninguna,No existe,Intersección,Bueno,Buena,Diurna,Buen Tiempo,De alcance,S/D,Colisión,Ninguna,Faltante,Ninguna,Sin restricción
2018,1876,2018-05-17,Jueves,0,10:00:00,,0.0,2,"Automóvil,Automóvil",San Juan Y Vera Mujica,2,1,0,0,1,0,0,"-32.945,-60.667833333333",Calle,,ROSARIO,Rosario,Asfalto,No existe,II,Dentro,Urbana,Ninguna,No existe,Intersección,Bueno,Buena,Diurna,Buen Tiempo,De alcance,S/D,Colisión,Ninguna,Faltante,Ninguna,Sin restricción
2018,1877,2018-06-12,Martes,0,09:00:00,,0.0,2,"Pickup/Utilitario,Moto/Ciclomotor",Bv. 27 De Febrero Y Alsina,3,2,0,0,1,0,0,"-32.960694444444,-60.68175",Calle,,ROSARIO,Rosario,Asfalto,No existe,II,Dentro,Urbana,Ninguna,No existe,Recta,Bueno,Buena,Diurna,Lluvia,Contra objeto fijo,S/D,Colisión,Ninguna,Faltante,Cordón divisorio,Sin restricción
2018,1878,2018-05-17,Jueves,0,11:30:00,,0.0,2,"Moto/Ciclomotor,Automóvil",Av. Pellegrini Y Lima,2,1,0,0,1,0,0,"-32.949222222222,-60.685972222222",Calle,,ROSARIO,Rosario,Asfalto,No existe,II,Dentro,Urbana,Ninguna,No existe,Intersección,Bueno,Buena,Diurna,Buen Tiempo,De alcance,S/D,Colisión,Ninguna,Faltante,Ninguna,Sin restricción
2018,1879,2018-05-17,Jueves,0,18:00:00,,0.0,2,"Peatón,Automóvil",San Juan Y Cafferata,2,1,0,0,1,0,0,"-32.944277777778,-60.671916666667",Calle,,ROSARIO,Rosario,Asfalto,No existe,II,Dentro,Urbana,Ninguna,No existe,Recta,Bueno,Buena,Atardecer,Buen Tiempo,De alcance,Peatón,Atropello,Ninguna,Faltante,Ninguna,Sin restricción
2018,1880,2018-05-17,Jueves,0,20:30:00,,0.0,2,"Moto/Ciclomotor,Moto/Ciclomotor",9 de Julio Y Cordoba,2,1,1,0,0,0,0,"-28.622370, -61.632394",Calle,,VILLA MINETTI,9 de Julio,Tierra,No existe,XII,Dentro,Urbana,Ninguna,No existe,Intersección,Con baches,Buena,Nocturna,Buen Tiempo,Lateral,S/D,Colisión,Ninguna,Faltante,Ninguna,Sin restricción
2018,1881,2018-06-16,Sabado,0,17:40:00,Ruta Provincial 18,30.0,1,Automóvil, ,2,2,0,0,0,0,0,"-33.24747, -60.76541",Ruta,18,CARMEN DEL SAUCE,Rosario,Asfalto,Natural,II,Fuera,Urbana,Ninguna,No existe,Recta,Bueno,Buena,Diurna,Buen Tiempo,Otro,S/D,Vuelco,Ninguna,"Horizontal,Vertical",Línea divisoria pintada,Sin restricción
2018,1882,2018-05-23,Miercoles,0,07:30:00,,0.0,2,"Automóvil,Moto/Ciclomotor",Cordoba Y Santiago,3,0,1,0,2,0,0,"-32.943222222222,-60.656027777778",Calle,,ROSARIO,Rosario,Asfalto,No existe,II,Dentro,Urbana,Ninguna,No existe,Intersección,Bueno,Buena,Diurna,Buen Tiempo,De alcance,S/D,Colisión,Ninguna,Faltante,Ninguna,Sin restricción
2018,1883,2018-06-16,Sabado,0,01:45:00,,0.0,2,"Moto/Ciclomotor,Automóvil",Rivarola 7900,4,1,0,0,3,0,0,"-32.966333333333,-60.728472222222",Calle,,ROSARIO,Rosario,Asfalto,No existe,II,S/D,Urbana,Semáforo,Intermitente,Intersección,Bueno,Buena,Con luz artificial,Buen Tiempo,Frontal,S/D,Colisión,Ninguna,Vertical,Cordón divisorio,Sin restricción
2018,1884,2018-05-09,Miercoles,0,19:30:00,,0.0,2,"Moto/Ciclomotor,Automóvil",Bv. Segui Y Constitucion,3,1,1,0,1,0,0,"-32.972694444444,-60.681944444444",Avenida,,ROSARIO,Rosario,Asfalto,S/D,II,S/D,Urbana,Ninguna,S/D,Intersección,Bueno,S/D,S/D,Buen Tiempo,Lateral,S/D,Colisión,Ninguna,Faltante,Cordón divisorio,Sin restricción
2018,1885,2018-05-26,Sabado,0,18:00:00,,0.0,2,"Moto/Ciclomotor,Moto/Ciclomotor",Cordoba Y San Lorenzo,2,2,0,0,0,0,0,"-28.618063, -61.631311",Calle,,VILLA MINETTI,9 de Julio,Tierra,No existe,XII,Dentro,Urbana,Ninguna,No existe,Intersección,Deteriorada,Buena,Diurna,Buen Tiempo,Lateral,S/D,Colisión,Ninguna,Faltante,Ninguna,Sin restricción
2018,1886,2018-06-25,Lunes,0,05:00:00,Ruta Provincial 18,26.0,1,Automóvil, ,3,3,0,0,0,0,0,"-33.24821, -60.76553",Ruta,18,CARMEN DEL SAUCE,Rosario,Asfalto,Natural,II,Fuera,Urbana,Ninguna,No existe,Recta,Bueno,Buena,Amanecer,Buen Tiempo,Otro,S/D,Despiste,Ninguna,Horizontal,S/D,Sin restricción
2018,1887,2018-05-28,Lunes,0,17:15:00,,0.0,2,"Taxi/Remis,Moto/Ciclomotor",La Republica Y Fraga,2,1,0,0,1,0,0,"-32.918527777778,-60.7115",Calle,,ROSARIO,Rosario,Asfalto,No existe,II,S/D,Urbana,Ninguna,No existe,Intersección,Bueno,Buena,Diurna,Buen Tiempo,Lateral,S/D,Colisión,Ninguna,Faltante,Ninguna,Sin restricción
2018,1888,2018-06-08,Viernes,0,15:30:00,,0.0,2,"Pickup/Utilitario,Automóvil",San Nicolas Y Virasoro,3,2,0,0,1,0,0,"-32.96375,-60.678277777778",Calle,,ROSARIO,Rosario,Asfalto,No existe,II,Dentro,Urbana,Ninguna,No existe,Intersección,Con baches,Buena,Diurna,Buen Tiempo,Lateral,S/D,Colisión,Ninguna,Faltante,Ninguna,Sin restricción
2018,1889,2018-05-23,Miercoles,0,12:30:00,,0.0,2,"Moto/Ciclomotor,Automóvil",French Y Magallanes Bis,4,3,0,0,1,0,0,"-32.921555555556,-60.705305555556",Calle,,ROSARIO,Rosario,Asfalto,No existe,II,Dentro,Urbana,Ninguna,No existe,Intersección,Bueno,Buena,Diurna,Buen Tiempo,Lateral,S/D,Colisión,Ninguna,Faltante,Ninguna,Sin restricción
2018,1890,2018-05-24,Jueves,0,18:00:00,,0.0,2,"Pickup/Utilitario,Automóvil",French Y Nicaragua,2,1,0,0,1,0,0,"-32.922,-60.721527777778",Calle,,ROSARIO,Rosario,Asfalto,No existe,II,Dentro,Urbana,Ninguna,No existe,Intersección,Bueno,Buena,Diurna,Buen Tiempo,Lateral,S/D,Colisión,Ninguna,Faltante,Ninguna,Sin restricción
2018,1891,2018-06-05,Martes,0,07:30:00,,0.0,2,"Moto/Ciclomotor,Automóvil",Cerrito Y Bv. Avellaneda,2,1,0,0,1,0,0,"-32.9545,-60.683166666667",Calle,,ROSARIO,Rosario,Asfalto,S/D,II,S/D,Urbana,S/D,S/D,Intersección,Bueno,S/D,S/D,S/D,S/D,S/D,Colisión,S/D,S/D,S/D,S/D
2018,1892,2018-05-27,Domingo,0,22:00:00,,0.0,2,"Pickup/Utilitario,Bicicleta",Olavarria Bis Y La Republica,2,1,0,0,1,0,0,"-32.918333333333,-60.704444444444",Calle,,ROSARIO,Rosario,Asfalto,No existe,II,Dentro,Urbana,Ninguna,No existe,Intersección,Bueno,Buena,Con luz artificial,Buen Tiempo,Frontal,Ciclista,Atropello,Ninguna,Faltante,Ninguna,Sin restricción
2018,1893,2018-05-18,Viernes,0,15:00:00,Ruta Nacional 95,899.0,3,"Camión c / Acoplado,Pickup/Utilitario,Pickup/Utilitario", ,7,5,1,0,1,0,0,"-28.20445, -61.37931",Ruta,95,GREGORIA P. DE DENIS,9 de Julio,Asfalto,Natural,XII,Dentro,Rural,Marca Vial,No existe,Curva,Resbaladiza,Reducida,Diurna,Granizo,De alcance,S/D,Colisión,Agua,Horizontal,Guardarrail,Sin restricción
2018,1894,2018-06-02,Sabado,0,20:20:00,,0.0,2,"Moto/Ciclomotor,Automóvil",Bv. Segui Y Av. Francia,2,1,0,0,1,0,0,"-32.974138888889,-60.673888888889",Avenida,,ROSARIO,Rosario,Asfalto,No existe,II,Dentro,Urbana,Semáforo,Funciona,Intersección,Bueno,Buena,Nocturna,Buen Tiempo,Lateral,S/D,Colisión,Ninguna,Faltante,Cordón divisorio,Sin restricción
2018,1895,2018-06-21,Jueves,0,11:00:00,,0.0,2,"Pickup/Utilitario,Moto/Ciclomotor",Bv. 27 De Febrero Y Cafferata,3,2,0,0,1,0,0,"-32.961861111111,-60.676333333333",Calle,,ROSARIO,Rosario,Asfalto,Pavimento,II,S/D,Urbana,Ninguna,No existe,Intersección,Bueno,Buena,Diurna,Buen Tiempo,Lateral,S/D,Colisión,Ninguna,Faltante,Cordón divisorio,Sin restricción
2018,1896,2018-05-24,Jueves,0,13:30:00,,0.0,2,"Moto/Ciclomotor,Moto/Ciclomotor",Jose Ingenieros Y Colombia Bis,3,1,1,0,1,0,0,"-32.917194444444,-60.717555555556",Calle,,ROSARIO,Rosario,Asfalto,No existe,II,Dentro,Urbana,Ninguna,No existe,Distribuidor,Bueno,Buena,Diurna,Buen Tiempo,Lateral,S/D,Colisión,Ninguna,Faltante,Ninguna,Sin restricción
2018,1897,2018-05-23,Miercoles,0,14:20:00,,0.0,2,"Moto/Ciclomotor,Pickup/Utilitario",J.J.Paso Y Mejico,2,0,1,0,1,0,0,"-32.920333333333,-60.719305555556",Avenida,,ROSARIO,Rosario,Asfalto,No existe,II,Dentro,Urbana,Ninguna,No existe,Intersección,Bueno,Buena,Diurna,Buen Tiempo,Lateral,S/D,Colisión,Ninguna,Faltante,Ninguna,Sin restricción
2018,1898,2018-05-23,Miercoles,0,15:10:00,,0.0,2,"Moto/Ciclomotor,Automóvil",Garzon Bis Y J.B.Justo,2,0,1,0,1,0,0,"-32.914722222222,-60.706361111111",Calle,,ROSARIO,Rosario,Asfalto,No existe,II,Dentro,Urbana,Ninguna,No existe,Intersección,Bueno,Buena,Diurna,Buen Tiempo,Lateral,S/D,Colisión,Ninguna,Faltante,Ninguna,Sin restricción
2018,1899,2018-06-04,Lunes,0,00:10:00,,0.0,1,Moto/Ciclomotor,Biedma Y Cafferata,1,1,0,0,0,0,0,"-32.975472222222,-60.679777777778",Calle,,ROSARIO,Rosario,Asfalto,No existe,II,S/D,Urbana,Ninguna,No existe,Recta,Bueno,Buena,Diurna,Buen Tiempo,Contra objeto fijo,S/D,Colisión,Ninguna,Faltante,Cordón divisorio,Sin restricción
2018,1900,2018-06-01,Viernes,0,07:45:00,,0.0,2,"Moto/Ciclomotor,Automóvil",Rivarola Y Dr.G.Colombres,2,1,0,0,1,0,0,"-32.966230640433, -60.724838407003",Calle,,ROSARIO,Rosario,Asfalto,Pavimento,II,S/D,Urbana,Ninguna,No existe,Intersección,Bueno,Buena,Diurna,Buen Tiempo,Lateral,S/D,Colisión,Ninguna,Faltante,Cordón divisorio,Sin restricción
2018,1901,2018-05-24,Jueves,0,09:10:00,,0.0,2,"Automóvil,Moto/Ciclomotor",Av. Provincias Unidas Y Av. Sorrento,2,1,0,0,1,0,0,"-32.907833333333,-60.714027777778",Avenida,,ROSARIO,Rosario,Asfalto,S/D,II,Dentro,Urbana,Ninguna,No existe,Rotonda,Bueno,Buena,Diurna,Buen Tiempo,Lateral,S/D,Colisión,Ninguna,Faltante,Ninguna,Sin restricción
2018,1902,2018-06-29,Viernes,0,08:30:00,,0.0,2,"Moto/Ciclomotor,Automóvil",Bv. Avellaneda Y Virasoro,2,1,0,0,1,0,0,"-32.962583333333,-60.684944444444",Calle,,ROSARIO,Rosario,Asfalto,S/D,II,S/D,Urbana,Ninguna,No existe,Intersección,Bueno,S/D,Diurna,Buen Tiempo,Lateral,S/D,Colisión,Ninguna,Faltante,Cordón divisorio,Sin restricción
2018,1903,2018-05-06,Domingo,0,07:00:00,,0.0,1,Moto/Ciclomotor,C.Larralde ,2,0,1,0,1,0,0,"-32.96914, -60.72585",Calle,,ROSARIO,Rosario,Asfalto,No existe,II,Dentro,Urbana,Ninguna,No existe,Otro,Bueno,Buena,Amanecer,Buen Tiempo,Otro,S/D,Otro,Ninguna,Faltante,Ninguna,Sin restricción
2018,1904,2018-06-11,Lunes,0,12:30:00,,0.0,2,"Pickup/Utilitario,Moto/Ciclomotor",Virasoro Y Cafferata,3,2,0,0,1,0,0,"-32.964,-60.676888888889",Calle,,ROSARIO,Rosario,Asfalto,No existe,II,S/D,Urbana,Ninguna,No existe,Intersección,Bueno,Buena,Diurna,Buen Tiempo,Lateral,S/D,Colisión,Ninguna,Faltante,Ninguna,Sin restricción
2018,1905,2018-05-28,Lunes,0,14:10:00,,0.0,2,"Pickup/Utilitario,Moto/Ciclomotor",Urquiza Y Castellanos,3,2,0,0,1,0,0,"-32.936333333333,-60.674194444444",Calle,,ROSARIO,Rosario,Asfalto,No existe,II,S/D,Urbana,Ninguna,S/D,Intersección,Bueno,Buena,Diurna,Buen Tiempo,S/D,S/D,Colisión,Ninguna,Vertical,Ninguna,Sin restricción
2018,1906,2018-05-03,Jueves,0,06:57:00,Ruta Provincial 2,0.0,2,"Pickup/Utilitario,Moto/Ciclomotor", ,2,1,0,0,1,0,0,"-29.49729, -61.6943",Ruta,2,LOGROÑO,9 de Julio,Asfalto,Natural,XII,S/D,Rural,Ninguna,No existe,Recta,Bueno,Reducida,Amanecer,Buen Tiempo,De alcance,S/D,Colisión,Ninguna,Faltante,Línea divisoria pintada,Sin restricción
2018,1907,2018-06-04,Lunes,0,18:00:00,,0.0,2,"Moto/Ciclomotor,Pickup/Utilitario",Av. Ovidio Lagos Y Olegario V.Andrade,2,1,0,0,1,0,0,"-32.9995,-60.67525",Avenida,,ROSARIO,Rosario,Asfalto,No existe,II,S/D,Urbana,Ninguna,No existe,Recta,Bueno,Buena,Atardecer,Buen Tiempo,Lateral,S/D,Colisión,Ninguna,Faltante,Cordón divisorio,Sin restricción
2018,1908,2018-06-29,Viernes,0,17:30:00,,0.0,2,"Automóvil,Bicicleta",Bv. Avellaneda Y Ituzaingo,2,1,0,0,1,0,0,"-32.953361111111,-60.682861111111",Calle,,ROSARIO,Rosario,Asfalto,No existe,II,S/D,Urbana,Ninguna,No existe,Intersección,Bueno,Buena,Diurna,Buen Tiempo,Lateral,Ciclista,Atropello,Ninguna,Faltante,Cordón divisorio,Sin restricción
2018,1909,2018-05-28,Lunes,0,15:30:00,,0.0,1,Moto/Ciclomotor,Guemes Y Ricchieri,1,1,0,0,0,0,0,"-32.9315,-60.660194444444",Calle,,ROSARIO,Rosario,Asfalto,No existe,II,S/D,Urbana,Ninguna,S/D,Intersección,Bueno,Buena,Diurna,Buen Tiempo,S/D,S/D,Vuelco,Ninguna,S/D,Ninguna,Sin restricción
2018,1910,2018-06-29,Viernes,0,07:30:00,,0.0,2,"Pickup/Utilitario,Moto/Ciclomotor",Rivarola Y Biancofiori,2,1,0,0,1,0,0,"-32.965833333333,-60.714083333333",Avenida,,ROSARIO,Rosario,Asfalto,No existe,II,S/D,Urbana,Ninguna,No existe,Intersección,Bueno,Buena,Amanecer,Buen Tiempo,Lateral,S/D,Colisión,Ninguna,Faltante,Cordón divisorio,Sin restricción
2018,1911,2018-06-05,Martes,0,15:35:00,,0.0,2,"Transporte de Pasajeros Urbano (> 8 asientos),Transporte de Pasajeros Urbano (> 8 asientos)",Av. Francia Y Fragata Sarmiento,12,2,0,0,10,0,0,"-32.988722222222,-60.672694444444",S/D,,ROSARIO,Rosario,Asfalto,No existe,II,S/D,S/D,Semáforo,Funciona,Intersección,Bueno,Buena,Atardecer,Buen Tiempo,De alcance,S/D,Colisión,Ninguna,Faltante,Cordón divisorio,Sin restricción
2018,1912,2018-05-07,Lunes,0,10:20:00,,0.0,2,"Pickup/Utilitario,Moto/Ciclomotor",Marcos Avellaneda Y Saavedra,3,2,0,0,1,0,0,"-31.452777777778,-60.937444444444",Calle,,ESPERANZA,Las Colonias,Asfalto,No existe,XI,Dentro,Urbana,Ninguna,No existe,Intersección,Bueno,Buena,Diurna,Buen Tiempo,De alcance,S/D,Colisión,Ninguna,Vertical,Ninguna,Sin restricción
2018,1913,2018-05-23,Miercoles,0,22:15:00,,0.0,2,"Moto/Ciclomotor,Moto/Ciclomotor",San Lorenzo Y San Nicolas,3,2,0,0,1,0,0,"-32.938,-60.67175",Calle,,ROSARIO,Rosario,Asfalto,No existe,II,S/D,Urbana,Ninguna,S/D,Intersección,Bueno,Buena,"Nocturna,Con luz artificial",Buen Tiempo,S/D,S/D,Colisión,Ninguna,S/D,Ninguna,Sin restricción
2018,1914,2018-06-02,Sabado,0,15:00:00,,0.0,2,"Moto/Ciclomotor,Automóvil",Constitucion 2200,2,1,0,0,0,0,1,"-32.956666666667,-60.677861111111",Calle,,ROSARIO,Rosario,Asfalto,No existe,II,S/D,Urbana,Semáforo,Funciona,Intersección,Bueno,Buena,Diurna,Buen Tiempo,Otro,S/D,Colisión,Ninguna,Faltante,Ninguna,Sin restricción
2018,1915,2018-05-23,Miercoles,0,13:35:00,,0.0,2,"Automóvil,Bicicleta",Brown Y Pueyrredon,2,1,0,0,1,0,0,"-32.933666666667,-60.655055555556",Calle,,ROSARIO,Rosario,Asfalto,No existe,II,S/D,Urbana,Ninguna,S/D,Intersección,Bueno,Buena,Diurna,Buen Tiempo,S/D,Ciclista,Atropello,Ninguna,S/D,Ninguna,Sin restricción
2018,1916,2018-06-15,Viernes,0,08:00:00,,0.0,2,"Peatón,Moto/Ciclomotor",Ocampo Y Pje. Humaita,2,1,0,0,0,0,1,"-32.960444444444,-60.676722222222",Calle,,ROSARIO,Rosario,Asfalto,No existe,II,S/D,Urbana,Ninguna,No existe,Intersección,Bueno,Buena,Diurna,Buen Tiempo,Otro,Peatón,Atropello,Ninguna,Faltante,Ninguna,Sin restricción
2018,1917,2018-05-22,Martes,0,07:50:00,,0.0,2,"Moto/Ciclomotor,Automóvil",Urquiza Y Cafferata,2,1,0,0,1,0,0,"-32.937055555556,-60.670111111111",Calle,,ROSARIO,Rosario,Asfalto,No existe,II,S/D,Urbana,Ninguna,Funciona,Intersección,Bueno,Buena,Amanecer,Buen Tiempo,S/D,S/D,Colisión,Ninguna,S/D,Ninguna,Sin restricción
2018,1918,2018-06-28,Jueves,0,15:20:00,,0.0,2,"Moto/Ciclomotor,Automóvil",Lavalle Y Pasco,2,1,0,0,0,0,1,"-32.952472222222,-60.681111111111",Calle,,ROSARIO,Rosario,Asfalto,No existe,II,S/D,Urbana,Ninguna,No existe,Intersección,Bueno,Buena,Diurna,Buen Tiempo,Otro,S/D,Colisión,Ninguna,Faltante,Ninguna,S/D
2018,1919,2018-05-19,Sabado,0,02:20:00,,0.0,2,"Taxi/Remis,Bicicleta",Guemes 2400,2,0,1,0,1,0,0,"-32.93275,-60.653388888889",Calle,,ROSARIO,Rosario,Asfalto,No existe,II,S/D,Urbana,Ninguna,No existe,Recta,Bueno,Buena,"Nocturna,Con luz artificial",Buen Tiempo,Lateral,Ciclista,Atropello,S/D,S/D,Ninguna,Sin restricción
2018,1920,2018-05-09,Miercoles,0,06:00:00,Ruta Provincial 70,16.3,2,"Moto/Ciclomotor,Otros",Ruta provincial 70 Y San Martin,2,1,0,0,1,0,0,"-31.442916666667,-60.928555555556",Ruta,70,ESPERANZA,Las Colonias,Asfalto,No existe,XI,Dentro,Urbana,Semáforo,Funciona,Intersección,Bueno,Buena,Amanecer,Buen Tiempo,De alcance,S/D,Colisión,Ninguna,"Horizontal,Vertical",Ninguna,Sin restricción
2018,1922,2018-06-26,Martes,0,,,0.0,2,"Moto/Ciclomotor,Automóvil",Matienzo Y 3 De Febrero,2,1,0,0,1,0,0,"-32.943361111111,-60.694583333333",Calle,,ROSARIO,Rosario,Asfalto,No existe,II,Dentro,Urbana,Ninguna,S/D,Intersección,Bueno,S/D,S/D,Buen Tiempo,De alcance,S/D,Colisión,S/D,S/D,Ninguna,Sin restricción
2018,1923,2018-05-12,Sabado,0,18:30:00,,0.0,1,Moto/Ciclomotor,CORDOBA 200,1,0,1,0,0,0,0,"-31.26882, -61.06856",Calle,,GRUTLY SUR,Las Colonias,Ripio,Natural,XI,Dentro,Urbana,Ninguna,No existe,Recta,Bueno,Buena,Atardecer,Buen Tiempo,Atropello animal,S/D,Colisión,Ninguna,Faltante,Ninguna,Sin restricción
2018,1924,2018-06-20,Miercoles,0,,,0.0,2,"Moto/Ciclomotor,Automóvil",Pasco Y Tte.Agneta,2,1,0,0,1,0,0,"-32.950583333333,-60.699444444444",Calle,,ROSARIO,Rosario,Asfalto,No existe,II,Dentro,Urbana,Ninguna,S/D,Intersección,Bueno,S/D,S/D,Buen Tiempo,De alcance,S/D,Colisión,S/D,S/D,Ninguna,Sin restricción
2018,1925,2018-05-14,Lunes,0,17:30:00,,0.0,1,Vehículo Oficial,Santa Fe Y Castellanos,1,1,0,0,0,0,0,"-32.938472222222,-60.674722222222",Calle,,ROSARIO,Rosario,Asfalto,No existe,II,S/D,Urbana,Ninguna,Funciona,Intersección,Con baches,Buena,Atardecer,Buen Tiempo,Otro,S/D,Caída ocupante,Ninguna,S/D,Ninguna,Sin restricción
2018,1926,2018-06-05,Martes,0,20:00:00,,0.0,2,"Moto/Ciclomotor,Automóvil",Iriondo Y Saavedra,3,2,0,0,1,0,0,"-32.972277777778,-60.677583333333",Calle,,ROSARIO,Rosario,Asfalto,No existe,II,Dentro,Urbana,Ninguna,S/D,Recta,Bueno,Buena,Nocturna,Buen Tiempo,De alcance,S/D,Colisión,Ninguna,Faltante,Cordón divisorio,Sin restricción
2018,1927,2018-05-01,Martes,0,07:35:00,,0.0,2,"Bicicleta,Automóvil",Avenida Simon de iriondo Y Cesar M Pittier,2,1,0,0,1,0,0,"-31.432916666667,-60.925472222222",Calle,,ESPERANZA,Las Colonias,Asfalto,Pavimento,XI,Dentro,Urbana,Ninguna,No existe,Intersección,Bueno,Buena,Diurna,Buen Tiempo,S/D,Ciclista,Atropello,Ninguna,Vertical,Cordón divisorio,Sin restricción
2018,1928,2018-06-19,Martes,0,,,0.0,2,"Automóvil,Automóvil",Pasco Y F.More,2,1,0,0,1,0,0,"-32.950444444444,-60.693305555556",Calle,,ROSARIO,Rosario,Asfalto,No existe,II,Dentro,Urbana,Ninguna,S/D,Intersección,Bueno,S/D,S/D,Buen Tiempo,Otro,S/D,Colisión,S/D,S/D,Ninguna,Sin restricción
2018,1929,2018-05-12,Sabado,0,18:40:00,Ruta Provincial 70,0.0,2,"Moto/Ciclomotor,Automóvil",A Aufranc Y 1 de Mayo,2,1,1,0,0,0,0,"-31.444666666667,-60.921055555556",Ruta,70,ESPERANZA,Las Colonias,Asfalto,No existe,XI,Dentro,Urbana,Ninguna,No existe,Intersección,Bueno,Buena,Con luz artificial,Buen Tiempo,Lateral,S/D,Colisión,Ninguna,Faltante,Ninguna,Sin restricción