anio_acci,nro_acci,fecha,desc_dia,fecha_aprox,hora_aprox,desc_ruta,km,cant_participantes,desc_participante,calle_avenida_km,total,heridos_leves,heridos_graves,heridos_gravisimos,ilesos,fallecidos,sin_datos,posicion_XY,desc_tipo_via,desc_ruta_ori,desc_loc,desc_dpto,desc_tipo_calzada,desc_tipo_banquina,desc_unidad_regional,desc_lugar_calzada,desc_zona,desc_prioridad,desc_estado_semaforo,desc_lugar_via,desc_estado_via,desc_estado_visibilidad,desc_luminosidad,desc_estado_clima,desc_tipo_colision,desc_tipo_atropello,desc_tipo_hecho,desc_pres_calzada,desc_senializacion,desc_separacion_via,desc_restriccion
2018,1930,2018-06-15,Viernes,0,19:00:00,,0.0,2,"Moto/Ciclomotor,Automóvil",Garibaldi ,3,1,0,0,2,0,0,"-32.978824,-60.687535",Calle,,ROSARIO,Rosario,Asfalto,No existe,II,Dentro,Urbana,Ninguna,No existe,Intersección,Bueno,Buena,Atardecer,Buen Tiempo,Lateral,S/D,Colisión,Ninguna,Faltante,Ninguna,Sin restricción
2018,1931,2018-06-12,Martes,0,00:10:00,,0.0,2,"Moto/Ciclomotor,Pickup/Utilitario",Av. Ovidio Lagos Y Centeno,2,1,0,0,1,0,0,"-32.98075,-60.670638888889",Avenida,,ROSARIO,Rosario,Asfalto,No existe,II,Dentro,Urbana,Ninguna,No existe,Intersección,"Bueno,Resbaladiza",Buena,Nocturna,Buen Tiempo,Lateral,S/D,"Caída ocupante,Colisión",Agua,Faltante,Cordón divisorio,Reparación de Vía
2018,1932,2018-05-18,Viernes,0,19:00:00,,0.0,2,"Automóvil,Bicicleta",25 de Mayo ,2,1,0,0,1,0,0,"-31.44697, -60.93505",Calle,,ESPERANZA,Las Colonias,Asfalto,Pavimento,XI,Dentro,Urbana,S/D,S/D,Intersección,Bueno,Buena,Con luz artificial,Buen Tiempo,Lateral,S/D,Colisión,Ninguna,Faltante,Cordón divisorio,Sin restricción
2018,1933,2018-06-14,Jueves,0,08:15:00,,0.0,2,"Transporte de Pasajeros Urbano (> 8 asientos),Pickup/Utilitario",Roullon Y Bv. Segui,3,1,0,0,2,0,0,"-32.970833333333,-60.701055555556",Calle,,ROSARIO,Rosario,Asfalto,No existe,II,Dentro,Urbana,Semáforo,Funciona,Intersección,Bueno,Buena,Diurna,Buen Tiempo,Lateral,S/D,Colisión,Ninguna,Vertical,Ninguna,Sin restricción
2018,1934,2018-06-13,Miercoles,0,11:00:00,,0.0,2,"Bicicleta,Automóvil",Castellanos Y Pte.Quintana,2,1,0,0,1,0,0,"-32.975916666667,-60.684166666667",Calle,,ROSARIO,Rosario,Asfalto,No existe,II,S/D,Urbana,Ninguna,No existe,Intersección,Bueno,Buena,Diurna,Buen Tiempo,Frontal,Ciclista,Atropello,Ninguna,Faltante,Ninguna,Sin restricción
2018,1935,2018-06-07,Jueves,0,23:15:00,,0.0,2,"Moto/Ciclomotor,Automóvil",Tte.Agneta Y Dean Funes,3,2,0,0,1,0,0,"-32.967111111111,-60.698805555556",Calle,,ROSARIO,Rosario,Asfalto,No existe,II,Dentro,Urbana,Ninguna,No existe,Intersección,Bueno,Buena,Nocturna,Buen Tiempo,Lateral,S/D,Colisión,Ninguna,Faltante,Ninguna,Sin restricción
2018,1936,2018-06-15,Viernes,0,17:00:00,,0.0,2,"Taxi/Remis,Automóvil",Bv. Avellaneda 3100,2,1,0,0,1,0,0,"-32.965972222222,-60.686027777778",Avenida,,ROSARIO,Rosario,Asfalto,No existe,II,Dentro,Urbana,Ninguna,No existe,Intersección,Bueno,Buena,Atardecer,Buen Tiempo,De alcance,S/D,Colisión,Ninguna,Faltante,Cordón divisorio,Sin restricción
2018,1937,2018-05-23,Miercoles,0,17:30:00,,0.0,2,"Pickup/Utilitario,Bicicleta",General Paz Y G Lehmann,2,1,0,0,1,0,0,"-31.45,-60.93375",Calle,,ESPERANZA,Las Colonias,Asfalto,Pavimento,XI,Dentro,Urbana,Ninguna,No existe,Intersección,Bueno,Buena,Diurna,Buen Tiempo,Lateral,S/D,Colisión,Ninguna,S/D,S/D,Sin restricción
2018,1938,2018-04-08,Domingo,0,23:40:00,,0.0,2,"Moto/Ciclomotor,Automóvil",Av Pe?aloza Y Reg 12 de Infanteria,2,1,0,0,1,0,0,"-31.593694444444,-60.712111111111",Calle,,SANTA FE,La Capital,Hormigón,No existe,I,Dentro,Urbana,Semáforo,Funciona,Intersección,Bueno,Buena,Nocturna,Buen Tiempo,Frontal,S/D,Colisión,Ninguna,"Horizontal,Vertical",Ninguna,Sin restricción
2018,1939,2018-04-18,Miercoles,0,20:00:00,,0.0,2,"Bicicleta,Moto/Ciclomotor",Av Pe?aloza Y Javier de la Rosa,2,2,0,0,0,0,0,"-31.594833333333,-60.712",Avenida,,SANTA FE,La Capital,Asfalto,No existe,I,Dentro,Urbana,Ninguna,No existe,Intersección,Bueno,Buena,Nocturna,Buen Tiempo,S/D,Ciclista,Atropello,Ninguna,Faltante,Cordón divisorio,Sin restricción
2018,1940,2018-04-27,Viernes,0,14:00:00,,0.0,2,"Moto/Ciclomotor,Automóvil",Av Pe?aloza Y Javier de la Rosa,2,1,0,0,1,0,0,"-31.594833333333,-60.712",Avenida,,SANTA FE,La Capital,Asfalto,No existe,I,Dentro,Urbana,Ninguna,No existe,Intersección,Bueno,Buena,Diurna,Buen Tiempo,Frontal,S/D,Colisión,Ninguna,Faltante,Cordón divisorio,Sin restricción
2018,1941,2018-04-04,Miercoles,0,17:30:00,,0.0,2,"Moto/Ciclomotor,Bicicleta",Gorriti Y Av Facundo Zuviria,2,2,0,0,0,0,0,"-31.589305555556,-60.698138888889",Avenida,,SANTA FE,La Capital,Asfalto,No existe,I,Dentro,Urbana,Semáforo,Funciona,Curva,Bueno,Buena,Diurna,Buen Tiempo,S/D,Ciclista,Atropello,S/D,Vertical,S/D,S/D
2018,1942,2018-04-09,Lunes,0,17:50:00,,0.0,2,"Automóvil,Moto/Ciclomotor",Gorriti Y 1ro de Mayo,2,1,0,0,1,0,0,"-31.590305555556,-60.694166666667",Avenida,,SANTA FE,La Capital,Asfalto,No existe,I,Dentro,Urbana,S/D,No existe,Intersección,Deteriorada,Buena,Diurna,Buen Tiempo,Lateral,S/D,Colisión,Fluidos,Faltante,S/D,S/D
2018,1943,2018-04-10,Martes,0,01:30:00,,0.0,1,Moto/Ciclomotor,Av A del Valle 8900,1,1,0,0,0,0,0,"-31.586305555556,-60.691083333333",Avenida,,SANTA FE,La Capital,Asfalto,No existe,I,Dentro,Urbana,S/D,No existe,Recta,Bueno,Buena,"Nocturna,Con luz artificial",Buen Tiempo,Atropello animal,S/D,Colisión,S/D,Faltante,S/D,S/D
2018,1944,2018-04-16,Lunes,0,12:00:00,,0.0,2,"Transporte de Pasajeros (H/ 8 asientos),Moto/Ciclomotor",Javier de la Rosa Y San Martin,2,1,0,0,1,0,0,"-31.599111111111,-60.692527777778",Calle,,SANTA FE,La Capital,"Tierra,Ripio",Natural,I,Dentro,Urbana,S/D,No existe,Intersección,Deteriorada,Buena,Diurna,Buen Tiempo,Lateral,S/D,Colisión,Fluidos,Faltante,S/D,S/D
2018,1945,2018-04-04,Miercoles,0,10:40:00,,0.0,2,"Automóvil,Moto/Ciclomotor",Caseros Y Saavedra,2,1,0,0,1,0,0,"-30.308527777778,-61.233083333333",Calle,,SAN CRISTÓBAL,San Cristóbal,Asfalto,No existe,XIII,Dentro,Urbana,Ninguna,No existe,Recta,Bueno,Buena,Diurna,Buen Tiempo,Lateral,S/D,Colisión,Ninguna,Vertical,Ninguna,Sin restricción
2018,1946,2018-04-18,Miercoles,0,21:30:00,,0.0,2,"Automóvil,Otros",Javier de la Rosa Y San Jeronimo,2,1,0,0,1,0,0,"-31.598805555556,-60.694",Calle,,SANTA FE,La Capital,"Tierra,Ripio",No existe,I,S/D,Urbana,S/D,S/D,Intersección,Deteriorada,Buena,"Nocturna,Con luz artificial",Buen Tiempo,Lateral,S/D,Colisión,Fluidos,Faltante,S/D,S/D
2018,1947,2018-04-21,Sabado,0,17:50:00,,0.0,2,"Pickup/Utilitario,Peatón",French Y 4 de Enero,2,1,0,0,0,0,1,"-31.591472222222,-60.696111111111",Calle,,SANTA FE,La Capital,"Asfalto,Ripio",No existe,I,S/D,Urbana,S/D,No existe,Intersección,"Con baches,Deteriorada",Buena,Diurna,Buen Tiempo,S/D,Peatón,Atropello,S/D,Faltante,S/D,S/D
2018,1948,2018-04-22,Domingo,0,22:30:00,,0.0,2,"Pickup/Utilitario,Otros",Gorriti Y San Jose,2,1,0,0,1,0,0,"-31.587611111111,-60.705972222222",Avenida,,SANTA FE,La Capital,Asfalto,No existe,I,S/D,Urbana,S/D,No existe,Intersección,Bueno,Reducida,"Nocturna,Con luz artificial",Otro,Lateral,S/D,Colisión,S/D,Faltante,S/D,S/D
2018,1949,2018-04-23,Lunes,0,18:30:00,,0.0,2,"Otros,Moto/Ciclomotor",Av Facundo Zuviria Y Matheu,2,0,0,1,1,0,0,"-31.591833333333,-60.698694444444",Avenida,,SANTA FE,La Capital,"Asfalto,Tierra",No existe,I,Dentro,Urbana,S/D,S/D,Intersección,Bueno,Buena,"Atardecer,Con luz artificial",Buen Tiempo,Lateral,S/D,Colisión,S/D,Faltante,S/D,S/D
2018,1950,2018-04-22,Domingo,0,06:50:00,,0.0,1,Moto/Ciclomotor,Vera Mujica 554,1,1,0,0,0,0,0,"-29.881618,-61.956170",Calle,,CERES,San Cristóbal,Tierra,No existe,XIII,Dentro,Urbana,Ninguna,No existe,Recta,Deteriorada,Buena,Amanecer,Buen Tiempo,Contra objeto fijo,S/D,Colisión,Otro,Faltante,Ninguna,Sin restricción
2018,1951,2018-04-01,Domingo,0,13:50:00,,0.0,2,"Automóvil,Moto/Ciclomotor",J P Lopez Y Republica de Siria,2,1,0,0,1,0,0,"-31.608944444444,-60.691694444444",Calle,,SANTA FE,La Capital,Asfalto,No existe,I,S/D,Urbana,Ninguna,No existe,Intersección,Bueno,Buena,Diurna,Buen Tiempo,Lateral,S/D,Colisión,Ninguna,S/D,Ninguna,Sin restricción
2018,1952,2018-04-02,Lunes,0,01:15:00,,0.0,1,Moto/Ciclomotor,Derqui Y Candioti,1,1,0,0,0,0,0,"-31.618055555556,-60.689833333333",Calle,,SANTA FE,La Capital,Asfalto,No existe,I,S/D,Urbana,Ninguna,No existe,Intersección,Bueno,Reducida,Nocturna,Buen Tiempo,S/D,S/D,Caída ocupante,Otro,S/D,Ninguna,Sin restricción
2018,1953,2018-04-03,Martes,0,12:50:00,,0.0,2,"Moto/Ciclomotor,Automóvil",Las Heras Y Salvador del Carril,3,2,0,0,1,0,0,"-31.619388888889,-60.6925",Avenida,,SANTA FE,La Capital,Asfalto,No existe,I,S/D,Urbana,Ninguna,S/D,Intersección,Bueno,Buena,Diurna,Buen Tiempo,Lateral,S/D,Colisión,Ninguna,S/D,Ninguna,Sin restricción
2018,1954,2018-04-03,Martes,0,11:20:00,,0.0,2,"Automóvil,Moto/Ciclomotor",J Castelli Y Republica de Siria,3,1,1,0,1,0,0,"-31.607138888889,-60.691166666667",Calle,,SANTA FE,La Capital,Asfalto,No existe,I,S/D,Urbana,Ninguna,No existe,Intersección,Bueno,Buena,Diurna,Buen Tiempo,Lateral,S/D,Colisión,Ninguna,S/D,Ninguna,Sin restricción
2018,1955,2018-04-05,Jueves,0,13:00:00,,0.0,2,"Automóvil,Otros",Av Gral Paz Y Pedro Diaz Colodrero,2,0,0,0,0,0,2,"-31.627444444444,-60.691",Avenida,,SANTA FE,La Capital,Asfalto,No existe,I,Dentro,Urbana,Ninguna,No existe,Intersección,Bueno,Buena,Diurna,Buen Tiempo,Lateral,S/D,Colisión,Ninguna,S/D,Ninguna,Sin restricción
2018,1956,2018-04-08,Domingo,0,20:45:00,,0.0,2,"Moto/Ciclomotor,Automóvil",Av Gral Paz Y J M Zuviria,2,1,0,0,1,0,0,"-31.619916666667,-60.685638888889",Avenida,,SANTA FE,La Capital,Asfalto,No existe,I,S/D,Urbana,Ninguna,S/D,Intersección,Bueno,S/D,"Nocturna,Con luz artificial",Buen Tiempo,Lateral,S/D,Colisión,Ninguna,S/D,Ninguna,Sin restricción
2018,1957,2018-04-10,Martes,0,22:15:00,,0.0,2,"Automóvil,Moto/Ciclomotor",Belgrano Y Hernandarias,2,1,0,0,1,0,0,"-31.60825,-60.690361111111",Calle,,SANTA FE,La Capital,Asfalto,No existe,I,S/D,Urbana,Ninguna,No existe,Intersección,Bueno,Buena,"Nocturna,Con luz artificial",Buen Tiempo,Lateral,S/D,Colisión,Ninguna,S/D,Ninguna,Sin restricción
2018,1958,2018-04-12,Jueves,0,13:00:00,,0.0,2,"Pickup/Utilitario,Moto/Ciclomotor",Av A del Valle Y Huergo,5,0,0,0,0,0,5,"-31.614638888889,-60.696666666667",Avenida,,SANTA FE,La Capital,Asfalto,No existe,I,S/D,Urbana,Ninguna,No existe,Intersección,Bueno,Buena,Diurna,Buen Tiempo,Lateral,S/D,Colisión,Ninguna,S/D,Ninguna,Sin restricción
2018,1959,2018-04-13,Viernes,0,09:30:00,,0.0,2,"Automóvil,Moto/Ciclomotor",Angel Cassanello Y Alvear,2,1,0,0,1,0,0,"-31.610527777778,-60.688777777778",Calle,,SANTA FE,La Capital,Asfalto,No existe,I,S/D,Urbana,S/D,No existe,Intersección,Bueno,Buena,Diurna,Buen Tiempo,Lateral,S/D,Colisión,Ninguna,S/D,Ninguna,Sin restricción
2018,1960,2018-04-13,Viernes,0,09:50:00,,0.0,2,"Pickup/Utilitario,Moto/Ciclomotor", ,2,1,0,0,1,0,0,"-31.599437,-60.682113",Calle,,SANTA FE,La Capital,Asfalto,No existe,I,S/D,Urbana,Ninguna,No existe,Intersección,Bueno,Buena,Diurna,Buen Tiempo,Lateral,S/D,Colisión,Ninguna,S/D,Ninguna,Sin restricción
2018,1961,2018-04-13,Viernes,0,13:30:00,,0.0,2,"Moto/Ciclomotor,Automóvil",Av Gral Paz Y Lavaisse,2,1,0,0,1,0,0,"-31.61575,-60.682583333333",Avenida,,SANTA FE,La Capital,Asfalto,No existe,I,S/D,Urbana,Ninguna,No existe,Intersección,Bueno,Buena,Diurna,Buen Tiempo,Lateral,S/D,Colisión,Ninguna,S/D,Ninguna,Sin restricción
2018,1962,2018-04-15,Domingo,0,21:40:00,,0.0,2,"Automóvil,Moto/Ciclomotor",Av Almte Brown Y Pje Calcena,2,1,0,0,1,0,0,"-31.626166666667,-60.67925",Avenida,,SANTA FE,La Capital,Asfalto,No existe,I,S/D,Urbana,Ninguna,No existe,Intersección,Bueno,Buena,Nocturna,Buen Tiempo,Lateral,S/D,Colisión,Ninguna,S/D,Ninguna,Sin restricción
2018,1963,2018-04-16,Lunes,0,19:30:00,,0.0,2,"Moto/Ciclomotor,Automóvil",Guemes Y Quintana,3,1,0,0,1,0,1,"-31.62575,-60.685333333333",Calle,,SANTA FE,La Capital,Asfalto,No existe,I,S/D,Urbana,Ninguna,No existe,Intersección,Bueno,Buena,Atardecer,Buen Tiempo,Lateral,S/D,Colisión,Ninguna,S/D,Ninguna,Sin restricción
2018,1964,2018-04-20,Viernes,0,13:30:00,,0.0,2,"Automóvil,Moto/Ciclomotor",Av Gral Lopez 5600,2,1,0,0,1,0,0,"-31.655111111111,-60.721083333333",Avenida,,SANTA FE,La Capital,Asfalto,No existe,I,S/D,Urbana,Ninguna,No existe,Recta,Bueno,Buena,Diurna,Buen Tiempo,Lateral,S/D,Colisión,Ninguna,S/D,Ninguna,Sin restricción
2018,1965,2018-04-23,Lunes,0,09:00:00,,0.0,1,Moto/Ciclomotor,Bv Muttis Y Laprida,1,1,0,0,0,0,0,"-31.627416666667,-60.681138888889",Calle,,SANTA FE,La Capital,Asfalto,No existe,I,S/D,Urbana,Ninguna,No existe,Intersección,Resbaladiza,Buena,Diurna,Buen Tiempo,S/D,S/D,Caída ocupante,Agua,S/D,Ninguna,Sin restricción
2018,1966,2018-04-23,Lunes,0,14:20:00,,0.0,2,"Moto/Ciclomotor,Automóvil",Dorrego Y Salvador del Carril,3,1,0,0,2,0,0,"-31.621305555556,-60.68175",Calle,,SANTA FE,La Capital,Asfalto,No existe,I,S/D,Urbana,Ninguna,No existe,Intersección,Bueno,S/D,Diurna,Buen Tiempo,S/D,S/D,Colisión,Ninguna,S/D,Ninguna,Sin restricción
2018,1967,2018-05-10,Jueves,0,09:00:00,,0.0,2,"Automóvil,Automóvil",Riobamba Y Chacabuco,2,1,0,0,1,0,0,"-32.96575,-60.626972222222",Calle,,ROSARIO,Rosario,Asfalto,No existe,II,S/D,Urbana,Ninguna,No existe,Intersección,Bueno,Buena,Diurna,Buen Tiempo,Lateral,S/D,Colisión,Ninguna,Faltante,Ninguna,Sin restricción
2018,1968,2018-05-02,Miercoles,0,13:10:00,,0.0,2,"Automóvil,Automóvil", ,2,1,0,0,1,0,0,"-32.961638888889,-60.657805555556",Calle,,ROSARIO,Rosario,Asfalto,No existe,II,S/D,Urbana,Ninguna,No existe,Curva,Bueno,Buena,Diurna,Buen Tiempo,De alcance,S/D,Colisión,Ninguna,Faltante,Ninguna,Sin restricción
2018,1969,2018-05-04,Viernes,0,16:10:00,,0.0,2,"Moto/Ciclomotor,Pickup/Utilitario",Av. Corrientes Y Cerrito,2,1,0,0,1,0,0,"-32.96112, -60.64621",Calle,,ROSARIO,Rosario,Asfalto,No existe,II,Dentro,Urbana,Señal Pare,No existe,Intersección,Bueno,Buena,Diurna,Buen Tiempo,Lateral,S/D,Colisión,Ninguna,Vertical,Ninguna,Sin restricción
2018,1970,2018-06-15,Viernes,0,18:20:00,,0.0,2,"Vehículo Oficial,Automóvil",Av. Ovidio Lagos Y Pje. J.Marc,4,1,0,0,3,0,0,"-32.993166666667,-60.67375",S/D,,ROSARIO,Rosario,Asfalto,No existe,II,S/D,Urbana,Ninguna,No existe,Recta,Bueno,Buena,Atardecer,Buen Tiempo,Lateral,S/D,Colisión,S/D,Vertical,Cordón divisorio,Sin restricción
2018,1971,2018-05-04,Viernes,0,08:40:00,,0.0,2,"Bicicleta,Automóvil",La Paz Y Pte.Roca,2,1,0,0,1,0,0,"-32.962916666667,-60.649583333333",Calle,,ROSARIO,Rosario,Asfalto,No existe,II,Dentro,Urbana,Ninguna,No existe,Intersección,Bueno,Buena,Diurna,Buen Tiempo,Lateral,Ciclista,Atropello,Ninguna,Faltante,Ninguna,Sin restricción
2018,1972,2018-05-05,Sabado,0,08:10:00,,0.0,2,"Bicicleta,Automóvil",Pueyrredon Y Amenabar,2,1,0,0,1,0,0,"-32.96875,-60.663888888889",Calle,,ROSARIO,Rosario,Asfalto,No existe,II,Dentro,Urbana,Ninguna,No existe,Intersección,Resbaladiza,Buena,Diurna,Lluvia,Otro,Ciclista,Atropello,Agua,S/D,Ninguna,Sin restricción
2018,1973,2018-05-14,Lunes,0,08:00:00,,0.0,2,"Automóvil,Moto/Ciclomotor",Av Cordoba Y Bartolome Mitre,3,1,0,0,2,0,0,"-31.447416666667,-60.936777777778",Calle,,ESPERANZA,Las Colonias,Asfalto,No existe,XI,Dentro,Urbana,Ninguna,No existe,Intersección,Bueno,Buena,Diurna,Buen Tiempo,De alcance,S/D,Colisión,Ninguna,Vertical,Ninguna,Sin restricción
2018,1974,2018-05-05,Sabado,0,00:30:00,,0.0,2,"Moto/Ciclomotor,Automóvil",Bv. Oro?o Y Amenabar,2,1,0,0,1,0,0,"-32.969472222222,-60.659777777778",Avenida,,ROSARIO,Rosario,Asfalto,No existe,II,Dentro,Urbana,Semáforo,Funciona,Recta,Bueno,Buena,"Nocturna,Con luz artificial",Lluvia,De alcance,S/D,Colisión,Agua,Vertical,Cordón divisorio,Sin restricción
2018,1975,2018-05-20,Domingo,1,20:40:00,,0.0,2,"Moto/Ciclomotor,Automóvil",General Manuel Belgrano 2800,3,1,0,0,2,0,0,"-31.443138888889,-60.927555555556",Calle,,ESPERANZA,Las Colonias,Asfalto,No existe,XI,S/D,Urbana,Ninguna,No existe,Recta,Bueno,Buena,S/D,Buen Tiempo,Lateral,S/D,Colisión,Ninguna,Vertical,Ninguna,Sin restricción
2018,1976,2018-05-07,Lunes,0,07:40:00,,0.0,2,"Bicicleta,Automóvil",Ayacucho Y Cochabamba,2,1,0,0,1,0,0,"-32.960444444444,-60.629888888889",Calle,,ROSARIO,Rosario,Asfalto,No existe,II,Dentro,Urbana,Ninguna,No existe,Intersección,Bueno,Buena,Diurna,Buen Tiempo,S/D,Ciclista,Atropello,Ninguna,Faltante,Ninguna,Sin restricción
2018,1977,2018-06-21,Jueves,0,18:55:00,,0.0,2,"Moto/Ciclomotor,Automóvil",Av. Ovidio Lagos Y Bv. Segui,2,1,0,0,1,0,0,"-32.974972222222,-60.669222222222",Avenida,,ROSARIO,Rosario,Asfalto,S/D,II,Dentro,Urbana,Semáforo,S/D,Recta,Bueno,S/D,S/D,Buen Tiempo,Lateral,S/D,Colisión,Ninguna,Faltante,Cordón divisorio,Sin restricción
2018,1978,2018-05-07,Lunes,0,08:10:00,,0.0,2,"Automóvil,Automóvil",Ayacucho Y Ituzaingo,2,1,0,0,1,0,0,"-32.962722222222,-60.6305",Calle,,ROSARIO,Rosario,Asfalto,No existe,II,Dentro,Urbana,Ninguna,No existe,Intersección,Bueno,Buena,Diurna,Buen Tiempo,Lateral,S/D,Colisión,Ninguna,Faltante,Ninguna,Sin restricción
2018,1979,2018-06-07,Jueves,0,12:35:00,Ruta Provincial 16,3.0,2,"Automóvil,Moto/Ciclomotor", ,3,1,0,0,2,0,0,"-33.0864, -60.5986",Ruta,16,PUEBLO ESTHER,Rosario,Asfalto,No existe,II,S/D,Rural,S/D,S/D,Intersección,Bueno,S/D,S/D,S/D,S/D,S/D,S/D,Ninguna,S/D,Ninguna,S/D
2018,1980,2018-05-07,Lunes,0,07:45:00,,0.0,2,"Bicicleta,Taxi/Remis",Av. Corrientes Y Ocampo,2,1,0,0,1,0,0,"-32.965694444444,-60.647416666667",Calle,,ROSARIO,Rosario,Asfalto,No existe,II,Dentro,Urbana,Ninguna,No existe,Recta,Bueno,Buena,Diurna,Buen Tiempo,Otro,Ciclista,Atropello,Ninguna,Faltante,Ninguna,Sin restricción
2018,1981,2018-05-22,Martes,0,14:30:00,,0.0,2,"Pickup/Utilitario,Moto/Ciclomotor",Lavalle Y Cesar M Pittier,3,2,0,0,1,0,0,"-31.44634, -60.93367",Calle,,ESPERANZA,Las Colonias,Ripio,Natural,XI,Dentro,Rural,Ninguna,No existe,Intersección,Bueno,Buena,Diurna,Buen Tiempo,Lateral,S/D,Colisión,Ninguna,Vertical,Ninguna,Sin restricción
2018,1982,2018-06-21,Jueves,0,18:25:00,,0.0,3,"Moto/Ciclomotor,Moto/Ciclomotor,Automóvil",Bv. Avellaneda Y Biedma,3,1,1,0,1,0,0,"-32.974055555556,-60.687944444444",Avenida,,ROSARIO,Rosario,Asfalto,No existe,II,Dentro,Urbana,Ninguna,No existe,Intersección,Bueno,Buena,Atardecer,Buen Tiempo,Frontal,S/D,Colisión,Ninguna,Faltante,Cordón divisorio,Sin restricción
2018,1983,2018-05-01,Martes,0,,,0.0,2,"Moto/Ciclomotor,Automóvil",L.N.Alem Y Pasco,3,2,0,0,1,0,0,"-32.961333333333,-60.631611111111",Calle,,ROSARIO,Rosario,Asfalto,No existe,II,S/D,Urbana,Ninguna,No existe,Intersección,Bueno,Buena,Diurna,Buen Tiempo,Lateral,S/D,Colisión,Ninguna,Faltante,Ninguna,Sin restricción
2018,1984,2018-06-12,Martes,0,17:30:00,Ruta Provincial 21,0.0,2,"Moto/Ciclomotor,Automóvil",San Martin Y Ruta Provincial 21,3,2,0,0,1,0,0,"-33.073817004811, -60.578043217275",Ruta,21,PUEBLO ESTHER,Rosario,Asfalto,S/D,II,S/D,Urbana,S/D,S/D,Cruce,Bueno,S/D,Atardecer,S/D,S/D,S/D,S/D,S/D,S/D,S/D,S/D
2018,1985,2018-05-10,Jueves,0,07:00:00,,0.0,2,"Peatón,Automóvil",Bv. 27 De Febrero Y Alvear,2,1,0,0,1,0,0,"-32.964777777778,-60.660055555556",Calle,,ROSARIO,Rosario,Asfalto,No existe,II,S/D,Urbana,Ninguna,No existe,Intersección,Bueno,Buena,Diurna,Buen Tiempo,S/D,Peatón,Atropello,Ninguna,Faltante,Ninguna,Sin restricción
2018,1986,2018-05-23,Miercoles,0,08:25:00,,0.0,1,Camión Chasis,3 de Febrero Y Mariano Moreno,3,1,0,0,2,0,0,"-31.446777777778,-60.931777777778",Calle,,ESPERANZA,Las Colonias,Asfalto,No existe,XI,S/D,Urbana,Ninguna,No existe,Intersección,Bueno,Buena,Diurna,Buen Tiempo,Otro,S/D,Caída ocupante,Ninguna,Vertical,Ninguna,Sin restricción
2018,1987,2018-06-28,Jueves,0,09:25:00,,0.0,2,"Moto/Ciclomotor,Automóvil",Italia Y Mendoza,3,1,0,0,2,0,0,"-33.113985767018, -60.563323254201",Calle,,GENERAL LAGOS,Rosario,Asfalto,S/D,II,Dentro,Urbana,Ninguna,No existe,Intersección,Bueno,Buena,Diurna,Buen Tiempo,Frontal,S/D,Colisión,Ninguna,Faltante,Ninguna,Sin restricción
2018,1988,2018-05-11,Viernes,0,20:05:00,,0.0,2,"Automóvil,Automóvil",Pasco Y Pte.Roca,2,1,0,0,1,0,0,"-32.958333333333,-60.648444444444",Calle,,ROSARIO,Rosario,Asfalto,No existe,II,Dentro,Urbana,Ninguna,No existe,Intersección,Bueno,Buena,Diurna,Buen Tiempo,Lateral,S/D,Colisión,Ninguna,Faltante,Ninguna,Sin restricción
2018,1989,2018-05-17,Jueves,0,,,0.0,2,"Automóvil,Moto/Ciclomotor",Av. Pte.Peron Y Ricchieri,2,1,0,0,1,0,0,"-32.955694444444,-60.66625",Calle,,ROSARIO,Rosario,Asfalto,No existe,II,S/D,Urbana,Ninguna,No existe,Intersección,Bueno,Buena,Diurna,Buen Tiempo,Lateral,S/D,Colisión,Ninguna,Faltante,Ninguna,Sin restricción
2018,1990,2018-06-22,Viernes,0,20:00:00,,0.0,2,"Bicicleta,Vehículo Oficial",Cafferata Y Pte.Quintana,4,1,1,0,2,0,0,"-32.976666666667,-60.680083333333",Calle,,ROSARIO,Rosario,Asfalto,No existe,II,Dentro,Urbana,Ninguna,No existe,Intersección,Bueno,Buena,Nocturna,Buen Tiempo,Lateral,Ciclista,Atropello,Ninguna,Faltante,Cordón divisorio,Sin restricción
2018,1991,2018-05-23,Miercoles,0,20:40:00,Ruta Provincial 70,19.5,2,"Automóvil,Pickup/Utilitario",A Aufranc Y 1 de Mayo,3,1,0,0,2,0,0,"-31.444666666667,-60.921055555556",Ruta,70,ESPERANZA,Las Colonias,Asfalto,No existe,XI,Dentro,Urbana,Semáforo,Funciona,Recta,Bueno,Buena,Nocturna,Buen Tiempo,De alcance,S/D,Colisión,Ninguna,Vertical,Ninguna,Sin restricción