anio_acci,nro_acci,fecha,desc_dia,fecha_aprox,hora_aprox,desc_ruta,km,cant_participantes,desc_participante,calle_avenida_km,total,heridos_leves,heridos_graves,heridos_gravisimos,ilesos,fallecidos,sin_datos,posicion_XY,desc_tipo_via,desc_ruta_ori,desc_loc,desc_dpto,desc_tipo_calzada,desc_tipo_banquina,desc_unidad_regional,desc_lugar_calzada,desc_zona,desc_prioridad,desc_estado_semaforo,desc_lugar_via,desc_estado_via,desc_estado_visibilidad,desc_luminosidad,desc_estado_clima,desc_tipo_colision,desc_tipo_atropello,desc_tipo_hecho,desc_pres_calzada,desc_senializacion,desc_separacion_via,desc_restriccion
2018,1992,2018-06-02,Sabado,0,13:00:00,Ruta Provincial 21,12.0,2,"Moto/Ciclomotor,Automóvil", ,3,2,0,0,1,0,0,"-33.06536, -60.58869",Ruta,21,GENERAL LAGOS,Rosario,Asfalto,Natural,II,Dentro,Rural,Ninguna,No existe,Recta,Bueno,Buena,Diurna,Buen Tiempo,Frontal,S/D,Colisión,Ninguna,Faltante,Ninguna,Sin restricción
2018,1993,2018-05-28,Lunes,0,18:00:00,,0.0,2,"Bicicleta,Automóvil",Buenos Aires Y Riobamba,2,1,0,0,1,0,0,"-32.964,-60.636861111111",Calle,,ROSARIO,Rosario,Asfalto,No existe,II,S/D,Urbana,Ninguna,No existe,Intersección,Bueno,Buena,Diurna,Buen Tiempo,S/D,Ciclista,Atropello,Ninguna,Faltante,Ninguna,Sin restricción
2018,1994,2018-05-25,Viernes,0,10:15:00,,0.0,2,"Automóvil,Automóvil",Rueda Y Mitre,2,1,0,0,1,0,0,"-32.970805555556,-60.645722222222",Calle,,ROSARIO,Rosario,Asfalto,No existe,II,S/D,Urbana,Ninguna,No existe,Intersección,Bueno,Buena,Diurna,Buen Tiempo,Lateral,S/D,Colisión,Ninguna,Faltante,Ninguna,Sin restricción
2018,1995,2018-06-23,Sabado,0,12:00:00,,0.0,2,"Automóvil,Automóvil",Bv. Avellaneda Y Garibaldi,3,2,0,0,1,0,0,"-32.977444444444,-60.688805555556",Avenida,,ROSARIO,Rosario,Asfalto,No existe,II,Dentro,Urbana,Ninguna,No existe,Intersección,Bueno,Buena,Diurna,Buen Tiempo,De alcance,S/D,Colisión,S/D,Faltante,Cordón divisorio,Sin restricción
2018,1996,2018-05-23,Miercoles,0,15:00:00,,0.0,2,"Automóvil,Automóvil",Av. Pellegrini 1800,2,0,0,0,1,0,1,"-32.955444444444,-60.650611111111",Calle,,ROSARIO,Rosario,Asfalto,No existe,II,S/D,Urbana,Ninguna,No existe,Recta,Bueno,Buena,Diurna,Buen Tiempo,Frontal,S/D,Colisión,Ninguna,Faltante,Ninguna,Sin restricción
2018,1997,2018-05-30,Miercoles,0,10:30:00,,0.0,2,"Bicicleta,Automóvil",G Alvear Y Saavedra,2,1,0,0,1,0,0,"-31.456111111111,-60.938416666667",Calle,,ESPERANZA,Las Colonias,Ripio,No existe,XI,Dentro,Urbana,Ninguna,No existe,Intersección,Bueno,Buena,Diurna,Lluvia,Otro,S/D,Colisión,Ninguna,Faltante,Ninguna,Sin restricción
2018,1998,2018-06-26,Martes,0,12:50:00,Ruta Secundaria 25-s,0.0,2,"Automóvil,Automóvil", ,4,1,0,0,3,0,0,"-33.055406322132, -60.637073273275",Ruta,25-s,ALVEAR,Rosario,Asfalto,Natural,II,Dentro,Rural,Ninguna,No existe,Intersección,Con baches,Buena,Diurna,Buen Tiempo,Lateral,S/D,Colisión,S/D,S/D,Línea divisoria pintada,S/D
2018,1999,2018-05-19,Sabado,0,14:00:00,,0.0,2,"Automóvil,Moto/Ciclomotor",Espa?a Y Pasco,2,1,0,0,1,0,0,"-32.958083333333,-60.649833333333",Calle,,ROSARIO,Rosario,Asfalto,No existe,II,S/D,Urbana,Ninguna,No existe,Intersección,Bueno,Buena,Diurna,Buen Tiempo,Lateral,S/D,Colisión,Ninguna,Faltante,Ninguna,Sin restricción
2018,2000,2018-05-22,Martes,0,12:40:00,,0.0,2,"Camión c / Semirremolque,Moto/Ciclomotor",Callao Y Mr.Ross,2,0,1,0,1,0,0,"-32.984305555556,-60.670638888889",Calle,,ROSARIO,Rosario,Asfalto,No existe,II,S/D,Urbana,Ninguna,No existe,Intersección,Bueno,Buena,Diurna,Buen Tiempo,Lateral,S/D,Colisión,Ninguna,Faltante,Ninguna,Sin restricción
2018,2001,2018-06-13,Miercoles,0,22:00:00,Ruta Provincial 21,4.0,2,"Moto/Ciclomotor,Automóvil", ,5,1,0,0,4,0,0,"-33.05114, -60.60316",Ruta,21,ALVEAR,Rosario,Asfalto,Natural,II,Dentro,Rural,Ninguna,No existe,Recta,Bueno,Buena,Nocturna,Buen Tiempo,Lateral,S/D,Colisión,Ninguna,S/D,Línea divisoria pintada,S/D
2018,2002,2018-05-26,Sabado,0,10:30:00,,0.0,2,"Moto/Ciclomotor,Automóvil",Av. Battle y Ordo?ez Y Buenos Aires,2,1,0,0,1,0,0,"-33.008805555556,-60.644666666667",Calle,,ROSARIO,Rosario,Asfalto,No existe,II,S/D,Urbana,Ninguna,No existe,Intersección,Bueno,Buena,Diurna,Buen Tiempo,Lateral,S/D,Colisión,Ninguna,Faltante,Cordón divisorio,Sin restricción
2018,2003,2018-06-24,Domingo,0,06:15:00,,0.0,2,"Moto/Ciclomotor,Automóvil",Bv. Avellaneda Y Av. Uriburu,3,2,0,0,1,0,0,"-32.991888888889,-60.689333333333",Avenida,,ROSARIO,Rosario,Asfalto,No existe,II,Dentro,Urbana,Semáforo,Funciona,Intersección,Bueno,Buena,Nocturna,Buen Tiempo,Lateral,S/D,Colisión,Ninguna,Faltante,Cordón divisorio,Sin restricción
2018,2004,2018-05-29,Martes,0,13:50:00,,0.0,2,"Moto/Ciclomotor,Pickup/Utilitario",Domingo Faustino Sarmiento Y Balcarce,2,1,0,0,1,0,0,"-31.457972222222,-60.934166666667",Calle,,ESPERANZA,Las Colonias,Asfalto,No existe,XI,Dentro,Urbana,Ninguna,No existe,Intersección,Bueno,Buena,Diurna,Buen Tiempo,Lateral,S/D,Colisión,Ninguna,Faltante,Ninguna,Sin restricción
2018,2005,2018-05-20,Domingo,0,21:30:00,,0.0,2,"Moto/Ciclomotor,Automóvil",San Martin Y Centeno,2,1,0,0,1,0,0,"-32.985194444444,-60.645638888889",Calle,,ROSARIO,Rosario,Asfalto,No existe,II,Dentro,Urbana,Ninguna,No existe,Intersección,Bueno,Buena,Nocturna,Buen Tiempo,Lateral,S/D,Colisión,Ninguna,Faltante,Ninguna,Sin restricción
2018,2006,2018-06-20,Miercoles,0,12:10:00,,0.0,2,"Moto/Ciclomotor,Automóvil",Av Juan Domingo Peron Y Laprida,2,1,0,0,1,0,0,"-33.024111111111,-60.623638888889",Avenida,,VILLA GOBERNADOR GÁLVEZ,Rosario,Asfalto,No existe,II,S/D,Urbana,Ninguna,No existe,Intersección,Bueno,Buena,Diurna,Buen Tiempo,Lateral,S/D,Colisión,Ninguna,Faltante,Ninguna,Sin restricción
2018,2007,2018-05-16,Miercoles,0,18:35:00,,0.0,2,"Moto/Ciclomotor,Pickup/Utilitario",24 De Setiembre Y Bv. Oro?o,2,1,0,0,1,0,0,"-32.977472222222,-60.661972222222",Calle,,ROSARIO,Rosario,Asfalto,No existe,II,S/D,Urbana,Ninguna,No existe,Intersección,Bueno,Buena,Atardecer,Buen Tiempo,Lateral,S/D,Colisión,Ninguna,Faltante,Ninguna,Sin restricción
2018,2008,2018-05-31,Jueves,0,13:50:00,,0.0,2,"Moto/Ciclomotor,Bicicleta",M M T de Hoenfels Y Laprida,2,0,1,0,1,0,0,"-31.440833333333,-60.9415",Avenida,,ESPERANZA,Las Colonias,Asfalto,No existe,XI,Dentro,Urbana,Ninguna,No existe,Intersección,Bueno,Buena,Diurna,Otro,S/D,Ciclista,Atropello,Ninguna,Vertical,Cordón divisorio,Sin restricción
2018,2009,2018-06-20,Miercoles,0,19:00:00,,0.0,2,"Moto/Ciclomotor,Automóvil",Andreu Y Espora,3,1,0,0,2,0,0,"-33.023805555556,-60.613416666667",Calle,,VILLA GOBERNADOR GÁLVEZ,Rosario,Asfalto,No existe,II,Dentro,Urbana,Ninguna,No existe,Intersección,Con baches,Buena,"Atardecer,Con luz artificial",Buen Tiempo,Lateral,S/D,Colisión,Agua,Faltante,Ninguna,Sin restricción
2018,2010,2018-05-21,Lunes,0,12:35:00,,0.0,2,"Moto/Ciclomotor,Automóvil",Bv. Segui Y Pueyrredon,2,1,0,0,1,0,0,"-32.975611111111,-60.665611111111",Calle,,ROSARIO,Rosario,Asfalto,No existe,II,Dentro,Urbana,Ninguna,No existe,Intersección,Bueno,Buena,Diurna,Buen Tiempo,Lateral,S/D,Colisión,Ninguna,Faltante,Línea divisoria pintada,Sin restricción
2018,2011,2018-06-26,Martes,0,17:05:00,,0.0,2,"Moto/Ciclomotor,Automóvil",Av. Ovidio Lagos Y Centeno,3,1,0,0,2,0,0,"-32.98075,-60.670638888889",S/D,,ROSARIO,Rosario,Asfalto,No existe,II,Dentro,Urbana,Ninguna,No existe,Intersección,Bueno,Buena,Atardecer,Buen Tiempo,Lateral,S/D,Colisión,Ninguna,Faltante,Cordón divisorio,Desvío Provisorio
2018,2012,2018-06-11,Lunes,0,22:10:00,,0.0,2,"Moto/Ciclomotor,Automóvil",Av Gral San Martin Y Balcarce,2,1,0,0,1,0,0,"-33.023,-60.627777777778",Calle,,VILLA GOBERNADOR GÁLVEZ,Rosario,Asfalto,No existe,II,Dentro,Urbana,Ninguna,No existe,Intersección,Bueno,Buena,"Nocturna,Con luz artificial",Buen Tiempo,Lateral,S/D,Colisión,Ninguna,Faltante,Ninguna,Sin restricción
2018,2013,2018-05-16,Miercoles,0,10:55:00,,0.0,2,"Moto/Ciclomotor,Pickup/Utilitario",Rafaela Y Av Los Colonizadores,2,1,0,0,1,0,0,"-31.451944444444,-60.917416666667",Avenida,,ESPERANZA,Las Colonias,Asfalto,Pavimento,XI,Dentro,Urbana,Ninguna,No existe,Intersección,Bueno,Buena,Diurna,Buen Tiempo,De alcance,S/D,Colisión,Ninguna,S/D,Ninguna,Sin restricción
2018,2014,2018-06-10,Domingo,0,15:30:00,,0.0,2,"Moto/Ciclomotor,Automóvil",J A Roca Y Pje Mar del Plata,2,1,0,0,1,0,0,"-33.022111111111,-60.605861111111",Calle,,VILLA GOBERNADOR GÁLVEZ,Rosario,Asfalto,No existe,II,Dentro,Urbana,Ninguna,No existe,Intersección,Con baches,Buena,Diurna,Buen Tiempo,Lateral,S/D,Colisión,Ninguna,Faltante,Ninguna,Sin restricción
2018,2015,2018-06-26,Martes,0,19:00:00,,0.0,2,"Moto/Ciclomotor,Automóvil",Av. Francia Y Acevedo Bis,3,2,0,0,1,0,0,"-32.98419, -60.67687",Avenida,,ROSARIO,Rosario,Asfalto,No existe,II,Dentro,Urbana,Semáforo,Funciona,Intersección,Bueno,Buena,Nocturna,Buen Tiempo,Lateral,S/D,Colisión,Ninguna,Faltante,Cordón divisorio,Sin restricción
2018,2016,2018-05-24,Jueves,0,17:05:00,,0.0,2,"Pickup/Utilitario,Moto/Ciclomotor",Cullen Y J M Estrada,3,1,0,0,2,0,0,"-31.450444444444,-60.939666666667",Calle,,ESPERANZA,Las Colonias,Asfalto,Pavimento,XI,Dentro,Urbana,Ninguna,No existe,Intersección,Bueno,Buena,Diurna,Buen Tiempo,Lateral,S/D,Colisión,Ninguna,S/D,Cordón divisorio,Sin restricción
2018,2017,2018-06-14,Jueves,0,17:00:00,,0.0,2,"Automóvil,Moto/Ciclomotor",Urquiza Y Bordabhere,2,1,0,0,1,0,0,"-33.027861111111,-60.631611111111",Calle,,VILLA GOBERNADOR GÁLVEZ,Rosario,Asfalto,No existe,II,S/D,Urbana,Ninguna,S/D,Intersección,Bueno,Buena,Diurna,Buen Tiempo,S/D,S/D,Colisión,Ninguna,Faltante,Ninguna,Sin restricción
2018,2018,2018-06-07,Jueves,0,21:00:00,,0.0,2,"Moto/Ciclomotor,Pickup/Utilitario",Pasteur Y Eva Peron,4,3,0,0,1,0,0,"-33.027790298115, -60.623962635610",Calle,,VILLA GOBERNADOR GÁLVEZ,Rosario,Asfalto,No existe,II,Dentro,Urbana,Ninguna,No existe,Intersección,Deteriorada,Buena,"Nocturna,Con luz artificial",Buen Tiempo,S/D,S/D,Colisión,Ninguna,Faltante,Ninguna,Sin restricción
2018,2019,2018-04-05,Jueves,0,07:55:00,,0.0,2,"Bicicleta,Automóvil",Simon de Iriondo Y Aristobulo del Valle,2,1,0,0,1,0,0,"-31.437861111111,-60.927027777778",Avenida,,ESPERANZA,Las Colonias,Asfalto,No existe,XI,Dentro,Urbana,Ninguna,No existe,Intersección,Bueno,Buena,Diurna,Buen Tiempo,S/D,Ciclista,Atropello,Ninguna,Horizontal,Ninguna,Sin restricción
2018,2020,2018-04-11,Miercoles,0,11:00:00,,0.0,2,"Bicicleta,Otros",Domingo Faustino Sarmiento Y Cullen,3,1,0,0,2,0,0,"-31.452138888889,-60.932388888889",Calle,,ESPERANZA,Las Colonias,Asfalto,No existe,XI,Dentro,Urbana,Ninguna,No existe,Recta,Bueno,Buena,Diurna,Buen Tiempo,S/D,Ciclista,Atropello,Ninguna,Faltante,Ninguna,Sin restricción
2018,2021,2018-04-14,Sabado,0,06:15:00,,0.0,2,"Moto/Ciclomotor,Pickup/Utilitario",Soler Y Alberdi,2,1,0,0,1,0,0,"-31.461388888889,-60.931055555556",Calle,,ESPERANZA,Las Colonias,Asfalto,No existe,XI,Dentro,Urbana,Ninguna,No existe,Intersección,Bueno,Buena,Amanecer,Lluvia,Lateral,S/D,Colisión,Agua,Horizontal,Ninguna,Sin restricción
2018,2022,2018-04-17,Martes,0,12:15:00,Ruta Provincial 70,0.0,2,"Moto/Ciclomotor,Pickup/Utilitario",Ruta provincial 70 Y Dr Romang,3,2,0,0,1,0,0,"-31.444936171495, -60.919793419277",Ruta,70,ESPERANZA,Las Colonias,Asfalto,No existe,XI,Dentro,Urbana,Ninguna,No existe,Intersección,Bueno,Buena,Diurna,Buen Tiempo,Lateral,S/D,Colisión,Ninguna,Horizontal,Ninguna,Sin restricción
2018,2023,2018-04-19,Jueves,0,07:00:00,,0.0,2,"Moto/Ciclomotor,Moto/Ciclomotor",Soler Y Almirante Brown,2,1,0,0,1,0,0,"-31.461916666667,-60.928777777778",Calle,,ESPERANZA,Las Colonias,Asfalto,No existe,XI,Dentro,Urbana,Ninguna,No existe,Intersección,Bueno,Buena,"Nocturna,Con luz artificial",Buen Tiempo,Otro,S/D,Colisión,Ninguna,Horizontal,Cordón divisorio,Sin restricción
2018,2024,2018-04-22,Domingo,0,08:45:00,,0.0,2,"Automóvil,Moto/Ciclomotor",Mariano Moreno Y Estanislao Zeballos,2,1,1,0,0,0,0,"-31.438277777778,-60.929",Calle,,ESPERANZA,Las Colonias,Asfalto,No existe,XI,Dentro,Urbana,Ninguna,No existe,Intersección,Bueno,Buena,Diurna,Buen Tiempo,Otro,S/D,Colisión,Ninguna,Horizontal,Ninguna,Sin restricción
2018,2025,2018-04-07,Sabado,0,16:15:00,Ruta Nacional 98,98.0,1,Camión c / Acoplado, ,1,1,0,0,0,0,0,"-29.239581, -61.165754",Ruta,98,TOSTADO,9 de Julio,Asfalto,Natural,XII,Dentro,Urbana,Señal Ceda el Paso,No existe,Recta,Deteriorada,Buena,Diurna,Buen Tiempo,S/D,S/D,Vuelco,Ninguna,"Horizontal,Vertical","Guardarrail,Línea divisoria pintada",Sin restricción
2018,2026,2018-04-23,Lunes,0,13:10:00,Ruta Provincial 70,0.0,2,"Automóvil,Moto/Ciclomotor",General Manuel Belgrano Y A Aufranc,3,1,0,0,2,0,0,"-31.443138888889,-60.927555555556",Ruta,70,ESPERANZA,Las Colonias,Asfalto,No existe,XI,Dentro,Urbana,Ninguna,No existe,Intersección,Bueno,Buena,Diurna,Buen Tiempo,Lateral,S/D,Colisión,Ninguna,Faltante,Ninguna,Sin restricción
2018,2027,2018-04-07,Sabado,0,17:00:00,,0.0,2,"Moto/Ciclomotor,Pickup/Utilitario",Avenida San Martin Y Avenida Rivadavia,2,0,1,0,1,0,0,"-29.233293, -61.771711",Avenida,,TOSTADO,9 de Julio,Asfalto,No existe,XII,Dentro,Urbana,Ninguna,No existe,Intersección,Bueno,Buena,Diurna,Buen Tiempo,S/D,S/D,Colisión,Ninguna,Faltante,S/D,S/D
2018,2028,2018-05-05,Sabado,0,23:15:00,,0.0,2,"Bicicleta,Moto/Ciclomotor",Khantuta 1300,2,1,1,0,0,0,0,"-33.01199, -60.65141",Calle,,ROSARIO,Rosario,Asfalto,No existe,II,S/D,Urbana,Ninguna,No existe,Recta,Bueno,Buena,Con luz artificial,Buen Tiempo,Lateral,Ciclista,Atropello,Ninguna,Faltante,Ninguna,Sin restricción
2018,2029,2018-05-12,Sabado,0,20:10:00,,0.0,2,"Automóvil,Moto/Ciclomotor",San Martin Y Pje. Gral.Savio,2,1,0,0,1,0,0,"-32.996422311851, -60.648078655940",Avenida,,ROSARIO,Rosario,Asfalto,No existe,II,S/D,Urbana,Ninguna,No existe,Intersección,Bueno,Buena,Nocturna,Buen Tiempo,Lateral,S/D,Colisión,Ninguna,Faltante,Cordón divisorio,Sin restricción
2018,2030,2018-05-14,Lunes,0,17:50:00,,0.0,2,"Automóvil,Bicicleta",Av. Uriburu Y Mitre,2,1,0,0,1,0,0,"-32.990857254656, -60.650796598634",Avenida,,ROSARIO,Rosario,Asfalto,No existe,II,S/D,Urbana,Ninguna,No existe,Intersección,Bueno,S/D,Diurna,Buen Tiempo,Lateral,Ciclista,Atropello,Ninguna,Faltante,Ninguna,Sin restricción
2018,2031,2018-05-11,Viernes,0,17:00:00,,0.0,2,"Moto/Ciclomotor,Pickup/Utilitario",Santa Fe Y Castellanos,2,0,1,0,1,0,0,"-32.938422876503, -60.674731126236",Calle,,ROSARIO,Rosario,Asfalto,S/D,II,S/D,Urbana,Ninguna,Funciona,Intersección,Bueno,Buena,Diurna,Buen Tiempo,Otro,S/D,Colisión,Otro,S/D,Ninguna,Sin restricción
2018,2032,2018-06-16,Sabado,0,19:20:00,,0.0,2,"Moto/Ciclomotor,Automóvil",Soldado Aguirre Y San Nicolas,3,1,1,0,1,0,0,"-33.029357768540, -60.639762693851",Calle,,VILLA GOBERNADOR GÁLVEZ,Rosario,Asfalto,No existe,II,S/D,Urbana,Semáforo,Funciona,Intersección,Deteriorada,S/D,Con luz artificial,Buen Tiempo,S/D,S/D,Colisión,Ninguna,S/D,Cordón divisorio,Sin restricción
2018,2033,2018-06-13,Miercoles,0,19:00:00,,0.0,2,"Automóvil,Moto/Ciclomotor",Av. Francia Y Av. Ntra.Sra.del Rosario,2,1,0,0,1,0,0,"-33.00094, -60.67776",Avenida,,ROSARIO,Rosario,Asfalto,No existe,II,Dentro,Urbana,Ninguna,No existe,Intersección,Bueno,Buena,Atardecer,Buen Tiempo,Otro,S/D,Colisión,Ninguna,Faltante,Ninguna,Sin restricción
2018,2034,2018-05-13,Domingo,0,19:00:00,,0.0,2,"Automóvil,Moto/Ciclomotor",Av. Provincias Unidas Y Gorriti,4,1,0,0,3,0,0,"-32.924400813284, -60.713357677541",Avenida,,ROSARIO,Rosario,S/D,Pavimento,II,Dentro,Urbana,Ninguna,S/D,Intersección,Otro,Buena,Atardecer,Buen Tiempo,Lateral,S/D,Colisión,Otro,Vertical,Ninguna,Sin restricción
2018,2035,2018-05-23,Miercoles,0,20:30:00,,0.0,1,Moto/Ciclomotor,camino rural ,2,1,0,0,1,0,0,"-31.14199, -61.00111",Camino Rural,,PROGRESO,Las Colonias,Tierra,Natural,XI,Dentro,Rural,Ninguna,No existe,Recta,Bueno,Reducida,Nocturna,Buen Tiempo,Otro,S/D,Caída ocupante,Ninguna,Faltante,Ninguna,Sin restricción
2018,2037,2018-06-06,Miercoles,0,12:10:00,,0.0,2,"Moto/Ciclomotor,Automóvil",Pellegrini Y Av Caferata,2,1,0,0,1,0,0,"-33.031803943162, -60.641135984866",Calle,,VILLA GOBERNADOR GÁLVEZ,Rosario,Asfalto,No existe,II,Dentro,Urbana,Ninguna,No existe,Intersección,Deteriorada,S/D,Diurna,S/D,S/D,S/D,Colisión,Ninguna,Faltante,Ninguna,Sin restricción
2018,2038,2018-06-14,Jueves,0,22:10:00,,0.0,2,"Taxi/Remis,Moto/Ciclomotor",Balcarce Y Cazadores,2,1,0,0,1,0,0,"-33.00446, -60.66327",Calle,,ROSARIO,Rosario,Asfalto,No existe,II,Dentro,Urbana,Ninguna,No existe,Intersección,Bueno,Buena,Nocturna,Buen Tiempo,Otro,S/D,Colisión,Ninguna,Faltante,Ninguna,Sin restricción
2018,2039,2018-05-27,Domingo,0,16:10:00,Ruta Secundaria 80-s,131.8,1,Automóvil,Buenos Aires Y 15 de Agosto,4,2,1,0,1,0,0,"-31.12922, -60.99504",Ruta,80-s,PROGRESO,Las Colonias,Asfalto,Natural,XI,Fuera,Rural,Ninguna,No existe,Intersección,Bueno,Buena,Diurna,Buen Tiempo,Otro,S/D,Vuelco,Ninguna,Faltante,Línea divisoria pintada,Sin restricción
2018,2040,2018-06-01,Viernes,0,19:50:00,,0.0,2,"Moto/Ciclomotor,Automóvil",Urquiza Y Fray Justo Santa Maria de Oro,2,0,1,0,1,0,0,"-33.022448398118, -60.631866270511",Calle,,VILLA GOBERNADOR GÁLVEZ,Rosario,Asfalto,No existe,II,Dentro,Urbana,Ninguna,No existe,Intersección,S/D,Buena,Nocturna,Buen Tiempo,Otro,S/D,Colisión,Ninguna,Faltante,Ninguna,Sin restricción
2018,2041,2018-05-24,Jueves,0,22:00:00,,0.0,2,"Pickup/Utilitario,Moto/Ciclomotor",Jose Ingenieros Y J.Colombres,3,0,2,0,1,0,0,"-32.9176, -60.73036",Calle,,ROSARIO,Rosario,Asfalto,S/D,II,Dentro,Urbana,Otra Señal,S/D,Recta,Otro,S/D,Nocturna,Otro,Lateral,S/D,Colisión,Otro,S/D,Ninguna,Sin restricción
2018,2042,2018-05-03,Jueves,0,12:00:00,Ruta Provincial 6,0.0,2,"Bicicleta,Automóvil", ,2,1,0,0,1,0,0,"-31.75314, -61.0994",Ruta,6,SAN CARLOS SUR,Las Colonias,Asfalto,Natural,XI,Dentro,Urbana,Ninguna,No existe,Recta,Bueno,Buena,Diurna,Buen Tiempo,Lateral,S/D,Atropello,Ninguna,Vertical,Ninguna,Sin restricción
2018,2043,2018-06-09,Sabado,0,19:30:00,,0.0,2,"Automóvil,Moto/Ciclomotor",Belgrano Y Alberdi,3,1,0,0,2,0,0,"-33.029958583359, -60.624677950351",Calle,,VILLA GOBERNADOR GÁLVEZ,Rosario,Asfalto,No existe,II,S/D,Urbana,Ninguna,No existe,Intersección,Deteriorada,Buena,"Nocturna,Con luz artificial",Buen Tiempo,S/D,S/D,Colisión,Ninguna,Faltante,Ninguna,Sin restricción
2018,2044,2018-05-24,Jueves,0,22:30:00,,0.0,2,"Moto/Ciclomotor,Automóvil",J.J.Paso Y Acevedo Bis,3,2,0,0,1,0,0,"-32.92123, -60.74909",Avenida,,ROSARIO,Rosario,Asfalto,Pavimento,II,S/D,Urbana,Ninguna,Funciona,Recta,Otro,Reducida,Nocturna,Otro,De alcance,S/D,Despiste,Otro,Vertical,Ninguna,Sin restricción
2018,2045,2018-06-03,Domingo,0,14:20:00,,0.0,2,"Moto/Ciclomotor,Automóvil",Av. 2126 Y Camino Nuevo Soldini,3,2,0,0,1,0,0,"-33.02127, -60.68917",Calle,,ROSARIO,Rosario,S/D,No existe,II,Dentro,Urbana,Ninguna,No existe,Intersección,Bueno,Buena,Diurna,Buen Tiempo,Frontal,S/D,Colisión,Ninguna,Faltante,Ninguna,Sin restricción
2018,2046,2018-05-25,Viernes,0,21:50:00,,0.0,2,"Moto/Ciclomotor,Moto/Ciclomotor",Tarragona Y Av. Genova,3,2,0,0,1,0,0,"-32.91665, -60.73516",Calle,,ROSARIO,Rosario,Asfalto,S/D,II,Dentro,Urbana,Ninguna,S/D,Recta,Otro,Reducida,Nocturna,Otro,Lateral,S/D,Colisión,Otro,Vertical,Ninguna,Sin restricción
2018,2047,2018-06-07,Jueves,0,14:00:00,,0.0,2,"Pickup/Utilitario,Peatón",Mitre Y Bomberos Voluntarios,3,2,0,0,1,0,0,"-33.024443961625, -60.633153730838",Calle,,VILLA GOBERNADOR GÁLVEZ,Rosario,Asfalto,No existe,II,Dentro,Urbana,Ninguna,No existe,Intersección,Bueno,Buena,Diurna,Buen Tiempo,S/D,Peatón,Atropello,Ninguna,Faltante,Ninguna,Sin restricción
2018,2048,2018-06-19,Martes,0,19:40:00,,0.0,2,"Moto/Ciclomotor,Moto/Ciclomotor",Bv. Oro?o Y Av. Ntra.Sra.del Rosario,2,1,0,0,1,0,0,"-33.00055, -60.66496",Avenida,,ROSARIO,Rosario,Asfalto,No existe,II,Dentro,Urbana,Semáforo,Funciona,Intersección,Bueno,Buena,Atardecer,Buen Tiempo,Otro,S/D,Colisión,Ninguna,Vertical,Ninguna,Sin restricción
2018,2049,2018-05-26,Sabado,0,20:30:00,,0.0,2,"Automóvil,Moto/Ciclomotor",Sarratea Bis Y Bv. Argentino,7,4,0,0,3,0,0,"-32.924510380942, -60.741224282641",Avenida,,ROSARIO,Rosario,Asfalto,S/D,II,Dentro,Urbana,Ninguna,S/D,Recta,Otro,Buena,Atardecer,Otro,Lateral,S/D,Colisión,Otro,Vertical,Ninguna,Sin restricción
2018,2050,2018-06-05,Martes,0,07:00:00,,0.0,2,"Moto/Ciclomotor,Automóvil",P Opicci Y Bv San diego,3,2,0,0,1,0,0,"-33.019356749631, -60.634496330651",Calle,,VILLA GOBERNADOR GÁLVEZ,Rosario,Asfalto,No existe,II,S/D,Urbana,Ninguna,S/D,Intersección,Deteriorada,Reducida,Nocturna,Niebla,S/D,S/D,Colisión,S/D,Faltante,S/D,Sin restricción
2018,2051,2018-05-21,Lunes,0,18:50:00,,0.0,4,"Bicicleta,Moto/Ciclomotor,Bicicleta,Bicicleta",ACCESO A LA LOCALIDAD ,4,2,2,0,0,0,0,"-31.12291, -60.89791",S/D,,SANTO DOMINGO,Las Colonias,Asfalto,Natural,XI,Dentro,Rural,Marca Vial,No existe,Recta,Bueno,Reducida,Nocturna,Buen Tiempo,S/D,Ciclista,Atropello,Ninguna,Horizontal,Línea divisoria pintada,Sin restricción
2018,2052,2018-06-15,Viernes,0,22:50:00,,0.0,2,"Moto/Ciclomotor,Automóvil",Pasteur Y Eva Peron,3,2,0,0,1,0,0,"-33.027811072446, -60.623982071313",Calle,,VILLA GOBERNADOR GÁLVEZ,Rosario,Asfalto,No existe,II,S/D,Urbana,Ninguna,No existe,Intersección,Deteriorada,Buena,"Nocturna,Con luz artificial",Buen Tiempo,S/D,S/D,Colisión,Ninguna,Faltante,Ninguna,Sin restricción