anio_acci,nro_acci,fecha,desc_dia,fecha_aprox,hora_aprox,desc_ruta,km,cant_participantes,desc_participante,calle_avenida_km,total,heridos_leves,heridos_graves,heridos_gravisimos,ilesos,fallecidos,sin_datos,posicion_XY,desc_tipo_via,desc_ruta_ori,desc_loc,desc_dpto,desc_tipo_calzada,desc_tipo_banquina,desc_unidad_regional,desc_lugar_calzada,desc_zona,desc_prioridad,desc_estado_semaforo,desc_lugar_via,desc_estado_via,desc_estado_visibilidad,desc_luminosidad,desc_estado_clima,desc_tipo_colision,desc_tipo_atropello,desc_tipo_hecho,desc_pres_calzada,desc_senializacion,desc_separacion_via,desc_restriccion
2018,2053,2018-05-19,Sabado,0,06:50:00,,0.0,2,"Peatón,Taxi/Remis",Jujuy Y Suipacha,2,1,0,0,1,0,0,"-32.93362, -60.66216",Calle,,ROSARIO,Rosario,Asfalto,No existe,II,S/D,Urbana,Ninguna,No existe,Recta,Bueno,Buena,Amanecer,Buen Tiempo,S/D,Peatón,Atropello,Ninguna,S/D,Ninguna,Sin restricción
2018,2054,2018-05-27,Domingo,0,17:20:00,Ruta Provincial 4,39.0,1,Automóvil, ,1,0,1,0,0,0,0,"-31.11866, -60.9133",Ruta,4,SANTO DOMINGO,Las Colonias,Asfalto,Natural,XI,Fuera,Rural,S/D,No existe,Curva,Bueno,Buena,Diurna,Buen Tiempo,S/D,S/D,"Vuelco,Despiste",Ninguna,Horizontal,Línea divisoria pintada,Sin restricción
2018,2055,2018-06-18,Lunes,0,07:45:00,,0.0,2,"Moto/Ciclomotor,Automóvil",Av. Arijon 2700,2,1,0,0,1,0,0,"-33.00374, -60.67277",Avenida,,ROSARIO,Rosario,Asfalto,No existe,II,S/D,Urbana,Ninguna,No existe,Recta,Bueno,Buena,Amanecer,Buen Tiempo,Otro,S/D,Colisión,Ninguna,Faltante,Ninguna,Sin restricción
2018,2056,2018-05-24,Jueves,0,18:00:00,,0.0,2,"Bicicleta,Moto/Ciclomotor",Dr.G.Colombres Y Schweitzer,2,1,0,0,1,0,0,"-32.913651926999, -60.730528380743",Calle,,ROSARIO,Rosario,Asfalto,No existe,II,S/D,Urbana,Ninguna,No existe,Intersección,Bueno,Buena,Atardecer,Buen Tiempo,S/D,Ciclista,Atropello,Ninguna,Faltante,Ninguna,Sin restricción
2018,2057,2018-05-18,Viernes,0,08:20:00,,0.0,2,"Pickup/Utilitario,Pickup/Utilitario",CAMINO RURAL ,2,1,0,0,1,0,0,"-31.21828, -61.10209",Camino Rural,,GRUTLY NORTE,Las Colonias,Tierra,Natural,XI,Dentro,Rural,Ninguna,No existe,Intersección,Bueno,Buena,Diurna,Buen Tiempo,Lateral,S/D,Colisión,Ninguna,S/D,Ninguna,Sin restricción
2018,2058,2018-06-04,Lunes,0,16:35:00,,0.0,2,"Moto/Ciclomotor,Automóvil",Av. Francia Y Hilarion de la Quintana,2,1,0,0,1,0,0,"-33.00174, -60.67776",Avenida,,ROSARIO,Rosario,Asfalto,No existe,II,Dentro,Urbana,Ninguna,No existe,Intersección,Bueno,Buena,Diurna,Buen Tiempo,Otro,S/D,Colisión,Ninguna,Faltante,Ninguna,Sin restricción
2018,2059,2018-05-23,Miercoles,0,18:30:00,,0.0,2,"Automóvil,Automóvil",Av. Jorge Newbery Y Donado,4,3,0,0,1,0,0,"-32.908349884445, -60.728444275448",Avenida,,ROSARIO,Rosario,Asfalto,Natural,II,S/D,Urbana,Ninguna,No existe,S/D,Bueno,Buena,Atardecer,Buen Tiempo,S/D,S/D,Colisión,Ninguna,Faltante,Ninguna,Sin restricción
2018,2060,2018-06-22,Viernes,0,18:35:00,,0.0,2,"Moto/Ciclomotor,Automóvil",Iriondo Y Ing Mosconi,4,3,0,0,1,0,0,"-33.025708220578, -60.635869621667",Calle,,VILLA GOBERNADOR GÁLVEZ,Rosario,Asfalto,No existe,II,S/D,Urbana,Ninguna,No existe,Intersección,Bueno,Buena,Atardecer,Buen Tiempo,S/D,S/D,Colisión,Ninguna,Faltante,Ninguna,Sin restricción
2018,2061,2018-06-14,Jueves,0,12:50:00,,0.0,2,"Pickup/Utilitario,Moto/Ciclomotor",Bv. Oro?o Y J.M.Gutierrez,2,1,0,0,1,0,0,"-32.99448, -60.6651",Calle,,ROSARIO,Rosario,Asfalto,No existe,II,S/D,Urbana,Semáforo,Funciona,Intersección,Bueno,Buena,Diurna,Buen Tiempo,Otro,S/D,Colisión,Ninguna,Vertical,Ninguna,Sin restricción
2018,2062,2018-05-23,Miercoles,0,20:15:00,,0.0,2,"Automóvil,Moto/Ciclomotor",J.B.Justo Y Sarratea Bis,3,1,0,0,2,0,0,"-32.915666561938, -60.741613617406",Calle,,ROSARIO,Rosario,Asfalto,No existe,II,S/D,Urbana,S/D,No existe,Intersección,Bueno,Buena,Nocturna,Buen Tiempo,Otro,S/D,Colisión,Ninguna,Horizontal,Cordón divisorio,Sin restricción
2018,2063,2018-06-10,Domingo,0,17:20:00,,0.0,1,Automóvil,Bv. Oro?o Y Av. Battle y Ordo?ez,4,2,0,0,2,0,0,"-33.00944, -60.66464",Avenida,,ROSARIO,Rosario,Asfalto,No existe,II,Dentro,Urbana,Semáforo,Funciona,Intersección,Bueno,Buena,S/D,Buen Tiempo,Lateral,S/D,Colisión,Ninguna,Vertical,Ninguna,Sin restricción
2018,2064,2018-06-01,Viernes,0,13:20:00,,0.0,2,"Pickup/Utilitario,Moto/Ciclomotor",Av Juan Domingo Peron 0,3,1,0,0,1,0,1,"-33.00541, -60.6139",Avenida,,VILLA GOBERNADOR GÁLVEZ,Rosario,Asfalto,No existe,II,S/D,Urbana,Ninguna,No existe,Recta,Bueno,Buena,Diurna,Buen Tiempo,"Atropello animal,Otro",S/D,Colisión,Ninguna,Faltante,Ninguna,Sin restricción
2018,2065,2018-05-21,Lunes,0,19:30:00,,0.0,2,"Moto/Ciclomotor,Pickup/Utilitario",Schweitzer Y Donado Bis,2,1,0,0,1,0,0,"-32.913536016130, -60.728181862313",Calle,,ROSARIO,Rosario,Asfalto,S/D,II,S/D,Urbana,S/D,No existe,Intersección,Bueno,Buena,Diurna,Buen Tiempo,Lateral,S/D,Colisión,Ninguna,S/D,S/D,Sin restricción
2018,2066,2018-05-18,Viernes,0,17:47:00,Ruta Provincial 70,0.0,2,"Peatón,Automóvil",Pio J Guala Y Brigadier Lopez,2,0,1,0,1,0,0,"-31.45089, -60.89553",Ruta,70,ESPERANZA,Las Colonias,Asfalto,S/D,XI,Dentro,Urbana,Ninguna,No existe,Recta,S/D,Buena,Diurna,Buen Tiempo,S/D,Peatón,Atropello,S/D,S/D,Línea divisoria pintada,Sin restricción
2018,2067,2018-05-11,Viernes,0,17:40:00,,0.0,2,"Moto/Ciclomotor,Automóvil",J.B.Justo Y Gonzalez del Solar,2,1,0,0,1,0,0,"-32.915551605251, -60.737550027711",Calle,,ROSARIO,Rosario,Asfalto,No existe,II,S/D,Urbana,Ninguna,No existe,Intersección,Bueno,Buena,Diurna,Buen Tiempo,Lateral,S/D,Colisión,Ninguna,S/D,Ninguna,Sin restricción
2018,2068,2018-05-07,Lunes,0,11:15:00,,0.0,2,"Automóvil,Peatón",Tarragona Y Martinez Estrada,2,1,0,0,1,0,0,"-32.911265197751, -60.735336086019",Calle,,ROSARIO,Rosario,Asfalto,No existe,II,S/D,Urbana,Ninguna,No existe,Cruce,Bueno,Buena,Diurna,Buen Tiempo,Otro,Peatón,Atropello,Ninguna,Faltante,Ninguna,Sin restricción
2018,2069,2018-06-03,Domingo,0,15:50:00,,0.0,2,"Peatón,Moto/Ciclomotor",San Juan Y I A Edison,2,1,0,0,0,0,1,"-33.015695997895, -60.606994859270",Calle,,VILLA GOBERNADOR GÁLVEZ,Rosario,Asfalto,No existe,II,S/D,Urbana,Ninguna,No existe,Intersección,Bueno,Buena,Diurna,Buen Tiempo,De alcance,Peatón,Atropello,Ninguna,S/D,Ninguna,Sin restricción
2018,2070,2018-06-03,Domingo,0,05:45:00,,0.0,1,Moto/Ciclomotor,Av. Arijon Y Mariano Moreno,1,1,0,0,0,0,0,"-33.00342, -60.66191",Avenida,,ROSARIO,Rosario,Asfalto,No existe,II,Dentro,Urbana,Semáforo,Funciona,Intersección,Bueno,Buena,Amanecer,Buen Tiempo,Otro,S/D,Atropello,Ninguna,Vertical,Ninguna,Sin restricción
2018,2071,2018-06-25,Lunes,0,00:15:00,,0.0,2,"Automóvil,Moto/Ciclomotor",Lamadrid Y Pueyrredon,2,1,0,0,1,0,0,"-32.997722222222,-60.669333333333",Calle,,ROSARIO,Rosario,Asfalto,No existe,II,Dentro,Urbana,Ninguna,No existe,Intersección,Bueno,Buena,Nocturna,Buen Tiempo,Otro,S/D,Colisión,Ninguna,Faltante,Ninguna,Sin restricción
2018,2072,2018-05-20,Domingo,0,19:30:00,,0.0,1,Moto/Ciclomotor,Santa Coloma 8000,1,0,1,0,0,0,0,"-32.90541, -60.75978",Calle,,ROSARIO,Rosario,Asfalto,S/D,II,S/D,Urbana,Ninguna,No existe,Recta,Bueno,Buena,Diurna,Buen Tiempo,S/D,S/D,Otro,Ninguna,Faltante,Ninguna,Sin restricción
2018,2073,2018-06-10,Domingo,0,19:30:00,,0.0,2,"Moto/Ciclomotor,Moto/Ciclomotor",Copacabana Y Biarritz,2,1,0,0,1,0,0,"-33.02825,-60.684305555556",Calle,,ROSARIO,Rosario,Asfalto,No existe,II,Dentro,Urbana,Ninguna,No existe,Intersección,Bueno,Buena,Nocturna,Buen Tiempo,Lateral,S/D,Colisión,Ninguna,Faltante,Ninguna,Sin restricción
2018,2074,2018-06-29,Viernes,0,,,0.0,2,"Moto/Ciclomotor,Peatón",Dorrego Y 17 de Octubre,2,1,0,0,1,0,0,"-33.015222222222,-60.60925",Avenida,,VILLA GOBERNADOR GÁLVEZ,Rosario,Asfalto,Pavimento,II,Dentro,Urbana,Ninguna,No existe,Intersección,Bueno,Buena,Diurna,Buen Tiempo,S/D,Peatón,Atropello,Ninguna,Faltante,Ninguna,Sin restricción
2018,2075,2018-05-02,Miercoles,0,14:00:00,,0.0,2,"Moto/Ciclomotor,Automóvil",Albarracin Y Gonzalez del Solar,3,0,1,0,2,0,0,"-32.929944444444,-60.736805555556",Calle,,ROSARIO,Rosario,Asfalto,S/D,II,Dentro,Urbana,Otra Señal,S/D,Recta,Bueno,Reducida,Diurna,Otro,De alcance,S/D,Colisión,Otro,S/D,Ninguna,Sin restricción
2018,2076,2018-05-04,Viernes,0,15:50:00,,0.0,2,"Moto/Ciclomotor,Bicicleta",Av. Eva Peron Y Bv. Wilde,2,0,1,0,1,0,0,"-32.928416666667,-60.738972222222",Avenida,,ROSARIO,Rosario,Asfalto,Pavimento,II,Dentro,Urbana,Semáforo,S/D,Curva,Otro,Buena,Diurna,Otro,Lateral,Ciclista,Atropello,Otro,Vertical,Cordón divisorio,Sin restricción
2018,2077,2018-06-16,Sabado,0,18:30:00,,0.0,2,"Moto/Ciclomotor,Automóvil",La Paz Y Paraguay,2,1,0,0,1,0,0,"-32.963166666667,-60.648194444444",Calle,,ROSARIO,Rosario,Asfalto,No existe,II,Dentro,Urbana,Ninguna,No existe,Intersección,Bueno,Buena,Diurna,Buen Tiempo,Lateral,S/D,Colisión,Ninguna,Faltante,Ninguna,Sin restricción
2018,2078,2018-06-13,Miercoles,0,09:30:00,,0.0,2,"Automóvil,Camión Chasis",Nogues Y Av de Circunvalacion,2,1,0,0,1,0,0,"-33.013280175139, -60.616360194555",Calle,,VILLA GOBERNADOR GÁLVEZ,Rosario,Asfalto,Pavimento,II,S/D,Urbana,Ninguna,No existe,Cruce,Bueno,Buena,Diurna,Buen Tiempo,Otro,S/D,Colisión,Ninguna,S/D,Ninguna,Sin restricción
2018,2079,2018-05-06,Domingo,0,06:57:00,,0.0,2,"Moto/Ciclomotor,Automóvil",Av. de los Trabaj. Ferroviario Y Falucho,2,1,0,0,0,0,1,"-30.310805555556,-61.236972222222",Calle,,SAN CRISTÓBAL,San Cristóbal,Asfalto,No existe,XIII,S/D,Urbana,Ninguna,No existe,Intersección,Bueno,Reducida,Nocturna,Niebla,Otro,S/D,Colisión,Ninguna,"Horizontal,Vertical",Ninguna,Sin restricción
2018,2080,2018-05-04,Viernes,0,18:25:00,,0.0,2,"Pickup/Utilitario,Pickup/Utilitario",Bv. Argentino Y Tarragona,3,2,0,0,1,0,0,"-32.924361111111,-60.734666666667",Calle,,ROSARIO,Rosario,Asfalto,S/D,II,Dentro,Urbana,Otra Señal,S/D,Recta,Bueno,Buena,Diurna,Otro,Lateral,S/D,Colisión,Otro,Horizontal,Ninguna,Sin restricción
2018,2081,2018-05-05,Sabado,0,20:40:00,,0.0,2,"Moto/Ciclomotor,Automóvil",Sarratea Bis Y Pje. Homero,2,1,0,0,1,0,0,"-32.920166666667,-60.741388888889",Calle,,ROSARIO,Rosario,Asfalto,No existe,II,Dentro,Urbana,Ninguna,No existe,Recta,Bueno,Buena,Nocturna,Otro,Lateral,S/D,Colisión,Otro,Faltante,Ninguna,Sin restricción
2018,2082,2018-06-16,Sabado,0,14:30:00,,0.0,2,"Automóvil,Automóvil",Mariano Moreno Y Bv. 27 De Febrero,5,1,0,0,4,0,0,"-32.965527777778,-60.655972222222",Calle,,ROSARIO,Rosario,Asfalto,No existe,II,Dentro,Urbana,Semáforo,Funciona,Recta,Bueno,Buena,Diurna,Buen Tiempo,De alcance,S/D,Colisión,Ninguna,Vertical,Cordón divisorio,Sin restricción
2018,2083,2018-06-09,Sabado,0,16:50:00,,0.0,2,"Moto/Ciclomotor,Moto/Ciclomotor",Cordoba Y Andreu,3,1,1,0,1,0,0,"-33.014333333333,-60.613638888889",Calle,,VILLA GOBERNADOR GÁLVEZ,Rosario,Asfalto,Pavimento,II,S/D,Urbana,Ninguna,No existe,Intersección,Bueno,Buena,Diurna,Buen Tiempo,Frontal,S/D,Colisión,Ninguna,Faltante,Ninguna,Sin restricción
2018,2084,2018-05-07,Lunes,0,12:00:00,,0.0,2,"Bicicleta,Pickup/Utilitario",San Martin Y Moreno,2,0,1,0,1,0,0,"-30.71405, -61.47662",Calle,,MOISÉS VILLE,San Cristóbal,Asfalto,Pavimento,XIII,Dentro,Urbana,Ninguna,No existe,Recta,Bueno,Buena,Diurna,Buen Tiempo,Otro,Ciclista,Atropello,Ninguna,Faltante,Ninguna,Sin restricción
2018,2085,2018-05-17,Jueves,0,,,0.0,2,"Automóvil,Bicicleta",Almafuerte Y Albert Sabin,2,1,0,0,1,0,0,"-32.91746, -60.68998",Avenida,,ROSARIO,Rosario,Asfalto,Pavimento,II,Dentro,Urbana,Semáforo,Funciona,Intersección,Bueno,Buena,Diurna,Buen Tiempo,S/D,Ciclista,Atropello,Ninguna,Vertical,Cordón divisorio,Sin restricción
2018,2086,2018-05-08,Martes,0,13:10:00,,0.0,2,"Moto/Ciclomotor,Moto/Ciclomotor",Belgrano ,2,1,0,0,0,0,1,"-30.21567, -61.87133",Calle,,VILLA TRINIDAD,San Cristóbal,Ripio,No existe,XIII,Dentro,Urbana,Ninguna,No existe,Intersección,Bueno,Buena,Diurna,Buen Tiempo,Lateral,S/D,Colisión,Ninguna,Faltante,Ninguna,Sin restricción
2018,2087,2018-06-16,Sabado,0,14:15:00,,0.0,2,"Moto/Ciclomotor,Taxi/Remis",Riobamba Y 1 de Mayo,3,2,0,0,1,0,0,"-32.964527777778,-60.633861111111",Calle,,ROSARIO,Rosario,Asfalto,No existe,II,Dentro,Urbana,Ninguna,No existe,Intersección,Bueno,Buena,Diurna,Buen Tiempo,Lateral,S/D,Colisión,Ninguna,Faltante,Ninguna,Sin restricción
2018,2089,2018-06-16,Sabado,0,01:00:00,,0.0,2,"Automóvil,Automóvil",Cochabamba Y Espa?a,2,1,0,0,1,0,0,"-32.956916666667,-60.649527777778",Calle,,ROSARIO,Rosario,Asfalto,No existe,II,Dentro,Urbana,Ninguna,No existe,Recta,Bueno,Buena,"Nocturna,Con luz artificial",Buen Tiempo,De alcance,S/D,Colisión,Ninguna,Faltante,Ninguna,Sin restricción
2018,2090,2018-05-11,Viernes,0,18:15:00,,0.0,2,"Bicicleta,Automóvil",J B Justo Y Caseros,2,1,0,0,1,0,0,"-30.315416666667,-61.234805555556",Calle,,SAN CRISTÓBAL,San Cristóbal,Asfalto,No existe,XIII,S/D,Urbana,Ninguna,No existe,Recta,Bueno,Buena,Nocturna,Buen Tiempo,S/D,Ciclista,Atropello,Ninguna,Faltante,Ninguna,Sin restricción
2018,2091,2018-06-05,Martes,0,08:55:00,,0.0,2,"Peatón,Automóvil",San Lorenzo Y A F Temporelli,2,1,0,0,1,0,0,"-33.036361111111,-60.644972222222",Calle,,VILLA GOBERNADOR GÁLVEZ,Rosario,Asfalto,Natural,II,S/D,Urbana,Ninguna,No existe,Recta,Deteriorada,Buena,Diurna,Buen Tiempo,S/D,Peatón,Atropello,Material Suelto,Faltante,Ninguna,Sin restricción
2018,2092,2018-04-24,Martes,0,15:30:00,,0.0,2,"Bicicleta,Pickup/Utilitario",General Paz Y Av Cordoba,2,1,0,0,1,0,0,"-31.44825,-60.933222222222",Avenida,,ESPERANZA,Las Colonias,Asfalto,No existe,XI,Dentro,Urbana,Semáforo,Funciona,Recta,Bueno,Buena,Diurna,Buen Tiempo,S/D,Ciclista,Atropello,Ninguna,"Horizontal,Vertical",Cordón divisorio,Sin restricción
2018,2093,2018-04-24,Martes,0,12:45:00,Ruta Provincial 70,25.0,2,"Automóvil,Camión", ,4,2,1,0,0,0,1,"-31.430660449955, -60.975751289901",Ruta,70,ESPERANZA,Las Colonias,Asfalto,Natural,XI,Fuera,Rural,Ninguna,No existe,Recta,Bueno,Buena,Diurna,Buen Tiempo,S/D,S/D,Colisión,Ninguna,Faltante,Ninguna,Sin restricción
2018,2094,2018-04-18,Miercoles,0,12:00:00,,0.0,2,"Automóvil,Moto/Ciclomotor",Chacabuco Y 9 de Julio,2,1,0,0,1,0,0,"-30.307861111111,-61.230138888889",Calle,,SAN CRISTÓBAL,San Cristóbal,Asfalto,No existe,XIII,Dentro,Urbana,Ninguna,No existe,Intersección,Bueno,Buena,Diurna,Buen Tiempo,Lateral,S/D,Colisión,Ninguna,Vertical,Ninguna,Sin restricción
2018,2095,2018-04-25,Miercoles,0,07:30:00,Ruta Provincial 70,0.0,2,"Moto/Ciclomotor,Pickup/Utilitario", ,2,1,0,0,1,0,0,"-31.435583242004, -60.9586617493629",Ruta,70,ESPERANZA,Las Colonias,Asfalto,Natural,XI,Dentro,Urbana,Ninguna,No existe,Recta,Resbaladiza,Buena,Diurna,Buen Tiempo,Otro,S/D,Colisión,Otro,Faltante,Vegetación,Sin restricción
2018,2096,2018-04-25,Miercoles,0,13:40:00,,0.0,2,"Moto/Ciclomotor,Moto/Ciclomotor",Saavedra Y 3 de Febrero,3,3,0,0,0,0,0,"-31.445972222222,-60.935388888889",Calle,,ESPERANZA,Las Colonias,Asfalto,No existe,XI,Dentro,Urbana,Ninguna,No existe,Intersección,Bueno,Buena,Diurna,Buen Tiempo,Lateral,S/D,Colisión,Ninguna,Faltante,Ninguna,Sin restricción
2018,2097,2018-04-26,Jueves,0,23:00:00,,0.0,2,"Moto/Ciclomotor,Peatón",Soler Y General Paz,2,1,0,0,0,1,0,"-31.460083333333,-60.936805555556",Calle,,ESPERANZA,Las Colonias,Asfalto,No existe,XI,Dentro,Urbana,Ninguna,No existe,Intersección,Resbaladiza,Buena,Nocturna,Lluvia,S/D,Peatón,Atropello,Agua,Faltante,Ninguna,Sin restricción
2018,2098,2018-04-18,Miercoles,0,20:10:00,,0.0,1,Automóvil, ,3,1,2,0,0,0,0,"-30.142048516629, -61.921180192583",Camino Rural,,COLONIA ANA,San Cristóbal,"Tierra,Arena",No existe,XIII,Fuera,Rural,Ninguna,No existe,Curva,Bueno,Buena,Nocturna,Buen Tiempo,S/D,S/D,Despiste,Ninguna,Vertical,Ninguna,Sin restricción
2018,2099,2018-04-28,Sabado,0,01:11:00,,0.0,2,"Moto/Ciclomotor,Moto/Ciclomotor",Domingo Faustino Sarmiento Y Marcos Avellaneda,3,3,0,0,0,0,0,"-31.453805555556,-60.932916666667",Calle,,ESPERANZA,Las Colonias,Asfalto,No existe,XI,Dentro,Urbana,Ninguna,No existe,Intersección,Bueno,Buena,"Nocturna,Con luz artificial",Buen Tiempo,Frontal,S/D,Colisión,Ninguna,Faltante,Ninguna,Sin restricción
2018,2100,2018-04-28,Sabado,0,19:00:00,,0.0,2,"Bicicleta,Automóvil",R P A Janssen Y Berutti,2,1,0,0,1,0,0,"-31.444694444444,-60.936861111111",Calle,,ESPERANZA,Las Colonias,Asfalto,No existe,XI,Dentro,Urbana,Ninguna,No existe,Recta,Bueno,Buena,Atardecer,Buen Tiempo,S/D,Ciclista,Atropello,Ninguna,Horizontal,Ninguna,Sin restricción
2018,2101,2018-01-02,Martes,0,09:00:00,,0.0,2,"Peatón,Camión",Candelaria Y Gral Paz,4,0,0,0,3,1,0,"-32.914854, -60.811951",Calle,,FUNES,Rosario,Ripio,No existe,II,Dentro,Urbana,Ninguna,No existe,Recta,Con baches,Buena,Diurna,Buen Tiempo,S/D,Peatón,Atropello,Ninguna,Faltante,Ninguna,Sin restricción
2018,2102,2018-04-21,Sabado,0,11:00:00,,0.0,2,"Moto/Ciclomotor,Pickup/Utilitario",General Manuel Belgrano Y Aristobulo del Valle,2,1,0,0,1,0,0,"-31.438111111111,-60.926",Calle,,ESPERANZA,Las Colonias,Asfalto,No existe,XI,Dentro,Urbana,S/D,No existe,Intersección,Bueno,Buena,Diurna,Buen Tiempo,S/D,S/D,Colisión,S/D,Faltante,Línea divisoria pintada,Sin restricción
2018,2103,2018-04-27,Viernes,0,12:20:00,,0.0,2,"Automóvil,Moto/Ciclomotor",Remedios de E De San Martin Y Sarmiento,4,1,1,0,2,0,0,"-29.884040861842, -61.947260983690",Calle,,CERES,San Cristóbal,Asfalto,No existe,XIII,Dentro,Urbana,Otra Señal,No existe,Intersección,Bueno,Buena,Diurna,Buen Tiempo,Múltiple,S/D,Colisión,Ninguna,Vertical,Cordón divisorio,Sin restricción
2018,2104,2018-04-23,Lunes,0,17:30:00,,0.0,2,"Moto/Ciclomotor,Moto/Ciclomotor",Regis Martinez Y Lavalle,2,1,0,0,1,0,0,"-31.621916666667,-60.685333333333",Calle,,SANTA FE,La Capital,Asfalto,No existe,I,S/D,Urbana,Ninguna,No existe,Intersección,Bueno,S/D,Diurna,Buen Tiempo,S/D,S/D,Colisión,Ninguna,S/D,S/D,Sin restricción
2018,2105,2018-01-02,Martes,0,15:00:00,Ruta Provincial 17,4.0,2,"Camión Chasis,Bicicleta", ,2,0,0,0,1,1,0,"-29.8521436,-61.9042629",Ruta,17,CERES,San Cristóbal,Asfalto,Ripio,XIII,Dentro,Rural,Ninguna,No existe,Recta,Bueno,Buena,Diurna,Buen Tiempo,S/D,Ciclista,Atropello,S/D,"Horizontal,Vertical",Ninguna,S/D
2018,2106,2018-04-23,Lunes,0,23:00:00,,0.0,2,"Automóvil,Moto/Ciclomotor",Gdor Candioti Y J P Lopez,2,1,0,0,1,0,0,"-31.609861111111,-60.687416666667",Calle,,SANTA FE,La Capital,Asfalto,No existe,I,S/D,Urbana,S/D,S/D,Intersección,Bueno,Buena,"Nocturna,Con luz artificial",Buen Tiempo,Lateral,S/D,Colisión,Ninguna,S/D,Ninguna,Sin restricción
2018,2107,2018-04-25,Miercoles,0,17:25:00,,0.0,1,Transporte de Pasajeros Urbano (> 8 asientos),Av A del Valle Y Gorostiaga,2,0,0,0,1,0,1,"-31.612083333333,-60.695166666667",Avenida,,SANTA FE,La Capital,S/D,No existe,I,S/D,Urbana,S/D,S/D,S/D,S/D,S/D,Diurna,S/D,S/D,S/D,Caída ocupante,S/D,S/D,S/D,S/D
2018,2108,2018-04-06,Viernes,0,19:30:00,Ruta Provincial 6,0.0,2,"Bicicleta,Otros",San Martin Y 25 de Mayo,2,1,0,0,1,0,0,"-31.728590370343, -61.093360043132",Ruta,6,SAN CARLOS CENTRO,Las Colonias,Asfalto,Pavimento,XI,Dentro,Urbana,Ninguna,Funciona,Intersección,Bueno,S/D,Atardecer,Buen Tiempo,S/D,S/D,Caída ocupante,Ninguna,Vertical,Ninguna,Sin restricción
2018,2109,2018-04-25,Miercoles,0,08:10:00,,0.0,1,Moto/Ciclomotor,Hernandarias Y Alberdi,1,1,0,0,0,0,0,"-31.609611111111,-60.684",Avenida,,SANTA FE,La Capital,Asfalto,No existe,I,S/D,Urbana,Ninguna,No existe,Intersección,Bueno,Buena,Diurna,Buen Tiempo,S/D,S/D,Caída ocupante,Ninguna,S/D,Ninguna,Sin restricción
2018,2110,2018-04-15,Domingo,0,21:40:00,,0.0,2,"Moto/Ciclomotor,Moto/Ciclomotor",Belgrano Manuel Y T Lubary,2,2,0,0,0,0,0,"-31.727860809491, -61.091825819576",Calle,,SAN CARLOS CENTRO,Las Colonias,Asfalto,No existe,XI,Dentro,Urbana,Ninguna,No existe,Intersección,Bueno,Buena,Nocturna,Buen Tiempo,Lateral,S/D,Colisión,Ninguna,Vertical,Ninguna,Sin restricción
2018,2111,2018-04-25,Miercoles,0,11:00:00,,0.0,1,Moto/Ciclomotor,Necochea Y Hernandarias,2,2,0,0,0,0,0,"-31.609166666667,-60.686111111111",Calle,,SANTA FE,La Capital,Asfalto,No existe,I,Dentro,Urbana,Ninguna,No existe,Intersección,Bueno,Buena,Diurna,Buen Tiempo,S/D,S/D,Caída ocupante,Ninguna,S/D,Ninguna,Sin restricción
2018,2112,2018-04-13,Viernes,0,,,0.0,2,"Moto/Ciclomotor,Peatón",Juan de Garay 56,3,1,0,0,2,0,0,"-29.882683797394, -61.943767869050",Calle,,CERES,San Cristóbal,Asfalto,No existe,XIII,Dentro,Urbana,Señal Ceda el Paso,No existe,Recta,Bueno,Buena,Diurna,Buen Tiempo,S/D,Peatón,Atropello,Ninguna,Vertical,Cordón divisorio,Sin restricción
2018,2113,2018-04-26,Jueves,0,13:00:00,,0.0,1,Moto/Ciclomotor,Quintana Y Av Gral Paz,1,1,0,0,0,0,0,"-31.624972222222,-60.689222222222",Avenida,,SANTA FE,La Capital,Asfalto,No existe,I,S/D,Urbana,Ninguna,No existe,Intersección,Bueno,Buena,Diurna,Buen Tiempo,Contra objeto fijo,S/D,Colisión,Ninguna,S/D,Ninguna,Sin restricción
2018,2114,2018-04-28,Sabado,0,16:30:00,,0.0,2,"Automóvil,Automóvil",Las Heras Y Llerena,2,1,0,0,0,0,1,"-31.614861111111,-60.691166666667",Calle,,SANTA FE,La Capital,Asfalto,No existe,I,Dentro,Urbana,Ninguna,No existe,Intersección,Bueno,S/D,Diurna,Buen Tiempo,Frontal,S/D,Colisión,Ninguna,S/D,Ninguna,Sin restricción
2018,2115,2018-04-22,Domingo,0,20:00:00,,0.0,2,"Automóvil,Moto/Ciclomotor",Belgrano Manuel Y J M Lheritier,2,0,1,0,1,0,0,"-31.726884485410, -61.091600514019",Calle,,SAN CARLOS CENTRO,Las Colonias,Asfalto,No existe,XI,Dentro,Urbana,Ninguna,No existe,Intersección,Bueno,S/D,"Nocturna,Con luz artificial",Buen Tiempo,Lateral,S/D,Colisión,Ninguna,"Horizontal,Vertical",Ninguna,Sin restricción