anio_acci,nro_acci,fecha,desc_dia,fecha_aprox,hora_aprox,desc_ruta,km,cant_participantes,desc_participante,calle_avenida_km,total,heridos_leves,heridos_graves,heridos_gravisimos,ilesos,fallecidos,sin_datos,posicion_XY,desc_tipo_via,desc_ruta_ori,desc_loc,desc_dpto,desc_tipo_calzada,desc_tipo_banquina,desc_unidad_regional,desc_lugar_calzada,desc_zona,desc_prioridad,desc_estado_semaforo,desc_lugar_via,desc_estado_via,desc_estado_visibilidad,desc_luminosidad,desc_estado_clima,desc_tipo_colision,desc_tipo_atropello,desc_tipo_hecho,desc_pres_calzada,desc_senializacion,desc_separacion_via,desc_restriccion
2018,2116,2018-04-25,Miercoles,0,19:30:00,,0.0,2,"Pickup/Utilitario,Bicicleta",Belgrano Manuel Y San Lorenzo,2,1,0,0,1,0,0,"-31.736540437863, -61.093907213771",Calle,,SAN CARLOS CENTRO,Las Colonias,Asfalto,No existe,XI,Dentro,Urbana,Ninguna,No existe,Recta,Bueno,Buena,Diurna,Buen Tiempo,S/D,Ciclista,Atropello,Ninguna,Horizontal,Barrera de hormigón,Sin restricción
2018,2117,2018-04-05,Jueves,0,,,0.0,2,"Pickup/Utilitario,Moto/Ciclomotor",Sarmiento Y Risso,2,1,0,0,1,0,0,"-31.603027777778,-60.683194444444",Calle,,SANTA FE,La Capital,Asfalto,No existe,I,S/D,Urbana,Ninguna,No existe,Intersección,Bueno,Buena,Diurna,Buen Tiempo,Lateral,S/D,Atropello,Ninguna,S/D,Ninguna,Sin restricción
2018,2118,2018-01-08,Lunes,0,22:10:00,Ruta Nacional 34,245.0,2,"Camión c / Acoplado,Pickup/Utilitario", ,4,1,2,0,0,1,0,"-31.0430681,-61.4572673",Ruta,34,ATALIVA,Castellanos,Asfalto,Natural,V,Dentro,Rural,Ninguna,No existe,Recta,Bueno,Buena,Nocturna,Buen Tiempo,Frontal,S/D,Colisión,Ninguna,Horizontal,Línea divisoria pintada,Sin restricción
2018,2119,2018-04-07,Sabado,0,,,0.0,2,"Moto/Ciclomotor,Automóvil",Republica de Siria Y Padre Genesio,2,1,0,0,1,0,0,"-31.600805555556,-60.689277777778",Calle,,SANTA FE,La Capital,Asfalto,No existe,I,S/D,Urbana,Ninguna,No existe,Intersección,Bueno,Buena,Diurna,Buen Tiempo,Lateral,S/D,Colisión,Ninguna,S/D,Ninguna,Sin restricción
2018,2120,2018-04-07,Sabado,0,,,0.0,2,"Moto/Ciclomotor,Taxi/Remis",Ayacucho Y Mitre,2,1,0,0,1,0,0,"-31.599888888889,-60.680027777778",Calle,,SANTA FE,La Capital,Asfalto,No existe,I,S/D,Urbana,Ninguna,No existe,Intersección,Bueno,Buena,Diurna,Buen Tiempo,Lateral,S/D,Colisión,Ninguna,S/D,Ninguna,Sin restricción
2018,2121,2018-04-09,Lunes,0,,,0.0,2,"Moto/Ciclomotor,Automóvil",Javier de la Rosa Y Avellaneda,2,1,0,0,1,0,0,"-31.602333333333,-60.677333333333",Calle,,SANTA FE,La Capital,Asfalto,No existe,I,S/D,Urbana,Ninguna,No existe,Intersección,Bueno,Buena,Diurna,Buen Tiempo,Lateral,S/D,Colisión,Ninguna,S/D,Ninguna,Sin restricción
2018,2122,2018-01-08,Lunes,0,22:15:00,Ruta Provincial 6,63.0,2,"Moto/Ciclomotor,Automóvil",Soler ,2,1,0,0,0,1,0,"-31.471151, -60.917567",Ruta,6,ESPERANZA,Las Colonias,Asfalto,Natural,XI,Dentro,Urbana,Ninguna,No existe,Recta,Bueno,Buena,Nocturna,Buen Tiempo,De alcance,S/D,Colisión,Ninguna,Horizontal,Línea divisoria pintada,Sin restricción
2018,2123,2018-04-10,Martes,0,,,0.0,2,"Moto/Ciclomotor,Automóvil",Sarmiento Y Ayacucho,3,2,0,0,1,0,0,"-31.599416666667,-60.682138888889",Calle,,SANTA FE,La Capital,Asfalto,No existe,I,S/D,Urbana,Ninguna,No existe,Intersección,Bueno,Buena,Diurna,Buen Tiempo,Lateral,S/D,Colisión,Ninguna,Faltante,Ninguna,Sin restricción
2018,2124,2018-04-03,Martes,0,06:50:00,Ruta Provincial 6,0.0,1,Moto/Ciclomotor,San Martin 3600,1,0,1,0,0,0,0,"-31.577080363060, -60.935686825441",Ruta,6,FRANCK,Las Colonias,Asfalto,Natural,XI,Dentro,Urbana,Ninguna,No existe,Recta,Resbaladiza,Reducida,"Nocturna,Con luz artificial",Lluvia,Contra objeto fijo,S/D,Colisión,Agua,Faltante,Línea divisoria pintada,Sin restricción
2018,2125,2018-04-12,Jueves,0,11:40:00,,0.0,2,"Pickup/Utilitario,Moto/Ciclomotor",Urquiza Y B Mitre,2,1,0,0,1,0,0,"-31.584805125023, -60.939141510652",Calle,,FRANCK,Las Colonias,Asfalto,No existe,XI,Dentro,Urbana,Ninguna,No existe,Intersección,Bueno,Buena,Diurna,Buen Tiempo,Lateral,S/D,Colisión,S/D,Horizontal,Cordón divisorio,Sin restricción
2018,2126,2018-04-11,Miercoles,0,,,0.0,2,"Pickup/Utilitario,Bicicleta",Los Nardos Y Los Nogales,2,1,0,0,1,0,0,"-31.572833333333,-60.683694444444",Calle,,SANTA FE,La Capital,Asfalto,No existe,I,S/D,Urbana,Ninguna,No existe,Intersección,Bueno,Buena,Diurna,Buen Tiempo,Lateral,S/D,Colisión,Ninguna,Faltante,Ninguna,Sin restricción
2018,2127,2018-04-14,Sabado,0,01:00:00,,0.0,1,Pickup/Utilitario,Rivadavia ,3,2,0,0,1,0,0,"-31.244781621516, -61.210488989350",Calle,,FELICIA,Las Colonias,Hormigón,No existe,XI,Fuera,Urbana,Ninguna,No existe,Otro,Bueno,Buena,"Nocturna,Con luz artificial",Lluvia,Contra objeto fijo,S/D,Colisión,Agua,Faltante,Cordón divisorio,Sin restricción
2018,2128,2018-04-30,Lunes,0,05:45:00,,0.0,2,"Moto/Ciclomotor,Moto/Ciclomotor",5 de Noviembre Y Guemes,2,1,1,0,0,0,0,"-29.22458, -61.77029",Calle,,TOSTADO,9 de Julio,Ripio,No existe,XII,S/D,Urbana,Ninguna,No existe,Intersección,Resbaladiza,Reducida humo,Amanecer,Lluvia,Frontal,S/D,Colisión,Agua,Faltante,Ninguna,Sin restricción
2018,2129,2018-04-12,Jueves,0,,,0.0,2,"Automóvil,Moto/Ciclomotor",Mitre Y Calle Publica,2,2,0,0,0,0,0,"-31.593175,-60.678015",Calle,,SANTA FE,La Capital,Asfalto,No existe,I,S/D,Urbana,Ninguna,No existe,Intersección,Bueno,Buena,Diurna,Buen Tiempo,Lateral,S/D,Colisión,Ninguna,Faltante,Ninguna,Sin restricción
2018,2130,2018-04-14,Sabado,0,,,0.0,2,"Peatón,Pickup/Utilitario",French Y Alberdi,2,1,0,0,1,0,0,"-31.595055555556,-60.679666666667",Calle,,SANTA FE,La Capital,Asfalto,No existe,I,S/D,Urbana,Ninguna,No existe,Recta,Bueno,Buena,Diurna,Buen Tiempo,S/D,Peatón,Atropello,Ninguna,Faltante,Ninguna,Sin restricción
2018,2131,2018-04-18,Miercoles,0,,,0.0,2,"Automóvil,Moto/Ciclomotor",Av A del Valle Y Risso,2,1,0,0,1,0,0,"-31.601222222222,-60.691722222222",Calle,,SANTA FE,La Capital,Asfalto,No existe,I,S/D,Urbana,Ninguna,No existe,Intersección,Bueno,Buena,Diurna,Buen Tiempo,Lateral,S/D,Colisión,Ninguna,S/D,Ninguna,Sin restricción
2018,2132,2018-01-12,Viernes,0,12:20:00,Ruta Nacional 11,337.0,2,"Bicicleta,Automóvil", ,2,0,0,0,1,1,0,"-32.683753, -60.779866",Ruta,11,SAN LORENZO,San Lorenzo,Asfalto,Natural,XVII,Dentro,Urbana,Ninguna,No existe,Recta,Bueno,Buena,Diurna,Buen Tiempo,S/D,Ciclista,Atropello,Ninguna,S/D,Ninguna,Sin restricción
2018,2133,2018-04-20,Viernes,0,,,0.0,2,"Moto/Ciclomotor,Automóvil",A Godoy Y Estanislao Zeballos,2,2,0,0,0,0,0,"-31.609861111111,-60.673888888889",Calle,,SANTA FE,La Capital,Asfalto,No existe,I,S/D,Urbana,Ninguna,No existe,Intersección,Bueno,Buena,Diurna,Buen Tiempo,Lateral,S/D,Colisión,Ninguna,Faltante,Ninguna,Sin restricción
2018,2134,2018-04-22,Domingo,0,17:20:00,,0.0,2,"Automóvil,Moto/Ciclomotor",Javier de la Rosa Y Republica de Siria,3,1,0,0,2,0,0,"-31.599861111111,-60.689027777778",Calle,,SANTA FE,La Capital,Asfalto,No existe,I,S/D,Urbana,Ninguna,No existe,Intersección,Bueno,Buena,Diurna,Buen Tiempo,Lateral,S/D,Colisión,Ninguna,Faltante,Ninguna,Sin restricción
2018,2135,2018-04-25,Miercoles,0,10:00:00,,0.0,2,"Moto/Ciclomotor,Moto/Ciclomotor",25 de Mayo Y Matheu,2,0,2,0,0,0,0,"-31.593777777778,-60.690194444444",Calle,,SANTA FE,La Capital,Asfalto,No existe,I,S/D,Urbana,Ninguna,No existe,Intersección,Bueno,Buena,Diurna,Buen Tiempo,Frontal,S/D,Colisión,Ninguna,Faltante,Ninguna,Sin restricción
2018,2137,2018-04-29,Domingo,0,14:30:00,,0.0,2,"Automóvil,Moto/Ciclomotor",Pje s/n Y Mitre,3,2,0,0,1,0,0,"-31.593576,-60.678128",Calle,,SANTA FE,La Capital,Asfalto,No existe,I,S/D,Urbana,Ninguna,No existe,Intersección,Bueno,Buena,Diurna,Buen Tiempo,Lateral,S/D,Colisión,Ninguna,Faltante,Ninguna,Sin restricción
2018,2138,2018-04-29,Domingo,0,15:05:00,,0.0,2,"Bicicleta,Moto/Ciclomotor",Av A del Valle Y Callejon Roca,4,3,0,0,1,0,0,"-31.577111111111,-60.689861111111",Calle,,SANTA FE,La Capital,Asfalto,No existe,I,S/D,Urbana,Ninguna,No existe,Intersección,Bueno,Buena,Diurna,Buen Tiempo,S/D,Ciclista,Atropello,Ninguna,Faltante,Ninguna,Sin restricción
2018,2139,2018-01-13,Sabado,0,02:00:00,,0.0,2,"Moto/Ciclomotor,Peatón",Gorriti Y San Jose,2,1,0,0,0,1,0,"-31.587593, -60.705987",Avenida,,SANTA FE,La Capital,Asfalto,Pavimento,I,Dentro,Urbana,Ninguna,No existe,Intersección,Bueno,Buena,"Nocturna,Con luz artificial",Buen Tiempo,S/D,Peatón,Atropello,Ninguna,Faltante,Ninguna,Sin restricción
2018,2140,2018-04-30,Lunes,0,22:00:00,,0.0,2,"Automóvil,Moto/Ciclomotor",Rivadavia Y Javier de la Rosa,2,1,0,0,1,0,0,"-31.599583333333,-60.690361111111",Calle,,SANTA FE,La Capital,Asfalto,No existe,I,S/D,Urbana,Ninguna,No existe,Intersección,Bueno,Buena,Nocturna,Buen Tiempo,Lateral,S/D,Colisión,Ninguna,Faltante,Ninguna,Sin restricción
2018,2141,2018-04-26,Jueves,0,00:20:00,,0.0,2,"Moto/Ciclomotor,Moto/Ciclomotor",Nicolas Rodriguez Pe?a 300,3,3,0,0,0,0,0,"-31.667388888889,-60.728777777778",Calle,,SANTA FE,La Capital,Asfalto,No existe,I,Dentro,Urbana,Ninguna,No existe,Intersección,Bueno,Buena,Nocturna,Buen Tiempo,De alcance,S/D,Colisión,Ninguna,Faltante,Ninguna,Sin restricción
2018,2142,2018-04-26,Jueves,0,10:00:00,,0.0,2,"Automóvil,Moto/Ciclomotor",Francisco Tarragona Y O'Higgins,3,2,0,0,1,0,0,"-31.666666666667,-60.722916666667",Calle,,SANTA FE,La Capital,Asfalto,No existe,I,Dentro,Urbana,Ninguna,No existe,Recta,Bueno,Buena,Diurna,Buen Tiempo,De alcance,S/D,Colisión,Ninguna,Faltante,Ninguna,Sin restricción
2018,2143,2018-04-23,Lunes,0,12:10:00,,0.0,2,"Moto/Ciclomotor,Automóvil",Nicolas Rodriguez Pe?a Y Bolivar,2,1,0,0,1,0,0,"-31.663527777778,-60.724583333333",Calle,,SANTA FE,La Capital,Asfalto,No existe,I,S/D,Urbana,Ninguna,No existe,Intersección,Bueno,Buena,Diurna,Buen Tiempo,De alcance,S/D,Colisión,Ninguna,Faltante,Ninguna,Sin restricción
2018,2144,2018-04-07,Sabado,0,18:00:00,,0.0,2,"Peatón,Ambulancia",Saavedra Y J J Paso,2,1,0,0,1,0,0,"-31.661833333333,-60.720666666667",Calle,,SANTA FE,La Capital,Asfalto,No existe,I,Dentro,Urbana,Ninguna,No existe,Cruce,Bueno,Buena,Diurna,Buen Tiempo,S/D,Peatón,Atropello,Ninguna,Faltante,Ninguna,Sin restricción
2018,2145,2018-04-13,Viernes,0,18:30:00,,0.0,2,"Moto/Ciclomotor,Pickup/Utilitario",Independencia Y Francisco Tarragona,2,1,0,0,1,0,0,"-31.667638888889,-60.723972222222",Calle,,SANTA FE,La Capital,Asfalto,No existe,I,Dentro,Urbana,Ninguna,No existe,Intersección,Bueno,Buena,Diurna,Buen Tiempo,De alcance,S/D,Colisión,Ninguna,Faltante,Ninguna,Sin restricción
2018,2146,2018-04-19,Jueves,0,13:10:00,,0.0,2,"Automóvil,Moto/Ciclomotor",Islas Malvinas Y Francisco Tarragona,3,2,0,0,1,0,0,"-31.668583333333,-60.725055555556",Calle,,SANTA FE,La Capital,Asfalto,No existe,I,Dentro,Urbana,Ninguna,No existe,Intersección,Bueno,Buena,Diurna,Buen Tiempo,De alcance,S/D,Colisión,Ninguna,Faltante,Ninguna,Sin restricción
2018,2147,2018-04-19,Jueves,0,16:15:00,,0.0,2,"Automóvil,Bicicleta",Corrientes Y Francia,2,1,0,0,1,0,0,"-31.652333333333,-60.716444444444",Calle,,SANTA FE,La Capital,Asfalto,No existe,I,Dentro,Urbana,Ninguna,No existe,Intersección,Con baches,Buena,Diurna,Buen Tiempo,S/D,Ciclista,Atropello,Ninguna,Faltante,Ninguna,Sin restricción
2018,2148,2018-05-30,Miercoles,0,21:20:00,,0.0,2,"Moto/Ciclomotor,Automóvil",Av. Genova Y Mariano Cabal Bis,3,1,1,0,1,0,0,"-32.915694444444,-60.702777777778",Avenida,,ROSARIO,Rosario,Asfalto,No existe,II,Dentro,Urbana,Ninguna,S/D,Intersección,Bueno,Buena,Con luz artificial,S/D,Frontal,S/D,Colisión,Ninguna,Faltante,Ninguna,Sin restricción
2018,2149,2018-05-23,Miercoles,0,23:10:00,,0.0,2,"Moto/Ciclomotor,Taxi/Remis",J.M.de Rosas Y Bv. Segui,2,1,0,0,1,0,0,"-32.980416666667,-60.639527777778",Calle,,ROSARIO,Rosario,Asfalto,No existe,II,S/D,Urbana,Ninguna,No existe,Intersección,Bueno,Buena,Nocturna,Buen Tiempo,Lateral,S/D,Colisión,Ninguna,Horizontal,Ninguna,Sin restricción
2018,2150,2018-05-18,Viernes,0,07:25:00,,0.0,2,"Automóvil,Peatón",Buenos Aires 3800,2,1,0,0,1,0,0,"-32.982333333333,-60.641472222222",Calle,,ROSARIO,Rosario,Asfalto,No existe,II,S/D,Urbana,Ninguna,No existe,Intersección,Con baches,Buena,Amanecer,Buen Tiempo,S/D,Peatón,Atropello,Ninguna,Faltante,Ninguna,Sin restricción
2018,2151,2018-05-17,Jueves,0,19:10:00,,0.0,2,"Automóvil,Bicicleta",Colon Y Rueda,2,1,0,0,1,0,0,"-32.973305555556,-60.631722222222",Calle,,ROSARIO,Rosario,Asfalto,No existe,II,S/D,Urbana,Ninguna,No existe,Intersección,Bueno,Buena,Atardecer,Buen Tiempo,S/D,Ciclista,Atropello,Ninguna,Faltante,Ninguna,Sin restricción
2018,2152,2018-05-13,Domingo,0,00:40:00,,0.0,1,Moto/Ciclomotor,Gral Paz 600,1,1,0,0,0,0,0,"-30.301888888889,-61.230083333333",Calle,,SAN CRISTÓBAL,San Cristóbal,Asfalto,No existe,XIII,S/D,Urbana,Ninguna,No existe,Recta,Bueno,Buena,Nocturna,Buen Tiempo,Contra objeto fijo,S/D,Colisión,Ninguna,Faltante,Ninguna,Sin restricción
2018,2153,2018-05-16,Miercoles,0,12:45:00,,0.0,2,"Automóvil,Automóvil",Ayacucho Y Saavedra,2,1,0,0,1,0,0,"-32.979833333333,-60.635305555556",Calle,,ROSARIO,Rosario,Asfalto,No existe,II,S/D,Urbana,Ninguna,No existe,Cruce,Bueno,Buena,Diurna,Buen Tiempo,De alcance,S/D,Colisión,Ninguna,Faltante,Ninguna,Sin restricción
2018,2154,2018-06-12,Martes,0,17:30:00,,0.0,2,"Automóvil,Automóvil",Ituzaingo Y Pte.Roca,2,2,0,0,0,0,0,"-32.959472222222,-60.648722222222",Calle,,ROSARIO,Rosario,Asfalto,No existe,II,Dentro,Urbana,Ninguna,No existe,Recta,Bueno,Buena,Atardecer,Buen Tiempo,De alcance,S/D,Colisión,Ninguna,Faltante,Ninguna,Sin restricción
2018,2155,2018-05-16,Miercoles,0,18:00:00,,0.0,2,"Bicicleta,Otros",9 de Julio Y Sarmiento,2,0,1,0,1,0,0,"-30.306277777778,-61.238694444444",Calle,,SAN CRISTÓBAL,San Cristóbal,Asfalto,Pavimento,XIII,Dentro,Urbana,Ninguna,No existe,Intersección,Bueno,Buena,Atardecer,Buen Tiempo,Lateral,Ciclista,Atropello,Ninguna,Faltante,Ninguna,Sin restricción
2018,2156,2018-06-27,Miercoles,0,18:30:00,,0.0,2,"Automóvil,Moto/Ciclomotor",25 de Mayo ,2,0,1,0,1,0,0,"-33.042235519453, -60.657961011917",Calle,,VILLA GOBERNADOR GÁLVEZ,Rosario,Asfalto,Ripio,II,S/D,Rural,Ninguna,No existe,Intersección,Bueno,Buena,Atardecer,Buen Tiempo,Lateral,S/D,Colisión,Ninguna,Faltante,Línea divisoria pintada,Sin restricción
2018,2157,2018-05-19,Sabado,0,20:15:00,,0.0,1,Moto/Ciclomotor,Bv 25 de Mayo Y Caseros,1,1,0,0,0,0,0,"-30.31569, -61.24295",Calle,,SAN CRISTÓBAL,San Cristóbal,Hormigón,Pavimento,XIII,Dentro,Urbana,Ninguna,No existe,Intersección,Con baches,Buena,"Atardecer,Con luz artificial",Buen Tiempo,S/D,S/D,Caída ocupante,Ninguna,"Horizontal,Vertical",Cordón divisorio,Sin restricción
2018,2158,2018-05-16,Miercoles,0,07:45:00,,0.0,2,"Peatón,Automóvil",Amenabar Y Necochea,2,1,0,0,1,0,0,"-32.974666666667,-60.630666666667",Calle,,ROSARIO,Rosario,Asfalto,No existe,II,S/D,Urbana,Ninguna,No existe,Intersección,Bueno,Buena,Amanecer,Buen Tiempo,S/D,Peatón,Atropello,Ninguna,Horizontal,Ninguna,Sin restricción
2018,2159,2018-06-14,Jueves,0,16:30:00,,0.0,2,"Moto/Ciclomotor,Moto/Ciclomotor",Mitre Y GÁLVEZ,3,3,0,0,0,0,0,"-32.968527777778,-60.645138888889",Calle,,ROSARIO,Rosario,Asfalto,No existe,II,Dentro,Urbana,Ninguna,No existe,Intersección,Bueno,Buena,Diurna,Buen Tiempo,Lateral,S/D,Colisión,Ninguna,Faltante,Ninguna,Sin restricción
2018,2160,2018-06-14,Jueves,0,18:05:00,,0.0,3,"Moto/Ciclomotor,Peatón,Peatón",A F Temporelli Y Richieri,3,3,0,0,0,0,0,"-33.036694444444,-60.652833333333",Calle,,VILLA GOBERNADOR GÁLVEZ,Rosario,Asfalto,Ripio,II,S/D,Urbana,Ninguna,No existe,Intersección,Deteriorada,Buena,Atardecer,Buen Tiempo,S/D,Peatón,Atropello,Material Suelto,Faltante,Ninguna,Sin restricción
2018,2161,2018-05-21,Lunes,0,10:50:00,,0.0,2,"Moto/Ciclomotor,Pickup/Utilitario", ,2,1,0,0,1,0,0,"-30.31116, -61.23856",Calle,,SAN CRISTÓBAL,San Cristóbal,Tierra,No existe,XIII,Dentro,Urbana,Ninguna,No existe,Intersección,Bueno,Buena,Diurna,Buen Tiempo,Lateral,S/D,Colisión,Ninguna,Vertical,Ninguna,Sin restricción
2018,2162,2018-05-16,Miercoles,0,06:45:00,,0.0,2,"Automóvil,Bicicleta",Bv. Segui Y Buenos Aires,2,1,0,0,1,0,0,"-32.980166666667,-60.640944444444",Calle,,ROSARIO,Rosario,Asfalto,No existe,II,S/D,Urbana,S/D,No existe,Intersección,Bueno,Buena,Amanecer,Buen Tiempo,Lateral,Ciclista,Atropello,Ninguna,Horizontal,Vegetación,Sin restricción
2018,2163,2018-06-15,Viernes,0,12:00:00,,0.0,2,"Automóvil,Moto/Ciclomotor",Soldado Aguirre Y Nahuel Huapi,2,1,0,0,1,0,0,"-33.02975,-60.650805555556",Calle,,VILLA GOBERNADOR GÁLVEZ,Rosario,Asfalto,No existe,II,S/D,Urbana,Ninguna,No existe,Intersección,Deteriorada,Buena,Diurna,Buen Tiempo,Lateral,S/D,Colisión,Material Suelto,Faltante,Cordón divisorio,Sin restricción
2018,2164,2018-05-14,Lunes,0,00:30:00,,0.0,2,"Automóvil,Moto/Ciclomotor",Grandoli 3800,2,1,0,0,1,0,0,"-32.887333333333,-60.739611111111",Calle,,ROSARIO,Rosario,Asfalto,No existe,II,S/D,Urbana,Ninguna,No existe,Intersección,Bueno,Buena,Nocturna,Lluvia,S/D,S/D,Colisión,Ninguna,Faltante,Ninguna,Sin restricción
2018,2165,2018-06-16,Sabado,0,04:00:00,,0.0,2,"Peatón,Moto/Ciclomotor",Av. Pellegrini Y Espa?a,2,1,0,0,1,0,0,"-32.955805555556,-60.64925",Avenida,,ROSARIO,Rosario,Asfalto,No existe,II,Dentro,Urbana,Semáforo,Funciona,Recta,Bueno,Buena,"Nocturna,Con luz artificial",Buen Tiempo,S/D,Peatón,Atropello,Ninguna,Vertical,Cordón divisorio,Sin restricción
2018,2166,2018-06-08,Viernes,0,19:00:00,,0.0,2,"Bicicleta,Moto/Ciclomotor",Soldado Aguirre 2295,2,2,0,0,0,0,0,"-33.0295,-60.643833333333",Calle,,VILLA GOBERNADOR GÁLVEZ,Rosario,Asfalto,No existe,II,S/D,Urbana,Ninguna,Funciona,Recta,Deteriorada,Buena,Atardecer,Buen Tiempo,S/D,Ciclista,Atropello,Material Suelto,Faltante,Cordón divisorio,Sin restricción
2018,2167,2018-05-23,Miercoles,0,17:30:00,Ruta Provincial 4,0.0,1,Automóvil,RUTA PROVINCIAL 4 ,4,4,0,0,0,0,0,"-30.31116, -61.23856",Ruta,4,SAN CRISTÓBAL,San Cristóbal,Asfalto,Natural,XIII,S/D,Rural,Ninguna,No existe,Recta,Bueno,Buena,Diurna,Buen Tiempo,S/D,S/D,Vuelco,Ninguna,Vertical,Línea divisoria pintada,Sin restricción
2018,2168,2018-05-06,Domingo,0,12:40:00,,0.0,2,"Automóvil,Automóvil",Gaboto Y Colon,7,6,0,0,1,0,0,"-32.975583333333,-60.632305555556",Calle,,ROSARIO,Rosario,Asfalto,S/D,II,S/D,Urbana,S/D,No existe,Intersección,Deteriorada,Reducida p/ objetos,Amanecer,Lluvia,Lateral,S/D,Colisión,S/D,Faltante,Ninguna,Sin restricción
2018,2169,2018-06-11,Lunes,0,20:10:00,,0.0,2,"Bicicleta,Moto/Ciclomotor",Bv. 27 De Febrero Y Av. Corrientes,2,2,0,0,0,0,0,"-32.966972222222,-60.647722222222",Avenida,,ROSARIO,Rosario,Asfalto,No existe,II,Dentro,Urbana,Semáforo,Funciona,Recta,Bueno,Buena,Nocturna,Buen Tiempo,Lateral,Ciclista,Atropello,Ninguna,Vertical,"Cordón divisorio,Línea divisoria pintada",Sin restricción
2018,2170,2018-05-05,Sabado,0,17:50:00,,0.0,2,"Automóvil,Moto/Ciclomotor",Buenos Aires Y Dean Funes,2,1,0,0,1,0,0,"-32.976611111111,-60.640055555556",Calle,,ROSARIO,Rosario,Asfalto,S/D,II,S/D,Urbana,Señal Pare,No existe,Intersección,Bueno,Buena,Atardecer,Lluvia,Lateral,S/D,Colisión,Ninguna,Vertical,Ninguna,Sin restricción
2018,2171,2018-06-15,Viernes,0,18:40:00,,0.0,2,"Transporte de Pasajeros (H/ 8 asientos),Moto/Ciclomotor",San Luis Y Av. Corrientes,2,0,1,0,1,0,0,"-32.948277777778,-60.643",Calle,,ROSARIO,Rosario,S/D,S/D,II,S/D,Urbana,S/D,S/D,Recta,S/D,S/D,S/D,S/D,S/D,S/D,Colisión,S/D,S/D,S/D,S/D
2018,2172,2018-05-01,Martes,0,14:55:00,,0.0,2,"Automóvil,Moto/Ciclomotor",Buenos Aires Y Centeno,2,1,0,0,1,0,0,"-32.985777777778,-60.642361111111",Calle,,ROSARIO,Rosario,Asfalto,No existe,II,S/D,Urbana,Ninguna,No existe,Intersección,Bueno,Buena,Diurna,Buen Tiempo,Lateral,S/D,Colisión,Ninguna,Faltante,Ninguna,Sin restricción
2018,2173,2018-06-10,Domingo,0,21:30:00,,0.0,2,"Moto/Ciclomotor,Automóvil",Bv. Oro?o Y Cochabamba,3,2,0,0,1,0,0,"-32.955722222222,-60.656444444444",Calle,,ROSARIO,Rosario,Asfalto,No existe,II,Dentro,Urbana,Señal Pare,No existe,Intersección,Bueno,Buena,"Nocturna,Con luz artificial",Buen Tiempo,Lateral,S/D,Colisión,Ninguna,Vertical,Ninguna,Sin restricción
2018,2174,2018-05-26,Sabado,0,11:45:00,,0.0,2,"Moto/Ciclomotor,Automóvil",Av Sarmiento Y Cayetano Zibecchi,2,1,0,0,1,0,0,"-30.002957, -61.836432",Avenida,,HERSILIA,San Cristóbal,Asfalto,No existe,XIII,Dentro,Urbana,Ninguna,No existe,Recta,Bueno,Buena,Diurna,Buen Tiempo,Frontal,S/D,Colisión,Ninguna,Faltante,Ninguna,Sin restricción
2018,2175,2018-05-16,Miercoles,0,18:45:00,,0.0,2,"Bicicleta,Automóvil",Juan Canals ,2,1,0,0,1,0,0,"-32.98779, -60.65811",Calle,,ROSARIO,Rosario,Asfalto,No existe,II,Dentro,Urbana,Ninguna,No existe,Intersección,Bueno,Buena,Diurna,Buen Tiempo,Otro,Ciclista,Atropello,Ninguna,Faltante,Ninguna,Sin restricción
2018,2176,2018-06-19,Martes,0,12:20:00,,0.0,2,"Vehículo Oficial,Automóvil",Bv. Oro?o Y Catamarca,2,1,0,0,1,0,0,"-32.937916666667,-60.651694444444",Calle,,ROSARIO,Rosario,S/D,S/D,II,S/D,Urbana,S/D,No funciona,Intersección,S/D,Buena,Diurna,Buen Tiempo,S/D,S/D,Colisión,S/D,S/D,S/D,S/D
2018,2177,2018-05-14,Lunes,0,17:50:00,,0.0,2,"Moto/Ciclomotor,Automóvil",Dorrego Y Juan Canals,2,1,0,0,1,0,0,"-32.987416666667,-60.660055555556",Calle,,ROSARIO,Rosario,Asfalto,No existe,II,Dentro,Urbana,Ninguna,No existe,Intersección,Bueno,Buena,Atardecer,Buen Tiempo,Lateral,S/D,Colisión,Ninguna,Faltante,Ninguna,Sin restricción