anio_acci,nro_acci,fecha,desc_dia,fecha_aprox,hora_aprox,desc_ruta,km,cant_participantes,desc_participante,calle_avenida_km,total,heridos_leves,heridos_graves,heridos_gravisimos,ilesos,fallecidos,sin_datos,posicion_XY,desc_tipo_via,desc_ruta_ori,desc_loc,desc_dpto,desc_tipo_calzada,desc_tipo_banquina,desc_unidad_regional,desc_lugar_calzada,desc_zona,desc_prioridad,desc_estado_semaforo,desc_lugar_via,desc_estado_via,desc_estado_visibilidad,desc_luminosidad,desc_estado_clima,desc_tipo_colision,desc_tipo_atropello,desc_tipo_hecho,desc_pres_calzada,desc_senializacion,desc_separacion_via,desc_restriccion
2018,2178,2018-06-26,Martes,0,19:45:00,,0.0,2,"Bicicleta,Taxi/Remis",Mariano Moreno Y Ituzaingo,2,1,0,0,1,0,0,"-32.958472222222,-60.654222222222",Calle,,ROSARIO,Rosario,Asfalto,No existe,II,Dentro,Urbana,Ninguna,No existe,Intersección,Bueno,Buena,Con luz artificial,Buen Tiempo,Lateral,Ciclista,Atropello,Ninguna,Faltante,Ninguna,Sin restricción
2018,2179,2018-05-16,Miercoles,0,07:25:00,,0.0,2,"Pickup/Utilitario,Bicicleta",San Martin Y Juan Canals,2,1,0,0,1,0,0,"-32.989833333333,-60.646611111111",Avenida,,ROSARIO,Rosario,Asfalto,No existe,II,S/D,Urbana,Ninguna,No existe,Intersección,Bueno,Buena,Diurna,Buen Tiempo,Lateral,S/D,Colisión,Ninguna,Faltante,Ninguna,Sin restricción
2018,2180,2018-06-11,Lunes,0,,,0.0,2,"Moto/Ciclomotor,Automóvil",Av. Belgrano 600,2,1,0,0,1,0,0,"-32.94394, -60.63306",Avenida,,ROSARIO,Rosario,S/D,S/D,II,S/D,Urbana,S/D,S/D,S/D,S/D,S/D,S/D,S/D,S/D,S/D,S/D,S/D,S/D,S/D,S/D
2018,2181,2018-05-28,Lunes,0,10:00:00,,0.0,1,Pickup/Utilitario,Edgardo Jofre Y Jose de San Martin,2,0,1,0,0,0,1,"-30.004366,-61.858655",S/D,,HERSILIA,San Cristóbal,Asfalto,No existe,XIII,S/D,Urbana,Otra Señal,No existe,Intersección,Con baches,Buena,Diurna,Buen Tiempo,Frontal,S/D,Colisión,Ninguna,Horizontal,Ninguna,Sin restricción
2018,2182,2018-05-16,Miercoles,0,09:00:00,,0.0,2,"Automóvil,Moto/Ciclomotor",San Martin Y Biedma,2,1,0,0,1,0,0,"-32.981722222222,-60.644916666667",Avenida,,ROSARIO,Rosario,Asfalto,No existe,II,S/D,Urbana,Ninguna,No existe,Intersección,Bueno,Buena,Diurna,Buen Tiempo,Lateral,S/D,Colisión,Ninguna,Faltante,Ninguna,Sin restricción
2018,2183,2018-06-17,Domingo,0,16:30:00,,0.0,2,"Moto/Ciclomotor,Automóvil",Av. Pellegrini Y Bv. Oro?o,3,1,0,0,2,0,0,"-32.954694444444,-60.655944444444",Avenida,,ROSARIO,Rosario,Asfalto,No existe,II,Dentro,Urbana,Semáforo,Funciona,Recta,Bueno,Buena,Diurna,Buen Tiempo,De alcance,S/D,Colisión,Ninguna,Vertical,Cordón divisorio,Sin restricción
2018,2184,2018-06-20,Miercoles,0,19:50:00,,0.0,2,"Automóvil,Moto/Ciclomotor",Mariano Moreno Y Montevideo,2,1,0,0,1,0,0,"-32.953916666667,-60.653027777778",Calle,,ROSARIO,Rosario,S/D,S/D,II,S/D,Urbana,S/D,S/D,Intersección,S/D,S/D,Nocturna,S/D,S/D,S/D,S/D,S/D,S/D,S/D,Sin restricción
2018,2185,2018-05-12,Sabado,0,14:30:00,,0.0,2,"Taxi/Remis,Moto/Ciclomotor",Ayacucho Y Lainez,3,2,0,0,1,0,0,"-33.004888888889,-60.635944444444",Calle,,ROSARIO,Rosario,Asfalto,No existe,II,Dentro,Urbana,Ninguna,No existe,Intersección,Bueno,Buena,Diurna,Buen Tiempo,Lateral,S/D,Colisión,Ninguna,Faltante,Ninguna,Sin restricción
2018,2186,2018-06-15,Viernes,0,17:15:00,,0.0,2,"Moto/Ciclomotor,Pickup/Utilitario",San Luis Y Sarmiento,2,1,0,0,0,0,1,"-32.949027777778,-60.638861111111",Calle,,ROSARIO,Rosario,S/D,S/D,II,S/D,Urbana,S/D,S/D,Intersección,S/D,S/D,Diurna,S/D,S/D,S/D,Colisión,S/D,S/D,S/D,S/D
2018,2187,2018-05-13,Domingo,0,16:25:00,,0.0,2,"Moto/Ciclomotor,Automóvil",Sarmiento Y Ayolas,3,2,0,0,1,0,0,"-32.976745890087, -60.645884826006",Calle,,ROSARIO,Rosario,Asfalto,No existe,II,Dentro,Urbana,Ninguna,No existe,Intersección,Bueno,Buena,Atardecer,Buen Tiempo,Lateral,S/D,Colisión,Ninguna,Faltante,Ninguna,Sin restricción
2018,2188,2018-06-05,Martes,0,13:45:00,,0.0,2,"Moto/Ciclomotor,Automóvil",Riobamba Y Pte.Roca,2,1,0,0,1,0,0,"-32.961777777778,-60.649305555556",Calle,,ROSARIO,Rosario,Asfalto,No existe,II,Dentro,Urbana,Ninguna,No existe,Intersección,Bueno,Buena,Diurna,Buen Tiempo,Lateral,S/D,Colisión,Ninguna,Faltante,Ninguna,Sin restricción
2018,2189,2018-05-11,Viernes,0,19:30:00,,0.0,2,"Automóvil,Bicicleta",Bv. Segui Y Callao,2,1,0,0,1,0,0,"-32.97525,-60.668361111111",Calle,,ROSARIO,Rosario,Asfalto,No existe,II,S/D,Urbana,Ninguna,No existe,Intersección,Bueno,Buena,Nocturna,Buen Tiempo,Lateral,Ciclista,Atropello,Ninguna,Faltante,Ninguna,Sin restricción
2018,2190,2018-06-17,Domingo,0,05:30:00,,0.0,2,"Taxi/Remis,Automóvil",GÁLVEZ Y Mariano Moreno,2,1,0,0,1,0,0,"-32.966527777778,-60.656194444444",Calle,,ROSARIO,Rosario,Asfalto,No existe,II,Dentro,Urbana,Ninguna,No existe,Intersección,Bueno,Buena,"Nocturna,Con luz artificial",Buen Tiempo,Lateral,S/D,Colisión,Ninguna,Faltante,Ninguna,Sin restricción
2018,2191,2018-05-04,Viernes,0,03:30:00,,0.0,1,Moto/Ciclomotor,Gorriti Y Pje Ingenieros,1,1,0,0,0,0,0,"-31.590194444444,-60.694722222222",Avenida,,SANTA FE,La Capital,Asfalto,Pavimento,I,Dentro,Urbana,S/D,No existe,Intersección,Bueno,Reducida,"Nocturna,Con luz artificial",Lluvia,S/D,S/D,Despiste,S/D,Faltante,S/D,S/D
2018,2192,2018-06-15,Viernes,0,11:10:00,,0.0,2,"Transporte de Pasajeros Urbano (> 8 asientos),Peatón",Necochea Y Cerrito,2,0,0,0,0,1,1,"-32.964361111111,-60.628083333333",Calle,,ROSARIO,Rosario,Asfalto,No existe,II,S/D,Urbana,Ninguna,No existe,Intersección,Bueno,S/D,Diurna,S/D,S/D,Peatón,Atropello,Ninguna,Horizontal,"Ninguna,S/D",Sin restricción
2018,2193,2018-05-11,Viernes,0,20:00:00,,0.0,2,"Automóvil,Moto/Ciclomotor",Av. Arijon Y Av. Corrientes,4,1,1,0,2,0,0,"-33.003138888889,-60.65325",Avenida,,ROSARIO,Rosario,Asfalto,No existe,II,S/D,Urbana,Ninguna,No existe,Intersección,Bueno,Buena,Nocturna,Buen Tiempo,Lateral,S/D,Colisión,Ninguna,Faltante,Ninguna,Sin restricción
2018,2194,2018-05-10,Jueves,0,16:00:00,,0.0,2,"Pickup/Utilitario,Peatón",Gorriti Y Av Facundo Zuviria,2,1,0,0,1,0,0,"-31.589305555556,-60.698138888889",Avenida,,SANTA FE,La Capital,Asfalto,Pavimento,I,Dentro,Urbana,S/D,Funciona,Intersección,Bueno,Buena,Diurna,Buen Tiempo,Lateral,Peatón,Atropello,S/D,Vertical,S/D,S/D
2018,2195,2018-06-20,Miercoles,0,21:05:00,,0.0,2,"Automóvil,Bicicleta",Rueda Y Buenos Aires,2,1,0,0,1,0,0,"-32.972027777778,-60.638888888889",Calle,,ROSARIO,Rosario,Asfalto,No existe,II,Dentro,Urbana,Señal Pare,No existe,Intersección,Bueno,Buena,Nocturna,Buen Tiempo,Lateral,Ciclista,Atropello,Ninguna,Vertical,Ninguna,Sin restricción
2018,2196,2018-06-13,Miercoles,0,16:25:00,,0.0,2,"Pickup/Utilitario,Bicicleta",Ayacucho Y Riobamba,2,1,0,0,1,0,0,"-32.965027777778,-60.631055555556",Calle,,ROSARIO,Rosario,S/D,S/D,II,S/D,Urbana,S/D,S/D,Intersección,S/D,S/D,Diurna,S/D,S/D,Ciclista,Atropello,S/D,S/D,S/D,S/D
2018,2197,2018-05-04,Viernes,0,07:55:00,,0.0,2,"Automóvil,Moto/Ciclomotor",Paraguay Y Khantuta,2,1,0,0,1,0,0,"-33.012055555556,-60.654305555556",Calle,,ROSARIO,Rosario,Asfalto,No existe,II,S/D,Urbana,Ninguna,No existe,Intersección,Bueno,Buena,Diurna,Buen Tiempo,Lateral,S/D,Colisión,Ninguna,Faltante,Ninguna,Sin restricción
2018,2198,2018-06-18,Lunes,0,09:00:00,,0.0,2,"Pickup/Utilitario,Moto/Ciclomotor",Av. Pellegrini 524,2,1,0,0,1,0,0,"-32.958611111111,-60.632972222222",Avenida,,ROSARIO,Rosario,S/D,S/D,II,S/D,Urbana,S/D,S/D,Recta,S/D,S/D,Diurna,S/D,S/D,S/D,Colisión,S/D,S/D,S/D,S/D
2018,2199,2018-06-19,Martes,0,21:00:00,,0.0,2,"Bicicleta,Automóvil",L.N.Alem Y Dean Funes,2,1,0,0,1,0,0,"-32.977388888889,-60.635666666667",Calle,,ROSARIO,Rosario,Asfalto,No existe,II,S/D,Urbana,Paso Peatonal,No existe,Intersección,Bueno,Buena,Nocturna,Buen Tiempo,Lateral,Ciclista,Atropello,Ninguna,Horizontal,Ninguna,Sin restricción
2018,2200,2018-05-10,Jueves,0,20:15:00,,0.0,2,"Automóvil,Moto/Ciclomotor",Espa?a 5000,2,1,0,0,1,0,0,"-32.994805555556,-60.657944444444",Calle,,ROSARIO,Rosario,Asfalto,No existe,II,S/D,Urbana,Ninguna,No existe,Intersección,Bueno,Buena,Nocturna,Buen Tiempo,Lateral,S/D,Colisión,Ninguna,Faltante,Ninguna,Sin restricción
2018,2201,2018-06-12,Martes,0,17:40:00,,0.0,2,"Moto/Ciclomotor,Peatón",Santa Fe Y Dorrego,2,2,0,0,0,0,0,"-32.943083333333,-60.648888888889",Calle,,ROSARIO,Rosario,S/D,S/D,II,S/D,Urbana,S/D,Funciona,Recta,S/D,Buena,Diurna,S/D,S/D,Peatón,Atropello,S/D,Horizontal,S/D,S/D
2018,2202,2018-05-06,Domingo,0,19:40:00,,0.0,2,"Automóvil,Moto/Ciclomotor",Av. Arijon Y Av. Corrientes,3,3,0,0,0,0,0,"-33.003138888889,-60.65325",Avenida,,ROSARIO,Rosario,Asfalto,No existe,II,S/D,Urbana,Ninguna,No existe,Intersección,Bueno,Buena,Nocturna,Lluvia,Lateral,S/D,Colisión,Ninguna,Faltante,Ninguna,Sin restricción
2018,2203,2018-06-08,Viernes,0,14:00:00,,0.0,2,"Moto/Ciclomotor,Automóvil",Buenos Aires Y Amenabar,3,2,0,0,1,0,0,"-32.973166666667,-60.639166666667",Calle,,ROSARIO,Rosario,Asfalto,No existe,II,S/D,Urbana,Señal Pare,No existe,Intersección,Bueno,Buena,Diurna,Buen Tiempo,Lateral,S/D,Colisión,Ninguna,Vertical,Ninguna,Sin restricción
2018,2204,2018-06-16,Sabado,0,06:00:00,,0.0,3,"Taxi/Remis,Taxi/Remis,Automóvil",Bv. Oro?o Y Urquiza,4,1,0,0,3,0,0,"-32.94025,-60.652305555556",Calle,,ROSARIO,Rosario,S/D,S/D,II,S/D,Urbana,Semáforo,Funciona,Intersección,S/D,S/D,Amanecer,S/D,S/D,S/D,Colisión,S/D,S/D,S/D,S/D
2018,2205,2018-06-08,Viernes,0,13:50:00,,0.0,2,"Automóvil,Moto/Ciclomotor",Necochea Y 24 De Setiembre,2,1,0,0,1,0,0,"-32.982722222222,-60.632666666667",Calle,,ROSARIO,Rosario,Asfalto,No existe,II,Dentro,Urbana,Ninguna,No existe,Intersección,Bueno,Buena,Diurna,Buen Tiempo,De alcance,S/D,Colisión,S/D,Faltante,Ninguna,Sin restricción
2018,2206,2018-05-01,Martes,0,07:00:00,,0.0,2,"Automóvil,Moto/Ciclomotor",Bv. Oro?o Y Garibaldi,2,1,0,0,1,0,0,"-32.983194444444,-60.663444444444",Calle,,ROSARIO,Rosario,Asfalto,No existe,II,S/D,Urbana,Ninguna,No existe,Intersección,Bueno,Buena,Diurna,Buen Tiempo,Lateral,S/D,Colisión,Ninguna,Faltante,Ninguna,Sin restricción
2018,2207,2018-05-28,Lunes,0,12:45:00,,0.0,2,"Automóvil,Moto/Ciclomotor",Gorriti Y Liniers,2,1,0,0,1,0,0,"-32.923944444444,-60.699166666667",Calle,,ROSARIO,Rosario,Asfalto,S/D,II,S/D,Urbana,S/D,S/D,Intersección,S/D,S/D,S/D,S/D,S/D,S/D,Colisión,S/D,S/D,S/D,S/D
2018,2208,2018-05-10,Jueves,0,20:40:00,,0.0,2,"Automóvil,Bicicleta",Pje Ingenieros 7600,2,1,0,0,1,0,0,"-31.597138888889,-60.697055555556",Calle,,SANTA FE,La Capital,"Tierra,Ripio",Natural,I,Dentro,Urbana,S/D,No existe,Recta,Deteriorada,Buena,"Nocturna,Con luz artificial",Buen Tiempo,Lateral,Ciclista,Atropello,Material Suelto,Faltante,S/D,S/D
2018,2209,2018-06-12,Martes,0,17:25:00,,0.0,2,"Automóvil,Moto/Ciclomotor",Sarmiento 1200,3,2,0,0,1,0,0,"-32.951472222222,-60.639472222222",Calle,,ROSARIO,Rosario,S/D,S/D,II,S/D,Urbana,S/D,S/D,Recta,S/D,S/D,Diurna,S/D,S/D,S/D,Colisión,S/D,S/D,S/D,S/D
2018,2210,2018-06-07,Jueves,0,08:05:00,,0.0,1,Pickup/Utilitario,Ayolas ,2,2,0,0,0,0,0,"-32.980533169216, -60.624963595689",S/D,,ROSARIO,Rosario,Asfalto,Natural,II,S/D,Urbana,Ninguna,No existe,Recta,Bueno,Buena,Diurna,Buen Tiempo,Contra objeto fijo,S/D,Atropello,Ninguna,Faltante,Guardarrail,Sin restricción
2018,2211,2018-06-06,Miercoles,0,17:50:00,,0.0,2,"Automóvil,Peatón",Colon Y Dean Funes,2,1,0,0,1,0,0,"-32.977888888889,-60.632888888889",Calle,,ROSARIO,Rosario,Asfalto,No existe,II,S/D,Urbana,Ninguna,No existe,Intersección,Bueno,Buena,Atardecer,Buen Tiempo,S/D,Peatón,Atropello,Ninguna,Faltante,Ninguna,Sin restricción
2018,2212,2018-05-12,Sabado,0,09:10:00,,0.0,2,"Pickup/Utilitario,Moto/Ciclomotor",Elorza Y Santa Fe,2,1,0,0,1,0,0,"-32.917647176166, -60.813922946616",Calle,,FUNES,Rosario,Asfalto,No existe,II,Dentro,Urbana,Ninguna,No existe,Intersección,Bueno,Buena,Diurna,Buen Tiempo,Lateral,S/D,Colisión,Ninguna,Faltante,Ninguna,Sin restricción
2018,2213,2018-06-22,Viernes,0,22:00:00,,0.0,2,"Automóvil,Moto/Ciclomotor",3 De Febrero Y Alvear,3,2,0,0,1,0,0,"-32.949805555556,-60.656277777778",Calle,,ROSARIO,Rosario,S/D,S/D,II,S/D,Urbana,S/D,S/D,Intersección,S/D,S/D,Con luz artificial,S/D,S/D,S/D,Colisión,S/D,S/D,S/D,S/D
2018,2214,2018-05-24,Jueves,0,16:20:00,Autopista Nacional 9,0.0,2,"Automóvil,Moto/Ciclomotor",Ruta Nacional 9 Y San Jose,4,1,0,0,3,0,0,"-32.919218078798, -60.823649384156",Autopista,9,FUNES,Rosario,Asfalto,Natural,II,Dentro,Urbana,Ninguna,No existe,Recta,Bueno,Buena,Diurna,Buen Tiempo,De alcance,S/D,Colisión,Ninguna,Vertical,Línea divisoria pintada,Sin restricción
2018,2215,2018-05-12,Sabado,0,00:15:00,,0.0,2,"Automóvil,Moto/Ciclomotor",Av A del Valle Y French,2,1,0,0,1,0,0,"-31.592416666667,-60.691944444444",Avenida,,SANTA FE,La Capital,Asfalto,S/D,I,S/D,Urbana,S/D,S/D,Intersección,Bueno,Buena,"Nocturna,Con luz artificial",Buen Tiempo,Lateral,S/D,Colisión,S/D,Horizontal,S/D,S/D
2018,2216,2018-05-30,Miercoles,0,17:15:00,Autopista Nacional 9,0.0,2,"Automóvil,Moto/Ciclomotor",Ruta Nacional 9 Y Cochet,4,1,0,0,3,0,0,"-32.922307983583, -60.806097008362",Autopista,9,FUNES,Rosario,Asfalto,Natural,II,Dentro,Urbana,Ninguna,No existe,Intersección,Bueno,Buena,Atardecer,Buen Tiempo,Lateral,S/D,Colisión,Ninguna,Vertical,Línea divisoria pintada,Sin restricción
2018,2217,2018-06-24,Domingo,0,16:30:00,,0.0,2,"Moto/Ciclomotor,Moto/Ciclomotor",Fragata Sarmiento Y Callao,3,1,0,0,2,0,0,"-32.98894, -60.67183",Calle,,ROSARIO,Rosario,Asfalto,No existe,II,S/D,Urbana,Ninguna,No existe,Intersección,Bueno,Buena,Diurna,Buen Tiempo,Lateral,S/D,Colisión,Ninguna,Faltante,Ninguna,Sin restricción
2018,2218,2018-06-27,Miercoles,0,13:20:00,,0.0,2,"Automóvil,Peatón",Rioja Y Italia,2,0,1,0,1,0,0,"-32.945833333333,-60.648166666667",Calle,,ROSARIO,Rosario,S/D,S/D,II,S/D,Urbana,Paso Peatonal,No existe,Intersección,Bueno,Buena,Diurna,S/D,S/D,Peatón,Atropello,S/D,S/D,S/D,S/D
2018,2219,2018-05-22,Martes,0,19:30:00,,0.0,2,"Automóvil,Moto/Ciclomotor",Gorriti Y San Lorenzo,2,1,0,0,1,0,0,"-31.588555555556,-60.700694444444",Avenida,,SANTA FE,La Capital,Asfalto,S/D,I,Dentro,Urbana,S/D,No existe,Intersección,Bueno,Buena,"Atardecer,Con luz artificial",Buen Tiempo,Lateral,S/D,Colisión,S/D,Faltante,S/D,S/D
2018,2220,2018-06-26,Martes,0,23:20:00,,0.0,2,"Moto/Ciclomotor,Automóvil",3 De Febrero Y San Martin,2,1,0,0,1,0,0,"-32.953027777778,-60.63825",Calle,,ROSARIO,Rosario,S/D,S/D,II,S/D,Urbana,S/D,S/D,Intersección,S/D,S/D,Nocturna,S/D,S/D,S/D,Colisión,S/D,S/D,S/D,S/D
2018,2221,2018-05-24,Jueves,0,18:30:00,,0.0,2,"Pickup/Utilitario,Moto/Ciclomotor",Av Facundo Zuviria Y Padre Genesio,2,1,0,0,1,0,0,"-31.59825,-60.70075",Avenida,,SANTA FE,La Capital,Asfalto,Pavimento,I,Dentro,Urbana,S/D,No existe,Intersección,Bueno,Buena,"Atardecer,Con luz artificial",Buen Tiempo,Lateral,S/D,Colisión,S/D,S/D,S/D,S/D
2018,2222,2018-05-26,Sabado,0,12:40:00,,0.0,2,"Moto/Ciclomotor,Automóvil",Risso Y Belgrano,2,0,0,0,0,0,2,"-31.601916666667,-60.6885",Calle,,SANTA FE,La Capital,Asfalto,No existe,I,S/D,Urbana,Ninguna,No existe,Intersección,Bueno,Buena,Diurna,Buen Tiempo,Lateral,S/D,Colisión,Ninguna,Faltante,Ninguna,Sin restricción
2018,2223,2018-06-26,Martes,0,12:45:00,,0.0,2,"Pickup/Utilitario,Moto/Ciclomotor",Av. Pellegrini Y Dorrego,2,1,0,0,1,0,0,"-32.955416666667,-60.651972222222",Avenida,,ROSARIO,Rosario,S/D,S/D,II,S/D,Urbana,S/D,S/D,Intersección,S/D,S/D,Diurna,S/D,S/D,S/D,Colisión,S/D,S/D,S/D,S/D
2018,2224,2018-06-23,Sabado,0,12:15:00,,0.0,2,"Pickup/Utilitario,Moto/Ciclomotor",Bv. Segui Y Santiago,2,1,0,0,1,0,0,"-32.975833333333,-60.66425",Calle,,ROSARIO,Rosario,Asfalto,No existe,II,S/D,Urbana,Ninguna,No existe,Intersección,Bueno,Buena,Diurna,Buen Tiempo,Lateral,S/D,Colisión,Ninguna,Faltante,Ninguna,Sin restricción
2018,2225,2018-06-22,Viernes,0,01:50:00,,0.0,2,"Moto/Ciclomotor,Automóvil",Bv. Oro?o Y Amenabar,2,1,0,0,1,0,0,"-32.969472222222,-60.659777777778",S/D,,ROSARIO,Rosario,Asfalto,No existe,II,S/D,S/D,Ninguna,Funciona,Intersección,Bueno,Buena,Nocturna,Buen Tiempo,Lateral,S/D,Colisión,Ninguna,Faltante,Ninguna,Sin restricción
2018,2226,2018-04-14,Sabado,0,04:00:00,,0.0,1,Moto/Ciclomotor,Avenida Italia 178,2,2,0,0,0,0,0,"-29.884025507130, -61.949090381087",Avenida,,CERES,San Cristóbal,Asfalto,No existe,XIII,Fuera,Urbana,Ninguna,S/D,Recta,Resbaladiza,S/D,S/D,Lluvia,S/D,S/D,Caída ocupante,Agua,Faltante,"Cordón divisorio,Vegetación",Sin restricción
2018,2227,2018-04-13,Viernes,0,20:20:00,,0.0,2,"Pickup/Utilitario,Moto/Ciclomotor",Chacabuco Y Las Heras,2,1,0,0,1,0,0,"-30.312472222222,-61.231333333333",Calle,,SAN CRISTÓBAL,San Cristóbal,Asfalto,No existe,XIII,Dentro,Urbana,Ninguna,No existe,Intersección,Bueno,Reducida,Nocturna,Buen Tiempo,Lateral,S/D,Colisión,Ninguna,Faltante,Ninguna,Sin restricción
2018,2228,2018-04-06,Viernes,0,16:50:00,,0.0,2,"Automóvil,Moto/Ciclomotor",Riobamba 593,4,2,0,0,2,0,0,"-30.314305555556,-61.247611111111",Calle,,SAN CRISTÓBAL,San Cristóbal,Tierra,No existe,XIII,Dentro,Urbana,Ninguna,No existe,Recta,Bueno,Buena,Diurna,Buen Tiempo,Lateral,S/D,Colisión,Ninguna,Faltante,Ninguna,Sin restricción
2018,2229,2018-04-23,Lunes,0,00:25:00,Ruta Nacional 19,65.0,1,Automóvil, ,1,0,1,0,0,0,0,"-31.545063034022, -61.452517680556",Ruta,19,SA PEREIRA,Las Colonias,Asfalto,Natural,XI,Dentro,Urbana,Ninguna,No existe,Recta,Bueno,Reducida,Nocturna,Lluvia,Contra objeto fijo,S/D,Colisión,Agua,Faltante,Vegetación,Sin restricción
2018,2230,2018-04-03,Martes,0,19:00:00,Ruta Provincial 62,0.0,2,"Camión Chasis,Moto/Ciclomotor", ,2,1,0,0,1,0,0,"-31.017013191170, -61.144081849205",Ruta,62,SARMIENTO,Las Colonias,Asfalto,Natural,XI,Dentro,Rural,Ninguna,No existe,Recta,Bueno,Buena,Nocturna,Buen Tiempo,Lateral,S/D,Colisión,Ninguna,Faltante,Línea divisoria pintada,Sin restricción
2018,2231,2018-04-10,Martes,0,19:30:00,Ruta Provincial 10,0.0,2,"Moto/Ciclomotor,Bicicleta", ,2,2,0,0,0,0,0,"-31.041404328100, -61.165964058001",Ruta,10,SARMIENTO,Las Colonias,Asfalto,Natural,XI,Dentro,Urbana,Ninguna,No existe,Recta,Bueno,Reducida,Nocturna,Buen Tiempo,S/D,Ciclista,Atropello,Ninguna,Faltante,Línea divisoria pintada,Sin restricción
2018,2232,2018-04-10,Martes,0,00:10:00,,0.0,2,"Pickup/Utilitario,Moto/Ciclomotor",L de la Torre Y Bv Mariano Moreno,2,1,0,0,1,0,0,"-30.314171766785, -61.23452044192",Avenida,,SAN CRISTÓBAL,San Cristóbal,Asfalto,Pavimento,XIII,Dentro,Urbana,Ninguna,No existe,Intersección,Bueno,Buena,Nocturna,Buen Tiempo,Lateral,S/D,Colisión,Ninguna,Faltante,Ninguna,Sin restricción
2018,2233,2018-04-02,Lunes,0,17:30:00,Ruta Provincial 4,0.0,2,"Automóvil,Pickup/Utilitario", ,10,4,0,0,6,0,0,"-31.012662042922, -60.904725871781",Ruta,4,MARÍA LUISA,Las Colonias,Asfalto,Natural,XI,Dentro,Rural,Señal Pare,No existe,Intersección,Bueno,Buena,Diurna,Lluvia,Lateral,S/D,Colisión,Agua,Vertical,Línea divisoria pintada,Sin restricción
2018,2234,2018-04-30,Lunes,0,17:30:00,,0.0,2,"Camión c / Acoplado,Bicicleta",Bvard Espa?a 525,2,1,0,0,1,0,0,"-29.881834271686, -61.937018522269",Avenida,,CERES,San Cristóbal,Asfalto,Natural,XIII,Dentro,Urbana,Señal Ceda el Paso,S/D,Recta,Con baches,S/D,S/D,Lluvia,S/D,Ciclista,"Aplastamiento,Atropello",Ninguna,Vertical,Ninguna,Sin restricción
2018,2235,2018-04-29,Domingo,0,13:25:00,Ruta Secundaria 77-s,0.0,1,Moto/Ciclomotor, ,1,0,1,0,0,0,0,"-30.074133500648, -61.593834257229",Ruta,77-s,AMBROSETTI,San Cristóbal,"Tierra,Ripio",Natural,XIII,Dentro,Rural,Otra Señal,No existe,Recta,Otro,Buena,Diurna,Buen Tiempo,S/D,S/D,Caída ocupante,Otro,Vertical,Vegetación,Obra en Construcción
2018,2236,2018-04-19,Jueves,0,20:00:00,Ruta Nacional 19,0.0,3,"Moto/Ciclomotor,Moto/Ciclomotor,Cuatriciclo",San Miguel  Ruta Nacional 19 ,4,2,2,0,0,0,0,"-31.593664722713, -61.225490107670",Ruta,19,SAN JERÓNIMO DEL SAUCE,Las Colonias,Asfalto,Pavimento,XI,Dentro,Rural,Otra Señal,No existe,Intersección,Bueno,Reducida,Nocturna,Buen Tiempo,Frontal,S/D,Colisión,Ninguna,Vertical,Ninguna,Sin restricción
2018,2237,2018-01-13,Sabado,0,08:45:00,Ruta Provincial 95,785.0,2,"Automóvil,Camión c / Semirremolque", ,3,0,0,0,2,1,0,"-29.145692, -61.742164",Ruta,95,TOSTADO,9 de Julio,Asfalto,Natural,XII,Dentro,Rural,Ninguna,No existe,Recta,Bueno,Buena,Diurna,Buen Tiempo,Frontal,S/D,Colisión,Agua,S/D,Línea divisoria pintada,Sin restricción
2018,2238,2018-04-19,Jueves,0,16:15:00,,0.0,2,"Moto/Ciclomotor,Automóvil",Francia Y Juan de Garay,2,1,0,0,1,0,0,"-31.651138888889,-60.716083333333",Calle,,SANTA FE,La Capital,Asfalto,No existe,I,Dentro,Urbana,Ninguna,No existe,Intersección,Bueno,Buena,Diurna,Buen Tiempo,Lateral,S/D,Colisión,Ninguna,Faltante,Ninguna,Sin restricción
2018,2239,2018-04-20,Viernes,0,06:00:00,,0.0,2,"Moto/Ciclomotor,Automóvil",San Jose Y Moreno,2,0,0,0,0,0,2,"-31.652083333333,-60.724583333333",Calle,,SANTA FE,La Capital,Asfalto,No existe,I,Dentro,Urbana,Ninguna,No existe,Intersección,Otro,Buena,Nocturna,Buen Tiempo,Lateral,S/D,Colisión,Ninguna,Faltante,Ninguna,Sin restricción
2018,2240,2018-01-14,Domingo,0,21:43:00,Ruta Provincial 6,69.0,2,"Automóvil,Automóvil", ,2,1,0,0,0,1,0,"-31.436546, -60.912517",Ruta,6,ESPERANZA,Las Colonias,Asfalto,Natural,XI,Dentro,Urbana,Ninguna,No existe,Recta,Bueno,Buena,Nocturna,Buen Tiempo,De alcance,S/D,Colisión,Material Suelto,S/D,Línea divisoria pintada,Sin restricción
2018,2241,2018-04-01,Domingo,0,13:05:00,,0.0,2,"Moto/Ciclomotor,Automóvil",Francia Y Amenabar,2,1,0,0,1,0,0,"-31.657805555556,-60.718138888889",Calle,,SANTA FE,La Capital,Asfalto,No existe,I,Dentro,Urbana,Ninguna,No existe,Intersección,Con baches,Buena,Diurna,Buen Tiempo,De alcance,S/D,Colisión,Ninguna,Faltante,Ninguna,Sin restricción