anio_acci,nro_acci,fecha,desc_dia,fecha_aprox,hora_aprox,desc_ruta,km,cant_participantes,desc_participante,calle_avenida_km,total,heridos_leves,heridos_graves,heridos_gravisimos,ilesos,fallecidos,sin_datos,posicion_XY,desc_tipo_via,desc_ruta_ori,desc_loc,desc_dpto,desc_tipo_calzada,desc_tipo_banquina,desc_unidad_regional,desc_lugar_calzada,desc_zona,desc_prioridad,desc_estado_semaforo,desc_lugar_via,desc_estado_via,desc_estado_visibilidad,desc_luminosidad,desc_estado_clima,desc_tipo_colision,desc_tipo_atropello,desc_tipo_hecho,desc_pres_calzada,desc_senializacion,desc_separacion_via,desc_restriccion
2018,2242,2018-02-01,Jueves,0,22:15:00,,0.0,2,"Automóvil,Moto/Ciclomotor",N Avellaneda Y Mendoza,2,0,0,0,1,1,0,"-31.30038,-60.65377",Calle,,LAGUNA PAIVA,La Capital,Asfalto,No existe,I,Dentro,Urbana,Ninguna,No existe,Recta,Bueno,Buena,Nocturna,Buen Tiempo,Lateral,S/D,Colisión,Ninguna,Faltante,Ninguna,Sin restricción
2018,2243,2018-03-15,Jueves,0,12:15:00,,0.0,2,"Bicicleta,Automóvil",Av Los Colonizadores Y Ingeniero Gadda,2,2,0,0,0,0,0,"-31.451722222222,-60.918361111111",Avenida,,ESPERANZA,Las Colonias,Asfalto,No existe,XI,Dentro,Urbana,Ninguna,No existe,Intersección,Bueno,Buena,Diurna,Buen Tiempo,S/D,Ciclista,Atropello,Ninguna,Faltante,Ninguna,Sin restricción
2018,2244,2018-04-09,Lunes,0,05:15:00,Ruta Provincial 39,13.0,2,"Automóvil,Transporte de Pasajeros Larga Distancia (> 8 asientos)", ,3,1,0,0,2,0,0,"-30.502896, -60.031488",Ruta,39,PORTUGALETE,San Cristóbal,Tierra,Natural,XIII,Fuera,Rural,Ninguna,No existe,Recta,Resbaladiza,Reducida,Nocturna,Niebla,De alcance,S/D,Colisión,Agua,S/D,Línea divisoria pintada,Sin restricción
2018,2245,2018-04-02,Lunes,0,09:00:00,,0.0,2,"Moto/Ciclomotor,Moto/Ciclomotor",J J Paso Y San Lorenzo,2,1,0,0,1,0,0,"-31.661611111111,-60.722055555556",Calle,,SANTA FE,La Capital,Asfalto,No existe,I,Dentro,Urbana,Ninguna,No existe,Intersección,Con baches,Buena,Diurna,Buen Tiempo,Lateral,S/D,Colisión,Ninguna,Faltante,Ninguna,Sin restricción
2018,2246,2018-04-23,Lunes,0,09:45:00,Ruta Nacional 178,78.0,2,"Camión Chasis,Automóvil", ,2,0,1,0,1,0,0,"-33.443375, -61.141380",Ruta,178,BIGAND,Caseros,Asfalto,Natural,IV,Dentro,Rural,Ninguna,No existe,Recta,Bueno,Reducida,Diurna,Otro,Lateral,S/D,Colisión,Ninguna,Horizontal,Línea divisoria pintada,Sin restricción
2018,2247,2018-03-26,Lunes,0,00:40:00,,0.0,1,Moto/Ciclomotor,Av Los Colonizadores 100,1,1,0,0,0,0,0,"-31.452861111111,-60.913805555556",Avenida,,ESPERANZA,Las Colonias,Asfalto,No existe,XI,Dentro,Urbana,Ninguna,No existe,Recta,Bueno,Buena,"Nocturna,Con luz artificial",Buen Tiempo,Contra objeto fijo,S/D,Colisión,Ninguna,Horizontal,Cordón divisorio,Sin restricción
2018,2248,2018-04-05,Jueves,0,20:50:00,,0.0,2,"Moto/Ciclomotor,Moto/Ciclomotor",Corrientes Y Av Mosconi,2,2,0,0,0,0,0,"-31.649833333333,-60.730527777778",Calle,,SANTA FE,La Capital,Asfalto,No existe,I,Dentro,Urbana,Ninguna,No existe,Intersección,"Con baches,Deteriorada",Reducida,Nocturna,Buen Tiempo,De alcance,S/D,Colisión,Ninguna,Faltante,Ninguna,Sin restricción
2018,2249,2018-02-03,Sabado,0,16:40:00,,0.0,2,"Moto/Ciclomotor,Automóvil",Gral Paz Y Caseros,2,0,0,0,1,1,0,"-30.301666666667,-61.231388888889",Calle,,SAN CRISTÓBAL,San Cristóbal,Asfalto,No existe,XIII,Dentro,Urbana,Ninguna,No existe,Intersección,Bueno,Buena,Diurna,Buen Tiempo,Frontal,S/D,Colisión,Ninguna,Faltante,Ninguna,Sin restricción
2018,2250,2018-03-10,Sabado,0,12:00:00,,0.0,2,"Bicicleta,Moto/Ciclomotor",Berutti Y Gobernador Crespo,2,1,0,0,0,0,1,"-31.445305555556,-60.934194444444",Calle,,ESPERANZA,Las Colonias,Asfalto,No existe,XI,Dentro,Urbana,Ninguna,No existe,Recta,Bueno,Buena,Diurna,Otro,S/D,Ciclista,Atropello,Ninguna,Horizontal,Ninguna,Sin restricción
2018,2251,2018-02-06,Martes,0,11:30:00,Ruta Provincial 61,0.0,1,Pickup/Utilitario, ,2,1,0,0,0,1,0,"-30.611101,-61.01745",Ruta,61,SOLEDAD,San Cristóbal,Tierra,No existe,XIII,Fuera,Rural,Ninguna,No existe,Recta,S/D,Buena,Diurna,Buen Tiempo,S/D,S/D,Vuelco,Ninguna,Vertical,Ninguna,Obra en Construcción
2018,2252,2018-03-28,Miercoles,0,07:30:00,,0.0,2,"Moto/Ciclomotor,Automóvil",Carlos Bosch Y Mariano Moreno,2,1,0,0,1,0,0,"-31.430833333333,-60.926694444444",Calle,,ESPERANZA,Las Colonias,Tierra,No existe,XI,Fuera,Urbana,Ninguna,S/D,Recta,S/D,S/D,Diurna,Buen Tiempo,Frontal,S/D,Colisión,S/D,S/D,Ninguna,Sin restricción
2018,2253,2018-04-04,Miercoles,0,09:40:00,,0.0,2,"Moto/Ciclomotor,Taxi/Remis",Saavedra Y Amenabar,2,1,0,0,1,0,0,"-31.657583333333,-60.719416666667",Calle,,SANTA FE,La Capital,Asfalto,No existe,I,Dentro,Urbana,Ninguna,No existe,Intersección,Bueno,Buena,Diurna,Buen Tiempo,De alcance,S/D,Colisión,Ninguna,Faltante,Ninguna,Sin restricción
2018,2254,2018-02-07,Miercoles,0,21:25:00,,0.0,2,"Moto/Ciclomotor,Peatón",Avenida Vicente Casares Y Victoria,2,1,0,0,0,1,0,"-29.882554,-61.945101",Calle,,CERES,San Cristóbal,Asfalto,No existe,XIII,S/D,Urbana,Ninguna,No existe,Recta,Resbaladiza,Reducida,Nocturna,Lluvia,S/D,Peatón,Atropello,Agua,Horizontal,Vegetación,Sin restricción
2018,2255,2018-04-07,Sabado,0,11:20:00,,0.0,2,"Moto/Ciclomotor,Pickup/Utilitario",Av Gral Lopez Y San Jose,2,1,0,0,1,0,0,"-31.654555555556,-60.725666666667",Avenida,,SANTA FE,La Capital,Asfalto,No existe,I,Dentro,Urbana,Ninguna,No existe,Intersección,"Con baches,Deteriorada",Buena,Diurna,Buen Tiempo,Lateral,S/D,Colisión,Ninguna,Faltante,Ninguna,Sin restricción
2018,2256,2018-03-22,Jueves,0,13:30:00,,0.0,2,"Moto/Ciclomotor,Otros",Saavedra Y Guemes,2,1,0,0,1,0,0,"-31.451916666667,-60.937166666667",Calle,,ESPERANZA,Las Colonias,Asfalto,No existe,XI,Dentro,Urbana,Ninguna,No existe,Intersección,Bueno,Buena,Diurna,Buen Tiempo,Lateral,S/D,Colisión,Ninguna,Faltante,Ninguna,Sin restricción
2018,2257,2018-04-09,Lunes,0,20:40:00,,0.0,2,"Pickup/Utilitario,Automóvil",Dr Zavalla Y Corrientes,4,2,0,0,2,0,0,"-31.651416666667,-60.721694444444",Calle,,SANTA FE,La Capital,Asfalto,No existe,I,Dentro,Urbana,Ninguna,No existe,Intersección,Con baches,Buena,Nocturna,Buen Tiempo,De alcance,S/D,Colisión,Ninguna,Faltante,Ninguna,Sin restricción
2018,2258,2018-03-15,Jueves,0,08:00:00,,0.0,1,Moto/Ciclomotor,Simon de Iriondo Y French,1,1,0,0,0,0,0,"-31.441222222222,-60.928027777778",Calle,,ESPERANZA,Las Colonias,Asfalto,No existe,XI,Dentro,Urbana,Ninguna,No existe,Intersección,Bueno,Buena,Diurna,Buen Tiempo,Atropello animal,S/D,Colisión,Ninguna,Faltante,Ninguna,Sin restricción
2018,2259,2018-02-09,Viernes,0,18:15:00,,0.0,2,"Moto/Ciclomotor,Transporte de Pasajeros Urbano (> 8 asientos)",Av Blas Parera Y French,3,1,0,0,0,1,1,"-31.58578,-60.72577",Avenida,,SANTA FE,La Capital,Asfalto,No existe,I,S/D,Urbana,Semáforo,Funciona,Intersección,Bueno,Buena,Diurna,Buen Tiempo,Lateral,S/D,Colisión,Ninguna,"Horizontal,Vertical",Cordón divisorio,Sin restricción
2018,2260,2018-04-23,Lunes,0,19:35:00,Ruta Nacional 11,0.0,2,"Automóvil,Moto/Ciclomotor",Ruta Nac 11 ,2,1,0,0,1,0,0,"-31.774910376329, -60.843181174781",Ruta,11,SAUCE VIEJO,La Capital,Asfalto,Natural,I,Dentro,Urbana,Ninguna,No existe,Recta,Bueno,Buena,Diurna,Buen Tiempo,Lateral,S/D,Colisión,Ninguna,Horizontal,Ninguna,Sin restricción
2018,2261,2018-02-11,Domingo,0,19:00:00,Ruta Provincial 66,62.0,1,Automóvil, ,3,2,0,0,0,1,0,"-32.036361, -61.769660",Ruta,66,CARLOS PELLEGRINI,San Martín,Hormigón,Natural,XVIII,Fuera,Urbana,Ninguna,No existe,Recta,"Bueno,Resbaladiza",Reducida,Atardecer,Lluvia,S/D,S/D,Vuelco,Agua,Vertical,S/D,Sin restricción
2018,2262,2018-04-26,Jueves,0,21:00:00,,0.0,2,"Moto/Ciclomotor,Peatón",Carlos Chapearouge Y Mariano Moreno,2,1,0,0,1,0,0,"-31.692694444444,-60.771361111111",Calle,,SANTO TOMÉ,La Capital,S/D,No existe,I,S/D,Urbana,S/D,S/D,S/D,S/D,S/D,Nocturna,S/D,S/D,Peatón,Atropello,S/D,S/D,S/D,S/D
2018,2263,2018-02-11,Domingo,0,20:30:00,Ruta Secundaria 34-s,0.0,2,"Moto/Ciclomotor,Automóvil",Autopista Provincial Brigadier Lopez ,3,0,0,0,1,2,0,"-32.851675, -60.737273",Ruta,34-s,GRANADERO BAIGORRIA,Rosario,Asfalto,Natural,II,Dentro,Rural,Señal Pare,No existe,Cruce,Bueno,S/D,Nocturna,Buen Tiempo,S/D,S/D,Colisión,Ninguna,Vertical,Ninguna,Sin restricción
2018,2264,2018-04-10,Martes,0,15:00:00,,0.0,2,"Moto/Ciclomotor,Automóvil",Grl Enrique Mosconi Y Santa Fe,2,1,0,0,1,0,0,"-31.654972222222,-60.781305555556",Calle,,SANTO TOMÉ,La Capital,Tierra,No existe,I,S/D,Urbana,Ninguna,No existe,Intersección,Deteriorada,Buena,Diurna,Buen Tiempo,Lateral,S/D,Colisión,Ninguna,Faltante,Ninguna,Sin restricción
2018,2265,2018-04-11,Miercoles,0,17:40:00,,0.0,1,Otros,1 de mayo 4100,2,1,0,0,1,0,0,"-31.683638888889,-60.781361111111",Calle,,SANTO TOMÉ,La Capital,Ripio,No existe,I,Dentro,Urbana,Ninguna,No existe,Recta,S/D,Buena,Atardecer,Buen Tiempo,S/D,S/D,Caída ocupante,S/D,S/D,Ninguna,Sin restricción
2018,2266,2018-04-06,Viernes,0,05:20:00,Ruta Nacional 11,0.0,2,"Otros,Otros",Ruta 11 Avenida Richieri Y Juan Jose Paso,3,2,0,0,1,0,0,"-31.686,-60.780472222222",Ruta,11,SANTO TOMÉ,La Capital,Asfalto,S/D,I,Dentro,Urbana,Marca Vial,No existe,Recta,Bueno,Buena,Nocturna,Buen Tiempo,Frontal,S/D,Colisión,Ninguna,Vertical,Línea divisoria pintada,Sin restricción
2018,2267,2018-04-04,Miercoles,0,21:20:00,,0.0,2,"Moto/Ciclomotor,Automóvil",Avenida Nuestra Se?ora del Luj Y Frutos,2,1,0,0,0,0,1,"-31.682194444444,-60.776361111111",Calle,,SANTO TOMÉ,La Capital,"Asfalto,Tierra",No existe,I,S/D,Urbana,Ninguna,No existe,Intersección,Bueno,Buena,Nocturna,Buen Tiempo,Lateral,S/D,Colisión,S/D,Faltante,Línea divisoria pintada,Sin restricción
2018,2268,2018-04-21,Sabado,0,21:45:00,,0.0,2,"Moto/Ciclomotor,Moto/Ciclomotor",3 de febrero Y Martin Zavalla,2,2,0,0,0,0,0,"-31.683805555556,-60.784472222222",Calle,,SANTO TOMÉ,La Capital,Tierra,No existe,I,S/D,Urbana,Ninguna,No existe,Intersección,Bueno,Buena,Nocturna,Buen Tiempo,De alcance,S/D,Colisión,Ninguna,Faltante,Ninguna,Sin restricción
2018,2269,2018-04-26,Jueves,0,14:05:00,Ruta Nacional 11,0.0,2,"Pickup/Utilitario,Moto/Ciclomotor",Ruta Nac 11 Y Dr Manuel GÁLVEZ,2,0,1,0,1,0,0,"-31.769908995023, -60.838150845974",Ruta,11,SAUCE VIEJO,La Capital,"Asfalto,Ripio",Ripio,I,Fuera,Urbana,Ninguna,No existe,Intersección,Bueno,Buena,Atardecer,Buen Tiempo,Frontal,S/D,Colisión,Ninguna,S/D,Ninguna,Sin restricción
2018,2270,2018-04-05,Jueves,0,21:00:00,Ruta Nacional 11,0.0,2,"Automóvil,Moto/Ciclomotor",Ruta Nac 11 Y Jose Uriburu,3,1,1,0,1,0,0,"-31.766454309812, -60.834867822140",Ruta,11,SAUCE VIEJO,La Capital,Ripio,Ripio,I,Dentro,Urbana,Ninguna,No existe,Intersección,Con baches,Buena,Nocturna,Buen Tiempo,Frontal,S/D,Colisión,S/D,S/D,Ninguna,Sin restricción
2018,2271,2018-04-26,Jueves,0,15:30:00,Ruta Nacional 11,0.0,2,"Moto/Ciclomotor,Moto/Ciclomotor",Calle 4 Y Calle 5,3,1,1,0,1,0,0,"-31.787997812619, -60.855896340817",Ruta,11,SAUCE VIEJO,La Capital,Asfalto,No existe,I,Dentro,Urbana,Ninguna,No existe,Recta,Bueno,Buena,Atardecer,Buen Tiempo,De alcance,S/D,Colisión,Ninguna,S/D,Ninguna,Sin restricción
2018,2272,2018-04-14,Sabado,0,12:10:00,,0.0,2,"Pickup/Utilitario,Moto/Ciclomotor",Luis Saenz Pe?a Y Pte Julio Argentino Roca,2,1,0,0,1,0,0,"-31.764244169583, -60.827936994045",Calle,,SAUCE VIEJO,La Capital,Ripio,No existe,I,Dentro,Urbana,Ninguna,No existe,Curva,Bueno,Buena,Diurna,Buen Tiempo,Lateral,S/D,Colisión,Ninguna,Faltante,Ninguna,Sin restricción
2018,2273,2018-04-01,Domingo,0,03:00:00,,0.0,2,"Moto/Ciclomotor,Moto/Ciclomotor",Avenida Pedro Cello Gomez Y Obispo Gelabert,3,1,0,0,2,0,0,"-31.664178325983, -60.756951762368",Avenida,,SANTO TOMÉ,La Capital,Asfalto,No existe,I,S/D,Urbana,Ninguna,No existe,Intersección,Bueno,Buena,"Nocturna,Con luz artificial",Buen Tiempo,Lateral,S/D,Colisión,Ninguna,Faltante,Ninguna,Sin restricción
2018,2274,2018-05-22,Martes,0,12:30:00,,0.0,2,"Moto/Ciclomotor,Moto/Ciclomotor",Av. Pellegrini Y Av. Belgrano,2,2,0,0,0,0,0,"-32.960944444444,-60.621194444444",Avenida,,ROSARIO,Rosario,Asfalto,S/D,II,S/D,Urbana,S/D,No existe,Rotonda,S/D,S/D,Diurna,S/D,S/D,S/D,Colisión,S/D,S/D,S/D,S/D
2018,2275,2018-06-18,Lunes,0,14:30:00,,0.0,2,"Transporte de Pasajeros Urbano (> 8 asientos),Moto/Ciclomotor",Bv. Oro?o 3400,2,1,0,0,1,0,0,"-32.974055555556,-60.661111111111",S/D,,ROSARIO,Rosario,Asfalto,No existe,II,S/D,Urbana,Ninguna,No existe,Recta,Bueno,Buena,Diurna,Buen Tiempo,Lateral,S/D,Colisión,Ninguna,Faltante,Ninguna,Sin restricción
2018,2276,2018-06-27,Miercoles,0,22:05:00,,0.0,2,"Pickup/Utilitario,Moto/Ciclomotor",Sarmiento Y La Paz,3,2,0,0,1,0,0,"-32.964166666667,-60.642611111111",Calle,,ROSARIO,Rosario,S/D,S/D,II,S/D,Urbana,S/D,No existe,Intersección,S/D,S/D,"Nocturna,Con luz artificial",S/D,S/D,S/D,Colisión,S/D,S/D,S/D,S/D
2018,2278,2018-06-27,Miercoles,0,19:07:00,,0.0,2,"Moto/Ciclomotor,Automóvil",Necochea Y Pje. Cajaraville,4,1,0,0,3,0,0,"-32.954416666667,-60.625583333333",Calle,,ROSARIO,Rosario,S/D,S/D,II,S/D,Urbana,S/D,No existe,Intersección,S/D,S/D,Con luz artificial,S/D,S/D,S/D,Colisión,S/D,S/D,S/D,S/D
2018,2279,2018-05-22,Martes,0,13:20:00,,0.0,2,"Moto/Ciclomotor,Automóvil",Espa?a 200,2,1,0,0,1,0,0,"-32.937944444444,-60.64475",Calle,,ROSARIO,Rosario,Asfalto,S/D,II,S/D,Urbana,S/D,No existe,Recta,Bueno,Buena,Diurna,Buen Tiempo,De alcance,S/D,Colisión,Ninguna,S/D,S/D,Sin restricción
2018,2280,2018-05-27,Domingo,0,21:20:00,,0.0,2,"Moto/Ciclomotor,Taxi/Remis",Av Gral Paz 6600,2,1,0,0,1,0,0,"-31.610583333333,-60.6785",Calle,,SANTA FE,La Capital,Asfalto,No existe,I,S/D,Urbana,Ninguna,No existe,Intersección,Con baches,Reducida,Nocturna,Buen Tiempo,Lateral,S/D,Colisión,Ninguna,Faltante,Ninguna,Sin restricción
2018,2281,2018-05-18,Viernes,0,15:00:00,,0.0,2,"Bicicleta,Moto/Ciclomotor",Entre Rios Y Pje. Ricardone,2,1,0,0,1,0,0,"-32.947694444444,-60.641388888889",Calle,,ROSARIO,Rosario,S/D,S/D,II,S/D,Urbana,S/D,S/D,S/D,S/D,S/D,S/D,S/D,S/D,Ciclista,Atropello,S/D,S/D,S/D,S/D
2018,2282,2018-06-19,Martes,0,20:35:00,,0.0,2,"Bicicleta,Automóvil",Av. Uriburu Y Av. Corrientes,2,1,0,0,1,0,0,"-32.990888888889,-60.653722222222",Avenida,,ROSARIO,Rosario,Asfalto,No existe,II,S/D,Urbana,Ninguna,No existe,Recta,Bueno,Buena,Nocturna,Buen Tiempo,Lateral,Ciclista,Atropello,Ninguna,Faltante,Ninguna,Sin restricción
2018,2283,2018-05-20,Domingo,0,05:45:00,,0.0,2,"Peatón,Automóvil",Av. Del Huerto 1100,2,0,1,0,1,0,0,"-32.939333333333,-60.637",Avenida,,ROSARIO,Rosario,S/D,S/D,II,S/D,Urbana,S/D,S/D,Recta,S/D,Buena,S/D,S/D,S/D,Peatón,Atropello,Ninguna,S/D,S/D,S/D
2018,2284,2018-05-03,Jueves,0,09:00:00,,0.0,2,"Automóvil,Bicicleta",French Y Necochea,2,0,0,0,0,0,2,"-31.594583333333,-60.681805555556",Calle,,SANTA FE,La Capital,Asfalto,No existe,I,S/D,Urbana,Ninguna,No existe,Intersección,Bueno,Buena,Diurna,Buen Tiempo,Lateral,S/D,Colisión,Ninguna,Faltante,Ninguna,Sin restricción
2018,2285,2018-05-19,Sabado,0,15:45:00,,0.0,2,"Transporte de Pasajeros Larga Distancia (> 8 asientos),Bicicleta",San Luis Y Dorrego,2,1,0,0,1,0,0,"-32.947055555556,-60.649861111111",Calle,,ROSARIO,Rosario,S/D,S/D,II,S/D,Urbana,S/D,S/D,Intersección,S/D,S/D,Diurna,S/D,S/D,Ciclista,Atropello,S/D,S/D,S/D,S/D
2018,2286,2018-06-21,Jueves,0,09:50:00,,0.0,2,"Automóvil,Moto/Ciclomotor",San Martin Y Anchorena,2,1,0,0,1,0,0,"-32.99775,-60.648166666667",Avenida,,ROSARIO,Rosario,Asfalto,No existe,II,S/D,Urbana,Ninguna,Funciona,Intersección,Otro,Buena,Diurna,Buen Tiempo,Lateral,S/D,Colisión,Ninguna,Faltante,Ninguna,Sin restricción
2018,2287,2018-06-28,Jueves,0,14:00:00,,0.0,2,"Automóvil,Automóvil",La Paz Y Necochea,2,1,0,0,1,0,0,"-32.966666666667,-60.628611111111",Calle,,ROSARIO,Rosario,S/D,S/D,II,S/D,Urbana,S/D,S/D,Recta,S/D,S/D,Diurna,S/D,Contra objeto fijo,S/D,Colisión,S/D,S/D,S/D,S/D
2018,2288,2018-05-15,Martes,0,19:00:00,,0.0,2,"Bicicleta,Automóvil",Pte.Roca Y San Luis,2,1,0,0,1,0,0,"-32.947777777778,-60.645805555556",Calle,,ROSARIO,Rosario,S/D,S/D,II,S/D,Urbana,S/D,S/D,Recta,S/D,S/D,Atardecer,S/D,S/D,Ciclista,"Atropello,Otro",S/D,S/D,S/D,S/D
2018,2289,2018-05-11,Viernes,0,08:30:00,,0.0,2,"Moto/Ciclomotor,Pickup/Utilitario",Av Galicia Y Alberdi,2,0,0,0,0,0,2,"-31.607111111111,-60.68325",Avenida,,SANTA FE,La Capital,Asfalto,No existe,I,S/D,Urbana,Ninguna,No existe,Intersección,Bueno,Buena,Diurna,Buen Tiempo,Lateral,S/D,Colisión,Ninguna,Faltante,Ninguna,Sin restricción
2018,2290,2018-05-17,Jueves,0,21:05:00,,0.0,2,"Automóvil,Automóvil",Buenos Aires 2100,2,1,0,0,1,0,0,"-32.962833333333,-60.636555555556",Calle,,ROSARIO,Rosario,Asfalto,S/D,II,S/D,Urbana,S/D,S/D,S/D,S/D,Reducida,Con luz artificial,Lluvia,S/D,S/D,Colisión,Agua,S/D,S/D,Sin restricción
2018,2291,2018-06-25,Lunes,0,16:20:00,,0.0,2,"Automóvil,Moto/Ciclomotor",Cordoba Y Dorrego,2,1,0,0,1,0,0,"-32.944444444444,-60.649222222222",Calle,,ROSARIO,Rosario,S/D,S/D,II,S/D,Urbana,S/D,S/D,Intersección,S/D,S/D,Diurna,S/D,S/D,S/D,Colisión,S/D,S/D,S/D,S/D
2018,2292,2018-06-21,Jueves,0,14:30:00,,0.0,2,"Moto/Ciclomotor,Moto/Ciclomotor",Caupolican Y Lozzia,2,2,0,0,0,0,0,"-33.009583333333,-60.638388888889",Calle,,ROSARIO,Rosario,Asfalto,No existe,II,S/D,Urbana,Ninguna,No existe,Recta,Bueno,Buena,Diurna,Buen Tiempo,Lateral,S/D,Colisión,Ninguna,Faltante,Ninguna,Sin restricción
2018,2293,2018-05-07,Lunes,0,06:30:00,,0.0,2,"Pickup/Utilitario,Moto/Ciclomotor",Javier de la Rosa Y Piedras,2,0,0,0,0,0,2,"-31.603444444444,-60.67325",Calle,,SANTA FE,La Capital,Asfalto,No existe,I,S/D,Urbana,Ninguna,No existe,Intersección,Con baches,Reducida,Nocturna,Buen Tiempo,Lateral,S/D,Colisión,Ninguna,Faltante,Ninguna,Sin restricción
2018,2294,2018-05-17,Jueves,0,23:15:00,,0.0,1,Pickup/Utilitario,Bv. Oro?o Y Av. E.Lopez,2,1,0,0,1,0,0,"-32.93087, -60.65",Calle,,ROSARIO,Rosario,Asfalto,S/D,II,S/D,Urbana,S/D,S/D,Intersección,S/D,S/D,S/D,S/D,Contra objeto fijo,S/D,Colisión,S/D,S/D,S/D,S/D
2018,2295,2018-05-17,Jueves,0,08:00:00,,0.0,2,"Automóvil,Automóvil",Ocampo Y Necochea,2,1,0,0,1,0,0,"-32.968972222222,-60.629222222222",Calle,,ROSARIO,Rosario,S/D,S/D,II,S/D,Urbana,S/D,S/D,Intersección,S/D,S/D,Diurna,S/D,S/D,S/D,Colisión,S/D,S/D,S/D,S/D
2018,2296,2018-06-23,Sabado,0,16:10:00,,0.0,3,"Moto/Ciclomotor,Pickup/Utilitario,Automóvil",Av. Belgrano Y Av. Pellegrini Bis,3,1,0,0,2,0,0,"-32.960944444444,-60.621194444444",Avenida,,ROSARIO,Rosario,S/D,S/D,II,S/D,Urbana,S/D,S/D,Rotonda,S/D,S/D,Diurna,S/D,S/D,S/D,Colisión,S/D,S/D,S/D,S/D
2018,2297,2018-06-19,Martes,0,15:30:00,,0.0,2,"Moto/Ciclomotor,Automóvil",Mr.Ross Y Mitre,2,1,0,0,1,0,0,"-32.988,-60.650083333333",Calle,,ROSARIO,Rosario,Asfalto,No existe,II,Dentro,Urbana,Ninguna,No existe,Intersección,Bueno,Buena,Diurna,Buen Tiempo,Lateral,S/D,Colisión,Ninguna,Faltante,Ninguna,Sin restricción
2018,2298,2018-05-16,Miercoles,0,21:00:00,,0.0,2,"Bicicleta,Moto/Ciclomotor",Av. Pellegrini 187,2,2,0,0,0,0,0,"-32.959472222222,-60.628083333333",Avenida,,ROSARIO,Rosario,S/D,S/D,II,S/D,Urbana,S/D,S/D,S/D,S/D,S/D,Nocturna,S/D,S/D,Ciclista,Atropello,S/D,S/D,S/D,S/D
2018,2300,2018-06-20,Miercoles,0,11:40:00,,0.0,2,"Pickup/Utilitario,Automóvil",Cochabamba Y Mitre,2,1,0,0,1,0,0,"-32.958166666667,-60.642555555556",Calle,,ROSARIO,Rosario,S/D,S/D,II,S/D,Urbana,S/D,S/D,Intersección,S/D,S/D,Diurna,S/D,S/D,S/D,Colisión,S/D,S/D,S/D,S/D
2018,2301,2018-05-16,Miercoles,0,16:23:00,,0.0,2,"Peatón,Automóvil",Av. Corrientes Y Pje. Ricardone,2,1,0,0,1,0,0,"-32.947444444444,-60.642777777778",Calle,,ROSARIO,Rosario,S/D,S/D,II,S/D,Urbana,S/D,No existe,Intersección,S/D,Buena,Diurna,S/D,S/D,Peatón,Atropello,S/D,S/D,S/D,S/D
2018,2302,2018-06-18,Lunes,0,08:30:00,,0.0,2,"Moto/Ciclomotor,Moto/Ciclomotor",Dr.Rivas Y Mitre,2,1,0,0,1,0,0,"-32.983416666667,-60.648916666667",Calle,,ROSARIO,Rosario,Asfalto,Pavimento,II,Dentro,Urbana,Ninguna,No existe,Intersección,Bueno,Buena,Diurna,Buen Tiempo,Lateral,S/D,Colisión,Ninguna,Faltante,Ninguna,Sin restricción
2018,2303,2018-05-16,Miercoles,0,09:30:00,,0.0,2,"Automóvil,Moto/Ciclomotor",Bv. 27 De Febrero Y San Martin,3,2,0,0,1,0,0,"-32.967777777778,-60.641972222222",Calle,,ROSARIO,Rosario,S/D,S/D,II,S/D,Urbana,S/D,S/D,Intersección,S/D,S/D,Diurna,S/D,S/D,S/D,Colisión,S/D,S/D,S/D,S/D
2018,2304,2018-05-09,Miercoles,0,13:10:00,,0.0,2,"Transporte Escolar,Moto/Ciclomotor",Javier de la Rosa Y Necochea,2,0,0,0,0,0,2,"-31.601,-60.683722222222",Calle,,SANTA FE,La Capital,Asfalto,No existe,I,S/D,Urbana,Ninguna,No existe,Intersección,Con baches,Reducida,Nocturna,Buen Tiempo,Lateral,S/D,Colisión,Ninguna,S/D,Ninguna,Sin restricción
2018,2305,2018-05-16,Miercoles,0,09:45:00,,0.0,2,"Moto/Ciclomotor,Pickup/Utilitario",San Juan Y Balcarce,2,0,1,0,1,0,0,"-32.947694444444,-60.652888888889",Calle,,ROSARIO,Rosario,S/D,S/D,II,S/D,Urbana,S/D,S/D,S/D,S/D,S/D,S/D,S/D,S/D,S/D,Colisión,S/D,S/D,S/D,S/D
2018,2306,2018-06-12,Martes,0,20:30:00,,0.0,2,"Automóvil,Moto/Ciclomotor",Italia Y Catamarca,2,1,0,0,1,0,0,"-32.938861111111,-60.646416666667",Calle,,ROSARIO,Rosario,Asfalto,No existe,II,S/D,Urbana,S/D,No existe,Intersección,Bueno,Buena,"Nocturna,Con luz artificial",Buen Tiempo,Lateral,S/D,Colisión,Ninguna,S/D,S/D,Sin restricción
2018,2307,2018-05-15,Martes,0,09:30:00,,0.0,2,"Pickup/Utilitario,Bicicleta",Italia 475,2,1,0,0,1,0,0,"-32.940916666667,-60.646916666667",Calle,,ROSARIO,Rosario,S/D,S/D,II,S/D,Urbana,S/D,S/D,Recta,S/D,S/D,S/D,S/D,S/D,Ciclista,Atropello,S/D,S/D,S/D,S/D