anio_acci,nro_acci,fecha,desc_dia,fecha_aprox,hora_aprox,desc_ruta,km,cant_participantes,desc_participante,calle_avenida_km,total,heridos_leves,heridos_graves,heridos_gravisimos,ilesos,fallecidos,sin_datos,posicion_XY,desc_tipo_via,desc_ruta_ori,desc_loc,desc_dpto,desc_tipo_calzada,desc_tipo_banquina,desc_unidad_regional,desc_lugar_calzada,desc_zona,desc_prioridad,desc_estado_semaforo,desc_lugar_via,desc_estado_via,desc_estado_visibilidad,desc_luminosidad,desc_estado_clima,desc_tipo_colision,desc_tipo_atropello,desc_tipo_hecho,desc_pres_calzada,desc_senializacion,desc_separacion_via,desc_restriccion
2018,2308,2018-06-17,Domingo,0,17:00:00,,0.0,2,"Automóvil,Automóvil",Bv. Oro?o Y Garibaldi,2,1,0,0,1,0,0,"-32.983194444444,-60.663444444444",Calle,,ROSARIO,Rosario,Asfalto,No existe,II,Dentro,Urbana,Ninguna,Funciona,Intersección,Bueno,Buena,Diurna,Buen Tiempo,Lateral,S/D,Colisión,Ninguna,Vertical,Ninguna,Sin restricción
2018,2309,2018-05-04,Viernes,0,20:00:00,,0.0,2,"Bicicleta,Pickup/Utilitario",Azcuenaga Y Av Gral Paz,2,0,0,0,0,0,2,"-31.598611111111,-60.673611111111",Calle,,SANTA FE,La Capital,Asfalto,No existe,I,S/D,Urbana,Ninguna,No existe,Intersección,Con baches,Buena,Nocturna,Buen Tiempo,Lateral,S/D,Colisión,Ninguna,Faltante,Ninguna,Sin restricción
2018,2310,2018-05-14,Lunes,0,20:50:00,,0.0,2,"Automóvil,Bicicleta",3 De Febrero Y Dorrego,2,1,0,0,1,0,0,"-32.950777777778,-60.650833333333",Calle,,ROSARIO,Rosario,S/D,S/D,II,S/D,Urbana,S/D,S/D,Intersección,S/D,S/D,S/D,S/D,S/D,Ciclista,Atropello,S/D,S/D,S/D,S/D
2018,2311,2018-06-15,Viernes,0,21:00:00,,0.0,2,"Peatón,Automóvil",San Lorenzo Y Balcarce,2,1,0,0,1,0,0,"-32.941666666667,-60.651333333333",Calle,,ROSARIO,Rosario,Asfalto,No existe,II,S/D,Urbana,S/D,No existe,Recta,Bueno,Buena,"Nocturna,Con luz artificial",Buen Tiempo,S/D,Peatón,Atropello,Ninguna,Vertical,S/D,S/D
2018,2312,2018-06-19,Martes,0,13:10:00,,0.0,2,"Moto/Ciclomotor,Moto/Ciclomotor",Bv. Segui Y Alvear,2,1,0,0,1,0,0,"-32.976222222222,-60.662916666667",Calle,,ROSARIO,Rosario,Asfalto,No existe,II,Dentro,Urbana,Ninguna,No existe,Intersección,Bueno,Buena,Diurna,Buen Tiempo,Lateral,S/D,Colisión,Ninguna,Faltante,Ninguna,Sin restricción
2018,2313,2018-05-02,Miercoles,0,10:45:00,,0.0,2,"Transporte de Pasajeros Urbano (> 8 asientos),Moto/Ciclomotor",Sarmiento Y Gorriti,2,0,0,0,0,0,2,"-31.59344, -60.68039",Avenida,,SANTA FE,La Capital,Asfalto,No existe,I,S/D,Urbana,Ninguna,No existe,Intersección,Bueno,S/D,Diurna,Buen Tiempo,Lateral,S/D,Colisión,S/D,S/D,Ninguna,Sin restricción
2018,2314,2018-05-14,Lunes,0,18:08:00,,0.0,2,"Peatón,Moto/Ciclomotor",Entre Rios 400,2,1,0,0,1,0,0,"-32.941305555556,-60.639805555556",Calle,,ROSARIO,Rosario,Asfalto,S/D,II,S/D,Urbana,S/D,S/D,Recta,S/D,S/D,Atardecer,S/D,S/D,Peatón,Atropello,S/D,S/D,S/D,S/D
2018,2315,2018-06-28,Jueves,0,13:00:00,,0.0,2,"Bicicleta,Automóvil",Espa?a 600,2,1,0,0,1,0,0,"-32.942638888889,-60.645944444444",Calle,,ROSARIO,Rosario,Asfalto,No existe,II,S/D,Urbana,S/D,No existe,Recta,Bueno,Buena,Diurna,Buen Tiempo,S/D,Ciclista,Atropello,Ninguna,Faltante,S/D,Sin restricción
2018,2316,2018-05-13,Domingo,0,15:40:00,,0.0,2,"Automóvil,Moto/Ciclomotor",J.M.de Rosas Y Bv. 27 De Febrero,2,0,1,0,1,0,0,"-32.96875,-60.636611111111",Calle,,ROSARIO,Rosario,S/D,S/D,II,S/D,Urbana,S/D,S/D,Recta,S/D,Buena,Diurna,S/D,S/D,S/D,Colisión,S/D,S/D,S/D,S/D
2018,2317,2018-05-21,Lunes,0,20:35:00,,0.0,2,"Moto/Ciclomotor,Automóvil",Alberdi Y Av Galicia,3,0,0,0,0,0,3,"-31.607111111111,-60.68325",Calle,,SANTA FE,La Capital,Asfalto,No existe,I,S/D,Urbana,Ninguna,No existe,Intersección,Bueno,Buena,Diurna,Buen Tiempo,Lateral,S/D,Colisión,Ninguna,Faltante,Ninguna,Sin restricción
2018,2318,2018-06-18,Lunes,0,07:30:00,,0.0,2,"Moto/Ciclomotor,Pickup/Utilitario",Bv. Segui Y Entre Rios,2,1,0,0,1,0,0,"-32.978666666667,-60.649194444444",Calle,,ROSARIO,Rosario,Asfalto,No existe,II,S/D,Urbana,Ninguna,No existe,Intersección,Bueno,Buena,Diurna,Buen Tiempo,Lateral,S/D,Colisión,Ninguna,Faltante,Ninguna,Sin restricción
2018,2319,2018-05-12,Sabado,0,12:45:00,,0.0,2,"Peatón,Automóvil",Av. Corrientes Y E.Zeballos,2,0,1,0,1,0,0,"-32.95425,-60.644527777778",Calle,,ROSARIO,Rosario,S/D,S/D,II,S/D,Urbana,S/D,Funciona,S/D,S/D,S/D,S/D,S/D,S/D,Peatón,Atropello,Ninguna,S/D,S/D,S/D
2018,2320,2018-06-23,Sabado,0,19:20:00,,0.0,2,"Automóvil,Moto/Ciclomotor",Av. Wheelwright Y Pte.Roca,2,1,0,0,1,0,0,"-32.935888888889,-60.642833333333",Calle,,ROSARIO,Rosario,Asfalto,No existe,II,S/D,Urbana,S/D,S/D,Recta,Bueno,Buena,Nocturna,Buen Tiempo,Lateral,S/D,Colisión,Ninguna,S/D,S/D,Sin restricción
2018,2321,2018-05-16,Miercoles,0,19:15:00,,0.0,2,"Peatón,Automóvil",3 De Febrero Y San Martin,2,1,0,0,1,0,0,"-32.953027777778,-60.63825",Avenida,,ROSARIO,Rosario,S/D,S/D,II,S/D,Urbana,S/D,No existe,Intersección,S/D,S/D,Atardecer,S/D,S/D,Peatón,Atropello,S/D,S/D,S/D,S/D
2018,2322,2018-06-13,Miercoles,0,07:40:00,,0.0,2,"Bicicleta,Automóvil",Bv. Segui Y Santiago,2,1,0,0,1,0,0,"-32.975833333333,-60.66425",S/D,,ROSARIO,Rosario,Asfalto,No existe,II,S/D,S/D,Ninguna,No existe,Intersección,Otro,Buena,Diurna,Buen Tiempo,Lateral,Ciclista,Atropello,Ninguna,Faltante,Ninguna,Sin restricción
2018,2323,2018-06-13,Miercoles,0,16:00:00,,0.0,2,"Automóvil,Moto/Ciclomotor",Paraguay Y Benito Juarez,2,1,0,0,1,0,0,"-32.993111111111,-60.655138888889",S/D,,ROSARIO,Rosario,Asfalto,No existe,II,S/D,S/D,Ninguna,No existe,Intersección,Bueno,Buena,Diurna,Buen Tiempo,Lateral,S/D,Colisión,Ninguna,Faltante,Ninguna,Sin restricción
2018,2324,2018-05-11,Viernes,0,,,0.0,2,"Moto/Ciclomotor,Automóvil",Reg 12 de Infanteria Y Piedras,2,0,0,0,0,0,2,"-31.602527777778,-60.673027777778",Calle,,SANTA FE,La Capital,Asfalto,No existe,I,S/D,Urbana,Ninguna,No existe,Intersección,Bueno,Buena,Diurna,Buen Tiempo,Lateral,S/D,Colisión,Ninguna,Faltante,Ninguna,Sin restricción
2018,2325,2018-06-13,Miercoles,0,13:10:00,,0.0,2,"Automóvil,Moto/Ciclomotor",Leiva Y Anchorena,2,1,0,0,1,0,0,"-32.997444444444,-60.638138888889",S/D,,ROSARIO,Rosario,Asfalto,No existe,II,S/D,S/D,Ninguna,No existe,Intersección,Bueno,Buena,Diurna,Buen Tiempo,Lateral,S/D,Colisión,Ninguna,Faltante,Ninguna,Sin restricción
2018,2326,2018-06-24,Domingo,0,03:00:00,,0.0,2,"Moto/Ciclomotor,Automóvil",Sucre Y Av. Eva Peron,4,2,0,0,2,0,0,"-32.937111111111,-60.690027777778",Avenida,,ROSARIO,Rosario,Asfalto,No existe,II,S/D,Urbana,Ninguna,S/D,Intersección,Bueno,Buena,Con luz artificial,Buen Tiempo,De alcance,S/D,Colisión,Ninguna,S/D,Ninguna,Sin restricción
2018,2327,2018-06-13,Miercoles,0,10:15:00,,0.0,2,"Automóvil,Pickup/Utilitario",Av. Corrientes Y Garay,2,1,0,0,1,0,0,"-32.973722222222,-60.649444444444",Calle,,ROSARIO,Rosario,Asfalto,No existe,II,S/D,Urbana,Ninguna,No existe,Intersección,Bueno,Buena,Diurna,Buen Tiempo,Lateral,S/D,Colisión,Ninguna,Faltante,Ninguna,Sin restricción
2018,2328,2018-06-05,Martes,0,07:35:00,,0.0,2,"Moto/Ciclomotor,Automóvil",Bv. Avellaneda Y Av. Pellegrini,2,1,0,0,1,0,0,"-32.949944444444,-60.682027777778",Avenida,,ROSARIO,Rosario,Asfalto,No existe,II,S/D,Urbana,Ninguna,No funciona,Intersección,Bueno,Buena,Amanecer,Buen Tiempo,De alcance,S/D,Colisión,S/D,S/D,Ninguna,Sin restricción
2018,2329,2018-05-25,Viernes,0,19:40:00,,0.0,2,"Bicicleta,Automóvil",Av Gral Paz Y Av Galicia,2,1,0,0,1,0,0,"-31.608222222222,-60.677194444444",Calle,,SANTA FE,La Capital,Asfalto,No existe,I,S/D,Urbana,Semáforo,Funciona,Intersección,Bueno,Reducida,Nocturna,Buen Tiempo,S/D,Ciclista,Atropello,Ninguna,S/D,Ninguna,Sin restricción
2018,2330,2018-05-23,Miercoles,0,20:20:00,,0.0,1,Transporte de Pasajeros Urbano (> 8 asientos),Sarmiento Y Callejon Aguirre,1,1,0,0,0,0,0,"-31.59733, -60.72792",Calle,,SANTA FE,La Capital,Asfalto,S/D,I,S/D,Urbana,Ninguna,S/D,Recta,Bueno,Reducida,Nocturna,Buen Tiempo,S/D,S/D,Caída ocupante,Ninguna,Faltante,Ninguna,S/D
2018,2331,2018-03-09,Viernes,0,20:40:00,,0.0,2,"Automóvil,Moto/Ciclomotor",Pringles Y Mariano Moreno,2,1,0,0,1,0,0,"-31.458583333333,-60.935388888889",Calle,,ESPERANZA,Las Colonias,Asfalto,No existe,XI,Dentro,Urbana,Ninguna,No existe,Intersección,Bueno,Buena,"Nocturna,Con luz artificial",Buen Tiempo,Lateral,S/D,Colisión,Ninguna,Faltante,Ninguna,Sin restricción
2018,2332,2018-03-03,Sabado,0,12:35:00,,0.0,2,"Automóvil,Moto/Ciclomotor",Av Los Colonizadores Y Almirante Brown,3,2,0,0,1,0,0,"-31.450111111111,-60.925138888889",Avenida,,ESPERANZA,Las Colonias,Asfalto,No existe,XI,Dentro,Urbana,Ninguna,No existe,Intersección,Bueno,Buena,Diurna,Buen Tiempo,Lateral,S/D,Colisión,Ninguna,Faltante,Cordón divisorio,Sin restricción
2018,2333,2018-03-21,Miercoles,0,10:25:00,,0.0,2,"Automóvil,Bicicleta",Av Cordoba 2653,2,1,0,0,1,0,0,"-31.446444444444,-60.940805555556",Avenida,,ESPERANZA,Las Colonias,Asfalto,No existe,XI,Dentro,Urbana,Ninguna,No existe,Recta,Bueno,Buena,Diurna,Buen Tiempo,S/D,Ciclista,Atropello,Ninguna,Faltante,Cordón divisorio,Sin restricción
2018,2334,2018-03-27,Martes,0,07:35:00,,0.0,2,"Automóvil,Automóvil",Simon de Iriondo Y Oro?o,4,1,0,0,3,0,0,"-31.435388888889,-60.92625",Avenida,,ESPERANZA,Las Colonias,Asfalto,No existe,XI,Dentro,Urbana,Ninguna,No existe,Intersección,Bueno,Buena,Diurna,Buen Tiempo,Lateral,S/D,Colisión,Ninguna,Faltante,Ninguna,Sin restricción
2018,2335,2018-04-01,Domingo,1,18:00:00,,0.0,1,Moto/Ciclomotor,Simon de Iriondo 600,2,1,0,0,1,0,0,"-32.481694444444,-61.581833333333",Calle,,LAS ROSAS,Belgrano,Ripio,No existe,III,Dentro,Urbana,Ninguna,No existe,Recta,Bueno,Buena,Diurna,Lluvia,S/D,S/D,Caída ocupante,Agua,Faltante,Ninguna,Sin restricción
2018,2336,2018-04-22,Domingo,0,04:00:00,,0.0,2,"Automóvil,Automóvil",Paso de los Andes Y Rivadavia,2,2,0,0,0,0,0,"-32.472694444444,-61.579472222222",Calle,,LAS ROSAS,Belgrano,Asfalto,No existe,III,Dentro,Urbana,Ninguna,No existe,Intersección,Bueno,Reducida,Nocturna,Buen Tiempo,Lateral,S/D,Colisión,Ninguna,Horizontal,Ninguna,Sin restricción
2018,2337,2018-03-20,Martes,0,10:50:00,,0.0,2,"Pickup/Utilitario,Bicicleta",Mariano Moreno Y Almafuerte,2,1,0,0,1,0,0,"-31.439944444444,-60.929527777778",Calle,,ESPERANZA,Las Colonias,Asfalto,No existe,XI,Dentro,Urbana,Ninguna,No existe,Intersección,Bueno,Buena,Diurna,Buen Tiempo,S/D,Ciclista,Atropello,Ninguna,Vertical,Ninguna,Sin restricción
2018,2338,2018-02-12,Lunes,0,22:50:00,,0.0,1,Pickup/Utilitario,Angel Gallardo ,2,1,0,0,0,1,0,"-31.53048,-60.67982",Camino Rural,,MONTE VERA,La Capital,Tierra,No existe,I,S/D,Urbana,Ninguna,No existe,Recta,Bueno,S/D,Nocturna,Buen Tiempo,S/D,S/D,Vuelco,Ninguna,S/D,Ninguna,Sin restricción
2018,2339,2018-03-14,Miercoles,0,20:00:00,,0.0,2,"Moto/Ciclomotor,Automóvil",Simon de Iriondo Y Colon,2,1,0,0,1,0,0,"-31.439555555556,-60.927527777778",Avenida,,ESPERANZA,Las Colonias,Asfalto,No existe,XI,Dentro,Urbana,Ninguna,No existe,Intersección,Bueno,Buena,Nocturna,Buen Tiempo,Otro,S/D,Colisión,Ninguna,Vertical,Ninguna,Sin restricción
2018,2340,2018-02-17,Sabado,0,07:00:00,Ruta Provincial 2,23.5,2,"Camión,Moto/Ciclomotor", ,2,0,0,0,1,1,0,"-31.351220, -60.660895",Ruta,2,ARROYO AGUIAR,La Capital,Asfalto,No existe,I,Dentro,Rural,Ninguna,No existe,Recta,Bueno,Reducida,Nocturna,Buen Tiempo,De alcance,S/D,Colisión,Ninguna,Faltante,Línea divisoria pintada,Sin restricción
2018,2341,2018-03-11,Domingo,0,17:10:00,,0.0,2,"Moto/Ciclomotor,Automóvil",J M Estrada Y Aaron Castellanos,2,1,0,0,1,0,0,"-31.447888888889,-60.938888888889",Calle,,ESPERANZA,Las Colonias,Asfalto,No existe,XI,Dentro,Urbana,Ninguna,No existe,Intersección,Bueno,Buena,Diurna,Buen Tiempo,Otro,S/D,Colisión,Ninguna,Vertical,Ninguna,Sin restricción
2018,2342,2018-02-18,Domingo,0,02:30:00,Ruta Provincial 13,52.0,2,"Peatón,Automóvil", ,2,0,0,0,1,1,0,"-32.050485, -61.796156",Ruta,13,CARLOS PELLEGRINI,San Martín,Asfalto,Ripio,XVIII,Fuera,Urbana,Ninguna,No existe,Recta,Bueno,Buena,Nocturna,Buen Tiempo,S/D,Peatón,Atropello,Ninguna,Faltante,Ninguna,Sin restricción
2018,2343,2018-03-11,Domingo,0,15:35:00,,0.0,2,"Moto/Ciclomotor,Pickup/Utilitario",Santa Fe Y Antartida Argentina,3,2,0,0,1,0,0,"-31.477916666667,-60.94125",Calle,,ESPERANZA,Las Colonias,Ripio,Natural,XI,Dentro,Urbana,Ninguna,No existe,Intersección,Bueno,Buena,Diurna,Buen Tiempo,Otro,S/D,Colisión,Ninguna,Horizontal,Ninguna,Sin restricción
2018,2344,2018-03-11,Domingo,0,16:35:00,,0.0,2,"Automóvil,Moto/Ciclomotor",Domingo Faustino Sarmiento Y 25 de Mayo,2,1,0,0,1,0,0,"-31.447833333333,-60.931083333333",Calle,,ESPERANZA,Las Colonias,Asfalto,No existe,XI,Dentro,Urbana,Ninguna,No existe,Intersección,Bueno,Buena,Diurna,Buen Tiempo,Otro,S/D,Colisión,Ninguna,Vertical,Ninguna,Sin restricción
2018,2345,2018-02-18,Domingo,0,11:35:00,,0.0,1,Moto/Ciclomotor,camino rural a 500 m de RP 10 ,1,0,0,0,0,1,0,"-32.01605,-61.22750",Camino Rural,,GÁLVEZ,San Jerónimo,Tierra,No existe,XV,S/D,Rural,Ninguna,No existe,Recta,Bueno,Buena,Nocturna,Buen Tiempo,Contra objeto fijo,S/D,Colisión,Ninguna,Faltante,Ninguna,Sin restricción
2018,2346,2018-01-17,Miercoles,0,11:20:00,,0.0,2,"Camión c / Acoplado,Moto/Ciclomotor",Campbell Y Calle 1819,3,0,0,0,2,1,0,"-32.981238, -60.706079",Calle,,ROSARIO,Rosario,Asfalto,No existe,II,Dentro,Urbana,Ninguna,No existe,Intersección,Resbaladiza,Buena,Diurna,Lluvia,Lateral,S/D,"Aplastamiento,Colisión",Agua,S/D,Ninguna,S/D
2018,2347,2018-04-14,Sabado,0,13:25:00,,0.0,2,"Moto/Ciclomotor,Automóvil",Avenida 17 Y Calle 28,2,1,0,0,1,0,0,"-32.679425352839, -61.514078377414",Avenida,,LAS PAREJAS,Belgrano,Asfalto,No existe,III,Dentro,Urbana,Ninguna,No existe,Intersección,Bueno,Buena,Diurna,Buen Tiempo,Lateral,S/D,Colisión,Ninguna,Vertical,Cordón divisorio,Sin restricción
2018,2348,2018-03-16,Viernes,0,16:47:00,,0.0,1,Moto/Ciclomotor,Simon de Iriondo Y F Soutomayor,1,1,0,0,0,0,0,"-31.434583333333,-60.926",Avenida,,ESPERANZA,Las Colonias,Asfalto,No existe,XI,Dentro,Urbana,Ninguna,No existe,Intersección,Bueno,Buena,Diurna,Buen Tiempo,S/D,S/D,Caída ocupante,Ninguna,Faltante,Ninguna,Sin restricción
2018,2349,2018-02-18,Domingo,0,09:00:00,Ruta Nacional 34,128.0,2,"Camión c / Acoplado,Automóvil", ,4,0,0,0,1,3,0,"-32.08238,-61.56921",Ruta,34,CAÑADA ROSQUIN,San Martín,Asfalto,Natural,XVIII,Dentro,Rural,Marca Vial,No existe,Recta,Bueno,Buena,Diurna,Buen Tiempo,Frontal,S/D,Colisión,Ninguna,Horizontal,Ninguna,Sin restricción
2018,2350,2018-03-16,Viernes,0,23:40:00,,0.0,2,"Automóvil,Moto/Ciclomotor",Castelli Y Nicolas Schneider,2,0,1,0,1,0,0,"-31.452888888889,-60.924805555556",Calle,,ESPERANZA,Las Colonias,Asfalto,No existe,XI,Dentro,Urbana,Ninguna,No existe,Intersección,Bueno,Buena,"Nocturna,Con luz artificial",Buen Tiempo,Lateral,S/D,Colisión,Ninguna,Faltante,Cordón divisorio,Sin restricción
2018,2351,2018-01-20,Sabado,0,06:00:00,Ruta Nacional 11,633.0,2,"Automóvil,Camión c / Semirremolque", ,2,0,0,0,1,1,0,"-30.245026, -60.369531",Ruta,11,LA CRIOLLA,San Justo,Asfalto,Natural,XVI,Dentro,Rural,Ninguna,No existe,Recta,Bueno,Reducida,Amanecer,Buen Tiempo,Frontal,S/D,Colisión,Fluidos,Faltante,Ninguna,Accidente Previo
2018,2352,2018-02-20,Martes,0,17:00:00,Autopista Nacional A012,19.0,2,"Peatón,Camión c / Acoplado", ,2,0,0,0,1,1,0,"-33.0755996,-60.8249342",Autopista,A012,PIÑERO,Rosario,Asfalto,S/D,II,Dentro,Rural,S/D,S/D,Recta,Bueno,S/D,Atardecer,Buen Tiempo,S/D,Peatón,Atropello,Ninguna,S/D,Línea divisoria pintada,Sin restricción
2018,2353,2018-04-28,Sabado,0,00:10:00,Ruta Nacional 178,0.0,2,"Automóvil,Pickup/Utilitario",Avenida 21 Y Ruta 178,2,1,0,0,1,0,0,"-32.681440630316, -61.526192728630",Ruta,178,LAS PAREJAS,Belgrano,Asfalto,Ripio,III,Dentro,Urbana,Ninguna,Funciona,Intersección,Bueno,Buena,Nocturna,Buen Tiempo,Lateral,S/D,Colisión,Ninguna,Vertical,Ninguna,Sin restricción
2018,2354,2018-01-20,Sabado,0,22:00:00,,0.0,2,"Moto/Ciclomotor,Moto/Ciclomotor",Av Pe?aloza Y Reg 12 de Infanteria,2,1,0,0,0,1,0,"-31.593906, -60.712000",Avenida,,SANTA FE,La Capital,Asfalto,Pavimento,I,Dentro,Urbana,Semáforo,Funciona,Intersección,Bueno,Buena,Nocturna,Buen Tiempo,Lateral,S/D,Colisión,Ninguna,Vertical,Ninguna,Sin restricción
2018,2355,2018-04-18,Miercoles,0,10:00:00,,0.0,2,"Automóvil,Automóvil",Av 7 de marzo Y Simon de Iriondo,2,1,0,0,1,0,0,"-31.667194444444,-60.758555555556",Avenida,,SANTO TOMÉ,La Capital,Asfalto,No existe,I,S/D,Urbana,Semáforo,Funciona,Intersección,Bueno,Reducida,"Diurna,Con luz artificial",Lluvia,Frontal,S/D,Colisión,Agua,"Horizontal,Vertical",Línea divisoria pintada,Sin restricción
2018,2356,2018-04-09,Lunes,0,07:20:00,,0.0,2,"Moto/Ciclomotor,Pickup/Utilitario",9 de julio ,2,1,0,0,1,0,0,"-31.668134,-60.758891",Calle,,SANTO TOMÉ,La Capital,Asfalto,No existe,I,S/D,Urbana,Ninguna,No existe,Intersección,Bueno,Buena,"Diurna,Con luz artificial",Buen Tiempo,Lateral,S/D,Colisión,Ninguna,Horizontal,Ninguna,Sin restricción
2018,2357,2018-03-04,Domingo,0,,,0.0,2,"Pickup/Utilitario,Moto/Ciclomotor",Moreno Y Salta,2,0,0,0,1,0,1,"-31.736038798121, -61.090911625552",Calle,,SAN CARLOS CENTRO,Las Colonias,Asfalto,No existe,XI,Dentro,Urbana,Ninguna,No existe,Intersección,Bueno,Buena,Atardecer,Buen Tiempo,Lateral,S/D,Colisión,Ninguna,Faltante,Ninguna,Sin restricción
2018,2358,2018-04-18,Miercoles,0,13:25:00,,0.0,2,"Moto/Ciclomotor,Pickup/Utilitario",Avenida Del Trabajo Y Centenario,2,1,0,0,1,0,0,"-31.672527777778,-60.763777777778",Avenida,,SANTO TOMÉ,La Capital,Asfalto,No existe,I,S/D,Urbana,Ninguna,No existe,Intersección,Bueno,Buena,Diurna,Buen Tiempo,Lateral,S/D,Colisión,Ninguna,Horizontal,Ninguna,Sin restricción
2018,2359,2018-02-22,Jueves,0,20:10:00,,0.0,2,"Pickup/Utilitario,Moto/Ciclomotor",J.J.Paso Y Ecuador Bis,3,0,0,0,2,1,0,"-32.920388888889,-60.715833333333",Calle,,ROSARIO,Rosario,Asfalto,No existe,II,Dentro,Urbana,Ninguna,No existe,Recta,Bueno,Buena,Nocturna,Buen Tiempo,Lateral,S/D,Colisión,Ninguna,Faltante,Cordón divisorio,Sin restricción
2018,2360,2018-03-09,Viernes,0,19:30:00,,0.0,2,"Automóvil,Moto/Ciclomotor",Sarmiento 800,2,1,0,0,1,0,0,"-31.729259178895, -61.094944041756",Calle,,SAN CARLOS CENTRO,Las Colonias,Asfalto,No existe,XI,Dentro,Urbana,Ninguna,No existe,Recta,Bueno,Buena,Atardecer,Buen Tiempo,Lateral,S/D,Colisión,Ninguna,Faltante,Ninguna,Sin restricción
2018,2361,2018-03-18,Domingo,0,23:40:00,Ruta Provincial 6,0.0,2,"Automóvil,Automóvil",Almafuerte Y San Martin,4,1,0,0,3,0,0,"-31.732462874933, -61.094356815529",Ruta,6,SAN CARLOS CENTRO,Las Colonias,Asfalto,No existe,XI,Dentro,Urbana,Ninguna,Intermitente,Intersección,Bueno,Buena,Nocturna,Buen Tiempo,Lateral,S/D,Colisión,Ninguna,Vertical,Ninguna,Sin restricción
2018,2362,2018-04-12,Jueves,0,21:00:00,,0.0,2,"Automóvil,Moto/Ciclomotor",Vicente Lopez y Planes Y Simon de Iriondo,2,1,0,0,1,0,0,"-31.67975,-60.761583333333",Calle,,SANTO TOMÉ,La Capital,Asfalto,No existe,I,S/D,Urbana,Ninguna,No existe,Intersección,Bueno,Buena,Nocturna,Buen Tiempo,Lateral,S/D,Colisión,Ninguna,Faltante,Ninguna,Sin restricción
2018,2363,2018-01-20,Sabado,0,20:30:00,Ruta Provincial 25,5.0,2,"Automóvil,Automóvil", ,4,0,0,0,0,4,0,"-32.769612, -60.810244",Ruta,25,RICARDONE,San Lorenzo,Hormigón,Natural,XVII,Dentro,Rural,Ninguna,No existe,Recta,Bueno,Buena,Nocturna,Buen Tiempo,Frontal,S/D,Colisión,Ninguna,Faltante,Ninguna,Sin restricción
2018,2364,2018-02-25,Domingo,0,04:20:00,Ruta Provincial 1,49.0,1,Automóvil, ,2,0,1,0,0,1,0,"-31.321557, -60.294510",Ruta,1,SANTA ROSA DE CALCHINES,Garay,Asfalto,Natural,VII,Fuera,Rural,Ninguna,No existe,Curva,Bueno,Buena,Nocturna,Buen Tiempo,S/D,S/D,"Vuelco,Despiste",Ninguna,Faltante,S/D,Sin restricción
2018,2365,2018-03-26,Lunes,0,18:45:00,Ruta Provincial 6,0.0,2,"Automóvil,Moto/Ciclomotor",San Martin Y Islas Malvinas,2,1,0,0,1,0,0,"-31.731411448999, -61.094034950448",Ruta,6,SAN CARLOS CENTRO,Las Colonias,Asfalto,No existe,XI,Dentro,Urbana,S/D,No existe,Intersección,Bueno,Buena,Diurna,S/D,S/D,S/D,Colisión,Ninguna,Horizontal,Barrera de hormigón,S/D
2018,2366,2018-04-13,Viernes,0,17:40:00,,0.0,2,"Moto/Ciclomotor,Automóvil",Constitucion Y Cerrito,3,1,0,0,0,0,2,"-32.955481, -60.677588",Calle,,ROSARIO,Rosario,Asfalto,No existe,II,S/D,Urbana,Ninguna,No existe,Intersección,Bueno,Buena,"Nocturna,Con luz artificial",Buen Tiempo,Otro,S/D,Colisión,Ninguna,Faltante,Ninguna,Sin restricción
2018,2367,2018-04-06,Viernes,0,12:10:00,,0.0,2,"Moto/Ciclomotor,Otros",Juan Bautista Alberdi Y J Macia,2,1,0,0,0,0,1,"-31.682666666667,-60.759916666667",Calle,,SANTO TOMÉ,La Capital,Asfalto,No existe,I,S/D,Urbana,Ninguna,No existe,Intersección,Bueno,Buena,Diurna,Buen Tiempo,Lateral,S/D,Colisión,Ninguna,Faltante,Ninguna,Sin restricción
2018,2368,2018-03-28,Miercoles,0,09:30:00,,0.0,2,"Pickup/Utilitario,Automóvil",Mendoza Y Moreno,2,0,1,0,1,0,0,"-31.746712646235, -61.093549779016",Calle,,SAN CARLOS CENTRO,Las Colonias,Ripio,No existe,XI,Dentro,Urbana,Ninguna,No existe,Intersección,Bueno,Buena,Diurna,Buen Tiempo,Lateral,S/D,Colisión,Ninguna,Faltante,Ninguna,Sin restricción
2018,2369,2018-04-25,Miercoles,0,13:50:00,,0.0,2,"Taxi/Remis,Moto/Ciclomotor",Avenida Nuestra Se?ora del Luj Y Aritobulo del Valle,2,1,0,0,1,0,0,"-31.675638888889,-60.771138888889",Avenida,,SANTO TOMÉ,La Capital,Asfalto,No existe,I,Dentro,Urbana,Semáforo,Funciona,Intersección,Bueno,Buena,Diurna,Buen Tiempo,De alcance,S/D,Colisión,Ninguna,"Horizontal,Vertical",Línea divisoria pintada,Sin restricción