anio_acci,nro_acci,fecha,desc_dia,fecha_aprox,hora_aprox,desc_ruta,km,cant_participantes,desc_participante,calle_avenida_km,total,heridos_leves,heridos_graves,heridos_gravisimos,ilesos,fallecidos,sin_datos,posicion_XY,desc_tipo_via,desc_ruta_ori,desc_loc,desc_dpto,desc_tipo_calzada,desc_tipo_banquina,desc_unidad_regional,desc_lugar_calzada,desc_zona,desc_prioridad,desc_estado_semaforo,desc_lugar_via,desc_estado_via,desc_estado_visibilidad,desc_luminosidad,desc_estado_clima,desc_tipo_colision,desc_tipo_atropello,desc_tipo_hecho,desc_pres_calzada,desc_senializacion,desc_separacion_via,desc_restriccion
2018,2370,2018-01-21,Domingo,0,01:40:00,Ruta Provincial 22,0.0,2,"Transporte de Pasajeros Urbano (> 8 asientos),Moto/Ciclomotor",Soldado Aguirre ,3,0,1,0,1,1,0,"-33.029903, -60.656084",Ruta,22,VILLA GOBERNADOR GÁLVEZ,Rosario,Asfalto,No existe,II,Dentro,Urbana,Ninguna,No existe,Intersección,Bueno,Buena,Nocturna,Buen Tiempo,Lateral,S/D,Colisión,Material Suelto,Faltante,Guardarrail,Sin restricción
2018,2371,2018-03-14,Miercoles,0,17:15:00,,0.0,2,"Moto/Ciclomotor,Peatón",Belgrano Manuel 900,2,2,0,0,0,0,0,"-31.763067549016, -61.103922343877",Calle,,SAN CARLOS CENTRO,Las Colonias,Asfalto,No existe,XI,Dentro,Urbana,Ninguna,No existe,Recta,Bueno,Buena,Diurna,Buen Tiempo,S/D,Peatón,Atropello,Ninguna,Horizontal,Ninguna,Sin restricción
2018,2372,2018-04-13,Viernes,0,12:30:00,,0.0,2,"Moto/Ciclomotor,Moto/Ciclomotor",San Nicolas Y Av. Pte.Peron,3,1,0,0,2,0,0,"-32.956717, -60.676466",Calle,,ROSARIO,Rosario,Asfalto,No existe,II,S/D,Urbana,Ninguna,No existe,Otro,Otro,Buena,Diurna,Buen Tiempo,Otro,S/D,Colisión,Ninguna,Faltante,Ninguna,Sin restricción
2018,2373,2018-04-10,Martes,0,18:00:00,,0.0,2,"Automóvil,Moto/Ciclomotor",Avenida Nuestra Se?ora del Luj Y Juan Antonio Alvarez de Arenal,3,1,0,0,2,0,0,"-31.677055555556,-60.772277777778",Avenida,,SANTO TOMÉ,La Capital,Asfalto,No existe,I,Dentro,Urbana,Semáforo,Funciona,Intersección,Bueno,Buena,Diurna,Buen Tiempo,De alcance,S/D,Colisión,Ninguna,Vertical,Línea divisoria pintada,Sin restricción
2018,2374,2018-03-09,Viernes,0,04:45:00,,0.0,1,Moto/Ciclomotor,Sarmiento 1500,2,1,0,0,1,0,0,"-31.731484737835, -61.095517665282",Calle,,SAN CARLOS CENTRO,Las Colonias,Asfalto,No existe,XI,Dentro,Urbana,Ninguna,No existe,Recta,Bueno,Reducida,Nocturna,Buen Tiempo,S/D,S/D,Caída ocupante,Ninguna,Horizontal,Ninguna,Sin restricción
2018,2375,2018-04-17,Martes,0,12:45:00,,0.0,2,"Moto/Ciclomotor,Automóvil",Hernandarias Y Rivadavia,2,1,0,0,1,0,0,"-31.673305555556,-60.766111111111",Calle,,SANTA FE,La Capital,Asfalto,No existe,I,S/D,Urbana,Ninguna,No existe,Intersección,Bueno,Buena,Diurna,Buen Tiempo,S/D,S/D,Colisión,Ninguna,S/D,Ninguna,Sin restricción
2018,2376,2018-02-26,Lunes,0,03:10:00,Ruta Provincial 4,0.0,2,"Bicicleta,Moto/Ciclomotor", ,2,1,0,0,0,1,0,"-31.2817,-60.75259",Ruta,4,NELSON,La Capital,Asfalto,Natural,I,Dentro,Rural,Ninguna,No existe,Recta,Bueno,Reducida,Nocturna,Buen Tiempo,S/D,Ciclista,Atropello,Ninguna,Horizontal,Línea divisoria pintada,Sin restricción
2018,2377,2018-04-14,Sabado,0,21:15:00,,0.0,2,"Moto/Ciclomotor,Taxi/Remis",12 de septiembre Y Avenida Nuestra Se?ora del Luj,3,1,0,0,2,0,0,"-31.679416666667,-60.774194444444",Avenida,,SANTO TOMÉ,La Capital,"Asfalto,Ripio",No existe,I,S/D,Urbana,Ninguna,Funciona,Intersección,Bueno,Buena,"Nocturna,Con luz artificial",Buen Tiempo,S/D,S/D,Colisión,Ninguna,Vertical,Ninguna,Sin restricción
2018,2378,2018-03-28,Miercoles,0,09:15:00,Ruta Provincial 6,0.0,2,"Pickup/Utilitario,Automóvil",San Martin Y Esperanza,4,1,0,0,3,0,0,"-31.582637900142, -60.937403439211",Ruta,6,FRANCK,Las Colonias,Asfalto,No existe,XI,Dentro,Urbana,Ninguna,No existe,Intersección,Bueno,Buena,Diurna,Buen Tiempo,De alcance,S/D,Colisión,Ninguna,Horizontal,Línea divisoria pintada,Sin restricción
2018,2379,2018-04-16,Lunes,0,12:40:00,,0.0,1,Automóvil,Bv. Avellaneda Y La Paz,2,1,0,0,1,0,0,"-32.956780, -60.683610",Calle,,ROSARIO,Rosario,Asfalto,No existe,II,Dentro,Urbana,Paso Peatonal,No existe,Intersección,Bueno,Buena,Diurna,Buen Tiempo,Lateral,S/D,Colisión,Ninguna,Horizontal,Ninguna,Sin restricción
2018,2380,2018-02-12,Lunes,0,07:00:00,Ruta Nacional 33,0.0,3,"Automóvil,Moto/Ciclomotor,Taxi/Remis",Ruta Nac 33 Y Ley 1420,4,1,0,0,2,1,0,"-32.994364, -60.763170",Ruta,33,PÉREZ,Rosario,Asfalto,Ripio,II,Dentro,Urbana,Ninguna,No existe,Recta,Bueno,Buena,Amanecer,Buen Tiempo,"Frontal,Múltiple",S/D,Colisión,Ninguna,Faltante,Ninguna,Sin restricción
2018,2381,2018-03-01,Jueves,1,,Ruta Provincial 6,0.0,2,"Moto/Ciclomotor,Automóvil",San Martin Y San Lorenzo,2,1,0,0,1,0,0,"-31.582706027187, -60.937452335778",Ruta,6,FRANCK,Las Colonias,Asfalto,No existe,XI,Dentro,Urbana,Ninguna,No existe,Recta,Bueno,Buena,Nocturna,Buen Tiempo,Lateral,S/D,Colisión,Ninguna,Faltante,Línea divisoria pintada,Sin restricción
2018,2382,2018-04-11,Miercoles,0,12:20:00,,0.0,2,"Moto/Ciclomotor,Bicicleta",Juan Bautista Alberdi Y Simon de Iriondo,2,1,0,0,1,0,0,"-31.682305555556,-60.762083333333",Calle,,SANTO TOMÉ,La Capital,"Asfalto,Ripio",No existe,I,S/D,Urbana,Ninguna,No existe,Intersección,Bueno,Buena,Diurna,Buen Tiempo,S/D,Ciclista,Atropello,Ninguna,S/D,Ninguna,Sin restricción
2018,2383,2018-04-27,Viernes,0,19:00:00,Ruta Nacional 168,477.0,2,"Moto/Ciclomotor,Automóvil", ,2,1,0,0,1,0,0,"-31.640803412985, -60.667117984434",Ruta,168,COLASTINE,La Capital,Asfalto,S/D,I,S/D,Urbana,Ninguna,S/D,Recta,Bueno,S/D,Atardecer,Buen Tiempo,Otro,S/D,Colisión,Ninguna,Horizontal,S/D,Sin restricción
2018,2384,2018-04-27,Viernes,0,00:10:00,Ruta Provincial 1,0.0,2,"Automóvil,Automóvil",Jose de San Martin Y Ruta Provincial 1,2,1,0,0,1,0,0,"-31.604234308589, -60.575680600615",Ruta,1,SAN JOSÉ DEL RINCÓN,La Capital,Arena,Natural,I,S/D,Urbana,Semáforo,Funciona,Rotonda,Bueno,Buena,"Nocturna,Con luz artificial",Buen Tiempo,Lateral,S/D,Colisión,Ninguna,"Horizontal,Vertical",Barrera de alto impacto,S/D
2018,2385,2018-04-11,Miercoles,0,19:00:00,,0.0,2,"Automóvil,Moto/Ciclomotor",Cmte Juan Luis Orrego Y Ibira Pita,2,1,0,0,1,0,0,"-31.600755550153, -60.575275147803",Calle,,SAN JOSÉ DEL RINCÓN,La Capital,Arena,No existe,I,Dentro,Urbana,Ninguna,No existe,Cruce,Bueno,Buena,Atardecer,Buen Tiempo,Lateral,S/D,Colisión,Otro,Faltante,Ninguna,Sin restricción
2018,2386,2018-04-01,Domingo,0,20:10:00,Ruta Provincial 1,4.0,2,"Moto/Ciclomotor,Automóvil", ,3,2,0,0,1,0,0,"-31.619523033286, -60.591976824087",Ruta,1,SAN JOSÉ DEL RINCÓN,La Capital,Asfalto,Natural,I,S/D,S/D,Semáforo,Funciona,Recta,Bueno,Buena,Nocturna,Buen Tiempo,S/D,S/D,Colisión,Ninguna,Vertical,Línea divisoria pintada,Sin restricción
2018,2387,2018-03-06,Martes,0,10:20:00,,0.0,2,"Automóvil,Moto/Ciclomotor",Calle 20 9 de Julio Y Calle 21-Gdor. iriondo,2,1,0,0,1,0,0,"-29.147833333333,-59.647888888889",Calle,,RECONQUISTA,General Obligado,Asfalto,No existe,IX,S/D,Urbana,Ninguna,No existe,Recta,Bueno,Buena,Diurna,Buen Tiempo,S/D,S/D,Colisión,Ninguna,S/D,Cordón divisorio,Sin restricción
2018,2388,2018-03-09,Viernes,0,11:55:00,,0.0,2,"Automóvil,Moto/Ciclomotor",Calle 17-Bartolome Mitre Y Roca Pte,2,1,0,0,1,0,0,"-29.145611111111,-59.643222222222",Calle,,RECONQUISTA,General Obligado,Asfalto,No existe,IX,S/D,Urbana,Ninguna,No existe,Recta,Bueno,Buena,Diurna,Buen Tiempo,De alcance,S/D,Colisión,Ninguna,S/D,Cordón divisorio,Sin restricción
2018,2389,2018-03-08,Jueves,0,03:50:00,,0.0,2,"Taxi/Remis,Moto/Ciclomotor",Calle 8-Chacabuco Y Calle 23-Gral lopez,2,1,0,0,1,0,0,"-29.149194444444,-59.640611111111",Calle,,RECONQUISTA,General Obligado,Asfalto,No existe,IX,Dentro,Urbana,Ninguna,No existe,Intersección,Bueno,Buena,Nocturna,Buen Tiempo,Lateral,S/D,Colisión,Ninguna,Vertical,Cordón divisorio,Sin restricción
2018,2390,2018-03-13,Martes,0,10:50:00,,0.0,2,"Moto/Ciclomotor,Pickup/Utilitario",Calle 15-Patricio Diez Y Calle 6-Ituzaingo,2,1,0,0,1,0,0,"-29.145037023669, -59.638737945558",Calle,,RECONQUISTA,General Obligado,Asfalto,No existe,IX,Dentro,Urbana,Ninguna,No existe,Intersección,Bueno,Buena,Diurna,Buen Tiempo,Otro,S/D,Colisión,Ninguna,Vertical,Cordón divisorio,Sin restricción
2018,2391,2018-03-19,Lunes,0,17:55:00,,0.0,2,"Automóvil,Moto/Ciclomotor",Calle 28 - San Lorenzo Y Calle 11-Alvear,3,2,0,0,1,0,0,"-29.141416666667,-59.651944444444",Calle,,RECONQUISTA,General Obligado,Asfalto,No existe,IX,Dentro,Urbana,Ninguna,No existe,Intersección,Bueno,Buena,Diurna,Buen Tiempo,Lateral,S/D,Colisión,Ninguna,Vertical,Cordón divisorio,Sin restricción
2018,2392,2018-05-09,Miercoles,0,18:50:00,,0.0,2,"Moto/Ciclomotor,Automóvil",Bv. Avellaneda Y Pasco,2,1,0,0,1,0,0,"-32.95225,-60.682361111111",Avenida,,ROSARIO,Rosario,Asfalto,No existe,II,Dentro,Urbana,Ninguna,No existe,Recta,Bueno,Buena,Diurna,Buen Tiempo,Lateral,S/D,Colisión,Ninguna,Faltante,Ninguna,Sin restricción
2018,2393,2018-05-14,Lunes,0,12:45:00,,0.0,1,Transporte de Pasajeros Urbano (> 8 asientos),Cafferata Y Av. Pte.Peron,2,1,0,0,1,0,0,"-32.9565,-60.675",Calle,,ROSARIO,Rosario,Asfalto,No existe,II,S/D,Urbana,Semáforo,Funciona,Recta,Bueno,Buena,Diurna,Buen Tiempo,S/D,S/D,Caída ocupante,Ninguna,Vertical,Ninguna,Sin restricción
2018,2394,2018-06-15,Viernes,0,07:35:00,,0.0,2,"Automóvil,Automóvil",Bv. Avellaneda Y Mendoza,3,1,0,0,2,0,0,"-32.94425,-60.680305555556",Avenida,,ROSARIO,Rosario,Asfalto,No existe,II,S/D,Urbana,Ninguna,Funciona,Intersección,Bueno,Buena,Amanecer,Buen Tiempo,De alcance,S/D,Colisión,Ninguna,S/D,Ninguna,Sin restricción
2018,2395,2018-05-17,Jueves,0,08:30:00,,0.0,2,"Moto/Ciclomotor,Taxi/Remis",Viamonte 4030,2,1,0,0,1,0,0,"-32.958138888889,-60.682944444444",Calle,,ROSARIO,Rosario,Asfalto,No existe,II,S/D,Urbana,Ninguna,No existe,Recta,Bueno,Buena,Diurna,Buen Tiempo,Lateral,S/D,Colisión,Ninguna,Faltante,Ninguna,Sin restricción
2018,2396,2018-05-01,Martes,0,13:55:00,,0.0,2,"Pickup/Utilitario,Moto/Ciclomotor",Regis Martinez Y Laprida,2,1,0,0,1,0,0,"-31.623083333333,-60.679805555556",Calle,,SANTA FE,La Capital,Asfalto,No existe,I,Dentro,Urbana,Ninguna,No existe,Intersección,Bueno,Buena,Diurna,Buen Tiempo,Lateral,S/D,Colisión,Ninguna,S/D,Ninguna,Sin restricción
2018,2397,2018-06-13,Miercoles,0,14:55:00,,0.0,2,"Automóvil,Automóvil",Av. Corrientes Y Sanchez de Bustamante,2,1,0,0,1,0,0,"-33.002083333333,-60.653305555556",S/D,,ROSARIO,Rosario,Asfalto,No existe,II,S/D,S/D,S/D,No existe,Recta,Bueno,Buena,Diurna,Buen Tiempo,Lateral,S/D,Colisión,Ninguna,S/D,Ninguna,Sin restricción
2018,2398,2018-05-20,Domingo,0,00:00:00,,0.0,2,"Moto/Ciclomotor,Automóvil",Av. Pellegrini Y Lima,2,1,0,0,1,0,0,"-32.949222222222,-60.685972222222",Calle,,ROSARIO,Rosario,Asfalto,No existe,II,S/D,Urbana,S/D,S/D,Recta,Bueno,Buena,Nocturna,Buen Tiempo,Lateral,S/D,Colisión,Ninguna,S/D,Ninguna,Sin restricción
2018,2399,2018-06-04,Lunes,0,22:00:00,,0.0,2,"Moto/Ciclomotor,Automóvil",Av. Pellegrini Y Callao,2,1,0,0,1,0,0,"-32.95325,-60.662777777778",Avenida,,ROSARIO,Rosario,Asfalto,No existe,II,S/D,Urbana,Ninguna,S/D,Intersección,Bueno,Buena,Con luz artificial,Buen Tiempo,De alcance,S/D,Colisión,Ninguna,S/D,Ninguna,Sin restricción
2018,2400,2018-05-03,Jueves,0,00:30:00,,0.0,2,"Moto/Ciclomotor,Automóvil",Pje Calcena Y Velez Sarsfield,2,1,0,0,1,0,0,"-31.625666666667,-60.682333333333",Calle,,SANTA FE,La Capital,Asfalto,No existe,I,S/D,Urbana,Ninguna,No existe,Intersección,Bueno,Buena,Diurna,Buen Tiempo,Lateral,S/D,Colisión,Ninguna,S/D,Ninguna,Sin restricción
2018,2401,2018-05-20,Domingo,0,22:00:00,,0.0,2,"Automóvil,Moto/Ciclomotor",Superi Y Machain,2,1,0,0,1,0,0,"-32.895694444444,-60.69925",Calle,,ROSARIO,Rosario,Asfalto,No existe,II,Dentro,Urbana,Ninguna,No existe,Intersección,Bueno,Buena,Nocturna,Buen Tiempo,Lateral,S/D,Colisión,Ninguna,Faltante,Barrera de hormigón,Sin restricción
2018,2402,2018-06-11,Lunes,0,16:30:00,,0.0,2,"Bicicleta,Automóvil",Av. Battle y Ordo?ez 1600,2,1,0,0,1,0,0,"-33.009055555556,-60.655888888889",S/D,,ROSARIO,Rosario,Asfalto,No existe,II,S/D,S/D,Ninguna,No existe,Recta,Bueno,Buena,Diurna,Buen Tiempo,Contra objeto fijo,Ciclista,Atropello,Ninguna,Faltante,Ninguna,Sin restricción
2018,2403,2018-05-26,Sabado,0,15:30:00,,0.0,2,"Automóvil,Moto/Ciclomotor",Casiano Casas 1976,2,1,0,0,1,0,0,"-32.897277777778,-60.714472222222",Calle,,ROSARIO,Rosario,Asfalto,No existe,II,Dentro,Urbana,Ninguna,No existe,Recta,Bueno,Buena,Diurna,Buen Tiempo,S/D,S/D,Colisión,Ninguna,Faltante,Barrera de hormigón,Sin restricción
2018,2404,2018-05-04,Viernes,0,23:30:00,,0.0,2,"Moto/Ciclomotor,Automóvil", ,2,1,0,0,1,0,0,"-31.63826, -60.70963",S/D,,SANTA FE,La Capital,S/D,S/D,I,S/D,S/D,S/D,S/D,S/D,S/D,S/D,S/D,S/D,S/D,S/D,S/D,S/D,S/D,S/D,S/D
2018,2405,2018-06-21,Jueves,0,15:45:00,,0.0,2,"Moto/Ciclomotor,Automóvil",Mendoza Y Cafferata,3,1,0,0,2,0,0,"-32.945666666667,-60.672277777778",Calle,,ROSARIO,Rosario,Asfalto,No existe,II,S/D,Urbana,Ninguna,Funciona,Intersección,Bueno,Buena,Diurna,Buen Tiempo,De alcance,S/D,Colisión,Ninguna,Horizontal,Ninguna,Sin restricción
2018,2406,2018-06-10,Domingo,0,22:00:00,,0.0,2,"Moto/Ciclomotor,Automóvil",Entre Rios Y Virasoro,3,1,0,0,2,0,0,"-32.969416666667,-60.646861111111",Calle,,ROSARIO,Rosario,Asfalto,No existe,II,S/D,Urbana,Ninguna,S/D,Recta,Bueno,Buena,Nocturna,Buen Tiempo,Lateral,S/D,Colisión,Ninguna,Faltante,Ninguna,Sin restricción
2018,2407,2018-05-28,Lunes,0,08:30:00,,0.0,1,Moto/Ciclomotor,J C Orsetti Y San Lorenzo,1,1,0,0,0,0,0,"-32.86511, -60.70622",Calle,,GRANADERO BAIGORRIA,Rosario,Asfalto,S/D,II,S/D,Urbana,Ninguna,S/D,Recta,Bueno,S/D,S/D,Buen Tiempo,Otro,S/D,Colisión,Otro,Faltante,Ninguna,Sin restricción
2018,2408,2018-05-06,Domingo,0,17:30:00,,0.0,2,"Moto/Ciclomotor,Automóvil",Huergo Y Sarmiento,2,1,0,0,1,0,0,"-31.616694444444,-60.687194444444",Calle,,SANTA FE,La Capital,Asfalto,No existe,I,Dentro,Urbana,Ninguna,No existe,Intersección,Bueno,S/D,S/D,Buen Tiempo,Lateral,S/D,Colisión,S/D,S/D,Ninguna,Sin restricción
2018,2409,2018-06-08,Viernes,0,23:30:00,,0.0,2,"Bicicleta,Automóvil",Cordoba 2900,2,1,0,0,1,0,0,"-32.942,-60.662833333333",Calle,,ROSARIO,Rosario,Asfalto,No existe,II,S/D,Urbana,Ninguna,S/D,Intersección,Bueno,Buena,Con luz artificial,Otro,De alcance,Ciclista,Atropello,Ninguna,S/D,Ninguna,Sin restricción
2018,2410,2018-06-09,Sabado,0,18:00:00,,0.0,2,"Moto/Ciclomotor,Automóvil",Centenario Y Leiva,2,1,0,0,1,0,0,"-33.003888888889,-60.637861111111",S/D,,ROSARIO,Rosario,Asfalto,No existe,II,Dentro,Urbana,Ninguna,No existe,Intersección,Bueno,Buena,Diurna,Buen Tiempo,Lateral,S/D,Colisión,Ninguna,Faltante,Ninguna,Sin restricción
2018,2411,2018-05-02,Miercoles,0,17:30:00,,0.0,2,"Automóvil,Automóvil",Viamonte Y Av San Martin,2,1,0,0,1,0,0,"-32.86938, -60.70017",Avenida,,GRANADERO BAIGORRIA,Rosario,Asfalto,Pavimento,II,S/D,Urbana,Semáforo,Funciona,Recta,Bueno,Buena,"Atardecer,Con luz artificial",Buen Tiempo,Otro,S/D,Colisión,Ninguna,Vertical,Guardarrail,Sin restricción
2018,2412,2018-05-07,Lunes,0,21:00:00,,0.0,2,"Moto/Ciclomotor,Pickup/Utilitario",Avellaneda Y Pje Calcena,2,0,1,0,1,0,0,"-31.625361111111,-60.684055555556",Calle,,SANTA FE,La Capital,Asfalto,No existe,I,S/D,Urbana,Ninguna,No existe,Intersección,Bueno,Buena,Nocturna,Buen Tiempo,Lateral,S/D,Colisión,Ninguna,S/D,Ninguna,Sin restricción
2018,2413,2018-06-11,Lunes,0,14:55:00,,0.0,2,"Moto/Ciclomotor,Pickup/Utilitario",San Martin Y Biedma,2,1,0,0,1,0,0,"-32.981722222222,-60.644916666667",S/D,,ROSARIO,Rosario,Asfalto,No existe,II,Dentro,Urbana,Ninguna,No existe,Intersección,Bueno,Buena,Diurna,Buen Tiempo,Lateral,S/D,Colisión,Ninguna,Faltante,Ninguna,Sin restricción
2018,2414,2018-06-02,Sabado,0,10:40:00,,0.0,2,"Automóvil,Moto/Ciclomotor",Marcos Paz Y Castellanos,2,1,0,0,1,0,0,"-32.94425,-60.676166666667",Calle,,ROSARIO,Rosario,Asfalto,No existe,II,Dentro,Urbana,Ninguna,S/D,Intersección,Bueno,Buena,Diurna,Buen Tiempo,De alcance,S/D,Colisión,Ninguna,Faltante,Ninguna,Sin restricción
2018,2415,2018-05-08,Martes,0,00:45:00,,0.0,2,"Moto/Ciclomotor,Peatón",Av Gral Paz Y Quintana,4,3,0,0,1,0,0,"-31.624972222222,-60.689222222222",Avenida,,SANTA FE,La Capital,Asfalto,No existe,I,S/D,Urbana,Ninguna,No existe,Intersección,Bueno,Buena,"Nocturna,Con luz artificial",Buen Tiempo,S/D,Peatón,Atropello,Agua,S/D,Ninguna,Sin restricción
2018,2416,2018-05-17,Jueves,0,17:30:00,Ruta Nacional 34,0.0,2,"Bicicleta,Camión Chasis", ,2,1,0,0,1,0,0,"-32.83746, -60.81261",Ruta,34,IBARLUCEA,Rosario,Asfalto,Natural,II,S/D,Rural,Ninguna,No existe,Recta,Bueno,Buena,Atardecer,Buen Tiempo,S/D,Ciclista,Atropello,Ninguna,Horizontal,Ninguna,Sin restricción
2018,2417,2018-06-11,Lunes,0,16:10:00,,0.0,2,"Moto/Ciclomotor,Pickup/Utilitario",Av. Castro Barros Y Lamadrid,2,1,0,0,1,0,0,"-32.9965,-60.629694444444",Calle,,ROSARIO,Rosario,Asfalto,No existe,II,Dentro,Urbana,Ninguna,No existe,Intersección,Bueno,Buena,Diurna,Buen Tiempo,Lateral,S/D,Colisión,Ninguna,Faltante,Ninguna,Sin restricción
2018,2418,2018-06-02,Sabado,0,03:00:00,,0.0,3,"Automóvil,Automóvil,Pickup/Utilitario",Ricchieri Y Montevideo,5,4,0,0,0,0,1,"-32.951722222222,-60.665277777778",Calle,,ROSARIO,Rosario,Asfalto,No existe,II,Dentro,Urbana,Ninguna,No existe,Intersección,Bueno,Reducida polvo,Diurna,Buen Tiempo,De alcance,S/D,Colisión,Ninguna,Faltante,Ninguna,Sin restricción
2018,2419,2018-05-10,Jueves,0,21:00:00,,0.0,2,"Moto/Ciclomotor,Automóvil",Nicolas Laguna Y Salvat,3,1,0,0,2,0,0,"-32.883416666667,-60.724277777778",Avenida,,ROSARIO,Rosario,Asfalto,S/D,II,S/D,Urbana,Ninguna,No existe,Intersección,Bueno,Buena,"Nocturna,Con luz artificial",Buen Tiempo,Otro,S/D,Colisión,Ninguna,Faltante,Ninguna,S/D
2018,2420,2018-06-11,Lunes,0,10:00:00,,0.0,2,"Peatón,Automóvil",Mariano Moreno Y Uruguay,2,1,0,0,1,0,0,"-32.974555555556,-60.658222222222",Calle,,ROSARIO,Rosario,Asfalto,No existe,II,Dentro,Urbana,Ninguna,No existe,Intersección,Bueno,Buena,S/D,Buen Tiempo,S/D,Peatón,Atropello,Ninguna,Faltante,Ninguna,Sin restricción
2018,2421,2018-05-11,Viernes,0,16:20:00,,0.0,2,"Moto/Ciclomotor,Moto/Ciclomotor",Av. J.Suarez 2300,2,2,0,0,0,0,0,"-32.89036, -60.72666",Calle,,ROSARIO,Rosario,Asfalto,No existe,II,S/D,Urbana,Ninguna,No existe,Curva,Con baches,Buena,Diurna,Buen Tiempo,S/D,S/D,Colisión,Ninguna,Faltante,Ninguna,Sin restricción
2018,2422,2018-05-09,Miercoles,0,19:00:00,,0.0,2,"Bicicleta,Moto/Ciclomotor",Av A del Valle Y Av Galicia,2,0,0,0,0,0,2,"-31.605583333333,-60.692805555556",Avenida,,SANTA FE,La Capital,Asfalto,No existe,I,S/D,Urbana,Ninguna,Funciona,Intersección,Bueno,Buena,Atardecer,Buen Tiempo,S/D,Ciclista,Atropello,Ninguna,S/D,Ninguna,Sin restricción
2018,2423,2018-06-01,Viernes,0,08:00:00,,0.0,2,"Automóvil,Moto/Ciclomotor",Uruguay Y Av. Ovidio Lagos,3,1,0,0,2,0,0,"-32.972638888889,-60.668861111111",S/D,,ROSARIO,Rosario,Asfalto,No existe,II,S/D,S/D,Ninguna,Funciona,Intersección,Bueno,Buena,Diurna,Buen Tiempo,Lateral,S/D,Colisión,Ninguna,Faltante,Ninguna,Sin restricción
2018,2424,2018-06-11,Lunes,0,14:20:00,,0.0,2,"Automóvil,Moto/Ciclomotor",Av. Pellegrini 4400,3,1,0,0,2,0,0,"-32.949083333333,-60.685944444444",Avenida,,ROSARIO,Rosario,Asfalto,No existe,II,S/D,Urbana,Ninguna,No existe,Recta,Bueno,Buena,Diurna,Buen Tiempo,De alcance,S/D,Colisión,Ninguna,Faltante,S/D,Sin restricción
2018,2425,2018-05-24,Jueves,0,19:25:00,,0.0,2,"Automóvil,Peatón",Nicolas Laguna Y Conway,3,1,1,0,1,0,0,"-32.884166666667,-60.72425",Calle,,ROSARIO,Rosario,Asfalto,S/D,II,S/D,Urbana,Ninguna,No existe,Intersección,Otro,Reducida,Atardecer,Buen Tiempo,S/D,Peatón,Atropello,Otro,Faltante,Ninguna,Sin restricción
2018,2426,2018-06-09,Sabado,0,08:15:00,,0.0,2,"Moto/Ciclomotor,Automóvil",Av. Ntra.Sra.del Rosario 300,2,1,0,0,1,0,0,"-32.999472222222,-60.636333333333",Calle,,ROSARIO,Rosario,Asfalto,No existe,II,Dentro,Urbana,Ninguna,Funciona,Intersección,Bueno,Buena,Diurna,Buen Tiempo,Lateral,S/D,Colisión,Ninguna,Vertical,Ninguna,Sin restricción
2018,2427,2018-05-10,Jueves,0,12:45:00,,0.0,2,"Automóvil,Pickup/Utilitario",Alberdi 6300,4,1,0,0,3,0,0,"-31.612333333333,-60.684805555556",Calle,,SANTA FE,La Capital,Asfalto,No existe,I,S/D,Urbana,Ninguna,No existe,Intersección,Bueno,Buena,Diurna,Buen Tiempo,Lateral,S/D,Colisión,Ninguna,S/D,Ninguna,Sin restricción
2018,2428,2018-06-17,Domingo,0,05:40:00,,0.0,1,Moto/Ciclomotor,Mendoza Y Carriego,1,1,0,0,0,0,0,"-32.9425,-60.689972222222",Calle,,ROSARIO,Rosario,Asfalto,No existe,II,S/D,Urbana,Ninguna,No existe,Intersección,Bueno,Reducida,Nocturna,Buen Tiempo,De alcance,S/D,Atropello,Ninguna,S/D,Ninguna,Sin restricción
2018,2429,2018-05-09,Miercoles,0,17:00:00,,0.0,2,"Automóvil,Pickup/Utilitario",Pujato Y Cruz Chica,2,1,0,0,1,0,0,"-32.882138888889,-60.705972222222",Calle,,ROSARIO,Rosario,Asfalto,No existe,II,Dentro,Urbana,Ninguna,No existe,Intersección,Bueno,Buena,Diurna,Buen Tiempo,Lateral,S/D,Colisión,Ninguna,Faltante,Ninguna,Sin restricción
2018,2430,2018-05-19,Sabado,0,15:40:00,,0.0,2,"Automóvil,Moto/Ciclomotor",Av. Corrientes Y Av. Uriburu,3,1,0,0,2,0,0,"-32.990888888889,-60.653722222222",Avenida,,ROSARIO,Rosario,Hormigón,No existe,II,S/D,Urbana,Semáforo,Funciona,Intersección,Bueno,Buena,Diurna,Buen Tiempo,Lateral,S/D,Colisión,Ninguna,Faltante,S/D,Sin restricción