anio_acci,nro_acci,fecha,desc_dia,fecha_aprox,hora_aprox,desc_ruta,km,cant_participantes,desc_participante,calle_avenida_km,total,heridos_leves,heridos_graves,heridos_gravisimos,ilesos,fallecidos,sin_datos,posicion_XY,desc_tipo_via,desc_ruta_ori,desc_loc,desc_dpto,desc_tipo_calzada,desc_tipo_banquina,desc_unidad_regional,desc_lugar_calzada,desc_zona,desc_prioridad,desc_estado_semaforo,desc_lugar_via,desc_estado_via,desc_estado_visibilidad,desc_luminosidad,desc_estado_clima,desc_tipo_colision,desc_tipo_atropello,desc_tipo_hecho,desc_pres_calzada,desc_senializacion,desc_separacion_via,desc_restriccion
2018,2431,2018-05-12,Sabado,0,15:40:00,,0.0,2,"Automóvil,Automóvil",Guemes Y Quintana,2,1,0,0,1,0,0,"-31.62575,-60.685333333333",Calle,,SANTA FE,La Capital,Asfalto,No existe,I,S/D,Urbana,Ninguna,No existe,Intersección,Bueno,Buena,Diurna,Buen Tiempo,Lateral,S/D,Colisión,Ninguna,S/D,Ninguna,Sin restricción
2018,2432,2018-06-08,Viernes,0,14:45:00,,0.0,2,"Automóvil,Transporte de Pasajeros Urbano (> 8 asientos)",Av. Ntra.Sra.del Rosario Y Serrano,2,1,0,0,1,0,0,"-32.999333333333,-60.631916666667",Calle,,ROSARIO,Rosario,Asfalto,No existe,II,Dentro,Urbana,Ninguna,No existe,Intersección,Bueno,Buena,Diurna,Buen Tiempo,Lateral,S/D,Colisión,Ninguna,Faltante,Ninguna,Sin restricción
2018,2433,2018-06-14,Jueves,0,14:40:00,,0.0,2,"Automóvil,Moto/Ciclomotor",San Luis Y Crespo,3,1,0,0,2,0,0,"-32.943638888889,-60.668916666667",Calle,,ROSARIO,Rosario,Asfalto,No existe,II,S/D,Urbana,Ninguna,No existe,Intersección,Bueno,Buena,Diurna,Buen Tiempo,De alcance,S/D,Colisión,Ninguna,Faltante,Ninguna,Sin restricción
2018,2434,2018-05-10,Jueves,0,08:25:00,,0.0,2,"Taxi/Remis,Automóvil",San Juan Y Alvear,3,1,0,0,2,0,0,"-32.947194444444,-60.655611111111",Calle,,ROSARIO,Rosario,S/D,S/D,II,S/D,Urbana,S/D,S/D,Intersección,S/D,S/D,Diurna,S/D,S/D,S/D,Colisión,S/D,S/D,S/D,S/D
2018,2435,2018-06-11,Lunes,0,15:40:00,,0.0,2,"Automóvil,Automóvil",Av. Pellegrini Y Carriego,2,1,0,0,1,0,0,"-32.948111111111,-60.691361111111",Calle,,ROSARIO,Rosario,Asfalto,No existe,II,Dentro,Urbana,Ninguna,Funciona,Recta,Bueno,Buena,Diurna,Buen Tiempo,De alcance,S/D,Colisión,Ninguna,Faltante,Ninguna,Sin restricción
2018,2436,2018-05-23,Miercoles,0,07:45:00,,0.0,2,"Moto/Ciclomotor,Automóvil",Juan Bautista Alberdi Y Av Belgrano,2,1,0,0,1,0,0,"-32.99809, -60.77262",Calle,,PÉREZ,Rosario,Asfalto,Ripio,II,Dentro,Urbana,Ninguna,No existe,Recta,Bueno,Buena,Diurna,Buen Tiempo,Frontal,S/D,Colisión,Ninguna,Vertical,Línea divisoria pintada,Sin restricción
2018,2437,2018-05-13,Domingo,0,07:45:00,,0.0,2,"Moto/Ciclomotor,Automóvil",Gorostiaga Y Av A del Valle,2,1,0,0,1,0,0,"-31.612083333333,-60.695166666667",Avenida,,SANTA FE,La Capital,Asfalto,No existe,I,S/D,Urbana,Ninguna,No existe,Intersección,Bueno,Buena,Diurna,Buen Tiempo,Lateral,S/D,Colisión,Ninguna,S/D,Ninguna,Sin restricción
2018,2438,2018-06-03,Domingo,0,02:30:00,,0.0,2,"Taxi/Remis,Moto/Ciclomotor",Bv. Oro?o Y Biedma,3,2,0,0,1,0,0,"-32.978666666667,-60.662027777778",Calle,,ROSARIO,Rosario,Asfalto,No existe,II,S/D,Urbana,Ninguna,Funciona,Intersección,Bueno,Buena,Nocturna,Buen Tiempo,Lateral,S/D,Colisión,Ninguna,Vertical,Ninguna,Sin restricción
2018,2439,2018-05-30,Miercoles,0,05:30:00,Ruta Nacional 33,0.0,3,"Camión c / Acoplado,Pickup/Utilitario,Automóvil",Ruta Nac 33 Y Mosconi,4,2,0,0,2,0,0,"-33.00361, -60.78281",Ruta,33,PÉREZ,Rosario,Asfalto,Natural,II,Dentro,Urbana,Ninguna,No existe,Recta,Resbaladiza,Reducida,Amanecer,Lluvia,Múltiple,S/D,Colisión,Agua,Horizontal,Línea divisoria pintada,Sin restricción
2018,2440,2018-06-04,Lunes,0,20:15:00,,0.0,2,"Moto/Ciclomotor,Automóvil",A.Maza 3600,2,0,1,0,0,0,1,"-32.882111111111,-60.690416666667",Calle,,ROSARIO,Rosario,Asfalto,No existe,II,Dentro,Urbana,Ninguna,No existe,Intersección,Bueno,Buena,Nocturna,Buen Tiempo,Lateral,S/D,Colisión,Ninguna,Faltante,Ninguna,Sin restricción
2018,2441,2018-06-01,Viernes,0,16:25:00,,0.0,2,"Automóvil,Automóvil",Av. Jorge Cura Y Rodriguez,7,1,0,0,6,0,0,"-32.970083333333,-60.665638888889",Calle,,ROSARIO,Rosario,Asfalto,No existe,II,Dentro,Urbana,Ninguna,No existe,Intersección,Bueno,Buena,Atardecer,Buen Tiempo,Lateral,S/D,Colisión,S/D,Faltante,Ninguna,Sin restricción
2018,2442,2018-05-17,Jueves,0,03:30:00,,0.0,2,"Moto/Ciclomotor,Automóvil",Morelli Y Av San Martin,3,1,0,0,2,0,0,"-32.999652222302, -60.772973802665",Calle,,PÉREZ,Rosario,Asfalto,Pavimento,II,S/D,Urbana,Ninguna,No funciona,Curva,Bueno,Buena,Nocturna,Buen Tiempo,Otro,S/D,Colisión,Ninguna,Faltante,Ninguna,Sin restricción
2018,2443,2018-06-08,Viernes,0,20:00:00,,0.0,2,"Moto/Ciclomotor,Taxi/Remis",Bv. Rondeau Y Matheu,2,1,0,0,1,0,0,"-32.888444444444,-60.694444444444",Calle,,ROSARIO,Rosario,Asfalto,No existe,II,Dentro,Urbana,Semáforo,Funciona,Intersección,Bueno,Buena,Nocturna,Buen Tiempo,Lateral,S/D,Colisión,Ninguna,Vertical,Ninguna,Sin restricción
2018,2444,2018-05-17,Jueves,0,13:15:00,,0.0,2,"Bicicleta,Moto/Ciclomotor",Av Almte Brown ,2,1,0,0,1,0,0,"-31.61715, -60.67451",Calle,,SANTA FE,La Capital,Asfalto,No existe,I,Dentro,Urbana,Ninguna,No existe,Intersección,Bueno,Buena,Diurna,Buen Tiempo,S/D,Ciclista,Atropello,Ninguna,S/D,Ninguna,Sin restricción
2018,2445,2018-05-23,Miercoles,0,,Ruta Nacional 33,0.0,2,"Automóvil,Automóvil",Ruta Nac 33 Y Nicolas Avellaneda,4,2,1,0,1,0,0,"-33.005601428553, -60.786826972976",Ruta,33,PÉREZ,Rosario,Asfalto,Ripio,II,S/D,Urbana,Ninguna,No existe,Recta,Bueno,Buena,Diurna,Buen Tiempo,Otro,S/D,Colisión,Ninguna,Faltante,Ninguna,Sin restricción
2018,2446,2018-05-02,Miercoles,0,08:00:00,Ruta Nacional 33,0.0,2,"Automóvil,Automóvil",Ruta Nac 33 Y Villarino Bv,3,1,0,0,2,0,0,"-33.019, -60.87924",Ruta,33,ZAVALLA,Rosario,Asfalto,Ripio,II,Dentro,Urbana,Semáforo,Funciona,Intersección,Bueno,Buena,Diurna,Buen Tiempo,De alcance,S/D,Colisión,Ninguna,Vertical,Línea divisoria pintada,Sin restricción
2018,2447,2018-05-09,Miercoles,0,,Ruta Nacional 33,0.0,2,"Moto/Ciclomotor,Automóvil",Ruta Nac 33 Y San Lorenzo,2,1,0,0,1,0,0,"-33.01896, -60.88295",Ruta,33,ZAVALLA,Rosario,Asfalto,Ripio,II,Dentro,Urbana,Ninguna,No existe,Intersección,Bueno,Buena,S/D,Buen Tiempo,"De alcance,Lateral",S/D,Colisión,Ninguna,Faltante,Línea divisoria pintada,Sin restricción
2018,2448,2018-05-17,Jueves,0,21:30:00,,0.0,2,"Moto/Ciclomotor,Automóvil",Angel Cassanello Y Velez Sarsfield,2,0,0,0,0,0,2,"-31.612833333333,-60.678055555556",Calle,,SANTA FE,La Capital,Asfalto,No existe,I,S/D,Urbana,Ninguna,No existe,Intersección,Bueno,Buena,"Nocturna,Con luz artificial",Buen Tiempo,Lateral,S/D,Colisión,Ninguna,S/D,Ninguna,Sin restricción
2018,2449,2018-06-28,Jueves,0,09:20:00,,0.0,2,"Automóvil,Moto/Ciclomotor",Gallo Y J.C.Paz,2,1,0,0,1,0,0,"-32.890111111111,-60.691111111111",Calle,,ROSARIO,Rosario,Asfalto,No existe,II,S/D,Urbana,Ninguna,No existe,Intersección,Bueno,Buena,Diurna,Buen Tiempo,Frontal,S/D,Colisión,Ninguna,Faltante,Ninguna,Sin restricción
2018,2450,2018-06-06,Miercoles,0,10:45:00,,0.0,2,"Moto/Ciclomotor,Pickup/Utilitario",Av. Battle y Ordo?ez Y Paraguay,2,1,0,0,1,0,0,"-33.009,-60.654472222222",S/D,,ROSARIO,Rosario,Asfalto,No existe,II,S/D,Urbana,Ninguna,No existe,Intersección,Bueno,Buena,Diurna,Buen Tiempo,Lateral,S/D,Colisión,Ninguna,Faltante,Ninguna,Sin restricción
2018,2451,2018-05-18,Viernes,0,17:30:00,,0.0,2,"Moto/Ciclomotor,Automóvil",Juan Canals Y Callao,2,0,1,0,1,0,0,"-32.985472222222,-60.670916666667",Calle,,ROSARIO,Rosario,Asfalto,No existe,II,S/D,Urbana,Ninguna,No existe,Intersección,Bueno,Buena,Diurna,Buen Tiempo,Lateral,S/D,Colisión,Ninguna,Faltante,Ninguna,Sin restricción
2018,2452,2018-05-20,Domingo,0,20:30:00,,0.0,1,Moto/Ciclomotor,Alberdi Y Quintana,2,2,0,0,0,0,0,"-31.625111111111,-60.688527777778",S/D,,SANTA FE,La Capital,Asfalto,No existe,I,S/D,Urbana,Ninguna,No existe,Intersección,Bueno,Reducida,"Nocturna,Con luz artificial",Buen Tiempo,S/D,S/D,Caída ocupante,Ninguna,S/D,Ninguna,S/D
2018,2453,2018-06-07,Jueves,0,12:30:00,,0.0,2,"Automóvil,Moto/Ciclomotor",Bv. Segui Y Entre Rios,2,1,0,0,1,0,0,"-32.978666666667,-60.649194444444",S/D,,ROSARIO,Rosario,Asfalto,No existe,II,S/D,Urbana,Ninguna,No existe,Intersección,Bueno,Buena,Diurna,Buen Tiempo,Lateral,S/D,Colisión,Ninguna,Faltante,Ninguna,Sin restricción
2018,2454,2018-05-22,Martes,0,08:15:00,,0.0,2,"Moto/Ciclomotor,Automóvil",Av Almte Brown Y Salvador del Carril,2,1,0,0,1,0,0,"-31.621833333333,-60.678194444444",Avenida,,SANTA FE,La Capital,Asfalto,No existe,I,S/D,Urbana,Ninguna,No existe,Intersección,Bueno,Buena,Diurna,Buen Tiempo,S/D,S/D,Colisión,Ninguna,S/D,S/D,Sin restricción
2018,2455,2018-06-02,Sabado,0,23:45:00,,0.0,1,Moto/Ciclomotor,J.B.Justo Y Barra Bis,2,1,0,0,1,0,0,"-32.914777777778,-60.708138888889",Calle,,ROSARIO,Rosario,Asfalto,S/D,II,Dentro,Urbana,S/D,S/D,Intersección,Bueno,S/D,Nocturna,S/D,S/D,S/D,S/D,S/D,S/D,Ninguna,S/D
2018,2456,2018-06-08,Viernes,0,00:55:00,,0.0,2,"Automóvil,Moto/Ciclomotor",Bv. Segui ,3,1,0,0,2,0,0,"-32.977055555556,-60.657444444444",Calle,,ROSARIO,Rosario,Asfalto,No existe,II,S/D,Urbana,Ninguna,No existe,Intersección,Bueno,Buena,Nocturna,Buen Tiempo,Lateral,S/D,Colisión,Ninguna,Faltante,Ninguna,Sin restricción
2018,2457,2018-06-01,Viernes,0,21:30:00,,0.0,2,"Moto/Ciclomotor,Pickup/Utilitario",J.J.Paso Y Dr.Victor Cue Bis,2,1,0,0,1,0,0,"-32.91975,-60.697083333333",Avenida,,ROSARIO,Rosario,Asfalto,No existe,II,Dentro,Urbana,Ninguna,No existe,Intersección,Bueno,Buena,Con luz artificial,Buen Tiempo,Frontal,S/D,Colisión,Ninguna,Faltante,Ninguna,Sin restricción
2018,2458,2018-03-28,Miercoles,0,17:00:00,,0.0,2,"Pickup/Utilitario,Automóvil",Av 9 de Julio Y San Jose,3,1,1,0,1,0,0,"-31.401299113062, -61.080268620181",Avenida,,HUMBOLDT,Las Colonias,Hormigón,No existe,XI,Dentro,Urbana,Ninguna,No existe,Intersección,Bueno,Buena,Atardecer,Buen Tiempo,Lateral,S/D,Colisión,Ninguna,Faltante,Ninguna,Accidente Previo
2018,2459,2018-03-09,Viernes,0,19:00:00,,0.0,2,"Moto/Ciclomotor,Pickup/Utilitario",Entre Rios Y Nuevo Torino,2,1,0,0,1,0,0,"-31.766036623743, -61.325143574406",Calle,,SANTA CLARA DE BUENA VISTA,Las Colonias,Asfalto,No existe,XI,Dentro,Urbana,S/D,S/D,Intersección,Bueno,Buena,Atardecer,Buen Tiempo,Lateral,S/D,Colisión,Ninguna,S/D,Ninguna,S/D
2018,2460,2018-04-22,Domingo,0,09:30:00,,0.0,2,"Moto/Ciclomotor,Automóvil",Calle 15 Y Calle 14,2,1,0,0,1,0,0,"-32.683631056573, -61.521502731967",Calle,,LAS PAREJAS,Belgrano,Asfalto,No existe,III,Dentro,Urbana,Ninguna,No existe,Intersección,Bueno,Buena,Diurna,Buen Tiempo,Lateral,S/D,Colisión,Ninguna,Vertical,Cordón divisorio,Sin restricción
2018,2461,2018-04-21,Sabado,0,20:20:00,,0.0,2,"Moto/Ciclomotor,Pickup/Utilitario",San Nicolas Y Paraguay,2,1,0,0,1,0,0,"-32.787369242923, -61.60805162860",Calle,,ARMSTRONG,Belgrano,Asfalto,No existe,III,Dentro,Urbana,Ninguna,No existe,Intersección,Bueno,Buena,Atardecer,Buen Tiempo,Lateral,S/D,Colisión,Ninguna,Horizontal,Ninguna,Sin restricción
2018,2462,2018-03-27,Martes,0,18:00:00,Ruta Provincial 4,72.0,1,Automóvil, ,2,0,1,0,1,0,0,"-30.838208891638, -60.983190859206",Ruta,4,LA PELADA,Las Colonias,Asfalto,Ripio,XI,Fuera,Rural,Ninguna,No existe,Curva,Bueno,Buena,Atardecer,Buen Tiempo,S/D,S/D,"Vuelco,Despiste",Ninguna,Horizontal,Línea divisoria pintada,Sin restricción
2018,2463,2018-03-23,Viernes,0,20:00:00,Ruta Provincial 6,0.0,2,"Automóvil,Moto/Ciclomotor",San Martin Y Guemes,2,1,0,0,1,0,0,"-31.754073099687, -61.099677832265",Ruta,6,SAN CARLOS SUR,Las Colonias,Asfalto,Pavimento,XI,Dentro,Urbana,Ninguna,No existe,Intersección,Bueno,Buena,"Nocturna,Con luz artificial",Buen Tiempo,Lateral,S/D,Colisión,Ninguna,Horizontal,Cordón divisorio,Sin restricción
2018,2464,2018-04-28,Sabado,0,12:15:00,,0.0,2,"Moto/Ciclomotor,Automóvil",Pio Domingo Chiodi Y Jose Cuffia,2,1,0,0,1,0,0,"-32.776113822045, -61.60108936165",Calle,,ARMSTRONG,Belgrano,Asfalto,No existe,III,Dentro,Urbana,Ninguna,No existe,Intersección,Bueno,Buena,Diurna,Buen Tiempo,Lateral,S/D,Colisión,Ninguna,Horizontal,Ninguna,Sin restricción
2018,2465,2018-03-09,Viernes,0,19:00:00,Ruta Provincial 4,34.0,1,Automóvil, ,4,4,0,0,0,0,0,"-31.142919303104, -60.918592668140",Ruta,4,SANTO DOMINGO,Las Colonias,Asfalto,Natural,XI,Fuera,Rural,Ninguna,No existe,Recta,Bueno,Buena,Atardecer,Buen Tiempo,S/D,S/D,"Vuelco,Despiste",Ninguna,Faltante,Línea divisoria pintada,Sin restricción
2018,2466,2018-03-27,Martes,0,11:50:00,,0.0,2,"Moto/Ciclomotor,Pickup/Utilitario",Calle 25 - Pietropaolo Y Calle 42 - Misiones,3,1,1,0,1,0,0,"-29.148444444444,-59.660583333333",Calle,,RECONQUISTA,General Obligado,Asfalto,No existe,IX,Dentro,Urbana,S/D,S/D,Intersección,Bueno,Buena,Diurna,S/D,S/D,S/D,Colisión,Ninguna,S/D,S/D,S/D
2018,2467,2018-03-03,Sabado,0,00:15:00,Ruta Provincial 4,0.0,2,"Camión c / Acoplado,Automóvil", ,2,0,2,0,0,0,0,"-31.146996260807, -60.919536805713",Ruta,4,SANTO DOMINGO,Las Colonias,Asfalto,Pavimento,XI,Dentro,Rural,Ninguna,No existe,Intersección,Bueno,Buena,Nocturna,Buen Tiempo,Lateral,S/D,Colisión,Ninguna,"Horizontal,Vertical",Línea divisoria pintada,Sin restricción
2018,2468,2018-03-13,Martes,0,13:50:00,,0.0,3,"Moto/Ciclomotor,Bicicleta,Automóvil",Calle 32 - Amenabar Y Calle 17-Bartolome Mitre,5,4,0,0,1,0,0,"-29.144361111111,-59.654861111111",Calle,,RECONQUISTA,General Obligado,Asfalto,No existe,IX,Dentro,Urbana,Ninguna,No existe,Intersección,Bueno,Buena,Diurna,Buen Tiempo,De alcance,S/D,Colisión,Ninguna,Faltante,Ninguna,S/D
2018,2469,2018-03-02,Viernes,0,12:30:00,,0.0,2,"Automóvil,Moto/Ciclomotor",9 De Julio Y Juan De Garay,2,0,1,0,1,0,0,"-31.123577960556, -60.885598375797",Calle,,SANTO DOMINGO,Las Colonias,Ripio,S/D,XI,Dentro,Urbana,Ninguna,No existe,Intersección,Bueno,Buena,Diurna,Buen Tiempo,Lateral,S/D,Colisión,Ninguna,Faltante,S/D,Sin restricción
2018,2470,2018-04-13,Viernes,0,19:30:00,Ruta Provincial 21,0.0,2,"Moto/Ciclomotor,Automóvil",Chubut Y San Martin,2,0,0,0,0,0,2,"-33.238673, -60.318687",Ruta,21,VILLA CONSTITUCIÓN,Constitución,Asfalto,Natural,VI,Dentro,Urbana,Ninguna,No existe,Intersección,Bueno,Buena,Diurna,S/D,Frontal,S/D,Colisión,S/D,Horizontal,Línea divisoria pintada,S/D
2018,2471,2018-03-10,Sabado,0,10:15:00,,0.0,2,"Automóvil,Moto/Ciclomotor",Roca Pte Y Calle 17-Bartolome Mitre,3,2,0,0,1,0,0,"-29.145555555556,-59.643805555556",Calle,,RECONQUISTA,General Obligado,Asfalto,No existe,IX,Dentro,Urbana,Ninguna,No existe,Intersección,Bueno,Buena,Diurna,Buen Tiempo,De alcance,S/D,Colisión,Ninguna,Faltante,Ninguna,Sin restricción
2018,2472,2018-04-04,Miercoles,0,06:45:00,Ruta Nacional Rosario -Cordoba,394.0,2,"Camión c / Acoplado,Automóvil", ,4,1,1,0,2,0,0,"-32.746645730043, -61.829531963254",Ruta,Rosario -Córdoba,TORTUGAS,Belgrano,Asfalto,Pavimento,III,Fuera,Rural,Marca Vial,No existe,Recta,Bueno,Buena,Nocturna,Buen Tiempo,De alcance,S/D,Colisión,Ninguna,Horizontal,Vegetación,Sin restricción
2018,2473,2018-04-16,Lunes,0,10:20:00,Ruta Provincial 21,0.0,2,"Moto/Ciclomotor,Taxi/Remis",Chubut Y San Martin,2,1,0,0,0,0,1,"-33.238673, -60.318687",Ruta,21,VILLA CONSTITUCIÓN,Constitución,Asfalto,Natural,VI,Dentro,Urbana,Ninguna,No existe,Intersección,Bueno,Buena,Diurna,Buen Tiempo,Frontal,S/D,Colisión,Ninguna,Horizontal,Línea divisoria pintada,Sin restricción
2018,2474,2018-03-30,Viernes,0,18:30:00,Ruta Provincial 10,195.0,1,Automóvil, ,3,3,0,0,0,0,0,"-31.291359252879, -61.222897505057",Ruta,10,NUEVO TORINO,Las Colonias,Asfalto,Natural,XI,Fuera,Rural,Marca Vial,S/D,Recta,Bueno,Buena,Diurna,Buen Tiempo,S/D,S/D,Despiste,Ninguna,Vertical,Línea divisoria pintada,S/D
2018,2475,2018-04-12,Jueves,0,17:55:00,,0.0,2,"Automóvil,Moto/Ciclomotor",Hernandarias Y Sarmiento,2,1,0,0,1,0,0,"-33.437983, -60.787868",Avenida,,SANTA TERESA,Constitución,Asfalto,No existe,VI,Dentro,Urbana,Ninguna,No existe,Recta,Bueno,Buena,Diurna,Buen Tiempo,Lateral,S/D,Colisión,Ninguna,Faltante,Cordón divisorio,Sin restricción
2018,2476,2018-03-19,Lunes,0,20:45:00,Ruta Nacional 11,0.0,2,"Moto/Ciclomotor,Otros",Calle 11-Alvear ,2,1,0,0,1,0,0,"-29.140975625973, -59.655676927285",Ruta,11,RECONQUISTA,General Obligado,Asfalto,No existe,IX,Dentro,Urbana,Ninguna,No existe,Intersección,Bueno,Buena,Nocturna,Buen Tiempo,De alcance,S/D,Colisión,Ninguna,Faltante,Ninguna,Sin restricción
2018,2477,2018-03-06,Martes,0,23:10:00,Ruta Provincial 6,0.0,2,"Moto/Ciclomotor,Automóvil",Uruguay Y Rodriguez Pe?a,2,1,0,0,1,0,0,"-31.452431873869, -60.911633522651",Ruta,6,ESPERANZA,Las Colonias,Asfalto,Ripio,XI,Dentro,Urbana,Ninguna,No existe,Intersección,Bueno,Reducida,Nocturna,Buen Tiempo,Lateral,S/D,Colisión,Ninguna,Faltante,Línea divisoria pintada,Sin restricción
2018,2478,2018-04-19,Jueves,0,11:20:00,,0.0,2,"Peatón,Pickup/Utilitario", ,2,1,0,0,0,0,1,"-31.598293,-60.696512",S/D,,SANTA FE,La Capital,Asfalto,No existe,I,Dentro,Urbana,Ninguna,No existe,Recta,Bueno,Buena,Nocturna,Buen Tiempo,S/D,Peatón,Atropello,Ninguna,Horizontal,Línea divisoria pintada,Sin restricción
2018,2479,2018-03-01,Jueves,0,19:30:00,,0.0,2,"Moto/Ciclomotor,Automóvil",Calle 15-Patricio Diez Y Calle 16-Obligado,2,1,0,0,1,0,0,"-29.144344480495, -59.644905175881",Calle,,RECONQUISTA,General Obligado,Asfalto,No existe,IX,Dentro,Urbana,Ninguna,No existe,Intersección,Bueno,Buena,Atardecer,Buen Tiempo,De alcance,S/D,Colisión,Agua,Faltante,Ninguna,Sin restricción
2018,2480,2018-03-21,Miercoles,0,23:40:00,,0.0,2,"Automóvil,Moto/Ciclomotor",FRAY LUIS BELTRÁN Y General Juan Lavalle,2,1,0,0,1,0,0,"-33.037916666667,-61.159055555556",Calle,,CASILDA,Caseros,Asfalto,No existe,IV,Dentro,Urbana,Ninguna,No existe,Intersección,Bueno,Buena,"Nocturna,Con luz artificial",Buen Tiempo,Lateral,S/D,Colisión,Ninguna,Faltante,Cordón divisorio,Sin restricción
2018,2481,2018-04-26,Jueves,0,06:45:00,Autopista Nacional Rosario -Cordoba,397.0,1,Camión c / Semirremolque, ,1,1,0,0,0,0,0,"-32.79678,-61.67477",Autopista,Rosario -Córdoba,TORTUGAS,Belgrano,Asfalto,Pavimento,III,Fuera,Rural,Marca Vial,No existe,Recta,Bueno,Buena,Amanecer,Buen Tiempo,Otro,S/D,Vuelco,Ninguna,Horizontal,Vegetación,Sin restricción
2018,2482,2018-04-30,Lunes,0,20:30:00,,0.0,2,"Automóvil,Bicicleta",9 de Julio Y L N Alem,2,1,0,0,1,0,0,"-30.789666666667,-60.586361111111",Calle,,SAN JUSTO,San Justo,Hormigón,No existe,XVI,Dentro,Urbana,S/D,Intermitente,Intersección,Resbaladiza,Reducida,"Nocturna,Con luz artificial",Otro,S/D,Ciclista,Atropello,Agua,Vertical,Ninguna,Sin restricción
2018,2483,2018-03-12,Lunes,0,,Ruta Secundaria 23-s,0.0,2,"Pickup/Utilitario,Moto/Ciclomotor",9 de Julio Y Libertad,2,1,0,0,1,0,0,"-32.961081772564, -61.548899300800",Ruta,23-s,VILLA ELOÍSA,Iriondo,Hormigón,No existe,X,Dentro,Urbana,Ninguna,No existe,Intersección,Bueno,Buena,Diurna,Buen Tiempo,Lateral,S/D,Colisión,S/D,Vertical,Ninguna,Sin restricción
2018,2484,2018-03-27,Martes,0,09:25:00,,0.0,1,Moto/Ciclomotor,Bv San Martin ,1,1,0,0,0,0,0,"-32.847416666667,-61.250611111111",Calle,,CORREA,Iriondo,Hormigón,No existe,X,S/D,Urbana,Ninguna,No existe,Recta,Con baches,Buena,Diurna,Buen Tiempo,S/D,S/D,Caída ocupante,S/D,Faltante,Barrera de hormigón,Sin restricción
2018,2485,2018-03-05,Lunes,0,20:45:00,,0.0,2,"Pickup/Utilitario,Bicicleta",Santa Fe ,2,1,0,0,1,0,0,"-32.849722222222,-61.252527777778",Calle,,CORREA,Iriondo,Asfalto,No existe,X,Dentro,Urbana,Ninguna,No existe,Intersección,Bueno,Buena,"Nocturna,Con luz artificial",Buen Tiempo,S/D,Ciclista,Atropello,Ninguna,S/D,Ninguna,Sin restricción
2018,2486,2018-03-25,Domingo,0,07:55:00,Autopista Provincial Brigadier E.López,48.0,1,Pickup/Utilitario, ,4,4,0,0,0,0,0,"-32.48890,-60.90383",Autopista,Brigadier E.López,OLIVEROS,Iriondo,Asfalto,Natural,X,Dentro,Rural,Ninguna,No existe,Recta,Bueno,Buena,Diurna,Buen Tiempo,S/D,S/D,Vuelco,Ninguna,Faltante,Línea divisoria pintada,Sin restricción
2018,2487,2018-03-26,Lunes,0,22:40:00,Ruta Nacional 11,0.0,2,"Automóvil,Moto/Ciclomotor",1 de Mayo ,3,0,1,0,2,0,0,"-32.557599480717, -60.857790073785",Ruta,11,OLIVEROS,Iriondo,Asfalto,Natural,X,Dentro,Urbana,Ninguna,No existe,Recta,Bueno,Buena,Nocturna,Buen Tiempo,Frontal,S/D,Colisión,Ninguna,S/D,Línea divisoria pintada,Sin restricción
2018,2488,2018-05-02,Miercoles,0,11:00:00,,0.0,2,"Transporte de Pasajeros Urbano (> 8 asientos),Peatón",Santa Fe Y Sarmiento,2,1,0,0,1,0,0,"-32.945111111111,-60.637888888889",Calle,,ROSARIO,Rosario,S/D,S/D,II,S/D,Urbana,S/D,Funciona,Intersección,S/D,Buena,Diurna,Lluvia,S/D,Peatón,Atropello,Agua,S/D,S/D,S/D
2018,2489,2018-05-22,Martes,0,07:50:00,,0.0,1,Transporte de Pasajeros Urbano (> 8 asientos),Colon Y Av. Pellegrini,3,1,0,0,2,0,0,"-32.959444444444,-60.62825",Calle,,ROSARIO,Rosario,Asfalto,S/D,II,Dentro,Urbana,S/D,S/D,Recta,Bueno,Buena,Diurna,S/D,Otro,S/D,Caída ocupante,S/D,S/D,S/D,S/D
2018,2490,2018-05-01,Martes,0,19:30:00,,0.0,3,"Automóvil,Automóvil,Automóvil",Av. Belgrano Y Av. Pellegrini,4,2,0,0,2,0,0,"-32.960944444444,-60.621194444444",Avenida,,ROSARIO,Rosario,Asfalto,S/D,II,Dentro,Urbana,S/D,S/D,Intersección,Bueno,Buena,Diurna,S/D,Múltiple,S/D,Colisión,S/D,S/D,S/D,S/D
2018,2491,2018-05-09,Miercoles,0,09:50:00,,0.0,1,Transporte de Pasajeros Urbano (> 8 asientos),Santa Fe Y Balcarce,2,1,0,0,1,0,0,"-32.942611111111,-60.651583333333",Calle,,ROSARIO,Rosario,Asfalto,S/D,II,S/D,Urbana,Semáforo,Funciona,Intersección,Bueno,Buena,Diurna,Buen Tiempo,S/D,S/D,Caída ocupante,Ninguna,Vertical,Ninguna,Sin restricción