anio_acci,nro_acci,fecha,desc_dia,fecha_aprox,hora_aprox,desc_ruta,km,cant_participantes,desc_participante,calle_avenida_km,total,heridos_leves,heridos_graves,heridos_gravisimos,ilesos,fallecidos,sin_datos,posicion_XY,desc_tipo_via,desc_ruta_ori,desc_loc,desc_dpto,desc_tipo_calzada,desc_tipo_banquina,desc_unidad_regional,desc_lugar_calzada,desc_zona,desc_prioridad,desc_estado_semaforo,desc_lugar_via,desc_estado_via,desc_estado_visibilidad,desc_luminosidad,desc_estado_clima,desc_tipo_colision,desc_tipo_atropello,desc_tipo_hecho,desc_pres_calzada,desc_senializacion,desc_separacion_via,desc_restriccion
2018,2622,2018-03-03,Sabado,0,07:55:00,,0.0,1,Moto/Ciclomotor,Mariano Moreno Y Dante Alighieri,1,0,1,0,0,0,0,"-33.048972222222,-61.169805555556",Calle,,CASILDA,Caseros,Asfalto,No existe,IV,Dentro,Urbana,Ninguna,No existe,Intersección,Bueno,Buena,Diurna,Buen Tiempo,S/D,S/D,Caída ocupante,Ninguna,Faltante,"Cordón divisorio,Ninguna",Sin restricción
2018,2623,2018-03-07,Miercoles,0,14:40:00,,0.0,2,"Bicicleta,Pickup/Utilitario",Casado Y Tucuman,2,1,0,0,1,0,0,"-33.046666666667,-61.161111111111",Calle,,CASILDA,Caseros,Asfalto,No existe,IV,Dentro,Urbana,Ninguna,No existe,Intersección,Bueno,Buena,Diurna,Buen Tiempo,S/D,Ciclista,Atropello,Ninguna,Faltante,"Cordón divisorio,Ninguna",Sin restricción
2018,2624,2018-03-12,Lunes,0,17:00:00,,0.0,2,"Moto/Ciclomotor,Automóvil",General Bartolome Mitre Y Hipolito Yrigoyen,3,0,2,0,1,0,0,"-33.045111111111,-61.169861111111",Calle,,CASILDA,Caseros,Asfalto,No existe,IV,Dentro,Urbana,Ninguna,No existe,Intersección,Bueno,Buena,Diurna,Buen Tiempo,Lateral,S/D,Colisión,Ninguna,Faltante,Ninguna,Sin restricción
2018,2625,2018-03-25,Domingo,0,17:00:00,,0.0,1,Bicicleta,Avenida 13 Y Calle 28,1,1,0,0,0,0,0,"-32.681183195599, -61.51175466141",S/D,,LAS PAREJAS,Belgrano,Asfalto,No existe,III,Dentro,Urbana,Ninguna,No existe,Intersección,Bueno,Buena,Diurna,Buen Tiempo,S/D,S/D,Caída ocupante,Ninguna,"Horizontal,Vertical",Ninguna,Sin restricción
2018,2626,2018-03-13,Martes,0,,,0.0,2,"Automóvil,Moto/Ciclomotor",Boulevard Lisandro de la Torre Y Boulevard Ovidio Lagos,2,1,0,0,1,0,0,"-33.044583333333,-61.164166666667",Avenida,,CASILDA,Caseros,Asfalto,No existe,IV,Dentro,Urbana,Ninguna,No existe,Intersección,Bueno,Buena,Diurna,Buen Tiempo,Frontal,S/D,Colisión,Ninguna,Horizontal,Cordón divisorio,Sin restricción
2018,2627,2018-03-02,Viernes,0,15:45:00,,0.0,2,"Bicicleta,Pickup/Utilitario",Hipolito Yrigoyen Y Vicente Lopez,2,1,0,0,1,0,0,"-33.047388888889,-61.174",Calle,,CASILDA,Caseros,Asfalto,No existe,IV,Dentro,Urbana,Ninguna,No existe,Intersección,Bueno,Buena,Diurna,Buen Tiempo,S/D,Ciclista,Atropello,Ninguna,Faltante,Ninguna,Sin restricción
2018,2628,2018-03-20,Martes,0,16:35:00,Autopista Provincial Brigadier E.López,32.0,2,"Camión,Camión", ,2,0,1,0,1,0,0,"-32.634399915300, -60.828760254662",Autopista,Brigadier E.López,OLIVEROS,Iriondo,Asfalto,Natural,X,Dentro,Rural,Ninguna,No existe,Recta,Bueno,Buena,Diurna,Buen Tiempo,Frontal,S/D,Colisión,Ninguna,Faltante,Línea divisoria pintada,Sin restricción
2018,2629,2018-03-01,Jueves,0,21:30:00,,0.0,2,"Automóvil,Peatón", Remedios de Escalada de San M Y General Jose de San Martin,2,1,0,0,1,0,0,"-33.043944444444,-61.172222222222",Calle,,CASILDA,Caseros,Asfalto,No existe,IV,Dentro,Urbana,Ninguna,No existe,Intersección,Bueno,Reducida p/ objetos,Nocturna,Buen Tiempo,S/D,Peatón,Atropello,Ninguna,Faltante,Ninguna,Sin restricción
2018,2630,2018-03-03,Sabado,0,11:40:00,Ruta Provincial 2,0.0,1,Moto/Ciclomotor, ,1,1,0,0,0,0,0,"-29.238892,-61.780562",Ruta,2,TOSTADO,9 de Julio,Hormigón,Natural,XII,S/D,Urbana,Ninguna,No existe,Recta,Bueno,Buena,Diurna,Buen Tiempo,Otro,S/D,Caída ocupante,Ninguna,Faltante,Ninguna,Sin restricción
2018,2631,2018-03-01,Jueves,0,23:40:00,,0.0,2,"Moto/Ciclomotor,Moto/Ciclomotor",Boulevard Argentino Y FRAY LUIS BELTRÁN,2,2,0,0,0,0,0,"-33.05225,-61.185027777778",Avenida,,CASILDA,Caseros,"Asfalto,Ripio",No existe,IV,Dentro,Urbana,Ninguna,No existe,Intersección,Bueno,Buena,"Nocturna,Con luz artificial",Buen Tiempo,S/D,S/D,Colisión,Ninguna,Faltante,Ninguna,Sin restricción
2018,2632,2018-03-22,Jueves,0,18:30:00,,0.0,2,"Moto/Ciclomotor,Peatón",Entre Rios Y Chubut,2,1,0,0,1,0,0,"-29.22465, -61.76209",Calle,,TOSTADO,9 de Julio,Ripio,No existe,XII,Dentro,Urbana,Ninguna,No existe,Intersección,Bueno,Buena,Diurna,Buen Tiempo,S/D,Peatón,Atropello,Ninguna,Faltante,Ninguna,Sin restricción
2018,2633,2018-04-02,Lunes,0,21:30:00,Ruta Nacional 11,34.0,3,"Pickup/Utilitario,Otros,Automóvil", ,5,3,0,0,2,0,0,"-32.59993,-60.84429",Ruta,11,OLIVEROS,Iriondo,Asfalto,Natural,X,Dentro,Rural,Ninguna,No existe,Recta,Bueno,Buena,Nocturna,Buen Tiempo,De alcance,S/D,Colisión,Ninguna,"Horizontal,Vertical",Línea divisoria pintada,Sin restricción
2018,2634,2018-03-02,Viernes,0,12:30:00,,0.0,2,"Bicicleta,Automóvil",Cervantes Y Castellanos,4,2,0,0,2,0,0,"-33.112953206179, -61.698377799848",Calle,,SAN JOSÉDE LA ESQUINA,Caseros,Asfalto,No existe,IV,Dentro,Urbana,Ninguna,No existe,Intersección,Bueno,Buena,Diurna,Buen Tiempo,S/D,Ciclista,Atropello,Ninguna,Faltante,Ninguna,Sin restricción
2018,2635,2018-03-24,Sabado,0,11:40:00,,0.0,2,"Automóvil,Moto/Ciclomotor",Neuquen Y Entre Rios,2,1,0,0,1,0,0,"-29.22463, -61.76464",Calle,,TOSTADO,9 de Julio,Ripio,No existe,XII,Dentro,Urbana,Ninguna,No existe,Intersección,Bueno,Buena,Diurna,Buen Tiempo,Lateral,S/D,Colisión,Ninguna,Faltante,Ninguna,Sin restricción
2018,2636,2018-04-14,Sabado,0,21:00:00,,0.0,2,"Moto/Ciclomotor,Automóvil",Gral Roca Y Entre Rios,2,1,0,0,1,0,0,"-32.569427089286, -60.851096065183",Calle,,OLIVEROS,Iriondo,Asfalto,No existe,X,Dentro,Urbana,Ninguna,No existe,Intersección,Bueno,Buena,Nocturna,Buen Tiempo,Lateral,S/D,Colisión,Ninguna,Faltante,Ninguna,Sin restricción
2018,2637,2018-03-31,Sabado,0,16:35:00,,0.0,2,"Moto/Ciclomotor,Moto/Ciclomotor",Formosa Y La Pampa,2,2,0,0,0,0,0,"-29.22354, -61.76595",Calle,,TOSTADO,9 de Julio,Ripio,No existe,XII,Dentro,Urbana,Ninguna,No existe,Intersección,Bueno,Buena,Diurna,Buen Tiempo,Lateral,S/D,Colisión,Ninguna,Faltante,Ninguna,Sin restricción
2018,2638,2018-04-02,Lunes,0,23:00:00,Autopista Provincial Brigadier E.López,42.0,1,Automóvil, ,5,0,1,0,4,0,0,"-32.546540,-60.884621",Autopista,Brigadier E.López,OLIVEROS,Iriondo,Asfalto,Pavimento,X,Dentro,Rural,Ninguna,No existe,S/D,S/D,Buena,Nocturna,Buen Tiempo,S/D,S/D,Vuelco,S/D,"Horizontal,Vertical",Vegetación,Sin restricción
2018,2639,2018-03-20,Martes,0,22:45:00,Ruta Secundaria 292-s,0.0,2,"Pickup/Utilitario,Moto/Ciclomotor", ,2,1,0,0,1,0,0,"-28.608139, -61.697825",Ruta,292-s,VILLA MINETTI,9 de Julio,Tierra,Natural,XII,Dentro,Rural,Ninguna,No existe,Recta,Con baches,Reducida polvo,Nocturna,Buen Tiempo,Lateral,S/D,Colisión,Material Suelto,Faltante,Ninguna,Sin restricción
2018,2640,2018-03-10,Sabado,0,11:50:00,,0.0,2,"Moto/Ciclomotor,Moto/Ciclomotor",Av Eduardo Minetti Y Cordoba,3,3,0,0,0,0,0,"-28.621310, -61.632116",Avenida,,VILLA MINETTI,9 de Julio,Ripio,No existe,XII,Dentro,Urbana,Ninguna,No existe,Recta,"Con baches,Deteriorada",Buena,Diurna,Buen Tiempo,De alcance,S/D,Colisión,Ninguna,Faltante,Ninguna,Sin restricción
2018,2641,2018-03-22,Jueves,0,11:35:00,,0.0,2,"Automóvil,Moto/Ciclomotor",Av Eduardo Minetti Y Domingo Faustino Sarmiento,3,2,0,0,1,0,0,"-28.622509, -61.626125",Avenida,,VILLA MINETTI,9 de Julio,Hormigón,No existe,XII,Dentro,Urbana,Ninguna,No existe,Intersección,Bueno,Buena,Diurna,Buen Tiempo,Lateral,S/D,Colisión,Ninguna,Faltante,Ninguna,Sin restricción
2018,2642,2018-04-08,Domingo,0,22:30:00,Ruta Nacional 34,72.0,1,Camión c / Acoplado, ,1,1,0,0,0,0,0,"-32.46986,-61.29030",Ruta,34,CLASON,Iriondo,Asfalto,Natural,X,Dentro,Rural,Ninguna,No existe,Recta,Bueno,Buena,Nocturna,Buen Tiempo,S/D,S/D,Vuelco,Ninguna,Horizontal,Línea divisoria pintada,Sin restricción
2018,2643,2018-03-28,Miercoles,0,13:30:00,,0.0,1,Moto/Ciclomotor,Urquiza Y Brown,3,1,0,0,2,0,0,"-32.747638888889,-60.741611111111",Calle,,SAN LORENZO,San Lorenzo,Hormigón,No existe,XVII,Dentro,Urbana,Ninguna,No existe,Intersección,Otro,S/D,Diurna,Otro,Atropello animal,S/D,Atropello,Ninguna,Faltante,Cordón divisorio,S/D
2018,2644,2018-03-26,Lunes,0,20:00:00,,0.0,1,Moto/Ciclomotor,Av San Martin Y Rosario,2,1,0,0,1,0,0,"-32.757611111111,-60.733972222222",Avenida,,SAN LORENZO,San Lorenzo,Asfalto,No existe,XVII,Dentro,Urbana,Semáforo,Funciona,Intersección,Otro,Buena,Nocturna,S/D,Atropello animal,S/D,Atropello,Ninguna,Vertical,Cordón divisorio,S/D
2018,2645,2018-03-27,Martes,0,00:30:00,Ruta Provincial 91,0.0,2,"Camión,Camión",Ruta Nac 34 ,5,1,0,0,4,0,0,"-32.577337995491, -61.199402980242",Ruta,91,TOTORAS,Iriondo,Asfalto,Natural,X,Dentro,Rural,Ninguna,No existe,Cruce,Bueno,Reducida,"Nocturna,Con luz artificial",Buen Tiempo,S/D,S/D,Colisión,S/D,Vertical,Línea divisoria pintada,Sin restricción
2018,2646,2018-04-01,Domingo,0,11:00:00,,0.0,2,"Automóvil,Moto/Ciclomotor",Carlos Pellegrini Y Laprida,2,1,0,0,1,0,0,"-32.586638888889,-61.163888888889",Calle,,TOTORAS,Iriondo,Hormigón,No existe,X,Dentro,Urbana,Otra Señal,No existe,Intersección,Bueno,Buena,Diurna,Buen Tiempo,Lateral,S/D,Colisión,S/D,Vertical,Ninguna,Sin restricción
2018,2647,2018-04-03,Martes,0,,,0.0,1,Moto/Ciclomotor,Ushuaia Y Quintana,3,2,0,0,1,0,0,"-32.801555555556,-61.396",Calle,,CAÑADA DE GÓMEZ,Iriondo,Ripio,No existe,X,Dentro,Urbana,Ninguna,No existe,Intersección,Bueno,Buena,Diurna,Buen Tiempo,S/D,S/D,Caída ocupante,S/D,Faltante,Ninguna,Sin restricción
2018,2648,2018-04-14,Sabado,0,19:20:00,,0.0,2,"Moto/Ciclomotor,Automóvil",Quintana 100,3,0,1,0,2,0,0,"-32.819305555556,-61.400861111111",Calle,,CAÑADA DE GÓMEZ,Iriondo,Asfalto,No existe,X,Dentro,Urbana,Ninguna,No existe,Recta,Bueno,Buena,Nocturna,Buen Tiempo,S/D,S/D,Colisión,S/D,S/D,Ninguna,Sin restricción
2018,2649,2018-04-14,Sabado,0,22:15:00,,0.0,1,Moto/Ciclomotor,Lavalle 600,1,1,0,0,0,0,0,"-32.821055555556,-61.390666666667",Calle,,CAÑADA DE GÓMEZ,Iriondo,Asfalto,No existe,X,Dentro,Urbana,Ninguna,No existe,Recta,Bueno,Buena,Nocturna,Buen Tiempo,Contra objeto fijo,S/D,Colisión,S/D,S/D,Ninguna,Sin restricción
2018,2650,2018-04-10,Martes,0,11:35:00,,0.0,1,Moto/Ciclomotor,Independencia Y Ocampo,1,0,1,0,0,0,0,"-32.816916666667,-61.407388888889",Calle,,CAÑADA DE GÓMEZ,Iriondo,Asfalto,No existe,X,Dentro,Urbana,Ninguna,No existe,Intersección,S/D,Reducida,Nocturna,Buen Tiempo,Contra objeto fijo,S/D,Colisión,S/D,Faltante,Ninguna,Sin restricción
2018,2651,2018-05-11,Viernes,0,21:35:00,,0.0,2,"Moto/Ciclomotor,Pickup/Utilitario",Mendoza 7500,3,1,0,0,2,0,0,"-32.940472222222,-60.723305555556",Calle,,ROSARIO,Rosario,Asfalto,Pavimento,II,Dentro,Urbana,S/D,S/D,Recta,Bueno,S/D,"Nocturna,Con luz artificial",S/D,Otro,S/D,Colisión,S/D,S/D,Cordón divisorio,Sin restricción
2018,2653,2018-05-03,Jueves,0,15:00:00,,0.0,2,"Bicicleta,Automóvil",Palliere Y Juan Pablo II,2,1,0,0,1,0,0,"-32.88816, -60.71439",Calle,,ROSARIO,Rosario,Asfalto,No existe,II,S/D,Urbana,Semáforo,Funciona,Intersección,Bueno,Buena,Diurna,Buen Tiempo,De alcance,S/D,Colisión,Ninguna,Faltante,Ninguna,Sin restricción
2018,2654,2018-05-12,Sabado,0,18:10:00,,0.0,2,"Moto/Ciclomotor,Pickup/Utilitario",Gral. Manuel Belgrano Y Buenos Aires,3,1,2,0,0,0,0,"-33.45653, -61.48679",Calle,,FIRMAT,General López,Asfalto,S/D,VIII,S/D,Urbana,Ninguna,No existe,Intersección,Bueno,Buena,Atardecer,Buen Tiempo,Lateral,S/D,Colisión,Ninguna,S/D,Ninguna,Sin restricción
2018,2655,2018-05-14,Lunes,0,07:00:00,Autopista Nacional Gral. Juan Jose Valle,0.0,2,"Automóvil,Camión c / Semirremolque",Av Cordoba - Colectora ,3,2,0,0,1,0,0,"-32.91329, -60.86469",Autopista,Gral. Juan José Valle,FUNES,Rosario,Asfalto,Natural,II,S/D,Urbana,Ninguna,No existe,Recta,Bueno,Buena,Diurna,Buen Tiempo,De alcance,S/D,Colisión,Ninguna,Horizontal,Ninguna,Sin restricción
2018,2657,2018-06-11,Lunes,0,11:05:00,,0.0,2,"Bicicleta,Automóvil",Bv. Oro?o 520,2,1,0,0,1,0,0,"-32.9405,-60.652361111111",S/D,,ROSARIO,Rosario,S/D,S/D,II,S/D,S/D,S/D,S/D,Recta,S/D,S/D,Diurna,S/D,S/D,Ciclista,Atropello,S/D,S/D,S/D,S/D
2018,2658,2018-05-12,Sabado,0,17:30:00,,0.0,2,"Taxi/Remis,Moto/Ciclomotor",Mendoza Y Donado,3,2,0,0,1,0,0,"-32.940694444444,-60.726972222222",Calle,,ROSARIO,Rosario,Asfalto,Pavimento,II,Dentro,Urbana,Semáforo,Funciona,Recta,Bueno,Buena,Diurna,S/D,De alcance,S/D,Colisión,S/D,Vertical,Ninguna,Sin restricción
2018,2659,2018-06-30,Sabado,0,14:10:00,,0.0,2,"Moto/Ciclomotor,Automóvil",2 de Abril Y Gral Las Heras,2,1,0,0,1,0,0,"-32.812166666667,-60.719472222222",Calle,,CAPITÁN BERMÚDEZ,San Lorenzo,Ripio,No existe,XVII,S/D,Urbana,S/D,No existe,Intersección,Con baches,Buena,S/D,S/D,Frontal,S/D,Colisión,S/D,Faltante,Ninguna,S/D
2018,2660,2018-05-15,Martes,0,18:00:00,,0.0,2,"Moto/Ciclomotor,Automóvil",Sanchez de Loria Y Santa Fe,2,1,0,0,1,0,0,"-32.936222222222,-60.731888888889",Calle,,ROSARIO,Rosario,Asfalto,No existe,II,Dentro,Urbana,Ninguna,No existe,Recta,S/D,S/D,Diurna,S/D,Otro,S/D,Colisión,Ninguna,S/D,Ninguna,Sin restricción
2018,2661,2018-06-10,Domingo,0,17:30:00,,0.0,2,"Automóvil,Automóvil",9 De Julio Y Alvear,4,2,0,0,2,0,0,"-32.950861111111,-60.656527777778",Calle,,ROSARIO,Rosario,S/D,S/D,II,S/D,Urbana,S/D,S/D,Intersección,S/D,S/D,S/D,S/D,S/D,S/D,Colisión,Agua,S/D,S/D,S/D
2018,2662,2018-05-08,Martes,0,23:35:00,,0.0,2,"Automóvil,Bicicleta",Junin Y Tte.Agneta,3,1,0,0,2,0,0,"-32.927222222222,-60.700333333333",Calle,,ROSARIO,Rosario,Asfalto,Pavimento,II,Dentro,Urbana,S/D,S/D,Intersección,Bueno,S/D,S/D,Buen Tiempo,Lateral,Ciclista,Atropello,S/D,Horizontal,Barrera de hormigón,S/D
2018,2663,2018-06-27,Miercoles,0,,,0.0,2,"Automóvil,Bicicleta",Santiago Y Santa fe,3,2,0,0,1,0,0,"-32.823166666667,-60.715833333333",Calle,,CAPITÁN BERMÚDEZ,San Lorenzo,Ripio,S/D,XVII,S/D,Urbana,S/D,No existe,Intersección,Bueno,S/D,S/D,Buen Tiempo,De alcance,S/D,S/D,S/D,S/D,S/D,S/D
2018,2664,2018-05-12,Sabado,0,13:20:00,,0.0,2,"Moto/Ciclomotor,Automóvil",Camilo Aldao Bis 640,2,1,0,0,1,0,0,"-32.920666666667,-60.696722222222",Calle,,ROSARIO,Rosario,Asfalto,S/D,II,S/D,Urbana,S/D,S/D,Intersección,S/D,S/D,Diurna,Buen Tiempo,S/D,S/D,Colisión,S/D,S/D,S/D,S/D
2018,2665,2018-05-29,Martes,0,20:27:00,,0.0,2,"Automóvil,Moto/Ciclomotor",Cordoba Y Salta,3,1,0,0,2,0,0,"-33.461945, -61.488502",Calle,,FIRMAT,General López,Asfalto,No existe,VIII,S/D,Urbana,Ninguna,No existe,Intersección,Bueno,Buena,Nocturna,Buen Tiempo,Lateral,S/D,Colisión,Ninguna,S/D,Ninguna,Sin restricción
2018,2666,2018-06-08,Viernes,0,15:30:00,,0.0,2,"Moto/Ciclomotor,Taxi/Remis",3 De Febrero Y L.N.Alem,2,1,0,0,1,0,0,"-32.954444444444,-60.629888888889",Calle,,ROSARIO,Rosario,S/D,S/D,II,S/D,Urbana,Señal Pare,S/D,Intersección,S/D,S/D,Diurna,S/D,S/D,S/D,Colisión,Ninguna,Vertical,S/D,S/D
2018,2667,2018-05-15,Martes,0,13:50:00,,0.0,2,"Moto/Ciclomotor,Vehículo Oficial",Junin Y P.L.Funes,4,1,0,0,3,0,0,"-32.92725,-60.701722222222",Calle,,ROSARIO,Rosario,Asfalto,S/D,II,S/D,Urbana,S/D,S/D,Intersección,Bueno,S/D,S/D,Buen Tiempo,Lateral,S/D,Colisión,S/D,Horizontal,Barrera de hormigón,S/D
2018,2668,2018-06-27,Miercoles,0,10:30:00,,0.0,2,"Moto/Ciclomotor,Automóvil",Martin Fierro Y Av San Lorenzo,2,1,0,0,1,0,0,"-32.802305555556,-60.720583333333",Avenida,,CAPITÁN BERMÚDEZ,San Lorenzo,Asfalto,No existe,XVII,Dentro,Urbana,S/D,No existe,Recta,S/D,Buena,Diurna,Buen Tiempo,Lateral,S/D,S/D,S/D,Faltante,S/D,S/D
2018,2669,2018-06-01,Viernes,0,22:00:00,,0.0,2,"Moto/Ciclomotor,Bicicleta",Av. Pellegrini Y Paraguay,2,2,0,0,0,0,0,"-32.956277777778,-60.646472222222",Avenida,,ROSARIO,Rosario,S/D,S/D,II,S/D,Urbana,S/D,S/D,Intersección,S/D,S/D,"Nocturna,Con luz artificial",S/D,S/D,Ciclista,Atropello,S/D,S/D,S/D,S/D
2018,2670,2018-05-27,Domingo,0,15:40:00,,0.0,2,"Moto/Ciclomotor,Taxi/Remis",Gorriti Y Tte.Agneta,2,1,0,0,1,0,0,"-32.923972222222,-60.700472222222",Calle,,ROSARIO,Rosario,Asfalto,S/D,II,S/D,Urbana,S/D,S/D,Intersección,S/D,S/D,S/D,S/D,Lateral,S/D,Colisión,S/D,S/D,S/D,S/D
2018,2672,2018-05-02,Miercoles,0,13:15:00,,0.0,2,"Automóvil,Automóvil",Las Heras Y Saavedra,3,1,0,0,2,0,0,"-32.5875,-61.165583333333",Calle,,TOTORAS,Iriondo,Asfalto,Natural,X,S/D,Urbana,Ninguna,No existe,Intersección,Bueno,Buena,Diurna,Granizo,Lateral,S/D,Colisión,Agua,Horizontal,Ninguna,Sin restricción
2018,2673,2018-06-13,Miercoles,0,16:10:00,,0.0,3,"Automóvil,Automóvil,Automóvil",Chacabuco Y M Moreno,4,1,0,0,0,0,3,"-32.809472222222,-60.722666666667",Calle,,CAPITÁN BERMÚDEZ,San Lorenzo,Asfalto,No existe,XVII,S/D,Urbana,S/D,No existe,Intersección,Bueno,Buena,Diurna,Buen Tiempo,S/D,S/D,Colisión,S/D,S/D,S/D,S/D
2018,2674,2018-06-07,Jueves,0,10:20:00,,0.0,2,"Automóvil,Moto/Ciclomotor",Av. Corrientes Y 3 De Febrero,3,1,0,0,2,0,0,"-32.952,-60.643944444444",Calle,,ROSARIO,Rosario,S/D,S/D,II,S/D,Urbana,Semáforo,Funciona,Intersección,Bueno,Buena,Diurna,S/D,S/D,S/D,Colisión,Ninguna,S/D,S/D,S/D
2018,2675,2018-05-10,Jueves,0,09:20:00,Autopista Nacional A008,0.0,2,"Automóvil,Moto/Ciclomotor",Junin Y Av. Circunvalacion,2,1,0,0,1,0,0,"-32.9275,-60.722833333333",Autopista,A008,ROSARIO,Rosario,Asfalto,S/D,II,Fuera,Urbana,Ninguna,S/D,Recta,Otro,Buena,Amanecer,Otro,De alcance,S/D,Colisión,Otro,S/D,Ninguna,Sin restricción
2018,2676,2018-06-08,Viernes,0,06:30:00,,0.0,2,"Automóvil,Automóvil",Av San Lorenzo Y Av de la Americas,3,1,0,1,1,0,0,"-32.805503182778, -60.719578902635",Calle,,CAPITÁN BERMÚDEZ,San Lorenzo,Asfalto,Ripio,XVII,S/D,Urbana,Ninguna,No existe,Intersección,S/D,Buena,Diurna,Buen Tiempo,S/D,S/D,Colisión,Ninguna,S/D,Ninguna,S/D
2018,2677,2018-05-26,Sabado,0,11:00:00,Autopista Nacional Rosario -Cordoba,301.0,1,Automóvil, ,2,2,0,0,0,0,0,"-32.92739, -60.73843",Autopista,Rosario -Córdoba,ROSARIO,Rosario,Asfalto,Natural,II,Fuera,Urbana,Ninguna,No existe,Curva,Bueno,S/D,Diurna,S/D,S/D,S/D,"Vuelco,Despiste",S/D,S/D,Vegetación,Sin restricción
2018,2678,2018-06-08,Viernes,0,10:20:00,,0.0,2,"Moto/Ciclomotor,Automóvil",Paraguay 950,2,1,0,0,1,0,0,"-32.947305555556,-60.644194444444",Calle,,ROSARIO,Rosario,S/D,S/D,II,S/D,Urbana,S/D,S/D,Recta,S/D,S/D,S/D,S/D,S/D,S/D,S/D,S/D,S/D,S/D,S/D
2018,2679,2018-05-02,Miercoles,0,18:00:00,,0.0,2,"Vehículo Oficial,Automóvil",Mitre Y E.Zeballos,2,1,0,0,1,0,0,"-32.95475,-60.641722222222",Calle,,ROSARIO,Rosario,S/D,S/D,II,S/D,Urbana,S/D,S/D,Intersección,S/D,S/D,Diurna,Lluvia,S/D,S/D,Colisión,Agua,S/D,S/D,S/D
2018,2680,2018-06-13,Miercoles,0,06:15:00,,0.0,2,"Moto/Ciclomotor,Automóvil",Av San Lorenzo Y Tucuman,2,1,0,0,1,0,0,"-32.821188741097, -60.714986960802",Calle,,CAPITÁN BERMÚDEZ,San Lorenzo,Asfalto,No existe,XVII,S/D,Urbana,S/D,No existe,Intersección,Bueno,Buena,Diurna,Buen Tiempo,S/D,S/D,Colisión,S/D,Faltante,Ninguna,Sin restricción
2018,2681,2018-05-24,Jueves,0,18:55:00,Ruta Provincial 66,58.6,2,"Moto/Ciclomotor,Automóvil", ,2,1,0,0,1,0,0,"-32.04014, -61.73728",Ruta,66,CARLOS PELLEGRINI,San Martín,Asfalto,Natural,VIII,S/D,Urbana,Ninguna,No existe,Recta,Bueno,Buena,Atardecer,Buen Tiempo,De alcance,S/D,Colisión,Ninguna,Faltante,Línea divisoria pintada,Sin restricción
2018,2682,2018-05-12,Sabado,0,07:20:00,,0.0,2,"Automóvil,Automóvil",Av Juan Domingo Peron Y Piazza,4,3,0,0,1,0,0,"-33.019777777778,-60.619527777778",Calle,,VILLA GOBERNADOR GÁLVEZ,Rosario,Asfalto,No existe,II,Dentro,Urbana,Ninguna,No existe,Intersección,Bueno,Reducida,"Amanecer,Con luz artificial",Buen Tiempo,Frontal,S/D,Colisión,Ninguna,Faltante,Ninguna,Sin restricción
2018,2683,2018-06-11,Lunes,0,20:40:00,,0.0,2,"Moto/Ciclomotor,Automóvil",Av San Lorenzo Y Rosario,2,1,0,0,0,0,1,"-32.823999696145, -60.714128653917",Calle,,CAPITÁN BERMÚDEZ,San Lorenzo,Asfalto,No existe,XVII,S/D,Urbana,Ninguna,No existe,Intersección,Bueno,Buena,Nocturna,Buen Tiempo,S/D,S/D,Colisión,S/D,S/D,Ninguna,Sin restricción
2018,2684,2018-05-05,Sabado,0,05:30:00,,0.0,1,Moto/Ciclomotor,Av Gral San Martin Y Av Leandro Alem,1,1,0,0,0,0,0,"-33.028055555556,-60.6215",Avenida,,VILLA GOBERNADOR GÁLVEZ,Rosario,Asfalto,No existe,II,Dentro,Urbana,Ninguna,Funciona,Intersección,Bueno,Buena,"Nocturna,Con luz artificial",Buen Tiempo,Contra objeto fijo,S/D,Colisión,Ninguna,Faltante,Ninguna,Sin restricción
2018,2685,2018-06-15,Viernes,0,07:00:00,,0.0,2,"Pickup/Utilitario,Automóvil",M Moreno 1500,2,1,0,0,0,0,1,"-32.807960217005, -60.722352093637",Calle,,CAPITÁN BERMÚDEZ,San Lorenzo,S/D,S/D,XVII,S/D,Urbana,S/D,S/D,S/D,S/D,S/D,S/D,S/D,S/D,S/D,S/D,S/D,S/D,S/D,S/D
2018,2686,2018-06-15,Viernes,0,11:45:00,,0.0,2,"Moto/Ciclomotor,Automóvil",San Lorenzo Y Dorrego,2,1,0,0,1,0,0,"-32.942138888889,-60.648666666667",Calle,,ROSARIO,Rosario,S/D,S/D,II,S/D,Urbana,S/D,S/D,Intersección,S/D,S/D,Diurna,S/D,S/D,S/D,Colisión,S/D,S/D,S/D,S/D
2018,2688,2018-05-04,Viernes,0,17:00:00,,0.0,2,"Automóvil,Automóvil",Av Leandro Alem Y Tucuman,2,2,0,0,0,0,0,"-33.028,-60.619388888889",Calle,,VILLA GOBERNADOR GÁLVEZ,Rosario,Asfalto,No existe,II,Dentro,Urbana,Ninguna,No existe,Intersección,Bueno,Buena,Diurna,Buen Tiempo,Lateral,S/D,Colisión,Ninguna,Faltante,Ninguna,Sin restricción
2018,2689,2018-06-15,Viernes,0,15:45:00,,0.0,2,"Automóvil,Moto/Ciclomotor",Av San Lorenzo Y Laprida,2,1,0,0,0,0,1,"-32.803166666667,-60.720305555556",Avenida,,CAPITÁN BERMÚDEZ,San Lorenzo,Asfalto,No existe,XVII,S/D,Urbana,Ninguna,No existe,Intersección,Bueno,Buena,Diurna,Buen Tiempo,De alcance,S/D,S/D,S/D,Vertical,S/D,Sin restricción