anio_acci,nro_acci,fecha,desc_dia,fecha_aprox,hora_aprox,desc_ruta,km,cant_participantes,desc_participante,calle_avenida_km,total,heridos_leves,heridos_graves,heridos_gravisimos,ilesos,fallecidos,sin_datos,posicion_XY,desc_tipo_via,desc_ruta_ori,desc_loc,desc_dpto,desc_tipo_calzada,desc_tipo_banquina,desc_unidad_regional,desc_lugar_calzada,desc_zona,desc_prioridad,desc_estado_semaforo,desc_lugar_via,desc_estado_via,desc_estado_visibilidad,desc_luminosidad,desc_estado_clima,desc_tipo_colision,desc_tipo_atropello,desc_tipo_hecho,desc_pres_calzada,desc_senializacion,desc_separacion_via,desc_restriccion
2018,2690,2018-05-08,Martes,0,08:20:00,,0.0,1,Moto/Ciclomotor,Av Juan Domingo Peron Y Peru,2,2,0,0,0,0,0,"-33.00317, -60.61489",Avenida,,VILLA GOBERNADOR GÁLVEZ,Rosario,Asfalto,No existe,II,Dentro,Urbana,Ninguna,No existe,Recta,"Con baches,Resbaladiza,Deteriorada",Buena,Diurna,Lluvia,Otro,S/D,"Caída ocupante,Vuelco,Despiste",Agua,Faltante,Ninguna,Sin restricción
2018,2691,2018-05-30,Miercoles,0,10:25:00,,0.0,2,"Moto/Ciclomotor,Pickup/Utilitario",Gral Roca 1445,2,1,0,0,1,0,0,"-32.057228, -61.784584",Calle,,CARLOS PELLEGRINI,San Martín,Asfalto,S/D,XVIII,Dentro,Urbana,Ninguna,No existe,Recta,Bueno,Buena,Diurna,Buen Tiempo,De alcance,S/D,Colisión,S/D,S/D,Ninguna,Sin restricción
2018,2692,2018-06-15,Viernes,0,15:45:00,,0.0,2,"Moto/Ciclomotor,Automóvil",Paraguay Y M Moreno,2,1,0,0,1,0,0,"-32.81675,-60.722361111111",Calle,,CAPITÁN BERMÚDEZ,San Lorenzo,S/D,S/D,XVII,S/D,Urbana,S/D,S/D,Intersección,S/D,S/D,S/D,S/D,S/D,S/D,S/D,S/D,S/D,S/D,S/D
2018,2693,2018-05-03,Jueves,0,06:40:00,Ruta Provincial 21,0.0,2,"Moto/Ciclomotor,Automóvil",Camino Cargill ,2,1,0,0,1,0,0,"-33.0473, -60.60616",Ruta,21,ALVEAR,Rosario,Asfalto,Natural,II,Dentro,Rural,Ninguna,No existe,Recta,Con baches,Buena,Amanecer,Buen Tiempo,Lateral,S/D,Colisión,S/D,S/D,Línea divisoria pintada,S/D
2018,2694,2018-06-01,Viernes,0,08:30:00,,0.0,2,"Bicicleta,Taxi/Remis",Neuquen Y Perdriel,2,0,0,0,1,0,1,"-32.758805555556,-60.735555555556",S/D,,SAN LORENZO,San Lorenzo,S/D,S/D,XVII,S/D,S/D,S/D,S/D,Otro,S/D,S/D,S/D,S/D,S/D,S/D,Colisión,S/D,Vertical,Ninguna,S/D
2018,2695,2018-06-19,Martes,0,07:20:00,,0.0,1,Moto/Ciclomotor,Avda Francia Y Cabildo,1,1,0,0,0,0,0,"-32.805194444444,-60.724305555556",Calle,,CAPITÁN BERMÚDEZ,San Lorenzo,S/D,Ripio,XVII,Dentro,Urbana,Ninguna,No existe,Intersección,Con baches,Buena,Diurna,Buen Tiempo,Atropello animal,S/D,Vuelco,S/D,S/D,Ninguna,S/D
2018,2696,2018-05-23,Miercoles,0,14:30:00,Ruta Provincial 21,0.0,2,"Automóvil,Camión Chasis", ,2,1,0,0,1,0,0,"-33.0619, -60.59315",Ruta,21,ALVEAR,Rosario,Asfalto,Natural,II,Dentro,Rural,S/D,Funciona,Intersección,Bueno,Buena,Diurna,Buen Tiempo,Lateral,S/D,Colisión,S/D,S/D,Ninguna,S/D
2018,2697,2018-05-12,Sabado,0,22:50:00,Ruta Provincial 20,122.0,1,Automóvil, ,1,1,0,0,0,0,0,"-31.78343, -62.10943",Ruta,20,LAS PETACAS,San Martín,Asfalto,Natural,XVIII,Dentro,Rural,Ninguna,No existe,Recta,Bueno,Reducida,Nocturna,Buen Tiempo,Atropello animal,S/D,Atropello,Ninguna,Faltante,Ninguna,Sin restricción
2018,2698,2018-06-22,Viernes,0,18:15:00,,0.0,1,Moto/Ciclomotor,M Guemes 1173,1,1,0,0,0,0,0,"-32.811138888889,-60.724361111111",Calle,,CAPITÁN BERMÚDEZ,San Lorenzo,Ripio,S/D,XVII,Dentro,Urbana,S/D,S/D,Intersección,Con baches,S/D,S/D,Buen Tiempo,S/D,S/D,Colisión,S/D,S/D,S/D,Sin restricción
2018,2699,2018-06-03,Domingo,0,17:15:00,,0.0,2,"Automóvil,Automóvil",San Jose Y Republica del Pareguay,3,1,0,0,2,0,0,"-32.760805555556,-60.737555555556",Calle,,SAN LORENZO,San Lorenzo,S/D,S/D,XVII,S/D,Urbana,S/D,S/D,Intersección,Otro,S/D,S/D,Otro,S/D,S/D,Colisión,S/D,Horizontal,S/D,S/D
2018,2700,2018-06-23,Sabado,0,06:30:00,,0.0,2,"Moto/Ciclomotor,Automóvil",Av San Lorenzo Y Chacabuco,2,1,0,0,1,0,0,"-32.810305555556,-60.718111111111",Calle,,CAPITÁN BERMÚDEZ,San Lorenzo,Ripio,No existe,XVIII,S/D,Urbana,S/D,No funciona,Intersección,Con baches,Buena,Diurna,Buen Tiempo,De alcance,S/D,Colisión,S/D,S/D,Ninguna,S/D
2018,2701,2018-05-24,Jueves,0,08:45:00,,0.0,1,Pickup/Utilitario,Garibaldi Y San Juan,2,2,0,0,0,0,0,"-33.05648, -60.62605",Calle,,ALVEAR,Rosario,Tierra,No existe,II,Dentro,Urbana,Ninguna,No existe,Recta,Con baches,Buena,Diurna,Buen Tiempo,Otro,S/D,Despiste,S/D,S/D,Ninguna,S/D
2018,2702,2018-05-25,Viernes,0,06:10:00,Autopista Nacional 9,281.0,2,"Automóvil,Pickup/Utilitario", ,2,1,0,0,1,0,0,"-33.070307, -60.644437",Autopista,9,ALVEAR,Rosario,Asfalto,Natural,II,S/D,Rural,Ninguna,No existe,Recta,Bueno,Buena,Nocturna,Buen Tiempo,Lateral,S/D,Colisión,S/D,S/D,Ninguna,S/D
2018,2703,2018-05-06,Domingo,0,10:00:00,Ruta Provincial 3,63.0,1,Moto/Ciclomotor, ,2,2,0,0,0,0,0,"-28.90294, -60.13168",Ruta,3,GARABATO,Vera,Asfalto,Natural,XIX,Dentro,Urbana,Ninguna,No existe,Recta,Bueno,Buena,Diurna,Buen Tiempo,S/D,S/D,Vuelco,Ninguna,S/D,Ninguna,Sin restricción
2018,2704,2018-06-23,Sabado,0,10:25:00,,0.0,2,"Automóvil,Camión Chasis",Av San Lorenzo Y Malvinas Argentinas,3,2,0,0,1,0,0,"-32.801444444444,-60.720833333333",Avenida,,CAPITÁN BERMÚDEZ,San Lorenzo,Asfalto,No existe,XVII,Dentro,Urbana,S/D,No existe,Intersección,Bueno,Buena,Diurna,Buen Tiempo,S/D,S/D,Colisión,S/D,Faltante,Ninguna,Sin restricción
2018,2705,2018-06-03,Domingo,0,20:45:00,,0.0,2,"Automóvil,Moto/Ciclomotor",Misiones 1200,2,1,0,0,1,0,0,"-32.756194444444,-60.741666666667",S/D,,SAN LORENZO,San Lorenzo,S/D,S/D,XVII,S/D,Urbana,S/D,S/D,Otro,S/D,S/D,S/D,Otro,S/D,S/D,Colisión,S/D,Vertical,Ninguna,S/D
2018,2706,2018-06-25,Lunes,0,11:00:00,,0.0,2,"Automóvil,Automóvil",San Martin 100,4,1,0,0,2,0,1,"-32.823131175932, -60.711418450467",Calle,,CAPITÁN BERMÚDEZ,San Lorenzo,Asfalto,S/D,XVII,Dentro,Urbana,Ninguna,No existe,Intersección,Bueno,Buena,Diurna,Buen Tiempo,De alcance,S/D,S/D,S/D,Faltante,Ninguna,S/D
2018,2707,2018-06-04,Lunes,0,06:30:00,,0.0,1,Moto/Ciclomotor,BV. ORO?O Y BOLIVIA,1,1,0,0,0,0,0,"-32.73399, -60.74253",S/D,,SAN LORENZO,San Lorenzo,S/D,S/D,XVII,S/D,S/D,S/D,S/D,Otro,S/D,S/D,S/D,S/D,S/D,S/D,S/D,S/D,Vertical,S/D,S/D
2018,2708,2018-06-05,Martes,0,20:00:00,,0.0,2,"Automóvil,Bicicleta",General Lopez Y Entre Rios,2,1,0,0,1,0,0,"-32.743111111111,-60.735111111111",Avenida,,SAN LORENZO,San Lorenzo,S/D,S/D,XVII,S/D,Urbana,S/D,S/D,Otro,S/D,S/D,S/D,S/D,S/D,Ciclista,Atropello,S/D,S/D,S/D,S/D
2018,2709,2018-06-26,Martes,0,14:40:00,,0.0,2,"Pickup/Utilitario,Moto/Ciclomotor",Jujuy Y Rosario,2,1,0,0,1,0,0,"-32.824222222222,-60.717527777778",Calle,,CAPITÁN BERMÚDEZ,San Lorenzo,Asfalto,No existe,XVII,S/D,Urbana,S/D,No existe,Intersección,Bueno,S/D,Diurna,Buen Tiempo,De alcance,S/D,S/D,S/D,Faltante,S/D,Sin restricción
2018,2710,2018-03-16,Viernes,0,06:45:00,Ruta Nacional 34,250.0,2,"Camión c / Acoplado,Pickup/Utilitario", ,3,2,0,1,0,0,0,"-31.041573435254, -61.45635830471",Ruta,34,ATALIVA,Castellanos,Asfalto,Natural,V,Dentro,Rural,Ninguna,No existe,Curva,Bueno,Buena,Nocturna,Buen Tiempo,Lateral,S/D,Colisión,Ninguna,Faltante,Línea divisoria pintada,Sin restricción
2018,2711,2018-03-24,Sabado,0,11:00:00,,0.0,2,"Automóvil,Moto/Ciclomotor",General Lopez Y Dr Ghio,3,2,0,0,1,0,0,"-32.749638888889,-60.735277777778",Calle,,SAN LORENZO,San Lorenzo,Asfalto,No existe,XVII,Dentro,Urbana,S/D,No existe,Intersección,Otro,S/D,Diurna,Otro,S/D,S/D,Colisión,Otro,Faltante,Ninguna,S/D
2018,2712,2018-03-22,Jueves,0,15:00:00,,0.0,2,"Bicicleta,Automóvil",Santiago del Estero Y J J Passo,2,1,0,0,1,0,0,"-32.741166666667,-60.742555555556",Calle,,SAN LORENZO,San Lorenzo,Hormigón,No existe,XVII,Dentro,Urbana,Ninguna,No existe,Intersección,Otro,S/D,Diurna,Otro,S/D,Ciclista,Atropello,Ninguna,Faltante,Ninguna,S/D
2018,2713,2018-03-19,Lunes,0,15:20:00,,0.0,2,"Moto/Ciclomotor,Pickup/Utilitario",Congreso Y San Jose,2,1,0,0,1,0,0,"-32.762147561038, -60.738014749920",Calle,,SAN LORENZO,San Lorenzo,Tierra,No existe,XVII,Dentro,Urbana,S/D,No existe,Intersección,Otro,S/D,Diurna,Otro,S/D,S/D,Colisión,Ninguna,Faltante,Ninguna,S/D
2018,2714,2018-03-31,Sabado,0,04:00:00,Ruta Nacional 34,250.0,2,"Automóvil,Automóvil", ,2,0,1,0,1,0,0,"-31.041573435254, -61.45635830471",Ruta,34,ATALIVA,Castellanos,Asfalto,Natural,V,Dentro,Rural,Ninguna,No existe,Recta,Bueno,Buena,Nocturna,Buen Tiempo,Lateral,S/D,Colisión,Ninguna,Horizontal,Línea divisoria pintada,Sin restricción
2018,2715,2018-03-18,Domingo,0,15:45:00,,0.0,1,Moto/Ciclomotor,Urquiza 1600,1,1,0,0,0,0,0,"-32.747583333333,-60.744",Calle,,SAN LORENZO,San Lorenzo,Asfalto,No existe,XVII,Dentro,Urbana,Ninguna,No existe,Recta,S/D,S/D,Diurna,Otro,S/D,S/D,Caída ocupante,Ninguna,Faltante,Ninguna,S/D
2018,2716,2018-03-29,Jueves,0,21:30:00,,0.0,2,"Pickup/Utilitario,Moto/Ciclomotor",Cordoba Y Moreno,2,1,0,0,1,0,0,"-30.867382868512, -61.346416360903",Calle,,HUMBERTO 1º,Castellanos,Hormigón,Pavimento,V,Dentro,Urbana,Ninguna,No existe,Intersección,Bueno,Buena,"Nocturna,Con luz artificial",Buen Tiempo,Lateral,S/D,Colisión,Ninguna,Horizontal,Cordón divisorio,Sin restricción
2018,2717,2018-03-17,Sabado,0,07:55:00,,0.0,3,"Moto/Ciclomotor,Automóvil,Pickup/Utilitario",Sargento Cabral Y Santiago del Estero,3,1,0,0,2,0,0,"-32.741388888889,-60.730555555556",Calle,,SAN LORENZO,San Lorenzo,Hormigón,No existe,XVII,Dentro,Urbana,S/D,Funciona,Intersección,Otro,S/D,Diurna,Otro,Múltiple,S/D,Colisión,S/D,Vertical,Cordón divisorio,S/D
2018,2718,2018-03-16,Viernes,0,21:00:00,,0.0,2,"Automóvil,Automóvil",Urquiza Y Irigoyen,3,3,0,0,0,0,0,"-32.74775,-60.736305555556",Calle,,SAN LORENZO,San Lorenzo,Hormigón,No existe,XVII,Dentro,Urbana,S/D,No existe,Intersección,Otro,S/D,Nocturna,Otro,S/D,S/D,Colisión,S/D,Faltante,Cordón divisorio,S/D
2018,2719,2018-03-16,Viernes,0,10:30:00,,0.0,2,"Pickup/Utilitario,Taxi/Remis",Irigoyen Y Entre Rios,4,3,0,0,1,0,0,"-32.743083333333,-60.736194444444",Calle,,SAN LORENZO,San Lorenzo,Hormigón,No existe,XVII,Dentro,Urbana,S/D,No existe,Intersección,S/D,S/D,Diurna,Otro,S/D,S/D,Colisión,S/D,Faltante,Ninguna,S/D
2018,2720,2018-03-17,Sabado,0,10:45:00,,0.0,2,"Automóvil,Moto/Ciclomotor",Moreno Y Bv Belgrano,2,1,0,0,1,0,0,"-30.867125509758, -61.347702942728",Avenida,,HUMBERTO 1º,Castellanos,Hormigón,Pavimento,V,Dentro,Urbana,Ninguna,No existe,Intersección,Bueno,Buena,Diurna,Buen Tiempo,Lateral,S/D,Colisión,Ninguna,Vertical,Cordón divisorio,Sin restricción
2018,2721,2018-03-22,Jueves,0,23:30:00,Ruta Nacional 34,0.0,2,"Automóvil,Moto/Ciclomotor",Ruta Nac 34 Gral Guemes Y Bv Pte Roca,2,0,1,0,1,0,0,"-31.250277723768, -61.506231084144",Ruta,34,RAFAELA,Castellanos,Asfalto,S/D,V,Dentro,Urbana,Semáforo,Funciona,Cruce,Bueno,Buena,Nocturna,Buen Tiempo,S/D,S/D,Colisión,S/D,"Horizontal,Vertical",S/D,Sin restricción
2018,2722,2018-03-14,Miercoles,0,18:40:00,,0.0,2,"Moto/Ciclomotor,Moto/Ciclomotor",Juan M De Rosas Y Belgrano,4,4,0,0,0,0,0,"-32.746570029617, -60.743561689010",Calle,,SAN LORENZO,San Lorenzo,Asfalto,No existe,XVII,Dentro,Urbana,S/D,No existe,Intersección,Otro,S/D,Atardecer,Otro,S/D,S/D,Colisión,S/D,Faltante,Ninguna,S/D
2018,2723,2018-03-12,Lunes,0,11:50:00,,0.0,2,"Automóvil,Bicicleta",Rivadavia Y Av Carlos A Poucel,2,1,0,0,1,0,0,"-32.750527777778,-60.738472222222",Avenida,,SAN LORENZO,San Lorenzo,Hormigón,No existe,XVII,Dentro,Urbana,Señal Pare,No existe,Intersección,Otro,S/D,Diurna,Otro,S/D,Ciclista,Atropello,S/D,Vertical,Ninguna,S/D
2018,2724,2018-03-11,Domingo,0,23:30:00,,0.0,2,"Automóvil,Moto/Ciclomotor",Bv Oro?o Y Brown,3,2,0,0,1,0,0,"-32.733794868047, -60.742543814041",Calle,,SAN LORENZO,San Lorenzo,Asfalto,No existe,XVII,Dentro,Urbana,Ninguna,No existe,Intersección,Otro,S/D,Nocturna,Otro,S/D,S/D,Colisión,Ninguna,Faltante,Ninguna,Sin restricción
2018,2725,2018-04-23,Lunes,0,,,0.0,2,"Moto/Ciclomotor,Pickup/Utilitario",Ecuador Y Riobamba,2,1,0,0,1,0,0,"-32.954630, -60.714353",Calle,,ROSARIO,Rosario,Asfalto,No existe,II,Dentro,Urbana,Ninguna,No existe,Intersección,"Con baches,Deteriorada",S/D,S/D,Buen Tiempo,Frontal,S/D,Colisión,S/D,Faltante,Ninguna,Sin restricción
2018,2726,2018-03-10,Sabado,0,14:00:00,,0.0,2,"Pickup/Utilitario,Moto/Ciclomotor",Jose Bison Y Mazza,2,1,0,0,1,0,0,"-32.731,-60.750833333333",Calle,,SAN LORENZO,San Lorenzo,"Hormigón,Ripio",No existe,XVII,Dentro,Urbana,S/D,No existe,Intersección,Otro,S/D,Diurna,Otro,S/D,S/D,Colisión,Otro,Faltante,Ninguna,S/D
2018,2727,2018-04-14,Sabado,0,,,0.0,2,"Moto/Ciclomotor,Automóvil",San Lorenzo Y Av. Provincias Unidas,2,1,0,0,1,0,0,"-32.934523, -60.712861",Calle,,ROSARIO,Rosario,Hormigón,No existe,II,Dentro,Urbana,Semáforo,Funciona,Intersección,Bueno,S/D,S/D,Buen Tiempo,De alcance,S/D,Colisión,S/D,"Horizontal,Vertical",Cordón divisorio,Sin restricción
2018,2728,2018-04-11,Miercoles,0,09:15:00,,0.0,2,"Pickup/Utilitario,Peatón",Av. Provincias Unidas Y Junin,2,1,0,0,1,0,0,"-32.927535773705, -60.713198923917",Avenida,,ROSARIO,Rosario,Asfalto,No existe,II,Dentro,Urbana,Semáforo,Funciona,Intersección,Bueno,Buena,Diurna,Buen Tiempo,S/D,Peatón,Atropello,Ninguna,Vertical,Ninguna,Sin restricción
2018,2729,2018-04-01,Domingo,0,,,0.0,2,"Moto/Ciclomotor,Automóvil",Fraga Y Av. Pellegrini,2,1,0,0,1,0,0,"-32.948636, -60.709907",Calle,,ROSARIO,Rosario,Asfalto,No existe,II,Dentro,Urbana,Semáforo,Funciona,Intersección,Bueno,S/D,S/D,Buen Tiempo,Lateral,S/D,Colisión,S/D,"Horizontal,Vertical","Cordón divisorio,Línea divisoria pintada",Sin restricción
2018,2730,2018-03-09,Viernes,0,21:10:00,,0.0,2,"Moto/Ciclomotor,Moto/Ciclomotor",Bv Oro?o 1800,4,2,0,0,2,0,0,"-32.73325,-60.746388888889",Calle,,SAN LORENZO,San Lorenzo,"Hormigón,Ripio",No existe,XVII,Dentro,Urbana,S/D,No existe,Intersección,Otro,S/D,Nocturna,Otro,Otro,S/D,Colisión,Ninguna,Faltante,Ninguna,S/D
2018,2731,2018-03-09,Viernes,0,12:25:00,,0.0,2,"Moto/Ciclomotor,Moto/Ciclomotor",Curupaiti Y San Juan,3,2,0,0,0,0,1,"-32.751861111111,-60.743055555556",Calle,,SAN LORENZO,San Lorenzo,Tierra,No existe,XVII,Dentro,Urbana,Otra Señal,No existe,Intersección,Otro,S/D,Diurna,Otro,S/D,S/D,Colisión,Ninguna,Faltante,Ninguna,S/D
2018,2732,2018-04-21,Sabado,0,20:05:00,,0.0,2,"Automóvil,Moto/Ciclomotor",Bv. Wilde Y Benegas,3,1,0,0,2,0,0,"-32.931111111111,-60.738833333333",Avenida,,ROSARIO,Rosario,Asfalto,No existe,II,Dentro,Urbana,Ninguna,S/D,Intersección,Bueno,Buena,Diurna,Buen Tiempo,S/D,S/D,Colisión,Ninguna,S/D,Ninguna,Sin restricción
2018,2733,2018-03-07,Miercoles,1,18:35:00,Ruta Secundaria 40-s,0.0,3,"Moto/Ciclomotor,Moto/Ciclomotor,Moto/Ciclomotor", ,3,3,0,0,0,0,0,"-32.13834,-62.06112",Ruta,40-s,PIAMONTE,San Martín,Asfalto,Natural,XVIII,S/D,Rural,Ninguna,No existe,Recta,Bueno,Reducida,Atardecer,Buen Tiempo,Múltiple,S/D,Colisión,Ninguna,Horizontal,Línea divisoria pintada,Sin restricción
2018,2734,2018-03-07,Miercoles,0,18:40:00,,0.0,1,Moto/Ciclomotor,San Juan Y Juan M De Rosas,1,1,0,0,0,0,0,"-32.751329406885, -60.740297618192",Calle,,SAN LORENZO,San Lorenzo,Tierra,No existe,XVII,Dentro,Urbana,Ninguna,No existe,Paso a Nivel FFCC,Otro,S/D,Diurna,Otro,S/D,S/D,Caída ocupante,Ninguna,Faltante,Ninguna,S/D
2018,2735,2018-03-06,Martes,0,12:40:00,,0.0,2,"Pickup/Utilitario,Moto/Ciclomotor",Dr Ghio Y Juan M De Rosas,2,1,0,0,1,0,0,"-32.749472222222,-60.741666666667",Calle,,SAN LORENZO,San Lorenzo,Asfalto,No existe,XVII,Dentro,Urbana,S/D,No existe,Intersección,Otro,S/D,Diurna,S/D,S/D,S/D,Colisión,Ninguna,Faltante,Ninguna,S/D
2018,2736,2018-03-07,Miercoles,0,18:35:00,Ruta Secundaria 40-s,0.0,2,"Automóvil,Bicicleta", ,2,1,0,0,1,0,0,"-32.13835,-62.06104",Ruta,40-s,PIAMONTE,San Martín,Asfalto,Natural,XVIII,S/D,Rural,Ninguna,No existe,Recta,Bueno,Buena,Atardecer,Buen Tiempo,S/D,Peatón,Atropello,Ninguna,Horizontal,Línea divisoria pintada,Sin restricción
2018,2737,2018-03-05,Lunes,0,18:10:00,,0.0,2,"Pickup/Utilitario,Moto/Ciclomotor",Entre Rios Y Morris W,2,1,0,0,1,0,0,"-32.742916666667,-60.744722222222",Calle,,SAN LORENZO,San Lorenzo,"Asfalto,Tierra",No existe,XVII,Dentro,Urbana,S/D,No existe,Intersección,Otro,S/D,Diurna,Otro,S/D,S/D,Colisión,Ninguna,Faltante,Ninguna,S/D
2018,2738,2018-03-05,Lunes,0,10:20:00,,0.0,2,"Automóvil,Moto/Ciclomotor",Carlos Benelli Y Amado Cittadini,2,1,0,0,1,0,0,"-32.775138888889,-60.728444444444",Calle,,SAN LORENZO,San Lorenzo,"Asfalto,Ripio",No existe,XVII,Dentro,Urbana,Ninguna,No existe,Intersección,Otro,S/D,Diurna,Otro,Otro,S/D,Colisión,Ninguna,Faltante,Ninguna,S/D
2018,2739,2018-03-14,Miercoles,0,22:30:00,,0.0,1,Automóvil,Ruta ,4,2,0,0,2,0,0,"-31.860495, -62.082122",Camino Rural,,CRISPI,San Martín,Ripio,No existe,XVIII,S/D,Rural,Ninguna,No existe,Cruce,Resbaladiza,Reducida,Nocturna,Lluvia,S/D,S/D,Despiste,"Agua,Material Suelto",Faltante,Ninguna,Sin restricción
2018,2740,2018-03-02,Viernes,0,15:30:00,,0.0,2,"Moto/Ciclomotor,Pickup/Utilitario",B de Astrada Y Brown,2,1,0,0,1,0,0,"-32.738861111111,-60.741361111111",Calle,,SAN LORENZO,San Lorenzo,Hormigón,No existe,XVII,Dentro,Urbana,S/D,No existe,Intersección,Otro,S/D,Diurna,Otro,S/D,S/D,Colisión,Ninguna,Faltante,Ninguna,S/D
2018,2741,2018-03-02,Viernes,0,18:30:00,Ruta Nacional 11,0.0,2,"Automóvil,Moto/Ciclomotor",Bv Oro?o Y Av San Martin,2,1,0,0,1,0,0,"-32.735416666667,-60.733833333333",Ruta,11,SAN LORENZO,San Lorenzo,Asfalto,No existe,XVII,Dentro,Urbana,S/D,Funciona,Intersección,Otro,S/D,Diurna,Otro,S/D,S/D,Colisión,Ninguna,"Horizontal,Vertical",Cordón divisorio,S/D
2018,2742,2018-05-10,Jueves,0,15:00:00,,0.0,2,"Moto/Ciclomotor,Automóvil",Roullon Y Espinosa,2,1,0,0,1,0,0,"-32.976610299591, -60.700867467859",Calle,,ROSARIO,Rosario,Asfalto,No existe,II,Dentro,Urbana,Ninguna,No existe,Intersección,Bueno,Buena,Diurna,Buen Tiempo,Lateral,S/D,Atropello,Ninguna,Faltante,Ninguna,Sin restricción
2018,2743,2018-05-19,Sabado,0,10:00:00,,0.0,2,"Moto/Ciclomotor,Pickup/Utilitario",Roullon Y Uruguay,2,1,0,0,1,0,0,"-32.968333333333,-60.701166666667",Calle,,ROSARIO,Rosario,Asfalto,No existe,II,Dentro,Urbana,Ninguna,No existe,Intersección,Bueno,Buena,Diurna,Otro,Lateral,S/D,Colisión,Ninguna,Faltante,Ninguna,Sin restricción
2018,2744,2018-05-19,Sabado,0,04:25:00,,0.0,2,"Moto/Ciclomotor,Automóvil",Bv. Segui Y Pje. Espinillo,3,0,2,0,0,0,1,"-32.970722222222,-60.699111111111",Calle,,ROSARIO,Rosario,Asfalto,No existe,II,Dentro,Urbana,Ninguna,No existe,Intersección,Bueno,Buena,Diurna,Otro,S/D,S/D,Colisión,Ninguna,Faltante,Ninguna,Sin restricción
2018,2745,2018-05-05,Sabado,0,09:30:00,,0.0,2,"Moto/Ciclomotor,Pickup/Utilitario",Bv. 27 De Febrero Y Tte.Agneta,2,1,0,0,1,0,0,"-32.958972222222,-60.699083333333",Calle,,ROSARIO,Rosario,Asfalto,No existe,II,Dentro,Urbana,Semáforo,Funciona,Intersección,Bueno,Buena,Diurna,Otro,Lateral,S/D,Colisión,Ninguna,Vertical,Ninguna,Sin restricción
2018,2746,2018-05-19,Sabado,0,13:50:00,,0.0,2,"Bicicleta,Automóvil",Camilo Aldao Y Dean Funes,2,1,0,0,1,0,0,"-32.967,-60.694944444444",Calle,,ROSARIO,Rosario,Asfalto,No existe,II,Dentro,Urbana,Ninguna,No existe,Intersección,Bueno,Buena,S/D,Otro,Lateral,Ciclista,Atropello,Ninguna,Faltante,Ninguna,Sin restricción
2018,2747,2018-06-06,Miercoles,0,13:20:00,,0.0,2,"Pickup/Utilitario,Moto/Ciclomotor",Av San Martin Y 3 de Febrero,2,1,0,0,1,0,0,"-32.744027777778,-60.734027777778",S/D,,SAN LORENZO,San Lorenzo,S/D,S/D,XVII,S/D,S/D,S/D,S/D,Otro,S/D,S/D,S/D,S/D,S/D,S/D,Colisión,S/D,Vertical,Ninguna,S/D
2018,2749,2018-05-15,Martes,0,,,0.0,2,"Moto/Ciclomotor,Pickup/Utilitario",Av. Pellegrini Y Barra,2,1,0,0,1,0,0,"-32.9485,-60.706472222222",Calle,,ROSARIO,Rosario,Asfalto,No existe,II,Dentro,Urbana,Ninguna,S/D,Intersección,Bueno,S/D,S/D,Buen Tiempo,Lateral,S/D,Colisión,S/D,S/D,Ninguna,Sin restricción
2018,2750,2018-06-22,Viernes,0,18:30:00,,0.0,2,"Moto/Ciclomotor,Automóvil",Paraguay Y Sgto Cabral,2,1,0,0,1,0,0,"-32.862343320248, -61.138507728935",Calle,,CARCARAÑÁ,San Lorenzo,Ripio,No existe,XVII,S/D,Urbana,S/D,No existe,Recta,Bueno,Buena,Diurna,S/D,S/D,S/D,S/D,Ninguna,S/D,S/D,S/D
2018,2751,2018-05-21,Lunes,0,,,0.0,2,"Moto/Ciclomotor,Automóvil",Riobamba Y Roullon,2,1,0,0,1,0,0,"-32.95425,-60.701722222222",Calle,,ROSARIO,Rosario,Asfalto,No existe,II,Dentro,Urbana,Ninguna,S/D,Intersección,Bueno,S/D,S/D,Buen Tiempo,Lateral,S/D,Colisión,S/D,S/D,Ninguna,Sin restricción
2018,2752,2018-06-09,Sabado,0,00:30:00,,0.0,2,"Pickup/Utilitario,Automóvil",Vicente Marmol Y Colon,3,3,0,0,0,0,0,"-32.760222222222,-60.730805555556",Calle,,SAN LORENZO,San Lorenzo,S/D,S/D,XVII,S/D,Urbana,S/D,S/D,Otro,S/D,S/D,S/D,Otro,S/D,S/D,Colisión,S/D,Vertical,S/D,S/D
2018,2753,2018-05-05,Sabado,0,05:30:00,,0.0,2,"Automóvil,Moto/Ciclomotor",San lorenzo Y Boulevard Belgrano,2,1,0,0,1,0,0,"-32.583555555556,-61.173055555556",Calle,,TOTORAS,Iriondo,Hormigón,No existe,X,S/D,Urbana,Ninguna,No existe,Intersección,Bueno,Reducida,"Nocturna,Con luz artificial",Buen Tiempo,Lateral,S/D,Colisión,S/D,S/D,Ninguna,Sin restricción
2018,2754,2018-05-07,Lunes,0,12:05:00,,0.0,2,"Moto/Ciclomotor,Bicicleta",Mitre Y Sgto Cabral,2,1,0,0,1,0,0,"-29.88502, -60.28461",Calle,,CALCHAQUÍ,Vera,S/D,S/D,XIX,Dentro,Urbana,S/D,S/D,Intersección,S/D,S/D,Diurna,S/D,S/D,Ciclista,Atropello,S/D,S/D,S/D,S/D
2018,2755,2018-06-09,Sabado,0,22:15:00,,0.0,1,Moto/Ciclomotor,Av San Martin Y N Pe?a,2,1,0,0,1,0,0,"-32.772864383924, -60.729607293116",Avenida,,SAN LORENZO,San Lorenzo,S/D,S/D,XVII,S/D,Urbana,S/D,S/D,Otro,Otro,S/D,S/D,S/D,S/D,S/D,S/D,S/D,Vertical,Ninguna,S/D