anio_acci,nro_acci,fecha,desc_dia,fecha_aprox,hora_aprox,desc_ruta,km,cant_participantes,desc_participante,calle_avenida_km,total,heridos_leves,heridos_graves,heridos_gravisimos,ilesos,fallecidos,sin_datos,posicion_XY,desc_tipo_via,desc_ruta_ori,desc_loc,desc_dpto,desc_tipo_calzada,desc_tipo_banquina,desc_unidad_regional,desc_lugar_calzada,desc_zona,desc_prioridad,desc_estado_semaforo,desc_lugar_via,desc_estado_via,desc_estado_visibilidad,desc_luminosidad,desc_estado_clima,desc_tipo_colision,desc_tipo_atropello,desc_tipo_hecho,desc_pres_calzada,desc_senializacion,desc_separacion_via,desc_restriccion
2018,2757,2018-06-11,Lunes,0,,,0.0,2,"Moto/Ciclomotor,Automóvil",Schmidlin Y Lujan,2,1,0,0,1,0,0,"-32.856314994817, -61.141967880955",Calle,,CARCARAÑÁ,San Lorenzo,Tierra,No existe,XVII,S/D,Urbana,S/D,No existe,Intersección,Bueno,Reducida,Nocturna,Buen Tiempo,Otro,S/D,Colisión,Ninguna,S/D,Ninguna,S/D
2018,2758,2018-05-22,Martes,0,12:25:00,,0.0,2,"Automóvil,Moto/Ciclomotor",Dorrego Y Juan De Garay,2,1,0,0,1,0,0,"-29.89221, -60.28097",Calle,,CALCHAQUÍ,Vera,Asfalto,No existe,XIX,S/D,Urbana,Otra Señal,No existe,Intersección,Bueno,Buena,Diurna,Buen Tiempo,De alcance,S/D,Colisión,Ninguna,S/D,Cordón divisorio,Sin restricción
2018,2759,2018-05-08,Martes,0,16:40:00,,0.0,1,Moto/Ciclomotor,Carlos Pellegrini Y Sarmiento,2,2,0,0,0,0,0,"-32.584972222222,-61.171972222222",Calle,,TOTORAS,Iriondo,Asfalto,No existe,X,Dentro,Urbana,Ninguna,No existe,Intersección,Bueno,Buena,Diurna,Buen Tiempo,Otro,S/D,Vuelco,Agua,Vertical,Ninguna,Sin restricción
2018,2760,2018-06-10,Domingo,0,06:40:00,,0.0,1,Moto/Ciclomotor,COLECTORA Y SUIPACHA,2,2,0,0,0,0,0,"-32.76811, -60.73429",Avenida,,SAN LORENZO,San Lorenzo,S/D,S/D,XVII,S/D,Rural,S/D,S/D,Intersección,S/D,S/D,S/D,Otro,S/D,S/D,S/D,S/D,Vertical,Ninguna,S/D
2018,2761,2018-06-08,Viernes,0,21:00:00,,0.0,2,"Moto/Ciclomotor,Moto/Ciclomotor",San Martin Y Jose Andres Abrate,2,1,0,0,1,0,0,"-32.854748584752, -61.154391873112",Calle,,CARCARAÑÁ,San Lorenzo,Asfalto,S/D,XVII,S/D,Urbana,S/D,S/D,Intersección,Bueno,S/D,S/D,Buen Tiempo,S/D,S/D,S/D,Ninguna,Vertical,Ninguna,S/D
2018,2762,2018-05-26,Sabado,0,19:00:00,Autopista Provincial Brigadier E.López,32.0,2,"Pickup/Utilitario,Camión", ,2,1,0,0,1,0,0,"-32.63402, -60.8285",Autopista,Brigadier E.López,OLIVEROS,Iriondo,Asfalto,Pavimento,X,Dentro,Rural,Ninguna,No existe,Recta,Bueno,Buena,Nocturna,Buen Tiempo,De alcance,S/D,Colisión,Ninguna,"Horizontal,Vertical",Vegetación,Sin restricción
2018,2763,2018-06-11,Lunes,0,,,0.0,1,Automóvil,B de Astrada ,2,2,0,0,0,0,0,"-32.73859, -60.74257",S/D,,SAN LORENZO,San Lorenzo,S/D,S/D,XVII,S/D,S/D,S/D,S/D,Otro,S/D,S/D,S/D,Otro,S/D,S/D,S/D,S/D,Vertical,Ninguna,S/D
2018,2764,2018-06-05,Martes,0,19:00:00,Ruta Nacional 9,0.0,2,"Automóvil,Moto/Ciclomotor",Juan Bautista Alberdi Y 9 de Julio,2,1,0,0,1,0,0,"-32.863374568944, -61.145165074101",Ruta,9,CARCARAÑÁ,San Lorenzo,Asfalto,No existe,XVII,S/D,Urbana,S/D,No existe,Intersección,Bueno,Buena,Nocturna,Buen Tiempo,S/D,S/D,Colisión,Ninguna,S/D,Ninguna,S/D
2018,2765,2018-05-21,Lunes,0,12:15:00,,0.0,2,"Bicicleta,Moto/Ciclomotor",Buenos Aires 175,2,1,0,0,1,0,0,"-32.57200,-60.85182",Calle,,OLIVEROS,Iriondo,Asfalto,Pavimento,X,Dentro,Urbana,Ninguna,No existe,Recta,Bueno,Buena,Diurna,Buen Tiempo,S/D,Ciclista,Atropello,Ninguna,Horizontal,Línea divisoria pintada,Sin restricción
2018,2766,2018-06-11,Lunes,0,15:50:00,,0.0,2,"Automóvil,Transporte de Pasajeros Urbano (> 8 asientos)",Dr Ghio Y General Lopez,3,1,0,0,2,0,0,"-32.749638888889,-60.735277777778",S/D,,SAN LORENZO,San Lorenzo,S/D,S/D,XVII,S/D,S/D,S/D,S/D,Otro,S/D,S/D,S/D,Otro,S/D,S/D,Colisión,S/D,Vertical,Ninguna,S/D
2018,2767,2018-05-15,Martes,0,22:25:00,Ruta Nacional 11,362.0,2,"Bicicleta,Camión c / Acoplado", ,2,1,0,0,1,0,0,"-32.46596, -60.88773",Ruta,11,OLIVEROS,Iriondo,Asfalto,Natural,X,Dentro,Rural,Ninguna,No existe,Recta,Bueno,Buena,Nocturna,Buen Tiempo,S/D,Ciclista,Atropello,Ninguna,"Horizontal,Vertical",Línea divisoria pintada,Sin restricción
2018,2768,2018-06-06,Miercoles,0,17:50:00,,0.0,2,"Automóvil,Moto/Ciclomotor",Alvear Y Ayacucho,2,1,0,0,1,0,0,"-32.779968597417, -60.730989086857",Calle,,FRAY LUIS BELTRÁN,San Lorenzo,Asfalto,No existe,XVII,Dentro,Urbana,Ninguna,No existe,Intersección,Bueno,Buena,Diurna,Buen Tiempo,Lateral,S/D,Colisión,Ninguna,Faltante,Ninguna,Sin restricción
2018,2769,2018-05-23,Miercoles,0,22:15:00,,0.0,2,"Moto/Ciclomotor,Moto/Ciclomotor",Las Heras Y Manuel Belgrano,2,2,0,0,0,0,0,"-32.585833333333,-61.173722222222",Calle,,TOTORAS,Iriondo,Asfalto,No existe,X,S/D,Urbana,Ninguna,No existe,Intersección,Bueno,Reducida,"Nocturna,Con luz artificial",Buen Tiempo,Lateral,S/D,Colisión,S/D,S/D,Ninguna,Sin restricción
2018,2770,2018-06-11,Lunes,0,18:40:00,,0.0,1,Moto/Ciclomotor,J J Passo Y 3 de Febrero,1,1,0,0,0,0,0,"-32.743888888889,-60.742611111111",S/D,,SAN LORENZO,San Lorenzo,S/D,S/D,XVII,S/D,S/D,S/D,S/D,Otro,S/D,S/D,S/D,Otro,S/D,S/D,S/D,"Ninguna,S/D",Vertical,Ninguna,S/D
2018,2771,2018-05-26,Sabado,0,23:45:00,,0.0,1,Moto/Ciclomotor,Gral Belgrano Y Ni?os del dos mil,2,1,0,0,1,0,0,"-30.35646, -60.40318",Calle,,GOBERNADOR CRESPO,San Justo,Ripio,Natural,XVI,Dentro,Urbana,Ninguna,No existe,Intersección,Deteriorada,Buena,"Nocturna,Con luz artificial",Buen Tiempo,Otro,S/D,Caída ocupante,Ninguna,Faltante,Ninguna,Sin restricción
2018,2772,2018-06-19,Martes,0,18:30:00,,0.0,2,"Moto/Ciclomotor,Automóvil",Av San Martin 1700,2,0,0,1,1,0,0,"-32.785273157764, -60.725789635115",Avenida,,FRAY LUIS BELTRÁN,San Lorenzo,Asfalto,Pavimento,XVII,Fuera,Urbana,Ninguna,No existe,Intersección,Bueno,S/D,Atardecer,Buen Tiempo,Lateral,S/D,Colisión,Ninguna,Faltante,Ninguna,Sin restricción
2018,2773,2018-05-02,Miercoles,0,19:15:00,,0.0,1,Moto/Ciclomotor,Libertad Y Mariano Moreno,1,1,0,0,0,0,0,"-30.36746, -60.4044",Calle,,GOBERNADOR CRESPO,San Justo,Asfalto,Pavimento,XVI,Dentro,Urbana,Ninguna,No existe,Intersección,Bueno,Buena,Con luz artificial,Buen Tiempo,Atropello animal,S/D,Caída ocupante,Ninguna,S/D,Ninguna,Sin restricción
2018,2774,2018-06-11,Lunes,0,21:05:00,,0.0,2,"Pickup/Utilitario,Moto/Ciclomotor",B de Astrada Y Tte. roca,2,1,0,0,1,0,0,"-32.739222222222,-60.739277777778",S/D,,SAN LORENZO,San Lorenzo,S/D,S/D,XVII,S/D,S/D,S/D,S/D,Otro,S/D,S/D,S/D,S/D,S/D,S/D,S/D,S/D,S/D,S/D,S/D
2018,2775,2018-05-21,Lunes,0,11:45:00,,0.0,2,"Pickup/Utilitario,Bicicleta",9 de Julio Y Gutierrez,2,1,0,0,1,0,0,"-29.68772, -60.24843",Calle,,MARGARITA,Vera,Asfalto,No existe,XIX,Dentro,Urbana,Ninguna,No existe,Recta,Bueno,Buena,Diurna,Buen Tiempo,Otro,Ciclista,Atropello,Ninguna,Faltante,Ninguna,Sin restricción
2018,2776,2018-05-23,Miercoles,0,20:25:00,,0.0,2,"Bicicleta,Moto/Ciclomotor",L N Alem 2400,2,1,0,0,1,0,0,"-30.789666666667,-60.586361111111",Calle,,SAN JUSTO,San Justo,Asfalto,No existe,XVI,Dentro,Urbana,Ninguna,No existe,Recta,Bueno,Buena,Nocturna,Buen Tiempo,Lateral,Ciclista,Atropello,Ninguna,Horizontal,Ninguna,Sin restricción
2018,2777,2018-06-04,Lunes,0,17:25:00,,0.0,2,"Automóvil,Bicicleta",Sarmiento Y Juan de Garay,2,1,0,0,1,0,0,"-32.788255774188, -60.726411907606",Calle,,FRAY LUIS BELTRÁN,San Lorenzo,Hormigón,No existe,XVII,S/D,Urbana,Ninguna,No existe,Intersección,Bueno,Buena,Diurna,Buen Tiempo,Lateral,S/D,Colisión,Ninguna,Faltante,Ninguna,Sin restricción
2018,2779,2018-05-15,Martes,0,16:20:00,Ruta Provincial 3,75.0,1,Moto/Ciclomotor, ,1,1,0,0,0,0,0,"-28.54058, -60.01395",Ruta,3,CAÑADA OMBÚ,Vera,Tierra,No existe,XIX,Fuera,Rural,Ninguna,No existe,Recta,Bueno,Buena,Diurna,Buen Tiempo,Otro,S/D,Caída ocupante,Ninguna,Faltante,Ninguna,Sin restricción
2018,2780,2018-05-20,Domingo,0,20:20:00,Ruta Nacional 11,852.0,1,Automóvil, ,3,1,0,0,2,0,0,"-28.65531, -59.42548",Ruta,11,EL SOMBRERITO,General Obligado,Asfalto,Natural,IX,S/D,Rural,Ninguna,No existe,Curva,Bueno,Reducida,Nocturna,Buen Tiempo,Atropello animal,S/D,Atropello,Ninguna,Faltante,Línea divisoria pintada,Sin restricción
2018,2782,2018-06-07,Jueves,0,15:00:00,,0.0,2,"Automóvil,Moto/Ciclomotor",Av San Martin Y General Richieri,2,0,1,0,1,0,0,"-32.799027525592, -60.721605389052",Avenida,,FRAY LUIS BELTRÁN,San Lorenzo,Asfalto,Pavimento,XVII,Dentro,Urbana,Semáforo,Funciona,Recta,Bueno,Buena,Diurna,Buen Tiempo,Frontal,S/D,Colisión,Ninguna,Vertical,Ninguna,Sin restricción
2018,2783,2018-05-18,Viernes,0,17:00:00,,0.0,2,"Moto/Ciclomotor,Automóvil",Francia Y Bartolome Mitre,2,1,0,0,1,0,0,"-33.753694444444,-61.972416666667",Calle,,VENADO TUERTO,General López,Asfalto,No existe,VIII,Dentro,Urbana,Ninguna,No existe,Intersección,Bueno,Buena,Diurna,Buen Tiempo,S/D,S/D,Colisión,Ninguna,S/D,Ninguna,Sin restricción
2018,2784,2018-06-05,Martes,0,17:30:00,,0.0,2,"Moto/Ciclomotor,Automóvil",Av San Martin Y San Luis,2,1,0,0,1,0,0,"-32.753555555556,-60.734222222222",S/D,,SAN LORENZO,San Lorenzo,S/D,S/D,XVII,S/D,S/D,S/D,S/D,S/D,S/D,S/D,S/D,S/D,S/D,S/D,S/D,S/D,S/D,S/D,S/D
2018,2785,2018-06-10,Domingo,0,16:40:00,,0.0,1,Automóvil,Guido Spano 280,2,1,0,0,1,0,0,"-32.781217657733, -60.731025307112",Calle,,FRAY LUIS BELTRÁN,San Lorenzo,Asfalto,Pavimento,XVII,Dentro,Urbana,Ninguna,No existe,Recta,Bueno,S/D,Diurna,Buen Tiempo,Contra objeto fijo,S/D,Despiste,Ninguna,Faltante,Ninguna,Sin restricción
2018,2786,2018-06-18,Lunes,0,08:40:00,,0.0,2,"Automóvil,Automóvil",Morris W Y 3 de Febrero,2,0,0,0,1,0,1,"-32.743861111111,-60.74475",S/D,,SAN LORENZO,San Lorenzo,S/D,S/D,XVII,S/D,S/D,S/D,S/D,S/D,S/D,S/D,S/D,S/D,S/D,S/D,S/D,S/D,S/D,S/D,S/D
2018,2787,2018-05-14,Lunes,0,11:30:00,Ruta Nacional 11,606.0,2,"Automóvil,Peatón", ,3,1,0,0,2,0,0,"-30.4833, -60.4167",Ruta,11,SILVA,San Justo,Asfalto,Natural,XVI,Dentro,Rural,Otra Señal,No existe,Recta,Bueno,Buena,Diurna,Buen Tiempo,S/D,Peatón,Atropello,Ninguna,Horizontal,Ninguna,Reparación de Vía
2018,2789,2018-06-18,Lunes,0,13:00:00,,0.0,2,"Bicicleta,Automóvil",General Lopez Y Rivadavia,2,1,0,0,0,0,1,"-32.750555555556,-60.735305555556",S/D,,SAN LORENZO,San Lorenzo,S/D,S/D,XVII,S/D,S/D,S/D,S/D,S/D,S/D,S/D,S/D,S/D,S/D,Ciclista,Atropello,S/D,S/D,S/D,S/D
2018,2790,2018-05-11,Viernes,0,13:00:00,,0.0,2,"Moto/Ciclomotor,Moto/Ciclomotor",Gral Roca Y Bv Kenmis,2,2,0,0,0,0,0,"-32.478777777778,-61.57025",Avenida,,LAS ROSAS,Belgrano,Hormigón,No existe,III,S/D,Urbana,Ninguna,No existe,Intersección,Bueno,Buena,Diurna,Buen Tiempo,Lateral,S/D,Colisión,Agua,Faltante,Ninguna,Sin restricción
2018,2791,2018-06-20,Miercoles,0,,,0.0,1,Moto/Ciclomotor,Bv Oro?o Y Franciscanos,1,1,0,0,0,0,0,"-32.732916666667,-60.748333333333",S/D,,SAN LORENZO,San Lorenzo,S/D,S/D,XVII,S/D,S/D,S/D,S/D,S/D,S/D,S/D,S/D,S/D,S/D,S/D,S/D,S/D,S/D,S/D,S/D
2018,2792,2018-05-05,Sabado,0,13:30:00,,0.0,2,"Camión,Automóvil",Alvear Y Castellanos,2,1,0,0,1,0,0,"-31.636,-60.69625",Calle,,SANTA FE,La Capital,Asfalto,No existe,I,Dentro,Urbana,S/D,No existe,Intersección,Bueno,S/D,Diurna,S/D,Lateral,S/D,Colisión,S/D,S/D,S/D,S/D
2018,2793,2018-06-24,Domingo,0,16:05:00,,0.0,2,"Pickup/Utilitario,Moto/Ciclomotor",Av San Martin Y 3 de Febrero,3,0,0,0,0,0,3,"-32.744027777778,-60.734027777778",S/D,,SAN LORENZO,San Lorenzo,S/D,S/D,XVII,S/D,S/D,S/D,S/D,S/D,S/D,S/D,S/D,S/D,S/D,S/D,S/D,S/D,S/D,S/D,S/D
2018,2794,2018-05-05,Sabado,0,21:30:00,,0.0,2,"Moto/Ciclomotor,Automóvil",Balcarce Y San Luis,2,1,0,0,1,0,0,"-31.637277777778,-60.700027777778",Calle,,SANTA FE,La Capital,Asfalto,No existe,I,Dentro,Urbana,S/D,No existe,Intersección,Bueno,S/D,Nocturna,S/D,Lateral,S/D,Colisión,S/D,S/D,S/D,S/D
2018,2795,2018-06-25,Lunes,0,17:10:00,,0.0,2,"Automóvil,Automóvil",Cordoba Y 9 de Julio,3,1,0,0,2,0,0,"-32.717122909051, -60.733322073129",Calle,,PUERTO SAN MARTÍN,San Lorenzo,Asfalto,No existe,XVII,Dentro,Urbana,Ninguna,No existe,Intersección,Bueno,Buena,Diurna,Buen Tiempo,Lateral,S/D,Colisión,Ninguna,Faltante,Ninguna,Sin restricción
2018,2796,2018-06-23,Sabado,0,05:00:00,,0.0,1,Moto/Ciclomotor,Julian Cervera Y Av San Martin,1,1,0,0,0,0,0,"-32.76095, -60.7325",S/D,,SAN LORENZO,San Lorenzo,S/D,S/D,XVII,S/D,S/D,S/D,S/D,S/D,S/D,S/D,S/D,S/D,S/D,S/D,S/D,S/D,S/D,S/D,S/D
2018,2797,2018-05-01,Martes,0,11:00:00,,0.0,2,"Moto/Ciclomotor,Automóvil",Lavalle Y Luciano Molinas,2,1,0,0,1,0,0,"-31.634666666667,-60.689055555556",Calle,,SANTA FE,La Capital,Asfalto,No existe,I,Dentro,Urbana,S/D,No existe,Intersección,Bueno,S/D,Diurna,S/D,Lateral,S/D,Colisión,S/D,S/D,S/D,S/D
2018,2798,2018-06-24,Domingo,0,19:40:00,,0.0,1,Moto/Ciclomotor,San Juan Y Irigoyen,2,2,0,0,0,0,0,"-32.751444444444,-60.736416666667",S/D,,SAN LORENZO,San Lorenzo,S/D,S/D,XVII,S/D,S/D,S/D,S/D,S/D,S/D,S/D,S/D,S/D,S/D,S/D,S/D,S/D,S/D,S/D,S/D
2018,2799,2018-05-02,Miercoles,0,01:40:00,,0.0,1,Moto/Ciclomotor,PUENTE ORO?O ,2,1,0,0,1,0,0,"-31.64049, -60.68273",S/D,,SANTA FE,La Capital,Hormigón,No existe,I,S/D,Urbana,S/D,No existe,Recta,Bueno,S/D,Nocturna,S/D,S/D,S/D,Despiste,S/D,S/D,S/D,S/D
2018,2800,2018-05-18,Viernes,0,21:20:00,,0.0,2,"Bicicleta,Automóvil",Lavalle Y San Lorenzo,2,1,0,0,1,0,0,"-32.477722222222,-61.577972222222",Calle,,LAS ROSAS,Belgrano,Hormigón,No existe,III,Dentro,Urbana,Ninguna,No existe,Cruce,Bueno,Buena,"Nocturna,Con luz artificial",Buen Tiempo,Lateral,Ciclista,Atropello,Ninguna,S/D,Ninguna,Sin restricción
2018,2801,2018-05-02,Miercoles,0,17:15:00,,0.0,2,"Automóvil,Moto/Ciclomotor",Las Heras Y Eva Peron,2,1,0,0,1,0,0,"-31.645527777778,-60.700222222222",Calle,,SANTA FE,La Capital,Asfalto,No existe,I,Dentro,Urbana,S/D,No existe,Intersección,Bueno,S/D,Diurna,S/D,Lateral,S/D,Colisión,S/D,S/D,S/D,S/D
2018,2802,2018-06-15,Viernes,0,15:30:00,Autopista Provincial Brigadier E.López,22.0,2,"Moto/Ciclomotor,Automóvil", ,2,1,0,0,1,0,0,"-32.69667, -60.78689",Autopista,Brigadier E.López,PUERTO SAN MARTÍN,San Lorenzo,Asfalto,Natural,XVII,S/D,Rural,Ninguna,No existe,Recta,Bueno,Buena,Diurna,Buen Tiempo,Otro,S/D,Colisión,Ninguna,S/D,Ninguna,Sin restricción
2018,2803,2018-06-25,Lunes,0,13:45:00,,0.0,2,"Camión Chasis,Automóvil",Uriburu Y Jose Ingenieros,3,2,0,0,1,0,0,"-32.740027777778,-60.740361111111",S/D,,SAN LORENZO,San Lorenzo,S/D,S/D,XVII,S/D,S/D,S/D,S/D,S/D,S/D,S/D,S/D,S/D,S/D,S/D,S/D,S/D,S/D,S/D,S/D
2018,2804,2018-05-14,Lunes,0,21:00:00,,0.0,2,"Bicicleta,Automóvil",San Lorenzo Y Guillermo Benitez,2,1,0,0,1,0,0,"-32.474361111111,-61.577083333333",Calle,,LAS ROSAS,Belgrano,Asfalto,Pavimento,III,Dentro,Urbana,Ninguna,No existe,Intersección,Bueno,Reducida,Nocturna,Buen Tiempo,Frontal,Ciclista,Atropello,Ninguna,Faltante,Ninguna,Sin restricción
2018,2805,2018-06-15,Viernes,0,11:45:00,Ruta Nacional 11,333.0,2,"Moto/Ciclomotor,Automóvil", ,3,2,0,0,1,0,0,"-30.12188, -60.33248",Ruta,11,PUERTO SAN MARTÍN,San Lorenzo,Asfalto,Natural,XVII,S/D,Rural,Ninguna,No existe,Recta,Bueno,Buena,Diurna,Buen Tiempo,De alcance,S/D,Colisión,Ninguna,Horizontal,Ninguna,Sin restricción
2018,2806,2018-04-20,Viernes,0,09:30:00,,0.0,2,"Moto/Ciclomotor,Automóvil",Tarragona Y Pje. Cabanellas,2,0,1,0,1,0,0,"-32.932611111111,-60.734388888889",Calle,,ROSARIO,Rosario,Asfalto,No existe,II,Dentro,Urbana,Ninguna,No existe,Intersección,Bueno,Buena,Diurna,Buen Tiempo,Lateral,S/D,Colisión,Ninguna,S/D,Ninguna,Sin restricción
2018,2807,2018-04-25,Miercoles,0,15:20:00,,0.0,2,"Bicicleta,Automóvil",Juez Zuviria Y Av. Eva Peron,2,1,0,0,1,0,0,"-32.930305555556,-60.728555555556",Avenida,,ROSARIO,Rosario,Asfalto,No existe,II,Dentro,Urbana,Ninguna,S/D,Intersección,Bueno,Buena,Diurna,Buen Tiempo,Contra objeto fijo,S/D,Colisión,Ninguna,S/D,Ninguna,Sin restricción
2018,2808,2018-03-04,Domingo,0,05:10:00,,0.0,2,"Automóvil,Moto/Ciclomotor",Rivadavia Y Irigoyen,3,1,0,0,2,0,0,"-32.750555555556,-60.736388888889",Calle,,SAN LORENZO,San Lorenzo,Hormigón,No existe,XVII,Dentro,Urbana,Ninguna,No existe,Intersección,Otro,S/D,Nocturna,Otro,Otro,S/D,Colisión,Ninguna,Faltante,Ninguna,S/D
2018,2809,2018-03-06,Martes,0,06:50:00,Ruta Nacional A012,0.0,1,Moto/Ciclomotor, ,1,1,0,0,0,0,0,"-32.765061578502, -60.750597169955",Ruta,A012,SAN LORENZO,San Lorenzo,Asfalto,Natural,XVII,Dentro,Rural,S/D,No existe,Recta,Otro,S/D,Amanecer,Otro,S/D,S/D,Caída ocupante,Ninguna,Faltante,Vegetación,S/D
2018,2810,2018-03-04,Domingo,0,09:40:00,,0.0,1,Moto/Ciclomotor,Bv Mariano Moreno 700,1,1,0,0,0,0,0,"-30.320336, -61.230074",Avenida,,SAN CRISTÓBAL,San Cristóbal,Hormigón,No existe,XIII,Dentro,Urbana,Ninguna,No existe,Recta,Deteriorada,Buena,Diurna,Buen Tiempo,Contra objeto fijo,S/D,Colisión,Ninguna,Faltante,Ninguna,Sin restricción
2018,2811,2018-03-10,Sabado,0,11:00:00,,0.0,2,"Moto/Ciclomotor,Camión c / Acoplado", ,2,1,0,0,1,0,0,"-32.73127,-60.758969",Calle,,SAN LORENZO,San Lorenzo,S/D,No existe,XVII,Dentro,Urbana,S/D,S/D,Intersección,Otro,S/D,Diurna,Otro,S/D,S/D,Colisión,Ninguna,S/D,Ninguna,S/D
2018,2812,2018-03-10,Sabado,0,23:45:00,,0.0,1,Moto/Ciclomotor,San Lorenzo 430,1,1,0,0,0,0,0,"-30.316718, -61.244039",Calle,,SAN CRISTÓBAL,San Cristóbal,Tierra,No existe,XIII,Dentro,Urbana,Ninguna,No existe,Recta,Bueno,Buena,Nocturna,Buen Tiempo,Contra objeto fijo,S/D,Colisión,Ninguna,Faltante,Ninguna,Sin restricción
2018,2813,2018-03-26,Lunes,0,17:40:00,Ruta Nacional 11,325.0,2,"Automóvil,Moto/Ciclomotor", ,2,1,0,0,1,0,0,"-32.775296,-60.728704",Ruta,11,SAN LORENZO,San Lorenzo,Asfalto,No existe,XVII,Dentro,Urbana,Ninguna,No existe,Recta,Otro,S/D,Diurna,Otro,S/D,S/D,Colisión,Ninguna,Faltante,"Cordón divisorio,S/D",S/D
2018,2814,2018-03-03,Sabado,0,22:20:00,,0.0,2,"Automóvil,Peatón",Av. de los Trabaj. Ferroviario 1100,2,0,1,0,1,0,0,"-30.308334, -61.236441",Avenida,,SAN CRISTÓBAL,San Cristóbal,Asfalto,No existe,XIII,Dentro,Urbana,Ninguna,No existe,Recta,Bueno,Buena,Nocturna,Buen Tiempo,S/D,Peatón,Atropello,Ninguna,Faltante,Cordón divisorio,S/D
2018,2815,2018-04-26,Jueves,0,20:45:00,,0.0,2,"Peatón,Moto/Ciclomotor",Tarragona Y Av. Genova,2,1,0,0,1,0,0,"-32.916583333333,-60.735138888889",Avenida,,ROSARIO,Rosario,Asfalto,No existe,II,Dentro,Urbana,Ninguna,No existe,Intersección,Bueno,Buena,Nocturna,Buen Tiempo,S/D,Peatón,Atropello,Ninguna,Faltante,Ninguna,Sin restricción
2018,2816,2018-03-24,Sabado,0,17:30:00,,0.0,2,"Moto/Ciclomotor,Automóvil",Santiago del Estero Y Dorrego,4,2,0,0,1,0,1,"-32.741277777778,-60.737138888889",Calle,,SAN LORENZO,San Lorenzo,Hormigón,No existe,XVII,Dentro,Urbana,Semáforo,Funciona,Intersección,Otro,S/D,Diurna,Otro,S/D,S/D,Colisión,S/D,Vertical,Ninguna,S/D
2018,2817,2018-03-12,Lunes,0,06:00:00,,0.0,1,Moto/Ciclomotor,Av. de los Trabaj. Ferroviario Y Oro?o,1,1,0,0,0,0,0,"-30.320552, -61.239544",Calle,,SAN CRISTÓBAL,San Cristóbal,Tierra,No existe,XIII,Dentro,Urbana,Ninguna,No existe,Intersección,Deteriorada,Reducida,Amanecer,Buen Tiempo,S/D,S/D,Despiste,Ninguna,Faltante,Ninguna,Sin restricción
2018,2818,2018-03-23,Viernes,0,17:15:00,Ruta Nacional A012,0.0,2,"Bicicleta,Automóvil",Velez Sarsfield Y Gdor Saavedra - Ruta 12,2,1,0,0,1,0,0,"-32.767944444444,-60.734277777778",Ruta,A012,SAN LORENZO,San Lorenzo,Hormigón,Pavimento,XVII,Dentro,Urbana,Semáforo,Funciona,Intersección,Otro,S/D,Diurna,Otro,S/D,Ciclista,Atropello,Ninguna,Vertical,Cordón divisorio,S/D
2018,2819,2018-03-21,Miercoles,0,07:30:00,,0.0,2,"Automóvil,Moto/Ciclomotor",J J Passo Y Peru,2,1,0,0,1,0,0,"-32.92025448221,-60.712228677207",Calle,,SAN LORENZO,San Lorenzo,S/D,No existe,XVII,Dentro,Urbana,S/D,No existe,Otro,Otro,S/D,Diurna,Otro,S/D,S/D,Colisión,S/D,Faltante,Ninguna,S/D
2018,2820,2018-04-27,Viernes,0,08:15:00,,0.0,2,"Automóvil,Moto/Ciclomotor",Muniagurria Y Pje. Gonzalez Sabathie,2,1,0,0,1,0,0,"-32.931555555556,-60.733222222222",Calle,,ROSARIO,Rosario,Asfalto,No existe,II,Dentro,Urbana,Ninguna,No existe,Intersección,Bueno,Buena,Diurna,Buen Tiempo,Lateral,S/D,Colisión,Ninguna,S/D,Ninguna,Sin restricción
2018,2821,2018-03-12,Lunes,0,04:15:00,Ruta Provincial 2,220.0,2,"Camión c / Acoplado,Automóvil", ,2,2,0,0,0,0,0,"-30.17008, -61.18545",Ruta,2,LA CABRAL,San Cristóbal,Asfalto,Natural,XIII,Dentro,Rural,Ninguna,No existe,Recta,Bueno,Buena,Nocturna,Buen Tiempo,Frontal,S/D,Colisión,Ninguna,Horizontal,Línea divisoria pintada,S/D
2018,2822,2018-03-19,Lunes,0,16:20:00,,0.0,2,"Moto/Ciclomotor,Camión Chasis",Sargento Cabral ,2,1,0,0,1,0,0,"-32.749721,-60.730801",Calle,,SAN LORENZO,San Lorenzo,S/D,No existe,XVII,Dentro,Urbana,S/D,S/D,Recta,Otro,S/D,Diurna,Otro,S/D,S/D,Colisión,Ninguna,S/D,Ninguna,S/D
2018,2823,2018-04-23,Lunes,0,14:20:00,,0.0,2,"Automóvil,Moto/Ciclomotor",J.J.Paso Y Juarez Celman,2,1,0,0,1,0,0,"-32.921361111111,-60.753944444444",Calle,,ROSARIO,Rosario,Asfalto,No existe,II,Dentro,Urbana,S/D,No existe,Intersección,Bueno,Buena,Diurna,Buen Tiempo,S/D,S/D,Colisión,Ninguna,S/D,S/D,Sin restricción
2018,2824,2018-03-13,Martes,0,05:30:00,Ruta Provincial 2,235.0,1,Automóvil, ,1,1,0,0,0,0,0,"-30.022650, -61.207638",Ruta,2,HUANQUEROS,San Cristóbal,Asfalto,Natural,XIII,Dentro,Rural,Ninguna,S/D,Recta,Bueno,Buena,Nocturna,Buen Tiempo,Atropello animal,S/D,Colisión,Ninguna,Horizontal,Línea divisoria pintada,Sin restricción
2018,2825,2018-03-16,Viernes,0,14:50:00,Ruta Nacional 11,0.0,2,"Moto/Ciclomotor,Moto/Ciclomotor",San Martin Y Juan de Garay,2,2,0,0,0,0,0,"-32.810974360632, -60.717920518482",Ruta,11,CAPITÁN BERMÚDEZ,San Lorenzo,"Asfalto,Hormigón",Pavimento,XVII,Dentro,Urbana,Ninguna,No existe,Intersección,S/D,S/D,Diurna,S/D,S/D,S/D,Colisión,S/D,Faltante,Línea divisoria pintada,S/D