anio_acci,nro_acci,fecha,desc_dia,fecha_aprox,hora_aprox,desc_ruta,km,cant_participantes,desc_participante,calle_avenida_km,total,heridos_leves,heridos_graves,heridos_gravisimos,ilesos,fallecidos,sin_datos,posicion_XY,desc_tipo_via,desc_ruta_ori,desc_loc,desc_dpto,desc_tipo_calzada,desc_tipo_banquina,desc_unidad_regional,desc_lugar_calzada,desc_zona,desc_prioridad,desc_estado_semaforo,desc_lugar_via,desc_estado_via,desc_estado_visibilidad,desc_luminosidad,desc_estado_clima,desc_tipo_colision,desc_tipo_atropello,desc_tipo_hecho,desc_pres_calzada,desc_senializacion,desc_separacion_via,desc_restriccion
2018,2826,2018-03-17,Sabado,0,22:50:00,Ruta Nacional 34,0.0,2,"Pickup/Utilitario,Automóvil",Bvard Bernardo de Irigoyen Y Ruta  NAC 34 / Corrientes,4,2,1,0,1,0,0,"-29.870011, -61.942984",Ruta,34,CERES,San Cristóbal,Asfalto,Ripio,XIII,Fuera,Urbana,Ninguna,No existe,Intersección,Bueno,Buena,Nocturna,Buen Tiempo,Lateral,S/D,Colisión,Ninguna,Horizontal,Línea divisoria pintada,Sin restricción
2018,2827,2018-03-20,Martes,0,16:00:00,,0.0,1,Automóvil,10 de Febrero 068,2,1,0,0,1,0,0,"-32.821555555556,-60.712722222222",Calle,,CAPITÁN BERMÚDEZ,San Lorenzo,Asfalto,No existe,XVII,Dentro,Urbana,S/D,S/D,Intersección,Bueno,Buena,S/D,S/D,S/D,S/D,Despiste,Ninguna,S/D,Ninguna,Sin restricción
2018,2828,2018-03-21,Miercoles,0,17:15:00,,0.0,2,"Automóvil,Moto/Ciclomotor",C Escalada ,2,1,0,0,1,0,0,"-32.819162,-60.710349",Calle,,CAPITÁN BERMÚDEZ,San Lorenzo,Asfalto,No existe,XVII,Dentro,Urbana,Ninguna,No existe,Intersección,Bueno,S/D,Diurna,S/D,S/D,S/D,Colisión,Ninguna,Faltante,Ninguna,Sin restricción
2018,2829,2018-03-24,Sabado,0,18:55:00,Ruta Nacional 11,0.0,2,"Automóvil,Moto/Ciclomotor",Av San Lorenzo Y Laprida,2,1,0,0,1,0,0,"-32.803166666667,-60.720305555556",Ruta,11,CAPITÁN BERMÚDEZ,San Lorenzo,Asfalto,No existe,XVII,Dentro,Urbana,S/D,No existe,Intersección,S/D,S/D,Atardecer,S/D,S/D,S/D,Colisión,S/D,Faltante,Línea divisoria pintada,S/D
2018,2830,2018-03-17,Sabado,0,22:20:00,,0.0,2,"Automóvil,Moto/Ciclomotor",Bv Rivadavia Y San Lorenzo,3,1,1,0,1,0,0,"-30.304626, -61.241054",Avenida,,SAN CRISTÓBAL,San Cristóbal,"Asfalto,Ripio",No existe,XIII,Dentro,Urbana,Ninguna,No existe,Intersección,Bueno,Buena,"Nocturna,Con luz artificial",Buen Tiempo,Lateral,S/D,Colisión,Ninguna,Faltante,"Cordón divisorio,Vegetación",Sin restricción
2018,2831,2018-03-28,Miercoles,0,17:50:00,Ruta Nacional 11,0.0,2,"Moto/Ciclomotor,Peatón",Av San Lorenzo Y Simon Bolivar,3,2,0,0,0,1,0,"-32.814912848629, -60.716658254092",Ruta,11,CAPITÁN BERMÚDEZ,San Lorenzo,Asfalto,Natural,XVII,Dentro,Urbana,Ninguna,No existe,Intersección,S/D,S/D,Diurna,Buen Tiempo,S/D,Peatón,Atropello,S/D,Faltante,Línea divisoria pintada,S/D
2018,2832,2018-03-29,Jueves,0,22:30:00,,0.0,2,"Automóvil,Moto/Ciclomotor",Cabildo Y Jose Hernandez,2,1,0,0,1,0,0,"-32.803388888889,-60.723888888889",Calle,,CAPITÁN BERMÚDEZ,San Lorenzo,Tierra,No existe,XVII,Dentro,Urbana,Ninguna,No existe,Intersección,Bueno,Buena,Nocturna,Buen Tiempo,S/D,S/D,Colisión,Ninguna,Faltante,Ninguna,Sin restricción
2018,2833,2018-03-31,Sabado,0,05:00:00,Ruta Nacional 11,0.0,2,"Automóvil,Automóvil",Av San Lorenzo Y Porvenir,3,2,0,0,1,0,0,"-32.804861111111,-60.719777777778",Ruta,11,CAPITÁN BERMÚDEZ,San Lorenzo,Asfalto,Natural,XVII,Dentro,Urbana,S/D,No existe,Intersección,Bueno,Buena,Amanecer,Buen Tiempo,S/D,S/D,Colisión,S/D,Faltante,Línea divisoria pintada,S/D
2018,2834,2018-03-10,Sabado,0,13:30:00,,0.0,2,"Automóvil,Moto/Ciclomotor",La Plata 1660,3,2,0,0,1,0,0,"-32.860277382983, -61.148151068689",Calle,,CARCARAÑÁ,San Lorenzo,Asfalto,No existe,XVII,Dentro,Urbana,S/D,No existe,Recta,Bueno,Buena,Diurna,Buen Tiempo,Lateral,S/D,Colisión,Ninguna,Faltante,Ninguna,S/D
2018,2835,2018-03-13,Martes,0,09:00:00,Ruta Nacional 34,0.0,2,"Camión c / Acoplado,Camión c / Acoplado", ,2,1,0,0,1,0,0,"-32.820818867596, -60.840969632655",Ruta,34,RICARDONE,San Lorenzo,Asfalto,Ripio,XVII,Dentro,Rural,Señal Pare,No existe,Cruce,Bueno,Buena,Diurna,Buen Tiempo,Lateral,S/D,Colisión,Ninguna,"Horizontal,Vertical",S/D,S/D
2018,2836,2018-03-01,Jueves,0,07:00:00,Ruta Provincial Brigadier E.López,9.0,4,"Automóvil,Automóvil,Automóvil,Automóvil", ,10,1,2,0,7,0,0,"-32.775504284738, -60.748072865429",Ruta,Brigadier E.López,RICARDONE,San Lorenzo,Asfalto,Natural,XVII,Dentro,Rural,S/D,No existe,Recta,Bueno,Buena,Diurna,Buen Tiempo,Múltiple,S/D,Colisión,Ninguna,Horizontal,S/D,S/D
2018,2837,2018-05-05,Sabado,0,21:30:00,,0.0,2,"Automóvil,Moto/Ciclomotor",Balcarce Y San Luis,2,1,0,0,1,0,0,"-31.637277777778,-60.700027777778",Calle,,SANTA FE,La Capital,Asfalto,No existe,I,Dentro,Urbana,S/D,No existe,Intersección,Bueno,S/D,Nocturna,S/D,Lateral,S/D,Colisión,S/D,S/D,S/D,S/D
2018,2838,2018-05-01,Martes,0,16:40:00,,0.0,2,"Moto/Ciclomotor,Pickup/Utilitario",Sargento Cabral 1145,2,1,0,0,1,0,0,"-31.642666666667,-60.688527777778",Calle,,SANTA FE,La Capital,Asfalto,No existe,I,Dentro,Urbana,S/D,No existe,Recta,Bueno,S/D,Diurna,S/D,Lateral,S/D,Colisión,S/D,S/D,S/D,S/D
2018,2839,2018-05-08,Martes,0,13:00:00,,0.0,2,"Automóvil,Peatón",Balcarce Y Dorrego,2,1,0,0,1,0,0,"-31.640055555556,-60.68725",Calle,,SANTA FE,La Capital,Asfalto,No existe,I,Dentro,Urbana,S/D,No existe,Intersección,Bueno,S/D,Diurna,S/D,S/D,Peatón,Atropello,S/D,S/D,S/D,S/D
2018,2840,2018-05-09,Miercoles,0,09:30:00,,0.0,2,"Moto/Ciclomotor,Peatón",Bv GÁLVEZ Y Necochea,2,2,0,0,0,0,0,"-31.637305555556,-60.694361111111",Calle,,SANTA FE,La Capital,Asfalto,No existe,I,Dentro,Urbana,S/D,Funciona,Intersección,Bueno,S/D,Diurna,S/D,S/D,Peatón,Atropello,S/D,S/D,S/D,S/D
2018,2841,2018-05-29,Martes,0,12:45:00,,0.0,2,"Pickup/Utilitario,Moto/Ciclomotor",Av Blas Parera Y J Castelli,2,1,0,0,1,0,0,"-31.600527777778,-60.721666666667",Calle,,SANTA FE,La Capital,Asfalto,No existe,I,S/D,Urbana,Semáforo,Funciona,Intersección,Bueno,Buena,Diurna,Buen Tiempo,Lateral,S/D,Colisión,Ninguna,Vertical,Línea divisoria pintada,Sin restricción
2018,2842,2018-06-13,Miercoles,0,09:00:00,,0.0,2,"Automóvil,Peatón",Piton Y 9 de Julio,2,1,0,0,1,0,0,"-32.711633283913, -60.732142746421",Calle,,PUERTO SAN MARTÍN,San Lorenzo,Asfalto,No existe,XVII,Fuera,Urbana,Ninguna,No existe,Recta,Bueno,Buena,Diurna,Buen Tiempo,Otro,Peatón,Atropello,Ninguna,Faltante,Ninguna,Sin restricción
2018,2843,2018-05-12,Sabado,0,18:00:00,Ruta Nacional 178,178.5,2,"Automóvil,Moto/Ciclomotor",Ruta 178 Y Cortada 23 Bis,3,3,0,0,0,0,0,"-32.68032, -61.52701",Ruta,178,LAS PAREJAS,Belgrano,Asfalto,Pavimento,II,S/D,Urbana,Ninguna,No existe,Intersección,Bueno,Buena,Diurna,Buen Tiempo,Lateral,S/D,Colisión,Ninguna,Horizontal,Ninguna,Sin restricción
2018,2844,2018-05-23,Miercoles,0,13:35:00,,0.0,2,"Moto/Ciclomotor,Automóvil",Hernandarias Y Chiclana,2,1,0,0,1,0,0,"-31.59975,-60.730888888889",Calle,,SANTA FE,La Capital,Ripio,Natural,I,S/D,Urbana,Ninguna,No existe,Intersección,Con baches,Buena,Diurna,Buen Tiempo,Lateral,S/D,Colisión,Ninguna,Faltante,Ninguna,Sin restricción
2018,2845,2018-06-30,Sabado,0,17:30:00,,0.0,2,"Taxi/Remis,Moto/Ciclomotor",M de Iriondo Y Vieytes,4,3,0,0,0,0,1,"-32.754166666667,-60.739277777778",S/D,,SAN LORENZO,San Lorenzo,S/D,S/D,XVII,S/D,S/D,S/D,S/D,S/D,S/D,S/D,S/D,S/D,S/D,S/D,S/D,S/D,S/D,S/D,S/D
2018,2846,2018-05-27,Domingo,0,11:15:00,,0.0,2,"Pickup/Utilitario,Moto/Ciclomotor",Azcuenaga 4750,2,1,0,0,1,0,0,"-31.588332, -60.719048",Calle,,SANTA FE,La Capital,Asfalto,Pavimento,I,S/D,Urbana,S/D,No existe,Intersección,Bueno,Buena,Nocturna,S/D,S/D,S/D,S/D,Ninguna,Faltante,S/D,S/D
2018,2847,2018-06-12,Martes,0,08:00:00,Ruta Nacional 11,0.0,4,"Camión c / Acoplado,Pickup/Utilitario,Automóvil,Pickup/Utilitario",Ruta Nac 11 Y Ruta 18 S,4,1,0,0,3,0,0,"-32.713045301985, -60.757053622977",Ruta,11,PUERTO SAN MARTÍN,San Lorenzo,Asfalto,Ripio,XVII,Dentro,Urbana,Ninguna,No existe,Intersección,Con baches,Buena,Diurna,Buen Tiempo,Múltiple,S/D,Colisión,Ninguna,Faltante,Ninguna,Sin restricción
2018,2848,2018-05-11,Viernes,0,07:00:00,,0.0,1,Moto/Ciclomotor,Calle 9 ,2,2,0,0,0,0,0,"-32.68773, -61.5231",Calle,,LAS PAREJAS,Belgrano,Hormigón,No existe,III,Dentro,Urbana,Ninguna,No existe,Recta,Resbaladiza,Reducida,Nocturna,Lluvia,Lateral,S/D,Caída ocupante,Agua,Vertical,Ninguna,Sin restricción
2018,2849,2018-05-19,Sabado,0,14:00:00,,0.0,2,"Moto/Ciclomotor,Moto/Ciclomotor",Av Blas Parera Y Don Guanella,4,3,0,0,1,0,0,"-31.594333333333,-60.723583333333",Avenida,,SANTA FE,La Capital,Hormigón,No existe,I,Dentro,Urbana,Semáforo,Funciona,Recta,Bueno,Buena,Diurna,Buen Tiempo,"De alcance,Frontal",S/D,Colisión,Ninguna,"Horizontal,Vertical",Cordón divisorio,Sin restricción
2018,2850,2018-06-25,Lunes,0,,,0.0,2,"Bicicleta,Automóvil",Urquiza Y Irigoyen,2,1,0,0,1,0,0,"-32.74775,-60.736305555556",S/D,,SAN LORENZO,San Lorenzo,S/D,S/D,XVII,S/D,S/D,S/D,S/D,S/D,S/D,S/D,S/D,S/D,S/D,Ciclista,Atropello,S/D,S/D,S/D,S/D
2018,2851,2018-05-19,Sabado,0,17:00:00,,0.0,2,"Moto/Ciclomotor,Automóvil",J P Lopez Y Juan Diaz de Solis,3,2,0,0,1,0,0,"-31.603972222222,-60.714666666667",Calle,,SANTA FE,La Capital,Hormigón,No existe,I,Dentro,Urbana,Ninguna,No existe,Intersección,Con baches,Buena,Diurna,Buen Tiempo,Lateral,S/D,Colisión,Material Suelto,Faltante,Ninguna,Sin restricción
2018,2852,2018-05-10,Jueves,0,08:15:00,,0.0,2,"Moto/Ciclomotor,Moto/Ciclomotor",Calle 28 ,2,2,0,0,0,0,0,"-32.68096, -61.51196",Calle,,LAS PAREJAS,Belgrano,Hormigón,No existe,III,Dentro,Urbana,Ninguna,No existe,Recta,Resbaladiza,Reducida,Diurna,Lluvia,Frontal,S/D,Colisión,Agua,Vertical,Ninguna,Sin restricción
2018,2853,2018-06-26,Martes,0,23:00:00,,0.0,2,"Camión Chasis,Moto/Ciclomotor",Irigoyen Y Luis Borghi,2,0,1,0,1,0,0,"-32.755527777778,-60.736527777778",S/D,,SAN LORENZO,San Lorenzo,S/D,S/D,XVII,S/D,S/D,S/D,S/D,S/D,S/D,S/D,S/D,S/D,S/D,S/D,S/D,S/D,S/D,S/D,S/D
2018,2854,2018-06-11,Lunes,0,10:15:00,,0.0,2,"Moto/Ciclomotor,Otros",Cordoba Y Sgto Cabral,3,2,0,0,1,0,0,"-32.716585817884, -60.736261138694",Calle,,PUERTO SAN MARTÍN,San Lorenzo,Asfalto,No existe,XVII,Dentro,Urbana,Ninguna,No existe,Intersección,Bueno,Buena,Diurna,Buen Tiempo,Lateral,S/D,Colisión,Ninguna,Faltante,Ninguna,Sin restricción
2018,2855,2018-05-16,Miercoles,0,12:40:00,,0.0,2,"Automóvil,Automóvil",Jose Ignacio Gorriti Y Europa,2,1,0,0,1,0,0,"-31.585055555556,-60.716111111111",Calle,,SANTA FE,La Capital,Hormigón,No existe,I,S/D,Urbana,Semáforo,Funciona,Intersección,Bueno,Buena,Diurna,Buen Tiempo,Frontal,S/D,Colisión,Ninguna,Vertical,Cordón divisorio,Sin restricción
2018,2856,2018-06-27,Miercoles,0,18:50:00,,0.0,2,"Moto/Ciclomotor,Pickup/Utilitario",Santiago del Estero Y J J Passo,2,1,0,0,1,0,0,"-32.741166666667,-60.742555555556",S/D,,SAN LORENZO,San Lorenzo,S/D,S/D,XVII,S/D,S/D,S/D,S/D,S/D,S/D,S/D,S/D,S/D,S/D,S/D,S/D,S/D,S/D,S/D,S/D
2018,2857,2018-05-19,Sabado,0,10:45:00,,0.0,2,"Automóvil,Automóvil", ,2,1,0,0,1,0,0,"-32.68389, -61.5259",S/D,,LAS PAREJAS,Belgrano,Asfalto,Natural,III,Fuera,Rural,Ninguna,No existe,Recta,Bueno,Buena,Diurna,Buen Tiempo,Lateral,S/D,Colisión,Ninguna,Faltante,Línea divisoria pintada,Sin restricción
2018,2858,2018-05-21,Lunes,0,21:30:00,,0.0,2,"Moto/Ciclomotor,Automóvil",Av Blas Parera Y Matheu,2,1,0,0,1,0,0,"-31.586555555556,-60.725694444444",Calle,,SANTA FE,La Capital,Asfalto,Pavimento,I,Dentro,Urbana,Ninguna,Funciona,Intersección,Bueno,Buena,Diurna,Buen Tiempo,De alcance,S/D,Colisión,Ninguna,Faltante,Cordón divisorio,Sin restricción
2018,2859,2018-06-08,Viernes,0,12:00:00,,0.0,2,"Moto/Ciclomotor,Moto/Ciclomotor",Pte Hipolito Irigoyen Y Piton,2,2,0,0,0,0,0,"-32.708925428938, -60.747698077933",Calle,,PUERTO SAN MARTÍN,San Lorenzo,Asfalto,No existe,XVII,Dentro,Urbana,Policía de tránsito,No existe,Intersección,Bueno,Buena,Diurna,Buen Tiempo,De alcance,S/D,Colisión,Ninguna,Faltante,Ninguna,Sin restricción
2018,2860,2018-06-30,Sabado,0,23:40:00,Ruta Nacional 11,0.0,1,Moto/Ciclomotor, ,1,1,0,0,0,0,0,"-32.73575, -60.73412",Ruta,11,SAN LORENZO,San Lorenzo,S/D,S/D,XVII,S/D,S/D,S/D,S/D,S/D,S/D,S/D,S/D,S/D,S/D,S/D,S/D,S/D,S/D,S/D,S/D
2018,2861,2018-05-22,Martes,0,07:40:00,,0.0,2,"Automóvil,Moto/Ciclomotor",Estrada Y Boneo,2,1,0,0,1,0,0,"-31.599444444444,-60.717555555556",Calle,,SANTA FE,La Capital,Asfalto,Pavimento,I,Dentro,Urbana,Ninguna,No existe,Intersección,Bueno,Buena,Diurna,Buen Tiempo,De alcance,S/D,Colisión,Ninguna,Faltante,Ninguna,Sin restricción
2018,2862,2018-05-09,Miercoles,0,08:05:00,Ruta Nacional 9,372.0,2,"Moto/Ciclomotor,Tractor",Antartida Argentina 900,2,1,0,0,1,0,0,"-32.77337, -61.60897",Ruta,9,ARMSTRONG,Belgrano,Asfalto,Natural,III,Dentro,Urbana,Ninguna,No existe,Intersección,Bueno,Buena,Amanecer,Buen Tiempo,Lateral,S/D,Colisión,Ninguna,Vertical,Ninguna,Sin restricción
2018,2863,2018-05-12,Sabado,0,19:00:00,,0.0,2,"Pickup/Utilitario,Moto/Ciclomotor",Chiclana Y Pavon,4,2,0,0,2,0,0,"-31.58925,-60.727555555556",Calle,,SANTA FE,La Capital,Asfalto,No existe,I,Dentro,Urbana,Ninguna,No existe,Intersección,Bueno,Buena,Atardecer,Buen Tiempo,De alcance,S/D,Colisión,Ninguna,Faltante,Ninguna,Sin restricción
2018,2864,2018-06-05,Martes,0,18:15:00,,0.0,2,"Moto/Ciclomotor,Automóvil",9 de Julio Y Mendoza,2,1,0,0,1,0,0,"-32.716242495131, -60.733085403220",Calle,,PUERTO SAN MARTÍN,San Lorenzo,Asfalto,No existe,XVII,Dentro,Urbana,Policía de tránsito,No existe,Intersección,Bueno,Buena,Diurna,Buen Tiempo,Lateral,S/D,Colisión,Ninguna,Faltante,Ninguna,Sin restricción
2018,2865,2018-05-04,Viernes,0,11:10:00,,0.0,2,"Automóvil,Automóvil",Av Blas Parera Y Estanislao Zeballos,4,2,0,0,2,0,0,"-31.599527777778,-60.721972222222",Avenida,,SANTA FE,La Capital,Asfalto,No existe,I,S/D,Urbana,Semáforo,Funciona,Intersección,Bueno,Buena,Diurna,Buen Tiempo,S/D,S/D,Colisión,Ninguna,S/D,Ninguna,Sin restricción
2018,2866,2018-06-01,Viernes,0,19:20:00,,0.0,2,"Automóvil,Moto/Ciclomotor",Cordoba Y Reconquista,2,1,0,0,1,0,0,"-32.716199579786, -60.738492736594",Calle,,PUERTO SAN MARTÍN,San Lorenzo,Asfalto,No existe,XVII,Dentro,Urbana,Ninguna,No existe,Intersección,Bueno,Buena,Nocturna,Buen Tiempo,Lateral,S/D,Colisión,Ninguna,Faltante,Ninguna,Sin restricción
2018,2867,2018-05-09,Miercoles,0,08:35:00,Ruta Nacional 9,375.0,2,"Camión c / Acoplado,Automóvil", ,3,2,0,0,1,0,0,"-32.79142, -61.5043",Ruta,9,ARMSTRONG,Belgrano,Asfalto,Natural,III,S/D,Rural,Ninguna,No existe,Recta,Bueno,Buena,Diurna,Buen Tiempo,Lateral,S/D,Colisión,Ninguna,Faltante,Ninguna,Sin restricción
2018,2868,2018-06-01,Viernes,0,20:45:00,,0.0,2,"Pickup/Utilitario,Bicicleta",Cordoba Y GÁLVEZ,2,1,0,0,1,0,0,"-32.89508, -60.89899",Calle,,ROLDÁN,San Lorenzo,Asfalto,No existe,XVII,Dentro,Urbana,Ninguna,No existe,Intersección,Bueno,Buena,Con luz artificial,Buen Tiempo,Contra objeto fijo,Ciclista,Atropello,Ninguna,Faltante,Ninguna,Sin restricción
2018,2869,2018-05-11,Viernes,0,10:50:00,,0.0,2,"Moto/Ciclomotor,Automóvil",Av Pe?aloza Y Alberti,2,1,0,0,1,0,0,"-31.59775,-60.712194444444",Avenida,,SANTA FE,La Capital,Hormigón,No existe,I,Dentro,Urbana,Ninguna,No existe,Intersección,Bueno,Buena,Diurna,Buen Tiempo,Lateral,S/D,Colisión,Ninguna,Faltante,Cordón divisorio,Sin restricción
2018,2870,2018-05-26,Sabado,0,21:20:00,Ruta Nacional 178,167.5,1,Moto/Ciclomotor,RUTA NAC 178 ,2,0,0,2,0,0,0,"-32.79044, -61.54757",Ruta,178,ARMSTRONG,Belgrano,Asfalto,No existe,III,S/D,Rural,Ninguna,No existe,Otro,Deteriorada,Reducida,Nocturna,Buen Tiempo,Contra objeto fijo,S/D,Colisión,Ninguna,Faltante,"Guardarrail,Vegetación",Sin restricción
2018,2871,2018-05-06,Domingo,0,22:50:00,,0.0,2,"Moto/Ciclomotor,Automóvil",Millan Medina Y Jesus Misericordioso,2,1,0,0,1,0,0,"-31.592388888889,-60.720944444444",Calle,,SANTA FE,La Capital,Asfalto,Pavimento,I,Dentro,Urbana,Ninguna,No existe,Intersección,Bueno,Buena,Nocturna,Buen Tiempo,Lateral,S/D,Colisión,Ninguna,Faltante,Cordón divisorio,Sin restricción
2018,2872,2018-06-02,Sabado,0,,Ruta Nacional 11,0.0,1,Moto/Ciclomotor,Ruta Nac 11 Y Corrientes,1,1,0,0,0,0,0,"-32.710963907789, -60.758705863730",Ruta,11,PUERTO SAN MARTÍN,San Lorenzo,Asfalto,Natural,XVII,Fuera,Urbana,Ninguna,No existe,Recta,Deteriorada,Reducida,Nocturna,Buen Tiempo,Contra objeto fijo,S/D,Colisión,Ninguna,Horizontal,Ninguna,Sin restricción
2018,2873,2018-05-16,Miercoles,0,06:55:00,Autopista Nacional Rosario -Cordoba,394.0,1,Pickup/Utilitario, ,5,5,0,0,0,0,0,"-32.77153, -61.82585",Autopista,Rosario -Córdoba,TORTUGAS,Belgrano,Hormigón,Pavimento,III,Fuera,Rural,Marca Vial,No existe,Recta,Bueno,Buena,Nocturna,Buen Tiempo,S/D,S/D,Vuelco,Ninguna,Horizontal,Vegetación,Sin restricción
2018,2874,2018-05-14,Lunes,0,14:40:00,,0.0,2,"Moto/Ciclomotor,Moto/Ciclomotor",Av Pe?aloza ,2,0,0,0,0,0,2,"-31.58152,-60.71127",Avenida,,SANTA FE,La Capital,Asfalto,Pavimento,I,Dentro,Urbana,Ninguna,No existe,Recta,Bueno,Buena,Diurna,Buen Tiempo,Frontal,S/D,Colisión,Ninguna,Faltante,Cordón divisorio,Sin restricción
2018,2875,2018-06-02,Sabado,0,11:15:00,,0.0,2,"Automóvil,Bicicleta",Rioja Y Almte Brown,2,1,0,0,1,0,0,"-32.89806, -60.90825",Calle,,ROLDÁN,San Lorenzo,Asfalto,No existe,XVII,Dentro,Urbana,Ninguna,No existe,Intersección,Bueno,Buena,Diurna,Buen Tiempo,Lateral,Ciclista,Atropello,Ninguna,Faltante,Ninguna,Sin restricción
2018,2876,2018-05-25,Viernes,0,15:15:00,,0.0,2,"Moto/Ciclomotor,Moto/Ciclomotor",Gorriti Y Av Pe?aloza,2,1,0,0,1,0,0,"-31.586305555556,-60.711694444444",Avenida,,SANTA FE,La Capital,Asfalto,Pavimento,I,Dentro,Urbana,Ninguna,Funciona,Intersección,Bueno,Buena,Diurna,Buen Tiempo,Lateral,S/D,Colisión,Ninguna,Vertical,Guardarrail,Sin restricción
2018,2877,2018-06-17,Domingo,0,14:30:00,,0.0,2,"Automóvil,Moto/Ciclomotor",Av Gral Mitre Y Mendoza,2,0,1,0,1,0,0,"-31.899575310094, -61.861756601553",Calle,,SASTRE,San Martín,Asfalto,No existe,XVIII,S/D,Urbana,Ninguna,No existe,Recta,S/D,S/D,Diurna,Buen Tiempo,Frontal,S/D,Colisión,S/D,Vertical,Cordón divisorio,Sin restricción
2018,2878,2018-06-05,Martes,0,13:00:00,,0.0,2,"Automóvil,Automóvil",AMENABAR ,3,1,0,0,2,0,0,"-32.90643, -60.90328",Calle,,ROLDÁN,San Lorenzo,Asfalto,Ripio,XVII,Dentro,Rural,Ninguna,No existe,Intersección,Bueno,Buena,Diurna,Buen Tiempo,Lateral,S/D,S/D,Ninguna,Horizontal,Ninguna,Sin restricción
2018,2879,2018-05-26,Sabado,0,12:30:00,,0.0,2,"Peatón,Moto/Ciclomotor",Reg 12 de Infanteria Y Av Pe?aloza,2,1,0,0,1,0,0,"-31.593833333333,-60.711944444444",Avenida,,SANTA FE,La Capital,Asfalto,Natural,I,Dentro,Urbana,Ninguna,Funciona,Intersección,Bueno,Buena,Diurna,Buen Tiempo,S/D,Peatón,Atropello,Ninguna,Vertical,Cordón divisorio,Sin restricción
2018,2880,2018-05-07,Lunes,0,09:00:00,,0.0,2,"Moto/Ciclomotor,Bicicleta",Bernardo de Irigoyen Y Florencio Fernandez,2,1,0,0,1,0,0,"-31.5775,-60.719416666667",Calle,,SANTA FE,La Capital,Asfalto,S/D,I,S/D,Urbana,S/D,S/D,Intersección,Bueno,Buena,Diurna,S/D,S/D,Ciclista,Atropello,S/D,S/D,S/D,S/D
2018,2881,2018-06-10,Domingo,0,18:00:00,,0.0,2,"Automóvil,Moto/Ciclomotor",Santiago del Estero Y Rivadavia,2,1,0,0,1,0,0,"-32.90196, -60.90922",Calle,,SAN LORENZO,San Lorenzo,Asfalto,No existe,XVII,Dentro,Urbana,Ninguna,No existe,Intersección,Bueno,Buena,Diurna,Buen Tiempo,De alcance,S/D,Colisión,Ninguna,Faltante,Ninguna,Sin restricción
2018,2882,2018-05-20,Domingo,0,03:30:00,Ruta Nacional 11,495.0,1,Pickup/Utilitario,9 de Julio Y Ruta Nacional 11,4,0,1,0,3,0,0,"-31.394583333333,-60.747194444444",Ruta,11,CANDIOTI,La Capital,Asfalto,Natural,I,Fuera,Urbana,Ninguna,No existe,Recta,Bueno,Reducida,Nocturna,Lluvia,Otro,S/D,Vuelco,Ninguna,"Horizontal,Vertical",Línea divisoria pintada,Sin restricción
2018,2883,2018-06-21,Jueves,0,20:30:00,,0.0,2,"Automóvil,Peatón",Dorrego Y San Luis,2,1,0,0,1,0,0,"-31.895047741277, -61.854997434835",Calle,,SAN JORGE,San Martín,Asfalto,No existe,XVII,S/D,Urbana,Ninguna,No existe,Recta,S/D,Buena,Con luz artificial,Buen Tiempo,Lateral,Peatón,Atropello,S/D,Vertical,Cordón divisorio,Sin restricción
2018,2884,2018-05-05,Sabado,0,19:40:00,,0.0,2,"Moto/Ciclomotor,Moto/Ciclomotor",Gorriti Y Europa,2,2,0,0,0,0,0,"-31.585055555556,-60.716111111111",Avenida,,SANTA FE,La Capital,S/D,S/D,I,S/D,Urbana,S/D,S/D,S/D,S/D,S/D,S/D,S/D,S/D,S/D,Colisión,S/D,S/D,S/D,S/D
2018,2885,2018-06-17,Domingo,0,18:15:00,,0.0,2,"Moto/Ciclomotor,Automóvil",Dorrego Y Tucuman,2,1,0,0,1,0,0,"-31.893223839147, -61.854568281393",Calle,,SAN JORGE,San Martín,Asfalto,No existe,XVIII,S/D,Urbana,Ninguna,No existe,Cruce,Bueno,Buena,Diurna,Buen Tiempo,Lateral,S/D,Colisión,Ninguna,Vertical,Cordón divisorio,Sin restricción
2018,2886,2018-06-11,Lunes,0,07:15:00,,0.0,2,"Pickup/Utilitario,Moto/Ciclomotor",ANDES ,2,1,0,0,1,0,0,"-32.90921, -60.88769",Calle,,ROLDÁN,San Lorenzo,"Asfalto,Tierra",Ripio,XVII,Dentro,Urbana,Ninguna,No existe,Intersección,Bueno,Buena,Con luz artificial,Buen Tiempo,Lateral,S/D,Atropello,Ninguna,Faltante,Ninguna,Sin restricción
2018,2887,2018-06-01,Viernes,0,01:00:00,,0.0,2,"Moto/Ciclomotor,Automóvil",Hipolito Irigoyen Y Bartolome Mitre,2,0,1,0,1,0,0,"-31.896871643407, -61.861091413717",Calle,,SAN JORGE,San Martín,Asfalto,Pavimento,XVIII,Dentro,Urbana,Ninguna,No existe,Intersección,Bueno,Buena,Con luz artificial,Buen Tiempo,"Frontal,Lateral",S/D,Colisión,Ninguna,"Horizontal,Vertical",Ninguna,Sin restricción