anio_acci,nro_acci,fecha,desc_dia,fecha_aprox,hora_aprox,desc_ruta,km,cant_participantes,desc_participante,calle_avenida_km,total,heridos_leves,heridos_graves,heridos_gravisimos,ilesos,fallecidos,sin_datos,posicion_XY,desc_tipo_via,desc_ruta_ori,desc_loc,desc_dpto,desc_tipo_calzada,desc_tipo_banquina,desc_unidad_regional,desc_lugar_calzada,desc_zona,desc_prioridad,desc_estado_semaforo,desc_lugar_via,desc_estado_via,desc_estado_visibilidad,desc_luminosidad,desc_estado_clima,desc_tipo_colision,desc_tipo_atropello,desc_tipo_hecho,desc_pres_calzada,desc_senializacion,desc_separacion_via,desc_restriccion
2018,2888,2018-05-02,Miercoles,0,14:00:00,Ruta Nacional 11,509.0,2,"Automóvil,Moto/Ciclomotor", ,2,0,1,0,1,0,0,"-31.27656, -60.76079",Ruta,11,NELSON,La Capital,Asfalto,Ripio,I,Dentro,Urbana,Ninguna,No existe,Recta,Bueno,Buena,Diurna,Lluvia,Lateral,S/D,Colisión,Agua,Horizontal,Línea divisoria pintada,S/D
2018,2889,2018-06-25,Lunes,0,06:30:00,Ruta Nacional 178,0.0,2,"Moto/Ciclomotor,Moto/Ciclomotor",Ruta 178 Y Calle 5,2,1,1,0,0,0,0,"-32.690710026736, -61.523603010091",Ruta,178,LAS PAREJAS,Belgrano,Asfalto,Natural,III,Dentro,Urbana,Ninguna,No existe,Recta,Bueno,Reducida,Nocturna,Buen Tiempo,Frontal,S/D,Colisión,Ninguna,Horizontal,Línea divisoria pintada,Sin restricción
2018,2890,2018-06-16,Sabado,0,12:30:00,Ruta Nacional 9,0.0,2,"Automóvil,Moto/Ciclomotor",AMENABAR ,2,1,0,0,1,0,0,"-32.90643, -60.90328",Ruta,9,SAN LORENZO,San Lorenzo,Asfalto,Pavimento,XVII,Dentro,Urbana,Ninguna,No existe,Intersección,Bueno,Buena,Diurna,Buen Tiempo,Lateral,S/D,Colisión,Ninguna,Vertical,Ninguna,Sin restricción
2018,2891,2018-03-10,Sabado,0,17:30:00,Ruta Nacional 33,749.0,1,Moto/Ciclomotor, ,2,2,0,0,0,0,0,"-33.023796045276, -61.102694878155",Ruta,33,PUJATO,San Lorenzo,Asfalto,Natural,XVII,Dentro,Rural,Ninguna,No existe,Recta,Bueno,Buena,Diurna,Buen Tiempo,S/D,S/D,Vuelco,Ninguna,Horizontal,Línea divisoria pintada,Sin restricción
2018,2892,2018-04-16,Lunes,0,07:50:00,,0.0,2,"Automóvil,Bicicleta",Av. Eva Peron Y Bv. Wilde,2,0,1,0,1,0,0,"-32.928416666667,-60.738972222222",Avenida,,ROSARIO,Rosario,Asfalto,No existe,II,Dentro,Urbana,Ninguna,Funciona,Intersección,Bueno,Buena,Diurna,Buen Tiempo,S/D,Ciclista,Atropello,Ninguna,Vertical,Ninguna,Sin restricción
2018,2893,2018-03-13,Martes,0,17:40:00,,0.0,2,"Moto/Ciclomotor,Automóvil",IRIONDO Y 25 DE MAYO,2,1,0,0,1,0,0,"-33.171692445130, -61.074047876524",Calle,,FUENTES,San Lorenzo,Hormigón,No existe,XVII,Dentro,Urbana,Ninguna,No existe,Intersección,S/D,S/D,Diurna,Buen Tiempo,S/D,S/D,Colisión,Ninguna,Faltante,Ninguna,Sin restricción
2018,2894,2018-03-28,Miercoles,0,15:25:00,,0.0,2,"Moto/Ciclomotor,Automóvil",Cochabamba 1125,2,0,1,0,1,0,0,"-30.311585, -61.229719",Calle,,SAN CRISTÓBAL,San Cristóbal,Hormigón,No existe,XIII,Dentro,Urbana,Ninguna,No existe,Recta,Deteriorada,Buena,Diurna,Buen Tiempo,Frontal,S/D,Colisión,Ninguna,Horizontal,Línea divisoria pintada,Sin restricción
2018,2895,2018-03-10,Sabado,0,02:00:00,Ruta Nacional A012,51.0,3,"Camión c / Acoplado,Camión c / Acoplado,Camión c / Acoplado", ,3,1,0,0,2,0,0,"-32.816084835333, -60.836787629550",Ruta,A012,LUIS PALACIOS,San Lorenzo,Asfalto,Natural,XVII,Dentro,Rural,Ninguna,No existe,Recta,Bueno,S/D,Nocturna,Buen Tiempo,De alcance,S/D,Colisión,Ninguna,Horizontal,Línea divisoria pintada,Sin restricción
2018,2896,2018-04-17,Martes,0,07:40:00,,0.0,2,"Automóvil,Bicicleta",Av. Brassey Y Gonzalez del Solar,2,1,0,0,1,0,0,"-32.923138888889,-60.737027777778",Calle,,ROSARIO,Rosario,Asfalto,No existe,II,Dentro,Urbana,Ninguna,No existe,Intersección,Bueno,Buena,Diurna,Buen Tiempo,De alcance,S/D,Colisión,Ninguna,S/D,Ninguna,Sin restricción
2018,2897,2018-03-28,Miercoles,0,04:00:00,Ruta Nacional 34,311.0,4,"Camión c / Acoplado,Camión c / Acoplado,Camión c / Acoplado,Camión c / Acoplado", ,5,0,1,0,4,0,0,"-30.496099, -61.633134",Ruta,34,MONIGOTES,San Cristóbal,Asfalto,Natural,XIII,Dentro,Rural,Ninguna,No existe,Curva,Bueno,Reducida,Nocturna,Buen Tiempo,Múltiple,S/D,Colisión,Ninguna,Vertical,Línea divisoria pintada,Reparación de Vía
2018,2898,2018-03-22,Jueves,0,18:50:00,,0.0,2,"Moto/Ciclomotor,Camión c / Acoplado", ,2,1,0,0,1,0,0,"-32.669180,-60.794625",Camino Rural,,TIMBÚES,San Lorenzo,Ripio,No existe,XVII,Dentro,Rural,Ninguna,No existe,Recta,Con baches,Reducida polvo,Diurna,Buen Tiempo,De alcance,S/D,Colisión,Ninguna,Faltante,Ninguna,Sin restricción
2018,2899,2018-03-23,Viernes,0,18:20:00,,0.0,1,Pickup/Utilitario,Espa?a ,5,5,0,0,0,0,0,"-32.678160549996, -60.796965797504",Camino Rural,,TIMBÚES,San Lorenzo,Ripio,No existe,XVII,Dentro,Rural,Ninguna,No existe,Recta,Con baches,Reducida polvo,Diurna,Buen Tiempo,S/D,S/D,Vuelco,Material Suelto,Faltante,Ninguna,Sin restricción
2018,2900,2018-04-15,Domingo,0,13:15:00,,0.0,2,"Bicicleta,Automóvil",Sarratea Bis Y Av. Brassey,2,1,0,0,0,0,1,"-32.92325,-60.741222222222",Calle,,ROSARIO,Rosario,Asfalto,S/D,II,Dentro,Urbana,Ninguna,No existe,S/D,Bueno,Buena,Diurna,Buen Tiempo,S/D,Ciclista,Atropello,Ninguna,S/D,Ninguna,Sin restricción
2018,2901,2018-04-05,Jueves,0,12:40:00,,0.0,2,"Automóvil,Bicicleta",Donado Y Navarro,2,1,0,0,1,0,0,"-32.931888888889,-60.727361111111",Calle,,ROSARIO,Rosario,Asfalto,No existe,II,Dentro,Urbana,Ninguna,No existe,Recta,Bueno,Buena,Diurna,Buen Tiempo,S/D,Ciclista,Atropello,Ninguna,S/D,Ninguna,Sin restricción
2018,2902,2018-04-27,Viernes,0,11:05:00,,0.0,2,"Pickup/Utilitario,Moto/Ciclomotor",Almirante Brown Y 9 de julio,3,2,0,0,1,0,0,"-29.348847, -59.973140",Calle,,MALABRIGO,General Obligado,Asfalto,No existe,IX,Dentro,Urbana,Ninguna,No existe,Intersección,Bueno,Buena,Diurna,Buen Tiempo,S/D,S/D,Colisión,Ninguna,Faltante,Ninguna,Sin restricción
2018,2903,2018-03-28,Miercoles,0,17:20:00,Ruta Provincial Brigadier E.López,23.0,2,"Camión c / Acoplado,Camión c / Acoplado", ,2,1,0,0,1,0,0,"-32.694124924738, -60.789638880983",Ruta,Brigadier E.López,TIMBÚES,San Lorenzo,Asfalto,Natural,XVII,Dentro,Rural,Ninguna,No existe,Recta,Bueno,Buena,Diurna,Buen Tiempo,De alcance,S/D,Colisión,Ninguna,"Horizontal,Vertical",Vegetación,Sin restricción
2018,2904,2018-04-03,Martes,0,19:45:00,,0.0,2,"Automóvil,Moto/Ciclomotor",Sanchez de Loria Y Av. Brassey,3,3,0,0,0,0,0,"-32.923,-60.732361111111",Calle,,ROSARIO,Rosario,Asfalto,No existe,II,Dentro,Urbana,Ninguna,No existe,Intersección,Bueno,Buena,Atardecer,Buen Tiempo,Lateral,S/D,Colisión,Ninguna,S/D,Ninguna,Sin restricción
2018,2905,2018-04-04,Miercoles,0,10:30:00,Ruta Secundaria 85-s,0.0,2,"Pickup/Utilitario,Moto/Ciclomotor",Gral Urquiza ,2,0,1,0,1,0,0,"-29.302638, -59.960828",Ruta,85-s,MALABRIGO,General Obligado,Tierra,Natural,IX,S/D,Rural,Ninguna,No existe,Cruce,Bueno,Buena,Diurna,Buen Tiempo,S/D,S/D,Colisión,Ninguna,S/D,Ninguna,Sin restricción
2018,2906,2018-04-29,Domingo,0,01:00:00,,0.0,2,"Moto/Ciclomotor,Moto/Ciclomotor",9 de julio Y Santiago del Estero,3,3,0,0,0,0,0,"-29.348660, -59.974353",Calle,,MALABRIGO,General Obligado,Tierra,No existe,IX,Dentro,Urbana,Ninguna,No existe,Intersección,Bueno,Buena,Nocturna,Buen Tiempo,S/D,S/D,Colisión,Ninguna,Faltante,Ninguna,Sin restricción
2018,2907,2018-03-31,Sabado,0,21:15:00,Ruta Nacional 9,380.0,1,Moto/Ciclomotor, ,2,2,0,0,0,0,0,"-32.76553,-61.65257",Ruta,9,CAÑADA DE GÓMEZ,Iriondo,Asfalto,Pavimento,X,Dentro,Rural,Ninguna,No existe,Recta,Bueno,Reducida,Nocturna,Buen Tiempo,S/D,S/D,Caída ocupante,S/D,Horizontal,Ninguna,Sin restricción
2018,2908,2018-03-20,Martes,0,11:50:00,Ruta Nacional 9,340.0,2,"Pickup/Utilitario,Automóvil", ,3,2,1,0,0,0,0,"-32.883680728450, -61.031888653531",Ruta,9,SAN JERÓNIMO SUR,San Lorenzo,Asfalto,Natural,XVII,Dentro,Urbana,Ninguna,No existe,Recta,Bueno,Buena,Diurna,Buen Tiempo,Frontal,S/D,Colisión,Ninguna,Faltante,Línea divisoria pintada,Sin restricción
2018,2909,2018-04-07,Sabado,0,14:05:00,,0.0,2,"Moto/Ciclomotor,Automóvil",Nicaragua Y F.M.Esquiu,2,1,0,0,1,0,0,"-32.923333333333,-60.721444444444",Calle,,ROSARIO,Rosario,Asfalto,No existe,II,Dentro,Urbana,Ninguna,No existe,Intersección,Bueno,Buena,Diurna,Buen Tiempo,De alcance,S/D,Colisión,Ninguna,S/D,Ninguna,Sin restricción
2018,2910,2018-03-13,Martes,0,22:40:00,,0.0,1,Moto/Ciclomotor,San Martin Y Derqui,1,1,0,0,0,0,0,"-32.811305555556,-61.396083333333",Calle,,CAÑADA DE GÓMEZ,Iriondo,Asfalto,No existe,X,Dentro,Urbana,Ninguna,No existe,Intersección,Bueno,Buena,Nocturna,Buen Tiempo,S/D,S/D,Caída ocupante,S/D,"Horizontal,Vertical",Ninguna,Sin restricción
2018,2911,2018-04-26,Jueves,0,14:00:00,,0.0,2,"Moto/Ciclomotor,Pickup/Utilitario",Calle 7 Y Calle 20,2,1,0,0,1,0,0,"-29.115909, -59.653360",Calle,,AVELLANEDA,General Obligado,Asfalto,No existe,IX,Dentro,Urbana,S/D,S/D,Intersección,Bueno,S/D,Diurna,S/D,De alcance,S/D,Colisión,S/D,S/D,S/D,S/D
2018,2912,2018-03-16,Viernes,0,20:00:00,,0.0,1,Moto/Ciclomotor,Bv. Balcarce 1200,1,1,0,0,0,0,0,"-32.820916666667,-61.399861111111",Calle,,CAÑADA DE GÓMEZ,Iriondo,Asfalto,No existe,X,Dentro,Urbana,Ninguna,No existe,Recta,Bueno,Reducida,Nocturna,Buen Tiempo,Contra objeto fijo,S/D,Colisión,S/D,Faltante,Cordón divisorio,Sin restricción
2018,2913,2018-03-19,Lunes,0,12:25:00,,0.0,2,"Moto/Ciclomotor,Pickup/Utilitario",Independencia Y Rivadavia,2,1,0,0,1,0,0,"-32.815722222222,-61.407111111111",Calle,,CAÑADA DE GÓMEZ,Iriondo,Asfalto,No existe,X,Dentro,Urbana,Ninguna,No existe,Intersección,Bueno,Buena,Diurna,Buen Tiempo,Lateral,S/D,Colisión,S/D,"Horizontal,Vertical",Ninguna,Sin restricción
2018,2914,2018-04-27,Viernes,0,14:20:00,Ruta Nacional 11,0.0,2,"Moto/Ciclomotor,Moto/Ciclomotor",Calle 11 Y Ruta Nacional 11,2,1,0,0,1,0,0,"-29.118249, -59.652367",Ruta,11,AVELLANEDA,General Obligado,Asfalto,Natural,IX,Dentro,Urbana,Semáforo,Funciona,Intersección,Bueno,S/D,Diurna,S/D,Lateral,S/D,Colisión,S/D,"Horizontal,Vertical","Cordón divisorio,Línea divisoria pintada",S/D
2018,2915,2018-03-31,Sabado,0,22:30:00,,0.0,2,"Pickup/Utilitario,Moto/Ciclomotor",1RO DE JUNIO Y ESTRASBURGO,2,0,1,0,1,0,0,"-32.881166898699, -61.023258575972",Calle,,SAN JERÓNIMO SUR,San Lorenzo,Asfalto,Pavimento,XVII,Dentro,Urbana,Ninguna,No existe,Intersección,Bueno,Buena,Atardecer,Buen Tiempo,Frontal,S/D,Colisión,Ninguna,Faltante,Ninguna,Sin restricción
2018,2916,2018-04-29,Domingo,0,21:40:00,,0.0,2,"Moto/Ciclomotor,Automóvil",Calle 309 Y Calle 322,2,1,0,0,1,0,0,"-29.108492, -59.650526",Calle,,AVELLANEDA,General Obligado,S/D,S/D,IX,Dentro,Urbana,S/D,S/D,Recta,S/D,S/D,Nocturna,S/D,De alcance,S/D,Colisión,S/D,S/D,S/D,S/D
2018,2917,2018-04-14,Sabado,0,12:40:00,,0.0,2,"Moto/Ciclomotor,Camión Chasis",Calle 328 Y Calle 309,2,1,0,0,1,0,0,"-29.108878, -59.647113",Calle,,AVELLANEDA,General Obligado,S/D,No existe,IX,Dentro,Urbana,S/D,S/D,Intersección,S/D,S/D,Diurna,S/D,Lateral,S/D,Colisión,S/D,S/D,S/D,S/D
2018,2918,2018-04-01,Domingo,0,10:20:00,,0.0,2,"Taxi/Remis,Moto/Ciclomotor",Av. Provincias Unidas 360 ,4,1,1,0,2,0,0,"-32.925055555556,-60.713388888889",Avenida,,ROSARIO,Rosario,Asfalto,No existe,II,Dentro,Urbana,Ninguna,S/D,Recta,Bueno,Buena,Diurna,Buen Tiempo,S/D,S/D,Colisión,Ninguna,S/D,Cordón divisorio,Sin restricción
2018,2919,2018-03-22,Jueves,0,19:45:00,,0.0,2,"Moto/Ciclomotor,Peatón", ,2,1,0,0,1,0,0,"-28.382622,-59.266241",Calle,,SAN ANTONIO DE OBLIGADO,General Obligado,Asfalto,Natural,IX,Dentro,Urbana,Ninguna,No existe,Recta,Bueno,Buena,"Nocturna,Con luz artificial",Buen Tiempo,S/D,Peatón,Atropello,Ninguna,Faltante,Ninguna,Sin restricción
2018,2920,2018-03-08,Jueves,0,18:25:00,,0.0,2,"Moto/Ciclomotor,Automóvil",General Lopez Y Luna,2,1,0,0,1,0,0,"-32.725916666667,-60.733722222222",Calle,,SAN LORENZO,San Lorenzo,Asfalto,No existe,XVII,Dentro,Urbana,S/D,No existe,Intersección,Bueno,Buena,Atardecer,S/D,S/D,S/D,Colisión,Ninguna,Faltante,Ninguna,S/D
2018,2921,2018-03-14,Miercoles,0,00:05:00,,0.0,2,"Vehículo Oficial,Moto/Ciclomotor",Av San Martin Y Bv B Mitre,5,1,0,0,4,0,0,"-32.722194444444,-60.732055555556",Avenida,,SAN LORENZO,San Lorenzo,Hormigón,No existe,XVII,Dentro,Urbana,Semáforo,Funciona,Intersección,S/D,S/D,Nocturna,S/D,S/D,S/D,Colisión,S/D,Vertical,Cordón divisorio,S/D
2018,2922,2018-03-09,Viernes,0,11:30:00,,0.0,2,"Moto/Ciclomotor,Automóvil",Almafuerte Y San Lorenzo,3,2,0,0,1,0,0,"-29.338400692335, -59.965467320890",Calle,,MALABRIGO,General Obligado,Tierra,No existe,IX,S/D,Urbana,Ninguna,No existe,Intersección,Bueno,Buena,Diurna,Buen Tiempo,S/D,S/D,Colisión,Ninguna,S/D,Ninguna,Sin restricción
2018,2923,2018-03-17,Sabado,0,22:40:00,,0.0,2,"Automóvil,Moto/Ciclomotor",Av San Martin Y Luna,3,2,0,0,1,0,0,"-32.726027777778,-60.732666666667",Avenida,,SAN LORENZO,San Lorenzo,Asfalto,No existe,XVII,Dentro,Urbana,S/D,Funciona,Intersección,S/D,Buena,Nocturna,S/D,S/D,S/D,Colisión,S/D,Vertical,Ninguna,S/D
2018,2924,2018-03-06,Martes,0,23:00:00,,0.0,1,Pickup/Utilitario, ,1,1,0,0,0,0,0,"-29.349569,-59.968271",S/D,,MALABRIGO,General Obligado,Tierra,Natural,IX,Fuera,Rural,Ninguna,No existe,Recta,Bueno,Buena,Nocturna,Buen Tiempo,S/D,S/D,Despiste,Ninguna,S/D,Ninguna,Sin restricción
2018,2925,2018-03-13,Martes,0,06:00:00,,0.0,1,Moto/Ciclomotor,AV General Lopez Y Buenos Aires,1,1,0,0,0,0,0,"-29.346211284987, -59.964372979612",Calle,,MALABRIGO,General Obligado,Asfalto,No existe,IX,Dentro,Urbana,Ninguna,No existe,Intersección,Bueno,Buena,Amanecer,Buen Tiempo,S/D,S/D,Caída ocupante,Ninguna,S/D,Ninguna,Sin restricción
2018,2926,2018-03-22,Jueves,0,17:00:00,,0.0,1,Bicicleta, ,1,0,1,0,0,0,0,"-29.349569,-59.968271",Calle,,MALABRIGO,General Obligado,Asfalto,Pavimento,IX,S/D,Urbana,Ninguna,No existe,Recta,Bueno,Buena,Diurna,Buen Tiempo,S/D,S/D,Caída ocupante,Ninguna,S/D,Ninguna,Sin restricción
2018,2927,2018-04-15,Domingo,0,22:45:00,,0.0,2,"Automóvil,Moto/Ciclomotor",AV EVA PER?N  Y JUAN PABLO II,3,2,0,0,1,0,0,"-32.931402796535, -60.72183966510",Avenida,,ROSARIO,Rosario,Asfalto,No existe,II,Dentro,Urbana,Semáforo,Funciona,Recta,Bueno,Buena,Nocturna,Buen Tiempo,Lateral,S/D,Colisión,Ninguna,Vertical,Cordón divisorio,Sin restricción
2018,2928,2018-03-11,Domingo,0,07:55:00,,0.0,2,"Camión Chasis,Moto/Ciclomotor",Calle 306 Y Calle 307,2,1,0,0,1,0,0,"-29.107816814371, -59.661013383022",Calle,,AVELLANEDA,General Obligado,S/D,No existe,IX,Dentro,Urbana,S/D,S/D,Intersección,S/D,S/D,Amanecer,S/D,Frontal,S/D,Colisión,S/D,S/D,S/D,Sin restricción
2018,2929,2018-03-04,Domingo,0,03:00:00,,0.0,2,"Moto/Ciclomotor,Peatón",Calle 2 Y Calle 9,2,0,1,0,1,0,0,"-29.115666666667,-59.664666666667",Calle,,AVELLANEDA,General Obligado,S/D,S/D,IX,Dentro,Urbana,S/D,S/D,Intersección,S/D,S/D,Nocturna,S/D,S/D,Peatón,Atropello,S/D,S/D,S/D,S/D
2018,2930,2018-03-13,Martes,0,09:00:00,,0.0,2,"Moto/Ciclomotor,Automóvil",Calle 322 150,2,1,0,0,1,0,0,"-29.111138888889,-59.650972222222",Calle,,AVELLANEDA,General Obligado,S/D,No existe,IX,S/D,Urbana,S/D,S/D,Recta,S/D,S/D,Diurna,S/D,Lateral,S/D,Colisión,S/D,S/D,S/D,S/D
2018,2931,2018-03-13,Martes,0,21:10:00,Ruta Nacional 11,0.0,2,"Moto/Ciclomotor,Pickup/Utilitario",Calle 7 Y Ruta Nacional 11,2,1,0,0,1,0,0,"-29.116011162877, -59.652023982859",Ruta,11,AVELLANEDA,General Obligado,S/D,S/D,IX,Dentro,Urbana,S/D,S/D,Intersección,S/D,S/D,Nocturna,S/D,Lateral,S/D,Colisión,S/D,S/D,S/D,S/D
2018,2932,2018-03-21,Miercoles,0,01:00:00,,0.0,2,"Moto/Ciclomotor,Automóvil",Avenida Circunvalacion Y Calle 19,2,1,0,0,1,0,0,"-29.12375,-59.642694444444",Avenida,,AVELLANEDA,General Obligado,Asfalto,No existe,IX,Dentro,Urbana,S/D,No existe,Intersección,S/D,S/D,Nocturna,S/D,De alcance,S/D,Colisión,S/D,S/D,S/D,S/D
2018,2933,2018-03-23,Viernes,0,08:40:00,Ruta Nacional 11,0.0,2,"Moto/Ciclomotor,Automóvil",AV SAN MARTIN ,3,1,0,0,2,0,0,"-29.117137,-59.652156",Ruta,11,AVELLANEDA,General Obligado,Asfalto,Pavimento,IX,Dentro,Urbana,Semáforo,Funciona,Intersección,S/D,S/D,Diurna,S/D,De alcance,S/D,Colisión,S/D,Vertical,S/D,S/D
2018,2934,2018-05-16,Miercoles,0,00:45:00,,0.0,2,"Moto/Ciclomotor,Automóvil",Chaco Y Gdor Servando Bayo,2,0,0,0,0,0,2,"-31.572333333333,-60.72275",Calle,,SANTA FE,La Capital,Tierra,S/D,I,S/D,Urbana,S/D,S/D,Intersección,S/D,S/D,S/D,S/D,S/D,S/D,Colisión,S/D,S/D,S/D,S/D
2018,2935,2018-05-22,Martes,0,19:20:00,,0.0,2,"Moto/Ciclomotor,Moto/Ciclomotor",Av Pe?aloza 9300,2,1,0,0,1,0,0,"-31.579694444444,-60.711111111111",Calle,,SANTA FE,La Capital,Asfalto,S/D,I,S/D,Urbana,S/D,S/D,S/D,S/D,S/D,S/D,S/D,S/D,S/D,S/D,S/D,S/D,S/D,S/D
2018,2937,2018-05-05,Sabado,0,20:00:00,,0.0,2,"Moto/Ciclomotor,Pickup/Utilitario",Florencio Fernandez 5400,3,2,0,0,1,0,0,"-31.575361111111,-60.732944444444",Calle,,SANTA FE,La Capital,Asfalto,No existe,I,S/D,Urbana,Ninguna,No existe,Recta,Bueno,Buena,Nocturna,Buen Tiempo,De alcance,S/D,Colisión,Ninguna,Faltante,Ninguna,Sin restricción
2018,2938,2018-05-10,Jueves,0,19:45:00,,0.0,2,"Moto/Ciclomotor,Pickup/Utilitario",Gorriti Y Av Blas Parera,3,1,0,0,2,0,0,"-31.583083333333,-60.72625",Calle,,SANTA FE,La Capital,Asfalto,No existe,I,S/D,Urbana,Semáforo,Funciona,Recta,Bueno,Buena,Atardecer,Buen Tiempo,Frontal,S/D,Colisión,Ninguna,Faltante,Ninguna,Sin restricción
2018,2939,2018-06-08,Viernes,0,19:00:00,,0.0,2,"Bicicleta,Pickup/Utilitario",Avenida 18 ,2,0,1,0,1,0,0,"-32.679545689733, -61.520067345875",Avenida,,LAS PAREJAS,Belgrano,Hormigón,No existe,III,S/D,Urbana,Ninguna,No existe,Recta,Bueno,Buena,Diurna,Buen Tiempo,Lateral,Ciclista,Atropello,Ninguna,Faltante,Ninguna,Sin restricción
2018,2940,2018-05-15,Martes,0,17:30:00,,0.0,2,"Peatón,Transporte de Pasajeros",Av Blas Parera Y Callejon Funes,2,1,0,0,1,0,0,"-31.577805555556,-60.727666666667",Avenida,,SANTA FE,La Capital,Asfalto,No existe,I,S/D,Urbana,Marca Vial,No existe,Intersección,Bueno,Buena,Diurna,Buen Tiempo,S/D,Peatón,Atropello,Ninguna,Faltante,Ninguna,Sin restricción
2018,2941,2018-06-14,Jueves,0,19:00:00,Ruta Nacional A012,47.0,1,Automóvil, ,2,2,0,0,0,0,0,"-32.86116, -60.88364",Ruta,A012,ROLDÁN,San Lorenzo,Asfalto,Natural,XVII,Dentro,Rural,Ninguna,No existe,Recta,Bueno,Buena,Nocturna,Buen Tiempo,Otro,S/D,Despiste,Ninguna,Faltante,Ninguna,Sin restricción
2018,2942,2018-05-17,Jueves,0,12:45:00,,0.0,2,"Peatón,Automóvil",Florencio Fernandez ,3,2,0,0,1,0,0,"-31.57664, -60.72367",Calle,,SANTA FE,La Capital,Ripio,No existe,I,S/D,Urbana,Ninguna,No existe,Recta,Con baches,Buena,Diurna,Buen Tiempo,S/D,Peatón,Atropello,Ninguna,Faltante,Ninguna,Sin restricción
2018,2943,2018-05-24,Jueves,0,13:00:00,,0.0,2,"Automóvil,Pickup/Utilitario",Colon Cristobal Y Quiroga,3,1,0,0,1,0,1,"-31.49325, -60.73206",Calle,,RECREO,La Capital,Ripio,S/D,I,S/D,Urbana,Ninguna,No existe,Intersección,Bueno,Buena,Diurna,Buen Tiempo,Lateral,S/D,Colisión,Ninguna,S/D,S/D,Sin restricción
2018,2944,2018-06-18,Lunes,0,19:10:00,,0.0,2,"Moto/Ciclomotor,Automóvil",Calle 25 Y Calle 20,6,1,0,0,5,0,0,"-32.676627446325, -61.520088803547",Calle,,LAS PAREJAS,Belgrano,Asfalto,No existe,III,Dentro,Urbana,Ninguna,No existe,Intersección,Bueno,Buena,Nocturna,Buen Tiempo,Lateral,S/D,Colisión,Ninguna,Vertical,Cordón divisorio,Sin restricción
2018,2945,2018-05-26,Sabado,0,10:40:00,,0.0,2,"Moto/Ciclomotor,Camión Chasis",Av Blas Parera Y Florencio Fernandez,2,1,0,0,1,0,0,"-31.576194444444,-60.728166666667",Calle,,SANTA FE,La Capital,Asfalto,No existe,I,S/D,Urbana,Semáforo,Funciona,Intersección,Bueno,Buena,Diurna,Buen Tiempo,Lateral,S/D,Colisión,Ninguna,Faltante,Ninguna,Sin restricción
2018,2946,2018-05-08,Martes,0,19:00:00,,0.0,2,"Bicicleta,Automóvil",Av Blas Parera 5600,2,0,0,0,0,0,2,"-31.611944444444,-60.718361111111",Avenida,,SANTA FE,La Capital,Asfalto,No existe,I,Dentro,Urbana,Ninguna,No existe,Recta,Bueno,Buena,Diurna,Buen Tiempo,S/D,Ciclista,Atropello,Ninguna,Faltante,"Cordón divisorio,Línea divisoria pintada",Sin restricción
2018,2947,2018-06-14,Jueves,0,19:50:00,Autopista Nacional Rosario -Cordoba,313.0,1,Automóvil, ,1,1,0,0,0,0,0,"-32.92634, -60.90078",Autopista,Rosario -Córdoba,ROLDÁN,San Lorenzo,Asfalto,Natural,XVII,Dentro,Rural,Ninguna,No existe,Recta,Ahuellamiento,Buena,Nocturna,Buen Tiempo,Otro,S/D,Despiste,Ninguna,Faltante,Ninguna,Sin restricción
2018,2948,2018-06-09,Sabado,0,12:40:00,,0.0,2,"Moto/Ciclomotor,Automóvil",Calle 28 Y Calle 15,2,1,0,0,1,0,0,"-32.680125046880, -61.512321126240",Calle,,LAS PAREJAS,Belgrano,Hormigón,No existe,III,Dentro,Urbana,Ninguna,No existe,Intersección,Bueno,Buena,Diurna,Buen Tiempo,Lateral,S/D,Colisión,Ninguna,Vertical,Cordón divisorio,Sin restricción
2018,2949,2018-05-24,Jueves,0,07:45:00,Ruta Nacional 11,481.0,3,"Moto/Ciclomotor,Pickup/Utilitario,Automóvil",Ruta Nacional 11 ,3,3,0,0,0,0,0,"-31.52244, -60.72411",Ruta,11,RECREO,La Capital,Asfalto,Natural,I,S/D,Urbana,Ninguna,No existe,Recta,Bueno,Buena,Diurna,Buen Tiempo,Múltiple,S/D,Colisión,Ninguna,"Horizontal,Vertical",Ninguna,Sin restricción
2018,2950,2018-05-08,Martes,0,23:00:00,,0.0,2,"Automóvil,Automóvil",Iturraspe Y Sebastian Gaboto,2,1,0,0,1,0,0,"-31.625361111111,-60.721305555556",Calle,,SANTA FE,La Capital,Asfalto,S/D,I,S/D,Urbana,Ninguna,No existe,Intersección,Con baches,Reducida,Nocturna,Lluvia,Lateral,S/D,Colisión,Ninguna,Faltante,Cordón divisorio,Sin restricción