anio_acci,nro_acci,fecha,desc_dia,fecha_aprox,hora_aprox,desc_ruta,km,cant_participantes,desc_participante,calle_avenida_km,total,heridos_leves,heridos_graves,heridos_gravisimos,ilesos,fallecidos,sin_datos,posicion_XY,desc_tipo_via,desc_ruta_ori,desc_loc,desc_dpto,desc_tipo_calzada,desc_tipo_banquina,desc_unidad_regional,desc_lugar_calzada,desc_zona,desc_prioridad,desc_estado_semaforo,desc_lugar_via,desc_estado_via,desc_estado_visibilidad,desc_luminosidad,desc_estado_clima,desc_tipo_colision,desc_tipo_atropello,desc_tipo_hecho,desc_pres_calzada,desc_senializacion,desc_separacion_via,desc_restriccion
2018,2951,2018-06-16,Sabado,0,12:45:00,,0.0,2,"Automóvil,Moto/Ciclomotor",Independencia Y GÁLVEZ,2,1,0,0,1,0,0,"-32.89386, -60.90576",Calle,,ROLDÁN,San Lorenzo,Asfalto,Pavimento,XVII,Dentro,Urbana,Ninguna,No existe,Intersección,Bueno,Buena,Diurna,Buen Tiempo,Lateral,S/D,Colisión,Ninguna,Faltante,Ninguna,Sin restricción
2018,2952,2018-06-08,Viernes,0,08:30:00,,0.0,2,"Automóvil,Moto/Ciclomotor",San Martin Y Maipu,2,1,0,0,1,0,0,"-32.475225735815, -61.578754079121",Calle,,LAS ROSAS,Belgrano,Asfalto,No existe,III,S/D,Urbana,Ninguna,No existe,Intersección,Bueno,Buena,Diurna,Buen Tiempo,Lateral,S/D,Colisión,Ninguna,Faltante,Ninguna,Sin restricción
2018,2953,2018-05-10,Jueves,0,22:30:00,,0.0,2,"Peatón,Automóvil",Av Lopez y Planes Y Iturraspe,2,2,0,0,0,0,0,"-31.626805555556,-60.713916666667",Avenida,,SANTA FE,La Capital,Asfalto,No existe,I,Dentro,Urbana,Semáforo,Funciona,Recta,Bueno,Reducida,Nocturna,Lluvia,S/D,Peatón,Atropello,Agua,S/D,Línea divisoria pintada,Sin restricción
2018,2954,2018-06-19,Martes,0,16:45:00,,0.0,2,"Automóvil,Moto/Ciclomotor",Bv San Martin Y Santa Rosa,2,1,0,0,1,0,0,"-32.90155, -60.90063",Calle,,ROLDÁN,San Lorenzo,"Asfalto,Tierra",No existe,XVII,Dentro,Urbana,Ninguna,No existe,Intersección,Bueno,Buena,Diurna,Buen Tiempo,Frontal,S/D,Colisión,Ninguna,Faltante,Ninguna,Sin restricción
2018,2955,2018-05-14,Lunes,0,19:10:00,Ruta Provincial 70,1.5,2,"Bicicleta,Camión c / Semirremolque", ,2,1,0,0,1,0,0,"-31.49947, -60.74441",Ruta,70,RECREO,La Capital,Asfalto,Natural,I,Fuera,Rural,Ninguna,No existe,Recta,Bueno,Reducida,Nocturna,Buen Tiempo,S/D,Ciclista,Atropello,Ninguna,S/D,Línea divisoria pintada,Sin restricción
2018,2956,2018-05-17,Jueves,0,18:00:00,,0.0,2,"Moto/Ciclomotor,Automóvil",Francia Y Juan Del Campillo,2,1,0,0,0,0,1,"-31.628305555556,-60.709666666667",Calle,,SANTA FE,La Capital,Asfalto,No existe,I,Dentro,Urbana,Ninguna,No existe,Intersección,Bueno,Buena,Atardecer,Lluvia,Lateral,S/D,Colisión,Agua,S/D,Ninguna,Sin restricción
2018,2957,2018-06-07,Jueves,0,15:50:00,,0.0,2,"Moto/Ciclomotor,Automóvil",Sarmiento Y Tucuman,3,1,0,0,2,0,0,"-32.479119700763, -61.577037294293",Calle,,LAS ROSAS,Belgrano,Hormigón,S/D,III,S/D,Urbana,Ninguna,No existe,Intersección,Bueno,S/D,Diurna,Buen Tiempo,Lateral,S/D,Colisión,Ninguna,Vertical,Cordón divisorio,Sin restricción
2018,2958,2018-06-20,Miercoles,0,17:50:00,Ruta Nacional A012,0.0,1,Moto/Ciclomotor,GÁLVEZ ,1,1,0,0,0,0,0,"-32.89627, -60.89236",Ruta,A012,ROLDÁN,San Lorenzo,Asfalto,Ripio,XVII,Dentro,Urbana,Ninguna,No existe,Intersección,Bueno,Buena,Diurna,Buen Tiempo,S/D,S/D,Caída ocupante,Ninguna,Horizontal,Ninguna,Sin restricción
2018,2959,2018-05-13,Domingo,0,01:30:00,Ruta Nacional 11,481.0,2,"Pickup/Utilitario,Moto/Ciclomotor",Ruta Nacional 11 ,2,2,0,0,0,0,0,"-31.52244, -60.72411",Ruta,11,RECREO,La Capital,Asfalto,Natural,I,S/D,Urbana,Ninguna,No existe,Recta,Bueno,Reducida,Nocturna,Buen Tiempo,De alcance,S/D,Colisión,Ninguna,"Horizontal,Vertical",Ninguna,Sin restricción
2018,2960,2018-05-19,Sabado,0,17:35:00,,0.0,2,"Moto/Ciclomotor,Automóvil",Av Pte Peron Y Juan Del Campillo,2,0,0,0,0,0,2,"-31.626777777778,-60.718666666667",Avenida,,SANTA FE,La Capital,Asfalto,No existe,I,Dentro,Urbana,Ninguna,No existe,Recta,Bueno,Buena,Diurna,Lluvia,Lateral,S/D,Colisión,Agua,S/D,"Cordón divisorio,Línea divisoria pintada",Sin restricción
2018,2961,2018-06-21,Jueves,0,17:30:00,,0.0,2,"Automóvil,Moto/Ciclomotor",Larrea Y Gral Juan Jose Valle,3,2,0,0,1,0,0,"-32.90896, -60.90035",Calle,,ROLDÁN,San Lorenzo,"Asfalto,Tierra",No existe,XVII,Dentro,Urbana,Ninguna,No existe,Intersección,Bueno,Buena,Diurna,Buen Tiempo,Lateral,S/D,Colisión,Ninguna,Faltante,Ninguna,Sin restricción
2018,2962,2018-05-24,Jueves,0,09:00:00,,0.0,2,"Moto/Ciclomotor,Automóvil",Agustin Delgado Y Pasaje Denis,2,0,0,0,0,0,2,"-31.61752, -60.71519",Calle,,SANTA FE,La Capital,Asfalto,No existe,I,S/D,Urbana,Ninguna,No existe,Recta,Bueno,Buena,Diurna,Buen Tiempo,S/D,S/D,Colisión,Ninguna,Faltante,Ninguna,S/D
2018,2963,2018-06-07,Jueves,0,21:20:00,,0.0,2,"Automóvil,Bicicleta",Bernardino Rivadavia 450,2,1,0,0,1,0,0,"-32.743649882648, -61.818822343731",Avenida,,TORTUGAS,Belgrano,Asfalto,No existe,III,Dentro,Urbana,Ninguna,No existe,Recta,Bueno,Buena,"Nocturna,Con luz artificial",Buen Tiempo,S/D,Ciclista,Atropello,Ninguna,Vertical,Ninguna,Sin restricción
2018,2964,2018-06-24,Domingo,0,18:00:00,Autopista Nacional Rosario -Cordoba,316.0,1,Pickup/Utilitario, ,4,4,0,0,0,0,0,"-32.90886, -60.89512",Autopista,Rosario -Córdoba,ROLDÁN,San Lorenzo,Tierra,Natural,XVII,S/D,Rural,Ninguna,No existe,Recta,Con baches,Buena,Diurna,Otro,Otro,S/D,Vuelco,Ninguna,Faltante,Ninguna,Sin restricción
2018,2965,2018-05-12,Sabado,0,19:30:00,,0.0,1,Moto/Ciclomotor,Juan B Alberdi Y Rosario,2,2,0,0,0,0,0,"-31.49822, -60.72055",Calle,,RECREO,La Capital,Ripio,S/D,I,S/D,Urbana,Ninguna,No existe,Intersección,Bueno,Reducida,Atardecer,Buen Tiempo,S/D,S/D,Colisión,Ninguna,S/D,S/D,Sin restricción
2018,2966,2018-05-20,Domingo,0,21:15:00,,0.0,2,"Moto/Ciclomotor,Automóvil",Gorostiaga Y Av Blas Parera,3,0,0,0,0,0,3,"-31.60698, -60.7199",Calle,,SANTA FE,La Capital,Asfalto,No existe,I,S/D,Urbana,Ninguna,No existe,Intersección,Bueno,Buena,Diurna,Lluvia,S/D,S/D,Colisión,Agua,S/D,Línea divisoria pintada,Sin restricción
2018,2967,2018-06-29,Viernes,0,16:00:00,,0.0,2,"Moto/Ciclomotor,Automóvil",Bv San Martin Y Amenabar,2,1,0,0,1,0,0,"-32.90133, -60.90198",Calle,,ROLDÁN,San Lorenzo,Asfalto,Natural,XVII,Dentro,Urbana,Ninguna,No existe,Intersección,Bueno,Buena,Diurna,Buen Tiempo,Lateral,S/D,Colisión,Ninguna,Faltante,Ninguna,Sin restricción
2018,2968,2018-06-15,Viernes,0,00:10:00,Autopista Nacional Rosario -Cordoba,387.0,1,Camión c / Acoplado, ,1,0,1,0,0,0,0,"-32.5928, -62.49765",Autopista,Rosario -Córdoba,TORTUGAS,Belgrano,Asfalto,Pavimento,III,Dentro,Rural,Ninguna,No existe,Recta,Bueno,Buena,Nocturna,Buen Tiempo,De alcance,S/D,Colisión,Ninguna,Horizontal,Cordón divisorio,Sin restricción
2018,2969,2018-05-02,Miercoles,0,19:30:00,Ruta Nacional 11,480.0,2,"Moto/Ciclomotor,Automóvil", ,2,1,0,0,1,0,0,"-31.53133, -60.72227",Ruta,11,RECREO,La Capital,Asfalto,Natural,I,S/D,Rural,S/D,No existe,Recta,Bueno,S/D,"Atardecer,Con luz artificial",Buen Tiempo,S/D,S/D,Colisión,Ninguna,S/D,Línea divisoria pintada,Sin restricción
2018,2970,2018-05-21,Lunes,0,18:30:00,,0.0,2,"Moto/Ciclomotor,Automóvil",Iturraspe Y Francia,2,0,0,0,0,0,2,"-31.627416666667,-60.709416666667",Calle,,SANTA FE,La Capital,Asfalto,No existe,I,Dentro,Urbana,Ninguna,No existe,Intersección,Bueno,Buena,Atardecer,Buen Tiempo,S/D,S/D,Colisión,Ninguna,Faltante,Ninguna,Sin restricción
2018,2971,2018-05-29,Martes,0,19:50:00,,0.0,2,"Moto/Ciclomotor,Automóvil",Derqui Y Av Pe?aloza,2,0,0,0,0,0,2,"-31.613083333333,-60.713083333333",Calle,,SANTA FE,La Capital,Asfalto,No existe,I,Dentro,Urbana,Ninguna,No existe,Intersección,Bueno,Reducida,Atardecer,Lluvia,S/D,S/D,Colisión,Ninguna,Faltante,Ninguna,Sin restricción
2018,2972,2018-06-29,Viernes,0,07:00:00,,0.0,2,"Moto/Ciclomotor,Automóvil",Belgrano Y Ayacucho,2,1,0,0,0,0,1,"-31.598277777778,-60.687444444444",Calle,,SANTA FE,La Capital,S/D,No existe,I,Dentro,Urbana,Otra Señal,No existe,Curva,Otro,Reducida,Amanecer,Otro,Otro,S/D,Colisión,Otro,Faltante,Ninguna,Sin restricción
2018,2973,2018-05-03,Jueves,0,08:00:00,,0.0,2,"Automóvil,Automóvil",Av Mitre ,2,1,0,0,1,0,0,"-31.49023,-60.74052",Avenida,,RECREO,La Capital,Asfalto,Pavimento,I,S/D,Urbana,Ninguna,No existe,Recta,Bueno,Buena,Diurna,Buen Tiempo,De alcance,S/D,Colisión,Ninguna,S/D,Vegetación,Sin restricción
2018,2974,2018-05-03,Jueves,0,21:05:00,,0.0,2,"Automóvil,Moto/Ciclomotor",Av Lopez y Planes Y Maipu,2,1,0,0,1,0,0,"-31.631055555556,-60.713833333333",Calle,,SANTA FE,La Capital,Asfalto,S/D,I,S/D,Urbana,Ninguna,S/D,Intersección,Bueno,S/D,S/D,Buen Tiempo,Lateral,S/D,Colisión,Ninguna,Vertical,Ninguna,Sin restricción
2018,2975,2018-06-26,Martes,0,08:10:00,,0.0,2,"Automóvil,Moto/Ciclomotor",Bv Estanislao Lopez Y 9 de Julio,3,2,0,0,1,0,0,"-32.89715, -60.91011",Calle,,ROLDÁN,San Lorenzo,Asfalto,Pavimento,XVII,Dentro,Urbana,Ninguna,No existe,Intersección,Bueno,Buena,Diurna,Buen Tiempo,De alcance,S/D,Colisión,Ninguna,Faltante,Ninguna,Sin restricción
2018,2976,2018-06-28,Jueves,0,15:20:00,,0.0,2,"Moto/Ciclomotor,Automóvil",Padre Genesio Y Tacuari,2,2,0,0,0,0,0,"-31.604138888889,-60.674583333333",Calle,,SANTA FE,La Capital,S/D,Pavimento,I,Dentro,Urbana,Otra Señal,No existe,Intersección,Otro,Reducida,Diurna,Otro,Otro,S/D,Colisión,Otro,Faltante,Barrera de hormigón,Sin restricción
2018,2977,2018-05-04,Viernes,0,19:00:00,,0.0,2,"Moto/Ciclomotor,Automóvil",Bv Pellegrini Y Saavedra,2,1,0,0,1,0,0,"-31.633694444444,-60.712416666667",Calle,,SANTA FE,La Capital,Asfalto,No existe,I,S/D,Urbana,Ninguna,No existe,Intersección,Bueno,Buena,Nocturna,Buen Tiempo,Lateral,S/D,Colisión,Ninguna,Vertical,Ninguna,Sin restricción
2018,2978,2018-05-07,Lunes,0,20:30:00,,0.0,2,"Automóvil,Bicicleta",Av Mitre Y Simon de Iriondo,2,1,0,0,1,0,0,"-31.4919, -60.73384",Avenida,,RECREO,La Capital,Asfalto,S/D,I,S/D,Urbana,Ninguna,No existe,Intersección,Bueno,Buena,"Nocturna,Con luz artificial",Buen Tiempo,S/D,Ciclista,Atropello,Ninguna,"Horizontal,Vertical",Vegetación,Sin restricción
2018,2979,2018-05-04,Viernes,0,17:30:00,,0.0,2,"Moto/Ciclomotor,Automóvil",Francia Y Gdor Crespo,2,1,0,0,1,0,0,"-31.639555555556,-60.712805555556",Calle,,SANTA FE,La Capital,Asfalto,S/D,I,S/D,Urbana,Ninguna,S/D,Intersección,Bueno,S/D,Diurna,Buen Tiempo,Lateral,S/D,Colisión,Ninguna,Vertical,Ninguna,Sin restricción
2018,2980,2018-06-28,Jueves,0,16:15:00,,0.0,2,"Moto/Ciclomotor,Peatón",Matheu Y San Lorenzo,3,1,0,0,2,0,0,"-31.591277777778,-60.701472222222",Calle,,SANTA FE,La Capital,S/D,S/D,I,Dentro,Urbana,Otra Señal,S/D,Intersección,Otro,Reducida,S/D,Otro,Otro,S/D,Colisión,Otro,Faltante,Ninguna,Sin restricción
2018,2981,2018-05-10,Jueves,0,10:25:00,,0.0,2,"Automóvil,Moto/Ciclomotor",Av Leandro Alem Y Sargento Cabral,2,1,0,0,0,0,1,"-31.642944444444,-60.687277777778",Avenida,,SANTA FE,La Capital,Asfalto,No existe,I,Dentro,Urbana,S/D,Funciona,Intersección,Bueno,S/D,S/D,S/D,Lateral,S/D,Colisión,S/D,S/D,S/D,S/D
2018,2982,2018-06-28,Jueves,0,18:00:00,Ruta Nacional A012,0.0,2,"Moto/Ciclomotor,Moto/Ciclomotor",LOS SAUCES ,3,3,0,0,0,0,0,"-32.90681, -60.86728",Ruta,A012,ROLDÁN,San Lorenzo,Asfalto,Natural,XVII,Dentro,Urbana,Ninguna,No existe,Intersección,Bueno,Buena,Diurna,Buen Tiempo,De alcance,S/D,Colisión,Ninguna,Vertical,Ninguna,Sin restricción
2018,2983,2018-05-12,Sabado,0,12:50:00,,0.0,3,"Pickup/Utilitario,Transporte de Pasajeros Urbano (> 8 asientos),Automóvil",PUENTE ORO?O ,3,1,0,0,2,0,0,"-31.64088, -60.68106",S/D,,SANTA FE,La Capital,Hormigón,No existe,I,Dentro,Urbana,S/D,No existe,Recta,Bueno,S/D,Diurna,S/D,Múltiple,S/D,Colisión,S/D,S/D,S/D,S/D
2018,2984,2018-05-07,Lunes,0,07:10:00,Ruta Nacional 11,484.0,2,"Moto/Ciclomotor,Automóvil",Juan de Garay Y Pte Roca,3,0,1,0,2,0,0,"-31.5544, -60.72762",Ruta,11,RECREO,La Capital,Asfalto,Natural,I,Dentro,Urbana,Ninguna,No existe,Intersección,Bueno,Buena,Amanecer,Buen Tiempo,Lateral,S/D,Colisión,Ninguna,Horizontal,Línea divisoria pintada,Sin restricción
2018,2985,2018-05-14,Lunes,0,15:40:00,,0.0,2,"Bicicleta,Automóvil",Maipu 2010,2,1,0,0,1,0,0,"-31.635055555556,-60.696083333333",Calle,,SANTA FE,La Capital,Asfalto,No existe,I,Dentro,Urbana,S/D,No existe,Recta,Bueno,S/D,Diurna,S/D,S/D,Ciclista,Atropello,S/D,S/D,S/D,S/D
2018,2986,2018-06-12,Martes,0,11:00:00,,0.0,2,"Pickup/Utilitario,Moto/Ciclomotor",Sarmiento Y Gorriti,3,3,0,0,0,0,0,"-31.59342, -60.68038",Calle,,SANTA FE,La Capital,S/D,Natural,I,Dentro,Urbana,Ninguna,No existe,Intersección,Con baches,Reducida,Diurna,Otro,Otro,S/D,Colisión,Ninguna,Faltante,Ninguna,Sin restricción
2018,2987,2018-05-01,Martes,0,21:45:00,,0.0,2,"Moto/Ciclomotor,Automóvil",Belgrano 3819,2,1,0,0,1,0,0,"-31.633527777778,-60.697777777778",Calle,,SANTA FE,La Capital,Asfalto,No existe,I,Dentro,Urbana,S/D,No existe,Recta,Bueno,S/D,Diurna,S/D,Lateral,S/D,Colisión,S/D,S/D,S/D,S/D
2018,2988,2018-06-05,Martes,0,08:35:00,,0.0,2,"Moto/Ciclomotor,Automóvil",Av San Martin Y Cayetano Silva,2,1,0,0,1,0,0,"-32.7335,-60.733805555556",S/D,,SAN LORENZO,San Lorenzo,Hormigón,S/D,XVII,S/D,Urbana,S/D,No existe,Recta,Bueno,Buena,Diurna,S/D,Frontal,S/D,Colisión,S/D,S/D,S/D,S/D
2018,2989,2018-05-22,Martes,0,10:50:00,,0.0,2,"Automóvil,Moto/Ciclomotor",Las Heras Y Calchines,2,1,0,0,1,0,0,"-31.6414, -60.69897",Calle,,SANTA FE,La Capital,Asfalto,No existe,I,Dentro,Urbana,S/D,No existe,Intersección,Bueno,S/D,Diurna,S/D,Lateral,S/D,Colisión,S/D,S/D,S/D,S/D
2018,2990,2018-05-24,Jueves,0,09:35:00,,0.0,2,"Bicicleta,Automóvil",Bv GÁLVEZ Y Necochea,2,1,0,0,1,0,0,"-31.637305555556,-60.694361111111",Calle,,SANTA FE,La Capital,Asfalto,No existe,I,Dentro,Urbana,S/D,Funciona,Intersección,Bueno,S/D,S/D,S/D,S/D,Ciclista,Atropello,S/D,S/D,S/D,S/D
2018,2991,2018-06-26,Martes,0,18:00:00,,0.0,2,"Moto/Ciclomotor,Pickup/Utilitario",Candioti Y Matheu,2,2,0,0,0,0,0,"-31.595333333333,-60.683194444444",Calle,,SANTA FE,La Capital,S/D,No existe,I,S/D,Urbana,Ninguna,No existe,Intersección,Con baches,Reducida,Con luz artificial,Otro,S/D,S/D,Colisión,Otro,Faltante,Barrera de hormigón,Sin restricción
2018,2992,2018-06-08,Viernes,0,10:50:00,,0.0,2,"Moto/Ciclomotor,Pickup/Utilitario",Av San Martin Y Mateo GÁLVEZ,2,1,0,0,1,0,0,"-32.721277777778,-60.731916666667",S/D,,SAN LORENZO,San Lorenzo,Hormigón,S/D,XVII,S/D,Urbana,S/D,No existe,Intersección,Bueno,Buena,Diurna,S/D,S/D,S/D,Colisión,S/D,S/D,S/D,S/D
2018,2993,2018-05-05,Sabado,0,18:50:00,,0.0,2,"Moto/Ciclomotor,Automóvil",San Lorenzo ,2,1,0,0,1,0,0,"-31.569638442354, -60.694071171664",S/D,,SANTA FE,La Capital,Asfalto,No existe,I,S/D,Urbana,Ninguna,No existe,Intersección,Bueno,Buena,Atardecer,Buen Tiempo,Lateral,S/D,Colisión,Ninguna,Vertical,Ninguna,Sin restricción
2018,2994,2018-05-11,Viernes,1,19:05:00,,0.0,1,Moto/Ciclomotor,AV RODRIGUEZ 6700,2,1,0,0,1,0,0,"-31.50766,-60.74798",Avenida,,RECREO,La Capital,Asfalto,Natural,I,Dentro,Urbana,Ninguna,No existe,Recta,Bueno,Buena,Atardecer,Buen Tiempo,S/D,S/D,Despiste,Ninguna,Horizontal,Línea divisoria pintada,Sin restricción
2018,2995,2018-06-26,Martes,0,13:10:00,,0.0,2,"Automóvil,Moto/Ciclomotor",Av Gral Lopez Y Rivadavia,4,3,0,0,1,0,0,"-31.605722222222,-60.692166666667",Calle,,SANTA FE,La Capital,Asfalto,Pavimento,I,S/D,Urbana,Otra Señal,No existe,Intersección,Con baches,Reducida,Diurna,Otro,Otro,S/D,Colisión,Otro,Faltante,Ninguna,Sin restricción
2018,2996,2018-05-28,Lunes,0,22:00:00,,0.0,2,"Moto/Ciclomotor,Bicicleta",Juan de Garay Y Dr Esteban L Maradona,3,3,0,0,0,0,0,"-31.553354, -60.727328",Avenida,,RECREO,La Capital,Asfalto,Natural,I,Dentro,Urbana,Ninguna,No existe,Intersección,Bueno,Buena,Nocturna,Buen Tiempo,S/D,Ciclista,Atropello,Ninguna,Horizontal,Línea divisoria pintada,Sin restricción
2018,2997,2018-06-24,Domingo,0,14:00:00,,0.0,2,"Pickup/Utilitario,Moto/Ciclomotor",Necochea Y Vieytes,2,2,0,0,0,0,0,"-31.605055555556,-60.684305555556",Calle,,SANTA FE,La Capital,S/D,S/D,I,S/D,Urbana,Ninguna,S/D,Intersección,Otro,S/D,S/D,Otro,Otro,S/D,Colisión,Otro,Faltante,Barrera de hormigón,Sin restricción
2018,2998,2018-06-09,Sabado,0,17:50:00,,0.0,2,"Moto/Ciclomotor,Bicicleta",Clemente Albelo Y P Fournier,3,1,0,0,2,0,0,"-32.728305555556,-60.739777777778",Calle,,SAN LORENZO,San Lorenzo,Asfalto,Natural,XVII,S/D,Urbana,S/D,No existe,Intersección,Bueno,Buena,Diurna,S/D,S/D,Ciclista,Atropello,S/D,S/D,S/D,S/D
2018,2999,2018-06-23,Sabado,0,14:30:00,,0.0,2,"Automóvil,Moto/Ciclomotor",Av Galicia Y Belgrano,2,2,0,0,0,0,0,"-31.605972222222,-60.689694444444",Calle,,SANTA FE,La Capital,Asfalto,Pavimento,I,S/D,Urbana,Ninguna,No existe,Intersección,Bueno,Reducida,Diurna,Otro,Otro,S/D,Colisión,Otro,Faltante,Cordón divisorio,Sin restricción
2018,3000,2018-03-14,Miercoles,0,20:30:00,,0.0,2,"Moto/Ciclomotor,Automóvil",Bv Oro?o Y Islas Malvinas,2,1,0,0,1,0,0,"-32.734416666667,-60.739555555556",Avenida,,SAN LORENZO,San Lorenzo,Asfalto,No existe,XVII,Dentro,Urbana,S/D,No existe,Recta,S/D,Buena,Atardecer,S/D,De alcance,S/D,Colisión,S/D,Faltante,Línea divisoria pintada,S/D
2018,3001,2018-03-24,Sabado,0,00:15:00,,0.0,2,"Moto/Ciclomotor,Moto/Ciclomotor",Clemente Albelo Y Del Bajo,2,1,0,0,1,0,0,"-32.719583333333,-60.738472222222",Calle,,SAN LORENZO,San Lorenzo,Asfalto,No existe,XVII,Dentro,Urbana,S/D,No existe,Intersección,S/D,S/D,Nocturna,S/D,S/D,S/D,Colisión,S/D,Faltante,Ninguna,S/D
2018,3002,2018-03-29,Jueves,0,17:30:00,,0.0,2,"Automóvil,Moto/Ciclomotor",Bv Sarmiento Y Belgrano,3,2,0,0,1,0,0,"-32.901811794830, -60.906365664147",Avenida,,ROLDÁN,San Lorenzo,Asfalto,No existe,XVII,Dentro,Urbana,Ninguna,No existe,Intersección,Bueno,Buena,Diurna,Buen Tiempo,Lateral,S/D,Colisión,Ninguna,Faltante,Ninguna,Sin restricción
2018,3003,2018-03-29,Jueves,0,,Ruta Nacional A012,0.0,1,Automóvil, ,2,2,0,0,0,0,0,"-32.875387943401, -60.887104020260",Ruta,A012,ROLDÁN,San Lorenzo,Asfalto,Natural,XVII,Dentro,Rural,Ninguna,No existe,Recta,Bueno,Buena,Diurna,Buen Tiempo,S/D,S/D,Despiste,Ninguna,Faltante,Ninguna,Sin restricción
2018,3004,2018-03-27,Martes,0,19:30:00,Ruta Nacional 9,0.0,2,"Moto/Ciclomotor,Moto/Ciclomotor",Ruta Nacional 9 Y Avenida Alberdi,5,5,0,0,0,0,0,"-32.906033253215, -60.905982024109",Ruta,9,ROLDÁN,San Lorenzo,Asfalto,Ripio,XVII,Dentro,Urbana,Ninguna,No existe,Intersección,Bueno,Buena,"Nocturna,Con luz artificial",Buen Tiempo,Lateral,S/D,Colisión,Ninguna,Horizontal,Ninguna,Sin restricción
2018,3005,2018-03-10,Sabado,0,18:45:00,,0.0,2,"Pickup/Utilitario,Moto/Ciclomotor",Gral Juan Jose Valle 300,3,1,0,0,2,0,0,"-32.912603926764, -60.904163355546",Calle,,ROLDÁN,San Lorenzo,Asfalto,No existe,XVII,Dentro,Urbana,Ninguna,No existe,Recta,Bueno,Buena,Diurna,Buen Tiempo,Frontal,S/D,Colisión,Ninguna,Faltante,Ninguna,Sin restricción
2018,3006,2018-03-21,Miercoles,0,,,0.0,1,Moto/Ciclomotor,GÁLVEZ Y Laprida,1,1,0,0,0,0,0,"-32.894600273296, -60.901721573435",Calle,,ROLDÁN,San Lorenzo,Asfalto,Natural,XVII,Dentro,Urbana,Ninguna,No existe,Intersección,Bueno,Buena,Diurna,Buen Tiempo,Atropello animal,S/D,Colisión,Otro,Faltante,Ninguna,Sin restricción
2018,3007,2018-03-18,Domingo,0,09:00:00,,0.0,2,"Automóvil,Moto/Ciclomotor",Bv Pellegrini Y FRAY LUIS BELTRÁN,2,1,0,0,1,0,0,"-32.898226619884, -60.911173678004",Avenida,,ROLDÁN,San Lorenzo,Asfalto,No existe,XVII,Dentro,Urbana,Ninguna,No existe,Intersección,Bueno,Buena,Diurna,Buen Tiempo,Lateral,S/D,Colisión,Ninguna,Faltante,Ninguna,Sin restricción
2018,3008,2018-04-25,Miercoles,0,10:00:00,,0.0,2,"Automóvil,Pickup/Utilitario",Av. Eva Peron ,2,1,0,0,0,0,1,"-32.931420766802, -60.721778282696",Avenida,,ROSARIO,Rosario,Asfalto,No existe,II,Dentro,Urbana,Ninguna,Funciona,Intersección,Bueno,Buena,Diurna,Buen Tiempo,S/D,S/D,Colisión,Ninguna,Vertical,Ninguna,Sin restricción
2018,3009,2018-03-13,Martes,0,20:00:00,Ruta Nacional 9,0.0,2,"Moto/Ciclomotor,Moto/Ciclomotor",Ruta Nacional 9 Y Buenos Aires,3,3,0,0,0,0,0,"-32.906986242615, -60.900662895227",Ruta,9,ROLDÁN,San Lorenzo,Asfalto,Ripio,XVII,Dentro,Urbana,Ninguna,No existe,Intersección,Bueno,Buena,Con luz artificial,Buen Tiempo,Lateral,S/D,Colisión,Ninguna,Vertical,Ninguna,Sin restricción
2018,3010,2018-03-13,Martes,0,20:35:00,,0.0,2,"Automóvil,Moto/Ciclomotor",Bv Pellegrini Y 9 de Julio,3,2,0,0,1,0,0,"-32.898311240123, -60.910361632173",Avenida,,ROLDÁN,San Lorenzo,Asfalto,No existe,XVII,Dentro,Urbana,Ninguna,No existe,Intersección,Bueno,Buena,"Nocturna,Con luz artificial",Buen Tiempo,Lateral,S/D,Colisión,Ninguna,Faltante,Ninguna,Sin restricción
2018,3011,2018-04-10,Martes,0,09:20:00,Autopista Nacional A008,0.0,2,"Moto/Ciclomotor,Automóvil",JUAN PABLO II Y JUNIN,2,1,0,0,1,0,0,"-32.927515470476, -60.723065743023",Autopista,A008,ROSARIO,Rosario,Asfalto,No existe,II,Dentro,Urbana,Ninguna,No existe,Intersección,Bueno,Buena,Diurna,Buen Tiempo,Lateral,S/D,Colisión,Ninguna,S/D,Ninguna,Sin restricción
2018,3012,2018-03-04,Domingo,0,12:30:00,Ruta Nacional A012,0.0,2,"Pickup/Utilitario,Camión Chasis", ,2,1,0,0,1,0,0,"-32.926554295822, -60.900001931605",Ruta,A012,ROLDÁN,San Lorenzo,Asfalto,Pavimento,XVII,Dentro,Rural,Ninguna,No existe,Intersección,Bueno,S/D,Diurna,Buen Tiempo,De alcance,S/D,Colisión,Ninguna,Horizontal,Ninguna,Sin restricción
2018,3013,2018-04-15,Domingo,0,14:55:00,,0.0,1,Automóvil,Calle 101 ,4,4,0,0,0,0,0,"-29.109379, -59.680568",Calle,,AVELLANEDA,General Obligado,Ripio,Natural,IX,Dentro,Rural,S/D,No existe,Recta,S/D,S/D,Diurna,S/D,S/D,S/D,Vuelco,S/D,Faltante,S/D,S/D