anio_acci,nro_acci,fecha,desc_dia,fecha_aprox,hora_aprox,desc_ruta,km,cant_participantes,desc_participante,calle_avenida_km,total,heridos_leves,heridos_graves,heridos_gravisimos,ilesos,fallecidos,sin_datos,posicion_XY,desc_tipo_via,desc_ruta_ori,desc_loc,desc_dpto,desc_tipo_calzada,desc_tipo_banquina,desc_unidad_regional,desc_lugar_calzada,desc_zona,desc_prioridad,desc_estado_semaforo,desc_lugar_via,desc_estado_via,desc_estado_visibilidad,desc_luminosidad,desc_estado_clima,desc_tipo_colision,desc_tipo_atropello,desc_tipo_hecho,desc_pres_calzada,desc_senializacion,desc_separacion_via,desc_restriccion
2018,3014,2018-03-12,Lunes,0,01:00:00,,0.0,2,"Automóvil,Moto/Ciclomotor",Bv Sarmiento Y Sgto. J Cabral,3,1,0,0,2,0,0,"-32.900777528652, -60.911808884839",Calle,,ROLDÁN,San Lorenzo,Asfalto,No existe,XVII,Dentro,Urbana,Ninguna,No existe,Intersección,Bueno,Buena,"Nocturna,Con luz artificial",Buen Tiempo,Lateral,S/D,Colisión,Ninguna,Faltante,Ninguna,Sin restricción
2018,3015,2018-03-28,Miercoles,0,22:10:00,,0.0,1,Moto/Ciclomotor,Reconquista Y Jujuy,2,2,0,0,0,0,0,"-32.712599375208, -60.737586923477",Calle,,PUERTO SAN MARTÍN,San Lorenzo,Asfalto,No existe,XVII,Dentro,Urbana,Ninguna,No existe,Intersección,Bueno,Buena,Nocturna,Buen Tiempo,Contra objeto fijo,S/D,Colisión,Ninguna,Faltante,Ninguna,Sin restricción
2018,3016,2018-03-28,Miercoles,0,13:40:00,Ruta Nacional 11,0.0,2,"Moto/Ciclomotor,Automóvil",Ruta Nac 11 Y America,3,1,0,0,2,0,0,"-32.701895884165, -60.765798136195",Ruta,11,PUERTO SAN MARTÍN,San Lorenzo,Asfalto,Ripio,XVII,Dentro,Urbana,Ninguna,No existe,Intersección,Bueno,Buena,Diurna,Buen Tiempo,Lateral,S/D,Colisión,Ninguna,Faltante,Ninguna,Sin restricción
2018,3017,2018-03-23,Viernes,0,07:00:00,,0.0,2,"Automóvil,Moto/Ciclomotor",Misiones Y C Silva,2,0,1,0,1,0,0,"-32.711090496668, -60.760884329280",Calle,,PUERTO SAN MARTÍN,San Lorenzo,Asfalto,No existe,XVII,Dentro,Urbana,Ninguna,No existe,Intersección,Bueno,Buena,Amanecer,Buen Tiempo,De alcance,S/D,Colisión,Ninguna,Faltante,Ninguna,Sin restricción
2018,3018,2018-03-22,Jueves,0,12:00:00,Ruta Nacional 175,0.0,2,"Automóvil,Moto/Ciclomotor",Cordoba Y Belgrano,2,1,0,0,1,0,0,"-32.716795285957, -60.735209500288",Ruta,175,PUERTO SAN MARTÍN,San Lorenzo,Asfalto,No existe,XVII,Dentro,Urbana,Ninguna,No existe,Intersección,Bueno,Buena,Diurna,Buen Tiempo,Lateral,S/D,Colisión,Ninguna,Faltante,Ninguna,Sin restricción
2018,3019,2018-04-14,Sabado,0,11:15:00,,0.0,2,"Automóvil,Peatón",Constitucion Y Urquiza,2,0,0,0,1,1,0,"-32.936609, -60.672806",Calle,,ROSARIO,Rosario,Asfalto,No existe,II,Dentro,Urbana,Ninguna,No existe,Intersección,Bueno,Buena,Diurna,Buen Tiempo,S/D,Peatón,Atropello,Ninguna,Faltante,Ninguna,Sin restricción
2018,3020,2018-03-21,Miercoles,0,21:15:00,,0.0,1,Moto/Ciclomotor,Rosario Y America,1,1,0,0,0,0,0,"-32.705716019022, -60.742576341547",Calle,,PUERTO SAN MARTÍN,San Lorenzo,Asfalto,No existe,XVII,Dentro,Urbana,Ninguna,No existe,Intersección,Bueno,Buena,Nocturna,Buen Tiempo,S/D,S/D,Caída ocupante,Ninguna,Faltante,Ninguna,Sin restricción
2018,3021,2018-04-29,Domingo,0,11:00:00,,0.0,1,Moto/Ciclomotor,Bv. Segui 2400,2,2,0,0,0,0,0,"-32.975833333333,-60.66425",Avenida,,ROSARIO,Rosario,Asfalto,No existe,II,Dentro,Urbana,Ninguna,No existe,Recta,Bueno,Buena,Diurna,Buen Tiempo,S/D,S/D,Caída ocupante,Ninguna,Faltante,Ninguna,Sin restricción
2018,3022,2018-03-18,Domingo,0,21:30:00,,0.0,2,"Moto/Ciclomotor,Peatón",Chubut 800,3,1,0,0,2,0,0,"-32.698689636568, -60.731942438858",Calle,,PUERTO SAN MARTÍN,San Lorenzo,Asfalto,No existe,XVII,Dentro,Urbana,Ninguna,No existe,Recta,Bueno,Buena,Nocturna,Buen Tiempo,S/D,Peatón,Atropello,Ninguna,Faltante,Ninguna,Sin restricción
2018,3023,2018-03-01,Jueves,0,12:05:00,,0.0,2,"Peatón,Automóvil",Paraguay 1134,2,1,0,0,1,0,0,"-32.949509, -60.644743",Calle,,ROSARIO,Rosario,Asfalto,No existe,II,Dentro,Urbana,Semáforo,Funciona,Recta,Bueno,S/D,Diurna,S/D,S/D,Peatón,Atropello,S/D,"Horizontal,Vertical",Ninguna,Sin restricción
2018,3024,2018-03-17,Sabado,0,15:00:00,Ruta Nacional 175,0.0,1,Moto/Ciclomotor,Cordoba Y Belgrano,2,2,0,0,0,0,0,"-32.716801050313, -60.735233686870",Ruta,175,PUERTO SAN MARTÍN,San Lorenzo,Asfalto,No existe,XVII,Dentro,Urbana,Ninguna,No existe,Intersección,Bueno,Buena,Diurna,Buen Tiempo,Atropello animal,S/D,Colisión,Ninguna,Faltante,Ninguna,Sin restricción
2018,3025,2018-04-28,Sabado,0,11:25:00,,0.0,2,"Moto/Ciclomotor,Taxi/Remis",San Martin Y Pje. Gral.Savio,2,1,0,0,1,0,0,"-32.996483177531, -60.647950040311",Avenida,,ROSARIO,Rosario,Asfalto,No existe,II,Dentro,Urbana,Ninguna,No existe,Recta,Bueno,Buena,Diurna,Buen Tiempo,S/D,S/D,Colisión,Ninguna,Faltante,Ninguna,Sin restricción
2018,3026,2018-04-28,Sabado,0,13:20:00,,0.0,2,"Bicicleta,Automóvil",Av. Uriburu Y Sarmiento,2,1,0,0,1,0,0,"-32.99075,-60.649444444444",Avenida,,ROSARIO,Rosario,Asfalto,No existe,II,Dentro,Urbana,Ninguna,No existe,Intersección,Bueno,Buena,Diurna,Buen Tiempo,S/D,Ciclista,Atropello,Ninguna,Faltante,Ninguna,Sin restricción
2018,3027,2018-04-28,Sabado,0,16:05:00,,0.0,2,"Moto/Ciclomotor,Automóvil",BV SEGUI Y PJE 1878,2,1,0,0,0,0,1,"-32.970991463053, -60.710370408505",Avenida,,ROSARIO,Rosario,Asfalto,No existe,II,Dentro,Urbana,Ninguna,No existe,Intersección,Bueno,Buena,Diurna,Buen Tiempo,Lateral,S/D,Colisión,Ninguna,Faltante,Ninguna,Sin restricción
2018,3028,2018-04-27,Viernes,0,20:50:00,,0.0,2,"Automóvil,Automóvil",San Martin Y Garibaldi,3,2,0,0,1,0,0,"-32.986333333333,-60.645888888889",Calle,,ROSARIO,Rosario,Asfalto,No existe,II,Dentro,Urbana,Ninguna,Funciona,Intersección,Bueno,Buena,Nocturna,Buen Tiempo,Lateral,S/D,Colisión,Ninguna,Vertical,Ninguna,Sin restricción
2018,3029,2018-05-06,Domingo,0,08:20:00,,0.0,2,"Moto/Ciclomotor,Automóvil",Av Freyre Y Primera Junta,2,1,0,0,1,0,0,"-31.64504,-60.71820",Calle,,SANTA FE,La Capital,Asfalto,No existe,I,S/D,Urbana,Ninguna,No existe,Intersección,Bueno,Buena,Diurna,Buen Tiempo,Lateral,S/D,Colisión,Ninguna,Vertical,Ninguna,Sin restricción
2018,3030,2018-05-11,Viernes,0,10:50:00,,0.0,2,"Automóvil,Automóvil",Av Urquiza Y Gdor Crespo,2,1,0,0,1,0,0,"-31.63985,-60.71141",Calle,,SANTA FE,La Capital,Asfalto,No existe,I,S/D,Urbana,Ninguna,No existe,Intersección,Bueno,Buena,Diurna,Buen Tiempo,Lateral,S/D,Colisión,Ninguna,Vertical,Ninguna,Sin restricción
2018,3031,2018-05-08,Martes,0,10:00:00,,0.0,2,"Moto/Ciclomotor,Pickup/Utilitario",Av Freyre Y Junin,2,1,0,0,1,0,0,"-31.63632,-60.71590",Calle,,SANTA FE,La Capital,Asfalto,No existe,I,S/D,Urbana,Ninguna,No existe,Intersección,Bueno,Buena,Diurna,Buen Tiempo,Lateral,S/D,Colisión,Ninguna,Vertical,Ninguna,Sin restricción
2018,3032,2018-05-11,Viernes,0,15:40:00,,0.0,2,"Automóvil,Moto/Ciclomotor",Av Freyre Y Primera Junta,2,1,0,0,1,0,0,"-31.64504,-60.71820",Calle,,SANTA FE,La Capital,Asfalto,No existe,I,S/D,Urbana,Ninguna,No existe,Intersección,Bueno,Buena,Diurna,Buen Tiempo,Lateral,S/D,Colisión,Ninguna,Vertical,Ninguna,Sin restricción
2018,3033,2018-05-04,Viernes,0,15:00:00,,0.0,1,Transporte de Pasajeros Urbano (> 8 asientos),25 de Mayo Y Junin,2,1,0,0,0,0,1,"-31.63905, -60.70356",Calle,,SANTA FE,La Capital,Asfalto,No existe,I,Dentro,Urbana,Ninguna,Funciona,Recta,Bueno,Buena,Diurna,Buen Tiempo,Contra objeto fijo,S/D,Caída ocupante,Ninguna,"Horizontal,Vertical",Ninguna,Sin restricción
2018,3034,2018-06-10,Domingo,0,08:50:00,,0.0,2,"Transporte de Pasajeros Urbano (> 8 asientos),Automóvil",Av San Martin Y Falucho,2,0,1,0,1,0,0,"-32.73767, -60.73379",S/D,,SAN LORENZO,San Lorenzo,S/D,S/D,XVII,S/D,Urbana,S/D,S/D,Recta,S/D,S/D,S/D,S/D,De alcance,S/D,Colisión,S/D,S/D,S/D,S/D
2018,3036,2018-05-14,Lunes,0,08:40:00,,0.0,2,"Moto/Ciclomotor,Camión Chasis",Av 27 de Febrero Y Mendoza,2,1,0,0,1,0,0,"-31.64965, -60.70488",Avenida,,SANTA FE,La Capital,Hormigón,No existe,I,Dentro,Urbana,Ninguna,Funciona,Recta,Bueno,Buena,Diurna,Buen Tiempo,De alcance,S/D,Colisión,Ninguna,"Horizontal,Vertical",Ninguna,Sin restricción
2018,3037,2018-05-11,Viernes,0,10:00:00,,0.0,2,"Automóvil,Transporte de Pasajeros Urbano (> 8 asientos)",Santiago del Estero ,2,1,0,0,1,0,0,"-31.63665, -60.70941",Calle,,SANTA FE,La Capital,Asfalto,No existe,I,S/D,Urbana,Ninguna,No existe,Intersección,Otro,Buena,Diurna,Buen Tiempo,Lateral,S/D,Colisión,Ninguna,Vertical,Ninguna,Sin restricción
2018,3038,2018-06-13,Miercoles,0,18:30:00,,0.0,2,"Automóvil,Peatón",Dorrego Y Diag. Berardo,2,1,0,0,1,0,0,"-32.73304, -60.73676",Calle,,SAN LORENZO,San Lorenzo,Hormigón,S/D,XVII,S/D,Urbana,S/D,S/D,Intersección,S/D,S/D,S/D,S/D,S/D,Peatón,Atropello,S/D,S/D,S/D,S/D
2018,3039,2018-05-10,Jueves,0,22:00:00,,0.0,2,"Moto/Ciclomotor,Automóvil",Junin Y Av Freyre,3,2,0,0,1,0,0,"-31.63632,-60.71590",Calle,,SANTA FE,La Capital,Asfalto,No existe,I,S/D,Urbana,Ninguna,No existe,Intersección,Bueno,Buena,Nocturna,Buen Tiempo,Lateral,S/D,Colisión,Ninguna,Vertical,Ninguna,Sin restricción
2018,3041,2018-05-10,Jueves,0,19:00:00,,0.0,2,"Automóvil,Bicicleta",Av Freyre Y Junin,2,1,0,0,1,0,0,"-31.63632,-60.71590",Calle,,SANTA FE,La Capital,Asfalto,No existe,I,S/D,Urbana,Ninguna,No existe,Intersección,Bueno,Buena,Nocturna,Buen Tiempo,S/D,Ciclista,Atropello,Ninguna,Vertical,Ninguna,Sin restricción
2018,3042,2018-06-14,Jueves,0,11:50:00,,0.0,2,"Moto/Ciclomotor,Vehículo Oficial",Bv Oro?o Y Irigoyen,2,1,0,0,1,0,0,"-32.73508, -60.736",S/D,,SAN LORENZO,San Lorenzo,S/D,S/D,XVII,S/D,Urbana,S/D,No existe,Intersección,S/D,Buena,Diurna,S/D,De alcance,S/D,Colisión,S/D,S/D,S/D,S/D
2018,3043,2018-05-13,Domingo,0,08:00:00,,0.0,2,"Automóvil,Moto/Ciclomotor",Av Freyre 2100,3,2,0,0,1,0,0,"-31.64917,-60.71939",Calle,,SANTA FE,La Capital,Asfalto,No existe,I,S/D,Urbana,Ninguna,No existe,Intersección,Bueno,Buena,Diurna,Buen Tiempo,Lateral,S/D,Colisión,Ninguna,Vertical,Ninguna,Sin restricción
2018,3044,2018-05-09,Miercoles,0,09:10:00,,0.0,2,"Moto/Ciclomotor,Transporte de Pasajeros Urbano (> 8 asientos)",3 de Febrero Y 1ro de Mayo,2,1,0,0,1,0,0,"-31.65743, -60.71383",Calle,,SANTA FE,La Capital,Asfalto,No existe,I,Dentro,Urbana,Ninguna,No existe,Intersección,Bueno,Buena,Diurna,Buen Tiempo,Lateral,S/D,Colisión,Ninguna,Horizontal,Ninguna,Sin restricción
2018,3045,2018-05-15,Martes,0,00:45:00,,0.0,2,"Moto/Ciclomotor,Automóvil",Av Freyre Y Lisandro de la Torre,2,1,0,0,1,0,0,"-31.64917,-60.71939",Calle,,SANTA FE,La Capital,Asfalto,No existe,I,S/D,Urbana,Ninguna,No existe,Intersección,Bueno,Buena,Nocturna,Buen Tiempo,Lateral,S/D,Colisión,Ninguna,Vertical,Ninguna,Sin restricción
2018,3046,2018-06-21,Jueves,0,23:30:00,,0.0,2,"Otros,Otros",Padre Genesio Y Belgrano,2,0,0,0,0,0,2,"-31.600972146591, -60.688270365887",Calle,,SANTA FE,La Capital,S/D,Pavimento,I,Dentro,Urbana,Otra Señal,No existe,Intersección,Otro,Reducida,S/D,Otro,Otro,S/D,Colisión,Otro,Faltante,Barrera de hormigón,Sin restricción
2018,3047,2018-06-21,Jueves,0,11:30:00,,0.0,2,"Bicicleta,Automóvil",Irigoyen Y Suiza,2,1,0,0,1,0,0,"-32.72978, -60.73546",S/D,,SAN LORENZO,San Lorenzo,S/D,S/D,XVII,S/D,Urbana,S/D,No existe,Intersección,S/D,Buena,Diurna,Buen Tiempo,S/D,Ciclista,Atropello,S/D,S/D,S/D,S/D
2018,3048,2018-05-23,Miercoles,0,21:00:00,,0.0,2,"Automóvil,Bicicleta",Salta Y Juan Diaz de Solis,2,1,0,0,1,0,0,"-31.646317221696, -60.727310335115",Calle,,SANTA FE,La Capital,Asfalto,No existe,I,S/D,Urbana,Ninguna,Funciona,Intersección,Bueno,Buena,Nocturna,Buen Tiempo,Otro,Ciclista,Atropello,Ninguna,S/D,Ninguna,Sin restricción
2018,3049,2018-05-07,Lunes,0,17:30:00,,0.0,2,"Bicicleta,Moto/Ciclomotor",DR LAUREANO MARADONA ,2,2,0,0,0,0,0,"-31.639492714897, -60.660607576967",Calle,,SANTA FE,La Capital,Asfalto,Natural,I,Dentro,Urbana,Ninguna,Funciona,Recta,Bueno,Buena,Diurna,Lluvia,De alcance,Ciclista,Atropello,Agua,S/D,Línea divisoria pintada,Sin restricción
2018,3050,2018-05-23,Miercoles,0,16:40:00,,0.0,2,"Automóvil,Moto/Ciclomotor",Av Freyre Y Hipolito Yrigoyen,3,1,0,0,2,0,0,"-31.64009,-60.71702",Avenida,,SANTA FE,La Capital,Asfalto,No existe,I,S/D,Urbana,Ninguna,Funciona,Intersección,Bueno,Buena,Atardecer,Buen Tiempo,Otro,S/D,Colisión,Ninguna,S/D,Ninguna,Sin restricción
2018,3051,2018-06-19,Martes,0,11:30:00,,0.0,2,"Automóvil,Automóvil",Av A del Valle Y Javier de la Rosa,2,1,0,0,1,0,0,"-31.599255532821, -60.691961085491",Calle,,SANTA FE,La Capital,S/D,Pavimento,I,Dentro,Urbana,Ninguna,No existe,Otro,Otro,Reducida,Diurna,Otro,Otro,S/D,Colisión,Otro,Faltante,Ninguna,Sin restricción
2018,3052,2018-06-17,Domingo,0,07:00:00,,0.0,2,"Moto/Ciclomotor,Automóvil",Av San Martin Y Ledesma,2,1,0,0,1,0,0,"-32.72812, -60.73294",Avenida,,SAN LORENZO,San Lorenzo,S/D,S/D,XVII,S/D,Urbana,S/D,S/D,Intersección,S/D,S/D,S/D,S/D,S/D,S/D,S/D,S/D,S/D,S/D,S/D
2018,3053,2018-05-22,Martes,0,15:30:00,,0.0,2,"Moto/Ciclomotor,Automóvil",Tucuman Y Francia,2,1,0,0,1,0,0,"-31.64491,-60.71429",Calle,,SANTA FE,La Capital,Asfalto,No existe,I,S/D,Urbana,Ninguna,Funciona,Intersección,Bueno,Buena,Atardecer,Buen Tiempo,Otro,S/D,Colisión,Ninguna,Faltante,Ninguna,Sin restricción
2018,3054,2018-05-11,Viernes,0,05:10:00,Ruta Nacional 168,476.0,1,Automóvil,Ruta Nac 168 ,1,0,1,0,0,0,0,"-31.63953, -60.63443",Ruta,168,SANTA FE,La Capital,Asfalto,Pavimento,I,S/D,Urbana,Ninguna,No existe,Recta,Bueno,Buena,Nocturna,Buen Tiempo,Contra objeto fijo,S/D,Vuelco,Ninguna,S/D,"Barrera de hormigón,Guardarrail",Sin restricción
2018,3055,2018-06-23,Sabado,0,03:00:00,,0.0,2,"Moto/Ciclomotor,Automóvil",Av San Martin Y Eva Peron,2,1,0,0,1,0,0,"-32.72711, -60.73281",S/D,,SAN LORENZO,San Lorenzo,Hormigón,S/D,XVII,S/D,Urbana,S/D,S/D,Intersección,S/D,S/D,S/D,Buen Tiempo,Lateral,S/D,Colisión,S/D,S/D,S/D,S/D
2018,3056,2018-06-18,Lunes,0,17:45:00,,0.0,2,"Pickup/Utilitario,Bicicleta",Alberti Y Guemes,2,2,0,0,0,0,0,"-31.604855985244, -60.679236685925",Calle,,SANTA FE,La Capital,S/D,No existe,I,S/D,Urbana,Ninguna,S/D,Intersección,Otro,Reducida,S/D,Otro,Otro,S/D,Otro,Otro,Faltante,S/D,Sin restricción
2018,3057,2018-05-22,Martes,0,10:50:00,,0.0,2,"Automóvil,Moto/Ciclomotor",Saavedra Y Hipolito Yrigoyen,2,1,0,0,1,0,0,"-31.64059,-60.71440",Calle,,SANTA FE,La Capital,Asfalto,S/D,I,S/D,Urbana,Ninguna,S/D,Intersección,Bueno,Buena,Diurna,Buen Tiempo,Otro,S/D,Colisión,Ninguna,Faltante,Ninguna,Sin restricción
2018,3058,2018-05-21,Lunes,0,18:40:00,,0.0,2,"Moto/Ciclomotor,Automóvil",Obispo Gelabert Y San Lorenzo,2,1,0,0,1,0,0,"-31.63449,-60.71410",Calle,,SANTA FE,La Capital,Asfalto,No existe,I,S/D,Urbana,Ninguna,Funciona,Intersección,Bueno,Buena,Atardecer,Buen Tiempo,Otro,S/D,Colisión,Ninguna,Faltante,Ninguna,Sin restricción
2018,3059,2018-06-15,Viernes,0,19:30:00,Autopista Nacional Rosario -Cordoba,331.0,1,Automóvil, ,5,2,0,0,3,0,0,"-32.88412, -61.02795",Autopista,Rosario -Córdoba,SAN JERÓNIMO SUR,San Lorenzo,Asfalto,Ripio,XVII,S/D,S/D,Ninguna,No existe,Recta,"Con baches,Ahuellamiento",Buena,Nocturna,Buen Tiempo,Otro,S/D,"Vuelco,Despiste",Ninguna,Faltante,Vegetación,Sin restricción
2018,3060,2018-05-18,Viernes,0,,,0.0,2,"Automóvil,Bicicleta",Primera Junta Y Dr Zavalla,2,1,0,0,1,0,0,"-31.644621193747, -60.719736524510",Calle,,SANTA FE,La Capital,Asfalto,No existe,I,S/D,Urbana,Ninguna,No existe,Intersección,Bueno,Buena,S/D,Buen Tiempo,Otro,Ciclista,Atropello,Ninguna,Faltante,Ninguna,Sin restricción
2018,3061,2018-06-14,Jueves,0,19:50:00,,0.0,2,"Automóvil,Moto/Ciclomotor",Av A del Valle Y Larrea,3,1,0,0,2,0,0,"-31.595414609512, -60.691832339458",Calle,,SANTA FE,La Capital,S/D,No existe,I,Dentro,Urbana,S/D,No existe,Intersección,Otro,Reducida,Con luz artificial,Otro,Otro,S/D,Colisión,Otro,Faltante,Ninguna,Sin restricción
2018,3062,2018-05-15,Martes,0,12:55:00,,0.0,2,"Moto/Ciclomotor,Pickup/Utilitario", ,2,1,0,0,1,0,0,"-31.61063, -60.69727",Calle,,SANTA FE,La Capital,Asfalto,No existe,I,S/D,Urbana,Ninguna,No existe,Intersección,Bueno,Buena,Diurna,Buen Tiempo,Lateral,S/D,Colisión,Ninguna,Vertical,Ninguna,Sin restricción
2018,3063,2018-05-22,Martes,0,12:50:00,,0.0,2,"Camión Chasis,Moto/Ciclomotor",LUIS LELOIR Y JULIO BUSANICHE,4,1,0,0,3,0,0,"-31.6375, -60.6595",Calle,,SANTA FE,La Capital,Asfalto,No existe,I,Dentro,Urbana,Ninguna,No existe,Intersección,Con baches,Buena,Diurna,Buen Tiempo,De alcance,S/D,Colisión,Agua,S/D,Ninguna,Sin restricción
2018,3064,2018-06-07,Jueves,0,21:30:00,,0.0,2,"Bicicleta,Pickup/Utilitario",Bolivar Y Mitre,2,1,0,0,1,0,0,"-32.66825, -60.79435",Calle,,TIMBÚES,San Lorenzo,Asfalto,Pavimento,XVII,Dentro,Urbana,Ninguna,No existe,Intersección,Bueno,Buena,Diurna,Buen Tiempo,De alcance,Ciclista,Atropello,Ninguna,Vertical,Ninguna,Sin restricción
2018,3065,2018-06-13,Miercoles,0,18:50:00,,0.0,2,"Moto/Ciclomotor,Peatón",Av Gral Paz Y Estanislao Zeballos,2,1,0,0,1,0,0,"-31.609083146652, -60.677584445171",Avenida,,SANTA FE,La Capital,S/D,S/D,I,Dentro,Urbana,Ninguna,S/D,Intersección,Otro,S/D,S/D,Otro,Otro,S/D,Colisión,Otro,Faltante,Ninguna,Sin restricción
2018,3066,2018-06-18,Lunes,0,17:10:00,Ruta Provincial Brigadier E.López,23.0,2,"Pickup/Utilitario,Automóvil",COLECTORA ESTE AP01 ,2,1,0,0,1,0,0,"-32.64584, -60.82533",Ruta,Brigadier E.López,TIMBÚES,San Lorenzo,Asfalto,Natural,XVII,Dentro,Rural,Ninguna,No existe,Recta,Bueno,Buena,Diurna,Buen Tiempo,De alcance,S/D,Colisión,Ninguna,Vertical,Ninguna,Sin restricción
2018,3067,2018-05-29,Martes,0,11:00:00,,0.0,2,"Automóvil,Moto/Ciclomotor",Av Freyre 1700,2,1,0,0,1,0,0,"-31.65400,-60.72078",Calle,,SANTA FE,La Capital,S/D,S/D,I,Dentro,Urbana,S/D,S/D,S/D,S/D,S/D,S/D,S/D,S/D,S/D,S/D,S/D,S/D,S/D,S/D
2018,3068,2018-05-12,Sabado,0,12:09:00,,0.0,2,"Moto/Ciclomotor,Automóvil",San Jeronimo Y Primera Junta,2,1,0,0,1,0,0,"-31.64761, -60.70834",Calle,,SANTA FE,La Capital,Asfalto,No existe,I,Dentro,Urbana,Ninguna,No existe,Intersección,Bueno,Buena,Diurna,Buen Tiempo,Lateral,S/D,Colisión,Ninguna,Horizontal,Ninguna,Sin restricción
2018,3070,2018-05-22,Martes,0,22:50:00,,0.0,2,"Moto/Ciclomotor,Vehículo Oficial",3 de Febrero Y Gdor Freyre,2,1,0,0,1,0,0,"-31.65615,-60.72180",Calle,,SANTA FE,La Capital,Asfalto,No existe,I,Dentro,Urbana,Ninguna,No existe,Intersección,Deteriorada,Buena,Nocturna,Buen Tiempo,Lateral,S/D,Colisión,Ninguna,Faltante,Ninguna,Sin restricción
2018,3071,2018-06-28,Jueves,0,08:10:00,,0.0,2,"Automóvil,Moto/Ciclomotor",Palacios Y Galapeti,2,1,0,0,1,0,0,"-32.77086, -60.78644",Calle,,RICARDONE,San Lorenzo,Ripio,S/D,XVII,S/D,Urbana,S/D,S/D,Intersección,S/D,Buena,Diurna,Buen Tiempo,Frontal,S/D,Colisión,Ninguna,S/D,S/D,S/D
2018,3073,2018-05-19,Sabado,0,11:00:00,,0.0,2,"Moto/Ciclomotor,Automóvil",Gdor Freyre Y Uruguay,2,1,0,0,1,0,0,"-31.65905,-60.72261",Calle,,SANTA FE,La Capital,Asfalto,No existe,I,Dentro,Urbana,Ninguna,No existe,Intersección,Bueno,Buena,Diurna,Buen Tiempo,Lateral,S/D,Colisión,Ninguna,Faltante,Ninguna,Sin restricción
2018,3074,2018-05-11,Viernes,0,09:10:00,,0.0,2,"Moto/Ciclomotor,Automóvil",Av 27 de Febrero Y Cruz Roje Argentina,2,1,0,0,1,0,0,"-31.65315, -60.70577",Avenida,,SANTA FE,La Capital,Hormigón,No existe,I,Dentro,Urbana,Ninguna,Funciona,Distribuidor,Bueno,Buena,Diurna,Buen Tiempo,De alcance,S/D,Atropello,Ninguna,"Horizontal,Vertical",Ninguna,Sin restricción
2018,3075,2018-05-19,Sabado,0,16:00:00,,0.0,2,"Moto/Ciclomotor,Automóvil",San Lorenzo Y Monse?or Zaspe,3,1,0,0,2,0,0,"-31.65116,-60.73565",Calle,,SANTA FE,La Capital,Asfalto,No existe,I,Dentro,Urbana,Ninguna,No existe,Intersección,Bueno,Buena,Diurna,Buen Tiempo,Lateral,S/D,Colisión,Ninguna,Faltante,Ninguna,Sin restricción
2018,3076,2018-05-21,Lunes,0,09:00:00,,0.0,2,"Automóvil,Automóvil",Mendoza 2800,2,1,0,0,1,0,0,"-31.6485, -60.70991",Calle,,SANTA FE,La Capital,Hormigón,No existe,I,Dentro,Urbana,Ninguna,No existe,Recta,Bueno,Buena,Diurna,Buen Tiempo,Lateral,S/D,Colisión,Ninguna,Horizontal,Ninguna,Sin restricción
2018,3078,2018-05-17,Jueves,0,15:30:00,,0.0,2,"Automóvil,Moto/Ciclomotor",Intendente Manuel Irigoyen ,2,1,0,0,1,0,0,"-31.64055, -60.71442",Calle,,SANTA FE,La Capital,"Asfalto,Hormigón",Pavimento,I,Dentro,Urbana,Ninguna,No existe,Recta,"Con baches,Otro",Buena,Diurna,Buen Tiempo,De alcance,S/D,Colisión,Ninguna,Faltante,Ninguna,Sin restricción
2018,3079,2018-06-07,Jueves,0,18:45:00,,0.0,2,"Pickup/Utilitario,Moto/Ciclomotor",Av Galicia Y Las Heras,3,0,0,0,1,0,2,"-31.606358022293, -60.688720977001",Avenida,,SANTA FE,La Capital,Asfalto,No existe,I,S/D,Urbana,Ninguna,No existe,Intersección,Otro,Reducida,Atardecer,Otro,S/D,S/D,Colisión,Otro,Faltante,Ninguna,Sin restricción
2018,3080,2018-05-16,Miercoles,0,15:10:00,,0.0,2,"Bicicleta,Automóvil",San Lorenzo Y Monse?or Zaspe,2,1,0,0,1,0,0,"-31.65416,-60.71977",Calle,,SANTA FE,La Capital,Asfalto,No existe,I,Dentro,Urbana,Ninguna,No existe,Intersección,Bueno,Buena,Diurna,Buen Tiempo,S/D,Ciclista,Atropello,Ninguna,Faltante,Ninguna,Sin restricción
2018,3081,2018-05-18,Viernes,0,09:10:00,,0.0,2,"Automóvil,Moto/Ciclomotor",4 de Enero 2200,2,1,0,0,1,0,0,"-31.6492, -60.7127",Calle,,SANTA FE,La Capital,Asfalto,No existe,I,Dentro,Urbana,Ninguna,No existe,Recta,Bueno,Buena,Diurna,Buen Tiempo,Lateral,S/D,Atropello,Ninguna,Horizontal,Ninguna,Sin restricción
2018,3082,2018-05-12,Sabado,0,14:15:00,,0.0,2,"Pickup/Utilitario,Moto/Ciclomotor",San Lorenzo Y Uruguay,3,1,0,0,2,0,0,"-31.65930,-60.72134",Calle,,SANTA FE,La Capital,Asfalto,No existe,I,S/D,Urbana,Ninguna,No existe,Intersección,Bueno,Buena,Diurna,Buen Tiempo,Lateral,S/D,Colisión,Ninguna,Faltante,Ninguna,Sin restricción