anio_acci,nro_acci,fecha,desc_dia,fecha_aprox,hora_aprox,desc_ruta,km,cant_participantes,desc_participante,calle_avenida_km,total,heridos_leves,heridos_graves,heridos_gravisimos,ilesos,fallecidos,sin_datos,posicion_XY,desc_tipo_via,desc_ruta_ori,desc_loc,desc_dpto,desc_tipo_calzada,desc_tipo_banquina,desc_unidad_regional,desc_lugar_calzada,desc_zona,desc_prioridad,desc_estado_semaforo,desc_lugar_via,desc_estado_via,desc_estado_visibilidad,desc_luminosidad,desc_estado_clima,desc_tipo_colision,desc_tipo_atropello,desc_tipo_hecho,desc_pres_calzada,desc_senializacion,desc_separacion_via,desc_restriccion
2018,3083,2018-06-06,Miercoles,0,17:50:00,,0.0,2,"Moto/Ciclomotor,Automóvil",Javier de la Rosa Y Lavalle,2,1,0,0,0,0,1,"-31.601959199508, -60.679537093334",Calle,,SANTA FE,La Capital,Asfalto,No existe,I,S/D,Urbana,Ninguna,No funciona,Intersección,Otro,Reducida,S/D,Otro,Otro,S/D,Colisión,Otro,Faltante,Ninguna,Sin restricción
2018,3084,2018-06-22,Viernes,0,03:00:00,,58.0,2,"Camión c / Acoplado,Camión c / Acoplado", ,2,0,1,0,1,0,0,"-32.77843, -60.79836",S/D,,SAN LORENZO,San Lorenzo,Asfalto,Pavimento,XVII,S/D,Rural,Otra Señal,No existe,Recta,Bueno,Reducida,Nocturna,Buen Tiempo,Lateral,S/D,Colisión,Ninguna,"Horizontal,Vertical",S/D,S/D
2018,3085,2018-05-04,Viernes,0,20:10:00,,0.0,2,"Moto/Ciclomotor,Pickup/Utilitario",Av Freyre Y Corrientes,2,1,0,0,0,0,1,"-31.65170,-60.72035",Calle,,SANTA FE,La Capital,Asfalto,No existe,I,Dentro,Urbana,Semáforo,Funciona,Intersección,Con baches,Buena,Nocturna,Lluvia,Lateral,S/D,Colisión,Ninguna,Faltante,Ninguna,Sin restricción
2018,3086,2018-05-05,Sabado,0,12:15:00,,0.0,2,"Moto/Ciclomotor,Pickup/Utilitario",4 de Enero Y Tucuman,2,1,0,0,1,0,0,"-31.64556, -60.71168",Calle,,SANTA FE,La Capital,S/D,No existe,I,Dentro,Urbana,Ninguna,No existe,Intersección,Bueno,Buena,Diurna,Buen Tiempo,Lateral,S/D,Colisión,Ninguna,Horizontal,Ninguna,Sin restricción
2018,3087,2018-06-05,Martes,0,19:40:00,,0.0,2,"Moto/Ciclomotor,Moto/Ciclomotor",Padre Genesio Y Rivadavia,3,3,0,0,0,0,0,"-31.600521535476, -60.690673625164",Calle,,SANTA FE,La Capital,Asfalto,No existe,I,S/D,Urbana,S/D,No existe,Intersección,Otro,Reducida,S/D,Otro,Otro,S/D,S/D,Otro,Faltante,S/D,Sin restricción
2018,3088,2018-05-02,Miercoles,0,18:00:00,,0.0,2,"Moto/Ciclomotor,Automóvil",Dr Zavalla Y Uruguay,2,1,0,0,1,0,0,"-31.65882,-60.72394",Calle,,SANTA FE,La Capital,Asfalto,No existe,I,Dentro,Urbana,Ninguna,No existe,Intersección,Deteriorada,Buena,Diurna,Buen Tiempo,Lateral,S/D,Colisión,Ninguna,Faltante,Ninguna,Sin restricción
2018,3089,2018-06-12,Martes,0,11:30:00,Ruta Secundaria 17-s,0.0,2,"Automóvil,Automóvil", ,2,1,1,0,0,0,0,"-33.166455815129, -61.076609391397",Ruta,17-s,FUENTES,San Lorenzo,Asfalto,Ripio,XVII,S/D,Urbana,Marca Vial,No existe,Cruce,Bueno,Buena,Diurna,Buen Tiempo,Frontal,S/D,Colisión,Ninguna,Vertical,Línea divisoria pintada,Sin restricción
2018,3091,2018-05-02,Miercoles,0,07:50:00,,0.0,2,"Bicicleta,Automóvil",Intendente Manuel Irigoyen Y Av Circunvalaci?n,2,1,0,0,0,0,1,"-31.66393,-60.73370",Calle,,SANTA FE,La Capital,Asfalto,No existe,I,Dentro,Urbana,Ninguna,No existe,Rotonda,Bueno,Buena,Nocturna,Buen Tiempo,S/D,Ciclista,Atropello,Ninguna,Faltante,Ninguna,Sin restricción
2018,3092,2018-05-04,Viernes,0,17:00:00,,0.0,2,"Pickup/Utilitario,Peatón",Vera Mujica 700,2,1,0,0,1,0,0,"-31.66407,-60.72391",Calle,,SANTA FE,La Capital,Asfalto,No existe,I,Dentro,Urbana,Ninguna,No existe,Recta,Bueno,Buena,Diurna,Buen Tiempo,S/D,Peatón,Atropello,Ninguna,Faltante,Ninguna,Sin restricción
2018,3093,2018-05-03,Jueves,0,18:15:00,,0.0,2,"Peatón,Moto/Ciclomotor",Rivadavia Y Hipolito Yrigoyen,2,1,0,0,1,0,0,"-31.64272, -60.70311",Calle,,SANTA FE,La Capital,Asfalto,No existe,I,Dentro,Urbana,Ninguna,Funciona,Intersección,Bueno,Buena,Atardecer,Buen Tiempo,Lateral,Peatón,Atropello,Ninguna,"Horizontal,Vertical",Ninguna,Sin restricción
2018,3094,2018-06-02,Sabado,0,17:45:00,,0.0,2,"Moto/Ciclomotor,Taxi/Remis",Sarmiento Y Risso,3,1,0,0,2,0,0,"-31.603053540786, -60.683227812939",Calle,,SANTA FE,La Capital,Asfalto,No existe,I,S/D,Urbana,Otra Señal,No existe,Intersección,Otro,Reducida,Atardecer,Otro,Otro,S/D,Colisión,Otro,Faltante,Ninguna,Sin restricción
2018,3095,2018-05-07,Lunes,0,21:40:00,,0.0,2,"Moto/Ciclomotor,Automóvil",Vera Mujica Y Islas Malvinas,3,1,0,0,2,0,0,"-31.66699,-60.72708",Calle,,SANTA FE,La Capital,Asfalto,No existe,I,Dentro,Urbana,Ninguna,No existe,Intersección,Bueno,Buena,Diurna,Buen Tiempo,De alcance,S/D,Colisión,Ninguna,Faltante,Ninguna,Sin restricción
2018,3096,2018-06-06,Miercoles,0,08:15:00,,0.0,1,Moto/Ciclomotor,Gorriti Y Av A del Valle,1,1,0,0,0,0,0,"-31.59068, -60.69229",Avenida,,SANTA FE,La Capital,Asfalto,Pavimento,I,S/D,Urbana,S/D,Funciona,Curva,Bueno,Buena,Diurna,Buen Tiempo,S/D,S/D,Despiste,Ninguna,Vertical,S/D,S/D
2018,3097,2018-06-02,Sabado,0,01:20:00,,0.0,2,"Moto/Ciclomotor,Automóvil",Av A del Valle Y Reg 12 de Infanteria,2,2,0,0,0,0,0,"-31.598332852920, -60.691918170147",Avenida,,SANTA FE,La Capital,Asfalto,Pavimento,I,S/D,Urbana,Otra Señal,No existe,Intersección,Otro,Reducida,Nocturna,Otro,Otro,S/D,Colisión,Otro,Faltante,Ninguna,Sin restricción
2018,3098,2018-04-17,Martes,0,10:40:00,,0.0,2,"Moto/Ciclomotor,Automóvil",Bv. Segui Y Mitre,2,1,0,0,1,0,0,"-32.978835247377, -60.647819668123",Calle,,ROSARIO,Rosario,Asfalto,No existe,II,Dentro,Urbana,S/D,No existe,Intersección,Bueno,Buena,Diurna,S/D,Lateral,S/D,Colisión,Ninguna,Faltante,S/D,S/D
2018,3099,2018-04-20,Viernes,0,12:40:00,,0.0,2,"Moto/Ciclomotor,Automóvil",Mitre Y Juan Canals,3,2,0,0,1,0,0,"-32.989156387666, -60.650394588777",Calle,,ROSARIO,Rosario,Asfalto,No existe,II,Dentro,Urbana,Ninguna,No existe,Intersección,Bueno,Buena,Diurna,Buen Tiempo,Lateral,S/D,Colisión,Ninguna,Faltante,Ninguna,Sin restricción
2018,3100,2018-04-15,Domingo,0,19:20:00,,0.0,3,"Moto/Ciclomotor,Automóvil,Peatón",Buenos Aires Y Pje. Gral.Savio,3,2,0,0,1,0,0,"-32.996344707826, -60.645051628420",Calle,,ROSARIO,Rosario,Asfalto,No existe,II,Dentro,Urbana,Ninguna,No existe,Intersección,Bueno,Buena,Atardecer,Buen Tiempo,Lateral,Peatón,"Colisión,Atropello",Ninguna,Faltante,Ninguna,Sin restricción
2018,3101,2018-04-24,Martes,0,19:10:00,,0.0,2,"Moto/Ciclomotor,Automóvil",Saavedra Y Italia,2,1,0,0,1,0,0,"-32.976153038362, -60.655823379824",Calle,,ROSARIO,Rosario,Asfalto,No existe,II,Dentro,Urbana,Ninguna,No existe,Intersección,Bueno,Buena,Atardecer,Buen Tiempo,Lateral,S/D,Colisión,Ninguna,Faltante,Ninguna,Sin restricción
2018,3102,2018-04-27,Viernes,0,15:10:00,,0.0,2,"Automóvil,Moto/Ciclomotor", ,2,1,0,0,1,0,0,"-32.954096,-60.645878",Avenida,,ROSARIO,Rosario,Asfalto,No existe,II,Dentro,Urbana,Ninguna,No existe,Intersección,Bueno,Buena,Diurna,Buen Tiempo,Lateral,S/D,Colisión,Ninguna,Faltante,Ninguna,Sin restricción
2018,3103,2018-03-01,Jueves,1,20:30:00,Ruta Nacional 175,0.0,2,"Automóvil,Moto/Ciclomotor",Cordoba 800,3,1,0,0,2,0,0,"-32.716670371251, -60.735914295209",Ruta,175,PUERTO SAN MARTÍN,San Lorenzo,Asfalto,No existe,XVII,Dentro,Urbana,Ninguna,No existe,Recta,Bueno,Buena,Nocturna,Buen Tiempo,Lateral,S/D,Colisión,Ninguna,Faltante,Ninguna,Sin restricción
2018,3104,2018-03-14,Miercoles,0,11:30:00,Ruta Nacional 11,0.0,2,"Camión c / Acoplado,Moto/Ciclomotor",Ruta Nac 11 Y Independencia,3,2,0,0,1,0,0,"-32.705005777527, -60.763423516820",Ruta,11,PUERTO SAN MARTÍN,San Lorenzo,Asfalto,Ripio,XVII,Dentro,Urbana,Ninguna,No existe,Recta,Bueno,Buena,Diurna,Buen Tiempo,De alcance,S/D,Colisión,Ninguna,Faltante,Ninguna,Sin restricción
2018,3105,2018-04-15,Domingo,0,10:00:00,,0.0,4,"Automóvil,Pickup/Utilitario,Automóvil,Automóvil",San Martin Y Reg.11 de Infanteria,8,3,0,0,5,0,0,"-32.998826822985, -60.648426464164",Calle,,ROSARIO,Rosario,Asfalto,No existe,II,Dentro,Urbana,Ninguna,Funciona,Intersección,Bueno,Buena,Diurna,Buen Tiempo,Múltiple,S/D,Colisión,Ninguna,Vertical,S/D,Sin restricción
2018,3106,2018-03-08,Jueves,0,16:15:00,,0.0,2,"Automóvil,Moto/Ciclomotor",Sarmiento Y 25 de Mayo,2,1,0,0,1,0,0,"-32.714524132126, -60.731631601769",Calle,,PUERTO SAN MARTÍN,San Lorenzo,Asfalto,No existe,XVII,Dentro,Urbana,Ninguna,No existe,Intersección,Bueno,Buena,Diurna,Buen Tiempo,Lateral,S/D,Colisión,Ninguna,Faltante,Ninguna,Sin restricción
2018,3107,2018-03-08,Jueves,0,22:00:00,,0.0,2,"Camión c / Acoplado,Moto/Ciclomotor",America Y Belgrano,2,0,1,0,1,0,0,"-32.707668405884, -60.732972706276",Calle,,PUERTO SAN MARTÍN,San Lorenzo,Asfalto,No existe,XVII,Dentro,Urbana,Policía de tránsito,No existe,Intersección,Bueno,Buena,Nocturna,Buen Tiempo,De alcance,S/D,Colisión,Ninguna,Faltante,Ninguna,Sin restricción
2018,3108,2018-03-07,Miercoles,0,21:15:00,Ruta Nacional 175,0.0,2,"Pickup/Utilitario,Moto/Ciclomotor",Cordoba Y Pte Hipolito Irigoyen,2,1,0,0,1,0,0,"-32.714395386094, -60.749055231530",Ruta,175,PUERTO SAN MARTÍN,San Lorenzo,Asfalto,No existe,XVII,Dentro,Urbana,Ninguna,No existe,Intersección,Bueno,Buena,Nocturna,Buen Tiempo,De alcance,S/D,Colisión,Ninguna,Faltante,Ninguna,Sin restricción
2018,3109,2018-03-03,Sabado,0,22:30:00,Ruta Nacional 11,0.0,3,"Moto/Ciclomotor,Automóvil,Automóvil",Ruta 18 S Y Ruta Nac 11,3,1,0,0,2,0,0,"-32.713078488123, -60.757055821771",Ruta,11,PUERTO SAN MARTÍN,San Lorenzo,Asfalto,Natural,XVII,Dentro,Urbana,Ninguna,No existe,Intersección,Bueno,Buena,Nocturna,Buen Tiempo,Múltiple,S/D,Colisión,Ninguna,Faltante,Ninguna,Sin restricción
2018,3110,2018-03-02,Viernes,0,12:40:00,Ruta Nacional 175,0.0,2,"Pickup/Utilitario,Moto/Ciclomotor",Cordoba Y Pte Hipolito Irigoyen,3,2,0,0,1,0,0,"-32.714430321466, -60.749030652398",Ruta,175,PUERTO SAN MARTÍN,San Lorenzo,Asfalto,No existe,XVII,Dentro,Urbana,Ninguna,No existe,Intersección,Bueno,Buena,Diurna,Buen Tiempo,Lateral,S/D,Colisión,Ninguna,Faltante,Ninguna,Sin restricción
2018,3111,2018-04-13,Viernes,0,21:45:00,,0.0,2,"Automóvil,Moto/Ciclomotor",Salta Y Av. Battle y Ordo?ez,3,2,0,0,1,0,0,"-33.008674150787, -60.639984365491",Avenida,,ROSARIO,Rosario,Asfalto,No existe,II,Dentro,Urbana,Ninguna,No existe,Intersección,Bueno,Buena,Diurna,Buen Tiempo,Lateral,S/D,Colisión,Ninguna,Faltante,Ninguna,Sin restricción
2018,3112,2018-03-26,Lunes,0,16:05:00,,0.0,3,"Camión Chasis,Moto/Ciclomotor,Automóvil",Calle 21 Y Calle 18,3,0,1,0,2,0,0,"-29.123401792505, -59.655719842631",Calle,,AVELLANEDA,General Obligado,S/D,No existe,IX,Dentro,Urbana,S/D,S/D,Intersección,S/D,S/D,Diurna,S/D,Múltiple,S/D,Colisión,S/D,S/D,S/D,S/D
2018,3113,2018-03-07,Miercoles,0,04:30:00,,0.0,1,Moto/Ciclomotor,Sarmiento Y Pte Peron,1,1,0,0,0,0,0,"-32.793044257304, -60.724939667828",Calle,,FRAY LUIS BELTRÁN,San Lorenzo,Asfalto,No existe,XVII,Dentro,Urbana,Ninguna,No existe,Recta,Bueno,Reducida,Nocturna,S/D,S/D,S/D,Caída ocupante,Agua,Faltante,Ninguna,Sin restricción
2018,3114,2018-03-21,Miercoles,0,12:55:00,,0.0,2,"Moto/Ciclomotor,Bicicleta",Gaboto 1500,2,2,0,0,0,0,0,"-32.787303458162, -60.729339238265",Calle,,FRAY LUIS BELTRÁN,San Lorenzo,Asfalto,No existe,XVII,Dentro,Urbana,Ninguna,No existe,Recta,Bueno,Buena,Diurna,Buen Tiempo,S/D,Ciclista,Atropello,Ninguna,Faltante,Ninguna,Sin restricción
2018,3115,2018-03-24,Sabado,0,01:00:00,Ruta Nacional 11,0.0,2,"Automóvil,Moto/Ciclomotor",Av San Martin Y French,2,1,0,0,1,0,0,"-32.779911290117, -60.727311488249",Ruta,11,FRAY LUIS BELTRÁN,San Lorenzo,Asfalto,Pavimento,XVII,Dentro,Urbana,Ninguna,No existe,Recta,Bueno,Reducida,Nocturna,Buen Tiempo,Frontal,S/D,Colisión,Ninguna,Faltante,Ninguna,Sin restricción
2018,3116,2018-04-25,Miercoles,0,08:40:00,,0.0,1,Automóvil,Manuel Belgrano Y Guemes,2,1,0,0,1,0,0,"-31.753756865645, -61.101601901339",Calle,,SAN CARLOS SUR,Las Colonias,Asfalto,Pavimento,XI,Dentro,Urbana,Ninguna,No existe,Intersección,Bueno,Buena,Diurna,Buen Tiempo,Lateral,S/D,Colisión,Ninguna,Vertical,Ninguna,Sin restricción
2018,3117,2018-04-13,Viernes,0,15:25:00,,0.0,2,"Automóvil,Automóvil",Reg.11 de Infanteria 400,2,1,1,0,0,0,0,"-32.997494703612, -60.640434976605",Calle,,ROSARIO,Rosario,Asfalto,No existe,II,Dentro,Urbana,Ninguna,No existe,Intersección,Bueno,Buena,Diurna,Buen Tiempo,Otro,S/D,Colisión,Ninguna,Faltante,Ninguna,Sin restricción
2018,3118,2018-04-10,Martes,0,17:00:00,,0.0,2,"Peatón,Moto/Ciclomotor",SARA B DE SAMIN Y BERNARDO FERREYRA ,2,0,1,0,1,0,0,"-30.861975804431, -61.372321859878",Calle,,HUMBERTO 1º,Castellanos,Tierra,Natural,V,Dentro,Urbana,Ninguna,No existe,Recta,Ahuellamiento,Buena,Diurna,Buen Tiempo,S/D,Peatón,Atropello,Ninguna,Faltante,Ninguna,Sin restricción
2018,3119,2018-04-15,Domingo,0,07:00:00,Ruta Provincial 6,57.0,1,Automóvil, ,2,2,0,0,0,0,0,"-31.494008,-60.924227",Ruta,6,PUJATO NORTE,Las Colonias,Asfalto,Natural,XI,Fuera,Rural,Marca Vial,No existe,Curva,Bueno,Buena,Nocturna,Buen Tiempo,S/D,S/D,Despiste,Ninguna,"Horizontal,Vertical",Ninguna,Sin restricción
2018,3120,2018-03-29,Jueves,0,15:30:00,,0.0,2,"Moto/Ciclomotor,Camión c / Acoplado",Av 27 de Febrero Y Mendoza,2,1,0,0,1,0,0,"-31.649698151327, -60.705030177063",Avenida,,SANTA FE,La Capital,Asfalto,No existe,I,Dentro,Rural,Ninguna,Funciona,Intersección,Bueno,Buena,Diurna,Buen Tiempo,Frontal,S/D,Colisión,Ninguna,"Horizontal,Vertical",Ninguna,Sin restricción
2018,3121,2018-03-19,Lunes,0,16:00:00,,0.0,2,"Camión Chasis,Moto/Ciclomotor",4 de Enero Y Gdor Crespo,2,1,0,0,1,0,0,"-31.640149487234, -60.710180018371",Calle,,SANTA FE,La Capital,Asfalto,No existe,I,Dentro,Rural,Ninguna,No existe,Intersección,Bueno,Buena,Diurna,Buen Tiempo,Frontal,S/D,Colisión,Ninguna,Horizontal,Ninguna,Sin restricción
2018,3122,2018-04-08,Domingo,0,06:50:00,,0.0,2,"Moto/Ciclomotor,Moto/Ciclomotor",Las Heras Y Caseros,3,2,0,0,1,0,0,"-30.311952700105, -61.233915613045",Calle,,SAN CRISTÓBAL,San Cristóbal,Hormigón,Pavimento,XIII,Dentro,Urbana,Ninguna,No existe,Intersección,"Bueno,Resbaladiza",Buena,"Amanecer,Con luz artificial",Lluvia,Lateral,S/D,Colisión,Agua,Horizontal,Cordón divisorio,Sin restricción
2018,3123,2018-03-23,Viernes,0,19:10:00,,0.0,2,"Automóvil,Moto/Ciclomotor",Av 27 de Febrero Y Pje Falucho,2,1,0,0,1,0,0,"-31.649054421164, -60.704751227325",Avenida,,SANTA FE,La Capital,Asfalto,No existe,I,Dentro,Urbana,Ninguna,No existe,Recta,Bueno,Buena,Diurna,Buen Tiempo,Frontal,S/D,Colisión,Ninguna,Vertical,Ninguna,Sin restricción
2018,3124,2018-03-23,Viernes,0,15:40:00,,0.0,2,"Camión c / Acoplado,Moto/Ciclomotor",Eva Peron Y 25 de Mayo,2,1,0,0,1,0,0,"-31.644677056051, -60.705330584472",Avenida,,SANTA FE,La Capital,Asfalto,No existe,I,S/D,Rural,Ninguna,No existe,Recta,Bueno,Buena,Diurna,Buen Tiempo,Frontal,S/D,Colisión,Ninguna,Horizontal,Ninguna,Sin restricción
2018,3125,2018-03-24,Sabado,0,,,0.0,2,"Bicicleta,Automóvil",Avalos Y Freyre,2,1,0,0,0,0,1,"-32.895694601283, -60.707908836743",Calle,,ROSARIO,Rosario,Asfalto,No existe,II,Dentro,Urbana,Ninguna,No existe,Intersección,Bueno,Buena,Atardecer,Buen Tiempo,S/D,Ciclista,Atropello,Ninguna,Faltante,Ninguna,Sin restricción
2018,3126,2018-03-25,Domingo,0,20:55:00,,0.0,2,"Automóvil,Moto/Ciclomotor",Baigorria Y Molina,3,2,0,0,1,0,0,"-32.893752681956, -60.704722372433",Calle,,ROSARIO,Rosario,Asfalto,No existe,II,Dentro,Urbana,Ninguna,No existe,Intersección,Bueno,Buena,Nocturna,Buen Tiempo,S/D,S/D,Colisión,Ninguna,Faltante,Ninguna,Sin restricción
2018,3127,2018-03-29,Jueves,0,,,0.0,1,Bicicleta,Av 27 de Febrero Y Tucuman,1,1,0,0,0,0,0,"-31.647402180411, -60.704364989227",Calle,,SANTA FE,La Capital,Asfalto,No existe,I,S/D,Urbana,Ninguna,No existe,Intersección,Bueno,Buena,S/D,Buen Tiempo,S/D,S/D,Caída ocupante,Ninguna,Vertical,Ninguna,Sin restricción
2018,3128,2018-03-01,Jueves,0,10:00:00,Autopista Nacional A008,0.0,2,"Moto/Ciclomotor,Automóvil",Av. Circunvalacion Y Mendoza,2,1,0,0,1,0,0,"-32.940509082815, -60.722424073427",Autopista,A008,ROSARIO,Rosario,Asfalto,Pavimento,II,Dentro,Urbana,Semáforo,Funciona,Pendiente,Bueno,S/D,Diurna,S/D,De alcance,S/D,Colisión,S/D,"Horizontal,Vertical",Guardarrail,S/D
2018,3129,2018-03-23,Viernes,0,13:40:00,,0.0,2,"Moto/Ciclomotor,Automóvil",Irigoyen Freyre Y 9 de Julio,2,1,0,0,1,0,0,"-31.642896069266, -60.708162997192",Calle,,SANTA FE,La Capital,Asfalto,No existe,I,S/D,Urbana,Ninguna,No existe,Intersección,Bueno,Buena,Diurna,Buen Tiempo,Frontal,S/D,Colisión,Ninguna,Horizontal,Ninguna,Sin restricción
2018,3130,2018-03-09,Viernes,0,18:45:00,Autopista Nacional A008,0.0,2,"Automóvil,Automóvil",Av. Circunvalacion Y San Lorenzo,4,3,0,0,1,0,0,"-32.934782633225, -60.722056171541",Autopista,A008,ROSARIO,Rosario,Asfalto,Pavimento,II,Dentro,Urbana,S/D,No existe,Recta,Bueno,S/D,"Atardecer,Con luz artificial",S/D,Otro,S/D,Colisión,S/D,Faltante,Cordón divisorio,S/D
2018,3131,2018-03-05,Lunes,0,11:30:00,,0.0,2,"Automóvil,Moto/Ciclomotor",San Luis 2600,2,1,0,0,1,0,0,"-31.645792855002, -60.702927325195",Calle,,SANTA FE,La Capital,Asfalto,No existe,I,Dentro,Urbana,Ninguna,No existe,Recta,Bueno,Buena,Diurna,Buen Tiempo,De alcance,S/D,Colisión,Ninguna,Horizontal,Ninguna,Sin restricción
2018,3132,2018-03-07,Miercoles,0,11:50:00,,0.0,2,"Automóvil,Pickup/Utilitario",Junin Y 9 de Julio,2,1,0,0,1,0,0,"-31.638347042776, -60.706875536865",Calle,,SANTA FE,La Capital,Asfalto,No existe,I,Dentro,Urbana,Semáforo,Funciona,Intersección,Bueno,Buena,Diurna,Buen Tiempo,Lateral,S/D,Colisión,Ninguna,"Horizontal,Vertical",Ninguna,Sin restricción
2018,3133,2018-03-01,Jueves,0,19:50:00,,0.0,2,"Automóvil,Moto/Ciclomotor",Av Urquiza Y Tucuman,2,1,0,0,1,0,0,"-31.645234955527, -60.712990973419",Avenida,,SANTA FE,La Capital,Asfalto,No existe,I,Dentro,Urbana,Semáforo,Funciona,Intersección,Bueno,Buena,"Atardecer,Con luz artificial",Buen Tiempo,Lateral,S/D,Colisión,Ninguna,"Horizontal,Vertical",Ninguna,Sin restricción
2018,3134,2018-03-03,Sabado,0,01:00:00,,0.0,2,"Automóvil,Peatón",Suipacha Y San Martin,2,1,0,0,1,0,0,"-31.640042198874, -60.704643938965",Calle,,SANTA FE,La Capital,Asfalto,No existe,I,Dentro,Urbana,Ninguna,Funciona,Intersección,Bueno,Buena,Nocturna,Buen Tiempo,S/D,Peatón,Atropello,Ninguna,"Horizontal,Vertical",Ninguna,Sin restricción
2018,3135,2018-03-07,Miercoles,0,17:00:00,,0.0,2,"Automóvil,Moto/Ciclomotor",4 de Enero Y Salta,2,1,0,0,1,0,0,"-31.649204624869, -60.712776396698",Calle,,SANTA FE,La Capital,Asfalto,No existe,I,Dentro,Urbana,Ninguna,No existe,Intersección,Bueno,Buena,Diurna,Buen Tiempo,De alcance,S/D,Colisión,Ninguna,Horizontal,Ninguna,Sin restricción
2018,3136,2018-03-11,Domingo,0,09:45:00,,0.0,2,"Moto/Ciclomotor,Otros",Gdor Silvestre Begnis Y San Martin,2,1,0,0,1,0,0,"-31.661356908720, -60.710955485178",Avenida,,SANTA FE,La Capital,Hormigón,No existe,I,Dentro,Urbana,Ninguna,No existe,Curva,Bueno,Buena,Diurna,Buen Tiempo,S/D,S/D,Colisión,Ninguna,Horizontal,Ninguna,Sin restricción
2018,3137,2018-03-13,Martes,0,13:48:00,,0.0,2,"Automóvil,Automóvil",9 de Julio Y Gdor Crespo,2,1,0,0,1,0,0,"-31.640650255126, -60.707586630655",Calle,,SANTA FE,La Capital,Asfalto,No existe,I,Dentro,Urbana,Ninguna,No existe,Intersección,Bueno,Buena,Diurna,Buen Tiempo,Lateral,S/D,Colisión,Ninguna,Horizontal,Ninguna,Sin restricción
2018,3138,2018-05-09,Miercoles,0,21:50:00,,0.0,2,"Moto/Ciclomotor,Automóvil", ,2,1,0,0,1,0,0,"-31.664439327110, -60.733336898014",Calle,,SANTA FE,La Capital,Asfalto,No existe,I,Dentro,Urbana,Ninguna,No existe,Recta,Bueno,Buena,Nocturna,Buen Tiempo,De alcance,S/D,Colisión,Ninguna,Faltante,Ninguna,Sin restricción
2018,3139,2018-05-14,Lunes,0,19:20:00,,0.0,2,"Moto/Ciclomotor,Automóvil",Urquiza 1651,2,1,0,0,1,0,0,"-32.74748,-60.74527",Calle,,SAN LORENZO,San Lorenzo,S/D,S/D,XVII,S/D,Urbana,S/D,S/D,Otro,S/D,S/D,S/D,Otro,S/D,S/D,Colisión,S/D,Vertical,Ninguna,S/D
2018,3140,2018-06-07,Jueves,0,20:00:00,,0.0,1,Automóvil,Gorriti Y Av Facundo Zuviria,2,1,0,0,1,0,0,"-31.58928, -60.69803",Avenida,,SANTA FE,La Capital,Asfalto,Pavimento,I,Dentro,Urbana,S/D,Funciona,Intersección,Bueno,Buena,"Nocturna,Con luz artificial",Buen Tiempo,Lateral,S/D,Colisión,S/D,Vertical,S/D,S/D
2018,3141,2018-05-14,Lunes,0,11:20:00,,0.0,2,"Pickup/Utilitario,Bicicleta",Jose Ingenieros Y Uriburu,2,1,0,0,1,0,0,"-32.739976719259, -60.740357163936",Avenida,,SAN LORENZO,San Lorenzo,S/D,S/D,XVII,S/D,Urbana,S/D,S/D,Otro,Otro,S/D,S/D,S/D,S/D,Ciclista,Atropello,Ninguna,Vertical,Ninguna,S/D
2018,3142,2018-05-03,Jueves,0,20:00:00,,0.0,2,"Peatón,Automóvil",Diagonal Goyena ,2,1,0,0,1,0,0,"-31.61567, -60.70911",Calle,,SANTA FE,La Capital,Hormigón,No existe,I,Dentro,Urbana,Ninguna,No existe,Intersección,Bueno,Buena,Nocturna,Buen Tiempo,S/D,Peatón,Atropello,Ninguna,Horizontal,Ninguna,Sin restricción
2018,3144,2018-06-11,Lunes,0,18:00:00,,0.0,2,"Pickup/Utilitario,Moto/Ciclomotor",4 de Enero Y Pavon,2,0,0,0,1,0,1,"-31.59517, -60.69727",Calle,,SANTA FE,La Capital,"Tierra,Ripio",Natural,I,Dentro,Urbana,S/D,No existe,Intersección,Deteriorada,Reducida,"Nocturna,Con luz artificial",Buen Tiempo,Lateral,S/D,Colisión,S/D,Faltante,S/D,S/D
2018,3145,2018-05-12,Sabado,0,13:30:00,,0.0,2,"Camión Chasis,Moto/Ciclomotor",Feliciano Silva Y Colombres,3,2,0,0,1,0,0,"-32.776806085762, -60.730638370429",Avenida,,SAN LORENZO,San Lorenzo,S/D,S/D,XVII,S/D,Urbana,S/D,S/D,Otro,S/D,S/D,S/D,Otro,S/D,S/D,Colisión,S/D,Vertical,Ninguna,S/D