anio_acci,nro_acci,fecha,desc_dia,fecha_aprox,hora_aprox,desc_ruta,km,cant_participantes,desc_participante,calle_avenida_km,total,heridos_leves,heridos_graves,heridos_gravisimos,ilesos,fallecidos,sin_datos,posicion_XY,desc_tipo_via,desc_ruta_ori,desc_loc,desc_dpto,desc_tipo_calzada,desc_tipo_banquina,desc_unidad_regional,desc_lugar_calzada,desc_zona,desc_prioridad,desc_estado_semaforo,desc_lugar_via,desc_estado_via,desc_estado_visibilidad,desc_luminosidad,desc_estado_clima,desc_tipo_colision,desc_tipo_atropello,desc_tipo_hecho,desc_pres_calzada,desc_senializacion,desc_separacion_via,desc_restriccion
2018,3146,2018-05-30,Miercoles,0,08:44:00,,0.0,2,"Peatón,Moto/Ciclomotor",Candido Pujato 2855,2,1,0,0,1,0,0,"-31.63349, -60.70613",Calle,,SANTA FE,La Capital,Asfalto,No existe,I,Dentro,Urbana,Ninguna,No existe,Recta,Bueno,Buena,Diurna,Buen Tiempo,S/D,Peatón,Atropello,Ninguna,Horizontal,Ninguna,Sin restricción
2018,3147,2018-06-16,Sabado,0,20:00:00,,0.0,1,Moto/Ciclomotor,Jose Babini Y Luis Gimenez de Asua,1,1,0,0,0,0,0,"-31.638529394854, -60.661223948348",Calle,,SANTA FE,La Capital,Asfalto,Natural,I,Dentro,Urbana,Ninguna,No existe,Intersección,Bueno,Buena,Con luz artificial,Buen Tiempo,De alcance,S/D,Colisión,Ninguna,Faltante,Ninguna,Sin restricción
2018,3148,2018-05-11,Viernes,0,19:30:00,,0.0,2,"Pickup/Utilitario,Peatón",Av San Martin Y San Luis,2,1,0,0,1,0,0,"-32.753472891026, -60.734299338236",Avenida,,SAN LORENZO,San Lorenzo,S/D,S/D,XVII,S/D,Urbana,S/D,S/D,Otro,Otro,S/D,S/D,Otro,S/D,Peatón,Atropello,S/D,Vertical,S/D,S/D
2018,3149,2018-06-11,Lunes,0,19:20:00,,0.0,2,"Automóvil,Moto/Ciclomotor",Jorge Raul Rodriguez Y Aliviador ,2,0,1,0,1,0,0,"-31.639956330050, -60.665376007903",Calle,,SANTA FE,La Capital,Asfalto,Ripio,I,S/D,Urbana,Ninguna,No existe,Cruce,Con baches,Buena,"Nocturna,Con luz artificial",Buen Tiempo,De alcance,S/D,Colisión,S/D,Vertical,Línea divisoria pintada,Sin restricción
2018,3150,2018-06-13,Miercoles,0,17:30:00,,0.0,2,"Pickup/Utilitario,Moto/Ciclomotor",Av A del Valle Y Javier de la Rosa,2,1,0,0,1,0,0,"-31.59927, -60.69189",Avenida,,SANTA FE,La Capital,Asfalto,Pavimento,I,Dentro,Urbana,S/D,S/D,Intersección,Bueno,Buena,Diurna,Buen Tiempo,Lateral,S/D,Colisión,S/D,S/D,S/D,S/D
2018,3151,2018-05-09,Miercoles,0,08:15:00,,0.0,1,Automóvil,Urquiza 2300,2,1,0,0,1,0,0,"-32.74730,-60.75319",S/D,,SAN LORENZO,San Lorenzo,S/D,S/D,XVII,S/D,Urbana,S/D,S/D,Otro,Otro,S/D,S/D,Otro,Otro,S/D,Vuelco,S/D,Vertical,S/D,S/D
2018,3152,2018-05-15,Martes,0,09:05:00,,0.0,2,"Automóvil,Moto/Ciclomotor",25 de Mayo Y Lisandro de la Torre,2,1,0,0,1,0,0,"-31.65167, -60.70684",Calle,,SANTA FE,La Capital,Asfalto,No existe,I,Dentro,Urbana,Ninguna,No existe,Intersección,Bueno,Buena,Diurna,Buen Tiempo,Lateral,S/D,Colisión,Ninguna,Horizontal,Ninguna,Sin restricción
2018,3153,2018-06-16,Sabado,0,14:00:00,,0.0,2,"Taxi/Remis,Moto/Ciclomotor",1ro de Mayo Y Azcuenaga,2,1,0,0,1,0,0,"-31.59375, -60.69532",S/D,,SANTA FE,La Capital,"Asfalto,Tierra",Natural,I,S/D,S/D,S/D,No existe,Intersección,Deteriorada,Buena,Diurna,Buen Tiempo,Lateral,S/D,Colisión,S/D,Faltante,S/D,S/D
2018,3154,2018-05-09,Miercoles,0,13:00:00,,0.0,2,"Moto/Ciclomotor,Automóvil",Dorrego Y Jose Ingenieros,3,1,0,0,2,0,0,"-32.740081495827, -60.737045146373",Calle,,SAN LORENZO,San Lorenzo,S/D,S/D,XVII,S/D,Urbana,S/D,S/D,Otro,Otro,S/D,S/D,Otro,S/D,S/D,Colisión,S/D,Horizontal,S/D,S/D
2018,3155,2018-06-07,Jueves,0,11:51:00,,0.0,2,"Moto/Ciclomotor,Otros",Av 27 de Febrero Y Juan de Garay,3,1,0,0,0,0,2,"-31.652925680721, -60.705764684930",Avenida,,SANTA FE,La Capital,Hormigón,No existe,I,Dentro,Urbana,Ninguna,Funciona,Recta,Bueno,Buena,Diurna,Buen Tiempo,Frontal,S/D,Atropello,Ninguna,"Horizontal,Vertical",Ninguna,Sin restricción
2018,3156,2018-06-10,Domingo,0,09:00:00,,0.0,2,"Pickup/Utilitario,Moto/Ciclomotor",1ro de Mayo Y Ayacucho,2,1,0,0,1,0,0,"-31.59647, -60.69617",Calle,,SANTA FE,La Capital,"Asfalto,Tierra",Natural,I,Dentro,Urbana,S/D,No existe,Intersección,Deteriorada,Buena,Diurna,Buen Tiempo,Lateral,S/D,Colisión,S/D,Faltante,S/D,S/D
2018,3157,2018-05-07,Lunes,0,17:15:00,,0.0,2,"Bicicleta,Automóvil",Irigoyen Y Urquiza,2,1,0,0,1,0,0,"-32.747756234325, -60.736343902916",Calle,,SAN LORENZO,San Lorenzo,S/D,S/D,XVII,S/D,Urbana,S/D,S/D,Otro,Otro,S/D,S/D,Otro,Otro,Ciclista,Atropello,S/D,Vertical,S/D,S/D
2018,3158,2018-05-17,Jueves,0,10:49:00,,0.0,2,"Bicicleta,Automóvil",25 de Mayo 2000,2,1,0,0,1,0,0,"-31.65269, -60.70706",Calle,,SANTA FE,La Capital,Asfalto,No existe,I,Dentro,Urbana,Ninguna,No existe,Recta,Bueno,Buena,Atardecer,Buen Tiempo,Lateral,Ciclista,Atropello,Ninguna,Horizontal,Ninguna,Sin restricción
2018,3159,2018-06-05,Martes,0,20:50:00,,0.0,2,"Moto/Ciclomotor,Pickup/Utilitario",Irigoyen Freyre Y 25 de Mayo,2,1,0,0,1,0,0,"-31.643484304989, -60.704906378045",Calle,,SANTA FE,La Capital,Asfalto,No existe,I,Dentro,Urbana,Ninguna,No existe,Intersección,Bueno,Buena,Nocturna,Buen Tiempo,Lateral,S/D,Colisión,Ninguna,Horizontal,Ninguna,Sin restricción
2018,3160,2018-06-16,Sabado,0,19:00:00,,0.0,2,"Automóvil,Bicicleta",Padre Genesio Y 9 de Julio,2,1,0,0,1,0,0,"-31.59955, -60.69546",Calle,,SANTA FE,La Capital,"Asfalto,Tierra",Natural,I,Dentro,Urbana,S/D,No existe,Intersección,"Con baches,Deteriorada",Buena,"Atardecer,Con luz artificial",Buen Tiempo,Lateral,Ciclista,Atropello,S/D,Faltante,S/D,S/D
2018,3161,2018-05-06,Domingo,0,06:20:00,,0.0,2,"Automóvil,Automóvil",Avda del Combate Y San Carlos,3,1,0,0,2,0,0,"-32.744744938136, -60.732357286626",Calle,,SAN LORENZO,San Lorenzo,S/D,S/D,XVII,S/D,Urbana,S/D,S/D,Otro,Otro,S/D,S/D,Otro,S/D,S/D,Colisión,S/D,Vertical,Ninguna,S/D
2018,3162,2018-05-14,Lunes,0,11:05:00,,0.0,2,"Bicicleta,Automóvil",Moreno 2800,2,1,0,0,1,0,0,"-31.65436, -60.71159",Calle,,SANTA FE,La Capital,Asfalto,No existe,I,Dentro,Urbana,Ninguna,No existe,Recta,Bueno,Buena,Diurna,Buen Tiempo,Lateral,Ciclista,Atropello,Ninguna,Horizontal,Ninguna,Sin restricción
2018,3163,2018-06-17,Domingo,0,20:00:00,,0.0,2,"Automóvil,Moto/Ciclomotor",Av A del Valle 8400,2,1,0,0,1,0,0,"-31.59083, -60.69222",Avenida,,SANTA FE,La Capital,Asfalto,Pavimento,I,Dentro,Urbana,S/D,Funciona,Recta,Bueno,Buena,"Nocturna,Con luz artificial",Buen Tiempo,Lateral,S/D,Colisión,S/D,Vertical,S/D,S/D
2018,3164,2018-06-14,Jueves,0,10:30:00,,0.0,2,"Automóvil,Transporte de Pasajeros Urbano (> 8 asientos)",3 de Febrero Y 4 de Enero,3,2,0,0,1,0,0,"-31.657131384456, -60.715184602990",Calle,,SANTA FE,La Capital,Asfalto,No existe,I,Dentro,Urbana,Ninguna,No existe,Recta,Bueno,Buena,Diurna,Buen Tiempo,De alcance,S/D,Colisión,Ninguna,Horizontal,Ninguna,Sin restricción
2018,3165,2018-05-04,Viernes,0,22:50:00,,0.0,2,"Moto/Ciclomotor,Automóvil",Urquiza Y Dorrego,3,1,0,0,2,0,0,"-32.747766080304, -60.737294247022",Calle,,SAN LORENZO,San Lorenzo,S/D,S/D,XVII,S/D,Urbana,S/D,S/D,Otro,Otro,S/D,S/D,Otro,S/D,S/D,Colisión,S/D,Vertical,S/D,S/D
2018,3166,2018-06-18,Lunes,0,02:05:00,,0.0,1,Moto/Ciclomotor,Gorriti 3700,1,1,0,0,0,0,0,"-31.58786, -60.70461",Avenida,,SANTA FE,La Capital,Asfalto,Pavimento,I,Dentro,Urbana,S/D,No existe,Recta,Bueno,Buena,"Nocturna,Con luz artificial",Buen Tiempo,Otro,S/D,Despiste,S/D,Faltante,S/D,S/D
2018,3167,2018-06-24,Domingo,0,19:00:00,,0.0,2,"Automóvil,Moto/Ciclomotor",Saavedra Y Reg 12 de Infanteria,2,1,0,0,1,0,0,"-31.59624, -60.70149",Avenida,,SANTA FE,La Capital,"Asfalto,Ripio",Natural,I,Dentro,Urbana,S/D,No existe,Intersección,Deteriorada,Buena,"Nocturna,Con luz artificial",Buen Tiempo,Lateral,S/D,Colisión,Material Suelto,Faltante,S/D,S/D
2018,3168,2018-06-17,Domingo,0,10:05:00,,0.0,2,"Automóvil,Moto/Ciclomotor",25 de Mayo Y Suipacha,2,1,0,0,1,0,0,"-31.640244196499, -60.703919325128",Calle,,SANTA FE,La Capital,Asfalto,No existe,I,Dentro,Urbana,Ninguna,Funciona,Intersección,Bueno,Buena,Diurna,Buen Tiempo,Lateral,S/D,Colisión,Ninguna,Horizontal,Ninguna,Sin restricción
2018,3169,2018-05-02,Miercoles,0,13:25:00,,0.0,2,"Automóvil,Moto/Ciclomotor",Av San Martin Y Congreso,2,1,0,0,1,0,0,"-32.763193462967, -60.732351963464",Avenida,,SAN LORENZO,San Lorenzo,S/D,S/D,XVII,S/D,Urbana,S/D,S/D,Otro,S/D,S/D,S/D,Otro,Otro,S/D,Colisión,S/D,S/D,Ninguna,S/D
2018,3170,2018-05-01,Martes,0,22:00:00,,0.0,2,"Automóvil,Moto/Ciclomotor",Thompson Y Brown,3,1,0,0,2,0,0,"-32.737828872573, -60.741954594283",Calle,,SAN LORENZO,San Lorenzo,S/D,S/D,XVII,S/D,Urbana,S/D,S/D,Otro,Otro,S/D,S/D,Otro,Otro,S/D,Colisión,Ninguna,Vertical,Ninguna,S/D
2018,3171,2018-06-12,Martes,0,09:50:00,,0.0,2,"Peatón,Moto/Ciclomotor",Junin Y Rivadavia,2,1,0,0,1,0,0,"-31.639407347286, -60.702116880670",Calle,,SANTA FE,La Capital,Asfalto,No existe,I,Dentro,Urbana,Ninguna,Funciona,Intersección,Bueno,Buena,Diurna,Buen Tiempo,Lateral,Peatón,Atropello,Ninguna,"Horizontal,Vertical",Ninguna,Sin restricción
2018,3172,2018-05-29,Martes,0,00:45:00,,0.0,2,"Automóvil,Moto/Ciclomotor",Rivadavia 2851,2,1,0,0,1,0,0,"-31.64311, -60.70324",Calle,,SANTA FE,La Capital,Asfalto,No existe,I,Dentro,Urbana,Ninguna,S/D,Intersección,Otro,Buena,"Nocturna,Con luz artificial",Buen Tiempo,S/D,S/D,Colisión,Ninguna,Vertical,Ninguna,Sin restricción
2018,3173,2018-05-11,Viernes,0,22:00:00,,0.0,2,"Automóvil,Moto/Ciclomotor",Av San Lorenzo Y Las Heras,2,1,0,0,1,0,0,"-32.800908859931, -60.721079892214",Calle,,CAPITÁN BERMÚDEZ,San Lorenzo,Asfalto,S/D,XVII,Dentro,Urbana,S/D,S/D,Intersección,Bueno,Buena,Nocturna,Buen Tiempo,S/D,S/D,Colisión,S/D,S/D,Línea divisoria pintada,Sin restricción
2018,3174,2018-06-12,Martes,0,12:06:00,,0.0,2,"Bicicleta,Automóvil",Luciano Molinas Y Pedro Alejandro Vittori,2,1,0,0,1,0,0,"-31.632347773159, -60.699906740441",Calle,,SANTA FE,La Capital,Asfalto,No existe,I,Dentro,Urbana,Ninguna,No existe,Intersección,Bueno,Buena,Diurna,Buen Tiempo,Lateral,Ciclista,Atropello,Ninguna,Horizontal,Ninguna,Sin restricción
2018,3175,2018-05-12,Sabado,0,01:00:00,,0.0,2,"Automóvil,Moto/Ciclomotor",Av San Lorenzo Y Laprida,2,1,0,0,1,0,0,"-32.803108271323, -60.720371789034",Calle,,CAPITÁN BERMÚDEZ,San Lorenzo,Asfalto,Pavimento,XVII,Dentro,Urbana,S/D,No existe,Intersección,Bueno,Buena,Nocturna,Buen Tiempo,S/D,S/D,Colisión,Ninguna,S/D,Línea divisoria pintada,S/D
2018,3176,2018-06-08,Viernes,0,13:00:00,,0.0,2,"Moto/Ciclomotor,Automóvil",Rivadavia Y J P Lopez,3,2,0,0,1,0,0,"-31.60874, -60.69303",Calle,,SANTA FE,La Capital,Asfalto,No existe,I,Dentro,Urbana,Ninguna,No existe,Intersección,Otro,Reducida,Diurna,Otro,Lateral,S/D,Colisión,Ninguna,Vertical,Ninguna,Sin restricción
2018,3177,2018-06-16,Sabado,0,10:50:00,,0.0,2,"Automóvil,Moto/Ciclomotor",San Jeronimo Y Salta,2,1,0,0,1,0,0,"-31.649943064296, -60.709026251092",Calle,,SANTA FE,La Capital,Asfalto,No existe,I,Dentro,Urbana,Ninguna,No existe,Intersección,Bueno,Buena,Diurna,Buen Tiempo,Lateral,S/D,Colisión,Ninguna,Horizontal,Ninguna,Sin restricción
2018,3178,2018-05-24,Jueves,0,21:50:00,,0.0,2,"Automóvil,Moto/Ciclomotor",C Colon Y Juan de Garay,2,1,0,0,1,0,0,"-32.81906, -60.72058",Calle,,CAPITÁN BERMÚDEZ,San Lorenzo,Asfalto,S/D,XVII,Dentro,Urbana,S/D,S/D,Intersección,Bueno,Buena,Nocturna,Buen Tiempo,S/D,S/D,Colisión,S/D,S/D,S/D,S/D
2018,3179,2018-05-25,Viernes,0,22:00:00,,0.0,1,Moto/Ciclomotor,Av San Lorenzo Y Avda Francia,1,1,0,0,0,0,0,"-32.805940523792, -60.719505033317",Avenida,,CAPITÁN BERMÚDEZ,San Lorenzo,Asfalto,S/D,XVII,Dentro,Urbana,S/D,S/D,Intersección,Bueno,Buena,Nocturna,Buen Tiempo,S/D,S/D,Despiste,Ninguna,Horizontal,S/D,Sin restricción
2018,3180,2018-05-14,Lunes,0,15:30:00,,0.0,1,Moto/Ciclomotor,Belgrano Y Av Leandro Alem,1,1,0,0,0,0,0,"-31.64676, -60.70149",Avenida,,SANTA FE,La Capital,Asfalto,S/D,I,S/D,Urbana,Ninguna,S/D,Recta,Bueno,Reducida,Diurna,Buen Tiempo,S/D,S/D,Vuelco,Ninguna,Vertical,Ninguna,Sin restricción
2018,3181,2018-06-15,Viernes,0,10:30:00,,0.0,2,"Moto/Ciclomotor,Automóvil",Av Galicia Y Republica de Siria,2,1,0,0,1,0,0,"-31.60597, -60.69074",Avenida,,SANTA FE,La Capital,Asfalto,No existe,I,Dentro,Urbana,Ninguna,No existe,Intersección,Bueno,Buena,Diurna,Otro,Lateral,S/D,Colisión,Ninguna,Vertical,Cordón divisorio,Sin restricción
2018,3182,2018-06-08,Viernes,0,09:45:00,,0.0,2,"Moto/Ciclomotor,Automóvil",San Martin Y Santiago del Estero,2,1,0,0,1,0,0,"-31.637840937221, -60.703897867456",Calle,,SANTA FE,La Capital,Asfalto,No existe,I,Dentro,Urbana,Ninguna,No existe,Intersección,Bueno,Buena,Diurna,Buen Tiempo,Lateral,S/D,Colisión,Ninguna,Horizontal,Ninguna,Sin restricción
2018,3183,2018-06-13,Miercoles,0,11:40:00,,0.0,2,"Moto/Ciclomotor,Automóvil",Av Galicia Y Lavalle,2,1,0,0,1,0,0,"-31.60772, -60.68116",Avenida,,SANTA FE,La Capital,Asfalto,No existe,I,Dentro,Urbana,Ninguna,No existe,Intersección,Bueno,Buena,Diurna,Otro,Lateral,S/D,Colisión,Ninguna,Vertical,Cordón divisorio,Sin restricción
2018,3184,2018-05-03,Jueves,0,17:00:00,Ruta Nacional 9,348.0,1,Camión Chasis, ,1,0,1,0,0,0,0,"-32.86113, -61.15844",Ruta,9,CARCARAÑÁ,San Lorenzo,Asfalto,Natural,XVII,S/D,Rural,Ninguna,No existe,Intersección,Bueno,Buena,Diurna,Buen Tiempo,Contra objeto fijo,S/D,Colisión,Ninguna,S/D,Línea divisoria pintada,Sin restricción
2018,3185,2018-05-28,Lunes,0,22:15:00,,0.0,2,"Automóvil,Automóvil",Av Urquiza Y Santiago del Estero,2,1,0,0,1,0,0,"-31.63639, -60.7105",S/D,,SANTA FE,La Capital,Hormigón,No existe,I,S/D,S/D,Ninguna,Funciona,Intersección,Bueno,S/D,Nocturna,Otro,Lateral,S/D,Colisión,S/D,Vertical,Ninguna,Sin restricción
2018,3186,2018-06-22,Viernes,0,08:00:00,,0.0,2,"Moto/Ciclomotor,Automóvil",Av Urquiza Y San Ignacio de Loyola,2,1,0,0,1,0,0,"-31.664306017767, -60.718797589260",Calle,,SANTA FE,La Capital,Asfalto,No existe,I,Dentro,Urbana,Ninguna,No existe,Recta,Bueno,Buena,Diurna,Buen Tiempo,Frontal,S/D,Colisión,Ninguna,Vertical,Ninguna,Sin restricción
2018,3187,2018-05-07,Lunes,0,13:30:00,,0.0,2,"Moto/Ciclomotor,Moto/Ciclomotor",Rivadavia Bernardino Y Cortada La Plata,2,1,0,0,1,0,0,"-32.860016724969, -61.149435615720",Calle,,CAPITÁN BERMÚDEZ,San Lorenzo,Asfalto,No existe,XVII,S/D,Urbana,Ninguna,No existe,Intersección,Bueno,Buena,Diurna,Buen Tiempo,S/D,S/D,Colisión,Ninguna,S/D,S/D,S/D
2018,3188,2018-05-28,Lunes,0,08:45:00,,0.0,2,"Automóvil,Moto/Ciclomotor",CIRCUNVALACION ,2,1,0,0,1,0,0,"-31.66702, -60.71457",Avenida,,SANTA FE,La Capital,Asfalto,No existe,I,S/D,Urbana,Ninguna,No existe,Recta,Bueno,Reducida humo,Diurna,Buen Tiempo,Otro,S/D,Colisión,S/D,Vertical,Ninguna,Sin restricción
2018,3189,2018-06-24,Domingo,0,06:30:00,,0.0,2,"Automóvil,Moto/Ciclomotor",Santiago del Estero Y San Jeronimo,2,0,1,0,1,0,0,"-31.637541041591, -60.705389303256",Calle,,SANTA FE,La Capital,Asfalto,No existe,I,S/D,Urbana,Ninguna,No existe,Intersección,Bueno,Buena,Diurna,Buen Tiempo,Frontal,S/D,Colisión,Ninguna,Vertical,Ninguna,Sin restricción
2018,3190,2018-06-14,Jueves,0,19:25:00,,0.0,2,"Automóvil,Automóvil",Av Galicia Y Sarmiento,2,1,0,0,1,0,0,"-31.60719, -60.68433",Avenida,,SANTA FE,La Capital,Asfalto,No existe,I,Dentro,Urbana,Ninguna,No existe,Intersección,Bueno,Reducida,Nocturna,Otro,Lateral,S/D,Colisión,Ninguna,Vertical,Cordón divisorio,Sin restricción
2018,3191,2018-05-27,Domingo,0,18:50:00,,0.0,2,"Moto/Ciclomotor,Pickup/Utilitario",Monteagudo Y Moreno,2,1,0,0,1,0,0,"-32.77824, -60.73339",Calle,,FRAY LUIS BELTRÁN,San Lorenzo,Asfalto,No existe,XVII,Dentro,Urbana,Ninguna,No existe,Intersección,Con baches,Buena,Atardecer,Buen Tiempo,Lateral,S/D,Colisión,Ninguna,Faltante,Ninguna,Sin restricción
2018,3192,2018-06-11,Lunes,0,18:30:00,,0.0,2,"Moto/Ciclomotor,Automóvil",J M Zuviria Y Las Heras,2,1,0,0,1,0,0,"-31.61853, -60.69227",Calle,,SANTA FE,La Capital,Asfalto,No existe,I,Dentro,Urbana,Ninguna,No existe,Intersección,Bueno,Buena,Atardecer,Otro,Lateral,S/D,Colisión,Ninguna,Vertical,Ninguna,Sin restricción
2018,3193,2018-06-11,Lunes,0,21:00:00,,0.0,2,"Automóvil,Bicicleta",Junin Y Belgrano,2,1,0,0,1,0,0,"-31.639944300868, -60.699660104800",Calle,,SANTA FE,La Capital,Asfalto,No existe,I,Dentro,Urbana,Ninguna,No existe,Intersección,Bueno,Buena,Diurna,Buen Tiempo,Frontal,Ciclista,Atropello,Ninguna,Vertical,Ninguna,Sin restricción
2018,3194,2018-05-27,Domingo,0,19:00:00,,0.0,2,"Pickup/Utilitario,Moto/Ciclomotor",Av San Martin Y Maestra Barragan - Ex Bs.As.,2,1,0,0,1,0,0,"-32.788958461005, -60.724674083276",Avenida,,FRAY LUIS BELTRÁN,San Lorenzo,Asfalto,Pavimento,XVII,Dentro,Urbana,Ninguna,No existe,Recta,Bueno,Buena,Atardecer,Buen Tiempo,Frontal,S/D,Colisión,Ninguna,Faltante,Ninguna,Sin restricción
2018,3195,2018-05-09,Miercoles,0,18:15:00,,0.0,2,"Peatón,Automóvil",4 de Enero Y Eva Peron,2,1,0,0,1,0,0,"-31.64355, -60.71111",Calle,,SANTA FE,La Capital,Asfalto,No existe,I,Dentro,Urbana,Ninguna,No existe,Recta,Bueno,Buena,Atardecer,Buen Tiempo,Frontal,S/D,Colisión,Ninguna,Vertical,Ninguna,Sin restricción
2018,3196,2018-05-26,Sabado,0,11:00:00,,0.0,2,"Automóvil,Moto/Ciclomotor",Gral Lopez Y Rivadavia,2,1,0,0,1,0,0,"-32.784452491057, -60.726417552238",Calle,,FRAY LUIS BELTRÁN,San Lorenzo,Hormigón,No existe,XVII,Dentro,Urbana,Ninguna,No existe,Intersección,Con baches,Buena,Diurna,Buen Tiempo,Frontal,S/D,Colisión,Ninguna,Faltante,Ninguna,Sin restricción
2018,3197,2018-06-15,Viernes,0,12:46:00,,0.0,2,"Bicicleta,Automóvil",4 de Enero 2200,2,1,0,0,0,0,1,"-31.649235472896, -60.712706369448",Calle,,SANTA FE,La Capital,Asfalto,No existe,I,Dentro,Urbana,Ninguna,No existe,Recta,Bueno,Buena,Diurna,Buen Tiempo,De alcance,Ciclista,Atropello,Ninguna,Horizontal,Ninguna,Sin restricción
2018,3198,2018-06-07,Jueves,0,08:00:00,,0.0,2,"Moto/Ciclomotor,Automóvil",9 de Julio Y Hipolito Yrigoyen,2,1,0,0,1,0,0,"-31.641725287654, -60.707878393222",Calle,,SANTA FE,La Capital,Asfalto,Ripio,I,Dentro,Urbana,Ninguna,No existe,Intersección,Bueno,Buena,Amanecer,Buen Tiempo,Lateral,S/D,Colisión,Ninguna,Horizontal,Ninguna,Sin restricción
2018,3199,2018-06-09,Sabado,0,20:30:00,,0.0,2,"Bicicleta,Automóvil",Gutierrez Y Lavaisse,2,1,0,0,1,0,0,"-31.62657, -60.68668",Calle,,SANTA FE,La Capital,Asfalto,No existe,I,Dentro,Urbana,Ninguna,No existe,Intersección,Otro,Reducida,"Nocturna,Con luz artificial",Otro,S/D,Ciclista,Atropello,Ninguna,Vertical,Ninguna,Sin restricción
2018,3200,2018-05-27,Domingo,0,18:25:00,,0.0,2,"Moto/Ciclomotor,Peatón",3 de Febrero Y San Jeronimo,2,2,0,0,0,0,0,"-31.6578, -60.71124",Calle,,SANTA FE,La Capital,Asfalto,No existe,I,Dentro,Urbana,Ninguna,Funciona,Recta,Bueno,Buena,Atardecer,Buen Tiempo,S/D,Peatón,Atropello,Ninguna,Vertical,Ninguna,Sin restricción
2018,3201,2018-06-02,Sabado,0,11:05:00,,0.0,2,"Moto/Ciclomotor,Pickup/Utilitario",Mitre Y Luciano Torrent,2,1,0,0,1,0,0,"-31.62723, -60.68803",Calle,,SANTA FE,La Capital,Asfalto,No existe,I,Dentro,Urbana,Ninguna,No existe,Intersección,Bueno,Buena,Diurna,Otro,Lateral,S/D,Colisión,Ninguna,Vertical,Ninguna,Sin restricción
2018,3202,2018-06-04,Lunes,0,11:30:00,,0.0,2,"Pickup/Utilitario,Moto/Ciclomotor",San Luis 2100,2,1,0,0,1,0,0,"-31.6462, -60.70287",Calle,,SANTA FE,La Capital,Asfalto,No existe,I,Dentro,Urbana,Ninguna,No existe,Intersección,Bueno,Buena,Diurna,Buen Tiempo,Frontal,S/D,Atropello,Ninguna,Vertical,Ninguna,Sin restricción
2018,3203,2018-05-27,Domingo,0,05:05:00,,0.0,2,"Automóvil,Automóvil",Av Circunvalaci?n ,2,1,0,0,1,0,0,"-31.669593, -60.729403",Avenida,,SANTA FE,La Capital,Asfalto,Natural,I,Dentro,Urbana,Ninguna,No existe,Recta,Bueno,Buena,Amanecer,Buen Tiempo,S/D,S/D,Colisión,Ninguna,Vertical,Ninguna,Sin restricción
2018,3204,2018-06-29,Viernes,0,19:45:00,,0.0,2,"Peatón,Moto/Ciclomotor",9 de Julio Y Moreno,2,0,1,0,1,0,0,"-31.654320941188, -60.711612028170",Calle,,SANTA FE,La Capital,S/D,No existe,I,Dentro,Urbana,Policía de tránsito,No existe,Intersección,Bueno,Buena,Diurna,Buen Tiempo,Frontal,Peatón,Atropello,Agua,Vertical,Ninguna,Sin restricción
2018,3205,2018-05-16,Miercoles,0,22:30:00,,0.0,2,"Pickup/Utilitario,Bicicleta",San Jeronimo Y Tucuman,2,1,0,0,1,0,0,"-31.64646, -60.70802",Calle,,SANTA FE,La Capital,Asfalto,No existe,I,S/D,Urbana,Ninguna,No existe,Recta,Bueno,S/D,Nocturna,Buen Tiempo,Lateral,S/D,Colisión,Ninguna,Vertical,Ninguna,Sin restricción
2018,3206,2018-06-26,Martes,0,12:30:00,,0.0,2,"Moto/Ciclomotor,Pickup/Utilitario",Hipolito Yrigoyen 2300,3,2,0,0,1,0,0,"-31.642926917293, -60.702063364077",Calle,,SANTA FE,La Capital,Asfalto,No existe,I,Dentro,Urbana,Ninguna,Funciona,Intersección,Bueno,Buena,Diurna,Buen Tiempo,Frontal,S/D,Colisión,Ninguna,Vertical,Ninguna,Sin restricción
2018,3207,2018-04-13,Viernes,0,20:20:00,,0.0,2,"Automóvil,Moto/Ciclomotor",Av. Corrientes Y Hilarion de la Quintana,3,2,0,0,1,0,0,"-33.001039312139, -60.653329056290",Calle,,ROSARIO,Rosario,Asfalto,No existe,II,Dentro,Urbana,Ninguna,No existe,Intersección,Bueno,Buena,Nocturna,Buen Tiempo,Lateral,S/D,Colisión,Ninguna,Faltante,Barrera de hormigón,Sin restricción
2018,3208,2018-04-14,Sabado,0,17:20:00,,0.0,2,"Automóvil,Peatón",Av. Ntra.Sra.del Rosario Bis 500,2,1,0,0,1,0,0,"-32.998358108288, -60.619628156072",Avenida,,ROSARIO,Rosario,Asfalto,No existe,II,Dentro,Urbana,Ninguna,No existe,Intersección,Bueno,Buena,Atardecer,Buen Tiempo,S/D,Peatón,Atropello,Ninguna,"Horizontal,Vertical",Ninguna,Sin restricción
2018,3209,2018-04-09,Lunes,0,17:05:00,,0.0,2,"Bicicleta,Moto/Ciclomotor",Bv. Oro?o Y Coulin,2,1,0,0,0,0,1,"-32.988990357328, -60.664726556750",Calle,,ROSARIO,Rosario,Asfalto,No existe,II,Dentro,Urbana,Semáforo,Funciona,Intersección,Bueno,Buena,Atardecer,Buen Tiempo,S/D,Ciclista,Atropello,Ninguna,"Horizontal,Vertical",Ninguna,Sin restricción