anio_acci,nro_acci,fecha,desc_dia,fecha_aprox,hora_aprox,desc_ruta,km,cant_participantes,desc_participante,calle_avenida_km,total,heridos_leves,heridos_graves,heridos_gravisimos,ilesos,fallecidos,sin_datos,posicion_XY,desc_tipo_via,desc_ruta_ori,desc_loc,desc_dpto,desc_tipo_calzada,desc_tipo_banquina,desc_unidad_regional,desc_lugar_calzada,desc_zona,desc_prioridad,desc_estado_semaforo,desc_lugar_via,desc_estado_via,desc_estado_visibilidad,desc_luminosidad,desc_estado_clima,desc_tipo_colision,desc_tipo_atropello,desc_tipo_hecho,desc_pres_calzada,desc_senializacion,desc_separacion_via,desc_restriccion
2018,3210,2018-04-12,Jueves,0,17:30:00,,0.0,2,"Moto/Ciclomotor,Peatón",Reg.11 de Infanteria Y Castro,3,2,0,0,1,0,0,"-32.998202068249, -60.629657729935",Calle,,ROSARIO,Rosario,Asfalto,No existe,II,Dentro,Urbana,Ninguna,No existe,Intersección,Bueno,Buena,Diurna,Buen Tiempo,S/D,Peatón,Atropello,Ninguna,Faltante,Ninguna,Sin restricción
2018,3211,2018-03-13,Martes,0,08:10:00,,0.0,2,"Automóvil,Moto/Ciclomotor",Bv Pellegrini Y Rivadavia,2,1,0,0,1,0,0,"-31.636067503716, -60.701090096164",Avenida,,SANTA FE,La Capital,Asfalto,No existe,I,Dentro,Urbana,Ninguna,Funciona,Intersección,Bueno,Buena,Diurna,Buen Tiempo,Lateral,S/D,Colisión,Ninguna,"Horizontal,Vertical",Ninguna,Sin restricción
2018,3212,2018-03-15,Jueves,0,09:30:00,,0.0,2,"Moto/Ciclomotor,Automóvil",Av 27 de Febrero Y Cruz Roje Argentina,2,1,0,0,1,0,0,"-31.654049032952, -60.706068276096",Avenida,,SANTA FE,La Capital,Hormigón,Natural,I,Dentro,Urbana,Ninguna,Funciona,Intersección,Bueno,Buena,Diurna,Buen Tiempo,De alcance,S/D,Colisión,Ninguna,"Horizontal,Vertical",Ninguna,Sin restricción
2018,3213,2018-03-17,Sabado,0,08:50:00,,0.0,2,"Automóvil,Moto/Ciclomotor",9 de Julio Y Hipolito Yrigoyen,2,1,0,0,1,0,0,"-31.641753786828, -60.707849262882",Calle,,SANTA FE,La Capital,Asfalto,No existe,I,Dentro,Urbana,Ninguna,No existe,Intersección,Bueno,Buena,Diurna,Buen Tiempo,Lateral,S/D,Colisión,Ninguna,Horizontal,Ninguna,Sin restricción
2018,3214,2018-03-23,Viernes,0,10:30:00,,0.0,2,"Bicicleta,Automóvil",Jujuy Y 4 de Enero,2,1,0,0,1,0,0,"-31.661559218194, -60.716646908451",Calle,,SANTA FE,La Capital,Asfalto,No existe,I,Dentro,Urbana,Ninguna,No existe,Intersección,Bueno,Buena,Nocturna,Buen Tiempo,Lateral,S/D,Colisión,Ninguna,Horizontal,Ninguna,Sin restricción
2018,3215,2018-04-01,Domingo,1,08:50:00,,0.0,2,"Automóvil,Moto/Ciclomotor",Garibaldi 2100,2,1,0,0,1,0,0,"-32.983517040550, -60.661884031999",Calle,,ROSARIO,Rosario,Asfalto,No existe,II,Dentro,Urbana,Ninguna,No existe,Intersección,Bueno,Buena,Diurna,Buen Tiempo,Lateral,S/D,Colisión,Ninguna,Faltante,Ninguna,Sin restricción
2018,3216,2018-03-16,Viernes,0,06:50:00,,0.0,2,"Automóvil,Moto/Ciclomotor",9 de Julio Y Av Gral Lopez,2,1,0,0,1,0,0,"-31.656581038262, -60.712269543338",Avenida,,SANTA FE,La Capital,Asfalto,No existe,I,Dentro,Urbana,Ninguna,Funciona,Intersección,Bueno,Buena,Amanecer,Buen Tiempo,Lateral,S/D,Colisión,Ninguna,"Horizontal,Vertical",Ninguna,Sin restricción
2018,3217,2018-03-23,Viernes,0,12:00:00,,0.0,3,"Automóvil,Automóvil,Moto/Ciclomotor",4 de Enero 3256,3,1,0,0,2,0,0,"-31.636732691552, -60.709201096225",Calle,,SANTA FE,La Capital,Asfalto,No existe,I,Dentro,Urbana,Ninguna,No existe,Recta,Bueno,Buena,Diurna,Buen Tiempo,Múltiple,S/D,Colisión,Ninguna,Horizontal,Ninguna,Sin restricción
2018,3218,2018-03-26,Lunes,0,10:30:00,,0.0,2,"Moto/Ciclomotor,Otros",9 de Julio Y Irigoyen Freyre,3,1,0,0,1,0,1,"-31.642932215092, -60.708097521416",Calle,,SANTA FE,La Capital,Asfalto,No existe,I,Dentro,Urbana,Ninguna,No existe,Intersección,Bueno,Buena,Diurna,Buen Tiempo,Lateral,S/D,Colisión,Ninguna,Horizontal,Ninguna,Sin restricción
2018,3219,2018-03-27,Martes,0,12:00:00,,0.0,2,"Automóvil,Automóvil",San Martin 1800,2,1,0,0,1,0,0,"-31.654733934758, -60.709020201317",Calle,,SANTA FE,La Capital,Asfalto,No existe,I,Dentro,Urbana,Ninguna,No existe,Recta,Bueno,Buena,Diurna,Buen Tiempo,De alcance,S/D,Colisión,Ninguna,Horizontal,Ninguna,Sin restricción
2018,3220,2018-03-22,Jueves,0,08:00:00,,0.0,2,"Automóvil,Moto/Ciclomotor",Lisandro de la Torre Y Av Urquiza,2,1,0,0,1,0,0,"-31.650184908269, -60.714384619347",Avenida,,SANTA FE,La Capital,Asfalto,No existe,I,S/D,Urbana,Ninguna,Funciona,Intersección,Bueno,Buena,Diurna,Buen Tiempo,Lateral,S/D,Colisión,Ninguna,"Horizontal,Vertical",Ninguna,Sin restricción
2018,3221,2018-03-23,Viernes,0,20:30:00,Ruta Nacional 168,472.0,2,"Moto/Ciclomotor,Otros", ,3,1,1,0,0,0,1,"-31.64221,-60.67654",Ruta,168,SANTA FE,La Capital,Hormigón,S/D,I,S/D,Urbana,Otra Señal,No existe,Recta,Bueno,Buena,Nocturna,Buen Tiempo,De alcance,S/D,Colisión,Ninguna,Horizontal,Cordón divisorio,"Obra en Construcción,Reparación de Vía"
2018,3222,2018-03-22,Jueves,0,02:10:00,Ruta Nacional 168,473.0,2,"Moto/Ciclomotor,Automóvil", ,2,1,0,0,0,0,1,"-31.639917678786, -60.656200384391",Ruta,168,SANTA FE,La Capital,Asfalto,Natural,I,Dentro,Urbana,Ninguna,No existe,Recta,Bueno,Buena,Nocturna,Buen Tiempo,Lateral,S/D,Colisión,Otro,"Horizontal,Vertical",Guardarrail,Sin restricción
2018,3223,2018-03-07,Miercoles,0,07:10:00,Ruta Nacional 168,472.0,2,"Automóvil,Peatón", ,2,1,0,0,0,0,1,"-31.639917678786, -60.656200384391",Ruta,168,SANTA FE,La Capital,Asfalto,Natural,I,Dentro,Urbana,Ninguna,No existe,Recta,Bueno,Buena,Diurna,Buen Tiempo,S/D,Peatón,Atropello,S/D,Vertical,Guardarrail,Sin restricción
2018,3224,2018-03-03,Sabado,0,21:10:00,Ruta Nacional 168,472.0,2,"Moto/Ciclomotor,Otros", ,3,2,0,0,1,0,0,"-31.639917678786, -60.656200384391",Ruta,168,SANTA FE,La Capital,Asfalto,Pavimento,I,S/D,Urbana,Ninguna,No existe,Recta,Bueno,Buena,Nocturna,Buen Tiempo,S/D,S/D,Colisión,Otro,"Horizontal,Vertical",Barrera de hormigón,Sin restricción
2018,3225,2018-03-01,Jueves,1,,,0.0,1,Automóvil, ,1,1,0,0,0,0,0,"-31.610249,-60.708389",S/D,,SANTA FE,La Capital,S/D,S/D,I,S/D,S/D,S/D,S/D,S/D,S/D,S/D,S/D,S/D,S/D,S/D,S/D,S/D,S/D,S/D,S/D
2018,3226,2018-03-01,Jueves,0,,,0.0,2,"Moto/Ciclomotor,Automóvil",Avellaneda ,2,0,0,0,1,0,1,"-31.609679,-60.679357",Calle,,SANTA FE,La Capital,Asfalto,No existe,I,Dentro,Urbana,S/D,S/D,Intersección,Bueno,S/D,S/D,S/D,Lateral,S/D,Colisión,S/D,S/D,S/D,S/D
2018,3227,2018-03-01,Jueves,1,19:40:00,,0.0,2,"Automóvil,Moto/Ciclomotor",Paso de los Andes Y Sarmiento,2,1,0,0,1,0,0,"-31.628905533733, -60.690761703602",Calle,,SANTA FE,La Capital,Asfalto,No existe,I,Dentro,Urbana,S/D,No existe,Intersección,Bueno,S/D,S/D,S/D,Lateral,S/D,Colisión,S/D,S/D,S/D,S/D
2018,3228,2018-03-02,Viernes,0,18:30:00,,0.0,2,"Moto/Ciclomotor,Moto/Ciclomotor",Castellanos Y Candioti,2,0,0,0,1,0,1,"-31.636259279002, -60.695145180784",Calle,,SANTA FE,La Capital,Asfalto,No existe,I,Dentro,Urbana,S/D,No existe,Intersección,Bueno,S/D,Atardecer,S/D,Lateral,S/D,Colisión,S/D,S/D,S/D,S/D
2018,3229,2018-03-03,Sabado,0,01:30:00,,0.0,2,"Moto/Ciclomotor,Moto/Ciclomotor",Candioti Y Iturraspe,2,1,0,0,0,1,0,"-31.63082,-60.69357",Calle,,SANTA FE,La Capital,Asfalto,No existe,I,Dentro,Urbana,S/D,No existe,Intersección,Bueno,S/D,Nocturna,S/D,Lateral,S/D,Colisión,S/D,S/D,S/D,S/D
2018,3230,2018-03-03,Sabado,0,05:10:00,,0.0,2,"Moto/Ciclomotor,Automóvil",Bv GÁLVEZ 1400,2,1,0,0,1,0,0,"-31.638362130869, -60.690167000853",Calle,,SANTA FE,La Capital,Asfalto,No existe,I,Dentro,Urbana,S/D,Funciona,Recta,Bueno,S/D,Amanecer,S/D,Lateral,S/D,Colisión,S/D,S/D,S/D,S/D
2018,3231,2018-03-07,Miercoles,0,10:40:00,,0.0,2,"Automóvil,Bicicleta",Pedro Ferre Y Avellaneda,2,1,0,0,0,0,1,"-31.629673650677, -60.685304464312",Calle,,SANTA FE,La Capital,Asfalto,No existe,I,S/D,Urbana,S/D,No existe,Intersección,Bueno,S/D,Diurna,S/D,S/D,Ciclista,Atropello,S/D,S/D,S/D,S/D
2018,3232,2018-03-13,Martes,0,14:40:00,,0.0,2,"Moto/Ciclomotor,Automóvil",Pedro Centeno Y Av 7 Jefes,2,1,0,0,1,0,0,"-31.631989335564, -60.679372913277",Avenida,,SANTA FE,La Capital,Asfalto,No existe,I,Dentro,Urbana,S/D,No existe,Intersección,Bueno,S/D,Diurna,S/D,Lateral,S/D,Colisión,S/D,S/D,S/D,S/D
2018,3233,2018-05-15,Martes,0,10:20:00,,0.0,2,"Pickup/Utilitario,Moto/Ciclomotor",Av San Martin Y Luis Borghi,2,1,0,0,1,0,0,"-32.755798274951, -60.734273660310",Avenida,,SAN LORENZO,San Lorenzo,S/D,S/D,XVII,S/D,Urbana,S/D,S/D,Otro,Otro,S/D,S/D,Otro,S/D,S/D,Colisión,Ninguna,S/D,Ninguna,S/D
2018,3234,2018-05-11,Viernes,0,12:20:00,,0.0,2,"Automóvil,Bicicleta",Moreno Y Av San Martin,2,1,0,0,1,0,0,"-32.779165467420, -60.727547056804",Avenida,,FRAY LUIS BELTRÁN,San Lorenzo,Asfalto,Pavimento,XVII,Dentro,Urbana,Ninguna,No existe,Recta,Bueno,Buena,Diurna,Buen Tiempo,Atropello animal,Ciclista,"Colisión,Atropello",Ninguna,Faltante,Ninguna,Sin restricción
2018,3235,2018-05-07,Lunes,0,20:50:00,,0.0,2,"Automóvil,Moto/Ciclomotor",Av San Martin Y Juan de Garay,2,0,1,0,1,0,0,"-32.787929647624, -60.724953478436",Avenida,,FRAY LUIS BELTRÁN,San Lorenzo,Asfalto,Pavimento,XVII,Dentro,Urbana,Ninguna,No existe,Intersección,Bueno,Reducida,Nocturna,Lluvia,Lateral,S/D,Colisión,Agua,Faltante,Ninguna,Sin restricción
2018,3236,2018-05-30,Miercoles,0,12:25:00,,0.0,2,"Moto/Ciclomotor,Automóvil",9 de Julio bis Y Cordoba,3,2,0,0,1,0,0,"-32.717133259489, -60.733341105707",Avenida,,PUERTO SAN MARTÍN,San Lorenzo,Asfalto,No existe,XVII,Dentro,Urbana,Ninguna,No existe,Intersección,Bueno,Buena,Diurna,Buen Tiempo,Lateral,S/D,Colisión,Ninguna,Horizontal,Ninguna,Sin restricción
2018,3237,2018-05-16,Miercoles,0,06:15:00,,0.0,2,"Moto/Ciclomotor,Automóvil",25 de Mayo Y Suipacha,2,1,0,0,1,0,0,"-31.64026, -60.70389",Calle,,SANTA FE,La Capital,Asfalto,No existe,I,S/D,Urbana,S/D,Funciona,Intersección,Bueno,S/D,Amanecer,S/D,S/D,S/D,Colisión,Ninguna,Vertical,S/D,S/D
2018,3238,2018-05-24,Jueves,0,01:20:00,,0.0,2,"Moto/Ciclomotor,Automóvil",Mendoza Y J B Alberdi,2,1,0,0,1,0,0,"-32.716693346313, -60.729848970803",Calle,,PUERTO SAN MARTÍN,San Lorenzo,Asfalto,No existe,XVII,S/D,Urbana,Ninguna,No existe,Intersección,Bueno,Buena,Nocturna,Buen Tiempo,Lateral,S/D,Colisión,Ninguna,Horizontal,Ninguna,Sin restricción
2018,3239,2018-05-24,Jueves,0,13:00:00,,0.0,2,"Moto/Ciclomotor,Automóvil",Cordoba Y Falucho,4,2,0,0,2,0,0,"-32.716383369433, -60.737365935313",Avenida,,PUERTO SAN MARTÍN,San Lorenzo,Asfalto,No existe,XVII,Dentro,Urbana,Ninguna,No existe,Recta,Bueno,Buena,Diurna,Buen Tiempo,De alcance,S/D,Colisión,Ninguna,Horizontal,Ninguna,Sin restricción
2018,3240,2018-05-30,Miercoles,0,07:25:00,,0.0,1,Moto/Ciclomotor,Av 27 de Febrero Y Mendoza,1,0,1,0,0,0,0,"-31.64965, -60.70488",Avenida,,SANTA FE,La Capital,Asfalto,No existe,I,Dentro,Urbana,Ninguna,Funciona,Recta,Bueno,Buena,Amanecer,Buen Tiempo,S/D,S/D,Despiste,Ninguna,Horizontal,Ninguna,Sin restricción
2018,3241,2018-05-21,Lunes,0,15:00:00,,0.0,2,"Camión c / Acoplado,Camión Chasis",Heroes de Malvinas ,2,0,1,0,1,0,0,"-32.6942, -60.77271",Calle,,PUERTO SAN MARTÍN,San Lorenzo,Asfalto,Natural,XVII,S/D,Rural,Ninguna,No existe,Intersección,Ahuellamiento,Buena,Diurna,Buen Tiempo,De alcance,S/D,Colisión,Ninguna,Horizontal,Ninguna,Sin restricción
2018,3242,2018-05-21,Lunes,0,09:00:00,,0.0,2,"Pickup/Utilitario,Moto/Ciclomotor",Paraguay Y Roca,2,1,0,0,1,0,0,"-32.711208625051, -60.762934850441",Calle,,PUERTO SAN MARTÍN,San Lorenzo,Asfalto,No existe,XVII,Dentro,Urbana,S/D,No existe,Intersección,Bueno,Buena,Diurna,Buen Tiempo,Lateral,S/D,Colisión,Ninguna,Faltante,Ninguna,Sin restricción
2018,3243,2018-05-06,Domingo,0,17:15:00,Ruta Provincial 1,0.0,3,"Automóvil,Camión Chasis,Moto/Ciclomotor",Ruta Prov 1 ,5,3,0,0,2,0,0,"-29.90385, -59.83177",Ruta,1,ALEJANDRA,San Javier,Asfalto,Natural,XIV,Dentro,Urbana,Ninguna,No existe,Intersección,Bueno,Buena,Diurna,Buen Tiempo,Lateral,S/D,Colisión,Ninguna,Faltante,Línea divisoria pintada,Sin restricción
2018,3244,2018-05-18,Viernes,0,19:40:00,,0.0,1,Moto/Ciclomotor,Cordoba 1700,1,1,0,0,0,0,0,"-32.71528,-60.74391",Calle,,PUERTO SAN MARTÍN,San Lorenzo,Asfalto,No existe,XVII,Dentro,Urbana,Policía de tránsito,No existe,Recta,Bueno,Buena,Nocturna,Buen Tiempo,Atropello animal,S/D,Atropello,Ninguna,Faltante,Ninguna,Sin restricción
2018,3245,2018-05-15,Martes,0,21:20:00,,0.0,2,"Moto/Ciclomotor,Pickup/Utilitario",Eva Peron Y Belgrano,2,1,0,0,1,0,0,"-32.711735454540, -60.733973329678",Calle,,PUERTO SAN MARTÍN,San Lorenzo,Asfalto,No existe,XVII,Dentro,Urbana,Ninguna,No existe,Intersección,Bueno,Buena,Nocturna,S/D,Lateral,S/D,Colisión,Ninguna,Horizontal,Ninguna,Sin restricción
2018,3246,2018-05-11,Viernes,0,09:30:00,,0.0,2,"Bicicleta,Automóvil",Av San Martin ,2,1,0,0,1,0,0,"-32.71871, -60.73136",Avenida,,PUERTO SAN MARTÍN,San Lorenzo,Asfalto,No existe,XVII,Dentro,Urbana,Ninguna,No existe,Recta,Bueno,Buena,Diurna,Buen Tiempo,S/D,Ciclista,Atropello,Ninguna,Horizontal,Ninguna,Sin restricción
2018,3247,2018-03-07,Miercoles,0,04:10:00,Autopista Nacional A008,0.0,2,"Peatón,Automóvil",Av. Circunvalacion Y Av. Uriburu,2,0,1,0,1,0,0,"-32.992191509798, -60.701670200964",Autopista,A008,ROSARIO,Rosario,Asfalto,Pavimento,II,Dentro,Rural,Marca Vial,No existe,Intersección,Bueno,Reducida,Amanecer,Buen Tiempo,S/D,Peatón,Atropello,Ninguna,Horizontal,Guardarrail,Sin restricción
2018,3248,2018-03-13,Martes,0,05:05:00,Autopista Nacional A008,0.0,3,"Moto/Ciclomotor,Moto/Ciclomotor,Moto/Ciclomotor",Av. Circunvalacion Y Av. Bermudez,3,2,0,0,0,1,0,"-33.016007043611, -60.640914166814",Autopista,A008,ROSARIO,Rosario,Asfalto,No existe,II,Dentro,Urbana,Ninguna,No existe,Intersección,Bueno,Reducida,Nocturna,Buen Tiempo,"De alcance,Múltiple",S/D,Colisión,Ninguna,Faltante,Ninguna,Sin restricción
2018,3249,2018-03-15,Jueves,0,18:30:00,,0.0,2,"Peatón,Pickup/Utilitario",Av de Circunvalacion ,2,1,0,0,1,0,0,"-33.015897,-60.634681",Avenida,,VILLA GOBERNADOR GÁLVEZ,Rosario,Asfalto,No existe,II,Dentro,Urbana,Ninguna,No existe,Intersección,Bueno,Buena,Diurna,Buen Tiempo,S/D,Peatón,Atropello,Ninguna,Faltante,Ninguna,Accidente Previo
2018,3250,2018-03-14,Miercoles,0,14:05:00,,0.0,2,"Automóvil,Moto/Ciclomotor",Juan Del Campillo Y Alvear,2,1,0,0,1,0,0,"-31.631472222222,-60.694916666667",Calle,,SANTA FE,La Capital,Asfalto,No existe,I,Dentro,Urbana,S/D,No existe,Intersección,Bueno,S/D,Diurna,S/D,Lateral,S/D,Colisión,S/D,S/D,S/D,S/D
2018,3251,2018-03-20,Martes,0,17:00:00,Autopista Nacional A008,0.0,2,"Automóvil,Pickup/Utilitario",Av. Circunvalacion Y Av. J.Suarez,2,1,0,0,1,0,0,"-32.894570363743, -60.720903490009",Autopista,A008,ROSARIO,Rosario,Asfalto,Natural,II,Dentro,Urbana,S/D,No existe,Recta,Bueno,Buena,Diurna,Buen Tiempo,Frontal,S/D,Colisión,S/D,Faltante,Guardarrail,S/D
2018,3252,2018-03-15,Jueves,0,18:30:00,,0.0,2,"Bicicleta,Automóvil",Necochea Y Maipu,2,1,0,0,1,0,0,"-31.635555555556,-60.693833333333",Calle,,SANTA FE,La Capital,Asfalto,No existe,I,Dentro,Urbana,S/D,No existe,Intersección,Bueno,S/D,Atardecer,S/D,S/D,Ciclista,Atropello,S/D,S/D,S/D,S/D
2018,3253,2018-04-12,Jueves,0,01:05:00,,0.0,2,"Automóvil,Moto/Ciclomotor",Bv. Oro?o Y Av. Jorge Cura,2,1,0,0,1,0,0,"-32.971259817267, -60.660480442328",Avenida,,ROSARIO,Rosario,Asfalto,No existe,II,Dentro,Urbana,Semáforo,Funciona,Intersección,Bueno,Buena,Nocturna,Buen Tiempo,Lateral,S/D,Colisión,Ninguna,"Horizontal,Vertical",Ninguna,Sin restricción
2018,3254,2018-03-27,Martes,0,07:50:00,Autopista Nacional A008,0.0,2,"Automóvil,Camión Chasis",Av. Circunvalacion Y Av. Sorrento,2,1,0,0,1,0,0,"-32.908321377480, -60.722654402395",Autopista,A008,ROSARIO,Rosario,Asfalto,Pavimento,II,Dentro,Urbana,S/D,No existe,Recta,Bueno,Buena,Diurna,S/D,S/D,S/D,Colisión,S/D,Faltante,Cordón divisorio,S/D
2018,3255,2018-03-01,Jueves,0,13:25:00,,0.0,2,"Pickup/Utilitario,Moto/Ciclomotor",Laprida Y Maipu,2,1,0,0,1,0,0,"-31.637638888889,-60.684111111111",Calle,,SANTA FE,La Capital,Asfalto,No existe,I,Dentro,Urbana,S/D,No existe,Intersección,Bueno,S/D,Diurna,S/D,Lateral,S/D,Colisión,S/D,S/D,S/D,S/D
2018,3256,2018-03-17,Sabado,0,07:45:00,,0.0,2,"Moto/Ciclomotor,Automóvil",Bv GÁLVEZ 956,2,1,0,0,1,0,0,"-31.639277777778,-60.685277777778",S/D,,SANTA FE,La Capital,Asfalto,No existe,I,Dentro,Urbana,Semáforo,Funciona,Recta,Bueno,Buena,Diurna,Buen Tiempo,Lateral,S/D,Colisión,Ninguna,Vertical,Ninguna,Sin restricción
2018,3257,2018-03-17,Sabado,0,13:25:00,,0.0,2,"Moto/Ciclomotor,Automóvil",Bv GÁLVEZ Y Mitre,2,1,0,0,1,0,0,"-31.638,-60.691166666667",Calle,,SANTA FE,La Capital,Asfalto,No existe,I,Dentro,Urbana,S/D,Funciona,Recta,Bueno,Buena,Diurna,Buen Tiempo,Lateral,S/D,Colisión,Ninguna,Vertical,S/D,Sin restricción
2018,3258,2018-01-30,Martes,0,16:20:00,,0.0,2,"Automóvil,Moto/Ciclomotor",Saavedra Y Gregorio Donnet,3,2,0,0,1,0,0,"-31.443382, -60.934581",Calle,,ESPERANZA,Las Colonias,Hormigón,No existe,XI,Dentro,Urbana,Ninguna,No existe,Intersección,Bueno,Buena,Diurna,Otro,S/D,S/D,Colisión,Ninguna,Faltante,Ninguna,Sin restricción
2018,3259,2018-04-09,Lunes,0,07:20:00,Autopista Nacional A008,0.0,2,"Taxi/Remis,Automóvil",J.J.Paso Y Av. Circunvalacion,3,2,0,0,1,0,0,"-32.920433494854, -60.722997594298",Autopista,A008,ROSARIO,Rosario,Asfalto,No existe,II,Dentro,Urbana,Ninguna,Funciona,Intersección,Bueno,Buena,Diurna,Buen Tiempo,S/D,S/D,Colisión,Ninguna,Vertical,Ninguna,Sin restricción
2018,3260,2018-03-19,Lunes,0,18:45:00,,0.0,2,"Moto/Ciclomotor,Pickup/Utilitario",Bv GÁLVEZ Y Rivadavia,2,1,0,0,1,0,0,"-31.636111111111,-60.701111111111",Calle,,SANTA FE,La Capital,Asfalto,No existe,I,Dentro,Urbana,S/D,Funciona,Intersección,Bueno,Buena,Diurna,Buen Tiempo,Lateral,S/D,Colisión,Ninguna,Vertical,S/D,Sin restricción
2018,3261,2018-04-01,Domingo,1,16:30:00,,0.0,2,"Automóvil,Moto/Ciclomotor",Centeno Y Espa?a,3,2,0,0,1,0,0,"-32.983330762997, -60.656219468257",Calle,,ROSARIO,Rosario,Asfalto,No existe,II,Dentro,Urbana,Semáforo,No existe,Intersección,Bueno,Buena,Atardecer,Buen Tiempo,Lateral,S/D,Colisión,Ninguna,Faltante,Ninguna,Sin restricción
2018,3262,2018-03-10,Sabado,0,20:10:00,,0.0,2,"Automóvil,Bicicleta",Av Leandro Alem ,2,1,0,0,1,0,0,"-31.639917412163, -60.682906214349",Avenida,,SANTA FE,La Capital,Asfalto,No existe,I,Dentro,Urbana,S/D,No existe,Intersección,Bueno,Buena,Diurna,Buen Tiempo,S/D,Ciclista,Atropello,Ninguna,S/D,S/D,Sin restricción
2018,3263,2018-03-20,Martes,0,21:20:00,,0.0,2,"Automóvil,Automóvil",Domingo Silva Y Mitre,2,1,0,0,1,0,0,"-31.6335,-60.689833333333",Calle,,SANTA FE,La Capital,Asfalto,No existe,I,Dentro,Urbana,S/D,S/D,Intersección,Bueno,Buena,Nocturna,Buen Tiempo,Lateral,S/D,Colisión,Ninguna,S/D,S/D,Sin restricción
2018,3264,2018-03-03,Sabado,0,08:15:00,Ruta Nacional 34,243.0,1,Automóvil, ,6,3,0,0,3,0,0,"-31.060669, -61.460369",Ruta,34,ATALIVA,Castellanos,Asfalto,Natural,V,Dentro,Rural,Otra Señal,No existe,Recta,Bueno,Buena,Amanecer,Buen Tiempo,S/D,S/D,Vuelco,Ninguna,"Horizontal,Vertical",Línea divisoria pintada,Sin restricción
2018,3265,2018-04-11,Miercoles,0,15:00:00,Autopista Nacional A008,0.0,2,"Moto/Ciclomotor,Automóvil",Av. Pellegrini Y Av. Circunvalacion,2,1,0,0,1,0,0,"-32.948843452740, -60.721903253020",Autopista,A008,ROSARIO,Rosario,Asfalto,Natural,II,Dentro,Urbana,Ninguna,No existe,Recta,Bueno,Buena,Diurna,Buen Tiempo,Otro,S/D,Colisión,Ninguna,Faltante,Vegetación,Sin restricción
2018,3266,2018-03-21,Miercoles,0,20:45:00,,0.0,2,"Bicicleta,Automóvil",Bv GÁLVEZ 1900,2,1,0,0,1,0,0,"-31.637083333333,-60.695416666667",Calle,,SANTA FE,La Capital,Asfalto,No existe,I,Dentro,Urbana,S/D,S/D,Recta,Bueno,Buena,Diurna,Buen Tiempo,S/D,Ciclista,Atropello,Ninguna,S/D,S/D,Sin restricción
2018,3267,2018-03-21,Miercoles,0,22:00:00,,0.0,2,"Moto/Ciclomotor,Automóvil",Candioti Y Domingo Silva,2,1,0,0,1,0,0,"-31.632583333333,-60.694138888889",Calle,,SANTA FE,La Capital,Asfalto,No existe,I,Dentro,Urbana,S/D,S/D,Intersección,Bueno,Buena,Diurna,Buen Tiempo,Lateral,S/D,Colisión,Ninguna,S/D,S/D,Sin restricción
2018,3268,2018-03-22,Jueves,0,14:10:00,,0.0,2,"Moto/Ciclomotor,Automóvil",Necochea Y Domingo Silva,2,1,0,0,1,0,0,"-31.632805555556,-60.693027777778",S/D,,SANTA FE,La Capital,Asfalto,No existe,I,Dentro,Urbana,S/D,S/D,Intersección,Bueno,Buena,Diurna,Buen Tiempo,Lateral,S/D,Colisión,Ninguna,S/D,S/D,Sin restricción
2018,3269,2018-04-20,Viernes,0,05:40:00,Autopista Nacional A008,0.0,2,"Bicicleta,Moto/Ciclomotor",Av. Ovidio Lagos Y Av. Circunvalacion,2,1,0,0,1,0,0,"-33.007994538767, -60.676880379352",Autopista,A008,ROSARIO,Rosario,Asfalto,No existe,II,Dentro,Urbana,Semáforo,Funciona,Recta,Bueno,Buena,Nocturna,Buen Tiempo,S/D,Ciclista,Atropello,Ninguna,Vertical,Cordón divisorio,Sin restricción
2018,3270,2018-03-22,Jueves,0,16:30:00,Ruta Nacional 168,0.0,2,"Moto/Ciclomotor,Automóvil", ,2,1,0,0,1,0,0,"-31.641161957145, -60.679666105859",Ruta,168,SANTA FE,La Capital,Hormigón,No existe,I,Dentro,Urbana,S/D,S/D,Puente,Bueno,Buena,Diurna,Buen Tiempo,Lateral,S/D,Colisión,Ninguna,Faltante,S/D,Sin restricción
2018,3271,2018-04-24,Martes,0,07:00:00,Autopista Nacional A008,0.0,2,"Pickup/Utilitario,Automóvil",Av. Circunvalacion Y Av. Uriburu,2,2,0,0,0,0,0,"-32.992173998146, -60.700565032606",Autopista,A008,ROSARIO,Rosario,Asfalto,No existe,II,Dentro,Urbana,Ninguna,No existe,Recta,Bueno,Buena,Diurna,Buen Tiempo,Lateral,S/D,Colisión,Ninguna,Faltante,Guardarrail,Sin restricción