anio_acci,nro_acci,fecha,desc_dia,fecha_aprox,hora_aprox,desc_ruta,km,cant_participantes,desc_participante,calle_avenida_km,total,heridos_leves,heridos_graves,heridos_gravisimos,ilesos,fallecidos,sin_datos,posicion_XY,desc_tipo_via,desc_ruta_ori,desc_loc,desc_dpto,desc_tipo_calzada,desc_tipo_banquina,desc_unidad_regional,desc_lugar_calzada,desc_zona,desc_prioridad,desc_estado_semaforo,desc_lugar_via,desc_estado_via,desc_estado_visibilidad,desc_luminosidad,desc_estado_clima,desc_tipo_colision,desc_tipo_atropello,desc_tipo_hecho,desc_pres_calzada,desc_senializacion,desc_separacion_via,desc_restriccion
2018,3272,2018-03-26,Lunes,0,17:30:00,,0.0,2,"Automóvil,Automóvil",Bv GÁLVEZ Y Avellaneda,3,2,0,0,1,0,0,"-31.638916666667,-60.688055555556",Calle,,SANTA FE,La Capital,Asfalto,No existe,I,Dentro,Urbana,Ninguna,S/D,Intersección,Bueno,Buena,Diurna,Buen Tiempo,Lateral,S/D,Colisión,Ninguna,S/D,S/D,Sin restricción
2018,3273,2018-03-27,Martes,0,18:30:00,,0.0,2,"Bicicleta,Automóvil",Bv GÁLVEZ Y Belgrano,2,1,0,0,1,0,0,"-31.636666666667,-60.698694444444",Calle,,SANTA FE,La Capital,Asfalto,No existe,I,Dentro,Urbana,Semáforo,Funciona,Intersección,Bueno,Buena,Atardecer,Buen Tiempo,S/D,Ciclista,Atropello,Ninguna,Vertical,S/D,Sin restricción
2018,3274,2018-04-26,Jueves,0,02:40:00,Autopista Nacional A008,0.0,2,"Moto/Ciclomotor,Automóvil",Av. Circunvalacion Y Santa Fe,2,0,1,0,1,0,0,"-32.935933439521, -60.722065620070",Autopista,A008,ROSARIO,Rosario,Asfalto,Natural,II,Dentro,Urbana,S/D,No existe,Recta,Bueno,S/D,"Nocturna,Con luz artificial",S/D,S/D,S/D,Colisión,S/D,Faltante,Cordón divisorio,S/D
2018,3275,2018-04-09,Lunes,0,06:30:00,,0.0,2,"Moto/Ciclomotor,Automóvil",Ayacucho Y Calle 529,2,1,0,0,1,0,0,"-33.011808, -60.635643",Calle,,ROSARIO,Rosario,Asfalto,No existe,II,Dentro,Urbana,Ninguna,No existe,Intersección,Bueno,Buena,Atardecer,Buen Tiempo,Lateral,S/D,Colisión,Ninguna,Faltante,Ninguna,S/D
2018,3276,2018-03-02,Viernes,0,20:15:00,,0.0,2,"Moto/Ciclomotor,Automóvil",Nicolas Rodriguez Pe?a 400,2,1,0,0,1,0,0,"-31.666416666667,-60.727777777778",Calle,,SANTA FE,La Capital,Asfalto,No existe,I,Dentro,Urbana,Ninguna,No existe,Recta,Bueno,Buena,"Nocturna,Con luz artificial",Buen Tiempo,De alcance,S/D,Colisión,Ninguna,Vertical,Ninguna,Sin restricción
2018,3277,2018-04-07,Sabado,0,19:10:00,,0.0,2,"Automóvil,Moto/Ciclomotor",San Martin 5100,4,2,0,0,2,0,0,"-32.997061929451, -60.648077776992",Calle,,ROSARIO,Rosario,Asfalto,No existe,II,Dentro,Urbana,Semáforo,Funciona,Intersección,Bueno,Buena,Atardecer,Buen Tiempo,Lateral,S/D,Colisión,Ninguna,"Horizontal,Vertical",Ninguna,Sin restricción
2018,3278,2018-03-05,Lunes,0,15:20:00,,0.0,2,"Moto/Ciclomotor,Automóvil",Nicolas Rodriguez Pe?a Y Crucero Gral. Belgrano,2,1,0,0,1,0,0,"-31.664833333333,-60.726055555556",Calle,,SANTA FE,La Capital,Asfalto,No existe,I,Dentro,Urbana,Ninguna,No existe,Intersección,Bueno,Buena,"Diurna,Con luz artificial",Buen Tiempo,De alcance,S/D,Colisión,Ninguna,Faltante,Ninguna,Sin restricción
2018,3279,2018-03-09,Viernes,0,07:50:00,,0.0,2,"Bicicleta,Automóvil",Nicolas Rodriguez Pe?a ,3,1,0,0,2,0,0,"-31.664288,-60.725368",Calle,,SANTA FE,La Capital,Asfalto,No existe,I,Dentro,Urbana,Ninguna,No existe,Intersección,Bueno,Buena,"Diurna,Con luz artificial",Buen Tiempo,S/D,Ciclista,Atropello,Ninguna,S/D,Ninguna,Sin restricción
2018,3280,2018-03-15,Jueves,0,14:30:00,,0.0,2,"Automóvil,Pickup/Utilitario",Av Circunvalaci?n Y 4 de Enero,3,1,0,0,2,0,0,"-31.665945568443, -60.714963976495",Avenida,,SANTA FE,La Capital,Asfalto,No existe,I,Dentro,Urbana,Ninguna,No existe,Curva,Bueno,Buena,Diurna,Buen Tiempo,De alcance,S/D,Colisión,Ninguna,Faltante,Ninguna,Sin restricción
2018,3281,2018-04-05,Jueves,0,23:55:00,,0.0,2,"Automóvil,Moto/Ciclomotor",Av. Battle y Ordo?ez Y Melincue,2,1,0,0,1,0,0,"-33.008969193776, -60.647660847691",Avenida,,ROSARIO,Rosario,Asfalto,No existe,II,Dentro,Urbana,Ninguna,No existe,Intersección,Bueno,Buena,Nocturna,Buen Tiempo,Lateral,S/D,Colisión,Ninguna,Faltante,Ninguna,Sin restricción
2018,3282,2018-03-12,Lunes,0,20:50:00,,0.0,2,"Moto/Ciclomotor,Automóvil",Pietranera Y J M Perez,2,1,0,0,1,0,0,"-31.662944444444,-60.721472222222",Calle,,SANTA FE,La Capital,Asfalto,No existe,I,Dentro,Urbana,Ninguna,No existe,Intersección,Bueno,Buena,"Nocturna,Con luz artificial",Buen Tiempo,De alcance,S/D,Colisión,Ninguna,Vertical,Ninguna,Sin restricción
2018,3283,2018-04-05,Jueves,0,19:30:00,,0.0,2,"Moto/Ciclomotor,Automóvil",Av. Corrientes Y Ambrosetti,2,1,0,0,1,0,0,"-32.971502354553, -60.648874701471",Calle,,ROSARIO,Rosario,Asfalto,No existe,II,Dentro,Urbana,Ninguna,No existe,Intersección,Bueno,Buena,Atardecer,Buen Tiempo,Lateral,S/D,Colisión,Ninguna,Faltante,Ninguna,Sin restricción
2018,3284,2018-03-17,Sabado,0,18:20:00,,0.0,2,"Automóvil,Moto/Ciclomotor",Bolivar Y Vera Mujica,2,1,0,0,1,0,0,"-31.664083333333,-60.723916666667",Calle,,SANTA FE,La Capital,Asfalto,No existe,I,Dentro,Urbana,Ninguna,No existe,Intersección,Bueno,Buena,"Diurna,Con luz artificial",Buen Tiempo,De alcance,S/D,Colisión,Ninguna,Vertical,Ninguna,Sin restricción
2018,3285,2018-03-28,Miercoles,0,11:30:00,,0.0,2,"Automóvil,Camión Chasis",Roque Saenz Pe?a Y Av J J Paso,3,1,0,0,2,0,0,"-31.660416666667,-60.729527777778",Avenida,,SANTA FE,La Capital,Asfalto,No existe,I,Dentro,Urbana,Ninguna,No existe,Intersección,Bueno,Buena,"Diurna,Con luz artificial",Buen Tiempo,De alcance,S/D,Colisión,Ninguna,Faltante,Ninguna,Sin restricción
2018,3286,2018-03-27,Martes,0,14:40:00,,0.0,2,"Pickup/Utilitario,Moto/Ciclomotor",J J Paso Y San Jose,2,1,0,0,1,0,0,"-31.660805555556,-60.726972222222",Calle,,SANTA FE,La Capital,Asfalto,No existe,I,Dentro,Urbana,Ninguna,No existe,Intersección,Deteriorada,Buena,Diurna,Buen Tiempo,Lateral,S/D,Colisión,Ninguna,Faltante,Ninguna,Sin restricción
2018,3287,2018-03-26,Lunes,0,15:10:00,,0.0,2,"Moto/Ciclomotor,Pickup/Utilitario",Juan de Garay 4077,2,0,1,0,0,0,1,"-31.648916666667,-60.727833333333",Calle,,SANTA FE,La Capital,Asfalto,No existe,I,Dentro,Urbana,Ninguna,No existe,Recta,Deteriorada,Buena,Diurna,Buen Tiempo,De alcance,S/D,Colisión,Ninguna,Faltante,Ninguna,Sin restricción
2018,3288,2018-03-23,Viernes,0,14:50:00,,0.0,2,"Moto/Ciclomotor,Automóvil",Av Gral Lopez Y Francia,2,1,0,0,1,0,0,"-31.655666666667,-60.717472222222",Avenida,,SANTA FE,La Capital,Asfalto,No existe,I,Dentro,Urbana,Ninguna,No existe,Intersección,Con baches,Buena,Diurna,Buen Tiempo,Lateral,S/D,Colisión,Ninguna,Faltante,Ninguna,Sin restricción
2018,3289,2018-03-17,Sabado,0,10:40:00,,0.0,2,"Pickup/Utilitario,Moto/Ciclomotor",Juan de Garay Y Av Freyre,2,1,0,0,1,0,0,"-31.650388888889,-60.720027777778",Calle,,SANTA FE,La Capital,Asfalto,No existe,I,Dentro,Urbana,Ninguna,No existe,Intersección,Deteriorada,Buena,Diurna,Buen Tiempo,Lateral,S/D,Colisión,Ninguna,Faltante,Ninguna,Sin restricción
2018,3290,2018-03-15,Jueves,0,12:00:00,,0.0,2,"Moto/Ciclomotor,Automóvil",Dr Zavalla 1442,2,1,0,0,1,0,0,"-31.6565,-60.723277777778",Calle,,SANTA FE,La Capital,Asfalto,No existe,I,Dentro,Urbana,Ninguna,No existe,Recta,Deteriorada,Buena,Diurna,Buen Tiempo,Lateral,S/D,Colisión,Ninguna,Faltante,Ninguna,Sin restricción
2018,3291,2018-03-15,Jueves,0,11:30:00,,0.0,2,"Moto/Ciclomotor,Automóvil",Francia Y Juan de Garay,3,1,0,0,2,0,0,"-31.651138888889,-60.716083333333",Calle,,SANTA FE,La Capital,Asfalto,No existe,I,S/D,Urbana,Ninguna,No existe,Intersección,Bueno,Buena,Diurna,Buen Tiempo,Lateral,S/D,Colisión,Ninguna,Faltante,Ninguna,Sin restricción
2018,3292,2018-03-14,Miercoles,0,21:30:00,,0.0,2,"Automóvil,Peatón",J J Paso Y San Lorenzo,2,1,0,0,1,0,0,"-31.661611111111,-60.722055555556",Calle,,SANTA FE,La Capital,Asfalto,No existe,I,Dentro,Urbana,Ninguna,Funciona,Intersección,Con baches,Buena,Nocturna,Buen Tiempo,S/D,Peatón,Atropello,Ninguna,Vertical,Ninguna,Sin restricción
2018,3293,2018-03-09,Viernes,0,18:00:00,,0.0,2,"Moto/Ciclomotor,Automóvil",J J Paso Y Dr Zavalla,2,1,0,0,1,0,0,"-31.661166666667,-60.724583333333",Calle,,SANTA FE,La Capital,Asfalto,No existe,I,Dentro,Urbana,Ninguna,No existe,Rotonda,Bueno,Buena,Diurna,Buen Tiempo,Lateral,S/D,Colisión,Ninguna,Faltante,Ninguna,Sin restricción
2018,3294,2018-04-01,Domingo,0,19:45:00,Ruta Secundaria 225-s,0.0,2,"Automóvil,Peatón",San Martin 7600,5,4,0,0,1,0,0,"-33.023842448025, -60.654011963535",Ruta,225-s,ROSARIO,Rosario,Asfalto,No existe,II,Dentro,Urbana,Ninguna,Funciona,Intersección,Resbaladiza,Reducida,Diurna,Lluvia,S/D,S/D,Atropello,Agua,Vertical,Ninguna,Sin restricción
2018,3295,2018-04-02,Lunes,0,,Ruta Provincial 1,36.0,2,"Tractor,Moto/Ciclomotor", ,3,2,0,0,1,0,0,"-31.439299611038, -60.359384032845",Ruta,1,SANTA ROSA DE CALCHINES,Garay,Asfalto,Natural,VII,Dentro,Rural,Ninguna,No existe,Recta,Bueno,Buena,Atardecer,Buen Tiempo,Otro,S/D,Colisión,Ninguna,Horizontal,Ninguna,Sin restricción
2018,3296,2018-04-02,Lunes,0,18:00:00,,0.0,2,"Moto/Ciclomotor,Automóvil",Entre Rios Y Saavedra,2,1,0,0,1,0,0,"-32.977428764692, -60.648915635556",Calle,,ROSARIO,Rosario,Asfalto,No existe,II,Dentro,Urbana,Semáforo,Funciona,Intersección,Bueno,Buena,Diurna,Buen Tiempo,Lateral,S/D,Colisión,Ninguna,"Horizontal,Vertical",Ninguna,Sin restricción
2018,3297,2018-04-16,Lunes,0,16:50:00,,0.0,2,"Automóvil,Moto/Ciclomotor",Corrientes Y Americo Vespucio,2,1,0,0,1,0,0,"-31.0985,-60.088611111111",Calle,,HELVECIA,Garay,Arena,Natural,VII,Dentro,Urbana,Ninguna,No existe,Intersección,Bueno,Buena,Diurna,Buen Tiempo,S/D,S/D,Colisión,Ninguna,Faltante,Ninguna,Sin restricción
2018,3298,2018-04-23,Lunes,0,04:35:00,Ruta Provincial 1,2.0,2,"Automóvil,Automóvil", ,2,1,1,0,0,0,0,"-31.109227502918, -60.096969282074",Ruta,1,HELVECIA,Garay,Asfalto,Natural,VII,Dentro,Urbana,Ninguna,No existe,Cruce,Bueno,Reducida,Amanecer,Buen Tiempo,Frontal,S/D,Colisión,Ninguna,Faltante,Ninguna,Sin restricción
2018,3299,2018-04-25,Miercoles,0,18:10:00,,0.0,2,"Moto/Ciclomotor,Bicicleta",Santa Fe Y Brigadier General E Lopez,2,1,0,0,0,0,1,"-31.106972222222,-60.09425",Calle,,HELVECIA,Garay,Arena,No existe,VII,Dentro,Urbana,Ninguna,No existe,Intersección,Bueno,Buena,Atardecer,Buen Tiempo,S/D,S/D,Atropello,Ninguna,Faltante,Ninguna,Sin restricción
2018,3300,2018-04-01,Domingo,0,01:20:00,Ruta Provincial 1,24.5,2,"Camión Chasis,Automóvil", ,3,1,0,0,2,0,0,"-31.497363127971, -60.444604766374",Ruta,1,LOS ZAPALLOS,Garay,Asfalto,Natural,VII,Dentro,Rural,Ninguna,No existe,Recta,Ahuellamiento,Reducida,Nocturna,Buen Tiempo,S/D,S/D,Colisión,Ninguna,Vertical,Vegetación,Sin restricción
2018,3301,2018-04-10,Martes,0,13:40:00,Ruta Provincial 1,71.0,1,Moto/Ciclomotor, ,1,1,0,0,0,0,0,"-31.222170493371, -60.170501210413",Ruta,1,CAYASTA,Garay,Asfalto,Natural,VII,Dentro,Urbana,Ninguna,No existe,Recta,Bueno,Buena,Diurna,Buen Tiempo,S/D,S/D,Caída ocupante,Ninguna,Horizontal,Línea divisoria pintada,Sin restricción
2018,3302,2018-03-10,Sabado,0,,,0.0,2,"Moto/Ciclomotor,Automóvil",Av Brasil Y Ciudad de Esperanza,2,1,0,0,1,0,0,"-31.244324, -61.483811",Avenida,,RAFAELA,Castellanos,Hormigón,No existe,V,Dentro,Urbana,Ninguna,No existe,Intersección,Deteriorada,Buena,Nocturna,Buen Tiempo,Lateral,S/D,Colisión,Ninguna,Faltante,Ninguna,Sin restricción
2018,3303,2018-04-08,Domingo,0,21:20:00,,0.0,2,"Moto/Ciclomotor,Bicicleta",Ayacucho ,2,1,0,0,1,0,0,"-32.998922244037, -60.636412672434",Calle,,ROSARIO,Rosario,Asfalto,No existe,II,Dentro,Urbana,Ninguna,No existe,Intersección,Bueno,Buena,Nocturna,Buen Tiempo,S/D,Ciclista,Atropello,Ninguna,Faltante,Ninguna,Sin restricción
2018,3304,2018-03-16,Viernes,0,19:00:00,Ruta Provincial 90,101.0,2,"Pickup/Utilitario,Camión c / Acoplado", ,5,2,0,0,2,1,0,"-33.589584, -61.228905",Ruta,90,CARRERAS,General López,Asfalto,Natural,VIII,Dentro,Rural,Ninguna,No existe,Recta,Bueno,Buena,Amanecer,Buen Tiempo,De alcance,S/D,Colisión,Ninguna,"Horizontal,Vertical",Línea divisoria pintada,Sin restricción
2018,3305,2018-04-22,Domingo,0,00:30:00,,0.0,2,"Automóvil,Moto/Ciclomotor",Av. Battle y Ordo?ez Y Khantuta,2,0,1,0,1,0,0,"-33.009086944352, -60.657050336247",Avenida,,ROSARIO,Rosario,Asfalto,No existe,II,Dentro,Urbana,Ninguna,Intermitente,Intersección,Bueno,Reducida,Nocturna,Buen Tiempo,Lateral,S/D,Colisión,Ninguna,"Horizontal,Vertical",Ninguna,Sin restricción
2018,3306,2018-03-06,Martes,0,03:50:00,Ruta Nacional 8,339.0,2,"Camión c / Acoplado,Camión", ,2,0,2,0,0,0,0,"-33.8428974, -61.7152838",Ruta,8,SANTA ISABEL,General López,Asfalto,Natural,VIII,Dentro,Rural,Ninguna,No existe,Recta,Bueno,Reducida,Nocturna,Buen Tiempo,Frontal,S/D,Colisión,Ninguna,Horizontal,Línea divisoria pintada,Sin restricción
2018,3307,2018-03-05,Lunes,0,08:30:00,,0.0,2,"Moto/Ciclomotor,Camión",San Martin Y Paraguay,2,1,0,0,1,0,0,"-33.8904682, -61.6960564",Calle,,SANTA ISABEL,General López,Hormigón,No existe,VIII,Dentro,Urbana,Ninguna,No existe,Intersección,Bueno,Buena,Diurna,Buen Tiempo,Lateral,S/D,Colisión,Ninguna,Faltante,Ninguna,Sin restricción
2018,3309,2018-03-12,Lunes,0,17:55:00,,0.0,2,"Transporte de Pasajeros Larga Distancia (Doble Piso),Moto/Ciclomotor",Sarmiento Y Manuel Belgrano,2,1,0,0,1,0,0,"-33.888595, -61.694469",Calle,,SANTA ISABEL,General López,Hormigón,No existe,VIII,Dentro,Urbana,Ninguna,No existe,Intersección,Bueno,Buena,Atardecer,Buen Tiempo,Lateral,S/D,Colisión,Ninguna,Vertical,Ninguna,Sin restricción
2018,3310,2018-04-26,Jueves,0,09:10:00,,0.0,2,"Moto/Ciclomotor,Automóvil",Av Silvestre Begnis Y Calle nro. 13,2,1,0,0,0,0,1,"-32.850707394528, -60.71341775304",Avenida,,GRANADERO BAIGORRIA,Rosario,Asfalto,S/D,II,Dentro,Urbana,S/D,S/D,Intersección,Bueno,S/D,S/D,S/D,S/D,S/D,Colisión,S/D,S/D,S/D,S/D
2018,3311,2018-06-09,Sabado,0,13:30:00,,0.0,2,"Automóvil,Moto/Ciclomotor",Rivadavia Y Hipolito Yrigoyen,2,1,0,0,1,0,0,"-31.642666666667,-60.703138888889",Calle,,SANTA FE,La Capital,Asfalto,No existe,I,Dentro,Urbana,Ninguna,Funciona,Recta,Bueno,Buena,Diurna,Buen Tiempo,Frontal,S/D,Colisión,Ninguna,Vertical,Ninguna,Sin restricción
2018,3312,2018-06-15,Viernes,0,19:00:00,,0.0,2,"Moto/Ciclomotor,Automóvil",Alvear 5300,2,1,0,0,1,0,0,"-31.620555555556,-60.691694444444",Calle,,SANTA FE,La Capital,Asfalto,No existe,I,Dentro,Urbana,Ninguna,No existe,Recta,Bueno,Reducida,Atardecer,Otro,De alcance,S/D,Colisión,Ninguna,Vertical,Ninguna,Sin restricción
2018,3313,2018-06-28,Jueves,0,18:00:00,,0.0,2,"Bicicleta,Automóvil",Bv Pellegrini Y San Martin,2,1,0,0,1,0,0,"-31.635666666667,-60.703222222222",Calle,,SANTA FE,La Capital,Asfalto,No existe,I,Dentro,Urbana,Policía de tránsito,Funciona,Intersección,Bueno,Buena,Diurna,Buen Tiempo,Frontal,Ciclista,Atropello,Ninguna,Horizontal,Ninguna,Sin restricción
2018,3314,2018-06-18,Lunes,0,13:15:00,,0.0,2,"Moto/Ciclomotor,Taxi/Remis",Av Gral Paz Y Pedro Ferre,2,1,0,0,1,0,0,"-31.628277777778,-60.691555555556",Avenida,,SANTA FE,La Capital,Asfalto,No existe,I,Dentro,Urbana,Ninguna,S/D,Intersección,Bueno,Buena,Diurna,Otro,Lateral,S/D,Colisión,Ninguna,Vertical,Ninguna,Sin restricción
2018,3316,2018-06-26,Martes,0,22:45:00,,0.0,2,"Automóvil,Automóvil",Primera Junta Y 9 de Julio,4,2,0,0,2,0,0,"-31.647305555556,-60.7095",Calle,,SANTA FE,La Capital,Asfalto,No existe,I,Dentro,Urbana,Ninguna,No existe,Intersección,Bueno,Buena,Con luz artificial,Buen Tiempo,Frontal,S/D,Colisión,Agua,Horizontal,Ninguna,Sin restricción
2018,3317,2018-06-01,Viernes,0,18:30:00,,0.0,2,"Automóvil,Bicicleta",Juan Del Campillo Y Pedro Alejandro Vittori,2,1,0,0,1,0,0,"-31.630527777778,-60.699333333333",Calle,,SANTA FE,La Capital,Asfalto,No existe,I,Dentro,Urbana,S/D,No existe,Intersección,Bueno,S/D,Atardecer,S/D,S/D,Ciclista,Atropello,S/D,S/D,S/D,S/D
2018,3318,2018-06-02,Sabado,0,09:15:00,,0.0,2,"Automóvil,Moto/Ciclomotor",Ituzaingo Y Candioti,2,1,0,0,1,0,0,"-31.639111111111,-60.696027777778",Calle,,SANTA FE,La Capital,Asfalto,No existe,I,Dentro,Urbana,S/D,Funciona,Intersección,Bueno,S/D,Diurna,S/D,Lateral,S/D,Colisión,S/D,S/D,S/D,S/D
2018,3319,2018-06-19,Martes,0,10:00:00,,0.0,2,"Moto/Ciclomotor,Automóvil",Av Galicia Y Rivadavia,2,1,0,0,1,0,0,"-31.605722222222,-60.692166666667",Avenida,,SANTA FE,La Capital,Asfalto,No existe,I,Dentro,Urbana,Ninguna,No existe,Intersección,Bueno,Buena,Diurna,Otro,Lateral,S/D,Colisión,Ninguna,Vertical,Cordón divisorio,Sin restricción
2018,3321,2018-06-11,Lunes,0,20:10:00,,0.0,2,"Automóvil,Bicicleta",Necochea 3400,2,1,0,0,1,0,0,"-31.638444444444,-60.694666666667",Calle,,SANTA FE,La Capital,Asfalto,No existe,I,Dentro,Urbana,S/D,No existe,Recta,Bueno,S/D,Nocturna,S/D,S/D,Ciclista,Atropello,S/D,S/D,S/D,S/D
2018,3322,2018-06-26,Martes,0,12:40:00,,0.0,2,"Moto/Ciclomotor,Automóvil",Angel Cassanello Y Lavalle,2,1,0,0,1,0,0,"-31.611888888889,-60.682388888889",S/D,,SANTA FE,La Capital,Asfalto,No existe,I,Dentro,Urbana,Ninguna,No existe,Intersección,Bueno,Buena,Diurna,Otro,Lateral,S/D,Colisión,Ninguna,Vertical,Ninguna,Sin restricción
2018,3323,2018-06-12,Martes,0,15:25:00,,0.0,2,"Bicicleta,Automóvil",Guemes Y Maipu,2,1,0,0,1,0,0,"-31.636694444444,-60.6885",Calle,,SANTA FE,La Capital,Asfalto,S/D,I,Dentro,Urbana,S/D,S/D,Intersección,Bueno,S/D,S/D,S/D,S/D,Ciclista,Atropello,S/D,S/D,S/D,S/D
2018,3325,2018-06-21,Jueves,0,09:40:00,,0.0,2,"Moto/Ciclomotor,Automóvil",Av A del Valle Y Angel Cassanello,2,0,1,0,1,0,0,"-31.609416666667,-60.694055555556",Avenida,,SANTA FE,La Capital,Asfalto,No existe,I,Dentro,Urbana,Ninguna,Funciona,Intersección,Bueno,Buena,S/D,Otro,Lateral,S/D,Colisión,Ninguna,Vertical,Línea divisoria pintada,Sin restricción
2018,3326,2018-06-17,Domingo,0,01:00:00,,0.0,2,"Automóvil,Moto/Ciclomotor",Av 7 Jefes Y Luciano Molinas,2,1,0,0,1,0,0,"-31.636027777778,-60.681555555556",Avenida,,SANTA FE,La Capital,Asfalto,No existe,I,Dentro,Urbana,S/D,S/D,Intersección,Bueno,S/D,Nocturna,Buen Tiempo,Lateral,S/D,Colisión,S/D,S/D,S/D,Sin restricción
2018,3327,2018-06-22,Viernes,0,18:50:00,,0.0,2,"Automóvil,Automóvil",Alvear Y Angel Cassanello,2,1,0,0,1,0,0,"-31.610527777778,-60.688777777778",Calle,,SANTA FE,La Capital,Asfalto,No existe,I,Dentro,Urbana,Ninguna,No existe,Intersección,Bueno,Buena,Atardecer,Otro,Lateral,S/D,Colisión,Ninguna,Vertical,Ninguna,Sin restricción
2018,3328,2018-06-18,Lunes,0,,,0.0,2,"Pickup/Utilitario,Peatón",Cordoba Y Mitre,2,1,0,0,1,0,0,"-31.630805555556,-60.689055555556",Calle,,SANTA FE,La Capital,Asfalto,No existe,I,Dentro,Urbana,S/D,S/D,Recta,Bueno,Buena,S/D,Buen Tiempo,S/D,Peatón,Atropello,Ninguna,S/D,Ninguna,Sin restricción
2018,3329,2018-06-18,Lunes,0,17:45:00,,0.0,2,"Camión Chasis,Moto/Ciclomotor",Velez Sarsfield Y Candioti,2,0,1,0,1,0,0,"-31.642111111111,-60.686472222222",Calle,,SANTA FE,La Capital,Asfalto,No existe,I,S/D,Urbana,S/D,S/D,Recta,Bueno,Buena,Diurna,Buen Tiempo,S/D,S/D,Colisión,Ninguna,S/D,Ninguna,Sin restricción
2018,3330,2018-06-25,Lunes,0,08:30:00,,0.0,2,"Moto/Ciclomotor,Automóvil",Belgrano ,2,1,0,0,1,0,0,"-31.62474, -60.69516",Calle,,SANTA FE,La Capital,Asfalto,No existe,I,Dentro,Urbana,Ninguna,No existe,Intersección,Otro,Buena,Diurna,Otro,Lateral,S/D,Colisión,Ninguna,Vertical,Ninguna,Sin restricción
2018,3331,2018-06-21,Jueves,0,13:00:00,,0.0,2,"Pickup/Utilitario,Moto/Ciclomotor",Bv GÁLVEZ Y Dorrego,2,1,0,0,1,0,0,"-31.639138888889,-60.687",Avenida,,SANTA FE,La Capital,Asfalto,No existe,I,S/D,Urbana,S/D,S/D,Intersección,Bueno,Buena,Diurna,Buen Tiempo,S/D,S/D,Colisión,Ninguna,S/D,Ninguna,Sin restricción
2018,3332,2018-06-25,Lunes,0,22:00:00,,0.0,2,"Moto/Ciclomotor,Automóvil",Av Galicia 1081,3,1,1,0,1,0,0,"-31.608277777778,-60.677916666667",Avenida,,SANTA FE,La Capital,Asfalto,No existe,I,Dentro,Urbana,Ninguna,No existe,Recta,Bueno,Buena,Nocturna,Otro,De alcance,S/D,Colisión,Ninguna,Vertical,Cordón divisorio,Sin restricción
2018,3333,2018-06-23,Sabado,0,08:00:00,,0.0,2,"Taxi/Remis,Moto/Ciclomotor",Pedro Alejandro Vittori ,2,1,0,0,1,0,0,"-31.618970059681, -60.697645746943",Calle,,SANTA FE,La Capital,Asfalto,No existe,I,S/D,Urbana,S/D,S/D,Recta,Bueno,S/D,Con luz artificial,Buen Tiempo,S/D,S/D,Colisión,Ninguna,S/D,Ninguna,Sin restricción
2018,3334,2018-06-27,Miercoles,0,01:50:00,,0.0,2,"Automóvil,Automóvil",Salvador del Carril Y Av Gral Paz,2,1,0,0,1,0,0,"-31.620527777778,-60.686083333333",Avenida,,SANTA FE,La Capital,Asfalto,No existe,I,Dentro,Urbana,Semáforo,Funciona,Intersección,Bueno,Reducida,"Nocturna,Con luz artificial",Otro,Lateral,S/D,Colisión,Ninguna,Vertical,Ninguna,Sin restricción
2018,3335,2018-06-26,Martes,0,18:50:00,,0.0,2,"Moto/Ciclomotor,Bicicleta",Mitre Y Pedro Ferre,2,1,0,0,1,0,0,"-31.629,-60.688527777778",Calle,,SANTA FE,La Capital,Asfalto,No existe,I,Dentro,Urbana,S/D,S/D,Intersección,Bueno,S/D,Con luz artificial,Buen Tiempo,S/D,Ciclista,Atropello,Ninguna,S/D,Ninguna,Sin restricción
2018,3336,2018-06-27,Miercoles,0,19:30:00,,0.0,2,"Automóvil,Automóvil",Guemes Y Quintana,2,1,0,0,1,0,0,"-31.62575,-60.685333333333",Calle,,SANTA FE,La Capital,Asfalto,No existe,I,Dentro,Urbana,Ninguna,No existe,Intersección,Con baches,Reducida,Atardecer,Otro,Lateral,S/D,Colisión,Ninguna,Vertical,Ninguna,Sin restricción
2018,3337,2018-06-27,Miercoles,0,16:50:00,,0.0,2,"Moto/Ciclomotor,Automóvil",Laprida Y Cordoba,2,1,0,0,1,0,0,"-31.632416666667,-60.682555555556",Calle,,SANTA FE,La Capital,Asfalto,No existe,I,Dentro,Urbana,S/D,S/D,Intersección,Bueno,Buena,Diurna,Buen Tiempo,S/D,S/D,Colisión,S/D,S/D,Ninguna,Sin restricción