anio_acci,nro_acci,fecha,desc_dia,fecha_aprox,hora_aprox,desc_ruta,km,cant_participantes,desc_participante,calle_avenida_km,total,heridos_leves,heridos_graves,heridos_gravisimos,ilesos,fallecidos,sin_datos,posicion_XY,desc_tipo_via,desc_ruta_ori,desc_loc,desc_dpto,desc_tipo_calzada,desc_tipo_banquina,desc_unidad_regional,desc_lugar_calzada,desc_zona,desc_prioridad,desc_estado_semaforo,desc_lugar_via,desc_estado_via,desc_estado_visibilidad,desc_luminosidad,desc_estado_clima,desc_tipo_colision,desc_tipo_atropello,desc_tipo_hecho,desc_pres_calzada,desc_senializacion,desc_separacion_via,desc_restriccion
2018,3338,2018-03-15,Jueves,0,13:20:00,Ruta Provincial 1,62.0,2,"Automóvil,Automóvil", ,3,3,0,0,0,0,0,"-31.299778373701, -60.263122167305",Ruta,1,CAYASTA,Garay,Asfalto,Natural,VII,Dentro,Rural,Ninguna,No existe,Curva,Bueno,Buena,Diurna,Buen Tiempo,Frontal,S/D,Colisión,Ninguna,Horizontal,Línea divisoria pintada,Sin restricción
2018,3339,2018-03-31,Sabado,0,20:30:00,Ruta Secundaria 73-s,0.0,1,Pickup/Utilitario, ,2,1,1,0,0,0,0,"-30.742782869697, -60.140971247306",Ruta,73-s,COLONIA SAN JOAQUÍN,Garay,Tierra,No existe,VII,Dentro,Rural,Ninguna,No existe,Intersección,Deteriorada,Buena,Nocturna,Buen Tiempo,S/D,S/D,Despiste,Ninguna,Faltante,Ninguna,Sin restricción
2018,3340,2018-03-03,Sabado,0,17:45:00,,0.0,2,"Automóvil,Moto/Ciclomotor",General Jose de San Martin ,2,1,0,0,1,0,0,"-31.101152210953, -60.086011775238",Calle,,HELVECIA,Garay,Tierra,Natural,VII,Dentro,Urbana,Ninguna,No existe,Intersección,Bueno,Buena,Atardecer,Buen Tiempo,Otro,S/D,Colisión,Ninguna,Faltante,Ninguna,Sin restricción
2018,3341,2018-04-21,Sabado,0,17:45:00,Ruta Nacional 34,0.0,2,"Automóvil,Otros",Autopista Santa Fe - Rosario Y Saenz,2,1,0,0,0,0,1,"-32.851642147027, -60.737140349780",Ruta,34,GRANADERO BAIGORRIA,Rosario,Asfalto,S/D,II,Dentro,Urbana,S/D,S/D,Intersección,Bueno,S/D,S/D,S/D,S/D,S/D,Colisión,S/D,S/D,S/D,S/D
2018,3342,2018-04-19,Jueves,0,16:50:00,,0.0,2,"Automóvil,Moto/Ciclomotor",Homero Manzi 2500,3,1,0,0,2,0,0,"-32.886972222222,-60.717694444444",Calle,,ROSARIO,Rosario,Asfalto,No existe,II,Dentro,Urbana,Ninguna,No existe,Recta,Bueno,Buena,Diurna,Buen Tiempo,De alcance,S/D,Colisión,Ninguna,Faltante,Ninguna,Sin restricción
2018,3343,2018-03-04,Domingo,0,07:10:00,Ruta Provincial 1,83.5,1,Pickup/Utilitario, ,1,1,0,0,0,0,0,"-31.115808067633, -60.108411827924",Ruta,1,HELVECIA,Garay,Asfalto,Natural,VII,Dentro,Rural,Ninguna,No existe,Recta,Ahuellamiento,Buena,Diurna,Buen Tiempo,S/D,S/D,Vuelco,Ninguna,Horizontal,Ninguna,Sin restricción
2018,3344,2018-04-06,Viernes,0,09:05:00,,0.0,2,"Moto/Ciclomotor,Automóvil",Ciudadela Y Luzurriaga,2,1,0,0,1,0,0,"-32.892555555556,-60.732055555556",Calle,,ROSARIO,Rosario,Asfalto,S/D,II,Dentro,Urbana,Ninguna,S/D,Intersección,Bueno,Buena,Diurna,Buen Tiempo,Frontal,S/D,Colisión,S/D,S/D,Ninguna,S/D
2018,3345,2018-03-04,Domingo,0,,,0.0,2,"Pickup/Utilitario,Pickup/Utilitario",Boulevard Dr Jose GÁLVEZ ,2,1,0,0,1,0,0,"-31.093858746069, -60.086823035966",Avenida,,HELVECIA,Garay,Tierra,Natural,VII,Dentro,Urbana,Ninguna,No existe,Intersección,Bueno,S/D,S/D,Buen Tiempo,De alcance,S/D,Colisión,Ninguna,Faltante,Ninguna,Sin restricción
2018,3346,2018-03-20,Martes,0,,Ruta Provincial 1,90.0,2,"Moto/Ciclomotor,Bicicleta", ,2,1,0,0,1,0,0,"-31.049227793224, -60.089053007711",Ruta,1,HELVECIA,Garay,Asfalto,Natural,VII,Dentro,Rural,Ninguna,No existe,Curva,Ahuellamiento,S/D,S/D,S/D,S/D,Ciclista,Atropello,Ninguna,Faltante,Ninguna,Sin restricción
2018,3347,2018-03-20,Martes,0,07:50:00,,0.0,2,"Automóvil,Moto/Ciclomotor",Boulevard Ocampo Y Senador Dr Armando Antille,2,1,0,0,1,0,0,"-31.104222222222,-60.088916666667",Avenida,,HELVECIA,Garay,Tierra,No existe,VII,Dentro,Urbana,Ninguna,No existe,Intersección,Deteriorada,Reducida,Amanecer,Otro,De alcance,S/D,Colisión,Ninguna,Faltante,Ninguna,Sin restricción
2018,3348,2018-03-24,Sabado,0,18:30:00,,0.0,2,"Automóvil,Moto/Ciclomotor",La Paz Y General Jose de San Martin,2,0,1,0,1,0,0,"-31.095444444444,-60.084611111111",Calle,,HELVECIA,Garay,Tierra,No existe,VII,Dentro,Urbana,Ninguna,No existe,Intersección,Otro,Buena,Atardecer,Buen Tiempo,De alcance,S/D,Colisión,Ninguna,Faltante,Ninguna,Sin restricción
2018,3349,2018-03-08,Jueves,0,19:20:00,,0.0,2,"Bicicleta,Automóvil",Juan de Garay Y San Jose,2,1,0,0,1,0,0,"-31.649671667839, -60.723921059300",Calle,,SANTA FE,La Capital,Asfalto,No existe,I,Dentro,Urbana,Ninguna,No existe,Intersección,Otro,Buena,Atardecer,Buen Tiempo,S/D,Ciclista,Atropello,Ninguna,Faltante,Ninguna,Sin restricción
2018,3350,2018-03-07,Miercoles,0,11:00:00,,0.0,2,"Peatón,Moto/Ciclomotor",3 de Febrero Y San Jose,2,1,0,0,0,0,1,"-31.655463495608, -60.725859109514",Calle,,SANTA FE,La Capital,Asfalto,No existe,I,Dentro,Urbana,Ninguna,No existe,Intersección,Bueno,Buena,Diurna,Buen Tiempo,S/D,Peatón,Atropello,Ninguna,Faltante,Ninguna,Sin restricción
2018,3351,2018-03-09,Viernes,0,13:35:00,,0.0,2,"Pickup/Utilitario,Moto/Ciclomotor",Lamadrid Y Salvador Caputo,3,2,0,0,1,0,0,"-31.635805555556,-60.7255",Calle,,SANTA FE,La Capital,Asfalto,No existe,I,Dentro,Urbana,Ninguna,No existe,Intersección,Bueno,Buena,Diurna,Buen Tiempo,Lateral,S/D,Colisión,Ninguna,Faltante,Cordón divisorio,Sin restricción
2018,3352,2018-03-06,Martes,0,00:50:00,,0.0,2,"Automóvil,Moto/Ciclomotor",Dr Zavalla Y Entre Rios,2,1,0,0,1,0,0,"-31.657710782306, -60.723601459897",Calle,,SANTA FE,La Capital,Asfalto,No existe,I,S/D,Urbana,Ninguna,No existe,Intersección,Deteriorada,Buena,Nocturna,Buen Tiempo,S/D,S/D,Colisión,Ninguna,Faltante,Ninguna,Sin restricción
2018,3353,2018-03-10,Sabado,0,00:00:00,,0.0,2,"Transporte de Pasajeros Urbano (> 8 asientos),Moto/Ciclomotor",Gdor Crespo Y San Juan,4,0,1,0,3,0,0,"-31.638777777778,-60.719527777778",Calle,,SANTA FE,La Capital,Asfalto,No existe,I,Dentro,Urbana,Ninguna,No existe,Intersección,Bueno,Buena,"Nocturna,Con luz artificial",Buen Tiempo,Frontal,S/D,Colisión,Ninguna,Faltante,Cordón divisorio,Sin restricción
2018,3354,2018-03-05,Lunes,0,19:40:00,Ruta Provincial 2,999.9,2,"Moto/Ciclomotor,Bicicleta",Entre Rios 1100,3,3,0,0,0,0,0,"-31.516994, -60.681111",Ruta,2,MONTE VERA,La Capital,Asfalto,Ripio,I,S/D,Urbana,Ninguna,No existe,Intersección,Deteriorada,Buena,Diurna,Buen Tiempo,S/D,Ciclista,Atropello,Ninguna,Vertical,Ninguna,Sin restricción
2018,3355,2018-03-06,Martes,0,09:20:00,Ruta Nacional 11,0.0,2,"Moto/Ciclomotor,Automóvil", ,2,1,0,0,1,0,0,"-31.666446106393, -60.745031494672",Ruta,11,SANTA FE,La Capital,Asfalto,Pavimento,I,Dentro,Urbana,Ninguna,No existe,Puente,Deteriorada,Buena,Diurna,Buen Tiempo,De alcance,S/D,Colisión,Ninguna,Faltante,Línea divisoria pintada,Sin restricción
2018,3356,2018-03-05,Lunes,0,14:00:00,,0.0,2,"Automóvil,Moto/Ciclomotor",J J Paso 3519,2,1,0,0,1,0,0,"-31.661366099147, -60.723985432314",Calle,,SANTA FE,La Capital,Asfalto,No existe,I,Dentro,Urbana,Ninguna,No existe,Recta,Bueno,Buena,Diurna,Buen Tiempo,Lateral,S/D,Colisión,Ninguna,Faltante,Ninguna,Sin restricción
2018,3357,2018-03-10,Sabado,0,11:40:00,,0.0,2,"Automóvil,Moto/Ciclomotor",Salvador Caputo Y Lamadrid,2,1,0,0,1,0,0,"-31.635805555556,-60.7255",Calle,,SANTA FE,La Capital,Asfalto,No existe,I,Dentro,Urbana,Ninguna,No existe,Intersección,Bueno,Buena,Diurna,Buen Tiempo,Lateral,S/D,Colisión,Ninguna,Faltante,Cordón divisorio,Sin restricción
2018,3358,2018-03-02,Viernes,0,12:30:00,,0.0,2,"Taxi/Remis,Moto/Ciclomotor",J J Paso 3400,2,1,0,0,1,0,0,"-31.660851115016, -60.727010964083",Avenida,,SANTA FE,La Capital,Asfalto,No existe,I,Dentro,Urbana,Ninguna,Funciona,Recta,Otro,Buena,Diurna,Buen Tiempo,Lateral,S/D,Colisión,Ninguna,Vertical,Ninguna,Sin restricción
2018,3359,2018-02-03,Sabado,0,22:50:00,,0.0,2,"Pickup/Utilitario,Moto/Ciclomotor",J J Paso Y San Jose,2,1,0,0,1,0,0,"-31.660786741999, -60.727032421755",Calle,,SANTA FE,La Capital,Asfalto,No existe,I,Dentro,Urbana,Ninguna,No existe,Intersección,Con baches,Buena,Nocturna,Buen Tiempo,De alcance,S/D,Colisión,Ninguna,Faltante,Ninguna,Sin restricción
2018,3360,2018-03-01,Jueves,0,12:15:00,,0.0,2,"Automóvil,Automóvil",Bv Pellegrini Y Francia,2,1,0,0,1,0,0,"-31.633944444444,-60.711333333333",Avenida,,SANTA FE,La Capital,Asfalto,No existe,I,Dentro,Urbana,Ninguna,Funciona,Intersección,Bueno,Buena,Diurna,Buen Tiempo,S/D,S/D,Colisión,Ninguna,Horizontal,Ninguna,Sin restricción
2018,3361,2018-03-08,Jueves,0,10:30:00,,0.0,2,"Moto/Ciclomotor,Pickup/Utilitario",Ruta pcial 2 Av San Martin Y Chubut,2,0,1,0,1,0,0,"-31.521656, -60.682633",Avenida,,MONTE VERA,La Capital,Hormigón,Ripio,I,Dentro,Urbana,Otra Señal,No existe,Intersección,Bueno,Buena,Diurna,Buen Tiempo,Frontal,S/D,Colisión,Ninguna,Vertical,Línea divisoria pintada,Sin restricción
2018,3362,2018-03-01,Jueves,0,10:10:00,,0.0,2,"Automóvil,Automóvil",Av Freyre 2700,2,1,0,0,1,0,0,"-31.642333333333,-60.717388888889",Calle,,SANTA FE,La Capital,Asfalto,Pavimento,I,Dentro,Urbana,Ninguna,No existe,Recta,Bueno,Buena,Diurna,Buen Tiempo,Otro,S/D,Colisión,Ninguna,Faltante,Cordón divisorio,Sin restricción
2018,3363,2018-03-27,Martes,0,11:40:00,,0.0,1,Automóvil, ,3,0,0,0,0,0,3,"-31.198416,-60.162423",Camino Rural,,CAYASTA,Garay,Tierra,Natural,VII,Fuera,Rural,Ninguna,No existe,Recta,Bueno,Buena,Diurna,Buen Tiempo,S/D,S/D,Vuelco,Ninguna,Faltante,Ninguna,Sin restricción
2018,3364,2018-03-09,Viernes,0,13:00:00,,0.0,2,"Automóvil,Moto/Ciclomotor",Rio Negro Y Baldaccini,6,1,0,0,5,0,0,"-31.521180, -60.676855",Calle,,MONTE VERA,La Capital,Ripio,No existe,I,Dentro,Urbana,Ninguna,No existe,Intersección,Bueno,Buena,Diurna,Buen Tiempo,Lateral,S/D,Colisión,Ninguna,S/D,Ninguna,Sin restricción
2018,3365,2018-03-03,Sabado,0,15:40:00,Ruta Nacional 11,0.0,2,"Automóvil,Moto/Ciclomotor",La Rioja Y Av Freyre,2,1,0,0,1,0,0,"-31.643,-60.717555555556",Ruta,11,SANTA FE,La Capital,Asfalto,No existe,I,Dentro,Urbana,Ninguna,No existe,Intersección,Bueno,Buena,Atardecer,Buen Tiempo,Otro,S/D,Colisión,Ninguna,Faltante,Ninguna,Sin restricción
2018,3366,2018-03-06,Martes,0,13:30:00,,0.0,2,"Bicicleta,Moto/Ciclomotor",J Macia Y 12 de septiembre,3,2,0,0,1,0,0,"-31.681826994675, -60.759775203254",Calle,,SANTO TOMÉ,La Capital,Asfalto,No existe,I,Dentro,Urbana,Ninguna,No existe,Intersección,Bueno,Buena,Diurna,Buen Tiempo,S/D,Ciclista,Atropello,Ninguna,Faltante,Ninguna,Sin restricción
2018,3367,2018-03-03,Sabado,0,13:30:00,,0.0,2,"Moto/Ciclomotor,Moto/Ciclomotor",Av Freyre Y La Rioja,2,1,0,0,1,0,0,"-31.643,-60.717555555556",Calle,,SANTA FE,La Capital,Asfalto,No existe,I,Dentro,Urbana,Ninguna,No existe,Intersección,Otro,Buena,Diurna,Buen Tiempo,Otro,S/D,Colisión,Ninguna,Faltante,Ninguna,Sin restricción
2018,3369,2018-03-18,Domingo,0,19:55:00,,0.0,2,"Moto/Ciclomotor,Automóvil",French Y Las Heras,2,1,0,0,1,0,0,"-31.593992424122, -60.685085887624",Avenida,,SANTA FE,La Capital,Asfalto,No existe,I,Dentro,Urbana,Ninguna,No existe,Intersección,Con baches,Reducida,Atardecer,Otro,Lateral,S/D,Colisión,Ninguna,Faltante,Ninguna,Sin restricción
2018,3370,2018-03-10,Sabado,0,16:40:00,,0.0,2,"Moto/Ciclomotor,Otros",Av A del Valle Y Callej?n El Sable,2,1,0,0,1,0,0,"-31.580220219338, -60.689330637591",Avenida,,SANTA FE,La Capital,Asfalto,No existe,I,Dentro,Urbana,Ninguna,No existe,Intersección,Con baches,Buena,Diurna,Otro,Lateral,S/D,Colisión,Ninguna,Faltante,Ninguna,Sin restricción
2018,3371,2018-03-09,Viernes,0,14:30:00,,0.0,2,"Moto/Ciclomotor,Pickup/Utilitario",Los Nogales Y Los Aromos,2,1,0,0,1,0,0,"-31.571871441183, -60.688634758553",Calle,,SANTA FE,La Capital,Tierra,No existe,I,Dentro,Urbana,Ninguna,No existe,Intersección,Con baches,Reducida,Diurna,Otro,Lateral,S/D,Colisión,Ninguna,Faltante,Ninguna,Sin restricción
2018,3372,2018-03-02,Viernes,0,02:40:00,,0.0,2,"Automóvil,Pickup/Utilitario",Av Gral Paz 9800,3,3,0,0,0,0,0,"-31.608222222222,-60.677194444444",Calle,,SANTA FE,La Capital,Ripio,No existe,I,S/D,Urbana,S/D,No existe,Recta,Otro,S/D,Nocturna,S/D,S/D,S/D,Colisión,Otro,Faltante,S/D,S/D
2018,3373,2018-03-05,Lunes,0,01:20:00,,0.0,2,"Moto/Ciclomotor,Automóvil",Rivadavia Y Matheu,3,2,0,0,1,0,0,"-31.594083333333,-60.688777777778",Calle,,SANTA FE,La Capital,S/D,No existe,I,S/D,Urbana,Otra Señal,No existe,Intersección,Otro,Reducida,"Nocturna,Con luz artificial",Otro,Otro,S/D,Colisión,Otro,Faltante,Ninguna,Sin restricción
2018,3374,2018-03-05,Lunes,0,22:00:00,,0.0,2,"Moto/Ciclomotor,Automóvil",Las Heras Y Larrea,2,1,0,0,0,0,1,"-31.596694444444,-60.685833333333",Calle,,SANTA FE,La Capital,S/D,No existe,I,S/D,Urbana,Ninguna,No existe,Intersección,Otro,Reducida,Diurna,Otro,Otro,S/D,Colisión,Otro,Faltante,Ninguna,Sin restricción
2018,3375,2018-03-07,Miercoles,0,07:30:00,,0.0,2,"Moto/Ciclomotor,Automóvil",French Y Av Gral Lopez,2,2,0,0,0,0,0,"-31.596472222222,-60.673083333333",Calle,,SANTA FE,La Capital,S/D,No existe,I,S/D,Urbana,Otra Señal,No existe,Intersección,Otro,Reducida,Diurna,Otro,Otro,S/D,Colisión,Otro,Faltante,Ninguna,Sin restricción
2018,3376,2018-03-09,Viernes,0,06:40:00,,0.0,2,"Moto/Ciclomotor,Automóvil",Av Gral Paz Y French,4,0,0,0,0,0,4,"-31.596472222222,-60.673083333333",Calle,,SANTA FE,La Capital,S/D,No existe,I,S/D,Urbana,Otra Señal,No existe,Intersección,Otro,Reducida p/ objetos,Amanecer,Otro,Otro,S/D,Colisión,Otro,Faltante,Ninguna,Sin restricción
2018,3377,2018-03-09,Viernes,0,21:10:00,,0.0,2,"Moto/Ciclomotor,Automóvil",Av Galicia Y Alberdi,2,1,0,0,0,0,1,"-31.607111111111,-60.68325",Calle,,SANTA FE,La Capital,S/D,No existe,I,S/D,Urbana,Otra Señal,S/D,Intersección,Otro,Reducida,Nocturna,Otro,Otro,S/D,Colisión,Otro,S/D,Ninguna,Sin restricción
2018,3378,2018-03-09,Viernes,0,17:45:00,,0.0,2,"Automóvil,Moto/Ciclomotor",Republica de Siria Y Larrea,2,2,0,0,0,0,0,"-31.596222222222,-60.687944444444",Calle,,SANTA FE,La Capital,S/D,No existe,I,S/D,Urbana,Ninguna,No existe,Intersección,Otro,Buena,Atardecer,Otro,Otro,S/D,Colisión,Otro,Faltante,S/D,Sin restricción
2018,3379,2018-03-12,Lunes,0,14:40:00,,0.0,2,"Automóvil,Vehículo Oficial",Av Almte Brown 6500,2,0,0,0,0,0,2,"-31.613638888889,-60.669861111111",Calle,,SANTA FE,La Capital,S/D,No existe,I,S/D,Urbana,Policía de tránsito,No existe,Recta,Otro,Reducida,Diurna,Otro,Otro,S/D,Colisión,Otro,Faltante,Ninguna,Sin restricción
2018,3382,2018-01-25,Jueves,0,10:00:00,Ruta Nacional 9,0.0,1,Camión Chasis, ,1,1,0,0,0,0,0,"-31.5907, -61.27746",Ruta,9,SA PEREIRA,Las Colonias,Asfalto,S/D,I,S/D,Rural,S/D,No existe,Curva,S/D,S/D,Diurna,S/D,S/D,S/D,Despiste,S/D,S/D,S/D,S/D
2018,3383,2018-01-29,Lunes,0,23:30:00,Autopista Provincial Brigadier E.López,22.0,2,"Automóvil,Automóvil", ,2,2,0,0,0,0,0,"-32.69806, -60.78695",Autopista,Brigadier E.López,PUERTO SAN MARTÍN,San Lorenzo,Asfalto,Ripio,XVII,S/D,Rural,S/D,No existe,Recta,S/D,S/D,Nocturna,S/D,S/D,S/D,Colisión,S/D,S/D,S/D,S/D
2018,3384,2018-06-29,Viernes,0,00:00:00,,0.0,2,"Moto/Ciclomotor,Automóvil",Av Leandro Alem Y Sargento Cabral,2,1,0,0,1,0,0,"-31.642944444444,-60.687277777778",Avenida,,SANTA FE,La Capital,Asfalto,No existe,I,Dentro,Urbana,S/D,S/D,Intersección,Bueno,Buena,Con luz artificial,Buen Tiempo,S/D,S/D,Colisión,Ninguna,S/D,Ninguna,Sin restricción
2018,3385,2018-06-29,Viernes,0,22:00:00,,0.0,2,"Bicicleta,Automóvil",Av Galicia 1900,2,1,0,0,1,0,0,"-31.606638888889,-60.685972222222",Avenida,,SANTA FE,La Capital,Asfalto,No existe,I,Dentro,Urbana,Ninguna,No existe,Recta,Bueno,Reducida,"Nocturna,Con luz artificial",Otro,S/D,Ciclista,Atropello,Ninguna,Vertical,Cordón divisorio,Sin restricción
2018,3387,2018-06-30,Sabado,0,20:05:00,,0.0,2,"Moto/Ciclomotor,Automóvil",Av Gral Paz Y R Godoy,3,2,0,0,1,0,0,"-31.61825,-60.6845",Avenida,,SANTA FE,La Capital,Asfalto,No existe,I,Dentro,Urbana,Ninguna,No existe,Intersección,Bueno,Reducida,"Nocturna,Con luz artificial",Otro,Lateral,S/D,Colisión,Ninguna,Vertical,Ninguna,Sin restricción
2018,3388,2018-01-31,Miercoles,0,10:20:00,Autopista Nacional Gral. Juan Jose Valle,245.0,2,"Moto/Ciclomotor,Pickup/Utilitario", ,2,1,0,0,1,0,0,"-33.27764, -60.39168",Autopista,Gral. Juan José Valle,VILLA CONSTITUCIÓN,Constitución,Asfalto,S/D,VI,S/D,Rural,S/D,No existe,Recta,S/D,S/D,Diurna,S/D,S/D,S/D,Colisión,S/D,S/D,S/D,S/D
2018,3389,2018-06-30,Sabado,0,19:00:00,,0.0,2,"Moto/Ciclomotor,Pickup/Utilitario",Mitre Y Carcamo,2,1,0,0,1,0,0,"-33.11267, -61.70599",Calle,,SAN JOSÉDE LA ESQUINA,Caseros,Hormigón,No existe,IV,Dentro,Urbana,Ninguna,No existe,Intersección,Bueno,Buena,"Nocturna,Con luz artificial",Buen Tiempo,De alcance,S/D,Colisión,Ninguna,"Horizontal,Vertical",Ninguna,Sin restricción
2018,3390,2018-06-08,Viernes,0,15:30:00,,0.0,2,"Automóvil,Moto/Ciclomotor",Dr Pio Pandolfo Y Cogorno,2,1,0,0,1,0,0,"-31.574833333333,-60.727694444444",Calle,,SANTA FE,La Capital,Hormigón,No existe,I,S/D,Urbana,Ninguna,No existe,Intersección,Con baches,Buena,Diurna,Buen Tiempo,Lateral,S/D,Colisión,Material Suelto,Faltante,Ninguna,Sin restricción
2018,3391,2018-01-01,Lunes,1,,,0.0,2,"Automóvil,Moto/Ciclomotor",Italia Y Sarmiento,3,2,0,0,1,0,0,"-31.978503135309, -60.917186595114",Calle,,CORONDA,San Jerónimo,S/D,S/D,XV,S/D,Urbana,S/D,S/D,S/D,S/D,S/D,S/D,S/D,Lateral,S/D,Colisión,S/D,S/D,S/D,S/D
2018,3392,2018-06-24,Domingo,0,19:30:00,,0.0,1,Moto/Ciclomotor,Cafferata Y Piedrabuena,2,1,0,0,1,0,0,"-31.577055555556,-60.734",Calle,,SANTA FE,La Capital,Asfalto,No existe,I,S/D,Urbana,Ninguna,No existe,Intersección,Con baches,Buena,Atardecer,Buen Tiempo,De alcance,S/D,Colisión,Material Suelto,Faltante,Ninguna,Sin restricción
2018,3393,2018-01-02,Martes,0,,,0.0,2,"Automóvil,Moto/Ciclomotor",AVENIDA SANTA FE Y PADRE BOSSIO,4,2,0,0,2,0,0,"-29.68843, -60.25108",Calle,,MARGARITA,Vera,S/D,S/D,XIX,S/D,Urbana,S/D,S/D,S/D,S/D,S/D,S/D,S/D,S/D,S/D,Colisión,S/D,S/D,S/D,S/D
2018,3394,2018-06-02,Sabado,0,18:00:00,,0.0,2,"Moto/Ciclomotor,Automóvil",Zavalia 800,3,2,0,0,1,0,0,"-31.664166666667,-60.7215",Calle,,SANTA FE,La Capital,Asfalto,Pavimento,I,Dentro,Urbana,Ninguna,No existe,Recta,Bueno,Buena,Atardecer,Buen Tiempo,S/D,S/D,Colisión,Ninguna,Faltante,Ninguna,Sin restricción
2018,3395,2018-06-09,Sabado,0,23:00:00,,0.0,2,"Moto/Ciclomotor,Pickup/Utilitario",Saavedra Y J J Paso,2,1,0,0,1,0,0,"-31.661833333333,-60.720666666667",Avenida,,SANTA FE,La Capital,Asfalto,Pavimento,I,S/D,Urbana,Ninguna,No existe,Cruce,Bueno,Reducida,Nocturna,Buen Tiempo,Lateral,S/D,Colisión,Ninguna,Faltante,Cordón divisorio,Sin restricción
2018,3396,2018-01-02,Martes,0,14:40:00,,0.0,2,"Moto/Ciclomotor,Automóvil",Bv. Oro?o Y Av. Dante Alighieri,2,0,0,1,1,0,0,"-32.961638888889,-60.657805555556",Calle,,ROSARIO,Rosario,S/D,S/D,II,S/D,Urbana,S/D,S/D,S/D,S/D,S/D,S/D,S/D,S/D,S/D,Colisión,S/D,S/D,S/D,S/D
2018,3397,2018-06-16,Sabado,0,13:30:00,,0.0,1,Moto/Ciclomotor,Sebastian Gaboto Y Boneo,2,1,0,0,1,0,0,"-31.59975,-60.716222222222",Calle,,SANTA FE,La Capital,Asfalto,No existe,I,S/D,Urbana,Ninguna,No existe,Intersección,Bueno,Buena,Diurna,Buen Tiempo,Lateral,S/D,Colisión,Ninguna,Horizontal,Ninguna,Sin restricción
2018,3398,2018-01-17,Miercoles,0,,,0.0,1,Moto/Ciclomotor,Primera Junta 4300,1,0,1,0,0,0,0,"-31.64228, -60.7289",Calle,,SANTA FE,La Capital,Asfalto,No existe,I,S/D,Urbana,S/D,S/D,Recta,S/D,S/D,Diurna,S/D,S/D,S/D,Caída ocupante,S/D,S/D,S/D,S/D
2018,3399,2018-06-23,Sabado,1,,,0.0,1,Moto/Ciclomotor, ,2,2,0,0,0,0,0,"-31.61066, -60.69729",S/D,,SANTA FE,La Capital,S/D,S/D,I,S/D,S/D,S/D,S/D,S/D,S/D,S/D,S/D,S/D,S/D,S/D,S/D,S/D,S/D,S/D,S/D
2018,3400,2018-01-03,Miercoles,0,,,0.0,1,Taxi/Remis, ,4,4,0,0,0,0,0,"-32.661756,-61.088429",S/D,,SALTO GRANDE,Iriondo,S/D,S/D,X,S/D,S/D,S/D,S/D,S/D,S/D,S/D,S/D,S/D,S/D,S/D,Vuelco,S/D,S/D,S/D,S/D
2018,3401,2018-06-20,Miercoles,0,21:50:00,,0.0,2,"Moto/Ciclomotor,Pickup/Utilitario",Av Freyre Y Salta,3,2,0,0,1,0,0,"-31.647944444444,-60.719333333333",Calle,,SANTA FE,La Capital,Asfalto,No existe,I,S/D,Urbana,Ninguna,Funciona,Recta,Bueno,Buena,Nocturna,Buen Tiempo,Otro,S/D,Colisión,Ninguna,S/D,Ninguna,Sin restricción
2018,3402,2018-01-17,Miercoles,0,,,0.0,2,"Automóvil,Automóvil", ,3,1,0,0,2,0,0,"-33.74687, -61.96906",S/D,,VENADO TUERTO,General López,S/D,S/D,VIII,S/D,S/D,S/D,S/D,S/D,S/D,S/D,S/D,S/D,S/D,S/D,Colisión,S/D,S/D,S/D,S/D
2018,3403,2018-01-03,Miercoles,0,,,0.0,2,"Automóvil,Moto/Ciclomotor", ,3,2,0,0,1,0,0,"-31.447003,-60.926639",S/D,,ESPERANZA,Las Colonias,S/D,S/D,XI,S/D,S/D,S/D,S/D,S/D,S/D,S/D,S/D,S/D,S/D,S/D,Colisión,S/D,S/D,S/D,S/D
2018,3404,2018-06-29,Viernes,0,,,0.0,2,"Automóvil,Otros",Estrada Y Don Guanella,2,2,0,0,0,0,0,"-31.595833333333,-60.7165",Calle,,SANTA FE,La Capital,Hormigón,No existe,I,S/D,Urbana,Ninguna,No existe,Intersección,Bueno,Buena,Diurna,Buen Tiempo,Lateral,S/D,Colisión,Ninguna,Faltante,Ninguna,Sin restricción
2018,3405,2018-01-04,Jueves,0,11:45:00,,0.0,2,"Automóvil,Moto/Ciclomotor", ,3,2,0,0,1,0,0,"-32.788344,-60.731313",S/D,,FRAY LUIS BELTRÁN,San Lorenzo,S/D,S/D,XVII,S/D,S/D,S/D,S/D,S/D,S/D,S/D,S/D,S/D,S/D,S/D,Colisión,S/D,S/D,S/D,S/D
2018,3406,2018-01-17,Miercoles,0,,,0.0,2,"Otros,Automóvil", ,2,1,0,0,1,0,0,"-31.44858, -60.93159",S/D,,ESPERANZA,Las Colonias,S/D,S/D,XI,S/D,S/D,S/D,S/D,S/D,S/D,S/D,S/D,S/D,S/D,S/D,S/D,S/D,S/D,S/D,S/D