anio_acci,nro_acci,fecha,desc_dia,fecha_aprox,hora_aprox,desc_ruta,km,cant_participantes,desc_participante,calle_avenida_km,total,heridos_leves,heridos_graves,heridos_gravisimos,ilesos,fallecidos,sin_datos,posicion_XY,desc_tipo_via,desc_ruta_ori,desc_loc,desc_dpto,desc_tipo_calzada,desc_tipo_banquina,desc_unidad_regional,desc_lugar_calzada,desc_zona,desc_prioridad,desc_estado_semaforo,desc_lugar_via,desc_estado_via,desc_estado_visibilidad,desc_luminosidad,desc_estado_clima,desc_tipo_colision,desc_tipo_atropello,desc_tipo_hecho,desc_pres_calzada,desc_senializacion,desc_separacion_via,desc_restriccion
2018,3407,2018-06-26,Martes,0,19:55:00,,0.0,2,"Pickup/Utilitario,Moto/Ciclomotor",Av Pe?aloza Y Pedro de Vega,3,0,0,0,2,0,1,"-31.607194444444,-60.713222222222",Avenida,,SANTA FE,La Capital,Hormigón,No existe,I,S/D,Urbana,Otra Señal,No existe,Intersección,Bueno,Buena,"Nocturna,Con luz artificial",Buen Tiempo,Lateral,S/D,Colisión,Ninguna,Horizontal,Cordón divisorio,Sin restricción
2018,3408,2018-01-05,Viernes,0,,,0.0,2,"Bicicleta,Camión", ,2,1,0,0,1,0,0,"-33.046791,-61.177429",S/D,,CASILDA,Caseros,S/D,S/D,IV,S/D,S/D,S/D,S/D,S/D,S/D,S/D,S/D,S/D,S/D,Ciclista,Atropello,S/D,S/D,S/D,S/D
2018,3409,2018-06-20,Miercoles,0,18:30:00,,0.0,2,"Automóvil,Automóvil",Lamadrid Y Vera,6,1,0,0,5,0,0,"-31.639333333333,-60.726527777778",Calle,,SANTA FE,La Capital,Asfalto,No existe,I,S/D,Urbana,Ninguna,Funciona,Recta,Bueno,Buena,Atardecer,Buen Tiempo,Otro,S/D,Colisión,Ninguna,S/D,Ninguna,Sin restricción
2018,3410,2018-01-05,Viernes,0,,,0.0,2,"Bicicleta,Automóvil", ,2,1,0,0,1,0,0,"-33.046791,-61.177429",S/D,,CASILDA,Caseros,S/D,S/D,IV,S/D,S/D,S/D,S/D,S/D,S/D,S/D,S/D,S/D,S/D,Ciclista,Atropello,S/D,S/D,S/D,S/D
2018,3411,2018-01-17,Miercoles,0,,Ruta Nacional 11,422.4,2,"Moto/Ciclomotor,Automóvil",Jose de San Martin Y Av L de la Torre-Ruta Nac 11,2,1,0,0,1,0,0,"-31.973,-60.92675",Ruta,11,CORONDA,San Jerónimo,Asfalto,S/D,XV,S/D,Urbana,S/D,S/D,Intersección,S/D,S/D,S/D,S/D,Lateral,S/D,Colisión,S/D,S/D,S/D,S/D
2018,3412,2018-06-19,Martes,0,20:55:00,,0.0,2,"Automóvil,Moto/Ciclomotor",Av Freyre Y Hipolito Yrigoyen,4,2,0,0,2,0,0,"-31.640166666667,-60.71675",Calle,,SANTA FE,La Capital,Asfalto,No existe,I,S/D,Urbana,Ninguna,Funciona,Recta,Bueno,Buena,Nocturna,Buen Tiempo,Otro,S/D,Colisión,Ninguna,S/D,Ninguna,Sin restricción
2018,3413,2018-01-17,Miercoles,0,,,0.0,1,Moto/Ciclomotor, ,1,1,0,0,0,0,0,"-29.45873, -60.21415",S/D,,VERA,Vera,S/D,S/D,XIX,S/D,S/D,S/D,S/D,S/D,S/D,S/D,S/D,S/D,Atropello animal,S/D,Colisión,S/D,S/D,S/D,S/D
2018,3414,2018-01-05,Viernes,0,,,0.0,2,"Moto/Ciclomotor,Automóvil", ,2,1,0,0,1,0,0,"-33.046791,-61.177429",S/D,,CASILDA,Caseros,S/D,S/D,IV,S/D,S/D,S/D,S/D,S/D,S/D,S/D,S/D,S/D,S/D,S/D,Colisión,S/D,S/D,S/D,S/D
2018,3415,2018-06-20,Miercoles,0,16:30:00,,0.0,2,"Pickup/Utilitario,Moto/Ciclomotor",J Castelli Y Casta?aduy,3,2,0,0,1,0,0,"-31.599861111111,-60.725944444444",Calle,,SANTA FE,La Capital,Asfalto,No existe,I,Dentro,Urbana,Ninguna,No existe,Intersección,"Con baches,Deteriorada",Buena,Diurna,Buen Tiempo,Lateral,S/D,Colisión,S/D,Faltante,Ninguna,Sin restricción
2018,3416,2018-01-03,Miercoles,0,09:30:00,Ruta Nacional 34,258.0,2,"Automóvil,Automóvil", ,2,0,1,0,0,1,0,"-30.9604,-61.53086",Ruta,34,SUNCHALES,Castellanos,Asfalto,Pavimento,V,S/D,Rural,Ninguna,No existe,Recta,Bueno,S/D,Diurna,S/D,Frontal,S/D,Colisión,Ninguna,Faltante,"Línea divisoria pintada,S/D",Sin restricción
2018,3417,2018-01-19,Viernes,0,08:25:00,,0.0,2,"Pickup/Utilitario,Moto/Ciclomotor",Bv. Avellaneda Y G.Carrasco,2,1,0,0,1,0,0,"-32.919888888889,-60.674444444444",Avenida,,ROSARIO,Rosario,Asfalto,S/D,II,S/D,Urbana,S/D,S/D,Intersección,S/D,S/D,Diurna,S/D,Lateral,S/D,Colisión,S/D,S/D,S/D,S/D
2018,3418,2018-06-11,Lunes,0,19:30:00,,0.0,2,"Automóvil,Moto/Ciclomotor",Estanislao Zeballos Y Sebastian Gaboto,2,1,0,0,0,0,1,"-31.600694444444,-60.7165",Calle,,SANTA FE,La Capital,Asfalto,No existe,I,S/D,Urbana,Ninguna,No existe,Recta,Bueno,Buena,Atardecer,Buen Tiempo,Otro,S/D,Colisión,Ninguna,Faltante,Cordón divisorio,Sin restricción
2018,3419,2018-06-13,Miercoles,0,19:35:00,,0.0,2,"Automóvil,Moto/Ciclomotor",Vera Y San Juan,2,1,0,0,1,0,0,"-31.640638888889,-60.720055555556",Calle,,SANTA FE,La Capital,Asfalto,No existe,I,S/D,Urbana,Ninguna,Funciona,Recta,Bueno,Buena,Atardecer,Buen Tiempo,Otro,S/D,Colisión,Ninguna,Faltante,Ninguna,Sin restricción
2018,3420,2018-01-05,Viernes,0,,,0.0,2,"Automóvil,Moto/Ciclomotor",Bv Italia Y Bv Pte Peron,2,1,0,0,1,0,0,"-31.893583526046, -61.846873173836",Calle,,SAN JORGE,San Martín,S/D,S/D,XVIII,S/D,Urbana,S/D,S/D,S/D,S/D,S/D,S/D,S/D,S/D,S/D,Colisión,S/D,S/D,S/D,S/D
2018,3421,2018-01-20,Sabado,0,,Ruta Provincial 23,0.5,2,"Moto/Ciclomotor,Moto/Ciclomotor",Ruta Prov Nro 23 ,3,3,0,0,0,0,0,"-30.57241, -61.96126",Ruta,23,SUARDI,San Cristóbal,Asfalto,S/D,XIII,S/D,Rural,S/D,No existe,Recta,S/D,S/D,S/D,S/D,De alcance,S/D,Colisión,S/D,S/D,S/D,S/D
2018,3422,2018-06-10,Domingo,0,19:40:00,,0.0,2,"Automóvil,Moto/Ciclomotor",Mendoza Y Saavedra,3,2,0,0,1,0,0,"-31.646833333333,-60.716166666667",Calle,,SANTA FE,La Capital,Asfalto,No existe,I,S/D,Urbana,Ninguna,Funciona,Recta,Bueno,Buena,Atardecer,Buen Tiempo,Otro,S/D,"Colisión,Otro",Ninguna,S/D,Ninguna,Sin restricción
2018,3423,2018-06-02,Sabado,0,18:55:00,,0.0,3,"Automóvil,Moto/Ciclomotor,Moto/Ciclomotor",Estanislao Zeballos Y Sebastian Gaboto,3,1,0,0,0,1,1,"-31.60072,-60.71647",Calle,,SANTA FE,La Capital,Asfalto,Natural,I,S/D,Urbana,Ninguna,S/D,Recta,Bueno,Buena,Atardecer,Buen Tiempo,Múltiple,S/D,Colisión,Ninguna,Faltante,Cordón divisorio,Sin restricción
2018,3424,2018-01-05,Viernes,0,,,0.0,2,"Moto/Ciclomotor,Moto/Ciclomotor",Colon Y Lavalle,2,1,0,0,0,0,1,"-31.889202324659, -61.862534191939",Calle,,SAN JORGE,San Martín,S/D,S/D,XVIII,S/D,Urbana,S/D,S/D,S/D,S/D,S/D,S/D,S/D,S/D,S/D,Colisión,S/D,S/D,S/D,S/D
2018,3425,2018-01-20,Sabado,0,,,0.0,2,"Automóvil,Moto/Ciclomotor", ,3,1,0,0,2,0,0,"-32.19788, -61.70539",S/D,,EL TRÉBOL,San Martín,S/D,S/D,XVIII,S/D,S/D,S/D,S/D,S/D,S/D,S/D,S/D,S/D,S/D,S/D,Colisión,S/D,S/D,S/D,S/D
2018,3426,2018-01-05,Viernes,0,,,0.0,2,"Moto/Ciclomotor,Automóvil",Av A del Valle Y Padre Genesio,2,1,0,0,1,0,0,"-31.600277777778,-60.691722222222",S/D,,SANTA FE,La Capital,S/D,S/D,I,S/D,S/D,S/D,S/D,S/D,S/D,S/D,S/D,S/D,S/D,S/D,Colisión,S/D,S/D,S/D,S/D
2018,3427,2018-06-06,Miercoles,0,22:05:00,,0.0,2,"Automóvil,Moto/Ciclomotor",Lamadrid Y Tucuman,3,2,0,0,1,0,0,"-31.641666666667,-60.727277777778",Calle,,SANTA FE,La Capital,Asfalto,No existe,I,S/D,Urbana,Ninguna,Funciona,Recta,Bueno,Buena,Nocturna,Buen Tiempo,Otro,S/D,Otro,Ninguna,Faltante,Ninguna,Sin restricción
2018,3428,2018-01-06,Sabado,0,,,0.0,2,"Moto/Ciclomotor,Taxi/Remis",Barra ,2,0,1,0,1,0,0,"-32.95556,-60.70620",Calle,,ROSARIO,Rosario,S/D,S/D,II,S/D,Urbana,S/D,S/D,S/D,S/D,S/D,S/D,S/D,S/D,S/D,Colisión,S/D,S/D,S/D,S/D
2018,3429,2018-06-01,Viernes,0,14:30:00,,0.0,2,"Automóvil,Moto/Ciclomotor",Saavedra Y Primera Junta,2,1,0,0,1,0,0,"-31.645638888889,-60.715861111111",Calle,,SANTA FE,La Capital,Asfalto,No existe,I,S/D,Urbana,Ninguna,Funciona,Intersección,Bueno,Buena,Diurna,Otro,Otro,S/D,Colisión,Ninguna,Faltante,Ninguna,Sin restricción
2018,3430,2018-06-05,Martes,0,18:30:00,,0.0,2,"Moto/Ciclomotor,Moto/Ciclomotor",Estrada Y Estanislao Zeballos,2,1,0,0,0,0,1,"-31.600361111111,-60.717833333333",Calle,,SANTA FE,La Capital,Asfalto,No existe,I,S/D,Urbana,Ninguna,No existe,Recta,Bueno,Buena,Atardecer,Buen Tiempo,De alcance,S/D,Colisión,Ninguna,Faltante,Cordón divisorio,Sin restricción
2018,3431,2018-01-20,Sabado,0,21:30:00,Ruta Provincial 40,58.5,1,Moto/Ciclomotor, ,2,2,0,0,0,0,0,"-29.062108386353, -60.470226286329",Ruta,40,FORTÍN OLMOS,Vera,Ripio,S/D,XIX,S/D,Rural,S/D,No existe,Recta,Deteriorada,Reducida,Nocturna,S/D,S/D,S/D,Despiste,Material Suelto,S/D,S/D,S/D
2018,3432,2018-06-02,Sabado,0,15:30:00,,0.0,2,"Automóvil,Moto/Ciclomotor",Primera Junta Y Saavedra,2,1,0,0,1,0,0,"-31.645638888889,-60.715861111111",Calle,,SANTA FE,La Capital,Asfalto,No existe,I,S/D,Urbana,Ninguna,Funciona,Intersección,Bueno,Buena,Diurna,Buen Tiempo,Otro,S/D,Colisión,Ninguna,Faltante,Ninguna,Sin restricción
2018,3433,2018-06-05,Martes,0,14:45:00,,0.0,2,"Moto/Ciclomotor,Camión Chasis",Av Pe?aloza Y Azcuenaga,2,1,0,0,0,0,1,"-31.590083333333,-60.711666666667",Avenida,,SANTA FE,La Capital,Asfalto,No existe,I,S/D,Urbana,Ninguna,No existe,Recta,Bueno,Buena,Diurna,Buen Tiempo,Contra objeto fijo,S/D,Colisión,Ninguna,Faltante,Cordón divisorio,Obra en Construcción
2018,3434,2018-06-08,Viernes,0,06:10:00,,0.0,2,"Taxi/Remis,Moto/Ciclomotor",Salta Y Av Freyre,2,1,0,0,1,0,0,"-31.647944444444,-60.719333333333",Calle,,SANTA FE,La Capital,Asfalto,No existe,I,S/D,Urbana,Ninguna,Funciona,Recta,Bueno,Buena,Amanecer,Buen Tiempo,Otro,S/D,Colisión,Ninguna,S/D,Ninguna,Sin restricción
2018,3435,2018-06-11,Lunes,0,08:40:00,,0.0,2,"Automóvil,Moto/Ciclomotor",Francia Y Junin,3,2,0,0,1,0,0,"-31.637138888889,-60.712166666667",Calle,,SANTA FE,La Capital,Asfalto,No existe,I,S/D,Urbana,Ninguna,Funciona,Recta,Bueno,Buena,Diurna,Buen Tiempo,Otro,S/D,Colisión,Ninguna,S/D,Ninguna,Sin restricción
2018,3436,2018-06-05,Martes,0,06:30:00,,0.0,1,Moto/Ciclomotor,Av Blas Parera Y French,1,1,0,0,0,0,0,"-31.585805555556,-60.725638888889",Avenida,,SANTA FE,La Capital,Asfalto,S/D,I,S/D,Urbana,Ninguna,S/D,Recta,Bueno,S/D,S/D,Buen Tiempo,Otro,S/D,Colisión,S/D,Horizontal,Cordón divisorio,Sin restricción
2018,3437,2018-04-07,Sabado,0,03:45:00,,0.0,1,Automóvil,JUAN PABLO II ,1,1,0,0,0,0,0,"-32.901969239969, -60.722572964221",Calle,,ROSARIO,Rosario,Asfalto,No existe,II,Dentro,Urbana,S/D,No existe,Recta,Bueno,Buena,Nocturna,Buen Tiempo,S/D,S/D,Despiste,Ninguna,S/D,Ninguna,S/D
2018,3438,2018-04-16,Lunes,0,10:20:00,,0.0,2,"Automóvil,Moto/Ciclomotor", ,2,1,0,0,1,0,0,"-32.947986,-60.651543",Calle,,ROSARIO,Rosario,Asfalto,S/D,II,Dentro,Urbana,Ninguna,S/D,S/D,Bueno,Buena,Diurna,Buen Tiempo,S/D,S/D,Colisión,S/D,S/D,S/D,S/D
2018,3439,2018-03-08,Jueves,0,20:30:00,,0.0,2,"Moto/Ciclomotor,Automóvil",Francia Y Santiago del Estero,2,1,0,0,1,0,0,"-31.636088089537, -60.711916239400",Calle,,SANTA FE,La Capital,Asfalto,No existe,I,Dentro,Urbana,Ninguna,No existe,Intersección,Bueno,Buena,Nocturna,Buen Tiempo,Otro,S/D,Colisión,Ninguna,Horizontal,Ninguna,Sin restricción
2018,3440,2018-03-05,Lunes,0,09:30:00,,0.0,2,"Automóvil,Automóvil",Francia Y La Rioja,3,2,0,0,1,0,0,"-31.643847786873, -60.713983783299",Calle,,SANTA FE,La Capital,Asfalto,No existe,I,Dentro,Urbana,Ninguna,No existe,Intersección,Bueno,Buena,Diurna,Buen Tiempo,Otro,S/D,Colisión,Ninguna,Faltante,Ninguna,Sin restricción
2018,3441,2018-04-02,Lunes,0,10:45:00,,0.0,2,"Moto/Ciclomotor,Automóvil",Gazcon Y Grandoli,3,1,0,0,2,0,0,"-32.886933176170, -60.727317838670",Calle,,ROSARIO,Rosario,Asfalto,S/D,II,Dentro,Urbana,S/D,S/D,Recta,Bueno,Buena,Diurna,Buen Tiempo,Frontal,S/D,Colisión,Ninguna,S/D,S/D,S/D
2018,3442,2018-03-05,Lunes,0,19:25:00,,0.0,2,"Automóvil,Moto/Ciclomotor",La Rioja Y Saavedra,2,1,0,0,1,0,0,"-31.643531352865, -60.715252028911",Calle,,SANTA FE,La Capital,Asfalto,No existe,I,Dentro,Urbana,Ninguna,No existe,Intersección,Otro,Buena,Nocturna,Buen Tiempo,Otro,S/D,Colisión,Ninguna,Faltante,Ninguna,Sin restricción
2018,3443,2018-03-05,Lunes,0,22:20:00,,0.0,2,"Pickup/Utilitario,Bicicleta",Av Freyre Y Mendoza,2,1,0,0,1,0,0,"-31.646195724924, -60.718659929665",Avenida,,SANTA FE,La Capital,Asfalto,No existe,I,Dentro,Urbana,Ninguna,Funciona,Intersección,Otro,Buena,Nocturna,Buen Tiempo,S/D,Ciclista,Atropello,Ninguna,Vertical,Ninguna,Sin restricción
2018,3444,2018-03-06,Martes,0,02:35:00,,0.0,2,"Moto/Ciclomotor,Pickup/Utilitario",La Rioja ,3,2,0,0,1,0,0,"-31.643214,-60.716603",Calle,,SANTA FE,La Capital,Asfalto,No existe,I,Dentro,Urbana,Ninguna,No existe,Intersección,Bueno,Buena,Amanecer,Buen Tiempo,Otro,S/D,Colisión,Ninguna,Faltante,Ninguna,Sin restricción
2018,3445,2018-03-09,Viernes,0,07:40:00,,0.0,2,"Automóvil,Peatón",Mendoza Y Dr Zavalla,2,1,0,0,1,0,0,"-31.645793660198, -60.720063650184",Calle,,SANTA FE,La Capital,Asfalto,No existe,I,Dentro,Urbana,Ninguna,No existe,Intersección,Bueno,Buena,Diurna,Buen Tiempo,S/D,Peatón,Atropello,Ninguna,Faltante,Ninguna,Sin restricción
2018,3446,2018-03-15,Jueves,0,19:40:00,,0.0,2,"Moto/Ciclomotor,Bicicleta",Entre Rios Y Baldaccini,2,2,0,0,0,0,0,"-31.516860, -60.676351",Calle,,MONTE VERA,La Capital,Hormigón,No existe,I,Dentro,Urbana,Ninguna,No existe,Recta,Bueno,Buena,Atardecer,Buen Tiempo,S/D,Ciclista,Atropello,Ninguna,Faltante,Ninguna,Sin restricción
2018,3447,2018-03-10,Sabado,0,15:45:00,,0.0,2,"Moto/Ciclomotor,Automóvil",Primera Junta Y Av Urquiza,3,2,0,0,1,0,0,"-31.646316757613, -60.713285268753",Avenida,,SANTA FE,La Capital,Asfalto,No existe,I,Dentro,Urbana,Ninguna,Funciona,Intersección,Bueno,Buena,Atardecer,Buen Tiempo,Otro,S/D,Colisión,Ninguna,"Horizontal,Vertical",Ninguna,Sin restricción
2018,3448,2018-04-03,Martes,0,07:00:00,Ruta Secundaria 34-s,0.0,2,"Automóvil,Moto/Ciclomotor", ,2,0,1,0,1,0,0,"-32.893415403477, -60.801010961255",Ruta,34-s,ROSARIO,Rosario,Asfalto,No existe,II,S/D,Rural,Ninguna,No existe,Recta,Bueno,Reducida,"Amanecer,Con luz artificial",Buen Tiempo,Lateral,S/D,Colisión,Ninguna,Faltante,Ninguna,Sin restricción
2018,3449,2018-03-21,Miercoles,0,16:45:00,Ruta Provincial 5,0.0,2,"Moto/Ciclomotor,Automóvil", ,5,2,0,0,3,0,0,"-31.539484, -60.689014",Ruta,5,MONTE VERA,La Capital,Hormigón,Natural,I,Dentro,Rural,Ninguna,No existe,Cruce,Deteriorada,Buena,Diurna,Buen Tiempo,De alcance,S/D,Colisión,Ninguna,Faltante,Ninguna,Sin restricción
2018,3450,2018-03-12,Lunes,0,09:00:00,,0.0,2,"Pickup/Utilitario,Moto/Ciclomotor",Tucuman Y Av Urquiza,2,1,0,0,1,0,0,"-31.645200958662, -60.712952674835",Avenida,,SANTA FE,La Capital,Asfalto,No existe,I,Dentro,Urbana,Ninguna,Funciona,Intersección,Bueno,Buena,Diurna,Buen Tiempo,Otro,S/D,Colisión,Ninguna,"Horizontal,Vertical",Ninguna,Sin restricción
2018,3451,2018-03-11,Domingo,0,16:35:00,Ruta Provincial 5,30.0,2,"Moto/Ciclomotor,Pickup/Utilitario", ,2,1,0,0,1,0,0,"-31.539595, -60.688469",Ruta,5,SANTA FE,La Capital,Hormigón,Natural,I,Dentro,Rural,Ninguna,No existe,Cruce,Bueno,Buena,Diurna,Buen Tiempo,Lateral,S/D,Colisión,Ninguna,Faltante,Ninguna,Sin restricción
2018,3452,2018-03-12,Lunes,0,17:00:00,,0.0,2,"Automóvil,Moto/Ciclomotor",Bv Pellegrini 3300,3,2,0,0,1,0,0,"-31.633487346641, -60.713087140388",Avenida,,SANTA FE,La Capital,Asfalto,No existe,I,Dentro,Urbana,Ninguna,Funciona,Recta,Bueno,Buena,Atardecer,Buen Tiempo,Otro,S/D,Colisión,Ninguna,Vertical,Ninguna,Sin restricción
2018,3453,2018-03-21,Miercoles,0,21:00:00,Ruta Provincial 2,0.0,2,"Automóvil,Moto/Ciclomotor", ,3,1,0,0,2,0,0,"-31.554283, -60.686255",Ruta,2,ÁNGEL GALLARDO,La Capital,Hormigón,Natural,I,Dentro,Rural,Ninguna,No existe,Cruce,Bueno,Buena,"Nocturna,Con luz artificial",Buen Tiempo,Lateral,S/D,Colisión,Ninguna,S/D,Ninguna,Sin restricción
2018,3454,2018-03-15,Jueves,0,23:10:00,,0.0,2,"Automóvil,Transporte de Pasajeros Urbano (> 8 asientos)",Matheu Y Echague,3,3,0,0,0,0,0,"-31.598388888889,-60.6685",Calle,,SANTA FE,La Capital,Asfalto,No existe,I,S/D,Urbana,Otra Señal,No existe,Intersección,Otro,S/D,"Nocturna,Con luz artificial",Otro,Otro,S/D,Colisión,Otro,Faltante,Ninguna,Sin restricción
2018,3455,2018-03-15,Jueves,0,13:00:00,,0.0,2,"Moto/Ciclomotor,Pickup/Utilitario",Av Freyre Y Mendoza,2,1,0,0,1,0,0,"-31.646163599757, -60.718686714307",Avenida,,SANTA FE,La Capital,Asfalto,No existe,I,S/D,Urbana,Ninguna,Funciona,Intersección,Otro,Buena,Diurna,Buen Tiempo,Otro,S/D,Colisión,Ninguna,Vertical,Ninguna,Sin restricción
2018,3456,2018-03-15,Jueves,0,16:00:00,,0.0,2,"Automóvil,Bicicleta",Bv Pellegrini Y San Lorenzo,2,1,0,0,1,0,0,"-31.633379319741, -60.713832663644",Avenida,,SANTA FE,La Capital,Asfalto,No existe,I,Dentro,Urbana,Ninguna,Funciona,Intersección,Bueno,Buena,Atardecer,Buen Tiempo,S/D,Ciclista,Atropello,Ninguna,Vertical,Ninguna,Sin restricción
2018,3457,2018-03-13,Martes,0,18:20:00,,0.0,2,"Moto/Ciclomotor,Automóvil",Av Galicia Y Guemes,2,1,0,0,1,0,0,"-31.607666666667,-60.680027777778",Calle,,SANTA FE,La Capital,S/D,No existe,I,S/D,Urbana,Ninguna,No existe,Intersección,Otro,Reducida,Atardecer,Otro,Otro,S/D,Colisión,Otro,Faltante,Ninguna,Sin restricción
2018,3458,2018-03-25,Domingo,0,22:00:00,,0.0,2,"Moto/Ciclomotor,Automóvil",Ruta pcial 2 Av San Martin Y Buenos Aires,3,2,0,0,1,0,0,"-31.517506, -60.681271",Avenida,,MONTE VERA,La Capital,Hormigón,Ripio,I,Dentro,Urbana,Otra Señal,No existe,Intersección,Bueno,Buena,"Nocturna,Con luz artificial",Buen Tiempo,Lateral,S/D,Colisión,Ninguna,Vertical,Línea divisoria pintada,Sin restricción
2018,3459,2018-03-18,Domingo,0,20:00:00,,0.0,2,"Moto/Ciclomotor,Automóvil",Av Freyre Y Gdor Crespo,2,1,0,0,1,0,0,"-31.638786653115, -60.716547059167",Avenida,,SANTA FE,La Capital,Asfalto,No existe,I,Dentro,Urbana,Ninguna,No existe,Intersección,Otro,Buena,Nocturna,Buen Tiempo,Otro,S/D,Colisión,Ninguna,Faltante,Ninguna,Sin restricción
2018,3460,2018-03-18,Domingo,0,17:20:00,,0.0,2,"Moto/Ciclomotor,Taxi/Remis",Av Galicia Y Alberdi,3,3,0,0,0,0,0,"-31.607111111111,-60.68325",Calle,,SANTA FE,La Capital,S/D,No existe,I,S/D,Urbana,Otra Señal,No existe,Intersección,Otro,Reducida p/ objetos,Diurna,Otro,Otro,S/D,Otro,Otro,Faltante,Ninguna,Sin restricción
2018,3461,2018-03-19,Lunes,0,18:30:00,,0.0,2,"Moto/Ciclomotor,Bicicleta",Mendoza 3500,2,1,0,0,1,0,0,"-31.646000051663, -60.719407789281",Calle,,SANTA FE,La Capital,Asfalto,No existe,I,Dentro,Urbana,Ninguna,No existe,Recta,Bueno,Buena,Atardecer,Buen Tiempo,S/D,Ciclista,Atropello,Ninguna,Faltante,Ninguna,Sin restricción
2018,3462,2018-03-09,Viernes,0,22:30:00,,0.0,2,"Automóvil,Pickup/Utilitario",Obrero Y Maipu,3,2,0,0,1,0,0,"-31.303092, -60.660342",Calle,,LAGUNA PAIVA,La Capital,Asfalto,No existe,I,Dentro,Urbana,Ninguna,No existe,Intersección,Bueno,Buena,Nocturna,Buen Tiempo,Lateral,S/D,Colisión,Ninguna,Faltante,Ninguna,Sin restricción
2018,3463,2018-03-21,Miercoles,0,01:10:00,,0.0,2,"Automóvil,Moto/Ciclomotor",Bv Pellegrini Y Saavedra,2,1,0,0,1,0,0,"-31.633651161358, -60.712455503514",Avenida,,SANTA FE,La Capital,Asfalto,No existe,I,Dentro,Urbana,Ninguna,Funciona,Intersección,Bueno,Buena,Nocturna,Buen Tiempo,Otro,S/D,Colisión,Ninguna,Vertical,Ninguna,Sin restricción
2018,3464,2018-03-19,Lunes,0,20:30:00,,0.0,2,"Automóvil,Moto/Ciclomotor",Rivadavia Y Larrea,2,1,0,0,1,0,0,"-31.595944444444,-60.689305555556",Calle,,SANTA FE,La Capital,S/D,No existe,I,S/D,Urbana,Ninguna,No existe,Intersección,Otro,Reducida p/ objetos,Atardecer,Otro,Otro,S/D,Colisión,Otro,Faltante,Ninguna,Sin restricción
2018,3465,2018-03-21,Miercoles,0,06:30:00,,0.0,2,"Moto/Ciclomotor,Pickup/Utilitario",Primera Junta Y Alfonso Duran,2,1,0,0,1,0,0,"-31.643650569878, -60.723644801024",Calle,,SANTA FE,La Capital,Asfalto,No existe,I,Dentro,Urbana,Ninguna,No existe,Intersección,Bueno,Buena,Diurna,Buen Tiempo,Otro,S/D,Colisión,Ninguna,Faltante,Ninguna,Sin restricción
2018,3466,2018-03-20,Martes,0,12:00:00,,0.0,2,"Automóvil,Moto/Ciclomotor",Sarmiento Y Padre Genesio,3,3,0,0,0,0,0,"-31.602138888889,-60.682944444444",Calle,,SANTA FE,La Capital,S/D,No existe,I,S/D,Urbana,Ninguna,No existe,Intersección,Otro,Reducida p/ objetos,Diurna,Otro,Otro,S/D,Colisión,Otro,Faltante,Ninguna,Sin restricción
2018,3467,2018-03-21,Miercoles,0,14:30:00,,0.0,2,"Bicicleta,Automóvil",Mendoza Y Av Urquiza,2,1,0,0,1,0,0,"-31.647450388201, -60.713603358124",Avenida,,SANTA FE,La Capital,Asfalto,No existe,I,Dentro,Urbana,Ninguna,Funciona,Intersección,Bueno,Buena,Diurna,Buen Tiempo,S/D,Ciclista,Atropello,Ninguna,"Horizontal,Vertical",Ninguna,Sin restricción
2018,3468,2018-03-21,Miercoles,0,20:00:00,,0.0,2,"Pickup/Utilitario,Moto/Ciclomotor",Lamadrid Y Mendoza,2,1,0,0,1,0,0,"-31.643845499285, -60.728006820534",Calle,,SANTA FE,La Capital,Asfalto,No existe,I,Dentro,Urbana,Ninguna,No existe,Intersección,Bueno,Buena,Nocturna,Buen Tiempo,Otro,S/D,Colisión,Ninguna,Faltante,Ninguna,Sin restricción
2018,3469,2018-03-12,Lunes,0,16:15:00,Ruta Provincial 2,35.0,2,"Automóvil,Moto/Ciclomotor", ,3,2,0,0,1,0,0,"-31.283771, -60.655763",Ruta,2,LAGUNA PAIVA,La Capital,Asfalto,Natural,I,Dentro,Rural,Ninguna,No existe,Recta,Bueno,Buena,Diurna,Buen Tiempo,De alcance,S/D,Colisión,Ninguna,Faltante,Ninguna,Sin restricción
2018,3470,2018-03-22,Jueves,0,09:45:00,,0.0,2,"Moto/Ciclomotor,Automóvil",Candido Pujato Y Av Lopez y Planes,2,1,0,0,1,0,0,"-31.631532616173, -60.713890532039",Avenida,,SANTA FE,La Capital,Asfalto,No existe,I,Dentro,Urbana,Ninguna,No existe,Intersección,Bueno,Buena,Diurna,Buen Tiempo,Otro,S/D,Colisión,Ninguna,Faltante,Ninguna,Sin restricción
2018,3471,2018-03-24,Sabado,0,05:30:00,,0.0,2,"Automóvil,Moto/Ciclomotor",Sarmiento Y Maipu,4,3,0,0,1,0,0,"-31.304159, -60.660407",Calle,,LAGUNA PAIVA,La Capital,Asfalto,No existe,I,Dentro,Urbana,Ninguna,No existe,Intersección,Bueno,Buena,Nocturna,Buen Tiempo,Lateral,S/D,Colisión,Ninguna,Faltante,Ninguna,Sin restricción
2018,3472,2018-03-20,Martes,0,14:00:00,,0.0,2,"Moto/Ciclomotor,Automóvil",Echague Y J Castelli,2,2,0,0,0,0,0,"-31.61125,-60.671972222222",Calle,,SANTA FE,La Capital,S/D,No existe,I,S/D,Urbana,Ninguna,No existe,Intersección,Otro,Reducida,Diurna,Otro,S/D,S/D,Colisión,Otro,Faltante,Ninguna,Sin restricción