anio_acci,nro_acci,fecha,desc_dia,fecha_aprox,hora_aprox,desc_ruta,km,cant_participantes,desc_participante,calle_avenida_km,total,heridos_leves,heridos_graves,heridos_gravisimos,ilesos,fallecidos,sin_datos,posicion_XY,desc_tipo_via,desc_ruta_ori,desc_loc,desc_dpto,desc_tipo_calzada,desc_tipo_banquina,desc_unidad_regional,desc_lugar_calzada,desc_zona,desc_prioridad,desc_estado_semaforo,desc_lugar_via,desc_estado_via,desc_estado_visibilidad,desc_luminosidad,desc_estado_clima,desc_tipo_colision,desc_tipo_atropello,desc_tipo_hecho,desc_pres_calzada,desc_senializacion,desc_separacion_via,desc_restriccion
2018,3473,2018-03-22,Jueves,0,12:05:00,,0.0,2,"Pickup/Utilitario,Moto/Ciclomotor",Francia Y Tucuman,2,1,0,0,1,0,0,"-31.644917844318, -60.714291237238",Calle,,SANTA FE,La Capital,Asfalto,No existe,I,Dentro,Urbana,Ninguna,No existe,Intersección,Bueno,Buena,Diurna,Buen Tiempo,Otro,S/D,Colisión,Ninguna,Faltante,Ninguna,Sin restricción
2018,3474,2018-03-20,Martes,0,21:00:00,,0.0,2,"Camión Chasis,Moto/Ciclomotor",Vieytes Y Necochea,2,2,0,0,0,0,0,"-31.605055555556,-60.684305555556",Calle,,SANTA FE,La Capital,S/D,No existe,I,S/D,Urbana,Ninguna,No existe,Intersección,Otro,Reducida,"Nocturna,Con luz artificial",Otro,Otro,S/D,Colisión,Otro,Faltante,Ninguna,Sin restricción
2018,3475,2018-03-11,Domingo,0,19:30:00,,0.0,2,"Moto/Ciclomotor,Moto/Ciclomotor",Belgrano Y Risso,3,3,0,0,0,0,0,"-31.601916666667,-60.6885",Calle,,SANTA FE,La Capital,S/D,No existe,I,S/D,Urbana,Ninguna,No existe,Intersección,Otro,Reducida,Atardecer,Otro,Otro,S/D,Colisión,Otro,Faltante,Ninguna,Sin restricción
2018,3476,2018-03-28,Miercoles,0,14:00:00,,0.0,2,"Moto/Ciclomotor,Automóvil",Tacuari Y Hernandarias,3,3,0,0,0,0,0,"-31.61125,-60.676472222222",Calle,,SANTA FE,La Capital,S/D,No existe,I,S/D,Urbana,Ninguna,No existe,Intersección,Otro,S/D,Diurna,Otro,Otro,S/D,Colisión,Otro,Faltante,Ninguna,Sin restricción
2018,3477,2018-03-30,Viernes,0,18:00:00,,0.0,2,"Otros,Otros",P Cullen Y Estanislao Zeballos,3,3,0,0,0,0,0,"-31.610083333333,-60.672805555556",Calle,,SANTA FE,La Capital,S/D,No existe,I,S/D,Urbana,Otra Señal,No existe,Otro,Otro,Reducida,Atardecer,Otro,Otro,S/D,Colisión,Otro,Faltante,Ninguna,Sin restricción
2018,3478,2018-03-23,Viernes,0,14:50:00,,0.0,2,"Moto/Ciclomotor,Pickup/Utilitario", ,2,1,0,0,0,0,1,"-31.643214,-60.716603",Calle,,SANTA FE,La Capital,S/D,S/D,I,S/D,Urbana,Ninguna,No existe,Otro,Otro,Reducida,"Diurna,Con luz artificial",Otro,Otro,S/D,Otro,Otro,Faltante,Ninguna,Sin restricción
2018,3479,2018-03-24,Sabado,0,23:10:00,,0.0,2,"Otros,Otros",Las Heras Y Alberti,2,2,0,0,0,0,0,"-31.603083333333,-60.687722222222",Calle,,SANTA FE,La Capital,S/D,No existe,I,S/D,Urbana,Ninguna,No existe,Intersección,Otro,Reducida,Nocturna,Otro,Otro,S/D,Colisión,Otro,Faltante,Ninguna,Sin restricción
2018,3480,2018-03-27,Martes,0,18:00:00,,0.0,2,"Automóvil,Moto/Ciclomotor",Pje Koch Y Mitre,2,2,0,0,0,0,0,"-31.604777777778,-60.681416666667",Calle,,SANTA FE,La Capital,S/D,No existe,I,S/D,Urbana,Ninguna,No existe,Intersección,Otro,Reducida,Atardecer,Otro,Otro,S/D,Colisión,Otro,Faltante,Ninguna,Sin restricción
2018,3481,2018-03-26,Lunes,0,20:30:00,,0.0,2,"Moto/Ciclomotor,Taxi/Remis",Matheu Y Rivadavia,2,2,0,0,0,0,0,"-31.594083333333,-60.688777777778",Calle,,SANTA FE,La Capital,S/D,No existe,I,S/D,Urbana,Ninguna,No existe,Intersección,Otro,Reducida,Atardecer,Otro,Otro,S/D,Colisión,Otro,Faltante,Ninguna,Sin restricción
2018,3482,2018-03-28,Miercoles,0,22:30:00,,0.0,2,"Moto/Ciclomotor,Otros",Av Gral Lopez Y R Godoy,2,1,0,0,0,0,1,"-31.61825,-60.6845",Calle,,SANTA FE,La Capital,Asfalto,No existe,I,S/D,Urbana,Ninguna,No existe,Intersección,Bueno,Buena,"Nocturna,Con luz artificial",Buen Tiempo,Lateral,S/D,Colisión,S/D,S/D,Ninguna,Sin restricción
2018,3483,2018-03-31,Sabado,0,09:40:00,,0.0,2,"Automóvil,Otros",Guemes Y Agustin Delgado,2,0,0,0,0,0,2,"-31.623944444444,-60.684777777778",Calle,,SANTA FE,La Capital,Asfalto,No existe,I,S/D,Urbana,Ninguna,No existe,Intersección,Bueno,Buena,Diurna,Buen Tiempo,S/D,S/D,S/D,Ninguna,S/D,Ninguna,Sin restricción
2018,3484,2018-03-27,Martes,0,18:30:00,,0.0,1,Moto/Ciclomotor,J Castelli 1800,1,1,0,0,0,0,0,"-31.60825,-60.685861111111",Calle,,SANTA FE,La Capital,Asfalto,No existe,I,S/D,Urbana,Ninguna,No existe,Recta,Bueno,S/D,Diurna,Buen Tiempo,Atropello animal,S/D,Colisión,Otro,S/D,Ninguna,Sin restricción
2018,3485,2018-03-18,Domingo,0,19:45:00,,0.0,2,"Moto/Ciclomotor,Automóvil",Av Gral Paz Y Ricardo Aldao,3,2,0,0,1,0,0,"-31.61325,-60.680611111111",Avenida,,SANTA FE,La Capital,Asfalto,No existe,I,S/D,Urbana,Ninguna,No existe,Intersección,Bueno,Buena,Atardecer,Buen Tiempo,Lateral,S/D,Colisión,Ninguna,S/D,Ninguna,Sin restricción
2018,3486,2018-03-28,Miercoles,0,17:30:00,,0.0,2,"Moto/Ciclomotor,Automóvil",Las Heras Y J M Zuviria,2,1,0,0,1,0,0,"-31.6185,-60.69225",Calle,,SANTA FE,La Capital,Asfalto,No existe,I,S/D,Urbana,Ninguna,No existe,Intersección,Bueno,Buena,Diurna,Buen Tiempo,Lateral,S/D,Colisión,Ninguna,S/D,Barrera de hormigón,Sin restricción
2018,3487,2018-03-07,Miercoles,0,08:00:00,,0.0,2,"Moto/Ciclomotor,Automóvil",J P Lopez Y Republica de Siria,2,1,1,0,0,0,0,"-31.608944444444,-60.691694444444",Calle,,SANTA FE,La Capital,Asfalto,No existe,I,S/D,Urbana,Ninguna,No existe,Intersección,Bueno,Buena,Diurna,Buen Tiempo,Lateral,S/D,Colisión,Ninguna,S/D,Ninguna,Sin restricción
2018,3488,2018-03-25,Domingo,0,15:10:00,,0.0,2,"Moto/Ciclomotor,Automóvil",Salvador del Carril 900,3,1,0,0,2,0,0,"-31.621638888889,-60.679416666667",Calle,,SANTA FE,La Capital,Asfalto,No existe,I,S/D,Urbana,Ninguna,No existe,Intersección,Bueno,Buena,Diurna,Buen Tiempo,Lateral,S/D,Colisión,Ninguna,S/D,Ninguna,Accidente Previo
2018,3489,2018-03-01,Jueves,0,17:50:00,,0.0,2,"Automóvil,Moto/Ciclomotor",Dorrego Y Salvador del Carril,2,1,0,0,1,0,0,"-31.621305555556,-60.68175",Avenida,,SANTA FE,La Capital,Asfalto,No existe,I,S/D,Urbana,Ninguna,No existe,Intersección,Bueno,Buena,Diurna,Buen Tiempo,Lateral,S/D,Colisión,Ninguna,S/D,Ninguna,Sin restricción
2018,3490,2018-03-28,Miercoles,0,20:00:00,,0.0,2,"Moto/Ciclomotor,Automóvil",Candioti Y Lavaisse,3,1,0,0,2,0,0,"-31.614388888889,-60.688777777778",Calle,,SANTA FE,La Capital,Asfalto,No existe,I,Dentro,Urbana,Ninguna,No existe,Intersección,Bueno,Buena,"Nocturna,Con luz artificial",Buen Tiempo,Lateral,S/D,Colisión,Ninguna,S/D,Ninguna,Sin restricción
2018,3491,2018-03-21,Miercoles,0,00:40:00,,0.0,2,"Pickup/Utilitario,Moto/Ciclomotor",Av Galicia Y Guemes,3,1,0,0,0,0,2,"-31.607666666667,-60.680027777778",Avenida,,SANTA FE,La Capital,Asfalto,No existe,I,S/D,Urbana,Ninguna,No existe,Intersección,Bueno,Buena,"Nocturna,Con luz artificial",Buen Tiempo,Lateral,S/D,Colisión,Ninguna,S/D,Ninguna,Sin restricción
2018,3492,2018-03-31,Sabado,0,,,0.0,2,"Automóvil,Automóvil",Pje Calcena Y Avellaneda,2,1,0,0,1,0,0,"-31.625361111111,-60.684055555556",Calle,,SANTA FE,La Capital,Asfalto,No existe,I,S/D,Urbana,Ninguna,No existe,Intersección,Bueno,Buena,S/D,Buen Tiempo,Lateral,S/D,Colisión,Ninguna,S/D,Ninguna,Sin restricción
2018,3493,2018-01-21,Domingo,0,,,0.0,2,"Moto/Ciclomotor,Transporte de Pasajeros Urbano (> 8 asientos)",Europa Y Gorriti,4,3,0,0,1,0,0,"-31.585055555556,-60.716111111111",Avenida,,SANTA FE,La Capital,Asfalto,No existe,I,S/D,Urbana,S/D,S/D,Intersección,S/D,S/D,S/D,S/D,Lateral,S/D,Colisión,S/D,S/D,S/D,S/D
2018,3494,2018-06-11,Lunes,0,10:50:00,,0.0,2,"Moto/Ciclomotor,Pickup/Utilitario",Salta Y San Jose,2,2,0,0,0,0,0,"-31.647138888889,-60.723222222222",Calle,,SANTA FE,La Capital,Asfalto,No existe,I,S/D,Urbana,Ninguna,Funciona,Recta,Bueno,Buena,Diurna,Buen Tiempo,Otro,S/D,Colisión,Ninguna,S/D,Ninguna,Sin restricción
2018,3495,2018-01-21,Domingo,0,,,0.0,2,"Moto/Ciclomotor,Automóvil", ,2,1,0,0,1,0,0,"-31.44895, -60.93034",S/D,,ESPERANZA,Las Colonias,S/D,S/D,XI,S/D,S/D,S/D,S/D,S/D,S/D,S/D,S/D,S/D,S/D,S/D,Colisión,S/D,S/D,S/D,S/D
2018,3496,2018-06-09,Sabado,0,12:45:00,,0.0,2,"Moto/Ciclomotor,Moto/Ciclomotor",French Y Aguado,3,3,0,0,0,0,0,"-31.587,-60.715305555556",Calle,,SANTA FE,La Capital,Tierra,S/D,I,S/D,Urbana,S/D,S/D,S/D,Bueno,Buena,Diurna,Buen Tiempo,S/D,S/D,Colisión,Ninguna,S/D,S/D,S/D
2018,3497,2018-06-15,Viernes,0,10:15:00,,0.0,2,"Automóvil,Moto/Ciclomotor",Tucuman Y Saavedra,2,1,0,0,1,0,0,"-31.644583333333,-60.715555555556",Avenida,,SANTA FE,La Capital,Asfalto,No existe,I,S/D,Urbana,Ninguna,Funciona,Recta,Bueno,Buena,Diurna,Buen Tiempo,Otro,S/D,Colisión,Ninguna,Faltante,Ninguna,Sin restricción
2018,3498,2018-06-17,Domingo,0,08:00:00,,0.0,2,"Moto/Ciclomotor,Automóvil",Bv Pellegrini Y Av Urquiza,3,2,0,0,1,0,0,"-31.63425,-60.709888888889",Avenida,,SANTA FE,La Capital,Asfalto,No existe,I,S/D,Urbana,Ninguna,Funciona,Recta,Bueno,Buena,S/D,Buen Tiempo,Otro,S/D,Colisión,Ninguna,S/D,Ninguna,Sin restricción
2018,3499,2018-01-22,Lunes,0,16:00:00,,0.0,2,"Moto/Ciclomotor,Moto/Ciclomotor",Matienzo Y Dr.Maradona,3,2,0,0,1,0,0,"-32.97942, -60.69318",Calle,,ROSARIO,Rosario,S/D,No existe,I,S/D,Urbana,S/D,S/D,Intersección,S/D,S/D,Diurna,S/D,S/D,S/D,Colisión,S/D,S/D,S/D,S/D
2018,3500,2018-06-03,Domingo,0,22:20:00,,0.0,2,"Moto/Ciclomotor,Automóvil",Vieytes Y Ferrocarril GB,2,0,0,0,0,0,2,"-31.596527777778,-60.724944444444",Calle,,SANTA FE,La Capital,Tierra,S/D,I,S/D,Urbana,S/D,S/D,S/D,S/D,Buena,S/D,Buen Tiempo,Lateral,S/D,Colisión,S/D,S/D,S/D,S/D
2018,3501,2018-01-01,Lunes,0,,Ruta Provincial 6,0.0,2,"Moto/Ciclomotor,Moto/Ciclomotor",SOLER Y RUTA PROVINCIAL 6,2,1,0,0,1,0,0,"-31.46644, -60.916",Ruta,6,ESPERANZA,Las Colonias,S/D,S/D,XI,S/D,S/D,S/D,S/D,S/D,S/D,S/D,S/D,S/D,S/D,S/D,Colisión,S/D,S/D,S/D,S/D
2018,3502,2018-06-19,Martes,0,06:30:00,,0.0,2,"Moto/Ciclomotor,Pickup/Utilitario",San Lorenzo 3200,2,1,0,0,1,0,0,"-31.636583333333,-60.714694444444",Calle,,SANTA FE,La Capital,Asfalto,No existe,I,S/D,Urbana,Ninguna,Funciona,Recta,Bueno,Buena,Amanecer,Buen Tiempo,Otro,S/D,Colisión,Ninguna,S/D,Ninguna,Sin restricción
2018,3503,2018-01-06,Sabado,0,,,0.0,2,"Automóvil,Peatón",Mejico Y Mendoza,2,1,0,0,1,0,0,"-32.940333333333,-60.718416666667",Calle,,ROSARIO,Rosario,S/D,S/D,II,S/D,Urbana,S/D,S/D,S/D,S/D,S/D,S/D,S/D,Contra objeto fijo,Peatón,Atropello,S/D,S/D,S/D,S/D
2018,3504,2018-06-06,Miercoles,0,16:10:00,,0.0,2,"Moto/Ciclomotor,Pickup/Utilitario",Ayacucho Y Gdor Servando Bayo,3,2,0,0,1,0,0,"-31.590388888889,-60.72675",Calle,,SANTA FE,La Capital,Asfalto,S/D,I,S/D,Urbana,S/D,S/D,S/D,Bueno,Buena,Diurna,Buen Tiempo,S/D,S/D,Colisión,S/D,S/D,S/D,S/D
2018,3505,2018-01-06,Sabado,0,,,0.0,2,"Automóvil,Moto/Ciclomotor", ,2,1,0,0,1,0,0,"-33.045946,-61.178073",S/D,,CASILDA,Caseros,S/D,S/D,IV,S/D,S/D,S/D,S/D,S/D,S/D,S/D,S/D,S/D,S/D,S/D,S/D,S/D,S/D,S/D,S/D
2018,3507,2018-01-06,Sabado,0,,,0.0,2,"Moto/Ciclomotor,Pickup/Utilitario",Calle 30-Lucas Funes Y Calle 21-Gdor. iriondo,4,3,0,0,1,0,0,"-29.146638888889,-59.653944444444",Calle,,RECONQUISTA,General Obligado,S/D,S/D,IX,S/D,Urbana,S/D,S/D,S/D,S/D,S/D,S/D,S/D,S/D,S/D,Colisión,S/D,S/D,S/D,S/D
2018,3508,2018-06-22,Viernes,0,08:00:00,,0.0,2,"Moto/Ciclomotor,Moto/Ciclomotor",Mendoza Y Lamadrid,2,1,0,0,1,0,0,"-31.643833333333,-60.727944444444",Calle,,SANTA FE,La Capital,Asfalto,No existe,I,S/D,Urbana,Ninguna,Funciona,Recta,Bueno,Buena,Diurna,Buen Tiempo,Otro,S/D,Colisión,Ninguna,S/D,Ninguna,Sin restricción
2018,3509,2018-01-22,Lunes,0,,,0.0,2,"Moto/Ciclomotor,Automóvil", ,2,1,0,0,1,0,0,"-32.02912, -61.22423",S/D,,GÁLVEZ,San Jerónimo,S/D,S/D,XV,S/D,S/D,S/D,S/D,S/D,S/D,S/D,S/D,S/D,S/D,S/D,Colisión,S/D,S/D,S/D,S/D
2018,3510,2018-06-27,Miercoles,0,22:20:00,,0.0,2,"Moto/Ciclomotor,Automóvil",Estanislao Zeballos Y Sebastian Gaboto,2,1,0,0,1,0,0,"-31.600694444444,-60.7165",Calle,,SANTA FE,La Capital,Asfalto,S/D,I,S/D,Urbana,S/D,S/D,S/D,Bueno,Buena,Nocturna,Buen Tiempo,S/D,S/D,Colisión,Ninguna,S/D,Ninguna,S/D
2018,3511,2018-01-06,Sabado,0,,,0.0,2,"Automóvil,Moto/Ciclomotor",Simon de Iriondo Y A Gabarret,2,1,0,0,1,0,0,"-31.436222222222,-60.9265",Calle,,ESPERANZA,Las Colonias,S/D,S/D,XI,S/D,Urbana,S/D,S/D,S/D,S/D,S/D,S/D,S/D,S/D,S/D,Colisión,S/D,S/D,S/D,S/D
2018,3512,2018-06-23,Sabado,0,12:00:00,,0.0,2,"Automóvil,Moto/Ciclomotor",Lamadrid Y Hipolito Yrigoyen,2,1,0,0,1,0,0,"-31.638333333333,-60.72625",S/D,,SANTA FE,La Capital,Asfalto,No existe,I,Dentro,Urbana,Ninguna,Funciona,Recta,Bueno,S/D,Diurna,Buen Tiempo,Otro,S/D,Colisión,Ninguna,S/D,Ninguna,Sin restricción
2018,3513,2018-01-06,Sabado,0,,,0.0,1,Moto/Ciclomotor,Pte.Roca 1700,1,1,0,0,0,0,0,"-32.956027777778,-60.647861111111",Calle,,ROSARIO,Rosario,S/D,S/D,II,S/D,Urbana,S/D,S/D,S/D,S/D,S/D,S/D,S/D,S/D,S/D,"Caída ocupante,Vuelco",S/D,S/D,S/D,S/D
2018,3514,2018-06-23,Sabado,0,16:00:00,,0.0,2,"Automóvil,Bicicleta",Francia Y Mendoza,2,1,0,0,1,0,0,"-31.647138888889,-60.714916666667",Calle,,SANTA FE,La Capital,Asfalto,No existe,I,S/D,Urbana,Ninguna,Funciona,Recta,Bueno,Buena,Atardecer,Buen Tiempo,Otro,Ciclista,Atropello,Ninguna,S/D,Ninguna,Sin restricción
2018,3515,2018-01-22,Lunes,0,,Ruta Provincial 13,43.0,2,"Automóvil,Pickup/Utilitario", ,4,1,0,0,3,0,0,"-32.10805, -61.75322",Ruta,13,EL TRÉBOL,San Martín,Asfalto,S/D,XVIII,S/D,Rural,S/D,No existe,Recta,S/D,S/D,S/D,S/D,S/D,S/D,Colisión,S/D,S/D,S/D,S/D
2018,3517,2018-01-08,Lunes,0,,,0.0,2,"Moto/Ciclomotor,Bicicleta",Av Los Colonizadores Y General Manuel Belgrano,2,1,0,0,1,0,0,"-31.449136532762, -60.929345558469",S/D,,ESPERANZA,Las Colonias,S/D,S/D,XI,S/D,Urbana,S/D,S/D,S/D,S/D,S/D,S/D,S/D,S/D,Ciclista,Atropello,S/D,S/D,S/D,S/D
2018,3518,2018-01-23,Martes,0,,,0.0,2,"Camión c / Semirremolque,Camión c / Semirremolque", ,4,2,0,0,2,0,0,"-28.93738, -61.70789",S/D,,POZO BORRADO,9 de Julio,S/D,S/D,XII,S/D,S/D,S/D,S/D,S/D,S/D,S/D,S/D,S/D,S/D,S/D,Colisión,S/D,S/D,S/D,S/D
2018,3519,2018-01-07,Domingo,0,21:00:00,,0.0,2,"Moto/Ciclomotor,Pickup/Utilitario",Bvard Lopez Y Florida,2,0,0,0,0,1,1,"-29.890840072698, -61.948991332587",Calle,,CERES,San Cristóbal,Tierra,No existe,XIII,S/D,Urbana,Ninguna,S/D,S/D,Deteriorada,S/D,Nocturna,S/D,S/D,S/D,Colisión,Ninguna,Faltante,"Ninguna,S/D",Sin restricción
2018,3520,2018-06-16,Sabado,0,23:00:00,,0.0,2,"Automóvil,Moto/Ciclomotor",Europa Y Callejon Aguirre,3,2,0,0,1,0,0,"-31.582138888889,-60.716388888889",Calle,,SANTA FE,La Capital,Ripio,S/D,I,S/D,Urbana,S/D,S/D,Intersección,S/D,S/D,S/D,S/D,S/D,S/D,S/D,S/D,S/D,S/D,S/D
2018,3521,2018-01-08,Lunes,0,,Ruta Nacional 11,0.0,2,"Moto/Ciclomotor,Automóvil",Melchor Martinez ,2,1,0,0,1,0,0,"-31.97229, -60.92669",Ruta,11,CORONDA,San Jerónimo,S/D,S/D,XV,S/D,S/D,S/D,S/D,S/D,S/D,S/D,S/D,S/D,S/D,S/D,Colisión,S/D,S/D,S/D,S/D
2018,3522,2018-06-11,Lunes,0,00:40:00,Ruta Provincial Brigadier E.López,154.0,1,Automóvil, ,1,1,0,0,0,0,0,"-31.62255, -60.75404",Ruta,Brigadier E.López,SANTO TOMÉ,La Capital,Asfalto,Natural,I,S/D,Rural,Ninguna,No existe,Recta,Bueno,Buena,Nocturna,Buen Tiempo,S/D,S/D,Vuelco,Ninguna,Faltante,Guardarrail,Sin restricción
2018,3523,2018-01-08,Lunes,0,,,0.0,1,Moto/Ciclomotor,CAMINO RURAL ,1,1,0,0,0,0,0,"-32.437105, -60.893125",S/D,,MACIEL,San Jerónimo,S/D,S/D,XV,S/D,Rural,S/D,S/D,S/D,S/D,S/D,S/D,S/D,S/D,S/D,Caída ocupante,S/D,S/D,S/D,S/D
2018,3524,2018-01-08,Lunes,0,,Ruta Secundaria 41-s,0.0,1,Moto/Ciclomotor, ,1,1,0,0,0,0,0,"-32.164000, -61.101862",Ruta,41-s,IRIGOYEN,San Jerónimo,S/D,S/D,XV,S/D,S/D,S/D,S/D,S/D,S/D,S/D,S/D,S/D,S/D,S/D,Caída ocupante,S/D,S/D,S/D,S/D
2018,3525,2018-06-18,Lunes,0,20:15:00,,0.0,2,"Moto/Ciclomotor,Moto/Ciclomotor",Jose De San Martin Y Martin de Pueyrredon,3,1,0,0,2,0,0,"-31.659944444444,-60.788944444444",S/D,,SANTO TOMÉ,La Capital,Tierra,No existe,I,S/D,Urbana,Ninguna,No existe,Intersección,Bueno,Buena,Nocturna,Buen Tiempo,Lateral,S/D,Colisión,Ninguna,Faltante,Ninguna,Sin restricción
2018,3526,2018-06-18,Lunes,0,20:20:00,,0.0,2,"Moto/Ciclomotor,Automóvil",Av Pe?aloza 8400,3,2,0,0,1,0,0,"-31.586194444444,-60.711555555556",Avenida,,SANTA FE,La Capital,S/D,S/D,I,S/D,Urbana,S/D,S/D,S/D,S/D,S/D,S/D,S/D,S/D,S/D,S/D,S/D,S/D,S/D,S/D
2018,3527,2018-01-09,Martes,0,,,0.0,2,"Automóvil,Moto/Ciclomotor",Av. Provincias Unidas Y Av. Eva Peron,2,1,1,0,0,0,0,"-32.932944444444,-60.713055555556",Avenida,,ROSARIO,Rosario,S/D,S/D,II,S/D,Urbana,S/D,S/D,S/D,S/D,S/D,S/D,S/D,S/D,S/D,Colisión,S/D,S/D,S/D,S/D
2018,3528,2018-01-23,Martes,0,,Ruta Provincial 80,13.0,1,Moto/Ciclomotor,Luisa de Larrechea Y Avda. Jorge Newbery,1,1,0,0,0,0,0,"-32.036,-61.209222222222",Ruta,80,GÁLVEZ,San Jerónimo,Asfalto,S/D,XV,S/D,Urbana,S/D,Funciona,Recta,S/D,S/D,S/D,S/D,Contra objeto fijo,S/D,Colisión,S/D,S/D,S/D,S/D
2018,3529,2018-01-09,Martes,0,,Ruta Secundaria 97-s,0.0,2,"Moto/Ciclomotor,Moto/Ciclomotor", ,2,2,0,0,0,0,0,"-28.838978, -59.631164",Ruta,97-s,LANTERI,General Obligado,S/D,S/D,IX,S/D,S/D,S/D,S/D,S/D,S/D,S/D,S/D,S/D,S/D,S/D,Colisión,S/D,S/D,S/D,S/D
2018,3530,2018-06-22,Viernes,0,21:35:00,,0.0,2,"Moto/Ciclomotor,Peatón",Gorriti Y Azopardo,3,1,0,0,2,0,0,"-31.584444444444,-60.718694444444",Calle,,SANTA FE,La Capital,Asfalto,S/D,I,S/D,Urbana,S/D,S/D,S/D,S/D,S/D,S/D,S/D,S/D,S/D,S/D,S/D,S/D,S/D,S/D
2018,3531,2018-06-18,Lunes,0,12:00:00,,0.0,2,"Moto/Ciclomotor,Automóvil",Corrientes Y Tucuman,2,1,0,0,1,0,0,"-31.656472222222,-60.779055555556",Calle,,SANTO TOMÉ,La Capital,Asfalto,No existe,I,S/D,Urbana,Ninguna,No existe,Intersección,Bueno,Buena,Diurna,Buen Tiempo,Lateral,S/D,Colisión,Ninguna,Faltante,Ninguna,Sin restricción
2018,3532,2018-01-23,Martes,0,19:00:00,Ruta Provincial 66,0.0,1,Automóvil, ,1,1,0,0,0,0,0,"-32.03727, -61.77527",Ruta,66,CARLOS PELLEGRINI,San Martín,Asfalto,Natural,XVIII,Dentro,Urbana,S/D,No existe,Recta,S/D,S/D,Atardecer,S/D,S/D,S/D,Vuelco,S/D,S/D,S/D,Sin restricción
2018,3533,2018-06-07,Jueves,0,17:45:00,,0.0,2,"Automóvil,Moto/Ciclomotor",Pres Domingo Faustino Sarmient Y Jorge Haas Bieler,2,1,0,0,1,0,0,"-31.657777777778,-60.785805555556",Calle,,SANTO TOMÉ,La Capital,Ripio,No existe,I,S/D,Urbana,Ninguna,No existe,Intersección,Bueno,Buena,Diurna,Buen Tiempo,Frontal,S/D,Colisión,Ninguna,Faltante,Ninguna,Sin restricción
2018,3534,2018-06-23,Sabado,0,04:00:00,,0.0,2,"Automóvil,Moto/Ciclomotor",Bernardo de Irigoyen Y Florencio Fernandez,3,2,0,0,1,0,0,"-31.5775,-60.719416666667",Calle,,SANTA FE,La Capital,S/D,S/D,I,S/D,Urbana,S/D,S/D,S/D,S/D,S/D,S/D,S/D,S/D,S/D,S/D,S/D,S/D,S/D,S/D
2018,3535,2018-01-07,Domingo,0,,,0.0,1,Automóvil,CAMINO HACIA EL PARAJE DE PUERTO ARAGON ,4,3,1,0,0,0,0,"-32.23837, -60.92743",S/D,,BARRANCAS,San Jerónimo,S/D,S/D,XV,S/D,S/D,S/D,S/D,S/D,S/D,S/D,S/D,S/D,S/D,S/D,Vuelco,S/D,S/D,S/D,S/D
2018,3536,2018-01-24,Miercoles,0,,,0.0,2,"Moto/Ciclomotor,Automóvil",Ayacucho Y G Mainardi,2,0,1,0,0,0,1,"-31.240527777778,-61.496",Calle,,RAFAELA,Castellanos,Asfalto,S/D,V,Dentro,Urbana,S/D,S/D,Intersección,S/D,S/D,S/D,S/D,Lateral,S/D,Colisión,S/D,S/D,S/D,S/D
2018,3537,2018-06-01,Viernes,0,10:30:00,,0.0,2,"Moto/Ciclomotor,Transporte de Pasajeros Larga Distancia (> 8 asientos)",Pres Domingo Faustino Sarmient Y Dalmacio Velez Sarfield,2,1,0,0,1,0,0,"-31.65975,-60.773555555556",Calle,,SANTO TOMÉ,La Capital,Asfalto,No existe,I,S/D,Urbana,Ninguna,No existe,Intersección,Bueno,Buena,Diurna,Buen Tiempo,Lateral,S/D,Colisión,Ninguna,Faltante,Ninguna,Sin restricción
2018,3538,2018-06-27,Miercoles,0,21:30:00,,0.0,2,"Moto/Ciclomotor,Automóvil",Gorriti Y Bernardo de Irigoyen,2,1,0,0,1,0,0,"-31.584305555556,-60.720305555556",Calle,,SANTA FE,La Capital,Asfalto,S/D,I,S/D,Urbana,S/D,S/D,Intersección,Bueno,S/D,S/D,S/D,S/D,S/D,S/D,S/D,S/D,S/D,S/D
2018,3539,2018-01-09,Martes,0,,Autopista Provincial Brigadier E.López,28.0,1,Automóvil, ,1,0,0,1,0,0,0,"-32.65398, -60.8226",Autopista,Brigadier E.López,TIMBÚES,San Lorenzo,S/D,S/D,XVII,S/D,Urbana,S/D,S/D,S/D,S/D,S/D,S/D,S/D,S/D,S/D,Vuelco,S/D,S/D,S/D,S/D
2018,3540,2018-06-19,Martes,0,23:20:00,,0.0,2,"Moto/Ciclomotor,Automóvil",Reg 12 de Infanteria 4400,2,1,0,0,1,0,0,"-31.593055555556,-60.715611111111",Calle,,SANTA FE,La Capital,Asfalto,Pavimento,I,Dentro,Urbana,Ninguna,No existe,Recta,Bueno,Buena,Atardecer,Buen Tiempo,Lateral,S/D,Colisión,Ninguna,Faltante,Cordón divisorio,Sin restricción
2018,3541,2018-01-09,Martes,0,16:30:00,,0.0,2,"Moto/Ciclomotor,Moto/Ciclomotor",Juan Semino Y Sarmiento,2,1,1,0,0,0,0,"-32.85742, -61.15651",Calle,,CARCARAÑÁ,San Lorenzo,S/D,S/D,XVII,S/D,Urbana,S/D,S/D,S/D,S/D,S/D,S/D,S/D,S/D,S/D,Colisión,S/D,S/D,S/D,S/D
2018,3542,2018-06-26,Martes,0,18:20:00,,0.0,2,"Moto/Ciclomotor,Automóvil",Av Pe?aloza Y Padre Genesio,2,1,0,0,1,0,0,"-31.59575,-60.712083333333",Avenida,,SANTA FE,La Capital,Asfalto,Pavimento,I,Dentro,Urbana,Ninguna,No existe,Intersección,Bueno,Buena,Atardecer,Buen Tiempo,Lateral,S/D,Colisión,Ninguna,Faltante,Cordón divisorio,Sin restricción
2018,3543,2018-01-24,Miercoles,0,,,0.0,2,"Pickup/Utilitario,Bicicleta", ,2,1,0,0,1,0,0,"-32.82073, -61.39526",S/D,,CAÑADA DE GÓMEZ,Iriondo,S/D,S/D,X,S/D,S/D,S/D,S/D,S/D,S/D,S/D,S/D,S/D,S/D,Ciclista,Atropello,S/D,S/D,S/D,S/D
2018,3544,2018-01-09,Martes,0,22:00:00,Ruta Secundaria 40-s,0.0,1,Moto/Ciclomotor, ,2,2,0,0,0,0,0,"-29.462463, -60.226168",Ruta,40-s,VERA,Vera,S/D,S/D,XIX,S/D,S/D,S/D,S/D,S/D,S/D,S/D,S/D,S/D,Atropello animal,S/D,Caída ocupante,S/D,S/D,S/D,S/D