anio_acci,nro_acci,fecha,desc_dia,fecha_aprox,hora_aprox,desc_ruta,km,cant_participantes,desc_participante,calle_avenida_km,total,heridos_leves,heridos_graves,heridos_gravisimos,ilesos,fallecidos,sin_datos,posicion_XY,desc_tipo_via,desc_ruta_ori,desc_loc,desc_dpto,desc_tipo_calzada,desc_tipo_banquina,desc_unidad_regional,desc_lugar_calzada,desc_zona,desc_prioridad,desc_estado_semaforo,desc_lugar_via,desc_estado_via,desc_estado_visibilidad,desc_luminosidad,desc_estado_clima,desc_tipo_colision,desc_tipo_atropello,desc_tipo_hecho,desc_pres_calzada,desc_senializacion,desc_separacion_via,desc_restriccion
2018,3545,2018-06-05,Martes,0,14:00:00,,0.0,2,"Moto/Ciclomotor,Vehículo Oficial",America ,4,1,0,0,3,0,0,"-31.77276, -60.84081",Calle,,SAUCE VIEJO,La Capital,Tierra,Ripio,I,Fuera,Urbana,Ninguna,No existe,Intersección,Bueno,Buena,Diurna,Buen Tiempo,Frontal,S/D,Atropello,Ninguna,Faltante,Ninguna,Sin restricción
2018,3546,2018-01-25,Jueves,0,,,0.0,2,"Automóvil,Moto/Ciclomotor", ,2,1,0,0,1,0,0,"-32.82151, -61.39545",S/D,,CAÑADA DE GÓMEZ,Iriondo,S/D,S/D,X,S/D,S/D,S/D,S/D,S/D,S/D,S/D,S/D,S/D,S/D,S/D,Colisión,S/D,S/D,S/D,S/D
2018,3547,2018-01-10,Miercoles,0,,,0.0,2,"Pickup/Utilitario,Moto/Ciclomotor",Tito Piedra Y Costa Rica,2,1,0,0,1,0,0,"-29.238944444444,-61.773333333333",Calle,,TOSTADO,9 de Julio,S/D,S/D,XII,S/D,Urbana,S/D,S/D,S/D,S/D,S/D,S/D,S/D,S/D,S/D,Colisión,S/D,S/D,S/D,S/D
2018,3548,2018-06-04,Lunes,0,07:55:00,Ruta Nacional 11,0.0,2,"Automóvil,Moto/Ciclomotor",Av Santa Fe Y San Martin,2,1,0,0,1,0,0,"-31.266261651460, -60.758860793084",Ruta,11,NELSON,La Capital,Asfalto,Natural,I,Dentro,Urbana,Ninguna,No existe,Intersección,Bueno,Buena,Diurna,Buen Tiempo,Lateral,S/D,Colisión,Ninguna,Horizontal,Línea divisoria pintada,Sin restricción
2018,3549,2018-06-02,Sabado,0,11:00:00,,0.0,2,"Automóvil,Moto/Ciclomotor",Santiago Derqui Y Centenario,2,1,0,0,1,0,0,"-31.670555555556,-60.763333333333",Calle,,SANTO TOMÉ,La Capital,Asfalto,No existe,I,S/D,Urbana,Ninguna,No existe,Intersección,Bueno,Reducida,Diurna,Buen Tiempo,Frontal,S/D,Colisión,Ninguna,Faltante,Cordón divisorio,S/D
2018,3550,2018-06-15,Viernes,0,22:25:00,,0.0,2,"Transporte de Pasajeros Larga Distancia (> 8 asientos),Moto/Ciclomotor",Sarmiento Y Belgrano,3,1,0,0,2,0,0,"-31.264974191133, -60.759933676690",Calle,,NELSON,La Capital,Asfalto,No existe,I,S/D,Urbana,Ninguna,S/D,Intersección,Bueno,Buena,Nocturna,Buen Tiempo,Lateral,S/D,Colisión,Ninguna,Horizontal,Línea divisoria pintada,Sin restricción
2018,3551,2018-04-27,Viernes,0,10:30:00,,0.0,2,"Moto/Ciclomotor,Pickup/Utilitario",Laprida Y Gaboto,3,1,0,0,2,0,0,"-32.974027777778,-60.641027777778",Calle,,ROSARIO,Rosario,Asfalto,No existe,II,Dentro,Urbana,Paso Peatonal,No existe,Intersección,Bueno,Buena,Diurna,Buen Tiempo,Lateral,S/D,Colisión,Ninguna,Horizontal,Ninguna,Sin restricción
2018,3552,2018-04-25,Miercoles,0,16:30:00,,0.0,2,"Moto/Ciclomotor,Moto/Ciclomotor",1 de Mayo Y Saavedra,2,1,0,0,1,0,0,"-32.979416666667,-60.637611111111",Calle,,ROSARIO,Rosario,Asfalto,No existe,II,Dentro,Urbana,Ninguna,No existe,Intersección,Bueno,Buena,Diurna,Buen Tiempo,De alcance,S/D,Colisión,Ninguna,Vertical,Ninguna,Sin restricción
2018,3553,2018-03-22,Jueves,0,15:20:00,,0.0,2,"Moto/Ciclomotor,Pickup/Utilitario",Mendoza Y Santiago de Chile,2,1,0,0,1,0,0,"-31.644853815225, -60.724027338307",Calle,,SANTA FE,La Capital,Asfalto,No existe,I,Dentro,Urbana,Ninguna,No existe,Intersección,Bueno,Buena,Diurna,Buen Tiempo,Otro,S/D,Colisión,Ninguna,Faltante,Ninguna,Sin restricción
2018,3554,2018-03-23,Viernes,0,13:00:00,,0.0,2,"Automóvil,Automóvil",Av Freyre Y Primera Junta,3,2,0,0,1,0,0,"-31.645027777778,-60.718166666667",Avenida,,SANTA FE,La Capital,Asfalto,No existe,I,Dentro,Urbana,Ninguna,Funciona,Intersección,Bueno,Buena,Diurna,Buen Tiempo,Otro,S/D,Colisión,Ninguna,Vertical,Ninguna,Sin restricción
2018,3555,2018-04-23,Lunes,0,16:05:00,,0.0,2,"Automóvil,Moto/Ciclomotor",L.N.Alem Y Saavedra,3,2,0,0,1,0,0,"-32.979666666667,-60.636222222222",Calle,,ROSARIO,Rosario,Asfalto,No existe,II,Dentro,Urbana,Ninguna,No existe,Intersección,Con baches,Buena,Diurna,Buen Tiempo,Lateral,S/D,Colisión,Ninguna,Faltante,Ninguna,Sin restricción
2018,3556,2018-03-26,Lunes,0,18:50:00,,0.0,2,"Pickup/Utilitario,Moto/Ciclomotor",Vera Y Lamadrid,2,1,0,0,1,0,0,"-31.639333333333,-60.726527777778",Calle,,SANTA FE,La Capital,Asfalto,No existe,I,Dentro,Urbana,Ninguna,No existe,Intersección,Bueno,Buena,Atardecer,Buen Tiempo,Otro,S/D,Colisión,Ninguna,Faltante,Ninguna,Sin restricción
2018,3557,2018-03-27,Martes,0,18:00:00,,0.0,2,"Automóvil,Moto/Ciclomotor",San Jose Y Mendoza,2,1,0,0,1,0,0,"-31.645194444444,-60.722694444444",Calle,,SANTA FE,La Capital,Asfalto,No existe,I,Dentro,Urbana,Ninguna,Funciona,Intersección,Bueno,Buena,Atardecer,Buen Tiempo,Otro,S/D,Colisión,Ninguna,Vertical,Ninguna,Sin restricción
2018,3558,2018-04-23,Lunes,0,17:00:00,,0.0,2,"Automóvil,Bicicleta",Virasoro Y L.N.Alem,2,1,0,0,1,0,0,"-32.971638888889,-60.634222222222",Calle,,ROSARIO,Rosario,Asfalto,No existe,II,Dentro,Urbana,Otra Señal,No existe,Intersección,Bueno,Buena,Diurna,Buen Tiempo,S/D,Ciclista,Atropello,Ninguna,Vertical,Ninguna,Sin restricción
2018,3559,2018-03-26,Lunes,0,17:15:00,,0.0,2,"Pickup/Utilitario,Moto/Ciclomotor",Juan Del Campillo Y Saavedra,2,1,0,0,1,0,0,"-31.628055555556,-60.710777777778",Calle,,SANTA FE,La Capital,"Asfalto,Hormigón",No existe,I,Dentro,Urbana,Ninguna,No existe,Intersección,Con baches,Buena,Diurna,Buen Tiempo,Lateral,S/D,Colisión,S/D,Faltante,Ninguna,Sin restricción
2018,3560,2018-03-11,Domingo,0,21:40:00,,0.0,2,"Pickup/Utilitario,Moto/Ciclomotor",Av Gral Paz Y R Godoy,3,2,0,0,1,0,0,"-31.618193262842, -60.684353111912",Avenida,,SANTA FE,La Capital,Asfalto,No existe,I,S/D,Urbana,Ninguna,No existe,Intersección,Bueno,Buena,"Nocturna,Con luz artificial",Buen Tiempo,Lateral,S/D,Colisión,Ninguna,S/D,Ninguna,Sin restricción
2018,3561,2018-03-27,Martes,0,22:00:00,,0.0,2,"Automóvil,Moto/Ciclomotor",Av Pe?aloza Y Regis Martinez,2,1,0,0,1,0,0,"-31.615916666667,-60.713388888889",Avenida,,SANTA FE,La Capital,Asfalto,No existe,I,Dentro,Urbana,Ninguna,Funciona,Intersección,Bueno,S/D,Nocturna,Buen Tiempo,Lateral,S/D,Colisión,S/D,Vertical,Cordón divisorio,Sin restricción
2018,3562,2018-04-16,Lunes,0,18:00:00,,0.0,2,"Automóvil,Moto/Ciclomotor",J.M.de Rosas Y Biedma,3,1,0,0,2,0,0,"-32.982583333333,-60.640111111111",Calle,,ROSARIO,Rosario,Asfalto,No existe,II,Dentro,Urbana,Ninguna,No existe,Recta,Bueno,Buena,Diurna,Buen Tiempo,De alcance,S/D,Colisión,Ninguna,Faltante,Ninguna,Sin restricción
2018,3563,2018-03-16,Viernes,0,12:00:00,,0.0,2,"Bicicleta,Pickup/Utilitario",Ricardo Aldao Y Lavalle,2,1,0,0,1,0,0,"-31.612893217828, -60.682636498142",Calle,,SANTA FE,La Capital,Asfalto,No existe,I,S/D,Urbana,Ninguna,No existe,Intersección,Bueno,Buena,Diurna,Buen Tiempo,Lateral,S/D,Colisión,Ninguna,S/D,Ninguna,Sin restricción
2018,3564,2018-03-22,Jueves,0,15:00:00,,0.0,2,"Automóvil,Automóvil",Luciano Molinas Y Brasil,2,1,0,0,1,0,0,"-31.628805555556,-60.717638888889",Calle,,SANTA FE,La Capital,"Asfalto,Hormigón",No existe,I,Dentro,Urbana,Otra Señal,No existe,Intersección,Bueno,Buena,Diurna,Buen Tiempo,Lateral,S/D,Colisión,S/D,Faltante,Ninguna,Sin restricción
2018,3565,2018-03-12,Lunes,0,11:15:00,,0.0,2,"Moto/Ciclomotor,Pickup/Utilitario",CAMINO MATADERO ,2,1,0,0,1,0,0,"-31.308361, -60.649531",Camino Rural,,LAGUNA PAIVA,La Capital,Tierra,No existe,I,Dentro,Urbana,Ninguna,No existe,Recta,Bueno,Buena,Diurna,Buen Tiempo,Frontal,S/D,Colisión,Ninguna,Faltante,Ninguna,Sin restricción
2018,3566,2018-03-23,Viernes,0,22:00:00,,0.0,2,"Automóvil,Moto/Ciclomotor",Av Galicia Y Mitre,2,1,0,0,1,0,0,"-31.607409038900, -60.682203475587",Avenida,,SANTA FE,La Capital,Asfalto,No existe,I,S/D,Urbana,Ninguna,No existe,Intersección,Bueno,Buena,"Nocturna,Con luz artificial",Buen Tiempo,Lateral,S/D,Colisión,Ninguna,S/D,Barrera de hormigón,Sin restricción
2018,3567,2018-03-20,Martes,0,09:00:00,,0.0,2,"Moto/Ciclomotor,Automóvil",Guemes 5097,3,1,0,0,2,0,0,"-31.624015533419, -60.684828171308",Calle,,SANTA FE,La Capital,Asfalto,No existe,I,S/D,Urbana,Ninguna,No existe,Intersección,Bueno,Buena,Diurna,Buen Tiempo,Lateral,S/D,Colisión,Ninguna,S/D,Ninguna,Sin restricción
2018,3568,2018-03-21,Miercoles,0,02:00:00,,0.0,2,"Automóvil,Moto/Ciclomotor",Av Lopez y Planes Y Ecuador,2,1,0,0,1,0,0,"-31.620166666667,-60.713388888889",Avenida,,SANTA FE,La Capital,Asfalto,No existe,I,Dentro,Urbana,Otra Señal,No existe,Intersección,Bueno,Reducida,Nocturna,Buen Tiempo,Lateral,S/D,Colisión,S/D,Faltante,Cordón divisorio,Sin restricción
2018,3569,2018-03-19,Lunes,0,12:15:00,,0.0,2,"Automóvil,Moto/Ciclomotor",Av Lopez y Planes Y Ecuador,2,1,0,0,1,0,0,"-31.620166666667,-60.713388888889",Avenida,,SANTA FE,La Capital,Asfalto,No existe,I,Dentro,Urbana,Otra Señal,No existe,Intersección,Bueno,Buena,Diurna,Buen Tiempo,Lateral,S/D,Colisión,Ninguna,Faltante,Cordón divisorio,Sin restricción
2018,3570,2018-04-27,Viernes,0,12:10:00,,0.0,2,"Moto/Ciclomotor,Pickup/Utilitario",Bv. Wilde Y J.B.Justo,3,2,0,0,1,0,0,"-32.915643, -60.739463",Calle,,ROSARIO,Rosario,Asfalto,No existe,II,Dentro,Urbana,Ninguna,No existe,Intersección,Deteriorada,S/D,Diurna,S/D,S/D,S/D,Colisión,S/D,Faltante,Ninguna,S/D
2018,3571,2018-03-07,Miercoles,0,23:30:00,,0.0,2,"Moto/Ciclomotor,Otros", ,3,0,1,0,1,0,1,"-31.643214,-60.716603",Calle,,SANTA FE,La Capital,S/D,No existe,I,S/D,Urbana,Ninguna,No existe,Intersección,Bueno,Buena,"Nocturna,Con luz artificial",Buen Tiempo,Frontal,S/D,Colisión,Ninguna,S/D,Ninguna,Sin restricción
2018,3572,2018-03-15,Jueves,0,08:30:00,,0.0,2,"Automóvil,Moto/Ciclomotor",Iturraspe Y Av Pte Peron,2,1,0,0,1,0,0,"-31.625805555556,-60.718611111111",Avenida,,SANTA FE,La Capital,"Asfalto,Hormigón",No existe,I,Dentro,Urbana,Semáforo,Funciona,Intersección,Bueno,Buena,Diurna,Buen Tiempo,Lateral,S/D,Colisión,S/D,"Horizontal,Vertical",Cordón divisorio,Sin restricción
2018,3573,2018-03-10,Sabado,0,20:30:00,,0.0,2,"Automóvil,Pickup/Utilitario",Ricardo Aldao Y Av Gral Paz,2,0,0,0,0,0,2,"-31.613172182365, -60.681092916046",Avenida,,SANTA FE,La Capital,Asfalto,No existe,I,S/D,Urbana,Ninguna,No existe,Intersección,Bueno,S/D,Nocturna,Buen Tiempo,Frontal,S/D,Colisión,Ninguna,S/D,Ninguna,Sin restricción
2018,3574,2018-03-11,Domingo,0,19:15:00,,0.0,2,"Pickup/Utilitario,Moto/Ciclomotor",Av Lopez y Planes Y Derqui,2,1,0,0,1,0,0,"-31.611972222222,-60.718361111111",Avenida,,SANTA FE,La Capital,"Asfalto,Hormigón",No existe,I,Dentro,Urbana,Semáforo,Funciona,Intersección,Bueno,Reducida,Atardecer,Buen Tiempo,Lateral,S/D,Colisión,S/D,Vertical,Cordón divisorio,Sin restricción
2018,3575,2018-03-18,Domingo,0,01:20:00,,0.0,2,"Taxi/Remis,Pickup/Utilitario",Republica de Siria Y J P Lopez,2,1,0,0,1,0,0,"-31.608966478629, -60.691714463745",Calle,,SANTA FE,La Capital,Asfalto,No existe,I,S/D,Urbana,Ninguna,No existe,Intersección,Bueno,Buena,"Nocturna,Con luz artificial",Buen Tiempo,Lateral,S/D,Colisión,Ninguna,S/D,Barrera de hormigón,Sin restricción
2018,3576,2018-03-08,Jueves,0,12:00:00,,0.0,2,"Automóvil,Moto/Ciclomotor",4 de Enero Y Domingo Silva,2,1,0,0,1,0,0,"-31.629777777778,-60.707222222222",Calle,,SANTA FE,La Capital,Asfalto,No existe,I,Dentro,Urbana,Otra Señal,No existe,Intersección,Bueno,Buena,Diurna,Buen Tiempo,Lateral,S/D,Colisión,S/D,Faltante,Ninguna,Sin restricción
2018,3578,2018-04-11,Miercoles,0,12:30:00,Ruta Nacional 9,0.0,2,"Automóvil,Moto/Ciclomotor",Ruta Nacional 9 Y Cochet,3,2,0,0,1,0,0,"-32.922421, -60.806045",Ruta,9,FUNES,Rosario,Hormigón,No existe,II,Dentro,Urbana,Ninguna,No existe,Recta,Bueno,Buena,Diurna,S/D,Contra objeto fijo,S/D,Colisión,Ninguna,Vertical,Línea divisoria pintada,Sin restricción
2018,3579,2018-03-02,Viernes,0,07:45:00,,0.0,2,"Moto/Ciclomotor,Automóvil",Av A del Valle Y Ricardo Aldao,2,0,1,0,1,0,0,"-31.610232481284, -60.694439588105",Avenida,,SANTA FE,La Capital,Asfalto,No existe,I,S/D,Urbana,Ninguna,No existe,Intersección,Bueno,Buena,Diurna,Buen Tiempo,Lateral,S/D,Colisión,Ninguna,S/D,Ninguna,Sin restricción
2018,3580,2018-04-10,Martes,0,12:20:00,,0.0,2,"Automóvil,Moto/Ciclomotor",Saavedra Y Pje. Larguia,2,1,0,0,1,0,0,"-32.979555555556,-60.636944444444",Calle,,ROSARIO,Rosario,Asfalto,No existe,II,Dentro,Urbana,Ninguna,No existe,Intersección,Bueno,Buena,Diurna,Buen Tiempo,Lateral,S/D,Colisión,Ninguna,Horizontal,Ninguna,Sin restricción
2018,3581,2018-03-06,Martes,0,15:50:00,,0.0,2,"Transporte de Pasajeros Urbano (> 8 asientos),Automóvil",Av Lopez y Planes Y Luciano Torrent,3,2,0,0,1,0,0,"-31.621722222222,-60.713444444444",Avenida,,SANTA FE,La Capital,Asfalto,No existe,I,Dentro,Urbana,Otra Señal,No existe,Intersección,Bueno,Buena,Diurna,Buen Tiempo,Lateral,S/D,Colisión,S/D,Faltante,Cordón divisorio,Sin restricción
2018,3582,2018-01-10,Miercoles,0,,,0.0,2,"Bicicleta,Moto/Ciclomotor",Bvard 20 de Junio Y N Laprida,2,1,0,0,1,0,0,"-32.028694444444,-61.215472222222",Calle,,GÁLVEZ,San Jerónimo,S/D,S/D,XV,S/D,Urbana,S/D,S/D,S/D,S/D,S/D,S/D,S/D,S/D,Ciclista,Atropello,S/D,S/D,S/D,S/D
2018,3583,2018-01-08,Lunes,0,20:30:00,,0.0,2,"Moto/Ciclomotor,Moto/Ciclomotor",A Lezama Y Cordoba,3,1,0,0,2,0,0,"-29.465083333333,-60.208055555556",Calle,,VERA,Vera,S/D,S/D,XIX,S/D,Urbana,S/D,S/D,S/D,S/D,S/D,S/D,S/D,S/D,S/D,Colisión,S/D,S/D,S/D,S/D
2018,3584,2018-01-25,Jueves,0,,,0.0,1,Moto/Ciclomotor, ,1,1,0,0,0,0,0,"-32.82151, -61.39545",S/D,,CAÑADA DE GÓMEZ,Iriondo,Asfalto,S/D,X,S/D,S/D,S/D,S/D,Recta,S/D,S/D,S/D,S/D,S/D,S/D,Caída ocupante,S/D,S/D,S/D,S/D
2018,3585,2018-01-11,Jueves,0,14:00:00,,0.0,2,"Automóvil,Moto/Ciclomotor",Leiva Y Av. Arijon,2,1,0,0,1,0,0,"-33.002694444444,-60.637916666667",Calle,,ROSARIO,Rosario,S/D,S/D,II,S/D,Urbana,S/D,S/D,S/D,S/D,S/D,S/D,S/D,S/D,S/D,Colisión,S/D,S/D,S/D,S/D
2018,3586,2018-01-11,Jueves,0,,,0.0,1,Automóvil, ,2,1,0,0,1,0,0,"-33.37262, -61.18353",S/D,,BIGAND,Caseros,S/D,S/D,IV,S/D,S/D,S/D,S/D,S/D,S/D,S/D,S/D,S/D,S/D,S/D,Otro,S/D,S/D,S/D,S/D
2018,3587,2018-01-11,Jueves,0,,,0.0,2,"Pickup/Utilitario,Moto/Ciclomotor",Chacabuco Y Gral Jose de San Martin,2,1,0,0,1,0,0,"-33.746944444444,-61.964583333333",Calle,,VENADO TUERTO,General López,S/D,S/D,VIII,S/D,Urbana,S/D,S/D,S/D,S/D,S/D,S/D,S/D,S/D,S/D,Colisión,S/D,S/D,S/D,S/D
2018,3588,2018-01-11,Jueves,0,,Ruta Secundaria 83-s,0.0,2,"Pickup/Utilitario,Moto/Ciclomotor",Urquiza Y Ruta Provincial 83-s,4,1,1,0,2,0,0,"-29.580196630866, -60.380292412707",Ruta,83-s,LA GALLARETA,Vera,S/D,S/D,XIX,S/D,Urbana,S/D,S/D,S/D,S/D,S/D,S/D,S/D,S/D,S/D,Colisión,S/D,S/D,S/D,S/D
2018,3589,2018-01-26,Viernes,0,11:50:00,,0.0,4,"Moto/Ciclomotor,Peatón,Peatón,Peatón",Av. Provincias Unidas Y Cerrito,5,4,0,0,1,0,0,"-32.953305555556,-60.712027777778",Avenida,,ROSARIO,Rosario,Asfalto,S/D,II,Dentro,Urbana,S/D,S/D,Recta,S/D,S/D,Diurna,S/D,S/D,Peatón,Atropello,S/D,S/D,S/D,S/D
2018,3590,2018-06-01,Viernes,0,19:50:00,,0.0,2,"Automóvil,Bicicleta",Pres Domingo Faustino Sarmient Y Sabroso Hilario,2,1,0,0,0,0,1,"-31.66029, -60.77099",Calle,,SANTO TOMÉ,La Capital,Asfalto,No existe,I,S/D,Urbana,Ninguna,S/D,Intersección,Bueno,Buena,Atardecer,Buen Tiempo,S/D,Ciclista,Atropello,Ninguna,Faltante,Ninguna,Sin restricción
2018,3591,2018-06-15,Viernes,0,19:00:00,Ruta Provincial 6,86.0,2,"Automóvil,Camión c / Acoplado", ,3,1,0,0,2,0,0,"-31.29078, -60.85653",Ruta,6,SANTA FE,La Capital,Asfalto,Natural,I,S/D,Rural,Ninguna,No existe,Recta,Bueno,Buena,Nocturna,Buen Tiempo,Otro,S/D,Colisión,Ninguna,Horizontal,Línea divisoria pintada,Sin restricción
2018,3592,2018-01-12,Viernes,0,,,0.0,2,"Automóvil,Automóvil", ,2,1,0,0,1,0,0,"-31.24971, -61.49087",S/D,,RAFAELA,Castellanos,S/D,S/D,V,S/D,S/D,S/D,S/D,S/D,S/D,S/D,S/D,S/D,S/D,S/D,Colisión,S/D,S/D,S/D,S/D
2018,3593,2018-06-04,Lunes,0,08:15:00,Ruta Nacional 19,1.0,2,"Moto/Ciclomotor,Automóvil", ,3,2,0,0,1,0,0,"-31.66872, -60.79145",Ruta,19,SANTA FE,La Capital,Asfalto,S/D,I,S/D,S/D,S/D,No existe,Paso a Nivel FFCC,Con baches,Buena,Diurna,Buen Tiempo,Lateral,S/D,Colisión,Ninguna,Faltante,S/D,S/D
2018,3594,2018-01-13,Sabado,0,,,0.0,1,Moto/Ciclomotor,25 de Mayo Y Alvear,1,0,0,1,0,0,0,"-30.579194444444,-59.927944444444",Calle,,SAN JAVIER,San Javier,S/D,S/D,I,S/D,Urbana,S/D,S/D,S/D,S/D,S/D,S/D,S/D,S/D,S/D,"Caída ocupante,Vuelco",S/D,S/D,S/D,S/D
2018,3595,2018-06-02,Sabado,0,08:20:00,Ruta Nacional 11,0.0,2,"Moto/Ciclomotor,Bicicleta",Ruta Nacional 11 Y Gdor Freyre,2,1,0,0,1,0,0,"-31.544886185193, -60.724546781008",Ruta,11,RECREO,La Capital,Asfalto,Natural,I,Dentro,Urbana,Ninguna,No existe,Intersección,Bueno,Buena,Diurna,Buen Tiempo,S/D,Ciclista,Atropello,Ninguna,"Horizontal,Vertical",Línea divisoria pintada,Sin restricción
2018,3596,2018-01-25,Jueves,0,,,0.0,1,Automóvil, ,1,1,0,0,0,0,0,"-32.82151, -61.39545",S/D,,MELINCUÉ,General López,S/D,S/D,VIII,S/D,S/D,S/D,S/D,Recta,S/D,S/D,S/D,S/D,S/D,S/D,Vuelco,S/D,S/D,S/D,S/D
2018,3597,2018-01-13,Sabado,0,,,0.0,2,"Automóvil,Moto/Ciclomotor",Calle 65-Canada Y Calle 26 - Bolivar,3,1,1,0,1,0,0,"-29.167861111111,-59.655138888889",Calle,,RECONQUISTA,General Obligado,S/D,S/D,IX,S/D,Urbana,S/D,S/D,S/D,S/D,S/D,S/D,S/D,S/D,S/D,Colisión,S/D,S/D,S/D,S/D
2018,3598,2018-06-28,Jueves,0,20:10:00,,0.0,2,"Automóvil,Moto/Ciclomotor",General Manuel Belgrano Y Grl Brig Estanislao Lopez,2,1,0,0,1,0,0,"-31.671611111111,-60.762527777778",Calle,,SANTO TOMÉ,La Capital,Asfalto,No existe,I,S/D,Urbana,Ninguna,No existe,Intersección,Bueno,Buena,Nocturna,Buen Tiempo,Lateral,S/D,Colisión,Ninguna,Faltante,Cordón divisorio,Sin restricción
2018,3599,2018-06-02,Sabado,0,21:25:00,Ruta Nacional 11,0.0,2,"Moto/Ciclomotor,Automóvil",Ruta Nacional 11 Y Jorge Luis Borges,4,3,0,0,0,0,1,"-31.548705650831, -60.725834241335",Ruta,11,RECREO,La Capital,Hormigón,Natural,I,Dentro,Urbana,Ninguna,No existe,Intersección,Bueno,Buena,Nocturna,Buen Tiempo,Lateral,S/D,Colisión,Ninguna,"Horizontal,Vertical",Línea divisoria pintada,Sin restricción
2018,3600,2018-01-27,Sabado,0,23:50:00,Ruta Provincial 26,0.0,1,Automóvil, ,3,3,0,0,0,0,0,"-33.047243,-61.162204",Ruta,26,CASILDA,Caseros,Asfalto,Natural,IV,Fuera,Urbana,S/D,S/D,Recta,S/D,S/D,Nocturna,S/D,S/D,S/D,Despiste,S/D,S/D,S/D,S/D
2018,3601,2018-01-12,Viernes,0,05:45:00,Ruta Nacional 11,930.0,2,"Moto/Ciclomotor,Camión c / Acoplado", ,2,0,1,0,1,0,0,"-28.03363, -59.22395",Ruta,11,FLORENCIA,General Obligado,S/D,S/D,IX,S/D,Urbana,S/D,S/D,S/D,S/D,S/D,S/D,S/D,S/D,S/D,Colisión,S/D,S/D,S/D,S/D
2018,3602,2018-06-08,Viernes,0,18:00:00,Ruta Nacional 11,0.0,2,"Pickup/Utilitario,Moto/Ciclomotor",Ruta Nacional 11 Y Jorge Luis Borges,3,1,1,0,1,0,0,"-31.548705650831, -60.725834241335",Ruta,11,RECREO,La Capital,Asfalto,Natural,I,Dentro,Rural,Ninguna,No existe,Intersección,Bueno,Buena,Atardecer,Buen Tiempo,S/D,S/D,Colisión,Ninguna,Horizontal,Línea divisoria pintada,Sin restricción
2018,3603,2018-01-27,Sabado,0,,Ruta Provincial 70,0.0,2,"Bicicleta,Automóvil",J A Alvarez Y Bv Santa Fe,2,0,1,0,1,0,0,"-31.256305555556,-61.470388888889",Ruta,70,RAFAELA,Castellanos,S/D,S/D,V,S/D,Urbana,S/D,S/D,Intersección,S/D,S/D,S/D,S/D,S/D,Ciclista,Atropello,S/D,S/D,S/D,S/D
2018,3604,2018-06-18,Lunes,0,17:20:00,,0.0,2,"Moto/Ciclomotor,Otros",Hipolito Irigoyen Y 12 de septiembre,2,1,0,0,0,0,1,"-31.680805555556,-60.76625",Calle,,SANTO TOMÉ,La Capital,Asfalto,No existe,I,Dentro,Urbana,Ninguna,No existe,Intersección,Bueno,Buena,Atardecer,Buen Tiempo,De alcance,S/D,Atropello,Ninguna,Faltante,Ninguna,Sin restricción
2018,3605,2018-06-15,Viernes,0,11:05:00,,0.0,2,"Moto/Ciclomotor,Taxi/Remis",Ruta 11 Avenida Richieri Y Libertad,2,1,0,0,1,0,0,"-31.689055555556,-60.764444444444",Calle,,SANTO TOMÉ,La Capital,Tierra,No existe,I,Dentro,Urbana,Ninguna,No existe,Intersección,Deteriorada,Buena,Diurna,Otro,Otro,S/D,Colisión,Ninguna,Faltante,Ninguna,Sin restricción
2018,3606,2018-06-09,Sabado,0,16:00:00,Ruta Nacional 11,0.0,2,"Moto/Ciclomotor,Camión c / Acoplado",Ruta Nacional 11 Y Chubut,2,1,0,0,0,0,1,"-31.550314976239, -60.744438043062",Ruta,11,RECREO,La Capital,Asfalto,Natural,I,Dentro,Urbana,Ninguna,No existe,Intersección,Bueno,Buena,Diurna,Buen Tiempo,De alcance,S/D,Colisión,Ninguna,"Horizontal,Vertical",Línea divisoria pintada,Sin restricción
2018,3607,2018-01-13,Sabado,0,13:15:00,,0.0,2,"Pickup/Utilitario,Moto/Ciclomotor",Calle 40 - Formosa Y Pasaje 55-57,2,1,0,0,1,0,0,"-29.163, -59.66383",Calle,,RECONQUISTA,General Obligado,S/D,S/D,XI,S/D,Urbana,S/D,S/D,S/D,S/D,S/D,S/D,S/D,S/D,S/D,Colisión,S/D,S/D,S/D,S/D
2018,3608,2018-06-04,Lunes,0,21:30:00,,0.0,2,"Moto/Ciclomotor,Automóvil",Valentin Alsina Y Juan Bautista Alberdi,2,1,0,0,1,0,0,"-31.6825,-60.760972222222",Calle,,SANTO TOMÉ,La Capital,Asfalto,No existe,I,Dentro,Urbana,Ninguna,No existe,Intersección,Bueno,Buena,Diurna,Buen Tiempo,Lateral,S/D,Colisión,Ninguna,Faltante,Ninguna,Sin restricción
2018,3609,2018-06-08,Viernes,0,18:40:00,,0.0,2,"Automóvil,Moto/Ciclomotor",J Macia Y Balcarce,2,1,0,0,1,0,0,"-31.678138888889,-60.758916666667",Calle,,SANTO TOMÉ,La Capital,Asfalto,S/D,I,Dentro,Urbana,Marca Vial,No existe,Intersección,Bueno,Buena,Diurna,Buen Tiempo,De alcance,S/D,Colisión,Ninguna,Horizontal,S/D,Sin restricción