anio_acci,nro_acci,fecha,desc_dia,fecha_aprox,hora_aprox,desc_ruta,km,cant_participantes,desc_participante,calle_avenida_km,total,heridos_leves,heridos_graves,heridos_gravisimos,ilesos,fallecidos,sin_datos,posicion_XY,desc_tipo_via,desc_ruta_ori,desc_loc,desc_dpto,desc_tipo_calzada,desc_tipo_banquina,desc_unidad_regional,desc_lugar_calzada,desc_zona,desc_prioridad,desc_estado_semaforo,desc_lugar_via,desc_estado_via,desc_estado_visibilidad,desc_luminosidad,desc_estado_clima,desc_tipo_colision,desc_tipo_atropello,desc_tipo_hecho,desc_pres_calzada,desc_senializacion,desc_separacion_via,desc_restriccion
2018,3610,2018-06-13,Miercoles,0,19:50:00,Ruta Nacional 11,0.0,2,"Pickup/Utilitario,Moto/Ciclomotor",Ruta Nacional 11 Y Gdor Freyre,2,1,0,0,1,0,0,"-31.544898237442, -60.724583225077",Ruta,11,RECREO,La Capital,Asfalto,Natural,I,Dentro,Urbana,Ninguna,No existe,Intersección,Bueno,Buena,Atardecer,Buen Tiempo,De alcance,S/D,Colisión,S/D,"Horizontal,Vertical",Línea divisoria pintada,Sin restricción
2018,3611,2018-01-11,Jueves,0,20:20:00,,0.0,2,"Moto/Ciclomotor,Moto/Ciclomotor",Rivadavia Y Agustin Justo,2,2,0,0,0,0,0,"-29.8888, -60.28954",Calle,,CALCHAQUÍ,Vera,S/D,S/D,XIX,S/D,Urbana,S/D,S/D,S/D,S/D,S/D,S/D,S/D,S/D,S/D,Colisión,S/D,S/D,S/D,S/D
2018,3612,2018-01-27,Sabado,0,,,0.0,2,"Moto/Ciclomotor,Pickup/Utilitario",Acu?a Y Aaron Castellanos,2,0,1,0,1,0,0,"-31.263111111111,-61.481055555556",Calle,,RAFAELA,Castellanos,Asfalto,S/D,V,S/D,Urbana,S/D,S/D,Intersección,S/D,S/D,S/D,S/D,Lateral,S/D,Colisión,S/D,S/D,S/D,S/D
2018,3613,2018-01-15,Lunes,0,14:30:00,,0.0,2,"Moto/Ciclomotor,Bicicleta",Av Eva Peron Y S Marquinez y Martinez,2,1,0,0,1,0,0,"-30.947485031150, -61.571658989234",Calle,,SUNCHALES,Castellanos,S/D,S/D,V,S/D,Urbana,S/D,S/D,S/D,S/D,S/D,S/D,S/D,S/D,Ciclista,Atropello,S/D,S/D,S/D,S/D
2018,3614,2018-01-27,Sabado,0,,,0.0,1,Moto/Ciclomotor, ,2,2,0,0,0,0,0,"-31.445604,-60.921353",S/D,,ESPERANZA,Las Colonias,Asfalto,S/D,XI,S/D,S/D,S/D,S/D,Recta,S/D,S/D,S/D,S/D,Atropello animal,S/D,Colisión,S/D,S/D,S/D,S/D
2018,3615,2018-06-16,Sabado,0,20:30:00,Ruta Nacional 11,0.0,2,"Automóvil,Moto/Ciclomotor",Ruta Nacional 11 Y Dr Esteban L Maradona,3,2,0,0,1,0,0,"-31.553374017929, -60.727415637797",Ruta,11,RECREO,La Capital,Hormigón,Natural,I,Dentro,Urbana,Ninguna,No existe,Intersección,Bueno,Buena,"Nocturna,Con luz artificial",Buen Tiempo,Lateral,S/D,Colisión,Ninguna,"Horizontal,Vertical",Línea divisoria pintada,Sin restricción
2018,3616,2018-06-05,Martes,0,18:30:00,,0.0,2,"Automóvil,Bicicleta",Balcarce Y J Macia,2,1,0,0,1,0,0,"-31.678138888889,-60.758916666667",Calle,,SANTO TOMÉ,La Capital,Asfalto,S/D,I,Dentro,Urbana,Marca Vial,No existe,Intersección,Bueno,Buena,Diurna,Buen Tiempo,De alcance,Ciclista,Atropello,Ninguna,Horizontal,S/D,Sin restricción
2018,3617,2018-01-06,Sabado,0,16:45:00,Ruta Nacional Gral. Juan Jose Valle,269.0,2,"Pickup/Utilitario,Peatón", ,2,0,1,0,1,0,0,"-33.152065, -60.549727",Ruta,Gral. Juan José Valle,ROSARIO,Rosario,S/D,S/D,II,S/D,Urbana,S/D,S/D,S/D,S/D,S/D,S/D,S/D,S/D,Peatón,Atropello,S/D,S/D,S/D,S/D
2018,3618,2018-06-15,Viernes,0,13:00:00,Ruta Nacional 11,0.0,2,"Moto/Ciclomotor,Automóvil",Rosario Y Juan de Garay,3,2,0,0,1,0,0,"-31.498850073074, -60.730269508189",Ruta,11,RECREO,La Capital,"Hormigón,Tierra",Natural,I,Dentro,Urbana,Ninguna,No existe,Recta,Deteriorada,Buena,Diurna,Buen Tiempo,Múltiple,S/D,Colisión,Ninguna,Faltante,Ninguna,Sin restricción
2018,3619,2018-06-18,Lunes,0,23:45:00,,0.0,2,"Automóvil,Ambulancia",Avenida Nuestra Se?ora del Luj Y Balcarce,7,4,0,0,3,0,0,"-31.676333333333,-60.771694444444",Avenida,,SANTO TOMÉ,La Capital,Asfalto,No existe,I,Dentro,Urbana,Semáforo,Funciona,Intersección,Bueno,Buena,Nocturna,Buen Tiempo,Frontal,S/D,Colisión,Ninguna,S/D,Línea divisoria pintada,Sin restricción
2018,3620,2018-06-03,Domingo,0,15:25:00,,0.0,2,"Moto/Ciclomotor,Automóvil",Lehman Y Silva,2,1,0,0,1,0,0,"-31.492326940750, -60.722866611308",Calle,,RECREO,La Capital,Tierra,No existe,I,Dentro,Urbana,Ninguna,No existe,Intersección,Deteriorada,Buena,Atardecer,Buen Tiempo,Lateral,S/D,Colisión,Ninguna,Faltante,Ninguna,Sin restricción
2018,3621,2018-01-27,Sabado,0,,,0.0,1,Moto/Ciclomotor, ,1,1,0,0,0,0,0,"-32.370400,-61.363260",S/D,,SAN GENARO,San Jerónimo,S/D,S/D,XV,S/D,S/D,S/D,S/D,S/D,S/D,S/D,S/D,S/D,S/D,S/D,"Caída ocupante,Despiste",S/D,S/D,S/D,S/D
2018,3622,2018-06-27,Miercoles,0,00:30:00,Ruta Provincial 1,11.0,2,"Automóvil,Moto/Ciclomotor", ,3,1,1,0,1,0,0,"-31.56367, -60.53249",Ruta,1,ARROYO LEYES,La Capital,Asfalto,Natural,I,S/D,Urbana,Ninguna,No existe,Recta,Con baches,Buena,Con luz artificial,Buen Tiempo,Lateral,S/D,Colisión,Ninguna,Horizontal,Línea divisoria pintada,Sin restricción
2018,3623,2018-01-27,Sabado,0,,,0.0,2,"Moto/Ciclomotor,Moto/Ciclomotor",Roca Pte Y Calle 47-Islas Malvinas,2,2,0,0,0,0,0,"-29.161638888889,-59.645888888889",Calle,,RECONQUISTA,General Obligado,Asfalto,S/D,IX,S/D,Urbana,S/D,S/D,Intersección,S/D,S/D,S/D,S/D,Lateral,S/D,Colisión,S/D,S/D,S/D,S/D
2018,3624,2018-06-09,Sabado,0,06:30:00,,0.0,2,"Peatón,Automóvil",Mahatma Gandhi Y 1500,3,0,2,0,0,0,1,"-31.50466, -60.74781",Camino Rural,,RECREO,La Capital,Tierra,No existe,I,Fuera,Rural,Ninguna,No existe,Cruce,Otro,Reducida,Nocturna,Otro,Múltiple,Peatón,Atropello,Otro,Faltante,Ninguna,S/D
2018,3625,2018-06-12,Martes,0,13:50:00,,0.0,2,"Automóvil,Moto/Ciclomotor",CALLE 16 Y LOTEO JARDINES DE LA COSTA,2,1,0,0,1,0,0,"-31.56943, -60.54096",Calle,,ARROYO LEYES,La Capital,Tierra,No existe,I,S/D,Urbana,Ninguna,No existe,Recta,Otro,Buena,Nocturna,Buen Tiempo,Otro,S/D,Colisión,Otro,Faltante,Ninguna,Sin restricción
2018,3626,2018-06-14,Jueves,0,07:30:00,Ruta Provincial 70,0.0,1,Moto/Ciclomotor,Ruta Prov 70 Y Av de Circunvalacion,2,1,0,0,1,0,0,"-31.497614646539, -60.752199865895",Ruta,70,RECREO,La Capital,Asfalto,Natural,I,S/D,Urbana,Ninguna,No existe,Cruce,Bueno,Buena,Con luz artificial,Otro,Otro,S/D,Atropello,Ninguna,Vertical,"Guardarrail,Línea divisoria pintada",Sin restricción
2018,3627,2018-06-09,Sabado,0,22:55:00,Ruta Provincial 1,9.0,2,"Automóvil,Moto/Ciclomotor", ,4,4,0,0,0,0,0,"-31.60274, -60.57427",Ruta,1,SAN JOSÉ DEL RINCÓN,La Capital,Asfalto,Natural,I,Dentro,Urbana,Ninguna,No existe,Recta,Bueno,Reducida,Nocturna,Buen Tiempo,De alcance,S/D,Colisión,Ninguna,Faltante,Línea divisoria pintada,Sin restricción
2018,3628,2018-06-17,Domingo,0,,Ruta Nacional 11,0.0,2,"Moto/Ciclomotor,Peatón",Juan de Garay Y Jose Pedroni,2,1,0,0,0,0,1,"-31.498450623900, -60.731966028740",Ruta,11,RECREO,La Capital,Asfalto,Pavimento,I,Dentro,Urbana,Otra Señal,No existe,Intersección,Bueno,Buena,"Diurna,Con luz artificial",Otro,Otro,Peatón,Atropello,Ninguna,Vertical,Línea divisoria pintada,Sin restricción
2018,3629,2018-03-02,Viernes,0,18:30:00,,0.0,2,"Moto/Ciclomotor,Bicicleta",Av Pte Peron Y Pedro Centeno,2,1,0,0,0,0,1,"-31.623833333333,-60.718722222222",Avenida,,SANTA FE,La Capital,Asfalto,No existe,I,Dentro,Urbana,Semáforo,Funciona,Intersección,Bueno,Buena,Diurna,Buen Tiempo,S/D,Ciclista,Atropello,S/D,"Horizontal,Vertical",Cordón divisorio,Sin restricción
2018,3630,2018-03-01,Jueves,0,11:00:00,,0.0,2,"Transporte de Pasajeros Urbano (> 8 asientos),Tracción animal / Carro",Av Blas Parera Y M De Polonia,2,1,0,0,1,0,0,"-31.614055555556,-60.71775",Avenida,,SANTA FE,La Capital,Asfalto,No existe,I,Dentro,Urbana,Otra Señal,No existe,Intersección,Bueno,Buena,Diurna,Buen Tiempo,Lateral,S/D,Colisión,S/D,Faltante,"Cordón divisorio,Vegetación",Sin restricción
2018,3631,2018-04-05,Jueves,0,17:30:00,,0.0,2,"Moto/Ciclomotor,Automóvil",Chacabuco Y Centeno,3,2,0,0,1,0,0,"-32.987527777778,-60.632472222222",Calle,,ROSARIO,Rosario,Asfalto,No existe,II,Dentro,Urbana,Ninguna,No existe,Intersección,Bueno,Buena,Diurna,Buen Tiempo,Lateral,S/D,Colisión,Ninguna,Faltante,Ninguna,Sin restricción
2018,3632,2018-03-01,Jueves,0,08:45:00,,0.0,2,"Automóvil,Moto/Ciclomotor",Pedro Alejandro Vittori Y Quintana,2,1,0,0,1,0,0,"-31.623083333333,-60.697888888889",Calle,,SANTA FE,La Capital,Asfalto,No existe,I,Dentro,Urbana,S/D,No existe,Intersección,S/D,S/D,Diurna,S/D,S/D,S/D,Colisión,S/D,Horizontal,Cordón divisorio,S/D
2018,3633,2018-04-03,Martes,0,15:15:00,,0.0,2,"Automóvil,Peatón",Ayolas Y Ayacucho,2,1,0,0,1,0,0,"-32.978694444444,-60.635138888889",Calle,,ROSARIO,Rosario,Asfalto,No existe,II,Dentro,Urbana,Ninguna,No existe,Intersección,Bueno,Buena,Diurna,Buen Tiempo,S/D,Peatón,Atropello,Ninguna,Faltante,Ninguna,Sin restricción
2018,3634,2018-03-04,Domingo,0,20:45:00,,0.0,2,"Moto/Ciclomotor,Pickup/Utilitario",San Jeronimo Y Iturraspe,2,1,0,0,1,0,0,"-31.628833333333,-60.702805555556",Calle,,SANTA FE,La Capital,Asfalto,No existe,I,Dentro,Urbana,S/D,No existe,Intersección,S/D,S/D,Nocturna,S/D,S/D,S/D,Colisión,S/D,Faltante,S/D,S/D
2018,3635,2018-04-04,Miercoles,0,20:25:00,Ruta Secundaria 34-s,0.0,2,"Automóvil,Moto/Ciclomotor",Tomas de la Torre Y Peron,2,1,0,0,1,0,0,"-32.917726, -60.807517",Ruta,34-s,FUNES,Rosario,Hormigón,No existe,II,Dentro,Urbana,Otra Señal,No existe,Intersección,Bueno,Buena,Nocturna,Buen Tiempo,Lateral,S/D,Colisión,Ninguna,Faltante,Ninguna,Sin restricción
2018,3636,2018-04-03,Martes,0,14:55:00,,0.0,3,"Moto/Ciclomotor,Moto/Ciclomotor,Moto/Ciclomotor",GÁLVEZ 2300,3,2,0,0,1,0,0,"-32.965805555556,-60.660305555556",Calle,,ROSARIO,Rosario,Asfalto,No existe,II,Dentro,Urbana,Señal Pare,No existe,Recta,Bueno,Buena,Diurna,Buen Tiempo,De alcance,S/D,Colisión,Ninguna,Vertical,Ninguna,Sin restricción
2018,3637,2018-03-05,Lunes,0,06:20:00,,0.0,1,Automóvil,Regis Martinez Y Pedro Alejandro Vittori,3,2,0,0,1,0,0,"-31.619277777778,-60.697666666667",Calle,,SANTA FE,La Capital,Asfalto,No existe,I,Dentro,Urbana,S/D,No existe,Recta,S/D,S/D,Amanecer,S/D,S/D,S/D,Despiste,S/D,Faltante,Ninguna,S/D
2018,3638,2018-04-15,Domingo,0,09:25:00,,0.0,2,"Automóvil,Moto/Ciclomotor", ,3,1,0,0,2,0,0,"-32.959251, -60.709513",Calle,,ROSARIO,Rosario,Asfalto,No existe,II,Dentro,Urbana,Ninguna,No existe,Intersección,Bueno,Buena,Atardecer,Otro,Lateral,S/D,Colisión,Ninguna,Faltante,Ninguna,Sin restricción
2018,3639,2018-03-05,Lunes,0,23:40:00,,0.0,2,"Moto/Ciclomotor,Automóvil",Av Facundo Zuviria Y Cordoba,2,1,0,0,1,0,0,"-31.627333333333,-60.705333333333",Avenida,,SANTA FE,La Capital,Asfalto,No existe,I,Dentro,Urbana,Semáforo,Funciona,Intersección,Bueno,S/D,"Nocturna,Con luz artificial",Buen Tiempo,Lateral,S/D,Colisión,Ninguna,Vertical,Cordón divisorio,Accidente Previo
2018,3640,2018-03-14,Miercoles,0,09:00:00,,0.0,1,Moto/Ciclomotor,Guemes 3952,1,1,0,0,0,0,0,"-31.616666666667,-60.691694444444",Calle,,SANTA FE,La Capital,Asfalto,No existe,I,S/D,Urbana,Ninguna,No existe,Recta,Bueno,Buena,Diurna,Buen Tiempo,Contra objeto fijo,S/D,Colisión,Ninguna,S/D,Ninguna,Sin restricción
2018,3641,2018-03-26,Lunes,0,05:30:00,,0.0,2,"Automóvil,Otros",Gorriti Y Santiago de Chile,2,0,1,0,1,0,0,"-31.587138888889,-60.70725",Avenida,,SANTA FE,La Capital,Asfalto,Pavimento,I,Dentro,Urbana,S/D,No existe,Curva,Bueno,Buena,"Nocturna,Con luz artificial",Buen Tiempo,Lateral,S/D,Colisión,Ninguna,Faltante,S/D,S/D
2018,3642,2018-04-05,Jueves,0,,,0.0,2,"Automóvil,Automóvil",Gutenberg Y Santa Fe,4,4,0,0,0,0,0,"-32.936275, -60.686957",Calle,,ROSARIO,Rosario,Asfalto,No existe,II,S/D,Urbana,Semáforo,Funciona,Intersección,Bueno,S/D,Diurna,Buen Tiempo,Lateral,S/D,Colisión,S/D,"Horizontal,Vertical",Línea divisoria pintada,S/D
2018,3643,2018-03-21,Miercoles,0,20:30:00,,0.0,2,"Automóvil,Bicicleta",Gorriti Y 1ro de Mayo,2,1,0,0,1,0,0,"-31.590305555556,-60.694166666667",Avenida,,SANTA FE,La Capital,Asfalto,No existe,I,Dentro,Urbana,S/D,No existe,Intersección,Resbaladiza,Buena,"Nocturna,Con luz artificial",Buen Tiempo,S/D,Ciclista,Atropello,Fluidos,Faltante,S/D,S/D
2018,3644,2018-03-06,Martes,0,17:15:00,,0.0,2,"Automóvil,Bicicleta",4 de Enero Y J P Lopez,2,1,0,0,1,0,0,"-31.607027777778,-60.700583333333",Calle,,SANTA FE,La Capital,Asfalto,No existe,I,Dentro,Urbana,S/D,No existe,Intersección,S/D,S/D,Diurna,S/D,S/D,Ciclista,Atropello,S/D,Horizontal,Ninguna,S/D
2018,3645,2018-03-07,Miercoles,0,18:15:00,,0.0,2,"Pickup/Utilitario,Moto/Ciclomotor",Saavedra Y Vieytes,3,2,0,0,1,0,0,"-31.60075,-60.70275",Calle,,SANTA FE,La Capital,Tierra,No existe,I,Dentro,Urbana,S/D,No existe,Intersección,S/D,S/D,Diurna,S/D,S/D,S/D,Colisión,S/D,Faltante,Ninguna,S/D
2018,3646,2018-04-06,Viernes,0,08:30:00,,0.0,2,"Automóvil,Automóvil",Italia Y Bv. 27 De Febrero,2,1,0,0,1,0,0,"-32.966,-60.65325",Calle,,ROSARIO,Rosario,Asfalto,No existe,II,Dentro,Urbana,Semáforo,Funciona,Recta,Bueno,Buena,Diurna,Buen Tiempo,De alcance,S/D,Colisión,Ninguna,Vertical,Ninguna,Sin restricción
2018,3647,2018-03-12,Lunes,0,07:30:00,,0.0,2,"Pickup/Utilitario,Moto/Ciclomotor",Av A del Valle Y Gorriti,2,1,0,0,1,0,0,"-31.590527777778,-60.692277777778",Avenida,,SANTA FE,La Capital,Asfalto,No existe,I,Dentro,Urbana,S/D,Funciona,Intersección,Bueno,Buena,Diurna,Buen Tiempo,Lateral,S/D,Colisión,Ninguna,Vertical,S/D,S/D
2018,3648,2018-03-07,Miercoles,0,18:30:00,,0.0,2,"Moto/Ciclomotor,Automóvil",San Jeronimo Y Juan Del Campillo,4,1,0,0,3,0,0,"-31.629722222222,-60.703027777778",Calle,,SANTA FE,La Capital,Hormigón,No existe,I,Dentro,Urbana,S/D,No existe,Intersección,S/D,S/D,Atardecer,S/D,S/D,S/D,Colisión,S/D,Faltante,Ninguna,S/D
2018,3649,2018-04-13,Viernes,0,08:00:00,,0.0,2,"Automóvil,Moto/Ciclomotor",Peron Y Ruta Nacional 9,2,1,0,0,1,0,0,"-32.921966, -60.808485",Calle,,FUNES,Rosario,Asfalto,Pavimento,II,Dentro,Urbana,Ninguna,No existe,Intersección,Bueno,Buena,Diurna,Buen Tiempo,Lateral,S/D,Colisión,Ninguna,Horizontal,Línea divisoria pintada,Sin restricción
2018,3650,2018-03-08,Jueves,0,23:25:00,,0.0,2,"Automóvil,Moto/Ciclomotor",Estanislao Zeballos Y San Martin,3,2,0,0,1,0,0,"-31.6055,-60.694416666667",Calle,,SANTA FE,La Capital,Asfalto,No existe,I,Dentro,Urbana,Otra Señal,No existe,Intersección,Bueno,Buena,"Nocturna,Con luz artificial",Buen Tiempo,Lateral,S/D,Colisión,Ninguna,Vertical,S/D,Accidente Previo
2018,3651,2018-03-04,Domingo,0,19:40:00,,0.0,2,"Automóvil,Moto/Ciclomotor",Av Facundo Zuviria Y Gorriti,2,1,0,0,1,0,0,"-31.589305555556,-60.698138888889",Avenida,,SANTA FE,La Capital,Asfalto,No existe,I,Dentro,Urbana,S/D,Funciona,Intersección,Bueno,Buena,Atardecer,Buen Tiempo,Lateral,S/D,Colisión,Ninguna,Vertical,S/D,S/D
2018,3652,2018-04-02,Lunes,0,18:30:00,,0.0,2,"Moto/Ciclomotor,Moto/Ciclomotor",Solis Y Casilda,3,1,1,0,1,0,0,"-32.928888, -60.703871",Calle,,ROSARIO,Rosario,Asfalto,No existe,II,S/D,Urbana,Señal Pare,No existe,Intersección,Bueno,Buena,Diurna,Buen Tiempo,Lateral,S/D,Colisión,Ninguna,Vertical,Ninguna,S/D
2018,3653,2018-04-06,Viernes,0,23:20:00,,0.0,2,"Moto/Ciclomotor,Automóvil",La Paz 3100,2,1,0,0,1,0,0,"-32.95925,-60.670111111111",Calle,,ROSARIO,Rosario,Asfalto,S/D,II,Dentro,Urbana,Ninguna,S/D,Recta,Bueno,Buena,Con luz artificial,Buen Tiempo,De alcance,S/D,Colisión,Ninguna,S/D,S/D,Sin restricción
2018,3654,2018-03-09,Viernes,0,,,0.0,2,"Transporte de Pasajeros Urbano (> 8 asientos),Moto/Ciclomotor",Av Facundo Zuviria Y Quintana,2,1,0,0,1,0,0,"-31.621527777778,-60.705444444444",Avenida,,SANTA FE,La Capital,Asfalto,No existe,I,Dentro,Urbana,S/D,Funciona,Intersección,S/D,S/D,S/D,S/D,S/D,S/D,Colisión,S/D,Vertical,Cordón divisorio,S/D
2018,3655,2018-03-04,Domingo,0,15:40:00,,0.0,2,"Automóvil,Moto/Ciclomotor",Av Facundo Zuviria Y Gorriti,2,1,0,0,1,0,0,"-31.589305555556,-60.698138888889",Avenida,,SANTA FE,La Capital,Asfalto,No existe,I,Dentro,Urbana,Semáforo,Funciona,Intersección,Bueno,Buena,Diurna,Buen Tiempo,Lateral,S/D,Colisión,Ninguna,Vertical,S/D,S/D
2018,3656,2018-04-05,Jueves,0,22:00:00,,0.0,2,"Peatón,Otros",Sanguinetti Y Calle 1825,2,1,0,0,1,0,0,"-32.969483, -60.706816",Calle,,ROSARIO,Rosario,Asfalto,No existe,II,Dentro,Urbana,Ninguna,No existe,Intersección,Deteriorada,Buena,Nocturna,Otro,S/D,Peatón,Atropello,Ninguna,Faltante,Ninguna,Sin restricción
2018,3657,2018-04-07,Sabado,0,23:50:00,,0.0,2,"Moto/Ciclomotor,Automóvil",Ituzaingo Y Sarmiento,2,1,0,0,1,0,0,"-32.960722222222,-60.64175",Calle,,ROSARIO,Rosario,Asfalto,S/D,II,Dentro,Urbana,Ninguna,S/D,Intersección,Bueno,Buena,Con luz artificial,Buen Tiempo,Lateral,S/D,Colisión,S/D,S/D,Ninguna,Sin restricción
2018,3658,2018-03-13,Martes,0,20:20:00,,0.0,2,"Moto/Ciclomotor,Pickup/Utilitario",Av A del Valle Y Regis Martinez,2,1,0,0,1,0,0,"-31.619111111111,-60.6985",Calle,,SANTA FE,La Capital,Asfalto,No existe,I,Dentro,Urbana,S/D,No existe,Intersección,S/D,S/D,Nocturna,S/D,S/D,S/D,Colisión,S/D,Faltante,Cordón divisorio,S/D
2018,3659,2018-03-20,Martes,0,17:00:00,,0.0,2,"Moto/Ciclomotor,Automóvil",Av A del Valle Y Domingo Silva,2,1,0,0,1,0,0,"-31.631083333333,-60.701194444444",Avenida,,SANTA FE,La Capital,Asfalto,No existe,I,Dentro,Urbana,S/D,No existe,Intersección,S/D,S/D,Diurna,S/D,S/D,S/D,Colisión,S/D,Faltante,S/D,S/D
2018,3660,2018-03-31,Sabado,0,01:40:00,,0.0,2,"Pickup/Utilitario,Moto/Ciclomotor",Av Blas Parera Y Ayacucho,2,1,0,0,1,0,0,"-31.590833333333,-60.724361111111",Avenida,,SANTA FE,La Capital,Asfalto,No existe,I,Dentro,Urbana,Otra Señal,No funciona,Recta,Bueno,Buena,Nocturna,Buen Tiempo,Otro,S/D,Colisión,Ninguna,Faltante,Cordón divisorio,Sin restricción
2018,3661,2018-03-21,Miercoles,0,12:30:00,,0.0,2,"Automóvil,Moto/Ciclomotor",J P Lopez 2500,2,1,0,0,1,0,0,"-31.608527777778,-60.693722222222",Calle,,SANTA FE,La Capital,Asfalto,No existe,I,Dentro,Urbana,Otra Señal,No existe,Recta,Bueno,Buena,Diurna,Buen Tiempo,Lateral,S/D,Colisión,Ninguna,Horizontal,S/D,Accidente Previo
2018,3662,2018-03-31,Sabado,0,00:20:00,,0.0,2,"Moto/Ciclomotor,Automóvil",Av Blas Parera Y Beruti,3,0,1,0,2,0,0,"-31.584916666667,-60.725833333333",Avenida,,SANTA FE,La Capital,Asfalto,No existe,I,S/D,Urbana,Ninguna,No existe,Recta,Bueno,S/D,Nocturna,Buen Tiempo,Otro,S/D,Colisión,Ninguna,Faltante,Cordón divisorio,Sin restricción
2018,3663,2018-03-22,Jueves,0,17:00:00,,0.0,2,"Automóvil,Bicicleta",Iturraspe Y San Martin,2,1,0,0,1,0,0,"-31.629111111111,-60.701472222222",Calle,,SANTA FE,La Capital,Asfalto,No existe,I,Dentro,Urbana,S/D,No existe,Intersección,S/D,S/D,Diurna,S/D,S/D,Ciclista,Atropello,S/D,Faltante,Ninguna,S/D
2018,3664,2018-03-24,Sabado,0,06:00:00,,0.0,2,"Moto/Ciclomotor,Pickup/Utilitario",Av A del Valle Y Domingo Silva,2,1,0,0,1,0,0,"-31.631083333333,-60.701194444444",Avenida,,SANTA FE,La Capital,Asfalto,No existe,I,Dentro,Urbana,S/D,No existe,Intersección,S/D,S/D,Amanecer,S/D,S/D,S/D,Colisión,S/D,Faltante,Cordón divisorio,S/D
2018,3665,2018-03-01,Jueves,0,14:30:00,,0.0,2,"Moto/Ciclomotor,Automóvil",Av Blas Parera Y Reg 12 de Infanteria,2,1,0,0,0,0,1,"-31.591638888889,-60.724111111111",Avenida,,SANTA FE,La Capital,Hormigón,No existe,I,Dentro,Urbana,Ninguna,No existe,Intersección,Bueno,Buena,Diurna,Buen Tiempo,Lateral,S/D,Colisión,Ninguna,"Horizontal,Vertical",Cordón divisorio,Sin restricción
2018,3666,2018-03-27,Martes,0,13:00:00,,0.0,2,"Bicicleta,Moto/Ciclomotor",Espora Y Av A del Valle,2,2,0,0,0,0,0,"-31.604,-60.692222222222",Avenida,,SANTA FE,La Capital,Asfalto,No existe,I,Dentro,Urbana,S/D,No existe,Intersección,S/D,S/D,Diurna,S/D,S/D,Ciclista,Atropello,S/D,Faltante,Cordón divisorio,S/D
2018,3667,2018-03-20,Martes,0,17:15:00,,0.0,1,Moto/Ciclomotor,Av Blas Parera Y Reg 12 de Infanteria,1,1,0,0,0,0,0,"-31.591638888889,-60.724111111111",Avenida,,SANTA FE,La Capital,Asfalto,No existe,I,S/D,Urbana,S/D,S/D,S/D,S/D,S/D,Diurna,S/D,S/D,S/D,S/D,S/D,S/D,S/D,S/D
2018,3668,2018-03-27,Martes,0,19:00:00,,0.0,2,"Automóvil,Automóvil",San Jeronimo Y J Castelli,4,1,0,0,3,0,0,"-31.606083333333,-60.696138888889",Calle,,SANTA FE,La Capital,Asfalto,No existe,I,Dentro,Urbana,S/D,No existe,Intersección,S/D,S/D,Atardecer,S/D,S/D,S/D,Colisión,S/D,Faltante,Ninguna,S/D
2018,3669,2018-03-04,Domingo,0,11:20:00,,0.0,2,"Automóvil,Pickup/Utilitario",Estanislao Zeballos Y Estrada,3,1,0,0,2,0,0,"-31.600361111111,-60.717833333333",Avenida,,SANTA FE,La Capital,Asfalto,No existe,I,S/D,Urbana,Ninguna,No existe,Intersección,Bueno,Buena,Diurna,Buen Tiempo,Otro,S/D,Colisión,Ninguna,Faltante,Cordón divisorio,Sin restricción
2018,3670,2018-03-06,Martes,0,16:10:00,,0.0,2,"Otros,Moto/Ciclomotor",Av Blas Parera Y Ayacucho,2,1,0,0,1,0,0,"-31.590833333333,-60.724361111111",Avenida,,SANTA FE,La Capital,Asfalto,No existe,I,S/D,Urbana,Semáforo,Funciona,Intersección,Bueno,Buena,Diurna,Buen Tiempo,Otro,S/D,Colisión,Ninguna,Faltante,Cordón divisorio,Sin restricción
2018,3671,2018-03-12,Lunes,0,09:40:00,,0.0,2,"Peatón,Moto/Ciclomotor",French ,2,2,0,0,0,0,0,"-32.921896779336,-60.730828719987",Calle,,SANTA FE,La Capital,Asfalto,No existe,I,S/D,Urbana,Ninguna,No existe,Intersección,Bueno,Buena,Diurna,Buen Tiempo,S/D,Peatón,Atropello,Ninguna,Faltante,Cordón divisorio,Sin restricción
2018,3672,2018-03-15,Jueves,0,11:20:00,,0.0,2,"Moto/Ciclomotor,Automóvil",Av Blas Parera Y Estado de Israel,2,1,0,0,1,0,0,"-31.602861111111,-60.720861111111",Avenida,,SANTA FE,La Capital,Asfalto,No existe,I,S/D,Urbana,Semáforo,Funciona,Intersección,Bueno,Buena,Diurna,Buen Tiempo,Otro,S/D,Colisión,Ninguna,Vertical,Cordón divisorio,Sin restricción
2018,3673,2018-03-21,Miercoles,0,10:15:00,,0.0,2,"Moto/Ciclomotor,Otros",Av Pe?aloza Y J Castelli,2,1,0,0,0,0,1,"-31.6025,-60.712638888889",Avenida,,SANTA FE,La Capital,Asfalto,No existe,I,S/D,Urbana,Semáforo,Funciona,Intersección,Bueno,Buena,Diurna,Buen Tiempo,Otro,S/D,Colisión,Ninguna,Vertical,Cordón divisorio,Sin restricción