anio_acci,nro_acci,fecha,desc_dia,fecha_aprox,hora_aprox,desc_ruta,km,cant_participantes,desc_participante,calle_avenida_km,total,heridos_leves,heridos_graves,heridos_gravisimos,ilesos,fallecidos,sin_datos,posicion_XY,desc_tipo_via,desc_ruta_ori,desc_loc,desc_dpto,desc_tipo_calzada,desc_tipo_banquina,desc_unidad_regional,desc_lugar_calzada,desc_zona,desc_prioridad,desc_estado_semaforo,desc_lugar_via,desc_estado_via,desc_estado_visibilidad,desc_luminosidad,desc_estado_clima,desc_tipo_colision,desc_tipo_atropello,desc_tipo_hecho,desc_pres_calzada,desc_senializacion,desc_separacion_via,desc_restriccion
2018,3674,2018-03-01,Jueves,1,,,0.0,2,"Moto/Ciclomotor,Otros",Hernandarias Y Lamadrid,2,1,0,0,0,0,1,"-31.602805555556,-60.715722222222",Calle,,SANTA FE,La Capital,S/D,No existe,I,S/D,S/D,Ninguna,No existe,Recta,Bueno,Buena,Diurna,Buen Tiempo,Otro,S/D,Colisión,Ninguna,Faltante,Ninguna,Sin restricción
2018,3675,2018-01-27,Sabado,0,11:10:00,,0.0,2,"Moto/Ciclomotor,Bicicleta",Av. Genova Y Av. Avellaneda B,2,2,0,0,0,0,0,"-32.915345,-60.691097",Avenida,,ROSARIO,Rosario,Asfalto,No existe,II,S/D,Urbana,S/D,S/D,Intersección,S/D,S/D,Diurna,S/D,S/D,Ciclista,Atropello,S/D,S/D,S/D,S/D
2018,3676,2018-01-14,Domingo,0,,Ruta Nacional 34,204.0,2,"Automóvil,Automóvil", ,4,4,0,0,0,0,0,"-31.30959, -61.51964",Ruta,34,RAFAELA,Castellanos,S/D,S/D,V,S/D,Urbana,S/D,S/D,S/D,S/D,S/D,S/D,S/D,Frontal,S/D,Colisión,S/D,S/D,S/D,S/D
2018,3677,2018-01-27,Sabado,0,,,0.0,2,"Moto/Ciclomotor,Automóvil",Boulevard Villada Y Boulevard Ovidio Lagos,2,1,0,0,1,0,0,"-33.038361111111,-61.168944444444",Avenida,,CASILDA,Caseros,Asfalto,No existe,IV,S/D,Urbana,S/D,S/D,Intersección,S/D,S/D,S/D,S/D,Lateral,S/D,Colisión,S/D,S/D,S/D,S/D
2018,3678,2018-06-07,Jueves,0,20:15:00,,0.0,2,"Automóvil,Moto/Ciclomotor",Entre Rios Y Pastor Barrios,2,1,0,0,1,0,0,"-31.305296632583, -60.658165542628",Calle,,LAGUNA PAIVA,La Capital,Asfalto,No existe,I,Dentro,Urbana,Ninguna,No existe,Intersección,Bueno,Buena,Nocturna,Otro,Lateral,S/D,Colisión,Ninguna,Faltante,Ninguna,Sin restricción
2018,3679,2018-01-28,Domingo,0,,Autopista Nacional Rosario -Cordoba,300.0,2,"Automóvil,Camión",Autopista Rosario Cordoba ,2,1,0,0,1,0,0,"-32.94952, -60.74238",Autopista,Rosario -Córdoba,ROSARIO,Rosario,Asfalto,S/D,II,Dentro,Urbana,S/D,S/D,Recta,S/D,S/D,S/D,S/D,S/D,S/D,Colisión,S/D,S/D,S/D,S/D
2018,3680,2018-01-15,Lunes,0,19:45:00,Ruta Nacional 19,92.0,2,"Tractor,Tractor", ,2,1,0,0,1,0,0,"-31.48646, -61.71842",Ruta,19,RAFAELA,Castellanos,S/D,S/D,V,S/D,S/D,S/D,S/D,S/D,S/D,S/D,S/D,S/D,S/D,S/D,Colisión,S/D,S/D,S/D,S/D
2018,3681,2018-06-08,Viernes,0,07:45:00,,0.0,2,"Moto/Ciclomotor,Tracción animal / Carro",Av Pte Peron Y Leandro N Alem,2,1,0,0,1,0,0,"-31.314073155920, -60.658452302589",Calle,,LAGUNA PAIVA,La Capital,Asfalto,No existe,I,Dentro,Urbana,Ninguna,No existe,Intersección,Bueno,Buena,Diurna,Buen Tiempo,Contra objeto fijo,S/D,Colisión,Ninguna,Faltante,Ninguna,Sin restricción
2018,3682,2018-06-11,Lunes,0,13:15:00,,0.0,2,"Automóvil,Moto/Ciclomotor",Colono Y 25 de Mayo,2,1,0,0,1,0,0,"-31.310489724676, -60.663258821144",Calle,,LAGUNA PAIVA,La Capital,Ripio,No existe,I,Dentro,Urbana,Ninguna,No existe,Intersección,Bueno,Buena,Diurna,Buen Tiempo,Lateral,S/D,Colisión,Ninguna,Faltante,Ninguna,Sin restricción
2018,3683,2018-01-28,Domingo,0,09:30:00,,0.0,2,"Moto/Ciclomotor,Pickup/Utilitario",Boulevard Lisandro de la Torre Y General Juan Lavalle,2,1,0,0,1,0,0,"-33.040611111111,-61.156944444444",Calle,,CASILDA,Caseros,Asfalto,No existe,IV,S/D,Urbana,S/D,S/D,Intersección,S/D,S/D,Diurna,S/D,Lateral,S/D,Colisión,S/D,S/D,S/D,S/D
2018,3684,2018-06-12,Martes,0,09:45:00,,0.0,2,"Moto/Ciclomotor,Moto/Ciclomotor",1? de Mayo Y Boassi,2,0,1,0,1,0,0,"-31.309073518316, -60.659482270851",Calle,,LAGUNA PAIVA,La Capital,Asfalto,No existe,I,Dentro,Urbana,Ninguna,No existe,Intersección,Bueno,Buena,Diurna,Buen Tiempo,Lateral,S/D,Colisión,Ninguna,Faltante,Ninguna,Sin restricción
2018,3685,2018-01-28,Domingo,0,,Ruta Nacional 34,221.2,1,Moto/Ciclomotor,Av Angela de las Casa 3000,1,0,1,0,0,0,0,"-31.26756, -61.50903",Ruta,34,RAFAELA,Castellanos,Asfalto,S/D,V,S/D,Urbana,S/D,S/D,Recta,S/D,S/D,S/D,S/D,S/D,S/D,"Caída ocupante,Despiste",S/D,S/D,S/D,S/D
2018,3686,2018-06-01,Viernes,0,12:00:00,,0.0,2,"Automóvil,Moto/Ciclomotor",guemes Y lisandro de la torre,4,2,1,0,1,0,0,"-30.3155, -61.22795",Calle,,SAN CRISTÓBAL,San Cristóbal,"Tierra,Ripio",No existe,XIII,Dentro,Urbana,Ninguna,No existe,Intersección,Resbaladiza,Buena,Diurna,Buen Tiempo,Lateral,S/D,Colisión,Material Suelto,Faltante,Ninguna,Sin restricción
2018,3687,2018-06-15,Viernes,0,14:00:00,,0.0,2,"Automóvil,Moto/Ciclomotor",Obrero Y Guemes,2,0,1,0,1,0,0,"-31.302721175518, -60.669160428629",Calle,,LAGUNA PAIVA,La Capital,Ripio,No existe,I,Dentro,Urbana,Ninguna,No existe,Intersección,Bueno,Buena,Diurna,Buen Tiempo,Lateral,S/D,Colisión,Ninguna,Faltante,Ninguna,Sin restricción
2018,3688,2018-01-01,Lunes,0,00:30:00,,0.0,2,"Moto/Ciclomotor,Moto/Ciclomotor",AV. EVA PERON Y CORRADO BERTI,2,0,1,0,0,0,1,"-33.762741225215, -61.942648950870",Calle,,VENADO TUERTO,General López,S/D,S/D,VIII,S/D,Urbana,S/D,S/D,S/D,S/D,S/D,S/D,S/D,S/D,S/D,Colisión,S/D,S/D,S/D,S/D
2018,3689,2018-01-01,Lunes,0,04:30:00,Ruta Nacional 8,0.0,2,"Moto/Ciclomotor,Automóvil",Alvear Y Ruta Nac 8,3,0,2,0,1,0,0,"-33.75379, -61.97492",Ruta,8,VENADO TUERTO,General López,S/D,S/D,VIII,S/D,S/D,S/D,S/D,S/D,S/D,S/D,S/D,S/D,S/D,S/D,Colisión,S/D,S/D,S/D,S/D
2018,3690,2018-06-22,Viernes,0,18:30:00,,0.0,2,"Peatón,Moto/Ciclomotor",Av Pte Peron Y Av San Martin,2,1,0,0,1,0,0,"-31.308103346458, -60.658171813139",Avenida,,LAGUNA PAIVA,La Capital,Asfalto,No existe,I,Dentro,Urbana,Ninguna,Funciona,Recta,Bueno,Buena,Diurna,Buen Tiempo,S/D,Peatón,Atropello,Ninguna,Faltante,Ninguna,Sin restricción
2018,3691,2018-01-28,Domingo,0,,Ruta Nacional 34,222.3,2,"Moto/Ciclomotor,Automóvil",Bv Pte Roca Y Ruta Nac 34 Gral Guemes,2,1,0,0,1,0,0,"-31.25035, -61.50591",Ruta,34,RAFAELA,Castellanos,Asfalto,S/D,V,S/D,Urbana,S/D,S/D,Intersección,S/D,S/D,S/D,S/D,Lateral,S/D,Colisión,S/D,S/D,S/D,S/D
2018,3692,2018-06-30,Sabado,0,12:00:00,,0.0,2,"Automóvil,Moto/Ciclomotor",Luis Forani Y Guemes,2,1,0,0,1,0,0,"-31.307459616295, -60.669437091001",Calle,,LAGUNA PAIVA,La Capital,Ripio,No existe,I,Dentro,Urbana,Ninguna,No existe,Intersección,Bueno,Buena,Diurna,Buen Tiempo,Lateral,S/D,Colisión,Ninguna,Faltante,Ninguna,Sin restricción
2018,3693,2018-01-01,Lunes,0,12:40:00,,0.0,1,Automóvil,Chaco Y Manuel Espora,1,1,0,0,0,0,0,"-33.732611111111,-61.956527777778",Calle,,VENADO TUERTO,General López,S/D,S/D,VIII,S/D,Urbana,S/D,S/D,S/D,S/D,S/D,S/D,S/D,S/D,S/D,Vuelco,S/D,S/D,S/D,S/D
2018,3694,2018-01-03,Miercoles,0,15:30:00,Ruta Nacional 34,0.0,2,"Moto/Ciclomotor,Automóvil",Colon Y Ruta Nac 34,2,1,0,0,1,0,0,"-32.58562, -61.1896",Ruta,34,TOTORAS,Iriondo,S/D,S/D,X,S/D,Urbana,S/D,S/D,S/D,S/D,S/D,S/D,S/D,S/D,S/D,Colisión,S/D,S/D,S/D,S/D
2018,3695,2018-01-03,Miercoles,0,,Ruta Nacional 34,0.0,2,"Automóvil,Automóvil", ,2,2,0,0,0,0,0,"-30.937144,-61.543120",Ruta,34,SUNCHALES,Castellanos,S/D,S/D,V,S/D,S/D,S/D,S/D,S/D,S/D,S/D,S/D,S/D,S/D,S/D,Colisión,S/D,S/D,S/D,S/D
2018,3696,2018-06-01,Viernes,0,10:50:00,,0.0,2,"Automóvil,Moto/Ciclomotor",San Martin Y Bargellini,2,1,0,0,1,0,0,"-30.53496, -61.95808",Avenida,,SUARDI,San Cristóbal,Asfalto,Natural,XIII,Dentro,Urbana,Ninguna,No existe,Intersección,Bueno,Buena,Amanecer,Otro,Lateral,S/D,Colisión,Ninguna,Horizontal,Línea divisoria pintada,Sin restricción
2018,3697,2018-06-03,Domingo,0,21:00:00,Ruta Provincial 2,0.0,2,"Automóvil,Moto/Ciclomotor",Ruta Provincial 2 Y Av Los Quinteros,7,2,1,0,4,0,0,"-31.55274, -60.69275",Ruta,2,ÁNGEL GALLARDO,La Capital,Hormigón,Natural,I,Dentro,Rural,Señal Ceda el Paso,No existe,Cruce,Bueno,Buena,"Atardecer,Con luz artificial",S/D,Lateral,S/D,Colisión,Ninguna,S/D,Ninguna,Sin restricción
2018,3698,2018-01-03,Miercoles,0,,,0.0,2,"Moto/Ciclomotor,Automóvil",Av Brasil Y Av Italia,2,1,0,0,1,0,0,"-31.245694444444,-61.476",Avenida,,RAFAELA,Castellanos,S/D,S/D,V,S/D,Urbana,S/D,S/D,S/D,S/D,S/D,S/D,S/D,S/D,S/D,Colisión,S/D,S/D,S/D,S/D
2018,3699,2018-01-26,Viernes,0,22:10:00,Ruta Provincial 31,14.0,2,"Moto/Ciclomotor,Moto/Ciclomotor", ,3,3,0,0,0,0,0,"-28.97932, -59.64436",Ruta,31,SANTA ANA,General Obligado,Asfalto,S/D,IX,S/D,Rural,S/D,No existe,Recta,S/D,S/D,Nocturna,S/D,S/D,S/D,Colisión,S/D,S/D,S/D,S/D
2018,3700,2018-01-03,Miercoles,0,,,0.0,2,"Automóvil,Bicicleta",R Casabella Y Gral Juan Pablo Lopez,2,1,0,0,1,0,0,"-31.258361111111,-61.509638888889",Calle,,RAFAELA,Castellanos,S/D,S/D,V,S/D,Urbana,S/D,S/D,S/D,S/D,S/D,S/D,S/D,S/D,Ciclista,Atropello,S/D,S/D,S/D,S/D
2018,3701,2018-06-05,Martes,0,12:00:00,Ruta Provincial 2,0.0,2,"Automóvil,Camión Chasis",Ruta provincial 39 ,3,1,0,0,2,0,0,"-30.29616, -61.2231",Ruta,2,SAN CRISTÓBAL,San Cristóbal,Asfalto,Natural,XIII,Dentro,Rural,Ninguna,No existe,Intersección,Bueno,Buena,Diurna,Buen Tiempo,Lateral,S/D,Colisión,Ninguna,Faltante,Línea divisoria pintada,Sin restricción
2018,3702,2018-01-04,Jueves,0,,Ruta Nacional 9,0.0,1,Pickup/Utilitario, ,5,5,0,0,0,0,0,"-32.737580,-61.816718",Ruta,9,TORTUGAS,Belgrano,S/D,S/D,III,S/D,S/D,S/D,S/D,S/D,S/D,S/D,S/D,S/D,S/D,S/D,"Vuelco,Despiste",S/D,S/D,S/D,S/D
2018,3703,2018-01-28,Domingo,0,,,0.0,2,"Moto/Ciclomotor,Automóvil",Jose de San Martin Y Sarmiento,3,0,2,0,1,0,0,"-31.973944444444,-60.916777777778",Calle,,CORONDA,San Jerónimo,Asfalto,No existe,XV,S/D,Urbana,S/D,S/D,Intersección,S/D,S/D,S/D,S/D,Lateral,S/D,Colisión,S/D,S/D,S/D,S/D
2018,3704,2018-01-04,Jueves,0,21:10:00,,0.0,2,"Automóvil,Moto/Ciclomotor",B Mitre Y Gral Lopez,4,2,0,0,2,0,0,"-31.58432, -60.94112",Calle,,FRANCK,Las Colonias,S/D,S/D,XI,S/D,Urbana,S/D,S/D,S/D,S/D,S/D,S/D,S/D,S/D,S/D,Colisión,S/D,S/D,S/D,S/D
2018,3705,2018-06-11,Lunes,0,20:00:00,,0.0,2,"Moto/Ciclomotor,Automóvil",Caseros Y 9 de Julio,2,1,0,0,1,0,0,"-30.307388888889,-61.232805555556",Calle,,SAN CRISTÓBAL,San Cristóbal,Asfalto,No existe,XIII,Dentro,Urbana,Ninguna,No existe,Intersección,Bueno,Buena,Nocturna,Buen Tiempo,Lateral,S/D,Colisión,Ninguna,Vertical,Ninguna,Sin restricción
2018,3706,2018-06-03,Domingo,0,21:00:00,Ruta Provincial 2,0.0,1,Moto/Ciclomotor,Ruta Provincial 2 Y Av Los Quinteros,1,1,0,0,0,0,0,"-31.55274, -60.69275",Ruta,2,ÁNGEL GALLARDO,La Capital,Hormigón,Natural,I,Dentro,Rural,Señal Ceda el Paso,No existe,Cruce,Bueno,Buena,"Atardecer,Con luz artificial",Buen Tiempo,S/D,S/D,Caída ocupante,Ninguna,S/D,Ninguna,Accidente Previo
2018,3707,2018-06-13,Miercoles,0,05:30:00,,0.0,2,"Moto/Ciclomotor,Automóvil",Caseros Y 9 de Julio,3,2,0,0,1,0,0,"-30.307388888889,-61.232805555556",Calle,,SAN CRISTÓBAL,San Cristóbal,Asfalto,No existe,XIII,Dentro,Urbana,Ninguna,No existe,Intersección,Bueno,Buena,Nocturna,Buen Tiempo,Lateral,S/D,Colisión,Ninguna,Vertical,Ninguna,Sin restricción
2018,3708,2018-01-05,Viernes,0,09:50:00,Ruta Nacional 11,0.0,3,"Automóvil,Automóvil,Automóvil",Calle 21 Y Ruta Nacional 11,8,2,0,0,6,0,0,"-29.123694444444,-59.653111111111",Ruta,11,AVELLANEDA,General Obligado,S/D,S/D,IX,S/D,Urbana,S/D,S/D,S/D,S/D,S/D,S/D,S/D,Múltiple,S/D,Colisión,S/D,S/D,S/D,S/D
2018,3709,2018-01-28,Domingo,0,,,0.0,1,Moto/Ciclomotor,Dr Guena L G ,1,1,0,0,0,0,0,"-32.241254,-60.978072",Calle,,BARRANCAS,San Jerónimo,S/D,S/D,XV,Dentro,Urbana,S/D,S/D,Recta,S/D,S/D,S/D,S/D,S/D,S/D,Caída ocupante,S/D,S/D,S/D,S/D
2018,3710,2018-06-08,Viernes,0,21:50:00,Ruta Provincial 5,0.0,2,"Bicicleta,Moto/Ciclomotor",Ruta Provincial 5 Y Empalme Ruta Provincial 2,2,2,0,0,0,0,0,"-31.53783, -60.69579",Ruta,5,MONTE VERA,La Capital,Hormigón,Natural,I,Dentro,Rural,Ninguna,No existe,Recta,Bueno,Buena,"Nocturna,Con luz artificial",Buen Tiempo,S/D,Ciclista,Atropello,Ninguna,S/D,Ninguna,Sin restricción
2018,3711,2018-06-15,Viernes,0,11:50:00,,0.0,2,"Pickup/Utilitario,Moto/Ciclomotor",Las Heras Y Guemes,3,1,1,0,1,0,0,"-30.313222222222,-61.227388888889",Calle,,SAN CRISTÓBAL,San Cristóbal,Ripio,Natural,XIII,S/D,Urbana,Ninguna,No existe,Intersección,Bueno,Buena,Diurna,Buen Tiempo,Lateral,S/D,Colisión,S/D,Faltante,Ninguna,Sin restricción
2018,3712,2018-01-28,Domingo,0,20:30:00,,0.0,1,Peatón,Mitre 1576,1,0,1,0,0,0,0,"-32.955611111111,-60.641944444444",Calle,,ROSARIO,Rosario,Asfalto,No existe,XVII,S/D,Urbana,S/D,S/D,Recta,S/D,S/D,Nocturna,S/D,S/D,S/D,Caída ocupante,S/D,S/D,S/D,S/D
2018,3713,2018-06-08,Viernes,0,21:50:00,Ruta Provincial 5,0.0,2,"Pickup/Utilitario,Moto/Ciclomotor",Ruta Provincial 5 Y Empalme Ruta Provincial 2,2,1,0,0,1,0,0,"-31.53783, -60.69579",Ruta,5,MONTE VERA,La Capital,Hormigón,Natural,I,Dentro,Rural,Ninguna,No existe,Recta,Bueno,Buena,"Nocturna,Con luz artificial",Buen Tiempo,De alcance,S/D,Colisión,Ninguna,S/D,Ninguna,Accidente Previo
2018,3714,2018-06-21,Jueves,0,12:50:00,,0.0,2,"Automóvil,Moto/Ciclomotor",Maipu Y Alberdi,2,1,0,0,1,0,0,"-30.315694444444,-61.239638888889",Calle,,SAN CRISTÓBAL,San Cristóbal,"Tierra,Ripio",No existe,XIII,Dentro,Urbana,Ninguna,No existe,Intersección,Resbaladiza,Buena,Diurna,Buen Tiempo,Lateral,S/D,Colisión,Ninguna,Faltante,Ninguna,Sin restricción
2018,3715,2018-01-30,Martes,0,22:10:00,,0.0,2,"Moto/Ciclomotor,Moto/Ciclomotor",Av. Battle y Ordo?ez Y Espa?a,2,2,0,0,0,0,0,"-33.009111111111,-60.657361111111",Avenida,,ROSARIO,Rosario,Asfalto,No existe,II,S/D,Urbana,S/D,S/D,Intersección,S/D,S/D,Nocturna,S/D,Lateral,S/D,Colisión,S/D,S/D,S/D,S/D
2018,3716,2018-06-12,Martes,0,11:50:00,Ruta Provincial 2,0.0,2,"Pickup/Utilitario,Moto/Ciclomotor", ,3,0,1,0,2,0,0,"-31.55274, -60.69275",Ruta,2,ÁNGEL GALLARDO,La Capital,Hormigón,Natural,I,Dentro,Rural,Ninguna,No existe,Curva,Bueno,Buena,Diurna,Buen Tiempo,Lateral,S/D,Colisión,Ninguna,S/D,Línea divisoria pintada,Sin restricción
2018,3717,2018-06-24,Domingo,0,07:20:00,Ruta Provincial 4,0.0,2,"Automóvil,Moto/Ciclomotor",TERESA DE CALCUTA ,4,1,1,0,2,0,0,"-30.314383107578, -61.226902312925",Ruta,4,SAN CRISTÓBAL,San Cristóbal,Hormigón,Natural,XIII,Dentro,Urbana,Ninguna,No existe,Intersección,Bueno,Buena,Amanecer,Buen Tiempo,Lateral,S/D,Colisión,Ninguna,S/D,Ninguna,Sin restricción
2018,3718,2018-06-29,Viernes,0,20:15:00,,0.0,2,"Moto/Ciclomotor,Moto/Ciclomotor",Pueyrredon Y Gral Paz,3,3,0,0,0,0,0,"-30.301888888889,-61.230083333333",Calle,,SAN CRISTÓBAL,San Cristóbal,Asfalto,Pavimento,XIII,Dentro,Urbana,Ninguna,No existe,Intersección,Bueno,Buena,Nocturna,Buen Tiempo,Frontal,S/D,Colisión,Ninguna,Faltante,Ninguna,Sin restricción
2018,3719,2018-06-16,Sabado,0,16:00:00,,0.0,2,"Automóvil,Moto/Ciclomotor",Ruta pcial 2 Av San Martin Y Neuquen,4,1,2,0,1,0,0,"-31.519570398430, -60.681995665257",Calle,,MONTE VERA,La Capital,Hormigón,Ripio,I,Dentro,Urbana,Ninguna,No existe,Intersección,Bueno,Buena,Diurna,Buen Tiempo,Lateral,S/D,Colisión,Ninguna,S/D,Línea divisoria pintada,Sin restricción
2018,3720,2018-06-30,Sabado,0,21:10:00,,0.0,2,"Moto/Ciclomotor,Moto/Ciclomotor",Bv Rivadavia 1500,4,4,0,0,0,0,0,"-30.304638888889,-61.241055555556",Calle,,SAN CRISTÓBAL,San Cristóbal,Asfalto,No existe,XIII,Dentro,Urbana,Ninguna,No existe,Recta,Bueno,Buena,Diurna,Buen Tiempo,De alcance,S/D,Colisión,Ninguna,Faltante,Ninguna,Sin restricción
2018,3721,2018-06-14,Jueves,0,22:30:00,,0.0,1,Moto/Ciclomotor, ,2,0,1,0,1,0,0,"-30.14996, -61.90008",Camino Rural,,COLONIA ANA,San Cristóbal,Arena,No existe,XIII,Dentro,Rural,Ninguna,No existe,Recta,S/D,Buena,Nocturna,Buen Tiempo,Atropello animal,S/D,Colisión,Ninguna,Faltante,Ninguna,Sin restricción
2018,3722,2018-06-17,Domingo,0,19:20:00,,0.0,2,"Moto/Ciclomotor,Moto/Ciclomotor",Ruta pcial 2 Av San Martin Y Rio Negro,2,2,0,0,0,0,0,"-31.520514536003, -60.682317530339",Calle,,MONTE VERA,La Capital,Hormigón,Natural,I,Dentro,Urbana,Ninguna,No existe,Intersección,Bueno,Buena,"Atardecer,Con luz artificial",Buen Tiempo,Lateral,S/D,Colisión,Ninguna,S/D,Línea divisoria pintada,Sin restricción
2018,3723,2018-03-27,Martes,0,18:05:00,,0.0,2,"Moto/Ciclomotor,Moto/Ciclomotor",Estanislao Zeballos Y 1ro de Mayo,5,3,0,0,2,0,0,"-31.604666666667,-60.698222222222",Calle,,SANTA FE,La Capital,Asfalto,No existe,I,Dentro,Urbana,Semáforo,Funciona,Intersección,S/D,S/D,Diurna,S/D,S/D,S/D,Colisión,S/D,Vertical,Ninguna,S/D
2018,3724,2018-03-29,Jueves,0,11:00:00,,0.0,2,"Bicicleta,Automóvil",Av A del Valle Y Padilla,2,1,0,0,1,0,0,"-31.621861111111,-60.699194444444",Calle,,SANTA FE,La Capital,Asfalto,No existe,I,Dentro,Urbana,S/D,No existe,Recta,S/D,S/D,Diurna,S/D,S/D,Ciclista,Atropello,S/D,Faltante,Cordón divisorio,S/D
2018,3725,2018-03-30,Viernes,0,03:00:00,,0.0,2,"Pickup/Utilitario,Bicicleta",Av A del Valle Y Salvador del Carril,3,2,0,0,1,0,0,"-31.618388888889,-60.698083333333",Avenida,,SANTA FE,La Capital,Asfalto,No existe,I,Dentro,Urbana,S/D,No existe,Intersección,S/D,S/D,Nocturna,S/D,S/D,Ciclista,Atropello,S/D,Faltante,Cordón divisorio,S/D
2018,3726,2018-04-05,Jueves,0,22:00:00,,0.0,2,"Automóvil,Moto/Ciclomotor",Sanguinetti Y Dr.Casal,2,0,0,0,1,0,1,"-32.971893, -60.697547",Calle,,ROSARIO,Rosario,Asfalto,No existe,II,Dentro,Urbana,Ninguna,No existe,Intersección,Bueno,Buena,Nocturna,Buen Tiempo,Lateral,S/D,Colisión,Ninguna,Faltante,Ninguna,Sin restricción
2018,3727,2018-04-24,Martes,0,18:15:00,,0.0,2,"Automóvil,Moto/Ciclomotor",GÁLVEZ Y Libertad,3,2,0,0,1,0,0,"-33.151661, -60.509202",Calle,,ARROYO SECO,Rosario,Asfalto,No existe,II,Dentro,Urbana,Ninguna,No existe,Intersección,"Deteriorada,Ahuellamiento",S/D,S/D,Buen Tiempo,S/D,S/D,Colisión,Ninguna,Faltante,Cordón divisorio,Sin restricción
2018,3728,2018-04-12,Jueves,0,17:00:00,Ruta Provincial 26,0.0,2,"Bicicleta,Moto/Ciclomotor",1 de Mayo Y Justo Juan Bautista,3,1,0,0,2,0,0,"-33.151545, -60.515129",Ruta,26,ARROYO SECO,Rosario,Asfalto,No existe,II,Dentro,Urbana,Ninguna,No existe,Intersección,"Con baches,Deteriorada",Buena,Diurna,Buen Tiempo,S/D,Ciclista,Atropello,Ninguna,Faltante,Ninguna,Sin restricción
2018,3729,2018-03-03,Sabado,0,09:35:00,,0.0,2,"Moto/Ciclomotor,Automóvil",Av Blas Parera Y Combatientes de Malvinas,2,1,0,0,0,0,1,"-31.569222222222,-60.729888888889",Avenida,,SANTA FE,La Capital,Asfalto,No existe,I,S/D,Urbana,Semáforo,Funciona,Intersección,Bueno,S/D,Diurna,Buen Tiempo,S/D,S/D,Colisión,Otro,"Horizontal,Vertical",Ninguna,Sin restricción
2018,3731,2018-04-08,Domingo,0,10:50:00,,0.0,2,"Moto/Ciclomotor,Pickup/Utilitario",Cochabamba Y Pte.Roca,2,1,0,0,1,0,0,"-32.957191431017, -60.648178467328",Calle,,ROSARIO,Rosario,Asfalto,No existe,II,Dentro,Urbana,Ninguna,No existe,Intersección,Bueno,Buena,Diurna,Lluvia,Lateral,S/D,Colisión,Agua,Faltante,Ninguna,Sin restricción
2018,3732,2018-03-15,Jueves,0,20:40:00,,0.0,2,"Moto/Ciclomotor,Automóvil",Av Blas Parera Y Monse?or Rodriguez,2,1,0,0,1,0,0,"-31.561666666667,-60.729277777778",Avenida,,SANTA FE,La Capital,Asfalto,No existe,I,S/D,Urbana,Semáforo,Funciona,Intersección,Bueno,S/D,Nocturna,Buen Tiempo,Lateral,S/D,Colisión,Otro,Vertical,Ninguna,Sin restricción
2018,3733,2018-03-04,Domingo,0,22:10:00,,0.0,2,"Automóvil,Moto/Ciclomotor",Av Blas Parera Y De La Salle,3,2,0,0,1,0,0,"-31.561666666667,-60.729277777778",Calle,,SANTA FE,La Capital,Asfalto,No existe,I,S/D,Urbana,Semáforo,Funciona,Intersección,Deteriorada,S/D,Nocturna,Buen Tiempo,De alcance,S/D,Colisión,Otro,Vertical,Ninguna,Sin restricción
2018,3734,2018-04-16,Lunes,0,10:33:00,,0.0,3,"Camión c / Acoplado,Transporte de Pasajeros Urbano (> 8 asientos),Pickup/Utilitario",CAMINO RURAL ,3,3,0,0,0,0,0,"-33.183313, -60.469669",Camino Rural,,FIGHIERA,Rosario,Tierra,No existe,II,S/D,Rural,Ninguna,No existe,Recta,Bueno,Buena,Diurna,S/D,Múltiple,S/D,Colisión,S/D,Faltante,Ninguna,Sin restricción
2018,3735,2018-03-22,Jueves,0,18:10:00,,0.0,2,"Peatón,Moto/Ciclomotor",Beruti Y Arzeno,2,1,0,0,1,0,0,"-31.584361111111,-60.729638888889",Calle,,SANTA FE,La Capital,Asfalto,No existe,I,S/D,Urbana,Ninguna,No existe,Recta,Bueno,Buena,Diurna,Buen Tiempo,S/D,Peatón,Atropello,Ninguna,Faltante,Ninguna,Sin restricción
2018,3736,2018-04-05,Jueves,0,21:00:00,,0.0,2,"Automóvil,Moto/Ciclomotor",Pueyrredon Y Garay,2,1,0,0,1,0,0,"-33.190244, -60.472830",Calle,,FIGHIERA,Rosario,Asfalto,No existe,II,Dentro,Urbana,Ninguna,No existe,Intersección,Bueno,Buena,Nocturna,S/D,S/D,S/D,Colisión,S/D,S/D,Cordón divisorio,Sin restricción
2018,3737,2018-04-11,Miercoles,0,17:00:00,,0.0,2,"Automóvil,Automóvil",Bv. 27 De Febrero Y Entre Rios,3,1,0,0,1,0,1,"-32.967222222222,-60.646333333333",Avenida,,ROSARIO,Rosario,Asfalto,No existe,II,Dentro,Urbana,Semáforo,Funciona,Recta,Bueno,Buena,Diurna,Buen Tiempo,De alcance,S/D,Colisión,Ninguna,Vertical,Cordón divisorio,Sin restricción
2018,3738,2018-04-14,Sabado,0,17:00:00,,0.0,2,"Bicicleta,Moto/Ciclomotor",Garay 650,2,1,0,0,0,0,1,"-33.190203, -60.472740",Calle,,FIGHIERA,Rosario,Asfalto,No existe,II,Dentro,Urbana,Ninguna,No existe,Recta,Bueno,Buena,Diurna,S/D,S/D,S/D,Colisión,S/D,S/D,Cordón divisorio,Sin restricción
2018,3739,2018-03-19,Lunes,0,14:00:00,,0.0,2,"Moto/Ciclomotor,Moto/Ciclomotor",Callejon Mendez 6351,4,3,0,0,1,0,0,"-31.576242775309, -60.736119615050",Calle,,SANTA FE,La Capital,Asfalto,No existe,I,S/D,Urbana,Ninguna,No existe,Recta,Con baches,Buena,Diurna,Buen Tiempo,De alcance,S/D,Colisión,Material Suelto,Faltante,Ninguna,Sin restricción