anio_acci,nro_acci,fecha,desc_dia,fecha_aprox,hora_aprox,desc_ruta,km,cant_participantes,desc_participante,calle_avenida_km,total,heridos_leves,heridos_graves,heridos_gravisimos,ilesos,fallecidos,sin_datos,posicion_XY,desc_tipo_via,desc_ruta_ori,desc_loc,desc_dpto,desc_tipo_calzada,desc_tipo_banquina,desc_unidad_regional,desc_lugar_calzada,desc_zona,desc_prioridad,desc_estado_semaforo,desc_lugar_via,desc_estado_via,desc_estado_visibilidad,desc_luminosidad,desc_estado_clima,desc_tipo_colision,desc_tipo_atropello,desc_tipo_hecho,desc_pres_calzada,desc_senializacion,desc_separacion_via,desc_restriccion
2018,3740,2018-04-24,Martes,0,07:40:00,,0.0,2,"Bicicleta,Moto/Ciclomotor",Italia Y Viamonte,2,1,0,0,1,0,0,"-32.963582, -60.652715",Calle,,ROSARIO,Rosario,Asfalto,No existe,II,Dentro,Urbana,Ninguna,No existe,Intersección,Bueno,Buena,Diurna,Buen Tiempo,S/D,Ciclista,Atropello,Ninguna,Faltante,Ninguna,Sin restricción
2018,3741,2018-04-20,Viernes,0,10:40:00,,0.0,2,"Moto/Ciclomotor,Automóvil",J.M.de Rosas Y La Paz,2,1,0,0,1,0,0,"-32.965412, -60.635732",Calle,,ROSARIO,Rosario,Asfalto,No existe,II,Dentro,Urbana,Ninguna,No existe,Recta,Bueno,Buena,Diurna,Buen Tiempo,De alcance,S/D,Colisión,Ninguna,Faltante,Ninguna,Sin restricción
2018,3742,2018-03-26,Lunes,0,19:30:00,,0.0,3,"Peatón,Peatón,Transporte de Pasajeros Urbano (> 8 asientos)",Av Blas Parera Y Misiones,3,2,0,0,1,0,0,"-31.572083333333,-60.729055555556",Avenida,,SANTA FE,La Capital,Asfalto,No existe,I,S/D,Urbana,Semáforo,Funciona,Recta,Bueno,Buena,Atardecer,Buen Tiempo,S/D,Peatón,Atropello,Ninguna,"Horizontal,Vertical",Línea divisoria pintada,Sin restricción
2018,3743,2018-04-20,Viernes,0,16:45:00,,0.0,2,"Moto/Ciclomotor,Automóvil",Mitre Y Virasoro,3,2,0,0,1,0,0,"-32.969659, -60.645443",Calle,,ROSARIO,Rosario,Asfalto,No existe,II,Dentro,Urbana,Paso Peatonal,No existe,Intersección,Bueno,Buena,Diurna,Buen Tiempo,Lateral,S/D,Colisión,Ninguna,Horizontal,Ninguna,Sin restricción
2018,3744,2018-04-19,Jueves,0,10:30:00,,0.0,2,"Camión,Peatón",Sarmiento Y Virasoro,2,1,0,0,1,0,0,"-32.969919, -60.644048",Calle,,ROSARIO,Rosario,Asfalto,No existe,II,Dentro,Urbana,Paso Peatonal,No existe,Recta,Bueno,Buena,Diurna,Buen Tiempo,S/D,Peatón,Atropello,S/D,Horizontal,Ninguna,Sin restricción
2018,3745,2018-03-27,Martes,0,23:00:00,Ruta Nacional 11,493.0,2,"Automóvil,Camión c / Acoplado", ,2,1,0,0,1,0,0,"-31.412895241141, -60.745112005821",Ruta,11,CANDIOTI,La Capital,Asfalto,Ripio,I,Dentro,Urbana,Ninguna,No existe,Curva,Bueno,Buena,Nocturna,Buen Tiempo,Lateral,S/D,Colisión,Otro,"Horizontal,Vertical",Línea divisoria pintada,Sin restricción
2018,3746,2018-04-18,Miercoles,0,18:15:00,,0.0,2,"Bicicleta,Pickup/Utilitario",Av. F.Solano Lopez 1900,2,1,0,0,1,0,0,"-32.958602, -60.656231",Avenida,,ROSARIO,Rosario,Asfalto,No existe,II,Dentro,Urbana,Ninguna,No existe,Recta,Bueno,Buena,Atardecer,Buen Tiempo,S/D,Ciclista,Atropello,Ninguna,Faltante,Ninguna,Sin restricción
2018,3747,2018-03-26,Lunes,0,18:00:00,,0.0,2,"Bicicleta,Transporte de Pasajeros Urbano (> 8 asientos)",Cafferata 8500,2,1,0,0,1,0,0,"-31.579833333333,-60.733111111111",Calle,,SANTA FE,La Capital,Asfalto,No existe,I,S/D,Urbana,Ninguna,No existe,Recta,Con baches,Buena,Atardecer,Buen Tiempo,S/D,Ciclista,Atropello,Ninguna,Faltante,Ninguna,Sin restricción
2018,3748,2018-04-13,Viernes,0,10:30:00,,0.0,2,"Transporte de Pasajeros Urbano (> 8 asientos),Moto/Ciclomotor",Espa?a Y Virasoro,2,1,0,0,1,0,0,"-32.968416666667,-60.652416666667",Calle,,ROSARIO,Rosario,Asfalto,No existe,II,Dentro,Urbana,Ninguna,No existe,Intersección,Bueno,Buena,Diurna,Buen Tiempo,S/D,S/D,Colisión,Ninguna,Faltante,Ninguna,Sin restricción
2018,3749,2018-03-08,Jueves,0,23:10:00,,0.0,2,"Moto/Ciclomotor,Moto/Ciclomotor",Reg 12 de Infanteria Y Europa,2,2,0,0,0,0,0,"-31.5925,-60.718333333333",Calle,,SANTA FE,La Capital,Asfalto,No existe,I,Dentro,Urbana,Semáforo,Funciona,Intersección,Bueno,Buena,Nocturna,Buen Tiempo,Lateral,S/D,Colisión,Ninguna,Vertical,Cordón divisorio,Sin restricción
2018,3750,2018-03-09,Viernes,0,15:15:00,,0.0,2,"Moto/Ciclomotor,Automóvil",Padre Genesio Y Lamadrid,2,1,0,0,1,0,0,"-31.595527777778,-60.713555555556",Calle,,SANTA FE,La Capital,Asfalto,No existe,I,Dentro,Urbana,Ninguna,No existe,Intersección,Bueno,Buena,Diurna,Buen Tiempo,Lateral,S/D,Colisión,Ninguna,Faltante,Cordón divisorio,Sin restricción
2018,3751,2018-03-14,Miercoles,0,22:00:00,,0.0,2,"Bicicleta,Moto/Ciclomotor",Javier de la Rosa Y San Juan,2,1,0,0,1,0,0,"-31.595916666667,-60.707027777778",Calle,,SANTA FE,La Capital,Tierra,Natural,I,Dentro,Urbana,Ninguna,No existe,Intersección,Deteriorada,Buena,Nocturna,Buen Tiempo,Frontal,S/D,Colisión,Material Suelto,Faltante,Vegetación,Sin restricción
2018,3752,2018-04-15,Domingo,0,06:10:00,,0.0,2,"Automóvil,Automóvil",Paraguay Y Cochabamba,3,2,0,0,1,0,0,"-32.957444444444,-60.64675",Calle,,ROSARIO,Rosario,Asfalto,S/D,II,S/D,Urbana,Ninguna,S/D,Intersección,Bueno,Buena,"Nocturna,Con luz artificial",Buen Tiempo,Lateral,S/D,Colisión,Ninguna,Faltante,Ninguna,Sin restricción
2018,3753,2018-03-15,Jueves,0,18:25:00,,0.0,2,"Moto/Ciclomotor,Automóvil",Reg 12 de Infanteria Y Europa,2,1,0,0,1,0,0,"-31.5925,-60.718333333333",Calle,,SANTA FE,La Capital,Asfalto,No existe,I,Dentro,Urbana,Semáforo,Funciona,Intersección,Bueno,Buena,Atardecer,Buen Tiempo,De alcance,S/D,Colisión,Ninguna,Vertical,Cordón divisorio,Sin restricción
2018,3754,2018-04-15,Domingo,0,13:55:00,,0.0,2,"Moto/Ciclomotor,Pickup/Utilitario",Bv. Oro?o Y Bv. 27 De Febrero,2,1,0,0,1,0,0,"-32.965027777778,-60.658666666667",Avenida,,ROSARIO,Rosario,Asfalto,No existe,II,Dentro,Urbana,Semáforo,Funciona,Intersección,Bueno,Buena,Diurna,Buen Tiempo,De alcance,S/D,Colisión,Ninguna,Vertical,Cordón divisorio,Sin restricción
2018,3755,2018-03-20,Martes,0,22:00:00,,0.0,2,"Moto/Ciclomotor,Automóvil",Pavon Y Bernardo de Irigoyen,2,1,0,0,1,0,0,"-31.590390622670, -60.721874711373",Calle,,SANTA FE,La Capital,Asfalto,No existe,I,Dentro,Urbana,Ninguna,No existe,Curva,Bueno,Buena,Nocturna,Buen Tiempo,De alcance,S/D,Colisión,Ninguna,Faltante,Cordón divisorio,Sin restricción
2018,3756,2018-04-16,Lunes,0,10:40:00,,0.0,2,"Moto/Ciclomotor,Pickup/Utilitario",Necochea Y Pasco,3,2,0,0,1,0,0,"-32.962083333333,-60.6275",Calle,,ROSARIO,Rosario,Asfalto,No existe,II,Dentro,Urbana,Señal Pare,No existe,Intersección,Bueno,Buena,Diurna,Buen Tiempo,Lateral,S/D,Colisión,Ninguna,Vertical,Ninguna,Sin restricción
2018,3757,2018-03-15,Jueves,0,20:20:00,,0.0,2,"Moto/Ciclomotor,Automóvil",Simon de Iriondo Y Tomas Lubary,2,1,0,0,1,0,0,"-31.69725,-60.764666666667",Calle,,SANTO TOMÉ,La Capital,Ripio,No existe,I,Dentro,Urbana,Ninguna,No existe,Recta,Bueno,S/D,Nocturna,Buen Tiempo,Otro,S/D,Colisión,Ninguna,Faltante,Ninguna,Sin restricción
2018,3758,2018-04-17,Martes,0,15:10:00,,0.0,2,"Bicicleta,Taxi/Remis",Mariano Moreno Y Ituzaingo,2,1,0,0,0,0,1,"-32.958472222222,-60.654222222222",Calle,,ROSARIO,Rosario,Asfalto,S/D,II,Dentro,Urbana,Señal Pare,No existe,Intersección,Bueno,Buena,Diurna,Buen Tiempo,S/D,Ciclista,Atropello,Ninguna,Vertical,Ninguna,Sin restricción
2018,3759,2018-03-17,Sabado,0,20:00:00,Ruta Nacional 11,0.0,2,"Moto/Ciclomotor,Automóvil",Cordoba Y Ruta 11 Avenida Richieri,2,1,0,0,1,0,0,"-31.687333333333,-60.773444444444",Ruta,11,SANTO TOMÉ,La Capital,Ripio,Ripio,I,Dentro,Urbana,Ninguna,No existe,Recta,Con baches,Buena,Nocturna,Buen Tiempo,S/D,S/D,Colisión,Ninguna,Faltante,S/D,Sin restricción
2018,3760,2018-01-07,Domingo,0,21:15:00,Ruta Nacional 8,364.0,2,"Moto/Ciclomotor,Automóvil", ,6,1,0,0,5,0,0,"-33.75033, -61.97771",Ruta,8,VENADO TUERTO,General López,S/D,S/D,VIII,S/D,S/D,S/D,S/D,S/D,S/D,S/D,S/D,S/D,S/D,S/D,Colisión,S/D,S/D,S/D,S/D
2018,3761,2018-01-30,Martes,0,,,0.0,1,Moto/Ciclomotor, ,1,1,0,0,0,0,0,"-31.971439,-60.920360",Calle,,CORONDA,San Jerónimo,Asfalto,S/D,XV,Dentro,S/D,S/D,S/D,S/D,S/D,S/D,S/D,S/D,S/D,S/D,Caída ocupante,S/D,S/D,S/D,S/D
2018,3762,2018-01-07,Domingo,0,22:00:00,,0.0,1,Moto/Ciclomotor,A. Capdevila Y Mitre,1,1,0,0,0,0,0,"-32.809,-61.386305555556",Calle,,CAÑADA DE GÓMEZ,Iriondo,S/D,S/D,X,S/D,Urbana,S/D,S/D,S/D,S/D,S/D,S/D,S/D,Atropello animal,S/D,Atropello,S/D,S/D,S/D,S/D
2018,3763,2018-01-08,Lunes,0,07:40:00,Autopista Provincial Brigadier E.López,29.0,1,Automóvil, ,1,0,0,1,0,0,0,"-32.60829, -60.84632",Autopista,Brigadier E.López,SANTA FE,La Capital,S/D,S/D,I,S/D,S/D,S/D,S/D,S/D,S/D,S/D,S/D,S/D,S/D,S/D,Vuelco,S/D,S/D,S/D,S/D
2018,3764,2018-01-31,Miercoles,0,,,0.0,1,Moto/Ciclomotor,CAMINO RURAL ,1,1,0,0,0,0,0,"-29.03293, -60.42062",Camino Rural,,FORTÍN OLMOS,Vera,S/D,S/D,XIX,S/D,Rural,Ninguna,No existe,Recta,S/D,S/D,S/D,S/D,Atropello animal,S/D,Colisión,S/D,S/D,S/D,Sin restricción
2018,3765,2018-06-18,Lunes,0,17:45:00,,0.0,2,"Bicicleta,Camión Chasis",Av Los Quinteros ,2,0,1,0,1,0,0,"-31.557128845624, -60.672766117360",Avenida,,ÁNGEL GALLARDO,La Capital,Ripio,No existe,I,Dentro,Rural,Ninguna,No existe,Recta,Bueno,Buena,Diurna,Buen Tiempo,S/D,Ciclista,Atropello,Ninguna,S/D,Ninguna,Sin restricción
2018,3766,2018-01-08,Lunes,0,05:45:00,,0.0,1,Moto/Ciclomotor,Calle 17-Bartolome Mitre ,1,1,0,0,0,0,0,"-29.142410, -59.673208",Calle,,RECONQUISTA,General Obligado,S/D,S/D,IX,S/D,Urbana,S/D,S/D,S/D,S/D,S/D,S/D,S/D,Contra objeto fijo,S/D,Colisión,S/D,S/D,S/D,S/D
2018,3767,2018-01-31,Miercoles,0,13:00:00,,0.0,2,"Automóvil,Taxi/Remis",Mendoza Y Cafferata,2,1,0,0,1,0,0,"-32.945666666667,-60.672277777778",Calle,,ROSARIO,Rosario,S/D,S/D,II,S/D,Urbana,S/D,S/D,S/D,S/D,S/D,Diurna,S/D,S/D,S/D,Colisión,S/D,S/D,S/D,S/D
2018,3768,2018-01-08,Lunes,0,,,0.0,2,"Automóvil,Moto/Ciclomotor",R Saenz Pe?a Y E Zeballos,3,1,0,0,2,0,0,"-30.94775, -61.56436",Calle,,SUNCHALES,Castellanos,S/D,S/D,V,S/D,Urbana,S/D,S/D,S/D,S/D,S/D,S/D,S/D,S/D,S/D,Colisión,S/D,S/D,S/D,S/D
2018,3769,2018-06-22,Viernes,0,18:55:00,Ruta Provincial 2,0.0,2,"Moto/Ciclomotor,Automóvil",Ruta Pcial 2 Av San Martin Y Ruta Pcial 5,2,1,0,0,1,0,0,"-31.539529328545, -60.688658383324",Ruta,2,MONTE VERA,La Capital,Hormigón,Natural,I,Dentro,Rural,Ninguna,No existe,Cruce,Bueno,Buena,"Atardecer,Con luz artificial",Buen Tiempo,Lateral,S/D,Colisión,Ninguna,S/D,Línea divisoria pintada,Sin restricción
2018,3770,2018-06-03,Domingo,0,17:05:00,Ruta Secundaria 50-s,0.0,1,Pickup/Utilitario, ,1,1,0,0,0,0,0,"-31.92635, -61.04853",Ruta,50-s,LARRECHEA,San Jerónimo,Ripio,Natural,XV,Dentro,Rural,Ninguna,No existe,Recta,Bueno,Buena,Diurna,Buen Tiempo,Otro,S/D,Vuelco,Ninguna,Faltante,Ninguna,Sin restricción
2018,3771,2018-01-08,Lunes,0,,Ruta Provincial 70,0.0,2,"Moto/Ciclomotor,Moto/Ciclomotor",Bv Santa Fe ,2,1,0,0,1,0,0,"-31.256310, -61.470636",Ruta,70,RAFAELA,Castellanos,S/D,S/D,V,S/D,Urbana,S/D,S/D,S/D,S/D,S/D,S/D,S/D,S/D,S/D,Colisión,S/D,S/D,S/D,S/D
2018,3772,2018-01-09,Martes,0,23:30:00,,0.0,2,"Moto/Ciclomotor,Moto/Ciclomotor",Sarmiento Y Rivadavia,3,3,0,0,0,0,0,"-30.54028, -61.96063",Calle,,SUARDI,San Cristóbal,S/D,S/D,XIII,S/D,Urbana,S/D,S/D,S/D,S/D,S/D,S/D,S/D,S/D,S/D,Colisión,S/D,S/D,S/D,S/D
2018,3773,2018-06-24,Domingo,0,12:45:00,Ruta Provincial 2,0.0,2,"Moto/Ciclomotor,Automóvil", ,2,1,0,0,1,0,0,"-31.55274, -60.69276",Ruta,2,ÁNGEL GALLARDO,La Capital,Hormigón,Natural,I,Dentro,Rural,Ninguna,No existe,Curva,Bueno,Buena,Diurna,Buen Tiempo,De alcance,S/D,Colisión,Ninguna,S/D,Línea divisoria pintada,Sin restricción
2018,3774,2018-06-13,Miercoles,0,16:50:00,,0.0,2,"Automóvil,Moto/Ciclomotor",19 DE SEPTIEMBRE Y JUAN CHAVARRI,2,1,0,0,1,0,0,"-32.36345, -61.34199",Calle,,SAN GENARO NORTE,San Jerónimo,Asfalto,No existe,XV,Dentro,Urbana,Ninguna,No existe,Intersección,S/D,Buena,Diurna,Buen Tiempo,Lateral,S/D,Colisión,Ninguna,S/D,Ninguna,Sin restricción
2018,3775,2018-01-18,Jueves,0,10:00:00,,0.0,2,"Moto/Ciclomotor,Vehículo Oficial",Islas Malvinas Y Brown,2,0,1,0,1,0,0,"-32.737611111111,-60.742055555556",Calle,,SAN LORENZO,San Lorenzo,Asfalto,No existe,XVII,S/D,Urbana,S/D,S/D,Intersección,S/D,S/D,Diurna,S/D,Lateral,S/D,Colisión,S/D,S/D,S/D,S/D
2018,3776,2018-06-24,Domingo,0,17:00:00,Ruta Provincial 2,0.0,2,"Moto/Ciclomotor,Automóvil",Ruta pcial 2 Av San Martin Y Entre Rios,2,1,0,0,1,0,0,"-31.516413157550, -60.680955047288",Ruta,2,MONTE VERA,La Capital,Hormigón,S/D,I,Dentro,Urbana,Ninguna,No existe,Otro,Bueno,Buena,Diurna,Buen Tiempo,De alcance,S/D,Colisión,Ninguna,S/D,Ninguna,Sin restricción
2018,3777,2018-01-09,Martes,0,,,0.0,2,"Moto/Ciclomotor,Pickup/Utilitario",Bvard Lopez Y Florida,2,1,0,0,1,0,0,"-29.890791, -61.948998",Calle,,CERES,San Cristóbal,S/D,S/D,XIII,S/D,Urbana,S/D,S/D,S/D,S/D,S/D,S/D,S/D,S/D,S/D,Colisión,S/D,S/D,S/D,S/D
2018,3778,2018-01-09,Martes,0,,,0.0,1,Moto/Ciclomotor,Bv San Martin Y Chacabuco,1,1,0,0,0,0,0,"-30.307861111111,-61.230138888889",Calle,,SAN CRISTÓBAL,San Cristóbal,S/D,S/D,XIII,S/D,Urbana,S/D,S/D,S/D,S/D,S/D,S/D,S/D,S/D,S/D,Vuelco,S/D,S/D,S/D,S/D
2018,3779,2018-01-09,Martes,0,,,0.0,2,"Automóvil,Moto/Ciclomotor",San Martin Y Moreno,2,1,0,0,1,0,0,"-30.71408, -61.47662",Calle,,MOISÉS VILLE,San Cristóbal,S/D,S/D,XIII,S/D,Urbana,S/D,S/D,S/D,S/D,S/D,S/D,S/D,S/D,S/D,Colisión,S/D,S/D,S/D,S/D
2018,3780,2018-06-27,Miercoles,0,08:00:00,Ruta Provincial 2,0.0,2,"Moto/Ciclomotor,Pickup/Utilitario",Ruta Provincial 2 Y Av Los Quinteros,2,1,0,0,1,0,0,"-31.552873496510, -60.692891494209",Ruta,2,ÁNGEL GALLARDO,La Capital,Hormigón,Natural,I,Dentro,Rural,Señal Ceda el Paso,No existe,Cruce,Bueno,Buena,Amanecer,Buen Tiempo,Frontal,S/D,Colisión,Ninguna,S/D,Ninguna,Sin restricción
2018,3781,2018-06-17,Domingo,0,20:00:00,,0.0,2,"Moto/Ciclomotor,Automóvil", ,3,2,0,0,1,0,0,"-32.36504, -61.33933",Calle,,SAN GENARO,San Jerónimo,Asfalto,No existe,XV,Dentro,Urbana,Ninguna,No existe,Intersección,Bueno,Buena,"Nocturna,Con luz artificial",Buen Tiempo,"De alcance,Lateral",S/D,Colisión,Ninguna,Faltante,Ninguna,Sin restricción
2018,3782,2018-01-08,Lunes,0,03:50:00,Ruta Secundaria 97-s,0.0,2,"Moto/Ciclomotor,Moto/Ciclomotor", ,2,2,0,0,0,0,0,"-28.837126, -59.645133",Ruta,97-s,LANTERI,General Obligado,S/D,S/D,IX,S/D,Rural,S/D,S/D,S/D,S/D,S/D,S/D,S/D,S/D,S/D,Colisión,S/D,S/D,S/D,S/D
2018,3783,2018-01-09,Martes,0,21:40:00,,0.0,2,"Automóvil,Moto/Ciclomotor", ,2,1,0,0,1,0,0,"-32.81883, -61.39644",S/D,,CAÑADA DE GÓMEZ,Iriondo,S/D,S/D,X,S/D,S/D,S/D,S/D,S/D,S/D,S/D,S/D,S/D,S/D,S/D,Colisión,S/D,S/D,S/D,S/D
2018,3784,2018-01-08,Lunes,0,16:00:00,,0.0,2,"Automóvil,Moto/Ciclomotor",Colon 300,2,1,0,0,1,0,0,"-32.819333333333,-61.386027777778",Calle,,CAÑADA DE GÓMEZ,Iriondo,S/D,S/D,X,S/D,Urbana,S/D,S/D,S/D,S/D,S/D,S/D,S/D,S/D,S/D,Colisión,S/D,S/D,S/D,S/D
2018,3785,2018-01-10,Miercoles,0,,,0.0,1,Moto/Ciclomotor,Gral Jose de San Martin Y Chacabuco,1,1,0,0,0,0,0,"-33.747388888889,-61.964222222222",Calle,,VENADO TUERTO,General López,S/D,S/D,VIII,S/D,Urbana,S/D,S/D,S/D,S/D,S/D,S/D,S/D,S/D,S/D,Vuelco,S/D,S/D,S/D,S/D
2018,3786,2018-06-12,Martes,0,00:05:00,,0.0,1,Moto/Ciclomotor,Bustinza ,1,0,1,0,0,0,0,"-32.43115,-60.81425",Calle,,GABOTO,San Jerónimo,Asfalto,Natural,XV,Fuera,Urbana,Ninguna,No existe,Recta,Bueno,Reducida,"Nocturna,Con luz artificial",Lluvia,Contra objeto fijo,S/D,Despiste,Agua,Faltante,Ninguna,Sin restricción
2018,3787,2018-01-10,Miercoles,0,20:00:00,,0.0,2,"Moto/Ciclomotor,Automóvil",Uruguay Y Cerrito,2,0,1,0,1,0,0,"-33.761027777778,-61.965694444444",Calle,,VENADO TUERTO,General López,S/D,S/D,VIII,S/D,Urbana,S/D,S/D,S/D,S/D,S/D,S/D,S/D,S/D,S/D,Colisión,S/D,S/D,S/D,S/D
2018,3788,2018-06-12,Martes,0,00:10:00,Ruta Nacional 11,601.0,1,Camión,Ruta Nac 11 ,1,1,0,0,0,0,0,"-30.65518, -60.49554",Ruta,11,MARCELINO ESCALADA,San Justo,Asfalto,Natural,XVI,Fuera,Rural,Ninguna,No existe,Recta,Resbaladiza,Reducida,Nocturna,Lluvia,S/D,S/D,Vuelco,Ninguna,Faltante,Ninguna,Sin restricción
2018,3789,2018-01-31,Miercoles,0,,Autopista Provincial Brigadier E.López,12.0,1,Automóvil,Autopista Sta Fe/Rosario ,2,2,0,0,0,0,0,"-32.78338, -60.74531",Autopista,Brigadier E.López,FRAY LUIS BELTRÁN,San Lorenzo,Asfalto,Natural,II,Dentro,Rural,Ninguna,No existe,Recta,Bueno,Reducida,Nocturna,Niebla,Atropello animal,S/D,Colisión,Otro,S/D,Vegetación,Sin restricción
2018,3790,2018-01-10,Miercoles,0,,,0.0,2,"Peatón,Automóvil",Salta Y Pueyrredon,3,0,1,0,2,0,0,"-32.936,-60.655611111111",Calle,,ROSARIO,Rosario,S/D,S/D,II,S/D,Urbana,S/D,S/D,S/D,S/D,S/D,S/D,S/D,S/D,Peatón,Atropello,S/D,S/D,S/D,S/D
2018,3791,2018-06-28,Jueves,0,12:50:00,,0.0,2,"Moto/Ciclomotor,Camión c / Acoplado",Av Alameda ,2,0,1,0,0,0,1,"-32.429698857061, -60.814625883248",Avenida,,GABOTO,San Jerónimo,Asfalto,Natural,XV,Dentro,Urbana,Ninguna,No existe,Recta,Con baches,Buena,Diurna,Buen Tiempo,Frontal,S/D,Colisión,Material Suelto,Faltante,Ninguna,Sin restricción
2018,3792,2018-06-15,Viernes,0,18:15:00,Ruta Nacional 11,595.0,2,"Moto/Ciclomotor,Automóvil", ,3,1,0,0,2,0,0,"-30.70744, -60.51236",Ruta,11,MARCELINO ESCALADA,San Justo,Asfalto,Natural,I,Dentro,Urbana,Marca Vial,Funciona,Curva,Bueno,Buena,Atardecer,Buen Tiempo,Frontal,S/D,Colisión,S/D,"Horizontal,Vertical",Ninguna,Sin restricción
2018,3793,2018-01-10,Miercoles,0,,,0.0,2,"Pickup/Utilitario,Automóvil",Suipacha Y 4 de Enero,2,2,0,0,0,0,0,"-31.638888888889,-60.709777777778",Calle,,SANTA FE,La Capital,S/D,S/D,I,S/D,Urbana,S/D,S/D,S/D,S/D,S/D,S/D,S/D,S/D,S/D,Colisión,S/D,S/D,S/D,S/D
2018,3794,2018-01-11,Jueves,0,00:55:00,Ruta Nacional 33,636.0,2,"Automóvil,Camión", ,3,1,0,0,2,0,0,"-33.716777777778,-61.986888888889",Ruta,33,VENADO TUERTO,General López,S/D,S/D,VIII,S/D,Urbana,S/D,S/D,S/D,S/D,S/D,S/D,S/D,Frontal,S/D,Colisión,S/D,S/D,S/D,S/D
2018,3795,2018-01-22,Lunes,0,03:30:00,,0.0,2,"Moto/Ciclomotor,Moto/Ciclomotor",Ayacucho Y 2 de Abril,4,2,0,0,2,0,0,"-33.759833333333,-61.964805555556",Calle,,VENADO TUERTO,General López,Asfalto,S/D,VIII,S/D,Urbana,S/D,S/D,Intersección,S/D,S/D,Nocturna,S/D,Lateral,S/D,Colisión,S/D,S/D,S/D,S/D
2018,3796,2018-01-22,Lunes,0,13:20:00,,0.0,2,"Automóvil,Camión", ,2,1,0,0,1,0,0,"-32.82151, -61.39545",S/D,,CAÑADA DE GÓMEZ,Iriondo,S/D,S/D,X,S/D,Urbana,S/D,S/D,S/D,S/D,S/D,S/D,S/D,S/D,S/D,Colisión,S/D,S/D,S/D,S/D
2018,3797,2018-06-02,Sabado,0,11:00:00,,0.0,2,"Moto/Ciclomotor,Moto/Ciclomotor",9 de Julio Y Fco Romero,2,1,0,0,0,0,1,"-30.790214824188, -60.581585621749",Calle,,SAN JUSTO,San Justo,Asfalto,No existe,XVI,Dentro,Urbana,Ninguna,No existe,Intersección,Bueno,Buena,Diurna,Buen Tiempo,Lateral,S/D,Colisión,Ninguna,Faltante,Ninguna,Sin restricción
2018,3798,2018-01-11,Jueves,0,07:00:00,Autopista Nacional A008,0.0,2,"Automóvil,Camión",Av. Eva Peron Y Av. Circunvalacion,2,0,1,0,1,0,0,"-32.931027777778,-60.724583333333",Autopista,A008,ROSARIO,Rosario,S/D,S/D,II,S/D,Urbana,S/D,S/D,S/D,S/D,S/D,S/D,S/D,S/D,S/D,Colisión,S/D,S/D,S/D,S/D
2018,3799,2018-06-15,Viernes,0,13:00:00,,0.0,2,"Automóvil,Moto/Ciclomotor",DR LUIS JORGE Y SAN MARTIN,2,1,0,0,1,0,0,"-31.41877, -60.33399",Calle,,SANTA ROSA DE CALCHINES,Garay,Hormigón,No existe,VII,Dentro,Urbana,Ninguna,No existe,Intersección,Bueno,Buena,Diurna,Buen Tiempo,Otro,S/D,Colisión,Ninguna,Faltante,Cordón divisorio,Sin restricción
2018,3800,2018-04-11,Miercoles,0,13:00:00,Autopista Nacional A008,0.0,2,"Automóvil,Moto/Ciclomotor",Ayolas Y Av. Circunvalacion,2,1,0,0,1,0,0,"-32.980392672309, -60.624547327405",Autopista,A008,ROSARIO,Rosario,Asfalto,Natural,II,Dentro,Urbana,Otra Señal,No existe,Rotonda,Con baches,Buena,Diurna,Buen Tiempo,De alcance,S/D,Colisión,Ninguna,Vertical,Guardarrail,Sin restricción
2018,3801,2018-04-03,Martes,0,17:00:00,,0.0,2,"Moto/Ciclomotor,Automóvil",Bv. Avellaneda Y Centeno,2,1,0,0,1,0,0,"-32.977492399171, -60.688751672995",Avenida,,ROSARIO,Rosario,Asfalto,No existe,II,Dentro,Urbana,Ninguna,No existe,Intersección,Bueno,Buena,Atardecer,Buen Tiempo,Lateral,S/D,Colisión,Ninguna,Faltante,Ninguna,Sin restricción
2018,3802,2018-03-06,Martes,0,22:15:00,Ruta Nacional 11,0.0,2,"Moto/Ciclomotor,Automóvil",Pte Roca Y Juan de Garay,2,1,0,0,1,0,0,"-31.554375530408, -60.727656937207",Ruta,11,RECREO,La Capital,Asfalto,Natural,I,Dentro,Urbana,Ninguna,No existe,Intersección,Bueno,Buena,"Nocturna,Con luz artificial",Buen Tiempo,Lateral,S/D,Colisión,Ninguna,Faltante,Línea divisoria pintada,Sin restricción
2018,3803,2018-04-03,Martes,0,17:12:00,,0.0,2,"Moto/Ciclomotor,Automóvil",Centeno 3400,3,2,0,0,1,0,0,"-32.979144639925, -60.679331754935",Calle,,ROSARIO,Rosario,Asfalto,No existe,II,Dentro,Urbana,Ninguna,No existe,Intersección,Bueno,Buena,Atardecer,Buen Tiempo,Frontal,S/D,Colisión,Ninguna,Faltante,Ninguna,Sin restricción
2018,3804,2018-01-29,Lunes,0,23:45:00,Autopista Nacional Rosario -Cordoba,347.0,2,"Automóvil,Camión c / Semirremolque", ,6,1,0,0,4,1,0,"-32.8674134,-61.2437682",Autopista,Rosario -Córdoba,CORREA,Iriondo,Hormigón,Natural,X,Dentro,Rural,Ninguna,No existe,Recta,S/D,Buena,Diurna,Buen Tiempo,De alcance,S/D,Colisión,Ninguna,S/D,Vegetación,Sin restricción
2018,3805,2018-04-04,Miercoles,0,19:00:00,,0.0,2,"Moto/Ciclomotor,Pickup/Utilitario",Vera Mujica Y Coulin,3,2,0,0,1,0,0,"-32.986491879640, -60.67853322765",Calle,,ROSARIO,Rosario,Asfalto,No existe,II,Dentro,Urbana,Ninguna,No existe,Intersección,Bueno,Buena,Atardecer,Buen Tiempo,Lateral,S/D,Colisión,Ninguna,Faltante,Ninguna,Sin restricción