anio_acci,nro_acci,fecha,desc_dia,fecha_aprox,hora_aprox,desc_ruta,km,cant_participantes,desc_participante,calle_avenida_km,total,heridos_leves,heridos_graves,heridos_gravisimos,ilesos,fallecidos,sin_datos,posicion_XY,desc_tipo_via,desc_ruta_ori,desc_loc,desc_dpto,desc_tipo_calzada,desc_tipo_banquina,desc_unidad_regional,desc_lugar_calzada,desc_zona,desc_prioridad,desc_estado_semaforo,desc_lugar_via,desc_estado_via,desc_estado_visibilidad,desc_luminosidad,desc_estado_clima,desc_tipo_colision,desc_tipo_atropello,desc_tipo_hecho,desc_pres_calzada,desc_senializacion,desc_separacion_via,desc_restriccion
2018,3806,2018-03-09,Viernes,0,15:15:00,Ruta Nacional 11,479.0,2,"Automóvil,Pickup/Utilitario", ,3,3,0,0,0,0,0,"-31.539950138410, -60.722907539396",Ruta,11,RECREO,La Capital,Asfalto,S/D,I,Dentro,Urbana,Ninguna,S/D,Curva,Bueno,S/D,Diurna,Buen Tiempo,Frontal,S/D,Colisión,Ninguna,S/D,Línea divisoria pintada,Sin restricción
2018,3807,2018-03-07,Miercoles,0,18:30:00,Ruta Nacional 11,0.0,2,"Moto/Ciclomotor,Automóvil", ,2,1,0,0,1,0,0,"-31.531309937977, -60.722309715187",Ruta,11,RECREO,La Capital,Asfalto,Natural,I,Dentro,Urbana,Marca Vial,No existe,Intersección,Bueno,Buena,"Diurna,Con luz artificial",Otro,Otro,S/D,Colisión,Ninguna,Faltante,Guardarrail,Sin restricción
2018,3808,2018-03-04,Domingo,0,18:35:00,Ruta Provincial 70,0.0,1,Moto/Ciclomotor,Av de Circunvalacion Y Ruta Prov 70,1,1,0,0,0,0,0,"-31.498386022288, -60.749031245849",Ruta,70,RECREO,La Capital,Asfalto,Natural,I,Dentro,Rural,Otra Señal,No existe,Intersección,Bueno,Buena,Con luz artificial,Otro,S/D,S/D,Caída ocupante,Ninguna,S/D,Guardarrail,Sin restricción
2018,3809,2018-03-11,Domingo,0,00:05:00,Ruta Provincial 5,0.0,2,"Automóvil,Pickup/Utilitario", ,3,1,0,0,2,0,0,"-31.535159241196, -60.706785575364",Ruta,5,RECREO,La Capital,Asfalto,Pavimento,I,Dentro,Rural,Ninguna,S/D,Recta,Bueno,Buena,Nocturna,Buen Tiempo,Otro,S/D,Colisión,S/D,S/D,Ninguna,Sin restricción
2018,3810,2018-04-14,Sabado,0,09:15:00,,0.0,2,"Moto/Ciclomotor,Automóvil",Pte.Quintana Y San Nicolas,3,1,0,0,2,0,0,"-32.976317455652, -60.681470554922",Calle,,ROSARIO,Rosario,Asfalto,No existe,II,Dentro,Urbana,Ninguna,No existe,Intersección,Bueno,Buena,Diurna,Buen Tiempo,Lateral,S/D,Colisión,Ninguna,Faltante,Ninguna,Sin restricción
2018,3811,2018-03-23,Viernes,0,11:20:00,,0.0,2,"Automóvil,Moto/Ciclomotor",Rosario Y Chile,2,1,0,0,1,0,0,"-31.498509670530, -60.722738476081",Calle,,RECREO,La Capital,Tierra,No existe,I,Dentro,Urbana,Ninguna,No existe,Intersección,Bueno,Buena,Diurna,Buen Tiempo,Frontal,S/D,Colisión,Ninguna,Faltante,Ninguna,Sin restricción
2018,3812,2018-03-22,Jueves,0,,,0.0,2,"Moto/Ciclomotor,Moto/Ciclomotor",Silva Y Santa Fe,2,2,0,0,0,0,0,"-31.493375050624, -60.723222021356",Calle,,RECREO,La Capital,Ripio,No existe,I,Dentro,Urbana,Ninguna,No existe,Intersección,Bueno,Reducida,Atardecer,Buen Tiempo,S/D,S/D,Colisión,Ninguna,Faltante,Ninguna,Sin restricción
2018,3813,2018-03-12,Lunes,0,21:30:00,Ruta Nacional 11,0.0,2,"Moto/Ciclomotor,Bicicleta",Callejon Alberdi Y Ruta Nacional 11,3,3,0,0,0,0,0,"-31.514287429118, -60.725805297038",Ruta,11,RECREO,La Capital,Asfalto,Natural,I,Dentro,Urbana,Ninguna,No existe,Recta,Bueno,Buena,Nocturna,Buen Tiempo,S/D,Ciclista,Atropello,Ninguna,Faltante,Línea divisoria pintada,Sin restricción
2018,3814,2018-04-05,Jueves,0,13:30:00,,0.0,2,"Moto/Ciclomotor,Automóvil",Crespo 4300,5,3,0,0,2,0,0,"-32.982693291477, -60.678783376840",Calle,,ROSARIO,Rosario,Asfalto,No existe,II,Dentro,Urbana,Ninguna,No existe,Recta,Bueno,Buena,Diurna,Buen Tiempo,Frontal,S/D,Colisión,Ninguna,Faltante,Ninguna,Sin restricción
2018,3816,2018-03-01,Jueves,0,18:50:00,,0.0,2,"Moto/Ciclomotor,Pickup/Utilitario",General Manuel Belgrano Y Santiago Del Estero,2,1,0,0,1,0,0,"-31.675916666667,-60.763",Calle,,SANTO TOMÉ,La Capital,Asfalto,No existe,I,S/D,Urbana,Ninguna,No existe,Intersección,Bueno,Buena,Atardecer,Buen Tiempo,De alcance,S/D,Colisión,Ninguna,Faltante,Ninguna,Sin restricción
2018,3817,2018-03-03,Sabado,0,09:35:00,,0.0,1,Moto/Ciclomotor,Monse?or Rodriguez 6200,2,2,0,0,0,0,0,"-31.561273761415, -60.731243807569",Calle,,SANTA FE,La Capital,Asfalto,Natural,I,Dentro,Urbana,Ninguna,Intermitente,Recta,Bueno,Buena,"Nocturna,Con luz artificial",Lluvia,S/D,S/D,Caída ocupante,Ninguna,Vertical,Ninguna,Sin restricción
2018,3818,2018-04-12,Jueves,0,17:25:00,,0.0,2,"Moto/Ciclomotor,Automóvil",Bv. Segui Y San Nicolas,2,0,1,0,1,0,0,"-32.972994389328, -60.680604905162",Avenida,,ROSARIO,Rosario,Asfalto,No existe,II,Dentro,Urbana,Semáforo,Funciona,Intersección,Bueno,Buena,Atardecer,Buen Tiempo,Lateral,S/D,Colisión,Ninguna,Vertical,Cordón divisorio,Sin restricción
2018,3819,2018-01-27,Sabado,0,10:00:00,,0.0,1,Moto/Ciclomotor,Magallanes Y Av. Pte.Peron,1,0,0,0,0,1,0,"-32.963783, -60.703516",Avenida,,ROSARIO,Rosario,Asfalto,Pavimento,II,Dentro,Urbana,Ninguna,No existe,Recta,Bueno,Buena,Diurna,Buen Tiempo,S/D,S/D,Caída ocupante,S/D,S/D,Ninguna,Sin restricción
2018,3820,2018-03-09,Viernes,0,10:15:00,,0.0,2,"Moto/Ciclomotor,Automóvil",Lisandro de La Torre Y J Macia,3,1,0,0,2,0,0,"-31.680861111111,-60.759527777778",Calle,,SANTO TOMÉ,La Capital,Asfalto,No existe,I,S/D,Urbana,Ninguna,No existe,Intersección,Bueno,Buena,Diurna,Buen Tiempo,De alcance,S/D,Colisión,Ninguna,Faltante,Ninguna,Sin restricción
2018,3821,2018-03-09,Viernes,0,15:15:00,,0.0,2,"Moto/Ciclomotor,Automóvil",Monse?or Rodriguez Y Juan de Garay,2,1,0,0,1,0,0,"-31.561638541841, -60.729258972898",Calle,,SANTA FE,La Capital,Asfalto,Natural,I,Dentro,Urbana,Ninguna,Intermitente,Intersección,Bueno,Buena,Diurna,Buen Tiempo,Lateral,S/D,Colisión,Ninguna,Vertical,Línea divisoria pintada,Sin restricción
2018,3822,2018-01-26,Viernes,0,20:40:00,Ruta Nacional 11,0.0,2,"Moto/Ciclomotor,Moto/Ciclomotor",Yapeyu ,2,0,0,0,1,1,0,"-32.56769,-60.85390",Ruta,11,OLIVEROS,Iriondo,Asfalto,Natural,X,Dentro,Urbana,Ninguna,No existe,Paso a Nivel FFCC,Bueno,Buena,Diurna,Buen Tiempo,"Contra objeto fijo,Lateral",S/D,Colisión,Ninguna,S/D,Línea divisoria pintada,S/D
2018,3823,2018-03-12,Lunes,0,18:35:00,,0.0,2,"Automóvil,Moto/Ciclomotor",La Rioja Y Falucho,2,1,0,0,1,0,0,"-31.675972222222,-60.757083333333",Calle,,SANTO TOMÉ,La Capital,"Asfalto,Ripio",No existe,I,S/D,Urbana,Ninguna,No existe,Intersección,Bueno,Buena,Atardecer,Otro,De alcance,S/D,Colisión,Ninguna,Faltante,Ninguna,Sin restricción
2018,3824,2018-03-03,Sabado,0,09:35:00,,0.0,1,Moto/Ciclomotor,NELSON MANDELA  Y LOLA BORRAS,1,1,0,0,0,0,0,"-31.506515320578, -60.743694846068",Calle,,RECREO,La Capital,Ripio,Natural,I,Dentro,Urbana,Ninguna,No existe,Recta,S/D,Buena,Diurna,Buen Tiempo,S/D,S/D,Caída ocupante,Ninguna,Faltante,Ninguna,Sin restricción
2018,3825,2018-03-15,Jueves,0,21:05:00,,0.0,2,"Moto/Ciclomotor,Otros",Juan Bautista Alberdi Y Cornelio de Saavedra,2,1,0,0,1,0,0,"-31.680944444444,-60.770611111111",Calle,,SANTO TOMÉ,La Capital,Asfalto,No existe,I,Dentro,Urbana,Ninguna,No existe,Intersección,Bueno,Reducida,Nocturna,Otro,De alcance,S/D,Colisión,Ninguna,Faltante,Ninguna,Sin restricción
2018,3826,2018-01-06,Sabado,0,23:00:00,Ruta Secundaria 22-s,0.0,2,"Tracción animal / Carro,Moto/Ciclomotor",Puente A? Saladillo ,5,3,1,0,0,1,0,"-33.025277, -60.654193",Ruta,22-s,VILLA GOBERNADOR GÁLVEZ,Rosario,Asfalto,Natural,II,Dentro,Urbana,Ninguna,No existe,Puente,Bueno,Reducida,Nocturna,Buen Tiempo,De alcance,S/D,Colisión,Ninguna,S/D,Línea divisoria pintada,Sin restricción
2018,3827,2018-03-15,Jueves,0,22:30:00,,0.0,2,"Moto/Ciclomotor,Automóvil",Mariano Candioti 2939,2,1,0,0,1,0,0,"-31.6765,-60.756277777778",Avenida,,SANTO TOMÉ,La Capital,Asfalto,No existe,I,S/D,Urbana,Otra Señal,No existe,Recta,Bueno,Reducida,Nocturna,Buen Tiempo,Lateral,S/D,Colisión,Ninguna,Faltante,Línea divisoria pintada,Sin restricción
2018,3828,2018-04-05,Jueves,0,,,0.0,2,"Moto/Ciclomotor,Pickup/Utilitario",Bv. Segui 3600,2,1,0,0,1,0,0,"-32.972994389328, -60.680604905162",Avenida,,ROSARIO,Rosario,Asfalto,No existe,II,Dentro,Urbana,Semáforo,Funciona,Intersección,Bueno,Buena,Diurna,Buen Tiempo,De alcance,S/D,Colisión,Ninguna,Vertical,Cordón divisorio,Sin restricción
2018,3829,2018-03-26,Lunes,0,19:00:00,,0.0,2,"Bicicleta,Automóvil",Avenida Nuestra Se?ora del Luj Y 12 de septiembre,2,1,0,0,1,0,0,"-31.679416666667,-60.774194444444",Avenida,,SANTO TOMÉ,La Capital,Asfalto,No existe,I,Dentro,Urbana,Paso Peatonal,No existe,Intersección,Bueno,Buena,Diurna,Buen Tiempo,S/D,Ciclista,Atropello,Ninguna,S/D,S/D,Sin restricción
2018,3830,2018-04-03,Martes,0,23:30:00,,0.0,2,"Moto/Ciclomotor,Transporte de Pasajeros Urbano (> 8 asientos)",Centeno 3400,2,1,0,0,1,0,0,"-32.979196, -60.679271",Calle,,ROSARIO,Rosario,Asfalto,No existe,II,Dentro,Urbana,Ninguna,No existe,Intersección,Bueno,Buena,Nocturna,Buen Tiempo,De alcance,S/D,Colisión,Ninguna,Faltante,Ninguna,Sin restricción
2018,3831,2018-03-13,Martes,0,15:15:00,,0.0,2,"Bicicleta,Moto/Ciclomotor",Moreno Y Balcarce,3,2,0,0,1,0,0,"-31.676805555556,-60.768888888889",Calle,,SANTA FE,La Capital,Asfalto,No existe,I,Dentro,Urbana,Ninguna,No existe,Intersección,Bueno,Buena,Diurna,Buen Tiempo,S/D,S/D,Colisión,Ninguna,S/D,S/D,Sin restricción
2018,3832,2018-01-07,Domingo,0,17:45:00,Autopista Nacional Rosario -Cordoba,366.0,2,"Automóvil,Camión c / Acoplado", ,2,0,0,0,1,1,0,"-32.8390443,-61.4428565",Autopista,Rosario -Córdoba,CAÑADA DE GÓMEZ,Iriondo,Asfalto,Pavimento,X,Fuera,Rural,Ninguna,No existe,Recta,Bueno,Buena,Diurna,Buen Tiempo,Contra objeto fijo,S/D,"Colisi?n,Despiste",Ninguna,S/D,Ninguna,S/D
2018,3833,2018-03-22,Jueves,0,09:00:00,,0.0,2,"Moto/Ciclomotor,Otros",Salta Y Balcarce,2,1,0,0,1,0,0,"-31.677972222222,-60.760055555556",Calle,,SANTO TOMÉ,La Capital,Asfalto,No existe,I,Dentro,Urbana,S/D,No existe,Intersección,Bueno,Buena,Diurna,Buen Tiempo,De alcance,S/D,Colisión,Ninguna,S/D,S/D,Sin restricción
2018,3834,2018-03-22,Jueves,0,11:00:00,,0.0,2,"Bicicleta,Automóvil",Simon de Iriondo Y Hernandarias,2,1,0,0,1,0,0,"-31.674305555556,-60.759916666667",Calle,,SANTO TOMÉ,La Capital,Asfalto,No existe,I,Dentro,Urbana,Paso Peatonal,No existe,Intersección,Bueno,Buena,Diurna,Buen Tiempo,S/D,S/D,Atropello,Ninguna,S/D,S/D,Sin restricción
2018,3835,2018-03-12,Lunes,0,19:20:00,Ruta Nacional 11,0.0,2,"Otros,Otros",Avenida Nuestra Se?ora del Luj 4116,2,0,1,0,1,0,0,"-31.684361111111,-60.778",Ruta,11,SANTO TOMÉ,La Capital,Asfalto,Pavimento,I,Dentro,Urbana,Marca Vial,Funciona,Intersección,Bueno,Buena,Atardecer,Buen Tiempo,De alcance,S/D,Colisión,Ninguna,"Horizontal,Vertical",Línea divisoria pintada,Sin restricción
2018,3836,2018-03-28,Miercoles,0,19:00:00,,0.0,2,"Camión,Moto/Ciclomotor",4 de enero Y Martin Zavalla,3,0,2,0,1,0,0,"-31.684083333333,-60.782972222222",Calle,,SANTO TOMÉ,La Capital,Ripio,No existe,I,Dentro,Urbana,Ninguna,No existe,Intersección,Con baches,Buena,Atardecer,Buen Tiempo,De alcance,S/D,Colisión,Material Suelto,Faltante,Ninguna,Sin restricción
2018,3837,2018-01-08,Lunes,0,00:25:00,Ruta Provincial 13,99.0,2,"Moto/Ciclomotor,Automóvil", ,3,2,0,0,0,1,0,"-31.655739, -61.758017",Ruta,13,MARÍA JUANA,Castellanos,Asfalto,S/D,V,Dentro,Rural,Ninguna,S/D,Recta,Bueno,Buena,Nocturna,Buen Tiempo,Frontal,S/D,Colisión,Ninguna,S/D,Ninguna,S/D
2018,3838,2018-03-28,Miercoles,0,16:40:00,,0.0,2,"Bicicleta,Otros",13 de diciembre Y Frutos,2,1,0,0,1,0,0,"-31.680583333333,-60.785944444444",Calle,,SANTO TOMÉ,La Capital,Asfalto,Ripio,I,Dentro,Urbana,Ninguna,No existe,Recta,Bueno,Buena,Diurna,Buen Tiempo,S/D,Ciclista,Atropello,Ninguna,Horizontal,Ninguna,Sin restricción
2018,3839,2018-03-23,Viernes,0,07:50:00,Ruta Provincial 1,9.0,2,"Automóvil,Moto/Ciclomotor", ,2,1,0,0,1,0,0,"-31.586766, -60.559659",Ruta,1,SAN JOSÉ DEL RINCÓN,La Capital,Asfalto,Natural,I,Dentro,Rural,Ninguna,No existe,Recta,Bueno,Buena,Diurna,Buen Tiempo,Lateral,S/D,Colisión,Ninguna,Horizontal,Línea divisoria pintada,Sin restricción
2018,3840,2018-03-18,Domingo,0,20:30:00,,0.0,2,"Automóvil,Moto/Ciclomotor",3 de febrero Y Martin Zavalla,3,2,0,0,1,0,0,"-31.6845,-60.784638888889",Calle,,SANTO TOMÉ,La Capital,Ripio,No existe,I,Dentro,Urbana,Ninguna,No existe,Intersección,S/D,Reducida,Nocturna,Buen Tiempo,Lateral,S/D,Colisión,S/D,Faltante,Ninguna,Sin restricción
2018,3841,2018-03-01,Jueves,0,21:30:00,Ruta Provincial 1,9.0,2,"Moto/Ciclomotor,Automóvil", ,3,2,0,0,1,0,0,"-31.586766, -60.559659",Ruta,1,SAN JOSÉ DEL RINCÓN,La Capital,Asfalto,Natural,I,Dentro,Rural,Ninguna,No existe,Recta,Bueno,Buena,Nocturna,Buen Tiempo,Contra objeto fijo,S/D,Colisión,Ninguna,Horizontal,Línea divisoria pintada,Sin restricción
2018,3842,2018-03-04,Domingo,0,19:50:00,,0.0,2,"Moto/Ciclomotor,Pickup/Utilitario",Tucuman Y Sabroso Hilario,2,1,0,0,1,0,0,"-31.657111111111,-60.7705",Calle,,SANTO TOMÉ,La Capital,Tierra,No existe,I,Dentro,Urbana,Ninguna,No existe,Intersección,Bueno,S/D,Atardecer,Buen Tiempo,Lateral,S/D,Colisión,Ninguna,Faltante,Ninguna,Sin restricción
2018,3844,2018-03-21,Miercoles,0,09:50:00,,0.0,2,"Automóvil,Peatón",Moreno Y Santa Fe,3,2,0,0,1,0,0,"-32.918599807711, -60.808960804517",Calle,,FUNES,Rosario,Asfalto,No existe,II,S/D,Urbana,Ninguna,No existe,Intersección,Bueno,Buena,Diurna,Buen Tiempo,S/D,Peatón,Atropello,Ninguna,S/D,Ninguna,Sin restricción
2018,3845,2018-03-02,Viernes,0,21:20:00,,0.0,1,Moto/Ciclomotor,Coronel Diaz ,1,1,0,0,0,0,0,"-31.614849, -60.569594",Calle,,SAN JOSÉ DEL RINCÓN,La Capital,Tierra,No existe,I,Dentro,Urbana,Ninguna,No existe,Intersección,Resbaladiza,Reducida,Nocturna,Buen Tiempo,Atropello animal,S/D,Colisión,Ninguna,Faltante,Ninguna,Sin restricción
2018,3846,2018-03-23,Viernes,0,22:55:00,Ruta Nacional 9,0.0,2,"Automóvil,Moto/Ciclomotor",Ruta Nacional 9 Y Alberdi,2,1,0,0,1,0,0,"-32.920402252169, -60.817200550611",Ruta,9,FUNES,Rosario,Asfalto,Ripio,II,Dentro,Urbana,Ninguna,No existe,Intersección,Bueno,Buena,"Nocturna,Con luz artificial",Buen Tiempo,Lateral,S/D,Colisión,Ninguna,Horizontal,Línea divisoria pintada,Sin restricción
2018,3847,2018-03-27,Martes,0,18:00:00,Ruta Nacional 9,0.0,2,"Automóvil,Automóvil",Hernandez Y Ruta Nacional 9,4,3,0,0,1,0,0,"-32.916346752138, -60.843486198957",Ruta,9,FUNES,Rosario,Asfalto,Ripio,II,Dentro,Urbana,Semáforo,Funciona,Intersección,Bueno,Buena,Diurna,Buen Tiempo,De alcance,S/D,Colisión,Ninguna,"Horizontal,Vertical",Línea divisoria pintada,Sin restricción
2018,3848,2018-01-09,Martes,0,18:00:00,Ruta Nacional 8,0.0,2,"Moto/Ciclomotor,Camión c / Acoplado",Lopez ,2,0,0,0,1,1,0,"-33.727956, -61.995192",Ruta,8,VENADO TUERTO,General López,Asfalto,No existe,VIII,Dentro,Urbana,Semáforo,Funciona,Intersección,Bueno,Buena,Diurna,Buen Tiempo,Lateral,S/D,Colisión,Ninguna,Vertical,Línea divisoria pintada,Sin restricción
2018,3849,2018-03-24,Sabado,0,16:00:00,Ruta Nacional 9,0.0,2,"Pickup/Utilitario,Automóvil",Ruta Nacional 9 ,4,3,0,0,1,0,0,"-32.924688555488, -60.771103227979",Ruta,9,FUNES,Rosario,Asfalto,Ripio,II,Dentro,Urbana,Semáforo,Funciona,Intersección,Bueno,Buena,Diurna,Buen Tiempo,Múltiple,S/D,Colisión,Ninguna,"Horizontal,Vertical",Línea divisoria pintada,Sin restricción
2018,3851,2018-03-06,Martes,0,19:00:00,Ruta Nacional 9,0.0,2,"Automóvil,Moto/Ciclomotor",Ruta Nacional 9 Y Tucuman,2,1,0,0,1,0,0,"-32.922142333937, -60.807283853784",Ruta,9,FUNES,Rosario,Asfalto,Ripio,II,Dentro,Urbana,Señal Pare,No existe,Recta,Bueno,Buena,Atardecer,Buen Tiempo,Lateral,S/D,Colisión,Ninguna,Horizontal,Línea divisoria pintada,Sin restricción
2018,3852,2018-01-10,Miercoles,0,21:45:00,Ruta Nacional 11,666.0,3,"Automóvil,Camión c / Acoplado,Camión c / Semirremolque", ,4,0,1,0,2,1,0,"-29.9582487,-60.3013132",Ruta,11,CALCHAQUÍ,Vera,Asfalto,Natural,XIX,Dentro,Rural,Ninguna,No existe,Recta,Bueno,Buena,Nocturna,Buen Tiempo,Múltiple,S/D,Colisión,Ninguna,S/D,Ninguna,Sin restricción
2018,3853,2018-01-12,Viernes,0,02:55:00,,0.0,2,"Moto/Ciclomotor,Automóvil",26 DE ENERO Y SAN LORENZO ,2,0,0,0,1,1,0,"-31.25875,-61.489055555556",Calle,,RAFAELA,Castellanos,Asfalto,No existe,V,Dentro,Urbana,Ninguna,No existe,Intersección,Bueno,Buena,Nocturna,Buen Tiempo,Lateral,S/D,Colisión,Ninguna,Faltante,Ninguna,S/D
2018,3854,2018-01-11,Jueves,0,,,0.0,2,"Moto/Ciclomotor,Automóvil",Bv. Avellaneda Y Ocampo,2,1,0,0,1,0,0,"-32.959138888889,-60.684083333333",Calle,,ROSARIO,Rosario,S/D,S/D,II,S/D,Urbana,S/D,S/D,S/D,S/D,S/D,S/D,S/D,S/D,S/D,Colisión,S/D,S/D,S/D,S/D
2018,3855,2018-01-12,Viernes,0,04:00:00,,0.0,1,Automóvil, ,1,1,0,0,0,0,0,"-31.55508, -60.68643",Calle,,SANTA FE,La Capital,S/D,S/D,I,S/D,Urbana,S/D,S/D,S/D,S/D,S/D,S/D,S/D,S/D,S/D,Vuelco,S/D,S/D,S/D,S/D
2018,3857,2018-01-22,Lunes,0,21:00:00,,0.0,2,"Moto/Ciclomotor,Moto/Ciclomotor",9 de Julio ,2,0,1,0,0,0,1,"-30.78888, -60.59087",Avenida,,SAN JUSTO,San Justo,Asfalto,No existe,XVI,Dentro,Urbana,S/D,S/D,Recta,S/D,S/D,Nocturna,S/D,S/D,S/D,Colisión,S/D,S/D,S/D,S/D
2018,3858,2018-06-17,Domingo,0,19:20:00,Ruta Provincial 1,39.0,2,"Automóvil,Automóvil", ,2,2,0,0,0,0,0,"-31.31701, -60.28278",Ruta,1,SANTA ROSA DE CALCHINES,Garay,Asfalto,Natural,VII,Dentro,Rural,Ninguna,No existe,Recta,Bueno,Buena,Nocturna,Buen Tiempo,Múltiple,S/D,Colisión,Ninguna,Faltante,Ninguna,Sin restricción
2018,3859,2018-06-12,Martes,0,10:14:00,,0.0,2,"Pickup/Utilitario,Bicicleta",J Neme 2500,3,1,0,0,2,0,0,"-30.799055555556,-60.596416666667",Calle,,SAN JUSTO,San Justo,Hormigón,No existe,XVI,Dentro,Urbana,Ninguna,No existe,Recta,Bueno,Buena,Diurna,Buen Tiempo,Otro,S/D,Colisión,Ninguna,Vertical,Ninguna,Sin restricción
2018,3860,2018-01-23,Martes,0,14:00:00,,0.0,2,"Moto/Ciclomotor,Pickup/Utilitario",Almte. Brown Y Moreno,2,1,0,0,1,0,0,"-32.816416666667,-61.395888888889",Calle,,CAÑADA DE GÓMEZ,Iriondo,Asfalto,S/D,X,S/D,Urbana,S/D,S/D,Intersección,S/D,S/D,Diurna,S/D,Lateral,S/D,Colisión,S/D,S/D,S/D,S/D
2018,3861,2018-01-12,Viernes,0,08:30:00,,0.0,2,"Pickup/Utilitario,Moto/Ciclomotor",Alvear Y Almte. Brown,2,0,1,0,1,0,0,"-32.815027777778,-61.404055555556",Calle,,CAÑADA DE GÓMEZ,Iriondo,S/D,S/D,V,S/D,Urbana,S/D,S/D,S/D,S/D,S/D,S/D,S/D,S/D,S/D,Colisión,S/D,S/D,S/D,S/D
2018,3862,2018-06-05,Martes,0,11:00:00,,0.0,2,"Bicicleta,Moto/Ciclomotor",Independencia 2645,2,2,0,0,0,0,0,"-30.7895,-60.594861111111",Calle,,SAN JUSTO,San Justo,Asfalto,No existe,XVI,S/D,Urbana,Ninguna,No existe,Recta,Bueno,Buena,Diurna,Buen Tiempo,Lateral,Ciclista,Atropello,Ninguna,Horizontal,Ninguna,Sin restricción
2018,3863,2018-01-12,Viernes,0,,,0.0,2,"Pickup/Utilitario,Moto/Ciclomotor",Rotania Y R Saenz Pe?a,2,1,0,0,1,0,0,"-30.94955, -61.56385",Calle,,SUNCHALES,Castellanos,S/D,S/D,V,S/D,Urbana,S/D,S/D,S/D,S/D,S/D,S/D,S/D,S/D,S/D,Colisión,S/D,S/D,S/D,S/D
2018,3864,2018-06-29,Viernes,0,22:30:00,Ruta Provincial 1,64.0,2,"Camión Chasis,Automóvil", ,3,2,0,0,1,0,0,"-31.22035, -60.18988",Ruta,1,CAYASTA,Garay,Asfalto,Natural,VII,Fuera,Rural,Ninguna,No existe,Curva,Bueno,Buena,Nocturna,Buen Tiempo,Lateral,S/D,Colisión,Ninguna,Faltante,Línea divisoria pintada,Sin restricción
2018,3865,2018-01-13,Sabado,0,,,0.0,1,Moto/Ciclomotor,Chubut ,2,2,0,0,0,0,0,"-30.934521, -61.560760",Calle,,SUNCHALES,Castellanos,S/D,S/D,V,S/D,Urbana,S/D,S/D,S/D,S/D,S/D,S/D,S/D,S/D,S/D,Vuelco,S/D,S/D,S/D,S/D
2018,3866,2018-06-07,Jueves,0,12:15:00,,0.0,2,"Automóvil,Moto/Ciclomotor",Independencia Y Bv R S Pe?a,3,1,1,0,1,0,0,"-30.788888888889,-60.598694444444",Calle,,SAN JUSTO,San Justo,Asfalto,No existe,XVI,Dentro,Urbana,Ninguna,No existe,Intersección,Bueno,Buena,Diurna,Buen Tiempo,Lateral,S/D,Colisión,Ninguna,Vertical,Vegetación,Sin restricción
2018,3867,2018-01-14,Domingo,0,09:15:00,Autopista Provincial Brigadier E.López,153.0,1,Camión c / Semirremolque, ,1,1,0,0,0,0,0,"-31.6248, -60.76282",Autopista,Brigadier E.López,SANTA FE,La Capital,S/D,S/D,I,S/D,Urbana,S/D,S/D,S/D,S/D,S/D,S/D,S/D,S/D,S/D,Vuelco,S/D,S/D,S/D,S/D
2018,3868,2018-01-23,Martes,0,20:12:00,,0.0,2,"Moto/Ciclomotor,Otros",AV EVA PERON Y PINTO LUCERO,2,1,0,0,0,0,1,"-33.75816, -61.94607",Calle,,VENADO TUERTO,General López,Asfalto,S/D,VIII,Dentro,Urbana,S/D,S/D,Intersección,S/D,S/D,Nocturna,S/D,Lateral,S/D,Colisión,S/D,S/D,S/D,S/D
2018,3869,2018-06-17,Domingo,0,,Ruta Provincial 1,72.0,1,Moto/Ciclomotor, ,2,2,0,0,0,0,0,"-31.21013, -60.16223",Ruta,1,CAYASTA,Garay,Asfalto,Natural,VII,Dentro,Urbana,Ninguna,No existe,Recta,Bueno,Buena,"Diurna,Con luz artificial",Buen Tiempo,Contra objeto fijo,S/D,Colisión,Ninguna,Vertical,Línea divisoria pintada,Sin restricción
2018,3870,2018-01-14,Domingo,0,,,0.0,2,"Bicicleta,Moto/Ciclomotor",Av Eva Peron Y S Marquinez y Martinez,2,1,0,0,1,0,0,"-30.947522903999, -61.571767477356",Calle,,SUNCHALES,Castellanos,S/D,S/D,V,S/D,Urbana,S/D,S/D,S/D,S/D,S/D,S/D,S/D,S/D,Ciclista,Atropello,S/D,S/D,S/D,S/D
2018,3871,2018-06-08,Viernes,0,13:15:00,Ruta Provincial 1,70.0,2,"Moto/Ciclomotor,Automóvil", ,3,2,0,0,1,0,0,"-31.20896, -60.16192",Ruta,1,CAYASTA,Garay,Asfalto,Natural,VII,Fuera,Urbana,Ninguna,Intermitente,Recta,Bueno,Buena,"Diurna,Con luz artificial",Buen Tiempo,Lateral,S/D,Colisión,Ninguna,Vertical,Línea divisoria pintada,Sin restricción
2018,3872,2018-01-14,Domingo,0,18:07:00,,0.0,2,"Automóvil,Automóvil",Gral Jose de San Martin Y Quintana,3,2,0,0,1,0,0,"-33.735055555556,-61.973888888889",Calle,,VENADO TUERTO,General López,S/D,S/D,VIII,S/D,Urbana,S/D,S/D,S/D,S/D,S/D,S/D,S/D,S/D,S/D,Colisión,S/D,S/D,S/D,S/D