anio_acci,nro_acci,fecha,desc_dia,fecha_aprox,hora_aprox,desc_ruta,km,cant_participantes,desc_participante,calle_avenida_km,total,heridos_leves,heridos_graves,heridos_gravisimos,ilesos,fallecidos,sin_datos,posicion_XY,desc_tipo_via,desc_ruta_ori,desc_loc,desc_dpto,desc_tipo_calzada,desc_tipo_banquina,desc_unidad_regional,desc_lugar_calzada,desc_zona,desc_prioridad,desc_estado_semaforo,desc_lugar_via,desc_estado_via,desc_estado_visibilidad,desc_luminosidad,desc_estado_clima,desc_tipo_colision,desc_tipo_atropello,desc_tipo_hecho,desc_pres_calzada,desc_senializacion,desc_separacion_via,desc_restriccion
2018,3873,2018-01-24,Miercoles,0,03:30:00,Autopista Nacional Rosario -Cordoba,391.0,2,"Camión,Camión", ,2,1,0,0,1,0,0,"-32.81812, -61.55401",Autopista,Rosario -Córdoba,CAÑADA DE GÓMEZ,Iriondo,Asfalto,S/D,X,Dentro,Rural,S/D,No existe,Recta,S/D,S/D,Nocturna,S/D,De alcance,S/D,Colisión,S/D,S/D,S/D,S/D
2018,3874,2018-06-21,Jueves,0,18:30:00,,0.0,3,"Automóvil,Moto/Ciclomotor,Automóvil",Belgrano Y E Aleman,3,1,0,0,2,0,0,"-29.46125,-60.212138888889",Calle,,VERA,Vera,Asfalto,No existe,XIX,Dentro,Urbana,S/D,No existe,Intersección,S/D,S/D,S/D,S/D,S/D,S/D,Colisión,S/D,S/D,S/D,S/D
2018,3875,2018-01-13,Sabado,0,12:00:00,,0.0,1,Moto/Ciclomotor,Cristobal Colon Y Mariano Moreno,2,1,0,0,1,0,0,"-33.742555555556,-61.972527777778",Calle,,VENADO TUERTO,General López,S/D,S/D,VIII,Dentro,Urbana,S/D,S/D,S/D,S/D,S/D,S/D,S/D,S/D,S/D,Vuelco,S/D,S/D,S/D,S/D
2018,3876,2018-06-02,Sabado,0,18:40:00,,0.0,2,"Moto/Ciclomotor,Pickup/Utilitario",Rey Fernando Y Conde de Tessieres,2,1,0,0,1,0,0,"-31.19959, -60.16268",Calle,,CAYASTA,Garay,Arena,Natural,VII,Dentro,Urbana,Ninguna,No existe,Intersección,Bueno,Buena,"Diurna,Con luz artificial",Buen Tiempo,Lateral,S/D,Colisión,Ninguna,Faltante,Ninguna,Sin restricción
2018,3877,2018-01-24,Miercoles,0,23:00:00,,0.0,2,"Bicicleta,Pickup/Utilitario", ,2,1,0,0,1,0,0,"-32.82073, -61.39526",S/D,,CAÑADA DE GÓMEZ,Iriondo,S/D,S/D,X,S/D,S/D,S/D,S/D,S/D,S/D,S/D,Nocturna,S/D,S/D,Ciclista,Atropello,S/D,S/D,S/D,S/D
2018,3878,2018-01-15,Lunes,0,02:00:00,,0.0,2,"Automóvil,Moto/Ciclomotor",Mitre Y Ameghino,3,2,0,0,1,0,0,"-32.813555555556,-61.387444444444",Calle,,CAÑADA DE GÓMEZ,Iriondo,S/D,S/D,VIII,S/D,Urbana,S/D,S/D,S/D,S/D,S/D,S/D,S/D,S/D,S/D,Colisión,S/D,S/D,S/D,S/D
2018,3879,2018-06-17,Domingo,0,10:15:00,,0.0,2,"Pickup/Utilitario,Moto/Ciclomotor",Mitre B Y Espa?a,3,1,1,0,1,0,0,"-29.457666666667,-60.213972222222",Calle,,VERA,Vera,Asfalto,No existe,XIX,Dentro,Urbana,S/D,No existe,Intersección,S/D,S/D,"Nocturna,Con luz artificial",S/D,S/D,S/D,Colisión,S/D,S/D,S/D,S/D
2018,3880,2018-06-30,Sabado,0,21:45:00,,0.0,2,"Moto/Ciclomotor,Pickup/Utilitario",Conde de Tessieres Y Isabel La Catolica,2,1,0,0,1,0,0,"-31.19981, -60.16138",Calle,,CAYASTA,Garay,Tierra,No existe,VII,Dentro,Urbana,Ninguna,No existe,Intersección,Bueno,Buena,"Nocturna,Con luz artificial",Buen Tiempo,Lateral,S/D,Colisión,Ninguna,Faltante,Ninguna,Sin restricción
2018,3881,2018-01-15,Lunes,0,,,0.0,2,"Pickup/Utilitario,Moto/Ciclomotor",Alvear Y Almte. Brown,2,1,0,0,1,0,0,"-32.815027777778,-61.404055555556",Calle,,CAÑADA DE GÓMEZ,Iriondo,S/D,S/D,X,S/D,Urbana,S/D,S/D,S/D,S/D,S/D,S/D,S/D,S/D,S/D,Colisión,S/D,S/D,S/D,S/D
2018,3882,2018-01-24,Miercoles,0,,,0.0,2,"Moto/Ciclomotor,Bicicleta",Moreno Y Lavalle,2,1,0,0,1,0,0,"-32.820027777778,-61.396777777778",Calle,,CAÑADA DE GÓMEZ,Iriondo,Asfalto,S/D,X,S/D,Urbana,S/D,S/D,Intersección,S/D,Buena,S/D,S/D,S/D,Ciclista,Atropello,S/D,S/D,S/D,S/D
2018,3883,2018-06-01,Viernes,0,00:50:00,,0.0,2,"Automóvil,Moto/Ciclomotor",25 de Mayo Y A Lezama,2,1,0,0,1,0,0,"-29.460859787375, -60.207236287066",Calle,,VERA,Vera,Asfalto,S/D,XIX,Dentro,Urbana,S/D,Funciona,Intersección,Bueno,S/D,S/D,S/D,S/D,S/D,S/D,S/D,S/D,S/D,S/D
2018,3884,2018-06-03,Domingo,0,21:00:00,Ruta Provincial 1,25.0,2,"Pickup/Utilitario,Moto/Ciclomotor", ,2,1,0,0,1,0,0,"-31.483, -60.42821",Ruta,1,LOS ZAPALLOS,Garay,Asfalto,Natural,VII,Dentro,Urbana,Marca Vial,No existe,Recta,Bueno,Buena,Con luz artificial,Buen Tiempo,De alcance,S/D,Colisión,Ninguna,Vertical,Línea divisoria pintada,Sin restricción
2018,3885,2018-01-15,Lunes,0,,Ruta Nacional 8,345.0,2,"Automóvil,Automóvil", ,4,4,0,0,0,0,0,"-33.83137, -61.77938",Ruta,8,VENADO TUERTO,General López,S/D,S/D,VIII,S/D,S/D,S/D,S/D,S/D,S/D,S/D,S/D,S/D,S/D,S/D,"Colisión,Vuelco",S/D,S/D,S/D,S/D
2018,3886,2018-06-29,Viernes,0,18:15:00,,0.0,2,"Automóvil,Moto/Ciclomotor",Sarmiento D Y 25 de Mayo,3,1,1,0,1,0,0,"-29.459611111111,-60.215555555556",Calle,,VERA,Vera,Asfalto,S/D,XIX,Dentro,Urbana,S/D,No existe,Intersección,S/D,S/D,Atardecer,S/D,S/D,S/D,S/D,S/D,S/D,S/D,S/D
2018,3887,2018-06-09,Sabado,0,14:00:00,Ruta Provincial 1,0.0,1,Moto/Ciclomotor,La Paz ,1,1,0,0,0,0,0,"-31.09399, -60.09263",Ruta,1,HELVECIA,Garay,Asfalto,Natural,VII,S/D,Urbana,Ninguna,No existe,Intersección,Bueno,Buena,Diurna,Buen Tiempo,Atropello animal,S/D,Atropello,Ninguna,Faltante,Ninguna,Sin restricción
2018,3889,2018-06-04,Lunes,0,13:00:00,,0.0,2,"Moto/Ciclomotor,Automóvil",Saavedra Y Marcos Avellaneda,3,1,0,0,2,0,0,"-31.452777777778,-60.937444444444",Calle,,ESPERANZA,Las Colonias,Asfalto,No existe,XI,Dentro,Urbana,Ninguna,No existe,Intersección,Bueno,Buena,Diurna,Buen Tiempo,De alcance,S/D,Colisión,Ninguna,S/D,Ninguna,Sin restricción
2018,3890,2018-01-25,Jueves,0,22:00:00,,0.0,2,"Automóvil,Moto/Ciclomotor",Alvear Y Bv. Balcarce,2,1,0,0,1,0,0,"-32.819888888889,-61.405222222222",Calle,,CAÑADA DE GÓMEZ,Iriondo,Asfalto,No existe,X,Dentro,Urbana,S/D,S/D,Intersección,S/D,S/D,Nocturna,S/D,Lateral,S/D,Colisión,S/D,S/D,S/D,S/D
2018,3891,2018-06-16,Sabado,0,11:10:00,,0.0,2,"Moto/Ciclomotor,Pickup/Utilitario",Lavalle Y Corrientes,3,1,1,0,1,0,0,"-29.46425,-60.221527777778",Calle,,VERA,Vera,Tierra,No existe,XIX,Dentro,Urbana,Ninguna,No existe,Intersección,Bueno,S/D,Diurna,Buen Tiempo,Lateral,S/D,Colisión,S/D,S/D,Ninguna,Sin restricción
2018,3892,2018-01-24,Miercoles,0,,,0.0,3,"Moto/Ciclomotor,Peatón,Peatón",Cerrito Y Av. Provincias Unidas,3,3,0,0,0,0,0,"-32.953305555556,-60.712027777778",Calle,,ROSARIO,Rosario,Asfalto,No existe,II,Dentro,Urbana,S/D,Funciona,Intersección,S/D,S/D,S/D,S/D,S/D,Peatón,Atropello,S/D,S/D,S/D,S/D
2018,3893,2018-01-01,Lunes,0,01:19:00,,0.0,1,Automóvil, ,1,0,1,0,0,0,0,"-32.952154,-60.669821",S/D,,ROSARIO,Rosario,S/D,S/D,II,S/D,S/D,S/D,S/D,S/D,S/D,S/D,S/D,S/D,S/D,S/D,S/D,S/D,S/D,S/D,S/D
2018,3894,2018-06-02,Sabado,0,16:55:00,,0.0,2,"Moto/Ciclomotor,Automóvil",J M de Rosas Y Santiago del Estero,2,1,0,0,1,0,0,"-29.052820694358, -60.411792275378",Calle,,FORTÍN OLMOS,Vera,Asfalto,No existe,XIX,Dentro,Urbana,Ninguna,No existe,Intersección,Bueno,Buena,Diurna,Buen Tiempo,Lateral,S/D,Colisión,Ninguna,Faltante,Ninguna,Sin restricción
2018,3895,2018-06-05,Martes,0,19:10:00,,0.0,1,Moto/Ciclomotor,General Paz 3900,1,1,0,0,0,0,0,"-31.43429, -60.92876",Calle,,ESPERANZA,Las Colonias,Ripio,Ripio,XI,Dentro,Urbana,Ninguna,No existe,Recta,Bueno,Buena,Con luz artificial,Buen Tiempo,Atropello animal,S/D,Atropello,Ninguna,Faltante,Ninguna,Sin restricción
2018,3896,2018-01-26,Viernes,0,,Ruta Provincial 40,3.0,2,"Pickup/Utilitario,Moto/Ciclomotor", ,4,1,1,0,2,0,0,"-29.15144, -59.68893",Ruta,40,RECONQUISTA,General Obligado,Asfalto,No existe,IX,S/D,Rural,S/D,S/D,Intersección,S/D,S/D,S/D,S/D,S/D,S/D,"Colisión,Vuelco",S/D,S/D,S/D,Sin restricción
2018,3897,2018-01-01,Lunes,0,05:00:00,,0.0,2,"Moto/Ciclomotor,Otros", ,2,1,0,0,0,0,1,"-32.952154,-60.669821",S/D,,ROSARIO,Rosario,S/D,S/D,II,S/D,S/D,S/D,S/D,S/D,S/D,S/D,S/D,S/D,S/D,S/D,Colisión,S/D,S/D,S/D,S/D
2018,3898,2018-06-05,Martes,0,19:20:00,,0.0,2,"Peatón,Automóvil",R Lehmann Y General Manuel Belgrano,2,1,0,0,1,0,0,"-31.450833333333,-60.929888888889",Calle,,ESPERANZA,Las Colonias,Hormigón,Pavimento,XI,Dentro,Urbana,Marca Vial,No existe,Intersección,Bueno,Buena,Con luz artificial,Buen Tiempo,S/D,Peatón,Atropello,Ninguna,Horizontal,Cordón divisorio,Sin restricción
2018,3899,2018-06-17,Domingo,0,11:30:00,,0.0,2,"Moto/Ciclomotor,Moto/Ciclomotor",J M de Rosas Y Catamarca,3,3,0,0,0,0,0,"-29.052005302817, -60.411792275378",Calle,,FORTÍN OLMOS,Vera,"Asfalto,Ripio",No existe,XIX,Dentro,Urbana,Ninguna,No existe,Intersección,Bueno,Buena,Diurna,Buen Tiempo,Otro,S/D,Colisión,Ninguna,Faltante,Ninguna,Sin restricción
2018,3900,2018-01-02,Martes,0,09:15:00,,0.0,2,"Moto/Ciclomotor,Otros",Montes Carballo Y Albert Sabin,2,1,0,0,0,0,1,"-32.922482353232, -60.685323696518",Calle,,ROSARIO,Rosario,S/D,S/D,II,S/D,Urbana,S/D,S/D,S/D,S/D,S/D,S/D,S/D,S/D,S/D,Colisión,S/D,S/D,S/D,S/D
2018,3901,2018-06-07,Jueves,0,07:50:00,,0.0,2,"Moto/Ciclomotor,Pickup/Utilitario",Rivadavia Y Pringles,4,1,0,0,3,0,0,"-31.459472222222,-60.9315",Calle,,ESPERANZA,Las Colonias,Asfalto,No existe,XI,Dentro,Urbana,Ninguna,No existe,Intersección,Bueno,Buena,Diurna,Buen Tiempo,De alcance,S/D,Colisión,Ninguna,Faltante,Ninguna,Sin restricción
2018,3902,2018-06-21,Jueves,0,10:55:00,,0.0,2,"Moto/Ciclomotor,Moto/Ciclomotor",Mitre Y Ituzaingo,2,1,1,0,0,0,0,"-29.884047996909, -60.289869782397",Calle,,CALCHAQUÍ,Vera,Asfalto,No existe,XIX,Dentro,Urbana,Ninguna,No existe,Intersección,Bueno,Buena,Diurna,Buen Tiempo,Otro,S/D,Colisión,Ninguna,Faltante,Ninguna,Sin restricción
2018,3903,2018-06-15,Viernes,0,11:45:00,,0.0,2,"Automóvil,Moto/Ciclomotor",Laprida Y Hipolito Irigoyen,2,1,0,0,1,0,0,"-31.445833333333,-60.920083333333",Calle,,ESPERANZA,Las Colonias,Asfalto,No existe,XI,Dentro,Urbana,Ninguna,No existe,Intersección,Bueno,Buena,Diurna,Buen Tiempo,Lateral,S/D,Colisión,Ninguna,Vertical,Ninguna,Sin restricción
2018,3904,2018-01-28,Domingo,0,22:20:00,,0.0,2,"Automóvil,Moto/Ciclomotor",Av Dr Luis Chapuis Y Leoncio de la Barrera,2,1,0,0,1,0,0,"-33.734388888889,-61.977416666667",Avenida,,VENADO TUERTO,General López,S/D,No existe,VIII,Dentro,Urbana,S/D,S/D,Intersección,S/D,S/D,Nocturna,S/D,S/D,S/D,Colisión,S/D,S/D,S/D,S/D
2018,3905,2018-06-13,Miercoles,0,11:20:00,,0.0,2,"Pickup/Utilitario,Moto/Ciclomotor",Sgto Cabral ,2,1,0,0,1,0,0,"-29.880764973075, -60.283732888171",Calle,,CALCHAQUÍ,Vera,Asfalto,No existe,XIX,Dentro,Urbana,Ninguna,No existe,Recta,Bueno,Buena,Diurna,Buen Tiempo,Lateral,S/D,Colisión,Ninguna,Faltante,Ninguna,Sin restricción
2018,3906,2018-06-20,Miercoles,0,19:55:00,,0.0,2,"Moto/Ciclomotor,Moto/Ciclomotor",Rivadavia Y Agustin Justo,4,4,0,0,0,0,0,"-29.888575565726, -60.289462086627",Calle,,CALCHAQUÍ,Vera,Asfalto,No existe,XIX,S/D,Urbana,Ninguna,No existe,Intersección,Bueno,Buena,Nocturna,Buen Tiempo,Lateral,S/D,Colisión,Ninguna,Faltante,Ninguna,Sin restricción
2018,3907,2018-06-16,Sabado,0,17:35:00,,0.0,3,"Automóvil,Peatón,Moto/Ciclomotor",Nicolas Schneider Y Cullen,3,2,0,0,1,0,0,"-31.453694444444,-60.925055555556",Calle,,ESPERANZA,Las Colonias,Asfalto,Pavimento,VI,Dentro,Urbana,Ninguna,No existe,Intersección,Bueno,Buena,Atardecer,Buen Tiempo,Múltiple,Peatón,"Colisión,Atropello",Ninguna,Faltante,Ninguna,Sin restricción
2018,3908,2018-03-07,Miercoles,0,13:50:00,Autopista Provincial Brigadier E.López,153.0,2,"Automóvil,Automóvil", ,2,1,0,0,1,0,0,"-31.628155653686, -60.770452993197",Autopista,Brigadier E.López,SANTO TOMÉ,La Capital,Asfalto,Natural,I,Dentro,Rural,Ninguna,No existe,Recta,Bueno,Buena,Diurna,Buen Tiempo,Lateral,S/D,Colisión,Ninguna,Faltante,Ninguna,Sin restricción
2018,3910,2018-03-13,Martes,0,17:05:00,,0.0,2,"Moto/Ciclomotor,Pickup/Utilitario",Necochea Y Azcuenaga,3,2,0,0,1,0,0,"-31.658,-60.771805555556",Calle,,SANTO TOMÉ,La Capital,Ripio,No existe,I,Dentro,Urbana,Ninguna,No existe,Intersección,Bueno,Buena,Diurna,Buen Tiempo,Lateral,S/D,Colisión,Ninguna,Faltante,Ninguna,Sin restricción
2018,3911,2018-03-30,Viernes,0,19:10:00,,0.0,2,"Automóvil,Peatón",Azcuenaga 2400,2,0,1,0,1,0,0,"-31.667916666667,-60.774388888889",Calle,,SANTO TOMÉ,La Capital,Ripio,Natural,I,Dentro,Urbana,Ninguna,No existe,Recta,Bueno,Buena,Atardecer,Buen Tiempo,S/D,Peatón,Atropello,Ninguna,Faltante,Ninguna,Sin restricción
2018,3912,2018-03-27,Martes,0,18:00:00,,0.0,2,"Moto/Ciclomotor,Moto/Ciclomotor",General Manuel Belgrano Y Jose De San Martin,2,1,0,0,1,0,0,"-31.664555555556,-60.760472222222",Calle,,SANTO TOMÉ,La Capital,Asfalto,No existe,I,Dentro,Urbana,Ninguna,No existe,Intersección,Bueno,Buena,Atardecer,Buen Tiempo,Lateral,S/D,Colisión,Ninguna,Faltante,Ninguna,Sin restricción
2018,3913,2018-03-22,Jueves,0,23:40:00,Ruta Nacional 19,0.0,2,"Transporte de Pasajeros Urbano (> 8 asientos),Moto/Ciclomotor",3 de febrero Y Avenida Ejercito Argentino,2,0,1,0,1,0,0,"-31.670777777778,-60.780833333333",Ruta,19,SANTO TOMÉ,La Capital,"Hormigón,Ripio",Natural,I,Dentro,Urbana,Marca Vial,No existe,Intersección,Bueno,Buena,"Nocturna,Con luz artificial",Buen Tiempo,Lateral,S/D,Colisión,Ninguna,Horizontal,Línea divisoria pintada,Sin restricción
2018,3914,2018-03-22,Jueves,0,18:30:00,,0.0,2,"Pickup/Utilitario,Moto/Ciclomotor",Libertad Y Batalla de chacabuco,2,0,1,0,1,0,0,"-31.658444444444,-60.758194444444",Calle,,SANTO TOMÉ,La Capital,Asfalto,No existe,I,Dentro,Urbana,Ninguna,No existe,Intersección,Bueno,Buena,"Atardecer,Con luz artificial",Buen Tiempo,Frontal,S/D,Colisión,Ninguna,Faltante,Ninguna,Sin restricción
2018,3915,2018-03-22,Jueves,0,14:30:00,,0.0,2,"Automóvil,Moto/Ciclomotor",9 de julio Y Mariano Candioti,2,1,0,0,1,0,0,"-31.668527777778,-60.754694444444",Calle,,SANTO TOMÉ,La Capital,Asfalto,No existe,I,Dentro,Urbana,Ninguna,No existe,Intersección,Bueno,Buena,Diurna,Buen Tiempo,Frontal,S/D,Colisión,Ninguna,Faltante,Ninguna,Sin restricción
2018,3916,2018-03-12,Lunes,0,13:00:00,Ruta Provincial 1,6.0,2,"Pickup/Utilitario,Transporte de Pasajeros Larga Distancia (> 8 asientos)", ,2,1,0,0,0,0,1,"-31.606289, -60.577587",Ruta,1,SAN JOSÉ DEL RINCÓN,La Capital,Asfalto,Natural,II,Dentro,Urbana,Semáforo,Funciona,Recta,Bueno,Buena,Diurna,Buen Tiempo,De alcance,S/D,Colisión,Ninguna,Vertical,Cordón divisorio,Sin restricción
2018,3917,2018-03-13,Martes,0,16:20:00,Ruta Nacional 19,0.0,2,"Automóvil,Moto/Ciclomotor",Buenos Aires Y Avenida Ejercito Argentino,2,1,0,0,1,0,0,"-31.672444444444,-60.770916666667",Ruta,19,SANTO TOMÉ,La Capital,Hormigón,Ripio,I,Dentro,Urbana,Semáforo,Funciona,Intersección,Bueno,Buena,Diurna,Buen Tiempo,Lateral,S/D,Colisión,Ninguna,"Horizontal,Vertical",Línea divisoria pintada,Sin restricción
2018,3918,2018-03-15,Jueves,0,15:00:00,,0.0,2,"Automóvil,Pickup/Utilitario",25 de mayo Y Pres Domingo Faustino Sarmient,4,1,0,0,3,0,0,"-31.661555555556,-60.762055555556",Calle,,SANTO TOMÉ,La Capital,Asfalto,No existe,I,Dentro,Urbana,Semáforo,Funciona,Intersección,Bueno,Buena,Diurna,Lluvia,Frontal,S/D,Colisión,Agua,Vertical,Ninguna,Sin restricción
2018,3919,2018-03-06,Martes,0,19:00:00,Ruta Nacional 9,0.0,2,"Automóvil,Moto/Ciclomotor",Ruta Nacional 9 Y Cochet,2,1,0,0,1,0,0,"-32.922427253319, -60.806099326750",Ruta,9,FUNES,Rosario,Asfalto,Pavimento,II,Dentro,Urbana,Señal Pare,No existe,Intersección,Bueno,Buena,Diurna,Buen Tiempo,Frontal,S/D,Colisión,Ninguna,Horizontal,Línea divisoria pintada,Sin restricción
2018,3920,2018-03-04,Domingo,0,14:30:00,Ruta Provincial 1,11.0,2,"Automóvil,Moto/Ciclomotor", ,2,1,0,0,1,0,0,"-31.570299, -60.542069",Ruta,1,ARROYO LEYES,La Capital,Asfalto,Natural,I,Dentro,Rural,Marca Vial,No existe,Recta,Bueno,Buena,Diurna,Buen Tiempo,Lateral,S/D,Colisión,Ninguna,Horizontal,Línea divisoria pintada,Sin restricción
2018,3921,2018-03-27,Martes,0,19:30:00,Ruta Provincial 1,10.0,2,"Peatón,Moto/Ciclomotor", ,3,2,0,0,1,0,0,"-31.576735, -60.547455",Ruta,1,ARROYO LEYES,La Capital,Asfalto,Natural,I,Dentro,Rural,Marca Vial,No existe,Recta,Bueno,Buena,Atardecer,Buen Tiempo,S/D,Peatón,Atropello,Ninguna,Horizontal,Línea divisoria pintada,Sin restricción
2018,3922,2018-03-26,Lunes,0,23:05:00,Ruta Nacional 9,0.0,2,"Automóvil,Moto/Ciclomotor",Echeverria Y Ruta Nacional 9,2,1,0,0,1,0,0,"-32.923349933220, -60.793546588560",Ruta,9,FUNES,Rosario,Asfalto,No existe,II,Dentro,Urbana,Semáforo,Funciona,Intersección,Bueno,Buena,"Nocturna,Con luz artificial",Buen Tiempo,Lateral,S/D,Colisión,Ninguna,"Horizontal,Vertical",Línea divisoria pintada,Sin restricción
2018,3923,2018-01-21,Domingo,0,06:20:00,Ruta Nacional 34,255.0,3,"Camión,Automóvil,Automóvil", ,12,2,5,0,1,4,0,"-30.9762433,-61.5153336",Ruta,34,SUNCHALES,Castellanos,Asfalto,Natural,V,Dentro,Rural,Ninguna,No existe,Recta,Bueno,Buena,Amanecer,Buen Tiempo,Múltiple,S/D,Colisión,Ninguna,S/D,Ninguna,Sin restricción
2018,3924,2018-03-19,Lunes,0,20:30:00,,0.0,3,"Taxi/Remis,Tracción animal / Carro,Pickup/Utilitario",Azcuenaga Y Jose De San Martin,3,1,0,0,2,0,0,"-31.662611111111,-60.77325",Calle,,SANTO TOMÉ,La Capital,Ripio,No existe,I,Dentro,Urbana,Ninguna,No existe,Intersección,Con baches,Buena,Con luz artificial,Buen Tiempo,Múltiple,S/D,Colisión,Ninguna,Faltante,Ninguna,Sin restricción
2018,3925,2018-03-18,Domingo,0,00:40:00,,0.0,2,"Automóvil,Moto/Ciclomotor",Elorza Y Gral Paz,3,1,0,0,2,0,0,"-32.914166049553, -60.813030154844",Calle,,FUNES,Rosario,Hormigón,No existe,II,Dentro,Urbana,Ninguna,No existe,Intersección,Bueno,Buena,Nocturna,Buen Tiempo,Lateral,S/D,Colisión,Ninguna,Faltante,Ninguna,Sin restricción
2018,3926,2018-03-20,Martes,0,12:30:00,,0.0,2,"Automóvil,Moto/Ciclomotor",Cochet Y Santa Fe,2,1,0,0,1,0,0,"-32.919251517845, -60.805262477537",Calle,,FUNES,Rosario,Asfalto,No existe,II,Dentro,Urbana,Ninguna,No existe,Intersección,Bueno,Buena,Diurna,Buen Tiempo,Lateral,S/D,Colisión,Ninguna,Vertical,Ninguna,Sin restricción
2018,3927,2018-03-19,Lunes,0,20:50:00,,0.0,2,"Bicicleta,Automóvil",25 de mayo Y Jose De San Martin,2,1,0,0,1,0,0,"-31.66425,-60.762583333333",Calle,,SANTO TOMÉ,La Capital,Asfalto,No existe,I,Dentro,Urbana,Semáforo,Funciona,Intersección,Bueno,Buena,"Nocturna,Con luz artificial",Buen Tiempo,S/D,Ciclista,Atropello,Ninguna,"Horizontal,Vertical",Ninguna,Sin restricción
2018,3928,2018-03-25,Domingo,0,20:30:00,Ruta Nacional 9,0.0,2,"Automóvil,Taxi/Remis",Ruta Nacional 9 Y Mitre,5,2,0,0,3,0,0,"-32.922899322106, -60.800670535704",Ruta,9,FUNES,Rosario,Asfalto,Pavimento,II,Dentro,Urbana,Ninguna,Funciona,Intersección,Bueno,Buena,"Nocturna,Con luz artificial",Buen Tiempo,Lateral,S/D,Colisión,Ninguna,"Horizontal,Vertical",Línea divisoria pintada,Sin restricción
2018,3929,2018-03-01,Jueves,0,16:20:00,Ruta Provincial 1,1.0,2,"Automóvil,Moto/Ciclomotor", ,2,1,0,0,1,0,0,"-31.636641,-60.623683",Ruta,1,COLASTINE,La Capital,Asfalto,Natural,I,Dentro,Urbana,Semáforo,Funciona,Recta,Bueno,Buena,Diurna,Buen Tiempo,Lateral,S/D,Colisión,Ninguna,"Horizontal,Vertical",Línea divisoria pintada,Sin restricción
2018,3930,2018-01-25,Jueves,0,15:00:00,,0.0,2,"Peatón,Camión",Pbro A Zurbriggen Y Francia,2,0,0,0,1,1,0,"-31.229666666667,-61.470083333333",Calle,,RAFAELA,Castellanos,Tierra,No existe,V,Dentro,Urbana,Ninguna,No existe,Intersección,Deteriorada,Buena,Diurna,Buen Tiempo,S/D,Peatón,Atropello,Ninguna,Faltante,Ninguna,Sin restricción
2018,3931,2018-03-04,Domingo,0,20:15:00,Ruta Provincial 1,3.0,2,"Automóvil,Moto/Ciclomotor", ,2,1,0,0,1,0,0,"-31.622069, -60.596756",Ruta,1,COLASTINE,La Capital,Asfalto,Natural,I,Dentro,Urbana,Semáforo,Funciona,Recta,Bueno,Buena,Nocturna,Buen Tiempo,Lateral,S/D,Colisión,Ninguna,"Horizontal,Vertical",Línea divisoria pintada,Sin restricción
2018,3932,2018-01-27,Sabado,0,00:05:00,Ruta Nacional 9,387.0,2,"Moto/Ciclomotor,Camión c / Acoplado", ,2,0,0,0,1,1,0,"-32.801361, -61.652778",Ruta,9,CAÑADA DE GÓMEZ,Iriondo,Asfalto,Natural,X,Dentro,Rural,Ninguna,No existe,Recta,Bueno,Buena,Nocturna,Buen Tiempo,De alcance,S/D,Colisión,Ninguna,S/D,Ninguna,S/D
2018,3933,2018-03-09,Viernes,0,07:30:00,Ruta Provincial 1,0.0,2,"Automóvil,Moto/Ciclomotor", ,2,1,0,0,1,0,0,"-31.636508, -60.623194",Ruta,1,COLASTINE,La Capital,Asfalto,Natural,I,Dentro,Urbana,Ninguna,No existe,Recta,Bueno,Buena,Diurna,Buen Tiempo,Lateral,S/D,Colisión,Ninguna,Horizontal,Línea divisoria pintada,Sin restricción
2018,3934,2018-03-17,Sabado,0,17:40:00,,0.0,2,"Automóvil,Moto/Ciclomotor",Av Cordoba - Colectora Y Cochet,2,1,0,0,1,0,0,"-32.922448710991, -60.806056411406",Avenida,,FUNES,Rosario,Asfalto,Pavimento,II,Dentro,Urbana,Ninguna,No existe,Intersección,Bueno,Buena,Diurna,Buen Tiempo,Lateral,S/D,Colisión,Ninguna,Horizontal,Línea divisoria pintada,Sin restricción
2018,3935,2018-03-17,Sabado,0,06:20:00,Ruta Provincial 1,3.0,2,"Pickup/Utilitario,Automóvil", ,2,1,0,0,1,0,0,"-31.622204, -60.597028",Ruta,1,COLASTINE,La Capital,Asfalto,Natural,I,Dentro,Urbana,Semáforo,Funciona,Recta,Bueno,S/D,Amanecer,Buen Tiempo,Lateral,S/D,Colisión,Ninguna,"Horizontal,Vertical",Ninguna,Sin restricción
2018,3936,2018-01-25,Jueves,0,01:00:00,,0.0,1,Moto/Ciclomotor,AV. FRANCIA BIS Y GUADALBERTO VENESIA,2,0,0,0,1,1,0,"-32.93,-60.663",Calle,,ROSARIO,Rosario,Asfalto,No existe,II,Dentro,Urbana,Ninguna,No existe,Intersección,Bueno,Buena,"Nocturna,Con luz artificial",Buen Tiempo,S/D,S/D,Caída ocupante,Ninguna,Faltante,Ninguna,Sin restricción
2018,3937,2018-03-13,Martes,0,17:50:00,,0.0,2,"Moto/Ciclomotor,Automóvil",Amapolas Y Calle 12 - Mate,3,1,0,0,2,0,0,"-31.793024136340, -60.854837947660",Calle,,SAUCE VIEJO,La Capital,Ripio,No existe,I,Dentro,Urbana,Ninguna,No existe,Recta,Bueno,Buena,Diurna,Buen Tiempo,S/D,S/D,Colisión,Ninguna,Faltante,Ninguna,Sin restricción