anio_acci,nro_acci,fecha,desc_dia,fecha_aprox,hora_aprox,desc_ruta,km,cant_participantes,desc_participante,calle_avenida_km,total,heridos_leves,heridos_graves,heridos_gravisimos,ilesos,fallecidos,sin_datos,posicion_XY,desc_tipo_via,desc_ruta_ori,desc_loc,desc_dpto,desc_tipo_calzada,desc_tipo_banquina,desc_unidad_regional,desc_lugar_calzada,desc_zona,desc_prioridad,desc_estado_semaforo,desc_lugar_via,desc_estado_via,desc_estado_visibilidad,desc_luminosidad,desc_estado_clima,desc_tipo_colision,desc_tipo_atropello,desc_tipo_hecho,desc_pres_calzada,desc_senializacion,desc_separacion_via,desc_restriccion
2018,3938,2018-03-22,Jueves,0,18:35:00,Ruta Provincial 1,3.0,2,"Automóvil,Moto/Ciclomotor", ,4,1,0,0,3,0,0,"-31.622204, -60.597028",Ruta,1,SANTA FE,La Capital,Asfalto,Natural,I,Dentro,Urbana,Semáforo,Funciona,Recta,Bueno,Buena,Atardecer,Buen Tiempo,Lateral,S/D,Colisión,Ninguna,Vertical,Línea divisoria pintada,Sin restricción
2018,3939,2018-03-20,Martes,0,07:30:00,Ruta Nacional 9,0.0,2,"Automóvil,Moto/Ciclomotor",Ruta Nacional 9 Y Cochet,2,1,0,0,1,0,0,"-32.922448710991, -60.806077869078",Ruta,9,FUNES,Rosario,Asfalto,Pavimento,II,Dentro,Urbana,Ninguna,No existe,Intersección,Bueno,Buena,Diurna,Buen Tiempo,Lateral,S/D,Colisión,Ninguna,Horizontal,Línea divisoria pintada,Sin restricción
2018,3940,2018-03-29,Jueves,0,05:50:00,,0.0,2,"Moto/Ciclomotor,Bicicleta",Av Cordoba - Colectora Y Mitre,2,2,0,0,0,0,0,"-32.923242644860, -60.800584705015",Avenida,,FUNES,Rosario,Asfalto,Pavimento,II,S/D,Urbana,Ninguna,No existe,Curva,Bueno,Buena,"Nocturna,Con luz artificial",Buen Tiempo,S/D,Ciclista,Atropello,Ninguna,Horizontal,Línea divisoria pintada,Sin restricción
2018,3941,2018-03-18,Domingo,0,01:45:00,Ruta Nacional 11,0.0,2,"Automóvil,Moto/Ciclomotor",Ruta Nac 11 Y Aromos,3,1,1,0,1,0,0,"-31.712754605658, -60.806103705165",Ruta,11,SAUCE VIEJO,La Capital,Asfalto,Ripio,I,Dentro,Urbana,Ninguna,No existe,Intersección,Bueno,Reducida,Nocturna,Buen Tiempo,Lateral,S/D,Colisión,Ninguna,Faltante,Línea divisoria pintada,Sin restricción
2018,3942,2018-03-01,Jueves,1,,Ruta Nacional 11,451.0,2,"Automóvil,Moto/Ciclomotor", ,2,0,1,0,1,0,0,"-31.769211012791, -60.837492896312",Ruta,11,SAUCE VIEJO,La Capital,Hormigón,Ripio,I,Dentro,Urbana,Ninguna,No existe,Recta,Bueno,Buena,Diurna,Buen Tiempo,Otro,S/D,Colisión,Ninguna,Faltante,S/D,Sin restricción
2018,3943,2018-01-17,Miercoles,0,01:00:00,Ruta Provincial 1,305.6,1,Bicicleta, ,1,0,0,0,0,1,0,"-29.260011, -59.695198",Ruta,1,LA LOLA,General Obligado,Asfalto,Pavimento,IX,Dentro,Rural,Ninguna,No existe,Recta,Bueno,S/D,Nocturna,Buen Tiempo,S/D,S/D,Caída ocupante,Ninguna,S/D,Línea divisoria pintada,Sin restricción
2018,3944,2018-03-26,Lunes,0,12:15:00,Ruta Nacional 9,0.0,2,"Pickup/Utilitario,Automóvil",Ruta Nacional 9 Y Lavalle,2,1,0,0,1,0,0,"-32.913500861717, -60.863198192259",Ruta,9,FUNES,Rosario,"Asfalto,Tierra",Ripio,II,S/D,Urbana,Ninguna,No existe,Intersección,Bueno,Buena,Diurna,Buen Tiempo,Lateral,S/D,Colisión,Ninguna,Horizontal,Línea divisoria pintada,Sin restricción
2018,3946,2018-03-31,Sabado,0,06:50:00,,0.0,2,"Moto/Ciclomotor,Taxi/Remis",Gral Paz Y Elorza,3,2,0,0,1,0,0,"-32.914144591881, -60.813051612517",Calle,,FUNES,Rosario,Asfalto,Pavimento,II,Dentro,Urbana,Ninguna,No existe,Intersección,Bueno,Reducida,"Amanecer,Con luz artificial",Buen Tiempo,Lateral,S/D,Colisión,Ninguna,Faltante,Ninguna,Sin restricción
2018,3947,2018-03-04,Domingo,0,17:50:00,Ruta Nacional 9,0.0,3,"Automóvil,Automóvil,Automóvil",Ruta Nacional 9 Y Angelone,9,1,0,0,8,0,0,"-32.921268539025, -60.812171847960",Ruta,9,FUNES,Rosario,Asfalto,Ripio,II,S/D,Urbana,Ninguna,No existe,Recta,Bueno,Buena,Diurna,Buen Tiempo,Múltiple,S/D,Colisión,Ninguna,Vertical,Línea divisoria pintada,Sin restricción
2018,3948,2018-01-20,Sabado,0,14:50:00,Ruta Provincial 14,0.0,1,Automóvil, ,6,5,0,0,0,1,0,"-34.27679,-62.03541",Ruta,14,SAN GREGORIO,General López,Asfalto,S/D,VIII,Dentro,Rural,Ninguna,S/D,Recta,Bueno,Buena,Diurna,Buen Tiempo,S/D,S/D,Vuelco,Ninguna,S/D,Ninguna,Sin restricción
2018,3949,2018-03-06,Martes,0,21:30:00,,0.0,2,"Vehículo Oficial,Moto/Ciclomotor",Tucuman ,3,1,0,0,2,0,0,"-31.643659,-60.719472",Calle,,FUNES,Rosario,Tierra,No existe,II,Dentro,Rural,Ninguna,No existe,Recta,Deteriorada,Reducida,Nocturna,Buen Tiempo,De alcance,S/D,Colisión,Ninguna,Faltante,Ninguna,Sin restricción
2018,3950,2018-03-07,Miercoles,0,17:50:00,,0.0,2,"Automóvil,Moto/Ciclomotor",Elorza Y Gral Paz,2,1,0,0,1,0,0,"-32.914208964897, -60.813073070189",Calle,,FUNES,Rosario,Asfalto,No existe,II,S/D,Urbana,Ninguna,No existe,Intersección,Bueno,Buena,Diurna,Buen Tiempo,Lateral,S/D,Colisión,Ninguna,Faltante,Ninguna,Sin restricción
2018,3951,2018-01-14,Domingo,0,15:00:00,Autopista Nacional A008,0.0,1,Moto/Ciclomotor,Av. Circunvalacion Y Baigorria,1,0,0,0,0,1,0,"-32.894369,-60.721056",Autopista,A008,ROSARIO,Rosario,Asfalto,Natural,II,Dentro,Urbana,Ninguna,No existe,Intersección,Bueno,Buena,Diurna,Buen Tiempo,Contra objeto fijo,S/D,Colisión,Agua,Faltante,"Guardarrail,Ninguna",Sin restricción
2018,3952,2018-03-03,Sabado,0,22:55:00,Ruta Nacional 9,0.0,2,"Automóvil,Moto/Ciclomotor",Ruta Nacional 9 Y Alberdi,6,1,0,0,5,0,0,"-32.920410232140, -60.817150027891",Ruta,9,FUNES,Rosario,Asfalto,Ripio,II,Dentro,Urbana,Ninguna,No existe,Intersección,Bueno,Buena,Nocturna,Buen Tiempo,Otro,S/D,Colisión,Ninguna,Vertical,Línea divisoria pintada,Sin restricción
2018,3953,2018-03-07,Miercoles,0,18:30:00,Autopista Nacional Rosario -Cordoba,0.0,2,"Automóvil,Moto/Ciclomotor", ,3,2,0,0,1,0,0,"-32.921057716331, -60.921011142169",Autopista,Rosario -Córdoba,FUNES,Rosario,Asfalto,Ripio,II,Dentro,S/D,Ninguna,No existe,Recta,Bueno,Buena,Diurna,Buen Tiempo,De alcance,S/D,Colisión,Ninguna,Vertical,Guardarrail,Sin restricción
2018,3954,2018-03-09,Viernes,0,19:40:00,Ruta Nacional 9,0.0,2,"Automóvil,Moto/Ciclomotor",Ruta Nacional 9 Y Tucuman,2,0,1,0,1,0,0,"-32.922150313908, -60.807319161751",Ruta,9,FUNES,Rosario,Asfalto,Ripio,II,Dentro,Urbana,Ninguna,No existe,Intersección,Bueno,S/D,Nocturna,Buen Tiempo,Lateral,S/D,Colisión,Ninguna,Vertical,Línea divisoria pintada,Sin restricción
2018,3955,2018-03-11,Domingo,0,12:05:00,Ruta Nacional 9,0.0,2,"Automóvil,Automóvil",Suipacha Y Ruta Nacional 9,3,1,0,0,2,0,0,"-32.920648276859, -60.815966603615",Ruta,9,FUNES,Rosario,Asfalto,Natural,II,Dentro,Urbana,Ninguna,No existe,Intersección,Bueno,Buena,Diurna,Buen Tiempo,Lateral,S/D,Colisión,Ninguna,Faltante,Ninguna,Sin restricción
2018,3956,2018-03-16,Viernes,0,11:35:00,Ruta Nacional 9,0.0,2,"Automóvil,Moto/Ciclomotor",Ruta Nacional 9 Y Jorge Newbery,2,1,0,0,1,0,0,"-32.924296081119, -60.777321336128",Ruta,9,FUNES,Rosario,Asfalto,No existe,II,S/D,Urbana,Ninguna,No existe,Otro,Bueno,Buena,Diurna,Buen Tiempo,Lateral,S/D,Colisión,Ninguna,Faltante,Ninguna,Sin restricción
2018,3957,2018-03-01,Jueves,0,17:00:00,Ruta Nacional 9,0.0,2,"Moto/Ciclomotor,Automóvil",Ruta Nacional 9 Y Mitre,3,0,1,0,2,0,0,"-32.922922790104, -60.800667283394",Ruta,9,FUNES,Rosario,Asfalto,Ripio,II,Dentro,Urbana,Ninguna,No existe,Recta,Bueno,Buena,Diurna,Buen Tiempo,De alcance,S/D,Colisión,Ninguna,Vertical,Línea divisoria pintada,Sin restricción
2018,3958,2018-01-05,Viernes,0,19:30:00,,0.0,2,"Bicicleta,Otros",San Lorenzo Y Ricchieri,2,1,0,0,0,0,1,"-32.939722222222,-60.662222222222",Calle,,ROSARIO,Rosario,S/D,S/D,II,S/D,Urbana,S/D,S/D,S/D,S/D,S/D,S/D,S/D,S/D,Ciclista,Atropello,S/D,S/D,S/D,S/D
2018,3959,2018-01-27,Sabado,0,16:52:00,,0.0,1,Moto/Ciclomotor,CAlle s /n ,1,1,0,0,0,0,0,"-29.14542, -59.64389",Camino Rural,,RECONQUISTA,General Obligado,Tierra,Natural,IX,S/D,Rural,Ninguna,No existe,Recta,S/D,S/D,Diurna,S/D,Atropello animal,S/D,Colisión,S/D,S/D,S/D,Sin restricción
2018,3960,2018-06-17,Domingo,0,05:35:00,,0.0,2,"Automóvil,Moto/Ciclomotor",Bartolome Mitre Y Castelli,3,1,0,0,2,0,0,"-31.450027777778,-60.937555555556",Calle,,ESPERANZA,Las Colonias,Hormigón,Pavimento,XI,Dentro,Urbana,Ninguna,No existe,Intersección,Bueno,Buena,Diurna,Buen Tiempo,Lateral,S/D,Colisión,Ninguna,Faltante,Cordón divisorio,Sin restricción
2018,3961,2018-01-29,Lunes,0,04:50:00,,0.0,2,"Moto/Ciclomotor,Moto/Ciclomotor",Guillermo Brown Y Mariano Moreno,2,2,0,0,0,0,0,"-33.741666666667,-61.973222222222",Calle,,VENADO TUERTO,General López,Asfalto,S/D,XVIII,Dentro,Urbana,S/D,S/D,Intersección,S/D,S/D,Nocturna,S/D,Lateral,S/D,Colisión,S/D,S/D,S/D,S/D
2018,3962,2018-06-15,Viernes,0,15:45:00,Ruta Nacional 11,0.0,2,"Camión c / Acoplado,Bicicleta", ,2,1,0,0,1,0,0,"-29.898764061459, -60.282063924762",Ruta,11,CALCHAQUÍ,Vera,Asfalto,Natural,XIX,S/D,Rural,Ninguna,No existe,Recta,Bueno,Buena,Diurna,Buen Tiempo,S/D,Ciclista,Atropello,Ninguna,Faltante,Línea divisoria pintada,Sin restricción
2018,3963,2018-01-05,Viernes,0,23:30:00,,0.0,2,"Moto/Ciclomotor,Otros",Alsina Y Av. Pte.Peron,2,1,0,0,0,0,1,"-32.957361111111,-60.680916666667",Calle,,ROSARIO,Rosario,S/D,S/D,II,S/D,Urbana,S/D,S/D,S/D,S/D,S/D,S/D,S/D,S/D,S/D,Colisión,S/D,S/D,S/D,S/D
2018,3964,2018-01-07,Domingo,0,19:45:00,,0.0,2,"Moto/Ciclomotor,Otros",Laprida Y Garibaldi,2,1,0,0,0,0,1,"-32.986666666667,-60.644194444444",Calle,,ROSARIO,Rosario,S/D,S/D,II,S/D,Urbana,S/D,S/D,S/D,S/D,S/D,S/D,S/D,S/D,S/D,Colisión,S/D,S/D,S/D,S/D
2018,3965,2018-06-17,Domingo,0,,,0.0,2,"Camión c / Acoplado,Bicicleta",R P A Janssen ,2,0,1,0,0,0,1,"-31.44117, -60.93566",Calle,,ESPERANZA,Las Colonias,Asfalto,No existe,XI,Dentro,Urbana,Ninguna,Funciona,Intersección,Bueno,Buena,Con luz artificial,Buen Tiempo,S/D,Ciclista,Atropello,Ninguna,Faltante,Ninguna,Sin restricción
2018,3966,2018-01-28,Domingo,0,18:30:00,Ruta Nacional 9,353.0,2,"Moto/Ciclomotor,Automóvil",Independencia Y Av. Santa Fe,2,0,1,0,1,0,0,"-32.808444444444,-61.405361111111",Ruta,9,CAÑADA DE GÓMEZ,Iriondo,Asfalto,S/D,X,Dentro,Urbana,S/D,S/D,Intersección,S/D,S/D,Atardecer,S/D,Lateral,S/D,Colisión,S/D,S/D,S/D,S/D
2018,3967,2018-01-08,Lunes,0,07:00:00,,0.0,2,"Moto/Ciclomotor,Otros",Bv. Avellaneda Y Av. Pellegrini,2,0,1,0,0,0,1,"-32.949944444444,-60.682027777778",Avenida,,ROSARIO,Rosario,S/D,S/D,II,S/D,Urbana,S/D,S/D,S/D,S/D,S/D,S/D,S/D,S/D,S/D,Colisión,S/D,S/D,S/D,S/D
2018,3968,2018-06-18,Lunes,0,21:10:00,,0.0,2,"Moto/Ciclomotor,Automóvil",General Manuel Belgrano Y Carlos Bosch,2,1,0,0,1,0,0,"-31.431916666667,-60.924055555556",Calle,,ESPERANZA,Las Colonias,Ripio,No existe,XI,Dentro,Urbana,Ninguna,No existe,Recta,Bueno,Reducida,Nocturna,Buen Tiempo,Otro,S/D,Colisión,Ninguna,Vertical,Ninguna,Sin restricción
2018,3969,2018-06-10,Domingo,0,02:40:00,,0.0,2,"Automóvil,Moto/Ciclomotor",Sarmiento 1164,3,2,0,0,1,0,0,"-29.887820648678, -60.283759080860",Calle,,CALCHAQUÍ,Vera,Asfalto,No existe,XIX,S/D,Urbana,Ninguna,No existe,Recta,Bueno,Buena,Nocturna,Buen Tiempo,S/D,S/D,Colisión,Ninguna,Faltante,Ninguna,Sin restricción
2018,3970,2018-01-08,Lunes,0,00:30:00,,0.0,2,"Moto/Ciclomotor,Otros",Juan Canals ,2,1,0,0,0,0,1,"-32.987795, -60.657978",Calle,,ROSARIO,Rosario,S/D,S/D,II,S/D,Urbana,S/D,S/D,S/D,S/D,S/D,S/D,S/D,S/D,S/D,Colisión,S/D,S/D,S/D,S/D
2018,3971,2018-01-26,Viernes,0,13:00:00,Ruta Provincial 91,71.5,2,"Pickup/Utilitario,Moto/Ciclomotor",RUTA 9 Y RUTA 91,2,0,1,0,1,0,0,"-32.84686, -61.34154",Ruta,91,CAÑADA DE GÓMEZ,Iriondo,Asfalto,S/D,X,Dentro,Urbana,S/D,S/D,Intersección,S/D,S/D,Diurna,S/D,S/D,S/D,Colisión,S/D,S/D,S/D,S/D
2018,3972,2018-01-14,Domingo,0,17:30:00,,0.0,1,Moto/Ciclomotor, ,1,0,1,0,0,0,0,"-32.96306, -60.66893",S/D,,ROSARIO,Rosario,S/D,S/D,II,S/D,S/D,S/D,S/D,S/D,S/D,S/D,S/D,S/D,S/D,S/D,S/D,S/D,S/D,S/D,S/D
2018,3973,2018-06-19,Martes,0,13:40:00,,0.0,2,"Moto/Ciclomotor,Automóvil",1 de Mayo Y Las Heras,2,2,0,0,0,0,0,"-31.461527777778,-60.926277777778",Calle,,ESPERANZA,Las Colonias,Asfalto,Pavimento,XI,Dentro,Urbana,Ninguna,No existe,Intersección,Bueno,Buena,Diurna,Buen Tiempo,Lateral,S/D,Colisión,Ninguna,Faltante,Ninguna,Sin restricción
2018,3974,2018-06-02,Sabado,0,13:30:00,,0.0,2,"Moto/Ciclomotor,Automóvil",Mitre Y Ituzaingo,3,1,0,0,2,0,0,"-29.884044098385, -60.289874517414",Calle,,CALCHAQUÍ,Vera,Asfalto,No existe,XIX,Dentro,Urbana,Ninguna,No existe,Intersección,Bueno,Buena,Diurna,Buen Tiempo,Lateral,S/D,Colisión,Ninguna,S/D,Ninguna,Sin restricción
2018,3975,2018-06-21,Jueves,0,12:34:00,,0.0,2,"Automóvil,Moto/Ciclomotor",Mariano Moreno Y Colon,4,3,0,0,1,0,0,"-31.439111111111,-60.929277777778",Calle,,ESPERANZA,Las Colonias,Asfalto,No existe,XI,Dentro,Urbana,Ninguna,No existe,Intersección,Bueno,Buena,Diurna,Buen Tiempo,Lateral,S/D,Colisión,Ninguna,Vertical,Ninguna,Sin restricción
2018,3976,2018-01-29,Lunes,0,21:00:00,Ruta Provincial 40,1.0,2,"Moto/Ciclomotor,Camión c / Acoplado",BV PERON 2400,2,1,0,0,1,0,0,"-29.15341, -59.66832",Ruta,40,RECONQUISTA,General Obligado,Asfalto,S/D,IX,Dentro,Urbana,S/D,S/D,Recta,S/D,S/D,Nocturna,S/D,S/D,S/D,Colisión,S/D,S/D,S/D,Sin restricción
2018,3977,2018-06-02,Sabado,0,14:30:00,,0.0,2,"Moto/Ciclomotor,Automóvil",A Gaminara Y Saavedra,3,1,0,0,2,0,0,"-31.739403175839, -61.100459539386",Calle,,SAN CARLOS CENTRO,Las Colonias,Ripio,No existe,XI,Dentro,Urbana,Ninguna,No existe,Intersección,Bueno,Buena,Diurna,Buen Tiempo,De alcance,S/D,Colisión,Ninguna,Vertical,Ninguna,Sin restricción
2018,3978,2018-06-23,Sabado,0,08:45:00,Ruta Provincial 70,0.0,2,"Moto/Ciclomotor,Bicicleta",Ruta provincial 70 Y 1 de Mayo,2,2,0,0,0,0,0,"-31.44471, -60.92108",Ruta,70,ESPERANZA,Las Colonias,Asfalto,No existe,XI,S/D,Urbana,Ninguna,No existe,Recta,Bueno,Buena,Diurna,Buen Tiempo,S/D,Ciclista,Atropello,Ninguna,S/D,Línea divisoria pintada,Sin restricción
2018,3979,2018-06-08,Viernes,0,13:30:00,,0.0,2,"Bicicleta,Automóvil",Belgrano Manuel 1600,2,1,0,0,1,0,0,"-31.737471985348, -61.094279729816",Calle,,SAN CARLOS CENTRO,Las Colonias,Asfalto,No existe,XI,S/D,Urbana,Ninguna,No existe,Recta,Bueno,Buena,Diurna,Buen Tiempo,Lateral,S/D,Colisión,Ninguna,Vertical,Ninguna,Sin restricción
2018,3980,2018-01-29,Lunes,0,22:00:00,Ruta Nacional 11,578.0,1,Transporte de Pasajeros Urbano (> 8 asientos),RUTA NAC 11 ,2,2,0,0,0,0,0,"-28.38548, -59.26851",Ruta,11,SAN ANTONIO DE OBLIGADO,General Obligado,Asfalto,S/D,IX,Dentro,Rural,S/D,No existe,Recta,S/D,S/D,Nocturna,S/D,Atropello animal,S/D,Colisión,S/D,S/D,S/D,S/D
2018,3981,2018-01-01,Lunes,0,,,0.0,2,"Moto/Ciclomotor,Automóvil",Av Gral Paz ,2,1,0,0,0,0,1,"-31.618194,-60.684475",Avenida,,SANTA FE,La Capital,S/D,S/D,I,S/D,Urbana,S/D,S/D,S/D,S/D,S/D,S/D,S/D,S/D,S/D,Colisión,S/D,S/D,S/D,S/D
2018,3982,2018-06-28,Jueves,0,07:15:00,,0.0,2,"Moto/Ciclomotor,Moto/Ciclomotor",R P A Janssen Y Pringles,2,1,1,0,0,0,0,"-31.457361111111,-60.940777777778",Calle,,ESPERANZA,Las Colonias,Ripio,No existe,XI,Dentro,Urbana,Ninguna,No existe,Intersección,Bueno,Reducida,Amanecer,Buen Tiempo,Otro,S/D,Colisión,Ninguna,Faltante,Ninguna,Sin restricción
2018,3983,2018-06-13,Miercoles,0,11:50:00,,0.0,2,"Automóvil,Moto/Ciclomotor",Moreno Y Weihmuller,2,1,0,0,1,0,0,"-31.734124588497, -61.090481721851",Calle,,SAN CARLOS CENTRO,Las Colonias,Asfalto,No existe,XI,Dentro,Urbana,Ninguna,No existe,Intersección,Bueno,Buena,Diurna,Buen Tiempo,Lateral,S/D,Colisión,Ninguna,Faltante,Ninguna,Sin restricción
2018,3984,2018-01-01,Lunes,0,06:30:00,,0.0,1,Moto/Ciclomotor,Av Blas Parera Y Gorostiaga,1,1,0,0,0,0,0,"-31.607033284928, -60.718622255597",Calle,,SANTA FE,La Capital,S/D,S/D,I,S/D,Urbana,S/D,S/D,S/D,S/D,S/D,S/D,S/D,S/D,S/D,Vuelco,S/D,S/D,S/D,S/D
2018,3985,2018-06-29,Viernes,0,06:10:00,,0.0,2,"Automóvil,Automóvil",General Manuel Belgrano Y Gregorio Donnet,4,4,0,0,0,0,0,"-31.444861111111,-60.928055555556",Calle,,ESPERANZA,Las Colonias,Asfalto,Pavimento,XI,Dentro,Urbana,Ninguna,No existe,Intersección,Bueno,Buena,"Amanecer,Con luz artificial",Lluvia,Lateral,S/D,Colisión,Agua,Faltante,Ninguna,Sin restricción
2018,3986,2018-05-29,Martes,0,20:25:00,,0.0,2,"Moto/Ciclomotor,Automóvil", ,2,0,1,0,1,0,0,"-33.43367, -60.77224",Calle,,SANTA TERESA,Constitución,Asfalto,No existe,VI,S/D,Rural,Ninguna,No existe,Curva,Bueno,Buena,"Nocturna,Con luz artificial",Buen Tiempo,Lateral,S/D,Colisión,Ninguna,Faltante,Línea divisoria pintada,Sin restricción
2018,3987,2018-06-29,Viernes,0,18:10:00,Ruta Provincial 70,0.0,2,"Camión Chasis,Moto/Ciclomotor",Ruta provincial 70 Y Rafaela,2,1,0,0,1,0,0,"-31.44604, -60.91558",Ruta,70,ESPERANZA,Las Colonias,Asfalto,Natural,XI,S/D,Urbana,Ninguna,No existe,Recta,Bueno,Buena,Diurna,Buen Tiempo,Lateral,S/D,Colisión,Ninguna,Horizontal,Línea divisoria pintada,Sin restricción
2018,3988,2018-06-15,Viernes,0,10:10:00,,0.0,2,"Automóvil,Bicicleta",San Martin Y Colon,2,1,0,0,1,0,0,"-31.739210056790, -61.096017801258",Calle,,SAN CARLOS CENTRO,Las Colonias,Asfalto,No existe,XI,Dentro,Urbana,Ninguna,No existe,Intersección,Bueno,Buena,Diurna,Buen Tiempo,Lateral,Ciclista,Atropello,Ninguna,Horizontal,Ninguna,Sin restricción
2018,3989,2018-05-28,Lunes,0,18:40:00,,0.0,2,"Moto/Ciclomotor,Automóvil",San Martin ,2,1,0,0,1,0,0,"-33.239074, -60.318430",Avenida,,VILLA CONSTITUCIÓN,Constitución,Asfalto,S/D,VI,Dentro,Urbana,Ninguna,S/D,S/D,Bueno,Buena,Atardecer,Buen Tiempo,Frontal,S/D,Colisión,Ninguna,S/D,Ninguna,Sin restricción
2018,3990,2018-01-01,Lunes,0,07:40:00,,0.0,2,"Moto/Ciclomotor,Moto/Ciclomotor",Pedro Alejandro Vittori Y Iturraspe,3,3,0,0,0,0,0,"-31.629611111111,-60.699055555556",Calle,,SANTA FE,La Capital,S/D,S/D,I,S/D,Urbana,S/D,S/D,S/D,S/D,S/D,S/D,S/D,S/D,S/D,Colisión,S/D,S/D,S/D,S/D
2018,3991,2018-05-12,Sabado,0,19:00:00,,0.0,2,"Moto/Ciclomotor,Moto/Ciclomotor",Independencia Y Santa Cruz,4,2,0,0,2,0,0,"-33.243694444444,-60.322",Calle,,VILLA CONSTITUCIÓN,Constitución,Asfalto,No existe,VI,Dentro,Urbana,Ninguna,No existe,Intersección,Bueno,Buena,Diurna,Buen Tiempo,Frontal,S/D,Colisión,Ninguna,S/D,Ninguna,Sin restricción
2018,3992,2018-01-01,Lunes,0,10:45:00,Ruta Nacional 11,0.0,1,Automóvil,PUENTE CARRETERO ,1,1,0,0,0,0,0,"-31.66477, -60.73644",Ruta,11,SANTO TOMÉ,La Capital,S/D,S/D,I,S/D,Urbana,S/D,S/D,S/D,S/D,S/D,S/D,S/D,S/D,S/D,Vuelco,S/D,S/D,S/D,S/D
2018,3993,2018-06-21,Jueves,0,18:20:00,,0.0,3,"Pickup/Utilitario,Moto/Ciclomotor,Automóvil",Belgrano Manuel 900,3,1,0,0,2,0,0,"-31.73091, -61.09253",S/D,,SAN CARLOS CENTRO,Las Colonias,Asfalto,No existe,XI,Dentro,Urbana,S/D,No existe,Recta,Bueno,Buena,Con luz artificial,S/D,S/D,S/D,S/D,Ninguna,Horizontal,S/D,S/D
2018,3994,2018-06-15,Viernes,0,19:30:00,,0.0,2,"Bicicleta,Automóvil",Sarmiento Y 1ro de Mayo,2,0,1,0,1,0,0,"-31.737042831906, -61.096876108142",Calle,,SAN CARLOS CENTRO,Las Colonias,Asfalto,No existe,XI,Dentro,Urbana,S/D,No existe,Intersección,Bueno,Reducida,Nocturna,S/D,S/D,S/D,S/D,Ninguna,Horizontal,S/D,S/D
2018,3995,2018-01-01,Lunes,0,09:50:00,,0.0,2,"Moto/Ciclomotor,Pickup/Utilitario",Estrada Y Juan de Garay,2,1,0,0,0,0,1,"-31.648111111111,-60.732222222222",Calle,,SANTA FE,La Capital,S/D,S/D,I,S/D,Urbana,S/D,S/D,S/D,S/D,S/D,S/D,S/D,S/D,S/D,Colisión,S/D,S/D,S/D,S/D
2018,3996,2018-01-01,Lunes,0,12:30:00,,0.0,1,Moto/Ciclomotor,COSTANERA ,1,1,0,0,0,0,0,"-31.6642, -60.75686",Calle,,SANTO TOMÉ,La Capital,S/D,S/D,I,S/D,Urbana,S/D,S/D,S/D,S/D,S/D,S/D,S/D,S/D,S/D,Vuelco,S/D,S/D,S/D,S/D
2018,3997,2018-06-28,Jueves,0,16:27:00,,0.0,2,"Camión c / Acoplado,Moto/Ciclomotor",Almafuerte Y Scalabrini Ortiz,2,1,0,0,1,0,0,"-31.73134, -61.10049",S/D,,SAN CARLOS CENTRO,Las Colonias,Ripio,Natural,XI,S/D,S/D,Ninguna,Intermitente,Intersección,Bueno,Buena,S/D,Buen Tiempo,Lateral,S/D,Colisión,Ninguna,Vertical,Ninguna,Sin restricción
2018,3998,2018-01-01,Lunes,0,12:50:00,,0.0,1,Moto/Ciclomotor,ALTURA CANCHA COLON ,1,1,0,0,0,0,0,"-31.66144, -60.72385",Calle,,SANTA FE,La Capital,S/D,S/D,I,S/D,Urbana,S/D,S/D,S/D,S/D,S/D,S/D,S/D,S/D,S/D,Vuelco,S/D,S/D,S/D,S/D
2018,3999,2018-06-05,Martes,0,07:30:00,,0.0,1,Moto/Ciclomotor,Doctor Teisaire ,1,0,1,0,0,0,0,"-31.559082017795, -61.076363190401",Camino Rural,,SAN JERÓNIMO NORTE,Las Colonias,Ripio,Natural,XI,Dentro,Rural,Ninguna,No existe,Recta,Bueno,Buena,Diurna,Buen Tiempo,Atropello animal,S/D,Atropello,Ninguna,Faltante,Ninguna,Sin restricción
2018,4000,2018-05-02,Miercoles,0,16:40:00,,0.0,2,"Moto/Ciclomotor,Pickup/Utilitario",Comodoro Rivadavia Y Independencia,2,0,1,0,1,0,0,"-33.243222222222,-60.3225",Calle,,VILLA CONSTITUCIÓN,Constitución,Asfalto,No existe,VI,Dentro,Urbana,Ninguna,No existe,Intersección,Bueno,Buena,Diurna,Buen Tiempo,Frontal,S/D,Colisión,Ninguna,S/D,Ninguna,Sin restricción
2018,4001,2018-06-29,Viernes,0,11:00:00,,0.0,2,"Automóvil,Automóvil",Mitre 300,2,1,0,0,1,0,0,"-31.73384, -61.09755",Calle,,SAN CARLOS CENTRO,Las Colonias,Asfalto,No existe,XI,Dentro,Urbana,Ninguna,No existe,Recta,Bueno,Buena,Diurna,Buen Tiempo,Frontal,S/D,Colisión,Ninguna,Vertical,Ninguna,Sin restricción
2018,4002,2018-06-28,Jueves,0,08:30:00,,0.0,2,"Automóvil,Moto/Ciclomotor",25 de Mayo Y Gral Lopez,2,1,0,0,1,0,0,"-31.587512274923, -60.942135185192",Calle,,FRANCK,Las Colonias,Asfalto,S/D,XI,S/D,Urbana,Ninguna,No existe,Intersección,Bueno,Reducida,Amanecer,Niebla,Lateral,S/D,Colisión,Ninguna,S/D,Cordón divisorio,Sin restricción