anio_acci,nro_acci,fecha,desc_dia,fecha_aprox,hora_aprox,desc_ruta,km,cant_participantes,desc_participante,calle_avenida_km,total,heridos_leves,heridos_graves,heridos_gravisimos,ilesos,fallecidos,sin_datos,posicion_XY,desc_tipo_via,desc_ruta_ori,desc_loc,desc_dpto,desc_tipo_calzada,desc_tipo_banquina,desc_unidad_regional,desc_lugar_calzada,desc_zona,desc_prioridad,desc_estado_semaforo,desc_lugar_via,desc_estado_via,desc_estado_visibilidad,desc_luminosidad,desc_estado_clima,desc_tipo_colision,desc_tipo_atropello,desc_tipo_hecho,desc_pres_calzada,desc_senializacion,desc_separacion_via,desc_restriccion
2018,4003,2018-05-06,Domingo,0,15:10:00,,0.0,2,"Moto/Ciclomotor,Pickup/Utilitario",Brasil Y S Rubios,2,1,0,0,1,0,0,"-33.250666666667,-60.309194444444",Calle,,VILLA CONSTITUCIÓN,Constitución,Asfalto,S/D,VI,Dentro,Urbana,Ninguna,S/D,Intersección,Bueno,Buena,Diurna,Otro,Frontal,S/D,Colisión,S/D,S/D,Ninguna,Sin restricción
2018,4005,2018-06-14,Jueves,0,17:50:00,,0.0,2,"Pickup/Utilitario,Bicicleta",Libertad Y Sarmiento,2,0,1,0,1,0,0,"-31.756663104238, -61.103518337200",Calle,,SAN CARLOS SUR,Las Colonias,Asfalto,Pavimento,XI,S/D,Urbana,Ninguna,No existe,Intersección,Bueno,Buena,Diurna,Buen Tiempo,Frontal,Ciclista,Atropello,Ninguna,S/D,Ninguna,Sin restricción
2018,4006,2018-06-17,Domingo,0,17:05:00,,0.0,2,"Automóvil,Moto/Ciclomotor",San Martin 850,2,1,0,0,1,0,0,"-31.73, -61.09378",Avenida,,SAN CARLOS SUR,Las Colonias,Asfalto,Pavimento,XI,S/D,Urbana,S/D,No existe,Recta,Bueno,Buena,Diurna,Buen Tiempo,Lateral,S/D,Colisión,Ninguna,S/D,Barrera de hormigón,Sin restricción
2018,4007,2018-05-16,Miercoles,0,16:00:00,Ruta Nacional 177,0.0,1,Pickup/Utilitario,AUTOPISTA Y RUTA NAC 177,4,2,0,0,2,0,0,"-33.28485, -60.38169",Ruta,177,EMPALME VILLA CONSTITUCIÓN,Constitución,Asfalto,Natural,VI,Dentro,Rural,Ninguna,No existe,Puente,Deteriorada,Buena,Diurna,Buen Tiempo,S/D,S/D,Vuelco,Ninguna,Vertical,Línea divisoria pintada,Sin restricción
2018,4008,2018-06-22,Viernes,0,18:05:00,,0.0,2,"Automóvil,Moto/Ciclomotor",Av Argentina Y Islas Malvinas,2,1,0,0,1,0,0,"-31.453723689260, -60.910098880718",Avenida,,ESPERANZA,Las Colonias,Asfalto,No existe,XI,S/D,Urbana,Ninguna,No existe,Intersección,Bueno,Buena,Nocturna,Buen Tiempo,Lateral,S/D,Colisión,Ninguna,Vertical,Ninguna,Sin restricción
2018,4009,2018-06-22,Viernes,0,07:55:00,Ruta Provincial 70,0.0,2,"Pickup/Utilitario,Camión Chasis",Ruta provincial 70 Y Islas Malvinas,2,1,0,0,1,0,0,"-31.44785, -60.9082",Ruta,70,ESPERANZA,Las Colonias,Asfalto,Natural,XI,Dentro,Urbana,Ninguna,No existe,Recta,Bueno,Buena,Diurna,Buen Tiempo,Frontal,S/D,Colisión,Ninguna,Vertical,Línea divisoria pintada,Sin restricción
2018,4010,2018-05-23,Miercoles,0,18:30:00,,0.0,2,"Moto/Ciclomotor,Automóvil",Santa Fe Y Av San Martin,3,1,0,0,2,0,0,"-33.26094, -60.38316",Avenida,,EMPALME VILLA CONSTITUCIÓN,Constitución,Hormigón,Pavimento,VI,Dentro,Urbana,Ninguna,No existe,Intersección,Con baches,Buena,Atardecer,Buen Tiempo,Lateral,S/D,Colisión,Ninguna,Vertical,Ninguna,Sin restricción
2018,4011,2018-06-28,Jueves,0,14:05:00,Ruta Provincial 6,0.0,2,"Automóvil,Moto/Ciclomotor",Ruta Provincial 6 Y Venezuela,2,2,0,0,0,0,0,"-31.451535006704, -60.911515087078",Ruta,6,ESPERANZA,Las Colonias,Asfalto,Ripio,XI,S/D,Urbana,Ninguna,No existe,Cruce,Bueno,Buena,Diurna,Buen Tiempo,Lateral,S/D,Colisión,Ninguna,Vertical,Línea divisoria pintada,Sin restricción
2018,4012,2018-06-10,Domingo,0,02:10:00,Ruta Provincial 5,0.0,1,Moto/Ciclomotor, ,3,3,0,0,0,0,0,"-31.545286458369, -60.810402536091",Ruta,5,EMPALME SAN CARLOS,Las Colonias,Asfalto,Natural,XI,Dentro,Rural,Marca Vial,No existe,Recta,Bueno,Buena,Nocturna,Buen Tiempo,Otro,S/D,"Caída ocupante,Despiste",Ninguna,Horizontal,Línea divisoria pintada,Sin restricción
2018,4013,2018-04-07,Sabado,0,11:00:00,,0.0,2,"Automóvil,Automóvil",San Nicolas Y Bv. Segui,5,1,0,0,3,0,1,"-32.972944444444,-60.680583333333",Avenida,,ROSARIO,Rosario,Asfalto,No existe,II,Dentro,Urbana,Semáforo,Funciona,Rotonda,Bueno,Buena,Diurna,Lluvia,De alcance,S/D,Colisión,Agua,Vertical,Cordón divisorio,Sin restricción
2018,4014,2018-03-10,Sabado,0,22:10:00,,0.0,2,"Automóvil,Automóvil",CALLE 13 Y FRENGUELLI,2,1,0,0,1,0,0,"-31.790797430943, -60.854251338237",Calle,,SAUCE VIEJO,La Capital,Ripio,No existe,I,Dentro,Urbana,Ninguna,No existe,Intersección,Resbaladiza,Buena,"Nocturna,Con luz artificial",Buen Tiempo,Lateral,S/D,Colisión,Material Suelto,Faltante,Ninguna,Sin restricción
2018,4015,2018-03-10,Sabado,0,11:00:00,,0.0,1,Transporte de Pasajeros Urbano (> 8 asientos),Arteaga ,3,1,0,0,2,0,0,"-33.012128,-60.643352",Calle,,ROSARIO,Rosario,Asfalto,No existe,II,S/D,Urbana,Ninguna,No existe,Intersección,Bueno,Buena,Diurna,Buen Tiempo,S/D,S/D,Caída ocupante,Ninguna,Faltante,Ninguna,Sin restricción
2018,4016,2018-03-10,Sabado,0,19:00:00,,0.0,2,"Bicicleta,Automóvil",San Martin Y Centenario,2,1,0,0,1,0,0,"-33.00425,-60.649555555556",Avenida,,ROSARIO,Rosario,Asfalto,No existe,II,Dentro,Urbana,Ninguna,No existe,Recta,Bueno,Buena,Atardecer,Otro,S/D,Ciclista,Atropello,Ninguna,Horizontal,Cordón divisorio,Sin restricción
2018,4017,2018-03-06,Martes,0,06:15:00,,0.0,2,"Moto/Ciclomotor,Bicicleta",Barra Y Av. Genova,2,1,0,0,1,0,0,"-32.915892, -60.708134",Avenida,,ROSARIO,Rosario,Asfalto,No existe,II,Dentro,Urbana,Ninguna,No existe,Intersección,Bueno,Buena,Amanecer,S/D,S/D,Ciclista,Atropello,Ninguna,Faltante,Ninguna,S/D
2018,4018,2018-03-15,Jueves,0,18:00:00,,0.0,2,"Bicicleta,Automóvil",Av. Battle y Ordo?ez Y Av. Bermudez,2,1,0,0,1,0,0,"-33.00875,-60.642305555556",Avenida,,ROSARIO,Rosario,Asfalto,No existe,II,Dentro,Urbana,Otra Señal,No existe,Recta,Bueno,S/D,Atardecer,Otro,S/D,Ciclista,Atropello,Ninguna,Horizontal,Línea divisoria pintada,Sin restricción
2018,4019,2018-04-12,Jueves,0,17:10:00,,0.0,2,"Moto/Ciclomotor,Automóvil",Bv. Avellaneda 4500,2,1,0,0,1,0,0,"-32.983583333333,-60.688472222222",Calle,,ROSARIO,Rosario,Asfalto,No existe,II,Dentro,Urbana,Ninguna,No existe,Intersección,Bueno,Buena,Atardecer,Buen Tiempo,Frontal,S/D,Colisión,Ninguna,Faltante,Barrera de hormigón,Sin restricción
2018,4020,2018-03-27,Martes,0,16:30:00,,0.0,2,"Moto/Ciclomotor,Automóvil",F.Rauch Y Washington,2,1,0,0,1,0,0,"-32.903777777778,-60.702222222222",Calle,,ROSARIO,Rosario,"Asfalto,Tierra",No existe,II,Dentro,Urbana,Ninguna,No existe,Intersección,S/D,S/D,Diurna,S/D,Lateral,S/D,Colisión,S/D,Faltante,Ninguna,S/D
2018,4021,2018-03-02,Viernes,0,06:15:00,,0.0,2,"Automóvil,Moto/Ciclomotor",Av. Provincias Unidas Y J.J.Paso,2,1,0,0,1,0,0,"-32.920350, -60.713826",Avenida,,ROSARIO,Rosario,Asfalto,No existe,II,Dentro,Urbana,Paso Peatonal,No existe,Rotonda,Bueno,Buena,Amanecer,Buen Tiempo,Lateral,S/D,Colisión,Ninguna,Horizontal,"Cordón divisorio,Línea divisoria pintada",Sin restricción
2018,4022,2018-03-01,Jueves,1,11:20:00,,0.0,1,Transporte de Pasajeros Urbano (> 8 asientos),Patricios Y Arteaga,2,1,0,0,1,0,0,"-33.010823877317, -60.643416490275",Calle,,ROSARIO,Rosario,Asfalto,No existe,II,S/D,Urbana,Ninguna,No existe,Intersección,Con baches,Buena,Diurna,Buen Tiempo,S/D,S/D,Caída ocupante,Ninguna,S/D,Ninguna,S/D
2018,4023,2018-03-24,Sabado,0,07:20:00,,0.0,2,"Automóvil,Moto/Ciclomotor",Av. Carlos Colombres 600,2,1,0,0,1,0,0,"-32.907575928660, -60.678530344541",Avenida,,ROSARIO,Rosario,Asfalto,No existe,II,Dentro,Urbana,S/D,No existe,Recta,S/D,S/D,Diurna,S/D,De alcance,S/D,Colisión,S/D,Faltante,Cordón divisorio,S/D
2018,4024,2018-05-07,Lunes,0,16:00:00,,0.0,2,"Automóvil,Bicicleta",Artigas Y Victor Mercante,2,1,0,0,1,0,0,"-32.908444444444,-60.684444444444",Calle,,ROSARIO,Rosario,Asfalto,No existe,II,Dentro,Urbana,S/D,No existe,Intersección,S/D,S/D,Atardecer,S/D,S/D,Ciclista,Atropello,S/D,Faltante,Ninguna,S/D
2018,4025,2018-03-12,Lunes,0,07:30:00,,0.0,2,"Bicicleta,Bicicleta",San Martin Y Rui Barbosa,2,0,1,0,1,0,0,"-33.006333333333,-60.650138888889",Avenida,,ROSARIO,Rosario,S/D,No existe,II,Dentro,Urbana,S/D,S/D,Intersección,S/D,S/D,Diurna,S/D,S/D,Ciclista,Atropello,S/D,S/D,S/D,S/D
2018,4026,2018-03-20,Martes,0,13:00:00,,0.0,3,"Moto/Ciclomotor,Peatón,Peatón",Pje. Chancay Y Valparaiso,3,2,0,0,1,0,0,"-32.970599, -60.689910",Calle,,ROSARIO,Rosario,Asfalto,No existe,II,Dentro,Urbana,Otra Señal,No existe,Recta,Bueno,Buena,Diurna,Buen Tiempo,S/D,Peatón,Atropello,Ninguna,Vertical,Ninguna,Sin restricción
2018,4027,2018-03-06,Martes,0,11:25:00,,0.0,2,"Automóvil,Automóvil",Bv. Rondeau Y Av. Sorrento,2,1,0,0,1,0,0,"-32.907083333333,-60.688388888889",Avenida,,ROSARIO,Rosario,Asfalto,No existe,II,Dentro,Urbana,Semáforo,Funciona,Intersección,S/D,S/D,Diurna,S/D,S/D,S/D,Colisión,S/D,"Horizontal,Vertical",Cordón divisorio,S/D
2018,4028,2018-05-28,Lunes,0,07:15:00,Autopista Provincial Brigadier E.López,19.0,1,Ambulancia, ,4,4,0,0,0,0,0,"-32.721036, -60.769261",Autopista,Brigadier E.López,SAN LORENZO,San Lorenzo,Asfalto,S/D,XVII,Dentro,Rural,Ninguna,S/D,S/D,S/D,S/D,S/D,S/D,Atropello animal,S/D,Colisión,Ninguna,Vertical,S/D,S/D
2018,4029,2018-03-08,Jueves,0,12:30:00,,0.0,2,"Moto/Ciclomotor,Pickup/Utilitario",San Martin Y Cabildo,2,1,0,0,1,0,0,"-33.007388888889,-60.650222222222",Avenida,,ROSARIO,Rosario,Asfalto,No existe,II,S/D,Urbana,Ninguna,No existe,Intersección,Bueno,Buena,Diurna,Buen Tiempo,De alcance,S/D,Colisión,Ninguna,Faltante,Cordón divisorio,Sin restricción
2018,4030,2018-03-24,Sabado,0,20:10:00,,0.0,2,"Moto/Ciclomotor,Peatón",Gral.Mosconi Y Bv. Avellaneda,2,1,0,0,1,0,0,"-32.983640, -60.688614",Avenida,,ROSARIO,Rosario,Asfalto,No existe,II,Dentro,Urbana,Paso Peatonal,No existe,Intersección,Bueno,Buena,Atardecer,Buen Tiempo,S/D,Peatón,Atropello,Ninguna,Horizontal,Cordón divisorio,Sin restricción
2018,4031,2018-03-05,Lunes,0,19:05:00,,0.0,2,"Moto/Ciclomotor,Automóvil",Machain Y Av. Casiano Casas,3,2,0,0,1,0,0,"-32.907055555556,-60.695805555556",Calle,,ROSARIO,Rosario,Asfalto,No existe,II,Dentro,Urbana,Semáforo,Funciona,Recta,S/D,S/D,Atardecer,S/D,Lateral,S/D,Colisión,S/D,Vertical,Cordón divisorio,S/D
2018,4032,2018-04-12,Jueves,0,15:20:00,,0.0,2,"Moto/Ciclomotor,Taxi/Remis",Garay 3200,2,1,0,0,1,0,0,"-32.967111111111,-60.686305555556",Calle,,ROSARIO,Rosario,Asfalto,No existe,II,Dentro,Urbana,Ninguna,No existe,Intersección,Deteriorada,Buena,Diurna,Buen Tiempo,Lateral,S/D,Colisión,Ninguna,Faltante,Cordón divisorio,Sin restricción
2018,4033,2018-03-02,Viernes,0,15:45:00,,0.0,2,"Automóvil,Moto/Ciclomotor",Medrano Y Luis Vila,3,2,0,0,1,0,0,"-32.900027777778,-60.700111111111",Calle,,ROSARIO,Rosario,Asfalto,No existe,II,Dentro,Urbana,S/D,No existe,Intersección,S/D,S/D,Diurna,S/D,S/D,S/D,Colisión,S/D,Faltante,Ninguna,Sin restricción
2018,4034,2018-03-02,Viernes,0,17:10:00,,0.0,2,"Automóvil,Moto/Ciclomotor",Victor Mercante Y Asamblea,3,1,0,0,2,0,0,"-32.911416666667,-60.684305555556",Calle,,ROSARIO,Rosario,Asfalto,No existe,II,Dentro,Urbana,S/D,No existe,Intersección,S/D,S/D,Diurna,S/D,S/D,S/D,Colisión,S/D,Faltante,Ninguna,S/D
2018,4035,2018-03-22,Jueves,0,08:40:00,,0.0,2,"Automóvil,Bicicleta",Uruguay Y Av. Ovidio Lagos,2,1,0,0,1,0,0,"-32.972623, -60.668874",Avenida,,ROSARIO,Rosario,Asfalto,No existe,II,Dentro,Urbana,Señal Ceda el Paso,No existe,Intersección,Bueno,Buena,Diurna,Buen Tiempo,S/D,Ciclista,Atropello,Ninguna,"Horizontal,Vertical","Cordón divisorio,Línea divisoria pintada",Sin restricción
2018,4036,2018-03-04,Domingo,0,11:45:00,,0.0,2,"Moto/Ciclomotor,Automóvil",Av. Battle y Ordo?ez Y Calle 2106,2,1,0,0,1,0,0,"-33.010027777778,-60.687361111111",Calle,,ROSARIO,Rosario,Asfalto,No existe,II,Dentro,Urbana,Ninguna,No existe,Recta,Con baches,Buena,Diurna,Buen Tiempo,De alcance,S/D,Colisión,Ninguna,Faltante,Ninguna,Sin restricción
2018,4037,2018-03-14,Miercoles,0,09:00:00,,0.0,2,"Pickup/Utilitario,Bicicleta",Washington Y Warnes,2,1,0,0,1,0,0,"-32.901527777778,-60.691833333333",Calle,,ROSARIO,Rosario,Asfalto,No existe,II,Dentro,Urbana,S/D,No existe,Intersección,S/D,S/D,Diurna,S/D,S/D,Ciclista,Atropello,S/D,Faltante,Ninguna,S/D
2018,4038,2018-03-24,Sabado,0,19:46:00,,0.0,2,"Automóvil,Pickup/Utilitario",Av. Ovidio Lagos Y Garay,4,1,0,0,2,0,1,"-32.970359, -60.668310",Avenida,,ROSARIO,Rosario,Asfalto,No existe,II,Dentro,Urbana,Ninguna,No existe,Intersección,Bueno,Buena,Atardecer,Buen Tiempo,Contra objeto fijo,S/D,Colisión,Ninguna,Horizontal,"Cordón divisorio,Línea divisoria pintada",Sin restricción
2018,4039,2018-03-24,Sabado,0,07:15:00,,0.0,2,"Automóvil,Bicicleta",Av. Carlos Colombres Y Gurruchaga,2,1,0,0,1,0,0,"-32.903388888889,-60.681333333333",Avenida,,ROSARIO,Rosario,Asfalto,No existe,II,Dentro,Urbana,Semáforo,Funciona,Intersección,S/D,S/D,Diurna,S/D,S/D,Ciclista,Atropello,S/D,"Horizontal,Vertical",Cordón divisorio,S/D
2018,4040,2018-03-12,Lunes,0,16:00:00,,0.0,2,"Camión c / Semirremolque,Moto/Ciclomotor",Bv. Avellaneda Y Av. Uriburu,3,2,0,0,1,0,0,"-32.970359, -60.668310",Avenida,,ROSARIO,Rosario,Asfalto,No existe,II,Dentro,Urbana,Semáforo,Funciona,Intersección,Bueno,Buena,Diurna,Buen Tiempo,Lateral,S/D,Colisión,Ninguna,"Horizontal,Vertical",Cordón divisorio,Sin restricción
2018,4041,2018-03-28,Miercoles,0,12:15:00,,0.0,2,"Automóvil,Moto/Ciclomotor",Av. Carlos Colombres 1100,2,1,0,0,1,0,0,"-32.902027777778,-60.681777777778",Avenida,,ROSARIO,Rosario,Asfalto,No existe,II,Dentro,Urbana,S/D,No existe,Intersección,S/D,S/D,Diurna,S/D,Lateral,S/D,Colisión,S/D,Faltante,Cordón divisorio,S/D
2018,4042,2018-03-24,Sabado,0,13:00:00,,0.0,2,"Bicicleta,Transporte de Pasajeros Urbano (> 8 asientos)",Bv. Rondeau 700,2,1,0,0,1,0,0,"-32.907805555556,-60.688166666667",Avenida,,ROSARIO,Rosario,Asfalto,No existe,II,Dentro,Urbana,S/D,No existe,Intersección,S/D,S/D,Diurna,S/D,S/D,Ciclista,Atropello,S/D,Horizontal,Cordón divisorio,S/D
2018,4043,2018-03-23,Viernes,0,09:30:00,,0.0,2,"Automóvil,Peatón",Estado de Israel Y Rodriguez,2,0,1,0,1,0,0,"-32.992527777778,-60.670944444444",Calle,,ROSARIO,Rosario,Asfalto,No existe,II,Dentro,Urbana,Ninguna,No existe,Recta,Bueno,Buena,Diurna,Buen Tiempo,S/D,Peatón,Atropello,Ninguna,Faltante,Ninguna,Sin restricción
2018,4044,2018-03-15,Jueves,0,09:25:00,,0.0,2,"Pickup/Utilitario,Moto/Ciclomotor",G.Carrasco Y Iguazu,2,1,0,0,1,0,0,"-32.920222610822, -60.686225162953",Calle,,ROSARIO,Rosario,Asfalto,No existe,II,Dentro,Urbana,S/D,No existe,Recta,Bueno,Buena,Diurna,S/D,S/D,S/D,Colisión,Ninguna,Faltante,Ninguna,S/D
2018,4045,2018-03-09,Viernes,0,19:00:00,,0.0,2,"Automóvil,Moto/Ciclomotor",Av. Ntra.Sra.del Rosario Y Italia,3,1,0,0,2,0,0,"-33.000388888889,-60.65925",Calle,,ROSARIO,Rosario,Asfalto,No existe,II,Dentro,Urbana,Ninguna,No existe,Recta,Bueno,Buena,Atardecer,Buen Tiempo,Otro,S/D,Colisión,Ninguna,Faltante,Ninguna,Sin restricción
2018,4046,2018-03-15,Jueves,0,11:20:00,,0.0,2,"Taxi/Remis,Moto/Ciclomotor",Bv. Avellaneda Bis Y G.Carrasco,3,2,0,0,1,0,0,"-32.919836372724, -60.674359070271",Avenida,,ROSARIO,Rosario,Asfalto,No existe,II,Dentro,Urbana,Semáforo,Funciona,Intersección,Bueno,S/D,Diurna,Buen Tiempo,Otro,S/D,Colisión,Ninguna,"Horizontal,Vertical",Cordón divisorio,Sin restricción
2018,4047,2018-03-23,Viernes,0,18:40:00,,0.0,2,"Camión Chasis,Moto/Ciclomotor",Av. Ovidio Lagos 7400,3,0,1,0,2,0,0,"-33.024,-60.680611111111",Avenida,,ROSARIO,Rosario,Asfalto,No existe,II,Dentro,Urbana,Ninguna,No existe,Recta,Bueno,Buena,Atardecer,Buen Tiempo,Lateral,S/D,Colisión,Ninguna,Faltante,Ninguna,Sin restricción
2018,4048,2018-03-16,Viernes,0,10:05:00,,0.0,2,"Moto/Ciclomotor,Peatón",Av. Alberdi Bis Y French,2,1,0,0,1,0,0,"-32.920812696805, -60.681214796513",Avenida,,ROSARIO,Rosario,Asfalto,No existe,II,Dentro,Urbana,Semáforo,Funciona,Intersección,Bueno,Buena,Diurna,Buen Tiempo,S/D,Peatón,Atropello,Ninguna,"Horizontal,Vertical",Cordón divisorio,S/D
2018,4049,2018-03-10,Sabado,0,18:20:00,,0.0,1,Automóvil,Madre Cabrini Y Balcarce,2,2,0,0,0,0,0,"-33.005416666667,-60.66325",Calle,,ROSARIO,Rosario,Asfalto,No existe,II,Dentro,Urbana,Ninguna,No existe,Recta,Bueno,Buena,Diurna,Buen Tiempo,Contra objeto fijo,S/D,Colisión,Ninguna,Faltante,Ninguna,Sin restricción
2018,4050,2018-01-01,Lunes,0,15:30:00,,0.0,2,"Peatón,Automóvil",M De Polonia Y Av Blas Parera,2,1,0,0,1,0,0,"-31.614055555556,-60.71775",Calle,,SANTA FE,La Capital,S/D,S/D,I,S/D,Urbana,S/D,S/D,S/D,S/D,S/D,S/D,S/D,S/D,Peatón,Atropello,S/D,S/D,S/D,S/D
2018,4052,2018-01-02,Martes,0,00:10:00,,0.0,2,"Moto/Ciclomotor,Pickup/Utilitario",7 de marzo Y Azcuenaga,2,1,0,0,0,0,1,"-31.66525,-60.773805555556",Calle,,SANTO TOMÉ,La Capital,S/D,S/D,I,S/D,Urbana,S/D,S/D,S/D,S/D,S/D,S/D,S/D,S/D,S/D,Colisión,S/D,S/D,S/D,S/D
2018,4053,2018-05-02,Miercoles,0,15:00:00,Ruta Provincial 92,51.5,1,Pickup/Utilitario, ,1,1,0,0,0,0,0,"-33.10368, -61.72343",Ruta,92,SAN JOSÉDE LA ESQUINA,Caseros,Asfalto,Natural,IV,Fuera,Rural,Marca Vial,No existe,Recta,Bueno,Buena,Diurna,Buen Tiempo,S/D,S/D,Despiste,Ninguna,"Horizontal,Vertical",Línea divisoria pintada,Sin restricción
2018,4054,2018-01-02,Martes,0,09:00:00,,0.0,1,Moto/Ciclomotor,Alvear Y Larrea,1,1,0,0,0,0,0,"-31.596916666667,-60.684777777778",Calle,,SANTA FE,La Capital,S/D,S/D,I,S/D,Urbana,S/D,S/D,S/D,S/D,S/D,S/D,S/D,S/D,S/D,Vuelco,S/D,S/D,S/D,S/D
2018,4056,2018-08-07,Martes,0,10:00:00,,0.0,1,Moto/Ciclomotor,Vera Mujica Y O'Higgins,1,1,0,0,0,0,0,"-31.665027777778,-60.724972222222",Calle,,SANTA FE,La Capital,Asfalto,No existe,I,S/D,Urbana,Ninguna,No existe,Recta,Bueno,Buena,Diurna,Buen Tiempo,Atropello animal,S/D,Atropello,Ninguna,S/D,Ninguna,Sin restricción
2018,4057,2018-08-24,Viernes,0,15:30:00,,473.0,2,"Moto/Ciclomotor,Automóvil",ROTONDA INGRESO BARRIO EL POZO ,2,1,0,0,1,0,0,"-31.63945, -60.65779",Calle,,SANTA FE,La Capital,Asfalto,Pavimento,I,Dentro,Urbana,Ninguna,No existe,Rotonda,Con baches,Buena,Diurna,Buen Tiempo,Lateral,S/D,Colisión,Ninguna,Faltante,Línea divisoria pintada,Sin restricción
2018,4058,2018-05-02,Miercoles,0,11:50:00,Ruta Provincial 90,97.0,1,Automóvil, ,1,1,0,0,0,0,0,"-33.60565, -61.2919",Ruta,90,CARRERAS,General López,Asfalto,Natural,VIII,S/D,Rural,Ninguna,No existe,Recta,Resbaladiza,Reducida,Diurna,Lluvia,S/D,S/D,Despiste,Agua,S/D,Línea divisoria pintada,Sin restricción
2018,4059,2018-01-02,Martes,0,14:00:00,,0.0,2,"Moto/Ciclomotor,Automóvil",Av Pte Peron Y Iturraspe,2,1,0,0,0,0,1,"-31.625805555556,-60.718611111111",Calle,,SANTA FE,La Capital,S/D,S/D,I,S/D,Urbana,S/D,S/D,S/D,S/D,S/D,S/D,S/D,S/D,S/D,Colisión,S/D,S/D,S/D,S/D
2018,4060,2018-08-11,Sabado,0,18:00:00,,0.0,2,"Moto/Ciclomotor,Automóvil",J J Paso Y Saavedra,2,1,0,0,1,0,0,"-31.661833333333,-60.720666666667",Avenida,,SANTA FE,La Capital,Asfalto,S/D,I,Dentro,Urbana,Ninguna,No existe,Intersección,Bueno,Buena,Atardecer,Buen Tiempo,Lateral,S/D,Colisión,Ninguna,S/D,S/D,Sin restricción
2018,4061,2018-01-02,Martes,0,18:10:00,,0.0,2,"Moto/Ciclomotor,Moto/Ciclomotor",Callejon Funes Y Aguado,2,0,1,0,0,0,1,"-31.579111111111,-60.716833333333",Calle,,SANTA FE,La Capital,S/D,S/D,I,S/D,Urbana,S/D,S/D,S/D,S/D,S/D,S/D,S/D,S/D,S/D,Colisión,S/D,S/D,S/D,S/D
2018,4062,2018-08-25,Sabado,0,12:30:00,Ruta Nacional 168,3.0,1,Moto/Ciclomotor, ,2,0,1,0,1,0,0,"-31.63964, -60.65165",Ruta,168,SANTA FE,La Capital,Asfalto,Pavimento,I,Dentro,Urbana,Ninguna,No existe,Recta,Bueno,Buena,Diurna,Buen Tiempo,Otro,S/D,Otro,Ninguna,Horizontal,Barrera de hormigón,Sin restricción
2018,4063,2018-08-17,Viernes,0,18:00:00,,0.0,2,"Moto/Ciclomotor,Automóvil",Vera Mujica Y O'Higgins,2,1,0,0,1,0,0,"-31.665027777778,-60.724972222222",Calle,,SANTA FE,La Capital,Asfalto,S/D,I,S/D,Urbana,Ninguna,No existe,Cruce,Bueno,Buena,Atardecer,Buen Tiempo,Lateral,S/D,Colisión,Ninguna,S/D,Ninguna,Sin restricción
2018,4064,2018-01-02,Martes,0,18:20:00,Ruta Nacional 168,0.0,2,"Moto/Ciclomotor,Automóvil",ALTURA WALMART ,2,1,0,0,0,0,1,"-31.63994, -60.65652",Ruta,168,SANTA FE,La Capital,S/D,S/D,I,S/D,Urbana,S/D,S/D,S/D,S/D,S/D,S/D,S/D,S/D,S/D,Colisión,S/D,S/D,S/D,S/D
2018,4066,2018-08-28,Martes,0,08:10:00,,0.0,2,"Automóvil,Automóvil",San Jeronimo Y Mendoza,2,1,0,0,1,0,0,"-31.648777777778,-60.708722222222",Calle,,SANTA FE,La Capital,Asfalto,No existe,I,Dentro,Urbana,Ninguna,No existe,Intersección,Bueno,Buena,Diurna,Buen Tiempo,Lateral,S/D,Colisión,Ninguna,Horizontal,Ninguna,Sin restricción
2018,4067,2018-08-30,Jueves,0,13:45:00,,0.0,2,"Moto/Ciclomotor,Automóvil",Francisco Tarragona Y Cristobal Colon,2,1,0,0,1,0,0,"-31.669555555556,-60.726111111111",Calle,,SANTA FE,La Capital,Asfalto,S/D,I,Dentro,Urbana,Ninguna,No existe,Intersección,Resbaladiza,Buena,Diurna,Lluvia,Lateral,S/D,Colisión,Agua,Faltante,Ninguna,Sin restricción
2018,4068,2018-01-02,Martes,0,20:00:00,,0.0,1,Moto/Ciclomotor,Av A del Valle Y Vieytes,2,2,0,0,0,0,0,"-31.603083333333,-60.692",Calle,,SANTA FE,La Capital,S/D,S/D,I,S/D,Urbana,S/D,S/D,S/D,S/D,S/D,S/D,S/D,S/D,S/D,Vuelco,S/D,S/D,S/D,S/D
2018,4070,2018-01-02,Martes,0,20:00:00,,0.0,2,"Moto/Ciclomotor,Pickup/Utilitario",12 de Octubre 9400,3,2,0,0,0,0,1,"-31.571,-60.739861111111",Calle,,SANTA FE,La Capital,S/D,S/D,I,S/D,Urbana,S/D,S/D,S/D,S/D,S/D,S/D,S/D,S/D,S/D,Colisión,S/D,S/D,S/D,S/D
2018,4071,2018-08-07,Martes,0,12:00:00,,0.0,2,"Bicicleta,Automóvil",San Jeronimo Y Santiago del Estero,2,1,0,0,1,0,0,"-31.637527777778,-60.705361111111",Calle,,SANTA FE,La Capital,Asfalto,No existe,I,Dentro,Urbana,Ninguna,No existe,Intersección,Bueno,Buena,Diurna,Buen Tiempo,Lateral,Ciclista,Atropello,Ninguna,Horizontal,Ninguna,Sin restricción