anio_acci,nro_acci,fecha,desc_dia,fecha_aprox,hora_aprox,desc_ruta,km,cant_participantes,desc_participante,calle_avenida_km,total,heridos_leves,heridos_graves,heridos_gravisimos,ilesos,fallecidos,sin_datos,posicion_XY,desc_tipo_via,desc_ruta_ori,desc_loc,desc_dpto,desc_tipo_calzada,desc_tipo_banquina,desc_unidad_regional,desc_lugar_calzada,desc_zona,desc_prioridad,desc_estado_semaforo,desc_lugar_via,desc_estado_via,desc_estado_visibilidad,desc_luminosidad,desc_estado_clima,desc_tipo_colision,desc_tipo_atropello,desc_tipo_hecho,desc_pres_calzada,desc_senializacion,desc_separacion_via,desc_restriccion
2018,4072,2018-08-21,Martes,0,15:15:00,,0.0,2,"Automóvil,Moto/Ciclomotor",Intendente Manuel Irigoyen Y Av Circunvalaci?n,2,1,0,0,1,0,0,"-31.664055555556,-60.733722222222",Calle,,SANTA FE,La Capital,Asfalto,Pavimento,I,Dentro,Urbana,Ninguna,No existe,Recta,Deteriorada,Buena,Diurna,Buen Tiempo,De alcance,S/D,Colisión,Ninguna,Faltante,Ninguna,Sin restricción
2018,4073,2018-08-24,Viernes,0,11:30:00,,0.0,2,"Peatón,Pickup/Utilitario",9 de Julio Y Lisandro de la Torre,2,1,0,0,1,0,0,"-31.650916666667,-60.710583333333",Calle,,SANTA FE,La Capital,Asfalto,No existe,I,Dentro,Urbana,Policía de tránsito,No existe,Intersección,Bueno,Buena,Diurna,Buen Tiempo,Lateral,Peatón,Atropello,Ninguna,Horizontal,Ninguna,Sin restricción
2018,4074,2018-08-17,Viernes,0,22:15:00,,0.0,2,"Automóvil,Moto/Ciclomotor",Francia 1400,2,1,0,0,1,0,0,"-31.657805555556,-60.718138888889",Calle,,SANTA FE,La Capital,Asfalto,No existe,I,Dentro,Urbana,Ninguna,S/D,Recta,Con baches,Reducida,Nocturna,Buen Tiempo,De alcance,S/D,Colisión,Ninguna,Faltante,Ninguna,Sin restricción
2018,4075,2018-08-07,Martes,0,09:39:00,,0.0,2,"Moto/Ciclomotor,Automóvil",San Jeronimo ,2,1,0,0,1,0,0,"-31.645333333333,-60.707694444444",Calle,,SANTA FE,La Capital,Asfalto,No existe,I,Dentro,Urbana,Ninguna,No existe,Intersección,Bueno,Buena,Diurna,Buen Tiempo,Lateral,S/D,Colisión,Ninguna,Horizontal,Ninguna,Sin restricción
2018,4076,2018-08-02,Jueves,0,13:35:00,,0.0,2,"Moto/Ciclomotor,Pickup/Utilitario",Moreno Y Av Freyre,2,1,0,0,1,0,0,"-31.65275,-60.720722222222",Avenida,,SANTA FE,La Capital,Asfalto,No existe,I,Dentro,Urbana,Ninguna,No existe,Intersección,Con baches,Buena,Diurna,Buen Tiempo,De alcance,S/D,Colisión,Ninguna,Faltante,Ninguna,Sin restricción
2018,4077,2018-05-27,Domingo,0,21:00:00,Ruta Nacional 34,368.0,1,Moto/Ciclomotor,Ruta Nac 34 ,2,2,0,0,0,0,0,"-29.9872, -61.84641",Ruta,34,HERSILIA,San Cristóbal,Asfalto,Natural,XIII,S/D,Rural,Ninguna,S/D,Recta,Otro,S/D,Nocturna,Buen Tiempo,Otro,S/D,Caída ocupante,Material Suelto,Faltante,Ninguna,Reparación de Vía
2018,4078,2018-08-05,Domingo,0,16:00:00,,0.0,2,"Moto/Ciclomotor,Automóvil",Dr Zavalla Y Uruguay,2,1,0,0,1,0,0,"-31.659111111111,-60.724",Calle,,SANTA FE,La Capital,Asfalto,No existe,I,Dentro,Urbana,Ninguna,No existe,Intersección,Deteriorada,Buena,Diurna,Buen Tiempo,Lateral,S/D,Colisión,Ninguna,Faltante,Ninguna,Sin restricción
2018,4079,2018-08-03,Viernes,0,07:15:00,,0.0,2,"Automóvil,Moto/Ciclomotor",Raul Alberto Tacca Y 1ro de Mayo,2,1,0,0,1,0,0,"-31.6655,-60.715527777778",Calle,,SANTA FE,La Capital,Hormigón,No existe,I,Dentro,Urbana,Ninguna,No existe,Intersección,Bueno,Buena,Diurna,Buen Tiempo,Lateral,S/D,Colisión,Ninguna,Horizontal,Ninguna,Sin restricción
2018,4080,2018-01-03,Miercoles,0,09:30:00,,0.0,2,"Bicicleta,Moto/Ciclomotor",Av Pe?aloza Y Derqui,3,0,0,0,0,1,2,"-31.613083333333,-60.713083333333",Avenida,,SANTA FE,La Capital,S/D,S/D,I,Dentro,Urbana,S/D,S/D,S/D,S/D,S/D,S/D,S/D,S/D,Ciclista,Atropello,S/D,S/D,S/D,S/D
2018,4081,2018-08-02,Jueves,0,09:35:00,,0.0,2,"Moto/Ciclomotor,Transporte de Pasajeros Urbano (> 8 asientos)",4 de Enero Y Hipolito Yrigoyen,2,1,0,0,1,0,0,"-31.641277777778,-60.710472222222",Calle,,SANTA FE,La Capital,Asfalto,No existe,I,Dentro,Urbana,Ninguna,No existe,Intersección,Bueno,Buena,Diurna,Buen Tiempo,Lateral,S/D,Colisión,Ninguna,Horizontal,Ninguna,Sin restricción
2018,4082,2018-08-07,Martes,0,17:30:00,,0.0,2,"Moto/Ciclomotor,Otros",Av Freyre Y Monse?or Zaspe,2,1,0,0,0,0,1,"-31.653972222222,-60.72075",Avenida,,SANTA FE,La Capital,Asfalto,No existe,I,Dentro,Urbana,Ninguna,No existe,Intersección,Con baches,Buena,Diurna,Buen Tiempo,Lateral,S/D,Colisión,Ninguna,Faltante,Ninguna,Sin restricción
2018,4083,2018-01-08,Lunes,0,,,0.0,1,Moto/Ciclomotor,4 de Enero Y Entre Rios,1,1,0,0,0,0,0,"-31.659277777778,-60.715916666667",Calle,,SANTA FE,La Capital,Asfalto,No existe,II,Dentro,Urbana,Ninguna,No existe,Intersección,Bueno,S/D,S/D,S/D,Atropello animal,S/D,Colisión,S/D,S/D,S/D,Sin restricción
2018,4084,2018-08-31,Viernes,0,09:50:00,,0.0,2,"Moto/Ciclomotor,Automóvil",25 de Mayo 2900,2,1,0,0,1,0,0,"-31.642361111111,-60.704583333333",Calle,,SANTA FE,La Capital,Asfalto,No existe,I,Dentro,Urbana,Ninguna,No existe,Recta,Bueno,Buena,Diurna,Buen Tiempo,De alcance,S/D,Atropello,Ninguna,Horizontal,Ninguna,Sin restricción
2018,4085,2018-08-13,Lunes,0,09:25:00,,0.0,2,"Automóvil,Bicicleta",J J Paso Y Av Freyre,2,1,0,0,1,0,0,"-31.661351464478, -60.723305703728",Avenida,,SANTA FE,La Capital,Asfalto,No existe,I,S/D,Urbana,Ninguna,No existe,Intersección,Bueno,Buena,Diurna,Buen Tiempo,S/D,Ciclista,Atropello,Ninguna,Faltante,Ninguna,Sin restricción
2018,4086,2018-01-03,Miercoles,0,12:30:00,,0.0,2,"Moto/Ciclomotor,Moto/Ciclomotor",1ro de Mayo Y Azcuenaga,2,2,0,0,0,0,0,"-31.593722222222,-60.695333333333",Calle,,SANTA FE,La Capital,S/D,S/D,I,S/D,Urbana,S/D,S/D,S/D,S/D,S/D,S/D,S/D,S/D,S/D,Colisión,S/D,S/D,S/D,S/D
2018,4087,2018-01-03,Miercoles,0,15:30:00,,0.0,2,"Moto/Ciclomotor,Camión",Padre Genesio 1900,2,1,0,0,0,0,1,"-31.601694444444,-60.685055555556",Calle,,SANTA FE,La Capital,S/D,S/D,I,S/D,Urbana,S/D,S/D,S/D,S/D,S/D,S/D,S/D,S/D,S/D,Colisión,S/D,S/D,S/D,S/D
2018,4088,2018-08-09,Jueves,0,00:25:00,,0.0,2,"Peatón,Automóvil",Candido Pujato Y 25 de Mayo,2,1,0,0,1,0,0,"-31.634416666667,-60.702055555556",Calle,,SANTA FE,La Capital,Asfalto,No existe,I,Dentro,Urbana,Ninguna,Funciona,Intersección,Otro,Buena,"Nocturna,Con luz artificial",Buen Tiempo,S/D,Peatón,Atropello,Ninguna,"Horizontal,Vertical",Ninguna,Sin restricción
2018,4089,2018-08-08,Miercoles,0,15:25:00,,0.0,2,"Peatón,Automóvil",Lisandro de la Torre Y Av Mosconi,2,1,0,0,1,0,0,"-31.647194444444,-60.729722222222",Calle,,SANTA FE,La Capital,Asfalto,No existe,I,Dentro,Urbana,Ninguna,No existe,Intersección,Deteriorada,Buena,Diurna,Buen Tiempo,S/D,Peatón,Atropello,Ninguna,Faltante,Ninguna,Sin restricción
2018,4090,2018-01-08,Lunes,0,,,0.0,2,"Moto/Ciclomotor,Automóvil", ,2,1,0,0,1,0,0,"-31.633417, -60.713260",Calle,,SANTA FE,La Capital,S/D,S/D,I,S/D,Urbana,S/D,S/D,S/D,S/D,S/D,S/D,S/D,S/D,S/D,Colisión,S/D,S/D,S/D,S/D
2018,4091,2018-08-14,Martes,0,21:40:00,,0.0,2,"Automóvil,Moto/Ciclomotor",Eva Peron Y 4 de Enero,2,1,0,0,1,0,0,"-31.643527777778,-60.711083333333",Calle,,SANTA FE,La Capital,Asfalto,No existe,I,Dentro,Urbana,Ninguna,No existe,Intersección,Bueno,Buena,"Nocturna,Con luz artificial",Buen Tiempo,Lateral,S/D,Colisión,Ninguna,Horizontal,Ninguna,Sin restricción
2018,4092,2018-08-01,Miercoles,0,09:10:00,,0.0,2,"Moto/Ciclomotor,Automóvil",Av Blas Parera 5344,2,1,0,0,1,0,0,"-31.614555555556,-60.717861111111",Calle,,SANTA FE,La Capital,Asfalto,No existe,I,S/D,Urbana,Ninguna,Funciona,Recta,Bueno,Buena,Diurna,Buen Tiempo,Otro,S/D,Colisión,Ninguna,Vertical,Ninguna,Sin restricción
2018,4093,2018-01-04,Jueves,0,06:00:00,,0.0,2,"Moto/Ciclomotor,Pickup/Utilitario",Rivadavia ,2,0,0,1,0,0,1,"-32.029752,-61.218846",Calle,,GÁLVEZ,San Jerónimo,S/D,S/D,XV,S/D,Urbana,S/D,S/D,S/D,S/D,S/D,S/D,S/D,S/D,S/D,Colisión,S/D,S/D,S/D,S/D
2018,4094,2018-08-02,Jueves,0,17:10:00,,0.0,2,"Moto/Ciclomotor,Automóvil",Av Freyre Y Primera Junta,2,1,0,0,1,0,0,"-31.645027777778,-60.718166666667",Avenida,,SANTA FE,La Capital,Asfalto,No existe,I,S/D,Urbana,Ninguna,Funciona,Intersección,Bueno,Buena,Atardecer,Buen Tiempo,Otro,S/D,Colisión,Ninguna,Vertical,Ninguna,Sin restricción
2018,4095,2018-08-20,Lunes,0,21:55:00,,0.0,2,"Automóvil,Moto/Ciclomotor",Suipacha Y Rivadavia,2,1,0,0,1,0,0,"-31.640555555556,-60.702472222222",Calle,,SANTA FE,La Capital,Asfalto,No existe,I,Dentro,Urbana,Ninguna,Funciona,Intersección,Bueno,Buena,"Nocturna,Con luz artificial",Buen Tiempo,Lateral,S/D,Colisión,Ninguna,"Horizontal,Vertical",Ninguna,Sin restricción
2018,4096,2018-01-06,Sabado,0,,,0.0,1,Moto/Ciclomotor,Av Freyre Y Mendoza,1,1,0,0,0,0,0,"-31.646166666667,-60.718805555556",Avenida,,SANTA FE,La Capital,Asfalto,No existe,I,Dentro,Urbana,S/D,S/D,Intersección,S/D,S/D,S/D,S/D,S/D,S/D,"Caída ocupante,Despiste",S/D,S/D,S/D,S/D
2018,4097,2018-08-23,Jueves,0,,,0.0,2,"Automóvil,Moto/Ciclomotor",25 de Mayo 2764,2,1,0,0,1,0,0,"-31.643888888889,-60.705027777778",Calle,,SANTA FE,La Capital,Asfalto,No existe,I,Dentro,Urbana,Ninguna,No existe,Recta,Bueno,Buena,Diurna,Buen Tiempo,De alcance,S/D,Colisión,Ninguna,Horizontal,Ninguna,Sin restricción
2018,4099,2018-08-03,Viernes,0,09:45:00,,0.0,1,Automóvil,Francia Y La Rioja,1,1,0,0,0,0,0,"-31.643861111111,-60.713944444444",Calle,,SANTA FE,La Capital,Asfalto,No existe,I,S/D,Urbana,Ninguna,Funciona,Intersección,Bueno,Buena,Diurna,Buen Tiempo,Otro,S/D,Colisión,Ninguna,Vertical,Ninguna,Sin restricción
2018,4100,2018-08-03,Viernes,0,20:30:00,,0.0,2,"Automóvil,Automóvil",Av Lopez y Planes Y Candido Pujato,2,1,0,0,1,0,0,"-31.631527777778,-60.713805555556",Calle,,SANTA FE,La Capital,Asfalto,No existe,I,S/D,Urbana,Ninguna,Funciona,Intersección,Bueno,Buena,Nocturna,Buen Tiempo,Otro,S/D,Colisión,Ninguna,Vertical,Ninguna,Sin restricción
2018,4101,2018-08-28,Martes,0,18:15:00,,0.0,2,"Moto/Ciclomotor,Pickup/Utilitario",9 de Julio Y Eva Peron,2,1,0,0,1,0,0,"-31.644,-60.7085",Calle,,SANTA FE,La Capital,Asfalto,No existe,I,Dentro,Urbana,Ninguna,No existe,Intersección,Bueno,Buena,Atardecer,Buen Tiempo,Lateral,S/D,Colisión,Ninguna,Horizontal,Ninguna,Sin restricción
2018,4102,2018-08-18,Sabado,0,23:35:00,,0.0,2,"Moto/Ciclomotor,Taxi/Remis",Mendoza Y San Jeronimo,2,1,0,0,1,0,0,"-31.648777777778,-60.708722222222",Calle,,SANTA FE,La Capital,Asfalto,No existe,I,Dentro,Urbana,Ninguna,No existe,Intersección,Bueno,Buena,"Nocturna,Con luz artificial",Buen Tiempo,Lateral,S/D,Colisión,Ninguna,Horizontal,Ninguna,Sin restricción
2018,4103,2018-08-06,Lunes,0,12:35:00,,0.0,2,"Automóvil,Bicicleta",Pje Falucho Y Lamadrid,2,1,0,0,1,0,0,"-31.643222222222,-60.727722222222",Calle,,SANTA FE,La Capital,Asfalto,No existe,I,S/D,Urbana,Ninguna,Funciona,Intersección,Bueno,Buena,Diurna,Buen Tiempo,Otro,Ciclista,Atropello,Ninguna,S/D,Ninguna,Sin restricción
2018,4104,2018-08-11,Sabado,0,11:40:00,,0.0,2,"Bicicleta,Automóvil",Salta Y 4 de Enero,2,1,0,0,1,0,0,"-31.649166666667,-60.712694444444",Calle,,SANTA FE,La Capital,Asfalto,No existe,I,S/D,Urbana,Ninguna,No existe,Intersección,Bueno,Buena,Diurna,Buen Tiempo,Lateral,Ciclista,Atropello,Agua,Horizontal,Ninguna,Sin restricción
2018,4105,2018-08-06,Lunes,0,18:45:00,,0.0,2,"Moto/Ciclomotor,Automóvil",Francia Y Hipolito Yrigoyen,2,1,0,0,1,0,0,"-31.640833333333,-60.713138888889",Calle,,SANTA FE,La Capital,Asfalto,No existe,I,S/D,Urbana,Ninguna,Funciona,Intersección,Bueno,Buena,Atardecer,Buen Tiempo,Otro,S/D,Colisión,Ninguna,Vertical,Ninguna,Sin restricción
2018,4106,2018-08-03,Viernes,0,20:06:00,,0.0,2,"Moto/Ciclomotor,Transporte de Pasajeros Urbano (> 8 asientos)",9 de Julio 2400,2,1,0,0,1,0,0,"-31.647305555556,-60.7095",Calle,,SANTA FE,La Capital,Asfalto,No existe,I,Dentro,Urbana,Ninguna,No existe,Recta,Bueno,Buena,"Nocturna,Con luz artificial",Buen Tiempo,De alcance,S/D,Atropello,Ninguna,Horizontal,Ninguna,Sin restricción
2018,4107,2018-03-19,Lunes,0,19:30:00,,0.0,2,"Bicicleta,Camión Chasis",Av. Centenario Bis Y Av. de los Trabajadores,2,1,0,0,1,0,0,"-32.912165254941, -60.675356852024",Avenida,,ROSARIO,Rosario,Asfalto,No existe,II,Dentro,Urbana,Semáforo,Funciona,Recta,Bueno,Buena,Atardecer,Buen Tiempo,S/D,Ciclista,Atropello,Ninguna,Vertical,Cordón divisorio,Sin restricción
2018,4108,2018-03-17,Sabado,0,19:30:00,,0.0,2,"Moto/Ciclomotor,Automóvil",J.B.Justo Y Pje. Maspoli Bis,3,2,0,0,1,0,0,"-32.914222222222,-60.690111111111",Calle,,ROSARIO,Rosario,Asfalto,No existe,II,Dentro,Urbana,S/D,No existe,Intersección,S/D,Buena,Atardecer,S/D,Otro,S/D,Colisión,S/D,Faltante,Ninguna,S/D
2018,4109,2018-03-21,Miercoles,0,15:55:00,,0.0,2,"Moto/Ciclomotor,Automóvil",Av. Alberdi Bis Y Av. Luis Carballo,2,1,0,0,1,0,0,"-32.922115378536, -60.680201669157",Avenida,,ROSARIO,Rosario,Asfalto,No existe,II,Dentro,Urbana,Semáforo,Funciona,Recta,Bueno,Buena,Diurna,Buen Tiempo,Lateral,S/D,Colisión,Ninguna,"Horizontal,Vertical",Cordón divisorio,Sin restricción
2018,4110,2018-04-16,Lunes,0,16:05:00,,0.0,2,"Automóvil,Tractor",Lamadrid Y San Nicolas,2,1,0,0,1,0,0,"-32.998138888889,-60.685027777778",Calle,,ROSARIO,Rosario,Asfalto,No existe,II,Dentro,Urbana,Ninguna,No existe,Intersección,Bueno,Buena,Diurna,Buen Tiempo,Lateral,S/D,Colisión,Ninguna,Faltante,Ninguna,Sin restricción
2018,4111,2018-03-25,Domingo,0,16:59:00,,0.0,3,"Automóvil,Automóvil,Automóvil",Bv. Avellaneda Bis Y French,8,2,0,0,6,0,0,"-32.920656256832, -60.674536843718",Avenida,,ROSARIO,Rosario,Asfalto,No existe,II,Dentro,Urbana,Semáforo,Funciona,Recta,Bueno,Buena,Diurna,Buen Tiempo,De alcance,S/D,Colisión,Ninguna,"Horizontal,Vertical",Cordón divisorio,Sin restricción
2018,4112,2018-04-16,Lunes,0,20:10:00,,0.0,2,"Moto/Ciclomotor,Automóvil",Lavalle Y Garay,2,1,0,0,1,0,0,"-32.967388888889,-60.684861111111",Calle,,ROSARIO,Rosario,Asfalto,No existe,II,Dentro,Urbana,Ninguna,No existe,Intersección,Deteriorada,Buena,Nocturna,Buen Tiempo,Lateral,S/D,Colisión,Ninguna,Faltante,Ninguna,Sin restricción
2018,4113,2018-03-28,Miercoles,0,22:50:00,,0.0,2,"Automóvil,Moto/Ciclomotor",Ing.Thedy Bis Y Av. Luis Carballo,3,2,0,0,1,0,0,"-32.923273220979, -60.665482453736",Avenida,,ROSARIO,Rosario,Asfalto,No existe,II,Dentro,Urbana,Ninguna,Funciona,Intersección,Bueno,Buena,Nocturna,Buen Tiempo,De alcance,S/D,Colisión,Ninguna,"Horizontal,Vertical",Ninguna,Sin restricción
2018,4114,2018-03-13,Martes,0,14:45:00,,0.0,2,"Moto/Ciclomotor,Pickup/Utilitario",Aurora Y Castellanos,2,1,0,0,1,0,0,"-32.999784, -60.687481",Calle,,ROSARIO,Rosario,Asfalto,No existe,II,Dentro,Rural,Ninguna,No existe,Intersección,Bueno,Buena,Diurna,Buen Tiempo,S/D,S/D,Colisión,Ninguna,Faltante,Ninguna,Sin restricción
2018,4115,2018-03-18,Domingo,0,21:40:00,,0.0,2,"Moto/Ciclomotor,Pickup/Utilitario",Bv. Segui Y Ricchieri,2,1,0,0,1,0,0,"-32.974618, -60.671056",Avenida,,ROSARIO,Rosario,Asfalto,No existe,II,Dentro,Urbana,Señal Pare,No existe,Intersección,Bueno,Buena,Nocturna,Buen Tiempo,Lateral,S/D,Colisión,Ninguna,"Horizontal,Vertical","Cordón divisorio,Línea divisoria pintada",Sin restricción
2018,4116,2018-03-13,Martes,0,08:15:00,,0.0,2,"Pickup/Utilitario,Moto/Ciclomotor",Bv. Segui Y Av. Francia,2,1,0,0,1,0,0,"-32.974132, -60.673682",Avenida,,ROSARIO,Rosario,Asfalto,No existe,II,Dentro,Urbana,Semáforo,Funciona,Intersección,Bueno,Buena,Diurna,Buen Tiempo,Frontal,S/D,Colisión,Ninguna,"Horizontal,Vertical","Cordón divisorio,Vegetación,Línea divisoria pintada",Reparación de Vía
2018,4117,2018-03-02,Viernes,0,17:30:00,,0.0,2,"Moto/Ciclomotor,Automóvil",Cafferata Y Biedma,2,1,0,0,1,0,0,"-32.975498, -60.679772",Calle,,ROSARIO,Rosario,Asfalto,No existe,II,Dentro,Urbana,Señal Ceda el Paso,No existe,Recta,Bueno,Buena,Diurna,Buen Tiempo,Lateral,S/D,Colisión,Ninguna,Vertical,Ninguna,Sin restricción
2018,4118,2018-03-04,Domingo,0,14:15:00,,0.0,2,"Moto/Ciclomotor,Automóvil",Lamadrid Y Av. Francia,2,1,0,0,0,0,1,"-32.998024, -60.677975",Avenida,,ROSARIO,Rosario,Asfalto,No existe,II,Dentro,Urbana,Semáforo,Funciona,Intersección,Bueno,Buena,Diurna,Buen Tiempo,De alcance,S/D,Colisión,Ninguna,"Horizontal,Vertical",Cordón divisorio,Sin restricción
2018,4119,2018-04-22,Domingo,0,09:10:00,,0.0,2,"Bicicleta,Automóvil",Av. Francia Y Uruguay,2,0,1,0,1,0,0,"-32.971861111111,-60.673305555556",Avenida,,ROSARIO,Rosario,Asfalto,No existe,II,Dentro,Urbana,Ninguna,No existe,Intersección,Bueno,Buena,Diurna,Buen Tiempo,S/D,Ciclista,Atropello,Ninguna,Faltante,Cordón divisorio,Sin restricción
2018,4120,2018-03-30,Viernes,0,20:30:00,,0.0,2,"Automóvil,Moto/Ciclomotor",Av. Provincias Unidas Bis Y French,2,0,1,0,1,0,0,"-32.921760455095, -60.713354520234",Avenida,,ROSARIO,Rosario,Asfalto,No existe,II,Dentro,Urbana,S/D,No existe,Intersección,Bueno,Buena,Nocturna,S/D,Lateral,S/D,Colisión,Ninguna,Horizontal,Cordón divisorio,S/D
2018,4121,2018-03-06,Martes,0,18:50:00,,0.0,2,"Pickup/Utilitario,Moto/Ciclomotor",Bv. Segui Y Crespo,3,2,0,0,1,0,0,"-32.973641, -60.676483",Avenida,,ROSARIO,Rosario,Asfalto,No existe,II,Dentro,Urbana,Paso Peatonal,No existe,Intersección,Bueno,Buena,Atardecer,Buen Tiempo,S/D,S/D,Colisión,Ninguna,Horizontal,"Cordón divisorio,Línea divisoria pintada",Sin restricción
2018,4122,2018-03-10,Sabado,0,15:00:00,,0.0,2,"Automóvil,Automóvil",Crespo Y Bv. Segui,5,4,0,0,1,0,0,"-32.973641, -60.676483",Avenida,,ROSARIO,Rosario,Asfalto,No existe,II,Dentro,Urbana,Paso Peatonal,No existe,Intersección,Bueno,Buena,Diurna,Buen Tiempo,S/D,S/D,Colisión,Ninguna,Horizontal,Cordón divisorio,Sin restricción
2018,4123,2018-03-11,Domingo,0,20:00:00,,0.0,2,"Moto/Ciclomotor,Taxi/Remis",Garibaldi Y Av. Ovidio Lagos,4,3,0,0,1,0,0,"-32.981852, -60.670987",Avenida,,ROSARIO,Rosario,Asfalto,No existe,II,Dentro,Urbana,Marca Vial,No existe,Intersección,Bueno,Buena,Atardecer,Buen Tiempo,Lateral,S/D,Colisión,Ninguna,Horizontal,"Cordón divisorio,Línea divisoria pintada",Sin restricción
2018,4124,2018-03-29,Jueves,0,20:45:00,,0.0,2,"Automóvil,Moto/Ciclomotor",Av. Sorrento Y Av. Provincias Unidas Bis,2,0,1,0,1,0,0,"-32.907833333333,-60.714027777778",Avenida,,ROSARIO,Rosario,Asfalto,No existe,II,Dentro,Urbana,S/D,No existe,Recta,Bueno,Buena,Nocturna,S/D,De alcance,S/D,Colisión,Ninguna,Faltante,Ninguna,S/D
2018,4125,2018-03-10,Sabado,0,18:05:00,,0.0,2,"Automóvil,Moto/Ciclomotor",Pte.Quintana Y San Nicolas,3,2,0,0,1,0,0,"-32.976413, -60.681438",Calle,,ROSARIO,Rosario,Asfalto,No existe,II,Dentro,Urbana,Ninguna,No existe,Intersección,Bueno,Buena,Atardecer,Buen Tiempo,Frontal,S/D,Colisión,Ninguna,Faltante,Ninguna,Sin restricción
2018,4126,2018-04-28,Sabado,0,22:10:00,,0.0,2,"Automóvil,Moto/Ciclomotor",Olegario V.Andrade Y Santiago,3,1,0,0,1,0,1,"-32.996435769622, -60.66793174982",Calle,,ROSARIO,Rosario,Asfalto,No existe,II,Dentro,Urbana,Ninguna,No existe,Intersección,Bueno,Buena,Nocturna,Buen Tiempo,Lateral,S/D,Colisión,Ninguna,Faltante,Ninguna,Sin restricción
2018,4127,2018-03-24,Sabado,0,21:00:00,,0.0,2,"Moto/Ciclomotor,Peatón",Av. Genova Y Cullen Bis,2,1,0,0,0,0,1,"-32.915916666667,-60.709888888889",Avenida,,ROSARIO,Rosario,Asfalto,No existe,II,Dentro,Urbana,S/D,No existe,Recta,Bueno,Buena,"Nocturna,Con luz artificial",S/D,S/D,Peatón,Atropello,Ninguna,Faltante,Ninguna,S/D
2018,4128,2018-03-20,Martes,0,08:50:00,,0.0,2,"Pickup/Utilitario,Moto/Ciclomotor",Barra Bis Y Av. Genova,3,2,0,0,1,0,0,"-32.915861111111,-60.708111111111",Avenida,,ROSARIO,Rosario,Asfalto,No existe,II,Dentro,Urbana,S/D,No existe,Intersección,S/D,S/D,Diurna,S/D,Lateral,S/D,Colisión,S/D,Faltante,Ninguna,S/D
2018,4129,2018-03-20,Martes,0,15:00:00,,0.0,2,"Peatón,Automóvil",Av. Provincias Unidas Bis Y Jose Ingenieros,4,2,0,0,2,0,0,"-32.917111111111,-60.713638888889",Avenida,,ROSARIO,Rosario,Asfalto,No existe,II,Dentro,Urbana,S/D,No existe,Intersección,Bueno,Buena,Diurna,S/D,S/D,Peatón,Atropello,Ninguna,Faltante,Cordón divisorio,S/D
2018,4130,2018-04-30,Lunes,0,14:15:00,,0.0,2,"Moto/Ciclomotor,Automóvil",Guardia Morada Y Prevision y Hogar,3,2,0,0,1,0,0,"-33.016978003270, -60.658772314437",Calle,,ROSARIO,Rosario,Asfalto,No existe,II,Dentro,Urbana,Ninguna,No existe,Intersección,Bueno,Buena,Diurna,Buen Tiempo,De alcance,S/D,Colisión,Ninguna,Faltante,Ninguna,Sin restricción
2018,4131,2018-03-17,Sabado,0,13:30:00,,0.0,2,"Automóvil,Moto/Ciclomotor",Mejico Bis Y Schweitzer,3,2,0,0,1,0,0,"-32.913638888889,-60.719555555556",Calle,,ROSARIO,Rosario,Asfalto,No existe,II,Dentro,Urbana,S/D,No existe,Recta,Bueno,Buena,Diurna,S/D,Lateral,S/D,Colisión,Ninguna,Faltante,Ninguna,S/D
2018,4132,2018-04-14,Sabado,0,19:50:00,,0.0,2,"Bicicleta,Automóvil",Prevision y Hogar 2163,2,1,0,0,1,0,0,"-33.017166666667,-60.662888888889",Calle,,ROSARIO,Rosario,Asfalto,No existe,II,Dentro,Urbana,Ninguna,No existe,Recta,Bueno,Buena,Atardecer,Buen Tiempo,S/D,Ciclista,Atropello,Ninguna,Faltante,Ninguna,Sin restricción
2018,4133,2018-01-04,Jueves,0,17:00:00,,0.0,2,"Moto/Ciclomotor,Automóvil",J Castelli Y Av Facundo Zuviria,2,0,1,0,0,0,1,"-31.604666666667,-60.70275",Calle,,SANTA FE,La Capital,S/D,S/D,I,S/D,Urbana,S/D,S/D,S/D,S/D,S/D,S/D,S/D,S/D,S/D,Colisión,S/D,S/D,S/D,S/D
2018,4134,2018-01-04,Jueves,0,19:00:00,,0.0,2,"Moto/Ciclomotor,Automóvil",Mariano Moreno ,2,1,0,0,0,0,1,"-31.662927,-60.765557",Calle,,SANTO TOMÉ,La Capital,S/D,S/D,I,S/D,Urbana,S/D,S/D,S/D,S/D,S/D,S/D,S/D,Contra objeto fijo,S/D,Colisión,S/D,S/D,S/D,S/D
2018,4135,2018-01-04,Jueves,0,21:00:00,,0.0,1,Moto/Ciclomotor,Av Mosconi ,1,1,0,0,0,0,0,"-31.648503,-60.730167",Avenida,,SANTA FE,La Capital,S/D,S/D,I,S/D,Urbana,S/D,S/D,S/D,S/D,S/D,S/D,S/D,S/D,S/D,Caída ocupante,S/D,S/D,S/D,S/D