anio_acci,nro_acci,fecha,desc_dia,fecha_aprox,hora_aprox,desc_ruta,km,cant_participantes,desc_participante,calle_avenida_km,total,heridos_leves,heridos_graves,heridos_gravisimos,ilesos,fallecidos,sin_datos,posicion_XY,desc_tipo_via,desc_ruta_ori,desc_loc,desc_dpto,desc_tipo_calzada,desc_tipo_banquina,desc_unidad_regional,desc_lugar_calzada,desc_zona,desc_prioridad,desc_estado_semaforo,desc_lugar_via,desc_estado_via,desc_estado_visibilidad,desc_luminosidad,desc_estado_clima,desc_tipo_colision,desc_tipo_atropello,desc_tipo_hecho,desc_pres_calzada,desc_senializacion,desc_separacion_via,desc_restriccion
2018,4136,2018-01-04,Jueves,0,23:00:00,,0.0,2,"Bicicleta,Otros",Hugo Wast 6200,2,0,1,0,0,0,1,"-31.575527777778,-60.734472222222",Calle,,SANTA FE,La Capital,S/D,S/D,I,S/D,Urbana,S/D,S/D,S/D,S/D,S/D,S/D,S/D,S/D,Ciclista,Atropello,S/D,S/D,S/D,S/D
2018,4137,2018-01-08,Lunes,0,14:00:00,,0.0,2,"Camión,Camión",Av Circunvalaci?n ,2,1,0,0,0,0,1,"-31.64736, -60.70357",Avenida,,SANTA FE,La Capital,Asfalto,S/D,I,Dentro,Rural,Ninguna,No existe,Recta,Bueno,S/D,Diurna,S/D,S/D,S/D,Colisión,S/D,S/D,S/D,S/D
2018,4138,2018-08-07,Martes,0,13:30:00,,0.0,2,"Moto/Ciclomotor,Pickup/Utilitario",Av Freyre Y Lisandro de la Torre,2,1,0,0,1,0,0,"-31.649166666667,-60.719361111111",Avenida,,SANTA FE,La Capital,Asfalto,No existe,I,S/D,Urbana,Policía de tránsito,Funciona,Intersección,Bueno,Buena,Diurna,Buen Tiempo,Otro,S/D,Colisión,Ninguna,Horizontal,Ninguna,Sin restricción
2018,4139,2018-01-08,Lunes,0,17:00:00,,0.0,1,Moto/Ciclomotor,Republica de Chile 2000,1,1,0,0,0,0,0,"-31.656777777778,-60.76",Calle,,SANTO TOMÉ,La Capital,Asfalto,S/D,I,S/D,Urbana,Ninguna,S/D,Recta,S/D,S/D,Diurna,S/D,Atropello animal,S/D,Colisión,S/D,S/D,S/D,S/D
2018,4140,2018-08-14,Martes,0,07:35:00,,0.0,2,"Automóvil,Moto/Ciclomotor",Avenida Nuestra Se?ora del Luj Y 12 de septiembre,2,1,0,0,1,0,0,"-31.679416666667,-60.774194444444",Avenida,,SANTO TOMÉ,La Capital,Asfalto,Pavimento,I,S/D,Urbana,Semáforo,Funciona,Intersección,Bueno,Buena,Diurna,Buen Tiempo,De alcance,S/D,Colisión,Ninguna,Vertical,Cordón divisorio,Sin restricción
2018,4141,2018-01-08,Lunes,0,17:30:00,,0.0,2,"Moto/Ciclomotor,Automóvil",Santiago Derqui Y Facundo Zuviria,2,1,0,0,0,0,1,"-31.614694444444,-60.705527777778",Avenida,,SANTO TOMÉ,La Capital,Asfalto,No existe,I,Dentro,Urbana,Ninguna,Funciona,Intersección,S/D,S/D,Diurna,S/D,S/D,S/D,Colisión,S/D,S/D,S/D,S/D
2018,4142,2018-08-21,Martes,0,15:30:00,,0.0,2,"Taxi/Remis,Moto/Ciclomotor",Lamadrid Y Tucuman,2,1,0,0,1,0,0,"-31.641666666667,-60.727277777778",Calle,,SANTA FE,La Capital,Asfalto,No existe,I,S/D,Urbana,Ninguna,Funciona,Recta,Bueno,Buena,Diurna,Buen Tiempo,Otro,S/D,Colisión,Ninguna,Faltante,Barrera de hormigón,Sin restricción
2018,4143,2018-01-05,Viernes,0,00:10:00,,0.0,2,"Moto/Ciclomotor,Moto/Ciclomotor",Gdor Freyre Y Estanislao Zeballos,2,1,0,0,0,0,1,"-31.602972222222,-60.706194444444",Calle,,SANTA FE,La Capital,S/D,S/D,I,S/D,Urbana,S/D,S/D,S/D,S/D,S/D,S/D,S/D,S/D,S/D,Colisión,S/D,S/D,S/D,S/D
2018,4144,2018-01-08,Lunes,0,18:30:00,,0.0,2,"Moto/Ciclomotor,Pickup/Utilitario",Gorriti ,2,1,0,0,0,0,1,"-31.588355, -60.702161",Avenida,,SANTA FE,La Capital,Asfalto,No existe,I,S/D,Urbana,Ninguna,S/D,S/D,S/D,S/D,Atardecer,S/D,S/D,S/D,Colisión,S/D,S/D,S/D,S/D
2018,4145,2018-08-02,Jueves,0,12:20:00,,0.0,2,"Moto/Ciclomotor,Bicicleta",Mariano Candioti Y Juan Antonio Alvarez de Arenal,2,1,0,0,1,0,0,"-31.679361111111,-60.756833333333",Calle,,SANTO TOMÉ,La Capital,"Asfalto,Ripio",Natural,I,S/D,Urbana,Ninguna,No existe,Intersección,Bueno,Buena,Diurna,Buen Tiempo,Lateral,Ciclista,Atropello,Ninguna,S/D,Ninguna,Sin restricción
2018,4146,2018-01-05,Viernes,0,06:30:00,,0.0,2,"Moto/Ciclomotor,Pickup/Utilitario",Pje Santa Fe Y Gorostiaga,2,1,0,0,0,0,1,"-31.606972222222,-60.718666666667",Calle,,SANTA FE,La Capital,S/D,S/D,I,S/D,Urbana,S/D,S/D,S/D,S/D,S/D,S/D,S/D,S/D,S/D,Colisión,S/D,S/D,S/D,S/D
2018,4147,2018-01-05,Viernes,0,07:00:00,,0.0,1,Moto/Ciclomotor,Hugo Wast Y Hermano Figueroa,1,1,0,0,0,0,0,"-31.574833333333,-60.737166666667",Calle,,SANTA FE,La Capital,S/D,S/D,I,S/D,Urbana,S/D,S/D,S/D,S/D,S/D,S/D,S/D,S/D,S/D,Vuelco,S/D,S/D,S/D,S/D
2018,4148,2018-01-05,Viernes,0,09:00:00,,0.0,1,Moto/Ciclomotor,Lamadrid Y Hipolito Yrigoyen,1,1,0,0,0,0,0,"-31.638333333333,-60.72625",Calle,,SANTA FE,La Capital,S/D,S/D,I,S/D,Urbana,S/D,S/D,S/D,S/D,S/D,S/D,S/D,Atropello animal,S/D,Colisión,S/D,S/D,S/D,S/D
2018,4149,2018-05-08,Martes,0,20:00:00,,0.0,2,"Moto/Ciclomotor,Automóvil",Avenida Nuestra Se?ora del Luj ,2,1,0,0,0,0,1,"-31.66703,-60.76438",Avenida,,SANTO TOMÉ,La Capital,Asfalto,S/D,I,S/D,Urbana,S/D,S/D,S/D,S/D,S/D,Nocturna,S/D,S/D,S/D,Colisión,S/D,S/D,S/D,S/D
2018,4150,2018-08-07,Martes,0,18:45:00,,0.0,2,"Moto/Ciclomotor,Automóvil",Av Freyre Y Salta,2,1,0,0,1,0,0,"-31.647944444444,-60.719333333333",Calle,,SANTA FE,La Capital,Asfalto,S/D,I,S/D,Urbana,Ninguna,S/D,Intersección,Bueno,Buena,S/D,Buen Tiempo,Otro,S/D,Colisión,Ninguna,Faltante,Ninguna,Sin restricción
2018,4151,2018-08-10,Viernes,0,13:10:00,,0.0,3,"Moto/Ciclomotor,Automóvil,Moto/Ciclomotor",Avenida Nuestra Se?ora del Luj Y Grl Brig Estanislao Lopez,3,3,0,0,0,0,0,"-31.670861111111,-60.767388888889",S/D,,SANTO TOMÉ,La Capital,Asfalto,No existe,I,Dentro,Urbana,Ninguna,No existe,Intersección,Bueno,Buena,Diurna,Buen Tiempo,Lateral,S/D,Colisión,Ninguna,Vertical,Ninguna,Sin restricción
2018,4152,2018-01-05,Viernes,0,09:30:00,,0.0,1,Moto/Ciclomotor,Av Lopez y Planes Y Luciano Torrent,1,1,0,0,0,0,0,"-31.621722222222,-60.713444444444",Calle,,SANTA FE,La Capital,S/D,S/D,I,S/D,Urbana,S/D,S/D,S/D,S/D,S/D,S/D,S/D,S/D,S/D,Vuelco,S/D,S/D,S/D,S/D
2018,4153,2018-01-05,Viernes,0,13:00:00,,0.0,2,"Automóvil,Automóvil",Junin Y Francia,2,1,0,0,0,0,1,"-31.637138888889,-60.712166666667",Calle,,SANTA FE,La Capital,S/D,S/D,I,S/D,Urbana,S/D,S/D,S/D,S/D,S/D,S/D,S/D,S/D,S/D,Colisión,S/D,S/D,S/D,S/D
2018,4154,2018-01-05,Viernes,0,15:00:00,Ruta Nacional 11,0.0,2,"Moto/Ciclomotor,Pickup/Utilitario",Av Blas Parera Y Beruti,2,0,1,0,0,0,1,"-31.584916666667,-60.725833333333",Ruta,11,SANTA FE,La Capital,S/D,S/D,I,S/D,Urbana,S/D,S/D,S/D,S/D,S/D,S/D,S/D,S/D,S/D,Colisión,S/D,S/D,S/D,S/D
2018,4155,2018-08-25,Sabado,0,11:40:00,,0.0,2,"Automóvil,Moto/Ciclomotor",Santiago de Chile Y La Rioja,2,1,0,0,1,0,0,"-31.641616960861, -60.723032259572",Calle,,SANTA FE,La Capital,Asfalto,No existe,I,S/D,Urbana,Ninguna,Funciona,Intersección,Bueno,Buena,Diurna,Buen Tiempo,Otro,S/D,Colisión,Ninguna,Faltante,Ninguna,Sin restricción
2018,4156,2018-05-08,Martes,0,21:00:00,,0.0,1,Automóvil,Av Galicia Y Necochea,1,1,0,0,0,0,0,"-31.606916666667,-60.685444444444",Avenida,,SANTA FE,La Capital,Asfalto,No existe,I,S/D,Urbana,Ninguna,No existe,Intersección,S/D,S/D,Nocturna,S/D,S/D,S/D,S/D,S/D,S/D,S/D,S/D
2018,4157,2018-08-01,Miercoles,0,09:20:00,,0.0,2,"Automóvil,Moto/Ciclomotor",Avenida General Bartolome Mitr Y Juan de Garay,2,1,0,0,1,0,0,"-31.670666666667,-60.754166666667",Calle,,SANTO TOMÉ,La Capital,Asfalto,No existe,I,Dentro,Urbana,Ninguna,No existe,Intersección,Bueno,Buena,Diurna,Buen Tiempo,Frontal,S/D,Colisión,Ninguna,Faltante,Ninguna,Sin restricción
2018,4158,2018-08-09,Jueves,0,13:00:00,,0.0,2,"Moto/Ciclomotor,Automóvil", ,2,1,0,0,1,0,0,"-31.61385, -60.69612",Calle,,SANTA FE,La Capital,S/D,S/D,I,S/D,Urbana,S/D,S/D,Intersección,S/D,S/D,S/D,S/D,S/D,S/D,S/D,S/D,S/D,S/D,S/D
2018,4159,2018-01-05,Viernes,0,15:30:00,,0.0,2,"Moto/Ciclomotor,Pickup/Utilitario",Falucho ,2,2,0,0,0,0,0,"-31.678346,-60.757825",Calle,,SANTO TOMÉ,La Capital,S/D,S/D,I,S/D,Urbana,S/D,S/D,S/D,S/D,S/D,S/D,S/D,S/D,S/D,Colisión,S/D,S/D,S/D,S/D
2018,4160,2018-08-22,Miercoles,0,12:00:00,,0.0,1,Moto/Ciclomotor,San Luis Y Avenida Nuestra Se?ora del Luj,2,1,0,0,0,0,1,"-31.673611111111,-60.7695",Avenida,,SANTO TOMÉ,La Capital,Asfalto,No existe,I,S/D,Urbana,Ninguna,Funciona,Intersección,Bueno,Buena,Diurna,Buen Tiempo,Otro,S/D,Despiste,Ninguna,Horizontal,Línea divisoria pintada,Sin restricción
2018,4161,2018-08-11,Sabado,0,14:15:00,,0.0,2,"Automóvil,Moto/Ciclomotor",Bv Pellegrini Y Saavedra,2,1,0,0,1,0,0,"-31.633694444444,-60.712416666667",Calle,,SANTA FE,La Capital,Asfalto,No existe,I,S/D,Urbana,Ninguna,Funciona,Intersección,Bueno,Buena,Diurna,Buen Tiempo,Otro,S/D,Colisión,Ninguna,Faltante,Ninguna,Sin restricción
2018,4162,2018-05-08,Martes,0,22:15:00,,0.0,1,Moto/Ciclomotor, ,1,1,0,0,0,0,0,"-31.76992, -60.83409",Calle,,SAUCE VIEJO,La Capital,Tierra,S/D,I,S/D,Urbana,Ninguna,No existe,Recta,Con baches,S/D,Nocturna,S/D,S/D,S/D,"Caída ocupante,Despiste",Material Suelto,S/D,S/D,S/D
2018,4163,2018-01-05,Viernes,0,16:00:00,,0.0,2,"Moto/Ciclomotor,Moto/Ciclomotor", ,2,1,0,0,0,0,1,"-31.678346,-60.757825",S/D,,SANTO TOMÉ,La Capital,S/D,S/D,I,S/D,S/D,S/D,S/D,S/D,S/D,S/D,S/D,S/D,S/D,S/D,Colisión,S/D,S/D,S/D,S/D
2018,4164,2018-08-25,Sabado,0,12:00:00,,0.0,2,"Bicicleta,Automóvil",Pasaje Almte Guillermo Brown Y Simon de Iriondo,2,1,0,0,1,0,0,"-31.666111111111,-60.758333333333",Calle,,SANTO TOMÉ,La Capital,Asfalto,No existe,I,Dentro,Urbana,Ninguna,No existe,Intersección,Bueno,Buena,Diurna,Buen Tiempo,Lateral,Ciclista,Atropello,Ninguna,Faltante,Cordón divisorio,Sin restricción
2018,4165,2018-01-05,Viernes,0,20:30:00,,0.0,2,"Moto/Ciclomotor,Moto/Ciclomotor",Mendoza ,2,1,0,0,0,0,1,"-31.645148,-60.722664",Calle,,SANTA FE,La Capital,S/D,S/D,I,S/D,Urbana,S/D,S/D,S/D,S/D,S/D,S/D,S/D,S/D,S/D,Colisión,S/D,S/D,S/D,S/D
2018,4166,2018-08-12,Domingo,0,10:50:00,,0.0,2,"Automóvil,Automóvil",Dr Zavalla Y Vera,2,1,0,0,1,0,0,"-31.640916666667,-60.718694444444",Calle,,SANTA FE,La Capital,Asfalto,No existe,I,S/D,Urbana,Ninguna,Funciona,Intersección,Bueno,Buena,Diurna,Buen Tiempo,Otro,S/D,Colisión,Ninguna,Faltante,Ninguna,Sin restricción
2018,4167,2018-01-09,Martes,0,00:30:00,,0.0,1,Moto/Ciclomotor,Presidente Bernardino Rivadavi Y Juan Bautista Alberdi,2,2,0,0,0,0,0,"-31.681444444444,-60.767472222222",Calle,,SANTO TOMÉ,La Capital,Asfalto,No existe,I,Dentro,Urbana,S/D,S/D,Recta,S/D,S/D,Nocturna,S/D,S/D,S/D,"Caída ocupante,Despiste",S/D,S/D,S/D,S/D
2018,4168,2018-08-26,Domingo,0,10:35:00,Ruta Nacional 19,0.0,2,"Moto/Ciclomotor,Automóvil",Azcuenaga ,2,1,0,0,1,0,0,"-31.67172, -60.77511",Ruta,19,SANTO TOMÉ,La Capital,Asfalto,Ripio,I,Dentro,Urbana,Ninguna,Funciona,Intersección,Bueno,Buena,Diurna,Buen Tiempo,Frontal,S/D,Colisión,Ninguna,Horizontal,Línea divisoria pintada,Sin restricción
2018,4169,2018-01-09,Martes,0,16:30:00,,0.0,1,Transporte de Pasajeros Urbano (> 8 asientos),9 de Julio Y Mendoza,1,1,0,0,0,0,0,"-31.648472222222,-60.709833333333",Calle,,SANTA FE,La Capital,Asfalto,No existe,I,S/D,Urbana,Ninguna,S/D,S/D,S/D,S/D,Diurna,S/D,S/D,S/D,Caída ocupante,S/D,S/D,S/D,S/D
2018,4170,2018-01-05,Viernes,0,20:30:00,,0.0,2,"Moto/Ciclomotor,Automóvil",Gorriti Y San Jose,2,1,0,0,0,0,1,"-31.587611111111,-60.705972222222",Calle,,SANTA FE,La Capital,S/D,S/D,I,S/D,Urbana,S/D,S/D,S/D,S/D,S/D,S/D,S/D,S/D,S/D,Colisión,S/D,S/D,S/D,S/D
2018,4171,2018-08-14,Martes,0,14:15:00,,0.0,2,"Moto/Ciclomotor,Taxi/Remis",Salta Y Santiago de Chile,2,1,0,0,1,0,0,"-31.646888888889,-60.724611111111",Calle,,SANTA FE,La Capital,Asfalto,No existe,I,S/D,Urbana,Ninguna,Funciona,Intersección,Bueno,Buena,Diurna,Buen Tiempo,Otro,S/D,Colisión,Ninguna,Faltante,Ninguna,Sin restricción
2018,4172,2018-08-16,Jueves,0,00:15:00,,0.0,2,"Moto/Ciclomotor,Automóvil",Lamadrid Y Gdor Crespo,2,1,0,0,1,0,0,"-31.637555555556,-60.726",Avenida,,SANTA FE,La Capital,Asfalto,No existe,I,S/D,Urbana,Ninguna,Funciona,Intersección,Bueno,Buena,Nocturna,Buen Tiempo,Otro,S/D,Colisión,Ninguna,Faltante,Ninguna,Sin restricción
2018,4173,2018-08-02,Jueves,0,18:15:00,,0.0,2,"Automóvil,Moto/Ciclomotor",Juan de Garay ,2,1,0,0,0,0,1,"-31.70397, -60.80144",S/D,,SANTO TOMÉ,La Capital,Ripio,Natural,I,S/D,S/D,Ninguna,No existe,Intersección,Bueno,Buena,Diurna,Buen Tiempo,Lateral,S/D,Colisión,Ninguna,Faltante,Ninguna,Sin restricción
2018,4174,2018-01-09,Martes,0,17:30:00,,0.0,1,Transporte de Pasajeros Urbano (> 8 asientos),Av Facundo Zuviria Y Ricardo Aldao,1,1,0,0,0,0,0,"-31.60825,-60.704083333333",Avenida,,SANTA FE,La Capital,Asfalto,No existe,I,Dentro,Urbana,Ninguna,S/D,Recta,S/D,S/D,Diurna,S/D,S/D,S/D,Caída ocupante,S/D,S/D,S/D,S/D
2018,4175,2018-01-06,Sabado,0,08:00:00,,0.0,2,"Moto/Ciclomotor,Automóvil",CAMINO RURAL ,2,0,0,0,0,1,1,"-29.492018,-59.750824",S/D,,ROMANG,San Javier,S/D,S/D,XIV,S/D,Rural,S/D,S/D,S/D,S/D,S/D,S/D,S/D,S/D,S/D,Colisión,S/D,S/D,S/D,S/D
2018,4176,2018-08-16,Jueves,0,19:00:00,,0.0,2,"Automóvil,Moto/Ciclomotor",Av Lopez y Planes Y Candido Pujato,2,1,0,0,1,0,0,"-31.631527777778,-60.713805555556",Avenida,,SANTA FE,La Capital,Asfalto,No existe,I,S/D,Urbana,Ninguna,Funciona,Intersección,Otro,Buena,Atardecer,Buen Tiempo,Otro,S/D,Colisión,Ninguna,S/D,Ninguna,Sin restricción
2018,4177,2018-01-09,Martes,0,20:30:00,,0.0,2,"Moto/Ciclomotor,Automóvil",Reg 12 de Infanteria Y Republica de Siria,2,1,0,0,0,0,1,"-31.598972222222,-60.688777777778",Calle,,SANTA FE,La Capital,Asfalto,No existe,I,S/D,Urbana,Ninguna,S/D,Intersección,S/D,S/D,Nocturna,S/D,S/D,S/D,Colisión,S/D,S/D,S/D,S/D
2018,4178,2018-08-18,Sabado,0,19:30:00,,0.0,2,"Moto/Ciclomotor,Taxi/Remis",Mendoza Y Roverano,5,1,0,0,2,0,2,"-31.692277777778,-60.778083333333",Calle,,SANTO TOMÉ,La Capital,S/D,S/D,I,Dentro,Urbana,S/D,S/D,S/D,S/D,S/D,S/D,S/D,S/D,S/D,S/D,S/D,S/D,S/D,S/D
2018,4179,2018-08-17,Viernes,0,09:15:00,,0.0,2,"Automóvil,Moto/Ciclomotor",Av Freyre Y Gdor Crespo,2,1,0,0,1,0,0,"-31.638805555556,-60.716388888889",Avenida,,SANTA FE,La Capital,Asfalto,No existe,I,S/D,Urbana,Ninguna,Funciona,Intersección,Bueno,Buena,Diurna,Buen Tiempo,Otro,S/D,Colisión,Ninguna,Faltante,Ninguna,Sin restricción
2018,4180,2018-01-06,Sabado,0,11:00:00,,0.0,2,"Automóvil,Automóvil",3 de Febrero Y Av Freyre,2,1,0,0,0,0,1,"-31.65621, -60.72179",Calle,,SANTA FE,La Capital,S/D,S/D,I,S/D,Urbana,S/D,S/D,S/D,S/D,S/D,S/D,S/D,S/D,S/D,Colisión,S/D,S/D,S/D,S/D
2018,4181,2018-01-09,Martes,0,21:00:00,,0.0,1,Moto/Ciclomotor,Av Pe?aloza 10500,1,1,0,0,0,0,0,"-31.61607, -60.71313",Avenida,,SANTA FE,La Capital,Asfalto,No existe,I,Dentro,Urbana,Ninguna,S/D,Recta,S/D,S/D,Nocturna,S/D,Atropello animal,S/D,Colisión,S/D,S/D,S/D,S/D
2018,4182,2018-08-15,Miercoles,0,23:30:00,Ruta Nacional 11,0.0,2,"Moto/Ciclomotor,Automóvil", ,2,1,0,0,0,0,1,"-31.67242, -60.76918",Ruta,11,SANTO TOMÉ,La Capital,Ripio,Natural,I,Dentro,Urbana,S/D,No existe,Intersección,Bueno,Reducida,Nocturna,S/D,S/D,S/D,S/D,Ninguna,Faltante,S/D,S/D
2018,4183,2018-08-17,Viernes,0,17:30:00,,0.0,2,"Pickup/Utilitario,Moto/Ciclomotor",Alfonso Duran Y San Jose,2,1,0,0,1,0,0,"-31.643944444444,-60.722361111111",Calle,,SANTA FE,La Capital,Asfalto,No existe,I,S/D,Urbana,Ninguna,Funciona,Intersección,Bueno,Buena,Diurna,Buen Tiempo,Otro,S/D,Colisión,Ninguna,Faltante,Ninguna,Sin restricción
2018,4184,2018-01-06,Sabado,0,11:00:00,,0.0,1,Moto/Ciclomotor,Pedro Alejandro Vittori ,1,0,1,0,0,0,0,"-31.627823,-60.698484",Calle,,SANTA FE,La Capital,S/D,S/D,I,S/D,Urbana,S/D,S/D,S/D,S/D,S/D,S/D,S/D,Atropello animal,S/D,Colisión,S/D,S/D,S/D,S/D
2018,4185,2018-01-09,Martes,0,21:00:00,,0.0,2,"Moto/Ciclomotor,Moto/Ciclomotor",Lamadrid ,2,1,0,0,0,0,1,"-32.818140, -61.394124",Calle,,SANTA FE,La Capital,S/D,S/D,I,S/D,Urbana,S/D,S/D,S/D,S/D,S/D,Nocturna,S/D,S/D,S/D,Colisión,S/D,S/D,S/D,S/D
2018,4186,2018-08-06,Lunes,0,07:45:00,Ruta Nacional 11,0.0,2,"Bicicleta,Moto/Ciclomotor",Juan de Garay ,2,1,0,0,0,0,1,"-31.70388, -60.80143",Ruta,11,SANTO TOMÉ,La Capital,S/D,S/D,I,Dentro,Urbana,S/D,S/D,S/D,S/D,S/D,S/D,S/D,S/D,S/D,S/D,S/D,S/D,S/D,S/D
2018,4187,2018-01-06,Sabado,0,11:00:00,,0.0,2,"Automóvil,Pickup/Utilitario",Mendoza Y Av Circunvalaci?n,2,1,0,0,0,0,1,"-31.641305555556,-60.740305555556",Calle,,SANTA FE,La Capital,S/D,S/D,I,S/D,Urbana,S/D,S/D,S/D,S/D,S/D,S/D,S/D,S/D,S/D,Colisión,S/D,S/D,S/D,S/D
2018,4188,2018-01-09,Martes,0,21:30:00,,0.0,1,Moto/Ciclomotor,Diagonal 8 Y Pje 35,1,1,0,0,0,0,0,"-31.698255, -60.779503",Calle,,SAUCE VIEJO,La Capital,Ripio,S/D,I,S/D,Urbana,S/D,No existe,Intersección,S/D,S/D,Nocturna,S/D,Atropello animal,S/D,Colisión,Material Suelto,S/D,S/D,S/D
2018,4189,2018-08-18,Sabado,0,16:40:00,,0.0,2,"Moto/Ciclomotor,Automóvil",Gdor Freyre Y Gdor Crespo,3,1,0,0,2,0,0,"-31.638805555556,-60.716388888889",Calle,,SANTA FE,La Capital,Asfalto,No existe,I,S/D,Urbana,Semáforo,Funciona,Recta,Bueno,Buena,Atardecer,Buen Tiempo,Otro,S/D,Colisión,Ninguna,Faltante,Ninguna,Sin restricción
2018,4190,2018-08-31,Viernes,0,22:00:00,,0.0,2,"Automóvil,Moto/Ciclomotor",Roverano Y Victoria Ocampo,2,2,0,0,0,0,0,"-31.692444444444,-60.782027777778",Calle,,SANTO TOMÉ,La Capital,Ripio,Natural,I,Dentro,Urbana,S/D,No existe,Intersección,Bueno,Reducida,Nocturna,S/D,S/D,S/D,S/D,Ninguna,Faltante,S/D,S/D
2018,4191,2018-01-06,Sabado,0,11:00:00,,0.0,1,Moto/Ciclomotor,Av Pte Peron Y Bv Pellegrini,1,0,1,0,0,0,0,"-31.632388888889,-60.717388888889",Calle,,SANTA FE,La Capital,S/D,S/D,I,S/D,Urbana,S/D,S/D,S/D,S/D,S/D,S/D,S/D,S/D,S/D,Vuelco,S/D,S/D,S/D,S/D
2018,4192,2018-08-20,Lunes,0,19:30:00,,0.0,2,"Moto/Ciclomotor,Taxi/Remis",Santiago de Chile Y Gdor Crespo,2,1,0,0,1,0,0,"-31.638305555556,-60.721972222222",Calle,,SANTA FE,La Capital,Asfalto,No existe,I,S/D,Urbana,Ninguna,Funciona,Recta,Bueno,Buena,Atardecer,Buen Tiempo,Otro,S/D,Colisión,Ninguna,Faltante,Ninguna,Sin restricción
2018,4193,2018-08-09,Jueves,0,07:20:00,,0.0,2,"Automóvil,Moto/Ciclomotor",Pres Domingo Faustino Sarmient Y Juan Jose Paso,2,1,0,0,1,0,0,"-31.659611111111,-60.774527777778",Calle,,SANTO TOMÉ,La Capital,Asfalto,Pavimento,I,Dentro,Urbana,Ninguna,No existe,Intersección,Bueno,Buena,Amanecer,Buen Tiempo,Lateral,S/D,Colisión,Ninguna,S/D,Ninguna,Accidente Previo
2018,4194,2018-08-21,Martes,0,09:20:00,,0.0,2,"Pickup/Utilitario,Moto/Ciclomotor",Bv Pellegrini Y Francia,2,1,0,0,1,0,0,"-31.633944444444,-60.711333333333",Calle,,SANTA FE,La Capital,Asfalto,No existe,I,S/D,Urbana,Semáforo,No existe,Recta,Bueno,Buena,Diurna,Buen Tiempo,Otro,S/D,Colisión,Ninguna,Faltante,Ninguna,Sin restricción
2018,4195,2018-08-09,Jueves,0,08:55:00,,0.0,2,"Pickup/Utilitario,Automóvil", ,2,1,0,0,1,0,0,"-31.66322, -60.75725",S/D,,SANTO TOMÉ,La Capital,Asfalto,Pavimento,I,Dentro,S/D,Ninguna,No existe,Curva,Bueno,Buena,Diurna,Buen Tiempo,Lateral,S/D,Colisión,Ninguna,Faltante,Guardarrail,Sin restricción
2018,4196,2018-03-08,Jueves,0,12:10:00,,0.0,2,"Automóvil,Moto/Ciclomotor",Solis Bis 684,4,3,0,0,1,0,0,"-32.920166666667,-60.704194444444",Calle,,ROSARIO,Rosario,Asfalto,No existe,II,Dentro,Urbana,S/D,No existe,Recta,Bueno,Buena,Diurna,S/D,Lateral,S/D,Colisión,Ninguna,Faltante,Ninguna,S/D
2018,4197,2018-04-13,Viernes,0,15:40:00,,0.0,2,"Automóvil,Automóvil",Bv. Oro?o Y Av. Arijon,3,1,0,0,2,0,0,"-33.0035,-60.664777777778",Avenida,,ROSARIO,Rosario,Asfalto,No existe,II,Dentro,Urbana,Semáforo,Funciona,Intersección,Bueno,Buena,Diurna,Buen Tiempo,Lateral,S/D,Colisión,Ninguna,Vertical,Ninguna,Sin restricción
2018,4198,2018-03-02,Viernes,0,23:30:00,,0.0,2,"Automóvil,Moto/Ciclomotor",J.J.Paso 6000,2,0,1,0,1,0,0,"-32.919972222222,-60.705361111111",Calle,,ROSARIO,Rosario,Asfalto,No existe,II,Dentro,Urbana,Semáforo,Funciona,Recta,Bueno,Buena,"Nocturna,Con luz artificial",S/D,Lateral,S/D,Colisión,Ninguna,Vertical,"Línea divisoria pintada,Ninguna",S/D
2018,4199,2018-04-19,Jueves,0,20:00:00,,0.0,1,Moto/Ciclomotor,JUAN PABLO II Y MORENO ,2,2,0,0,0,0,0,"-33.014464501484, -60.661411084701",Calle,,ROSARIO,Rosario,Asfalto,No existe,II,Dentro,Urbana,Ninguna,No existe,Recta,Bueno,Buena,Nocturna,Buen Tiempo,S/D,S/D,Caída ocupante,Ninguna,Faltante,Ninguna,Sin restricción
2018,4200,2018-03-20,Martes,0,13:00:00,,0.0,1,Pickup/Utilitario,Av. Del Valle Y Callao Bis,2,1,0,0,1,0,0,"-32.930980, -60.657199",Calle,,ROSARIO,Rosario,Asfalto,No existe,II,Dentro,Urbana,Semáforo,Funciona,Intersección,Bueno,Buena,Diurna,Buen Tiempo,Otro,S/D,Colisión,Ninguna,"Horizontal,Vertical",Línea divisoria pintada,Sin restricción
2018,4201,2018-03-31,Sabado,0,12:10:00,,0.0,2,"Moto/Ciclomotor,Automóvil",Catamarca Y Av Fuerza Aerea,2,1,0,0,1,0,0,"-32.928816275192, -60.804634840627",Avenida,,FUNES,Rosario,Asfalto,No existe,II,Dentro,Urbana,Ninguna,No existe,Intersección,Bueno,S/D,Diurna,Buen Tiempo,De alcance,S/D,Colisión,Ninguna,Faltante,Ninguna,Sin restricción
2018,4202,2018-03-18,Domingo,0,06:20:00,,0.0,2,"Moto/Ciclomotor,Automóvil",Cafferata Y Urquiza,2,1,0,0,1,0,0,"-32.937059, -60.670161",Calle,,ROSARIO,Rosario,Asfalto,No existe,II,Dentro,Urbana,Semáforo,Funciona,Intersección,Bueno,Buena,Amanecer,Buen Tiempo,Otro,S/D,Colisión,Ninguna,"Horizontal,Vertical",Ninguna,Sin restricción
2018,4203,2018-04-17,Martes,0,18:55:00,,0.0,2,"Moto/Ciclomotor,Automóvil",Pje. 507 Y Pje. 514,3,1,0,0,2,0,0,"-33.011166666667,-60.659861111111",Calle,,ROSARIO,Rosario,Asfalto,No existe,II,Dentro,Urbana,Ninguna,No existe,Intersección,Bueno,Buena,Atardecer,Buen Tiempo,Otro,S/D,Colisión,Ninguna,Faltante,Ninguna,Sin restricción