anio_acci,nro_acci,fecha,desc_dia,fecha_aprox,hora_aprox,desc_ruta,km,cant_participantes,desc_participante,calle_avenida_km,total,heridos_leves,heridos_graves,heridos_gravisimos,ilesos,fallecidos,sin_datos,posicion_XY,desc_tipo_via,desc_ruta_ori,desc_loc,desc_dpto,desc_tipo_calzada,desc_tipo_banquina,desc_unidad_regional,desc_lugar_calzada,desc_zona,desc_prioridad,desc_estado_semaforo,desc_lugar_via,desc_estado_via,desc_estado_visibilidad,desc_luminosidad,desc_estado_clima,desc_tipo_colision,desc_tipo_atropello,desc_tipo_hecho,desc_pres_calzada,desc_senializacion,desc_separacion_via,desc_restriccion
2018,4204,2018-03-17,Sabado,0,12:00:00,,0.0,2,"Moto/Ciclomotor,Pickup/Utilitario",Tucuman Y Castellanos,3,1,0,0,2,0,0,"-32.935171, -60.673897",Calle,,ROSARIO,Rosario,Asfalto,No existe,II,Dentro,Urbana,Ninguna,No existe,Intersección,Bueno,S/D,Diurna,Buen Tiempo,Otro,S/D,Colisión,Ninguna,Faltante,Ninguna,Sin restricción
2018,4205,2018-03-30,Viernes,0,20:15:00,,0.0,1,Moto/Ciclomotor,Mendoza Y Arroyo Ludue?a,1,1,0,0,0,0,0,"-32.934256666927, -60.802778004338",Calle,,FUNES,Rosario,Asfalto,No existe,II,Dentro,Urbana,Ninguna,No existe,Recta,"Con baches,Resbaladiza",Reducida,Nocturna,Buen Tiempo,S/D,S/D,Caída ocupante,Otro,Faltante,Ninguna,Sin restricción
2018,4206,2018-03-16,Viernes,0,00:05:00,,0.0,2,"Taxi/Remis,Automóvil",Urquiza Y San Nicolas,2,1,0,0,1,0,0,"-32.936842, -60.671481",Calle,,ROSARIO,Rosario,Asfalto,No existe,II,Dentro,Urbana,Ninguna,No existe,Intersección,Bueno,Reducida,Nocturna,Buen Tiempo,Otro,S/D,Colisión,Ninguna,Faltante,Ninguna,Sin restricción
2018,4207,2018-04-19,Jueves,0,23:10:00,,0.0,2,"Moto/Ciclomotor,Automóvil",Bv. Oro?o Y Ombu,2,1,0,0,0,0,1,"-33.006444444444,-60.664638888889",Avenida,,ROSARIO,Rosario,Asfalto,No existe,II,Dentro,Urbana,Ninguna,No existe,Recta,Bueno,Buena,Nocturna,Buen Tiempo,Lateral,S/D,Colisión,Ninguna,Faltante,Ninguna,Sin restricción
2018,4208,2018-03-12,Lunes,0,17:30:00,,0.0,2,"Pickup/Utilitario,Moto/Ciclomotor",Av. Ovidio Lagos Bis 68,2,1,0,0,1,0,0,"-32.932262, -60.658923",Calle,,ROSARIO,Rosario,Asfalto,No existe,II,Dentro,Urbana,Ninguna,No existe,Recta,Deteriorada,Buena,Diurna,Buen Tiempo,Otro,S/D,Colisión,Ninguna,Faltante,Ninguna,Sin restricción
2018,4209,2018-03-01,Jueves,0,00:05:00,,0.0,2,"Moto/Ciclomotor,Taxi/Remis",J.J.Paso Y Chaco Bis,2,1,0,0,1,0,0,"-32.919638888889,-60.693944444444",Calle,,ROSARIO,Rosario,Asfalto,No existe,II,Dentro,Urbana,Ninguna,No existe,Intersección,Deteriorada,Buena,Con luz artificial,Buen Tiempo,Frontal,S/D,Colisión,Ninguna,Faltante,Ninguna,Sin restricción
2018,4210,2018-03-05,Lunes,0,18:10:00,,0.0,2,"Automóvil,Bicicleta",Catamarca Y Rodriguez,2,1,0,0,1,0,0,"-32.936918, -60.657265",Calle,,ROSARIO,Rosario,Asfalto,No existe,II,Dentro,Urbana,Ninguna,No existe,Intersección,Bueno,Buena,Diurna,Otro,S/D,Ciclista,Atropello,Ninguna,Faltante,Ninguna,Sin restricción
2018,4211,2018-03-21,Miercoles,0,14:25:00,,0.0,2,"Automóvil,Moto/Ciclomotor",J.J.Paso Y Rep.Dominicana Bis,2,1,0,0,1,0,0,"-32.919555555556,-60.69025",Calle,,ROSARIO,Rosario,Asfalto,No existe,II,Dentro,Urbana,Ninguna,No existe,Intersección,Deteriorada,Buena,Diurna,Buen Tiempo,Lateral,S/D,Colisión,Ninguna,Faltante,Ninguna,Sin restricción
2018,4212,2018-04-18,Miercoles,0,20:25:00,,0.0,2,"Automóvil,Moto/Ciclomotor",Av. Arijon 2281,4,1,0,0,3,0,0,"-33.003527777778,-60.665972222222",Avenida,,ROSARIO,Rosario,Asfalto,Pavimento,II,Dentro,Urbana,Ninguna,No existe,Recta,Bueno,Buena,Nocturna,Buen Tiempo,De alcance,S/D,Colisión,Ninguna,Faltante,Ninguna,Sin restricción
2018,4213,2018-03-31,Sabado,0,14:30:00,,0.0,2,"Moto/Ciclomotor,Automóvil",Catamarca Y Rodriguez,2,1,0,0,1,0,0,"-32.936918, -60.657265",Calle,,ROSARIO,Rosario,Asfalto,No existe,II,Dentro,Urbana,Ninguna,No existe,Intersección,Bueno,Buena,Diurna,Buen Tiempo,S/D,S/D,Colisión,Ninguna,Faltante,Ninguna,Sin restricción
2018,4214,2018-03-06,Martes,0,15:10:00,,0.0,2,"Bicicleta,Automóvil",J.J.Paso Y Albert Sabin,2,1,0,0,1,0,0,"-32.919527777778,-60.6885",Avenida,,ROSARIO,Rosario,Asfalto,No existe,II,Dentro,Urbana,Semáforo,Funciona,Intersección,Bueno,Buena,Diurna,Buen Tiempo,S/D,Ciclista,Atropello,Ninguna,Vertical,Vegetación,Sin restricción
2018,4215,2018-04-10,Martes,0,19:20:00,,0.0,2,"Automóvil,Moto/Ciclomotor",Calle 2123 Y Bv. Avellaneda,2,1,0,0,1,0,0,"-33.015065316304, -60.689263143111",Avenida,,ROSARIO,Rosario,Asfalto,Pavimento,II,Dentro,Urbana,Ninguna,No existe,Intersección,Bueno,Buena,Atardecer,Buen Tiempo,Lateral,S/D,Colisión,Ninguna,Faltante,Ninguna,Sin restricción
2018,4216,2018-03-01,Jueves,0,21:50:00,,0.0,2,"Automóvil,Moto/Ciclomotor",San Lorenzo Y Ricchieri,2,1,0,0,1,0,0,"-32.939714, -60.662228",Calle,,ROSARIO,Rosario,Asfalto,No existe,II,Dentro,Urbana,Ninguna,No existe,Intersección,Bueno,Reducida,Nocturna,Buen Tiempo,De alcance,S/D,Colisión,Ninguna,Faltante,Ninguna,Sin restricción
2018,4217,2018-04-16,Lunes,0,00:15:00,,0.0,2,"Moto/Ciclomotor,Automóvil",San Martin Y Av. Arijon,2,1,0,0,1,0,0,"-33.003027777778,-60.649277777778",Avenida,,ROSARIO,Rosario,Asfalto,No existe,II,Dentro,Urbana,Ninguna,Funciona,Intersección,Bueno,Buena,Nocturna,Otro,Lateral,S/D,Colisión,Ninguna,Vertical,"Cordón divisorio,Línea divisoria pintada",Sin restricción
2018,4218,2018-03-28,Miercoles,0,15:30:00,,0.0,2,"Automóvil,Moto/Ciclomotor",Tucuman Y San Nicolas,2,1,0,0,1,0,0,"-32.935655, -60.671183",Calle,,ROSARIO,Rosario,Asfalto,No existe,II,Dentro,Urbana,Ninguna,No existe,Intersección,Bueno,Buena,Diurna,Buen Tiempo,De alcance,S/D,Colisión,S/D,Faltante,Ninguna,Sin restricción
2018,4219,2018-04-05,Jueves,0,20:30:00,,0.0,2,"Peatón,Automóvil",Av. Battle y Ordo?ez ,2,1,0,0,0,0,1,"-33.008781214885, -60.643595903060",Avenida,,ROSARIO,Rosario,Asfalto,No existe,II,Dentro,Urbana,Ninguna,No existe,Intersección,Bueno,Buena,S/D,S/D,S/D,Peatón,Atropello,Ninguna,Horizontal,Cordón divisorio,Sin restricción
2018,4220,2018-03-11,Domingo,0,12:15:00,,0.0,2,"Moto/Ciclomotor,Bicicleta",Bv. Avellaneda ,2,1,0,0,1,0,0,"-32.932236, -60.677478",Avenida,,ROSARIO,Rosario,Asfalto,No existe,II,Dentro,Urbana,Ninguna,No existe,Intersección,Bueno,Buena,Diurna,Buen Tiempo,S/D,Ciclista,Atropello,Ninguna,S/D,"Guardarrail,Cordón divisorio",Sin restricción
2018,4221,2018-03-28,Miercoles,0,01:50:00,,0.0,2,"Pickup/Utilitario,Moto/Ciclomotor",Santa Fe Y Av. Ovidio Lagos,3,1,0,0,2,0,0,"-32.940899, -60.661091",Avenida,,ROSARIO,Rosario,Asfalto,No existe,II,Dentro,Urbana,Semáforo,Funciona,Intersección,Bueno,Buena,Nocturna,Buen Tiempo,S/D,S/D,Colisión,Ninguna,"Horizontal,Vertical",Línea divisoria pintada,Sin restricción
2018,4222,2018-03-23,Viernes,0,16:50:00,,0.0,2,"Automóvil,Moto/Ciclomotor",Constitucion Y San Lorenzo,3,2,0,0,1,0,0,"-32.937761, -60.673097",Calle,,ROSARIO,Rosario,Asfalto,No existe,II,Dentro,Urbana,Ninguna,No existe,Intersección,Bueno,Buena,Diurna,Buen Tiempo,Otro,S/D,Colisión,Ninguna,Faltante,Ninguna,Sin restricción
2018,4223,2018-03-24,Sabado,0,05:00:00,,0.0,2,"Transporte de Pasajeros Urbano (> 8 asientos),Moto/Ciclomotor",Bv. Avellaneda Y San Lorenzo,5,3,1,0,1,0,0,"-32.936809, -60.678532",Avenida,,ROSARIO,Rosario,Asfalto,No existe,II,Dentro,Urbana,Semáforo,Funciona,Intersección,Bueno,Reducida,Amanecer,Buen Tiempo,Otro,S/D,Colisión,Ninguna,Vertical,Cordón divisorio,Sin restricción
2018,4224,2018-03-26,Lunes,0,17:30:00,,0.0,2,"Automóvil,Moto/Ciclomotor",Rodriguez Y Urquiza,2,1,0,0,1,0,0,"-32.939284, -60.657847",Calle,,ROSARIO,Rosario,Asfalto,No existe,II,Dentro,Urbana,Ninguna,No existe,Intersección,Bueno,Buena,Diurna,Buen Tiempo,Otro,S/D,Colisión,Ninguna,Faltante,Ninguna,Sin restricción
2018,4225,2018-03-27,Martes,0,17:40:00,,0.0,2,"Moto/Ciclomotor,Automóvil",Suipacha Y Salta,3,2,0,0,1,0,0,"-32.934799, -60.662407",Calle,,ROSARIO,Rosario,Asfalto,No existe,II,Dentro,Urbana,Semáforo,Funciona,Intersección,Bueno,S/D,Diurna,Buen Tiempo,De alcance,S/D,Colisión,Ninguna,"Horizontal,Vertical",Línea divisoria pintada,Sin restricción
2018,4226,2018-03-24,Sabado,0,15:30:00,,0.0,2,"Automóvil,Moto/Ciclomotor",Marcos Paz Y Pellegrini,2,1,0,0,1,0,0,"-33.031944444444,-60.646555555556",Calle,,VILLA GOBERNADOR GÁLVEZ,Rosario,Tierra,No existe,II,S/D,Urbana,Ninguna,No existe,Recta,Deteriorada,Buena,Diurna,Buen Tiempo,Lateral,S/D,Colisión,Material Suelto,Faltante,Ninguna,Sin restricción
2018,4227,2018-03-18,Domingo,0,12:45:00,,0.0,2,"Moto/Ciclomotor,Automóvil",Soldado Aguirre Y San Lorenzo,3,2,0,0,1,0,0,"-33.029555555556,-60.645277777778",Calle,,VILLA GOBERNADOR GÁLVEZ,Rosario,Asfalto,No existe,II,Dentro,Urbana,Ninguna,No existe,Intersección,Deteriorada,Buena,Diurna,Buen Tiempo,Lateral,S/D,Colisión,Material Suelto,Faltante,Cordón divisorio,Sin restricción
2018,4228,2018-03-05,Lunes,0,09:10:00,,0.0,1,Moto/Ciclomotor,Soldado Aguirre Y Nahuel Huapi,2,2,0,0,0,0,0,"-33.02975,-60.650805555556",Calle,,VILLA GOBERNADOR GÁLVEZ,Rosario,Asfalto,No existe,II,S/D,Urbana,Ninguna,No existe,Intersección,Deteriorada,Buena,Diurna,Otro,Atropello animal,S/D,Colisión,Material Suelto,Faltante,Cordón divisorio,Sin restricción
2018,4229,2018-03-02,Viernes,0,21:30:00,,0.0,2,"Transporte de Pasajeros Urbano (> 8 asientos),Pickup/Utilitario",Soldado Aguirre Y crespo,7,5,0,0,2,0,0,"-33.029666666667,-60.649444444444",Calle,,VILLA GOBERNADOR GÁLVEZ,Rosario,Asfalto,No existe,II,Dentro,Urbana,Ninguna,No existe,Recta,Bueno,Buena,Nocturna,Buen Tiempo,Lateral,S/D,Colisión,Material Suelto,Faltante,Cordón divisorio,Sin restricción
2018,4230,2018-03-20,Martes,0,23:00:00,,0.0,2,"Moto/Ciclomotor,Automóvil",Soldado Aguirre Y 9 de Julio,3,2,0,0,1,0,0,"-33.029638888889,-60.648027777778",Calle,,VILLA GOBERNADOR GÁLVEZ,Rosario,Asfalto,No existe,II,S/D,Urbana,Ninguna,No existe,Recta,Deteriorada,Buena,Nocturna,Buen Tiempo,Lateral,S/D,Colisión,Material Suelto,Faltante,Cordón divisorio,Sin restricción
2018,4231,2018-03-24,Sabado,0,07:20:00,Ruta Secundaria 22-s,0.0,2,"Moto/Ciclomotor,Camión Chasis",25 de Mayo Y Av la Plata,2,1,0,0,1,0,0,"-33.034721487787, -60.656286476778",Ruta,22-s,VILLA GOBERNADOR GÁLVEZ,Rosario,Asfalto,Ripio,II,S/D,Urbana,Ninguna,No existe,Intersección,Bueno,Buena,Diurna,Buen Tiempo,Lateral,S/D,Colisión,Ninguna,Vertical,Línea divisoria pintada,Sin restricción
2018,4232,2018-03-14,Miercoles,0,06:30:00,,0.0,2,"Moto/Ciclomotor,Bicicleta",Soldado Aguirre Y crespo,2,1,0,0,1,0,0,"-33.029666666667,-60.649444444444",Calle,,VILLA GOBERNADOR GÁLVEZ,Rosario,Asfalto,No existe,II,Dentro,Urbana,Ninguna,No existe,Recta,Deteriorada,Buena,Diurna,Buen Tiempo,S/D,Ciclista,Atropello,Material Suelto,Faltante,Ninguna,Sin restricción
2018,4233,2018-08-13,Lunes,0,14:20:00,,0.0,2,"Bicicleta,Moto/Ciclomotor",Roque Saenz Pe?a Y Grl Enrique Mosconi,2,1,0,0,0,0,1,"-31.657388888889,-60.781194444444",Calle,,SANTO TOMÉ,La Capital,Asfalto,No existe,I,Dentro,Urbana,Ninguna,No existe,Intersección,Bueno,Buena,Diurna,Buen Tiempo,Lateral,Ciclista,Atropello,Ninguna,Faltante,Ninguna,Sin restricción
2018,4234,2018-01-06,Sabado,0,01:00:00,,0.0,2,"Bicicleta,Camión", ,2,1,0,0,0,0,1,"-31.453478,-60.926181",S/D,,ESPERANZA,Las Colonias,S/D,S/D,XI,S/D,Urbana,S/D,S/D,S/D,S/D,S/D,S/D,S/D,S/D,Ciclista,Atropello,S/D,S/D,S/D,S/D
2018,4235,2018-08-24,Viernes,0,08:25:00,Autopista Provincial Brigadier E.López,0.0,2,"Moto/Ciclomotor,Automóvil", ,3,1,0,0,2,0,0,"-31.68632, -60.81227",Autopista,Brigadier E.López,SANTO TOMÉ,La Capital,Asfalto,S/D,I,S/D,Rural,Ninguna,No existe,Curva,Bueno,Buena,Diurna,Buen Tiempo,Contra objeto fijo,S/D,Colisión,Ninguna,Faltante,Vegetación,Sin restricción
2018,4236,2018-08-01,Miercoles,0,,,0.0,2,"Moto/Ciclomotor,Automóvil",Hernando Arias de Saavedra Y Terraplen Rincon Este,2,1,0,0,0,0,1,"-31.604203773998, -60.561965959627",Calle,,SAN JOSÉ DEL RINCÓN,La Capital,Tierra,No existe,I,Dentro,Urbana,Ninguna,No existe,Intersección,Resbaladiza,Buena,S/D,Buen Tiempo,Lateral,S/D,Colisión,Ninguna,Faltante,Ninguna,S/D
2018,4237,2018-01-06,Sabado,0,12:00:00,,0.0,2,"Automóvil,Pickup/Utilitario",Mendoza Y Av Circunvalaci?n,2,1,0,0,0,0,1,"-31.641305555556,-60.740305555556",Calle,,SANTA FE,La Capital,S/D,S/D,I,S/D,Urbana,S/D,S/D,S/D,S/D,S/D,S/D,S/D,S/D,S/D,Colisión,S/D,S/D,S/D,S/D
2018,4238,2018-08-29,Miercoles,0,,,0.0,1,Moto/Ciclomotor,Carlos Chapearouge Y Batalla de San Lorenzo,1,1,0,0,0,0,0,"-31.691972222222,-60.775138888889",Calle,,SANTO TOMÉ,La Capital,Tierra,No existe,I,S/D,S/D,S/D,No existe,Intersección,Con baches,S/D,Con luz artificial,S/D,S/D,S/D,S/D,Material Suelto,Faltante,S/D,S/D
2018,4239,2018-01-06,Sabado,0,12:00:00,,0.0,2,"Automóvil,Automóvil",Gdor Freyre Y 3 de Febrero,2,1,0,0,0,0,1,"-31.656138888889,-60.721805555556",Calle,,SANTA FE,La Capital,S/D,S/D,I,S/D,Urbana,S/D,S/D,S/D,S/D,S/D,S/D,S/D,S/D,S/D,Colisión,S/D,S/D,S/D,S/D
2018,4240,2018-08-27,Lunes,0,21:30:00,,0.0,2,"Automóvil,Moto/Ciclomotor",Ruta 11 Avenida Richieri Y 1 de mayo,2,1,0,0,0,0,1,"-31.685805555556,-60.781861111111",Calle,,SANTO TOMÉ,La Capital,Asfalto,Natural,I,S/D,Urbana,Semáforo,Funciona,Intersección,Bueno,Buena,Diurna,Buen Tiempo,Frontal,S/D,Colisión,Ninguna,S/D,Ninguna,Sin restricción
2018,4241,2018-08-24,Viernes,0,14:00:00,Ruta Provincial 1,1.0,4,"Pickup/Utilitario,Automóvil,Camión Chasis,Pickup/Utilitario", ,4,1,0,0,3,0,0,"-31.63167, -60.61446",Ruta,1,COLASTINE,La Capital,Asfalto,S/D,I,S/D,Urbana,Ninguna,S/D,Recta,Otro,S/D,S/D,Buen Tiempo,Lateral,S/D,Colisión,S/D,Vertical,Línea divisoria pintada,Sin restricción
2018,4242,2018-01-06,Sabado,0,12:00:00,,0.0,2,"Bicicleta,Automóvil",General Manuel Belgrano Y Hernandarias,2,1,0,0,0,0,1,"-31.673805555556,-60.763",Calle,,SANTO TOMÉ,La Capital,S/D,S/D,I,S/D,Urbana,S/D,S/D,S/D,S/D,S/D,S/D,S/D,S/D,Ciclista,Atropello,S/D,S/D,S/D,S/D
2018,4243,2018-01-06,Sabado,0,14:00:00,,0.0,2,"Moto/Ciclomotor,Automóvil",Teniente Loza ,2,1,0,0,0,0,1,"-31.565577,-60.740030",Calle,,SANTA FE,La Capital,S/D,S/D,I,S/D,Urbana,S/D,S/D,S/D,S/D,S/D,S/D,S/D,S/D,S/D,Colisión,S/D,S/D,S/D,S/D
2018,4244,2018-01-06,Sabado,0,15:00:00,,0.0,1,Moto/Ciclomotor,MANZANA 6 ,1,1,0,0,0,0,0,"-31.661223,-60.699434",Calle,,ALTO VERDE,La Capital,S/D,S/D,I,S/D,Urbana,S/D,S/D,S/D,S/D,S/D,S/D,S/D,S/D,S/D,Caída ocupante,S/D,S/D,S/D,S/D
2018,4245,2018-01-06,Sabado,0,18:00:00,Ruta Nacional 11,0.0,1,Moto/Ciclomotor,PUENTE CARRETERO ,1,1,0,0,0,0,0,"-31.66686, -60.74769",Ruta,11,SANTO TOMÉ,La Capital,S/D,S/D,I,S/D,Urbana,S/D,S/D,S/D,S/D,S/D,S/D,S/D,S/D,S/D,Vuelco,S/D,S/D,S/D,S/D
2018,4246,2018-08-14,Martes,0,15:15:00,,0.0,2,"Automóvil,Automóvil",3 de febrero Y Martin Zavalla,2,1,0,0,0,0,1,"-31.683805555556,-60.784472222222",Calle,,SANTO TOMÉ,La Capital,"Tierra,Ripio",No existe,I,S/D,Urbana,Ninguna,No existe,Intersección,Bueno,Buena,Diurna,Buen Tiempo,Lateral,S/D,Colisión,Ninguna,Faltante,Ninguna,Sin restricción
2018,4247,2018-01-06,Sabado,0,19:30:00,,0.0,2,"Moto/Ciclomotor,Automóvil", ,2,1,0,0,0,0,1,"-31.768381,-60.833889",S/D,,SAUCE VIEJO,La Capital,S/D,S/D,I,S/D,S/D,S/D,S/D,S/D,S/D,S/D,S/D,S/D,S/D,S/D,Colisión,S/D,S/D,S/D,S/D
2018,4248,2018-08-10,Viernes,0,10:30:00,Ruta Nacional 168,9.0,2,"Moto/Ciclomotor,Automóvil", ,3,2,0,0,1,0,0,"-31.64042, -60.63075",Ruta,168,COLASTINE,La Capital,Asfalto,Natural,I,S/D,Urbana,Ninguna,No existe,Recta,Bueno,Buena,Diurna,Buen Tiempo,Lateral,S/D,Colisión,Ninguna,Vertical,Línea divisoria pintada,Sin restricción
2018,4249,2018-01-06,Sabado,0,20:00:00,,0.0,1,Moto/Ciclomotor, ,1,1,0,0,0,0,0,"-31.632949,-60.702457",Calle,,SANTA FE,La Capital,S/D,S/D,I,S/D,Urbana,S/D,S/D,S/D,S/D,S/D,S/D,S/D,Atropello animal,S/D,Colisión,S/D,S/D,S/D,S/D
2018,4250,2018-08-20,Lunes,0,20:35:00,,0.0,2,"Automóvil,Moto/Ciclomotor",Avenida Nuestra Se?ora del Luj Y Martin Zavalla,2,1,0,0,0,0,1,"-31.684888888889,-60.778388888889",Avenida,,SANTO TOMÉ,La Capital,"Asfalto,Tierra",No existe,I,Dentro,Urbana,Ninguna,No existe,Intersección,Bueno,Buena,Diurna,Buen Tiempo,De alcance,S/D,Colisión,Ninguna,Faltante,Ninguna,Sin restricción
2018,4251,2018-01-06,Sabado,0,21:00:00,,0.0,1,Moto/Ciclomotor, ,1,1,0,0,0,0,0,"-31.665667,-60.771613",S/D,,SANTO TOMÉ,La Capital,S/D,S/D,I,S/D,S/D,S/D,S/D,S/D,S/D,S/D,S/D,S/D,Atropello animal,S/D,Colisión,S/D,S/D,S/D,S/D
2018,4252,2018-01-06,Sabado,0,22:30:00,,0.0,2,"Moto/Ciclomotor,Pickup/Utilitario",Av A del Valle Y Gorriti,3,2,0,0,0,0,1,"-31.590527777778,-60.692277777778",Avenida,,SANTA FE,La Capital,S/D,S/D,I,S/D,Urbana,S/D,S/D,S/D,S/D,S/D,S/D,S/D,S/D,S/D,Colisión,S/D,S/D,S/D,S/D
2018,4253,2018-01-10,Miercoles,0,13:00:00,,0.0,1,Moto/Ciclomotor, ,1,1,0,0,0,0,0,"-31.64458, -60.66939",Calle,,SANTA FE,La Capital,S/D,S/D,I,S/D,Urbana,S/D,No existe,Recta,S/D,S/D,Diurna,S/D,S/D,S/D,Caída ocupante,S/D,S/D,S/D,S/D
2018,4254,2018-08-06,Lunes,0,12:30:00,,0.0,2,"Automóvil,Moto/Ciclomotor",H Irigoyen Y Catamarca,2,1,0,0,1,0,0,"-31.297187401317, -60.655027883608",Calle,,LAGUNA PAIVA,La Capital,Asfalto,No existe,I,Dentro,Urbana,Ninguna,No existe,Intersección,Bueno,Buena,Diurna,Buen Tiempo,Lateral,S/D,Colisión,Ninguna,Faltante,Ninguna,Sin restricción
2018,4255,2018-01-07,Domingo,0,00:05:00,,0.0,2,"Moto/Ciclomotor,Automóvil",Av Leandro Alem Y Belgrano,3,2,0,0,0,0,1,"-31.646638888889,-60.701833333333",Calle,,SANTA FE,La Capital,S/D,S/D,I,S/D,Urbana,S/D,S/D,S/D,S/D,S/D,S/D,S/D,S/D,S/D,Colisión,S/D,S/D,S/D,S/D
2018,4256,2018-01-10,Miercoles,0,13:00:00,Ruta Nacional 168,477.0,1,Moto/Ciclomotor, ,1,1,0,0,0,0,0,"-31.63951, -60.63293",Ruta,168,SANTA FE,La Capital,Asfalto,Natural,I,Dentro,Urbana,Ninguna,No existe,Recta,Bueno,S/D,Diurna,S/D,S/D,S/D,Caída ocupante,S/D,S/D,Guardarrail,S/D
2018,4257,2018-08-08,Miercoles,0,20:00:00,,0.0,2,"Moto/Ciclomotor,Bicicleta",Catamarca Y Buenos Aires,2,0,1,0,1,0,0,"-31.306917583773, -60.654159595540",Calle,,LAGUNA PAIVA,La Capital,Asfalto,No existe,I,Dentro,Urbana,Ninguna,No existe,Intersección,Bueno,Buena,Nocturna,Buen Tiempo,Lateral,S/D,Colisión,Ninguna,Faltante,Ninguna,Sin restricción
2018,4258,2018-08-01,Miercoles,0,17:30:00,Ruta Provincial 2,18.0,2,"Moto/Ciclomotor,Automóvil", ,3,1,0,0,2,0,0,"-31.427742789256, -60.673395872305",Ruta,2,MONTE VERA,La Capital,Hormigón,No existe,I,Dentro,Rural,Ninguna,No existe,Intersección,Bueno,Buena,Diurna,Buen Tiempo,Lateral,S/D,Colisión,S/D,S/D,Línea divisoria pintada,Sin restricción
2018,4259,2018-01-07,Domingo,0,01:00:00,,0.0,2,"Automóvil,Automóvil",Suipacha Y Av Urquiza,2,1,0,0,0,0,1,"-31.638583333333,-60.711083333333",Calle,,SANTA FE,La Capital,S/D,S/D,I,S/D,Urbana,S/D,S/D,S/D,S/D,S/D,S/D,S/D,S/D,S/D,Colisión,S/D,S/D,S/D,S/D
2018,4260,2018-08-12,Domingo,0,11:30:00,,0.0,2,"Automóvil,Automóvil",9 de Julio Y Sarmiento,3,1,0,0,2,0,0,"-31.303999095865, -60.664159885732",Calle,,LAGUNA PAIVA,La Capital,Asfalto,No existe,I,Dentro,Urbana,Ninguna,No existe,Intersección,Bueno,Buena,Diurna,Buen Tiempo,Lateral,S/D,Colisión,Ninguna,Faltante,Ninguna,Sin restricción
2018,4261,2018-01-07,Domingo,0,03:00:00,,0.0,2,"Moto/Ciclomotor,Moto/Ciclomotor",San Jose Y Estanislao Zeballos,2,2,0,0,0,0,0,"-31.602083333333,-60.710194444444",Calle,,SANTA FE,La Capital,S/D,S/D,I,S/D,Urbana,S/D,S/D,S/D,S/D,S/D,S/D,S/D,S/D,S/D,Colisión,S/D,S/D,S/D,S/D
2018,4262,2018-01-11,Jueves,0,00:00:00,,0.0,1,Moto/Ciclomotor,ZONA RURAL ,1,1,0,0,0,0,0,"-30.567791, -59.928702",Camino Rural,,SAN JAVIER,San Javier,Tierra,S/D,XIV,S/D,Rural,S/D,No existe,S/D,S/D,S/D,Nocturna,S/D,S/D,S/D,Caída ocupante,S/D,S/D,S/D,S/D
2018,4263,2018-01-07,Domingo,0,06:30:00,,0.0,1,Moto/Ciclomotor,MANZANA 1 ,2,2,0,0,0,0,0,"-31.665392,-60.699213",Calle,,ALTO VERDE,La Capital,S/D,S/D,I,S/D,Urbana,S/D,S/D,S/D,S/D,S/D,S/D,S/D,S/D,S/D,Caída ocupante,S/D,S/D,S/D,S/D
2018,4264,2018-01-11,Jueves,0,10:00:00,,0.0,2,"Bicicleta,Moto/Ciclomotor",Sarmiento Y Cordoba,2,1,0,0,0,0,1,"-31.630305555556,-60.691166666667",Calle,,SANTA FE,La Capital,Asfalto,No existe,I,Dentro,Urbana,Ninguna,No existe,Intersección,S/D,S/D,Nocturna,S/D,S/D,Ciclista,Atropello,S/D,S/D,Ninguna,S/D
2018,4265,2018-08-27,Lunes,0,14:30:00,,0.0,2,"Moto/Ciclomotor,Moto/Ciclomotor",Av L de la Torre Y Corrientes,2,0,1,0,1,0,0,"-31.302389770456, -60.656885734883",Calle,,LAGUNA PAIVA,La Capital,Asfalto,No existe,I,Dentro,Urbana,Ninguna,No existe,Intersección,Bueno,Buena,Diurna,Buen Tiempo,Lateral,S/D,Colisión,Ninguna,Faltante,Ninguna,Sin restricción
2018,4266,2018-08-02,Jueves,0,19:10:00,,0.0,1,Automóvil, ,1,1,0,0,0,0,0,"-31.564769991145, -60.688986519251",Avenida,,ÁNGEL GALLARDO,La Capital,Hormigón,Natural,I,Dentro,Rural,Ninguna,No existe,Recta,Bueno,Buena,Atardecer,Buen Tiempo,S/D,S/D,Vuelco,Ninguna,S/D,Ninguna,Sin restricción
2018,4267,2018-01-07,Domingo,0,08:00:00,,0.0,1,Automóvil, ,1,1,0,0,0,0,0,"-31.451154,-60.924276",Calle,,ESPERANZA,Las Colonias,S/D,S/D,XI,S/D,Urbana,S/D,S/D,S/D,S/D,S/D,S/D,S/D,S/D,S/D,Vuelco,S/D,S/D,S/D,S/D
2018,4268,2018-01-11,Jueves,0,15:00:00,Ruta Nacional 168,479.0,1,Moto/Ciclomotor, ,1,1,0,0,0,0,0,"-31.64234, -60.62521",Ruta,168,SANTA FE,La Capital,Asfalto,Ripio,I,S/D,Urbana,S/D,No existe,Recta,S/D,S/D,Diurna,S/D,Atropello animal,S/D,Colisión,S/D,S/D,S/D,S/D
2018,4269,2018-01-07,Domingo,0,12:00:00,,0.0,1,Automóvil, ,2,1,0,0,0,0,1,"-30.944968,-61.565214",S/D,,SUNCHALES,Castellanos,S/D,S/D,V,S/D,S/D,S/D,S/D,S/D,S/D,S/D,S/D,S/D,Contra objeto fijo,S/D,Colisión,S/D,S/D,S/D,S/D