anio_acci,nro_acci,fecha,desc_dia,fecha_aprox,hora_aprox,desc_ruta,km,cant_participantes,desc_participante,calle_avenida_km,total,heridos_leves,heridos_graves,heridos_gravisimos,ilesos,fallecidos,sin_datos,posicion_XY,desc_tipo_via,desc_ruta_ori,desc_loc,desc_dpto,desc_tipo_calzada,desc_tipo_banquina,desc_unidad_regional,desc_lugar_calzada,desc_zona,desc_prioridad,desc_estado_semaforo,desc_lugar_via,desc_estado_via,desc_estado_visibilidad,desc_luminosidad,desc_estado_clima,desc_tipo_colision,desc_tipo_atropello,desc_tipo_hecho,desc_pres_calzada,desc_senializacion,desc_separacion_via,desc_restriccion
2018,4270,2018-08-03,Viernes,0,12:40:00,,0.0,1,Moto/Ciclomotor,AV. ARISTOBULO DEL VALLE 10700,1,1,0,0,0,0,0,"-31.56947, -60.6896",Avenida,,ÁNGEL GALLARDO,La Capital,Hormigón,Natural,I,Dentro,Rural,Ninguna,No existe,Recta,Bueno,Buena,Diurna,Buen Tiempo,S/D,S/D,Caída ocupante,S/D,S/D,Ninguna,Sin restricción
2018,4271,2018-08-31,Viernes,0,18:00:00,,0.0,2,"Moto/Ciclomotor,Pickup/Utilitario",Padilla Y Alvear,2,1,0,0,1,0,0,"-31.623277777778,-60.6925",Calle,,SANTA FE,La Capital,Asfalto,No existe,I,Dentro,Urbana,Ninguna,No existe,Intersección,Bueno,Reducida,Atardecer,Otro,Lateral,S/D,Colisión,Ninguna,Vertical,Ninguna,Sin restricción
2018,4272,2018-01-07,Domingo,0,13:30:00,,0.0,1,Moto/Ciclomotor,Pres Domingo Faustino Sarmient Y Lorenzo Monasterio,1,1,0,0,0,0,0,"-31.657555555556,-60.78725",Calle,,SANTO TOMÉ,La Capital,S/D,S/D,I,S/D,Urbana,S/D,S/D,S/D,S/D,S/D,S/D,S/D,Atropello animal,S/D,Colisión,S/D,S/D,S/D,S/D
2018,4273,2018-08-10,Viernes,0,17:05:00,,0.0,2,"Moto/Ciclomotor,Automóvil",FORMOSA Y PTE PERON,2,1,0,0,1,0,0,"-31.51199, -60.6757",Calle,,MONTE VERA,La Capital,Ripio,No existe,I,Dentro,Urbana,Ninguna,No existe,Intersección,Bueno,Buena,Diurna,Buen Tiempo,Lateral,S/D,Colisión,Ninguna,S/D,Ninguna,Sin restricción
2018,4274,2018-08-31,Viernes,0,16:25:00,,0.0,2,"Moto/Ciclomotor,Automóvil",Av Galicia Y Sarmiento,2,1,0,0,1,0,0,"-31.607111111111,-60.684361111111",Avenida,,SANTA FE,La Capital,Asfalto,No existe,I,Dentro,Urbana,Ninguna,No existe,Intersección,Bueno,Buena,Diurna,Otro,Lateral,S/D,Colisión,Ninguna,Vertical,Cordón divisorio,Sin restricción
2018,4275,2018-01-07,Domingo,0,15:30:00,,0.0,1,Pickup/Utilitario,Av A del Valle Y Alfonsina Storni,2,0,2,0,0,0,0,"-31.584111111111,-60.6905",Avenida,,SANTA FE,La Capital,S/D,S/D,I,S/D,Urbana,S/D,S/D,S/D,S/D,S/D,S/D,S/D,S/D,S/D,Vuelco,S/D,S/D,S/D,S/D
2018,4276,2018-08-31,Viernes,0,11:30:00,,0.0,2,"Bicicleta,Automóvil",Las Heras 6500,2,1,0,0,1,0,0,"-31.609416666667,-60.689555555556",Calle,,SANTA FE,La Capital,Asfalto,No existe,I,Dentro,Urbana,Ninguna,No existe,Recta,Bueno,Buena,Diurna,Otro,S/D,Ciclista,Atropello,Ninguna,Vertical,Ninguna,Sin restricción
2018,4277,2018-08-11,Sabado,0,20:25:00,,0.0,1,Automóvil,DR GALLARDO Y CAMINO LAS MANDARINAS,3,3,0,0,0,0,0,"-31.52714, -60.67939",Camino Rural,,ÁNGEL GALLARDO,La Capital,Ripio,No existe,I,Fuera,Rural,Ninguna,No existe,Recta,Bueno,Buena,Nocturna,Buen Tiempo,S/D,S/D,Vuelco,Ninguna,S/D,Ninguna,Sin restricción
2018,4278,2018-08-29,Miercoles,0,21:55:00,,0.0,2,"Moto/Ciclomotor,Automóvil",Dorrego Y Agustin Delgado,2,1,0,0,1,0,0,"-31.624388888889,-60.682666666667",Calle,,SANTA FE,La Capital,Asfalto,No existe,I,Dentro,Urbana,Ninguna,No existe,Intersección,Con baches,S/D,"Nocturna,Con luz artificial",Otro,Lateral,S/D,Colisión,Ninguna,Vertical,Ninguna,Sin restricción
2018,4279,2018-01-07,Domingo,0,18:30:00,,0.0,2,"Moto/Ciclomotor,Automóvil",Necochea Y Ricardo Aldao,3,2,0,0,0,0,1,"-31.611888888889,-60.686916666667",Calle,,SANTA FE,La Capital,S/D,S/D,I,S/D,Urbana,S/D,S/D,S/D,S/D,S/D,S/D,S/D,S/D,S/D,Colisión,S/D,S/D,S/D,S/D
2018,4280,2018-01-11,Jueves,0,23:00:00,,0.0,1,Moto/Ciclomotor,Suipacha Y San Lorenzo,1,1,0,0,0,0,0,"-31.63773, -60.71501",Calle,,SANTA FE,La Capital,Asfalto,No existe,I,Dentro,Urbana,Ninguna,No existe,Intersección,Bueno,S/D,Nocturna,S/D,Atropello animal,S/D,Colisión,S/D,S/D,S/D,S/D
2018,4281,2018-01-07,Domingo,0,18:30:00,,0.0,1,Moto/Ciclomotor,Av A del Valle Y Llerena,1,0,1,0,0,0,0,"-31.613777777778,-60.696166666667",Calle,,SANTA FE,La Capital,S/D,S/D,I,S/D,Urbana,S/D,S/D,S/D,S/D,S/D,S/D,S/D,S/D,S/D,Vuelco,S/D,S/D,S/D,S/D
2018,4282,2018-08-28,Martes,0,15:00:00,,0.0,2,"Moto/Ciclomotor,Automóvil",Av Gral Paz Y Llerena,2,1,0,0,1,0,0,"-31.616583333333,-60.68325",Avenida,,SANTA FE,La Capital,Asfalto,No existe,I,Dentro,Urbana,Ninguna,No existe,Intersección,Con baches,Buena,Diurna,Otro,De alcance,S/D,Colisión,Ninguna,Vertical,Línea divisoria pintada,Sin restricción
2018,4283,2018-08-12,Domingo,0,16:45:00,Ruta Provincial 2,0.0,1,Cuatriciclo, ,2,1,0,0,1,0,0,"-31.54882, -60.69975",Ruta,2,MONTE VERA,La Capital,Ripio,No existe,I,Dentro,Rural,Ninguna,No existe,Recta,Bueno,Buena,Diurna,Buen Tiempo,S/D,S/D,Caída ocupante,Ninguna,S/D,Ninguna,Sin restricción
2018,4284,2018-01-07,Domingo,0,19:00:00,,0.0,2,"Peatón,Moto/Ciclomotor", ,2,0,1,0,0,0,1,"-31.679749,-60.779503",S/D,,SANTO TOMÉ,La Capital,S/D,S/D,I,S/D,S/D,S/D,S/D,S/D,S/D,S/D,S/D,S/D,S/D,Peatón,Atropello,S/D,S/D,S/D,S/D
2018,4285,2018-01-11,Jueves,0,23:00:00,,0.0,2,"Moto/Ciclomotor,Automóvil",Av A del Valle Y Guemes,2,1,0,0,1,0,0,"-31.617311, -60.697881",Avenida,,SANTA FE,La Capital,Asfalto,No existe,I,Dentro,Urbana,S/D,S/D,Intersección,S/D,S/D,Nocturna,S/D,S/D,S/D,Colisión,S/D,S/D,S/D,S/D
2018,4286,2018-08-26,Domingo,0,18:15:00,,0.0,2,"Moto/Ciclomotor,Moto/Ciclomotor",J Castelli Y Republica de Siria,2,2,0,0,0,0,0,"-31.607138888889,-60.691166666667",Calle,,SANTA FE,La Capital,Asfalto,No existe,I,Dentro,Urbana,Ninguna,No existe,Intersección,Bueno,Buena,Atardecer,Otro,Lateral,S/D,Colisión,Ninguna,Vertical,Ninguna,Sin restricción
2018,4287,2018-01-12,Viernes,0,09:00:00,,0.0,1,Transporte de Pasajeros Urbano (> 8 asientos),San Jeronimo Y Juan de Garay,1,1,0,0,0,0,0,"-31.652277777778,-60.709694444444",Calle,,SANTA FE,La Capital,Asfalto,No existe,I,Dentro,Urbana,Ninguna,No existe,Intersección,Bueno,S/D,Diurna,S/D,S/D,S/D,Caída ocupante,S/D,S/D,S/D,S/D
2018,4288,2018-08-25,Sabado,0,12:25:00,,0.0,2,"Bicicleta,Automóvil",Regis Martinez Y Lavalle,2,1,0,0,1,0,0,"-31.621916666667,-60.685333333333",Calle,,SANTA FE,La Capital,Asfalto,No existe,I,Dentro,Urbana,Ninguna,No existe,Intersección,Bueno,Buena,Diurna,Otro,S/D,Ciclista,Atropello,Ninguna,Vertical,Ninguna,Sin restricción
2018,4289,2018-08-22,Miercoles,0,21:00:00,,0.0,2,"Moto/Ciclomotor,Automóvil",Av A del Valle 6670,2,1,0,0,1,0,0,"-31.607,-60.693138888889",Avenida,,SANTA FE,La Capital,Asfalto,No existe,I,Dentro,Urbana,Semáforo,S/D,Recta,Bueno,Reducida,"Nocturna,Con luz artificial",Otro,De alcance,S/D,Colisión,Ninguna,Vertical,Ninguna,Sin restricción
2018,4290,2018-03-07,Miercoles,0,19:00:00,,0.0,2,"Peatón,Automóvil",Laprida Y Montevideo,2,1,0,0,1,0,0,"-32.956833333333,-60.636666666667",Calle,,ROSARIO,Rosario,Asfalto,No existe,II,Dentro,Urbana,Señal Pare,No existe,Recta,S/D,S/D,Diurna,S/D,S/D,Peatón,Atropello,S/D,"Horizontal,Vertical",Ninguna,S/D
2018,4291,2018-03-12,Lunes,0,11:00:00,,0.0,2,"Peatón,Automóvil",Laprida Y Cordoba,2,1,0,0,1,0,0,"-32.947333333333,-60.633861111111",Calle,,ROSARIO,Rosario,Asfalto,No existe,II,Dentro,Urbana,Semáforo,Funciona,Recta,S/D,S/D,Diurna,S/D,S/D,Peatón,Atropello,S/D,"Horizontal,Vertical",Ninguna,S/D
2018,4292,2018-03-01,Jueves,0,06:20:00,,0.0,1,Moto/Ciclomotor,Bv. Rondeau 3500,1,1,0,0,0,0,0,"-32.883064, -60.695816",Avenida,,ROSARIO,Rosario,Asfalto,No existe,II,Dentro,Urbana,Semáforo,Funciona,Recta,Bueno,Buena,Amanecer,S/D,Contra objeto fijo,S/D,Colisión,Ninguna,"Horizontal,Vertical","Cordón divisorio,Vegetación",S/D
2018,4293,2018-03-15,Jueves,0,07:45:00,,0.0,2,"Peatón,Automóvil",3 De Febrero Y Buenos Aires,2,1,0,0,1,0,0,"-32.953722222222,-60.634305555556",Calle,,ROSARIO,Rosario,Asfalto,No existe,II,Dentro,Urbana,S/D,No existe,Recta,Bueno,S/D,Diurna,S/D,S/D,Peatón,Atropello,S/D,Horizontal,Ninguna,S/D
2018,4294,2018-03-02,Viernes,0,19:40:00,,0.0,2,"Peatón,Tren",Vieytes ,2,1,0,0,1,0,0,"-32.887713, -60.700861",S/D,,ROSARIO,Rosario,Ripio,No existe,II,Dentro,Urbana,Ninguna,No existe,Paso a Nivel FFCC,Otro,Reducida p/ objetos,Atardecer,S/D,S/D,Peatón,Atropello,Ninguna,Faltante,Ninguna,Sin restricción
2018,4295,2018-03-11,Domingo,0,05:30:00,,0.0,2,"Moto/Ciclomotor,Automóvil",Bv. Rondeau Y Matheu,2,1,0,0,1,0,0,"-32.888433, -60.694410",Avenida,,ROSARIO,Rosario,Asfalto,No existe,II,Dentro,Urbana,Semáforo,No existe,Intersección,Bueno,Reducida,Nocturna,Otro,Otro,S/D,Colisión,Otro,"Horizontal,Vertical","Cordón divisorio,Vegetación",S/D
2018,4296,2018-03-20,Martes,0,18:15:00,,0.0,2,"Peatón,Automóvil",Bv. Rondeau 3600,2,1,0,0,1,0,0,"-32.881461, -60.696295",Avenida,,ROSARIO,Rosario,Asfalto,No existe,II,Dentro,Urbana,Semáforo,Funciona,Recta,Bueno,Buena,Atardecer,Buen Tiempo,S/D,Peatón,Atropello,Ninguna,"Horizontal,Vertical","Cordón divisorio,Vegetación",Sin restricción
2018,4297,2018-04-28,Sabado,0,19:50:00,,0.0,2,"Moto/Ciclomotor,Automóvil",El Jilguero Y Av Las Palmeras,2,1,0,0,1,0,0,"-32.969255135316, -60.733618300942",Avenida,,PÉREZ,Rosario,Asfalto,No existe,II,Dentro,Urbana,Ninguna,No existe,Intersección,Deteriorada,S/D,Nocturna,Buen Tiempo,Lateral,S/D,Colisión,Ninguna,Faltante,Ninguna,Sin restricción
2018,4298,2018-03-19,Lunes,0,11:20:00,,0.0,2,"Moto/Ciclomotor,Automóvil",Av. Pellegrini Y F.More,2,1,0,0,1,0,0,"-32.948055555556,-60.693388888889",Avenida,,ROSARIO,Rosario,Asfalto,No existe,II,Dentro,Urbana,Semáforo,Funciona,Intersección,Bueno,Buena,Diurna,Buen Tiempo,De alcance,S/D,Colisión,S/D,Vertical,Cordón divisorio,Sin restricción
2018,4299,2018-03-22,Jueves,0,17:05:00,,0.0,2,"Moto/Ciclomotor,Automóvil",Ricardo Gutierrez Y A.Maza,2,1,0,0,1,0,0,"-32.880214, -60.690718",Calle,,ROSARIO,Rosario,Asfalto,No existe,II,Dentro,Urbana,Ninguna,No existe,Intersección,Deteriorada,Buena,Atardecer,Otro,Otro,S/D,Colisión,Ninguna,Faltante,Ninguna,Sin restricción
2018,4300,2018-04-14,Sabado,0,18:30:00,,0.0,1,Moto/Ciclomotor,El Sauce Y Guillermo Hudson,2,1,0,0,1,0,0,"-32.969834492463, -60.739819568185",Calle,,PÉREZ,Rosario,Asfalto,No existe,II,Dentro,Urbana,Ninguna,No existe,Recta,Deteriorada,Buena,Atardecer,Buen Tiempo,Contra objeto fijo,S/D,Colisión,Ninguna,Faltante,Ninguna,Sin restricción
2018,4301,2018-03-29,Jueves,0,10:50:00,,0.0,2,"Automóvil,Moto/Ciclomotor",Cordoba Y Castellanos,3,1,1,0,1,0,0,"-32.939805555556,-60.675055555556",Calle,,ROSARIO,Rosario,Asfalto,No existe,II,Dentro,Urbana,Semáforo,Funciona,Intersección,Bueno,Buena,Diurna,Buen Tiempo,De alcance,S/D,Colisión,Ninguna,"Horizontal,Vertical",Ninguna,Sin restricción
2018,4302,2018-03-20,Martes,0,00:40:00,,0.0,2,"Automóvil,Moto/Ciclomotor",Lima Y E.Zeballos,3,1,1,0,1,0,0,"-32.946916666667,-60.685388888889",Calle,,ROSARIO,Rosario,Asfalto,No existe,II,Dentro,Urbana,Señal Pare,No existe,Intersección,Bueno,Buena,Nocturna,Buen Tiempo,De alcance,S/D,Colisión,Ninguna,Vertical,Ninguna,Sin restricción
2018,4303,2018-03-08,Jueves,0,23:40:00,,0.0,2,"Automóvil,Transporte de Pasajeros Urbano (> 8 asientos)",Rioja Y Servando Bayo,2,1,0,0,1,0,0,"-32.93925,-60.684888888889",Calle,,ROSARIO,Rosario,Asfalto,No existe,II,Dentro,Urbana,Ninguna,No existe,Intersección,Bueno,Buena,Nocturna,Buen Tiempo,Lateral,S/D,Colisión,Ninguna,Faltante,Ninguna,Sin restricción
2018,4304,2018-03-01,Jueves,0,07:45:00,Ruta Provincial 16,3.0,2,"Automóvil,Pickup/Utilitario", ,5,3,0,0,2,0,0,"-33.086649, -60.606337",Ruta,16,ALVEAR,Rosario,Asfalto,No existe,II,Dentro,Rural,Ninguna,No existe,Puente,Deteriorada,Buena,Diurna,Buen Tiempo,Lateral,S/D,Colisión,Ninguna,Faltante,Guardarrail,S/D
2018,4305,2018-04-23,Lunes,0,07:45:00,,0.0,1,Moto/Ciclomotor,Alberdi Y Tucuman,1,1,0,0,0,0,0,"-33.133945784322, -60.807685306633",Calle,,ÁLVAREZ,Rosario,Ripio,No existe,II,Dentro,Urbana,Ninguna,No existe,Recta,Deteriorada,Buena,Diurna,Buen Tiempo,Atropello animal,S/D,Colisión,Agua,Faltante,Ninguna,Sin restricción
2018,4306,2018-03-20,Martes,0,19:15:00,,0.0,2,"Automóvil,Moto/Ciclomotor",Av. Pellegrini Y Gutenberg,3,2,0,0,1,0,0,"-32.9485,-60.690027777778",Avenida,,ROSARIO,Rosario,Asfalto,No existe,II,Dentro,Urbana,Ninguna,Funciona,Intersección,Bueno,Buena,"Nocturna,Con luz artificial",Buen Tiempo,De alcance,S/D,Colisión,Ninguna,Vertical,Cordón divisorio,Sin restricción
2018,4307,2018-03-12,Lunes,0,17:35:00,Autopista Nacional A012,0.0,2,"Automóvil,Pickup/Utilitario", ,2,1,0,0,1,0,0,"-33.087725, -60.640770",Autopista,A012,ALVEAR,Rosario,Asfalto,Natural,II,Dentro,Rural,Ninguna,No existe,Recta,Bueno,Buena,Diurna,Buen Tiempo,De alcance,S/D,Colisión,Ninguna,Faltante,Ninguna,Sin restricción
2018,4308,2018-03-09,Viernes,0,19:20:00,,0.0,2,"Bicicleta,Automóvil",San Juan Y Bv. Avellaneda,2,1,0,0,1,0,0,"-32.942777777778,-60.680222222222",Avenida,,ROSARIO,Rosario,Asfalto,No existe,II,Dentro,Urbana,Semáforo,Funciona,Recta,Bueno,S/D,Diurna,S/D,S/D,Ciclista,Atropello,S/D,"Horizontal,Vertical",Cordón divisorio,Sin restricción
2018,4309,2018-03-26,Lunes,0,19:00:00,,0.0,2,"Automóvil,Moto/Ciclomotor",JACARANDA 600,3,2,0,0,1,0,0,"-33.055828, -60.623491",Calle,,ALVEAR,Rosario,Tierra,No existe,II,Dentro,Urbana,Ninguna,No existe,Recta,Con baches,Buena,Atardecer,Buen Tiempo,Lateral,S/D,Colisión,Ninguna,Faltante,Ninguna,Sin restricción
2018,4310,2018-03-02,Viernes,0,08:30:00,,0.0,2,"Moto/Ciclomotor,Automóvil",Gutenberg Y Bv. Avellaneda,2,1,0,0,1,0,0,"-32.9485,-60.690027777778",Avenida,,ROSARIO,Rosario,Asfalto,No existe,II,Dentro,Urbana,Semáforo,Funciona,Recta,Bueno,S/D,Diurna,S/D,De alcance,S/D,Colisión,S/D,Vertical,Cordón divisorio,Sin restricción
2018,4311,2018-03-29,Jueves,0,14:30:00,Ruta Nacional A012,0.0,2,"Automóvil,Automóvil", ,2,2,0,0,0,0,0,"-33.087652, -60.639684",Ruta,A012,ALVEAR,Rosario,Asfalto,Natural,II,Dentro,Rural,Ninguna,No existe,Recta,Bueno,Buena,Diurna,Buen Tiempo,Lateral,S/D,Colisión,Ninguna,Horizontal,Línea divisoria pintada,S/D
2018,4312,2018-03-09,Viernes,0,23:00:00,,0.0,2,"Moto/Ciclomotor,Automóvil",Suipacha Y San Luis,3,2,0,0,1,0,0,"-32.944361111111,-60.664833333333",Calle,,ROSARIO,Rosario,Asfalto,No existe,II,Dentro,Urbana,Ninguna,No existe,Recta,Bueno,Buena,Nocturna,Buen Tiempo,Lateral,S/D,Colisión,Ninguna,Faltante,Ninguna,Sin restricción
2018,4313,2018-04-04,Miercoles,0,04:00:00,Ruta Nacional A012,0.0,2,"Automóvil,Camión c / Acoplado", ,3,2,0,0,1,0,0,"-33.089760078173, -60.699939344347",Ruta,A012,PIÑERO,Rosario,Asfalto,Natural,II,Dentro,Rural,Señal Ceda el Paso,Intermitente,Cruce,Bueno,Buena,Amanecer,S/D,S/D,S/D,Colisión,Ninguna,"Horizontal,Vertical",Cordón divisorio,Sin restricción
2018,4314,2018-03-10,Sabado,0,12:00:00,,0.0,2,"Moto/Ciclomotor,Automóvil",Montevideo Y Lavalle,2,1,0,0,1,0,0,"-32.949027777778,-60.68025",Calle,,ROSARIO,Rosario,Asfalto,No existe,II,Dentro,Urbana,Ninguna,No existe,Recta,Bueno,Buena,Diurna,Buen Tiempo,Lateral,S/D,Colisión,Ninguna,Faltante,Ninguna,Sin restricción
2018,4315,2018-03-03,Sabado,0,09:45:00,,0.0,2,"Automóvil,Automóvil",I A Edison Y Andreu,2,1,0,0,1,0,0,"-33.015918, -60.613805",Calle,,VILLA GOBERNADOR GÁLVEZ,Rosario,Hormigón,Pavimento,II,Dentro,Urbana,Ninguna,No existe,Intersección,Bueno,Buena,Diurna,Buen Tiempo,Frontal,S/D,Colisión,Ninguna,Faltante,Ninguna,Sin restricción
2018,4316,2018-03-17,Sabado,0,12:10:00,,0.0,2,"Moto/Ciclomotor,Automóvil",San Juan Y Bv. Avellaneda,2,1,0,0,1,0,0,"-32.942850,-60.680024",Avenida,,ROSARIO,Rosario,Asfalto,No existe,II,Dentro,Urbana,Semáforo,Funciona,Distribuidor,Bueno,Buena,Diurna,Buen Tiempo,Lateral,S/D,Colisión,Ninguna,"Horizontal,Vertical",Cordón divisorio,Sin restricción
2018,4317,2018-03-01,Jueves,0,15:21:00,,0.0,2,"Moto/Ciclomotor,Automóvil",Cervantes Y M Cambeira,2,0,1,0,1,0,0,"-33.002806, -60.618118",Calle,,VILLA GOBERNADOR GÁLVEZ,Rosario,Hormigón,Natural,II,Dentro,Urbana,Otra Señal,No existe,Recta,Bueno,Buena,Atardecer,Buen Tiempo,Lateral,S/D,Colisión,Ninguna,Vertical,"Cordón divisorio,Vegetación",Sin restricción
2018,4318,2018-03-03,Sabado,0,18:00:00,,0.0,2,"Moto/Ciclomotor,Taxi/Remis",San Juan Y Gutenberg,2,1,0,0,1,0,0,"-32.941333333333,-60.688222222222",Calle,,ROSARIO,Rosario,Asfalto,No existe,II,Dentro,Urbana,Ninguna,No existe,Intersección,Bueno,Buena,Diurna,Buen Tiempo,De alcance,S/D,Colisión,Ninguna,Faltante,Ninguna,Sin restricción
2018,4319,2018-03-19,Lunes,0,13:25:00,,0.0,1,Otros,Andreu Y Cordoba,1,1,0,0,0,0,0,"-33.014351, -60.613621",Calle,,VILLA GOBERNADOR GÁLVEZ,Rosario,Hormigón,No existe,II,Dentro,Urbana,Ninguna,No existe,Intersección,Deteriorada,Buena,Diurna,S/D,S/D,S/D,Colisión,S/D,Faltante,Ninguna,S/D
2018,4320,2018-03-05,Lunes,0,13:15:00,,0.0,2,"Peatón,Pickup/Utilitario",9 De Julio Y Ricchieri,2,1,0,0,1,0,0,"-32.949416666667,-60.664694444444",Calle,,ROSARIO,Rosario,Asfalto,No existe,II,Dentro,Urbana,Señal Pare,No existe,Intersección,Bueno,Buena,Diurna,Buen Tiempo,S/D,Peatón,Atropello,Ninguna,Vertical,Ninguna,Sin restricción
2018,4321,2018-03-18,Domingo,0,17:50:00,,0.0,3,"Automóvil,Peatón,Peatón", ,3,2,0,0,1,0,0,"-33.009689, -60.615933",Calle,,VILLA GOBERNADOR GÁLVEZ,Rosario,Asfalto,No existe,II,Dentro,Urbana,Ninguna,No existe,Recta,Bueno,Buena,Diurna,Buen Tiempo,S/D,S/D,Atropello,Ninguna,Faltante,Ninguna,Sin restricción
2018,4322,2018-03-12,Lunes,0,19:30:00,,0.0,2,"Automóvil,Moto/Ciclomotor",polonia 552,2,1,0,0,1,0,0,"-33.006049, -60.616928",Calle,,VILLA GOBERNADOR GÁLVEZ,Rosario,Asfalto,No existe,II,Dentro,Urbana,Ninguna,No existe,Recta,Bueno,Buena,"Atardecer,Con luz artificial",Buen Tiempo,Lateral,S/D,Colisión,Ninguna,Faltante,Ninguna,Sin restricción
2018,4323,2018-03-06,Martes,0,15:30:00,,0.0,2,"Moto/Ciclomotor,Automóvil",Av. Pellegrini Y Carriego,5,2,0,0,3,0,0,"-32.948111111111,-60.691361111111",Avenida,,ROSARIO,Rosario,Asfalto,No existe,II,Dentro,Urbana,Ninguna,No existe,Intersección,Bueno,Buena,Diurna,Buen Tiempo,De alcance,S/D,Colisión,Ninguna,Horizontal,Ninguna,Sin restricción
2018,4324,2018-03-01,Jueves,0,13:00:00,,0.0,2,"Moto/Ciclomotor,Moto/Ciclomotor",Fornieles Y Andreu,3,1,0,0,2,0,0,"-33.021432, -60.613537",Calle,,VILLA GOBERNADOR GÁLVEZ,Rosario,Asfalto,No existe,II,Dentro,Urbana,Ninguna,No existe,Intersección,Bueno,Buena,Diurna,Buen Tiempo,Lateral,S/D,Colisión,Ninguna,Faltante,Ninguna,Sin restricción
2018,4325,2018-03-03,Sabado,0,08:15:00,,0.0,2,"Moto/Ciclomotor,Moto/Ciclomotor",Av Juan Domingo Peron Y Laprida,2,1,0,0,1,0,0,"-33.024159, -60.623612",Calle,,VILLA GOBERNADOR GÁLVEZ,Rosario,Asfalto,No existe,II,Dentro,Urbana,Ninguna,No existe,Intersección,Bueno,Buena,Diurna,Buen Tiempo,Lateral,S/D,Colisión,Ninguna,Horizontal,Cordón divisorio,Sin restricción
2018,4326,2018-03-22,Jueves,0,18:00:00,,0.0,2,"Automóvil,Automóvil",P Opicci Y Virgen de los Angeles,2,1,0,0,1,0,0,"-33.027388888889,-60.634361111111",Calle,,VILLA GOBERNADOR GÁLVEZ,Rosario,Asfalto,No existe,II,S/D,Urbana,Ninguna,No existe,Intersección,Con baches,Buena,Atardecer,Buen Tiempo,S/D,S/D,Colisión,Ninguna,Faltante,Ninguna,Sin restricción
2018,4327,2018-03-10,Sabado,0,16:10:00,,0.0,2,"Moto/Ciclomotor,Automóvil",Bolivar Y Buenos Aires,2,2,0,0,0,0,0,"-33.030555555556,-60.638361111111",Calle,,VILLA GOBERNADOR GÁLVEZ,Rosario,Asfalto,No existe,II,S/D,Urbana,Ninguna,No existe,Intersección,Con baches,Buena,Diurna,Buen Tiempo,S/D,S/D,Colisión,Ninguna,Faltante,Ninguna,Sin restricción
2018,4328,2018-03-12,Lunes,0,21:30:00,,0.0,2,"Automóvil,Moto/Ciclomotor",P Opicci Y Libertad,2,1,0,0,1,0,0,"-33.021222222222,-60.634361111111",Calle,,VILLA GOBERNADOR GÁLVEZ,Rosario,Asfalto,No existe,II,S/D,Urbana,Ninguna,No existe,Intersección,Bueno,Buena,Nocturna,Buen Tiempo,S/D,S/D,Colisión,Ninguna,Faltante,Ninguna,Sin restricción
2018,4329,2018-03-12,Lunes,0,13:30:00,,0.0,2,"Automóvil,Moto/Ciclomotor",Eva Peron Y R fournier,5,3,0,0,2,0,0,"-33.030777777778,-60.62725",Calle,,VILLA GOBERNADOR GÁLVEZ,Rosario,Asfalto,No existe,II,S/D,Urbana,Ninguna,No existe,Intersección,Bueno,Buena,Diurna,Buen Tiempo,S/D,S/D,Colisión,Ninguna,Faltante,Ninguna,Sin restricción
2018,4330,2018-03-19,Lunes,0,17:15:00,,0.0,2,"Pickup/Utilitario,Moto/Ciclomotor",Av del Libertador Y J J Paso,3,2,0,0,1,0,0,"-33.033055555556,-60.629777777778",Avenida,,VILLA GOBERNADOR GÁLVEZ,Rosario,Asfalto,No existe,II,S/D,Urbana,Ninguna,No existe,Intersección,Con baches,Buena,Diurna,Buen Tiempo,S/D,S/D,Colisión,Ninguna,Faltante,Ninguna,Sin restricción
2018,4331,2018-03-02,Viernes,0,18:55:00,,0.0,2,"Pickup/Utilitario,Moto/Ciclomotor",Avellaneda Y Ing Mosconi,3,2,0,0,1,0,0,"-33.025527777778,-60.630361111111",Calle,,VILLA GOBERNADOR GÁLVEZ,Rosario,Asfalto,No existe,II,S/D,Urbana,Ninguna,No existe,Intersección,Otro,Buena,Atardecer,Buen Tiempo,S/D,S/D,Colisión,Ninguna,Faltante,Ninguna,Sin restricción
2018,4332,2018-03-11,Domingo,0,14:00:00,Ruta Provincial 21,0.0,2,"Automóvil,Moto/Ciclomotor",SAN JUAN ,4,2,0,0,2,0,0,"-33.077855162775, -60.575439949453",Ruta,21,PUEBLO ESTHER,Rosario,Asfalto,Pavimento,II,S/D,Urbana,S/D,No existe,Cruce,Bueno,Buena,S/D,Buen Tiempo,De alcance,S/D,Colisión,Ninguna,Faltante,S/D,S/D
2018,4333,2018-03-30,Viernes,0,21:30:00,Ruta Nacional A012,0.0,3,"Camión c / Acoplado,Automóvil,Camión Chasis", ,3,1,0,0,2,0,0,"-33.090070075941, -60.713771318683",Ruta,A012,PUEBLO ESTHER,Rosario,Asfalto,Pavimento,II,S/D,S/D,Otra Señal,No existe,Recta,Deteriorada,Buena,Nocturna,Buen Tiempo,Múltiple,S/D,Colisión,Ninguna,S/D,S/D,S/D