anio_acci,nro_acci,fecha,desc_dia,fecha_aprox,hora_aprox,desc_ruta,km,cant_participantes,desc_participante,calle_avenida_km,total,heridos_leves,heridos_graves,heridos_gravisimos,ilesos,fallecidos,sin_datos,posicion_XY,desc_tipo_via,desc_ruta_ori,desc_loc,desc_dpto,desc_tipo_calzada,desc_tipo_banquina,desc_unidad_regional,desc_lugar_calzada,desc_zona,desc_prioridad,desc_estado_semaforo,desc_lugar_via,desc_estado_via,desc_estado_visibilidad,desc_luminosidad,desc_estado_clima,desc_tipo_colision,desc_tipo_atropello,desc_tipo_hecho,desc_pres_calzada,desc_senializacion,desc_separacion_via,desc_restriccion
2018,4334,2018-01-07,Domingo,0,19:30:00,,0.0,2,"Moto/Ciclomotor,Automóvil",Av Almte Brown ,3,2,0,0,0,0,1,"-31.616006,-60.672833",Calle,,SANTA FE,La Capital,S/D,S/D,I,S/D,Urbana,S/D,S/D,S/D,S/D,S/D,S/D,S/D,S/D,S/D,Colisión,S/D,S/D,S/D,S/D
2018,4335,2018-01-07,Domingo,0,20:30:00,,0.0,2,"Peatón,Pickup/Utilitario", ,2,0,1,0,1,0,0,"-31.773122,-60.838538",S/D,,SAUCE VIEJO,La Capital,S/D,S/D,I,S/D,S/D,S/D,S/D,S/D,S/D,S/D,S/D,S/D,S/D,Peatón,Atropello,S/D,S/D,S/D,S/D
2018,4336,2018-01-07,Domingo,0,20:30:00,,0.0,1,Moto/Ciclomotor, ,1,0,1,0,0,0,0,"-31.453484,-60.926150",S/D,,ESPERANZA,Las Colonias,S/D,S/D,XI,S/D,S/D,S/D,S/D,S/D,S/D,S/D,S/D,S/D,S/D,S/D,Vuelco,S/D,S/D,S/D,S/D
2018,4337,2018-01-12,Viernes,0,19:30:00,,0.0,2,"Moto/Ciclomotor,Moto/Ciclomotor", ,2,1,0,0,0,0,1,"-31.63531, -60.72255",Calle,,SANTA FE,La Capital,Asfalto,No existe,I,Dentro,Urbana,S/D,S/D,S/D,Bueno,S/D,Atardecer,S/D,S/D,S/D,Colisión,S/D,"Horizontal,Vertical",S/D,S/D
2018,4338,2018-01-12,Viernes,0,19:50:00,,0.0,1,Automóvil, ,1,1,0,0,0,0,0,"-31.68201, -60.9401",Camino Rural,,SAN AGUSTÍN,Las Colonias,S/D,S/D,XI,S/D,Rural,S/D,S/D,S/D,S/D,S/D,S/D,S/D,S/D,S/D,Vuelco,S/D,S/D,S/D,S/D
2018,4339,2018-01-07,Domingo,0,22:00:00,,0.0,2,"Moto/Ciclomotor,Pickup/Utilitario",COSTANERA ALTURA EL FARO ,2,1,0,0,0,0,1,"-31.62973, -60.67808",Calle,,SANTA FE,La Capital,S/D,S/D,I,S/D,Urbana,S/D,S/D,S/D,S/D,S/D,S/D,S/D,S/D,S/D,Colisión,S/D,S/D,S/D,S/D
2018,4340,2018-01-13,Sabado,0,01:00:00,,0.0,2,"Moto/Ciclomotor,Bicicleta",Juan Jose Paso Y Roverano,2,1,0,0,0,0,1,"-31.692277777778,-60.783",Avenida,,SANTO TOMÉ,La Capital,S/D,S/D,I,S/D,Urbana,S/D,S/D,Intersección,S/D,S/D,Nocturna,S/D,S/D,Ciclista,Atropello,S/D,S/D,S/D,S/D
2018,4341,2018-08-12,Domingo,0,21:35:00,Ruta Provincial 2,17.0,1,Moto/Ciclomotor, ,1,1,0,0,0,0,0,"-31.52818, -60.68473",Ruta,2,MONTE VERA,La Capital,Tierra,No existe,I,Dentro,Rural,Ninguna,No existe,Intersección,Bueno,Buena,"Nocturna,Con luz artificial",Buen Tiempo,S/D,S/D,Caída ocupante,Ninguna,S/D,Ninguna,Sin restricción
2018,4342,2018-08-19,Domingo,0,17:30:00,,0.0,2,"Moto/Ciclomotor,Taxi/Remis",Av A del Valle Y Huergo,2,1,0,0,1,0,0,"-31.614638888889,-60.696666666667",Avenida,,SANTA FE,La Capital,Asfalto,No existe,I,Dentro,Urbana,Ninguna,No existe,Intersección,Bueno,Buena,Diurna,Otro,Lateral,S/D,Colisión,Ninguna,Vertical,Ninguna,Sin restricción
2018,4343,2018-08-12,Domingo,0,17:30:00,,0.0,1,Moto/Ciclomotor,LA RIOJA Y BELGRANO,3,2,0,0,1,0,0,"-31.52385, -60.68133",Calle,,MONTE VERA,La Capital,Ripio,S/D,I,Dentro,Urbana,Ninguna,S/D,Intersección,Bueno,Buena,Diurna,Buen Tiempo,S/D,S/D,Caída ocupante,Ninguna,S/D,Ninguna,Sin restricción
2018,4344,2018-01-13,Sabado,0,01:00:00,,0.0,1,Moto/Ciclomotor,Presidente Roca 2700,1,1,0,0,0,0,0,"-31.615611111111,-60.6985",Calle,,SANTA FE,La Capital,Asfalto,No existe,I,Dentro,Urbana,Ninguna,S/D,Recta,S/D,S/D,Nocturna,S/D,S/D,S/D,"Caída ocupante,Despiste",S/D,S/D,S/D,S/D
2018,4345,2018-05-03,Jueves,0,12:40:00,Ruta Nacional 11,0.0,2,"Moto/Ciclomotor,Pickup/Utilitario",Cordoba Y Ruta Nac 11,3,1,0,0,2,0,0,"-32.7137, -60.75645",Ruta,11,PUERTO SAN MARTÍN,San Lorenzo,Asfalto,Natural,XVII,S/D,Urbana,Ninguna,No existe,Intersección,Ahuellamiento,Buena,Diurna,Buen Tiempo,S/D,S/D,Colisión,Ninguna,Horizontal,Ninguna,Sin restricción
2018,4346,2018-08-17,Viernes,0,14:50:00,,0.0,2,"Moto/Ciclomotor,Automóvil",Republica de Siria Y Derqui,2,1,0,0,1,0,0,"-31.617138888889,-60.694111111111",Calle,,SANTA FE,La Capital,Asfalto,No existe,I,Dentro,Urbana,Ninguna,No existe,Intersección,Bueno,Buena,Diurna,Otro,Lateral,S/D,Colisión,Ninguna,Vertical,Ninguna,Sin restricción
2018,4347,2018-05-04,Viernes,0,17:00:00,,0.0,2,"Moto/Ciclomotor,Moto/Ciclomotor",Falucho Y Sarmiento,3,1,0,0,2,0,0,"-32.71372, -60.7367",Calle,,PUERTO SAN MARTÍN,San Lorenzo,Asfalto,No existe,XVII,Dentro,Urbana,Ninguna,No existe,Intersección,Bueno,Buena,Diurna,S/D,Lateral,S/D,Colisión,Ninguna,Horizontal,Ninguna,Sin restricción
2018,4348,2018-01-13,Sabado,0,02:50:00,,0.0,2,"Automóvil,Automóvil",Corrientes 2492,2,1,0,0,0,0,1,"-31.653861111111,-60.707305555556",Calle,,SANTA FE,La Capital,Asfalto,No existe,I,Dentro,Urbana,S/D,No existe,S/D,S/D,S/D,Nocturna,S/D,S/D,S/D,Colisión,S/D,S/D,S/D,S/D
2018,4349,2018-08-17,Viernes,0,13:50:00,,0.0,2,"Pickup/Utilitario,Automóvil",Alvear Y Llerena,2,1,0,0,1,0,0,"-31.615083333333,-60.690083333333",Calle,,SANTA FE,La Capital,Asfalto,No existe,I,Dentro,Urbana,Ninguna,No existe,Intersección,Bueno,Buena,Diurna,Otro,Lateral,S/D,Colisión,Ninguna,Vertical,Ninguna,Sin restricción
2018,4350,2018-05-30,Miercoles,0,09:30:00,Ruta Nacional 9,0.0,2,"Pickup/Utilitario,Bicicleta",1 de Mayo Y Ruta Nacional 9,2,1,0,0,1,0,0,"-32.90504, -60.91145",Ruta,9,ROLDÁN,San Lorenzo,Asfalto,Pavimento,XVII,S/D,Urbana,Ninguna,No existe,Intersección,Bueno,Buena,Diurna,Buen Tiempo,S/D,Ciclista,Atropello,Ninguna,Faltante,Ninguna,Sin restricción
2018,4351,2018-08-14,Martes,0,07:45:00,,0.0,1,Automóvil,DR GALLARDO ,1,1,0,0,0,0,0,"-31.52864, -60.6796",Camino Rural,,ÁNGEL GALLARDO,La Capital,Ripio,No existe,I,Fuera,Rural,Ninguna,No existe,Recta,Bueno,Buena,Amanecer,Buen Tiempo,S/D,S/D,Vuelco,Ninguna,S/D,Ninguna,Sin restricción
2018,4352,2018-08-17,Viernes,0,09:30:00,,0.0,2,"Peatón,Moto/Ciclomotor",Av Galicia Y Las Heras,2,1,0,0,1,0,0,"-31.606166666667,-60.688638888889",Avenida,,SANTA FE,La Capital,Asfalto,No existe,I,Dentro,Urbana,Semáforo,Funciona,Intersección,Con baches,Buena,Diurna,Otro,S/D,Peatón,Atropello,Ninguna,Vertical,Cordón divisorio,Sin restricción
2018,4353,2018-05-24,Jueves,0,02:20:00,Autopista Nacional Rosario -Cordoba,0.0,1,Pickup/Utilitario,Acceso 012 Y Ruta Nacional 9,12,3,0,0,9,0,0,"-32.907865027190, -60.895855294500",Autopista,Rosario -Córdoba,ROLDÁN,San Lorenzo,Asfalto,No existe,XVII,Dentro,Rural,Ninguna,No existe,Intersección,Bueno,Buena,Con luz artificial,Buen Tiempo,S/D,S/D,Vuelco,Ninguna,Vertical,Guardarrail,Sin restricción
2018,4354,2018-01-13,Sabado,0,03:30:00,,0.0,2,"Moto/Ciclomotor,Automóvil",Avenida Nuestra Se?ora del Luj Y Martin Zavalla,2,2,0,0,0,0,0,"-31.684888888889,-60.778388888889",Avenida,,SANTO TOMÉ,La Capital,Asfalto,No existe,I,Dentro,Urbana,S/D,S/D,Intersección,S/D,S/D,Nocturna,S/D,S/D,S/D,Colisión,S/D,S/D,S/D,S/D
2018,4355,2018-08-14,Martes,0,17:45:00,Ruta Provincial 2,0.0,1,Moto/Ciclomotor, ,1,1,0,0,0,0,0,"-31.51748, -60.68091",Ruta,2,ÁNGEL GALLARDO,La Capital,Hormigón,Natural,I,Dentro,Rural,Señal Ceda el Paso,No existe,Cruce,Bueno,Buena,Diurna,Buen Tiempo,S/D,S/D,Caída ocupante,Fluidos,S/D,Ninguna,Sin restricción
2018,4356,2018-08-16,Jueves,0,21:40:00,,0.0,2,"Moto/Ciclomotor,Automóvil",Salvador del Carril Y Rivadavia,3,2,0,0,1,0,0,"-31.61875,-60.696027777778",Avenida,,SANTA FE,La Capital,Asfalto,No existe,I,Dentro,Urbana,Ninguna,No existe,Intersección,Con baches,Reducida,"Nocturna,Con luz artificial",Otro,Lateral,S/D,Colisión,Ninguna,Vertical,Ninguna,Sin restricción
2018,4357,2018-01-13,Sabado,0,14:30:00,,0.0,2,"Moto/Ciclomotor,Moto/Ciclomotor",Av Gral Paz Y Regis Martinez,2,1,0,0,0,0,1,"-31.621609, -60.686871",Avenida,,SANTA FE,La Capital,Asfalto,No existe,I,Dentro,Urbana,S/D,S/D,Intersección,S/D,S/D,Nocturna,S/D,S/D,S/D,Colisión,S/D,S/D,S/D,S/D
2018,4358,2018-08-21,Martes,0,19:05:00,,0.0,1,Moto/Ciclomotor,Entre Rios 900,2,1,0,0,1,0,0,"-31.51667, -60.67903",Calle,,MONTE VERA,La Capital,Ripio,No existe,I,Dentro,Urbana,Ninguna,No existe,Recta,Bueno,Buena,Diurna,Buen Tiempo,S/D,S/D,Caída ocupante,Ninguna,S/D,Ninguna,Sin restricción
2018,4359,2018-08-16,Jueves,0,12:00:00,,0.0,2,"Moto/Ciclomotor,Automóvil",Las Heras 4687,2,1,0,0,1,0,0,"-31.625888888889,-60.694388888889",Calle,,SANTA FE,La Capital,Asfalto,No existe,I,Dentro,Urbana,Ninguna,No existe,Recta,Bueno,Buena,Diurna,Otro,De alcance,S/D,Colisión,Ninguna,Vertical,Ninguna,Sin restricción
2018,4360,2018-05-18,Viernes,0,,Ruta Nacional A012,40.0,2,"Automóvil,Moto/Ciclomotor", ,2,1,0,0,1,0,0,"-32.89232, -60.89139",Ruta,A012,ROLDÁN,San Lorenzo,Asfalto,Ripio,XVII,Dentro,Rural,Marca Vial,No existe,Recta,Con baches,Buena,Diurna,Buen Tiempo,Lateral,S/D,Colisión,Ninguna,Horizontal,Ninguna,Sin restricción
2018,4361,2018-01-13,Sabado,0,14:30:00,,0.0,1,Moto/Ciclomotor,Av Almte Brown ,1,1,0,0,0,0,0,"-31.60546,-60.66599",Avenida,,SANTA FE,La Capital,Asfalto,S/D,I,S/D,Urbana,S/D,S/D,Recta,Bueno,S/D,Diurna,S/D,S/D,S/D,"Caída ocupante,Despiste",S/D,S/D,S/D,S/D
2018,4362,2018-08-29,Miercoles,0,17:30:00,,0.0,1,Moto/Ciclomotor,AVENIDA ARISTOBULO DEL VALLE 10900,1,1,0,0,0,0,0,"-31.56947, -60.6896",Avenida,,MONTE VERA,La Capital,Hormigón,Natural,I,Dentro,Rural,Ninguna,No existe,Recta,Bueno,Buena,Diurna,Buen Tiempo,S/D,S/D,Caída ocupante,Ninguna,S/D,Ninguna,Sin restricción
2018,4363,2018-05-18,Viernes,0,16:30:00,,0.0,2,"Automóvil,Bicicleta",Rivadavia Y Salta,2,0,1,0,1,0,0,"-32.90422, -60.90984",Calle,,ROLDÁN,San Lorenzo,Asfalto,No existe,XVII,Dentro,Urbana,Ninguna,No existe,Intersección,Bueno,Buena,Diurna,Buen Tiempo,S/D,Ciclista,Atropello,Ninguna,Faltante,Ninguna,Sin restricción
2018,4364,2018-01-13,Sabado,0,15:50:00,,0.0,2,"Moto/Ciclomotor,Automóvil",Gorostiaga Y San Lorenzo,2,1,0,0,0,0,1,"-31.609583333333,-60.706861111111",Calle,,SANTA FE,La Capital,Asfalto,No existe,I,Dentro,Urbana,S/D,S/D,Intersección,S/D,S/D,Diurna,S/D,S/D,S/D,Colisión,S/D,S/D,S/D,S/D
2018,4365,2018-08-16,Jueves,0,01:30:00,,0.0,2,"Bicicleta,Automóvil",Gorostiaga Y Necochea,3,2,0,0,0,0,1,"-31.613694444444,-60.687444444444",Calle,,SANTA FE,La Capital,Asfalto,No existe,I,Dentro,Urbana,Ninguna,No existe,Intersección,Bueno,Reducida,"Nocturna,Con luz artificial",Otro,S/D,Ciclista,Atropello,Ninguna,Vertical,Ninguna,Sin restricción
2018,4366,2018-05-09,Miercoles,0,18:30:00,,0.0,2,"Moto/Ciclomotor,Bicicleta",Bv Sarmiento Y Buenos Aires,3,1,0,0,2,0,0,"-32.90302, -60.89969",Calle,,ROLDÁN,San Lorenzo,Asfalto,Pavimento,XVII,Dentro,Urbana,Ninguna,No existe,Intersección,Bueno,Buena,Diurna,Buen Tiempo,Lateral,S/D,Colisión,Ninguna,Faltante,Ninguna,Sin restricción
2018,4367,2018-08-03,Viernes,0,14:20:00,,0.0,2,"Automóvil,Moto/Ciclomotor",Av Galicia Y Rivadavia,2,1,0,0,1,0,0,"-31.605722222222,-60.692166666667",Avenida,,SANTA FE,La Capital,Asfalto,No existe,I,S/D,Urbana,Otra Señal,No existe,Intersección,S/D,Reducida,Amanecer,Otro,S/D,S/D,Colisión,S/D,Faltante,Ninguna,Sin restricción
2018,4368,2018-05-16,Miercoles,0,10:35:00,Ruta Nacional 9,0.0,1,Moto/Ciclomotor,Urquiza Y Ruta Nacional 9,2,1,0,0,1,0,0,"-32.90551, -60.90877",Ruta,9,ROLDÁN,San Lorenzo,Asfalto,Pavimento,XVII,Dentro,Urbana,Ninguna,Funciona,Intersección,Bueno,Reducida,Diurna,Lluvia,Otro,S/D,Despiste,Agua,Horizontal,Ninguna,Sin restricción
2018,4369,2018-08-15,Miercoles,0,21:05:00,,0.0,2,"Moto/Ciclomotor,Automóvil",Avellaneda Y Larrea,3,1,0,0,2,0,0,"-31.598722222222,-60.676277777778",Calle,,SANTA FE,La Capital,Asfalto,No existe,I,Dentro,Urbana,Ninguna,No existe,Intersección,Con baches,Reducida,"Nocturna,Con luz artificial",Otro,Lateral,S/D,Colisión,Ninguna,Vertical,Ninguna,Sin restricción
2018,4371,2018-01-13,Sabado,0,19:30:00,,0.0,1,Moto/Ciclomotor,Bv Pellegrini Y San Juan,1,1,0,0,0,0,0,"-31.632333333333,-60.718833333333",Calle,,SANTA FE,La Capital,Asfalto,S/D,I,Dentro,Urbana,S/D,S/D,Intersección,S/D,S/D,S/D,S/D,S/D,S/D,S/D,S/D,S/D,S/D,S/D
2018,4372,2018-08-05,Domingo,0,10:40:00,,0.0,2,"Automóvil,Moto/Ciclomotor",Larrea Y Rivadavia,2,1,0,0,1,0,0,"-31.595944444444,-60.689305555556",Calle,,SANTA FE,La Capital,S/D,S/D,I,S/D,Urbana,Ninguna,No existe,Intersección,Otro,S/D,Diurna,Otro,Otro,S/D,Colisión,Otro,Faltante,Ninguna,Sin restricción
2018,4373,2018-05-08,Martes,0,,Autopista Nacional Rosario -Cordoba,317.0,1,Camión c / Acoplado, ,1,1,0,0,0,0,0,"-32.91799, -60.93711",Autopista,Rosario -Córdoba,ROLDÁN,San Lorenzo,Asfalto,Natural,XVII,Fuera,Rural,Ninguna,No existe,Recta,Con baches,Reducida,Diurna,Lluvia,Otro,S/D,Despiste,Agua,Faltante,Vegetación,Sin restricción
2018,4374,2018-05-06,Domingo,0,16:10:00,Ruta Nacional 9,0.0,2,"Automóvil,Moto/Ciclomotor",Ruta Nacional 9 Y Acceso 012,4,2,0,0,2,0,0,"-32.907821403027, -60.895648186398",Ruta,9,ROLDÁN,San Lorenzo,Asfalto,Pavimento,XVII,Dentro,Urbana,Semáforo,Intermitente,Intersección,Ahuellamiento,Buena,Diurna,Buen Tiempo,Lateral,S/D,Colisión,Ninguna,Horizontal,Línea divisoria pintada,Sin restricción
2018,4375,2018-01-13,Sabado,0,19:30:00,,0.0,1,Moto/Ciclomotor, ,1,1,0,0,0,0,0,"-31.67461, -60.76562",S/D,,SANTO TOMÉ,La Capital,S/D,S/D,I,S/D,S/D,S/D,S/D,S/D,S/D,S/D,S/D,S/D,S/D,S/D,"Caída ocupante,Despiste",S/D,S/D,S/D,S/D
2018,4377,2018-08-01,Miercoles,0,18:30:00,,0.0,2,"Automóvil,Moto/Ciclomotor",Av Urquiza Y Santa Cruz,2,1,0,0,1,0,0,"-31.581694444444,-60.694416666667",Avenida,,SANTA FE,La Capital,Asfalto,S/D,I,Dentro,Urbana,S/D,S/D,Intersección,Bueno,Buena,S/D,Buen Tiempo,Lateral,S/D,Colisión,Ninguna,Faltante,S/D,S/D
2018,4378,2018-05-02,Miercoles,0,21:30:00,,0.0,2,"Bicicleta,Pickup/Utilitario",Islas Malvinas Y Suiza,2,1,0,0,1,0,0,"-32.729361111111,-60.73875",Calle,,SAN LORENZO,San Lorenzo,Asfalto,S/D,XVII,S/D,Urbana,S/D,No existe,Intersección,Bueno,S/D,S/D,S/D,S/D,Ciclista,Atropello,Ninguna,S/D,S/D,S/D
2018,4379,2018-05-07,Lunes,0,18:40:00,,0.0,3,"Automóvil,Moto/Ciclomotor,Peatón",Italia Y Clemente Albelo,4,2,1,0,1,0,0,"-32.722527777778,-60.738916666667",Calle,,SAN LORENZO,San Lorenzo,Asfalto,Natural,XVII,S/D,Urbana,S/D,No existe,Intersección,Bueno,S/D,Atardecer,Buen Tiempo,"De alcance,Múltiple",Peatón,"Colisión,Atropello",Ninguna,S/D,S/D,S/D
2018,4380,2018-08-05,Domingo,0,19:30:00,,0.0,2,"Camión Chasis,Moto/Ciclomotor",Av A del Valle Y Gorriti,2,1,0,0,0,0,1,"-31.590527777778,-60.692277777778",Avenida,,SANTA FE,La Capital,Asfalto,Pavimento,I,Dentro,Urbana,S/D,Funciona,Intersección,Bueno,Buena,"Nocturna,Con luz artificial",Buen Tiempo,Lateral,S/D,Colisión,S/D,Vertical,S/D,S/D
2018,4382,2018-05-09,Miercoles,0,18:20:00,,0.0,2,"Automóvil,Peatón",Irigoyen 3988,2,1,0,0,1,0,0,"-32.722111111111,-60.734277777778",Calle,,SAN LORENZO,San Lorenzo,Asfalto,S/D,XVII,S/D,Urbana,S/D,S/D,Recta,S/D,Buena,Atardecer,S/D,S/D,Peatón,Atropello,S/D,S/D,Ninguna,S/D
2018,4383,2018-01-15,Lunes,0,10:20:00,,0.0,1,Moto/Ciclomotor,Av Freyre Y Juan de Garay,1,1,0,0,0,0,0,"-31.650388888889,-60.720027777778",Avenida,,SANTA FE,La Capital,Asfalto,No existe,I,Dentro,Urbana,S/D,S/D,Intersección,S/D,S/D,Diurna,S/D,S/D,S/D,Caída ocupante,S/D,S/D,S/D,S/D
2018,4384,2018-08-06,Lunes,1,19:00:00,,0.0,2,"Automóvil,Moto/Ciclomotor",Av Facundo Zuviria Y Larrea,2,1,0,0,1,0,0,"-31.594,-60.699388888889",Avenida,,SANTA FE,La Capital,"Asfalto,Tierra",Pavimento,I,Dentro,Urbana,S/D,No existe,Intersección,Bueno,Buena,"Nocturna,Con luz artificial",Buen Tiempo,Lateral,S/D,Colisión,S/D,Faltante,S/D,S/D
2018,4386,2018-05-09,Miercoles,0,05:45:00,Autopista Provincial Brigadier E.López,12.0,3,"Automóvil,Automóvil,Automóvil", ,5,3,0,0,1,1,0,"-32.78417,-60.74508",Autopista,Brigadier E.López,FRAY LUIS BELTRÁN,San Lorenzo,Asfalto,Pavimento,XVII,Dentro,Rural,Ninguna,No existe,Recta,Bueno,Reducida,Nocturna,Niebla,Atropello animal,S/D,Colisión,Ninguna,"Horizontal,Vertical",Vegetación,Sin restricción
2018,4387,2018-01-15,Lunes,0,01:00:00,,0.0,1,Moto/Ciclomotor,Piedrabuena 2400,1,1,0,0,0,0,0,"-31.58725,-60.686833333333",Calle,,SANTA FE,La Capital,S/D,S/D,I,Dentro,Urbana,S/D,No existe,Recta,S/D,S/D,Nocturna,S/D,S/D,S/D,Caída ocupante,S/D,S/D,S/D,S/D
2018,4389,2018-08-09,Jueves,0,21:45:00,,0.0,2,"Automóvil,Moto/Ciclomotor",1ro de Mayo Y Gorriti,2,1,0,0,1,0,0,"-31.590305555556,-60.694166666667",Calle,,SANTA FE,La Capital,Asfalto,Pavimento,I,Dentro,Urbana,S/D,No existe,Intersección,Bueno,Buena,"Nocturna,Con luz artificial",Buen Tiempo,Lateral,S/D,Colisión,Ninguna,Faltante,S/D,S/D
2018,4390,2018-08-15,Miercoles,0,11:00:00,,0.0,2,"Automóvil,Moto/Ciclomotor",1ro de Mayo Y Reg 12 de Infanteria,2,1,0,0,1,0,0,"-31.597305555556,-60.696361111111",Calle,,SANTA FE,La Capital,Asfalto,Natural,I,Dentro,Urbana,Ninguna,No existe,Intersección,Bueno,Buena,Diurna,Buen Tiempo,Lateral,S/D,Colisión,Ninguna,Faltante,S/D,S/D
2018,4391,2018-01-15,Lunes,0,07:01:00,,0.0,2,"Automóvil,Camión",Av Pte Peron Y Iturraspe,2,1,0,0,0,0,1,"-31.625805555556,-60.718611111111",Avenida,,SANTA FE,La Capital,Asfalto,No existe,I,Dentro,Urbana,S/D,S/D,Intersección,S/D,S/D,Diurna,S/D,Lateral,S/D,Colisión,S/D,S/D,S/D,S/D
2018,4392,2018-05-28,Lunes,0,08:10:00,,0.0,2,"Automóvil,Automóvil",Urquiza Y Av San Martin,2,1,0,0,1,0,0,"-32.747805555556,-60.734111111111",Calle,,SAN LORENZO,San Lorenzo,S/D,S/D,XVII,S/D,Urbana,S/D,S/D,Otro,Otro,S/D,S/D,Otro,S/D,S/D,Colisión,S/D,Vertical,Ninguna,S/D
2018,4394,2018-08-17,Viernes,0,11:30:00,,0.0,2,"Automóvil,Moto/Ciclomotor",1ro de Mayo Y Reg 12 de Infanteria,2,1,0,0,1,0,0,"-31.597305555556,-60.696361111111",Calle,,SANTA FE,La Capital,Asfalto,Natural,I,Dentro,Urbana,S/D,No existe,Intersección,Bueno,Buena,Diurna,Buen Tiempo,Lateral,S/D,Colisión,Ninguna,Faltante,S/D,S/D
2018,4395,2018-08-24,Viernes,0,21:00:00,,0.0,2,"Moto/Ciclomotor,Taxi/Remis",1ro de Mayo Y Javier de la Rosa,2,1,0,0,0,0,1,"-31.59825,-60.6965",Calle,,SANTA FE,La Capital,Asfalto,Natural,I,Dentro,Urbana,S/D,No existe,Intersección,Con baches,Buena,Nocturna,Buen Tiempo,Lateral,S/D,Colisión,S/D,Faltante,S/D,S/D
2018,4396,2018-08-26,Domingo,0,19:30:00,,0.0,2,"Moto/Ciclomotor,Bicicleta",Av Facundo Zuviria Y Javier de la Rosa,2,1,0,0,1,0,0,"-31.597333333333,-60.700444444444",Avenida,,SANTA FE,La Capital,Asfalto,Pavimento,I,Dentro,Urbana,S/D,No existe,Intersección,Bueno,Buena,"Nocturna,Con luz artificial",Buen Tiempo,Lateral,Ciclista,Atropello,S/D,Faltante,S/D,S/D
2018,4397,2018-04-01,Domingo,0,21:30:00,,0.0,2,"Peatón,Automóvil",ABORIGEN ARGENTINO  Y ROULLON,2,1,0,0,1,0,0,"-32.981123105010, -60.700624756247",Calle,,ROSARIO,Rosario,Asfalto,No existe,II,Dentro,Urbana,Ninguna,No existe,Intersección,Bueno,Buena,Nocturna,Otro,S/D,S/D,Atropello,Ninguna,Faltante,Ninguna,Sin restricción
2018,4398,2018-07-10,Martes,0,22:00:00,,0.0,2,"Moto/Ciclomotor,Otros",COLECTORA CIRCUNVALACI?N  Y SALVAT,3,1,0,0,1,0,1,"-32.882806933539, -60.709241376060",Calle,,ROSARIO,Rosario,Asfalto,No existe,II,Dentro,Urbana,Ninguna,No existe,Intersección,Bueno,Buena,Nocturna,Buen Tiempo,De alcance,S/D,Colisión,Ninguna,Faltante,Ninguna,Sin restricción
2018,4399,2018-03-07,Miercoles,0,17:17:00,,0.0,2,"Moto/Ciclomotor,Automóvil",9 De Julio Y Sucre,3,1,0,0,2,0,0,"-32.944527777778,-60.691888888889",Calle,,ROSARIO,Rosario,Asfalto,No existe,II,Dentro,Urbana,Ninguna,No existe,Intersección,Bueno,Buena,Diurna,Otro,De alcance,S/D,Colisión,Ninguna,Faltante,Ninguna,Sin restricción
2018,4400,2018-07-03,Martes,0,08:55:00,Autopista Nacional A008,0.0,2,"Camión c / Semirremolque,Moto/Ciclomotor",Av. Jorge Newbery Y Av. Circunvalacion,3,2,0,0,1,0,0,"-32.908317, -60.724347",Autopista,A008,ROSARIO,Rosario,Asfalto,No existe,II,Dentro,Urbana,Semáforo,Funciona,Recta,Bueno,Buena,Diurna,Buen Tiempo,S/D,S/D,Colisión,Ninguna,"Horizontal,Vertical","Cordón divisorio,S/D",Sin restricción
2018,4401,2018-03-03,Sabado,0,20:00:00,,0.0,2,"Moto/Ciclomotor,Automóvil",I A Edison Y Victor Hugo,5,2,0,0,3,0,0,"-33.016479, -60.631578",Calle,,VILLA GOBERNADOR GÁLVEZ,Rosario,Asfalto,No existe,II,Dentro,Urbana,Ninguna,No existe,Intersección,Bueno,Buena,"Nocturna,Con luz artificial",Buen Tiempo,Lateral,S/D,Colisión,Ninguna,Faltante,Ninguna,Sin restricción
2018,4402,2018-03-09,Viernes,0,10:00:00,,0.0,2,"Automóvil,Peatón",Montevideo Y Servando Bayo,2,1,0,0,1,0,0,"-32.947833333333,-60.687055555556",Calle,,ROSARIO,Rosario,Asfalto,No existe,II,Dentro,Urbana,Ninguna,No existe,Intersección,Bueno,S/D,Diurna,Buen Tiempo,S/D,Peatón,Atropello,Ninguna,Faltante,Ninguna,Sin restricción
2018,4403,2018-03-04,Domingo,0,19:00:00,,0.0,2,"Moto/Ciclomotor,Automóvil",Bv San diego 446,3,3,0,0,0,0,0,"-33.018640, -60.612392",Avenida,,VILLA GOBERNADOR GÁLVEZ,Rosario,Asfalto,No existe,II,Dentro,Urbana,Ninguna,No existe,Recta,Bueno,Buena,"Atardecer,Con luz artificial",Buen Tiempo,Lateral,S/D,Colisión,Ninguna,Faltante,Ninguna,Sin restricción
2018,4404,2018-03-08,Jueves,0,10:05:00,,0.0,2,"Pickup/Utilitario,Moto/Ciclomotor",San Luis Y Alsina,2,1,0,0,1,0,0,"-32.942166666667,-60.677083333333",Calle,,ROSARIO,Rosario,Asfalto,No existe,II,Dentro,Urbana,S/D,No existe,Recta,Bueno,S/D,Diurna,Otro,De alcance,S/D,Colisión,Ninguna,Faltante,Ninguna,Sin restricción
2018,4405,2018-07-14,Sabado,0,16:00:00,Autopista Nacional A008,0.0,2,"Moto/Ciclomotor,Transporte de Pasajeros Urbano (> 8 asientos)",Av. Circunvalacion Y Baigorria,2,1,0,0,1,0,0,"-32.894166666667,-60.720916666667",Autopista,A008,ROSARIO,Rosario,Asfalto,No existe,II,Dentro,Urbana,Ninguna,No existe,Intersección,Bueno,Buena,Atardecer,S/D,Lateral,S/D,Colisión,Ninguna,Faltante,Ninguna,Sin restricción