anio_acci,nro_acci,fecha,desc_dia,fecha_aprox,hora_aprox,desc_ruta,km,cant_participantes,desc_participante,calle_avenida_km,total,heridos_leves,heridos_graves,heridos_gravisimos,ilesos,fallecidos,sin_datos,posicion_XY,desc_tipo_via,desc_ruta_ori,desc_loc,desc_dpto,desc_tipo_calzada,desc_tipo_banquina,desc_unidad_regional,desc_lugar_calzada,desc_zona,desc_prioridad,desc_estado_semaforo,desc_lugar_via,desc_estado_via,desc_estado_visibilidad,desc_luminosidad,desc_estado_clima,desc_tipo_colision,desc_tipo_atropello,desc_tipo_hecho,desc_pres_calzada,desc_senializacion,desc_separacion_via,desc_restriccion
2018,4406,2018-03-27,Martes,0,07:20:00,,0.0,2,"Moto/Ciclomotor,Automóvil",Av Gral San Martin Y Esperanza,2,1,0,0,1,0,0,"-33.038756, -60.613153",Calle,,VILLA GOBERNADOR GÁLVEZ,Rosario,Asfalto,No existe,II,Dentro,Urbana,Ninguna,No existe,Intersección,Bueno,Buena,Diurna,Buen Tiempo,Lateral,S/D,Colisión,Ninguna,Faltante,Ninguna,Sin restricción
2018,4407,2018-03-17,Sabado,0,13:45:00,,0.0,2,"Moto/Ciclomotor,Automóvil",San Juan 3100,2,1,0,0,1,0,0,"-32.94525,-60.666555555556",Calle,,ROSARIO,Rosario,Asfalto,No existe,II,Dentro,Urbana,Semáforo,Funciona,Recta,Bueno,Buena,Diurna,Buen Tiempo,De alcance,S/D,Colisión,Ninguna,"Horizontal,Vertical",Cordón divisorio,Sin restricción
2018,4408,2018-07-12,Jueves,0,19:45:00,Autopista Nacional A008,0.0,2,"Automóvil,Camión c / Acoplado",Av. Circunvalacion Y Av. Ovidio Lagos,2,1,0,0,1,0,0,"-33.009194444444,-60.67725",Autopista,A008,ROSARIO,Rosario,Asfalto,No existe,II,Dentro,Urbana,Ninguna,No existe,Recta,Bueno,Buena,Con luz artificial,Buen Tiempo,De alcance,S/D,Colisión,Ninguna,Horizontal,Guardarrail,Sin restricción
2018,4409,2018-03-24,Sabado,0,17:20:00,,0.0,2,"Automóvil,Automóvil",Fornieles Y Alvear,4,3,0,0,1,0,0,"-33.021371, -60.611251",Calle,,VILLA GOBERNADOR GÁLVEZ,Rosario,Asfalto,No existe,II,Dentro,Urbana,Ninguna,No existe,Intersección,Bueno,S/D,Atardecer,Buen Tiempo,Lateral,S/D,Colisión,Ninguna,Faltante,Ninguna,Sin restricción
2018,4410,2018-03-09,Viernes,0,19:20:00,,0.0,2,"Pickup/Utilitario,Bicicleta",San Juan Y Bv. Avellaneda,2,1,0,0,1,0,0,"-32.942777777778,-60.680222222222",Avenida,,ROSARIO,Rosario,Asfalto,No existe,II,Dentro,Urbana,Semáforo,Funciona,Intersección,Bueno,Buena,Diurna,Buen Tiempo,S/D,Ciclista,Atropello,Ninguna,"Horizontal,Vertical",Cordón divisorio,Sin restricción
2018,4413,2018-03-20,Martes,0,17:30:00,,0.0,2,"Automóvil,Pickup/Utilitario",J M Estrada Y Tucuman,2,1,0,0,1,0,0,"-33.026516, -60.619500",Calle,,VILLA GOBERNADOR GÁLVEZ,Rosario,Asfalto,No existe,II,Dentro,Urbana,Ninguna,S/D,Intersección,Bueno,Buena,Atardecer,Buen Tiempo,Lateral,S/D,Colisión,Ninguna,Faltante,Ninguna,Sin restricción
2018,4414,2018-03-26,Lunes,0,17:50:00,,0.0,2,"Bicicleta,Automóvil",San Luis Y Vera Mujica,2,1,0,0,1,0,0,"-32.943888888889,-60.667555555556",Calle,,ROSARIO,Rosario,Asfalto,No existe,II,Dentro,Urbana,Ninguna,No existe,Intersección,Bueno,Buena,Diurna,Buen Tiempo,S/D,Ciclista,Atropello,Ninguna,Faltante,Ninguna,Sin restricción
2018,4415,2018-03-20,Martes,0,09:45:00,,0.0,2,"Bicicleta,Pickup/Utilitario",Pje. Chile Y Espora,2,1,0,0,1,0,0,"-33.023953, -60.617620",Calle,,ROSARIO,Rosario,Asfalto,No existe,II,Dentro,Urbana,Ninguna,No existe,Intersección,Bueno,Buena,"Nocturna,Con luz artificial",Buen Tiempo,S/D,Ciclista,Atropello,Ninguna,Faltante,Ninguna,Sin restricción
2018,4416,2018-07-22,Domingo,0,21:00:00,Autopista Nacional A008,0.0,2,"Moto/Ciclomotor,Pickup/Utilitario",Av. Circunvalacion Y Autopista Rosario - Santa Fe,2,1,0,0,1,0,0,"-32.883410897160, -60.71127946237",Autopista,A008,ROSARIO,Rosario,Asfalto,No existe,II,Dentro,Urbana,Ninguna,No existe,Intersección,Bueno,Buena,Nocturna,Buen Tiempo,De alcance,S/D,Colisión,Ninguna,Horizontal,Línea divisoria pintada,Sin restricción
2018,4417,2018-03-18,Domingo,0,09:00:00,,0.0,2,"Pickup/Utilitario,Moto/Ciclomotor",San Luis Y Ricchieri,2,1,0,0,1,0,0,"-32.944611111111,-60.663472222222",Calle,,ROSARIO,Rosario,Asfalto,No existe,II,Dentro,Urbana,Ninguna,No existe,Intersección,Bueno,Buena,Diurna,Buen Tiempo,De alcance,S/D,Colisión,Ninguna,Faltante,Ninguna,Sin restricción
2018,4418,2018-03-10,Sabado,0,05:30:00,Ruta Provincial 21,0.0,2,"Automóvil,Automóvil", ,5,2,0,0,3,0,0,"-33.015146, -60.632230",Ruta,21,VILLA GOBERNADOR GÁLVEZ,Rosario,Asfalto,No existe,II,Dentro,Urbana,Ninguna,No existe,Intersección,Bueno,Buena,"Nocturna,Con luz artificial",Buen Tiempo,Lateral,S/D,Colisión,Ninguna,Faltante,Ninguna,Sin restricción
2018,4419,2018-03-27,Martes,0,10:40:00,,0.0,2,"Moto/Ciclomotor,Pickup/Utilitario",Mendoza Y Bv. Avellaneda,2,1,0,0,1,0,0,"-32.94425,-60.680305555556",Avenida,,ROSARIO,Rosario,Asfalto,No existe,II,Dentro,Urbana,Semáforo,Funciona,Intersección,Bueno,Buena,Diurna,Buen Tiempo,De alcance,S/D,Colisión,Ninguna,"Horizontal,Vertical",Cordón divisorio,Sin restricción
2018,4420,2018-03-09,Viernes,0,20:10:00,Ruta Provincial 21,3.0,2,"Moto/Ciclomotor,Transporte de Pasajeros (H/ 8 asientos)",Monte Hermoso ,2,1,0,0,1,0,0,"-33.043855, -60.609160",Ruta,21,VILLA GOBERNADOR GÁLVEZ,Rosario,Asfalto,No existe,II,Dentro,Urbana,Semáforo,Funciona,Intersección,Bueno,Buena,"Nocturna,Con luz artificial",Buen Tiempo,Lateral,S/D,Colisión,Ninguna,Faltante,"Guardarrail,Cordón divisorio",Sin restricción
2018,4421,2018-03-21,Miercoles,0,09:30:00,,0.0,3,"Automóvil,Pickup/Utilitario,Automóvil",Av. Pellegrini Y Pascual Rosas,4,1,0,0,1,0,2,"-32.948611111111,-60.688666666667",Calle,,ROSARIO,Rosario,Asfalto,No existe,II,Dentro,Urbana,Ninguna,No existe,Intersección,Bueno,Buena,Diurna,Buen Tiempo,Múltiple,S/D,Colisión,Ninguna,Horizontal,Ninguna,Sin restricción
2018,4422,2018-03-06,Martes,0,23:40:00,,0.0,2,"Moto/Ciclomotor,Automóvil",Av Gral San Martin Y Libertad,2,1,0,0,1,0,0,"-33.021081, -60.629754",Avenida,,VILLA GOBERNADOR GÁLVEZ,Rosario,Asfalto,No existe,II,Dentro,Urbana,Paso Peatonal,No existe,Intersección,Bueno,Buena,"Nocturna,Con luz artificial",Buen Tiempo,Lateral,S/D,Colisión,Ninguna,Horizontal,Cordón divisorio,Sin restricción
2018,4423,2018-03-23,Viernes,0,18:00:00,,0.0,2,"Moto/Ciclomotor,Automóvil",Servando Bayo Y Montevideo,2,1,0,0,1,0,0,"-32.947833333333,-60.687055555556",Calle,,ROSARIO,Rosario,Asfalto,No existe,II,Dentro,Urbana,Ninguna,No existe,Intersección,Bueno,Buena,Diurna,Buen Tiempo,De alcance,S/D,Colisión,Ninguna,Faltante,Ninguna,Sin restricción
2018,4424,2018-07-15,Domingo,0,07:45:00,,0.0,2,"Pickup/Utilitario,Moto/Ciclomotor",Av de Circunvalacion Y Nogues,2,1,0,0,1,0,0,"-33.013280175550, -60.616137415238",Avenida,,VILLA GOBERNADOR GÁLVEZ,Rosario,Asfalto,Pavimento,II,Dentro,Urbana,Señal Ceda el Paso,No existe,Paso a Nivel FFCC,Bueno,Buena,Diurna,Buen Tiempo,Lateral,S/D,Colisión,Ninguna,Vertical,Guardarrail,Sin restricción
2018,4425,2018-03-04,Domingo,0,18:30:00,,0.0,2,"Automóvil,Moto/Ciclomotor",Mendoza 7500,3,0,2,0,0,0,1,"-32.940506, -60.723359",Calle,,ROSARIO,Rosario,Asfalto,No existe,II,Dentro,Urbana,Semáforo,Funciona,Recta,Bueno,S/D,"Nocturna,Con luz artificial",S/D,De alcance,S/D,Colisión,Ninguna,Vertical,Cordón divisorio,S/D
2018,4426,2018-03-18,Domingo,0,11:50:00,,0.0,2,"Moto/Ciclomotor,Automóvil",3 De Febrero Y Iriondo,2,1,0,0,1,0,0,"-32.947166666667,-60.671222222222",Calle,,ROSARIO,Rosario,Asfalto,No existe,II,Dentro,Urbana,Ninguna,No existe,Intersección,Bueno,Buena,Diurna,Buen Tiempo,De alcance,S/D,Colisión,S/D,Faltante,Ninguna,Sin restricción
2018,4427,2018-03-21,Miercoles,0,08:50:00,,0.0,2,"Automóvil,Pickup/Utilitario",Mendoza Y Crespo,2,1,0,0,1,0,0,"-32.946166666667,-60.669555555556",Calle,,ROSARIO,Rosario,Asfalto,No existe,II,Dentro,Urbana,Semáforo,No funciona,Intersección,Bueno,Buena,Diurna,Buen Tiempo,De alcance,S/D,Colisión,Ninguna,"Horizontal,Vertical",Ninguna,Sin restricción
2018,4428,2018-07-05,Jueves,0,14:55:00,,0.0,2,"Automóvil,Moto/Ciclomotor",COLECTORA CIRCUNVALACI?N Y DEAN FUNES,3,2,0,0,0,0,1,"-32.967705956982, -60.717721025660",Calle,,ROSARIO,Rosario,Asfalto,No existe,II,Dentro,Urbana,Ninguna,No existe,Cruce,Bueno,Buena,Diurna,Buen Tiempo,Frontal,S/D,Colisión,Ninguna,Faltante,Ninguna,Sin restricción
2018,4429,2018-03-23,Viernes,0,08:00:00,,0.0,2,"Moto/Ciclomotor,Taxi/Remis",Mendoza Y Av. Ovidio Lagos,2,1,0,0,1,0,0,"-32.947388888889,-60.662722222222",Avenida,,ROSARIO,Rosario,Asfalto,No existe,II,Dentro,Urbana,Semáforo,Funciona,Intersección,Bueno,Buena,Diurna,Buen Tiempo,De alcance,S/D,Colisión,Ninguna,"Horizontal,Vertical",Ninguna,Sin restricción
2018,4430,2018-03-15,Jueves,0,02:20:00,,0.0,2,"Automóvil,Moto/Ciclomotor",Ugarte Y Valentin Gomez,2,1,0,0,1,0,0,"-32.876261, -60.701402",Calle,,ROSARIO,Rosario,Asfalto,No existe,II,Dentro,Urbana,Ninguna,No existe,Recta,Bueno,Buena,"Nocturna,Con luz artificial",Buen Tiempo,De alcance,S/D,Colisión,S/D,Faltante,Ninguna,Sin restricción
2018,4431,2018-03-04,Domingo,0,20:00:00,,0.0,2,"Moto/Ciclomotor,Automóvil",Lima Y 3 De Febrero,3,2,0,0,1,0,0,"-32.944694444444,-60.684833333333",Calle,,ROSARIO,Rosario,Asfalto,No existe,II,Dentro,Urbana,Ninguna,No existe,Intersección,Bueno,Buena,"Nocturna,Con luz artificial",Buen Tiempo,De alcance,S/D,Colisión,Ninguna,Faltante,Ninguna,Sin restricción
2018,4432,2018-03-22,Jueves,0,10:30:00,Autopista Provincial Brigadier E.López,0.0,2,"Automóvil,Camión Chasis",J.Colombres ,2,0,0,1,1,0,0,"-32.929937, -60.729739",Autopista,Brigadier E.López,ROSARIO,Rosario,Asfalto,Pavimento,II,Dentro,Urbana,Semáforo,Funciona,Recta,Bueno,S/D,Diurna,S/D,Otro,S/D,Colisión,S/D,"Horizontal,Vertical","Cordón divisorio,Línea divisoria pintada",S/D
2018,4433,2018-03-03,Sabado,0,09:50:00,,0.0,2,"Automóvil,Pickup/Utilitario",Juez Zuviria Y Navarro,2,0,1,0,1,0,0,"-32.931916666667,-60.7285",Calle,,ROSARIO,Rosario,Asfalto,No existe,II,Dentro,Urbana,Ninguna,No existe,Intersección,Bueno,Buena,Diurna,Buen Tiempo,Lateral,S/D,Colisión,Ninguna,Faltante,Ninguna,Sin restricción
2018,4434,2018-03-25,Domingo,0,13:00:00,,0.0,2,"Automóvil,Moto/Ciclomotor",Nicaragua Y Mendoza,2,0,1,0,1,0,0,"-32.940409, -60.720732",Calle,,ROSARIO,Rosario,Asfalto,No existe,II,Dentro,Urbana,Paso Peatonal,No existe,Recta,Bueno,S/D,"Diurna,Con luz artificial",S/D,Otro,S/D,Colisión,S/D,Horizontal,"Cordón divisorio,Línea divisoria pintada",S/D
2018,4435,2018-03-31,Sabado,0,21:00:00,Ruta Provincial 21,0.0,2,"Pickup/Utilitario,Moto/Ciclomotor",SAN MARTIN ,2,1,0,0,1,0,0,"-33.073789672446, -60.578154475828",Ruta,21,PUEBLO ESTHER,Rosario,Asfalto,Pavimento,II,S/D,Urbana,S/D,No existe,Cruce,Bueno,S/D,Nocturna,Buen Tiempo,De alcance,S/D,Colisión,S/D,S/D,S/D,S/D
2018,4436,2018-03-26,Lunes,0,16:00:00,,0.0,2,"Moto/Ciclomotor,Pickup/Utilitario",Donado Y Mendoza,3,2,0,0,1,0,0,"-32.940626, -60.726968",Calle,,ROSARIO,Rosario,Asfalto,No existe,II,Dentro,Urbana,Semáforo,Intermitente,Recta,Bueno,Buena,Diurna,Buen Tiempo,Otro,S/D,Colisión,S/D,"Horizontal,Vertical",Ninguna,S/D
2018,4437,2018-03-01,Jueves,0,08:25:00,,0.0,3,"Automóvil,Taxi/Remis,Moto/Ciclomotor",J.J.Paso Y Acevedo Bis,4,0,1,0,2,0,1,"-32.921222222222,-60.749111111111",Calle,,ROSARIO,Rosario,Asfalto,No existe,II,Dentro,Urbana,Ninguna,No existe,Recta,Bueno,Buena,Diurna,Buen Tiempo,Múltiple,S/D,Colisión,Ninguna,Faltante,Ninguna,Sin restricción
2018,4438,2018-03-03,Sabado,0,12:30:00,,0.0,1,Moto/Ciclomotor,Colombia Y Pje. Einstein,1,1,0,0,0,0,0,"-32.924944444444,-60.716833333333",Calle,,ROSARIO,Rosario,Asfalto,No existe,II,Dentro,Urbana,Ninguna,No existe,Recta,Bueno,Buena,Diurna,Buen Tiempo,S/D,S/D,Caída ocupante,Ninguna,Faltante,Ninguna,Sin restricción
2018,4439,2018-03-24,Sabado,0,14:30:00,,0.0,2,"Moto/Ciclomotor,Automóvil",Pje. Huergo Y Estado de Israel,2,1,0,0,1,0,0,"-32.991566, -60.639553",Calle,,ROSARIO,Rosario,Asfalto,No existe,II,Dentro,Urbana,Otra Señal,No existe,Intersección,Bueno,Buena,Diurna,Buen Tiempo,Lateral,S/D,Colisión,S/D,Vertical,Ninguna,Sin restricción
2018,4440,2018-03-07,Miercoles,0,16:20:00,,0.0,2,"Moto/Ciclomotor,Automóvil",Bv. Avellaneda Y Pasco,2,1,0,0,1,0,0,"-32.95225,-60.682361111111",Avenida,,ROSARIO,Rosario,Asfalto,No existe,II,Dentro,Urbana,Ninguna,No existe,Recta,Bueno,Buena,Diurna,Buen Tiempo,Frontal,S/D,Colisión,Ninguna,Faltante,S/D,Sin restricción
2018,4441,2018-03-06,Martes,0,08:45:00,,0.0,2,"Moto/Ciclomotor,Automóvil",Hilarion de la Quintana Y Buenos Aires,2,1,0,0,1,0,0,"-33.000810, -60.645012",Calle,,ROSARIO,Rosario,Asfalto,No existe,II,Dentro,Urbana,Ninguna,No existe,Intersección,Bueno,Buena,Diurna,Buen Tiempo,Lateral,S/D,Colisión,Ninguna,Faltante,Ninguna,Sin restricción
2018,4442,2018-03-30,Viernes,0,02:45:00,,0.0,1,Moto/Ciclomotor,Jose Ingenieros Y Bv. Wilde Bis,1,1,0,0,0,0,0,"-32.917833333333,-60.739333333333",Calle,,ROSARIO,Rosario,Asfalto,No existe,II,Dentro,Urbana,Ninguna,No existe,Recta,Bueno,Buena,Nocturna,Buen Tiempo,S/D,S/D,Caída ocupante,Ninguna,Faltante,Ninguna,Sin restricción
2018,4443,2018-03-06,Martes,0,15:30:00,,0.0,2,"Automóvil,Automóvil",Constitucion Y Pje. Gordillo,3,1,0,0,2,0,0,"-32.954916666667,-60.677472222222",Calle,,ROSARIO,Rosario,Asfalto,No existe,II,Dentro,Urbana,Ninguna,No existe,Recta,Bueno,Buena,Diurna,Buen Tiempo,Lateral,S/D,Colisión,Ninguna,Faltante,Ninguna,Sin restricción
2018,4444,2018-03-27,Martes,0,19:00:00,,0.0,2,"Moto/Ciclomotor,Pickup/Utilitario",Av. Pte.Peron Y Vera Mujica,2,1,0,0,1,0,0,"-32.956194444444,-60.670666666667",Avenida,,ROSARIO,Rosario,Asfalto,No existe,II,Dentro,Urbana,Semáforo,Funciona,Intersección,Bueno,Buena,Atardecer,Buen Tiempo,Lateral,S/D,Colisión,Ninguna,Vertical,Ninguna,Sin restricción
2018,4445,2018-03-07,Miercoles,0,12:00:00,Autopista Nacional A008,0.0,2,"Camión Chasis,Moto/Ciclomotor",Rivarola Y Av. Circunvalacion,3,2,0,0,1,0,0,"-32.966055555556,-60.720222222222",Autopista,A008,ROSARIO,Rosario,Asfalto,No existe,II,Dentro,Urbana,Semáforo,Funciona,Intersección,Bueno,Buena,Diurna,Buen Tiempo,Otro,S/D,Colisión,Ninguna,"Horizontal,Vertical",Ninguna,Sin restricción
2018,4447,2018-03-09,Viernes,0,20:00:00,Autopista Nacional A008,0.0,2,"Moto/Ciclomotor,Moto/Ciclomotor",Bv. 27 De Febrero Y Av. Circunvalacion,2,2,0,0,0,0,0,"-32.959527777778,-60.721583333333",Autopista,A008,ROSARIO,Rosario,Asfalto,Pavimento,II,S/D,Urbana,Semáforo,Funciona,Recta,Bueno,Buena,Atardecer,Buen Tiempo,Lateral,S/D,Colisión,Ninguna,Vertical,Ninguna,Sin restricción
2018,4448,2018-03-01,Jueves,1,00:05:00,,0.0,2,"Automóvil,Automóvil",Av. Pte.Peron Y J.M.de Rosas,2,1,0,0,1,0,0,"-32.973194444444,-60.722",Calle,,ROSARIO,Rosario,Asfalto,Pavimento,II,S/D,Urbana,Semáforo,Funciona,Recta,Bueno,Buena,Nocturna,Buen Tiempo,Frontal,S/D,Colisión,S/D,Vertical,Ninguna,Sin restricción
2018,4449,2018-03-19,Lunes,0,13:20:00,Autopista Nacional A008,0.0,2,"Moto/Ciclomotor,Pickup/Utilitario",Av. Pte.Peron Y Av. Circunvalacion,2,1,0,0,1,0,0,"-32.970861111111,-60.717305555556",Autopista,A008,ROSARIO,Rosario,Asfalto,Pavimento,II,S/D,Urbana,Semáforo,Funciona,Intersección,Bueno,Buena,Diurna,Buen Tiempo,Lateral,S/D,Colisión,Ninguna,Vertical,Ninguna,Sin restricción
2018,4450,2018-03-06,Martes,0,13:30:00,,0.0,2,"Moto/Ciclomotor,Peatón",Godoy Cruz Y F.More,2,2,0,0,0,0,0,"-32.955194444444,-60.693138888889",Calle,,ROSARIO,Rosario,Asfalto,No existe,II,Dentro,Urbana,Ninguna,Funciona,Intersección,Bueno,Buena,Diurna,Otro,S/D,Peatón,Atropello,Ninguna,Vertical,Ninguna,Sin restricción
2018,4451,2018-03-16,Viernes,0,21:30:00,,0.0,2,"Moto/Ciclomotor,Moto/Ciclomotor",Matienzo Y Saavedra,3,3,0,0,0,0,0,"-32.969305555556,-60.693583333333",Calle,,ROSARIO,Rosario,Asfalto,No existe,II,Dentro,Urbana,Ninguna,No existe,Intersección,Bueno,Buena,Nocturna,Otro,Lateral,S/D,Colisión,Ninguna,Faltante,Ninguna,Sin restricción
2018,4452,2018-01-15,Lunes,0,15:30:00,,0.0,1,Moto/Ciclomotor,Suipacha 4200,1,1,0,0,0,0,0,"-31.63862, -60.71104",Calle,,SANTA FE,La Capital,Asfalto,No existe,I,Dentro,Urbana,S/D,Funciona,Recta,S/D,S/D,Diurna,S/D,S/D,S/D,Caída ocupante,S/D,S/D,S/D,S/D
2018,4453,2018-05-29,Martes,0,01:50:00,Ruta Nacional 11,0.0,1,Moto/Ciclomotor,Ruta Nac 11 Y Congreso,1,1,0,0,0,0,0,"-32.7632, -60.73247",Ruta,11,SAN LORENZO,San Lorenzo,S/D,S/D,XVII,S/D,Urbana,S/D,S/D,Otro,Otro,S/D,S/D,S/D,Atropello animal,S/D,Atropello,Ninguna,Vertical,Ninguna,S/D
2018,4454,2018-05-27,Domingo,0,19:30:00,,0.0,2,"Automóvil,Automóvil",Irigoyen Y Urquiza,4,3,0,0,1,0,0,"-32.74775,-60.736305555556",Avenida,,SAN LORENZO,San Lorenzo,S/D,S/D,XVII,S/D,Urbana,S/D,S/D,Otro,Otro,S/D,S/D,Otro,S/D,S/D,Colisión,Ninguna,Vertical,Ninguna,S/D
2018,4455,2018-05-26,Sabado,0,,,0.0,2,"Automóvil,Moto/Ciclomotor",Sargento Cabral Y San Luis,2,1,0,0,1,0,0,"-32.753583333333,-60.730805555556",Calle,,SAN LORENZO,San Lorenzo,S/D,S/D,XVII,S/D,Urbana,S/D,S/D,Otro,Otro,S/D,S/D,Otro,S/D,S/D,Colisión,Ninguna,Vertical,Ninguna,S/D
2018,4456,2018-05-25,Viernes,0,,,0.0,3,"Automóvil,Moto/Ciclomotor,Bicicleta",Dorrego Y Tucuman,3,2,0,0,1,0,0,"-32.742166666667,-60.737166666667",Calle,,SAN LORENZO,San Lorenzo,S/D,S/D,XVII,S/D,Urbana,S/D,S/D,Otro,Otro,S/D,S/D,Otro,Múltiple,Ciclista,"Colisión,Atropello",S/D,Horizontal,Ninguna,S/D
2018,4457,2018-01-15,Lunes,0,20:40:00,,0.0,2,"Moto/Ciclomotor,Automóvil",bajada di stefano ,2,1,0,0,0,0,1,"-31.63993, -60.63908",Calle,,LA GUARDIA,La Capital,S/D,S/D,I,S/D,Urbana,S/D,No existe,Recta,S/D,S/D,Nocturna,S/D,S/D,S/D,Colisión,S/D,S/D,S/D,S/D
2018,4459,2018-01-15,Lunes,0,21:20:00,,0.0,2,"Moto/Ciclomotor,Moto/Ciclomotor",Azcuenaga Y Lisandro de La Torre,2,1,0,0,0,0,1,"-31.678055555556,-60.777222222222",Calle,,SANTO TOMÉ,La Capital,Asfalto,No existe,I,Dentro,Urbana,S/D,S/D,Intersección,S/D,S/D,Nocturna,S/D,S/D,S/D,Colisión,S/D,S/D,S/D,S/D
2018,4461,2018-05-24,Jueves,0,12:30:00,,0.0,3,"Moto/Ciclomotor,Moto/Ciclomotor,Pickup/Utilitario",INGENIERO WHITE Y INT KURI,3,1,0,0,1,0,1,"-32.76373, -60.73893",Calle,,SAN LORENZO,San Lorenzo,S/D,S/D,XVII,S/D,Urbana,S/D,S/D,S/D,Otro,S/D,S/D,Otro,Otro,S/D,Colisión,S/D,Vertical,Ninguna,S/D
2018,4462,2018-01-15,Lunes,0,22:30:00,Ruta Nacional 168,476.0,2,"Moto/Ciclomotor,Automóvil", ,2,1,0,0,0,0,1,"-31.62673, -60.60528",Ruta,168,SANTA FE,La Capital,Asfalto,Natural,I,Dentro,Urbana,S/D,No existe,Recta,Bueno,S/D,Nocturna,S/D,S/D,S/D,Colisión,S/D,S/D,S/D,S/D
2018,4463,2018-08-15,Miercoles,0,03:30:00,,0.0,2,"Moto/Ciclomotor,Automóvil",J Castelli Y Las Heras,2,1,0,0,1,0,0,"-31.607583333333,-60.689055555556",Calle,,SANTA FE,La Capital,Asfalto,No existe,I,Dentro,Urbana,Ninguna,No existe,Intersección,Bueno,Reducida,"Nocturna,Con luz artificial",Otro,Lateral,S/D,Colisión,S/D,Vertical,Ninguna,Sin restricción
2018,4464,2018-05-23,Miercoles,0,11:35:00,,0.0,2,"Pickup/Utilitario,Peatón",Av San Martin Y Belgrano,3,1,0,0,2,0,0,"-32.746805555556,-60.734083333333",Calle,,SAN LORENZO,San Lorenzo,S/D,S/D,XVII,S/D,Urbana,S/D,S/D,Otro,Otro,S/D,S/D,Otro,S/D,Peatón,Atropello,S/D,S/D,Ninguna,S/D
2018,4465,2018-05-18,Viernes,1,22:00:00,Ruta Provincial 23,30.5,2,"Moto/Ciclomotor,Pickup/Utilitario",RUTA PCIAL 23 Y RUTA PCIAL 71S,2,1,0,0,1,0,0,"-30.360226749025, -61.910128205054",Ruta,23,SAN GUILLERMO,San Cristóbal,Asfalto,Natural,XIII,Dentro,Urbana,Ninguna,No existe,Recta,Bueno,Reducida,"Nocturna,Con luz artificial",Buen Tiempo,Frontal,S/D,Colisión,Ninguna,S/D,Línea divisoria pintada,Sin restricción
2018,4466,2018-08-13,Lunes,0,09:20:00,,0.0,2,"Moto/Ciclomotor,Automóvil",Guemes Y Pje Calcena,2,1,0,0,1,0,0,"-31.625166666667,-60.685138888889",Calle,,SANTA FE,La Capital,Asfalto,No existe,I,Dentro,Urbana,Ninguna,No existe,Intersección,Deteriorada,Buena,Diurna,Otro,Lateral,S/D,Colisión,Ninguna,Vertical,Ninguna,Sin restricción
2018,4467,2018-05-22,Martes,0,17:25:00,,0.0,2,"Moto/Ciclomotor,Automóvil",Av San Martin Y Feliciano Silva,2,1,0,0,1,0,0,"-32.77717, -60.72816",Avenida,,SAN LORENZO,San Lorenzo,S/D,S/D,XVII,S/D,Urbana,S/D,S/D,Otro,Otro,S/D,S/D,Otro,S/D,S/D,Colisión,S/D,Horizontal,Ninguna,S/D
2018,4468,2018-08-16,Jueves,0,11:30:00,,0.0,2,"Automóvil,Moto/Ciclomotor",French Y Sarmiento,2,1,0,0,1,0,0,"-31.594833333333,-60.680777777778",S/D,,SANTA FE,La Capital,S/D,No existe,I,S/D,Urbana,S/D,No existe,Intersección,Otro,Reducida,Diurna,Buen Tiempo,Otro,S/D,Colisión,Ninguna,Faltante,Ninguna,Sin restricción
2018,4469,2018-05-28,Lunes,0,07:50:00,Ruta Nacional 9,327.7,2,"Automóvil,Bicicleta",Ruta Nacional 9 Y Urquiza,2,1,0,0,1,0,0,"-32.90552, -60.90874",Ruta,9,ROLDÁN,San Lorenzo,Asfalto,Pavimento,XVII,Dentro,Urbana,Semáforo,Funciona,Intersección,Bueno,Buena,Diurna,Buen Tiempo,S/D,Ciclista,Atropello,Ninguna,Horizontal,Ninguna,Sin restricción
2018,4470,2018-05-22,Martes,0,09:10:00,,0.0,2,"Moto/Ciclomotor,Automóvil",Falucho Y Av Carlos A Poucel,2,1,0,0,1,0,0,"-32.73697, -60.7379",Calle,,SAN LORENZO,San Lorenzo,S/D,S/D,XVII,S/D,Urbana,S/D,S/D,Otro,S/D,S/D,S/D,S/D,S/D,S/D,Colisión,S/D,Horizontal,Ninguna,S/D
2018,4471,2018-08-17,Viernes,0,14:50:00,,0.0,2,"Automóvil,Moto/Ciclomotor",Las Heras Y Matheu,2,2,0,0,0,0,0,"-31.594888888889,-60.685277777778",Calle,,SANTA FE,La Capital,S/D,S/D,I,S/D,Urbana,S/D,S/D,S/D,S/D,S/D,S/D,S/D,S/D,S/D,S/D,S/D,S/D,S/D,S/D