anio_acci,nro_acci,fecha,desc_dia,fecha_aprox,hora_aprox,desc_ruta,km,cant_participantes,desc_participante,calle_avenida_km,total,heridos_leves,heridos_graves,heridos_gravisimos,ilesos,fallecidos,sin_datos,posicion_XY,desc_tipo_via,desc_ruta_ori,desc_loc,desc_dpto,desc_tipo_calzada,desc_tipo_banquina,desc_unidad_regional,desc_lugar_calzada,desc_zona,desc_prioridad,desc_estado_semaforo,desc_lugar_via,desc_estado_via,desc_estado_visibilidad,desc_luminosidad,desc_estado_clima,desc_tipo_colision,desc_tipo_atropello,desc_tipo_hecho,desc_pres_calzada,desc_senializacion,desc_separacion_via,desc_restriccion
2018,4472,2018-08-08,Miercoles,0,08:35:00,,0.0,2,"Automóvil,Transporte de Pasajeros Urbano (> 8 asientos)",Av Gral Paz Y Pedro Ferre,2,1,0,0,1,0,0,"-31.628277777778,-60.691555555556",Avenida,,SANTA FE,La Capital,Asfalto,No existe,I,Dentro,Urbana,Ninguna,No existe,Intersección,Con baches,Buena,Diurna,Otro,Lateral,S/D,Colisión,Ninguna,Vertical,Ninguna,Sin restricción
2018,4473,2018-05-21,Lunes,0,19:40:00,,0.0,2,"Automóvil,Moto/Ciclomotor",Urquiza Y Colon,2,1,0,0,1,0,0,"-32.747777777778,-60.729111111111",Calle,,SAN LORENZO,San Lorenzo,S/D,S/D,XVII,S/D,Urbana,S/D,S/D,S/D,S/D,S/D,S/D,S/D,S/D,S/D,Colisión,Ninguna,Horizontal,Ninguna,S/D
2018,4474,2018-08-17,Viernes,0,18:00:00,,0.0,2,"Automóvil,Moto/Ciclomotor",Hernandarias Y Tacuari,2,2,0,0,0,0,0,"-31.61125,-60.676472222222",Calle,,SANTA FE,La Capital,S/D,No existe,I,Dentro,Urbana,Otra Señal,No existe,Intersección,Otro,Reducida,Atardecer,Otro,Otro,S/D,Colisión,Ninguna,Faltante,Ninguna,Sin restricción
2018,4475,2018-05-20,Domingo,0,12:20:00,,0.0,2,"Automóvil,Moto/Ciclomotor",Urquiza Y J J Passo,4,1,0,0,3,0,0,"-32.747527777778,-60.742694444444",Calle,,SAN LORENZO,San Lorenzo,S/D,S/D,XVII,S/D,Urbana,S/D,S/D,Otro,S/D,S/D,S/D,S/D,S/D,S/D,Colisión,S/D,Vertical,Ninguna,S/D
2018,4476,2018-08-07,Martes,0,21:00:00,,0.0,2,"Moto/Ciclomotor,Automóvil",Salvador del Carril Y Belgrano,2,1,0,0,1,0,0,"-31.619194444444,-60.693555555556",Avenida,,SANTA FE,La Capital,Asfalto,No existe,I,Dentro,Urbana,Ninguna,No existe,Intersección,Deteriorada,S/D,"Nocturna,Con luz artificial",Otro,Lateral,S/D,Colisión,Ninguna,Vertical,Ninguna,Sin restricción
2018,4477,2018-05-19,Sabado,0,14:30:00,,0.0,2,"Moto/Ciclomotor,Automóvil",Av San Martin Y Moreno,2,1,0,0,1,0,0,"-32.752416666667,-60.734222222222",Avenida,,SAN LORENZO,San Lorenzo,S/D,S/D,XVII,S/D,Urbana,S/D,S/D,S/D,Otro,S/D,S/D,S/D,S/D,S/D,Colisión,S/D,Vertical,Ninguna,S/D
2018,4478,2018-08-18,Sabado,0,20:05:00,,0.0,2,"Automóvil,Moto/Ciclomotor",Av A del Valle Y Javier de la Rosa,3,3,0,0,0,0,0,"-31.599222222222,-60.692",S/D,,SANTA FE,La Capital,Asfalto,No existe,I,S/D,Urbana,Semáforo,Funciona,Intersección,Bueno,Reducida,Nocturna,Otro,Otro,S/D,Colisión,Ninguna,Faltante,Ninguna,Sin restricción
2018,4479,2018-05-12,Sabado,0,19:45:00,,0.0,2,"Moto/Ciclomotor,Automóvil",9 de Julio Y A Belotti,2,1,0,0,0,0,1,"-30.790638888889,-60.579138888889",Calle,,SAN JUSTO,San Justo,Asfalto,S/D,XVI,S/D,Urbana,Ninguna,No existe,Intersección,Bueno,Buena,Con luz artificial,Buen Tiempo,Lateral,S/D,Colisión,Ninguna,Faltante,Ninguna,Sin restricción
2018,4480,2018-08-07,Martes,0,09:00:00,,0.0,2,"Moto/Ciclomotor,Automóvil", ,3,2,0,0,1,0,0,"-31.61124, -60.69664",Calle,,SANTA FE,La Capital,Asfalto,S/D,I,Dentro,Urbana,Ninguna,S/D,Intersección,S/D,S/D,S/D,Otro,Lateral,S/D,Colisión,S/D,S/D,Ninguna,Sin restricción
2018,4481,2018-05-18,Viernes,0,17:25:00,,0.0,2,"Camión Chasis,Moto/Ciclomotor",Thompson Y Falucho,3,0,0,0,1,0,2,"-32.736416666667,-60.740916666667",Calle,,SAN LORENZO,San Lorenzo,S/D,S/D,XVII,S/D,Urbana,S/D,S/D,Otro,Otro,S/D,S/D,Otro,S/D,S/D,Colisión,S/D,Vertical,S/D,S/D
2018,4482,2018-08-05,Domingo,0,20:45:00,,0.0,2,"Peatón,Automóvil",Av Almte Brown Y Pedro de Vega,2,1,0,0,1,0,0,"-31.615888888889,-60.672972222222",Avenida,,SANTA FE,La Capital,Asfalto,No existe,I,Dentro,Urbana,Ninguna,No existe,Intersección,Bueno,Reducida,"Nocturna,Con luz artificial",Otro,S/D,Peatón,Atropello,Ninguna,Vertical,Cordón divisorio,Sin restricción
2018,4483,2018-08-01,Miercoles,1,01:55:00,,0.0,2,"Camión Chasis,Automóvil",Av A del Valle Y Pavon,3,1,0,0,1,0,1,"-31.596388888889,-60.691666666667",Calle,,SANTA FE,La Capital,Asfalto,No existe,I,S/D,Urbana,Ninguna,No existe,Intersección,Bueno,Reducida,S/D,Otro,Otro,S/D,Colisión,Ninguna,Faltante,Ninguna,Sin restricción
2018,4484,2018-05-16,Miercoles,0,16:45:00,,0.0,2,"Moto/Ciclomotor,Automóvil",Irigoyen Y Catamarca,3,2,0,0,1,0,0,"-32.754611111111,-60.7365",Avenida,,SAN LORENZO,San Lorenzo,S/D,S/D,XVII,S/D,Urbana,S/D,S/D,S/D,Otro,S/D,S/D,Otro,S/D,S/D,Colisión,Ninguna,Vertical,Ninguna,S/D
2018,4485,2018-08-01,Miercoles,0,11:35:00,,0.0,2,"Automóvil,Automóvil",Av Galicia Y Lavalle,2,1,0,0,1,0,0,"-31.6075,-60.681083333333",Avenida,,SANTA FE,La Capital,Asfalto,No existe,I,Dentro,Urbana,Ninguna,No existe,Intersección,Con baches,Buena,Diurna,Otro,Lateral,S/D,Colisión,Ninguna,Vertical,Cordón divisorio,Sin restricción
2018,4486,2018-05-15,Martes,0,,,0.0,2,"Bicicleta,Automóvil",Richieri Y General Lopez,2,1,0,0,1,0,0,"-32.748722222222,-60.73525",Calle,,SAN LORENZO,San Lorenzo,S/D,S/D,XVII,S/D,Urbana,S/D,S/D,Otro,S/D,S/D,S/D,Otro,S/D,Ciclista,Atropello,Ninguna,S/D,Ninguna,S/D
2018,4487,2018-05-19,Sabado,0,01:05:00,,0.0,2,"Moto/Ciclomotor,Automóvil",Av San Martin Y Alemania,3,2,0,0,1,0,0,"-32.730861111111,-60.733444444444",Calle,,SAN LORENZO,San Lorenzo,Hormigón,No existe,XVII,S/D,Urbana,S/D,No existe,Recta,Bueno,S/D,Con luz artificial,S/D,Lateral,S/D,Colisión,Ninguna,S/D,S/D,S/D
2018,4488,2018-05-24,Jueves,0,13:35:00,,0.0,2,"Automóvil,Moto/Ciclomotor",Av San Martin Y Mateo GÁLVEZ,2,1,0,0,1,0,0,"-32.721277777778,-60.731916666667",Avenida,,SAN LORENZO,San Lorenzo,Hormigón,No existe,XVII,S/D,Urbana,S/D,No existe,Intersección,Bueno,Buena,Diurna,S/D,De alcance,S/D,Colisión,S/D,S/D,S/D,S/D
2018,4489,2018-05-21,Lunes,0,07:00:00,,0.0,1,Moto/Ciclomotor,B de Tucuman Y S Martin,1,1,0,0,0,0,0,"-30.78986, -60.59286",Calle,,SAN JUSTO,San Justo,Asfalto,No existe,XVI,Dentro,Urbana,Ninguna,No existe,Recta,Bueno,Reducida,Diurna,Buen Tiempo,Contra objeto fijo,S/D,Colisión,Ninguna,Vertical,Ninguna,Sin restricción
2018,4490,2018-05-25,Viernes,0,23:45:00,,0.0,1,Moto/Ciclomotor,Clemente Albelo Y Espa?a,1,1,0,0,0,0,0,"-32.723472222222,-60.739055555556",Calle,,SAN LORENZO,San Lorenzo,Asfalto,No existe,XVII,S/D,Urbana,S/D,No existe,Recta,Bueno,S/D,Con luz artificial,S/D,S/D,S/D,Caída ocupante,S/D,S/D,S/D,S/D
2018,4491,2018-05-28,Lunes,0,22:30:00,Ruta Nacional 34,19.0,2,"Automóvil,Camión c / Acoplado", ,5,2,0,0,3,0,0,"-32.782767858450, -60.901060245464",Ruta,34,LUIS PALACIOS,San Lorenzo,Asfalto,Natural,XVII,Dentro,Rural,Ninguna,No existe,Recta,Bueno,Reducida,Nocturna,Buen Tiempo,De alcance,S/D,Colisión,Ninguna,Horizontal,Línea divisoria pintada,Sin restricción
2018,4492,2018-08-01,Miercoles,0,11:35:00,,0.0,2,"Automóvil,Automóvil",Av Gral Paz Y Huergo,3,2,0,0,1,0,0,"-31.617416666667,-60.683916666667",Avenida,,SANTA FE,La Capital,Asfalto,No existe,I,Dentro,Urbana,Ninguna,No existe,Intersección,Con baches,Buena,Diurna,Otro,Lateral,S/D,Colisión,Ninguna,Vertical,Línea divisoria pintada,Sin restricción
2018,4493,2018-05-07,Lunes,0,07:50:00,,0.0,1,Bicicleta,9 de Julio Y L N Alem,1,0,1,0,0,0,0,"-30.789666666667,-60.586361111111",Avenida,,SAN JUSTO,San Justo,Asfalto,No existe,XVI,Dentro,Urbana,Semáforo,Funciona,Intersección,Bueno,Buena,Diurna,Buen Tiempo,S/D,Ciclista,Atropello,Ninguna,Vertical,Ninguna,S/D
2018,4494,2018-05-29,Martes,0,16:15:00,,0.0,2,"Moto/Ciclomotor,Automóvil",Av. Genova Y Marcos Lenzoni Bis,3,2,0,0,1,0,0,"-32.915111111111,-60.682888888889",Calle,,ROSARIO,Rosario,Asfalto,Pavimento,II,Dentro,Urbana,Ninguna,No existe,Intersección,Bueno,Buena,Diurna,Buen Tiempo,Lateral,S/D,Colisión,Ninguna,Faltante,Cordón divisorio,Sin restricción
2018,4495,2018-05-23,Miercoles,0,11:45:00,,0.0,2,"Pickup/Utilitario,Peatón",Bevilacua 600,2,1,0,0,1,0,0,"-32.76872,-60.77955",Calle,,RICARDONE,San Lorenzo,Ripio,S/D,XVII,Dentro,Urbana,Ninguna,S/D,Recta,Bueno,S/D,S/D,Buen Tiempo,S/D,Peatón,Atropello,S/D,S/D,S/D,Sin restricción
2018,4496,2018-05-26,Sabado,0,07:50:00,Ruta Provincial 1,39.0,2,"Moto/Ciclomotor,Automóvil",Ruta Provic 1 ,3,1,1,0,0,0,1,"-31.41479, -60.33529",Ruta,1,SANTA ROSA DE CALCHINES,Garay,Asfalto,Natural,VII,S/D,Rural,Ninguna,No existe,Recta,Bueno,Buena,Amanecer,Buen Tiempo,Otro,S/D,Atropello,Ninguna,S/D,Ninguna,Sin restricción
2018,4497,2018-08-24,Viernes,0,12:00:00,,0.0,2,"Peatón,Pickup/Utilitario",Matheu Y Azopardo,2,1,0,0,1,0,0,"-31.587805555556,-60.718444444444",Calle,,SANTA FE,La Capital,Asfalto,No existe,I,S/D,Urbana,Ninguna,No existe,Intersección,Otro,Buena,Diurna,Buen Tiempo,S/D,S/D,S/D,Ninguna,Faltante,Ninguna,S/D
2018,4498,2018-08-21,Martes,0,14:00:00,,0.0,2,"Automóvil,Camión Chasis",Av A del Valle Y Lamothe,2,1,0,0,1,0,0,"-31.582472222222,-60.689777777778",Calle,,SANTA FE,La Capital,Asfalto,No existe,I,S/D,Urbana,Ninguna,No existe,Intersección,Bueno,Reducida,Diurna,Otro,Otro,S/D,Colisión,Ninguna,Faltante,Ninguna,Sin restricción
2018,4499,2018-05-01,Martes,0,21:15:00,Ruta Provincial 1,71.0,2,"Automóvil,Moto/Ciclomotor",7 JEFES Y RUTA 1,2,1,0,0,1,0,0,"-31.20456, -60.16096",Ruta,1,CAYASTA,Garay,Asfalto,Natural,VII,Dentro,Urbana,Ninguna,No existe,Intersección,Bueno,Buena,"Nocturna,Con luz artificial",Buen Tiempo,Lateral,S/D,Colisión,Ninguna,Vertical,Línea divisoria pintada,Sin restricción
2018,4500,2018-08-07,Martes,0,13:00:00,,0.0,2,"Automóvil,Moto/Ciclomotor",Sebastian Gaboto Y Gorriti,2,0,0,0,0,0,2,"-31.586111111111,-60.712166666667",Avenida,,SANTA FE,La Capital,Asfalto,No existe,I,S/D,Urbana,Ninguna,No existe,Intersección,Bueno,Buena,Diurna,Buen Tiempo,S/D,S/D,Colisión,S/D,Faltante,Ninguna,Sin restricción
2018,4501,2018-08-21,Martes,0,18:40:00,,0.0,2,"Automóvil,Pickup/Utilitario",Mitre Y Pje Koch,2,1,0,0,1,0,0,"-31.604777777778,-60.681416666667",Calle,,SANTA FE,La Capital,Asfalto,No existe,I,S/D,Urbana,Ninguna,No existe,Intersección,Otro,Reducida,Atardecer,Otro,Otro,S/D,Colisión,Ninguna,Faltante,Ninguna,Sin restricción
2018,4502,2018-08-04,Sabado,0,12:00:00,,0.0,1,Peatón,J Castelli Y Estrada,1,1,0,0,0,0,0,"-31.601305555556,-60.718111111111",Calle,,SANTA FE,La Capital,Hormigón,No existe,I,S/D,Urbana,Ninguna,No existe,Intersección,Bueno,Buena,Diurna,Buen Tiempo,S/D,Peatón,Atropello,Ninguna,Faltante,Ninguna,Sin restricción
2018,4503,2018-08-30,Jueves,0,08:45:00,,0.0,2,"Automóvil,Moto/Ciclomotor",Av Blas Parera Y J Castelli,2,1,0,0,1,0,0,"-31.600527777778,-60.721666666667",Calle,,SANTA FE,La Capital,Asfalto,No existe,I,S/D,Urbana,Semáforo,Funciona,Intersección,Resbaladiza,Reducida,Diurna,Lluvia,Lateral,S/D,Colisión,Agua,Vertical,Ninguna,Sin restricción
2018,4504,2018-08-21,Martes,0,19:40:00,,0.0,2,"Automóvil,Moto/Ciclomotor",San Martin Y Beruti,2,1,0,0,1,0,0,"-31.591638888889,-60.690694444444",Calle,,SANTA FE,La Capital,Ripio,No existe,I,S/D,Urbana,Ninguna,No funciona,Intersección,Otro,Reducida,Nocturna,Otro,Otro,S/D,Colisión,Ninguna,Faltante,Ninguna,Sin restricción
2018,4505,2018-08-17,Viernes,0,23:00:00,,0.0,2,"Moto/Ciclomotor,Moto/Ciclomotor",Av Blas Parera Y J P Lopez,3,3,0,0,0,0,0,"-31.602638888889,-60.72075",Avenida,,SANTA FE,La Capital,Asfalto,Pavimento,I,S/D,Urbana,Semáforo,Funciona,Intersección,Bueno,Buena,Nocturna,Buen Tiempo,Lateral,S/D,Colisión,Ninguna,Horizontal,Cordón divisorio,Sin restricción
2018,4506,2018-08-23,Jueves,0,22:45:00,,0.0,2,"Moto/Ciclomotor,Automóvil",Estrada Y Vieytes,2,1,0,0,1,0,0,"-31.597666666667,-60.717027777778",Calle,,SANTA FE,La Capital,Asfalto,No existe,I,S/D,Urbana,Ninguna,No existe,Intersección,Bueno,Buena,Atardecer,Buen Tiempo,Lateral,S/D,Colisión,Ninguna,Faltante,Ninguna,Sin restricción
2018,4507,2018-08-29,Miercoles,0,16:30:00,,0.0,2,"Taxi/Remis,Pickup/Utilitario",Av Blas Parera Y Vieytes,2,1,0,0,1,0,0,"-31.596944444444,-60.722583333333",Avenida,,SANTA FE,La Capital,Asfalto,No existe,I,S/D,Urbana,Semáforo,Funciona,Intersección,Bueno,Buena,Atardecer,Buen Tiempo,Otro,S/D,Colisión,Ninguna,Vertical,Ninguna,Sin restricción
2018,4508,2018-03-01,Jueves,0,06:05:00,,0.0,2,"Bicicleta,Automóvil",J.M.Gutierrez Y Ayacucho,2,1,0,0,1,0,0,"-32.993647, -60.636763",Calle,,ROSARIO,Rosario,Asfalto,No existe,II,Dentro,Urbana,Ninguna,No existe,Intersección,Bueno,Buena,Amanecer,Buen Tiempo,S/D,Ciclista,Atropello,Ninguna,Horizontal,"Línea divisoria pintada,Ninguna",Sin restricción
2018,4509,2018-03-21,Miercoles,0,20:30:00,,0.0,2,"Bicicleta,Automóvil",Serrano Y Av. Ntra.Sra.del Rosario,2,1,0,0,1,0,0,"-32.999350, -60.631893",Calle,,ROSARIO,Rosario,Asfalto,No existe,II,Dentro,Urbana,Ninguna,No existe,Intersección,Bueno,Buena,Nocturna,Buen Tiempo,S/D,Ciclista,Atropello,Ninguna,Faltante,Ninguna,Sin restricción
2018,4510,2018-03-23,Viernes,0,22:30:00,,0.0,2,"Automóvil,Moto/Ciclomotor",Buenos Aires Y Amenabar,2,1,0,0,1,0,0,"-32.973142, -60.639276",Calle,,ROSARIO,Rosario,Asfalto,No existe,II,Dentro,Urbana,Señal Pare,No existe,Intersección,Bueno,Buena,Nocturna,Buen Tiempo,Lateral,S/D,Colisión,Ninguna,Vertical,Ninguna,Sin restricción
2018,4511,2018-03-23,Viernes,0,08:45:00,,0.0,2,"Automóvil,Automóvil",Gaboto Y Buenos Aires,2,1,0,0,1,0,0,"-32.974271, -60.639563",Calle,,ROSARIO,Rosario,Asfalto,No existe,II,Dentro,Urbana,Señal Pare,No existe,Intersección,Bueno,Buena,Diurna,Buen Tiempo,Lateral,S/D,Colisión,Ninguna,Vertical,Ninguna,Sin restricción
2018,4512,2018-07-09,Lunes,0,13:15:00,Autopista Nacional A008,0.0,2,"Camión Chasis,Pickup/Utilitario",Av. Pte.Peron Y Av. Circunvalacion,2,1,0,0,1,0,0,"-32.970780301765, -60.716864569182",Autopista,A008,ROSARIO,Rosario,Asfalto,Pavimento,II,Dentro,Urbana,Semáforo,Funciona,Intersección,Bueno,Buena,Diurna,Buen Tiempo,Frontal,S/D,Colisión,Ninguna,"Horizontal,Vertical","Guardarrail,Cordón divisorio",Sin restricción
2018,4513,2018-03-20,Martes,0,00:15:00,,0.0,2,"Automóvil,Bicicleta",Ayacucho Y Ayolas,2,1,0,0,1,0,0,"-32.978806, -60.634480",Calle,,ROSARIO,Rosario,Asfalto,No existe,II,Dentro,Urbana,Ninguna,No existe,Intersección,Bueno,Buena,Diurna,Buen Tiempo,S/D,Ciclista,Atropello,Ninguna,Faltante,Ninguna,Sin restricción
2018,4514,2018-03-27,Martes,0,16:40:00,,0.0,2,"Bicicleta,Moto/Ciclomotor",Av. Genova 8027,2,1,0,0,0,0,1,"-32.916645282536, -60.735899804759",Avenida,,ROSARIO,Rosario,Asfalto,No existe,II,Dentro,Urbana,Ninguna,No existe,Recta,Bueno,Buena,Diurna,Buen Tiempo,De alcance,S/D,Colisión,Ninguna,Faltante,Ninguna,Sin restricción
2018,4515,2018-03-15,Jueves,0,22:10:00,,0.0,2,"Moto/Ciclomotor,Peatón",Ayolas Y Buenos Aires,2,2,0,0,0,0,0,"-32.977745, -60.640408",Calle,,ROSARIO,Rosario,Asfalto,No existe,II,Dentro,Urbana,Semáforo,Funciona,Intersección,Bueno,Buena,Diurna,Buen Tiempo,S/D,Peatón,Atropello,Ninguna,Vertical,Ninguna,Sin restricción
2018,4516,2018-03-15,Jueves,0,11:50:00,,0.0,2,"Moto/Ciclomotor,Moto/Ciclomotor",Pte.Quintana Bis Y Colon,2,2,0,0,0,0,0,"-32.984782, -60.634595",Calle,,ROSARIO,Rosario,Asfalto,No existe,II,Dentro,Urbana,Ninguna,No existe,Intersección,Bueno,Buena,Diurna,Buen Tiempo,S/D,S/D,Colisión,Ninguna,Faltante,Ninguna,Sin restricción
2018,4517,2018-03-05,Lunes,0,13:33:00,,0.0,2,"Automóvil,Moto/Ciclomotor",Albarracin Y Bv. Wilde,3,1,0,0,2,0,0,"-32.930002816742, -60.738860085009",Avenida,,ROSARIO,Rosario,Asfalto,No existe,II,Dentro,Urbana,Ninguna,No existe,Intersección,Bueno,Buena,Diurna,Buen Tiempo,Lateral,S/D,Colisión,Ninguna,Faltante,Cordón divisorio,Sin restricción
2018,4518,2018-03-07,Miercoles,0,17:40:00,,0.0,2,"Automóvil,Moto/Ciclomotor",Av. Provincias Unidas Bis Y Gorriti,2,1,0,0,1,0,0,"-32.924328267630, -60.713313100196",Avenida,,ROSARIO,Rosario,Asfalto,No existe,II,Dentro,Urbana,Ninguna,No existe,Intersección,Bueno,Buena,Diurna,Buen Tiempo,Lateral,S/D,Colisión,Ninguna,Horizontal,Cordón divisorio,Sin restricción
2018,4519,2018-07-10,Martes,0,14:10:00,Autopista Nacional A008,0.0,2,"Automóvil,Camión c / Acoplado",Av de Circunvalacion Y Corrientes,6,5,0,0,1,0,0,"-33.009809191798, -60.617603620916",Autopista,A008,VILLA GOBERNADOR GÁLVEZ,Rosario,Asfalto,No existe,II,Dentro,Urbana,Ninguna,No existe,Recta,Bueno,Buena,Diurna,Buen Tiempo,Lateral,S/D,Colisión,Ninguna,Faltante,Ninguna,Sin restricción
2018,4520,2018-03-11,Domingo,0,18:20:00,,0.0,2,"Moto/Ciclomotor,Peatón",Pte.Quintana Bis 100,2,1,0,0,1,0,0,"-32.984945, -60.633571",Calle,,ROSARIO,Rosario,Asfalto,No existe,II,Dentro,Urbana,Ninguna,No existe,Recta,Con baches,Buena,Diurna,Buen Tiempo,S/D,Peatón,Atropello,Ninguna,Faltante,Ninguna,Sin restricción
2018,4521,2018-03-10,Sabado,0,18:45:00,,0.0,2,"Moto/Ciclomotor,Automóvil",Virasoro Y Chacabuco,2,1,0,0,1,0,0,"-32.972654, -60.628665",Calle,,ROSARIO,Rosario,Asfalto,No existe,II,Dentro,Urbana,Otra Señal,No existe,Intersección,Bueno,Buena,Diurna,Buen Tiempo,S/D,S/D,Colisión,Ninguna,Vertical,Ninguna,Sin restricción
2018,4522,2018-03-08,Jueves,0,13:10:00,,0.0,2,"Automóvil,Automóvil",Av. Brassey Y Venezuela,3,2,0,0,1,0,0,"-32.922804772910, -60.725329396583",Avenida,,ROSARIO,Rosario,Asfalto,No existe,II,Dentro,Urbana,Ninguna,No existe,Intersección,Bueno,Buena,Diurna,Buen Tiempo,Lateral,S/D,Colisión,Ninguna,Faltante,Ninguna,Sin restricción
2018,4523,2018-03-05,Lunes,0,00:00:00,,0.0,2,"Automóvil,Moto/Ciclomotor",Pte.Quintana Y Buenos Aires,3,2,0,0,1,0,0,"-32.983482, -60.641863",Calle,,ROSARIO,Rosario,Asfalto,No existe,II,Dentro,Urbana,Ninguna,No existe,Intersección,Bueno,Buena,Nocturna,Buen Tiempo,Lateral,S/D,Colisión,S/D,Faltante,Ninguna,Sin restricción
2018,4524,2018-03-13,Martes,0,17:30:00,,0.0,2,"Moto/Ciclomotor,Automóvil",Av. Pellegrini Y Dorrego,2,0,1,0,1,0,0,"-32.955380, -60.651957",Avenida,,ROSARIO,Rosario,Asfalto,No existe,II,Dentro,Urbana,Semáforo,Funciona,Intersección,Bueno,Buena,Diurna,Buen Tiempo,De alcance,S/D,Colisión,Ninguna,"Horizontal,Vertical","Cordón divisorio,Vegetación,Línea divisoria pintada",Sin restricción
2018,4525,2018-03-14,Miercoles,0,10:30:00,,0.0,2,"Bicicleta,Automóvil",Brasil Y Av. Eva Peron,2,1,0,0,1,0,0,"-32.931752622184, -60.719986436225",Avenida,,ROSARIO,Rosario,Asfalto,No existe,II,Dentro,Urbana,Semáforo,Funciona,Recta,Bueno,Buena,Diurna,Buen Tiempo,S/D,Ciclista,Atropello,Ninguna,Vertical,Cordón divisorio,Sin restricción
2018,4526,2018-03-17,Sabado,0,06:30:00,,0.0,2,"Moto/Ciclomotor,Automóvil",Bv. 27 De Febrero Y San Martin,2,1,0,0,1,0,0,"-32.967924, -60.642017",Avenida,,ROSARIO,Rosario,Asfalto,No existe,II,Dentro,Urbana,Semáforo,Funciona,Intersección,Bueno,Buena,Amanecer,Buen Tiempo,Lateral,S/D,Colisión,Ninguna,"Horizontal,Vertical",Línea divisoria pintada,Sin restricción
2018,4527,2018-03-21,Miercoles,0,09:45:00,,0.0,2,"Moto/Ciclomotor,Pickup/Utilitario",Bv. Oro?o 2200,2,1,0,0,1,0,0,"-32.960432, -60.657600",Avenida,,ROSARIO,Rosario,Asfalto,No existe,II,Dentro,Urbana,Semáforo,Funciona,Recta,Bueno,Buena,Diurna,Buen Tiempo,De alcance,S/D,Colisión,Agua,"Horizontal,Vertical","Cordón divisorio,Línea divisoria pintada",Sin restricción
2018,4528,2018-03-22,Jueves,0,11:30:00,,0.0,2,"Moto/Ciclomotor,Automóvil",Dorrego Y Amenabar,2,1,0,0,1,0,0,"-32.970179, -60.655707",Calle,,ROSARIO,Rosario,Asfalto,No existe,II,Dentro,Urbana,Ninguna,No existe,Intersección,Bueno,Buena,Diurna,Buen Tiempo,De alcance,S/D,Colisión,Ninguna,Faltante,Ninguna,Sin restricción
2018,4529,2018-03-15,Jueves,0,07:30:00,,0.0,2,"Automóvil,Moto/Ciclomotor",Donado Bis Y Bv. Argentino,2,1,0,0,1,0,0,"-32.924113690909, -60.727646825172",Calle,,ROSARIO,Rosario,Asfalto,No existe,II,Dentro,Urbana,Ninguna,No existe,Recta,Bueno,Buena,Diurna,Buen Tiempo,Lateral,S/D,Colisión,Ninguna,Faltante,Ninguna,Sin restricción
2018,4530,2018-03-16,Viernes,0,12:15:00,,0.0,1,Moto/Ciclomotor,Bv. Wilde Y Navarro,1,1,0,0,0,0,0,"-32.932166666667,-60.738805555556",Avenida,,ROSARIO,Rosario,Asfalto,No existe,II,Dentro,Urbana,Semáforo,Funciona,Recta,Bueno,Buena,Diurna,Buen Tiempo,S/D,S/D,Caída ocupante,Ninguna,Vertical,Cordón divisorio,Sin restricción
2018,4531,2018-03-18,Domingo,0,20:45:00,,0.0,2,"Automóvil,Moto/Ciclomotor",Alvarez Condarco Y Alippi,4,2,0,0,2,0,0,"-32.931333333333,-60.756888888889",Calle,,ROSARIO,Rosario,Asfalto,No existe,II,Dentro,Urbana,S/D,No existe,Recta,Con baches,Buena,Nocturna,S/D,Lateral,S/D,Colisión,Ninguna,Faltante,Ninguna,S/D
2018,4532,2018-03-18,Domingo,0,12:20:00,Ruta Nacional A008,0.0,1,Moto/Ciclomotor,Av. Eva Peron Y Av. Circunvalacion,1,0,1,0,0,0,0,"-32.931423382356, -60.721808226248",Ruta,A008,ROSARIO,Rosario,Asfalto,No existe,II,Dentro,Urbana,Ninguna,Funciona,Recta,Bueno,Buena,Diurna,Buen Tiempo,S/D,S/D,Caída ocupante,Ninguna,Vertical,Cordón divisorio,Sin restricción
2018,4533,2018-03-21,Miercoles,0,14:20:00,,0.0,2,"Automóvil,Peatón",Gorriti Y Av. Provincias Unidas Bis,2,1,0,0,1,0,0,"-32.924416666667,-60.713416666667",Avenida,,ROSARIO,Rosario,Asfalto,No existe,II,Dentro,Urbana,Ninguna,No existe,Recta,Bueno,Buena,Diurna,Buen Tiempo,S/D,Peatón,Atropello,Ninguna,Faltante,Cordón divisorio,Sin restricción
2018,4534,2018-03-21,Miercoles,0,13:00:00,,0.0,2,"Automóvil,Moto/Ciclomotor",Donado Bis 600,2,1,0,0,1,0,0,"-32.922861111111,-60.727694444444",Calle,,ROSARIO,Rosario,Asfalto,No existe,II,Dentro,Urbana,Ninguna,No existe,Recta,Bueno,Buena,Diurna,Buen Tiempo,Lateral,S/D,Colisión,Ninguna,Faltante,Ninguna,Sin restricción