anio_acci,nro_acci,fecha,desc_dia,fecha_aprox,hora_aprox,desc_ruta,km,cant_participantes,desc_participante,calle_avenida_km,total,heridos_leves,heridos_graves,heridos_gravisimos,ilesos,fallecidos,sin_datos,posicion_XY,desc_tipo_via,desc_ruta_ori,desc_loc,desc_dpto,desc_tipo_calzada,desc_tipo_banquina,desc_unidad_regional,desc_lugar_calzada,desc_zona,desc_prioridad,desc_estado_semaforo,desc_lugar_via,desc_estado_via,desc_estado_visibilidad,desc_luminosidad,desc_estado_clima,desc_tipo_colision,desc_tipo_atropello,desc_tipo_hecho,desc_pres_calzada,desc_senializacion,desc_separacion_via,desc_restriccion
2018,4535,2018-03-23,Viernes,0,23:45:00,,0.0,2,"Moto/Ciclomotor,Moto/Ciclomotor",Velez Sarsfield Y Brasil Bis,4,1,3,0,0,0,0,"-32.926222222222,-60.720194444444",Calle,,ROSARIO,Rosario,Asfalto,No existe,II,Dentro,Urbana,Ninguna,No existe,Recta,Bueno,Buena,Nocturna,Buen Tiempo,Frontal,S/D,Colisión,Ninguna,Faltante,Ninguna,Sin restricción
2018,4536,2018-03-25,Domingo,0,05:30:00,,0.0,1,Moto/Ciclomotor,Av. Provincias Unidas Y Navarro,3,2,0,0,0,0,1,"-32.9315,-60.712972222222",Avenida,,ROSARIO,Rosario,Asfalto,No existe,II,Dentro,Urbana,Ninguna,Funciona,Recta,Bueno,Buena,Amanecer,Buen Tiempo,Contra objeto fijo,S/D,"Caída ocupante,Colisión",Ninguna,Vertical,Cordón divisorio,Sin restricción
2018,4537,2018-03-27,Martes,0,01:15:00,Ruta Nacional 9,0.0,2,"Taxi/Remis,Peatón",Av. Eva Peron Y Bv. Wilde Bis,2,0,1,0,1,0,0,"-32.928416666667,-60.738972222222",Ruta,9,ROSARIO,Rosario,Asfalto,No existe,II,Dentro,Urbana,Ninguna,No existe,Rotonda,Bueno,Buena,Nocturna,Buen Tiempo,S/D,Peatón,Atropello,Ninguna,Horizontal,Cordón divisorio,Sin restricción
2018,4538,2018-08-22,Miercoles,0,17:00:00,,0.0,2,"Automóvil,Automóvil",Av A del Valle Y Ayacucho,2,0,0,0,0,0,2,"-31.597361111111,-60.691611111111",Avenida,,SANTA FE,La Capital,Asfalto,S/D,I,S/D,Urbana,Ninguna,S/D,Intersección,Otro,Buena,Diurna,Otro,Otro,S/D,Colisión,Ninguna,Faltante,Ninguna,Sin restricción
2018,4540,2018-08-23,Jueves,0,08:30:00,,0.0,2,"Automóvil,Moto/Ciclomotor",J Castelli Y P Cullen,2,2,0,0,0,0,0,"-31.611027777778,-60.673027777778",Calle,,SANTA FE,La Capital,Asfalto,No existe,I,Dentro,Urbana,Ninguna,No existe,Intersección,Otro,Reducida,Diurna,Otro,Otro,S/D,Colisión,Otro,Faltante,Ninguna,Sin restricción
2018,4541,2018-05-19,Sabado,0,02:15:00,Ruta Provincial 1,62.5,1,Automóvil, ,1,1,0,0,0,0,0,"-31.14529, -60.13303",Ruta,1,CAYASTA,Garay,Asfalto,Natural,VII,Fuera,Rural,Ninguna,No existe,Recta,Bueno,Buena,Nocturna,Buen Tiempo,Atropello animal,S/D,Colisión,Ninguna,Faltante,Línea divisoria pintada,Sin restricción
2018,4542,2018-08-29,Miercoles,0,14:00:00,,0.0,2,"Bicicleta,Moto/Ciclomotor",Vieytes Y Chiclana,3,3,0,0,0,0,0,"-31.595638888889,-60.72925",Calle,,SANTA FE,La Capital,Asfalto,No existe,I,S/D,Urbana,Ninguna,No existe,Intersección,Con baches,Reducida,Diurna,Lluvia,Lateral,S/D,Colisión,Agua,Faltante,Ninguna,Sin restricción
2018,4543,2018-08-24,Viernes,0,12:50:00,,0.0,2,"Automóvil,Moto/Ciclomotor",Padre Genesio Y Guemes,3,3,0,0,0,0,0,"-31.603027777778,-60.678666666667",S/D,,SANTA FE,La Capital,S/D,No existe,I,Dentro,Urbana,Ninguna,No existe,Intersección,Otro,Reducida,Diurna,Otro,Otro,S/D,Colisión,Otro,Faltante,Ninguna,Sin restricción
2018,4544,2018-05-20,Domingo,0,20:45:00,Ruta Provincial 1,70.0,2,"Moto/Ciclomotor,Moto/Ciclomotor",Ruta Prov 1 Y Alvaro Gil,2,2,0,0,0,0,0,"-31.20229, -60.16047",Ruta,1,CAYASTA,Garay,Asfalto,Natural,VII,S/D,Urbana,Ninguna,No existe,Intersección,Bueno,Buena,"Nocturna,Con luz artificial",Buen Tiempo,De alcance,S/D,Colisión,Ninguna,Vertical,Línea divisoria pintada,Sin restricción
2018,4545,2018-08-02,Jueves,0,15:50:00,,0.0,2,"Moto/Ciclomotor,Pickup/Utilitario",Gorriti Y Bernardo de Irigoyen,2,1,0,0,1,0,0,"-31.584305555556,-60.720305555556",Avenida,,SANTA FE,La Capital,Asfalto,No existe,I,S/D,Urbana,Ninguna,No existe,Intersección,Bueno,Buena,Diurna,Buen Tiempo,Frontal,S/D,Colisión,Ninguna,Horizontal,Cordón divisorio,Sin restricción
2018,4546,2018-05-26,Sabado,1,20:45:00,,0.0,2,"Moto/Ciclomotor,Automóvil",Boulevard Dr Jose GÁLVEZ Y Brigadier General E Lopez,3,1,0,0,2,0,0,"-31.093166666667,-60.090916666667",Calle,,HELVECIA,Garay,Hormigón,No existe,VII,S/D,Urbana,Ninguna,No existe,Intersección,Bueno,Buena,Nocturna,Buen Tiempo,Lateral,S/D,Colisión,Ninguna,Faltante,Ninguna,Sin restricción
2018,4547,2018-08-17,Viernes,0,18:30:00,,0.0,2,"Moto/Ciclomotor,Automóvil",Reg 12 de Infanteria Y Cafferata,2,1,0,0,1,0,0,"-31.589888888889,-60.734444444444",Calle,,SANTA FE,La Capital,Ripio,No existe,I,S/D,Urbana,Ninguna,No existe,Intersección,Con baches,Buena,Atardecer,Buen Tiempo,Otro,S/D,Colisión,Ninguna,Faltante,Ninguna,Sin restricción
2018,4548,2018-08-25,Sabado,0,06:30:00,,0.0,2,"Vehículo Oficial,Moto/Ciclomotor",Av A del Valle Y Javier de la Rosa,2,2,0,0,0,0,0,"-31.599222222222,-60.692",Calle,,SANTA FE,La Capital,S/D,No existe,I,Dentro,Urbana,S/D,No existe,Intersección,Otro,Reducida,Diurna,Otro,Otro,S/D,Colisión,Otro,Faltante,Ninguna,Sin restricción
2018,4549,2018-05-26,Sabado,0,11:10:00,Ruta Provincial 6,31.0,2,"Moto/Ciclomotor,Automóvil",Pte J D Peron Y San Martin,2,1,0,0,1,0,0,"-31.72568, -61.09262",Ruta,6,SAN CARLOS CENTRO,Las Colonias,Asfalto,No existe,XI,Dentro,Urbana,Ninguna,No existe,Intersección,Bueno,Buena,Diurna,Buen Tiempo,Lateral,S/D,Colisión,Ninguna,Horizontal,Ninguna,Sin restricción
2018,4550,2018-08-04,Sabado,0,11:15:00,,0.0,2,"Moto/Ciclomotor,Automóvil",Reg 12 de Infanteria Y Sebastian Gaboto,2,2,0,0,0,0,0,"-31.593305555556,-60.714305555556",Calle,,SANTA FE,La Capital,Asfalto,No existe,I,S/D,Urbana,Paso Peatonal,No existe,Recta,Bueno,Buena,Diurna,Buen Tiempo,Otro,S/D,Colisión,Ninguna,Faltante,Ninguna,Sin restricción
2018,4551,2018-08-26,Domingo,0,19:00:00,,0.0,2,"Moto/Ciclomotor,Taxi/Remis",Echague Y Boneo,2,2,0,0,0,0,0,"-31.609416666667,-60.6715",Calle,,SANTA FE,La Capital,S/D,No existe,I,Dentro,Urbana,Ninguna,No existe,Intersección,Otro,Reducida,Diurna,Otro,Otro,S/D,Colisión,Agua,Faltante,Ninguna,Sin restricción
2018,4552,2018-05-09,Miercoles,0,19:30:00,Ruta Provincial 6,70.0,2,"Automóvil,Moto/Ciclomotor",San Martin 1700,2,1,0,0,1,0,0,"-31.7383, -61.09567",Ruta,6,SAN CARLOS CENTRO,Las Colonias,Asfalto,No existe,XI,Dentro,Urbana,Ninguna,S/D,Recta,Bueno,Buena,S/D,Buen Tiempo,Lateral,S/D,Colisión,Agua,Vertical,Ninguna,Sin restricción
2018,4554,2018-08-29,Miercoles,0,15:00:00,,0.0,2,"Moto/Ciclomotor,Automóvil",Av A del Valle ,2,0,0,0,1,0,1,"-31.60076, -60.69194",Calle,,SANTA FE,La Capital,S/D,No existe,I,Dentro,Urbana,Ninguna,No existe,S/D,Otro,Reducida,Diurna,Otro,Otro,S/D,Colisión,Otro,Faltante,Ninguna,Sin restricción
2018,4555,2018-08-22,Miercoles,0,16:50:00,,0.0,2,"Moto/Ciclomotor,Transporte de Pasajeros Urbano (> 8 asientos)",Av Pe?aloza Y Reg 12 de Infanteria,3,0,0,0,2,0,1,"-31.593694444444,-60.712111111111",Avenida,,SANTA FE,La Capital,Asfalto,S/D,I,Dentro,Urbana,Semáforo,Funciona,Recta,Bueno,Buena,Diurna,Buen Tiempo,Otro,S/D,Colisión,Ninguna,"Horizontal,Vertical",Cordón divisorio,Sin restricción
2018,4557,2018-05-15,Martes,0,06:50:00,Ruta Provincial 6,71.0,1,Moto/Ciclomotor,San Martin Y Suipacha,1,1,0,0,0,0,0,"-31.72346, -61.0921",Ruta,6,SAN CARLOS CENTRO,Las Colonias,Asfalto,No existe,XI,Dentro,Urbana,Ninguna,No existe,Recta,Bueno,Buena,Amanecer,Buen Tiempo,Atropello animal,S/D,Atropello,Ninguna,Vertical,Ninguna,Sin restricción
2018,4559,2018-08-24,Viernes,0,23:00:00,,0.0,2,"Moto/Ciclomotor,Moto/Ciclomotor",Av Blas Parera Y Ayacucho,2,2,0,0,0,0,0,"-31.590812753557, -60.724613042675",Avenida,,SANTA FE,La Capital,Asfalto,S/D,I,S/D,Urbana,Semáforo,S/D,Recta,Bueno,S/D,S/D,Buen Tiempo,Otro,S/D,Otro,Ninguna,Faltante,Barrera de alto impacto,Sin restricción
2018,4560,2018-05-15,Martes,0,10:40:00,,0.0,2,"Moto/Ciclomotor,Automóvil",San Martin Y San Lorenzo,2,1,0,0,1,0,0,"-31.73633, -61.09521",Calle,,SAN CARLOS CENTRO,Las Colonias,Asfalto,No existe,XI,Dentro,Urbana,Ninguna,No existe,Intersección,Bueno,Buena,Diurna,Buen Tiempo,Frontal,S/D,Colisión,Ninguna,Vertical,Ninguna,Sin restricción
2018,4562,2018-08-27,Lunes,0,11:45:00,,0.0,2,"Moto/Ciclomotor,Automóvil",Azcuenaga Y Av Pe?aloza,2,2,0,0,0,0,0,"-31.589654039263, -60.711974473797",Calle,,SANTA FE,La Capital,Asfalto,Pavimento,I,Dentro,Urbana,Ninguna,No existe,Recta,Bueno,Buena,Diurna,Buen Tiempo,Otro,S/D,Colisión,S/D,S/D,Cordón divisorio,Sin restricción
2018,4564,2018-05-21,Lunes,0,20:30:00,,0.0,2,"Bicicleta,Moto/Ciclomotor",Belgrano Manuel Y 25 de Mayo,2,1,1,0,0,0,0,"-31.72885, -61.092",Calle,,SAN CARLOS CENTRO,Las Colonias,Asfalto,S/D,XI,Dentro,Urbana,Semáforo,Funciona,Intersección,Bueno,Reducida,"Nocturna,Con luz artificial",Buen Tiempo,Lateral,Ciclista,Atropello,Ninguna,Horizontal,Ninguna,Sin restricción
2018,4566,2018-08-12,Domingo,0,21:40:00,,0.0,2,"Moto/Ciclomotor,Automóvil",Av Pe?aloza Y Almonacid,2,0,0,0,0,0,2,"-31.584428224251, -60.711460237318",Avenida,,SANTA FE,La Capital,Asfalto,S/D,I,S/D,Urbana,S/D,S/D,Intersección,S/D,S/D,S/D,S/D,S/D,S/D,S/D,S/D,S/D,S/D,S/D
2018,4568,2018-08-19,Domingo,0,02:00:00,,0.0,2,"Automóvil,Transporte de Pasajeros Urbano (> 8 asientos)",Av Blas Parera Y Callejon Mendez,4,2,0,0,1,0,1,"-31.577343772543, -60.727799711943",Avenida,,SANTA FE,La Capital,Asfalto,No existe,I,S/D,Urbana,Semáforo,Funciona,Recta,Bueno,Buena,Nocturna,Buen Tiempo,Frontal,S/D,Colisión,Ninguna,Horizontal,Ninguna,Sin restricción
2018,4569,2018-06-10,Domingo,0,07:55:00,,0.0,1,Automóvil,CAMINO RURAL ,2,2,0,0,0,0,0,"-32.95936, -61.54083",Camino Rural,,VILLA ELOÍSA,Iriondo,Tierra,No existe,X,Dentro,Rural,Ninguna,No existe,Curva,Ahuellamiento,Reducida,Amanecer,Niebla,Lateral,S/D,Vuelco,S/D,Horizontal,Ninguna,Sin restricción
2018,4570,2018-08-16,Jueves,0,06:55:00,,0.0,2,"Moto/Ciclomotor,Taxi/Remis",Av Blas Parera Y Gorriti,2,1,0,0,1,0,0,"-31.583115886344, -60.726126013517",Avenida,,SANTA FE,La Capital,Asfalto,No existe,I,S/D,Urbana,Semáforo,Funciona,Intersección,Bueno,Buena,Amanecer,Buen Tiempo,Frontal,S/D,Colisión,Ninguna,Horizontal,S/D,Sin restricción
2018,4571,2018-08-04,Sabado,0,18:40:00,,0.0,2,"Moto/Ciclomotor,Automóvil",Cafferata Y Gorriti,2,1,0,0,1,0,0,"-31.581795367658, -60.732499689789",Calle,,SANTA FE,La Capital,Asfalto,No existe,I,S/D,Urbana,Ninguna,No existe,Intersección,Con baches,Reducida,Atardecer,Buen Tiempo,Lateral,S/D,Colisión,Material Suelto,Faltante,Ninguna,Sin restricción
2018,4572,2018-08-01,Miercoles,0,18:50:00,,0.0,2,"Bicicleta,Transporte Escolar",Av Blas Parera Y Florencio Fernandez,2,1,0,0,0,0,1,"-31.576188689796, -60.728160015548",Avenida,,SANTA FE,La Capital,Asfalto,No existe,I,S/D,Urbana,Ninguna,No existe,Recta,Bueno,Buena,Atardecer,Buen Tiempo,S/D,Ciclista,Atropello,Ninguna,Faltante,Ninguna,Sin restricción
2018,4573,2018-08-07,Martes,0,23:30:00,,0.0,2,"Moto/Ciclomotor,Taxi/Remis",Hugo Wast Y Hermano Figueroa,2,1,0,0,1,0,0,"-31.575033800309, -60.737168087299",Calle,,SANTA FE,La Capital,Asfalto,No existe,I,S/D,Urbana,Ninguna,No existe,Intersección,Con baches,Reducida,Nocturna,Lluvia,Frontal,S/D,Colisión,Material Suelto,Faltante,Ninguna,Sin restricción
2018,4574,2018-03-24,Sabado,0,10:30:00,,0.0,2,"Moto/Ciclomotor,Pickup/Utilitario",Anchorena Y Sarmiento,2,1,0,0,1,0,0,"-32.997799, -60.649117",Calle,,ROSARIO,Rosario,Asfalto,No existe,II,Dentro,Urbana,Ninguna,No existe,Intersección,Bueno,Buena,Diurna,Buen Tiempo,De alcance,S/D,Colisión,Ninguna,Faltante,Ninguna,Sin restricción
2018,4575,2018-03-23,Viernes,0,10:30:00,,0.0,2,"Moto/Ciclomotor,Peatón",Centeno Y San Martin,3,0,1,0,2,0,0,"-32.985215, -60.645578",Avenida,,ROSARIO,Rosario,Asfalto,No existe,II,Dentro,Urbana,Semáforo,Funciona,Recta,Bueno,Buena,Diurna,Buen Tiempo,S/D,Peatón,Atropello,Ninguna,"Horizontal,Vertical",Cordón divisorio,Sin restricción
2018,4576,2018-03-05,Lunes,0,18:30:00,,0.0,2,"Automóvil,Moto/Ciclomotor",Centenario Y Paraguay,2,1,0,0,1,0,0,"-33.004400, -60.654640",Calle,,ROSARIO,Rosario,Asfalto,No existe,II,Dentro,Urbana,Ninguna,No existe,Recta,Bueno,Buena,Atardecer,Buen Tiempo,Lateral,S/D,Colisión,Ninguna,Faltante,Ninguna,Sin restricción
2018,4577,2018-03-01,Jueves,0,11:40:00,,0.0,2,"Moto/Ciclomotor,Moto/Ciclomotor",Lainez Y Laprida,2,1,0,0,1,0,0,"-33.005245, -60.646873",Calle,,ROSARIO,Rosario,Asfalto,No existe,II,Dentro,Urbana,Ninguna,No existe,Recta,Bueno,Buena,Diurna,Buen Tiempo,De alcance,S/D,Colisión,Ninguna,Faltante,Ninguna,Sin restricción
2018,4578,2018-03-26,Lunes,0,14:00:00,,0.0,2,"Automóvil,Moto/Ciclomotor",Urquiza Y Santiago,2,1,0,0,1,0,0,"-32.939727501466, -60.655160696648",Calle,,ROSARIO,Rosario,Asfalto,No existe,II,Dentro,Urbana,Ninguna,No existe,Recta,Bueno,Buena,Diurna,Buen Tiempo,Lateral,S/D,Colisión,Ninguna,Horizontal,Ninguna,Sin restricción
2018,4579,2018-03-15,Jueves,0,17:35:00,,0.0,2,"Moto/Ciclomotor,Automóvil",Av. Belgrano Y Santa Fe,3,1,0,0,1,0,1,"-32.947497927638, -60.629526385841",Avenida,,ROSARIO,Rosario,Asfalto,No existe,II,Dentro,Urbana,Semáforo,Funciona,Curva,Bueno,Buena,Diurna,Buen Tiempo,De alcance,S/D,Colisión,S/D,"Horizontal,Vertical",Cordón divisorio,Sin restricción
2018,4580,2018-03-01,Jueves,0,17:15:00,,0.0,2,"Automóvil,Moto/Ciclomotor",Saavedra Y Callao,2,0,1,0,1,0,0,"-32.974007, -60.668017",Calle,,ROSARIO,Rosario,Asfalto,No existe,II,Dentro,Urbana,Ninguna,No existe,Curva,Bueno,Buena,Atardecer,Buen Tiempo,De alcance,S/D,Colisión,Ninguna,Faltante,Ninguna,Sin restricción
2018,4581,2018-03-01,Jueves,0,11:30:00,,0.0,1,Transporte de Pasajeros Urbano (> 8 asientos),Salta Y Dorrego,3,2,0,0,0,0,1,"-32.937455737086, -60.647443542061",Calle,,ROSARIO,Rosario,Asfalto,No existe,II,Dentro,Urbana,Ninguna,No existe,Intersección,Bueno,Buena,Diurna,Buen Tiempo,S/D,S/D,Caída ocupante,S/D,Horizontal,Ninguna,Sin restricción
2018,4582,2018-04-11,Miercoles,0,,,0.0,2,"Moto/Ciclomotor,Automóvil",Nogues Y Andreu,2,1,0,0,1,0,0,"-33.013247855730, -60.61366529703",Calle,,VILLA GOBERNADOR GÁLVEZ,Rosario,Asfalto,Natural,II,Dentro,Urbana,Ninguna,No existe,Intersección,Bueno,Buena,Diurna,Buen Tiempo,Lateral,S/D,Colisión,Ninguna,Faltante,Ninguna,Sin restricción
2018,4583,2018-03-02,Viernes,0,12:25:00,,0.0,3,"Automóvil,Peatón,Peatón",Av. Corrientes Y Gaboto,3,2,0,0,1,0,0,"-32.972576, -60.649130",Calle,,ROSARIO,Rosario,Asfalto,No existe,II,Dentro,Urbana,Señal Pare,Funciona,Intersección,Bueno,Buena,Diurna,Buen Tiempo,S/D,Peatón,Atropello,Ninguna,"Horizontal,Vertical",Ninguna,Sin restricción
2018,4584,2018-03-26,Lunes,0,23:00:00,,0.0,2,"Bicicleta,Automóvil",Italia Y Catamarca,2,1,0,0,1,0,0,"-32.938845993207, -60.646439648234",Calle,,ROSARIO,Rosario,Asfalto,No existe,II,Dentro,Urbana,Señal Pare,No existe,Intersección,Bueno,Buena,"Nocturna,Con luz artificial",Buen Tiempo,S/D,Ciclista,Atropello,S/D,"Horizontal,Vertical",Ninguna,Sin restricción
2018,4585,2018-03-21,Miercoles,0,20:00:00,,0.0,2,"Moto/Ciclomotor,Automóvil",Bv. Segui Y Italia,3,2,0,0,1,0,0,"-32.977262, -60.656073",Avenida,,ROSARIO,Rosario,Asfalto,No existe,II,Dentro,Urbana,Semáforo,Funciona,Intersección,Bueno,Buena,"Nocturna,Con luz artificial",Buen Tiempo,De alcance,S/D,Colisión,Agua,"Horizontal,Vertical","Cordón divisorio,Vegetación",Sin restricción
2018,4586,2018-04-18,Miercoles,0,14:15:00,,0.0,2,"Moto/Ciclomotor,Moto/Ciclomotor",Santiago del Estero bis Y Av Ntra Sra de la Paz,2,1,0,0,0,0,1,"-33.010682792061, -60.61481403014",Avenida,,VILLA GOBERNADOR GÁLVEZ,Rosario,Asfalto,No existe,II,Dentro,Urbana,Policía de tránsito,No existe,Recta,Bueno,Buena,Diurna,Buen Tiempo,Lateral,S/D,Colisión,Ninguna,Faltante,Ninguna,Sin restricción
2018,4587,2018-03-10,Sabado,0,16:10:00,,0.0,2,"Automóvil,Automóvil",Bv. Oro?o Y Ameghino,4,1,0,0,3,0,0,"-32.984406, -60.663454",Avenida,,ROSARIO,Rosario,Asfalto,No existe,II,Dentro,Urbana,Semáforo,Funciona,Recta,Bueno,Buena,Atardecer,Buen Tiempo,De alcance,S/D,Colisión,Ninguna,"Horizontal,Vertical","Cordón divisorio,Línea divisoria pintada",Sin restricción
2018,4588,2018-03-21,Miercoles,0,13:15:00,,0.0,2,"Automóvil,Automóvil",Bv. Oro?o Bis 149,3,1,0,0,2,0,0,"-32.932521477663, -60.650467447672",Avenida,,ROSARIO,Rosario,Asfalto,No existe,II,Dentro,Urbana,Semáforo,Funciona,Recta,Bueno,Buena,Diurna,Buen Tiempo,De alcance,S/D,Colisión,S/D,"Horizontal,Vertical",Cordón divisorio,Sin restricción
2018,4589,2018-03-05,Lunes,0,10:40:00,,0.0,2,"Automóvil,Automóvil",Entre Rios Y Bv. Segui,3,1,0,0,2,0,0,"-32.978484, -60.649138",Calle,,ROSARIO,Rosario,Asfalto,No existe,II,Dentro,Urbana,Ninguna,No existe,Intersección,Bueno,Buena,Diurna,Buen Tiempo,De alcance,S/D,Colisión,Ninguna,Vertical,Cordón divisorio,Sin restricción
2018,4590,2018-03-06,Martes,0,11:20:00,,0.0,2,"Moto/Ciclomotor,Automóvil",Italia Y Mr.Ross,2,1,0,0,1,0,0,"-32.986511, -60.658391",Calle,,ROSARIO,Rosario,Asfalto,No existe,II,Dentro,Urbana,Ninguna,No existe,Intersección,Deteriorada,Buena,Diurna,Buen Tiempo,S/D,S/D,Colisión,Ninguna,Faltante,Ninguna,Sin restricción
2018,4591,2018-03-18,Domingo,0,10:30:00,,0.0,2,"Moto/Ciclomotor,Automóvil",Balcarce 266,2,1,0,0,1,0,0,"-32.937499657595, -60.650317243967",Calle,,ROSARIO,Rosario,Asfalto,No existe,II,Dentro,Urbana,Señal Pare,No existe,Recta,Bueno,Buena,Diurna,Buen Tiempo,De alcance,S/D,Colisión,Ninguna,"Horizontal,Vertical",Ninguna,Sin restricción
2018,4592,2018-03-09,Viernes,0,21:30:00,,0.0,2,"Automóvil,Moto/Ciclomotor",San Martin Y Calle 503,3,1,0,0,2,0,0,"-33.014986, -60.651854",Calle,,ROSARIO,Rosario,Asfalto,No existe,II,Dentro,Urbana,Ninguna,No existe,Recta,Deteriorada,Buena,"Nocturna,Con luz artificial",Buen Tiempo,De alcance,S/D,Colisión,Ninguna,Faltante,Cordón divisorio,Sin restricción
2018,4593,2018-03-14,Miercoles,0,09:45:00,,0.0,1,Transporte de Pasajeros Larga Distancia (> 8 asientos),Brown Y Alvear,2,1,0,0,1,0,0,"-32.934130803072, -60.652344993982",Calle,,ROSARIO,Rosario,Asfalto,No existe,II,Dentro,Urbana,Señal Pare,No existe,Recta,Bueno,Buena,Diurna,Buen Tiempo,S/D,S/D,Caída ocupante,S/D,"Horizontal,Vertical",Ninguna,Sin restricción
2018,4594,2018-03-15,Jueves,0,13:40:00,,0.0,2,"Bicicleta,Moto/Ciclomotor",Garibaldi Y San Martin,2,0,1,0,1,0,0,"-32.986347, -60.645796",Avenida,,ROSARIO,Rosario,Asfalto,No existe,II,Dentro,Urbana,Semáforo,Funciona,Intersección,Bueno,Buena,Diurna,Buen Tiempo,S/D,Ciclista,Atropello,Ninguna,"Horizontal,Vertical",Cordón divisorio,Sin restricción
2018,4595,2018-04-17,Martes,0,17:40:00,,0.0,2,"Moto/Ciclomotor,Bicicleta",P Opicci Y Ing Mosconi,3,2,0,0,1,0,0,"-33.025686197440, -60.634453912201",Calle,,VILLA GOBERNADOR GÁLVEZ,Rosario,Asfalto,No existe,II,Dentro,Urbana,Ninguna,Funciona,Intersección,Bueno,Buena,Diurna,Buen Tiempo,S/D,Ciclista,Atropello,Ninguna,Vertical,Ninguna,S/D
2018,4596,2018-03-18,Domingo,0,01:45:00,,0.0,2,"Automóvil,Moto/Ciclomotor",Dean Funes Y Dorrego,3,2,0,0,1,0,0,"-32.973659, -60.656585",Calle,,ROSARIO,Rosario,Asfalto,No existe,II,Dentro,Urbana,Ninguna,No existe,Intersección,Bueno,Buena,"Nocturna,Con luz artificial",Buen Tiempo,De alcance,S/D,Colisión,Ninguna,Faltante,Ninguna,Sin restricción
2018,4597,2018-03-10,Sabado,0,12:50:00,,0.0,2,"Bicicleta,Automóvil",Santa Fe ,2,1,0,0,1,0,0,"-32.943926230394, -60.644223265085",Calle,,ROSARIO,Rosario,Asfalto,No existe,II,Dentro,Urbana,Ninguna,No existe,Recta,Bueno,Buena,Diurna,Buen Tiempo,S/D,Ciclista,Atropello,Ninguna,S/D,Ninguna,Sin restricción
2018,4598,2018-03-12,Lunes,0,10:10:00,,0.0,2,"Automóvil,Peatón",Bv. Oro?o Y San Lorenzo,3,2,0,0,1,0,0,"-32.941404953920, -60.652774147425",Avenida,,ROSARIO,Rosario,Asfalto,No existe,II,Dentro,Urbana,Señal Pare,No existe,Intersección,S/D,S/D,Diurna,S/D,S/D,Peatón,Atropello,S/D,"Horizontal,Vertical",Cordón divisorio,Sin restricción
2018,4599,2018-04-20,Viernes,0,17:00:00,,0.0,2,"Bicicleta,Automóvil",Soldado Aguirre Y P Opicci,2,1,0,0,1,0,0,"-33.029123045695, -60.634235466367",Calle,,VILLA GOBERNADOR GÁLVEZ,Rosario,Asfalto,No existe,II,Dentro,Urbana,Ninguna,No existe,Intersección,Bueno,Buena,Diurna,Buen Tiempo,S/D,Ciclista,Atropello,Ninguna,Faltante,Ninguna,Sin restricción
2018,4600,2018-03-11,Domingo,0,19:30:00,,0.0,2,"Moto/Ciclomotor,Automóvil",San Juan Y Av. Corrientes,2,1,0,0,1,0,0,"-32.949397936785, -60.643311314020",Avenida,,ROSARIO,Rosario,Asfalto,No existe,II,Dentro,Urbana,Semáforo,Funciona,Recta,S/D,S/D,Diurna,S/D,Lateral,S/D,Colisión,S/D,"Horizontal,Vertical",Ninguna,S/D
2018,4601,2018-03-12,Lunes,0,15:30:00,,0.0,2,"Transporte de Pasajeros Urbano (> 8 asientos),Transporte de Pasajeros Urbano (> 8 asientos)",Alvear Y San Lorenzo,8,6,0,0,0,0,2,"-32.941136733019, -60.654083065424",Calle,,ROSARIO,Rosario,Asfalto,No existe,II,Dentro,Urbana,Paso Peatonal,No existe,Intersección,S/D,S/D,Diurna,Buen Tiempo,Lateral,S/D,Colisión,S/D,Horizontal,Ninguna,S/D
2018,4602,2018-03-23,Viernes,0,21:30:00,Ruta Provincial 21,0.0,1,Moto/Ciclomotor, ,1,0,1,0,0,0,0,"-33.222499, -60.828529",Ruta,21,ACEBAL,Rosario,Tierra,No existe,II,Dentro,Rural,Ninguna,No existe,Recta,Deteriorada,Reducida,Nocturna,Buen Tiempo,Contra objeto fijo,S/D,Colisión,Material Suelto,Faltante,Ninguna,Sin restricción
2018,4603,2018-03-01,Jueves,0,14:10:00,Ruta Provincial 21,0.0,2,"Moto/Ciclomotor,Automóvil", ,2,0,1,0,0,0,1,"-33.217269, -60.827139",Ruta,21,ROSARIO,Rosario,Tierra,Natural,II,Dentro,Rural,Ninguna,No existe,Recta,Deteriorada,Reducida polvo,Diurna,Buen Tiempo,Frontal,S/D,Colisión,Ninguna,Faltante,Ninguna,Sin restricción