anio_acci,nro_acci,fecha,desc_dia,fecha_aprox,hora_aprox,desc_ruta,km,cant_participantes,desc_participante,calle_avenida_km,total,heridos_leves,heridos_graves,heridos_gravisimos,ilesos,fallecidos,sin_datos,posicion_XY,desc_tipo_via,desc_ruta_ori,desc_loc,desc_dpto,desc_tipo_calzada,desc_tipo_banquina,desc_unidad_regional,desc_lugar_calzada,desc_zona,desc_prioridad,desc_estado_semaforo,desc_lugar_via,desc_estado_via,desc_estado_visibilidad,desc_luminosidad,desc_estado_clima,desc_tipo_colision,desc_tipo_atropello,desc_tipo_hecho,desc_pres_calzada,desc_senializacion,desc_separacion_via,desc_restriccion
2018,4604,2018-03-26,Lunes,0,16:00:00,,0.0,2,"Moto/Ciclomotor,Automóvil",Bv. 27 De Febrero Y Magallanes,2,1,0,0,1,0,0,"-32.959132345183, -60.703755464273",Calle,,ROSARIO,Rosario,S/D,No existe,II,Dentro,Urbana,Ninguna,No existe,Intersección,Bueno,Buena,Diurna,Otro,Lateral,S/D,Colisión,Ninguna,Faltante,Ninguna,Sin restricción
2018,4605,2018-03-12,Lunes,0,22:20:00,,0.0,2,"Automóvil,Moto/Ciclomotor",Bv. Oro?o Y Tucuman,3,2,0,0,1,0,0,"-32.939033881151, -60.652194790278",Avenida,,ROSARIO,Rosario,Asfalto,No existe,II,Dentro,Urbana,Señal Pare,No existe,Intersección,S/D,S/D,"Nocturna,Con luz artificial",S/D,Lateral,S/D,Colisión,S/D,"Horizontal,Vertical",Cordón divisorio,S/D
2018,4606,2018-04-18,Miercoles,0,13:30:00,,0.0,2,"Automóvil,Moto/Ciclomotor",Alberdi Y Emilio Zola,2,1,0,0,1,0,0,"-33.030564463755, -60.623941764970",Calle,,VILLA GOBERNADOR GÁLVEZ,Rosario,Asfalto,No existe,II,Dentro,Urbana,Ninguna,No existe,Intersección,Bueno,Buena,Diurna,Buen Tiempo,Lateral,S/D,Colisión,Ninguna,Faltante,Ninguna,Sin restricción
2018,4607,2018-03-02,Viernes,0,16:00:00,,0.0,2,"Moto/Ciclomotor,Taxi/Remis",San Luis Y Alvear,2,1,0,0,1,0,0,"-32.946018353426, -60.655338339243",Calle,,ROSARIO,Rosario,Asfalto,No existe,II,Dentro,Urbana,Semáforo,Funciona,Intersección,S/D,S/D,Diurna,S/D,Lateral,S/D,Colisión,S/D,"Horizontal,Vertical",Ninguna,S/D
2018,4608,2018-03-26,Lunes,0,21:00:00,,0.0,2,"Moto/Ciclomotor,Pickup/Utilitario",Camilo Aldao Y Pje. S.Temple,2,1,0,0,1,0,0,"-32.961685808166, -60.695150937753",Calle,,ROSARIO,Rosario,Asfalto,No existe,II,Dentro,Urbana,Ninguna,No existe,Intersección,Bueno,Buena,Nocturna,Otro,Lateral,S/D,Colisión,Agua,Faltante,Ninguna,Sin restricción
2018,4609,2018-04-21,Sabado,0,20:00:00,,0.0,2,"Moto/Ciclomotor,Moto/Ciclomotor",Pasteur Y Emilio Zola,4,4,0,0,0,0,0,"-33.029491580149, -60.622010574479",Calle,,VILLA GOBERNADOR GÁLVEZ,Rosario,Asfalto,No existe,II,Dentro,Urbana,Ninguna,No existe,Intersección,Bueno,Reducida,Nocturna,Buen Tiempo,S/D,S/D,Colisión,Ninguna,Faltante,Ninguna,Sin restricción
2018,4610,2018-03-14,Miercoles,0,20:50:00,,0.0,2,"Bicicleta,Automóvil",Buenos Aires Y 9 De Julio,2,1,0,0,1,0,0,"-32.954858914339, -60.634599499140",Calle,,ROSARIO,Rosario,Asfalto,No existe,II,Dentro,Urbana,Paso Peatonal,No existe,Intersección,S/D,S/D,Nocturna,S/D,S/D,Ciclista,Atropello,S/D,Horizontal,Ninguna,S/D
2018,4611,2018-03-03,Sabado,0,,,0.0,2,"Moto/Ciclomotor,Automóvil",Santa Fe Y Garzon,3,2,0,0,1,0,0,"-32.935514689612, -60.705861306749",Calle,,ROSARIO,Rosario,Asfalto,No existe,II,Dentro,Urbana,Ninguna,S/D,Intersección,Bueno,S/D,S/D,Buen Tiempo,S/D,S/D,Colisión,S/D,S/D,Ninguna,Sin restricción
2018,4612,2018-03-15,Jueves,0,07:30:00,,0.0,2,"Automóvil,Moto/Ciclomotor",Necochea Y Cochabamba,2,1,0,0,1,0,0,"-32.960899249041, -60.627218059931",Calle,,ROSARIO,Rosario,Asfalto,No existe,II,Dentro,Urbana,Paso Peatonal,No existe,Intersección,S/D,S/D,Diurna,S/D,Lateral,S/D,Colisión,S/D,Horizontal,Ninguna,S/D
2018,4613,2018-03-02,Viernes,0,,,0.0,2,"Bicicleta,Automóvil",Av. Pellegrini 5000,2,2,0,0,0,0,0,"-32.947915480395, -60.692719977882",Calle,,ROSARIO,Rosario,Asfalto,No existe,II,S/D,Urbana,Ninguna,S/D,Recta,Bueno,S/D,S/D,Buen Tiempo,S/D,Ciclista,Atropello,S/D,S/D,Ninguna,Sin restricción
2018,4614,2018-03-09,Viernes,0,,,0.0,2,"Peatón,Pickup/Utilitario",Urquiza Y Roullon,2,1,0,0,1,0,0,"-32.933159843410, -60.702572039995",Calle,,ROSARIO,Rosario,Asfalto,No existe,II,Dentro,Urbana,Ninguna,S/D,Intersección,Bueno,S/D,S/D,Buen Tiempo,S/D,Peatón,Atropello,S/D,S/D,Ninguna,Sin restricción
2018,4615,2018-03-28,Miercoles,0,,,0.0,2,"Automóvil,Moto/Ciclomotor",Av. Provincias Unidas Y Pasco,2,1,0,0,1,0,0,"-32.950926795925, -60.712206534776",Calle,,ROSARIO,Rosario,Asfalto,No existe,II,Dentro,Urbana,Ninguna,S/D,Intersección,Bueno,S/D,S/D,Buen Tiempo,De alcance,S/D,Colisión,S/D,S/D,Ninguna,Sin restricción
2018,4616,2018-03-11,Domingo,0,00:20:00,,0.0,2,"Peatón,Moto/Ciclomotor",Santiago  Liniers Y Las Heras,2,1,0,0,1,0,0,"-32.861991986424, -60.714376750270",Calle,,GRANADERO BAIGORRIA,Rosario,Tierra,No existe,II,Dentro,Urbana,Ninguna,No existe,Plaza,Bueno,Reducida,Nocturna,Buen Tiempo,S/D,Peatón,Atropello,Ninguna,Faltante,Ninguna,Sin restricción
2018,4617,2018-03-13,Martes,0,18:30:00,,0.0,2,"Automóvil,Moto/Ciclomotor",21 de setiembre Y Av San Martin,2,1,0,0,1,0,0,"-32.838388547093, -60.709677520076",Avenida,,GRANADERO BAIGORRIA,Rosario,Asfalto,Pavimento,II,Dentro,Urbana,Ninguna,Funciona,Intersección,Bueno,Buena,Diurna,Buen Tiempo,Contra objeto fijo,S/D,Colisión,Otro,Vertical,Barrera de alto impacto,Sin restricción
2018,4618,2018-03-23,Viernes,0,11:55:00,,0.0,2,"Moto/Ciclomotor,Transporte de Pasajeros Urbano (> 8 asientos)",Los Cocos Y La Cumbre,2,1,0,0,1,0,0,"-32.885445222051, -60.707982363979",Calle,,ROSARIO,Rosario,Asfalto,No existe,II,S/D,Urbana,Ninguna,No existe,Intersección,Bueno,Buena,Diurna,Buen Tiempo,Lateral,S/D,Colisión,Ninguna,Faltante,Ninguna,Sin restricción
2018,4619,2018-03-24,Sabado,0,15:00:00,,0.0,2,"Moto/Ciclomotor,Automóvil",MANGORE Y JOSE M ROSA,2,0,1,0,1,0,0,"-32.878191657023, -60.708058213484",Calle,,ROSARIO,Rosario,Asfalto,No existe,II,S/D,Urbana,Ninguna,No existe,Intersección,Bueno,Buena,Diurna,Buen Tiempo,Lateral,S/D,Colisión,Ninguna,Faltante,Ninguna,Sin restricción
2018,4620,2018-03-03,Sabado,0,21:15:00,Ruta Secundaria 34-s,0.0,2,"Automóvil,Moto/Ciclomotor", ,3,0,2,0,1,0,0,"-32.853310747663, -60.777580940300",Ruta,34-s,IBARLUCEA,Rosario,Asfalto,Ripio,II,Dentro,Urbana,Ninguna,No existe,Recta,Bueno,Buena,Atardecer,Buen Tiempo,Lateral,S/D,Colisión,Ninguna,Faltante,Ninguna,Sin restricción
2018,4621,2018-08-15,Miercoles,0,20:20:00,Ruta Provincial 4,0.0,1,Moto/Ciclomotor,25 DE MAYO ,1,1,0,0,0,0,0,"-31.28002, -60.76464",Ruta,4,NELSON,La Capital,Asfalto,Ripio,I,S/D,Urbana,Ninguna,No existe,Recta,Bueno,Buena,Nocturna,Buen Tiempo,Otro,S/D,Caída ocupante,Material Suelto,Faltante,Línea divisoria pintada,Sin restricción
2018,4622,2018-08-23,Jueves,0,20:15:00,Ruta Provincial 6,76.0,2,"Automóvil,Automóvil", ,3,3,0,0,0,0,0,"-31.34205, -60.87193",Ruta,6,NELSON,La Capital,Asfalto,Natural,I,S/D,Rural,Ninguna,No existe,Recta,Bueno,Buena,Nocturna,Buen Tiempo,Lateral,S/D,Colisión,Ninguna,Horizontal,Línea divisoria pintada,Sin restricción
2018,4623,2018-08-17,Viernes,0,21:30:00,,0.0,2,"Peatón,Automóvil",Bernardo de Irigoyen 8500,2,1,0,0,1,0,0,"-31.582889897940, -60.720220750319",Calle,,SANTA FE,La Capital,Asfalto,No existe,I,S/D,Urbana,S/D,No existe,Recta,Con baches,Buena,Nocturna,Buen Tiempo,S/D,Peatón,Atropello,S/D,Faltante,Ninguna,Sin restricción
2018,4624,2018-08-10,Viernes,0,08:40:00,Ruta Nacional 11,0.0,2,"Moto/Ciclomotor,Automóvil",Juan de Garay Y Jorge Luis Borges,4,3,0,0,1,0,0,"-31.5487, -60.72592",Ruta,11,RECREO,La Capital,Asfalto,Natural,I,Dentro,Urbana,Ninguna,No existe,Intersección,Bueno,Buena,Diurna,Buen Tiempo,Lateral,S/D,Colisión,Ninguna,Horizontal,Línea divisoria pintada,Sin restricción
2018,4625,2018-08-08,Miercoles,0,20:20:00,,0.0,2,"Peatón,Moto/Ciclomotor",Cafferata 8600,2,1,0,0,1,0,0,"-31.578662736533, -60.733481591688",Calle,,SANTA FE,La Capital,Asfalto,No existe,I,S/D,Urbana,Ninguna,No existe,Recta,Con baches,Reducida,Nocturna,Lluvia,S/D,Peatón,Atropello,Material Suelto,Faltante,Ninguna,Sin restricción
2018,4626,2018-08-10,Viernes,0,20:00:00,,0.0,2,"Automóvil,Moto/Ciclomotor",Gorriti Y Av Blas Parera,2,1,0,0,1,0,0,"-31.582930687636, -60.726438627312",Calle,,SANTA FE,La Capital,Asfalto,No existe,I,S/D,Urbana,Semáforo,Funciona,Intersección,Bueno,Buena,Nocturna,Buen Tiempo,De alcance,S/D,Colisión,Ninguna,Horizontal,Ninguna,Sin restricción
2018,4627,2018-08-06,Lunes,0,16:40:00,Ruta Nacional 11,0.0,2,"Moto/Ciclomotor,Pickup/Utilitario",Juan de Garay Y Pte Roca,4,3,0,0,1,0,0,"-31.5545, -60.72744",Ruta,11,RECREO,La Capital,Asfalto,Natural,I,Dentro,Urbana,Ninguna,No existe,Intersección,Bueno,Buena,Diurna,Buen Tiempo,De alcance,S/D,Colisión,Ninguna,Horizontal,Línea divisoria pintada,Sin restricción
2018,4628,2018-08-27,Lunes,0,09:15:00,Ruta Nacional 11,0.0,2,"Bicicleta,Moto/Ciclomotor",Juan de Garay Y Artigas,2,2,0,0,0,0,0,"-31.5432, -60.72371",Ruta,11,RECREO,La Capital,Asfalto,Natural,I,S/D,Urbana,Ninguna,No existe,Intersección,Bueno,Buena,Diurna,Buen Tiempo,Otro,Ciclista,Atropello,Ninguna,Horizontal,Línea divisoria pintada,Sin restricción
2018,4629,2018-08-08,Miercoles,0,20:30:00,,0.0,2,"Moto/Ciclomotor,Automóvil",San Lorenzo Y Pueyrredon,2,1,0,0,1,0,0,"-29.892395364473, -60.287116360454",S/D,,CALCHAQUÍ,Vera,Asfalto,No existe,XIX,Dentro,Urbana,Ninguna,No existe,Intersección,Bueno,Buena,Con luz artificial,Buen Tiempo,Frontal,S/D,Colisión,Ninguna,Faltante,Ninguna,Sin restricción
2018,4630,2018-08-17,Viernes,0,20:40:00,,0.0,2,"Bicicleta,Moto/Ciclomotor",San Martin Y Rivadavia,2,0,1,0,1,0,0,"-29.888811933229, -60.287717175273",Calle,,CALCHAQUÍ,Vera,Asfalto,No existe,XIX,S/D,Urbana,Ninguna,No existe,Intersección,Bueno,Buena,Con luz artificial,Buen Tiempo,Otro,Ciclista,Atropello,Ninguna,Faltante,Ninguna,Sin restricción
2018,4631,2018-08-21,Martes,0,13:40:00,Ruta Nacional 11,0.0,2,"Moto/Ciclomotor,Automóvil",AV. JUAN DE GARAY Y AV. MOSE?OR RODRIGUEZ,2,1,0,0,1,0,0,"-31.56151, -60.72933",Ruta,11,RECREO,La Capital,Asfalto,Natural,I,Dentro,Urbana,Ninguna,Intermitente,Intersección,Bueno,Buena,Diurna,Buen Tiempo,Lateral,S/D,Colisión,Ninguna,"Horizontal,Vertical",Línea divisoria pintada,Sin restricción
2018,4632,2018-08-17,Viernes,0,23:50:00,,0.0,2,"Pickup/Utilitario,Moto/Ciclomotor",Luis D'Abreu Y Roque Saenz Pe?a,3,2,0,0,1,0,0,"-29.880592772957, -60.281173332930",Calle,,CALCHAQUÍ,Vera,Asfalto,No existe,XIX,Dentro,Urbana,Ninguna,No existe,Intersección,Bueno,Buena,Con luz artificial,Buen Tiempo,Frontal,S/D,Colisión,Ninguna,Faltante,Ninguna,Sin restricción
2018,4634,2018-08-12,Domingo,0,23:50:00,Ruta Provincial 3,0.0,1,Automóvil, ,1,1,0,0,0,0,0,"-28.960225308651, -60.134499679755",Ruta,3,GARABATO,Vera,Asfalto,Natural,I,Fuera,Rural,Ninguna,No existe,Recta,Bueno,Buena,Nocturna,Buen Tiempo,S/D,S/D,Despiste,Ninguna,Horizontal,Línea divisoria pintada,Sin restricción
2018,4635,2018-08-07,Martes,0,07:00:00,,0.0,2,"Moto/Ciclomotor,Bicicleta",Calle publica rural ,2,1,1,0,0,0,0,"-29.443859073047, -60.206089969599",Camino Rural,,VERA,Vera,Ripio,No existe,XIX,Dentro,Rural,Ninguna,No existe,Recta,Bueno,Buena,Diurna,Buen Tiempo,Frontal,Ciclista,Atropello,Ninguna,Faltante,Ninguna,Sin restricción
2018,4636,2018-08-29,Miercoles,0,16:30:00,Ruta Nacional 11,520.0,2,"Bicicleta,Automóvil", ,2,1,0,0,1,0,0,"-31.18292, -60.74232",Ruta,11,LLAMBI CAMPBELL,La Capital,Asfalto,Natural,I,Dentro,Rural,Marca Vial,No existe,Recta,Bueno,Buena,Diurna,Buen Tiempo,S/D,Ciclista,Atropello,Ninguna,Horizontal,Línea divisoria pintada,Sin restricción
2018,4637,2018-08-13,Lunes,0,21:00:00,,0.0,2,"Pickup/Utilitario,Moto/Ciclomotor",Mitre B Y Pje Martin Fierro,2,1,0,0,1,0,0,"-29.453544194468, -60.213168966089",Calle,,VERA,Vera,Ripio,S/D,XIX,S/D,Urbana,Ninguna,No existe,Recta,Con baches,S/D,Nocturna,Buen Tiempo,Frontal,S/D,Colisión,S/D,Faltante,Ninguna,Sin restricción
2018,4638,2018-08-29,Miercoles,0,11:10:00,,0.0,2,"Moto/Ciclomotor,Pickup/Utilitario",Colon Y Belgrano,2,1,0,0,1,0,0,"-29.456943757061, -60.211331515333",Calle,,VERA,Vera,Asfalto,S/D,XIX,S/D,Urbana,Ninguna,No existe,Recta,Bueno,S/D,S/D,Buen Tiempo,Frontal,S/D,Colisión,S/D,S/D,Ninguna,Sin restricción
2018,4639,2018-08-30,Jueves,0,11:20:00,,0.0,1,Moto/Ciclomotor,Moreno Y 9 de Julio,3,1,0,0,2,0,0,"-29.458917862896, -60.212983756086",S/D,,VERA,Vera,Asfalto,S/D,XIX,S/D,Urbana,Ninguna,No existe,Recta,Bueno,Buena,Con luz artificial,Buen Tiempo,Frontal,S/D,Colisión,S/D,S/D,Ninguna,Sin restricción
2018,4640,2018-03-15,Jueves,0,15:30:00,Ruta Provincial 18,0.0,2,"Moto/Ciclomotor,Automóvil", ,4,1,0,0,3,0,0,"-33.089728, -60.699942",Ruta,18,ROSARIO,Rosario,Asfalto,Natural,II,Dentro,Rural,Semáforo,Intermitente,Intersección,Bueno,Buena,Diurna,Buen Tiempo,Lateral,S/D,Colisión,Ninguna,"Horizontal,Vertical","Cordón divisorio,Línea divisoria pintada",Sin restricción
2018,4641,2018-03-18,Domingo,0,19:50:00,Ruta Provincial 18,25.0,1,Moto/Ciclomotor, ,1,1,0,0,0,0,0,"-33.249360, -60.765770",Ruta,18,VILLA CUATRO ESQUINAS,Rosario,Asfalto,Natural,II,Dentro,Urbana,Señal Pare,No existe,Intersección,Bueno,Buena,Atardecer,Buen Tiempo,S/D,S/D,Despiste,Ninguna,Faltante,"Cordón divisorio,Línea divisoria pintada",Sin restricción
2018,4642,2018-03-26,Lunes,0,10:05:00,,0.0,2,"Bicicleta,Automóvil",Juarez Celman Y Libertad,2,1,0,0,1,0,0,"-33.152505, -60.510217",Avenida,,ARROYO SECO,Rosario,Asfalto,No existe,II,Dentro,Urbana,Ninguna,No existe,Intersección,Deteriorada,S/D,Diurna,Buen Tiempo,S/D,Ciclista,Atropello,Ninguna,Faltante,Cordón divisorio,Sin restricción
2018,4643,2018-03-16,Viernes,0,06:15:00,,0.0,2,"Automóvil,Automóvil",Libertad 800,2,1,0,0,1,0,0,"-33.150948, -60.508270",Avenida,,ARROYO SECO,Rosario,Asfalto,No existe,II,Dentro,Urbana,Semáforo,Funciona,Intersección,"Con baches,Ahuellamiento",Reducida,Diurna,Buen Tiempo,De alcance,S/D,Colisión,S/D,Vertical,Cordón divisorio,Sin restricción
2018,4644,2018-03-09,Viernes,0,06:30:00,Ruta Provincial 21,2.0,2,"Pickup/Utilitario,Automóvil", ,2,1,0,0,1,0,0,"-33.201230, -60.456350",Ruta,21,FIGHIERA,Rosario,Asfalto,Natural,II,Dentro,Urbana,Ninguna,No existe,Recta,Bueno,Buena,Diurna,Buen Tiempo,Otro,S/D,Colisión,S/D,Horizontal,Línea divisoria pintada,Sin restricción
2018,4645,2018-03-10,Sabado,0,08:30:00,,0.0,2,"Pickup/Utilitario,Moto/Ciclomotor",Gral Jose de San Martin Y Alvarado,2,1,0,0,1,0,0,"-33.193886, -60.466880",Calle,,ARROYO SECO,Rosario,Asfalto,No existe,II,Dentro,Urbana,S/D,No existe,Intersección,Bueno,Buena,Diurna,Buen Tiempo,Lateral,S/D,Colisión,S/D,S/D,Ninguna,Sin restricción
2018,4646,2018-03-21,Miercoles,0,,Ruta Provincial 21,26.0,2,"Camión Chasis,Camión Chasis", ,2,1,0,0,1,0,0,"-33.190774, -60.467789",Ruta,21,ROSARIO,Rosario,Asfalto,Natural,II,Dentro,Urbana,S/D,S/D,Recta,Bueno,S/D,S/D,S/D,S/D,S/D,Colisión,S/D,S/D,S/D,S/D
2018,4647,2018-03-25,Domingo,0,21:30:00,Ruta Provincial 21,25.0,2,"Automóvil,Pickup/Utilitario",Garay ,3,1,0,0,1,0,1,"-33.188879, -60.470531",Ruta,21,ROSARIO,Rosario,Asfalto,Ripio,II,Dentro,Urbana,Semáforo,Funciona,Intersección,Bueno,Buena,Nocturna,Buen Tiempo,S/D,S/D,Colisión,S/D,"Horizontal,Vertical",Línea divisoria pintada,S/D
2018,4648,2018-03-26,Lunes,0,08:55:00,Ruta Nacional 33,0.0,2,"Automóvil,Automóvil",Av San Martin 400,5,5,0,0,0,0,0,"-32.991562, -60.757684",Ruta,33,PÉREZ,Rosario,Asfalto,No existe,II,Dentro,Urbana,Ninguna,No existe,Recta,Bueno,Buena,Diurna,Buen Tiempo,Lateral,S/D,Colisión,S/D,Horizontal,Línea divisoria pintada,Sin restricción
2018,4649,2018-04-03,Martes,0,16:15:00,,0.0,2,"Moto/Ciclomotor,Automóvil",Bv San diego ,2,1,0,0,1,0,0,"-33.018653445399, -60.613291283071",Avenida,,VILLA GOBERNADOR GÁLVEZ,Rosario,Asfalto,No existe,II,Dentro,Urbana,Ninguna,No existe,Intersección,Bueno,Buena,Diurna,Buen Tiempo,Lateral,S/D,Colisión,Ninguna,Faltante,Ninguna,Sin restricción
2018,4650,2018-08-08,Miercoles,0,17:30:00,,0.0,2,"Moto/Ciclomotor,Automóvil",Corrientes Y Neuquen,2,1,0,0,0,0,1,"-29.222388888889,-61.764638888889",Calle,,TOSTADO,9 de Julio,Ripio,No existe,XII,Dentro,Urbana,Ninguna,No existe,Intersección,Bueno,Buena,Diurna,Buen Tiempo,Frontal,S/D,Colisión,Ninguna,Faltante,Ninguna,Sin restricción
2018,4651,2018-08-01,Miercoles,0,11:45:00,,0.0,2,"Peatón,Automóvil",Marconico Y Gral Jose de San Martin,2,1,0,0,1,0,0,"-33.744333333333,-61.966611111111",Avenida,,VENADO TUERTO,General López,Asfalto,No existe,VIII,Dentro,Urbana,Ninguna,No existe,Intersección,Bueno,Buena,Diurna,Buen Tiempo,S/D,S/D,Atropello,Ninguna,S/D,Ninguna,S/D
2018,4652,2018-08-18,Sabado,0,05:35:00,Ruta Provincial 2,0.0,3,"Pickup/Utilitario,Automóvil,Moto/Ciclomotor",Ruta Prov 2 Y Carlos Silvestre Begnis,3,1,0,0,2,0,0,"-29.235055555556,-61.766527777778",Ruta,2,TOSTADO,9 de Julio,Asfalto,Pavimento,XII,Dentro,Urbana,Semáforo,Funciona,Intersección,Bueno,Reducida,"Nocturna,Con luz artificial",Buen Tiempo,"Lateral,Múltiple",S/D,Colisión,Ninguna,Faltante,Ninguna,Sin restricción
2018,4653,2018-08-11,Sabado,0,18:50:00,,0.0,2,"Moto/Ciclomotor,Pickup/Utilitario",Vieytes Y French,2,1,0,0,1,0,0,"-33.759722222222,-61.972",Calle,,VENADO TUERTO,General López,Asfalto,No existe,VIII,Dentro,Urbana,Ninguna,No existe,Intersección,Bueno,Buena,Diurna,Buen Tiempo,S/D,S/D,Colisión,Ninguna,S/D,Ninguna,Sin restricción
2018,4654,2018-08-24,Viernes,0,22:30:00,,0.0,2,"Moto/Ciclomotor,Moto/Ciclomotor",Av Eduardo Minetti Y Domingo Faustino Sarmiento,3,2,1,0,0,0,0,"-28.622439952036, -61.626117593167",Avenida,,VILLA MINETTI,9 de Julio,Asfalto,Pavimento,XII,Dentro,Urbana,Ninguna,No existe,Intersección,Bueno,Buena,Con luz artificial,Buen Tiempo,Lateral,S/D,Colisión,Ninguna,Faltante,S/D,Sin restricción
2018,4655,2018-08-06,Lunes,0,17:25:00,,0.0,2,"Moto/Ciclomotor,Automóvil",Hipolito Irigoyen Y Junin,2,1,0,0,1,0,0,"-33.74775,-61.972916666667",Calle,,VENADO TUERTO,General López,Asfalto,No existe,VIII,Dentro,Urbana,S/D,No existe,Intersección,Bueno,Buena,Diurna,Buen Tiempo,S/D,S/D,Colisión,Ninguna,S/D,Ninguna,S/D
2018,4656,2018-08-29,Miercoles,0,19:25:00,Ruta Provincial 2,0.0,2,"Moto/Ciclomotor,Pickup/Utilitario", ,2,0,1,0,1,0,0,"-29.246534601919, -61.768716048541",Ruta,2,TOSTADO,9 de Julio,Asfalto,Pavimento,XII,Dentro,Urbana,S/D,No existe,Recta,Bueno,Reducida,"Nocturna,Con luz artificial",Buen Tiempo,Lateral,S/D,Colisión,Ninguna,S/D,S/D,Sin restricción
2018,4657,2018-02-01,Jueves,0,,,0.0,2,"Automóvil,Moto/Ciclomotor", ,2,1,0,0,1,0,0,"-31.448315,-60.926996",S/D,,ESPERANZA,Las Colonias,S/D,S/D,XI,S/D,S/D,S/D,S/D,S/D,S/D,S/D,S/D,S/D,S/D,S/D,Colisión,S/D,S/D,S/D,S/D
2018,4658,2018-08-13,Lunes,0,12:30:00,Ruta Nacional 8,0.0,2,"Automóvil,Moto/Ciclomotor",AVELLENDA ,2,1,0,0,1,0,0,"-33.74433, -61.98218",Ruta,8,VENADO TUERTO,General López,Asfalto,No existe,VIII,Dentro,Urbana,S/D,Funciona,Intersección,Bueno,Buena,Diurna,Buen Tiempo,S/D,S/D,Colisión,Ninguna,S/D,Ninguna,Sin restricción
2018,4659,2018-02-01,Jueves,0,,,0.0,2,"Automóvil,Moto/Ciclomotor", ,2,1,0,0,1,0,0,"-31.448315,-60.926996",S/D,,ESPERANZA,Las Colonias,S/D,S/D,XI,S/D,S/D,S/D,S/D,S/D,S/D,S/D,S/D,S/D,S/D,S/D,Colisión,S/D,S/D,S/D,S/D
2018,4660,2018-08-30,Jueves,0,16:00:00,,0.0,2,"Pickup/Utilitario,Moto/Ciclomotor",San Lorenzo Y Juan de Garay,2,1,0,0,1,0,0,"-29.230527777778,-61.77",Calle,,TOSTADO,9 de Julio,Hormigón,Natural,XII,Dentro,Urbana,Ninguna,No existe,Intersección,S/D,Buena,Atardecer,Buen Tiempo,Lateral,S/D,Colisión,S/D,S/D,Ninguna,Sin restricción
2018,4661,2018-08-22,Miercoles,0,20:35:00,Ruta Nacional 33,0.0,2,"Bicicleta,Pickup/Utilitario",AV. SANTA FE ,2,1,0,0,1,0,0,"-33.71375, -61.98085",Ruta,33,VENADO TUERTO,General López,Asfalto,No existe,VIII,Dentro,Urbana,S/D,No existe,Recta,Bueno,Buena,Atardecer,S/D,S/D,Ciclista,Atropello,Ninguna,S/D,Ninguna,Sin restricción
2018,4662,2018-08-01,Miercoles,0,09:25:00,,0.0,2,"Automóvil,Pickup/Utilitario",9 de Julio Y 13 de Mayo,4,2,0,0,2,0,0,"-31.731526152365, -61.088443469348",Calle,,SAN CARLOS CENTRO,Las Colonias,Asfalto,No existe,XI,Dentro,Urbana,Ninguna,No existe,Intersección,Bueno,Buena,Diurna,Buen Tiempo,De alcance,S/D,Colisión,Ninguna,Vertical,Ninguna,Sin restricción
2018,4663,2018-08-13,Lunes,0,08:05:00,,0.0,2,"Automóvil,Moto/Ciclomotor",Falucho Y Garibaldi,2,1,0,0,1,0,0,"-33.751916666667,-61.956388888889",Calle,,VENADO TUERTO,General López,Asfalto,No existe,VIII,Dentro,Urbana,S/D,No existe,Intersección,Bueno,Buena,Diurna,Buen Tiempo,Frontal,S/D,Colisión,Ninguna,S/D,Ninguna,S/D
2018,4664,2018-02-01,Jueves,0,,,0.0,2,"Vehículo Oficial,Automóvil",Garibaldi Y Sarmiento,3,2,0,0,0,0,1,"-33.025111111111,-60.627666666667",Calle,,VILLA GOBERNADOR GÁLVEZ,Rosario,S/D,S/D,II,S/D,Urbana,S/D,S/D,S/D,S/D,S/D,S/D,S/D,S/D,S/D,Colisión,S/D,S/D,S/D,S/D
2018,4665,2018-08-01,Miercoles,0,18:25:00,,0.0,2,"Pickup/Utilitario,Moto/Ciclomotor",Rivadavia Y Salta,3,1,0,0,2,0,0,"-31.735823142163, -61.092327711131",Calle,,SAN CARLOS CENTRO,Las Colonias,Asfalto,No existe,XI,Dentro,Urbana,Ninguna,No existe,Intersección,Bueno,Buena,Diurna,Buen Tiempo,"Frontal,Lateral",S/D,Colisión,Ninguna,Vertical,Ninguna,Sin restricción
2018,4666,2018-02-02,Viernes,0,,,0.0,2,"Peatón,Moto/Ciclomotor", ,2,1,0,0,1,0,0,"-33.047299,-61.182899",Calle,,CASILDA,Caseros,S/D,S/D,IV,S/D,Urbana,S/D,S/D,S/D,S/D,S/D,S/D,S/D,S/D,Peatón,Atropello,S/D,S/D,S/D,S/D