anio_acci,nro_acci,fecha,desc_dia,fecha_aprox,hora_aprox,desc_ruta,km,cant_participantes,desc_participante,calle_avenida_km,total,heridos_leves,heridos_graves,heridos_gravisimos,ilesos,fallecidos,sin_datos,posicion_XY,desc_tipo_via,desc_ruta_ori,desc_loc,desc_dpto,desc_tipo_calzada,desc_tipo_banquina,desc_unidad_regional,desc_lugar_calzada,desc_zona,desc_prioridad,desc_estado_semaforo,desc_lugar_via,desc_estado_via,desc_estado_visibilidad,desc_luminosidad,desc_estado_clima,desc_tipo_colision,desc_tipo_atropello,desc_tipo_hecho,desc_pres_calzada,desc_senializacion,desc_separacion_via,desc_restriccion
2018,4667,2018-08-13,Lunes,0,21:30:00,,0.0,2,"Moto/Ciclomotor,Automóvil",Jujuy Y Caseros,3,2,0,0,1,0,0,"-33.740027777778,-61.958722222222",Calle,,VENADO TUERTO,General López,Asfalto,No existe,VIII,Dentro,Urbana,S/D,No existe,Intersección,Bueno,Buena,Nocturna,Buen Tiempo,De alcance,S/D,Colisión,Ninguna,S/D,Ninguna,S/D
2018,4668,2018-08-08,Miercoles,0,11:15:00,,0.0,2,"Automóvil,Moto/Ciclomotor",San Martin Y Islas Malvinas,2,1,0,0,1,0,0,"-31.731467234723, -61.094087240245",Calle,,SAN CARLOS CENTRO,Las Colonias,Asfalto,No existe,XI,Dentro,Urbana,Ninguna,No existe,Intersección,Bueno,Buena,Diurna,Buen Tiempo,Lateral,S/D,Colisión,Ninguna,Vertical,Cordón divisorio,Sin restricción
2018,4669,2018-02-02,Viernes,0,,,0.0,2,"Moto/Ciclomotor,Moto/Ciclomotor",Tucuman Y Italia,2,1,1,0,0,0,0,"-30.94025, -61.56097",Calle,,SUNCHALES,Castellanos,S/D,S/D,V,S/D,Urbana,S/D,S/D,S/D,S/D,S/D,S/D,S/D,S/D,S/D,Colisión,S/D,S/D,S/D,S/D
2018,4670,2018-08-13,Lunes,0,14:10:00,,0.0,2,"Pickup/Utilitario,Moto/Ciclomotor",Espa?a Y Roca,2,1,0,0,1,0,0,"-33.749333333333,-61.958361111111",Calle,,VENADO TUERTO,General López,Asfalto,No existe,XIII,Dentro,Urbana,S/D,No existe,Intersección,Bueno,Buena,Diurna,Buen Tiempo,Frontal,S/D,Colisión,Ninguna,S/D,Ninguna,S/D
2018,4671,2018-02-02,Viernes,0,,,0.0,2,"Automóvil,Moto/Ciclomotor",Antonio Podio 1100,3,1,0,0,2,0,0,"-31.258805555556,-61.513416666667",Avenida,,RAFAELA,Castellanos,S/D,S/D,V,S/D,Urbana,S/D,S/D,S/D,S/D,S/D,S/D,S/D,S/D,S/D,Colisión,S/D,S/D,S/D,S/D
2018,4672,2018-08-09,Jueves,0,17:40:00,,0.0,2,"Automóvil,Bicicleta",Moreno Y Pte J D Peron,2,1,0,0,1,0,0,"-31.726467597119, -61.088615533854",Calle,,SAN CARLOS CENTRO,Las Colonias,Hormigón,Pavimento,XI,Dentro,Urbana,Ninguna,No existe,Intersección,Bueno,Buena,Diurna,Buen Tiempo,Contra objeto fijo,Ciclista,Atropello,Ninguna,Vertical,Cordón divisorio,Sin restricción
2018,4673,2018-02-02,Viernes,0,,Ruta Provincial 70,0.0,2,"Automóvil,Moto/Ciclomotor",Bv Pte Roca Y Cervantes,2,1,0,0,1,0,0,"-31.251361111111,-61.499416666667",Ruta,70,RAFAELA,Castellanos,S/D,S/D,V,S/D,Urbana,S/D,S/D,S/D,S/D,S/D,S/D,S/D,S/D,S/D,Colisión,S/D,S/D,S/D,S/D
2018,4674,2018-08-05,Domingo,0,18:50:00,,0.0,2,"Automóvil,Moto/Ciclomotor",SARMIENTO Y JOSE HERNANDEZ,2,1,0,0,1,0,0,"-33.79682, -61.2128",Calle,,WHEELWRIGHT,General López,Asfalto,No existe,VIII,Dentro,Urbana,Ninguna,No existe,Intersección,Bueno,Buena,Nocturna,Buen Tiempo,Lateral,S/D,Colisión,Ninguna,Horizontal,Ninguna,Sin restricción
2018,4675,2018-08-17,Viernes,0,11:40:00,,0.0,2,"Peatón,Automóvil",Beck y Herzeg 800,2,1,0,0,1,0,0,"-31.730995165936, -61.085611459758",Calle,,SAN CARLOS CENTRO,Las Colonias,Ripio,No existe,XI,Dentro,Urbana,Ninguna,No existe,Recta,Bueno,Buena,Diurna,Buen Tiempo,S/D,Peatón,Atropello,Ninguna,Faltante,Ninguna,Sin restricción
2018,4676,2018-02-23,Viernes,0,,Autopista Nacional Rosario -Cordoba,393.0,1,Automóvil, ,2,2,0,0,0,0,0,"-32.73779, -61.81567",Autopista,Rosario -Córdoba,TORTUGAS,Belgrano,Asfalto,Pavimento,III,S/D,Rural,S/D,No existe,Recta,Bueno,S/D,S/D,S/D,S/D,S/D,Vuelco,S/D,S/D,S/D,S/D
2018,4677,2018-08-18,Sabado,0,04:20:00,,0.0,2,"Moto/Ciclomotor,Automóvil",San Martin Y Colon,5,2,0,0,3,0,0,"-31.739191996686, -61.095996973063",Calle,,SAN CARLOS CENTRO,Las Colonias,Asfalto,No existe,XI,Dentro,Urbana,Ninguna,Funciona,Intersección,Bueno,Buena,Nocturna,Buen Tiempo,Múltiple,S/D,Colisión,Ninguna,Horizontal,Ninguna,Sin restricción
2018,4678,2018-06-06,Miercoles,0,09:40:00,,0.0,2,"Transporte de Pasajeros Larga Distancia (Piso  y  1/2),Moto/Ciclomotor",Formosa Y G.Carrasco,2,0,1,0,1,0,0,"-32.920361111111,-60.691583333333",Calle,,ROSARIO,Rosario,Asfalto,No existe,II,Dentro,Urbana,Ninguna,No existe,Cruce,Bueno,Buena,Diurna,Otro,Otro,S/D,Colisión,Otro,Faltante,Ninguna,Sin restricción
2018,4679,2018-08-23,Jueves,0,16:20:00,,0.0,2,"Moto/Ciclomotor,Moto/Ciclomotor",Belgrano Manuel Y T Lubary,2,1,0,0,1,0,0,"-31.727862345807, -61.091834184672",Calle,,SAN CARLOS CENTRO,Las Colonias,Asfalto,No existe,XI,Dentro,Urbana,Ninguna,No existe,Intersección,Bueno,Buena,Atardecer,Buen Tiempo,Otro,S/D,Colisión,Ninguna,S/D,Ninguna,Sin restricción
2018,4680,2018-03-28,Miercoles,0,18:50:00,,0.0,1,Moto/Ciclomotor,Av de las Americas 900,1,1,0,0,0,0,0,"-33.007164, -60.770591",Avenida,,PÉREZ,Rosario,Asfalto,No existe,II,Dentro,Urbana,Ninguna,No existe,Recta,Bueno,Buena,Atardecer,Buen Tiempo,S/D,S/D,Caída ocupante,Ninguna,Horizontal,Ninguna,Sin restricción
2018,4681,2018-03-05,Lunes,0,15:00:00,Ruta Provincial 14,0.0,2,"Moto/Ciclomotor,Automóvil",Ruta Nac 33 Y Ruta Prov 14,2,1,0,0,1,0,0,"-32.989119, -60.752839",Ruta,14,PÉREZ,Rosario,Asfalto,Ripio,II,Dentro,Urbana,Señal Pare,No existe,Intersección,Bueno,Buena,Diurna,Buen Tiempo,Lateral,S/D,Colisión,Ninguna,"Horizontal,Vertical","Guardarrail,Línea divisoria pintada",Sin restricción
2018,4682,2018-03-15,Jueves,0,12:40:00,,0.0,2,"Automóvil,Automóvil",Bv. Oro?o 500,3,1,0,0,2,0,0,"-32.940222222222,-60.652555555556",Avenida,,ROSARIO,Rosario,Asfalto,No existe,II,Dentro,Urbana,Semáforo,Funciona,Recta,S/D,S/D,Diurna,S/D,De alcance,S/D,Colisión,S/D,"Horizontal,Vertical",Cordón divisorio,S/D
2018,4683,2018-03-16,Viernes,0,21:15:00,,0.0,2,"Bicicleta,Pickup/Utilitario",Sastre Bv Y San Lorenzo,2,1,0,0,1,0,0,"-33.018952, -60.882932",Avenida,,ZAVALLA,Rosario,Asfalto,Natural,II,Dentro,Urbana,Ninguna,No existe,Intersección,Bueno,Buena,Nocturna,Buen Tiempo,S/D,Ciclista,Atropello,Ninguna,Horizontal,Línea divisoria pintada,Sin restricción
2018,4684,2018-03-21,Miercoles,0,08:40:00,Ruta Nacional 33,0.0,2,"Bicicleta,Camión c / Acoplado",Av Las Palmeras Y Ruta Nac 33,2,1,0,0,1,0,0,"-32.980265, -60.736102",Ruta,33,PÉREZ,Rosario,Asfalto,Natural,II,Dentro,Urbana,Semáforo,Funciona,Intersección,Bueno,S/D,Amanecer,Buen Tiempo,S/D,Ciclista,Atropello,Ninguna,"Horizontal,Vertical","Cordón divisorio,Línea divisoria pintada",S/D
2018,4685,2018-03-15,Jueves,0,15:50:00,,0.0,2,"Moto/Ciclomotor,Automóvil",Laprida Y San Lorenzo,2,1,0,0,1,0,0,"-32.947333333333,-60.633861111111",Calle,,ROSARIO,Rosario,Asfalto,No existe,II,Dentro,Urbana,Paso Peatonal,No existe,Intersección,S/D,S/D,Diurna,S/D,Lateral,S/D,Colisión,S/D,Horizontal,Ninguna,S/D
2018,4686,2018-03-14,Miercoles,0,11:20:00,,0.0,2,"Automóvil,Automóvil",Av. Jorge Newbery 8900,2,1,0,0,0,0,1,"-32.909071, -60.755967",Avenida,,ROSARIO,Rosario,Asfalto,No existe,II,Dentro,Urbana,Señal Ceda el Paso,No existe,Recta,Bueno,Buena,Diurna,Buen Tiempo,S/D,S/D,Colisión,S/D,Vertical,Ninguna,Sin restricción
2018,4687,2018-03-16,Viernes,0,11:15:00,,0.0,4,"Taxi/Remis,Taxi/Remis,Automóvil,Automóvil",Av. Belgrano 800,6,3,0,0,3,0,0,"-32.948194444444,-60.629055555556",Avenida,,ROSARIO,Rosario,Asfalto,No existe,II,Dentro,Urbana,Semáforo,Funciona,Intersección,S/D,S/D,Diurna,S/D,Múltiple,S/D,Colisión,S/D,"Horizontal,Vertical",Cordón divisorio,S/D
2018,4688,2018-03-23,Viernes,0,,,0.0,1,Moto/Ciclomotor,Acevedo Bis Y Av. Jorge Newbery,2,0,0,0,0,0,2,"-32.908518, -60.749380",Calle,,ROSARIO,Rosario,Tierra,No existe,II,Dentro,Urbana,Ninguna,No existe,Recta,Bueno,S/D,S/D,Buen Tiempo,S/D,S/D,Despiste,Material Suelto,Faltante,Ninguna,S/D
2018,4689,2018-03-30,Viernes,0,20:30:00,,0.0,1,Moto/Ciclomotor,Cullen Y Ugarte Y Villa del Parque,2,2,0,0,0,0,0,"-32.877925, -60.728554",Calle,,ROSARIO,Rosario,Asfalto,No existe,II,Dentro,Urbana,Ninguna,No existe,Recta,Bueno,Buena,Nocturna,Buen Tiempo,Contra objeto fijo,S/D,Colisión,Ninguna,Faltante,Ninguna,S/D
2018,4690,2018-03-16,Viernes,0,10:40:00,,0.0,2,"Moto/Ciclomotor,Automóvil",San Luis Y Balcarce,2,1,0,0,1,0,0,"-32.946555555556,-60.652611111111",Calle,,ROSARIO,Rosario,Asfalto,No existe,II,Dentro,Urbana,Paso Peatonal,No existe,Intersección,S/D,S/D,Diurna,S/D,Lateral,S/D,Colisión,S/D,Horizontal,Ninguna,S/D
2018,4691,2018-03-25,Domingo,0,18:00:00,,0.0,1,Moto/Ciclomotor,Polledo Y Grandoli,2,2,0,0,0,0,0,"-32.886788, -60.720550",Calle,,ROSARIO,Rosario,S/D,S/D,II,Dentro,Urbana,S/D,S/D,Intersección,S/D,S/D,S/D,S/D,S/D,S/D,Caída ocupante,S/D,S/D,S/D,S/D
2018,4692,2018-03-01,Jueves,0,22:00:00,,0.0,2,"Moto/Ciclomotor,Pickup/Utilitario",Av. J.Suarez Y Bv. Bouchard,3,2,0,0,1,0,0,"-32.890216, -60.726917",Avenida,,ROSARIO,Rosario,Asfalto,No existe,II,Dentro,Urbana,S/D,S/D,Recta,Bueno,Buena,Nocturna,Buen Tiempo,Frontal,S/D,Colisión,S/D,S/D,S/D,Sin restricción
2018,4693,2018-03-15,Jueves,0,00:45:00,,0.0,2,"Otros,Otros",Urquiza Y San Martin,2,1,0,0,0,0,1,"-32.943333333333,-60.635861111111",Calle,,ROSARIO,Rosario,Asfalto,No existe,II,Dentro,Urbana,Paso Peatonal,No existe,Recta,S/D,S/D,Nocturna,S/D,S/D,S/D,Colisión,S/D,Horizontal,Ninguna,S/D
2018,4694,2018-03-16,Viernes,0,11:30:00,,0.0,2,"Automóvil,Pickup/Utilitario",Sarmiento Y Viamonte,3,2,0,0,1,0,0,"-32.965305555556,-60.642916666667",Calle,,ROSARIO,Rosario,Asfalto,No existe,II,Dentro,Urbana,S/D,No existe,Intersección,S/D,S/D,Diurna,S/D,Lateral,S/D,Colisión,S/D,Faltante,Ninguna,S/D
2018,4695,2018-04-07,Sabado,0,19:50:00,,0.0,2,"Peatón,Moto/Ciclomotor",Alvear Y Bv San diego,2,2,0,0,0,0,0,"-33.018603, -60.611393",Calle,,VILLA GOBERNADOR GÁLVEZ,Rosario,Asfalto,No existe,II,Dentro,Urbana,Ninguna,No existe,Intersección,Bueno,Buena,Atardecer,Buen Tiempo,S/D,Peatón,Atropello,Ninguna,Faltante,Ninguna,Sin restricción
2018,4696,2018-03-17,Sabado,0,19:15:00,,0.0,2,"Peatón,Automóvil",Av. Pellegrini Y San Martin,2,1,0,0,1,0,0,"-32.957527777778,-60.639416666667",Avenida,,ROSARIO,Rosario,Asfalto,No existe,II,Dentro,Urbana,Semáforo,Funciona,Intersección,S/D,S/D,Atardecer,S/D,S/D,Peatón,Atropello,S/D,"Horizontal,Vertical",Cordón divisorio,S/D
2018,4697,2018-03-19,Lunes,0,15:00:00,,0.0,2,"Moto/Ciclomotor,Automóvil",Cordoba 1900,2,1,0,0,1,0,0,"-32.944444444444,-60.649222222222",Calle,,ROSARIO,Rosario,Asfalto,No existe,II,Dentro,Urbana,Paso Peatonal,No existe,Recta,S/D,S/D,Diurna,S/D,Lateral,S/D,Colisión,S/D,Horizontal,Ninguna,S/D
2018,4698,2018-04-10,Martes,0,21:55:00,,0.0,2,"Moto/Ciclomotor,Automóvil",Av Gral San Martin Y Libertad,2,1,0,0,1,0,0,"-33.021076, -60.629683",Calle,,VILLA GOBERNADOR GÁLVEZ,Rosario,Asfalto,No existe,II,Dentro,Urbana,Semáforo,Funciona,Intersección,Bueno,Buena,"Nocturna,Con luz artificial",Buen Tiempo,Lateral,S/D,Colisión,Ninguna,"Horizontal,Vertical",Cordón divisorio,Sin restricción
2018,4699,2018-04-13,Viernes,0,16:15:00,,0.0,2,"Moto/Ciclomotor,Automóvil",Andreu Y J A Roca,2,1,0,0,1,0,0,"-33.022379, -60.613501",Calle,,VILLA GOBERNADOR GÁLVEZ,Rosario,Asfalto,No existe,II,Dentro,Urbana,Ninguna,No existe,Intersección,Con baches,Buena,Diurna,Buen Tiempo,Lateral,S/D,Colisión,Ninguna,Faltante,Ninguna,Sin restricción
2018,4700,2018-03-19,Lunes,0,20:15:00,,0.0,2,"Moto/Ciclomotor,Bicicleta",Bv. 27 De Febrero Y Maipu,2,1,0,0,1,0,0,"-32.968,-60.640722222222",Avenida,,ROSARIO,Rosario,Asfalto,No existe,II,Dentro,Urbana,Semáforo,Funciona,Intersección,S/D,S/D,Nocturna,S/D,S/D,Ciclista,Atropello,S/D,"Horizontal,Vertical",Cordón divisorio,S/D
2018,4701,2018-03-21,Miercoles,0,14:15:00,,0.0,2,"Moto/Ciclomotor,Automóvil",Entre Rios Y San Juan,3,2,0,0,1,0,0,"-32.949666666667,-60.641888888889",Calle,,ROSARIO,Rosario,Asfalto,No existe,II,Dentro,Urbana,Semáforo,Funciona,Intersección,S/D,S/D,Diurna,S/D,Lateral,S/D,Colisión,S/D,"Horizontal,Vertical",Ninguna,S/D
2018,4702,2018-04-04,Miercoles,0,13:10:00,Ruta Provincial 21,0.0,2,"Moto/Ciclomotor,Moto/Ciclomotor",Av Gral San Martin Y Bv San diego,2,1,0,0,1,0,0,"-33.019280, -60.631421",Ruta,21,VILLA GOBERNADOR GÁLVEZ,Rosario,Asfalto,No existe,II,Dentro,Urbana,Semáforo,Funciona,Intersección,Bueno,Buena,Diurna,Buen Tiempo,Lateral,S/D,Colisión,Ninguna,"Horizontal,Vertical",Cordón divisorio,Sin restricción
2018,4703,2018-03-21,Miercoles,0,00:30:00,,0.0,2,"Taxi/Remis,Automóvil",San Juan Y Italia,3,3,0,0,0,0,0,"-32.948416666667,-60.648805555556",Calle,,ROSARIO,Rosario,Asfalto,No existe,II,Dentro,Urbana,Paso Peatonal,No existe,Intersección,S/D,S/D,Nocturna,S/D,Lateral,S/D,Colisión,S/D,Horizontal,Ninguna,Sin restricción
2018,4704,2018-03-21,Miercoles,0,13:50:00,,0.0,2,"Automóvil,Peatón",Montevideo ,2,1,0,0,1,0,0,"-32.952222222222,-60.662527777778",Calle,,ROSARIO,Rosario,Asfalto,No existe,II,Dentro,Urbana,S/D,S/D,Recta,S/D,S/D,Diurna,S/D,S/D,Peatón,Atropello,S/D,S/D,Ninguna,S/D
2018,4705,2018-04-16,Lunes,0,07:15:00,Ruta Nacional 11,0.0,2,"Moto/Ciclomotor,Pickup/Utilitario",Av Gral San Martin Y Emilio Zola,2,1,0,0,1,0,0,"-33.028854, -60.620852",Ruta,11,VILLA GOBERNADOR GÁLVEZ,Rosario,Asfalto,No existe,II,Dentro,Urbana,Semáforo,Funciona,Intersección,Bueno,Reducida,"Nocturna,Con luz artificial",Buen Tiempo,Lateral,S/D,Colisión,Ninguna,Faltante,Cordón divisorio,Sin restricción
2018,4706,2018-03-22,Jueves,0,18:50:00,,0.0,2,"Bicicleta,Taxi/Remis",San Juan Y Mitre,2,0,0,0,1,0,1,"-32.949888888889,-60.640472222222",Calle,,ROSARIO,Rosario,Asfalto,No existe,II,Dentro,Urbana,Paso Peatonal,No existe,Intersección,S/D,S/D,Atardecer,S/D,S/D,S/D,Atropello,S/D,Horizontal,Ninguna,S/D
2018,4707,2018-03-21,Miercoles,0,07:50:00,,0.0,2,"Bicicleta,Pickup/Utilitario",Mendoza Y Mitre,2,1,0,0,1,0,0,"-32.95125,-60.640805555556",Calle,,ROSARIO,Rosario,Asfalto,No existe,II,Dentro,Urbana,Señal Pare,No existe,Intersección,S/D,S/D,Diurna,S/D,S/D,Ciclista,Atropello,S/D,"Horizontal,Vertical",Ninguna,S/D
2018,4708,2018-02-02,Viernes,0,16:00:00,,0.0,2,"Moto/Ciclomotor,Moto/Ciclomotor",Vieytes Y Calle 102,2,0,0,0,1,1,0,"-33.76092,-61.97415",Calle,,VENADO TUERTO,General López,Asfalto,No existe,VIII,S/D,Urbana,Ninguna,No existe,Intersección,Bueno,S/D,Diurna,S/D,S/D,S/D,Colisión,Ninguna,Faltante,"Ninguna,S/D",Sin restricción
2018,4709,2018-02-24,Sabado,0,12:35:00,Autopista Provincial Brigadier E.López,121.0,1,Automóvil, ,4,1,0,0,3,0,0,"-31.88354, -60.90018",Autopista,Brigadier E.López,DESVÍO ARIJÓN,San Jerónimo,Asfalto,Ripio,XV,Dentro,Rural,Ninguna,No existe,Recta,Bueno,S/D,Diurna,S/D,S/D,S/D,Vuelco,S/D,S/D,Vegetación,Sin restricción
2018,4710,2018-08-27,Lunes,0,14:40:00,,0.0,3,"Automóvil,Moto/Ciclomotor,Bicicleta",25 de Mayo Y Moreno,3,1,0,0,2,0,0,"-31.729332372547, -61.089323390337",Calle,,SAN CARLOS CENTRO,Las Colonias,Hormigón,Pavimento,XI,Dentro,Urbana,Marca Vial,No existe,Intersección,Bueno,Buena,Diurna,Buen Tiempo,Lateral,Ciclista,Atropello,Ninguna,"Horizontal,Vertical",Ninguna,Sin restricción
2018,4711,2018-08-02,Jueves,0,19:15:00,,0.0,2,"Automóvil,Moto/Ciclomotor",San Martin Y Marcos Avellaneda,2,1,0,0,1,0,0,"-31.454027777778,-60.931888888889",Calle,,ESPERANZA,Las Colonias,Asfalto,Pavimento,XI,S/D,Urbana,Ninguna,No existe,Intersección,Bueno,Buena,Nocturna,Buen Tiempo,Lateral,S/D,Colisión,Ninguna,S/D,S/D,Sin restricción
2018,4712,2018-02-02,Viernes,0,,Ruta Nacional 11,0.0,2,"Moto/Ciclomotor,Moto/Ciclomotor",Espa?a Y Ruta Nac 11,2,1,1,0,0,0,0,"-32.66484, -60.79446",Ruta,11,TIMBÚES,San Lorenzo,S/D,S/D,XVII,S/D,Urbana,S/D,S/D,S/D,S/D,S/D,S/D,S/D,S/D,S/D,Colisión,S/D,S/D,S/D,S/D
2018,4713,2018-08-01,Miercoles,0,10:00:00,,0.0,2,"Pickup/Utilitario,Moto/Ciclomotor",San Martin Y 25 de Mayo,2,1,0,0,1,0,0,"-31.448055555556,-60.930111111111",Calle,,ESPERANZA,Las Colonias,Asfalto,No existe,XI,Dentro,Urbana,Ninguna,No existe,Plaza,Bueno,Buena,Diurna,Buen Tiempo,De alcance,S/D,Colisión,Ninguna,S/D,Ninguna,Sin restricción
2018,4714,2018-08-18,Sabado,0,11:30:00,,0.0,2,"Moto/Ciclomotor,Automóvil",Bernardino Rivadavia Y Alberdi,3,1,0,0,2,0,0,"-31.587635129298, -60.937998026842",Calle,,FRANCK,Las Colonias,Hormigón,S/D,XI,S/D,Urbana,Ninguna,No existe,Intersección,Bueno,Buena,Diurna,Buen Tiempo,Lateral,S/D,Colisión,Ninguna,Horizontal,S/D,Sin restricción
2018,4715,2018-02-02,Viernes,0,,,0.0,1,Moto/Ciclomotor,Av San Martin Y Gral Paz,1,0,1,0,0,0,0,"-32.78613, -60.72543",Avenida,,FRAY LUIS BELTRÁN,San Lorenzo,S/D,S/D,XVII,S/D,Urbana,S/D,S/D,S/D,S/D,S/D,S/D,S/D,Atropello animal,S/D,Atropello,S/D,S/D,S/D,S/D
2018,4716,2018-02-27,Martes,0,,Ruta Nacional 9,327.0,2,"Camión c / Acoplado,Camión c / Acoplado", ,2,1,0,0,1,0,0,"-32.90805, -60.89487",Ruta,9,ROSARIO,Rosario,Asfalto,S/D,II,Dentro,Rural,S/D,S/D,Recta,Bueno,S/D,S/D,S/D,S/D,S/D,Colisión,S/D,S/D,S/D,S/D
2018,4717,2018-02-27,Martes,0,21:25:00,Autopista Provincial Brigadier E.López,65.0,1,Camión c / Semirremolque, ,1,1,0,0,0,0,0,"-32.36168, -60.95495",Autopista,Brigadier E.López,MONJE,San Jerónimo,Asfalto,Ripio,XV,Dentro,Rural,Ninguna,No existe,Recta,Bueno,S/D,Nocturna,S/D,S/D,S/D,Vuelco,S/D,S/D,S/D,S/D
2018,4718,2018-08-02,Jueves,0,11:50:00,,0.0,2,"Automóvil,Moto/Ciclomotor",De las Naciones Y Mariano Moreno,3,2,0,0,1,0,0,"-31.462,-60.936416666667",Calle,,ESPERANZA,Las Colonias,Asfalto,No existe,XI,Dentro,Urbana,Ninguna,No existe,Intersección,Bueno,Buena,Diurna,Buen Tiempo,Otro,S/D,Colisión,Ninguna,Vertical,Ninguna,Sin restricción
2018,4719,2018-02-19,Lunes,0,,,0.0,2,"Automóvil,Automóvil",Calle 41-Santa Fe ,2,1,0,0,1,0,0,"-29.157581,-59.650304",Calle,,RECONQUISTA,General Obligado,S/D,No existe,V,Dentro,Urbana,S/D,S/D,Intersección,S/D,S/D,S/D,S/D,Lateral,S/D,Colisión,S/D,S/D,S/D,S/D
2018,4720,2018-08-23,Jueves,0,22:00:00,,0.0,2,"Pickup/Utilitario,Bicicleta",Bartolome Mitre Y Las Heras,2,1,0,0,1,0,0,"-31.458416666667,-60.940111111111",Calle,,ESPERANZA,Las Colonias,Ripio,Ripio,XI,Dentro,Urbana,Ninguna,No existe,Intersección,Bueno,Reducida,"Nocturna,Con luz artificial",Buen Tiempo,Otro,Ciclista,Atropello,Ninguna,Vertical,Ninguna,Sin restricción
2018,4721,2018-02-01,Jueves,0,,,0.0,1,Moto/Ciclomotor, ,1,0,0,0,0,1,0,"-32.788095,-60.730237",S/D,,FRAY LUIS BELTRÁN,San Lorenzo,S/D,S/D,XVII,S/D,S/D,S/D,S/D,S/D,S/D,S/D,S/D,S/D,S/D,S/D,S/D,S/D,S/D,S/D,S/D
2018,4722,2018-08-22,Miercoles,0,06:30:00,Ruta Provincial 10,0.0,1,Automóvil,Rivadavia ,2,2,0,0,0,0,0,"-31.245770758559, -61.210875112331",Ruta,10,FELICIA,Las Colonias,Asfalto,Natural,XI,S/D,Urbana,Ninguna,No existe,Recta,Bueno,Buena,Diurna,Buen Tiempo,Otro,S/D,Vuelco,Ninguna,Faltante,Ninguna,Sin restricción
2018,4723,2018-02-02,Viernes,0,,,0.0,1,Automóvil, ,5,3,0,0,2,0,0,"-31.242348,-61.213463",S/D,,FELICIA,Las Colonias,S/D,S/D,XI,S/D,S/D,S/D,S/D,S/D,S/D,S/D,S/D,S/D,Atropello animal,S/D,"Vuelco,Atropello",S/D,S/D,S/D,S/D
2018,4724,2018-02-20,Martes,0,20:55:00,,0.0,2,"Moto/Ciclomotor,Moto/Ciclomotor",Espa?a Y Iturraspe,3,2,0,0,1,0,0,"-33.748583333333,-61.958944444444",Calle,,VENADO TUERTO,General López,Asfalto,S/D,VIII,Dentro,Urbana,S/D,S/D,Intersección,S/D,S/D,Nocturna,S/D,S/D,S/D,Colisión,S/D,S/D,S/D,S/D
2018,4725,2018-02-02,Viernes,0,,,0.0,2,"Camión,Moto/Ciclomotor", ,2,1,0,0,1,0,0,"-32.016007,-61.229650",S/D,,GÁLVEZ,San Jerónimo,S/D,S/D,XV,S/D,Rural,S/D,S/D,S/D,S/D,S/D,S/D,S/D,S/D,S/D,Colisión,S/D,S/D,S/D,S/D
2018,4726,2018-08-23,Jueves,0,07:45:00,,0.0,2,"Moto/Ciclomotor,Moto/Ciclomotor",A Aufranc Y 1 de Mayo,2,1,0,0,0,0,1,"-31.444666666667,-60.921055555556",Calle,,ESPERANZA,Las Colonias,Asfalto,Pavimento,XI,Dentro,Urbana,Señal Pare,No existe,Intersección,Bueno,Buena,Amanecer,Buen Tiempo,Otro,S/D,Colisión,Ninguna,Vertical,Ninguna,Sin restricción
2018,4727,2018-02-02,Viernes,0,,,0.0,1,Moto/Ciclomotor, ,2,2,0,0,0,0,0,"-28.672696,-59.847475",S/D,,TARTAGAL,Vera,S/D,S/D,XIX,S/D,S/D,S/D,S/D,S/D,S/D,S/D,S/D,S/D,Atropello animal,S/D,"Vuelco,Atropello",S/D,S/D,S/D,S/D
2018,4728,2018-08-21,Martes,0,21:15:00,,0.0,1,Moto/Ciclomotor,Esperanza ,1,0,0,0,0,1,0,"-31.145122037264, -60.984730191272",Camino Rural,,PROGRESO,Las Colonias,Ripio,Natural,XI,Dentro,Rural,Ninguna,No existe,Recta,Bueno,Buena,Nocturna,Buen Tiempo,Otro,S/D,Caída ocupante,Ninguna,Faltante,Ninguna,Sin restricción
2018,4729,2018-02-02,Viernes,0,,,0.0,2,"Taxi/Remis,Automóvil",Cafferata Y Mendoza,3,1,0,0,2,0,0,"-32.945666666667,-60.672277777778",Calle,,ROSARIO,Rosario,S/D,S/D,II,S/D,Urbana,S/D,S/D,S/D,S/D,S/D,S/D,S/D,S/D,S/D,Colisión,S/D,S/D,S/D,S/D
2018,4730,2018-08-18,Sabado,0,14:45:00,,0.0,2,"Automóvil,Moto/Ciclomotor",Rivadavia 3041,5,4,0,0,1,0,0,"-31.441333333333,-60.925944444444",Calle,,ESPERANZA,Las Colonias,Asfalto,No existe,XI,Dentro,Urbana,Ninguna,No existe,Recta,Bueno,Buena,Diurna,Buen Tiempo,De alcance,S/D,Atropello,Ninguna,Vertical,Ninguna,Sin restricción
2018,4731,2018-08-24,Viernes,0,20:15:00,,0.0,2,"Bicicleta,Automóvil",Pasaje Colon Y Sarmiento,2,1,0,0,1,0,0,"-31.739189423881, -61.095997323892",Calle,,SAN CARLOS SUR,Las Colonias,Asfalto,No existe,XI,Dentro,Urbana,Ninguna,S/D,Intersección,S/D,Buena,Nocturna,Buen Tiempo,S/D,Ciclista,Atropello,Ninguna,S/D,Ninguna,Sin restricción
2018,4732,2018-02-20,Martes,0,08:30:00,,0.0,2,"Automóvil,Bicicleta",Guemes Y General Paz,2,1,0,0,1,0,0,"-31.45253, -60.93453",Calle,,ESPERANZA,Las Colonias,Asfalto,No existe,XI,Dentro,Urbana,S/D,No existe,Intersección,S/D,S/D,Diurna,S/D,S/D,Ciclista,Atropello,S/D,S/D,S/D,S/D