anio_acci,nro_acci,fecha,desc_dia,fecha_aprox,hora_aprox,desc_ruta,km,cant_participantes,desc_participante,calle_avenida_km,total,heridos_leves,heridos_graves,heridos_gravisimos,ilesos,fallecidos,sin_datos,posicion_XY,desc_tipo_via,desc_ruta_ori,desc_loc,desc_dpto,desc_tipo_calzada,desc_tipo_banquina,desc_unidad_regional,desc_lugar_calzada,desc_zona,desc_prioridad,desc_estado_semaforo,desc_lugar_via,desc_estado_via,desc_estado_visibilidad,desc_luminosidad,desc_estado_clima,desc_tipo_colision,desc_tipo_atropello,desc_tipo_hecho,desc_pres_calzada,desc_senializacion,desc_separacion_via,desc_restriccion
2018,4733,2018-01-31,Miercoles,0,,,0.0,2,"Moto/Ciclomotor,Otros", ,2,0,0,0,0,1,1,"-32.709275,-60.736741",S/D,,PUERTO SAN MARTÍN,San Lorenzo,S/D,S/D,XVII,S/D,S/D,S/D,S/D,S/D,S/D,S/D,S/D,S/D,S/D,S/D,Colisión,S/D,S/D,S/D,S/D
2018,4734,2018-02-03,Sabado,0,,,0.0,2,"Moto/Ciclomotor,Taxi/Remis",Avenida Nuestra Se?ora del Luj Y Maletti,3,2,0,0,1,0,0,"-31.683277777778,-60.777166666667",Avenida,,SANTO TOMÉ,La Capital,S/D,S/D,I,S/D,Urbana,S/D,S/D,S/D,S/D,S/D,S/D,S/D,S/D,S/D,Colisión,S/D,S/D,S/D,S/D
2018,4735,2018-08-07,Martes,0,21:05:00,Ruta Provincial 70,0.0,2,"Moto/Ciclomotor,Pickup/Utilitario",JANSSEN ,2,1,0,0,1,0,0,"-31.44117, -60.93566",Ruta,70,ESPERANZA,Las Colonias,Asfalto,Pavimento,XI,Dentro,Urbana,Semáforo,Funciona,Intersección,Bueno,Buena,Con luz artificial,Lluvia,Lateral,S/D,Colisión,Agua,Horizontal,Cordón divisorio,Sin restricción
2018,4736,2018-02-03,Sabado,0,,,0.0,2,"Automóvil,Moto/Ciclomotor",Av. Ovidio Lagos Y 3 De Febrero,2,1,0,0,1,0,0,"-32.948611111111,-60.663055555556",Avenida,,ROSARIO,Rosario,S/D,S/D,II,S/D,Urbana,S/D,S/D,S/D,S/D,S/D,S/D,S/D,S/D,S/D,Colisión,S/D,S/D,S/D,S/D
2018,4738,2018-02-03,Sabado,0,,,0.0,1,Automóvil,Jose De San Martin 2200,1,1,0,0,0,0,0,"-31.664083333333,-60.763638888889",Calle,,SANTO TOMÉ,La Capital,S/D,S/D,I,S/D,Urbana,S/D,S/D,S/D,S/D,S/D,S/D,S/D,Contra objeto fijo,S/D,Colisión,S/D,S/D,S/D,S/D
2018,4740,2018-08-16,Jueves,0,08:20:00,Ruta Provincial 70,25.0,2,"Moto/Ciclomotor,Pickup/Utilitario", ,2,1,0,0,1,0,0,"-31.39498, -61.07",Ruta,70,ESPERANZA,Las Colonias,Asfalto,Natural,XI,S/D,S/D,Ninguna,No existe,Recta,Bueno,Buena,Diurna,Buen Tiempo,Lateral,S/D,Colisión,Ninguna,Faltante,Vegetación,Sin restricción
2018,4741,2018-02-20,Martes,0,19:20:00,Ruta Provincial 70,0.0,2,"Automóvil,Moto/Ciclomotor",A Aufranc Y Rodriguez Pe?a,2,1,0,0,1,0,0,"-31.443861111111,-60.924333333333",Ruta,70,ESPERANZA,Las Colonias,Asfalto,S/D,XI,Dentro,Urbana,S/D,S/D,Intersección,S/D,S/D,Atardecer,S/D,Lateral,S/D,Colisión,S/D,S/D,S/D,S/D
2018,4742,2018-02-04,Domingo,0,,,0.0,2,"Automóvil,Automóvil",Ayacucho Y Sanchez de Bustamante,3,1,0,0,2,0,0,"-33.001555555556,-60.636138888889",Calle,,ROSARIO,Rosario,S/D,S/D,II,S/D,Urbana,S/D,S/D,S/D,S/D,S/D,S/D,S/D,S/D,S/D,Colisión,S/D,S/D,S/D,S/D
2018,4743,2018-02-04,Domingo,0,,S/D Nacional 34,0.0,2,"Automóvil,Camión",CRUCE RUTA 34 ,3,1,0,0,2,0,0,"-32.38232, -61.35475",S/D,34,SAN GENARO,San Jerónimo,S/D,S/D,XV,S/D,S/D,S/D,S/D,S/D,S/D,S/D,S/D,S/D,S/D,S/D,Colisión,S/D,S/D,S/D,S/D
2018,4744,2018-08-04,Sabado,0,19:20:00,Ruta Provincial 6,0.0,2,"Automóvil,Moto/Ciclomotor",Ruta Provincial 6 Y Uruguay,3,1,0,0,2,0,0,"-31.452415220382, -60.911647697161",Ruta,6,ESPERANZA,Las Colonias,Asfalto,Natural,XI,Dentro,Urbana,Semáforo,Funciona,Recta,S/D,Reducida,Atardecer,Buen Tiempo,Lateral,S/D,Colisión,S/D,S/D,Línea divisoria pintada,Sin restricción
2018,4745,2018-08-16,Jueves,0,17:10:00,,0.0,2,"Moto/Ciclomotor,Pickup/Utilitario",SARMIENTO ,2,1,0,0,1,0,0,"-31.44255, -60.92955",Calle,,ESPERANZA,Las Colonias,Asfalto,Pavimento,XI,Dentro,Urbana,S/D,S/D,Intersección,Bueno,Buena,Diurna,Buen Tiempo,Lateral,S/D,Colisión,Ninguna,S/D,Cordón divisorio,Sin restricción
2018,4746,2018-02-04,Domingo,0,,,0.0,2,"Automóvil,Moto/Ciclomotor", ,2,1,0,0,1,0,0,"-32.031244,-61.221574",S/D,,GÁLVEZ,San Jerónimo,S/D,S/D,XV,S/D,S/D,S/D,S/D,S/D,S/D,S/D,S/D,S/D,S/D,S/D,Colisión,S/D,S/D,S/D,S/D
2018,4747,2018-02-04,Domingo,0,,S/D Provincial Brigadier E.López,59.0,1,Camión, ,1,1,0,0,0,0,0,"-32.46973, -60.91305",S/D,Brigadier E.López,MACIEL,San Jerónimo,S/D,S/D,XV,S/D,S/D,S/D,S/D,S/D,S/D,S/D,S/D,S/D,S/D,S/D,Vuelco,S/D,S/D,S/D,S/D
2018,4748,2018-08-19,Domingo,0,21:55:00,,0.0,2,"Camión Chasis,Moto/Ciclomotor",Domingo Faustino Sarmiento Y Estanislao Zeballos,4,1,0,0,3,0,0,"-31.438472222222,-60.928222222222",Calle,,ESPERANZA,Las Colonias,Asfalto,No existe,XI,Dentro,Urbana,Ninguna,No existe,Intersección,Bueno,Buena,Con luz artificial,Buen Tiempo,S/D,S/D,Caída ocupante,Ninguna,Faltante,Cordón divisorio,Sin restricción
2018,4749,2018-08-05,Domingo,0,18:30:00,,0.0,2,"Automóvil,Automóvil",Cavour ,4,1,0,0,2,0,1,"-31.419076367489, -60.923785749010",Camino Rural,,ESPERANZA,Las Colonias,Tierra,No existe,XI,Dentro,Rural,Ninguna,No existe,Intersección,Bueno,Reducida,Atardecer,Buen Tiempo,Lateral,S/D,Colisión,Ninguna,Faltante,Ninguna,Sin restricción
2018,4750,2018-02-23,Viernes,0,13:00:00,,0.0,2,"Vehículo Oficial,Automóvil",Almirante Brown Y Lavalle,2,1,0,0,1,0,0,"-31.250111111111,-61.489888888889",Calle,,RAFAELA,Castellanos,Asfalto,S/D,V,Dentro,Urbana,S/D,S/D,Intersección,S/D,S/D,Diurna,S/D,Lateral,S/D,Colisión,S/D,S/D,S/D,S/D
2018,4751,2018-01-31,Miercoles,0,,Ruta Provincial 13,0.0,2,"Moto/Ciclomotor,Automóvil", ,2,0,1,0,1,0,0,"-32.054850,-61.793521",Ruta,13,CARLOS PELLEGRINI,San Martín,S/D,S/D,XVIII,S/D,S/D,S/D,S/D,S/D,S/D,S/D,S/D,S/D,S/D,S/D,Colisión,S/D,S/D,S/D,S/D
2018,4752,2018-08-22,Miercoles,0,15:30:00,,0.0,2,"Automóvil,Moto/Ciclomotor",General Manuel Belgrano Y 3 de Febrero,2,1,0,0,1,0,0,"-31.447416666667,-60.928833333333",Calle,,ESPERANZA,Las Colonias,Asfalto,No existe,XI,Dentro,Urbana,Ninguna,No existe,Intersección,Bueno,Buena,Diurna,Buen Tiempo,Lateral,S/D,Colisión,Ninguna,Faltante,Cordón divisorio,Sin restricción
2018,4753,2018-08-06,Lunes,0,10:25:00,,0.0,2,"Moto/Ciclomotor,Moto/Ciclomotor",Simon de Iriondo 5200,2,1,0,0,0,0,1,"-31.422972222222,-60.922333333333",Calle,,ESPERANZA,Las Colonias,Asfalto,No existe,XI,Dentro,Urbana,Ninguna,No existe,Recta,Bueno,Buena,Diurna,Buen Tiempo,Frontal,S/D,Colisión,Ninguna,Vertical,Ninguna,Sin restricción
2018,4754,2018-02-23,Viernes,0,,,0.0,2,"Taxi/Remis,Moto/Ciclomotor",Av. Provincias Unidas Y Neuquen,2,1,0,0,1,0,0,"-32.944583333333,-60.712416666667",Avenida,,ROSARIO,Rosario,Asfalto,No existe,II,Dentro,Urbana,S/D,S/D,Intersección,S/D,S/D,S/D,S/D,S/D,S/D,Colisión,S/D,S/D,S/D,S/D
2018,4755,2018-02-04,Domingo,0,,Ruta Nacional 34,161.0,2,"Moto/Ciclomotor,Moto/Ciclomotor", ,2,1,1,0,0,0,0,"-31.76853, -61.56208",Ruta,34,SAN MARTIN DE LAS ESCOBAS,San Martín,S/D,S/D,XVIII,S/D,S/D,S/D,S/D,S/D,S/D,S/D,S/D,S/D,S/D,S/D,Colisión,S/D,S/D,S/D,S/D
2018,4756,2018-08-07,Martes,0,22:00:00,,0.0,2,"Moto/Ciclomotor,Pickup/Utilitario",San Martin Y 25 de Mayo,2,1,0,0,1,0,0,"-31.448054570464, -60.930161139913",Calle,,ESPERANZA,Las Colonias,Hormigón,No existe,XI,S/D,Urbana,Ninguna,No existe,Intersección,Bueno,Buena,Con luz artificial,Buen Tiempo,Lateral,S/D,Colisión,Ninguna,Faltante,Ninguna,Sin restricción
2018,4757,2018-08-17,Viernes,0,18:10:00,,0.0,2,"Moto/Ciclomotor,Moto/Ciclomotor",Fray Mamerto Esquiu 795,2,2,0,0,0,0,0,"-31.5467, -61.07521",Calle,,SAN JERÓNIMO NORTE,Las Colonias,Asfalto,No existe,XI,Dentro,Urbana,Ninguna,No existe,Recta,Bueno,Buena,Atardecer,Buen Tiempo,Lateral,S/D,Colisión,Ninguna,Faltante,Cordón divisorio,Sin restricción
2018,4758,2018-02-05,Lunes,0,,,0.0,1,Moto/Ciclomotor,Av Circunvalaci?n Y Monse?or Rodriguez,2,2,0,0,0,0,0,"-31.55669, -60.75005",S/D,,SANTA FE,La Capital,S/D,S/D,I,S/D,Urbana,S/D,S/D,S/D,S/D,S/D,S/D,S/D,S/D,S/D,Vuelco,S/D,S/D,S/D,S/D
2018,4759,2018-02-25,Domingo,0,13:55:00,,0.0,1,Automóvil,Juan Lavalle Y Maipu,4,4,0,0,0,0,0,"-33.748388888889,-61.969472222222",Calle,,VENADO TUERTO,General López,Asfalto,No existe,VIII,Dentro,Urbana,Ninguna,S/D,Recta,S/D,S/D,Diurna,S/D,Contra objeto fijo,S/D,Colisión,S/D,S/D,S/D,S/D
2018,4760,2018-08-15,Miercoles,0,21:20:00,,0.0,2,"Moto/Ciclomotor,Automóvil",Simon de Iriondo Y Humboldt,2,1,0,0,1,0,0,"-31.4205,-60.921555555556",Calle,,ESPERANZA,Las Colonias,Asfalto,No existe,XI,Dentro,Urbana,Ninguna,No existe,Intersección,Bueno,Buena,"Nocturna,Con luz artificial",Buen Tiempo,De alcance,S/D,Colisión,Ninguna,Vertical,Ninguna,Sin restricción
2018,4761,2018-08-19,Domingo,0,06:20:00,,0.0,1,Moto/Ciclomotor, ,1,0,1,0,0,0,0,"-31.39915, -61.08187",Calle,,HUMBOLDT,Las Colonias,Hormigón,S/D,XI,S/D,Urbana,S/D,No existe,Recta,Resbaladiza,Reducida,Nocturna,Lluvia,Contra objeto fijo,S/D,Colisión,Agua,S/D,S/D,Sin restricción
2018,4762,2018-08-12,Domingo,0,00:00:00,Ruta Provincial 4,31.0,1,Automóvil, ,5,4,0,0,0,0,1,"-31.18062, -60.92476",Ruta,4,CULULÚ,Las Colonias,Asfalto,Natural,XI,Dentro,Rural,Ninguna,No existe,Recta,Bueno,Buena,Nocturna,Buen Tiempo,Atropello animal,S/D,"Colisión,Atropello",Ninguna,Horizontal,Línea divisoria pintada,Sin restricción
2018,4763,2018-08-17,Viernes,0,12:43:00,,0.0,2,"Pickup/Utilitario,Moto/Ciclomotor",Rosario Y Pilar,3,2,0,0,1,0,0,"-31.76462, -61.31835",Calle,,SANTA CLARA DE BUENA VISTA,Las Colonias,Asfalto,S/D,XI,Dentro,Urbana,Ninguna,No existe,Intersección,Bueno,Buena,Diurna,Buen Tiempo,Lateral,S/D,Colisión,Ninguna,Faltante,Ninguna,Sin restricción
2018,4764,2018-03-26,Lunes,0,12:40:00,,0.0,2,"Automóvil,Peatón",Dorrego Y Tucuman,2,1,0,0,1,0,0,"-32.939805555556,-60.648083333333",Calle,,ROSARIO,Rosario,Asfalto,No existe,II,Dentro,Urbana,Paso Peatonal,No existe,Intersección,S/D,S/D,Diurna,S/D,S/D,Peatón,Atropello,S/D,Horizontal,Ninguna,S/D
2018,4765,2018-03-26,Lunes,0,09:30:00,,0.0,2,"Moto/Ciclomotor,Pickup/Utilitario",Bv. 27 De Febrero Y Maipu,2,1,0,0,1,0,0,"-32.968,-60.640722222222",Avenida,,ROSARIO,Rosario,Asfalto,No existe,II,Dentro,Urbana,Semáforo,Funciona,Intersección,S/D,S/D,Diurna,S/D,Lateral,S/D,Colisión,S/D,"Horizontal,Vertical",Cordón divisorio,S/D
2018,4766,2018-03-28,Miercoles,0,00:45:00,,0.0,2,"Taxi/Remis,Moto/Ciclomotor",Pte.Roca Y Salta,3,2,0,0,1,0,0,"-32.938194444444,-60.643361111111",Calle,,ROSARIO,Rosario,Asfalto,No existe,II,Dentro,Urbana,Semáforo,Funciona,Intersección,S/D,Buena,Diurna,S/D,Lateral,S/D,Colisión,S/D,Horizontal,Ninguna,S/D
2018,4767,2018-04-22,Domingo,0,13:10:00,,0.0,2,"Moto/Ciclomotor,Automóvil",Santa Rosa Y Av Gral San Martin,4,2,0,0,2,0,0,"-33.040309, -60.611895",Calle,,VILLA GOBERNADOR GÁLVEZ,Rosario,Asfalto,No existe,II,Dentro,Urbana,Ninguna,No existe,Intersección,Bueno,Buena,Diurna,Buen Tiempo,Lateral,S/D,Colisión,Ninguna,Faltante,Ninguna,Sin restricción
2018,4768,2018-03-17,Sabado,0,10:15:00,,0.0,2,"Peatón,Automóvil",Paraguay Y San Juan,2,0,1,0,1,0,0,"-32.949166666667,-60.644666666667",Calle,,ROSARIO,Rosario,Asfalto,No existe,II,Dentro,Urbana,Semáforo,Funciona,Intersección,S/D,S/D,Diurna,S/D,S/D,Peatón,Atropello,S/D,"Horizontal,Vertical",S/D,S/D
2018,4769,2018-03-28,Miercoles,0,18:00:00,,0.0,2,"Otros,Peatón",Raul Dominguez Y Av de los inmigrantes,2,1,0,0,1,0,0,"-32.949638888889,-60.627194444444",Calle,,ROSARIO,Rosario,Ripio,No existe,II,Dentro,Urbana,S/D,No existe,Recta,S/D,S/D,Diurna,S/D,S/D,Peatón,Atropello,S/D,Faltante,Ninguna,S/D
2018,4770,2018-04-18,Miercoles,0,20:30:00,Ruta Nacional A012,0.0,1,Automóvil, ,1,1,0,0,0,0,0,"-33.087352, -60.627875",Ruta,A012,ALVEAR,Rosario,Asfalto,Natural,II,Dentro,Rural,Otra Señal,No existe,Curva,Con baches,Buena,Nocturna,Buen Tiempo,S/D,S/D,Despiste,Ninguna,"Horizontal,Vertical",Ninguna,S/D
2018,4771,2018-03-14,Miercoles,0,11:30:00,,0.0,1,Transporte de Pasajeros Urbano (> 8 asientos),Laprida Y San Juan,2,1,0,0,1,0,0,"-32.950972222222,-60.634972222222",Calle,,ROSARIO,Rosario,Asfalto,No existe,II,Dentro,Urbana,Señal Pare,No existe,Intersección,S/D,S/D,Diurna,S/D,S/D,S/D,Caída ocupante,S/D,"Horizontal,Vertical",Ninguna,S/D
2018,4772,2018-04-08,Domingo,0,06:30:00,Ruta Provincial 21,4.0,2,"Bicicleta,Automóvil", ,3,1,0,0,2,0,0,"-33.053929, -60.600789",Ruta,21,ALVEAR,Rosario,Asfalto,Natural,II,Dentro,Rural,Semáforo,Funciona,Intersección,Resbaladiza,Reducida,Nocturna,Lluvia,S/D,Ciclista,Atropello,Agua,"Horizontal,Vertical",Línea divisoria pintada,S/D
2018,4773,2018-03-19,Lunes,0,12:40:00,,0.0,2,"Pickup/Utilitario,Peatón",Alvear Y Jujuy,2,1,0,0,1,0,0,"-32.935305555556,-60.652611111111",Calle,,ROSARIO,Rosario,Asfalto,No existe,II,Dentro,Urbana,S/D,No existe,Intersección,S/D,S/D,Diurna,S/D,S/D,Peatón,Atropello,S/D,Faltante,Ninguna,S/D
2018,4774,2018-04-20,Viernes,0,20:20:00,Ruta Provincial 21,288.0,2,"Automóvil,Moto/Ciclomotor", ,2,1,0,0,1,0,0,"-33.053827, -60.600881",Ruta,21,ALVEAR,Rosario,Asfalto,Natural,II,Dentro,Urbana,Ninguna,No existe,Recta,Bueno,Buena,Nocturna,Buen Tiempo,Lateral,S/D,Colisión,Ninguna,Horizontal,Línea divisoria pintada,S/D
2018,4775,2018-03-24,Sabado,0,17:35:00,,0.0,2,"Automóvil,Bicicleta",Av. Illia Y Mariano Moreno Bis,2,1,0,0,1,0,0,"-32.932807402207, -60.647704155582",Avenida,,ROSARIO,Rosario,Asfalto,No existe,II,Dentro,Urbana,Semáforo,Funciona,Recta,S/D,S/D,Diurna,S/D,S/D,Ciclista,Atropello,S/D,"Horizontal,Vertical",Cordón divisorio,S/D
2018,4776,2018-04-24,Martes,0,08:50:00,,0.0,3,"Automóvil,Automóvil,Pickup/Utilitario",Italia Y Rivadavia,3,1,0,0,2,0,0,"-33.057294, -60.617960",Calle,,ALVEAR,Rosario,Tierra,No existe,II,Dentro,Urbana,Ninguna,No existe,Intersección,Bueno,Buena,Diurna,Buen Tiempo,"De alcance,Múltiple",S/D,Colisión,Ninguna,Faltante,Ninguna,Sin restricción
2018,4777,2018-03-21,Miercoles,0,18:05:00,,0.0,3,"Automóvil,Automóvil,Automóvil",Entre Rios Y Rioja,3,1,0,0,1,0,1,"-32.947083333333,-60.64125",Calle,,ROSARIO,Rosario,Asfalto,No existe,II,Dentro,Urbana,Paso Peatonal,No existe,Intersección,S/D,S/D,Diurna,S/D,Múltiple,S/D,Colisión,S/D,Horizontal,Ninguna,S/D
2018,4778,2018-03-03,Sabado,0,04:00:00,,0.0,2,"Moto/Ciclomotor,Automóvil",Tucuman Y Av. Corrientes,2,2,0,0,0,0,0,"-32.941027777778,-60.641194444444",Avenida,,ROSARIO,Rosario,Asfalto,No existe,II,Dentro,Urbana,Semáforo,Funciona,Intersección,S/D,S/D,Nocturna,S/D,Lateral,S/D,Colisión,S/D,"Horizontal,Vertical",Ninguna,S/D
2018,4779,2018-04-15,Domingo,0,00:45:00,Ruta Provincial 21,14.0,2,"Automóvil,Automóvil", ,3,2,0,0,1,0,0,"-33.115145, -60.542169",Ruta,21,GENERAL LAGOS,Rosario,Asfalto,Natural,II,Dentro,Rural,Ninguna,No existe,Recta,Bueno,Buena,"Nocturna,Con luz artificial",Buen Tiempo,Lateral,S/D,Colisión,Ninguna,Faltante,Ninguna,Sin restricción
2018,4780,2018-03-20,Martes,0,11:30:00,,0.0,2,"Peatón,Moto/Ciclomotor",Urquiza Y Paraguay,2,2,0,0,0,0,0,"-32.941944444444,-60.642861111111",Calle,,ROSARIO,Rosario,Asfalto,No existe,II,Dentro,Urbana,Paso Peatonal,No existe,Intersección,S/D,S/D,Diurna,S/D,S/D,Peatón,Atropello,S/D,Horizontal,Ninguna,S/D
2018,4781,2018-03-10,Sabado,0,05:10:00,,0.0,2,"Automóvil,Moto/Ciclomotor",Mendoza Y Balcarce,2,0,1,0,1,0,0,"-32.949083333333,-60.65325",Calle,,ROSARIO,Rosario,Asfalto,No existe,II,Dentro,Urbana,Semáforo,Funciona,Intersección,S/D,S/D,Amanecer,S/D,Lateral,S/D,Colisión,S/D,"Horizontal,Vertical",Ninguna,S/D
2018,4782,2018-04-21,Sabado,0,10:30:00,,0.0,2,"Automóvil,Moto/Ciclomotor",Italia Y Tucuman,3,2,0,0,1,0,0,"-33.114341, -60.565669",Calle,,GENERAL LAGOS,Rosario,Asfalto,No existe,II,Dentro,Urbana,Ninguna,No existe,Intersección,Bueno,Buena,Diurna,Buen Tiempo,Frontal,S/D,Colisión,Ninguna,Faltante,Ninguna,Sin restricción
2018,4783,2018-03-02,Viernes,0,08:20:00,,0.0,2,"Automóvil,Moto/Ciclomotor",Dorrego Y Cordoba,4,3,0,0,1,0,0,"-32.944444444444,-60.649222222222",Calle,,ROSARIO,Rosario,Asfalto,No existe,II,Dentro,Urbana,Paso Peatonal,No existe,Intersección,S/D,S/D,Diurna,S/D,Lateral,S/D,Colisión,S/D,Horizontal,Ninguna,S/D
2018,4784,2018-04-02,Lunes,0,00:50:00,Ruta Provincial 21,8.0,2,"Moto/Ciclomotor,Automóvil", ,2,1,0,0,1,0,0,"-33.069858, -60.582431",Ruta,21,PUEBLO ESTHER,Rosario,Asfalto,Ripio,II,Dentro,Urbana,Ninguna,No existe,Intersección,Bueno,S/D,Nocturna,Buen Tiempo,De alcance,S/D,Colisión,S/D,Horizontal,Línea divisoria pintada,S/D
2018,4785,2018-04-16,Lunes,0,08:15:00,,0.0,3,"Peatón,Peatón,Automóvil",RIVADAVIA Y AMERICO,3,2,0,0,1,0,0,"-33.079694, -60.562568",Calle,,PUEBLO ESTHER,Rosario,Asfalto,No existe,II,Dentro,Urbana,S/D,S/D,Intersección,S/D,S/D,Amanecer,S/D,S/D,Peatón,Atropello,S/D,S/D,S/D,S/D
2018,4786,2018-03-03,Sabado,0,09:10:00,,0.0,2,"Automóvil,Bicicleta",Ayacucho Y Riobamba,2,1,0,0,1,0,0,"-32.965027777778,-60.631055555556",Calle,,ROSARIO,Rosario,Asfalto,No existe,II,Dentro,Urbana,Semáforo,No existe,Intersección,S/D,S/D,Diurna,S/D,S/D,Ciclista,Atropello,S/D,Vertical,Ninguna,S/D
2018,4787,2018-04-14,Sabado,0,20:10:00,Ruta Provincial 21,0.0,2,"Moto/Ciclomotor,Automóvil",Av Gral San Martin ,3,2,0,0,1,0,0,"-33.016038091639, -60.634554471688",Ruta,21,VILLA GOBERNADOR GÁLVEZ,Rosario,Asfalto,Natural,II,Dentro,Urbana,Semáforo,Funciona,Intersección,Bueno,Buena,Nocturna,Buen Tiempo,S/D,S/D,Colisión,Ninguna,Vertical,Cordón divisorio,Sin restricción
2018,4788,2018-02-05,Lunes,0,,,0.0,2,"Moto/Ciclomotor,Automóvil",Beruti Y Av. Uriburu,2,1,0,0,1,0,0,"-32.990111111111,-60.63025",Calle,,ROSARIO,Rosario,S/D,S/D,II,S/D,Urbana,S/D,S/D,S/D,S/D,S/D,S/D,S/D,S/D,S/D,Colisión,S/D,S/D,S/D,S/D
2018,4789,2018-02-05,Lunes,0,,,0.0,1,Moto/Ciclomotor,Guillermo Benitez Y Paso de los Andes,1,0,1,0,0,0,0,"-32.473784355209, -61.579830461110",Calle,,LAS ROSAS,Belgrano,S/D,S/D,III,S/D,Urbana,S/D,S/D,S/D,S/D,S/D,S/D,S/D,Contra objeto fijo,S/D,Colisión,S/D,S/D,S/D,S/D
2018,4790,2018-02-05,Lunes,0,,,0.0,2,"Moto/Ciclomotor,Moto/Ciclomotor", ,2,0,2,0,0,0,0,"-33.74694, -61.96956",S/D,,VENADO TUERTO,General López,S/D,S/D,VIII,S/D,S/D,S/D,S/D,S/D,S/D,S/D,S/D,S/D,S/D,S/D,Colisión,S/D,S/D,S/D,S/D
2018,4791,2018-02-05,Lunes,0,,,0.0,2,"Peatón,Otros",Domingo Faustino Sarmineto 1200,2,1,0,0,0,0,1,"-31.54517,-61.07620",Calle,,SAN JERÓNIMO NORTE,Las Colonias,S/D,S/D,XI,S/D,Urbana,S/D,S/D,S/D,S/D,S/D,S/D,S/D,S/D,Peatón,Atropello,S/D,S/D,S/D,S/D
2018,4792,2018-08-02,Jueves,0,07:10:00,,0.0,1,Automóvil,Vollen Weider ,1,1,0,0,0,0,0,"-31.575385167016, -60.988259007824",Camino Rural,,LAS TUNAS,Las Colonias,Ripio,No existe,XI,Fuera,Rural,Ninguna,No existe,Cruce,Deteriorada,Reducida,Nocturna,Niebla,S/D,S/D,Despiste,Material Suelto,Faltante,Ninguna,Sin restricción
2018,4793,2018-02-26,Lunes,0,,Ruta Nacional 33,632.5,1,Moto/Ciclomotor,Espa?a Y Ruta Nacional 33,1,0,1,0,0,0,0,"-33.715611111111,-61.98475",Ruta,33,VENADO TUERTO,General López,Asfalto,No existe,VIII,Dentro,Urbana,S/D,S/D,Intersección,S/D,S/D,S/D,S/D,Contra objeto fijo,S/D,Colisión,S/D,S/D,Guardarrail,S/D
2018,4794,2018-02-05,Lunes,0,,,0.0,2,"Automóvil,Moto/Ciclomotor",Mariano Moreno Y Gregorio Donnet,2,1,0,0,1,0,0,"-31.444222222222,-60.930916666667",Calle,,ESPERANZA,Las Colonias,S/D,S/D,XI,S/D,Urbana,S/D,S/D,S/D,S/D,S/D,S/D,S/D,S/D,S/D,Colisión,S/D,S/D,S/D,S/D
2018,4795,2018-08-24,Viernes,0,09:00:00,Ruta Secundaria 80-s,0.0,2,"Camión c / Semirremolque,Tractor", ,3,2,0,0,1,0,0,"-30.9274, -61.21754",Ruta,80-s,SOUTOMAYOR,Las Colonias,Asfalto,Natural,XI,Dentro,Rural,Ninguna,No existe,Recta,Bueno,Buena,Diurna,Buen Tiempo,S/D,S/D,Colisión,Ninguna,Horizontal,Línea divisoria pintada,Sin restricción
2018,4796,2018-02-27,Martes,0,18:10:00,,0.0,2,"Moto/Ciclomotor,Bicicleta",Entre Rios Y Jujuy,3,3,0,0,0,0,0,"-33.738833333333,-61.956527777778",Calle,,VENADO TUERTO,General López,Asfalto,No existe,VIII,Dentro,Urbana,S/D,S/D,Intersección,S/D,S/D,Atardecer,S/D,S/D,Ciclista,Atropello,S/D,S/D,S/D,S/D
2018,4797,2018-08-01,Miercoles,0,17:00:00,,0.0,2,"Moto/Ciclomotor,Pickup/Utilitario", ,2,1,0,0,1,0,0,"-30.78387, -60.5973",Calle,,SAN JUSTO,San Justo,Asfalto,No existe,XVI,Dentro,Urbana,Ninguna,No existe,Intersección,Bueno,Buena,Diurna,Buen Tiempo,Lateral,S/D,Colisión,Ninguna,Vertical,Cordón divisorio,Sin restricción
2018,4798,2018-02-06,Martes,0,,,0.0,1,Moto/Ciclomotor,Reg 12 de Infanteria 4200,3,3,0,0,0,0,0,"-31.59355,-60.71297",Calle,,SANTA FE,La Capital,S/D,S/D,I,S/D,Urbana,S/D,S/D,S/D,S/D,S/D,S/D,S/D,Contra objeto fijo,S/D,"Colisión,Vuelco",S/D,S/D,S/D,S/D
2018,4799,2018-02-27,Martes,0,16:00:00,,0.0,2,"Bicicleta,Camión", ,2,0,1,0,1,0,0,"-31.25259, -61.49164",S/D,,RAFAELA,Castellanos,Asfalto,S/D,V,S/D,Rural,Ninguna,No existe,Recta,S/D,S/D,Diurna,S/D,S/D,Ciclista,Atropello,S/D,S/D,S/D,S/D
2018,4800,2018-02-06,Martes,0,,Autopista Nacional A008,0.0,2,"Camión,Moto/Ciclomotor",Av. Circunvalacion Y Bv. Avellaneda,2,1,0,0,1,0,0,"-33.000055555556,-60.689388888889",Autopista,A008,ROSARIO,Rosario,S/D,S/D,II,S/D,Urbana,S/D,S/D,S/D,S/D,S/D,S/D,S/D,S/D,S/D,Colisión,S/D,S/D,S/D,S/D
2018,4801,2018-02-06,Martes,0,,,0.0,1,Moto/Ciclomotor,Juan Canals Y Mariano Moreno,1,1,0,0,0,0,0,"-32.987166666667,-60.661388888889",Calle,,ROSARIO,Rosario,S/D,S/D,II,S/D,Urbana,S/D,S/D,S/D,S/D,S/D,S/D,S/D,Atropello animal,S/D,Atropello,S/D,S/D,S/D,S/D
2018,4802,2018-02-27,Martes,0,19:35:00,,0.0,2,"Moto/Ciclomotor,Automóvil",Bolivar Y Valparaiso,2,1,0,0,1,0,0,"-32.827277777778,-61.401388888889",Calle,,CAÑADA DE GÓMEZ,Iriondo,Asfalto,No existe,X,Dentro,Urbana,S/D,S/D,Intersección,S/D,S/D,Atardecer,S/D,S/D,S/D,Colisión,S/D,S/D,S/D,S/D