anio_acci,nro_acci,fecha,desc_dia,fecha_aprox,hora_aprox,desc_ruta,km,cant_participantes,desc_participante,calle_avenida_km,total,heridos_leves,heridos_graves,heridos_gravisimos,ilesos,fallecidos,sin_datos,posicion_XY,desc_tipo_via,desc_ruta_ori,desc_loc,desc_dpto,desc_tipo_calzada,desc_tipo_banquina,desc_unidad_regional,desc_lugar_calzada,desc_zona,desc_prioridad,desc_estado_semaforo,desc_lugar_via,desc_estado_via,desc_estado_visibilidad,desc_luminosidad,desc_estado_clima,desc_tipo_colision,desc_tipo_atropello,desc_tipo_hecho,desc_pres_calzada,desc_senializacion,desc_separacion_via,desc_restriccion
2018,4803,2018-08-04,Sabado,0,00:10:00,,0.0,2,"Bicicleta,Automóvil",Fco Angeloni Y Cno San Roque,2,1,0,0,1,0,0,"-30.783638888889,-60.586777777778",Calle,,SAN JUSTO,San Justo,Asfalto,No existe,XVI,S/D,Urbana,Ninguna,No existe,Intersección,Bueno,Buena,Nocturna,Buen Tiempo,Frontal,Ciclista,Atropello,Ninguna,Vertical,Ninguna,Sin restricción
2018,4804,2018-08-15,Miercoles,0,09:00:00,Ruta Secundaria 64-s,6.0,1,Otros, ,1,1,0,0,0,0,0,"-30.97511, -61.10159",Ruta,64-s,PROVIDENCIA,Las Colonias,Asfalto,Natural,XI,S/D,Rural,Ninguna,No existe,Curva,Bueno,Buena,Diurna,Buen Tiempo,Otro,S/D,Despiste,Ninguna,S/D,Línea divisoria pintada,Sin restricción
2018,4805,2018-02-07,Miercoles,0,,,0.0,2,"Moto/Ciclomotor,Pickup/Utilitario", ,2,1,0,0,1,0,0,"-33.04509, -61.16543",Calle,,CASILDA,Caseros,S/D,S/D,IV,S/D,Urbana,S/D,S/D,S/D,S/D,S/D,S/D,S/D,S/D,S/D,Colisión,S/D,S/D,S/D,S/D
2018,4806,2018-02-05,Lunes,0,17:15:00,,0.0,2,"Moto/Ciclomotor,Automóvil",Av Cordoba Y Saavedra,4,1,1,0,2,0,0,"-31.447638888889,-60.935888888889",S/D,,ESPERANZA,Las Colonias,S/D,S/D,XI,S/D,S/D,S/D,S/D,S/D,S/D,S/D,S/D,S/D,S/D,S/D,Colisión,S/D,S/D,S/D,S/D
2018,4807,2018-02-05,Lunes,0,,,0.0,2,"Moto/Ciclomotor,Moto/Ciclomotor",R P A Janssen 2900,6,3,0,0,3,0,0,"-31.440361111111,-60.9355",Calle,,ESPERANZA,Las Colonias,S/D,S/D,XI,S/D,Urbana,S/D,S/D,S/D,S/D,S/D,S/D,S/D,S/D,S/D,Colisión,S/D,S/D,S/D,S/D
2018,4808,2018-02-15,Jueves,0,,,0.0,2,"Automóvil,Bicicleta",Av Pellegrini Y Bv Pte Peron,3,2,0,0,1,0,0,"-31.89155, -61.85853",Avenida,,SAN JORGE,San Martín,Asfalto,No existe,XVIII,Dentro,Urbana,S/D,S/D,Intersección,S/D,S/D,S/D,S/D,S/D,Ciclista,Atropello,S/D,S/D,S/D,S/D
2018,4809,2018-02-07,Miercoles,0,,,0.0,2,"Automóvil,Moto/Ciclomotor", ,2,1,0,0,1,0,0,"-33.04509, -61.16543",S/D,,CASILDA,Caseros,S/D,S/D,IV,S/D,S/D,S/D,S/D,S/D,S/D,S/D,S/D,S/D,S/D,S/D,Colisión,S/D,S/D,S/D,S/D
2018,4810,2018-08-05,Domingo,0,00:30:00,,0.0,1,Moto/Ciclomotor,Av San Martin 100,1,1,0,0,0,0,0,"-32.760583333333,-60.733",Avenida,,SAN LORENZO,San Lorenzo,Asfalto,S/D,VII,S/D,S/D,S/D,S/D,Curva,S/D,S/D,S/D,S/D,S/D,S/D,Despiste,S/D,S/D,Guardarrail,S/D
2018,4811,2018-08-07,Martes,0,19:00:00,,0.0,2,"Automóvil,Peatón",Av San Martin Y 3 de Febrero,2,1,0,0,1,0,0,"-32.744027777778,-60.734027777778",Avenida,,SAN LORENZO,San Lorenzo,Asfalto,S/D,XVII,S/D,Urbana,S/D,S/D,Intersección,S/D,S/D,S/D,S/D,S/D,Peatón,Atropello,S/D,Vertical,S/D,S/D
2018,4812,2018-08-17,Viernes,0,18:30:00,,0.0,2,"Bicicleta,Automóvil",Fco Romero Y Independencia,2,1,0,0,1,0,0,"-30.791305555556,-60.581805555556",Calle,,SAN JUSTO,San Justo,Ripio,No existe,XVI,Dentro,Urbana,Ninguna,No existe,Recta,Bueno,Buena,Diurna,Buen Tiempo,Otro,Ciclista,Atropello,Ninguna,Faltante,Ninguna,Sin restricción
2018,4813,2018-02-17,Sabado,0,19:15:00,,0.0,2,"Automóvil,Moto/Ciclomotor",Bv. Avellaneda Y Cochabamba,2,1,0,0,1,0,0,"-32.951055555556,-60.682305555556",Avenida,,ROSARIO,Rosario,Asfalto,No existe,II,Dentro,Urbana,S/D,S/D,Intersección,S/D,S/D,Atardecer,S/D,S/D,S/D,Colisión,S/D,S/D,S/D,S/D
2018,4814,2018-02-07,Miercoles,0,,,0.0,2,"Moto/Ciclomotor,Bicicleta", ,2,2,0,0,0,0,0,"-31.44985, -60.93",S/D,,ESPERANZA,Las Colonias,S/D,S/D,XI,S/D,S/D,S/D,S/D,S/D,S/D,S/D,S/D,S/D,S/D,Ciclista,Atropello,S/D,S/D,S/D,S/D
2018,4815,2018-08-13,Lunes,0,13:15:00,,0.0,1,Moto/Ciclomotor,Fco Angeloni Y Silvestre Begnis,1,1,0,0,0,0,0,"-30.795555555556,-60.582694444444",Calle,,SAN JUSTO,San Justo,Ripio,No existe,XVI,Dentro,Urbana,Ninguna,No existe,Intersección,Bueno,Buena,Diurna,Buen Tiempo,Otro,S/D,Otro,Ninguna,Faltante,Ninguna,Sin restricción
2018,4816,2018-08-09,Jueves,0,17:10:00,,0.0,2,"Automóvil,Moto/Ciclomotor",Urquiza Y J J Passo,2,1,0,0,1,0,0,"-32.747527777778,-60.742694444444",Avenida,,SAN LORENZO,San Lorenzo,Asfalto,S/D,XVII,S/D,Urbana,S/D,S/D,Intersección,Bueno,S/D,S/D,S/D,Otro,S/D,Colisión,S/D,Vertical,S/D,S/D
2018,4817,2018-02-05,Lunes,0,12:00:00,,0.0,2,"Bicicleta,Moto/Ciclomotor",Simon de Iriondo 4500,2,1,0,0,0,0,1,"-31.428777777778,-60.924166666667",Calle,,ESPERANZA,Las Colonias,S/D,S/D,XI,S/D,Urbana,S/D,S/D,S/D,S/D,S/D,S/D,S/D,S/D,Ciclista,Atropello,S/D,S/D,S/D,S/D
2018,4818,2018-08-11,Sabado,0,15:10:00,,0.0,2,"Moto/Ciclomotor,Automóvil",9 de Julio Y A Belotti,3,2,0,0,1,0,0,"-30.790638888889,-60.579138888889",Calle,,SAN JUSTO,San Justo,Ripio,No existe,XVI,Dentro,Urbana,Ninguna,No existe,Intersección,Bueno,Buena,Diurna,Buen Tiempo,Lateral,S/D,Colisión,Ninguna,Faltante,Ninguna,Sin restricción
2018,4819,2018-02-07,Miercoles,0,,,0.0,2,"Bicicleta,Automóvil", ,2,1,0,0,1,0,0,"-32.45737, -60.88747",S/D,,MACIEL,San Jerónimo,S/D,S/D,XV,S/D,S/D,S/D,S/D,S/D,S/D,S/D,S/D,S/D,S/D,Ciclista,Atropello,S/D,S/D,S/D,S/D
2018,4820,2018-02-07,Miercoles,0,,,0.0,2,"Bicicleta,Moto/Ciclomotor",Juan XXIII Y Mitre B,2,2,0,0,0,0,0,"-29.448611111111,-60.212222222222",S/D,,VERA,Vera,S/D,S/D,XIX,S/D,S/D,S/D,S/D,S/D,S/D,S/D,S/D,S/D,S/D,Ciclista,Atropello,S/D,S/D,S/D,S/D
2018,4821,2018-02-18,Domingo,0,09:00:00,,0.0,1,Moto/Ciclomotor, ,1,1,0,0,0,0,0,"-33.04452, -61.16502",S/D,,CASILDA,Caseros,S/D,S/D,IV,S/D,S/D,Ninguna,S/D,S/D,S/D,S/D,Diurna,S/D,Contra objeto fijo,S/D,Colisión,S/D,S/D,S/D,Sin restricción
2018,4822,2018-08-11,Sabado,0,19:10:00,,0.0,2,"Automóvil,Moto/Ciclomotor",San Juan Y Colon,2,1,0,0,1,0,0,"-32.751527777778,-60.729222222222",Calle,,SAN LORENZO,San Lorenzo,S/D,S/D,XVII,S/D,Urbana,S/D,S/D,Intersección,S/D,S/D,S/D,S/D,Otro,S/D,Colisión,Ninguna,Vertical,S/D,S/D
2018,4823,2018-02-18,Domingo,0,,,0.0,2,"Automóvil,Automóvil",Rivadavia Y Aaron Castellanos,2,1,0,0,1,0,0,"-31.45023, -60.92864",Calle,,ESPERANZA,Las Colonias,Asfalto,S/D,XI,Dentro,Urbana,Ninguna,S/D,Intersección,S/D,S/D,S/D,S/D,Lateral,S/D,Colisión,S/D,S/D,S/D,Sin restricción
2018,4824,2018-08-01,Miercoles,0,13:20:00,,0.0,2,"Automóvil,Moto/Ciclomotor",E Colombo Y P Millan,3,1,0,0,2,0,0,"-30.795083333333,-60.57875",Calle,,SAN JUSTO,San Justo,Ripio,No existe,XVI,Dentro,Urbana,Ninguna,No existe,Intersección,Bueno,Buena,Diurna,Buen Tiempo,De alcance,S/D,Colisión,Ninguna,Faltante,Ninguna,Sin restricción
2018,4825,2018-08-12,Domingo,0,13:00:00,,0.0,2,"Taxi/Remis,Moto/Ciclomotor",Urquiza Y Av Carlos A Poucel,2,1,0,0,1,0,0,"-32.747694444444,-60.738388888889",Avenida,,SAN LORENZO,San Lorenzo,Asfalto,S/D,XVII,S/D,Urbana,S/D,No existe,Intersección,S/D,S/D,S/D,S/D,S/D,S/D,Colisión,S/D,Vertical,S/D,S/D
2018,4826,2018-02-17,Sabado,0,,Ruta Provincial 40,17.0,4,"Camión c / Acoplado,Pickup/Utilitario,Pickup/Utilitario,Bicicleta", ,4,1,0,0,0,0,3,"-29.13056, -59.8308",Ruta,40,RECONQUISTA,General Obligado,Asfalto,Ripio,IX,Dentro,Rural,S/D,No existe,Recta,S/D,S/D,S/D,S/D,Múltiple,S/D,Colisión,S/D,S/D,S/D,S/D
2018,4827,2018-08-13,Lunes,0,19:30:00,,0.0,2,"Pickup/Utilitario,Moto/Ciclomotor",Av San Martin Y Meliton Hierro,4,3,0,0,1,0,0,"-32.758333333333,-60.73375",Avenida,,SAN LORENZO,San Lorenzo,Asfalto,S/D,XVII,S/D,Urbana,S/D,S/D,Intersección,S/D,S/D,S/D,S/D,S/D,S/D,Colisión,S/D,Vertical,S/D,S/D
2018,4828,2018-08-15,Miercoles,0,07:40:00,,0.0,2,"Automóvil,Bicicleta",Dorrego Y Rivadavia,2,1,0,0,1,0,0,"-32.750527777778,-60.737416666667",Calle,,SAN LORENZO,San Lorenzo,Asfalto,S/D,XVII,S/D,Urbana,S/D,S/D,Intersección,S/D,S/D,S/D,S/D,S/D,Ciclista,Atropello,S/D,Vertical,S/D,S/D
2018,4829,2018-04-13,Viernes,0,21:00:00,,0.0,2,"Peatón,Automóvil",Los Andes 3227,2,1,0,0,1,0,0,"-33.034150, -60.660162",Calle,,VILLA GOBERNADOR GÁLVEZ,Rosario,Asfalto,No existe,II,Dentro,Urbana,Ninguna,No existe,Recta,Bueno,Reducida,"Nocturna,Con luz artificial",Buen Tiempo,S/D,Peatón,Atropello,Ninguna,Faltante,Ninguna,Sin restricción
2018,4830,2018-04-10,Martes,0,21:00:00,,0.0,2,"Moto/Ciclomotor,Automóvil",Pje 5 Y 9 de Julio,2,1,0,0,1,0,0,"-33.030293, -60.648002",Calle,,VILLA GOBERNADOR GÁLVEZ,Rosario,Tierra,No existe,II,Dentro,Urbana,Ninguna,No existe,Intersección,Deteriorada,Buena,"Nocturna,Con luz artificial",Buen Tiempo,Lateral,S/D,Colisión,Material Suelto,Faltante,Ninguna,Sin restricción
2018,4831,2018-04-22,Domingo,0,15:17:00,,0.0,2,"Peatón,Automóvil",A F Temporelli Y 25 de Mayo,2,1,0,0,1,0,0,"-33.036756, -60.654822",Calle,,VILLA GOBERNADOR GÁLVEZ,Rosario,"Asfalto,Tierra",No existe,II,Dentro,Urbana,Ninguna,No existe,Recta,Resbaladiza,Buena,Diurna,Lluvia,S/D,Peatón,Atropello,"Agua,Material Suelto",Faltante,Ninguna,Sin restricción
2018,4832,2018-04-11,Miercoles,0,23:45:00,,0.0,2,"Moto/Ciclomotor,Automóvil",Soldado Aguirre Y San Lorenzo,3,1,0,0,2,0,0,"-33.029558, -60.645268",Avenida,,VILLA GOBERNADOR GÁLVEZ,Rosario,Asfalto,No existe,II,Fuera,Urbana,Ninguna,No existe,Recta,Deteriorada,Reducida,"Nocturna,Con luz artificial",Buen Tiempo,Lateral,S/D,Colisión,Material Suelto,Faltante,Cordón divisorio,Sin restricción
2018,4833,2018-04-27,Viernes,0,00:50:00,,0.0,2,"Moto/Ciclomotor,Moto/Ciclomotor",9 de Julio Y Soldado Aguirre,4,2,0,0,2,0,0,"-33.029658, -60.648025",Avenida,,VILLA GOBERNADOR GÁLVEZ,Rosario,Asfalto,No existe,II,Dentro,Urbana,Ninguna,No existe,Recta,Deteriorada,Buena,"Nocturna,Con luz artificial",Buen Tiempo,Lateral,S/D,Colisión,Material Suelto,Faltante,Cordón divisorio,Sin restricción
2018,4834,2018-04-28,Sabado,0,17:20:00,,0.0,2,"Automóvil,Moto/Ciclomotor",Los Andes Y Nicaragua,4,1,0,0,3,0,0,"-33.034119, -60.658838",Calle,,VILLA GOBERNADOR GÁLVEZ,Rosario,"Asfalto,Tierra",No existe,II,Dentro,Urbana,Ninguna,No existe,Intersección,Bueno,Reducida,Diurna,Otro,Lateral,S/D,Colisión,Material Suelto,Faltante,Ninguna,Sin restricción
2018,4835,2018-04-27,Viernes,0,17:20:00,,0.0,2,"Automóvil,Automóvil",Catamarca Y Santiago,5,2,0,0,3,0,0,"-32.937417, -60.654525",Calle,,ROSARIO,Rosario,Asfalto,No existe,II,Dentro,Urbana,Ninguna,No existe,Intersección,Bueno,Buena,Diurna,Buen Tiempo,Otro,S/D,Colisión,Ninguna,"Horizontal,Vertical",Ninguna,Sin restricción
2018,4836,2018-04-16,Lunes,0,11:55:00,,0.0,2,"Automóvil,Bicicleta",Av. Francia Y Santa Fe,2,1,0,0,1,0,0,"-32.940168, -60.665159",Avenida,,ROSARIO,Rosario,Asfalto,No existe,II,Dentro,Urbana,Semáforo,Funciona,Intersección,Bueno,Buena,Diurna,Buen Tiempo,S/D,Ciclista,Atropello,Ninguna,"Horizontal,Vertical","Cordón divisorio,Línea divisoria pintada",Sin restricción
2018,4837,2018-04-10,Martes,0,17:50:00,,0.0,2,"Taxi/Remis,Peatón",Tucuman Y Pueyrredon,2,1,0,0,1,0,0,"-32.938345, -60.656187",Calle,,ROSARIO,Rosario,Asfalto,No existe,II,Dentro,Urbana,Ninguna,No existe,Recta,Bueno,Buena,Diurna,Buen Tiempo,S/D,Peatón,Atropello,Ninguna,Faltante,Ninguna,Sin restricción
2018,4838,2018-04-12,Jueves,0,10:00:00,,0.0,2,"Moto/Ciclomotor,Automóvil",Av. Francia Y Santa Fe,2,1,0,0,1,0,0,"-32.940161, -60.665202",Calle,,ROSARIO,Rosario,Asfalto,No existe,II,Dentro,Urbana,Semáforo,Funciona,Intersección,Bueno,Buena,Diurna,Buen Tiempo,S/D,S/D,Colisión,Ninguna,"Horizontal,Vertical","Cordón divisorio,Línea divisoria pintada",Sin restricción
2018,4839,2018-04-19,Jueves,0,18:50:00,,0.0,2,"Pickup/Utilitario,Transporte Escolar",Catamarca Y Rodriguez,9,7,0,0,2,0,0,"-32.936916, -60.657260",Calle,,ROSARIO,Rosario,Asfalto,No existe,II,Dentro,Urbana,Ninguna,No existe,Intersección,Bueno,Buena,Diurna,Buen Tiempo,Lateral,S/D,Colisión,Ninguna,Faltante,Ninguna,Sin restricción
2018,4840,2018-04-03,Martes,0,18:15:00,,0.0,3,"Automóvil,Peatón,Peatón",Callao Y Santa Fe,3,2,0,0,1,0,0,"-32.941159, -60.659714",Calle,,ROSARIO,Rosario,Asfalto,No existe,II,Dentro,Urbana,Ninguna,Funciona,Intersección,Bueno,Reducida,Atardecer,Buen Tiempo,S/D,Peatón,Atropello,Ninguna,"Horizontal,Vertical",Línea divisoria pintada,Sin restricción
2018,4841,2018-04-04,Miercoles,0,16:45:00,,0.0,2,"Automóvil,Moto/Ciclomotor",Urquiza Y San Nicolas,2,0,1,0,1,0,0,"-32.936846, -60.671479",Calle,,ROSARIO,Rosario,Asfalto,No existe,II,Dentro,Urbana,Ninguna,No existe,Intersección,Bueno,Buena,Diurna,Buen Tiempo,S/D,S/D,Colisión,Ninguna,Faltante,Ninguna,Sin restricción
2018,4842,2018-04-06,Viernes,0,22:30:00,,0.0,2,"Moto/Ciclomotor,Automóvil",Pueyrredon Y Urquiza,2,1,0,0,1,0,0,"-32.939527, -60.656467",Calle,,ROSARIO,Rosario,Asfalto,No existe,II,Dentro,Urbana,Señal Pare,No existe,Intersección,Bueno,Buena,"Nocturna,Con luz artificial",Buen Tiempo,S/D,S/D,Colisión,Ninguna,Vertical,Ninguna,Sin restricción
2018,4843,2018-04-27,Viernes,0,18:00:00,,0.0,2,"Automóvil,Moto/Ciclomotor",Av Juan Domingo Peron Y R fournier,4,2,0,0,2,0,0,"-33.029361111111,-60.629055555556",Avenida,,VILLA GOBERNADOR GÁLVEZ,Rosario,Asfalto,No existe,II,Dentro,Urbana,Ninguna,No existe,Intersección,Bueno,Buena,Atardecer,Buen Tiempo,Lateral,S/D,Colisión,Ninguna,Faltante,Ninguna,Sin restricción
2018,4844,2018-04-11,Miercoles,0,23:20:00,,0.0,1,Moto/Ciclomotor,Santa Fe Y Suipacha,2,1,0,0,1,0,0,"-32.940425, -60.663800",Calle,,ROSARIO,Rosario,Asfalto,No existe,II,Dentro,Urbana,Semáforo,Funciona,Intersección,Bueno,Buena,"Nocturna,Con luz artificial",Buen Tiempo,S/D,S/D,Despiste,Ninguna,"Horizontal,Vertical",Línea divisoria pintada,Sin restricción
2018,4845,2018-04-29,Domingo,0,23:45:00,,0.0,2,"Moto/Ciclomotor,Pickup/Utilitario",San Nicolas Y Urquiza,3,1,0,0,2,0,0,"-32.936843, -60.671478",Calle,,ROSARIO,Rosario,Asfalto,No existe,II,Dentro,Urbana,Ninguna,No existe,Intersección,Bueno,Buena,Nocturna,Buen Tiempo,Otro,S/D,Colisión,Ninguna,Faltante,Ninguna,Sin restricción
2018,4846,2018-04-23,Lunes,0,18:45:00,,0.0,2,"Taxi/Remis,Transporte de Pasajeros Urbano (> 8 asientos)",San Luis 600,3,1,0,0,2,0,0,"-32.950190, -60.632414",Calle,,ROSARIO,Rosario,Asfalto,No existe,II,Dentro,Urbana,Ninguna,No existe,Recta,Bueno,S/D,Diurna,S/D,Otro,S/D,Colisión,S/D,Horizontal,Línea divisoria pintada,Sin restricción
2018,4847,2018-03-22,Jueves,0,09:20:00,,0.0,2,"Moto/Ciclomotor,Automóvil",Pje. Cajaraville Y Necochea,2,1,0,0,1,0,0,"-32.954429, -60.625629",Calle,,ROSARIO,Rosario,Asfalto,No existe,II,Dentro,Urbana,Ninguna,No existe,Intersección,Deteriorada,S/D,Diurna,S/D,Lateral,S/D,Colisión,Ninguna,Faltante,Ninguna,S/D
2018,4849,2018-04-07,Sabado,0,11:00:00,,0.0,2,"Moto/Ciclomotor,Automóvil",Jujuy Y Balcarce,2,1,0,0,1,0,0,"-32.935944, -60.649286",Calle,,ROSARIO,Rosario,Asfalto,No existe,II,Dentro,Urbana,Paso Peatonal,No existe,Recta,Bueno,Buena,Diurna,S/D,Lateral,S/D,Colisión,Ninguna,Horizontal,Ninguna,Sin restricción
2018,4850,2018-02-07,Miercoles,0,11:00:00,,0.0,2,"Automóvil,Moto/Ciclomotor",AV ANGEL IGOBONE Y JOSE LUIS BORGES,3,1,1,0,1,0,0,"-32.367490276777, -61.359410508803",Calle,,SAN GENARO,San Jerónimo,S/D,S/D,XV,S/D,Urbana,S/D,S/D,S/D,S/D,S/D,S/D,S/D,S/D,S/D,Colisión,S/D,S/D,S/D,S/D
2018,4851,2018-02-08,Jueves,0,,,0.0,1,Moto/Ciclomotor,Vera Mujica Y Islas Malvinas,3,3,0,0,0,0,0,"-31.66707, -60.7271",Calle,,SANTA FE,La Capital,S/D,S/D,I,S/D,Urbana,S/D,S/D,S/D,S/D,S/D,S/D,S/D,S/D,S/D,Vuelco,S/D,S/D,S/D,S/D
2018,4852,2018-02-08,Jueves,0,,,0.0,2,"Bicicleta,Taxi/Remis",Casilda Y Rep.Dominicana,2,1,0,0,1,0,0,"-32.9285,-60.689861111111",Calle,,ROSARIO,Rosario,S/D,S/D,II,S/D,Urbana,S/D,S/D,S/D,S/D,S/D,S/D,S/D,S/D,Ciclista,Atropello,S/D,S/D,S/D,S/D
2018,4853,2018-08-13,Lunes,0,12:40:00,,0.0,3,"Automóvil,Automóvil,Automóvil",L N Alem Y La Rioja,3,2,0,0,1,0,0,"-32.737305555556,-60.745694444444",Calle,,SAN LORENZO,San Lorenzo,Asfalto,S/D,XVII,S/D,Urbana,S/D,S/D,Intersección,S/D,S/D,S/D,S/D,S/D,S/D,Colisión,S/D,Vertical,S/D,S/D
2018,4854,2018-08-10,Viernes,0,12:00:00,,0.0,2,"Moto/Ciclomotor,Automóvil",9 de Julio 2300,2,1,0,0,1,0,0,"-30.789111111111,-60.5895",Calle,,SAN JUSTO,San Justo,Asfalto,No existe,XVI,Dentro,Urbana,Ninguna,No existe,Otro,Bueno,Buena,Diurna,Buen Tiempo,Lateral,S/D,Colisión,Ninguna,Faltante,Ninguna,Sin restricción
2018,4855,2018-02-08,Jueves,0,,,0.0,2,"Moto/Ciclomotor,Moto/Ciclomotor",Dorrego Y Av. Battle y Ordo?ez,2,1,1,0,0,0,0,"-33.009194444444,-60.660305555556",Calle,,ROSARIO,Rosario,S/D,S/D,II,S/D,Urbana,S/D,S/D,S/D,S/D,S/D,S/D,S/D,S/D,S/D,Colisión,S/D,S/D,S/D,S/D
2018,4856,2018-02-19,Lunes,0,01:15:00,Autopista Provincial Brigadier E.López,36.0,1,Automóvil, ,4,1,0,0,3,0,0,"-32.5853, -60.87071",Autopista,Brigadier E.López,OLIVEROS,Iriondo,Asfalto,Ripio,X,Dentro,Rural,Ninguna,No existe,Recta,Bueno,Reducida,Nocturna,S/D,S/D,S/D,Despiste,S/D,S/D,"Guardarrail,Vegetación",S/D
2018,4857,2018-08-17,Viernes,0,11:00:00,,0.0,2,"Pickup/Utilitario,Moto/Ciclomotor",9 de Julio Y Gdor Cabal,2,1,0,0,1,0,0,"-30.788361111111,-60.593888888889",Calle,,SAN JUSTO,San Justo,Asfalto,No existe,XVI,Dentro,Urbana,Señal Pare,No existe,Intersección,Bueno,Buena,Diurna,Buen Tiempo,Lateral,S/D,Colisión,Ninguna,Vertical,Ninguna,Sin restricción
2018,4858,2018-02-19,Lunes,0,10:45:00,,0.0,2,"Moto/Ciclomotor,Automóvil", ,2,1,0,0,1,0,0,"-31.44897, -60.93039",S/D,,ESPERANZA,Las Colonias,S/D,S/D,XI,S/D,S/D,S/D,S/D,S/D,S/D,S/D,S/D,S/D,S/D,S/D,Caída ocupante,S/D,S/D,S/D,S/D
2018,4859,2018-02-21,Miercoles,0,,,0.0,2,"Automóvil,Peatón", ,2,1,0,0,1,0,0,"-32.9587, -60.69303",Calle,,ROSARIO,Rosario,Asfalto,No existe,II,S/D,S/D,S/D,S/D,S/D,S/D,S/D,S/D,S/D,S/D,Peatón,Atropello,S/D,S/D,S/D,S/D
2018,4860,2018-08-15,Miercoles,0,20:00:00,,0.0,2,"Automóvil,Moto/Ciclomotor",Urquiza Y G Evandri,2,1,0,0,1,0,0,"-32.7475,-60.744861111111",Avenida,,SAN LORENZO,San Lorenzo,Asfalto,S/D,XVII,S/D,Urbana,S/D,S/D,Intersección,Bueno,S/D,S/D,S/D,S/D,S/D,Colisión,Ninguna,Vertical,S/D,S/D
2018,4861,2018-02-08,Jueves,0,,Ruta Provincial 15,5.0,1,Automóvil, ,1,0,1,0,0,0,0,"-32.81363, -61.62455",Ruta,15,ARMSTRONG,Belgrano,S/D,S/D,III,S/D,Urbana,S/D,S/D,S/D,S/D,S/D,S/D,S/D,S/D,S/D,Vuelco,S/D,S/D,S/D,S/D
2018,4862,2018-08-16,Jueves,0,16:50:00,,0.0,2,"Moto/Ciclomotor,Automóvil",Bv Oro?o Y Mazza,2,1,0,0,1,0,0,"-32.7325,-60.750861111111",Avenida,,SAN LORENZO,San Lorenzo,Asfalto,S/D,XVII,S/D,Urbana,S/D,S/D,Intersección,Bueno,S/D,S/D,S/D,S/D,S/D,Colisión,S/D,Vertical,S/D,S/D
2018,4863,2018-08-30,Jueves,0,14:30:00,,0.0,2,"Moto/Ciclomotor,Automóvil",Gral Urquiza Y N Figueredo,3,1,0,0,2,0,0,"-30.791638888889,-60.590111111111",Calle,,SAN JUSTO,San Justo,Asfalto,No existe,XVI,Dentro,Urbana,Ninguna,No existe,Intersección,Bueno,Buena,Diurna,Buen Tiempo,Lateral,S/D,Colisión,Ninguna,Faltante,Ninguna,Sin restricción
2018,4864,2018-02-23,Viernes,0,,,0.0,2,"Moto/Ciclomotor,Pickup/Utilitario",General Paz Y Lopez y Planes,2,1,0,0,1,0,0,"-31.455055555556,-60.935277777778",Calle,,ESPERANZA,Las Colonias,Asfalto,No existe,XI,Dentro,Urbana,Ninguna,S/D,Intersección,S/D,S/D,S/D,S/D,De alcance,S/D,Colisión,S/D,S/D,S/D,S/D
2018,4865,2018-02-06,Martes,0,,,0.0,3,"Automóvil,Automóvil,Automóvil", ,3,2,0,0,0,0,1,"-33.04509, -61.16543",S/D,,CASILDA,Caseros,S/D,S/D,IV,S/D,S/D,S/D,S/D,S/D,S/D,S/D,S/D,S/D,Múltiple,S/D,Colisión,S/D,S/D,S/D,S/D
2018,4866,2018-08-18,Sabado,0,08:10:00,,0.0,2,"Moto/Ciclomotor,Automóvil",Ing White Y S Gaboto,2,1,0,0,0,0,1,"-32.764638888889,-60.739138888889",Calle,,SAN LORENZO,San Lorenzo,Asfalto,S/D,XVII,S/D,Urbana,S/D,S/D,Intersección,S/D,S/D,S/D,S/D,S/D,S/D,S/D,S/D,Vertical,"Ninguna,S/D",S/D
2018,4867,2018-02-08,Jueves,0,,,0.0,2,"Automóvil,Moto/Ciclomotor", ,2,1,0,0,1,0,0,"-33.04509, -61.16543",S/D,,CASILDA,Caseros,S/D,S/D,IV,S/D,S/D,S/D,S/D,S/D,S/D,S/D,S/D,S/D,S/D,S/D,Colisión,S/D,S/D,S/D,S/D
2018,4868,2018-08-16,Jueves,0,12:30:00,,0.0,2,"Moto/Ciclomotor,Moto/Ciclomotor",Ayohuma 300,2,1,0,0,1,0,0,"-32.764305555556,-60.74125",Calle,,SAN LORENZO,San Lorenzo,S/D,S/D,XVII,S/D,Urbana,S/D,S/D,Recta,S/D,S/D,S/D,S/D,Otro,S/D,Colisión,S/D,Vertical,Ninguna,S/D
2018,4869,2018-02-08,Jueves,0,,,0.0,2,"Bicicleta,Automóvil",Avda 25 de Mayo ,2,1,0,0,1,0,0,"-32.02877, -61.21958",S/D,,GÁLVEZ,San Jerónimo,S/D,S/D,XV,S/D,S/D,S/D,S/D,S/D,S/D,S/D,S/D,S/D,S/D,Ciclista,Atropello,S/D,S/D,S/D,S/D
2018,4870,2018-08-19,Domingo,0,18:50:00,,0.0,2,"Moto/Ciclomotor,Otros",San Juan Y Tte. roca,2,1,0,0,0,0,1,"-32.751416666667,-60.739583333333",Calle,,SAN LORENZO,San Lorenzo,Asfalto,No existe,XVII,S/D,Urbana,S/D,S/D,Intersección,S/D,S/D,S/D,S/D,Otro,S/D,Otro,S/D,Vertical,Ninguna,S/D
2018,4871,2018-08-01,Miercoles,1,20:25:00,,0.0,2,"Moto/Ciclomotor,Moto/Ciclomotor",Mantovani J Y Rivadavia B,3,2,1,0,0,0,0,"-30.7805,-60.593111111111",Calle,,SAN JUSTO,San Justo,Asfalto,No existe,XVI,Dentro,Urbana,Ninguna,No existe,Intersección,Bueno,Buena,"Nocturna,Con luz artificial",S/D,Frontal,S/D,Colisión,Ninguna,Faltante,Ninguna,Sin restricción
2018,4872,2018-02-06,Martes,0,13:00:00,,0.0,2,"Camión,Automóvil", ,4,3,0,0,1,0,0,"-29.28756, -60.39863",S/D,,SANTA LUCÍA,Vera,S/D,S/D,XIX,S/D,S/D,S/D,S/D,S/D,S/D,S/D,S/D,S/D,S/D,S/D,Colisión,S/D,S/D,S/D,S/D
2018,4873,2018-08-21,Martes,0,13:20:00,,0.0,2,"Automóvil,Automóvil",Dorrego Y 3 de Febrero,2,1,0,0,1,0,0,"-32.743972222222,-60.737222222222",Calle,,SAN LORENZO,San Lorenzo,S/D,S/D,XVII,S/D,Urbana,S/D,S/D,Otro,S/D,S/D,S/D,S/D,S/D,S/D,Colisión,Ninguna,Vertical,Ninguna,S/D