anio_acci,nro_acci,fecha,desc_dia,fecha_aprox,hora_aprox,desc_ruta,km,cant_participantes,desc_participante,calle_avenida_km,total,heridos_leves,heridos_graves,heridos_gravisimos,ilesos,fallecidos,sin_datos,posicion_XY,desc_tipo_via,desc_ruta_ori,desc_loc,desc_dpto,desc_tipo_calzada,desc_tipo_banquina,desc_unidad_regional,desc_lugar_calzada,desc_zona,desc_prioridad,desc_estado_semaforo,desc_lugar_via,desc_estado_via,desc_estado_visibilidad,desc_luminosidad,desc_estado_clima,desc_tipo_colision,desc_tipo_atropello,desc_tipo_hecho,desc_pres_calzada,desc_senializacion,desc_separacion_via,desc_restriccion
2018,4874,2018-02-23,Viernes,1,,,0.0,2,"Camión c / Acoplado,Moto/Ciclomotor",Boulevard 25 de Mayo ,2,1,0,0,1,0,0,"-33.05072, -61.17295",Avenida,,CASILDA,Caseros,S/D,S/D,IV,Dentro,Urbana,S/D,S/D,Recta,S/D,S/D,S/D,S/D,De alcance,S/D,Colisión,S/D,S/D,S/D,S/D
2018,4875,2018-08-21,Martes,0,08:10:00,Ruta Provincial Brigadier E.López,0.0,1,Moto/Ciclomotor,Urquiza ,1,1,0,0,0,0,0,"-32.7472, -60.75939",Ruta,Brigadier E.López,SAN LORENZO,San Lorenzo,S/D,S/D,XVII,S/D,Urbana,S/D,S/D,Otro,S/D,S/D,S/D,Otro,S/D,S/D,Caída ocupante,Ninguna,S/D,Ninguna,S/D
2018,4876,2018-02-09,Viernes,0,,,0.0,1,Moto/Ciclomotor,Ibarlucea ,1,0,1,0,0,0,0,"-32.93659, -60.89092",Calle,,ROLDÁN,San Lorenzo,S/D,S/D,XVII,S/D,S/D,S/D,S/D,S/D,S/D,S/D,S/D,S/D,S/D,S/D,Vuelco,S/D,S/D,S/D,S/D
2018,4877,2018-08-21,Martes,0,13:45:00,,0.0,2,"Bicicleta,Pickup/Utilitario",Irigoyen Y Belgrano,2,1,0,0,1,0,0,"-32.74675,-60.736277777778",Calle,,SAN LORENZO,San Lorenzo,S/D,S/D,XVII,S/D,Urbana,S/D,S/D,S/D,S/D,S/D,S/D,S/D,S/D,S/D,Colisión,S/D,S/D,Ninguna,S/D
2018,4878,2018-08-14,Martes,0,19:40:00,Ruta Nacional 9,0.0,2,"Moto/Ciclomotor,Automóvil",BELGRANO ,2,1,0,0,1,0,0,"-32.77514, -61.598",Ruta,9,ARMSTRONG,Belgrano,"Asfalto,Hormigón",Pavimento,III,Dentro,Urbana,Ninguna,No existe,Intersección,Con baches,Reducida,Nocturna,Buen Tiempo,Lateral,S/D,Colisión,Ninguna,"Horizontal,Vertical",Línea divisoria pintada,Sin restricción
2018,4879,2018-02-09,Viernes,0,,,0.0,2,"Bicicleta,Automóvil",Av A del Valle Y French,2,1,0,0,1,0,0,"-31.592416666667,-60.691944444444",Calle,,SANTA FE,La Capital,S/D,S/D,I,S/D,Urbana,S/D,S/D,S/D,S/D,S/D,S/D,S/D,S/D,Ciclista,Atropello,S/D,S/D,S/D,S/D
2018,4880,2018-02-10,Sabado,0,,,0.0,2,"Automóvil,Moto/Ciclomotor", ,2,2,0,0,0,0,0,"-31.44985, -60.93",S/D,,ESPERANZA,Las Colonias,S/D,S/D,XI,S/D,S/D,S/D,S/D,S/D,S/D,S/D,S/D,S/D,S/D,S/D,Colisión,S/D,S/D,S/D,S/D
2018,4881,2018-08-23,Jueves,0,18:45:00,,0.0,2,"Moto/Ciclomotor,Automóvil",Pe?a S Y Feliciano Silva,2,1,0,0,1,0,0,"-32.777,-60.729416666667",Avenida,,SAN LORENZO,San Lorenzo,S/D,S/D,XVII,S/D,Urbana,S/D,S/D,Otro,S/D,S/D,S/D,S/D,S/D,S/D,Colisión,S/D,S/D,S/D,S/D
2018,4882,2018-08-22,Miercoles,0,14:00:00,Ruta Nacional 178,0.0,2,"Automóvil,Moto/Ciclomotor",CIUDAD DE CORONDA ,2,0,1,0,1,0,0,"-32.46436, -61.5858",Ruta,178,LAS ROSAS,Belgrano,Asfalto,Natural,III,S/D,Urbana,Ninguna,No existe,Intersección,Bueno,Buena,Diurna,Buen Tiempo,Frontal,S/D,Colisión,Ninguna,Horizontal,Línea divisoria pintada,Sin restricción
2018,4883,2018-02-10,Sabado,0,,,0.0,2,"Moto/Ciclomotor,Camión",Chubut Y Rio Negro bis,2,1,0,0,0,0,1,"-32.038944444444,-61.203611111111",Calle,,GÁLVEZ,San Jerónimo,S/D,S/D,XV,S/D,Urbana,S/D,S/D,S/D,S/D,S/D,S/D,S/D,S/D,S/D,Colisión,S/D,S/D,S/D,S/D
2018,4884,2018-02-23,Viernes,1,,,0.0,1,Moto/Ciclomotor, ,1,1,0,0,0,0,0,"-31.44897, -60.93039",S/D,,ESPERANZA,Las Colonias,S/D,S/D,XI,S/D,S/D,S/D,S/D,S/D,S/D,S/D,S/D,S/D,S/D,S/D,Caída ocupante,S/D,S/D,S/D,S/D
2018,4885,2018-08-21,Martes,0,,,0.0,2,"Moto/Ciclomotor,Camión Chasis",Gdor Saavedra - Ruta 12 Y C Remondino,2,1,0,0,1,0,0,"-32.766361111111,-60.743722222222",Calle,,SAN LORENZO,San Lorenzo,S/D,S/D,XVII,S/D,Urbana,S/D,S/D,Otro,S/D,S/D,S/D,S/D,S/D,S/D,Colisión,S/D,Vertical,Ninguna,S/D
2018,4886,2018-08-24,Viernes,0,22:05:00,,0.0,2,"Pickup/Utilitario,Moto/Ciclomotor",General Lopez Y Artigas,3,1,0,0,2,0,0,"-32.745805555556,-60.735194444444",Calle,,SAN LORENZO,San Lorenzo,S/D,S/D,XVII,S/D,Urbana,Ninguna,S/D,Otro,S/D,S/D,S/D,S/D,S/D,S/D,Colisión,S/D,Vertical,Ninguna,S/D
2018,4887,2018-08-29,Miercoles,0,14:30:00,,0.0,1,Moto/Ciclomotor,Sarmiento Y Las Heras,1,1,0,0,0,0,0,"-32.471222222222,-61.574833333333",Calle,,LAS ROSAS,Belgrano,Asfalto,No existe,III,Dentro,Urbana,Ninguna,No existe,Intersección,Bueno,Buena,Diurna,Buen Tiempo,Frontal,S/D,Colisión,Ninguna,Faltante,Ninguna,Sin restricción
2018,4888,2018-08-24,Viernes,0,21:00:00,,0.0,1,Moto/Ciclomotor,Dr Ghio Y Juan M De Rosas,2,1,0,0,1,0,0,"-32.749472222222,-60.741666666667",Calle,,SAN LORENZO,San Lorenzo,S/D,S/D,XVII,S/D,Urbana,S/D,S/D,Otro,S/D,S/D,Nocturna,S/D,S/D,S/D,Otro,Ninguna,Vertical,Ninguna,S/D
2018,4889,2018-08-13,Lunes,0,12:00:00,,0.0,2,"Automóvil,Moto/Ciclomotor",Bv ROLDÁN 1600,2,1,0,0,1,0,0,"-32.78299, -61.60367",Calle,,ARMSTRONG,Belgrano,Asfalto,No existe,III,Dentro,Urbana,Ninguna,No existe,Recta,Bueno,Buena,Diurna,Buen Tiempo,De alcance,S/D,Colisión,Ninguna,"Horizontal,Vertical",Ninguna,Sin restricción
2018,4890,2018-03-03,Sabado,0,14:05:00,,0.0,1,Automóvil,Av. De La Libertad 362,2,1,0,0,1,0,0,"-32.951833333333,-60.628277777778",Avenida,,ROSARIO,Rosario,Asfalto,No existe,II,Dentro,Urbana,S/D,No existe,Recta,S/D,S/D,Diurna,S/D,Contra objeto fijo,S/D,Colisión,S/D,Faltante,Ninguna,S/D
2018,4891,2018-04-09,Lunes,0,12:40:00,,0.0,2,"Taxi/Remis,Taxi/Remis",Mitre Y Urquiza,3,1,0,0,2,0,0,"-32.942794, -60.638676",Calle,,ROSARIO,Rosario,Asfalto,No existe,II,Dentro,Urbana,Paso Peatonal,No existe,Intersección,Bueno,Buena,Diurna,Buen Tiempo,Lateral,S/D,Colisión,Ninguna,Horizontal,Ninguna,Sin restricción
2018,4892,2018-03-04,Domingo,0,23:25:00,,0.0,2,"Automóvil,Automóvil",Buenos Aires Y Riobamba,2,1,0,0,1,0,0,"-32.964,-60.636861111111",Calle,,ROSARIO,Rosario,Asfalto,No existe,II,Dentro,Urbana,Ninguna,No existe,Intersección,Bueno,Buena,Nocturna,S/D,Lateral,S/D,Colisión,S/D,Faltante,Ninguna,S/D
2018,4893,2018-04-27,Viernes,0,08:20:00,,0.0,2,"Bicicleta,Automóvil",Salta 1500,2,1,0,0,1,0,0,"-32.938360, -60.642389",Calle,,ROSARIO,Rosario,Asfalto,No existe,II,Dentro,Urbana,Semáforo,No existe,Recta,Bueno,Buena,Diurna,Buen Tiempo,S/D,Ciclista,Atropello,Ninguna,"Horizontal,Vertical",Línea divisoria pintada,Sin restricción
2018,4894,2018-03-05,Lunes,0,13:00:00,,0.0,2,"Moto/Ciclomotor,Transporte de Pasajeros Urbano (> 8 asientos)",Mendoza Y Mitre,3,1,0,0,2,0,0,"-32.95125,-60.640805555556",Calle,,ROSARIO,Rosario,Asfalto,No existe,II,Dentro,Urbana,Señal Pare,No existe,Intersección,Bueno,S/D,Diurna,Buen Tiempo,Lateral,S/D,Colisión,S/D,"Horizontal,Vertical",Ninguna,S/D
2018,4895,2018-04-28,Sabado,0,21:25:00,,0.0,2,"Automóvil,Moto/Ciclomotor",Ing Mosconi Y Iriondo,2,1,0,0,1,0,0,"-33.025694444444,-60.635833333333",Calle,,VILLA GOBERNADOR GÁLVEZ,Rosario,Asfalto,No existe,II,Dentro,Urbana,Ninguna,No existe,Intersección,Bueno,Reducida,Nocturna,Buen Tiempo,Lateral,S/D,Colisión,Ninguna,Faltante,Ninguna,Sin restricción
2018,4897,2018-03-06,Martes,0,12:00:00,,0.0,2,"Automóvil,Peatón",San Luis Y Mariano Moreno,2,1,0,0,1,0,0,"-32.946805555556,-60.651222222222",Calle,,ROSARIO,Rosario,Asfalto,No existe,II,Dentro,Urbana,Señal Pare,No existe,Intersección,S/D,S/D,Diurna,S/D,S/D,Peatón,Atropello,S/D,"Horizontal,Vertical",Ninguna,S/D
2018,4898,2018-04-01,Domingo,0,12:30:00,,0.0,2,"Automóvil,Automóvil",Av. Caseros Bis Y Av. Francia Bis,3,2,0,0,1,0,0,"-32.928259, -60.662599",Avenida,,ROSARIO,Rosario,Asfalto,No existe,II,Dentro,Urbana,Semáforo,Funciona,Recta,Bueno,Buena,Diurna,Buen Tiempo,Contra objeto fijo,S/D,Colisión,Ninguna,"Horizontal,Vertical",Línea divisoria pintada,Sin restricción
2018,4899,2018-04-01,Domingo,0,04:40:00,Autopista Nacional A008,0.0,1,Automóvil,Av. Circunvalacion Y Av. Belgrano,1,0,1,0,0,0,0,"-32.948169708251974,-60.62878131866",Autopista,A008,ROSARIO,Rosario,Asfalto,No existe,II,Fuera,Urbana,Ninguna,No existe,Curva,Bueno,Buena,"Nocturna,Con luz artificial",Buen Tiempo,S/D,S/D,Despiste,Ninguna,Faltante,Ninguna,Sin restricción
2018,4900,2018-04-09,Lunes,0,07:45:00,,0.0,2,"Automóvil,Bicicleta",Av. Central Y Av. Francia,2,1,0,0,1,0,0,"-32.929279, -60.663279",Avenida,,ROSARIO,Rosario,Asfalto,No existe,II,Dentro,Urbana,Semáforo,Funciona,Rotonda,Bueno,Buena,Diurna,Buen Tiempo,S/D,Ciclista,Atropello,Ninguna,"Horizontal,Vertical",Ninguna,Sin restricción
2018,4901,2018-03-09,Viernes,0,10:30:00,,0.0,2,"Pickup/Utilitario,Bicicleta",Ayacucho 1800,2,1,0,0,1,0,0,"-32.960444444444,-60.629888888889",Calle,,ROSARIO,Rosario,Asfalto,No existe,II,Dentro,Urbana,Ninguna,No existe,Recta,S/D,S/D,Diurna,S/D,S/D,Ciclista,Atropello,S/D,Faltante,Ninguna,S/D
2018,4902,2018-04-04,Miercoles,0,15:00:00,,0.0,2,"Automóvil,Moto/Ciclomotor",Mendoza Y Furlong,4,1,1,0,2,0,0,"-32.940138888889,-60.735222222222",Calle,,ROSARIO,Rosario,Asfalto,Pavimento,II,Dentro,Urbana,Ninguna,No existe,Recta,Bueno,Buena,Diurna,Buen Tiempo,Otro,S/D,Colisión,Ninguna,Vertical,Cordón divisorio,Sin restricción
2018,4903,2018-04-10,Martes,0,20:10:00,,0.0,2,"Automóvil,Bicicleta",Av. Luis Carballo Y Pje. J.M.Estrada Bis,2,1,0,0,1,0,0,"-32.921990, -60.676931",Calle,,ROSARIO,Rosario,Asfalto,No existe,II,Dentro,Urbana,Paso Peatonal,No existe,Intersección,Bueno,S/D,Nocturna,Buen Tiempo,S/D,Ciclista,Atropello,Ninguna,Horizontal,Ninguna,Sin restricción
2018,4904,2018-03-10,Sabado,0,12:00:00,,0.0,2,"Moto/Ciclomotor,Automóvil",Buenos Aires Y Montevideo,3,2,0,0,1,0,0,"-32.957111111111,-60.635138888889",Calle,,ROSARIO,Rosario,Asfalto,No existe,II,Dentro,Urbana,Paso Peatonal,No existe,Intersección,S/D,S/D,Diurna,S/D,Lateral,S/D,Colisión,S/D,Horizontal,Ninguna,S/D
2018,4905,2018-04-11,Miercoles,0,00:05:00,,0.0,2,"Automóvil,Moto/Ciclomotor",Bv. Avellaneda Y Av. Luis Carballo,2,1,0,0,1,0,0,"-32.922020, -60.674762",Avenida,,ROSARIO,Rosario,Asfalto,No existe,II,Dentro,Urbana,Semáforo,Funciona,Intersección,Bueno,S/D,Diurna,Buen Tiempo,Otro,S/D,Colisión,Ninguna,"Horizontal,Vertical","Cordón divisorio,Línea divisoria pintada",Sin restricción
2018,4906,2018-04-23,Lunes,0,22:05:00,,0.0,2,"Automóvil,Moto/Ciclomotor",MENDOZA  Y JUAN PABLO II,2,1,0,0,1,0,0,"-32.940513588677, -60.721772039776",Avenida,,ROSARIO,Rosario,Asfalto,No existe,II,Dentro,Urbana,Ninguna,Funciona,Intersección,Bueno,Buena,Nocturna,Buen Tiempo,Lateral,S/D,Colisión,S/D,Vertical,Ninguna,Sin restricción
2018,4907,2018-04-12,Jueves,0,,,0.0,2,"Moto/Ciclomotor,Automóvil",Junin Y Av. Francia Bis,3,2,0,0,1,0,0,"-32.926502, -60.661842",Avenida,,ROSARIO,Rosario,Asfalto,No existe,II,Dentro,Urbana,Semáforo,Funciona,Recta,Bueno,Buena,Diurna,Buen Tiempo,Otro,S/D,Colisión,Ninguna,Vertical,Ninguna,Sin restricción
2018,4908,2018-03-10,Sabado,0,16:10:00,,0.0,2,"Moto/Ciclomotor,Pickup/Utilitario",L.N.Alem Y Ituzaingo,3,1,0,0,2,0,0,"-32.962472222222,-60.631916666667",Calle,,ROSARIO,Rosario,Asfalto,No existe,II,Dentro,Urbana,Señal Pare,No existe,Intersección,S/D,S/D,Diurna,S/D,Lateral,S/D,Colisión,S/D,"Horizontal,Vertical",Ninguna,S/D
2018,4909,2018-04-21,Sabado,0,01:30:00,,0.0,2,"Automóvil,Moto/Ciclomotor",Velez Sarsfield Y Bahia Blanca Bis,3,2,0,0,1,0,0,"-32.925233, -60.688731",Calle,,ROSARIO,Rosario,Asfalto,No existe,II,Dentro,Urbana,S/D,No existe,Recta,Bueno,Buena,Nocturna,S/D,S/D,S/D,Colisión,Ninguna,Vertical,Ninguna,S/D
2018,4910,2018-03-10,Sabado,0,22:00:00,,0.0,2,"Moto/Ciclomotor,Pickup/Utilitario",Bv. Oro?o Y Tucuman,2,1,0,0,1,0,0,"-32.939083333333,-60.652",Avenida,,ROSARIO,Rosario,Asfalto,No existe,II,Dentro,Urbana,Señal Pare,No existe,Intersección,S/D,S/D,"Nocturna,Con luz artificial",S/D,Lateral,S/D,Colisión,S/D,"Horizontal,Vertical",Cordón divisorio,S/D
2018,4911,2018-04-27,Viernes,0,,,0.0,1,Moto/Ciclomotor,Av. Alberdi Bis ,1,1,0,0,0,0,0,"-32.930032, -60.673730",Avenida,,ROSARIO,Rosario,Asfalto,No existe,II,Dentro,Urbana,Semáforo,Funciona,Intersección,Bueno,Buena,Nocturna,S/D,S/D,S/D,Despiste,Ninguna,"Horizontal,Vertical","Cordón divisorio,Vegetación,Línea divisoria pintada",Sin restricción
2018,4912,2018-03-10,Sabado,0,06:30:00,,0.0,2,"Transporte de Pasajeros Urbano (> 8 asientos),Automóvil",San Luis Y Entre Rios,3,2,0,0,1,0,0,"-32.948527777778,-60.641611111111",Calle,,ROSARIO,Rosario,Asfalto,No existe,II,Dentro,Urbana,Semáforo,Funciona,Intersección,S/D,S/D,Diurna,S/D,Lateral,S/D,Colisión,S/D,"Horizontal,Vertical",Ninguna,S/D
2018,4913,2018-04-21,Sabado,0,15:00:00,,0.0,2,"Moto/Ciclomotor,Automóvil",Rawson Bis Y Av. Luis Carballo,3,2,0,0,1,0,0,"-32.921935, -60.669403",Avenida,,ROSARIO,Rosario,Asfalto,No existe,II,Dentro,Urbana,Semáforo,Funciona,Recta,Bueno,Buena,Diurna,Buen Tiempo,Lateral,S/D,Colisión,Ninguna,"Horizontal,Vertical","Cordón divisorio,Vegetación,Línea divisoria pintada",Sin restricción
2018,4914,2018-04-09,Lunes,0,13:30:00,,0.0,2,"Automóvil,Moto/Ciclomotor",Mendoza Y Suipacha,2,1,0,0,1,0,0,"-32.946888888889,-60.665472222222",Calle,,ROSARIO,Rosario,Asfalto,No existe,II,Dentro,Urbana,Ninguna,Funciona,Intersección,Bueno,Buena,Diurna,Buen Tiempo,Lateral,S/D,Colisión,Ninguna,Vertical,Ninguna,Sin restricción
2018,4915,2018-03-11,Domingo,0,06:30:00,,0.0,2,"Moto/Ciclomotor,Automóvil",Bv. Oro?o Y Montevideo,2,1,0,0,1,0,0,"-32.953388888889,-60.655861111111",Avenida,,ROSARIO,Rosario,Asfalto,No existe,II,Dentro,Urbana,S/D,Funciona,Intersección,S/D,Reducida,Amanecer,Lluvia,Lateral,S/D,Colisión,Agua,"Horizontal,Vertical",Cordón divisorio,S/D
2018,4916,2018-04-10,Martes,0,08:30:00,,0.0,2,"Moto/Ciclomotor,Automóvil",Albert Sabin Y J.J.Paso,2,1,0,0,1,0,0,"-32.919541, -60.689125",Calle,,ROSARIO,Rosario,Hormigón,No existe,II,Dentro,Urbana,Semáforo,Funciona,Intersección,Bueno,Buena,Amanecer,Buen Tiempo,S/D,S/D,Colisión,Otro,"Horizontal,Vertical","Cordón divisorio,Vegetación,Línea divisoria pintada",Sin restricción
2018,4917,2018-03-10,Sabado,0,14:20:00,,0.0,2,"Moto/Ciclomotor,Automóvil",Av. Pellegrini Y Pte.Roca,2,1,0,0,1,0,0,"-32.956027777778,-60.647861111111",Avenida,,ROSARIO,Rosario,Asfalto,No existe,II,Dentro,Urbana,Semáforo,Funciona,Intersección,S/D,S/D,Diurna,S/D,De alcance,S/D,Colisión,S/D,"Horizontal,Vertical",Cordón divisorio,Sin restricción
2018,4918,2018-04-18,Miercoles,0,09:30:00,,0.0,2,"Moto/Ciclomotor,Automóvil",Albert Sabin Y J.J.Paso,2,1,0,0,1,0,0,"-32.919541, -60.689125",Avenida,,ROSARIO,Rosario,"Asfalto,Hormigón",No existe,II,Dentro,Urbana,Semáforo,Funciona,Recta,Bueno,Buena,Diurna,Buen Tiempo,Lateral,S/D,Colisión,Ninguna,"Horizontal,Vertical","Cordón divisorio,Vegetación,Línea divisoria pintada",Sin restricción
2018,4919,2018-04-24,Martes,0,11:20:00,,0.0,2,"Automóvil,Moto/Ciclomotor",San Juan Y Ricchieri,2,1,0,0,1,0,0,"-32.947144009362, -60.664158190136",Calle,,ROSARIO,Rosario,Asfalto,No existe,II,Dentro,Urbana,Ninguna,No existe,Intersección,Bueno,Buena,Diurna,Buen Tiempo,Lateral,S/D,Colisión,Ninguna,Faltante,Ninguna,Sin restricción
2018,4920,2018-04-16,Lunes,0,08:30:00,,0.0,2,"Automóvil,Moto/Ciclomotor",3 De Febrero Y Ricchieri,2,0,1,0,1,0,0,"-32.948361111111,-60.664444444444",Calle,,ROSARIO,Rosario,Asfalto,No existe,II,Dentro,Urbana,Ninguna,No existe,Recta,Bueno,Buena,Diurna,Buen Tiempo,De alcance,S/D,Colisión,Ninguna,S/D,Ninguna,Sin restricción
2018,4921,2018-04-09,Lunes,0,18:20:00,,0.0,2,"Moto/Ciclomotor,Automóvil",J.J.Paso Y Formosa Bis,2,0,1,0,1,0,0,"-32.919626, -60.691613",Calle,,ROSARIO,Rosario,Asfalto,No existe,II,Dentro,Urbana,Paso Peatonal,No existe,Intersección,Con baches,Reducida,Diurna,Buen Tiempo,Otro,S/D,Colisión,Otro,Horizontal,Línea divisoria pintada,Sin restricción
2018,4922,2018-04-15,Domingo,0,19:20:00,,0.0,2,"Automóvil,Moto/Ciclomotor",Mendoza 2770,3,1,0,0,2,0,0,"-32.947444444444,-60.662333333333",S/D,,ROSARIO,Rosario,Asfalto,No existe,II,S/D,S/D,Ninguna,No existe,Recta,Bueno,Buena,Atardecer,Buen Tiempo,De alcance,S/D,Colisión,Ninguna,Horizontal,Ninguna,Sin restricción
2018,4923,2018-04-06,Viernes,0,00:15:00,,0.0,2,"Automóvil,Automóvil",Av. Sorrento Y Av. Provincias Unidas,5,5,0,0,0,0,0,"-32.908024, -60.713875",Avenida,,ROSARIO,Rosario,Asfalto,No existe,II,Dentro,Urbana,Ninguna,No existe,Rotonda,Bueno,Buena,"Nocturna,Con luz artificial",S/D,S/D,S/D,Colisión,Ninguna,Faltante,Ninguna,Sin restricción
2018,4924,2018-04-13,Viernes,0,13:25:00,,0.0,2,"Moto/Ciclomotor,Moto/Ciclomotor",Barra Y La Republica,2,2,0,0,0,0,0,"-32.918467, -60.708015",Calle,,ROSARIO,Rosario,Asfalto,No existe,II,Dentro,Urbana,Ninguna,No existe,Recta,Bueno,Buena,Diurna,Buen Tiempo,Lateral,S/D,Colisión,Ninguna,Faltante,Ninguna,Sin restricción
2018,4925,2018-04-29,Domingo,0,06:40:00,,0.0,2,"Automóvil,Moto/Ciclomotor",J.B.Cordiviola Y Av. Provincias Unidas,5,1,0,0,4,0,0,"-32.914969, -60.713926",Avenida,,ROSARIO,Rosario,Asfalto,No existe,II,Dentro,Urbana,Señal Pare,No existe,Intersección,Bueno,Buena,Amanecer,Buen Tiempo,Lateral,S/D,Colisión,Ninguna,Vertical,Cordón divisorio,Sin restricción
2018,4926,2018-04-22,Domingo,0,02:00:00,,0.0,2,"Automóvil,Moto/Ciclomotor",Av. Genova Y Av. Provincias Unidas,3,2,0,0,1,0,0,"-32.916064, -60.713907",Avenida,,ROSARIO,Rosario,Asfalto,No existe,II,Dentro,Urbana,Semáforo,Intermitente,Intersección,Bueno,Buena,Nocturna,S/D,S/D,S/D,Colisión,Ninguna,Vertical,"Cordón divisorio,Vegetación",S/D
2018,4927,2018-04-16,Lunes,0,05:00:00,,0.0,4,"Automóvil,Automóvil,Automóvil,Automóvil",Santa Fe Y Callao,4,0,0,0,2,0,2,"-32.941138888889,-60.65975",Calle,,VILLA GOBERNADOR GÁLVEZ,Rosario,Asfalto,No existe,II,Dentro,Urbana,Ninguna,No existe,Intersección,Bueno,Buena,"Amanecer,Con luz artificial",Buen Tiempo,De alcance,S/D,Colisión,Ninguna,Vertical,Ninguna,Sin restricción
2018,4928,2018-04-30,Lunes,0,20:50:00,,0.0,2,"Automóvil,Bicicleta",Montevideo 715,2,1,0,0,1,0,0,"-32.957055555556,-60.635388888889",Calle,,ROSARIO,Rosario,Asfalto,No existe,II,S/D,Urbana,S/D,S/D,Recta,S/D,S/D,Nocturna,S/D,S/D,Ciclista,Atropello,S/D,S/D,S/D,Sin restricción
2018,4929,2018-04-30,Lunes,0,20:50:00,,0.0,2,"Automóvil,Automóvil",Balcarce Y Catamarca,3,2,0,0,1,0,0,"-32.938138888889,-60.650472222222",Calle,,ROSARIO,Rosario,Asfalto,No existe,II,S/D,Urbana,Señal Pare,S/D,Intersección,S/D,Buena,Nocturna,S/D,S/D,S/D,Colisión,Agua,S/D,Ninguna,S/D
2018,4930,2018-04-30,Lunes,0,01:30:00,,0.0,2,"Moto/Ciclomotor,Otros",Santa Fe Y Mitre,2,1,0,0,0,0,1,"-32.944833333333,-60.639222222222",Calle,,ROSARIO,Rosario,Asfalto,No existe,II,S/D,Urbana,S/D,S/D,Intersección,S/D,S/D,Nocturna,S/D,S/D,S/D,Colisión,S/D,S/D,S/D,S/D
2018,4931,2018-04-29,Domingo,0,04:30:00,,0.0,2,"Taxi/Remis,Automóvil",Balcarce Y San Luis,3,2,0,0,0,0,1,"-32.946555555556,-60.652611111111",Calle,,ROSARIO,Rosario,Asfalto,No existe,II,S/D,Urbana,S/D,S/D,Intersección,S/D,Buena,Nocturna,S/D,S/D,S/D,Colisión,S/D,S/D,S/D,S/D
2018,4932,2018-04-28,Sabado,0,22:20:00,,0.0,2,"Moto/Ciclomotor,Automóvil",Av. Pellegrini Y Av. Belgrano,3,2,0,0,1,0,0,"-32.960806043608, -60.621100511269",Avenida,,ROSARIO,Rosario,Asfalto,No existe,II,S/D,Urbana,S/D,No existe,Intersección,Bueno,S/D,Nocturna,S/D,S/D,S/D,Colisión,S/D,S/D,S/D,S/D
2018,4933,2018-02-11,Domingo,0,,,0.0,2,"Moto/Ciclomotor,Automóvil",25 de Mayo Y Nicasio Oro?o,2,0,1,0,1,0,0,"-30.579444444444,-59.926888888889",Calle,,SAN JAVIER,San Javier,S/D,S/D,XIV,S/D,Urbana,S/D,S/D,S/D,S/D,S/D,S/D,S/D,S/D,S/D,Colisión,S/D,S/D,S/D,S/D
2018,4934,2018-02-11,Domingo,0,,,0.0,2,"Bicicleta,Moto/Ciclomotor", ,3,0,1,0,0,0,2,"-32.82143, -61.39505",S/D,,CAÑADA DE GÓMEZ,Iriondo,S/D,S/D,X,S/D,S/D,S/D,S/D,S/D,S/D,S/D,S/D,S/D,S/D,Ciclista,Atropello,S/D,S/D,S/D,S/D
2018,4935,2018-02-11,Domingo,0,19:00:00,,0.0,2,"Moto/Ciclomotor,Automóvil",Av. Belgrano Y L.N.Alem,4,0,1,0,3,0,0,"-32.949305555556,-60.628611111111",Calle,,ROSARIO,Rosario,S/D,S/D,II,S/D,Urbana,S/D,S/D,S/D,S/D,S/D,S/D,S/D,S/D,S/D,Colisión,S/D,S/D,S/D,S/D
2018,4936,2018-02-25,Domingo,0,21:25:00,,0.0,2,"Automóvil,Moto/Ciclomotor",Bv. Avellaneda Y La Paz,2,1,0,0,1,0,0,"-32.956777777778,-60.683722222222",Avenida,,ROSARIO,Rosario,Asfalto,No existe,II,Dentro,Urbana,S/D,S/D,Intersección,S/D,S/D,Nocturna,S/D,Lateral,S/D,Colisión,S/D,S/D,S/D,S/D
2018,4937,2018-02-11,Domingo,0,,,0.0,2,"Automóvil,Moto/Ciclomotor",Cordoba Y Pres Domingo Faustino Sarmient,2,1,0,0,1,0,0,"-31.66362, -60.76773",Calle,,SANTO TOMÉ,La Capital,S/D,S/D,I,S/D,Urbana,S/D,S/D,S/D,S/D,S/D,S/D,S/D,S/D,S/D,Colisión,S/D,S/D,S/D,S/D
2018,4938,2018-02-12,Lunes,0,05:20:00,,0.0,1,Moto/Ciclomotor,Av. Provincias Unidas 700,2,2,0,0,0,0,0,"-32.935722222222,-60.712944444444",Avenida,,ROSARIO,Rosario,S/D,S/D,II,S/D,Urbana,S/D,S/D,S/D,S/D,S/D,S/D,S/D,Contra objeto fijo,S/D,Colisión,S/D,S/D,S/D,S/D
2018,4939,2018-02-26,Lunes,0,10:30:00,,0.0,2,"Automóvil,Moto/Ciclomotor",Bv. Segui 3200,2,1,0,0,1,0,0,"-32.973944444444,-60.675111111111",Avenida,,ROSARIO,Rosario,Asfalto,No existe,II,Dentro,Urbana,S/D,S/D,Recta,S/D,S/D,S/D,S/D,Lateral,S/D,Colisión,S/D,S/D,S/D,S/D
2018,4940,2018-02-12,Lunes,0,,,0.0,1,Moto/Ciclomotor, ,1,1,0,0,0,0,0,"-31.7562, -61.1003",S/D,,SAN CARLOS SUR,Las Colonias,S/D,S/D,XI,S/D,S/D,S/D,S/D,S/D,S/D,S/D,S/D,S/D,Atropello animal,S/D,"Vuelco,Atropello",S/D,S/D,S/D,S/D
2018,4941,2018-08-25,Sabado,0,07:55:00,,0.0,2,"Automóvil,Moto/Ciclomotor",Urquiza Y Dorrego,2,1,0,0,1,0,0,"-32.747722222222,-60.737333333333",Calle,,SAN LORENZO,San Lorenzo,S/D,S/D,XVII,S/D,Urbana,S/D,S/D,S/D,S/D,S/D,S/D,S/D,S/D,S/D,Colisión,S/D,Vertical,S/D,S/D