anio_acci,nro_acci,fecha,desc_dia,fecha_aprox,hora_aprox,desc_ruta,km,cant_participantes,desc_participante,calle_avenida_km,total,heridos_leves,heridos_graves,heridos_gravisimos,ilesos,fallecidos,sin_datos,posicion_XY,desc_tipo_via,desc_ruta_ori,desc_loc,desc_dpto,desc_tipo_calzada,desc_tipo_banquina,desc_unidad_regional,desc_lugar_calzada,desc_zona,desc_prioridad,desc_estado_semaforo,desc_lugar_via,desc_estado_via,desc_estado_visibilidad,desc_luminosidad,desc_estado_clima,desc_tipo_colision,desc_tipo_atropello,desc_tipo_hecho,desc_pres_calzada,desc_senializacion,desc_separacion_via,desc_restriccion
2018,4942,2018-02-26,Lunes,0,,,0.0,2,"Moto/Ciclomotor,Bicicleta",Santa Fe Y Lopez y Planes,2,2,0,0,0,0,0,"-28.484361111111,-59.37125",Calle,,VILLA OCAMPO,General Obligado,S/D,No existe,IX,Dentro,Urbana,S/D,S/D,Intersección,S/D,S/D,S/D,S/D,S/D,Ciclista,Atropello,S/D,S/D,S/D,S/D
2018,4943,2018-02-12,Lunes,0,06:50:00,Ruta Nacional 11,0.0,1,Automóvil, ,1,1,0,0,0,0,0,"-32.23371, -60.98285",Ruta,11,BARRANCAS,San Jerónimo,S/D,S/D,XV,S/D,Urbana,S/D,S/D,S/D,S/D,S/D,S/D,S/D,S/D,S/D,"Vuelco,Despiste",S/D,S/D,S/D,S/D
2018,4944,2018-02-27,Martes,0,19:00:00,,0.0,1,Vehículo Oficial, ,1,1,0,0,0,0,0,"-33.10949, -60.79587",Calle,,PIÑERO,Rosario,S/D,S/D,II,S/D,Urbana,S/D,S/D,Recta,S/D,S/D,Atardecer,S/D,S/D,S/D,"Caída ocupante,Despiste",S/D,S/D,S/D,S/D
2018,4945,2018-08-26,Domingo,0,07:20:00,,0.0,1,Automóvil,Av San Martin Y Catamarca,2,1,0,0,1,0,0,"-32.754944444444,-60.734277777778",Calle,,SAN LORENZO,San Lorenzo,S/D,S/D,XVII,S/D,Urbana,S/D,S/D,Otro,S/D,S/D,S/D,S/D,S/D,S/D,S/D,S/D,S/D,S/D,S/D
2018,4946,2018-08-21,Martes,0,19:10:00,,0.0,2,"Automóvil,Moto/Ciclomotor",Calle 24 Y Avenida 17,3,2,0,0,1,0,0,"-32.67976, -61.5153",Calle,,LAS PAREJAS,Belgrano,Asfalto,Natural,III,Dentro,Urbana,Ninguna,No existe,Intersección,Bueno,Buena,Atardecer,Buen Tiempo,Lateral,S/D,Colisión,Ninguna,Faltante,Ninguna,Sin restricción
2018,4947,2018-02-27,Martes,0,16:55:00,,0.0,2,"Moto/Ciclomotor,Camión",Av. Francia 1780,2,1,0,0,1,0,0,"-32.969555555556,-60.672722222222",Avenida,,ROSARIO,Rosario,Asfalto,No existe,II,Dentro,Urbana,S/D,S/D,Recta,S/D,S/D,Diurna,S/D,Lateral,S/D,Colisión,S/D,S/D,S/D,S/D
2018,4948,2018-02-13,Martes,0,15:55:00,,0.0,3,"Automóvil,Automóvil,Automóvil",Albert Sabin Y Bv. Avellaneda,3,1,0,0,1,0,1,"-32.928833333333,-60.676694444444",Calle,,ROSARIO,Rosario,S/D,S/D,II,S/D,Urbana,S/D,S/D,S/D,S/D,S/D,S/D,S/D,Múltiple,S/D,Colisión,S/D,S/D,S/D,S/D
2018,4949,2018-08-29,Miercoles,0,,,0.0,2,"Automóvil,Moto/Ciclomotor",Jose Marquez Y C Pelegrini,4,1,0,0,3,0,0,"-32.766527777778,-60.735222222222",Calle,,SAN LORENZO,San Lorenzo,S/D,S/D,XVII,S/D,Urbana,S/D,S/D,S/D,S/D,S/D,S/D,S/D,S/D,S/D,S/D,S/D,S/D,S/D,S/D
2018,4950,2018-02-14,Miercoles,0,,,0.0,2,"Automóvil,Bicicleta", ,2,1,0,0,1,0,0,"-33.04452, -61.16502",S/D,,CASILDA,Caseros,S/D,S/D,IV,S/D,S/D,S/D,S/D,S/D,S/D,S/D,S/D,S/D,S/D,Ciclista,Atropello,S/D,S/D,S/D,S/D
2018,4951,2018-05-02,Miercoles,0,09:20:00,,0.0,2,"Bicicleta,Automóvil",Domingo Sarmiento Y Almafuerte,2,1,0,0,1,0,0,"-31.73222, -61.09563",Calle,,SAN CARLOS CENTRO,Las Colonias,Asfalto,No existe,XI,Dentro,Urbana,Ninguna,No existe,Intersección,Bueno,Buena,Diurna,Lluvia,Lateral,Ciclista,Atropello,Ninguna,S/D,S/D,Sin restricción
2018,4952,2018-08-29,Miercoles,0,18:00:00,,0.0,2,"Automóvil,Moto/Ciclomotor",Av San Martin Y Santiago del Estero,2,1,0,0,1,0,0,"-32.741333333333,-60.733972222222",Calle,,SAN LORENZO,San Lorenzo,S/D,S/D,XVII,S/D,Urbana,S/D,S/D,S/D,S/D,S/D,S/D,S/D,S/D,S/D,Colisión,S/D,S/D,S/D,S/D
2018,4953,2018-08-25,Sabado,0,18:00:00,Ruta Nacional 178,0.0,2,"Automóvil,Automóvil",CALLE 10 200,5,1,0,0,4,0,0,"-32.6887, -61.52312",Ruta,178,LAS PAREJAS,Belgrano,Asfalto,No existe,III,Fuera,Urbana,Ninguna,No existe,Otro,Bueno,Buena,Diurna,Buen Tiempo,S/D,Peatón,Atropello,Ninguna,Vertical,Ninguna,Sin restricción
2018,4954,2018-05-08,Martes,0,21:30:00,,0.0,2,"Pickup/Utilitario,Pickup/Utilitario",Mendoza Y San Martin,4,1,0,0,3,0,0,"-31.746, -61.09761",Calle,,SAN CARLOS CENTRO,Las Colonias,Asfalto,No existe,XI,Dentro,Urbana,Ninguna,No existe,Intersección,Bueno,Buena,"Nocturna,Con luz artificial",Buen Tiempo,"Frontal,Lateral",S/D,Colisión,Ninguna,S/D,Ninguna,Sin restricción
2018,4955,2018-02-04,Domingo,0,,Ruta Secundaria 2-s,10.0,2,"Automóvil,Camión",10 KM AL ESTE DE LA RUTA ,2,1,0,0,1,0,0,"-30.50453, -60.82191",Ruta,2-s,VILLA SARALEGUI,San Cristóbal,S/D,S/D,XIII,S/D,S/D,S/D,S/D,S/D,S/D,S/D,S/D,S/D,S/D,S/D,Colisión,S/D,S/D,S/D,S/D
2018,4956,2018-08-29,Miercoles,0,20:35:00,,0.0,2,"Moto/Ciclomotor,Moto/Ciclomotor",Bv Oro?o Y C Escalada,2,2,0,0,0,0,0,"-32.73325,-60.746388888889",Calle,,SAN LORENZO,San Lorenzo,S/D,S/D,XVII,S/D,Urbana,S/D,S/D,Intersección,S/D,S/D,S/D,S/D,S/D,S/D,Colisión,S/D,S/D,S/D,S/D
2018,4957,2018-08-17,Viernes,0,11:50:00,,0.0,2,"Camión Chasis,Moto/Ciclomotor",Guillermo Benitez Y Paso de los Andes,2,1,0,0,1,0,0,"-32.473833333333,-61.57975",Calle,,LAS ROSAS,Belgrano,Asfalto,No existe,III,Dentro,Urbana,Ninguna,No existe,Recta,Bueno,Buena,Diurna,Buen Tiempo,Contra objeto fijo,S/D,Colisión,Ninguna,Faltante,Ninguna,Sin restricción
2018,4958,2018-05-11,Viernes,0,15:00:00,,0.0,2,"Pickup/Utilitario,Bicicleta",Mariano Moreno Y Islas Malvinas,2,1,0,0,1,0,0,"-31.73223, -61.08995",Calle,,SAN CARLOS CENTRO,Las Colonias,Asfalto,No existe,XI,S/D,Urbana,Ninguna,No existe,Intersección,Bueno,Buena,Atardecer,Buen Tiempo,Frontal,Ciclista,Atropello,Ninguna,S/D,Ninguna,Sin restricción
2018,4959,2018-02-04,Domingo,0,19:00:00,,0.0,2,"Automóvil,Moto/Ciclomotor",Pellegrini Y Bv. Balcarce,2,1,0,0,1,0,0,"-32.820916666667,-61.399833333333",Calle,,CAÑADA DE GÓMEZ,Iriondo,S/D,S/D,X,S/D,Urbana,S/D,S/D,S/D,S/D,S/D,S/D,S/D,S/D,S/D,Colisión,S/D,S/D,S/D,S/D
2018,4960,2018-05-11,Viernes,0,16:00:00,,0.0,2,"Automóvil,Moto/Ciclomotor",San Martin Y San Lorenzo,2,1,0,0,1,0,0,"-31.73634, -61.09518",Calle,,SAN CARLOS CENTRO,Las Colonias,Asfalto,No existe,XI,Dentro,Urbana,Ninguna,Funciona,Recta,Bueno,Buena,Atardecer,Buen Tiempo,De alcance,S/D,Colisión,Ninguna,S/D,Ninguna,Sin restricción
2018,4961,2018-08-07,Martes,0,22:20:00,,0.0,2,"Moto/Ciclomotor,Automóvil",Av Gral Lopez Y M Moreno,2,1,0,0,1,0,0,"-32.752388888889,-60.735333333333",Avenida,,CAPITÁN BERMÚDEZ,San Lorenzo,Asfalto,S/D,XVII,Dentro,Urbana,S/D,S/D,Intersección,Bueno,Buena,Diurna,Buen Tiempo,S/D,S/D,Colisión,S/D,S/D,S/D,S/D
2018,4962,2018-08-12,Domingo,0,02:15:00,,0.0,1,Moto/Ciclomotor,Paso de los Andes Y Cerrito,1,1,0,0,0,0,0,"-32.480583333333,-61.581555555556",Calle,,LAS ROSAS,Belgrano,Hormigón,No existe,III,Dentro,Urbana,Ninguna,No existe,Recta,Bueno,Buena,Nocturna,Buen Tiempo,Contra objeto fijo,S/D,Colisión,"Material Suelto,Fluidos",Faltante,Ninguna,Sin restricción
2018,4963,2018-02-05,Lunes,0,11:00:00,,0.0,2,"Peatón,Moto/Ciclomotor",Jose Aufranc Y Av Dr Luis Chapuis,2,0,1,0,0,0,1,"-33.731611111111,-61.979583333333",Calle,,VENADO TUERTO,General López,S/D,S/D,VIII,S/D,Urbana,S/D,S/D,S/D,S/D,S/D,S/D,S/D,S/D,Peatón,Atropello,S/D,S/D,S/D,S/D
2018,4964,2018-08-11,Sabado,0,18:00:00,,0.0,2,"Moto/Ciclomotor,Automóvil",Constitucion Y Corrientes,3,0,1,0,2,0,0,"-32.480638888889,-61.572138888889",Calle,,LAS ROSAS,Belgrano,Hormigón,No existe,III,Dentro,Urbana,Ninguna,No existe,Intersección,Bueno,Buena,Diurna,Buen Tiempo,Lateral,S/D,Colisión,Material Suelto,Faltante,Ninguna,Sin restricción
2018,4966,2018-02-07,Miercoles,0,,,0.0,1,Moto/Ciclomotor,Av San Martin Y Dr Ghio,1,1,0,0,0,0,0,"-32.749666666667,-60.734138888889",Calle,,SAN LORENZO,San Lorenzo,S/D,S/D,XVII,S/D,Urbana,S/D,S/D,S/D,S/D,S/D,S/D,S/D,S/D,S/D,Vuelco,S/D,S/D,S/D,S/D
2018,4967,2018-02-07,Miercoles,0,17:00:00,,0.0,2,"Moto/Ciclomotor,Automóvil",Calle 22- 25 de Mayo Y Calle 33-Pueyrredon,2,1,0,0,1,0,0,"-29.153638888889,-59.649916666667",Calle,,RECONQUISTA,General Obligado,S/D,S/D,IX,S/D,Urbana,S/D,S/D,S/D,S/D,S/D,S/D,S/D,S/D,S/D,Colisión,S/D,S/D,S/D,S/D
2018,4968,2018-05-25,Viernes,0,12:40:00,,0.0,2,"Automóvil,Moto/Ciclomotor",San Lorenzo Y Rivadavia,2,1,0,0,1,0,0,"-31.736850, -61.092575",Calle,,SAN CARLOS CENTRO,Las Colonias,Asfalto,No existe,XI,Dentro,Urbana,Ninguna,No existe,Intersección,Bueno,Buena,Diurna,Buen Tiempo,Frontal,S/D,Colisión,Ninguna,S/D,Ninguna,Sin restricción
2018,4969,2018-08-09,Jueves,0,11:45:00,,0.0,2,"Pickup/Utilitario,Moto/Ciclomotor",Avenida 21 Y Calle 30,3,2,0,0,1,0,0,"-32.67636, -61.51299",Avenida,,LAS PAREJAS,Belgrano,Asfalto,Natural,III,Dentro,Urbana,Ninguna,No existe,Recta,Deteriorada,Buena,Diurna,Buen Tiempo,Lateral,S/D,Colisión,Ninguna,Faltante,Ninguna,Sin restricción
2018,4971,2018-05-23,Miercoles,0,,,0.0,2,"Camión c / Acoplado,Moto/Ciclomotor",Calle s/n ,2,1,0,0,1,0,0,"-31.5592, -61.0822",Camino Rural,,SAN JERÓNIMO NORTE,Las Colonias,Ripio,Natural,XI,Dentro,Rural,Ninguna,No existe,Intersección,Bueno,Reducida,Nocturna,Buen Tiempo,Frontal,S/D,Colisión,Ninguna,Faltante,Ninguna,Sin restricción
2018,4972,2018-02-09,Viernes,0,10:30:00,,0.0,2,"Automóvil,Moto/Ciclomotor",Almirante Brown Y Berutti,2,1,0,0,1,0,0,"-31.447555555556,-60.924305555556",Calle,,ESPERANZA,Las Colonias,S/D,S/D,XI,S/D,Urbana,S/D,S/D,S/D,S/D,S/D,S/D,S/D,S/D,S/D,Colisión,S/D,S/D,S/D,S/D
2018,4973,2018-02-08,Jueves,0,12:30:00,,0.0,2,"Automóvil,Moto/Ciclomotor",Balcarce Y General Paz,2,1,0,0,1,0,0,"-31.457555555556,-60.936027777778",Calle,,ESPERANZA,Las Colonias,S/D,S/D,XI,S/D,Urbana,S/D,S/D,S/D,S/D,S/D,S/D,S/D,S/D,S/D,Colisión,S/D,S/D,S/D,S/D
2018,4974,2018-08-02,Jueves,0,19:00:00,,0.0,1,Automóvil,ACCESO SUR ,1,1,0,0,0,0,0,"-32.47538, -61.57635",S/D,,LAS ROSAS,Belgrano,Asfalto,Natural,III,Fuera,Urbana,Marca Vial,No existe,Curva,Bueno,Buena,"Atardecer,Con luz artificial",Buen Tiempo,Contra objeto fijo,S/D,Despiste,Ninguna,Horizontal,Línea divisoria pintada,Sin restricción
2018,4976,2018-05-28,Lunes,0,19:00:00,,0.0,2,"Automóvil,Moto/Ciclomotor",Fray Mamerto Esquiu Y Domingo Faustino Sarmineto,2,0,1,0,1,0,0,"-31.546340, -61.076570",Calle,,SAN JERÓNIMO NORTE,Las Colonias,Hormigón,S/D,XI,Dentro,Urbana,Ninguna,No existe,Intersección,Bueno,Buena,Atardecer,Buen Tiempo,Frontal,S/D,Colisión,Ninguna,Vertical,S/D,Sin restricción
2018,4978,2018-08-02,Jueves,0,14:00:00,,0.0,2,"Automóvil,Moto/Ciclomotor",San Lorenzo Y Guillermo Benitez,3,2,0,0,1,0,0,"-32.474361111111,-61.577083333333",Calle,,LAS ROSAS,Belgrano,Hormigón,No existe,III,Dentro,Urbana,Ninguna,No existe,Intersección,Bueno,Buena,Diurna,Buen Tiempo,Lateral,S/D,Colisión,S/D,S/D,Ninguna,Sin restricción
2018,4979,2018-02-09,Viernes,0,12:30:00,,0.0,2,"Automóvil,Moto/Ciclomotor",San Martin Y Ituzaingo,3,2,0,0,1,0,0,"-32.813,-61.3965",Calle,,CAÑADA DE GÓMEZ,Iriondo,S/D,S/D,X,S/D,Urbana,S/D,S/D,S/D,S/D,S/D,S/D,S/D,S/D,S/D,Colisión,S/D,S/D,S/D,S/D
2018,4980,2018-08-29,Miercoles,0,19:20:00,,0.0,2,"Automóvil,Moto/Ciclomotor",Florida Y Rioja,2,1,0,0,1,0,0,"-32.826083333333,-60.719166666667",Calle,,CAPITÁN BERMÚDEZ,San Lorenzo,Asfalto,S/D,XVII,Dentro,Urbana,S/D,S/D,Intersección,Bueno,Buena,Diurna,Buen Tiempo,S/D,S/D,Colisión,S/D,S/D,S/D,Sin restricción
2018,4981,2018-02-11,Domingo,0,,Autopista Nacional Gral. Juan Jose Valle,0.0,2,"Automóvil,Automóvil", ,5,3,0,0,2,0,0,"-33.02313, -60.66406",Autopista,Gral. Juan José Valle,VILLA GOBERNADOR GÁLVEZ,Rosario,S/D,S/D,II,S/D,Urbana,S/D,S/D,S/D,S/D,S/D,S/D,S/D,S/D,S/D,Colisión,S/D,S/D,S/D,S/D
2018,4983,2018-08-20,Lunes,0,13:00:00,Ruta Nacional 178,0.0,1,Automóvil,AUTOPISTA ROSARIO CORDOBA  377KM,2,1,0,0,1,0,0,"-32.81833, -61.55434",Ruta,178,ARMSTRONG,Belgrano,Asfalto,No existe,III,Dentro,Rural,Ninguna,No existe,Intersección,Bueno,Buena,Diurna,Buen Tiempo,S/D,S/D,Vuelco,Ninguna,"Horizontal,Vertical",Ninguna,Sin restricción
2018,4984,2018-08-18,Sabado,0,,,0.0,2,"Automóvil,Moto/Ciclomotor",25 de Mayo Y Sarmiento,3,1,0,0,2,0,0,"-32.860552515267, -61.138843182252",Calle,,CARCARAÑÁ,San Lorenzo,Asfalto,No existe,XVII,S/D,Urbana,S/D,No existe,Intersección,Bueno,Buena,Nocturna,S/D,S/D,S/D,S/D,S/D,S/D,S/D,S/D
2018,4985,2018-08-31,Viernes,0,06:15:00,Autopista Nacional Rosario -Cordoba,382.0,2,"Camión c / Semirremolque,Camión c / Acoplado", ,2,1,0,0,1,0,0,"-32.77311, -61.61129",Autopista,Rosario -Córdoba,ARMSTRONG,Belgrano,Asfalto,Pavimento,III,S/D,Rural,Otra Señal,No existe,Recta,Bueno,Reducida,Nocturna,Buen Tiempo,De alcance,S/D,Colisión,Ninguna,S/D,Línea divisoria pintada,Sin restricción
2018,4989,2018-07-16,Lunes,0,11:15:00,,0.0,2,"Peatón,Moto/Ciclomotor",Bv. Avellaneda 2300,2,1,0,0,1,0,0,"-32.956747592079, -60.683683769911",Avenida,,ROSARIO,Rosario,Asfalto,No existe,II,Dentro,Urbana,Paso Peatonal,No existe,Recta,Bueno,Buena,Diurna,Buen Tiempo,S/D,Peatón,Atropello,Ninguna,Horizontal,Cordón divisorio,Sin restricción
2018,4990,2018-04-22,Domingo,0,07:55:00,,0.0,1,Automóvil,Av. Eudoro Carrasco 3600,2,1,0,0,1,0,0,"-32.881300, -60.687950",Avenida,,ROSARIO,Rosario,Asfalto,No existe,II,Dentro,Urbana,Paso Peatonal,No existe,Recta,Bueno,Buena,Amanecer,Buen Tiempo,Contra objeto fijo,S/D,Colisión,Ninguna,"Horizontal,Vertical",Línea divisoria pintada,Sin restricción
2018,4991,2018-07-21,Sabado,0,09:10:00,,0.0,2,"Automóvil,Automóvil",Pasco Y Cafferata,2,1,0,0,1,0,0,"-32.953694366369, -60.674248506249",Calle,,ROSARIO,Rosario,Asfalto,No existe,II,Dentro,Urbana,Ninguna,No existe,Intersección,Bueno,Buena,Diurna,Buen Tiempo,Lateral,S/D,Colisión,Ninguna,Faltante,Ninguna,Sin restricción
2018,4992,2018-04-28,Sabado,0,09:10:00,,0.0,1,Automóvil,Lugones ,1,0,1,0,0,0,0,"-32.875853, -60.704953",Calle,,ROSARIO,Rosario,Asfalto,No existe,II,Dentro,Urbana,Otra Señal,No existe,Paso a Nivel FFCC,Bueno,Buena,Diurna,Buen Tiempo,De alcance,S/D,Colisión,Ninguna,Vertical,Barrera de hormigón,Sin restricción
2018,4993,2018-04-28,Sabado,0,14:10:00,,0.0,2,"Pickup/Utilitario,Automóvil",Martin Fierro 300,3,1,0,0,2,0,0,"-32.876566, -60.690673",Calle,,ROSARIO,Rosario,Asfalto,No existe,II,Dentro,Urbana,Otra Señal,No existe,Recta,Bueno,Buena,Diurna,Buen Tiempo,Lateral,S/D,Colisión,Ninguna,Horizontal,Ninguna,Sin restricción
2018,4994,2018-04-13,Viernes,0,17:20:00,,0.0,2,"Moto/Ciclomotor,Automóvil",Montevideo Y Vera Mujica,2,0,1,0,1,0,0,"-32.950992779328, -60.669376404423",Calle,,ROSARIO,Rosario,Asfalto,No existe,II,Dentro,Urbana,Ninguna,No existe,Intersección,Bueno,Buena,Diurna,Buen Tiempo,De alcance,S/D,Colisión,Ninguna,Faltante,Ninguna,Sin restricción
2018,4995,2018-07-25,Miercoles,0,17:15:00,,0.0,2,"Moto/Ciclomotor,Moto/Ciclomotor",Bv. Avellaneda Y Cochabamba,2,1,0,0,1,0,0,"-32.951119445714, -60.682230760278",Avenida,,ROSARIO,Rosario,Asfalto,No existe,II,Dentro,Urbana,Paso Peatonal,No existe,Intersección,Resbaladiza,Buena,Diurna,Lluvia,De alcance,S/D,Colisión,Otro,Horizontal,Cordón divisorio,Sin restricción
2018,4996,2018-04-12,Jueves,0,12:10:00,,0.0,2,"Bicicleta,Automóvil",P.Araoz Y Valentin Gomez,4,2,0,0,2,0,0,"-32.889932, -60.698763",Calle,,ROSARIO,Rosario,Asfalto,No existe,II,Dentro,Urbana,Señal Pare,No existe,Intersección,Bueno,Buena,Diurna,Buen Tiempo,S/D,Ciclista,Atropello,Ninguna,Vertical,Ninguna,Sin restricción
2018,4997,2018-07-21,Sabado,0,,,0.0,2,"Automóvil,Moto/Ciclomotor",La Paz Y Fraga,2,1,0,0,1,0,0,"-32.955625556859, -60.709632207574",Calle,,ROSARIO,Rosario,Asfalto,No existe,II,Dentro,Urbana,Ninguna,No existe,Intersección,Bueno,S/D,S/D,Buen Tiempo,Frontal,S/D,Colisión,S/D,Faltante,Ninguna,Sin restricción
2018,4998,2018-04-10,Martes,0,17:20:00,,0.0,2,"Moto/Ciclomotor,Automóvil",Mendoza Y Rio De Janeiro,2,1,0,0,1,0,0,"-32.943972222222,-60.681805555556",Avenida,,ROSARIO,Rosario,Asfalto,No existe,II,Dentro,Urbana,Semáforo,Funciona,Intersección,Bueno,S/D,Diurna,Buen Tiempo,Lateral,S/D,Colisión,Ninguna,Vertical,Ninguna,Sin restricción
2018,4999,2018-04-15,Domingo,0,00:45:00,,0.0,2,"Automóvil,Moto/Ciclomotor",Valentin Gomez 3900,3,2,0,0,1,0,0,"-32.879879, -60.700275",Calle,,ROSARIO,Rosario,Asfalto,No existe,II,Dentro,Urbana,Ninguna,No existe,Intersección,Bueno,Buena,Nocturna,Buen Tiempo,Frontal,S/D,Colisión,Ninguna,Faltante,Ninguna,Sin restricción
2018,5000,2018-07-01,Domingo,1,,,0.0,2,"Automóvil,Moto/Ciclomotor",Viamonte Y Ecuador,3,2,0,0,1,0,0,"-32.956938095574, -60.714295382146",Calle,,ROSARIO,Rosario,Asfalto,No existe,II,Dentro,Urbana,Ninguna,No existe,Intersección,Bueno,S/D,S/D,Buen Tiempo,Frontal,S/D,Colisión,S/D,Faltante,Ninguna,Sin restricción
2018,5001,2018-04-13,Viernes,0,23:00:00,,0.0,2,"Moto/Ciclomotor,Pickup/Utilitario",Bv. Rondeau 2500,2,1,0,0,1,0,0,"-32.889672, -60.693704",Avenida,,ROSARIO,Rosario,Asfalto,No existe,II,Dentro,Urbana,Semáforo,Funciona,Recta,Bueno,Buena,"Nocturna,Con luz artificial",Buen Tiempo,De alcance,S/D,Colisión,Ninguna,Vertical,"Cordón divisorio,Vegetación",Sin restricción
2018,5002,2018-07-15,Domingo,0,,,0.0,2,"Automóvil,Moto/Ciclomotor",Magallanes Y Zuviria,2,1,0,0,1,0,0,"-32.936688422674, -60.704718269808",Calle,,ROSARIO,Rosario,Asfalto,No existe,II,Dentro,Urbana,Ninguna,No existe,Intersección,Bueno,S/D,S/D,Buen Tiempo,Lateral,S/D,Colisión,S/D,Faltante,Ninguna,Sin restricción
2018,5003,2018-04-12,Jueves,0,13:00:00,,0.0,2,"Moto/Ciclomotor,Automóvil",Cafferata Y Cordoba,2,1,0,0,1,0,0,"-32.940555555556,-60.671",Calle,,ROSARIO,Rosario,Asfalto,No existe,II,Dentro,Urbana,Ninguna,Funciona,Intersección,Bueno,Buena,Diurna,Buen Tiempo,Lateral,S/D,Colisión,Ninguna,Vertical,Ninguna,Sin restricción
2018,5004,2018-04-09,Lunes,0,12:40:00,,0.0,2,"Automóvil,Moto/Ciclomotor",Ricardo Nu?ez Y Bv. Rondeau,2,1,0,0,1,0,0,"-32.884661, -60.695213",Calle,,ROSARIO,Rosario,Asfalto,No existe,II,Dentro,Urbana,Semáforo,Funciona,Intersección,Bueno,Buena,Diurna,Buen Tiempo,Frontal,S/D,Colisión,Ninguna,"Horizontal,Vertical","Cordón divisorio,Vegetación",Sin restricción
2018,5005,2018-07-09,Lunes,0,17:05:00,,0.0,1,Moto/Ciclomotor,Roullon Y Dean Funes,2,2,0,0,0,0,0,"-32.967166666667,-60.701194444444",Calle,,ROSARIO,Rosario,Asfalto,No existe,II,Dentro,Urbana,Ninguna,No existe,Intersección,Bueno,Buena,Diurna,Otro,S/D,S/D,Caída ocupante,Ninguna,Faltante,Ninguna,Sin restricción
2018,5006,2018-04-04,Miercoles,0,21:15:00,,0.0,2,"Automóvil,Moto/Ciclomotor",Iriarte Y Martin Fierro,3,2,0,0,1,0,0,"-32.876517, -60.690416",Calle,,ROSARIO,Rosario,Asfalto,No existe,II,Dentro,Urbana,Ninguna,No existe,Intersección,Bueno,Buena,"Nocturna,Con luz artificial",Buen Tiempo,Frontal,S/D,Colisión,Ninguna,Faltante,Ninguna,Sin restricción
2018,5007,2018-07-15,Domingo,0,23:35:00,,0.0,2,"Moto/Ciclomotor,Automóvil",Bv. Segui Y Camilo Aldao,2,1,0,0,1,0,0,"-32.970555555556,-60.694805555556",Avenida,,ROSARIO,Rosario,Asfalto,No existe,II,Dentro,Urbana,Ninguna,No existe,Intersección,Bueno,Buena,Nocturna,Buen Tiempo,Lateral,S/D,Colisión,Ninguna,Faltante,Cordón divisorio,Sin restricción
2018,5008,2018-04-15,Domingo,0,20:40:00,,0.0,1,Moto/Ciclomotor,9 De Julio Y San Nicolas,2,0,2,0,0,0,0,"-32.947694444444,-60.674222222222",Calle,,ROSARIO,Rosario,Asfalto,No existe,II,Dentro,Urbana,Ninguna,No existe,Intersección,Bueno,Buena,Amanecer,Buen Tiempo,S/D,S/D,Caída ocupante,Ninguna,Faltante,Ninguna,Sin restricción
2018,5009,2018-04-02,Lunes,0,21:00:00,,0.0,2,"Moto/Ciclomotor,Transporte de Pasajeros Urbano (> 8 asientos)",San Patricio Y Valentin Gomez,2,1,0,0,1,0,0,"-32.877702, -60.700940",Calle,,ROSARIO,Rosario,Asfalto,No existe,II,Dentro,Urbana,Ninguna,No existe,Intersección,Bueno,Buena,"Nocturna,Con luz artificial",Buen Tiempo,Frontal,S/D,Colisión,Ninguna,Faltante,Ninguna,Sin restricción
2018,5010,2018-07-13,Viernes,0,16:30:00,,0.0,2,"Automóvil,Bicicleta",Bv. Avellaneda Y La Paz,2,1,0,0,1,0,0,"-32.956777777778,-60.683722222222",Avenida,,ROSARIO,Rosario,Asfalto,No existe,II,Dentro,Urbana,Paso Peatonal,No existe,Intersección,S/D,S/D,Diurna,S/D,S/D,Ciclista,Atropello,S/D,Horizontal,Cordón divisorio,S/D
2018,5011,2018-04-25,Miercoles,0,15:35:00,,0.0,2,"Automóvil,Moto/Ciclomotor",Av. Pellegrini Y Crespo,3,1,0,0,2,0,0,"-32.951805555556,-60.670944444444",Avenida,,ROSARIO,Rosario,Asfalto,No existe,II,Dentro,Urbana,Ninguna,No funciona,Recta,Bueno,Buena,Diurna,Buen Tiempo,Contra objeto fijo,S/D,Colisión,Ninguna,Vertical,Ninguna,Sin restricción
2018,5012,2018-04-16,Lunes,0,18:45:00,,0.0,3,"Automóvil,Moto/Ciclomotor,Moto/Ciclomotor",J.C.Paz Y Gurruchaga,4,3,0,0,1,0,0,"-32.904572, -60.686701",Calle,,ROSARIO,Rosario,Asfalto,No existe,II,Dentro,Urbana,Ninguna,No existe,Intersección,Deteriorada,S/D,Diurna,S/D,Múltiple,S/D,Colisión,S/D,Faltante,Ninguna,Sin restricción
2018,5013,2018-07-21,Sabado,0,06:30:00,,0.0,1,Moto/Ciclomotor,Bv. 27 De Febrero Y Bv. Avellaneda,1,0,1,0,0,0,0,"-32.960444444444,-60.684416666667",Avenida,,ROSARIO,Rosario,Asfalto,No existe,II,Dentro,Urbana,Semáforo,Funciona,Intersección,Bueno,Buena,"Nocturna,Con luz artificial",Buen Tiempo,S/D,S/D,Caída ocupante,Ninguna,Vertical,Cordón divisorio,Sin restricción
2018,5014,2018-04-28,Sabado,0,13:30:00,,0.0,2,"Taxi/Remis,Moto/Ciclomotor",Bv. Avellaneda Y E.Zeballos,3,1,0,0,2,0,0,"-32.947638888889,-60.681444444444",Calle,,ROSARIO,Rosario,Asfalto,No existe,II,Dentro,Urbana,Ninguna,No existe,Intersección,Bueno,Buena,Diurna,Buen Tiempo,De alcance,S/D,Colisión,Ninguna,Faltante,Ninguna,Sin restricción