anio_acci,nro_acci,fecha,desc_dia,fecha_aprox,hora_aprox,desc_ruta,km,cant_participantes,desc_participante,calle_avenida_km,total,heridos_leves,heridos_graves,heridos_gravisimos,ilesos,fallecidos,sin_datos,posicion_XY,desc_tipo_via,desc_ruta_ori,desc_loc,desc_dpto,desc_tipo_calzada,desc_tipo_banquina,desc_unidad_regional,desc_lugar_calzada,desc_zona,desc_prioridad,desc_estado_semaforo,desc_lugar_via,desc_estado_via,desc_estado_visibilidad,desc_luminosidad,desc_estado_clima,desc_tipo_colision,desc_tipo_atropello,desc_tipo_hecho,desc_pres_calzada,desc_senializacion,desc_separacion_via,desc_restriccion
2018,5015,2018-07-04,Miercoles,0,12:00:00,,0.0,2,"Automóvil,Moto/Ciclomotor",Cerrito Y Lavalle,2,1,0,0,1,0,0,"-32.95475,-60.681666666667",Calle,,ROSARIO,Rosario,Asfalto,No existe,II,Dentro,Urbana,Señal Ceda el Paso,No existe,Recta,Bueno,Buena,Diurna,Buen Tiempo,Frontal,S/D,Colisión,Ninguna,Vertical,Ninguna,Sin restricción
2018,5016,2018-04-14,Sabado,0,10:45:00,,0.0,2,"Moto/Ciclomotor,Peatón",Darragueira Y Baigorria,2,1,0,0,1,0,0,"-32.892084, -60.695803",Calle,,ROSARIO,Rosario,Asfalto,No existe,II,Dentro,Urbana,Ninguna,No existe,Intersección,Deteriorada,S/D,Diurna,S/D,S/D,Peatón,Atropello,S/D,Faltante,Ninguna,S/D
2018,5017,2018-07-07,Sabado,0,21:15:00,,0.0,2,"Automóvil,Moto/Ciclomotor",Ituzaingo Y Alsina,2,1,0,0,1,0,0,"-32.953861111111,-60.680027777778",Calle,,ROSARIO,Rosario,Asfalto,No existe,II,Dentro,Urbana,Ninguna,No existe,Intersección,Bueno,Buena,Nocturna,Buen Tiempo,Lateral,S/D,Colisión,Ninguna,Faltante,Ninguna,Sin restricción
2018,5018,2018-04-10,Martes,0,12:00:00,,0.0,2,"Moto/Ciclomotor,Peatón",Bv. Rondeau Y Baigorria,2,1,0,0,0,1,0,"-32.891562, -60.693437",Avenida,,ROSARIO,Rosario,Asfalto,No existe,II,Dentro,Urbana,Semáforo,Funciona,Intersección,Bueno,S/D,Diurna,S/D,S/D,Peatón,Atropello,S/D,"Horizontal,Vertical","Cordón divisorio,Vegetación",S/D
2018,5019,2018-07-08,Domingo,0,09:00:00,,0.0,2,"Pickup/Utilitario,Moto/Ciclomotor",Bv. Avellaneda Y Bv. 27 de Febrero Bis,2,1,0,0,1,0,0,"-32.960444444444,-60.684416666667",Avenida,,ROSARIO,Rosario,Asfalto,No existe,II,Dentro,Urbana,Semáforo,Funciona,Recta,Bueno,Buena,Diurna,Buen Tiempo,Frontal,S/D,Colisión,Ninguna,Vertical,Cordón divisorio,Sin restricción
2018,5020,2018-04-11,Miercoles,0,08:45:00,,0.0,2,"Bicicleta,Moto/Ciclomotor",Uriarte Y Av. Casiano Casas,2,2,0,0,0,0,0,"-32.901791, -60.703914",Calle,,ROSARIO,Rosario,Hormigón,No existe,II,Dentro,Urbana,Semáforo,Funciona,Intersección,Bueno,S/D,Diurna,S/D,S/D,Ciclista,Atropello,S/D,"Horizontal,Vertical",Cordón divisorio,S/D
2018,5021,2018-04-01,Domingo,0,11:50:00,,0.0,2,"Moto/Ciclomotor,Automóvil",Laplace Y Blas Parera,3,2,0,0,1,0,0,"-32.902278, -60.701615",Calle,,ROSARIO,Rosario,Asfalto,No existe,II,Dentro,Urbana,Ninguna,No existe,Recta,"Resbaladiza,Deteriorada",Buena,"Nocturna,Con luz artificial",Lluvia,Lateral,S/D,Colisión,Agua,Faltante,Ninguna,Sin restricción
2018,5022,2018-07-11,Miercoles,0,19:45:00,,0.0,2,"Moto/Ciclomotor,Automóvil",Rivarola Y Biancofiori,3,2,0,0,1,0,0,"-32.965833333333,-60.714083333333",Calle,,ROSARIO,Rosario,Asfalto,No existe,II,Dentro,Urbana,Ninguna,No existe,Recta,Bueno,Buena,Nocturna,Buen Tiempo,Frontal,S/D,Colisión,Ninguna,Faltante,Ninguna,Sin restricción
2018,5023,2018-04-26,Jueves,0,19:20:00,,0.0,2,"Automóvil,Taxi/Remis",San Juan Y Carriego,3,2,0,0,1,0,0,"-32.941111111111,-60.689611111111",Calle,,ROSARIO,Rosario,Asfalto,No existe,II,Dentro,Urbana,Semáforo,Funciona,Intersección,Bueno,Buena,Diurna,Buen Tiempo,De alcance,S/D,Colisión,Ninguna,Vertical,Ninguna,Sin restricción
2018,5024,2018-07-16,Lunes,0,00:15:00,,0.0,2,"Moto/Ciclomotor,Automóvil",Rueda Y Iriondo,2,1,0,0,1,0,0,"-32.965388888889,-60.675833333333",Calle,,ROSARIO,Rosario,Asfalto,No existe,II,Dentro,Urbana,Ninguna,No existe,Recta,Bueno,Buena,Nocturna,Buen Tiempo,De alcance,S/D,Colisión,S/D,Faltante,Ninguna,Sin restricción
2018,5025,2018-04-05,Jueves,0,14:50:00,,0.0,2,"Automóvil,Moto/Ciclomotor",Av. Casiano Casas Y Blas Parera,2,0,1,0,1,0,0,"-32.902445, -60.702657",Avenida,,ROSARIO,Rosario,Asfalto,No existe,II,Dentro,Urbana,Ninguna,No existe,Recta,Bueno,Buena,Diurna,Buen Tiempo,Lateral,S/D,Colisión,Ninguna,Faltante,Cordón divisorio,Sin restricción
2018,5026,2018-07-20,Viernes,0,17:50:00,,0.0,2,"Bicicleta,Automóvil",Bv. Avellaneda Y Saavedra,2,1,0,0,1,0,0,"-32.970583333333,-60.687027777778",Avenida,,ROSARIO,Rosario,Asfalto,No existe,II,Dentro,Urbana,Ninguna,No existe,Recta,Bueno,Buena,Diurna,Buen Tiempo,S/D,Ciclista,Atropello,Ninguna,Faltante,Cordón divisorio,Sin restricción
2018,5027,2018-04-09,Lunes,0,15:50:00,,0.0,2,"Bicicleta,Automóvil",Av. Casiano Casas Y Washington,3,1,0,0,2,0,0,"-32.903470, -60.700742",Calle,,ROSARIO,Rosario,Asfalto,No existe,II,Dentro,Urbana,Semáforo,Funciona,Recta,Deteriorada,Buena,Diurna,Buen Tiempo,S/D,Ciclista,Atropello,Ninguna,"Horizontal,Vertical",Cordón divisorio,Sin restricción
2018,5028,2018-07-20,Viernes,0,12:35:00,,0.0,2,"Moto/Ciclomotor,Automóvil",Crespo Y La Paz,2,1,0,0,1,0,0,"-32.958777777778,-60.672722222222",Calle,,ROSARIO,Rosario,Asfalto,No existe,II,Dentro,Urbana,Ninguna,No existe,Recta,Bueno,Buena,Diurna,Buen Tiempo,Frontal,S/D,Colisión,Ninguna,Horizontal,Ninguna,Sin restricción
2018,5029,2018-04-09,Lunes,0,12:45:00,,0.0,2,"Moto/Ciclomotor,Automóvil",Donizetti Y Av. Sorrento,4,0,2,0,2,0,0,"-32.907333, -60.694564",Calle,,ROSARIO,Rosario,Asfalto,No existe,II,Dentro,Urbana,Ninguna,No existe,Intersección,Bueno,Buena,Diurna,Buen Tiempo,Lateral,S/D,Colisión,Ninguna,Vertical,Cordón divisorio,Reparación de Vía
2018,5030,2018-07-20,Viernes,0,17:20:00,,0.0,2,"Automóvil,Pickup/Utilitario",Av. Uriburu 8500,3,1,0,0,2,0,0,"-32.992333333333,-60.731666666667",Avenida,,ROSARIO,Rosario,Asfalto,No existe,II,Dentro,Urbana,Ninguna,No existe,Recta,Bueno,Buena,Diurna,Buen Tiempo,Lateral,S/D,Colisión,Ninguna,Faltante,Cordón divisorio,Sin restricción
2018,5031,2018-07-24,Martes,0,10:30:00,,0.0,2,"Automóvil,Moto/Ciclomotor",Bv. 27 De Febrero Y Liniers,2,1,0,0,1,0,0,"-32.958722222222,-60.697833333333",Avenida,,ROSARIO,Rosario,Asfalto,No existe,II,Dentro,Urbana,Ninguna,No existe,Recta,Bueno,Buena,Diurna,S/D,Lateral,S/D,Colisión,Ninguna,Faltante,Cordón divisorio,S/D
2018,5032,2018-04-07,Sabado,0,05:30:00,,0.0,2,"Automóvil,Taxi/Remis",Av. Luis Carballo Y Bv. Avellaneda,3,1,0,1,0,0,1,"-32.921911, -60.674871",Avenida,,ROSARIO,Rosario,Asfalto,Pavimento,II,Dentro,Urbana,Semáforo,Funciona,Intersección,"Bueno,Resbaladiza",Buena,"Nocturna,Con luz artificial",Lluvia,Contra objeto fijo,S/D,Atropello,Agua,"Horizontal,Vertical",Cordón divisorio,Sin restricción
2018,5033,2018-04-27,Viernes,0,20:30:00,,0.0,2,"Moto/Ciclomotor,Automóvil",Cordoba Y Bv. Oro?o,2,1,0,0,1,0,0,"-32.943666666667,-60.653416666667",Calle,,ROSARIO,Rosario,Asfalto,No existe,II,S/D,Urbana,S/D,S/D,Intersección,S/D,S/D,Nocturna,S/D,S/D,S/D,Colisión,S/D,"Horizontal,Vertical",S/D,S/D
2018,5034,2018-04-26,Jueves,0,14:15:00,,0.0,2,"Moto/Ciclomotor,Automóvil",L.N.Alem Y Pasco,2,1,0,0,1,0,0,"-32.961333333333,-60.631611111111",Calle,,ROSARIO,Rosario,Asfalto,No existe,II,S/D,Urbana,Señal Pare,S/D,Intersección,S/D,S/D,Diurna,S/D,Lateral,S/D,Colisión,S/D,S/D,S/D,S/D
2018,5035,2018-04-25,Miercoles,0,17:50:00,,0.0,2,"Moto/Ciclomotor,Peatón",9 De Julio 345,3,2,0,0,0,0,1,"-32.95575,-60.629416666667",Calle,,ROSARIO,Rosario,S/D,No existe,II,S/D,Urbana,S/D,S/D,Recta,S/D,S/D,Diurna,S/D,S/D,Peatón,Atropello,S/D,S/D,S/D,S/D
2018,5036,2018-04-25,Miercoles,0,16:15:00,,0.0,2,"Automóvil,Bicicleta",Rioja 2200,2,1,0,0,1,0,0,"-32.944833333333,-60.653694444444",Calle,,ROSARIO,Rosario,Asfalto,No existe,II,S/D,Urbana,S/D,S/D,Recta,S/D,S/D,Diurna,S/D,S/D,Ciclista,Atropello,S/D,S/D,Ninguna,S/D
2018,5037,2018-04-25,Miercoles,0,12:10:00,,0.0,2,"Peatón,Automóvil",San Juan Y Laprida,3,1,0,0,1,1,0,"-32.950972222222,-60.634972222222",Calle,,ROSARIO,Rosario,Asfalto,No existe,II,S/D,Urbana,Señal Pare,No existe,Intersección,S/D,S/D,Diurna,S/D,S/D,Peatón,Atropello,S/D,Vertical,Ninguna,S/D
2018,5038,2018-04-25,Miercoles,0,08:05:00,,0.0,2,"Automóvil,Moto/Ciclomotor",Pje. Cajaraville Y Necochea,2,1,0,0,1,0,0,"-32.954416666667,-60.625583333333",Calle,,ROSARIO,Rosario,S/D,No existe,II,S/D,Urbana,S/D,S/D,Intersección,S/D,S/D,Diurna,S/D,S/D,S/D,Colisión,S/D,S/D,S/D,S/D
2018,5039,2018-02-11,Domingo,0,18:30:00,,0.0,2,"Automóvil,Moto/Ciclomotor",Bolivia Y Ferrocarril GBM,3,2,0,0,1,0,0,"-32.820753876771, -61.403956898082",Calle,,CAÑADA DE GÓMEZ,Iriondo,S/D,S/D,X,S/D,Urbana,S/D,S/D,S/D,S/D,S/D,S/D,S/D,S/D,S/D,Colisión,S/D,S/D,S/D,S/D
2018,5040,2018-02-13,Martes,0,,Ruta Nacional A009,0.0,2,"Ambulancia,Automóvil", ,5,2,0,0,3,0,0,"-29.19804, -59.64432",Ruta,A009,RECONQUISTA,General Obligado,S/D,S/D,IX,S/D,Urbana,S/D,S/D,S/D,S/D,S/D,S/D,S/D,S/D,S/D,Colisión,S/D,S/D,S/D,S/D
2018,5041,2018-08-03,Viernes,0,08:20:00,Ruta Provincial 1,39.0,2,"Camión Chasis,Bicicleta",Ruta Provic 1 ,2,1,0,0,1,0,0,"-31.41076, -60.33183",Ruta,1,SANTA ROSA DE CALCHINES,Garay,Asfalto,Natural,VII,Dentro,Rural,Ninguna,No existe,Recta,Bueno,Buena,Diurna,Buen Tiempo,S/D,Ciclista,Atropello,Ninguna,Faltante,Ninguna,Sin restricción
2018,5042,2018-02-13,Martes,0,06:55:00,,0.0,2,"Moto/Ciclomotor,Camión",Calle 24-Alessio Y Calle 105-Alicia Moreau,2,1,0,0,1,0,0,"-29.182888888889,-59.655083333333",Calle,,RECONQUISTA,General Obligado,S/D,S/D,IX,S/D,Urbana,S/D,S/D,S/D,S/D,S/D,S/D,S/D,S/D,S/D,Colisión,S/D,S/D,S/D,S/D
2018,5043,2018-08-06,Lunes,0,15:30:00,,0.0,2,"Moto/Ciclomotor,Automóvil",Dr Romang Y Senador Dr Armando Antille,3,1,0,0,2,0,0,"-31.101888888889,-60.088305555556",Calle,,HELVECIA,Garay,Asfalto,No existe,VII,S/D,Urbana,Ninguna,No existe,Intersección,Deteriorada,Buena,Diurna,Buen Tiempo,Lateral,S/D,Colisión,Ninguna,Faltante,Ninguna,Sin restricción
2018,5045,2018-02-14,Miercoles,0,,Ruta Nacional 19,0.0,1,Pickup/Utilitario, ,1,1,0,0,0,0,0,"-31.63906, -60.95509",Ruta,19,FRANCK,Las Colonias,S/D,S/D,XI,S/D,Rural,S/D,S/D,S/D,S/D,S/D,S/D,S/D,S/D,S/D,Vuelco,S/D,S/D,S/D,S/D
2018,5046,2018-02-14,Miercoles,0,,,0.0,2,"Automóvil,Moto/Ciclomotor",Bv. Balcarce Y Pellegrini,2,1,0,0,1,0,0,"-32.820916666667,-61.399833333333",Calle,,CAÑADA DE GÓMEZ,Iriondo,S/D,S/D,X,S/D,Urbana,S/D,S/D,S/D,S/D,S/D,S/D,S/D,S/D,S/D,Colisión,S/D,S/D,S/D,S/D
2018,5047,2018-02-10,Sabado,0,22:00:00,,0.0,2,"Moto/Ciclomotor,Bicicleta",Alberdi Y Rivadavia,2,0,1,0,0,0,1,"-32.815944444444,-61.405722222222",Calle,,CAÑADA DE GÓMEZ,Iriondo,S/D,S/D,X,S/D,Urbana,S/D,S/D,S/D,S/D,S/D,S/D,S/D,S/D,Ciclista,Atropello,S/D,S/D,S/D,S/D
2018,5048,2018-08-14,Martes,0,20:40:00,,0.0,3,"Automóvil,Taxi/Remis,Automóvil",Av San Martin Y Pueyrredon,3,2,0,0,1,0,0,"-32.799907929751, -60.721266491574",Calle,,FRAY LUIS BELTRÁN,San Lorenzo,Asfalto,No existe,XVII,Dentro,Urbana,Ninguna,No existe,Intersección,Bueno,Buena,Nocturna,Buen Tiempo,Lateral,S/D,Colisión,Ninguna,S/D,Ninguna,Sin restricción
2018,5049,2018-08-07,Martes,0,19:00:00,,0.0,2,"Pickup/Utilitario,Bicicleta",9 de julio 280,2,1,0,0,1,0,0,"-33.43711, -60.78957",Calle,,SANTA TERESA,Constitución,Ripio,No existe,VI,Dentro,Urbana,Ninguna,No existe,Recta,Deteriorada,Buena,Atardecer,Viento Fuerte,Frontal,Ciclista,Atropello,Ninguna,Faltante,Ninguna,Sin restricción
2018,5050,2018-08-15,Miercoles,0,13:00:00,,0.0,2,"Moto/Ciclomotor,Automóvil",Chacabuco Y Presidente B Rivadavia,2,1,0,0,1,0,0,"-31.096555555556,-60.089138888889",Calle,,HELVECIA,Garay,Tierra,Natural,VII,Dentro,Urbana,Ninguna,No existe,Intersección,Bueno,Buena,Diurna,Buen Tiempo,Lateral,S/D,Colisión,Ninguna,Faltante,Ninguna,Sin restricción
2018,5051,2018-02-01,Jueves,0,05:00:00,Autopista Provincial Brigadier E.López,59.0,1,Camión c / Semirremolque, ,1,1,0,0,0,0,0,"-32.36649, -60.95213",Autopista,Brigadier E.López,MONJE,San Jerónimo,S/D,S/D,XV,S/D,Urbana,S/D,S/D,S/D,S/D,S/D,S/D,S/D,S/D,S/D,Vuelco,S/D,S/D,S/D,S/D
2018,5052,2018-08-21,Martes,0,19:45:00,,0.0,2,"Moto/Ciclomotor,Pickup/Utilitario",Fray Antonio Rossi Y General Jose de San Martin,2,1,0,0,1,0,0,"-31.099944444444,-60.085722222222",Calle,,HELVECIA,Garay,Tierra,Natural,VII,S/D,Urbana,Ninguna,No existe,Intersección,Bueno,Buena,Nocturna,Buen Tiempo,Lateral,S/D,Colisión,Ninguna,Faltante,Ninguna,Sin restricción
2018,5053,2018-08-08,Miercoles,0,09:25:00,,0.0,2,"Pickup/Utilitario,Bicicleta",Carbonelli Y Chile,2,0,1,0,1,0,0,"-33.252944444444,-60.309583333333",Calle,,VILLA CONSTITUCIÓN,Constitución,Asfalto,S/D,VI,Dentro,Urbana,Ninguna,S/D,Intersección,Bueno,Buena,Diurna,Buen Tiempo,Frontal,Ciclista,Atropello,Ninguna,S/D,Ninguna,Sin restricción
2018,5054,2018-08-10,Viernes,0,18:55:00,,0.0,2,"Automóvil,Moto/Ciclomotor",Gral Lopez Y Sarmiento,2,1,0,0,1,0,0,"-32.795068262313, -60.724371414547",Calle,,FRAY LUIS BELTRÁN,San Lorenzo,Asfalto,Pavimento,XVII,Dentro,Urbana,Ninguna,No existe,Intersección,Bueno,Buena,Nocturna,Buen Tiempo,Lateral,S/D,Colisión,S/D,S/D,Ninguna,Sin restricción
2018,5055,2018-08-21,Martes,0,14:00:00,,0.0,2,"Moto/Ciclomotor,Automóvil",Tabares Y S Rubios,2,2,0,0,0,0,0,"-33.245472222222,-60.31575",S/D,,VILLA CONSTITUCIÓN,Constitución,Asfalto,S/D,VI,Dentro,Urbana,Ninguna,S/D,Intersección,Bueno,S/D,Diurna,Buen Tiempo,Frontal,S/D,Colisión,Ninguna,S/D,Ninguna,Sin restricción
2018,5056,2018-02-03,Sabado,0,,Autopista Nacional Rosario -Cordoba,304.0,1,Automóvil, ,3,2,0,0,1,0,0,"-32.93031, -60.87428",Autopista,Rosario -Córdoba,ROSARIO,Rosario,S/D,S/D,II,S/D,Urbana,S/D,S/D,S/D,S/D,S/D,S/D,S/D,S/D,S/D,Vuelco,S/D,S/D,S/D,S/D
2018,5057,2018-08-02,Jueves,0,17:00:00,Ruta Provincial 21,0.0,2,"Automóvil,Pickup/Utilitario",COCHERO Y GAUNA,2,2,0,0,0,0,0,"-33.2586, -60.30155",Ruta,21,VILLA CONSTITUCIÓN,Constitución,Asfalto,S/D,VI,Dentro,Urbana,Ninguna,S/D,Recta,Bueno,Buena,Diurna,Buen Tiempo,Frontal,S/D,Colisión,Ninguna,S/D,Ninguna,Sin restricción
2018,5058,2018-08-04,Sabado,0,15:25:00,,0.0,2,"Moto/Ciclomotor,Pickup/Utilitario",Av San Martin Y Av Gral Savio,2,1,0,0,1,0,0,"-32.784431033387, -60.725945483452",Avenida,,FRAY LUIS BELTRÁN,San Lorenzo,Asfalto,Pavimento,XVII,Dentro,Urbana,Ninguna,No existe,Intersección,Bueno,Buena,Diurna,Buen Tiempo,Lateral,S/D,Colisión,S/D,S/D,Ninguna,Sin restricción
2018,5059,2018-08-01,Miercoles,0,08:40:00,,0.0,2,"Automóvil,Moto/Ciclomotor",Falucho Y Artigas,3,2,0,0,1,0,0,"-32.796608568113, -60.726887242141",Calle,,FRAY LUIS BELTRÁN,San Lorenzo,Asfalto,Pavimento,XVII,Dentro,Urbana,Ninguna,No existe,Intersección,Bueno,Buena,Diurna,Buen Tiempo,Lateral,S/D,Colisión,Ninguna,S/D,Ninguna,Sin restricción
2018,5060,2018-02-03,Sabado,0,06:50:00,Autopista Provincial Brigadier E.López,2.0,1,Pickup/Utilitario, ,1,1,0,0,0,0,0,"-32.86821, -60.72462",Autopista,Brigadier E.López,GRANADERO BAIGORRIA,Rosario,S/D,S/D,II,S/D,Urbana,S/D,S/D,S/D,S/D,S/D,S/D,S/D,S/D,S/D,Vuelco,S/D,S/D,S/D,S/D
2018,5061,2018-08-04,Sabado,0,15:00:00,Autopista Provincial Brigadier E.López,241.0,1,Automóvil,Juan Manuel de Rosas ,3,2,0,0,1,0,0,"-33.24725, -60.31031",Autopista,Brigadier E.López,VILLA CONSTITUCIÓN,Constitución,Asfalto,Natural,VI,Fuera,Rural,Ninguna,No existe,Recta,Bueno,Buena,Diurna,Buen Tiempo,S/D,S/D,Vuelco,Ninguna,S/D,Ninguna,Sin restricción
2018,5062,2018-08-22,Miercoles,0,19:55:00,Ruta Provincial 1,84.0,2,"Moto/Ciclomotor,Automóvil",Buenos Aires Y Boulevard General B Mitre,2,1,0,0,1,0,0,"-31.105583333333,-60.095527777778",Ruta,1,HELVECIA,Garay,Tierra,Natural,VII,Dentro,Urbana,Ninguna,S/D,Recta,Otro,Buena,Atardecer,Buen Tiempo,Lateral,S/D,Colisión,Ninguna,Faltante,Ninguna,Sin restricción
2018,5063,2018-08-02,Jueves,0,19:00:00,,0.0,2,"Bicicleta,Moto/Ciclomotor",Santa Fe Y Mitre,2,1,0,0,1,0,0,"-32.790835848815, -60.727197733895",Calle,,FRAY LUIS BELTRÁN,San Lorenzo,Asfalto,Pavimento,XVII,Dentro,Urbana,Ninguna,No existe,Intersección,Bueno,Buena,Nocturna,Buen Tiempo,Lateral,Ciclista,Atropello,Ninguna,S/D,Ninguna,Sin restricción
2018,5065,2018-08-26,Domingo,0,17:00:00,,0.0,2,"Automóvil,Automóvil",ACCESO A RUEDA ,2,1,1,0,0,0,0,"-33.33845, -60.45823",S/D,,RUEDA,Constitución,Asfalto,Natural,VI,Dentro,Rural,Ninguna,No existe,Recta,Bueno,Buena,Atardecer,Buen Tiempo,Frontal,S/D,Colisión,Ninguna,Faltante,Ninguna,Sin restricción
2018,5066,2018-02-09,Viernes,0,,Ruta Nacional 19,102.0,1,Camión c / Acoplado, ,2,2,0,0,0,0,0,"-31.45444, -61.88105",Ruta,19,COLONIA CELLO,Castellanos,S/D,S/D,V,S/D,Urbana,S/D,S/D,S/D,S/D,S/D,S/D,S/D,S/D,S/D,Vuelco,S/D,S/D,S/D,S/D
2018,5067,2018-04-16,Lunes,0,18:20:00,,0.0,1,Moto/Ciclomotor,Marcos Paz Y Valparaiso,2,2,0,0,0,0,0,"-32.943027777778,-60.682972222222",Calle,,ROSARIO,Rosario,Asfalto,No existe,II,Dentro,Urbana,Ninguna,Intermitente,Intersección,Bueno,Buena,Atardecer,Buen Tiempo,S/D,S/D,Caída ocupante,Ninguna,Vertical,Ninguna,Sin restricción
2018,5068,2018-07-24,Martes,0,16:00:00,,0.0,2,"Camión Chasis,Moto/Ciclomotor",Av. Pte.Peron 6800,2,0,1,0,1,0,0,"-32.968555555556,-60.71275",Avenida,,ROSARIO,Rosario,Asfalto,No existe,II,Dentro,Urbana,Ninguna,No existe,Recta,Bueno,Buena,Diurna,Buen Tiempo,Frontal,S/D,Colisión,Ninguna,Faltante,Cordón divisorio,Sin restricción
2018,5069,2018-04-10,Martes,0,12:30:00,,0.0,2,"Moto/Ciclomotor,Pickup/Utilitario",Bv. Avellaneda Bis Y Grondona,2,1,0,0,0,0,1,"-32.921295, -60.674580",Calle,,ROSARIO,Rosario,Hormigón,No existe,II,Dentro,Urbana,Semáforo,Funciona,Intersección,Bueno,Buena,Diurna,Buen Tiempo,S/D,S/D,Colisión,S/D,"Horizontal,Vertical","Cordón divisorio,Línea divisoria pintada",Sin restricción
2018,5070,2018-04-03,Martes,0,03:30:00,,0.0,2,"Moto/Ciclomotor,Automóvil",Iriondo Y San Luis,2,1,0,0,1,0,0,"-32.943388888889,-60.670305555556",Calle,,ROSARIO,Rosario,Asfalto,No existe,II,Dentro,Urbana,Ninguna,No existe,Recta,Bueno,Buena,Diurna,Buen Tiempo,De alcance,S/D,Colisión,S/D,Faltante,Ninguna,Sin restricción
2018,5071,2018-07-14,Sabado,0,23:30:00,,0.0,2,"Automóvil,Moto/Ciclomotor",Av. De Las Palmeras 3400,2,0,1,0,1,0,0,"-32.969242529465, -60.733609945913",Avenida,,ROSARIO,Rosario,Asfalto,No existe,II,Dentro,Urbana,Ninguna,No existe,Intersección,Bueno,Buena,"Nocturna,Con luz artificial",Buen Tiempo,Frontal,S/D,Colisión,Ninguna,Faltante,Ninguna,Sin restricción
2018,5072,2018-04-07,Sabado,0,18:30:00,,0.0,2,"Automóvil,Automóvil",Cayetano Silva Y J.B.Justo,3,1,0,0,2,0,0,"-32.913948, -60.679175",Calle,,ROSARIO,Rosario,Asfalto,No existe,II,Dentro,Urbana,Ninguna,No existe,Intersección,Bueno,Buena,Nocturna,Lluvia,Múltiple,S/D,Colisión,Agua,Faltante,Ninguna,Sin restricción
2018,5073,2018-07-06,Viernes,0,19:00:00,,0.0,2,"Bicicleta,Automóvil",Irurtia Y Anderson,2,1,0,0,1,0,0,"-32.966916666667,-60.721444444444",Calle,,ROSARIO,Rosario,Asfalto,No existe,II,Dentro,Urbana,Ninguna,No existe,Intersección,Bueno,Buena,"Atardecer,Con luz artificial",Buen Tiempo,S/D,Ciclista,Atropello,Ninguna,Faltante,Ninguna,Sin restricción
2018,5074,2018-07-05,Jueves,0,19:50:00,,0.0,2,"Moto/Ciclomotor,Automóvil",Av. Provincias Unidas Y Bv. 27 De Febrero,2,1,0,0,1,0,0,"-32.95925,-60.711944444444",Avenida,,ROSARIO,Rosario,Asfalto,No existe,II,Dentro,Urbana,Semáforo,Funciona,Intersección,Bueno,Buena,"Atardecer,Con luz artificial",Buen Tiempo,Frontal,S/D,Colisión,Ninguna,"Horizontal,Vertical",Cordón divisorio,Sin restricción
2018,5075,2018-07-21,Sabado,0,03:00:00,,0.0,2,"Moto/Ciclomotor,Automóvil",Juarez Celman Y Libertad,2,1,0,0,1,0,0,"-33.152502, -60.510214",Calle,,ARROYO SECO,Rosario,Asfalto,No existe,II,Dentro,Urbana,Ninguna,No existe,Intersección,"Con baches,Resbaladiza",Reducida,"Nocturna,Con luz artificial",Buen Tiempo,Lateral,S/D,Colisión,Ninguna,Faltante,Ninguna,Sin restricción
2018,5076,2018-03-04,Domingo,0,20:00:00,,0.0,2,"Automóvil,Moto/Ciclomotor",3 De Febrero 4250,3,2,0,0,1,0,0,"-32.945083333333,-60.682805555556",Calle,,ROSARIO,Rosario,Asfalto,No existe,II,Dentro,Urbana,Ninguna,No existe,Recta,Bueno,Buena,Diurna,Buen Tiempo,Frontal,S/D,Colisión,Ninguna,Vertical,Ninguna,Sin restricción
2018,5077,2018-07-06,Viernes,0,17:30:00,,0.0,2,"Automóvil,Automóvil",Av. Provincias Unidas Y Bv. 27 De Febrero,5,2,0,0,3,0,0,"-32.95925,-60.711944444444",Avenida,,ROSARIO,Rosario,Asfalto,No existe,II,Dentro,Urbana,Semáforo,Funciona,Intersección,Bueno,Buena,Diurna,Buen Tiempo,De alcance,S/D,Colisión,Ninguna,"Horizontal,Vertical",Cordón divisorio,Sin restricción
2018,5078,2018-07-24,Martes,0,11:20:00,Ruta Provincial 26,0.0,2,"Pickup/Utilitario,Moto/Ciclomotor",Bernardino Rivadavia 840,2,1,0,0,1,0,0,"-33.156893, -60.516387",Ruta,26,ARROYO SECO,Rosario,Asfalto,No existe,II,Dentro,Urbana,Ninguna,No existe,Recta,"Con baches,Deteriorada",Buena,Diurna,Buen Tiempo,De alcance,S/D,Colisión,Ninguna,Faltante,Ninguna,Sin restricción
2018,5079,2018-07-25,Miercoles,0,13:00:00,,0.0,2,"Automóvil,Automóvil",Mariano Moreno Y Cardozo,2,2,0,0,0,0,0,"-33.153039, -60.518932",Calle,,ARROYO SECO,Rosario,Asfalto,No existe,II,Dentro,Urbana,Ninguna,No existe,Intersección,"Con baches,Resbaladiza",Reducida,Diurna,Lluvia,Lateral,S/D,Colisión,Agua,Faltante,Ninguna,Sin restricción
2018,5080,2018-07-20,Viernes,0,00:50:00,Autopista Nacional Gral. Juan Jose Valle,259.0,2,"Camión c / Acoplado,Automóvil", ,4,3,0,0,1,0,0,"-33.208329, -60.487471",Autopista,Gral. Juan José Valle,FIGHIERA,Rosario,Asfalto,Natural,II,Dentro,Urbana,Semáforo,No funciona,Recta,Bueno,Buena,Nocturna,S/D,S/D,S/D,Colisión,Ninguna,"Horizontal,Vertical",Línea divisoria pintada,Sin restricción