anio_acci,nro_acci,fecha,desc_dia,fecha_aprox,hora_aprox,desc_ruta,km,cant_participantes,desc_participante,calle_avenida_km,total,heridos_leves,heridos_graves,heridos_gravisimos,ilesos,fallecidos,sin_datos,posicion_XY,desc_tipo_via,desc_ruta_ori,desc_loc,desc_dpto,desc_tipo_calzada,desc_tipo_banquina,desc_unidad_regional,desc_lugar_calzada,desc_zona,desc_prioridad,desc_estado_semaforo,desc_lugar_via,desc_estado_via,desc_estado_visibilidad,desc_luminosidad,desc_estado_clima,desc_tipo_colision,desc_tipo_atropello,desc_tipo_hecho,desc_pres_calzada,desc_senializacion,desc_separacion_via,desc_restriccion
2018,5081,2018-04-23,Lunes,0,21:50:00,,0.0,2,"Moto/Ciclomotor,Taxi/Remis",Mitre Y San Lorenzo,3,2,0,0,1,0,0,"-32.943861111111,-60.639",Calle,,ROSARIO,Rosario,Asfalto,No existe,II,S/D,Urbana,S/D,No existe,Intersección,S/D,Buena,"Nocturna,Con luz artificial",S/D,Lateral,S/D,Colisión,S/D,S/D,S/D,S/D
2018,5082,2018-07-27,Viernes,0,10:45:00,Ruta Secundaria 20-s,0.0,2,"Automóvil,Peatón",Bv Belgrano Y Las Heras,2,1,0,0,1,0,0,"-33.126848659271, -60.801371386612",Ruta,20-s,ÁLVAREZ,Rosario,Asfalto,No existe,II,Dentro,Urbana,Ninguna,No existe,Intersección,Bueno,Buena,Diurna,Lluvia,S/D,Peatón,Atropello,Ninguna,Faltante,Cordón divisorio,Sin restricción
2018,5083,2018-04-12,Jueves,0,00:30:00,,0.0,2,"Automóvil,Moto/Ciclomotor",Rio De Janeiro Y Marcos Paz,2,0,1,0,1,0,0,"-32.943277777778,-60.681611111111",Calle,,ROSARIO,Rosario,Asfalto,No existe,II,Dentro,Urbana,Ninguna,No existe,Intersección,Bueno,Buena,Diurna,Buen Tiempo,Lateral,S/D,Colisión,S/D,Faltante,Ninguna,Sin restricción
2018,5084,2018-04-23,Lunes,0,10:40:00,,0.0,2,"Moto/Ciclomotor,Automóvil",Santa Fe Y Italia,2,1,0,0,1,0,0,"-32.943305555556,-60.647527777778",Calle,,ROSARIO,Rosario,Asfalto,No existe,II,S/D,Urbana,S/D,S/D,Intersección,S/D,S/D,Diurna,S/D,S/D,S/D,Colisión,S/D,S/D,S/D,S/D
2018,5085,2018-07-21,Sabado,0,15:15:00,Ruta Nacional 33,0.0,2,"Camión Chasis,Moto/Ciclomotor",Nicolas Avellaneda Y Ruta Nac 33,2,0,1,0,1,0,0,"-33.005887268964, -60.786580938453",Ruta,33,PÉREZ,Rosario,Asfalto,Pavimento,II,Dentro,Urbana,Ninguna,No existe,Intersección,Bueno,Buena,Atardecer,Otro,Lateral,S/D,Colisión,Ninguna,Horizontal,Línea divisoria pintada,Sin restricción
2018,5086,2018-04-22,Domingo,0,18:00:00,,0.0,2,"Moto/Ciclomotor,Automóvil",Av. Belgrano 650,5,1,0,0,4,0,0,"-32.94675,-60.630916666667",Avenida,,ROSARIO,Rosario,Asfalto,S/D,II,S/D,Urbana,S/D,S/D,Recta,S/D,S/D,Diurna,Lluvia,S/D,S/D,Colisión,Agua,S/D,S/D,S/D
2018,5087,2018-07-06,Viernes,0,21:00:00,Autopista Nacional A012,13.0,1,Pickup/Utilitario, ,2,2,0,0,0,0,0,"-33.091774617115, -60.791758087804",Autopista,A012,PIÑERO,Rosario,Asfalto,Pavimento,II,Dentro,Rural,Señal Pare,No existe,Recta,Resbaladiza,Buena,Nocturna,Lluvia,S/D,S/D,Despiste,Agua,Vertical,Cordón divisorio,Sin restricción
2018,5088,2018-04-14,Sabado,0,20:00:00,,0.0,2,"Peatón,Automóvil",San Nicolas 1261,2,1,0,0,1,0,0,"-32.946194444444,-60.673805555556",Calle,,ROSARIO,Rosario,Asfalto,No existe,II,Dentro,Urbana,Ninguna,No existe,Recta,Bueno,Buena,Nocturna,Buen Tiempo,S/D,Peatón,Atropello,Ninguna,Faltante,Ninguna,Sin restricción
2018,5089,2018-07-14,Sabado,0,21:30:00,,0.0,2,"Moto/Ciclomotor,Automóvil",Juan Bautista Alberdi Y Lamadrid,2,1,0,0,1,0,0,"-33.002499, -60.769498",Calle,,PÉREZ,Rosario,Asfalto,No existe,II,Dentro,Urbana,Ninguna,No existe,Intersección,Deteriorada,Buena,"Nocturna,Con luz artificial",Otro,Lateral,S/D,Colisión,Ninguna,Faltante,Ninguna,Sin restricción
2018,5090,2018-04-22,Domingo,0,10:20:00,,0.0,2,"Automóvil,Moto/Ciclomotor",Italia Y Mendoza,2,1,0,0,1,0,0,"-32.949777777778,-60.649166666667",Calle,,ROSARIO,Rosario,Asfalto,No existe,II,S/D,Urbana,Semáforo,Funciona,Intersección,Bueno,S/D,Diurna,S/D,Lateral,S/D,Colisión,S/D,Vertical,S/D,S/D
2018,5091,2018-07-12,Jueves,0,18:50:00,Ruta Provincial 18,0.0,2,"Moto/Ciclomotor,Automóvil", ,3,2,0,0,1,0,0,"-33.033494841100, -60.683085576508",Ruta,18,ROSARIO,Rosario,Asfalto,Ripio,II,Dentro,Rural,S/D,No existe,Recta,Con baches,Buena,Nocturna,Buen Tiempo,De alcance,S/D,Colisión,Ninguna,Faltante,Cordón divisorio,Sin restricción
2018,5092,2018-07-06,Viernes,0,07:20:00,,0.0,2,"Bicicleta,Automóvil",Av Belgrano ,2,1,0,0,1,0,0,"-32.982286, -60.743295",Avenida,,PÉREZ,Rosario,Asfalto,No existe,II,Dentro,Urbana,Ninguna,No existe,Recta,Bueno,Buena,Nocturna,Buen Tiempo,S/D,Ciclista,Atropello,Ninguna,Faltante,Ninguna,Sin restricción
2018,5093,2018-04-21,Sabado,0,17:00:00,,0.0,2,"Moto/Ciclomotor,Automóvil",Av. Pellegrini Y Sarmiento,2,1,0,0,1,0,0,"-32.957277777778,-60.640888888889",Calle,,ROSARIO,Rosario,Asfalto,No existe,II,S/D,Urbana,Semáforo,Funciona,Intersección,S/D,Buena,Diurna,S/D,Lateral,S/D,Colisión,S/D,Vertical,Cordón divisorio,S/D
2018,5094,2018-07-03,Martes,0,18:35:00,,0.0,2,"Automóvil,Bicicleta",El Hornero Y Av Los Talas,2,1,0,0,1,0,0,"-32.970884, -60.739192",Avenida,,PÉREZ,Rosario,Asfalto,No existe,II,Dentro,Urbana,Ninguna,No existe,Intersección,Bueno,Buena,Atardecer,Buen Tiempo,S/D,Ciclista,Atropello,Ninguna,Faltante,Ninguna,Sin restricción
2018,5095,2018-07-20,Viernes,0,08:20:00,Ruta Provincial 14,13.0,2,"Moto/Ciclomotor,Camión", ,2,0,1,0,1,0,0,"-33.091996701892, -60.790804455004",Ruta,14,ROSARIO,Rosario,Asfalto,S/D,II,Dentro,Rural,Otra Señal,No existe,Recta,Resbaladiza,Buena,Diurna,Lluvia,De alcance,S/D,Colisión,Agua,Vertical,Cordón divisorio,Sin restricción
2018,5096,2018-04-20,Viernes,0,17:35:00,,0.0,2,"Peatón,Moto/Ciclomotor",Av. Belgrano Y Santa Fe,2,1,0,0,1,0,0,"-32.947555555556,-60.629722222222",Calle,,ROSARIO,Rosario,Asfalto,No existe,II,S/D,Urbana,S/D,S/D,Recta,S/D,S/D,Diurna,S/D,S/D,Peatón,Atropello,S/D,S/D,S/D,S/D
2018,5097,2018-04-20,Viernes,0,11:40:00,,0.0,2,"Bicicleta,Pickup/Utilitario",Mendoza Y Maipu,2,1,0,0,1,0,0,"-32.952,-60.636555555556",Calle,,ROSARIO,Rosario,Asfalto,No existe,II,S/D,Urbana,Semáforo,Funciona,Intersección,S/D,Buena,Diurna,S/D,S/D,S/D,Colisión,Ninguna,Vertical,S/D,S/D
2018,5098,2018-04-20,Viernes,0,08:40:00,,0.0,2,"Moto/Ciclomotor,Automóvil",Rioja 2741,2,1,0,0,1,0,0,"-32.943527777778,-60.660944444444",Avenida,,ROSARIO,Rosario,Asfalto,No existe,II,Dentro,Urbana,Ninguna,No existe,Intersección,Bueno,Buena,Diurna,Buen Tiempo,Lateral,S/D,Colisión,Ninguna,Faltante,Ninguna,Sin restricción
2018,5099,2018-07-01,Domingo,0,21:50:00,,0.0,2,"Automóvil,Automóvil",Constitucion Y Urquiza,6,4,0,0,2,0,0,"-32.936603, -60.672803",Calle,,ROSARIO,Rosario,Asfalto,No existe,II,Dentro,Urbana,Ninguna,No existe,Intersección,Bueno,Buena,Amanecer,Buen Tiempo,S/D,S/D,Colisión,Ninguna,Faltante,Ninguna,Sin restricción
2018,5100,2018-04-18,Miercoles,0,19:00:00,,0.0,2,"Bicicleta,Pickup/Utilitario",San Luis Y Bv. Oro?o,2,1,0,0,1,0,0,"-32.946472222222,-60.653222222222",Calle,,ROSARIO,Rosario,Asfalto,No existe,II,S/D,Urbana,S/D,No existe,Recta,S/D,S/D,Atardecer,S/D,S/D,Ciclista,Atropello,S/D,S/D,Ninguna,Sin restricción
2018,5101,2018-04-20,Viernes,0,11:30:00,,0.0,2,"Moto/Ciclomotor,Automóvil",Av. Francia Y E.Zeballos,2,1,0,0,1,0,0,"-32.950138888889,-60.667555555556",Calle,,ROSARIO,Rosario,Asfalto,No existe,II,Dentro,Urbana,Ninguna,No existe,Recta,S/D,Buena,Diurna,Buen Tiempo,Contra objeto fijo,S/D,Colisión,S/D,Horizontal,S/D,Sin restricción
2018,5102,2018-04-18,Miercoles,0,17:50:00,,0.0,2,"Moto/Ciclomotor,Automóvil",Av. Wheelwright Y Dorrego,2,2,0,0,0,0,0,"-32.933655852107, -60.646480320623",Calle,,ROSARIO,Rosario,Asfalto,No existe,II,S/D,Urbana,S/D,No existe,Intersección,S/D,S/D,Diurna,S/D,S/D,S/D,Colisión,S/D,S/D,S/D,S/D
2018,5103,2018-07-02,Lunes,0,19:45:00,,0.0,2,"Moto/Ciclomotor,Taxi/Remis",Grandoli Y Nicolas Laguna,2,1,0,0,1,0,0,"-32.886881, -60.724169",Calle,,ROSARIO,Rosario,Asfalto,No existe,II,Dentro,Urbana,Ninguna,No existe,Intersección,Deteriorada,Reducida,Nocturna,Buen Tiempo,Lateral,S/D,Colisión,S/D,Faltante,Ninguna,Sin restricción
2018,5104,2018-07-14,Sabado,0,21:50:00,,0.0,2,"Automóvil,Automóvil",Castellanos Y Urquiza,2,2,0,0,0,0,0,"-32.936330, -60.674180",Calle,,ROSARIO,Rosario,Asfalto,No existe,II,Dentro,Urbana,Señal Pare,No existe,Intersección,Bueno,Buena,Nocturna,Buen Tiempo,"Contra objeto fijo,De alcance",S/D,Colisión,Ninguna,Vertical,Ninguna,Sin restricción
2018,5105,2018-07-14,Sabado,0,18:45:00,,0.0,2,"Automóvil,Moto/Ciclomotor",Av. Jorge Newbery Y Acevedo Bis,2,1,0,0,1,0,0,"-32.908861111111,-60.749416666667",Avenida,,ROSARIO,Rosario,"Asfalto,Ripio",No existe,II,Dentro,Urbana,S/D,No existe,Intersección,Deteriorada,Reducida,Nocturna,S/D,S/D,S/D,Colisión,Ninguna,Faltante,Ninguna,S/D
2018,5106,2018-04-03,Martes,0,17:50:00,,0.0,2,"Automóvil,Peatón",San Juan Y Dorrego,2,1,0,0,1,0,0,"-32.948166666667,-60.650166666667",Calle,,ROSARIO,Rosario,Asfalto,No existe,II,S/D,Urbana,S/D,S/D,Intersección,S/D,S/D,Diurna,S/D,S/D,Peatón,Atropello,S/D,S/D,S/D,S/D
2018,5107,2018-07-21,Sabado,0,21:30:00,,0.0,2,"Moto/Ciclomotor,Peatón",Cafferata Y Santa Fe,2,1,0,0,1,0,0,"-32.939185, -60.670638",Calle,,ROSARIO,Rosario,Asfalto,No existe,II,Dentro,Urbana,Semáforo,Funciona,Intersección,Bueno,Buena,Nocturna,Buen Tiempo,S/D,Peatón,Atropello,Ninguna,"Horizontal,Vertical","Cordón divisorio,Línea divisoria pintada",Sin restricción
2018,5108,2018-04-03,Martes,0,11:10:00,,0.0,2,"Automóvil,Peatón",Paraguay Y San Juan,2,0,1,0,0,0,1,"-32.949166666667,-60.644666666667",Calle,,ROSARIO,Rosario,Asfalto,No existe,II,S/D,Urbana,S/D,S/D,Intersección,S/D,S/D,Diurna,S/D,S/D,Peatón,Atropello,S/D,S/D,S/D,S/D
2018,5109,2018-07-16,Lunes,0,19:55:00,Ruta Nacional 34,12.0,3,"Camión c / Acoplado,Camión c / Acoplado,Camión c / Acoplado", ,3,0,1,0,2,0,0,"-32.830279485382, -60.826721345822",Ruta,34,IBARLUCEA,Rosario,Asfalto,Natural,II,Dentro,Rural,Ninguna,No existe,Recta,Bueno,Buena,Nocturna,S/D,Múltiple,S/D,"Colisión,Vuelco,Despiste",Ninguna,Horizontal,Ninguna,Sin restricción
2018,5110,2018-07-21,Sabado,0,22:15:00,,0.0,2,"Pickup/Utilitario,Automóvil",San Nicolas Y San Lorenzo,4,2,0,0,2,0,0,"-32.938024, -60.671769",Calle,,ROSARIO,Rosario,Asfalto,No existe,II,Dentro,Urbana,Ninguna,No existe,Intersección,Con baches,Buena,Nocturna,Buen Tiempo,Lateral,S/D,Colisión,Ninguna,Faltante,Ninguna,Sin restricción
2018,5111,2018-07-09,Lunes,0,08:40:00,,0.0,2,"Moto/Ciclomotor,Transporte de Pasajeros Urbano (> 8 asientos)",Medrano Y P.Araoz,2,1,0,0,1,0,0,"-32.890805555556,-60.702944444444",Calle,,ROSARIO,Rosario,Asfalto,No existe,II,Dentro,Urbana,Ninguna,No existe,Intersección,Bueno,Buena,Diurna,Buen Tiempo,Lateral,S/D,Colisión,Ninguna,Faltante,Ninguna,Sin restricción
2018,5112,2018-07-31,Martes,0,13:00:00,Ruta Nacional 11,0.0,2,"Automóvil,Automóvil",Av San Martin Y Gral Manuel Belgrano,2,1,0,0,1,0,0,"-32.863674864633, -60.701883600044",Ruta,11,GRANADERO BAIGORRIA,Rosario,Asfalto,Pavimento,II,Dentro,Urbana,Ninguna,No existe,Intersección,Bueno,Buena,Diurna,Buen Tiempo,Lateral,S/D,Colisión,Ninguna,Faltante,Cordón divisorio,Sin restricción
2018,5113,2018-08-27,Lunes,0,22:50:00,,0.0,2,"Moto/Ciclomotor,Moto/Ciclomotor",Rioja Y Rivadavia,2,2,0,0,0,0,0,"-32.70904, -60.74008",Calle,,PUERTO SAN MARTÍN,San Lorenzo,Asfalto,No existe,XVII,Dentro,Urbana,Ninguna,No existe,Intersección,Bueno,Buena,Nocturna,Buen Tiempo,S/D,S/D,Colisión,Ninguna,Horizontal,Ninguna,Sin restricción
2018,5114,2018-08-25,Sabado,0,17:35:00,,0.0,3,"Moto/Ciclomotor,Automóvil,Automóvil",Belgrano Y Buenos Aires,3,1,0,0,2,0,0,"-32.71226, -60.73406",Avenida,,PUERTO SAN MARTÍN,San Lorenzo,Asfalto,No existe,XVII,Dentro,Urbana,Ninguna,No existe,Intersección,Bueno,Buena,Diurna,Buen Tiempo,Múltiple,S/D,Colisión,Ninguna,Horizontal,Ninguna,Sin restricción
2018,5115,2018-07-29,Domingo,0,11:50:00,,0.0,2,"Moto/Ciclomotor,Automóvil",Av. Ovidio Lagos Y San Lorenzo,4,1,0,0,3,0,0,"-32.939953, -60.660863",Calle,,ROSARIO,Rosario,Asfalto,No existe,II,Dentro,Urbana,Semáforo,Funciona,Intersección,Bueno,Buena,Diurna,Buen Tiempo,Lateral,S/D,Colisión,Ninguna,"Horizontal,Vertical",Ninguna,Sin restricción
2018,5116,2018-07-29,Domingo,0,19:00:00,,0.0,2,"Bicicleta,Moto/Ciclomotor",Salta Y Av. Ovidio Lagos,2,1,0,0,1,0,0,"-32.935302, -60.659625",Avenida,,ROSARIO,Rosario,Asfalto,No existe,II,Dentro,Urbana,Semáforo,Funciona,Intersección,Bueno,Buena,Diurna,Buen Tiempo,S/D,Ciclista,Atropello,Ninguna,"Horizontal,Vertical",Línea divisoria pintada,Sin restricción
2018,5117,2018-07-14,Sabado,0,19:40:00,,0.0,3,"Moto/Ciclomotor,Peatón,Peatón",Bv. Avellaneda Y San Lorenzo,3,2,0,0,1,0,0,"-32.936793, -60.678621",Calle,,ROSARIO,Rosario,Asfalto,No existe,II,Dentro,Urbana,Semáforo,Funciona,Intersección,Bueno,Buena,Diurna,Buen Tiempo,S/D,Peatón,Atropello,Ninguna,Vertical,Cordón divisorio,Sin restricción
2018,5118,2018-07-18,Miercoles,0,17:40:00,,0.0,2,"Taxi/Remis,Moto/Ciclomotor",Santa Fe Y Pueyrredon,2,1,0,0,1,0,0,"-32.941627, -60.656999",Calle,,ROSARIO,Rosario,Asfalto,No existe,II,Dentro,Urbana,Semáforo,Funciona,Intersección,Bueno,Buena,Atardecer,Buen Tiempo,Frontal,S/D,Colisión,Ninguna,"Horizontal,Vertical",Ninguna,Sin restricción
2018,5119,2018-07-18,Miercoles,0,08:45:00,,0.0,2,"Moto/Ciclomotor,Automóvil",Av. Ovidio Lagos Y Tucuman,2,1,0,0,1,0,0,"-32.937600, -60.660233",Calle,,ROSARIO,Rosario,Asfalto,No existe,II,Dentro,Urbana,Semáforo,Funciona,Intersección,Bueno,Buena,Diurna,Buen Tiempo,S/D,S/D,Colisión,Ninguna,"Horizontal,Vertical",Ninguna,Sin restricción
2018,5120,2018-07-04,Miercoles,0,17:05:00,,0.0,2,"Automóvil,Moto/Ciclomotor",Catamarca Y Crespo,2,1,0,0,1,0,0,"-32.935248, -60.666780",Calle,,ROSARIO,Rosario,Asfalto,No existe,II,Dentro,Urbana,Semáforo,Funciona,Intersección,Bueno,Buena,Atardecer,Buen Tiempo,S/D,S/D,Colisión,Ninguna,Vertical,Ninguna,Sin restricción
2018,5121,2018-07-10,Martes,0,22:15:00,,0.0,2,"Bicicleta,Automóvil",J.J.Paso Y Campbell,3,1,0,0,2,0,0,"-32.920099, -60.708750",Calle,,ROSARIO,Rosario,Asfalto,No existe,II,Dentro,Urbana,Paso Peatonal,No existe,Intersección,Bueno,Buena,Nocturna,S/D,S/D,Ciclista,Atropello,S/D,Horizontal,Línea divisoria pintada,Sin restricción
2018,5122,2018-07-13,Viernes,0,,,0.0,2,"Automóvil,Moto/Ciclomotor",Av. Provincias Unidas Y Av. Sorrento,3,1,0,0,2,0,0,"-32.908024, -60.713877",Avenida,,ROSARIO,Rosario,Hormigón,No existe,II,Dentro,Urbana,Ninguna,No existe,Intersección,Bueno,S/D,S/D,S/D,S/D,S/D,Colisión,S/D,Faltante,Guardarrail,S/D
2018,5123,2018-07-15,Domingo,0,18:20:00,,0.0,2,"Automóvil,Automóvil",J.J.Paso Y Colombia Bis,3,1,0,0,2,0,0,"-32.920444, -60.717013",Calle,,ROSARIO,Rosario,Asfalto,No existe,II,Dentro,Urbana,Ninguna,No existe,Recta,Bueno,Buena,Atardecer,Buen Tiempo,S/D,S/D,Colisión,Ninguna,Faltante,Cordón divisorio,Sin restricción
2018,5124,2018-07-16,Lunes,0,13:45:00,,0.0,2,"Moto/Ciclomotor,Automóvil",Brasil Bis Y J.J.Paso,2,1,0,0,1,0,0,"-32.920548, -60.720438",Calle,,ROSARIO,Rosario,Asfalto,No existe,II,Dentro,Urbana,Ninguna,No existe,Intersección,Bueno,S/D,Diurna,S/D,S/D,S/D,Colisión,S/D,Faltante,Cordón divisorio,S/D
2018,5125,2018-07-21,Sabado,0,08:20:00,,0.0,2,"Moto/Ciclomotor,Moto/Ciclomotor",Av. Genova 3000,3,0,1,0,2,0,0,"-32.915885, -60.708133",Avenida,,ROSARIO,Rosario,Asfalto,No existe,II,Dentro,Urbana,Ninguna,No existe,Recta,Bueno,Buena,Amanecer,S/D,S/D,S/D,Colisión,S/D,Faltante,Ninguna,S/D
2018,5126,2018-07-22,Domingo,0,06:00:00,,0.0,2,"Automóvil,Moto/Ciclomotor",Av. Genova Y Av. Provincias Unidas,3,1,0,0,2,0,0,"-32.916059, -60.713799",Avenida,,ROSARIO,Rosario,Asfalto,No existe,II,Dentro,Urbana,Semáforo,Funciona,Intersección,S/D,Buena,Amanecer,S/D,S/D,S/D,Colisión,Ninguna,Vertical,Cordón divisorio,S/D
2018,5127,2018-07-01,Domingo,0,14:25:00,,0.0,2,"Automóvil,Moto/Ciclomotor",Diaz Velez Y Junin,2,1,0,0,1,0,0,"-32.926818, -60.684627",Calle,,ROSARIO,Rosario,Asfalto,No existe,II,Dentro,Urbana,Ninguna,No existe,Intersección,Bueno,Buena,Diurna,Buen Tiempo,Lateral,S/D,Colisión,Ninguna,Faltante,Ninguna,Sin restricción
2018,5128,2018-07-03,Martes,0,13:30:00,,0.0,2,"Automóvil,Peatón",Suiza 235,2,1,0,0,1,0,0,"-32.927362, -60.687594",Calle,,ROSARIO,Rosario,Asfalto,No existe,II,Dentro,Urbana,Ninguna,No existe,Recta,Bueno,Buena,Diurna,Buen Tiempo,S/D,Peatón,Atropello,Ninguna,Faltante,Ninguna,Sin restricción
2018,5129,2018-01-01,Lunes,0,09:30:00,,0.0,2,"Taxi/Remis,Moto/Ciclomotor",Av. Pellegrini Y Laprida,2,0,1,0,1,0,0,"-32.957945936946, -60.636953114200",Calle,,ROSARIO,Rosario,Asfalto,No existe,II,S/D,Urbana,S/D,S/D,Intersección,S/D,S/D,Diurna,S/D,S/D,S/D,Colisión,S/D,S/D,S/D,S/D
2018,5130,2018-07-11,Miercoles,0,09:30:00,,0.0,2,"Automóvil,Moto/Ciclomotor",Junin Y Av. Francia Bis,2,1,0,0,1,0,0,"-32.926503, -60.661843",Avenida,,ROSARIO,Rosario,Asfalto,No existe,II,Dentro,Urbana,Paso Peatonal,No existe,Recta,Bueno,Buena,Diurna,Buen Tiempo,Lateral,S/D,Colisión,Ninguna,Horizontal,"Cordón divisorio,Vegetación",Sin restricción
2018,5131,2018-07-23,Lunes,0,09:55:00,,0.0,2,"Automóvil,Moto/Ciclomotor",Bv. Argentino Y Sarratea Bis,2,1,0,0,1,0,0,"-32.924509652681, -60.741166784764",Avenida,,ROSARIO,Rosario,Asfalto,No existe,II,Dentro,Urbana,Señal Pare,No existe,Recta,Otro,S/D,Diurna,Otro,De alcance,S/D,Colisión,Otro,Vertical,Ninguna,Sin restricción
2018,5132,2018-04-05,Jueves,0,12:20:00,,0.0,2,"Moto/Ciclomotor,Automóvil",Dorrego Y Rioja,2,0,0,0,1,0,1,"-32.945629233150, -60.649505852390",Calle,,ROSARIO,Rosario,Asfalto,No existe,II,S/D,Urbana,S/D,No existe,Intersección,Bueno,S/D,Diurna,S/D,S/D,S/D,Colisión,S/D,Faltante,S/D,S/D
2018,5133,2018-04-05,Jueves,0,07:30:00,,0.0,2,"Transporte de Pasajeros Urbano (> 8 asientos),Peatón",San Lorenzo Y Mitre,2,1,0,0,1,0,0,"-32.943869704036, -60.638948677707",Calle,,ROSARIO,Rosario,Asfalto,No existe,II,S/D,Urbana,S/D,S/D,Intersección,S/D,S/D,Diurna,S/D,S/D,Peatón,Atropello,S/D,S/D,S/D,S/D
2018,5134,2018-07-11,Miercoles,0,13:20:00,,0.0,2,"Moto/Ciclomotor,Automóvil",Albert Sabin Y Eguren,2,1,0,0,1,0,0,"-32.925928, -60.680908",Avenida,,ROSARIO,Rosario,Asfalto,No existe,II,Dentro,Urbana,Paso Peatonal,No existe,Recta,Bueno,Buena,Diurna,Buen Tiempo,Lateral,S/D,Colisión,Ninguna,Horizontal,Cordón divisorio,Sin restricción
2018,5135,2018-07-07,Sabado,0,21:45:00,,0.0,2,"Moto/Ciclomotor,Automóvil",Velez Sarsfield Y Av. Provincias Unidas Bis,5,2,0,0,3,0,0,"-32.926032275550, -60.713251100990",Avenida,,ROSARIO,Rosario,Asfalto,No existe,II,Dentro,Urbana,Semáforo,Funciona,Intersección,S/D,S/D,Nocturna,Buen Tiempo,Lateral,S/D,Colisión,Otro,"Horizontal,Vertical",Cordón divisorio,S/D
2018,5136,2018-07-12,Jueves,0,21:45:00,,0.0,2,"Automóvil,Peatón",Av. Alberdi Bis 100,2,1,0,0,1,0,0,"-32.930283, -60.673631",Avenida,,ROSARIO,Rosario,Asfalto,No existe,II,Dentro,Urbana,Semáforo,Funciona,Intersección,Bueno,Buena,Nocturna,Buen Tiempo,S/D,Peatón,Atropello,Ninguna,"Horizontal,Vertical","Cordón divisorio,Vegetación",Sin restricción
2018,5137,2018-07-18,Miercoles,0,20:30:00,,0.0,2,"Automóvil,Moto/Ciclomotor",Av. Alberdi Bis Y Velez Sarsfield,3,2,0,0,1,0,0,"-32.924950, -60.677934",Avenida,,ROSARIO,Rosario,Asfalto,No existe,II,Dentro,Urbana,Semáforo,Funciona,Recta,"Bueno,Resbaladiza",Buena,"Nocturna,Con luz artificial",Lluvia,De alcance,S/D,Colisión,Agua,"Horizontal,Vertical","Cordón divisorio,Línea divisoria pintada",Sin restricción
2018,5138,2018-04-05,Jueves,0,11:30:00,,0.0,2,"Moto/Ciclomotor,Automóvil",Buenos Aires Y Bv. 27 De Febrero,2,1,0,0,1,0,0,"-32.968524569301, -60.638004540134",Calle,,ROSARIO,Rosario,S/D,No existe,II,S/D,Urbana,S/D,S/D,Intersección,S/D,S/D,Diurna,S/D,S/D,S/D,Colisión,S/D,S/D,S/D,S/D
2018,5139,2018-07-23,Lunes,0,07:30:00,,0.0,2,"Moto/Ciclomotor,Automóvil",Pje. J.M.Estrada Bis Y Av. Luis Carballo,2,1,0,0,1,0,0,"-32.921981, -60.676902",Avenida,,ROSARIO,Rosario,Asfalto,No existe,II,Dentro,Urbana,Semáforo,Funciona,Recta,Bueno,Buena,Diurna,Buen Tiempo,Frontal,S/D,Colisión,Ninguna,Vertical,Cordón divisorio,Sin restricción
2018,5140,2018-04-06,Viernes,0,10:55:00,,0.0,2,"Taxi/Remis,Automóvil",Espa?a 1137,3,1,0,0,2,0,0,"-32.949126833705, -60.647596119571",Calle,,ROSARIO,Rosario,Asfalto,No existe,II,S/D,Urbana,S/D,S/D,Recta,S/D,Buena,Diurna,Otro,S/D,S/D,Colisión,Agua,S/D,S/D,S/D
2018,5141,2018-04-06,Viernes,0,20:00:00,,0.0,2,"Moto/Ciclomotor,Taxi/Remis",Pte.Roca Y Urquiza,3,2,0,0,0,0,1,"-32.941723936824, -60.644291638065",Calle,,ROSARIO,Rosario,Asfalto,No existe,II,S/D,Urbana,S/D,S/D,Intersección,Bueno,S/D,"Nocturna,Con luz artificial",S/D,S/D,S/D,Colisión,S/D,S/D,Ninguna,S/D
2018,5142,2018-04-06,Viernes,0,22:00:00,,0.0,2,"Pickup/Utilitario,Automóvil",Av. Pellegrini 900,2,1,0,0,1,0,0,"-32.957495325832, -60.639206169773",Avenida,,ROSARIO,Rosario,Asfalto,No existe,II,S/D,Urbana,S/D,S/D,Recta,S/D,S/D,"Nocturna,Con luz artificial",S/D,S/D,S/D,Colisión,S/D,S/D,Cordón divisorio,S/D
2018,5143,2018-04-08,Domingo,0,23:55:00,,0.0,2,"Taxi/Remis,Moto/Ciclomotor",J.M.de Rosas Y Mendoza,2,1,0,0,1,0,0,"-32.952731722621, -60.632511376072",Calle,,ROSARIO,Rosario,Asfalto,No existe,II,S/D,Urbana,S/D,S/D,Intersección,Bueno,S/D,"Nocturna,Con luz artificial",S/D,S/D,S/D,Colisión,S/D,S/D,S/D,S/D
2018,5144,2018-04-08,Domingo,0,09:30:00,,0.0,2,"Automóvil,Transporte de Pasajeros Urbano (> 8 asientos)",Rioja Y Italia,2,1,0,0,1,0,0,"-32.945843809871, -60.648154019046",Calle,,ROSARIO,Rosario,Asfalto,No existe,II,S/D,Urbana,S/D,S/D,Intersección,S/D,S/D,Diurna,S/D,S/D,S/D,Colisión,S/D,S/D,Ninguna,S/D