anio_acci,nro_acci,fecha,desc_dia,fecha_aprox,hora_aprox,desc_ruta,km,cant_participantes,desc_participante,calle_avenida_km,total,heridos_leves,heridos_graves,heridos_gravisimos,ilesos,fallecidos,sin_datos,posicion_XY,desc_tipo_via,desc_ruta_ori,desc_loc,desc_dpto,desc_tipo_calzada,desc_tipo_banquina,desc_unidad_regional,desc_lugar_calzada,desc_zona,desc_prioridad,desc_estado_semaforo,desc_lugar_via,desc_estado_via,desc_estado_visibilidad,desc_luminosidad,desc_estado_clima,desc_tipo_colision,desc_tipo_atropello,desc_tipo_hecho,desc_pres_calzada,desc_senializacion,desc_separacion_via,desc_restriccion
2018,5145,2018-04-06,Viernes,0,10:15:00,,0.0,3,"Automóvil,Automóvil,Automóvil",9 De Julio Y Dorrego,5,2,0,0,3,0,0,"-32.951873415737, -60.651093720127",Calle,,ROSARIO,Rosario,Asfalto,No existe,II,S/D,Urbana,Semáforo,Funciona,Intersección,S/D,S/D,Diurna,Lluvia,S/D,S/D,Colisión,Agua,Vertical,Ninguna,S/D
2018,5146,2018-04-11,Miercoles,0,17:05:00,,0.0,2,"Bicicleta,Automóvil",3 De Febrero 1200,2,1,0,0,1,0,0,"-32.952431315212, -60.641351936985",Calle,,ROSARIO,Rosario,Asfalto,No existe,II,S/D,Urbana,S/D,S/D,Recta,Bueno,S/D,Diurna,S/D,S/D,Ciclista,Atropello,S/D,S/D,S/D,S/D
2018,5147,2018-04-13,Viernes,0,18:30:00,,0.0,2,"Automóvil,Automóvil",9 De Julio Y Balcarce,2,1,0,0,1,0,0,"-32.951358431606, -60.653754471470",Calle,,ROSARIO,Rosario,Asfalto,No existe,II,S/D,Urbana,S/D,S/D,Intersección,S/D,S/D,Atardecer,S/D,S/D,S/D,Colisión,S/D,S/D,Ninguna,S/D
2018,5148,2018-04-14,Sabado,0,09:00:00,,0.0,2,"Automóvil,Moto/Ciclomotor",Cerrito Y Necochea,3,1,0,0,2,0,0,"-32.964361780910, -60.628005264927",Calle,,ROSARIO,Rosario,Asfalto,No existe,II,S/D,Urbana,Señal Pare,No existe,S/D,Bueno,Buena,Diurna,S/D,S/D,S/D,Colisión,S/D,S/D,Ninguna,S/D
2018,5149,2018-04-14,Sabado,0,07:55:00,,0.0,2,"Moto/Ciclomotor,Automóvil",Mendoza Y Dorrego,2,1,0,0,1,0,0,"-32.949513071803, -60.650514362980",Calle,,ROSARIO,Rosario,Asfalto,No existe,II,S/D,Urbana,Semáforo,Funciona,Intersección,S/D,S/D,Diurna,S/D,Lateral,S/D,Colisión,S/D,Vertical,Ninguna,S/D
2018,5150,2018-04-15,Domingo,0,08:10:00,,0.0,2,"Taxi/Remis,Moto/Ciclomotor",Av. Illia Y Sarmiento,2,0,1,0,1,0,0,"-32.939835661678, -60.636545418430",Calle,,ROSARIO,Rosario,Asfalto,No existe,II,S/D,Urbana,Semáforo,S/D,Intersección,S/D,S/D,Diurna,S/D,S/D,S/D,Colisión,S/D,S/D,Ninguna,S/D
2018,5152,2018-08-19,Domingo,0,14:40:00,Ruta Nacional 175,2.0,2,"Moto/Ciclomotor,Moto/Ciclomotor",Cordoba Y San Luis,3,1,0,0,1,0,1,"-32.71588, -60.74063",Ruta,175,PUERTO SAN MARTÍN,San Lorenzo,Asfalto,No existe,XVII,Dentro,Urbana,Ninguna,No existe,Intersección,Bueno,Buena,Diurna,Buen Tiempo,Frontal,S/D,Colisión,Ninguna,Horizontal,Ninguna,Sin restricción
2018,5153,2018-08-08,Miercoles,0,21:00:00,,0.0,2,"Moto/Ciclomotor,Moto/Ciclomotor",Maestra Barragan - Ex Bs.As. Y Sarmiento,2,1,0,0,1,0,0,"-32.789262755030, -60.726110258374",Calle,,FRAY LUIS BELTRÁN,San Lorenzo,Asfalto,Pavimento,XVII,Dentro,Urbana,Ninguna,No existe,Intersección,Bueno,Buena,Nocturna,Buen Tiempo,Lateral,S/D,Colisión,Ninguna,S/D,Ninguna,Sin restricción
2018,5154,2018-08-29,Miercoles,0,21:00:00,,0.0,2,"Bicicleta,Automóvil",Italia 64,2,1,0,0,1,0,0,"-33.26062, -60.38137",Avenida,,EMPALME VILLA CONSTITUCIÓN,Constitución,Hormigón,Pavimento,VI,Dentro,Urbana,Ninguna,No existe,Recta,Deteriorada,Buena,"Nocturna,Con luz artificial",Buen Tiempo,Otro,Ciclista,"Caída ocupante,Atropello",Ninguna,Vertical,Ninguna,Sin restricción
2018,5155,2018-02-04,Domingo,0,03:00:00,,0.0,1,Otros,A F Temporelli ,1,1,0,0,0,0,0,"-33.03646, -60.64699",Calle,,VILLA GOBERNADOR GÁLVEZ,Rosario,S/D,S/D,II,S/D,Urbana,S/D,S/D,S/D,S/D,S/D,S/D,S/D,S/D,S/D,S/D,S/D,S/D,S/D,S/D
2018,5156,2018-02-05,Lunes,0,01:00:00,,0.0,2,"Moto/Ciclomotor,Otros",San Martin Y Centenario,2,1,0,0,0,0,1,"-33.00425, -60.64952",Calle,,ROSARIO,Rosario,S/D,S/D,II,S/D,Urbana,S/D,S/D,S/D,S/D,S/D,S/D,S/D,S/D,S/D,Colisión,S/D,S/D,S/D,S/D
2018,5157,2018-08-19,Domingo,0,08:50:00,Ruta Nacional 175,2.5,1,Automóvil,Cordoba 1900,2,1,0,0,1,0,0,"-32.71483, -60.74652",Ruta,175,PUERTO SAN MARTÍN,San Lorenzo,Asfalto,No existe,XVII,Fuera,Urbana,Ninguna,No existe,Recta,Bueno,Buena,Diurna,Buen Tiempo,Contra objeto fijo,S/D,Colisión,Ninguna,Horizontal,Ninguna,Sin restricción
2018,5158,2018-02-11,Domingo,0,18:00:00,,0.0,2,"Moto/Ciclomotor,Otros",ESPINOSA Y ROUILLON,2,0,1,0,0,0,1,"-32.97667, -60.70081",Calle,,ROSARIO,Rosario,S/D,S/D,II,S/D,Urbana,S/D,S/D,S/D,S/D,S/D,S/D,S/D,S/D,S/D,Colisión,S/D,S/D,S/D,S/D
2018,5159,2018-02-13,Martes,0,01:00:00,,0.0,2,"Moto/Ciclomotor,Otros",Ayolas ,2,1,0,0,0,0,1,"-32.97906, -60.63311",Calle,,ROSARIO,Rosario,S/D,S/D,II,S/D,Urbana,S/D,S/D,S/D,S/D,S/D,S/D,S/D,S/D,S/D,Colisión,S/D,S/D,S/D,S/D
2018,5160,2018-08-01,Miercoles,0,17:10:00,Ruta Provincial 21,0.0,2,"Moto/Ciclomotor,Automóvil", ,2,1,0,0,0,0,1,"-33.18887, -60.47049",Ruta,21,FIGHIERA,Rosario,Asfalto,Natural,II,S/D,Urbana,S/D,S/D,Recta,Bueno,S/D,Diurna,S/D,S/D,S/D,Colisión,S/D,S/D,S/D,Sin restricción
2018,5161,2018-08-28,Martes,0,,,0.0,1,Moto/Ciclomotor,Pellegrini ,1,0,1,0,0,0,0,"-33.25533, -60.37729",S/D,,EMPALME VILLA CONSTITUCIÓN,Constitución,Asfalto,Natural,VI,Fuera,Rural,Otra Señal,No existe,Recta,Otro,Reducida p/ objetos,Nocturna,Buen Tiempo,Contra objeto fijo,S/D,Caída ocupante,Ninguna,Faltante,Línea divisoria pintada,Obra en Construcción
2018,5162,2018-02-13,Martes,0,08:30:00,,0.0,2,"Moto/Ciclomotor,Otros", ,2,0,1,0,0,0,1,"-32.90078, -60.91026",S/D,,ROLDÁN,San Lorenzo,S/D,S/D,XVII,S/D,S/D,S/D,S/D,S/D,S/D,S/D,S/D,S/D,S/D,S/D,Colisión,S/D,S/D,S/D,S/D
2018,5163,2018-07-29,Domingo,0,17:00:00,,0.0,2,"Moto/Ciclomotor,Automóvil",Acevedo Bis Y Pje. Nazca,2,1,0,0,1,0,0,"-32.916436336858, -60.749132067033",Calle,,ROSARIO,Rosario,Asfalto,No existe,II,Dentro,Urbana,Ninguna,No existe,Intersección,Bueno,Buena,Diurna,Otro,Lateral,S/D,Colisión,Ninguna,Faltante,Ninguna,S/D
2018,5164,2018-07-06,Viernes,0,05:45:00,Ruta Nacional 9,0.0,2,"Automóvil,Automóvil",Av. Eva Peron Y Acevedo Bis,2,1,0,0,1,0,0,"-32.926666282041, -60.749834805795",Ruta,9,ROSARIO,Rosario,Asfalto,Pavimento,II,Dentro,Urbana,Semáforo,Funciona,Intersección,Otro,Buena,Nocturna,Otro,Lateral,S/D,Colisión,Otro,Vertical,Línea divisoria pintada,S/D
2018,5165,2018-03-01,Jueves,0,15:20:00,,0.0,2,"Automóvil,Bicicleta",Dorrego Y Bv. Segui,2,1,0,0,1,0,0,"-32.977055555556,-60.657444444444",Calle,,ROSARIO,Rosario,Asfalto,No existe,II,Dentro,Urbana,Ninguna,No existe,Intersección,Bueno,S/D,Diurna,S/D,S/D,Ciclista,Atropello,Ninguna,Faltante,Vegetación,Sin restricción
2018,5166,2018-03-01,Jueves,0,09:35:00,,0.0,2,"Moto/Ciclomotor,Camión c / Acoplado",Av Filipini 1421,2,1,0,0,1,0,0,"-33.018454,-60.636234",Calle,,VILLA GOBERNADOR GÁLVEZ,Rosario,Asfalto,No existe,II,Dentro,Urbana,Ninguna,No existe,Intersección,Bueno,S/D,Diurna,S/D,S/D,S/D,Colisión,Ninguna,Faltante,Ninguna,Sin restricción
2018,5167,2018-07-21,Sabado,0,12:25:00,,0.0,2,"Pickup/Utilitario,Moto/Ciclomotor",Ricardo Gutierrez Y Bv. Rondeau,2,1,0,0,1,0,0,"-32.881470, -60.696310",Avenida,,ROSARIO,Rosario,Asfalto,No existe,II,Dentro,Urbana,Semáforo,Funciona,Intersección,Bueno,Buena,Diurna,Buen Tiempo,De alcance,S/D,Colisión,Ninguna,"Horizontal,Vertical","Cordón divisorio,Vegetación,Línea divisoria pintada",Sin restricción
2018,5168,2018-07-14,Sabado,0,18:00:00,,0.0,2,"Pickup/Utilitario,Moto/Ciclomotor",Bolivia Bis Y F.M.Esquiu,2,1,0,0,1,0,0,"-32.923166065933, -60.714587457878",Calle,,ROSARIO,Rosario,Asfalto,No existe,II,Dentro,Urbana,Ninguna,No existe,Recta,Bueno,S/D,Diurna,Otro,Frontal,S/D,Colisión,Otro,Faltante,Ninguna,S/D
2018,5169,2018-07-19,Jueves,0,11:45:00,,0.0,2,"Automóvil,Moto/Ciclomotor",Iturraspe 3800,2,0,1,0,1,0,0,"-32.878450, -60.688425",Calle,,ROSARIO,Rosario,Asfalto,No existe,II,Dentro,Urbana,Ninguna,No existe,Cruce,Bueno,S/D,Diurna,Buen Tiempo,De alcance,S/D,Colisión,Ninguna,Faltante,Ninguna,Sin restricción
2018,5170,2018-07-07,Sabado,0,19:10:00,,0.0,2,"Moto/Ciclomotor,Moto/Ciclomotor",Matheu Y Bv. Rondeau,2,1,0,0,1,0,0,"-32.888413, -60.694217",Avenida,,ROSARIO,Rosario,Asfalto,No existe,II,Dentro,Urbana,Semáforo,Funciona,Intersección,Bueno,Buena,Atardecer,Buen Tiempo,Frontal,S/D,Colisión,Ninguna,"Horizontal,Vertical","Cordón divisorio,Vegetación",Sin restricción
2018,5171,2018-07-30,Lunes,0,12:50:00,,0.0,2,"Automóvil,Bicicleta",Bv. Rondeau 3400,2,1,0,0,1,0,0,"-32.883726, -60.695474",Avenida,,ROSARIO,Rosario,Asfalto,No existe,II,Dentro,Urbana,Ninguna,Funciona,Recta,Bueno,Buena,Diurna,Buen Tiempo,S/D,Ciclista,Atropello,Ninguna,Vertical,"Cordón divisorio,Vegetación",Sin restricción
2018,5172,2018-02-06,Martes,0,08:55:00,Autopista Nacional A008,0.0,1,Pickup/Utilitario,Av. Circunvalacion Y Av. Pte.Peron,3,2,0,0,0,1,0,"-32.97066,-60.71673",Autopista,A008,ROSARIO,Rosario,Asfalto,No existe,II,S/D,Urbana,Ninguna,No existe,Intersección,Bueno,S/D,Diurna,S/D,S/D,S/D,Vuelco,Ninguna,Faltante,"Ninguna,S/D",Sin restricción
2018,5173,2018-04-20,Viernes,0,09:00:00,,0.0,2,"Automóvil,Peatón",Mendoza Y Servando Bayo,2,1,0,0,1,0,0,"-32.943286859484, -60.685901054916",Calle,,ROSARIO,Rosario,Asfalto,No existe,II,Dentro,Urbana,Ninguna,No existe,Intersección,Bueno,Buena,Diurna,Buen Tiempo,S/D,Peatón,Atropello,Ninguna,Horizontal,S/D,Sin restricción
2018,5174,2018-07-13,Viernes,0,20:30:00,,0.0,2,"Automóvil,Moto/Ciclomotor",Junin Y Roullon Bis,2,1,0,0,1,0,0,"-32.927270850889, -60.702762654385",Calle,,ROSARIO,Rosario,Asfalto,No existe,II,Dentro,Urbana,Ninguna,No existe,Intersección,S/D,Buena,Nocturna,S/D,Lateral,S/D,Colisión,S/D,Faltante,Ninguna,S/D
2018,5175,2018-07-03,Martes,0,07:15:00,,0.0,2,"Bicicleta,Moto/Ciclomotor",Salta Y Ricchieri,3,1,0,0,2,0,0,"-32.935033, -60.661046",Calle,,ROSARIO,Rosario,Asfalto,No existe,II,Dentro,Urbana,Semáforo,Funciona,Intersección,Bueno,S/D,Diurna,Buen Tiempo,S/D,Ciclista,Atropello,Ninguna,"Horizontal,Vertical",Línea divisoria pintada,Sin restricción
2018,5176,2018-07-04,Miercoles,0,14:30:00,,0.0,2,"Camión,Moto/Ciclomotor",Junin 6554,2,1,0,0,1,0,0,"-32.927517614118, -60.711501291355",Calle,,ROSARIO,Rosario,Asfalto,No existe,II,Dentro,Urbana,S/D,No existe,Intersección,Bueno,Buena,Diurna,S/D,Lateral,S/D,Colisión,S/D,Faltante,Ninguna,S/D
2018,5177,2018-02-07,Miercoles,0,12:15:00,,0.0,1,Moto/Ciclomotor,Av J Ortiz Y Almirante brown,1,0,0,0,0,1,0,"-31.90221,-61.87083",Calle,,SAN JORGE,San Martín,S/D,S/D,XVIII,S/D,Urbana,S/D,S/D,S/D,S/D,S/D,Diurna,S/D,Contra objeto fijo,S/D,Colisión,S/D,S/D,S/D,S/D
2018,5178,2018-04-05,Jueves,0,12:45:00,,0.0,2,"Moto/Ciclomotor,Automóvil",Montevideo Y Pueyrredon,2,1,0,0,1,0,0,"-32.952728235217, -60.659808525619",Calle,,ROSARIO,Rosario,Asfalto,No existe,II,Dentro,Urbana,Señal Pare,No existe,Recta,Bueno,Buena,Diurna,Buen Tiempo,De alcance,S/D,Colisión,Ninguna,Vertical,S/D,Sin restricción
2018,5179,2018-07-13,Viernes,0,18:30:00,,0.0,2,"Peatón,Transporte de Pasajeros Urbano (> 8 asientos)",Av. Alberdi Bis Y J.J.Paso,2,0,1,0,1,0,0,"-32.919319, -60.682446",Avenida,,ROSARIO,Rosario,Asfalto,No existe,II,Dentro,Urbana,Semáforo,Funciona,Intersección,Bueno,Buena,Atardecer,Buen Tiempo,S/D,Peatón,Atropello,Ninguna,"Horizontal,Vertical","Cordón divisorio,Vegetación,Línea divisoria pintada",Sin restricción
2018,5180,2018-07-20,Viernes,0,14:00:00,,0.0,2,"Peatón,Bicicleta",J.J.Paso Y Av. Alberdi Bis,2,1,0,0,1,0,0,"-32.919319, -60.682446",Avenida,,ROSARIO,Rosario,Asfalto,No existe,II,Dentro,Urbana,Semáforo,Funciona,Intersección,Bueno,S/D,Diurna,S/D,S/D,Peatón,Atropello,S/D,"Horizontal,Vertical","Cordón divisorio,Línea divisoria pintada",Sin restricción
2018,5181,2018-02-09,Viernes,0,09:00:00,Ruta Nacional 34,0.0,2,"Pickup/Utilitario,Camión c / Semirremolque",Ruta Nacional 34 Y Ruta Nacional 65,7,3,1,0,0,3,0,"-32.38249,-61.35424",Ruta,34,SAN GENARO,San Jerónimo,Asfalto,Natural,XV,S/D,Rural,Ninguna,No existe,Cruce,Bueno,S/D,Diurna,S/D,Lateral,S/D,Colisión,Ninguna,S/D,"Ninguna,S/D",Sin restricción
2018,5182,2018-07-15,Domingo,0,19:00:00,,0.0,2,"Moto/Ciclomotor,Automóvil",Cam De Las Carretas 8730,3,2,0,0,0,0,1,"-32.934388961700, -60.748980592274",Calle,,ROSARIO,Rosario,Asfalto,No existe,II,Fuera,Urbana,Ninguna,No existe,Recta,Deteriorada,Buena,Nocturna,S/D,De alcance,S/D,Colisión,S/D,Faltante,Ninguna,Sin restricción
2018,5183,2018-07-28,Sabado,0,12:00:00,,0.0,2,"Moto/Ciclomotor,Peatón",Av. Genova Y Av. Alberdi Bis,2,1,0,0,1,0,0,"-32.915185, -60.685799",Avenida,,ROSARIO,Rosario,Asfalto,No existe,II,Dentro,Urbana,Semáforo,Funciona,Intersección,Bueno,S/D,Diurna,Buen Tiempo,S/D,Peatón,Atropello,Ninguna,"Horizontal,Vertical","Cordón divisorio,Línea divisoria pintada",S/D
2018,5184,2018-07-09,Lunes,0,20:00:00,,0.0,2,"Automóvil,Moto/Ciclomotor",J.J.Paso 5802,4,1,1,0,2,0,0,"-32.919919, -60.702850",Avenida,,ROSARIO,Rosario,Asfalto,No existe,II,Dentro,Urbana,Paso Peatonal,No existe,Recta,Bueno,Buena,"Nocturna,Con luz artificial",Buen Tiempo,De alcance,S/D,Colisión,Ninguna,Horizontal,Línea divisoria pintada,Sin restricción
2018,5185,2018-04-23,Lunes,0,20:15:00,,0.0,2,"Automóvil,Automóvil",3 De Febrero Y Castellanos,6,2,0,0,4,0,0,"-32.946158700144, -60.676720161860",Calle,,ROSARIO,Rosario,Asfalto,No existe,II,Dentro,Urbana,Ninguna,No existe,Intersección,Bueno,Buena,Nocturna,Buen Tiempo,Lateral,S/D,Colisión,Ninguna,Faltante,Ninguna,Sin restricción
2018,5186,2018-07-16,Lunes,0,14:00:00,Autopista Nacional A008,0.0,2,"Peatón,Moto/Ciclomotor",J.M.de Rosas Y Monte Flores,2,1,0,0,1,0,0,"-32.957945126431, -60.721990579013",Autopista,A008,ROSARIO,Rosario,Asfalto,Natural,II,Dentro,Urbana,Ninguna,No existe,Otro,Bueno,Buena,Diurna,Buen Tiempo,S/D,Peatón,Atropello,S/D,Faltante,"Cordón divisorio,Línea divisoria pintada,Ninguna",Sin restricción
2018,5187,2018-07-26,Jueves,0,21:35:00,,0.0,3,"Camión Chasis,Automóvil,Automóvil",Av. Sorrento Y Av. Provincias Unidas,8,7,0,0,1,0,0,"-32.908025, -60.713872",Avenida,,ROSARIO,Rosario,Asfalto,No existe,II,Dentro,Urbana,Señal Ceda el Paso,No existe,Recta,Bueno,S/D,Nocturna,Buen Tiempo,Múltiple,S/D,Colisión,S/D,Vertical,Ninguna,S/D
2018,5188,2018-02-16,Viernes,0,03:00:00,Ruta Provincial 1,0.0,1,Automóvil, ,1,0,0,0,0,1,0,"-29.89332,-59.82405",Ruta,1,ALEJANDRA,San Javier,S/D,S/D,XV,S/D,Rural,S/D,S/D,S/D,S/D,S/D,Nocturna,S/D,Contra objeto fijo,S/D,Colisión,S/D,S/D,S/D,S/D
2018,5189,2018-07-03,Martes,0,12:30:00,,0.0,2,"Moto/Ciclomotor,Camión Chasis",Tarragona Bis Y Ayala Gauna,2,1,0,0,1,0,0,"-32.911890725795, -60.735305812215",Calle,,ROSARIO,Rosario,Asfalto,No existe,II,Dentro,Urbana,S/D,No existe,S/D,S/D,S/D,Diurna,S/D,S/D,S/D,Colisión,S/D,Faltante,Ninguna,S/D
2018,5190,2018-07-30,Lunes,0,11:20:00,,0.0,2,"Automóvil,Moto/Ciclomotor",G.Carrasco Y Solis Bis,3,1,0,0,2,0,0,"-32.920761, -60.704167",Calle,,ROSARIO,Rosario,Asfalto,No existe,II,Dentro,Urbana,Ninguna,No existe,Intersección,Bueno,Buena,Diurna,Buen Tiempo,S/D,S/D,Colisión,S/D,Faltante,Ninguna,Sin restricción
2018,5191,2018-07-18,Miercoles,0,13:25:00,,0.0,2,"Moto/Ciclomotor,Automóvil",Av. Jorge Newbery Y Tarragona,3,2,0,0,1,0,0,"-32.908429669671, -60.735493952348",Avenida,,ROSARIO,Rosario,Asfalto,No existe,II,Dentro,Urbana,Señal Pare,No existe,Intersección,S/D,S/D,Diurna,S/D,Lateral,S/D,Colisión,S/D,Vertical,Ninguna,S/D
2018,5192,2018-07-31,Martes,0,21:15:00,,0.0,2,"Automóvil,Moto/Ciclomotor",Brasil Y J.J.Paso,3,1,1,0,1,0,0,"-32.920549, -60.720442",Calle,,ROSARIO,Rosario,Asfalto,No existe,II,Dentro,Urbana,Ninguna,No existe,Intersección,Bueno,S/D,Nocturna,S/D,S/D,S/D,Colisión,S/D,Faltante,Cordón divisorio,S/D
2018,5193,2018-04-27,Viernes,0,17:30:00,,0.0,2,"Peatón,Otros",Av. Pellegrini Y Vera Mujica,2,1,0,0,0,0,1,"-32.952165104635, -60.669715727218",Calle,,ROSARIO,Rosario,Asfalto,No existe,II,Dentro,Urbana,Ninguna,Funciona,Intersección,Bueno,Buena,Diurna,Buen Tiempo,S/D,Peatón,Atropello,Ninguna,Vertical,Cordón divisorio,Sin restricción
2018,5194,2018-07-06,Viernes,0,00:30:00,Autopista Nacional A008,0.0,2,"Moto/Ciclomotor,Automóvil",J.M.de Rosas Y J.B.Justo,3,2,0,0,1,0,0,"-32.915187092686, -60.724643229979",Autopista,A008,ROSARIO,Rosario,Asfalto,No existe,II,Dentro,Urbana,S/D,No existe,Intersección,Resbaladiza,Reducida,Nocturna,Lluvia,S/D,Ciclista,Atropello,Agua,Faltante,Ninguna,S/D
2018,5195,2018-07-04,Miercoles,0,19:50:00,,0.0,2,"Moto/Ciclomotor,Automóvil",Alsina 3800,3,1,1,0,1,0,0,"-32.974489802150, -60.685232876469",Calle,,ROSARIO,Rosario,Asfalto,No existe,II,Dentro,Urbana,Ninguna,No existe,Intersección,Deteriorada,Buena,Nocturna,Buen Tiempo,Lateral,S/D,Colisión,Ninguna,Faltante,Ninguna,Sin restricción
2018,5196,2018-07-25,Miercoles,0,15:10:00,,0.0,2,"Moto/Ciclomotor,Automóvil",Schweitzer Y Donado,3,1,0,0,2,0,0,"-32.913513394261, -60.728140830534",Calle,,ROSARIO,Rosario,Asfalto,No existe,II,Dentro,Urbana,S/D,No existe,Intersección,S/D,S/D,Diurna,S/D,Lateral,S/D,Colisión,S/D,Faltante,Cordón divisorio,S/D
2018,5197,2018-07-06,Viernes,0,11:55:00,,0.0,2,"Moto/Ciclomotor,Pickup/Utilitario",Lamadrid Y Crespo,3,1,0,0,2,0,0,"-32.998106, -60.680753",Calle,,ROSARIO,Rosario,Asfalto,No existe,II,Dentro,Urbana,Ninguna,No existe,Intersección,Bueno,Buena,Diurna,Buen Tiempo,Lateral,S/D,Colisión,Ninguna,Faltante,Ninguna,Sin restricción
2018,5198,2018-03-01,Jueves,0,01:35:00,,0.0,2,"Taxi/Remis,Moto/Ciclomotor",J.J.Paso Y Chaco Bis,2,1,0,0,1,0,0,"-32.919638888889,-60.693944444444",Calle,,ROSARIO,Rosario,Asfalto,No existe,II,Dentro,Urbana,Marca Vial,No existe,Paso a Nivel FFCC,Bueno,S/D,Nocturna,S/D,S/D,S/D,Colisión,Ninguna,"Horizontal,Vertical",Ninguna,Sin restricción
2018,5199,2018-07-02,Lunes,0,06:00:00,Ruta Nacional 9,0.0,2,"Bicicleta,Moto/Ciclomotor",Ruta Nacional 9 Y Hipolito Irigoyen,2,1,0,0,1,0,0,"-32.921576247871, -60.811047032682",Ruta,9,FUNES,Rosario,Asfalto,No existe,II,Dentro,Urbana,Semáforo,Funciona,Intersección,Bueno,Buena,Amanecer,Buen Tiempo,S/D,Ciclista,Atropello,Ninguna,Vertical,Línea divisoria pintada,Sin restricción
2018,5200,2018-03-01,Jueves,0,22:10:00,Ruta Provincial 2,347.0,1,Camión c / Acoplado, ,3,0,2,0,1,0,0,"-29.274339,-61.759436",Ruta,2,LOGROÑO,9 de Julio,Asfalto,No existe,XII,Dentro,Rural,Ninguna,No existe,Recta,Bueno,S/D,Nocturna,S/D,S/D,S/D,Vuelco,Ninguna,Horizontal,Línea divisoria pintada,Sin restricción
2018,5201,2018-07-08,Domingo,0,19:30:00,,0.0,2,"Moto/Ciclomotor,Automóvil",Av. Ovidio Lagos 3800,3,1,0,0,2,0,0,"-32.977284, -60.669896",Avenida,,ROSARIO,Rosario,Asfalto,No existe,II,Dentro,Urbana,Semáforo,No existe,Intersección,Bueno,Buena,Nocturna,Buen Tiempo,Lateral,S/D,Colisión,Ninguna,"Horizontal,Vertical","Cordón divisorio,Línea divisoria pintada",Sin restricción
2018,5203,2018-02-28,Miercoles,0,19:00:00,,0.0,2,"Moto/Ciclomotor,Moto/Ciclomotor", ,2,2,0,0,0,0,0,"-29.116703,-59.656091",Calle,,AVELLANEDA,General Obligado,S/D,S/D,IX,Dentro,Urbana,S/D,S/D,S/D,S/D,S/D,Atardecer,S/D,S/D,S/D,Colisión,S/D,S/D,S/D,S/D
2018,5204,2018-07-10,Martes,0,08:40:00,Autopista Nacional Rosario -Cordoba,305.0,1,Pickup/Utilitario, ,3,3,0,0,0,0,0,"-32.902445994639, -60.925620142113",Autopista,Rosario -Córdoba,FUNES,Rosario,Asfalto,Natural,II,Dentro,Urbana,Ninguna,No existe,Recta,Bueno,Buena,Diurna,Buen Tiempo,S/D,S/D,Vuelco,Ninguna,Horizontal,Vegetación,Sin restricción
2018,5205,2018-03-03,Sabado,0,16:20:00,,0.0,2,"Automóvil,Automóvil",Bv. Oro?o Y Saavedra,2,1,0,0,1,0,0,"-32.975194444444,-60.661416666667",Calle,,ROSARIO,Rosario,Asfalto,No existe,II,Dentro,Urbana,Semáforo,Funciona,Intersección,Bueno,S/D,Diurna,S/D,S/D,S/D,Colisión,Ninguna,"Horizontal,Vertical",Cordón divisorio,Sin restricción
2018,5206,2018-07-09,Lunes,0,21:50:00,,0.0,2,"Automóvil,Automóvil",Dr.Rivas Y Crespo,3,1,0,0,2,0,0,"-32.978282, -60.677648",Calle,,ROSARIO,Rosario,Asfalto,No existe,II,Dentro,Urbana,Ninguna,No existe,Recta,Bueno,Buena,Nocturna,Buen Tiempo,De alcance,S/D,Colisión,Ninguna,Faltante,Ninguna,Sin restricción
2018,5207,2018-07-16,Lunes,0,19:10:00,,0.0,2,"Automóvil,Bicicleta",Gral Paz Y Candelaria,2,1,0,0,1,0,0,"-32.914352387112, -60.811794798897",Calle,,FUNES,Rosario,Asfalto,No existe,II,Dentro,Urbana,Ninguna,No existe,Intersección,Bueno,Buena,Diurna,Buen Tiempo,S/D,Ciclista,Atropello,Ninguna,Faltante,Ninguna,Sin restricción
2018,5208,2018-07-08,Domingo,0,07:10:00,,0.0,2,"Automóvil,Automóvil",Bv. Avellaneda 4000,2,1,0,0,1,0,0,"-32.976355, -60.688594",Avenida,,ROSARIO,Rosario,Asfalto,No existe,II,Dentro,Urbana,Semáforo,Funciona,Intersección,Bueno,Buena,Amanecer,Buen Tiempo,Lateral,S/D,Colisión,Ninguna,Vertical,Ninguna,Sin restricción
2018,5209,2018-07-11,Miercoles,0,20:45:00,,0.0,2,"Moto/Ciclomotor,Automóvil",Av. Ovidio Lagos Y Av. Ing.Acevedo,2,1,0,0,1,0,0,"-32.984012, -60.671648",Avenida,,ROSARIO,Rosario,Asfalto,No existe,II,Dentro,Urbana,Semáforo,Funciona,Intersección,Bueno,Buena,Nocturna,Buen Tiempo,Lateral,S/D,Colisión,Ninguna,"Horizontal,Vertical","Cordón divisorio,Línea divisoria pintada",Sin restricción
2018,5210,2018-03-03,Sabado,0,01:10:00,Ruta Provincial 1,0.0,2,"Vehículo Oficial,Pickup/Utilitario", ,3,2,0,0,1,0,0,"-30.33365,-59.97946",Ruta,1,COLONIA TERESA,San Javier,Asfalto,S/D,XIV,S/D,Rural,S/D,S/D,Recta,Bueno,S/D,Nocturna,S/D,S/D,S/D,Colisión,Ninguna,S/D,S/D,S/D