anio_acci,nro_acci,fecha,desc_dia,fecha_aprox,hora_aprox,desc_ruta,km,cant_participantes,desc_participante,calle_avenida_km,total,heridos_leves,heridos_graves,heridos_gravisimos,ilesos,fallecidos,sin_datos,posicion_XY,desc_tipo_via,desc_ruta_ori,desc_loc,desc_dpto,desc_tipo_calzada,desc_tipo_banquina,desc_unidad_regional,desc_lugar_calzada,desc_zona,desc_prioridad,desc_estado_semaforo,desc_lugar_via,desc_estado_via,desc_estado_visibilidad,desc_luminosidad,desc_estado_clima,desc_tipo_colision,desc_tipo_atropello,desc_tipo_hecho,desc_pres_calzada,desc_senializacion,desc_separacion_via,desc_restriccion
2018,5211,2018-07-17,Martes,0,12:40:00,,0.0,2,"Moto/Ciclomotor,Automóvil",Cafferata Y Garay,2,1,0,0,0,0,1,"-32.968611, -60.678038",Calle,,ROSARIO,Rosario,Asfalto,No existe,II,Dentro,Urbana,Ninguna,No existe,Intersección,Deteriorada,S/D,Diurna,Buen Tiempo,Lateral,S/D,Colisión,S/D,Faltante,Ninguna,Sin restricción
2018,5212,2018-03-03,Sabado,0,,,0.0,2,"Moto/Ciclomotor,Pickup/Utilitario",Rivadavia Y 13 de Diciembre,2,1,0,0,1,0,0,"-31.903322,-61.859150",Calle,,SAN JORGE,San Martín,Asfalto,No existe,XVIII,Dentro,Urbana,Ninguna,No existe,Intersección,Bueno,S/D,S/D,S/D,S/D,S/D,Colisión,Ninguna,Faltante,Ninguna,Sin restricción
2018,5213,2018-03-04,Domingo,0,21:30:00,,0.0,2,"Moto/Ciclomotor,Moto/Ciclomotor",Cullen Y Av. Pellegrini,2,2,0,0,0,0,0,"-32.948555555556,-60.708722222222",Calle,,ROSARIO,Rosario,Asfalto,No existe,II,Dentro,Urbana,Semáforo,Funciona,Intersección,S/D,S/D,Nocturna,S/D,S/D,S/D,Colisión,Ninguna,"Horizontal,Vertical",Cordón divisorio,Sin restricción
2018,5214,2018-07-14,Sabado,0,03:35:00,,0.0,2,"Moto/Ciclomotor,Automóvil",Bv. Segui Y Lavalle,2,1,0,0,1,0,0,"-32.971886, -60.686011",Avenida,,ROSARIO,Rosario,Asfalto,No existe,II,Dentro,Urbana,Paso Peatonal,No existe,Intersección,Bueno,Buena,Nocturna,Buen Tiempo,Lateral,S/D,Colisión,Ninguna,Horizontal,Cordón divisorio,Sin restricción
2018,5215,2018-02-17,Sabado,0,06:00:00,Ruta Provincial 10,6.0,2,"Transporte de Pasajeros,Peatón", ,2,0,0,0,1,1,0,"-32.56793,-60.96656",Ruta,10,SERODINO,Iriondo,Asfalto,Natural,X,S/D,S/D,Ninguna,No existe,Recta,Bueno,S/D,Diurna,S/D,S/D,Peatón,Atropello,S/D,Faltante,"Ninguna,S/D",Sin restricción
2018,5216,2018-02-22,Jueves,0,03:30:00,Ruta Nacional 33,544.0,3,"Camión,Camión,Pickup/Utilitario", ,3,0,0,0,2,1,0,"-34.22659,-62.61426",Ruta,33,RUFINO,General López,Asfalto,Natural,VIII,S/D,Rural,Ninguna,No existe,Recta,Bueno,S/D,Nocturna,S/D,Múltiple,S/D,Colisión,Ninguna,Faltante,"Línea divisoria pintada,S/D",Sin restricción
2018,5217,2018-04-16,Lunes,0,18:30:00,,0.0,2,"Moto/Ciclomotor,Taxi/Remis",Entre Rios Y 9 De Julio,2,1,0,0,1,0,0,"-32.953305555556,-60.642805555556",Calle,,ROSARIO,Rosario,Asfalto,No existe,II,S/D,Urbana,S/D,Funciona,Intersección,S/D,S/D,Atardecer,S/D,S/D,S/D,Colisión,S/D,Vertical,S/D,S/D
2018,5218,2018-04-16,Lunes,0,09:10:00,,0.0,2,"Bicicleta,Automóvil",San Luis Y Mitre,2,1,0,0,1,0,0,"-32.948777777778,-60.640222222222",Calle,,ROSARIO,Rosario,S/D,No existe,II,S/D,Urbana,S/D,S/D,Intersección,S/D,S/D,Diurna,S/D,S/D,Ciclista,Atropello,S/D,S/D,S/D,S/D
2018,5219,2018-04-17,Martes,0,21:30:00,,0.0,2,"Peatón,Automóvil",Av. Pellegrini 1600,4,1,0,0,3,0,0,"-32.956027777778,-60.647861111111",Avenida,,ROSARIO,Rosario,S/D,No existe,II,S/D,Urbana,S/D,S/D,Recta,S/D,S/D,Nocturna,S/D,S/D,Peatón,Atropello,S/D,S/D,S/D,S/D
2018,5220,2018-04-18,Miercoles,0,14:20:00,,0.0,3,"Bicicleta,Bicicleta,Taxi/Remis",Riobamba Y Ayacucho,3,2,0,0,1,0,0,"-32.965027777778,-60.631055555556",Calle,,ROSARIO,Rosario,Asfalto,No existe,II,Dentro,Urbana,S/D,S/D,Intersección,S/D,S/D,Diurna,S/D,S/D,Ciclista,Atropello,S/D,S/D,S/D,S/D
2018,5221,2018-02-23,Viernes,0,04:20:00,Ruta Nacional 34,183.0,2,"Automóvil,Camión", ,2,0,0,0,1,1,0,"-31.583767, -61.539344",Ruta,34,ANGÉLICA,Castellanos,S/D,S/D,V,S/D,Rural,S/D,S/D,S/D,S/D,S/D,Nocturna,S/D,S/D,S/D,Colisión,S/D,S/D,S/D,S/D
2018,5222,2018-04-18,Miercoles,0,14:50:00,,0.0,2,"Peatón,Pickup/Utilitario",Av. Corrientes Y Urquiza,2,1,0,0,1,0,0,"-32.942194444444,-60.6415",Calle,,ROSARIO,Rosario,Asfalto,No existe,II,S/D,Urbana,S/D,S/D,Intersección,S/D,S/D,Diurna,S/D,S/D,Peatón,Atropello,S/D,S/D,S/D,S/D
2018,5223,2018-04-18,Miercoles,0,16:45:00,,0.0,2,"Bicicleta,Automóvil",Cordoba Y Alvear,2,1,0,0,1,0,0,"-32.943555555556,-60.654027777778",Calle,,ROSARIO,Rosario,S/D,No existe,II,S/D,Urbana,S/D,S/D,Recta,S/D,S/D,Diurna,S/D,S/D,Ciclista,Atropello,S/D,S/D,Ninguna,S/D
2018,5224,2018-08-21,Martes,0,08:00:00,,0.0,2,"Automóvil,Automóvil",MORROW Y CULLEN Y UGARTE,3,1,0,0,2,0,0,"-32.87818, -60.73547",Calle,,ROSARIO,Rosario,Ripio,No existe,II,S/D,Urbana,Ninguna,No existe,Intersección,Deteriorada,Buena,Diurna,Buen Tiempo,Lateral,S/D,Colisión,Ninguna,Faltante,Ninguna,Sin restricción
2018,5225,2018-08-17,Viernes,0,13:30:00,,0.0,2,"Moto/Ciclomotor,Automóvil",Grandoli Y Polledo,2,1,0,0,1,0,0,"-32.8868, -60.72054",Calle,,ROSARIO,Rosario,Asfalto,No existe,II,S/D,Urbana,Ninguna,No existe,Intersección,Otro,Buena,Diurna,Buen Tiempo,S/D,S/D,Colisión,Ninguna,Faltante,Ninguna,Sin restricción
2018,5226,2018-08-17,Viernes,0,07:50:00,,0.0,2,"Automóvil,Camión Chasis",COLECTORA NORTE-SUR ,4,2,0,0,2,0,0,"-32.9587, -60.69303",S/D,,ROSARIO,Rosario,S/D,S/D,II,S/D,Urbana,S/D,S/D,S/D,S/D,S/D,S/D,S/D,S/D,S/D,S/D,S/D,S/D,S/D,S/D
2018,5227,2018-08-17,Viernes,0,09:00:00,,0.0,2,"Automóvil,Bicicleta",Av. Jorge Newbery Y Garcia del Cossio Bis,2,1,0,0,1,0,0,"-32.90883, -60.74702",Avenida,,ROSARIO,Rosario,Asfalto,Pavimento,II,S/D,Urbana,Ninguna,No existe,Intersección,Deteriorada,Buena,Diurna,Buen Tiempo,Lateral,Ciclista,Atropello,Ninguna,Faltante,Ninguna,Sin restricción
2018,5228,2018-08-26,Domingo,0,20:00:00,Ruta Secundaria 34-s,0.0,2,"Pickup/Utilitario,Automóvil", ,3,1,0,0,2,0,0,"-32.852089443055, -60.752041203891",Ruta,34-s,IBARLUCEA,Rosario,Asfalto,Natural,II,Dentro,Rural,Ninguna,No existe,Recta,Bueno,Buena,Nocturna,Buen Tiempo,De alcance,S/D,Otro,Ninguna,Horizontal,Ninguna,Sin restricción
2018,5229,2018-08-28,Martes,0,16:50:00,Ruta Nacional 34,0.0,2,"Automóvil,Pickup/Utilitario",25 de Mayo Y Ruta Nac 34,4,1,0,0,3,0,0,"-32.85333, -60.78207",Ruta,34,IBARLUCEA,Rosario,Asfalto,No existe,II,Dentro,Urbana,Señal Pare,No existe,Intersección,Bueno,Buena,Diurna,Buen Tiempo,S/D,S/D,Colisión,Ninguna,Vertical,Ninguna,Sin restricción
2018,5230,2018-08-27,Lunes,0,12:10:00,,0.0,2,"Moto/Ciclomotor,Pickup/Utilitario",3 Venezuela ,2,1,0,0,1,0,0,"-33.01672, -60.74699",S/D,,SOLDINI,Rosario,Tierra,No existe,II,Dentro,Rural,Ninguna,No existe,Intersección,Otro,"Buena,Reducida polvo",Diurna,Buen Tiempo,Lateral,S/D,Colisión,Ninguna,Faltante,Ninguna,Sin restricción
2018,5231,2018-07-16,Lunes,0,11:00:00,Ruta Nacional 9,0.0,2,"Moto/Ciclomotor,Automóvil",Mitre 200,2,1,0,0,1,0,0,"-32.923008620793, -60.800538537359",Ruta,9,FUNES,Rosario,Asfalto,No existe,II,Dentro,Urbana,Semáforo,Funciona,Recta,Bueno,Buena,Diurna,Buen Tiempo,Lateral,S/D,Colisión,Ninguna,Vertical,Línea divisoria pintada,Sin restricción
2018,5232,2018-07-10,Martes,0,19:30:00,Autopista Nacional 9,0.0,2,"Automóvil,Moto/Ciclomotor",Cochet Y Ruta Nacional 9,3,2,0,0,1,0,0,"-32.922439992482, -60.806074616766",Autopista,9,FUNES,Rosario,Asfalto,No existe,II,Dentro,Urbana,Señal Pare,No existe,Intersección,S/D,Buena,Nocturna,Buen Tiempo,Frontal,S/D,Colisión,Ninguna,Vertical,Línea divisoria pintada,Sin restricción
2018,5233,2018-07-08,Domingo,0,22:50:00,,0.0,2,"Moto/Ciclomotor,Automóvil",Av. Ovidio Lagos Y Prevision y Hogar,3,1,0,0,2,0,0,"-33.017731, -60.679209",Calle,,ROSARIO,Rosario,Hormigón,No existe,II,Dentro,Urbana,Semáforo,Funciona,Recta,Bueno,Buena,"Nocturna,Con luz artificial",Buen Tiempo,De alcance,S/D,Colisión,Ninguna,"Horizontal,Vertical",Cordón divisorio,Sin restricción
2018,5234,2018-07-05,Jueves,0,20:45:00,,0.0,2,"Moto/Ciclomotor,Automóvil",Flor De Nacar Y Rosa Silvestre,2,1,0,0,1,0,0,"-33.018717, -60.660549",Calle,,ROSARIO,Rosario,Asfalto,No existe,II,Dentro,Urbana,Ninguna,No existe,Intersección,Bueno,Buena,Nocturna,Buen Tiempo,Frontal,S/D,Colisión,Ninguna,Faltante,Ninguna,Sin restricción
2018,5235,2018-02-24,Sabado,0,02:30:00,Ruta Provincial 13,82.0,2,"Automóvil,Automóvil", ,2,1,0,0,0,1,0,"-31.797101, -61.821811",Ruta,13,SASTRE,San Martín,S/D,S/D,XVIII,S/D,S/D,S/D,S/D,S/D,S/D,S/D,Nocturna,S/D,De alcance,S/D,"Colisión,Incendio",S/D,S/D,S/D,S/D
2018,5236,2018-07-24,Martes,0,11:00:00,Ruta Secundaria 34-s,0.0,2,"Taxi/Remis,Automóvil",GALINDO Y COLECTORA AUTOPISTA ROSARIO-CORDOBA,3,1,0,0,2,0,0,"-32.938865904485, -60.820298132826",Ruta,34-s,FUNES,Rosario,Asfalto,Natural,II,Dentro,Rural,Ninguna,No existe,Intersección,Bueno,Buena,Diurna,Buen Tiempo,Lateral,S/D,Colisión,Ninguna,Horizontal,Línea divisoria pintada,Sin restricción
2018,5237,2018-07-06,Viernes,0,13:25:00,,0.0,2,"Moto/Ciclomotor,Pickup/Utilitario",Reg.11 de Infanteria Y Bv. Oro?o,3,2,0,0,1,0,0,"-32.999279, -60.665022",Avenida,,ROSARIO,Rosario,Hormigón,No existe,II,Dentro,Urbana,Ninguna,No existe,Recta,Bueno,Buena,Diurna,Buen Tiempo,Otro,S/D,Colisión,Ninguna,Horizontal,"Cordón divisorio,Vegetación,Línea divisoria pintada",Sin restricción
2018,5238,2018-07-22,Domingo,0,06:30:00,,0.0,1,Moto/Ciclomotor,Gral.Mosconi Y Bv. Avellaneda,2,0,0,0,1,1,0,"-32.983630, -60.688467",Avenida,,ROSARIO,Rosario,Asfalto,No existe,II,Dentro,Urbana,Ninguna,No existe,Recta,Bueno,Buena,"Nocturna,Con luz artificial",Buen Tiempo,S/D,S/D,Caída ocupante,Ninguna,Faltante,Ninguna,Sin restricción
2018,5239,2018-03-04,Domingo,0,19:30:00,,0.0,2,"Moto/Ciclomotor,Automóvil",Boulevard Centenario Y Ayacucho,2,1,0,0,1,0,0,"-32.816100,-61.383840",Calle,,CAÑADA DE GÓMEZ,Iriondo,Asfalto,No existe,X,Dentro,Urbana,Ninguna,No existe,Intersección,Bueno,S/D,S/D,S/D,S/D,S/D,Colisión,Ninguna,Faltante,S/D,Sin restricción
2018,5240,2018-07-21,Sabado,0,03:00:00,,0.0,3,"Moto/Ciclomotor,Moto/Ciclomotor,Automóvil",Dr.Rivas Y Iriondo,4,2,1,0,1,0,0,"-32.978041, -60.679000",Calle,,ROSARIO,Rosario,Asfalto,No existe,II,Dentro,Urbana,Ninguna,No existe,Intersección,Bueno,Buena,"Nocturna,Con luz artificial",Buen Tiempo,Múltiple,S/D,Colisión,Ninguna,Faltante,Ninguna,Sin restricción
2018,5241,2018-07-28,Sabado,0,05:35:00,Ruta Nacional 9,0.0,2,"Automóvil,Pickup/Utilitario",Urquiza Y Ruta Nacional 9,3,3,0,0,0,0,0,"-32.924698609781, -60.771132363081",Ruta,9,FUNES,Rosario,Asfalto,Natural,II,Dentro,Rural,Ninguna,No existe,Intersección,Bueno,Buena,Nocturna,Buen Tiempo,Frontal,S/D,Colisión,Ninguna,Faltante,Línea divisoria pintada,Sin restricción
2018,5242,2018-07-23,Lunes,0,17:05:00,Autopista Nacional Rosario -Cordoba,305.0,2,"Moto/Ciclomotor,Automóvil", ,2,1,0,0,1,0,0,"-32.919459450381, -60.927948021539",Autopista,Rosario -Córdoba,FUNES,Rosario,Asfalto,Natural,II,Dentro,Rural,Ninguna,No existe,Recta,Bueno,Buena,Diurna,Buen Tiempo,De alcance,S/D,Colisión,Ninguna,Faltante,S/D,Sin restricción
2018,5243,2018-03-04,Domingo,0,10:30:00,Ruta Nacional 11,0.0,4,"Automóvil,Automóvil,Automóvil,Automóvil",Juan de Garay Y Av San Lorenzo,5,3,0,0,2,0,0,"-32.811016,-60.717878",Ruta,11,CAPITÁN BERMÚDEZ,San Lorenzo,Asfalto,Natural,XVII,Dentro,Urbana,Ninguna,No existe,Intersección,Bueno,S/D,Diurna,S/D,"Contra objeto fijo,Múltiple",S/D,Colisión,Ninguna,Faltante,Línea divisoria pintada,Sin restricción
2018,5244,2018-07-21,Sabado,0,07:45:00,,0.0,2,"Moto/Ciclomotor,Automóvil",Santiago Y Hilarion de la Quintana,4,3,0,0,1,0,0,"-33.001618, -60.667731",Calle,,ROSARIO,Rosario,Asfalto,No existe,II,Dentro,Urbana,Ninguna,No existe,Intersección,Con baches,Buena,Diurna,Buen Tiempo,Lateral,S/D,Colisión,Ninguna,Faltante,Ninguna,Sin restricción
2018,5245,2018-04-05,Jueves,0,13:25:00,,0.0,2,"Bicicleta,Automóvil",3 De Febrero Y Vera Mujica,2,1,0,0,1,0,0,"-32.947646254328, -60.668538807562",Calle,,ROSARIO,Rosario,Asfalto,No existe,II,Dentro,Urbana,Ninguna,No existe,Intersección,Bueno,Buena,Diurna,Buen Tiempo,S/D,Ciclista,Atropello,Ninguna,Faltante,Ninguna,Sin restricción
2018,5247,2018-03-05,Lunes,0,,Ruta Nacional 19,0.0,3,"Moto/Ciclomotor,Moto/Ciclomotor,Pickup/Utilitario",Martin de Pueyrredon ,4,2,0,0,2,0,0,"-31.668766,-60.791618",Ruta,19,SANTO TOMÉ,La Capital,"Asfalto,Tierra",Natural,I,Dentro,Urbana,Ninguna,No existe,Intersección,Bueno,S/D,S/D,S/D,Múltiple,S/D,Colisión,Ninguna,Faltante,Línea divisoria pintada,Sin restricción
2018,5248,2018-07-14,Sabado,0,15:50:00,Autopista Nacional A008,0.0,2,"Moto/Ciclomotor,Automóvil",JUAN PABLO II Y BV. ORO?O,3,1,0,0,2,0,0,"-33.012652, -60.667238",Autopista,A008,ROSARIO,Rosario,Hormigón,No existe,II,Dentro,Urbana,Ninguna,No existe,Recta,Bueno,Buena,Diurna,Buen Tiempo,Otro,S/D,Colisión,Ninguna,Faltante,Ninguna,Sin restricción
2018,5249,2018-07-26,Jueves,0,,,0.0,2,"Moto/Ciclomotor,Automóvil",Av. Francia Y Biedma,3,2,0,0,1,0,0,"-32.976482, -60.674275",Avenida,,ROSARIO,Rosario,Asfalto,No existe,II,Dentro,Urbana,Ninguna,No existe,Intersección,"Bueno,Resbaladiza",Reducida,Diurna,Lluvia,Lateral,S/D,Colisión,Agua,Horizontal,"Cordón divisorio,Vegetación",Sin restricción
2018,5250,2018-03-05,Lunes,0,18:45:00,,0.0,2,"Automóvil,Moto/Ciclomotor",Cerrito Y Alsina,2,1,0,0,1,0,0,"-32.955013, -60.680339",Calle,,ROSARIO,Rosario,Asfalto,No existe,II,Dentro,Urbana,Ninguna,No existe,Intersección,Bueno,S/D,Diurna,S/D,S/D,S/D,Colisión,Ninguna,Faltante,Ninguna,Sin restricción
2018,5251,2018-03-03,Sabado,0,,Ruta Nacional 11,0.0,2,"Automóvil,Pickup/Utilitario", ,5,0,1,0,4,0,0,"-31.968262,-60.925890",Ruta,11,CORONDA,San Jerónimo,Asfalto,S/D,XV,S/D,S/D,S/D,S/D,Recta,Bueno,S/D,S/D,S/D,S/D,S/D,Colisión,S/D,S/D,S/D,S/D
2018,5252,2018-07-29,Domingo,0,17:30:00,,0.0,2,"Automóvil,Automóvil",Bv. Avellaneda 1500,2,1,0,0,1,0,0,"-32.947674545516, -60.681304304670",Avenida,,ROSARIO,Rosario,Asfalto,No existe,II,Dentro,Urbana,Semáforo,Funciona,Recta,Bueno,Buena,Diurna,Buen Tiempo,De alcance,S/D,Colisión,Ninguna,"Horizontal,Vertical",Cordón divisorio,Sin restricción
2018,5253,2018-03-05,Lunes,0,,,0.0,2,"Moto/Ciclomotor,Moto/Ciclomotor",Echeverria Y Mendoza,2,2,0,0,0,0,0,"-32.038589,-61.221715",Calle,,GÁLVEZ,San Jerónimo,S/D,S/D,XV,Dentro,Urbana,S/D,S/D,Intersección,S/D,S/D,S/D,S/D,S/D,S/D,Colisión,S/D,S/D,S/D,S/D
2018,5254,2018-03-08,Jueves,0,10:00:00,,0.0,2,"Moto/Ciclomotor,Automóvil",CAlle 37-Bvard. lovato Y Calle 18 - Gral Belgrano,2,1,0,0,1,0,0,"-29.155610,-59.647675",Avenida,,RECONQUISTA,General Obligado,Asfalto,S/D,IX,Dentro,Urbana,Ninguna,S/D,Intersección,Bueno,S/D,S/D,Buen Tiempo,Lateral,S/D,Colisión,Ninguna,S/D,Ninguna,Sin restricción
2018,5255,2018-07-25,Miercoles,0,06:50:00,,0.0,2,"Peatón,Moto/Ciclomotor",Cordoba Y Cafferata,2,0,1,0,0,0,1,"-32.940553, -60.670947",Calle,,ROSARIO,Rosario,Asfalto,No existe,II,Dentro,Urbana,Semáforo,Funciona,Intersección,Bueno,Buena,Amanecer,Buen Tiempo,S/D,Peatón,Atropello,Ninguna,"Horizontal,Vertical",Ninguna,Sin restricción
2018,5256,2018-07-23,Lunes,0,16:30:00,,0.0,2,"Moto/Ciclomotor,Automóvil",Pje. 2019 Y Constitucion,3,2,0,0,1,0,0,"-33.006386, -60.686344",Calle,,ROSARIO,Rosario,Asfalto,No existe,II,Dentro,Urbana,Ninguna,No existe,Intersección,Bueno,Buena,Diurna,Buen Tiempo,Lateral,S/D,Colisión,Ninguna,Faltante,Ninguna,Sin restricción
2018,5257,2018-03-07,Miercoles,0,04:00:00,Ruta Nacional 95,0.0,1,Moto/Ciclomotor, ,1,1,0,0,0,0,0,"-28.326536,-61.463220",Ruta,95,SANTA MARGARITA,9 de Julio,Asfalto,S/D,XII,S/D,S/D,S/D,S/D,Recta,S/D,S/D,Nocturna,S/D,S/D,S/D,Caída ocupante,S/D,S/D,Línea divisoria pintada,S/D
2018,5258,2018-07-21,Sabado,0,14:30:00,,0.0,2,"Automóvil,Moto/Ciclomotor",Mendoza Y Ricchieri,3,1,0,0,2,0,0,"-32.947095188368, -60.664095251630",Calle,,ROSARIO,Rosario,Asfalto,No existe,II,Dentro,Urbana,Ninguna,No existe,Intersección,Bueno,Buena,Diurna,Buen Tiempo,De alcance,S/D,Colisión,Ninguna,Horizontal,Ninguna,Sin restricción
2018,5259,2018-07-23,Lunes,0,11:40:00,,0.0,2,"Automóvil,Bicicleta",Iriondo Y E.Zeballos,2,1,0,0,1,0,0,"-32.949348243941, -60.671820013593",Calle,,ROSARIO,Rosario,Asfalto,No existe,II,Dentro,Urbana,Ninguna,No existe,Intersección,Bueno,Buena,Diurna,Buen Tiempo,S/D,Ciclista,Atropello,Ninguna,Faltante,Ninguna,Sin restricción
2018,5260,2018-07-01,Domingo,0,17:30:00,,0.0,2,"Automóvil,Camión Chasis",Camino Nuevo Soldini Y Calle 2106,2,1,0,0,1,0,0,"-33.021178, -60.687244",Calle,,ROSARIO,Rosario,Asfalto,No existe,II,Dentro,Urbana,Ninguna,No existe,Intersección,Bueno,Buena,Diurna,Buen Tiempo,Lateral,S/D,Colisión,Ninguna,Faltante,Línea divisoria pintada,Sin restricción
2018,5261,2018-07-18,Miercoles,0,14:30:00,,0.0,2,"Automóvil,Automóvil",Rui Barbosa Y Laprida,2,1,0,0,1,0,0,"-33.006268, -60.646841",Calle,,ROSARIO,Rosario,Asfalto,No existe,II,Dentro,Urbana,Ninguna,No existe,Intersección,Deteriorada,Buena,Diurna,Buen Tiempo,Frontal,S/D,Colisión,Ninguna,Faltante,Ninguna,Sin restricción
2018,5262,2018-07-04,Miercoles,0,17:20:00,,0.0,1,Moto/Ciclomotor,Bv. Avellaneda Y Rioja,2,1,0,0,1,0,0,"-32.940250190962, -60.679394571851",Avenida,,ROSARIO,Rosario,Asfalto,No existe,II,Dentro,Urbana,Semáforo,Funciona,Intersección,Bueno,Buena,Diurna,Buen Tiempo,S/D,S/D,Caída ocupante,Ninguna,"Horizontal,Vertical",Ninguna,Sin restricción
2018,5263,2018-07-22,Domingo,0,14:50:00,,0.0,2,"Automóvil,Moto/Ciclomotor",Ricchieri Y Montevideo,2,1,0,0,1,0,0,"-32.951644214858, -60.665253965925",Calle,,ROSARIO,Rosario,Asfalto,No existe,II,Dentro,Urbana,Semáforo,No existe,Intersección,Bueno,Buena,Diurna,Buen Tiempo,De alcance,S/D,Colisión,Ninguna,Vertical,Ninguna,Sin restricción
2018,5264,2018-07-11,Miercoles,0,16:00:00,,0.0,2,"Moto/Ciclomotor,Peatón",San Luis Y Av. Ovidio Lagos,2,1,0,0,1,0,0,"-32.944906505812, -60.662121145795",Calle,,ROSARIO,Rosario,Asfalto,No existe,II,Dentro,Urbana,Semáforo,Funciona,Intersección,Bueno,Buena,Diurna,Buen Tiempo,S/D,Peatón,Atropello,Ninguna,"Horizontal,Vertical",Ninguna,Sin restricción
2018,5265,2018-03-08,Jueves,0,,,0.0,2,"Moto/Ciclomotor,Automóvil", ,2,1,0,0,1,0,0,"-31.451946,-60.929109",Calle,,ESPERANZA,Las Colonias,Asfalto,No existe,XI,Dentro,Urbana,Ninguna,No existe,Intersección,Bueno,Buena,S/D,Buen Tiempo,S/D,S/D,Colisión,Ninguna,S/D,Ninguna,Sin restricción
2018,5266,2018-07-26,Jueves,0,16:15:00,Ruta Provincial 21,0.0,3,"Pickup/Utilitario,Automóvil,Moto/Ciclomotor",Av Gral San Martin Y Bv San diego,6,2,0,0,4,0,0,"-33.019283, -60.631488",Ruta,21,VILLA GOBERNADOR GÁLVEZ,Rosario,Asfalto,No existe,II,Dentro,Urbana,Semáforo,Funciona,Intersección,Bueno,Buena,Diurna,Buen Tiempo,Múltiple,S/D,Colisión,Ninguna,"Horizontal,Vertical",Cordón divisorio,Sin restricción
2018,5267,2018-07-28,Sabado,0,14:25:00,,0.0,2,"Peatón,Automóvil",Ricchieri Y San Luis,3,2,0,0,1,0,0,"-32.944627556075, -60.663451521467",Calle,,ROSARIO,Rosario,Asfalto,No existe,II,Dentro,Urbana,Ninguna,No existe,Intersección,Bueno,Buena,Diurna,Buen Tiempo,S/D,Peatón,Atropello,Ninguna,Faltante,Ninguna,Sin restricción
2018,5268,2018-07-06,Viernes,0,18:00:00,,0.0,2,"Automóvil,Pickup/Utilitario",Lavalle Y Rioja,4,1,0,0,3,0,0,"-32.940443310012, -60.678085653852",Calle,,ROSARIO,Rosario,Asfalto,No existe,II,Dentro,Urbana,Ninguna,No existe,Intersección,Bueno,Buena,Atardecer,Buen Tiempo,Lateral,S/D,Colisión,Ninguna,Faltante,Ninguna,Sin restricción
2018,5269,2018-07-25,Miercoles,0,09:35:00,Ruta Provincial 21,0.0,2,"Taxi/Remis,Moto/Ciclomotor",Av Gral San Martin ,3,1,0,0,2,0,0,"-33.016672, -60.633824",Ruta,21,VILLA GOBERNADOR GÁLVEZ,Rosario,Asfalto,No existe,II,Dentro,Urbana,Semáforo,Intermitente,Intersección,Bueno,Reducida,Diurna,Lluvia,Lateral,S/D,Colisión,Agua,"Horizontal,Vertical",Cordón divisorio,Sin restricción
2018,5270,2018-07-20,Viernes,0,13:45:00,,0.0,2,"Moto/Ciclomotor,Automóvil",Italia Y Amenabar,2,1,0,0,1,0,0,"-32.970498675134, -60.654312370943",Calle,,ROSARIO,Rosario,Asfalto,No existe,II,S/D,Urbana,S/D,No existe,Intersección,Bueno,S/D,Diurna,S/D,Lateral,S/D,Colisión,Ninguna,S/D,Ninguna,S/D
2018,5272,2018-07-04,Miercoles,0,12:40:00,,0.0,2,"Taxi/Remis,Moto/Ciclomotor",Av. Francia Y 9 De Julio,2,1,0,0,1,0,0,"-32.948897632827, -60.667421190809",Avenida,,ROSARIO,Rosario,Asfalto,No existe,II,Dentro,Urbana,Semáforo,No existe,Intersección,Bueno,Buena,Diurna,Buen Tiempo,De alcance,S/D,Colisión,Ninguna,"Horizontal,Vertical",Ninguna,Sin restricción
2018,5273,2018-07-02,Lunes,0,14:30:00,,0.0,2,"Peatón,Automóvil",Virasoro Y San Martin,2,1,0,0,1,0,0,"-32.970155352380, -60.642617939639",Calle,,ROSARIO,Rosario,Asfalto,No existe,II,Dentro,Urbana,Ninguna,No existe,Intersección,Bueno,Buena,Diurna,Buen Tiempo,Lateral,S/D,Colisión,Ninguna,S/D,Ninguna,Sin restricción
2018,5274,2018-03-10,Sabado,0,,,0.0,2,"Moto/Ciclomotor,Automóvil",Garzon Y Pasco,2,1,0,0,1,0,0,"-32.950748,-60.705196",Calle,,ROSARIO,Rosario,Asfalto,No existe,II,Dentro,Urbana,S/D,No existe,Intersección,Bueno,S/D,S/D,S/D,S/D,S/D,Colisión,Ninguna,Faltante,Ninguna,S/D
2018,5275,2018-07-13,Viernes,0,20:50:00,Ruta Provincial 21,0.0,2,"Moto/Ciclomotor,Moto/Ciclomotor",Av Gral San Martin 3400,3,1,0,0,2,0,0,"-33.041197, -60.611298",Ruta,21,VILLA GOBERNADOR GÁLVEZ,Rosario,Asfalto,Natural,II,Dentro,Urbana,Ninguna,No existe,Recta,Bueno,Buena,"Nocturna,Con luz artificial",Buen Tiempo,Lateral,S/D,Colisión,Ninguna,Faltante,Ninguna,Sin restricción