anio_acci,nro_acci,fecha,desc_dia,fecha_aprox,hora_aprox,desc_ruta,km,cant_participantes,desc_participante,calle_avenida_km,total,heridos_leves,heridos_graves,heridos_gravisimos,ilesos,fallecidos,sin_datos,posicion_XY,desc_tipo_via,desc_ruta_ori,desc_loc,desc_dpto,desc_tipo_calzada,desc_tipo_banquina,desc_unidad_regional,desc_lugar_calzada,desc_zona,desc_prioridad,desc_estado_semaforo,desc_lugar_via,desc_estado_via,desc_estado_visibilidad,desc_luminosidad,desc_estado_clima,desc_tipo_colision,desc_tipo_atropello,desc_tipo_hecho,desc_pres_calzada,desc_senializacion,desc_separacion_via,desc_restriccion
2018,5276,2018-04-26,Jueves,0,20:20:00,,0.0,3,"Automóvil,Automóvil,Automóvil",Av. Pte.Peron Y Alsina,3,1,0,0,0,0,2,"-32.957179,-60.680854",Calle,,ROSARIO,Rosario,Asfalto,No existe,II,Dentro,Urbana,Semáforo,Funciona,Intersección,Bueno,Buena,Atardecer,Buen Tiempo,Múltiple,S/D,Colisión,Ninguna,"Horizontal,Vertical",Ninguna,Sin restricción
2018,5277,2018-07-12,Jueves,0,22:10:00,,0.0,2,"Moto/Ciclomotor,Automóvil",Av. Corrientes 1925,2,1,0,0,1,0,0,"-32.958954447534, -60.645686386752",Calle,,ROSARIO,Rosario,Asfalto,No existe,II,S/D,Urbana,Ninguna,No existe,Recta,Bueno,Buena,Diurna,Buen Tiempo,De alcance,S/D,Colisión,Ninguna,S/D,Ninguna,Sin restricción
2018,5278,2018-03-12,Lunes,0,07:15:00,,0.0,1,Transporte de Pasajeros Urbano (> 8 asientos),Magallanes Y Mendoza,1,1,0,0,0,0,0,"-32.939993,-60.704482",Calle,,ROSARIO,Rosario,Asfalto,No existe,II,Dentro,Urbana,Semáforo,Funciona,Intersección,Bueno,S/D,Diurna,S/D,Contra objeto fijo,S/D,Colisión,Ninguna,"Horizontal,Vertical",S/D,Sin restricción
2018,5279,2018-07-06,Viernes,0,17:20:00,,0.0,2,"Taxi/Remis,Automóvil",Suipacha Y La Paz,3,1,0,0,2,0,0,"-32.959490889337, -60.668667553591",Calle,,ROSARIO,Rosario,Asfalto,No existe,II,S/D,Urbana,Ninguna,No existe,Intersección,Otro,Buena,Diurna,Buen Tiempo,Lateral,S/D,Colisión,Ninguna,Faltante,Ninguna,Sin restricción
2018,5280,2018-03-12,Lunes,0,,Ruta Provincial 93,0.0,1,Automóvil, ,1,1,0,0,0,0,0,"-33.343479,-61.864140",Ruta,93,BERABEVÚ,Caseros,Asfalto,S/D,IV,S/D,S/D,S/D,S/D,Recta,S/D,S/D,S/D,S/D,S/D,S/D,Vuelco,S/D,S/D,Línea divisoria pintada,S/D
2018,5281,2018-07-03,Martes,0,11:30:00,,0.0,2,"Moto/Ciclomotor,Automóvil",Bv. Oro?o Y Riobamba,2,1,0,0,1,0,0,"-32.961250418451, -60.657724140810",Calle,,ROSARIO,Rosario,Asfalto,No existe,II,S/D,Urbana,Ninguna,No existe,Intersección,Bueno,Buena,Diurna,Buen Tiempo,Lateral,S/D,Colisión,Ninguna,S/D,Ninguna,Sin restricción
2018,5282,2018-03-12,Lunes,0,04:20:00,,0.0,2,"Automóvil,Moto/Ciclomotor",Saavedra ,3,1,0,0,2,0,0,"-29.229089,-61.775147",Calle,,TOSTADO,9 de Julio,S/D,S/D,XII,S/D,Urbana,S/D,S/D,Paso a Nivel FFCC,S/D,S/D,Nocturna,S/D,S/D,S/D,Colisión,S/D,S/D,S/D,S/D
2018,5283,2018-03-09,Viernes,0,,Ruta Provincial 70,0.0,2,"Moto/Ciclomotor,Automóvil",Bv Pte Roca Y Parana,2,0,1,0,1,0,0,"-31.250166,-61.503281",Ruta,70,RAFAELA,Castellanos,Asfalto,No existe,V,Dentro,Urbana,Ninguna,No existe,Intersección,Bueno,S/D,S/D,Buen Tiempo,Lateral,S/D,Colisión,Ninguna,S/D,"Cordón divisorio,Vegetación",Sin restricción
2018,5284,2018-07-25,Miercoles,0,10:20:00,,0.0,2,"Automóvil,Cuatriciclo",Laprida Y Centeno,2,1,0,0,1,0,0,"-32.985540503289, -60.643905399966",Calle,,ROSARIO,Rosario,Asfalto,No existe,II,S/D,Urbana,Ninguna,No existe,Intersección,Con baches,Buena,Diurna,Otro,Lateral,S/D,Colisión,Agua,Horizontal,Ninguna,Sin restricción
2018,5286,2018-07-17,Martes,0,15:20:00,,0.0,2,"Automóvil,Moto/Ciclomotor",Ayacucho Y Amenabar,3,2,0,0,1,0,0,"-32.974275225427, -60.633369682955",Calle,,ROSARIO,Rosario,Asfalto,No existe,II,S/D,Urbana,Ninguna,No existe,Intersección,Bueno,Buena,Diurna,Buen Tiempo,Lateral,S/D,Colisión,Ninguna,Horizontal,Ninguna,Sin restricción
2018,5287,2018-03-10,Sabado,0,,,0.0,2,"Automóvil,Moto/Ciclomotor",Alvear Y Fornieles,2,1,0,0,1,0,0,"-33.021345,-60.611254",Calle,,VILLA GOBERNADOR GÁLVEZ,Rosario,"Asfalto,Tierra",No existe,II,Dentro,Urbana,Ninguna,No existe,Intersección,Bueno,S/D,S/D,S/D,S/D,S/D,Colisión,Ninguna,Faltante,Ninguna,Sin restricción
2018,5288,2018-03-03,Sabado,0,11:15:00,,0.0,2,"Moto/Ciclomotor,Automóvil",Balcarce Y Peru,2,0,1,0,1,0,0,"-31.242915,-61.503589",Calle,,RAFAELA,Castellanos,Asfalto,No existe,V,Dentro,Urbana,Ninguna,No existe,Intersección,Bueno,Buena,Diurna,Buen Tiempo,Lateral,S/D,Colisión,Ninguna,S/D,Ninguna,Sin restricción
2018,5289,2018-07-15,Domingo,0,19:40:00,,0.0,2,"Pickup/Utilitario,Moto/Ciclomotor",L.N.Alem Y Bv. Segui,2,0,1,0,1,0,0,"-32.980841273095, -60.636502503085",Calle,,ROSARIO,Rosario,Asfalto,No existe,II,S/D,Urbana,Ninguna,No existe,Intersección,Bueno,Buena,Nocturna,Buen Tiempo,Lateral,S/D,Colisión,S/D,Horizontal,Vegetación,Sin restricción
2018,5290,2018-03-13,Martes,0,,,0.0,2,"Automóvil,Moto/Ciclomotor", ,4,0,1,0,3,0,0,"-34.259009,-62.711490",S/D,,RUFINO,General López,S/D,S/D,VIII,S/D,S/D,S/D,S/D,S/D,S/D,S/D,S/D,S/D,S/D,S/D,Colisión,S/D,S/D,S/D,S/D
2018,5291,2018-07-13,Viernes,0,11:45:00,,0.0,2,"Automóvil,Moto/Ciclomotor",Necochea Y Garay,2,1,0,0,1,0,0,"-32.977043265130, -60.631202458071",Calle,,ROSARIO,Rosario,Asfalto,No existe,II,S/D,Urbana,Ninguna,No existe,Intersección,Bueno,Buena,Diurna,Buen Tiempo,Lateral,S/D,Colisión,Ninguna,Faltante,Ninguna,Sin restricción
2018,5292,2018-03-13,Martes,0,,Ruta Provincial 70,0.0,2,"Moto/Ciclomotor,Camión",Bv Pte Roca Y P Avanthay,2,1,0,0,1,0,0,"-31.251198,-61.500371",Ruta,70,RAFAELA,Castellanos,Asfalto,No existe,V,Dentro,Urbana,Ninguna,No existe,Intersección,Bueno,S/D,S/D,S/D,S/D,S/D,Colisión,Ninguna,Horizontal,Cordón divisorio,Sin restricción
2018,5293,2018-07-10,Martes,0,15:05:00,,0.0,2,"Automóvil,Moto/Ciclomotor",Ayacucho Y 24 De Setiembre,2,1,0,0,1,0,0,"-32.982150191095, -60.635665653872",Calle,,ROSARIO,Rosario,Asfalto,No existe,II,S/D,Urbana,Ninguna,No existe,Intersección,Bueno,Buena,Diurna,Buen Tiempo,Lateral,S/D,Colisión,Ninguna,Faltante,Ninguna,Sin restricción
2018,5294,2018-07-07,Sabado,0,22:30:00,,0.0,2,"Taxi/Remis,Moto/Ciclomotor",Bv. Segui Y J.M.de Rosas,2,1,0,0,1,0,0,"-32.980304831292, -60.639506577181",Calle,,ROSARIO,Rosario,Asfalto,No existe,II,S/D,Urbana,Ninguna,No existe,Intersección,Bueno,Buena,Nocturna,Buen Tiempo,Lateral,S/D,Colisión,Ninguna,Horizontal,Ninguna,Sin restricción
2018,5295,2018-03-13,Martes,0,,,0.0,2,"Moto/Ciclomotor,Pickup/Utilitario", ,3,2,0,0,1,0,0,"-31.449451,-60.922640",S/D,,ESPERANZA,Las Colonias,S/D,S/D,XI,S/D,S/D,S/D,S/D,S/D,S/D,S/D,S/D,S/D,S/D,S/D,Colisión,S/D,S/D,S/D,S/D
2018,5296,2018-03-13,Martes,0,,Ruta Provincial 6,0.0,1,Moto/Ciclomotor,Ruta provincial 70 ,1,1,0,0,0,0,0,"-31.445959,-60.915558",Ruta,6,ESPERANZA,Las Colonias,Asfalto,Natural,XI,Dentro,Urbana,S/D,No existe,Cruce,Bueno,S/D,S/D,S/D,S/D,S/D,Caída ocupante,Ninguna,Faltante,Línea divisoria pintada,S/D
2018,5297,2018-07-07,Sabado,0,19:10:00,,0.0,1,Moto/Ciclomotor,L.N.Alem Y Gaboto,1,1,0,0,0,0,0,"-32.975069159295, -60.635107754397",Calle,,ROSARIO,Rosario,Asfalto,No existe,II,S/D,Urbana,Semáforo,Funciona,Recta,Bueno,Buena,Nocturna,Buen Tiempo,Contra objeto fijo,S/D,Colisión,Ninguna,Vertical,Ninguna,Sin restricción
2018,5298,2018-07-04,Miercoles,0,08:17:00,,0.0,2,"Peatón,Automóvil",Maipu Y Ayolas,2,1,0,0,1,0,0,"-32.977322214868, -60.643004177737",Calle,,ROSARIO,Rosario,Asfalto,No existe,II,S/D,Urbana,Ninguna,No existe,Recta,Bueno,Buena,Amanecer,Buen Tiempo,S/D,Peatón,Atropello,Ninguna,Vertical,Ninguna,Sin restricción
2018,5299,2018-07-27,Viernes,0,09:30:00,Ruta Nacional A008,0.0,1,Automóvil,Av. Circunvalacion Y Cerrito,2,0,0,0,0,2,0,"-32.95361,-60.72198",Ruta,A008,ROSARIO,Rosario,Asfalto,No existe,II,Dentro,Urbana,Ninguna,No existe,Recta,Bueno,Buena,Diurna,Buen Tiempo,S/D,S/D,Vuelco,Ninguna,S/D,"Barrera de hormigón,Guardarrail",Sin restricción
2018,5300,2018-07-01,Domingo,0,17:20:00,Autopista Nacional A008,0.0,2,"Bicicleta,Automóvil",Ayolas Y Av. Belgrano,2,1,0,0,1,0,0,"-32.980519408014, -60.625022648501",Autopista,A008,ROSARIO,Rosario,Asfalto,Natural,II,S/D,Urbana,Ninguna,No existe,Rotonda,Con baches,Buena,Diurna,Buen Tiempo,S/D,Ciclista,Atropello,Ninguna,Faltante,Vegetación,Sin restricción
2018,5301,2018-07-02,Lunes,0,11:00:00,,0.0,1,Moto/Ciclomotor,Ayacucho Y 24 De Setiembre,1,1,0,0,0,0,0,"-32.982150191095, -60.635644196200",Calle,,ROSARIO,Rosario,Asfalto,No existe,II,S/D,Urbana,Ninguna,No existe,Recta,Bueno,Buena,Diurna,Buen Tiempo,S/D,S/D,Caída ocupante,Ninguna,Horizontal,Ninguna,Sin restricción
2018,5302,2018-08-22,Miercoles,0,17:20:00,,0.0,2,"Automóvil,Moto/Ciclomotor",Rivarola 7400,2,1,0,0,1,0,0,"-32.966055555556,-60.720222222222",Avenida,,ROSARIO,Rosario,Asfalto,No existe,II,Dentro,Urbana,Ninguna,No existe,Recta,Bueno,Buena,Diurna,Buen Tiempo,Frontal,S/D,Colisión,Ninguna,Faltante,Cordón divisorio,Sin restricción
2018,5303,2018-08-23,Jueves,0,06:50:00,,0.0,2,"Automóvil,Moto/Ciclomotor",Av. Pte.Peron Y Pascual Rosas,2,1,0,0,1,0,0,"-32.95834, -60.69112",Calle,,ROSARIO,Rosario,Asfalto,No existe,II,S/D,Urbana,S/D,S/D,Intersección,Bueno,Buena,Amanecer,Buen Tiempo,Lateral,S/D,Colisión,Ninguna,S/D,Cordón divisorio,Sin restricción
2018,5304,2018-08-26,Domingo,0,00:50:00,,0.0,2,"Moto/Ciclomotor,Automóvil",Ocampo Y Cullen,2,1,0,0,1,0,0,"-32.95793,-60.70840",Calle,,ROSARIO,Rosario,Asfalto,No existe,II,Dentro,Urbana,Ninguna,No existe,Intersección,Bueno,Reducida,Con luz artificial,Buen Tiempo,S/D,S/D,Colisión,Ninguna,Faltante,Ninguna,Sin restricción
2018,5305,2018-08-26,Domingo,0,19:30:00,,0.0,2,"Automóvil,Automóvil",Av. De Las Palmeras Y Av. Pte.Peron,5,2,0,0,3,0,0,"-32.98021, -60.73609",Calle,,ROSARIO,Rosario,Asfalto,No existe,II,Dentro,Urbana,Ninguna,No existe,Recta,Bueno,Buena,Atardecer,Buen Tiempo,Otro,S/D,Colisión,Ninguna,Faltante,Ninguna,Sin restricción
2018,5306,2018-08-08,Miercoles,0,12:15:00,,0.0,2,"Automóvil,Moto/Ciclomotor",P.Rivarola Y M.Gonzalez,5,2,0,0,3,0,0,"-32.96638,-60.73090",Avenida,,ROSARIO,Rosario,Asfalto,No existe,II,Fuera,Urbana,Ninguna,No existe,Intersección,S/D,Buena,Diurna,Buen Tiempo,Lateral,S/D,Colisión,Ninguna,Faltante,"Barrera de hormigón,Cordón divisorio",Sin restricción
2018,5307,2018-08-16,Jueves,0,16:35:00,,0.0,2,"Automóvil,Moto/Ciclomotor",Cochabamba Y Pascual Rosas,2,1,0,0,1,0,0,"-32.94984, -60.68895",Calle,,ROSARIO,Rosario,Asfalto,Pavimento,II,Fuera,Urbana,Ninguna,S/D,Intersección,Otro,Buena,Diurna,Buen Tiempo,S/D,S/D,Colisión,S/D,Faltante,Ninguna,Sin restricción
2018,5308,2018-08-16,Jueves,0,17:00:00,,0.0,2,"Moto/Ciclomotor,Automóvil",Gaboto Y Matienzo,2,2,0,0,0,0,0,"-32.96463, -60.69374",Calle,,ROSARIO,Rosario,Asfalto,No existe,II,Fuera,Urbana,Ninguna,No existe,Intersección,Bueno,Buena,Diurna,Buen Tiempo,S/D,S/D,Atropello,Ninguna,Faltante,Ninguna,Sin restricción
2018,5310,2018-08-16,Jueves,0,08:40:00,,0.0,3,"Automóvil,Peatón,Moto/Ciclomotor",Bv. Segui 5300,4,3,0,0,1,0,0,"-32.970555555556,-60.694805555556",Avenida,,ROSARIO,Rosario,Asfalto,No existe,II,Fuera,Urbana,Ninguna,No existe,Recta,Bueno,Buena,Diurna,Buen Tiempo,S/D,Peatón,Atropello,S/D,S/D,Barrera de hormigón,Sin restricción
2018,5311,2018-08-20,Lunes,0,17:00:00,,0.0,2,"Automóvil,Moto/Ciclomotor",Bv. Segui Y Cullen,3,1,0,0,2,0,0,"-32.971027777778,-60.707944444444",Avenida,,ROSARIO,Rosario,Asfalto,S/D,II,S/D,Urbana,Ninguna,S/D,Intersección,Bueno,Buena,Diurna,Buen Tiempo,S/D,S/D,Colisión,S/D,S/D,Barrera de hormigón,Sin restricción
2018,5312,2018-08-30,Jueves,0,15:55:00,,0.0,2,"Moto/Ciclomotor,Automóvil",Rodriguez Y 3 De Febrero,2,1,0,0,1,0,0,"-32.949083333333,-60.660361111111",Calle,,ROSARIO,Rosario,S/D,S/D,II,S/D,Urbana,S/D,S/D,Intersección,S/D,S/D,Diurna,S/D,S/D,S/D,Colisión,S/D,S/D,S/D,S/D
2018,5314,2018-04-21,Sabado,0,09:30:00,,0.0,2,"Automóvil,Moto/Ciclomotor",Mendoza Y Cafferata,2,1,0,0,1,0,0,"-32.945666666667,-60.672277777778",Calle,,ROSARIO,Rosario,Asfalto,No existe,II,Dentro,Urbana,Semáforo,Funciona,Recta,Bueno,Buena,Diurna,Buen Tiempo,De alcance,S/D,Colisión,S/D,Vertical,Ninguna,Sin restricción
2018,5315,2018-04-12,Jueves,0,16:45:00,,0.0,2,"Moto/Ciclomotor,Pickup/Utilitario",Av. Francia Y Rioja,2,1,0,0,1,0,0,"-32.942638888889,-60.665916666667",Calle,,ROSARIO,Rosario,Asfalto,No existe,II,Dentro,Urbana,Semáforo,Funciona,Intersección,Bueno,Buena,Diurna,Buen Tiempo,De alcance,S/D,Colisión,Ninguna,Vertical,Ninguna,Sin restricción
2018,5316,2018-04-12,Jueves,0,10:30:00,,0.0,2,"Bicicleta,Automóvil",3 De Febrero Y Bv. Avellaneda,2,1,0,0,1,0,0,"-32.945444444444,-60.680638888889",Avenida,,ROSARIO,Rosario,Asfalto,No existe,II,Dentro,Urbana,Semáforo,Funciona,Intersección,Bueno,Buena,Diurna,Buen Tiempo,S/D,Ciclista,Atropello,Ninguna,Vertical,Cordón divisorio,Sin restricción
2018,5318,2018-07-26,Jueves,0,08:15:00,,0.0,2,"Moto/Ciclomotor,Automóvil",Bv. Avellaneda Y E.Zeballos,2,1,0,0,1,0,0,"-32.947638888889,-60.681444444444",Avenida,,ROSARIO,Rosario,Asfalto,No existe,II,Dentro,Urbana,Semáforo,Funciona,Intersección,Bueno,Buena,Diurna,Buen Tiempo,Lateral,S/D,Colisión,Ninguna,"Horizontal,Vertical",Cordón divisorio,Sin restricción
2018,5320,2018-07-02,Lunes,0,17:00:00,,0.0,2,"Automóvil,Automóvil",Montevideo Y Av. Ovidio Lagos,2,1,0,0,1,0,0,"-32.951972222222,-60.663916666667",Avenida,,ROSARIO,Rosario,Asfalto,No existe,II,Dentro,Urbana,Semáforo,Funciona,Intersección,Bueno,Buena,Atardecer,Buen Tiempo,De alcance,S/D,Colisión,Ninguna,"Horizontal,Vertical",Ninguna,Sin restricción
2018,5321,2018-07-13,Viernes,0,13:50:00,Ruta Provincial 21,0.0,2,"Automóvil,Automóvil",Av Gral San Martin Y Bv San diego,3,2,0,0,1,0,0,"-33.019283, -60.631489",Ruta,21,VILLA GOBERNADOR GÁLVEZ,Rosario,Asfalto,No existe,II,Dentro,Urbana,Semáforo,Funciona,Intersección,Bueno,Buena,Diurna,Buen Tiempo,Lateral,S/D,Colisión,Ninguna,"Horizontal,Vertical",Cordón divisorio,Sin restricción
2018,5323,2018-07-16,Lunes,0,06:10:00,,0.0,2,"Moto/Ciclomotor,Moto/Ciclomotor",Sucre Y Mendoza,3,2,0,0,1,0,0,"-32.94225,-60.691333333333",Calle,,ROSARIO,Rosario,Asfalto,No existe,II,Dentro,Urbana,Semáforo,Funciona,Intersección,Bueno,Buena,Amanecer,Buen Tiempo,Lateral,S/D,Colisión,Ninguna,"Horizontal,Vertical",Ninguna,Sin restricción
2018,5324,2018-07-27,Viernes,0,01:00:00,,0.0,2,"Vehículo Oficial,Automóvil",Av. Pellegrini Y Cafferata,8,3,0,0,5,0,0,"-32.951305555556,-60.673694444444",Avenida,,ROSARIO,Rosario,Asfalto,No existe,II,Dentro,Urbana,Semáforo,Funciona,Intersección,Bueno,Buena,Nocturna,Buen Tiempo,De alcance,S/D,Colisión,Ninguna,"Horizontal,Vertical",Ninguna,Sin restricción
2018,5325,2018-07-12,Jueves,0,20:30:00,,0.0,2,"Moto/Ciclomotor,Automóvil",Belgrano Y Espora,3,2,0,0,1,0,0,"-33.024007, -60.619015",Calle,,VILLA GOBERNADOR GÁLVEZ,Rosario,Asfalto,No existe,II,Dentro,Urbana,Ninguna,No existe,Intersección,Bueno,Buena,"Nocturna,Con luz artificial",Buen Tiempo,Lateral,S/D,Colisión,Ninguna,Faltante,Ninguna,Sin restricción
2018,5326,2018-04-05,Jueves,0,07:15:00,,0.0,2,"Automóvil,Bicicleta",Av. Pellegrini Y Alsina,2,1,0,0,0,0,1,"-32.950472222222,-60.679138888889",Calle,,ROSARIO,Rosario,Asfalto,No existe,II,Dentro,Urbana,Semáforo,Funciona,Intersección,Bueno,Buena,Diurna,Buen Tiempo,S/D,Ciclista,Atropello,Ninguna,Vertical,Cordón divisorio,Sin restricción
2018,5327,2018-07-04,Miercoles,0,10:40:00,,0.0,2,"Automóvil,Pickup/Utilitario", ,3,2,0,0,1,0,0,"-32.979746931818, -60.662423371006",Calle,,ROSARIO,Rosario,Asfalto,No existe,II,S/D,Urbana,Ninguna,No existe,Recta,Bueno,Buena,Diurna,Buen Tiempo,S/D,S/D,Colisión,Ninguna,Faltante,Ninguna,Sin restricción
2018,5328,2018-07-04,Miercoles,0,16:30:00,,0.0,2,"Moto/Ciclomotor,Automóvil",Pje. Chile Y 20 de Junio,3,2,0,0,1,0,0,"-33.024659, -60.617601",Calle,,ROSARIO,Rosario,Asfalto,No existe,II,Dentro,Urbana,Ninguna,No existe,Intersección,Bueno,Buena,Diurna,Buen Tiempo,Lateral,S/D,Colisión,Ninguna,Faltante,Ninguna,Sin restricción
2018,5329,2018-07-10,Martes,0,12:20:00,Ruta Provincial 21,0.0,2,"Moto/Ciclomotor,Automóvil",J F Kennedy Y Av Gral San Martin,2,1,0,0,1,0,0,"-33.030461, -60.619578",Ruta,21,VILLA GOBERNADOR GÁLVEZ,Rosario,Asfalto,No existe,II,Dentro,Urbana,Ninguna,No existe,Intersección,Bueno,Buena,Diurna,Buen Tiempo,Lateral,S/D,Colisión,Ninguna,Faltante,Ninguna,Sin restricción
2018,5330,2018-07-04,Miercoles,0,09:30:00,,0.0,2,"Moto/Ciclomotor,Automóvil",Bv. Oro?o Y Biedma,2,1,0,0,1,0,0,"-32.978666666667,-60.662027777778",Calle,,ROSARIO,Rosario,Asfalto,No existe,II,S/D,Urbana,Semáforo,Funciona,Curva,Bueno,Buena,Diurna,Buen Tiempo,Lateral,S/D,Colisión,Ninguna,Vertical,Ninguna,Sin restricción
2018,5331,2018-07-14,Sabado,0,14:15:00,,0.0,2,"Automóvil,Pickup/Utilitario",Rioja Y Bv. Avellaneda,3,2,0,0,1,0,0,"-32.940222222222,-60.679583333333",Avenida,,ROSARIO,Rosario,Asfalto,No existe,II,Dentro,Urbana,Semáforo,Funciona,Intersección,Bueno,Buena,Diurna,Buen Tiempo,Lateral,S/D,Colisión,Ninguna,"Horizontal,Vertical",Cordón divisorio,Sin restricción
2018,5332,2018-07-17,Martes,0,08:50:00,,0.0,2,"Pickup/Utilitario,Moto/Ciclomotor",Bv San diego Y Andreu,2,1,0,0,1,0,0,"-33.018680, -60.613674",Avenida,,VILLA GOBERNADOR GÁLVEZ,Rosario,Asfalto,No existe,II,S/D,Urbana,Ninguna,No existe,Intersección,Bueno,Buena,Diurna,Buen Tiempo,Lateral,S/D,Colisión,Ninguna,Faltante,Ninguna,Sin restricción
2018,5333,2018-07-17,Martes,0,08:10:00,Ruta Provincial 21,0.0,3,"Pickup/Utilitario,Automóvil,Moto/Ciclomotor",Moreno Y Av Gral San Martin,4,1,0,0,3,0,0,"-33.024600, -60.625881",Ruta,21,VILLA GOBERNADOR GÁLVEZ,Rosario,Asfalto,No existe,II,Dentro,Urbana,Ninguna,No existe,Intersección,Bueno,Buena,Diurna,Buen Tiempo,Múltiple,S/D,Colisión,Ninguna,Faltante,Cordón divisorio,Sin restricción
2018,5334,2018-07-07,Sabado,0,07:45:00,,0.0,2,"Moto/Ciclomotor,Camión",Uruguay Y Callao,3,2,0,0,1,0,0,"-32.972833333333,-60.66775",Calle,,ROSARIO,Rosario,Asfalto,No existe,II,S/D,Urbana,Ninguna,No existe,Recta,Bueno,Buena,Diurna,Buen Tiempo,Lateral,S/D,Colisión,Ninguna,Faltante,Ninguna,Sin restricción
2018,5335,2018-07-16,Lunes,0,18:30:00,,0.0,2,"Moto/Ciclomotor,Automóvil",F.More Y 9 De Julio,3,2,0,0,1,0,0,"-32.944416666667,-60.693583333333",Calle,,ROSARIO,Rosario,Asfalto,No existe,II,Dentro,Urbana,Ninguna,No existe,Intersección,Bueno,Buena,Atardecer,Buen Tiempo,Lateral,S/D,Colisión,Ninguna,Faltante,Ninguna,Sin restricción
2018,5336,2018-07-14,Sabado,0,00:55:00,Ruta Provincial 21,0.0,2,"Automóvil,Moto/Ciclomotor",Camino Guere?o Y Av Gral San Martin,3,1,0,0,2,0,0,"-33.032692, -60.617861",Ruta,21,VILLA GOBERNADOR GÁLVEZ,Rosario,Asfalto,No existe,II,Dentro,Urbana,Semáforo,Funciona,Intersección,Bueno,Buena,Nocturna,Buen Tiempo,Lateral,S/D,Colisión,Ninguna,Vertical,Ninguna,Sin restricción
2018,5337,2018-07-04,Miercoles,0,09:15:00,,0.0,2,"Automóvil,Moto/Ciclomotor",Av. Arijon Y Entre Rios,2,1,0,0,1,0,0,"-33.003111111111,-60.651777777778",Avenida,,ROSARIO,Rosario,Asfalto,No existe,II,Dentro,Urbana,Semáforo,Funciona,Recta,Bueno,Buena,Diurna,Buen Tiempo,De alcance,S/D,Colisión,Ninguna,"Horizontal,Vertical",Línea divisoria pintada,Sin restricción
2018,5338,2018-07-27,Viernes,0,14:20:00,,0.0,2,"Moto/Ciclomotor,Automóvil",Pueyrredon Y 3 De Febrero,2,1,0,0,1,0,0,"-32.949333333333,-60.658972222222",Calle,,ROSARIO,Rosario,Asfalto,No existe,II,Dentro,Urbana,Ninguna,No existe,Intersección,Bueno,Buena,Diurna,Buen Tiempo,De alcance,S/D,Colisión,Ninguna,Faltante,Ninguna,Sin restricción
2018,5339,2018-07-07,Sabado,0,18:25:00,,0.0,2,"Moto/Ciclomotor,Bicicleta",Av. Arijon Y Av. Corrientes,3,3,0,0,0,0,0,"-33.003138888889,-60.65325",Calle,,ROSARIO,Rosario,Asfalto,No existe,II,Dentro,Urbana,Ninguna,No existe,Intersección,Bueno,Buena,Atardecer,Buen Tiempo,Lateral,S/D,Colisión,Ninguna,Faltante,Ninguna,Sin restricción
2018,5340,2018-07-12,Jueves,0,17:00:00,,0.0,2,"Moto/Ciclomotor,Automóvil",Libertad Y Av Gral San Martin,2,1,0,0,1,0,0,"-33.021073, -60.629611",Calle,,VILLA GOBERNADOR GÁLVEZ,Rosario,Asfalto,No existe,II,Dentro,Urbana,Ninguna,No existe,Intersección,Bueno,Buena,Diurna,Buen Tiempo,Lateral,S/D,Colisión,Ninguna,Faltante,Ninguna,Sin restricción
2018,5341,2018-04-06,Viernes,0,17:30:00,Ruta Provincial 18,10.0,1,Automóvil, ,2,1,0,0,1,0,0,"-33.091929, -60.700570",Ruta,18,PIÑERO,Rosario,Asfalto,Ripio,II,Fuera,Rural,Ninguna,No existe,Recta,Bueno,Reducida,Atardecer,Lluvia,S/D,S/D,Despiste,Agua,Faltante,Línea divisoria pintada,Sin restricción
2018,5342,2018-07-07,Sabado,0,23:50:00,,0.0,2,"Moto/Ciclomotor,Taxi/Remis",Cafferata Y Marcos Paz,4,0,1,0,3,0,0,"-32.944972222222,-60.672083333333",Calle,,ROSARIO,Rosario,Asfalto,No existe,II,Dentro,Urbana,Señal Ceda el Paso,No existe,Intersección,Bueno,Buena,Nocturna,Buen Tiempo,Lateral,S/D,Colisión,Ninguna,Vertical,Ninguna,Sin restricción
2018,5343,2018-07-05,Jueves,0,11:15:00,,0.0,2,"Camión Chasis,Peatón",Bv. Segui Y Av. Corrientes,2,1,0,0,1,0,0,"-32.97825,-60.650583333333",Calle,,ROSARIO,Rosario,Asfalto,No existe,II,S/D,Urbana,Ninguna,No existe,Recta,Bueno,Buena,Diurna,Buen Tiempo,S/D,Peatón,Atropello,Ninguna,Faltante,Ninguna,Sin restricción
2018,5344,2018-07-28,Sabado,0,08:45:00,,0.0,2,"Peatón,Automóvil",Cordoba Y Alvear,2,1,0,0,1,0,0,"-33.014282, -60.611761",Calle,,VILLA GOBERNADOR GÁLVEZ,Rosario,Asfalto,No existe,II,Dentro,Urbana,Ninguna,No existe,Recta,Bueno,Buena,Amanecer,Buen Tiempo,S/D,Peatón,Atropello,Ninguna,Faltante,Ninguna,Sin restricción
2018,5345,2018-07-04,Miercoles,0,18:30:00,,0.0,2,"Automóvil,Automóvil",Bv. Segui Y Italia,4,1,0,0,3,0,0,"-32.977305555556,-60.656083333333",Avenida,,ROSARIO,Rosario,Asfalto,No existe,II,S/D,Urbana,Ninguna,No existe,Recta,Bueno,Buena,Atardecer,Buen Tiempo,Lateral,S/D,Colisión,Ninguna,S/D,Ninguna,Sin restricción