anio_acci,nro_acci,fecha,desc_dia,fecha_aprox,hora_aprox,desc_ruta,km,cant_participantes,desc_participante,calle_avenida_km,total,heridos_leves,heridos_graves,heridos_gravisimos,ilesos,fallecidos,sin_datos,posicion_XY,desc_tipo_via,desc_ruta_ori,desc_loc,desc_dpto,desc_tipo_calzada,desc_tipo_banquina,desc_unidad_regional,desc_lugar_calzada,desc_zona,desc_prioridad,desc_estado_semaforo,desc_lugar_via,desc_estado_via,desc_estado_visibilidad,desc_luminosidad,desc_estado_clima,desc_tipo_colision,desc_tipo_atropello,desc_tipo_hecho,desc_pres_calzada,desc_senializacion,desc_separacion_via,desc_restriccion
2018,5346,2018-04-24,Martes,0,22:50:00,Ruta Provincial 18,7.0,2,"Automóvil,Automóvil", ,5,5,0,0,0,0,0,"-33.066076, -60.692977",Ruta,18,PIÑERO,Rosario,Asfalto,Natural,II,Dentro,Rural,Ninguna,No existe,Recta,Bueno,Buena,Nocturna,Buen Tiempo,Lateral,S/D,Colisión,Ninguna,S/D,Línea divisoria pintada,Sin restricción
2018,5347,2018-07-26,Jueves,0,20:55:00,,0.0,2,"Automóvil,Moto/Ciclomotor",Montevideo Y Iriondo,2,1,0,0,1,0,0,"-32.9505,-60.672083333333",Calle,,ROSARIO,Rosario,Asfalto,No existe,II,Dentro,Urbana,Ninguna,No existe,Intersección,Bueno,Buena,"Nocturna,Con luz artificial",Buen Tiempo,Lateral,S/D,Colisión,Ninguna,Faltante,Ninguna,Sin restricción
2018,5348,2018-07-03,Martes,0,22:40:00,,0.0,2,"Automóvil,Moto/Ciclomotor",Cervantes Y Santiago del Estero,2,1,0,0,1,0,0,"-33.010813, -60.616983",Calle,,VILLA GOBERNADOR GÁLVEZ,Rosario,Asfalto,No existe,II,Dentro,Urbana,Ninguna,No existe,Recta,Bueno,Buena,Diurna,Buen Tiempo,De alcance,S/D,Colisión,Ninguna,Faltante,Ninguna,Sin restricción
2018,5349,2018-07-04,Miercoles,0,17:45:00,,0.0,2,"Moto/Ciclomotor,Automóvil",Av. Battle y Ordo?ez Y Buenos Aires,2,1,0,0,1,0,0,"-33.008805555556,-60.644666666667",Calle,,ROSARIO,Rosario,Asfalto,No existe,II,Dentro,Urbana,Ninguna,Funciona,Intersección,Bueno,Buena,Atardecer,Buen Tiempo,Lateral,S/D,Colisión,Ninguna,"Horizontal,Vertical",Ninguna,Sin restricción
2018,5350,2018-07-08,Domingo,0,21:15:00,,0.0,2,"Moto/Ciclomotor,Peatón",San Luis Y Av. Ovidio Lagos,3,2,0,0,1,0,0,"-32.944861111111,-60.662111111111",Avenida,,ROSARIO,Rosario,Asfalto,No existe,II,Dentro,Urbana,Ninguna,Funciona,Intersección,Bueno,Buena,"Nocturna,Con luz artificial",Buen Tiempo,S/D,Peatón,Atropello,Ninguna,"Horizontal,Vertical",Ninguna,Sin restricción
2018,5351,2018-07-06,Viernes,0,08:35:00,,0.0,2,"Bicicleta,Automóvil",Av. Uriburu Y Paraguay,2,1,0,0,1,0,0,"-32.991055555556,-60.655222222222",Calle,,ROSARIO,Rosario,Asfalto,No existe,II,S/D,Urbana,Semáforo,Funciona,Recta,Bueno,Buena,Diurna,Buen Tiempo,S/D,Ciclista,Atropello,Ninguna,Vertical,Ninguna,Sin restricción
2018,5352,2018-07-17,Martes,0,19:20:00,,0.0,2,"Automóvil,Moto/Ciclomotor",Nogues Y Andreu,2,1,0,0,1,0,0,"-33.013266, -60.613681",Calle,,VILLA GOBERNADOR GÁLVEZ,Rosario,Asfalto,No existe,II,Dentro,Urbana,Ninguna,No existe,Recta,Bueno,Buena,Diurna,Buen Tiempo,De alcance,S/D,Colisión,Ninguna,Faltante,Ninguna,Sin restricción
2018,5353,2018-07-18,Miercoles,0,20:00:00,,0.0,2,"Moto/Ciclomotor,Automóvil",Av. Arijon Y Av. Corrientes,2,1,0,0,1,0,0,"-33.003138888889,-60.65325",Avenida,,ROSARIO,Rosario,Asfalto,No existe,II,Dentro,Urbana,Ninguna,No existe,Intersección,S/D,Buena,Nocturna,Buen Tiempo,De alcance,S/D,Colisión,Ninguna,Horizontal,Ninguna,Sin restricción
2018,5354,2018-07-09,Lunes,0,04:20:00,,0.0,2,"Automóvil,Automóvil",San Luis Y Av. Ovidio Lagos,2,1,0,0,1,0,0,"-32.944861111111,-60.662111111111",Avenida,,ROSARIO,Rosario,Asfalto,No existe,II,Dentro,Urbana,Semáforo,Funciona,Intersección,Bueno,Buena,"Nocturna,Con luz artificial",Buen Tiempo,De alcance,S/D,Colisión,Ninguna,"Horizontal,Vertical",Ninguna,Sin restricción
2018,5355,2018-07-03,Martes,0,16:10:00,,0.0,2,"Moto/Ciclomotor,Automóvil",Alberdi Y Av Juan Domingo Peron,2,1,0,0,1,0,0,"-33.027848, -60.627329",Calle,,VILLA GOBERNADOR GÁLVEZ,Rosario,Asfalto,No existe,II,Dentro,Urbana,Ninguna,No existe,Intersección,Bueno,Buena,Diurna,Buen Tiempo,S/D,S/D,Colisión,Agua,Faltante,Cordón divisorio,Sin restricción
2018,5356,2018-07-26,Jueves,0,18:40:00,,0.0,2,"Peatón,Automóvil",Centeno Y San Martin,2,1,0,0,1,0,0,"-32.985194444444,-60.645638888889",Avenida,,ROSARIO,Rosario,Asfalto,No existe,II,S/D,Urbana,Ninguna,No existe,Curva,Bueno,Buena,Atardecer,Buen Tiempo,S/D,Peatón,Atropello,Ninguna,Vertical,Ninguna,Sin restricción
2018,5357,2018-07-27,Viernes,0,14:35:00,,0.0,2,"Moto/Ciclomotor,Automóvil",J.M.Gutierrez ,2,1,0,0,1,0,0,"-33.00216794013979,-60.687999129295",Calle,,ROSARIO,Rosario,Asfalto,No existe,II,Dentro,Urbana,Ninguna,No existe,Intersección,Bueno,Buena,Diurna,Buen Tiempo,Lateral,S/D,Colisión,Ninguna,Faltante,Barrera de hormigón,Sin restricción
2018,5358,2018-07-20,Viernes,0,15:22:00,,0.0,2,"Moto/Ciclomotor,Automóvil",Av. Pellegrini Y Pje. Cardarelli,2,1,0,0,1,0,0,"-32.949222222222,-60.68525",Avenida,,ROSARIO,Rosario,Asfalto,No existe,II,Dentro,Urbana,Ninguna,No existe,Intersección,Bueno,Buena,Diurna,Buen Tiempo,Lateral,S/D,Colisión,Ninguna,Faltante,Cordón divisorio,Sin restricción
2018,5359,2018-07-04,Miercoles,0,19:30:00,,0.0,2,"Automóvil,Moto/Ciclomotor",Chubut Y Almte Brown,2,1,0,0,1,0,0,"-33.033550, -60.623954",Calle,,VILLA GOBERNADOR GÁLVEZ,Rosario,Asfalto,No existe,II,Dentro,Urbana,Ninguna,No existe,Intersección,Deteriorada,Buena,Atardecer,Buen Tiempo,S/D,S/D,Colisión,Ninguna,Faltante,Ninguna,Sin restricción
2018,5360,2018-07-13,Viernes,0,12:00:00,,0.0,2,"Moto/Ciclomotor,Automóvil",Av. Pellegrini Y Pascual Rosas,3,1,0,0,1,0,1,"-32.948611111111,-60.688666666667",Avenida,,ROSARIO,Rosario,Asfalto,No existe,II,Dentro,Urbana,Ninguna,No existe,Intersección,Bueno,Buena,Diurna,Buen Tiempo,Lateral,S/D,Colisión,Ninguna,Faltante,Cordón divisorio,Sin restricción
2018,5362,2018-08-27,Lunes,0,,Autopista Nacional A008,0.0,2,"Automóvil,Moto/Ciclomotor",AUTOPISTA Y AYACUCHO ,2,1,0,0,1,0,0,"-33.016444444444,-60.63475",Autopista,A008,ROSARIO,Rosario,Asfalto,No existe,II,S/D,Urbana,Ninguna,Funciona,Intersección,Bueno,Buena,Nocturna,Buen Tiempo,Lateral,S/D,Colisión,Ninguna,Vertical,Ninguna,Sin restricción
2018,5363,2018-08-20,Lunes,0,13:00:00,Autopista Nacional A008,0.0,2,"Bicicleta,Automóvil",Autopista Rosario Cordoba Y Av. Eva Peron,2,0,1,0,1,0,0,"-32.931027777778,-60.724583333333",Autopista,A008,ROSARIO,Rosario,Asfalto,No existe,II,Dentro,Urbana,Ninguna,Funciona,Recta,Bueno,Buena,Diurna,Buen Tiempo,S/D,Ciclista,Atropello,Ninguna,S/D,Ninguna,Sin restricción
2018,5364,2018-08-02,Jueves,0,07:30:00,Autopista Nacional A008,0.0,2,"Bicicleta,Automóvil",SAN MARTIN Y AUTOPISTA,2,1,0,0,1,0,0,"-33.017138888889,-60.633694444444",Autopista,A008,VILLA GOBERNADOR GÁLVEZ,Rosario,Asfalto,No existe,II,Dentro,Urbana,Ninguna,No existe,Intersección,Bueno,Buena,Diurna,Buen Tiempo,Lateral,Ciclista,Atropello,Ninguna,Faltante,Ninguna,Sin restricción
2018,5365,2018-08-17,Viernes,0,06:30:00,Ruta Nacional A008,0.0,1,Automóvil,PARQUE REGIONAL Y AUTOPISTA,2,2,0,0,0,0,0,"-33.01517, -60.62199",Ruta,A008,VILLA GOBERNADOR GÁLVEZ,Rosario,Asfalto,No existe,II,Dentro,Urbana,Ninguna,No existe,Curva,Bueno,Buena,"Amanecer,Con luz artificial",Buen Tiempo,Contra objeto fijo,S/D,Vuelco,Ninguna,S/D,Ninguna,Sin restricción
2018,5366,2018-08-25,Sabado,0,04:00:00,,0.0,2,"Moto/Ciclomotor,Automóvil",25 de Mayo ,2,1,0,0,1,0,0,"-33.26502, -60.37647",Avenida,,EMPALME VILLA CONSTITUCIÓN,Constitución,Hormigón,Natural,VI,Dentro,Rural,Ninguna,No existe,Puente,Bueno,Buena,Diurna,Buen Tiempo,Frontal,S/D,Colisión,Ninguna,Faltante,Ninguna,Sin restricción
2018,5367,2018-08-12,Domingo,0,18:10:00,,0.0,1,Moto/Ciclomotor,Paso Y Cerrito,2,2,0,0,0,0,0,"-33.26371, -60.38313",Calle,,EMPALME VILLA CONSTITUCIÓN,Constitución,Hormigón,Pavimento,VI,Dentro,Urbana,Ninguna,No existe,Intersección,Con baches,Buena,Atardecer,Buen Tiempo,S/D,S/D,Caída ocupante,Ninguna,Vertical,Ninguna,Sin restricción
2018,5368,2018-07-12,Jueves,0,12:40:00,,0.0,2,"Moto/Ciclomotor,Automóvil",San Nicolas Y Pellegrini,2,1,0,0,1,0,0,"-33.031763, -60.639668",Calle,,VILLA GOBERNADOR GÁLVEZ,Rosario,Asfalto,No existe,II,Dentro,Urbana,Ninguna,No existe,Intersección,Con baches,Buena,Diurna,Buen Tiempo,S/D,S/D,Colisión,Ninguna,Faltante,Ninguna,Sin restricción
2018,5369,2018-07-09,Lunes,0,17:30:00,,0.0,2,"Pickup/Utilitario,Moto/Ciclomotor",Entre Rios Y Juan B Justo,3,1,0,0,2,0,0,"-33.030793, -60.628914",Calle,,VILLA GOBERNADOR GÁLVEZ,Rosario,Asfalto,No existe,II,Dentro,Urbana,Ninguna,No existe,Intersección,Bueno,Buena,Diurna,Buen Tiempo,S/D,S/D,Colisión,Ninguna,Faltante,Ninguna,Sin restricción
2018,5370,2018-07-10,Martes,0,08:30:00,,0.0,2,"Automóvil,Moto/Ciclomotor",Av. Genova Y Chaco Bis,3,2,0,0,1,0,0,"-32.915527777778,-60.6965",Avenida,,ROSARIO,Rosario,"Asfalto,Hormigón",No existe,II,Dentro,Urbana,Señal Pare,No existe,Recta,Bueno,Buena,Diurna,Otro,Otro,S/D,Colisión,Otro,"Horizontal,Vertical",Ninguna,Sin restricción
2018,5371,2018-07-01,Domingo,0,20:20:00,,0.0,2,"Automóvil,Moto/Ciclomotor",Bomberos Voluntarios Y Mitre,3,1,0,0,2,0,0,"-33.024486, -60.633134",Calle,,VILLA GOBERNADOR GÁLVEZ,Rosario,Asfalto,No existe,II,Dentro,Urbana,Ninguna,No existe,Intersección,Bueno,Buena,Nocturna,Buen Tiempo,S/D,S/D,Colisión,Ninguna,Faltante,Ninguna,Sin restricción
2018,5372,2018-07-06,Viernes,0,16:30:00,Ruta Provincial 21,5.0,2,"Moto/Ciclomotor,Automóvil", ,4,1,0,0,3,0,0,"-33.051637, -60.602688",Ruta,21,ALVEAR,Rosario,Asfalto,Natural,II,Dentro,Rural,Ninguna,No existe,Recta,Bueno,Buena,Diurna,Buen Tiempo,Lateral,S/D,Colisión,Ninguna,Horizontal,Línea divisoria pintada,Sin restricción
2018,5373,2018-07-08,Domingo,0,23:45:00,,0.0,2,"Moto/Ciclomotor,Automóvil",Avenida Am?rica Y San Mart?n,2,1,0,0,1,0,0,"-33.057651, -60.616094",Avenida,,ALVEAR,Rosario,Asfalto,No existe,II,Dentro,Urbana,Ninguna,No existe,Recta,Bueno,Buena,Nocturna,Buen Tiempo,Lateral,S/D,Colisión,Ninguna,S/D,Ninguna,S/D
2018,5374,2018-07-25,Miercoles,0,07:55:00,Ruta Provincial 21,4.0,2,"Moto/Ciclomotor,Automóvil", ,2,1,0,0,1,0,0,"-33.051035, -60.603178",Ruta,21,ALVEAR,Rosario,Asfalto,Ripio,II,Dentro,Rural,Ninguna,No existe,Recta,Bueno,Buena,"Nocturna,Con luz artificial",Buen Tiempo,Lateral,S/D,Colisión,Ninguna,Horizontal,Línea divisoria pintada,Sin restricción
2018,5375,2018-03-03,Sabado,0,19:00:00,,0.0,2,"Moto/Ciclomotor,Automóvil",Ituzaingo Y Francisco Saenz Diaz,3,2,0,0,1,0,0,"-31.259611111111,-61.495888888889",Calle,,RAFAELA,Castellanos,Asfalto,No existe,V,Dentro,Urbana,S/D,No existe,Intersección,Bueno,S/D,Diurna,S/D,S/D,S/D,Colisión,Ninguna,Faltante,S/D,S/D
2018,5376,2018-04-17,Martes,0,00:00:00,Ruta Secundaria 26-s,6.0,2,"Moto/Ciclomotor,Moto/Ciclomotor", ,3,3,0,0,0,0,0,"-33.238798, -60.816253",Ruta,26-s,CARMEN DEL SAUCE,Rosario,Asfalto,No existe,II,Dentro,Urbana,Ninguna,No existe,Recta,Bueno,Buena,Diurna,Buen Tiempo,Lateral,S/D,Colisión,Ninguna,Vertical,Línea divisoria pintada,Sin restricción
2018,5377,2018-07-02,Lunes,0,11:15:00,,0.0,2,"Taxi/Remis,Taxi/Remis",Mendoza Y Laprida,2,1,0,0,1,0,0,"-32.952222222222,-60.635333333333",Calle,,ROSARIO,Rosario,Hormigón,No existe,II,Dentro,Urbana,Ninguna,No existe,Intersección,Bueno,Buena,Diurna,S/D,Lateral,S/D,Colisión,S/D,Faltante,Ninguna,Sin restricción
2018,5378,2018-03-09,Viernes,0,,Ruta Provincial 70,0.0,2,"Moto/Ciclomotor,Pickup/Utilitario",Rivadavia Y Colon,2,1,0,0,1,0,0,"-31.253388888889,-61.493083333333",Ruta,70,RAFAELA,Castellanos,Asfalto,No existe,V,Dentro,Urbana,Ninguna,No existe,Intersección,Bueno,S/D,S/D,S/D,S/D,S/D,Colisión,Ninguna,Faltante,Ninguna,Sin restricción
2018,5379,2018-07-06,Viernes,0,08:50:00,,0.0,2,"Peatón,Automóvil",Rioja Y J.M.de Rosas,2,1,0,0,1,0,0,"-32.949055555556,-60.631555555556",Calle,,ROSARIO,Rosario,Asfalto,No existe,II,Dentro,Urbana,Ninguna,No existe,Intersección,Bueno,S/D,Diurna,S/D,S/D,Peatón,Atropello,S/D,Faltante,Ninguna,S/D
2018,5380,2018-07-01,Domingo,0,21:30:00,Ruta Provincial 21,7.0,2,"Automóvil,Automóvil", ,4,3,0,0,1,0,0,"-33.066427, -60.587227",Ruta,21,PUEBLO ESTHER,Rosario,Ripio,No existe,II,Dentro,Rural,Ninguna,No existe,Puente,Deteriorada,Reducida,Nocturna,S/D,S/D,S/D,Colisión,Ninguna,Faltante,Guardarrail,Sin restricción
2018,5381,2018-07-23,Lunes,0,20:30:00,,0.0,2,"Taxi/Remis,Automóvil",Urquiza Y Espa?a,2,1,0,0,1,0,0,"-32.941472222222,-60.645638888889",Calle,,ROSARIO,Rosario,Asfalto,No existe,II,Dentro,Urbana,Semáforo,Funciona,Intersección,Bueno,Buena,Diurna,Buen Tiempo,De alcance,S/D,Colisión,Ninguna,"Horizontal,Vertical",Ninguna,Sin restricción
2018,5382,2018-07-25,Miercoles,0,15:25:00,Ruta Secundaria 22-s,0.0,2,"Automóvil,Automóvil",Soldado Aguirre Y Ruta Prov 22 S,2,1,0,0,1,0,0,"-33.029883, -60.656097",Ruta,22-s,VILLA GOBERNADOR GÁLVEZ,Rosario,Asfalto,Ripio,II,Dentro,Urbana,Ninguna,No existe,Intersección,Bueno,Reducida,Atardecer,Lluvia,S/D,S/D,Colisión,Agua,Vertical,Línea divisoria pintada,Sin restricción
2018,5383,2018-03-09,Viernes,0,20:40:00,,0.0,2,"Moto/Ciclomotor,Automóvil",Av Italia Y B Manera,3,2,0,0,1,0,0,"-31.234370,-61.473379",Calle,,RAFAELA,Castellanos,Tierra,No existe,V,Dentro,Urbana,Ninguna,No existe,Intersección,Bueno,S/D,Atardecer,S/D,S/D,S/D,Colisión,Ninguna,Faltante,Ninguna,Sin restricción
2018,5384,2018-07-05,Jueves,0,07:50:00,,0.0,2,"Moto/Ciclomotor,Automóvil",Rivadavia Y Bv. Oro?o Bis,2,1,0,0,0,0,1,"-32.932111111111,-60.65025",Avenida,,ROSARIO,Rosario,Asfalto,No existe,II,Dentro,Urbana,Semáforo,Funciona,Recta,S/D,Buena,Diurna,Buen Tiempo,De alcance,S/D,Colisión,Ninguna,"Horizontal,Vertical",Cordón divisorio,Sin restricción
2018,5385,2018-07-25,Miercoles,0,14:00:00,,0.0,2,"Tracción animal / Carro,Pickup/Utilitario",Uriarte Y Rvdo.J.Margis,3,2,0,0,1,0,0,"-32.991111111111,-60.662138888889",Calle,,ROSARIO,Rosario,Asfalto,No existe,II,Dentro,Urbana,Ninguna,No existe,Intersección,Bueno,Buena,Diurna,Buen Tiempo,S/D,Peatón,Atropello,Ninguna,Faltante,Barrera de hormigón,Sin restricción
2018,5386,2018-07-22,Domingo,0,12:15:00,,0.0,2,"Moto/Ciclomotor,Automóvil",Urquiza Y Sarmiento,2,1,0,0,1,0,0,"-32.943,-60.637361111111",Calle,,ROSARIO,Rosario,Asfalto,No existe,II,Dentro,Urbana,Señal Pare,No existe,Intersección,Bueno,Buena,Diurna,Buen Tiempo,De alcance,S/D,Colisión,Ninguna,"Horizontal,Vertical",Ninguna,Sin restricción
2018,5387,2018-07-19,Jueves,0,01:00:00,,0.0,2,"Taxi/Remis,Automóvil",Paraguay Y Virasoro,4,1,0,0,3,0,0,"-32.968924, -60.649611",Calle,,ROSARIO,Rosario,Asfalto,No existe,II,Dentro,Urbana,Ninguna,No existe,Intersección,Deteriorada,S/D,"Nocturna,Con luz artificial",S/D,S/D,S/D,Colisión,S/D,Faltante,Ninguna,S/D
2018,5388,2018-03-07,Miercoles,0,16:30:00,,0.0,2,"Automóvil,Moto/Ciclomotor",Avenida Ing Jose Juan Yapur Y Calle 13,3,3,0,0,0,0,0,"-28.418316,-59.264493",Calle,,TACUARENDÍ,General Obligado,Asfalto,S/D,IX,Dentro,Urbana,S/D,S/D,Intersección,S/D,S/D,Diurna,S/D,S/D,S/D,Colisión,S/D,S/D,S/D,S/D
2018,5389,2018-03-09,Viernes,0,,,0.0,2,"Automóvil,Moto/Ciclomotor", ,2,1,0,0,1,0,0,"-33.737435,-61.973507",Calle,,VENADO TUERTO,General López,S/D,S/D,VIII,Dentro,Urbana,S/D,S/D,Intersección,S/D,S/D,S/D,S/D,S/D,S/D,Colisión,S/D,S/D,S/D,S/D
2018,5390,2018-07-25,Miercoles,0,13:44:00,,0.0,2,"Moto/Ciclomotor,Taxi/Remis",San Martin Y Biedma,2,1,0,0,1,0,0,"-32.981722222222,-60.644916666667",Avenida,,ROSARIO,Rosario,Asfalto,No existe,II,Dentro,Urbana,Ninguna,No existe,Intersección,Bueno,Buena,Diurna,Buen Tiempo,Lateral,S/D,Colisión,Ninguna,Faltante,Cordón divisorio,Sin restricción
2018,5391,2018-07-19,Jueves,0,13:59:00,,0.0,2,"Automóvil,Moto/Ciclomotor",Espa?a Y San Luis,2,1,0,0,1,0,0,"-32.947539, -60.647161",Calle,,ROSARIO,Rosario,Asfalto,No existe,II,Dentro,Urbana,Semáforo,Funciona,Intersección,Bueno,S/D,Diurna,S/D,S/D,S/D,Colisión,S/D,"Horizontal,Vertical",Ninguna,S/D
2018,5392,2018-07-29,Domingo,0,06:00:00,,0.0,2,"Bicicleta,Pickup/Utilitario",Bv. Oro?o 305,2,1,0,0,1,0,0,"-32.937972222222,-60.651722222222",Avenida,,ROSARIO,Rosario,Asfalto,No existe,II,Dentro,Urbana,Señal Pare,No existe,Recta,Bueno,Buena,Amanecer,Buen Tiempo,S/D,Ciclista,Atropello,Ninguna,"Horizontal,Vertical",Cordón divisorio,Sin restricción
2018,5393,2018-03-09,Viernes,0,,,0.0,1,Moto/Ciclomotor, ,1,1,0,0,0,0,0,"-33.737435,-61.973507",S/D,,VENADO TUERTO,General López,S/D,S/D,VII,S/D,S/D,S/D,S/D,S/D,S/D,S/D,S/D,S/D,S/D,S/D,Caída ocupante,S/D,S/D,S/D,S/D
2018,5394,2018-07-28,Sabado,0,18:05:00,,0.0,2,"Bicicleta,Automóvil",Mariano Moreno Y Brown,2,1,0,0,1,0,0,"-32.934888888889,-60.648222222222",Calle,,ROSARIO,Rosario,Asfalto,No existe,II,Dentro,Urbana,Ninguna,No existe,Intersección,Bueno,Buena,Diurna,Buen Tiempo,S/D,Ciclista,Atropello,Ninguna,Faltante,Ninguna,Sin restricción
2018,5395,2018-07-19,Jueves,0,20:18:00,,0.0,2,"Bicicleta,Automóvil",Bv. Oro?o 1200,2,1,0,0,1,0,0,"-32.949445, -60.654874",Avenida,,ROSARIO,Rosario,Asfalto,No existe,II,Dentro,Urbana,Semáforo,Funciona,Recta,Bueno,S/D,Nocturna,S/D,S/D,Ciclista,Atropello,S/D,"Horizontal,Vertical","Cordón divisorio,Vegetación",S/D
2018,5396,2018-03-10,Sabado,0,06:00:00,,0.0,2,"Moto/Ciclomotor,Moto/Ciclomotor",Av. Uriburu Y Rodriguez,2,2,0,0,0,0,0,"-32.991444444444,-60.671027777778",Calle,,ROSARIO,Rosario,Asfalto,No existe,II,Dentro,Urbana,Semáforo,Funciona,Intersección,Bueno,S/D,Amanecer,S/D,S/D,S/D,Colisión,Ninguna,"Horizontal,Vertical",Cordón divisorio,Sin restricción
2018,5397,2018-03-10,Sabado,0,17:15:00,,0.0,2,"Automóvil,Peatón",Camino de los Granaderos Y Palestina,2,1,0,0,1,0,0,"-32.885972222222,-60.71",Calle,,ROSARIO,Rosario,Asfalto,No existe,II,Dentro,Urbana,Ninguna,Funciona,Intersección,Bueno,S/D,Diurna,S/D,S/D,Peatón,Atropello,Ninguna,"Horizontal,Vertical",Cordón divisorio,Sin restricción
2018,5398,2018-07-25,Miercoles,0,07:50:00,,0.0,2,"Moto/Ciclomotor,Moto/Ciclomotor",Bv. Segui Y Italia,2,1,0,0,1,0,0,"-32.977305555556,-60.656083333333",Calle,,ROSARIO,Rosario,Asfalto,No existe,II,Dentro,Urbana,Ninguna,No existe,Intersección,Bueno,Buena,Diurna,Lluvia,Lateral,S/D,Colisión,Ninguna,Faltante,Ninguna,Sin restricción
2018,5399,2018-07-20,Viernes,0,11:15:00,,0.0,3,"Peatón,Peatón,Automóvil",Rioja 2000,3,2,0,0,1,0,0,"-32.945319, -60.651198",Calle,,ROSARIO,Rosario,Asfalto,No existe,II,Dentro,Urbana,Señal Pare,No existe,Recta,Bueno,Buena,Diurna,S/D,S/D,Peatón,Atropello,Ninguna,"Horizontal,Vertical",Línea divisoria pintada,Sin restricción
2018,5400,2018-03-10,Sabado,0,,,0.0,2,"Automóvil,Bicicleta",Matienzo Y Riobamba,2,1,0,0,1,0,0,"-32.954027777778,-60.694138888889",Calle,,ROSARIO,Rosario,Asfalto,No existe,II,Dentro,Urbana,Ninguna,No existe,Intersección,Bueno,S/D,Diurna,S/D,S/D,Ciclista,Atropello,Ninguna,Faltante,Ninguna,Sin restricción
2018,5401,2018-07-01,Domingo,0,08:15:00,,0.0,2,"Taxi/Remis,Taxi/Remis",Av. Ovidio Lagos Y Bv. 27 De Febrero,2,1,0,0,0,0,1,"-32.963388888889,-60.666638888889",Avenida,,ROSARIO,Rosario,Asfalto,No existe,II,Dentro,Urbana,Semáforo,Funciona,Intersección,S/D,S/D,Diurna,S/D,Lateral,S/D,Colisión,S/D,"Horizontal,Vertical",Cordón divisorio,S/D
2018,5402,2018-07-22,Domingo,0,19:00:00,,0.0,2,"Automóvil,Moto/Ciclomotor",Colon Y Ituzaingo,2,1,0,0,1,0,0,"-32.962985, -60.629116",Calle,,ROSARIO,Rosario,Asfalto,No existe,II,Dentro,Urbana,Ninguna,No existe,Intersección,Bueno,S/D,Atardecer,Buen Tiempo,S/D,S/D,Colisión,Ninguna,Faltante,Ninguna,S/D
2018,5403,2018-07-16,Lunes,0,16:40:00,,0.0,2,"Automóvil,Moto/Ciclomotor",Av. Bermudez Y Olegario V.Andrade,2,1,0,0,1,0,0,"-32.995689982204, -60.642832516363",Calle,,ROSARIO,Rosario,Asfalto,No existe,II,Dentro,Urbana,Ninguna,No existe,Intersección,Bueno,Buena,Atardecer,Buen Tiempo,Lateral,S/D,Colisión,Ninguna,Faltante,Ninguna,Sin restricción
2018,5404,2018-03-10,Sabado,0,18:50:00,,0.0,2,"Automóvil,Moto/Ciclomotor",Riobamba Y Ecuador,3,2,0,0,1,0,0,"-32.954583333333,-60.714361111111",Calle,,ROSARIO,Rosario,Asfalto,No existe,II,Dentro,Urbana,Ninguna,No existe,Intersección,Bueno,S/D,Diurna,S/D,S/D,S/D,Colisión,Ninguna,Faltante,Ninguna,Sin restricción
2018,5405,2018-07-02,Lunes,0,05:20:00,,0.0,2,"Automóvil,Automóvil",San Lorenzo Y Maipu,2,1,0,0,1,0,0,"-32.945388888889,-60.634777777778",Calle,,ROSARIO,Rosario,Asfalto,No existe,II,Dentro,Urbana,Señal Pare,No existe,Intersección,S/D,S/D,Nocturna,S/D,Lateral,S/D,Colisión,S/D,Vertical,Ninguna,Sin restricción
2018,5406,2018-07-23,Lunes,0,11:30:00,,0.0,2,"Peatón,Moto/Ciclomotor",San Luis Y Paraguay,2,1,0,0,1,0,0,"-32.948033, -60.644367",Calle,,ROSARIO,Rosario,Asfalto,No existe,II,S/D,Urbana,Ninguna,Funciona,Recta,Bueno,Buena,Diurna,Buen Tiempo,S/D,Peatón,Atropello,S/D,"Horizontal,Vertical",Ninguna,Sin restricción
2018,5407,2018-07-16,Lunes,0,20:30:00,,0.0,2,"Moto/Ciclomotor,Taxi/Remis",Bv. Segui Y Entre Rios,4,2,0,0,2,0,0,"-32.978666666667,-60.649194444444",Calle,,ROSARIO,Rosario,Asfalto,No existe,II,Dentro,Urbana,Ninguna,No existe,Intersección,Bueno,Buena,Nocturna,Buen Tiempo,Lateral,S/D,Colisión,Ninguna,Faltante,Ninguna,Sin restricción
2018,5408,2018-03-13,Martes,0,,,0.0,1,Moto/Ciclomotor,Av Eduardo Minetti Y 25 de Mayo,1,0,1,0,0,0,0,"-28.622142,-61.627319",Calle,,VILLA MINETTI,9 de Julio,S/D,S/D,XII,Dentro,Urbana,S/D,S/D,Intersección,S/D,S/D,S/D,S/D,S/D,S/D,Caída ocupante,S/D,S/D,S/D,S/D