anio_acci,nro_acci,fecha,desc_dia,fecha_aprox,hora_aprox,desc_ruta,km,cant_participantes,desc_participante,calle_avenida_km,total,heridos_leves,heridos_graves,heridos_gravisimos,ilesos,fallecidos,sin_datos,posicion_XY,desc_tipo_via,desc_ruta_ori,desc_loc,desc_dpto,desc_tipo_calzada,desc_tipo_banquina,desc_unidad_regional,desc_lugar_calzada,desc_zona,desc_prioridad,desc_estado_semaforo,desc_lugar_via,desc_estado_via,desc_estado_visibilidad,desc_luminosidad,desc_estado_clima,desc_tipo_colision,desc_tipo_atropello,desc_tipo_hecho,desc_pres_calzada,desc_senializacion,desc_separacion_via,desc_restriccion
2018,5409,2018-07-02,Lunes,0,17:15:00,,0.0,2,"Automóvil,Peatón",Rivadavia 2165,2,1,0,0,1,0,0,"-32.932194444444,-60.649805555556",Calle,,ROSARIO,Rosario,Asfalto,No existe,II,Dentro,Urbana,Semáforo,Funciona,Recta,S/D,S/D,Diurna,S/D,S/D,Peatón,Atropello,S/D,"Horizontal,Vertical",Ninguna,Sin restricción
2018,5410,2018-07-23,Lunes,0,07:00:00,,0.0,2,"Moto/Ciclomotor,Moto/Ciclomotor",Av. Ntra.Sra.del Rosario Y Salva,2,2,0,0,0,0,0,"-32.999611111111,-60.640361111111",Avenida,,ROSARIO,Rosario,Asfalto,No existe,II,Dentro,Urbana,Ninguna,Funciona,Intersección,Bueno,Buena,Diurna,Buen Tiempo,Lateral,S/D,Colisión,Ninguna,Vertical,Ninguna,Sin restricción
2018,5411,2018-07-23,Lunes,0,12:51:00,,0.0,2,"Moto/Ciclomotor,Automóvil",Sarmiento Y Av. Pellegrini,2,1,0,0,1,0,0,"-32.957200, -60.640835",Avenida,,ROSARIO,Rosario,Asfalto,No existe,II,Dentro,Urbana,Semáforo,Funciona,Intersección,Deteriorada,S/D,"Nocturna,Con luz artificial",Buen Tiempo,S/D,S/D,Colisión,Ninguna,"Horizontal,Vertical",Cordón divisorio,Sin restricción
2018,5412,2018-03-13,Martes,0,23:45:00,Ruta Provincial 13,65.0,2,"Automóvil,Automóvil", ,3,0,1,0,2,0,0,"-31.93940,-61.86115",Ruta,13,SAN JORGE,San Martín,Asfalto,S/D,XVIII,Dentro,Rural,S/D,S/D,Recta,S/D,S/D,S/D,S/D,Atropello animal,S/D,Colisión,S/D,S/D,S/D,S/D
2018,5413,2018-07-19,Jueves,0,19:10:00,,0.0,2,"Bicicleta,Automóvil",Dr.Rivas Y Rodriguez,2,1,0,0,1,0,0,"-32.979972222222,-60.668138888889",Calle,,ROSARIO,Rosario,Asfalto,No existe,II,Dentro,Urbana,Ninguna,No existe,Intersección,Bueno,Buena,Atardecer,Buen Tiempo,S/D,Ciclista,Atropello,Ninguna,Faltante,Ninguna,Sin restricción
2018,5414,2018-07-03,Martes,0,09:30:00,,0.0,2,"Pickup/Utilitario,Moto/Ciclomotor",Sarmiento Y Riobamba,2,0,1,0,1,0,0,"-32.963,-60.642361111111",Calle,,ROSARIO,Rosario,Asfalto,No existe,II,Dentro,Urbana,Semáforo,Funciona,Intersección,S/D,S/D,Diurna,S/D,Lateral,S/D,Colisión,S/D,"Horizontal,Vertical",Ninguna,Sin restricción
2018,5415,2018-07-04,Miercoles,0,08:30:00,,0.0,2,"Moto/Ciclomotor,Automóvil",Colon Y Ituzaingo,2,1,0,0,1,0,0,"-32.962972222222,-60.629138888889",Calle,,ROSARIO,Rosario,Asfalto,No existe,II,Dentro,Urbana,Ninguna,No existe,Intersección,S/D,S/D,Diurna,S/D,Lateral,S/D,Colisión,S/D,Faltante,Ninguna,Sin restricción
2018,5416,2018-03-14,Miercoles,0,,,0.0,2,"Automóvil,Moto/Ciclomotor",Bv. 27 De Febrero Y Lavalle,2,1,0,0,1,0,0,"-32.960638888889,-60.683166666667",Calle,,ROSARIO,Rosario,Asfalto,No existe,II,Dentro,Urbana,Semáforo,Funciona,Intersección,Bueno,S/D,S/D,S/D,S/D,S/D,Colisión,Ninguna,Vertical,Cordón divisorio,Sin restricción
2018,5417,2018-07-23,Lunes,0,18:55:00,,0.0,2,"Bicicleta,Automóvil",9 De Julio Y Espa?a,2,1,0,0,0,0,1,"-32.952338, -60.648348",Calle,,ROSARIO,Rosario,Asfalto,No existe,II,Dentro,Urbana,Semáforo,Funciona,Intersección,Bueno,Buena,Diurna,Buen Tiempo,S/D,Peatón,Atropello,Ninguna,"Horizontal,Vertical",Ninguna,Sin restricción
2018,5418,2018-07-16,Lunes,0,08:35:00,,0.0,2,"Moto/Ciclomotor,Camión Chasis",Pueyrredon Y Rivadavia,2,1,0,0,1,0,0,"-32.931333333333,-60.6545",Calle,,ROSARIO,Rosario,Asfalto,No existe,II,Dentro,Urbana,Ninguna,No existe,Intersección,Bueno,S/D,Diurna,Buen Tiempo,Lateral,S/D,Colisión,Ninguna,Faltante,Ninguna,Sin restricción
2018,5419,2018-03-14,Miercoles,0,,Ruta Provincial 6,0.0,1,Moto/Ciclomotor, ,2,2,0,0,0,0,0,"-31.627812,-61.067775",Ruta,6,SAN CARLOS NORTE,Las Colonias,S/D,S/D,XI,Dentro,Rural,S/D,S/D,Recta,S/D,S/D,S/D,S/D,S/D,S/D,Caída ocupante,S/D,S/D,S/D,S/D
2018,5420,2018-07-14,Sabado,0,02:30:00,,0.0,2,"Bicicleta,Automóvil",Santiago Y Centeno,2,1,0,0,1,0,0,"-32.981583333333,-60.665694444444",Calle,,ROSARIO,Rosario,Asfalto,No existe,II,Dentro,Urbana,Ninguna,No existe,Intersección,Bueno,Buena,Nocturna,Buen Tiempo,S/D,Ciclista,Atropello,Ninguna,Faltante,Ninguna,Sin restricción
2018,5421,2018-03-14,Miercoles,0,21:15:00,Ruta Secundaria 83-s,0.0,1,Moto/Ciclomotor, ,1,1,0,0,0,0,0,"-28.76667,-60.13261",Ruta,83-s,COLMENA,Vera,S/D,S/D,XIX,Dentro,Rural,S/D,S/D,Recta,S/D,S/D,S/D,S/D,Atropello animal,S/D,Colisión,S/D,S/D,S/D,S/D
2018,5422,2018-07-14,Sabado,0,08:30:00,,0.0,2,"Camión c / Acoplado,Automóvil",Bv. Segui Y Rodriguez,4,3,0,0,1,0,0,"-32.975361111111,-60.666972222222",Calle,,ROSARIO,Rosario,Asfalto,No existe,II,Dentro,Urbana,Ninguna,No existe,Intersección,Bueno,Buena,Diurna,Buen Tiempo,Lateral,S/D,Colisión,Ninguna,Faltante,Ninguna,Sin restricción
2018,5423,2018-03-16,Viernes,0,,,0.0,1,Camión,Av Arronga 1650,1,1,0,0,0,0,0,"-29.466138888889,-60.204527777778",Calle,,VERA,Vera,S/D,S/D,XIX,Dentro,Urbana,S/D,S/D,Recta,S/D,S/D,S/D,S/D,Contra objeto fijo,S/D,Colisión,S/D,S/D,S/D,S/D
2018,5424,2018-03-17,Sabado,0,,,0.0,1,Automóvil, ,1,1,0,0,0,0,0,"-32.915390,-60.812942",S/D,,FUNES,Rosario,S/D,S/D,II,S/D,S/D,S/D,S/D,S/D,S/D,S/D,S/D,S/D,S/D,S/D,Vuelco,S/D,S/D,S/D,S/D
2018,5425,2018-03-17,Sabado,0,,Ruta Nacional 33,0.0,2,"Camión,Camión", ,2,1,0,0,1,0,0,"-33.245070,-61.359128",Ruta,33,CHABAS,Caseros,S/D,S/D,IV,Dentro,Urbana,S/D,S/D,S/D,S/D,S/D,S/D,S/D,S/D,S/D,Colisión,S/D,S/D,S/D,S/D
2018,5426,2018-03-17,Sabado,0,,,0.0,2,"Pickup/Utilitario,Otros", ,2,1,0,0,1,0,0,"-33.243828,-61.361385",S/D,,CHABAS,Caseros,S/D,S/D,IV,S/D,S/D,S/D,S/D,S/D,S/D,S/D,S/D,S/D,De alcance,S/D,Colisión,S/D,S/D,S/D,S/D
2018,5427,2018-07-12,Jueves,0,12:30:00,,0.0,2,"Moto/Ciclomotor,Pickup/Utilitario",Paraguay Y Benito Juarez,3,2,0,0,1,0,0,"-32.993111111111,-60.655138888889",Calle,,ROSARIO,Rosario,Asfalto,No existe,II,Dentro,Urbana,Ninguna,No existe,Intersección,Bueno,Buena,Diurna,Buen Tiempo,Lateral,S/D,Colisión,Ninguna,Faltante,Ninguna,Sin restricción
2018,5428,2018-03-18,Domingo,0,,,0.0,2,"Otros,Otros",A F Temporelli 2476,2,2,0,0,0,0,0,"-33.036388888889,-60.646",Calle,,VILLA GOBERNADOR GÁLVEZ,Rosario,S/D,S/D,II,Dentro,Urbana,S/D,S/D,S/D,S/D,S/D,S/D,S/D,S/D,S/D,Colisión,S/D,S/D,S/D,S/D
2018,5429,2018-07-12,Jueves,0,15:30:00,,0.0,2,"Moto/Ciclomotor,Automóvil",Italia Y Biedma,2,0,1,0,1,0,0,"-32.979611111111,-60.656666666667",Calle,,ROSARIO,Rosario,Asfalto,No existe,II,Dentro,Urbana,Ninguna,No existe,Intersección,Bueno,Buena,Diurna,Buen Tiempo,Lateral,S/D,Colisión,Ninguna,Faltante,Ninguna,Sin restricción
2018,5430,2018-03-18,Domingo,0,12:30:00,,0.0,2,"Pickup/Utilitario,Moto/Ciclomotor",Gorriti Y Solis Bis,2,1,0,0,1,0,0,"-32.924083333333,-60.704055555556",Calle,,ROSARIO,Rosario,Asfalto,No existe,II,Dentro,Urbana,Ninguna,No existe,Intersección,Bueno,S/D,Diurna,S/D,S/D,S/D,Colisión,Ninguna,Faltante,Ninguna,Sin restricción
2018,5432,2018-07-12,Jueves,0,08:30:00,,0.0,2,"Moto/Ciclomotor,Peatón",Bv. Oro?o Y Dean Funes,2,2,0,0,0,0,0,"-32.972916666667,-60.660611111111",Avenida,,ROSARIO,Rosario,Asfalto,No existe,II,Dentro,Urbana,Semáforo,Funciona,Intersección,Bueno,Buena,Diurna,Buen Tiempo,S/D,Peatón,Atropello,Ninguna,"Horizontal,Vertical",Ninguna,Sin restricción
2018,5433,2018-07-11,Miercoles,0,09:00:00,,0.0,2,"Bicicleta,Automóvil",Mitre Y Saavedra,2,1,0,0,1,0,0,"-32.977666666667,-60.647472222222",Calle,,ROSARIO,Rosario,Asfalto,No existe,II,Dentro,Urbana,Ninguna,No existe,Intersección,Bueno,Buena,Diurna,Buen Tiempo,S/D,Ciclista,Atropello,Ninguna,Faltante,Ninguna,Sin restricción
2018,5434,2018-07-11,Miercoles,0,20:15:00,,0.0,2,"Moto/Ciclomotor,Pickup/Utilitario",San Martin 4800,3,2,0,0,1,0,0,"-32.992888888889,-60.647277777778",Avenida,,ROSARIO,Rosario,Asfalto,No existe,II,S/D,Urbana,Ninguna,Funciona,Recta,Bueno,Buena,Nocturna,Buen Tiempo,Lateral,S/D,Colisión,Ninguna,Faltante,Ninguna,Sin restricción
2018,5435,2018-03-18,Domingo,0,,,0.0,2,"Moto/Ciclomotor,Moto/Ciclomotor",Av Irigoyen Y Crespo,2,2,0,0,0,0,0,"-30.944073,-61.556526",Calle,,SUNCHALES,Castellanos,Asfalto,No existe,V,Dentro,Urbana,Ninguna,No existe,Intersección,Bueno,S/D,S/D,S/D,S/D,S/D,Colisión,Ninguna,Horizontal,Cordón divisorio,Sin restricción
2018,5436,2018-03-18,Domingo,0,,,0.0,2,"Pickup/Utilitario,Camión", ,5,4,0,0,1,0,0,"-33.599663,-61.309485",S/D,,CARRERAS,General López,S/D,S/D,VIII,S/D,S/D,S/D,S/D,S/D,S/D,S/D,S/D,S/D,S/D,S/D,Colisión,S/D,S/D,S/D,S/D
2018,5437,2018-07-10,Martes,0,15:30:00,,0.0,2,"Moto/Ciclomotor,Automóvil",Sarmiento Y Benito Juarez,2,1,0,0,1,0,0,"-32.992916666667,-60.649333333333",Calle,,ROSARIO,Rosario,Asfalto,No existe,II,Dentro,Urbana,Ninguna,No existe,Intersección,Bueno,Buena,Diurna,Buen Tiempo,Lateral,S/D,Colisión,Ninguna,Faltante,Ninguna,Sin restricción
2018,5438,2018-03-18,Domingo,0,06:00:00,,0.0,2,"Automóvil,Moto/Ciclomotor",Bv Lisandro de la Torre Y Gral Guemes,2,1,0,0,1,0,0,"-31.903269,-61.854057",Calle,,SAN JORGE,San Martín,Asfalto,No existe,XVIII,Dentro,Urbana,Ninguna,No existe,Intersección,S/D,S/D,Amanecer,S/D,S/D,S/D,Colisión,Ninguna,Faltante,Ninguna,Sin restricción
2018,5439,2018-07-10,Martes,0,23:00:00,,0.0,2,"Automóvil,Moto/Ciclomotor",Santiago Y Bv. Segui,3,2,0,0,1,0,0,"-32.975833333333,-60.66425",Avenida,,ROSARIO,Rosario,Asfalto,No existe,II,Dentro,Urbana,Ninguna,No existe,Intersección,Bueno,Buena,Nocturna,Buen Tiempo,Lateral,S/D,Colisión,Ninguna,Faltante,Ninguna,Sin restricción
2018,5440,2018-07-08,Domingo,0,16:45:00,,0.0,2,"Bicicleta,Automóvil",Av. Uriburu Y 1 de Mayo,2,1,0,0,1,0,0,"-32.990472222222,-60.640416666667",Calle,,ROSARIO,Rosario,Asfalto,No existe,II,Dentro,Urbana,Ninguna,No existe,S/D,Bueno,Buena,Amanecer,Buen Tiempo,S/D,Ciclista,Atropello,Ninguna,Faltante,Ninguna,Sin restricción
2018,5441,2018-08-08,Miercoles,0,14:10:00,Ruta Nacional 9,0.0,2,"Camión c / Acoplado,Transporte de Pasajeros Larga Distancia (> 8 asientos)", ,19,3,0,0,16,0,0,"-33.24933, -60.42965",Ruta,9,EMPALME VILLA CONSTITUCIÓN,Constitución,Asfalto,Natural,VI,Dentro,Rural,Ninguna,No existe,Recta,Bueno,Reducida,Diurna,Viento Fuerte,Frontal,S/D,Colisión,Ninguna,"Horizontal,Vertical",Vegetación,Sin restricción
2018,5442,2018-08-12,Domingo,0,17:30:00,,0.0,2,"Pickup/Utilitario,Automóvil", ,3,1,0,0,1,0,1,"-33.17647, -60.48498",S/D,,FIGHIERA,Rosario,Asfalto,S/D,II,S/D,Urbana,S/D,S/D,Intersección,Bueno,S/D,S/D,Buen Tiempo,S/D,S/D,Colisión,S/D,S/D,S/D,Sin restricción
2018,5443,2018-08-14,Martes,0,19:00:00,Ruta Provincial 21,0.0,2,"Automóvil,Pickup/Utilitario",ARROYO PAVON ,2,2,0,0,0,0,0,"-33.24151, -60.40814",Ruta,21,FIGHIERA,Rosario,Asfalto,Natural,II,S/D,Urbana,S/D,S/D,Intersección,Bueno,S/D,Diurna,S/D,S/D,S/D,Colisión,S/D,S/D,S/D,S/D
2018,5444,2018-08-30,Jueves,0,14:30:00,,0.0,2,"Bicicleta,Automóvil",Paraguay Y San Lorenzo,2,1,0,0,1,0,0,"-32.943111111111,-60.643166666667",Calle,,ROSARIO,Rosario,S/D,S/D,II,S/D,Urbana,S/D,S/D,Intersección,S/D,S/D,Diurna,S/D,S/D,Ciclista,Atropello,S/D,S/D,S/D,S/D
2018,5445,2018-08-11,Sabado,0,,Ruta Nacional A012,27.0,2,"Automóvil,Moto/Ciclomotor", ,2,1,0,0,1,0,0,"-32.98576, -60.90712",Ruta,A012,ZAVALLA,Rosario,Asfalto,Ripio,II,S/D,Rural,Marca Vial,No existe,Recta,Bueno,Buena,Nocturna,Buen Tiempo,Lateral,S/D,Colisión,Ninguna,Vertical,Línea divisoria pintada,Sin restricción
2018,5446,2018-08-29,Miercoles,0,16:50:00,,0.0,2,"Automóvil,Bicicleta",Alvear Y San Lorenzo,2,1,0,0,1,0,0,"-32.941166666667,-60.654083333333",Calle,,ROSARIO,Rosario,S/D,S/D,II,S/D,Urbana,S/D,S/D,Intersección,Bueno,S/D,Diurna,S/D,S/D,Ciclista,Atropello,S/D,S/D,S/D,S/D
2018,5447,2018-08-26,Domingo,0,14:35:00,,0.0,2,"Automóvil,Moto/Ciclomotor",Av. Genova Y Albert Sabin,2,1,0,0,1,0,0,"-32.91537, -60.69185",Avenida,,ROSARIO,Rosario,Asfalto,Pavimento,II,Dentro,Urbana,Semáforo,Funciona,Intersección,Bueno,Buena,Diurna,Buen Tiempo,Lateral,S/D,Colisión,Ninguna,Vertical,Cordón divisorio,Sin restricción
2018,5448,2018-08-29,Miercoles,0,21:35:00,,0.0,2,"Bicicleta,Automóvil",Ricchieri 600,2,1,0,0,1,0,0,"-32.939722222222,-60.662222222222",S/D,,ROSARIO,Rosario,S/D,S/D,II,S/D,S/D,S/D,S/D,Recta,S/D,S/D,Diurna,S/D,S/D,Ciclista,Atropello,S/D,S/D,S/D,S/D
2018,5449,2018-08-03,Viernes,0,13:20:00,,0.0,2,"Automóvil,Bicicleta",Av. Genova Y Mu?iz Bis,2,1,0,0,1,0,0,"-32.91525,-60.688",Calle,,ROSARIO,Rosario,S/D,S/D,II,Dentro,Urbana,S/D,S/D,S/D,S/D,S/D,S/D,S/D,Lateral,Ciclista,Atropello,S/D,S/D,S/D,S/D
2018,5450,2018-08-13,Lunes,0,11:00:00,,0.0,2,"Peatón,Moto/Ciclomotor",Entre Rios 365,2,1,0,0,1,0,0,"-32.940916666667,-60.639694444444",Calle,,ROSARIO,Rosario,Asfalto,No existe,II,Dentro,Urbana,Otra Señal,No existe,Recta,Bueno,Buena,Diurna,Buen Tiempo,S/D,Peatón,Atropello,Ninguna,Faltante,Ninguna,Sin restricción
2018,5451,2018-08-29,Miercoles,0,,,0.0,2,"Automóvil,Moto/Ciclomotor",Mendoza Y Morrison,2,0,0,0,0,0,2,"-32.949305555556,-60.651888888889",Calle,,ROSARIO,Rosario,S/D,S/D,II,S/D,Urbana,S/D,S/D,Intersección,S/D,S/D,S/D,S/D,S/D,S/D,Colisión,S/D,S/D,S/D,S/D
2018,5452,2018-08-17,Viernes,0,16:05:00,,0.0,2,"Automóvil,Bicicleta",Catamarca Y Mariano Moreno,3,1,0,0,1,0,1,"-32.938388888889,-60.649138888889",Calle,,ROSARIO,Rosario,Asfalto,No existe,II,Dentro,Urbana,Señal Pare,No existe,Intersección,Bueno,Buena,Diurna,Buen Tiempo,S/D,Ciclista,Atropello,Ninguna,Vertical,Ninguna,Sin restricción
2018,5453,2018-08-21,Martes,0,17:05:00,,0.0,3,"Pickup/Utilitario,Automóvil,Automóvil",Salta Y Entre Rios,3,1,0,0,1,0,1,"-32.938916666667,-60.639222222222",Calle,,ROSARIO,Rosario,Asfalto,No existe,II,S/D,Urbana,Ninguna,No existe,Intersección,Bueno,Buena,Diurna,Buen Tiempo,De alcance,S/D,Colisión,S/D,Faltante,Ninguna,Sin restricción
2018,5454,2018-08-29,Miercoles,0,13:55:00,,0.0,2,"Moto/Ciclomotor,Automóvil",Pte.Roca Y San Lorenzo,2,1,0,0,1,0,0,"-32.942888888889,-60.644555555556",Calle,,ROSARIO,Rosario,S/D,S/D,II,S/D,Urbana,Señal Pare,S/D,Intersección,S/D,S/D,Diurna,S/D,S/D,S/D,Colisión,Ninguna,S/D,S/D,S/D
2018,5455,2018-08-30,Jueves,0,20:00:00,,0.0,2,"Peatón,Moto/Ciclomotor",Paraguay Y Rioja,2,2,0,0,0,0,0,"-32.946583333333,-60.644027777778",Calle,,ROSARIO,Rosario,S/D,S/D,II,S/D,Urbana,S/D,S/D,Intersección,S/D,S/D,Nocturna,S/D,S/D,Peatón,Atropello,S/D,S/D,S/D,S/D
2018,5456,2018-08-06,Lunes,0,19:35:00,,0.0,2,"Automóvil,Automóvil",Anibal Maffei ,3,2,0,0,0,0,1,"-33.14315, -60.48713",Camino Rural,,ARROYO SECO,Rosario,Asfalto,Natural,II,Dentro,Rural,Ninguna,No existe,Intersección,Resbaladiza,Reducida,Con luz artificial,Buen Tiempo,De alcance,S/D,Colisión,S/D,Faltante,Ninguna,Sin restricción
2018,5457,2018-08-29,Miercoles,0,07:45:00,,0.0,2,"Automóvil,Automóvil",Mendoza Y San Nicolas,3,2,0,0,0,0,1,"-32.945416666667,-60.673611111111",S/D,,ROSARIO,Rosario,S/D,S/D,II,S/D,Urbana,Semáforo,Funciona,Intersección,S/D,S/D,Diurna,S/D,Lateral,S/D,Colisión,S/D,S/D,S/D,Sin restricción
2018,5458,2018-08-08,Miercoles,0,19:20:00,,0.0,2,"Pickup/Utilitario,Automóvil",Libertad Y Bernardino Rivadavia,2,1,0,0,1,0,0,"-33.157201851633, -60.515988869577",Calle,,ARROYO SECO,Rosario,Asfalto,No existe,II,Dentro,Urbana,Ninguna,No existe,Intersección,Bueno,Reducida,"Nocturna,Con luz artificial",Buen Tiempo,Frontal,S/D,Colisión,S/D,Faltante,Ninguna,Sin restricción
2018,5459,2018-08-29,Miercoles,0,14:25:00,,0.0,4,"Camión Chasis,Automóvil,Taxi/Remis,Pickup/Utilitario",Av. Francia 2700,5,3,0,0,0,0,2,"-32.963833333333,-60.671277777778",S/D,,ROSARIO,Rosario,S/D,S/D,II,S/D,Urbana,S/D,S/D,Recta,S/D,S/D,S/D,S/D,S/D,S/D,Colisión,S/D,S/D,S/D,S/D
2018,5460,2018-08-26,Domingo,0,15:40:00,,0.0,2,"Automóvil,Moto/Ciclomotor",3 de Febrero Y Jose Gervasio Artigas,2,1,0,0,1,0,0,"-32.837380459969, -60.711652255271",Calle,,GRANADERO BAIGORRIA,Rosario,Asfalto,S/D,II,S/D,Urbana,S/D,No existe,Intersección,Bueno,Buena,Diurna,Buen Tiempo,S/D,S/D,S/D,Ninguna,S/D,Ninguna,Sin restricción
2018,5461,2018-08-30,Jueves,0,10:15:00,,0.0,2,"Moto/Ciclomotor,Automóvil",9 De Julio Y Alsina,2,1,0,0,1,0,0,"-32.946972222222,-60.678305555556",Calle,,ROSARIO,Rosario,S/D,S/D,II,S/D,Urbana,Señal Pare,S/D,Intersección,S/D,S/D,Diurna,S/D,S/D,S/D,Colisión,S/D,S/D,S/D,S/D
2018,5462,2018-08-20,Lunes,0,20:50:00,,0.0,2,"Peatón,Automóvil",Baigorria Y Anchoris,2,1,0,0,1,0,0,"-32.89325,-60.701111111111",Calle,,ROSARIO,Rosario,Asfalto,No existe,II,Dentro,Urbana,Ninguna,No existe,Recta,Bueno,Buena,Nocturna,Buen Tiempo,S/D,Peatón,Atropello,Ninguna,S/D,Cordón divisorio,Sin restricción
2018,5463,2018-08-30,Jueves,0,13:50:00,,0.0,2,"Peatón,Automóvil",E.Zeballos Y Pueyrredon,2,1,0,0,1,0,0,"-32.951555555556,-60.659555555556",Calle,,ROSARIO,Rosario,S/D,S/D,II,S/D,Urbana,S/D,S/D,Intersección,S/D,S/D,Diurna,S/D,S/D,Peatón,Atropello,S/D,S/D,S/D,S/D
2018,5464,2018-08-08,Miercoles,0,17:30:00,,0.0,2,"Moto/Ciclomotor,Pickup/Utilitario",Jose Ingenieros Y Nestor Fernandez Bis,2,1,0,0,0,0,1,"-32.916,-60.674388888889",Calle,,ROSARIO,Rosario,Asfalto,No existe,II,S/D,Urbana,Ninguna,No existe,Intersección,Bueno,Buena,Con luz artificial,Buen Tiempo,Lateral,S/D,Colisión,Ninguna,S/D,S/D,S/D
2018,5465,2018-08-31,Viernes,0,00:50:00,,0.0,2,"Automóvil,Moto/Ciclomotor",9 De Julio Y Bv. Avellaneda,3,1,0,0,2,0,0,"-32.9465,-60.680888888889",S/D,,ROSARIO,Rosario,S/D,S/D,II,S/D,Urbana,S/D,S/D,Intersección,S/D,S/D,Nocturna,S/D,S/D,S/D,Colisión,S/D,S/D,S/D,S/D
2018,5466,2018-08-12,Domingo,0,19:45:00,,0.0,2,"Automóvil,Moto/Ciclomotor",Bv. Avellaneda Bis Y Almafuerte,3,1,0,0,2,0,0,"-32.917027777778,-60.673722222222",Calle,,ROSARIO,Rosario,Asfalto,S/D,II,S/D,Urbana,Otra Señal,Funciona,Intersección,Bueno,Buena,Con luz artificial,Buen Tiempo,S/D,S/D,S/D,Ninguna,S/D,Cordón divisorio,S/D
2018,5467,2018-08-24,Viernes,0,17:20:00,,0.0,2,"Moto/Ciclomotor,Taxi/Remis",Albert Sabin Y Iguazu,2,1,0,0,1,0,0,"-32.921971620468, -60.686554887590",Calle,,ROSARIO,Rosario,Hormigón,Pavimento,II,S/D,Urbana,Ninguna,No existe,Intersección,Bueno,Buena,Diurna,Buen Tiempo,Lateral,S/D,Colisión,Ninguna,S/D,Ninguna,Sin restricción
2018,5468,2018-07-23,Lunes,0,07:30:00,,0.0,2,"Moto/Ciclomotor,Pickup/Utilitario",Santa Fe Y Dorrego,2,1,0,0,1,0,0,"-32.943098, -60.648863",Calle,,ROSARIO,Rosario,Asfalto,No existe,II,Dentro,Urbana,Semáforo,Funciona,Recta,Bueno,S/D,Diurna,S/D,De alcance,S/D,Colisión,S/D,"Horizontal,Vertical",Línea divisoria pintada,S/D
2018,5469,2018-03-23,Viernes,0,19:45:00,,0.0,2,"Automóvil,Moto/Ciclomotor",San Juan Y L.N.Alem,2,1,0,0,1,0,0,"-32.952084, -60.629320",Calle,,ROSARIO,Rosario,Asfalto,No existe,II,Dentro,Urbana,Señal Pare,No existe,Intersección,Bueno,S/D,Atardecer,S/D,Lateral,S/D,Colisión,S/D,"Horizontal,Vertical",Línea divisoria pintada,Sin restricción
2018,5470,2018-07-23,Lunes,0,15:30:00,,0.0,2,"Moto/Ciclomotor,Automóvil",Maipu Y San Juan,2,1,0,0,1,0,0,"-32.950721, -60.636212",Calle,,ROSARIO,Rosario,Asfalto,No existe,II,Dentro,Urbana,Semáforo,Funciona,Intersección,Bueno,Buena,Diurna,S/D,S/D,S/D,Colisión,S/D,"Horizontal,Vertical",Línea divisoria pintada,Sin restricción
2018,5471,2018-07-08,Domingo,0,09:30:00,,0.0,2,"Moto/Ciclomotor,Automóvil",Espa?a Y Garibaldi,3,1,0,0,2,0,0,"-32.984472222222,-60.656472222222",Calle,,ROSARIO,Rosario,Asfalto,No existe,II,Dentro,Urbana,Ninguna,No existe,Recta,Bueno,Buena,Diurna,Buen Tiempo,Lateral,S/D,Colisión,Ninguna,Faltante,Ninguna,Sin restricción
2018,5472,2018-07-24,Martes,0,13:00:00,,0.0,2,"Bicicleta,Peatón",San Martin Y Santa Fe,2,1,0,0,1,0,0,"-32.945638, -60.636449",Calle,,ROSARIO,Rosario,Asfalto,No existe,II,Dentro,Urbana,Semáforo,Funciona,Intersección,Deteriorada,Buena,Diurna,S/D,S/D,"Ciclista,Peatón",Atropello,S/D,"Horizontal,Vertical",Línea divisoria pintada,Sin restricción
2018,5473,2018-07-07,Sabado,0,11:45:00,,0.0,2,"Moto/Ciclomotor,Automóvil",San Martin Y Garibaldi,2,1,0,0,1,0,0,"-32.986333333333,-60.645888888889",Avenida,,ROSARIO,Rosario,Asfalto,No existe,II,Dentro,Urbana,Ninguna,No existe,Recta,Bueno,Buena,Diurna,Buen Tiempo,Lateral,S/D,Colisión,Ninguna,Faltante,Cordón divisorio,Sin restricción
2018,5474,2018-03-15,Jueves,0,18:00:00,,0.0,2,"Camión c / Semirremolque,Moto/Ciclomotor",Calle 1825 Y Av. Provincias Unidas,3,2,0,0,1,0,0,"-32.969555555556,-60.711472222222",Avenida,,ROSARIO,Rosario,Asfalto,No existe,II,Dentro,Urbana,Ninguna,No existe,Intersección,Bueno,Buena,Diurna,Buen Tiempo,Lateral,S/D,Colisión,Ninguna,S/D,Cordón divisorio,Sin restricción
2018,5475,2018-07-24,Martes,0,18:30:00,,0.0,2,"Automóvil,Automóvil",Paraguay Y Rioja,3,2,0,0,1,0,0,"-32.946593, -60.644000",Calle,,ROSARIO,Rosario,Asfalto,No existe,II,Dentro,Urbana,Semáforo,Funciona,Intersección,Con baches,S/D,Diurna,S/D,S/D,S/D,Colisión,Ninguna,"Horizontal,Vertical",Línea divisoria pintada,Sin restricción
2018,5476,2018-07-07,Sabado,0,10:55:00,,0.0,2,"Automóvil,Moto/Ciclomotor",Bv. Segui Y Callao,2,1,0,0,1,0,0,"-32.97525,-60.668361111111",Avenida,,ROSARIO,Rosario,Asfalto,No existe,II,Dentro,Urbana,Ninguna,No existe,Recta,Bueno,Buena,Diurna,Buen Tiempo,Lateral,S/D,Colisión,Ninguna,Faltante,Ninguna,Sin restricción