anio_acci,nro_acci,fecha,desc_dia,fecha_aprox,hora_aprox,desc_ruta,km,cant_participantes,desc_participante,calle_avenida_km,total,heridos_leves,heridos_graves,heridos_gravisimos,ilesos,fallecidos,sin_datos,posicion_XY,desc_tipo_via,desc_ruta_ori,desc_loc,desc_dpto,desc_tipo_calzada,desc_tipo_banquina,desc_unidad_regional,desc_lugar_calzada,desc_zona,desc_prioridad,desc_estado_semaforo,desc_lugar_via,desc_estado_via,desc_estado_visibilidad,desc_luminosidad,desc_estado_clima,desc_tipo_colision,desc_tipo_atropello,desc_tipo_hecho,desc_pres_calzada,desc_senializacion,desc_separacion_via,desc_restriccion
2018,5477,2018-07-25,Miercoles,0,08:55:00,,0.0,2,"Moto/Ciclomotor,Pickup/Utilitario",Tucuman Y Bv. Oro?o,3,2,0,0,1,0,0,"-32.939093, -60.652011",Avenida,,ROSARIO,Rosario,Asfalto,No existe,II,Dentro,Urbana,Señal Pare,No existe,Intersección,Bueno,Buena,Diurna,S/D,S/D,S/D,Colisión,S/D,"Horizontal,Vertical","Cordón divisorio,Vegetación",S/D
2018,5478,2018-07-25,Miercoles,0,15:00:00,,0.0,2,"Moto/Ciclomotor,Pickup/Utilitario",Rioja Y Espa?a,2,1,0,0,1,0,0,"-32.946060, -60.646827",Calle,,ROSARIO,Rosario,Asfalto,No existe,II,Dentro,Urbana,Semáforo,Funciona,Intersección,Bueno,S/D,Diurna,S/D,S/D,S/D,Colisión,S/D,"Horizontal,Vertical",Ninguna,S/D
2018,5479,2018-07-26,Jueves,0,19:40:00,,0.0,1,Taxi/Remis,E.Zeballos Y Entre Rios,2,1,0,0,1,0,0,"-32.954506, -60.643096",Calle,,ROSARIO,Rosario,Asfalto,No existe,II,Dentro,Urbana,Semáforo,Funciona,Intersección,Bueno,Buena,Nocturna,S/D,S/D,Peatón,Atropello,S/D,"Horizontal,Vertical",Línea divisoria pintada,S/D
2018,5480,2018-03-16,Viernes,0,18:20:00,,0.0,2,"Moto/Ciclomotor,Peatón",Av. Francia Y Rioja,2,1,0,0,1,0,0,"-32.942638888889,-60.665916666667",Avenida,,ROSARIO,Rosario,Asfalto,No existe,II,Dentro,Urbana,Semáforo,Funciona,Intersección,Bueno,Buena,Diurna,Buen Tiempo,S/D,Peatón,Atropello,Ninguna,Vertical,Cordón divisorio,Sin restricción
2018,5481,2018-07-28,Sabado,0,18:30:00,,0.0,2,"Automóvil,Moto/Ciclomotor",E.Zeballos Y Pte.Roca,5,1,0,0,3,0,1,"-32.953752, -60.647277",Calle,,ROSARIO,Rosario,Asfalto,No existe,II,Dentro,Urbana,Paso Peatonal,Funciona,Intersección,Bueno,S/D,Atardecer,S/D,S/D,S/D,Colisión,Agua,Horizontal,Ninguna,S/D
2018,5482,2018-07-08,Domingo,0,15:00:00,,0.0,2,"Moto/Ciclomotor,Automóvil",Pueyrredon Y Centeno,3,2,0,0,1,0,0,"-32.981298120480, -60.667041387278",Calle,,ROSARIO,Rosario,Asfalto,No existe,II,S/D,Urbana,Ninguna,No existe,Recta,Bueno,Buena,Atardecer,Buen Tiempo,Frontal,S/D,Colisión,Ninguna,S/D,Ninguna,Sin restricción
2018,5483,2018-07-29,Domingo,0,04:55:00,,0.0,1,Automóvil,Catamarca 1450,4,1,0,0,0,0,3,"-32.939737, -60.641599",Calle,,ROSARIO,Rosario,Asfalto,No existe,II,Dentro,Urbana,Semáforo,Funciona,Recta,Bueno,S/D,Nocturna,S/D,Contra objeto fijo,S/D,Colisión,S/D,"Horizontal,Vertical",Línea divisoria pintada,S/D
2018,5484,2018-03-16,Viernes,0,04:00:00,Ruta Provincial 14,0.0,1,Camión, ,1,1,0,0,0,0,0,"-33.376428,-61.180875",Ruta,14,BIGAND,Caseros,Asfalto,S/D,IV,Dentro,Urbana,Ninguna,No existe,Recta,Bueno,Buena,Nocturna,Buen Tiempo,S/D,S/D,Vuelco,S/D,S/D,Ninguna,Sin restricción
2018,5485,2018-07-23,Lunes,0,16:05:00,,0.0,2,"Moto/Ciclomotor,Automóvil",San Martin Y Olegario V.Andrade,2,1,0,0,1,0,0,"-32.995824964505, -60.647879686075",Calle,,ROSARIO,Rosario,Asfalto,No existe,II,S/D,Urbana,Ninguna,Funciona,Intersección,Bueno,Buena,Diurna,Buen Tiempo,Lateral,S/D,Colisión,Ninguna,Faltante,Ninguna,Sin restricción
2018,5486,2018-07-31,Martes,0,10:50:00,,0.0,1,Transporte de Pasajeros Urbano (> 8 asientos),Servando Bayo Y Santa Fe,2,1,0,0,1,0,0,"-32.936772, -60.684235",Calle,,ROSARIO,Rosario,Asfalto,No existe,II,Dentro,Urbana,Semáforo,Funciona,Intersección,Bueno,S/D,Diurna,S/D,S/D,S/D,Caída ocupante,Ninguna,"Horizontal,Vertical",Línea divisoria pintada,S/D
2018,5487,2018-07-23,Lunes,0,15:30:00,,0.0,2,"Moto/Ciclomotor,Peatón",Santiago Y Juan Canals,2,1,0,0,1,0,0,"-32.986194444444,-60.666861111111",Calle,,ROSARIO,Rosario,Asfalto,No existe,II,S/D,Urbana,Ninguna,No existe,Recta,Bueno,Buena,Diurna,Buen Tiempo,S/D,Peatón,Atropello,Ninguna,Faltante,Ninguna,Sin restricción
2018,5488,2018-07-31,Martes,0,11:00:00,,0.0,2,"Moto/Ciclomotor,Automóvil",Rio De Janeiro Y Rioja,2,1,0,0,1,0,0,"-32.939961, -60.680799",Calle,,ROSARIO,Rosario,Asfalto,No existe,II,Dentro,Urbana,Ninguna,No existe,Intersección,Deteriorada,S/D,Diurna,S/D,S/D,S/D,Colisión,S/D,Faltante,Ninguna,Sin restricción
2018,5489,2018-03-16,Viernes,0,,,0.0,2,"Automóvil,Moto/Ciclomotor",Boulevard Lisandro de la Torre Y 1 de Mayo,2,1,0,0,1,0,0,"-33.045805555556,-61.166361111111",Avenida,,CASILDA,Caseros,Asfalto,No existe,IV,Dentro,Urbana,Ninguna,No existe,Intersección,Bueno,Buena,S/D,Buen Tiempo,Lateral,S/D,Colisión,Ninguna,Faltante,Cordón divisorio,Sin restricción
2018,5490,2018-03-19,Lunes,0,04:10:00,,0.0,2,"Moto/Ciclomotor,Automóvil",Zelaya Y Superi,3,1,0,0,2,0,0,"-32.895027777778,-60.696055555556",Calle,,ROSARIO,Rosario,Asfalto,No existe,II,Dentro,Urbana,Ninguna,No existe,Intersección,S/D,S/D,Nocturna,S/D,S/D,S/D,Colisión,S/D,Faltante,Ninguna,Sin restricción
2018,5491,2018-07-22,Domingo,0,19:20:00,,0.0,2,"Moto/Ciclomotor,Automóvil",Av. Battle y Ordo?ez Y Leiva,3,2,0,0,1,0,0,"-33.008611111111,-60.637666666667",Calle,,ROSARIO,Rosario,Asfalto,No existe,II,S/D,Urbana,Ninguna,No existe,Intersección,Bueno,Buena,Nocturna,Buen Tiempo,Lateral,S/D,Colisión,Ninguna,Faltante,Ninguna,Sin restricción
2018,5492,2018-03-19,Lunes,0,05:10:00,,0.0,2,"Automóvil,Peatón",Neuquen 7200,3,2,0,0,1,0,0,"-32.94475,-60.718222222222",Calle,,ROSARIO,Rosario,Asfalto,No existe,II,Dentro,Urbana,Ninguna,No existe,Intersección,Bueno,S/D,Nocturna,S/D,S/D,Peatón,Atropello,Ninguna,Faltante,Ninguna,Sin restricción
2018,5493,2018-07-22,Domingo,0,11:25:00,,0.0,2,"Automóvil,Moto/Ciclomotor",Laprida Y Ameghino,2,1,0,0,1,0,0,"-32.987805555556,-60.6445",Calle,,ROSARIO,Rosario,Asfalto,No existe,II,S/D,Urbana,Ninguna,No existe,Intersección,Bueno,Buena,Diurna,Buen Tiempo,De alcance,S/D,Colisión,Ninguna,Faltante,Ninguna,Sin restricción
2018,5494,2018-07-21,Sabado,0,19:15:00,,0.0,2,"Moto/Ciclomotor,Automóvil",F.Frias Y Dragones de Rosario,2,1,0,0,1,0,0,"-33.012,-60.650972222222",Calle,,ROSARIO,Rosario,Asfalto,No existe,II,Dentro,Urbana,Ninguna,No existe,Intersección,Bueno,Buena,Atardecer,Buen Tiempo,Lateral,S/D,Colisión,Ninguna,Faltante,Ninguna,Sin restricción
2018,5495,2018-03-19,Lunes,0,04:10:00,Ruta Nacional 33,736.0,1,Pickup/Utilitario, ,1,1,0,0,0,0,0,"-33.09415,-61.23979",Ruta,33,SANFORD,Caseros,Asfalto,Pavimento,IV,Dentro,Rural,Ninguna,No existe,Recta,Bueno,S/D,Nocturna,S/D,S/D,S/D,Vuelco,Ninguna,Horizontal,Línea divisoria pintada,Sin restricción
2018,5496,2018-03-19,Lunes,0,,,0.0,2,"Automóvil,Moto/Ciclomotor", ,2,1,0,0,1,0,0,"-31.447272,-60.925378",S/D,,ESPERANZA,Las Colonias,S/D,S/D,XI,S/D,S/D,S/D,S/D,S/D,S/D,S/D,S/D,S/D,S/D,S/D,Colisión,S/D,S/D,S/D,S/D
2018,5497,2018-07-21,Sabado,0,19:00:00,,0.0,2,"Moto/Ciclomotor,Automóvil",Av. Corrientes Y Av. Uriburu,2,1,0,0,1,0,0,"-32.990888888889,-60.653722222222",Avenida,,ROSARIO,Rosario,Asfalto,No existe,II,S/D,Urbana,Semáforo,Funciona,Intersección,S/D,Buena,Atardecer,Buen Tiempo,Lateral,S/D,Colisión,S/D,Vertical,Ninguna,Sin restricción
2018,5498,2018-07-14,Sabado,0,09:10:00,Ruta Nacional 11,478.0,2,"Moto/Ciclomotor,Pickup/Utilitario",Ruta Nacional 11 Y Calle 7,2,1,0,0,1,0,0,"-29.116057, -59.652075",Ruta,11,AVELLANEDA,General Obligado,Asfalto,Natural,IX,Dentro,Urbana,Otra Señal,No existe,Intersección,Bueno,S/D,Diurna,S/D,Frontal,S/D,Colisión,S/D,"Horizontal,Vertical",Línea divisoria pintada,S/D
2018,5499,2018-03-19,Lunes,0,,,0.0,2,"Moto/Ciclomotor,Automóvil", ,3,2,0,0,1,0,0,"-31.585348,-60.940445",S/D,,FRANCK,Las Colonias,S/D,S/D,XI,S/D,S/D,S/D,S/D,S/D,S/D,S/D,S/D,S/D,S/D,S/D,Colisión,S/D,S/D,S/D,S/D
2018,5500,2018-07-20,Viernes,0,15:15:00,,0.0,2,"Moto/Ciclomotor,Automóvil",Hilarion de la Quintana Y Serrano,3,2,0,0,1,0,0,"-33.000416666667,-60.631861111111",Calle,,ROSARIO,Rosario,Asfalto,No existe,II,S/D,Urbana,Ninguna,No existe,Intersección,Bueno,S/D,Diurna,Buen Tiempo,Lateral,S/D,Colisión,Ninguna,Faltante,Ninguna,Sin restricción
2018,5501,2018-07-18,Miercoles,0,11:30:00,,0.0,2,"Moto/Ciclomotor,Automóvil",Calle 1 Y Calle 26,2,1,0,0,1,0,0,"-29.116342, -59.649579",Calle,,AVELLANEDA,General Obligado,Asfalto,No existe,II,Dentro,Urbana,S/D,No existe,Intersección,S/D,S/D,Diurna,S/D,Lateral,S/D,Colisión,S/D,S/D,S/D,S/D
2018,5502,2018-07-19,Jueves,0,18:15:00,,0.0,2,"Automóvil,Moto/Ciclomotor",Mitre Y Gaboto,3,2,0,0,1,0,0,"-32.973083333333,-60.646333333333",Calle,,ROSARIO,Rosario,Asfalto,No existe,II,Dentro,Urbana,Ninguna,No existe,Intersección,Bueno,Buena,Atardecer,Buen Tiempo,Lateral,S/D,Colisión,Ninguna,Faltante,Ninguna,Sin restricción
2018,5503,2018-07-03,Martes,0,16:20:00,,0.0,2,"Moto/Ciclomotor,Automóvil",Av. Pellegrini Y Dorrego,2,1,0,0,1,0,0,"-32.955285185603, -60.651952027013",Avenida,,ROSARIO,Rosario,Asfalto,No existe,II,Dentro,Urbana,Semáforo,Funciona,Recta,S/D,S/D,Diurna,S/D,Lateral,S/D,Colisión,S/D,"Horizontal,Vertical",Cordón divisorio,Sin restricción
2018,5504,2018-03-19,Lunes,0,11:30:00,,0.0,2,"Automóvil,Bicicleta",Av Nottebohn Y Sargento Cabral,3,2,0,0,1,0,0,"-31.906997,-61.851883",Calle,,SAN JORGE,San Martín,Asfalto,No existe,XVIII,Dentro,Urbana,Ninguna,No existe,Intersección,Bueno,S/D,Diurna,S/D,S/D,Ciclista,Atropello,Ninguna,Faltante,Ninguna,Sin restricción
2018,5505,2018-07-07,Sabado,0,18:00:00,,0.0,2,"Pickup/Utilitario,Moto/Ciclomotor",Calle 111 Y Calle 106,2,1,0,0,1,0,0,"-29.116346, -59.668543",Calle,,AVELLANEDA,General Obligado,Asfalto,No existe,IX,Dentro,Urbana,S/D,S/D,Intersección,S/D,S/D,Diurna,S/D,De alcance,S/D,Colisión,S/D,S/D,S/D,S/D
2018,5506,2018-07-19,Jueves,0,22:40:00,,0.0,2,"Automóvil,Automóvil",Juan Canals Y Callao,6,2,0,0,4,0,0,"-32.985472222222,-60.670916666667",Calle,,ROSARIO,Rosario,Asfalto,No existe,II,S/D,Urbana,Ninguna,No existe,Intersección,Bueno,Buena,Nocturna,Buen Tiempo,Lateral,S/D,Colisión,Ninguna,Faltante,Ninguna,Sin restricción
2018,5507,2018-07-04,Miercoles,0,16:40:00,,0.0,2,"Automóvil,Bicicleta",L.N.Alem Y Riobamba,2,1,0,0,1,0,0,"-32.964748019007, -60.632468460729",Calle,,ROSARIO,Rosario,Asfalto,No existe,II,Dentro,Urbana,Señal Pare,No existe,Intersección,S/D,S/D,Diurna,S/D,S/D,Ciclista,Atropello,S/D,"Horizontal,Vertical",Ninguna,Sin restricción
2018,5508,2018-07-13,Viernes,0,09:10:00,,0.0,2,"Moto/Ciclomotor,Automóvil",Calle 20 Y Calle 13,2,1,0,0,1,0,0,"-29.119220, -59.653851",Calle,,AVELLANEDA,General Obligado,Asfalto,No existe,IX,Dentro,Urbana,S/D,S/D,Intersección,S/D,S/D,Diurna,S/D,Lateral,S/D,Colisión,S/D,S/D,Ninguna,S/D
2018,5509,2018-07-18,Miercoles,0,20:20:00,Autopista Nacional A008,0.0,1,Moto/Ciclomotor,J.M.Gutierrez Y Av. Circunvalacion,1,1,0,0,0,0,0,"-32.993035467129, -60.621121968943",Autopista,A008,ROSARIO,Rosario,Asfalto,No existe,II,Dentro,Urbana,Ninguna,No existe,Pendiente,Bueno,Buena,Nocturna,Buen Tiempo,Contra objeto fijo,S/D,Colisión,Ninguna,Faltante,Ninguna,Sin restricción
2018,5510,2018-07-05,Jueves,0,04:40:00,,0.0,1,Moto/Ciclomotor,Av. Pellegrini Y Bv. Oro?o,2,2,0,0,0,0,0,"-32.954491251734, -60.656114815404",Avenida,,ROSARIO,Rosario,Asfalto,No existe,II,Dentro,Urbana,Semáforo,Funciona,Intersección,S/D,S/D,Nocturna,S/D,S/D,S/D,Caída ocupante,S/D,"Horizontal,Vertical",Cordón divisorio,Sin restricción
2018,5511,2018-07-01,Domingo,0,16:30:00,,0.0,1,Automóvil,CAMINO RURAL ,2,2,0,0,0,0,0,"-29.104674, -59.625000",Camino Rural,,AVELLANEDA,General Obligado,Tierra,No existe,IX,Dentro,Rural,Ninguna,No existe,Recta,Resbaladiza,S/D,Diurna,S/D,S/D,S/D,Vuelco,Material Suelto,Faltante,Ninguna,S/D
2018,5512,2018-07-05,Jueves,0,05:40:00,,0.0,2,"Moto/Ciclomotor,Pickup/Utilitario",Av. Corrientes Y Urquiza,2,1,0,0,1,0,0,"-32.942174681252, -60.641485168935",Avenida,,ROSARIO,Rosario,Asfalto,No existe,II,Dentro,Urbana,Semáforo,Funciona,Intersección,S/D,S/D,Nocturna,S/D,Lateral,S/D,Colisión,S/D,"Horizontal,Vertical",Ninguna,Sin restricción
2018,5513,2018-07-17,Martes,0,17:40:00,,0.0,2,"Moto/Ciclomotor,Automóvil",Dorrego Y Coulin,2,1,0,0,1,0,0,"-32.989645154935, -60.660582627970",Calle,,ROSARIO,Rosario,Asfalto,No existe,II,S/D,Urbana,Ninguna,No existe,Intersección,Bueno,Buena,Diurna,Buen Tiempo,Lateral,S/D,Colisión,Ninguna,Faltante,Ninguna,Sin restricción
2018,5514,2018-07-09,Lunes,0,18:50:00,,0.0,2,"Automóvil,Moto/Ciclomotor",Calle 312 200,4,1,0,0,3,0,0,"-29.109257, -59.657384",Calle,,AVELLANEDA,General Obligado,S/D,No existe,IX,Dentro,Urbana,S/D,S/D,Recta,S/D,S/D,Atardecer,S/D,Lateral,S/D,Colisión,S/D,S/D,S/D,S/D
2018,5515,2018-07-26,Jueves,0,14:00:00,,0.0,1,Moto/Ciclomotor,Calle 12 Y Calle 21,1,1,0,0,0,0,0,"-29.122971, -59.659391",Calle,,AVELLANEDA,General Obligado,Asfalto,No existe,IX,Dentro,Urbana,S/D,S/D,Intersección,S/D,S/D,Diurna,S/D,S/D,S/D,Despiste,S/D,S/D,S/D,S/D
2018,5516,2018-07-16,Lunes,0,14:40:00,Ruta Nacional 11,0.0,2,"Moto/Ciclomotor,Camión Chasis",Tucuman Y Av Freyre,2,1,0,0,1,0,0,"-31.644037, -60.717941",Ruta,11,SANTA FE,La Capital,Asfalto,No existe,I,Dentro,Urbana,Semáforo,Funciona,Intersección,Bueno,Buena,Diurna,Buen Tiempo,S/D,S/D,Colisión,Ninguna,"Horizontal,Vertical","Cordón divisorio,Vegetación",Sin restricción
2018,5517,2018-07-23,Lunes,0,16:20:00,Ruta Nacional 8,336.0,1,Automóvil, ,4,0,1,0,3,0,0,"-33.84712,-61.69153",Ruta,8,SANTA ISABEL,General López,Asfalto,Natural,VIII,Fuera,Rural,Ninguna,No existe,Recta,Bueno,Buena,Diurna,Buen Tiempo,S/D,S/D,Vuelco,Ninguna,Faltante,Cordón divisorio,Sin restricción
2018,5518,2018-07-07,Sabado,0,18:50:00,Ruta Provincial 94,0.0,1,Automóvil, ,2,2,0,0,0,0,0,"-33.892027370024, -61.704055111131",Ruta,94,SANTA ISABEL,General López,Hormigón,Natural,VIII,Fuera,Rural,Ninguna,No existe,Recta,Resbaladiza,Reducida,Nocturna,Otro,S/D,S/D,Vuelco,Agua,Faltante,Ninguna,Sin restricción
2018,5519,2018-07-26,Jueves,0,12:15:00,Ruta Nacional 33,0.0,2,"Camión Chasis,Moto/Ciclomotor",Juan G. de Las Heras ,2,0,0,0,0,0,2,"-33.445177851037, -61.484621086965",Ruta,33,FIRMAT,General López,S/D,S/D,VIII,S/D,S/D,S/D,No existe,Intersección,S/D,S/D,Diurna,S/D,S/D,S/D,S/D,S/D,S/D,S/D,S/D
2018,5520,2018-07-27,Viernes,0,16:45:00,,0.0,2,"Automóvil,Moto/Ciclomotor",Avda 9 de Julio Ruta Nac 33 Y Martin Fierro,2,1,0,0,1,0,0,"-33.446980295495, -61.486166039358",Avenida,,FIRMAT,General López,Asfalto,Natural,VIII,S/D,Urbana,S/D,No existe,Intersección,Bueno,Buena,Diurna,Buen Tiempo,S/D,S/D,Colisión,S/D,S/D,S/D,Sin restricción
2018,5521,2018-07-18,Miercoles,0,16:20:00,,0.0,2,"Automóvil,Bicicleta",Cordoba Y Domingo F. Sarmiento,2,0,1,0,1,0,0,"-33.459554491357, -61.488247433553",Calle,,FIRMAT,General López,Asfalto,No existe,VIII,Dentro,Urbana,Ninguna,No existe,Intersección,Bueno,Buena,Diurna,Buen Tiempo,S/D,Ciclista,Atropello,Ninguna,S/D,Ninguna,Sin restricción
2018,5522,2018-07-10,Martes,0,15:15:00,,0.0,2,"Automóvil,Moto/Ciclomotor",John F. Kennedy 170,2,1,0,0,1,0,0,"-33.449555216149, -61.495543042074",Calle,,FIRMAT,General López,Asfalto,No existe,VIII,Dentro,Urbana,Ninguna,No existe,Recta,Bueno,Buena,Diurna,Buen Tiempo,Lateral,S/D,Colisión,S/D,S/D,Ninguna,Sin restricción
2018,5523,2018-07-07,Sabado,0,22:15:00,Ruta Nacional 33,0.0,2,"Automóvil,Automóvil",Avda.9 de Julio-Ruta Nac 33 Y Avda. Bernardino Rivadavia,7,1,0,0,6,0,0,"-33.450349150018, -61.491702118764",Ruta,33,FIRMAT,General López,Asfalto,Natural,VIII,S/D,Urbana,S/D,Funciona,Intersección,S/D,Reducida,Nocturna,Otro,S/D,S/D,Colisión,Agua,Vertical,S/D,S/D
2018,5524,2018-07-06,Viernes,0,11:00:00,,0.0,2,"Automóvil,Moto/Ciclomotor",Buenos Aires 1000,2,1,0,0,1,0,0,"-33.458567438439, -61.486895600210",Calle,,FIRMAT,General López,Asfalto,No existe,VIII,Dentro,Urbana,Ninguna,S/D,Recta,Bueno,Buena,Diurna,Buen Tiempo,Lateral,S/D,Colisión,Ninguna,S/D,Ninguna,Sin restricción
2018,5525,2018-07-04,Miercoles,0,19:10:00,,0.0,2,"Automóvil,Bicicleta",Remedios de Escalada Y 25 de Mayo,2,1,0,0,1,0,0,"-33.457687673882, -61.495521584401",Calle,,FIRMAT,General López,Asfalto,No existe,VIII,Dentro,Urbana,Ninguna,No existe,Intersección,Bueno,Buena,Atardecer,Buen Tiempo,S/D,Ciclista,Atropello,Ninguna,S/D,Ninguna,Sin restricción
2018,5526,2018-08-06,Lunes,0,05:40:00,,0.0,2,"Moto/Ciclomotor,Automóvil",Av. De Las Palmeras 1400,2,1,0,0,1,0,0,"-32.97916, -60.73599",Calle,,ROSARIO,Rosario,Asfalto,Natural,II,Dentro,Urbana,Ninguna,No existe,Recta,Bueno,Buena,Amanecer,Buen Tiempo,Lateral,S/D,Colisión,Ninguna,Faltante,Ninguna,Sin restricción
2018,5527,2018-08-14,Martes,0,23:00:00,,0.0,2,"Peatón,Transporte de Pasajeros Urbano (> 8 asientos)",Alberdi Y Almafuerte,2,1,0,0,0,0,1,"-32.917338674326, -60.683808222826",Calle,,ROSARIO,Rosario,S/D,S/D,II,S/D,Urbana,S/D,S/D,S/D,S/D,S/D,S/D,S/D,S/D,Peatón,Atropello,S/D,S/D,S/D,S/D
2018,5528,2018-08-07,Martes,0,10:30:00,,0.0,2,"Automóvil,Bicicleta",Bv. Avellaneda Y Virasoro,3,1,0,0,2,0,0,"-32.962583333333,-60.684944444444",Calle,,ROSARIO,Rosario,Asfalto,No existe,II,S/D,Urbana,Ninguna,No existe,Intersección,Bueno,Buena,Diurna,Buen Tiempo,S/D,Ciclista,Atropello,Ninguna,Faltante,Ninguna,Sin restricción
2018,5529,2018-08-07,Martes,0,11:55:00,,0.0,2,"Moto/Ciclomotor,Moto/Ciclomotor",Sanguinetti Y Pje. J.Casals,3,3,0,0,0,0,0,"-32.971861111111,-60.697555555556",Calle,,ROSARIO,Rosario,Asfalto,No existe,II,S/D,Urbana,Ninguna,No existe,Intersección,Bueno,Buena,Diurna,Buen Tiempo,Lateral,S/D,Colisión,Ninguna,Faltante,Ninguna,Sin restricción
2018,5530,2018-08-26,Domingo,0,05:45:00,,0.0,2,"Automóvil,Taxi/Remis",Rioja Y Castellanos,2,2,0,0,0,0,0,"-32.940944444444,-60.675333333333",Calle,,ROSARIO,Rosario,S/D,S/D,II,S/D,Urbana,S/D,No existe,Intersección,S/D,S/D,Amanecer,S/D,S/D,S/D,S/D,S/D,Faltante,S/D,S/D
2018,5531,2018-08-16,Jueves,0,21:40:00,,0.0,2,"Automóvil,Automóvil",Cayetano Silva Bis Y Av. Genova,6,3,0,0,3,0,0,"-32.915,-60.679111111111",Calle,,ROSARIO,Rosario,Hormigón,S/D,II,Dentro,Urbana,Semáforo,Funciona,Intersección,Bueno,Buena,Con luz artificial,Buen Tiempo,Otro,S/D,Colisión,Ninguna,"Horizontal,Vertical",S/D,Sin restricción
2018,5532,2018-08-09,Jueves,0,11:40:00,,0.0,2,"Peatón,Transporte de Pasajeros Urbano (> 8 asientos)",Alberdi Y J.J.Paso,2,1,0,0,1,0,0,"-32.91933, -60.68242",Calle,,ROSARIO,Rosario,Asfalto,Pavimento,II,S/D,Urbana,Semáforo,S/D,Intersección,Bueno,Buena,Nocturna,Buen Tiempo,S/D,Peatón,Atropello,S/D,S/D,Cordón divisorio,Sin restricción
2018,5533,2018-08-27,Lunes,0,10:20:00,,0.0,2,"Automóvil,Automóvil",San Luis Y San Nicolas,4,3,0,0,1,0,0,"-32.942916666667,-60.673",Calle,,ROSARIO,Rosario,S/D,S/D,II,S/D,Urbana,S/D,S/D,Intersección,Bueno,Buena,Diurna,S/D,S/D,S/D,Colisión,S/D,S/D,S/D,S/D
2018,5534,2018-08-19,Domingo,0,23:30:00,,0.0,2,"Peatón,Automóvil",Pje. Einstein Y Campbell,2,1,0,0,0,0,1,"-32.92475,-60.70872",Calle,,ROSARIO,Rosario,S/D,S/D,II,S/D,Urbana,S/D,S/D,S/D,S/D,S/D,S/D,S/D,S/D,Peatón,Atropello,S/D,S/D,S/D,S/D
2018,5536,2018-08-26,Domingo,0,00:30:00,,0.0,2,"Moto/Ciclomotor,Automóvil",Junin Y Solis,3,1,0,1,1,0,0,"-32.927333333333,-60.703916666667",Calle,,ROSARIO,Rosario,Asfalto,Pavimento,II,S/D,Urbana,S/D,Intermitente,Intersección,Bueno,Buena,Con luz artificial,S/D,S/D,S/D,Colisión,Ninguna,Vertical,S/D,S/D
2018,5537,2018-08-17,Viernes,0,09:55:00,,0.0,2,"Automóvil,Moto/Ciclomotor",Pje. E.Gonzalez Y Rep.Dominicana,2,1,0,0,1,0,0,"-32.92889, -60.68987",Calle,,ROSARIO,Rosario,Asfalto,No existe,II,S/D,Urbana,S/D,Funciona,Intersección,S/D,Buena,Con luz artificial,Buen Tiempo,S/D,S/D,Colisión,Ninguna,Faltante,S/D,Sin restricción
2018,5538,2018-08-28,Martes,0,19:15:00,,0.0,2,"Automóvil,Moto/Ciclomotor",Santa Fe Y Matienzo,2,1,0,0,1,0,0,"-32.935222222222,-60.694888888889",Calle,,ROSARIO,Rosario,Asfalto,Pavimento,II,S/D,Urbana,S/D,Funciona,S/D,S/D,Buena,Con luz artificial,Buen Tiempo,Lateral,S/D,Colisión,Ninguna,Faltante,Ninguna,Sin restricción
2018,5539,2018-08-26,Domingo,0,21:35:00,,0.0,2,"Taxi/Remis,Moto/Ciclomotor",Rioja Y Valparaiso,2,1,0,0,1,0,0,"-32.93975,-60.682166666667",Calle,,ROSARIO,Rosario,S/D,S/D,II,S/D,Urbana,S/D,S/D,Intersección,S/D,S/D,Nocturna,S/D,S/D,S/D,Colisión,S/D,S/D,S/D,S/D
2018,5540,2018-08-16,Jueves,0,13:30:00,,0.0,2,"Moto/Ciclomotor,Pickup/Utilitario",Av. Alberdi Bis Y Del Valle Iberlucea,3,0,1,0,2,0,0,"-32.918722222222,-60.682611111111",Avenida,,ROSARIO,Rosario,Asfalto,No existe,II,S/D,Urbana,Otra Señal,No existe,Recta,Bueno,Buena,Diurna,Buen Tiempo,De alcance,Ciclista,Atropello,Ninguna,S/D,Línea divisoria pintada,Sin restricción
2018,5542,2018-08-05,Domingo,0,19:45:00,,0.0,2,"Automóvil,Moto/Ciclomotor",Dean Funes Y Tte.Agneta,3,0,1,0,2,0,0,"-32.967111111111,-60.698805555556",Calle,,ROSARIO,Rosario,Asfalto,No existe,II,S/D,Urbana,Ninguna,No existe,Intersección,Bueno,Buena,"Nocturna,Con luz artificial",Buen Tiempo,Lateral,S/D,Colisión,Ninguna,Faltante,Ninguna,Sin restricción
2018,5543,2018-08-09,Jueves,0,22:15:00,,0.0,2,"Taxi/Remis,Moto/Ciclomotor",Cerrito Y Alsina,2,1,0,0,1,0,0,"-32.955,-60.680333333333",Calle,,ROSARIO,Rosario,S/D,S/D,II,Dentro,Urbana,S/D,S/D,S/D,S/D,S/D,S/D,S/D,S/D,S/D,S/D,S/D,S/D,S/D,S/D
2018,5544,2018-08-27,Lunes,0,07:55:00,,0.0,2,"Automóvil,Peatón",Mitre Y Virasoro,2,1,0,0,1,0,0,"-32.969666666667,-60.645416666667",S/D,,ROSARIO,Rosario,S/D,S/D,II,S/D,Urbana,Semáforo,S/D,Intersección,S/D,Buena,Diurna,S/D,S/D,Peatón,Atropello,S/D,Faltante,S/D,S/D