anio_acci,nro_acci,fecha,desc_dia,fecha_aprox,hora_aprox,desc_ruta,km,cant_participantes,desc_participante,calle_avenida_km,total,heridos_leves,heridos_graves,heridos_gravisimos,ilesos,fallecidos,sin_datos,posicion_XY,desc_tipo_via,desc_ruta_ori,desc_loc,desc_dpto,desc_tipo_calzada,desc_tipo_banquina,desc_unidad_regional,desc_lugar_calzada,desc_zona,desc_prioridad,desc_estado_semaforo,desc_lugar_via,desc_estado_via,desc_estado_visibilidad,desc_luminosidad,desc_estado_clima,desc_tipo_colision,desc_tipo_atropello,desc_tipo_hecho,desc_pres_calzada,desc_senializacion,desc_separacion_via,desc_restriccion
2018,5545,2018-08-06,Lunes,0,13:30:00,,0.0,2,"Moto/Ciclomotor,Taxi/Remis",Barra Y Pje. Lejarza,3,1,0,0,2,0,0,"-32.96675,-60.705805555556",Calle,,ROSARIO,Rosario,Asfalto,No existe,II,S/D,Urbana,Ninguna,No existe,Intersección,Bueno,Buena,Diurna,Buen Tiempo,Frontal,S/D,Colisión,Ninguna,Faltante,Ninguna,Sin restricción
2018,5546,2018-08-10,Viernes,0,15:50:00,,0.0,2,"Moto/Ciclomotor,Automóvil",Ocampo Y Lavalle,2,1,0,0,1,0,0,"-32.959333333333,-60.682833333333",Calle,,ROSARIO,Rosario,Asfalto,No existe,II,Dentro,Urbana,Ninguna,No existe,Intersección,Bueno,Buena,Diurna,Buen Tiempo,Frontal,S/D,Colisión,Ninguna,Faltante,Ninguna,Sin restricción
2018,5547,2018-08-25,Sabado,0,13:00:00,,0.0,2,"Moto/Ciclomotor,Automóvil",Miller Y Casiano Casas,4,2,0,0,2,0,0,"-32.901305555556,-60.706361111111",Calle,,ROSARIO,Rosario,Asfalto,No existe,II,Dentro,Urbana,Ninguna,No existe,Intersección,Bueno,Buena,Diurna,Buen Tiempo,Lateral,S/D,Otro,Ninguna,Faltante,"Barrera de hormigón,Cordón divisorio",S/D
2018,5548,2018-08-14,Martes,0,13:20:00,,0.0,2,"Automóvil,Moto/Ciclomotor",Pje. Boedo Y M.Perdriel,2,1,0,0,1,0,0,"-32.894722222222,-60.706361111111",Calle,,ROSARIO,Rosario,Asfalto,No existe,II,Dentro,Urbana,Ninguna,No existe,Intersección,Bueno,Buena,Diurna,Buen Tiempo,Lateral,S/D,Colisión,Ninguna,S/D,Cordón divisorio,Sin restricción
2018,5549,2018-08-27,Lunes,0,17:10:00,,0.0,2,"Automóvil,Moto/Ciclomotor",Bv. Oro?o Y Av. Lugones,2,1,0,0,1,0,0,"-32.958166666667,-60.656944444444",Avenida,,ROSARIO,Rosario,S/D,S/D,II,S/D,Urbana,S/D,S/D,Intersección,Bueno,Buena,Diurna,S/D,S/D,S/D,Colisión,S/D,S/D,S/D,S/D
2018,5550,2018-08-10,Viernes,0,19:30:00,,0.0,2,"Transporte de Pasajeros Urbano (> 8 asientos),Moto/Ciclomotor",Baigorria Y Zenon Pereyra,2,1,0,0,1,0,0,"-32.893805555556,-60.71275",Calle,,ROSARIO,Rosario,Asfalto,No existe,II,S/D,Urbana,Señal Pare,No existe,Intersección,Bueno,Buena,Atardecer,Buen Tiempo,Otro,S/D,Colisión,Ninguna,Horizontal,Ninguna,Sin restricción
2018,5551,2018-08-27,Lunes,0,16:30:00,,0.0,2,"Taxi/Remis,Bicicleta",Tucuman Y Entre Rios,2,1,0,0,1,0,0,"-32.941305555556,-60.639805555556",Calle,,ROSARIO,Rosario,S/D,S/D,II,S/D,Urbana,S/D,S/D,Intersección,S/D,S/D,Diurna,S/D,S/D,Ciclista,Atropello,S/D,S/D,S/D,S/D
2018,5552,2018-08-12,Domingo,0,21:45:00,Autopista Nacional A008,0.0,2,"Automóvil,Automóvil",Av. Uriburu Y Av. Circunvalacion,2,1,0,0,1,0,0,"-32.992279984443, -60.701560878197",Autopista,A008,ROSARIO,Rosario,Asfalto,Pavimento,II,Dentro,Urbana,Ninguna,No existe,Recta,Bueno,Buena,Nocturna,Buen Tiempo,Frontal,S/D,Colisión,Ninguna,Faltante,Barrera de hormigón,Sin restricción
2018,5553,2018-08-18,Sabado,0,11:45:00,Autopista Nacional A008,0.0,2,"Automóvil,Automóvil",Av. Circunvalacion 2600,2,1,0,0,1,0,0,"-33.011166666667,-60.670361111111",Autopista,A008,ROSARIO,Rosario,Asfalto,No existe,II,S/D,Urbana,Ninguna,No existe,Recta,Bueno,Buena,Diurna,Buen Tiempo,De alcance,S/D,Colisión,Ninguna,Faltante,Ninguna,Sin restricción
2018,5554,2018-08-13,Lunes,0,07:15:00,,0.0,2,"Automóvil,Automóvil",Av. Provincias Unidas Y Rivarola,2,0,1,0,1,0,0,"-32.96575,-60.711666666667",Avenida,,ROSARIO,Rosario,Asfalto,Pavimento,II,S/D,Urbana,Ninguna,Funciona,Recta,Bueno,Buena,Diurna,Buen Tiempo,Frontal,S/D,Colisión,Ninguna,Faltante,Barrera de hormigón,Sin restricción
2018,5555,2018-08-23,Jueves,0,03:00:00,,0.0,2,"Automóvil,Bicicleta",Gianneo Y Av. Kennedy,2,1,0,0,1,0,0,"-32.889638888889,-60.711861111111",Calle,,ROSARIO,Rosario,Asfalto,No existe,II,Dentro,Urbana,Ninguna,S/D,Intersección,Bueno,Buena,Nocturna,Buen Tiempo,S/D,Ciclista,Atropello,Ninguna,Faltante,Ninguna,Sin restricción
2018,5556,2018-08-27,Lunes,0,18:00:00,,0.0,2,"Bicicleta,Moto/Ciclomotor",Bv. Oro?o Y Bv. 27 De Febrero,2,1,0,0,0,0,1,"-32.965027777778,-60.658666666667",Avenida,,ROSARIO,Rosario,S/D,S/D,II,S/D,Urbana,S/D,S/D,Intersección,S/D,S/D,Diurna,S/D,S/D,Ciclista,Atropello,S/D,S/D,S/D,S/D
2018,5557,2018-08-28,Martes,0,17:05:00,,0.0,2,"Moto/Ciclomotor,Automóvil",9 De Julio Y Suipacha,2,1,0,0,1,0,0,"-32.949166666667,-60.666055555556",Calle,,ROSARIO,Rosario,S/D,S/D,II,S/D,Urbana,S/D,S/D,Intersección,S/D,S/D,Atardecer,S/D,S/D,S/D,Colisión,S/D,S/D,S/D,S/D
2018,5558,2018-08-10,Viernes,0,16:00:00,,0.0,3,"Automóvil,Camión c / Semirremolque,Moto/Ciclomotor",Av. Pte.Peron Y Roullon,3,1,0,0,2,0,0,"-32.962972222222,-60.701361111111",Avenida,,ROSARIO,Rosario,Asfalto,No existe,II,Dentro,Urbana,Semáforo,Funciona,Intersección,Bueno,Buena,Diurna,Buen Tiempo,Lateral,S/D,Colisión,Ninguna,Vertical,Cordón divisorio,Sin restricción
2018,5559,2018-08-21,Martes,0,17:00:00,,0.0,2,"Automóvil,Moto/Ciclomotor",Av. De La Libertad Y San Juan,2,1,0,0,1,0,0,"-32.952388888889,-60.627972222222",Avenida,,ROSARIO,Rosario,S/D,S/D,II,S/D,Urbana,S/D,S/D,Intersección,S/D,S/D,Atardecer,S/D,S/D,S/D,Colisión,S/D,S/D,S/D,S/D
2018,5560,2018-08-13,Lunes,0,19:45:00,,0.0,2,"Moto/Ciclomotor,Automóvil",Bv. 27 De Febrero Y Garzon,2,0,1,0,1,0,0,"-32.959055555556,-60.704916666667",Calle,,ROSARIO,Rosario,Asfalto,No existe,II,S/D,Urbana,Ninguna,No existe,Intersección,Bueno,Buena,"Nocturna,Con luz artificial",Buen Tiempo,Lateral,S/D,Colisión,Ninguna,Faltante,Ninguna,Sin restricción
2018,5561,2018-08-24,Viernes,0,03:40:00,,0.0,2,"Automóvil,Moto/Ciclomotor",Mitre Y Av. Pellegrini,2,1,0,0,1,0,0,"-32.957027777778,-60.642277777778",Avenida,,ROSARIO,Rosario,S/D,S/D,II,S/D,Urbana,S/D,Intermitente,Intersección,S/D,S/D,Nocturna,S/D,S/D,S/D,Colisión,S/D,S/D,S/D,S/D
2018,5562,2018-08-28,Martes,0,14:00:00,,0.0,2,"Automóvil,Automóvil",Av. Francia Y La Paz,2,1,0,0,1,0,0,"-32.95925,-60.670111111111",Avenida,,ROSARIO,Rosario,S/D,S/D,II,S/D,Urbana,Semáforo,S/D,Intersección,S/D,S/D,Diurna,S/D,S/D,S/D,Colisión,S/D,S/D,S/D,S/D
2018,5563,2018-08-27,Lunes,0,20:20:00,,0.0,2,"Bicicleta,Automóvil",Balcarce 900,2,1,0,0,1,0,0,"-32.945083333333,-60.652222222222",S/D,,ROSARIO,Rosario,S/D,S/D,II,S/D,S/D,S/D,S/D,Recta,S/D,S/D,Diurna,S/D,S/D,Ciclista,Atropello,S/D,S/D,S/D,S/D
2018,5564,2018-08-13,Lunes,0,19:45:00,Autopista Nacional A008,0.0,2,"Peatón,Automóvil",Bertole Y Av. Circunvalacion,2,1,0,0,1,0,0,"-32.965091370167, -60.719597546919",Autopista,A008,ROSARIO,Rosario,Asfalto,No existe,II,S/D,Urbana,Ninguna,No existe,Recta,Bueno,Buena,"Nocturna,Con luz artificial",Buen Tiempo,S/D,Peatón,Atropello,Ninguna,Faltante,Ninguna,Sin restricción
2018,5565,2018-08-23,Jueves,0,16:45:00,,0.0,2,"Bicicleta,Automóvil",E.Zeballos Y Laprida,2,1,0,0,1,0,0,"-32.95575,-60.636388888889",Calle,,ROSARIO,Rosario,S/D,S/D,II,S/D,Urbana,S/D,S/D,Intersección,S/D,S/D,Diurna,S/D,S/D,Ciclista,Atropello,S/D,S/D,S/D,S/D
2018,5566,2018-08-14,Martes,0,19:00:00,,0.0,2,"Automóvil,Moto/Ciclomotor",Bv. 27 De Febrero Y Av. Provincias Unidas,3,2,0,0,1,0,0,"-32.95925,-60.711944444444",Calle,,ROSARIO,Rosario,Asfalto,No existe,II,S/D,Urbana,Semáforo,Funciona,Recta,Bueno,Buena,"Atardecer,Con luz artificial",Buen Tiempo,Contra objeto fijo,S/D,Colisión,Ninguna,"Horizontal,Vertical",Cordón divisorio,Sin restricción
2018,5567,2018-08-18,Sabado,0,09:15:00,,0.0,2,"Moto/Ciclomotor,Automóvil",Ayacucho Y Pasco,3,1,0,0,2,0,0,"-32.961583333333,-60.630194444444",Calle,,ROSARIO,Rosario,S/D,S/D,II,S/D,Urbana,Señal Pare,S/D,Intersección,S/D,S/D,S/D,S/D,S/D,S/D,Colisión,Ninguna,S/D,S/D,S/D
2018,5568,2018-08-24,Viernes,0,14:55:00,,0.0,2,"Pickup/Utilitario,Bicicleta",Riobamba Y Ayacucho,2,1,0,0,1,0,0,"-32.965027777778,-60.631055555556",Calle,,ROSARIO,Rosario,S/D,S/D,II,S/D,Urbana,S/D,S/D,Intersección,S/D,S/D,Diurna,S/D,S/D,Ciclista,Atropello,S/D,S/D,S/D,S/D
2018,5570,2018-07-11,Miercoles,0,20:40:00,,0.0,2,"Automóvil,Moto/Ciclomotor",Moreno Y Saavedra,2,1,0,0,1,0,0,"-32.470305555556,-61.585805555556",Calle,,LAS ROSAS,Belgrano,Tierra,No existe,II,Dentro,Urbana,Ninguna,No existe,Intersección,Bueno,Reducida,Nocturna,Buen Tiempo,Lateral,S/D,Colisión,Ninguna,Faltante,Ninguna,S/D
2018,5571,2018-07-09,Lunes,0,21:00:00,,0.0,2,"Pickup/Utilitario,Automóvil",Suipacha Y 4 de Enero,4,1,0,0,3,0,0,"-31.638918, -60.709819",Avenida,,SANTA FE,La Capital,Asfalto,No existe,I,Dentro,Urbana,Semáforo,No existe,Intersección,Bueno,Buena,Nocturna,Buen Tiempo,Frontal,S/D,Colisión,Ninguna,"Horizontal,Vertical",Línea divisoria pintada,Sin restricción
2018,5572,2018-07-11,Miercoles,0,19:20:00,,0.0,2,"Moto/Ciclomotor,Moto/Ciclomotor",Las Heras Y Chacabuco,4,4,0,0,0,0,0,"-32.470194444444,-61.580194444444",Calle,,LAS ROSAS,Belgrano,Hormigón,No existe,III,Dentro,Urbana,Ninguna,No existe,Intersección,Bueno,Buena,Atardecer,Buen Tiempo,Lateral,S/D,Colisión,Ninguna,Vertical,Ninguna,Sin restricción
2018,5573,2018-07-05,Jueves,0,16:50:00,Ruta Nacional 168,0.0,2,"Automóvil,Moto/Ciclomotor",Av Leandro Alem Y Belgrano,3,2,0,0,1,0,0,"-31.646741, -60.701440",Ruta,168,SANTA FE,La Capital,Asfalto,No existe,I,Dentro,Urbana,Policía de tránsito,Funciona,Intersección,Bueno,Reducida polvo,Diurna,Buen Tiempo,S/D,S/D,Colisión,Ninguna,"Horizontal,Vertical",Ninguna,Accidente Previo
2018,5574,2018-07-11,Miercoles,0,08:30:00,,0.0,2,"Automóvil,Moto/Ciclomotor",Gdor Crespo Y 25 de Mayo,2,1,0,0,1,0,0,"-31.641378, -60.704261",Calle,,SANTA FE,La Capital,Asfalto,No existe,II,Dentro,Urbana,Ninguna,No existe,Intersección,Bueno,Buena,Diurna,Buen Tiempo,Frontal,S/D,Colisión,Ninguna,Horizontal,Línea divisoria pintada,Sin restricción
2018,5575,2018-07-11,Miercoles,0,21:20:00,,0.0,1,Vehículo Oficial,Av Urquiza Y Santiago del Estero,1,1,0,0,0,0,0,"-31.636398, -60.710498",Calle,,SANTA FE,La Capital,Asfalto,No existe,I,Dentro,Urbana,Semáforo,Funciona,Intersección,Bueno,Buena,Nocturna,Buen Tiempo,S/D,S/D,Despiste,Agua,"Horizontal,Vertical",Ninguna,Sin restricción
2018,5576,2018-07-26,Jueves,0,11:00:00,,0.0,2,"Moto/Ciclomotor,Automóvil",Mariano Comas Y San Jeronimo,3,2,0,0,1,0,0,"-31.632642, -60.703908",Calle,,SANTA FE,La Capital,Asfalto,No existe,I,Dentro,Urbana,Ninguna,No existe,Intersección,Bueno,Buena,Diurna,Buen Tiempo,Frontal,S/D,Colisión,Ninguna,Faltante,Ninguna,Sin restricción
2018,5577,2018-07-30,Lunes,0,11:30:00,,0.0,2,"Automóvil,Peatón",Rivadavia Y Hipolito Yrigoyen,2,0,1,0,1,0,0,"-31.642727, -60.703153",Calle,,SANTA FE,La Capital,Asfalto,No existe,I,Dentro,Urbana,Semáforo,Funciona,Recta,Bueno,Buena,Diurna,Buen Tiempo,S/D,Peatón,Atropello,Ninguna,"Horizontal,Vertical",Línea divisoria pintada,Sin restricción
2018,5578,2018-07-14,Sabado,0,14:45:00,,0.0,2,"Bicicleta,Automóvil",San Juan Y Mitre,2,1,0,0,1,0,0,"-32.949888888889,-60.640472222222",Calle,,ROSARIO,Rosario,Asfalto,No existe,II,Dentro,Urbana,S/D,No existe,Intersección,Bueno,Buena,Diurna,S/D,S/D,Ciclista,Atropello,Ninguna,Faltante,S/D,S/D
2018,5579,2018-07-21,Sabado,0,09:00:00,,0.0,2,"Moto/Ciclomotor,Automóvil",Gdor Crespo Y 25 de Mayo,3,2,0,0,1,0,0,"-31.641376, -60.704261",Calle,,SANTA FE,La Capital,Asfalto,No existe,I,Dentro,Urbana,Ninguna,No existe,Intersección,Bueno,Buena,Diurna,Buen Tiempo,Frontal,S/D,Colisión,Ninguna,Horizontal,Ninguna,Sin restricción
2018,5580,2018-07-05,Jueves,0,21:00:00,,0.0,2,"Moto/Ciclomotor,Pickup/Utilitario",San Jeronimo 1100,2,1,0,0,1,0,0,"-31.662025, -60.712511",Calle,,SANTA FE,La Capital,Asfalto,No existe,I,Dentro,Urbana,Ninguna,No existe,Intersección,Bueno,Buena,Diurna,Buen Tiempo,Frontal,S/D,Colisión,Ninguna,Vertical,Ninguna,Sin restricción
2018,5581,2018-07-05,Jueves,0,19:30:00,,0.0,3,"Automóvil,Moto/Ciclomotor,Automóvil",Laprida 1527,4,2,0,0,2,0,0,"-32.956055555556,-60.636444444444",Calle,,ROSARIO,Rosario,Asfalto,No existe,II,Dentro,Urbana,S/D,No existe,Recta,S/D,S/D,Nocturna,S/D,Múltiple,S/D,Colisión,S/D,Faltante,Ninguna,S/D
2018,5582,2018-07-17,Martes,0,13:00:00,,0.0,2,"Automóvil,Bicicleta",Sarmiento Y GÁLVEZ,2,1,0,0,1,0,0,"-32.968777777778,-60.643777777778",Calle,,ROSARIO,Rosario,Asfalto,No existe,II,Dentro,Urbana,Ninguna,No existe,Intersección,Bueno,Buena,Diurna,S/D,S/D,Ciclista,Atropello,Ninguna,Faltante,S/D,S/D
2018,5583,2018-07-16,Lunes,0,19:30:00,,0.0,2,"Automóvil,Moto/Ciclomotor",1ro de Mayo Y Santiago del Estero,2,1,0,0,1,0,0,"-31.637008, -60.707762",Avenida,,SANTA FE,La Capital,Asfalto,No existe,I,Dentro,Urbana,Paso Peatonal,No existe,Intersección,Bueno,Buena,Diurna,Buen Tiempo,Frontal,S/D,Colisión,Ninguna,Horizontal,Ninguna,Sin restricción
2018,5584,2018-07-30,Lunes,0,11:30:00,,0.0,2,"Moto/Ciclomotor,Taxi/Remis",Suipacha 2900,2,1,0,0,1,0,0,"-31.639198, -60.708599",Calle,,SANTA FE,La Capital,Asfalto,No existe,I,Dentro,Urbana,Semáforo,No existe,Intersección,Bueno,Buena,Diurna,Buen Tiempo,Frontal,S/D,Colisión,Ninguna,"Horizontal,Vertical",Línea divisoria pintada,Sin restricción
2018,5585,2018-07-06,Viernes,0,16:30:00,,0.0,2,"Taxi/Remis,Moto/Ciclomotor",Salta Y Pte.Roca,2,1,0,0,1,0,0,"-32.938194444444,-60.643361111111",Calle,,ROSARIO,Rosario,Asfalto,No existe,II,Dentro,Urbana,Paso Peatonal,No existe,Intersección,S/D,S/D,Diurna,S/D,Lateral,S/D,Colisión,S/D,Horizontal,Ninguna,Sin restricción
2018,5586,2018-07-07,Sabado,0,19:02:00,,0.0,2,"Automóvil,Automóvil",Av. Pellegrini Y Colon,6,2,0,0,4,0,0,"-32.959444444444,-60.62825",Avenida,,ROSARIO,Rosario,Asfalto,No existe,II,Dentro,Urbana,Semáforo,Funciona,Intersección,S/D,S/D,"Nocturna,Con luz artificial",S/D,Lateral,S/D,Colisión,S/D,"Horizontal,Vertical",Cordón divisorio,Sin restricción
2018,5587,2018-07-25,Miercoles,0,14:00:00,,0.0,2,"Automóvil,Moto/Ciclomotor",1ro de Mayo 1600,2,1,0,0,1,0,0,"-31.656089, -60.713444",Calle,,SANTA FE,La Capital,Asfalto,No existe,I,Dentro,Urbana,Semáforo,Funciona,Intersección,Bueno,Buena,Diurna,Buen Tiempo,S/D,S/D,Colisión,Ninguna,"Horizontal,Vertical",Ninguna,Sin restricción
2018,5588,2018-07-14,Sabado,0,15:30:00,,0.0,2,"Automóvil,Moto/Ciclomotor",Av. Pellegrini Y Pte.Roca,2,1,0,0,1,0,0,"-32.956027777778,-60.647861111111",Avenida,,ROSARIO,Rosario,Asfalto,No existe,II,Dentro,Urbana,Semáforo,Funciona,Intersección,Bueno,Buena,Diurna,Buen Tiempo,S/D,S/D,Colisión,Ninguna,Vertical,Cordón divisorio,Sin restricción
2018,5589,2018-07-06,Viernes,0,16:50:00,,0.0,1,Moto/Ciclomotor,1ro de Mayo Y Tucuman,1,1,0,0,0,0,0,"-31.645901, -60.710471",Calle,,SANTA FE,La Capital,Asfalto,No existe,I,Dentro,Urbana,Paso Peatonal,No existe,Recta,Bueno,Reducida polvo,Nocturna,Buen Tiempo,S/D,S/D,Despiste,Ninguna,Horizontal,Ninguna,Sin restricción
2018,5590,2018-07-23,Lunes,0,08:15:00,,0.0,2,"Camión,Moto/Ciclomotor",Almte. Brown Y Marconi,2,1,0,0,1,0,0,"-32.818883, -61.381578",Calle,,CAÑADA DE GÓMEZ,Iriondo,Asfalto,No existe,X,Dentro,Urbana,Semáforo,Funciona,Intersección,Bueno,Buena,Diurna,Buen Tiempo,Lateral,S/D,Colisión,S/D,"Horizontal,Vertical","Cordón divisorio,Vegetación",Sin restricción
2018,5591,2018-07-07,Sabado,0,19:05:00,,0.0,2,"Automóvil,Moto/Ciclomotor",Av. Belgrano Y San Juan,4,0,1,0,3,0,0,"-32.952259653833, -60.628048180270",Avenida,,ROSARIO,Rosario,Asfalto,No existe,II,Dentro,Urbana,Semáforo,Funciona,Intersección,S/D,S/D,Atardecer,S/D,Lateral,S/D,Colisión,S/D,"Horizontal,Vertical",Cordón divisorio,Sin restricción
2018,5592,2018-07-14,Sabado,0,16:10:00,,0.0,2,"Automóvil,Peatón",Bv. Oro?o Y Urquiza,2,1,0,0,1,0,0,"-32.94025,-60.652305555556",Avenida,,ROSARIO,Rosario,Asfalto,No existe,II,Dentro,Urbana,Ninguna,No existe,Intersección,Bueno,Buena,Diurna,Buen Tiempo,S/D,Peatón,Atropello,Ninguna,Faltante,Cordón divisorio,Sin restricción
2018,5593,2018-07-08,Domingo,0,20:00:00,,0.0,2,"Automóvil,Moto/Ciclomotor",Sarmiento Y J A Roca,2,0,1,0,1,0,0,"-32.842770, -61.252741",Calle,,CORREA,Iriondo,Ripio,No existe,X,Dentro,Urbana,Ninguna,No existe,Recta,Bueno,Buena,"Nocturna,Con luz artificial",Buen Tiempo,Lateral,S/D,Colisión,Ninguna,Faltante,Ninguna,Sin restricción
2018,5594,2018-07-08,Domingo,0,23:05:00,,0.0,2,"Moto/Ciclomotor,Pickup/Utilitario",Colon Y Riobamba,2,1,0,0,0,0,1,"-32.96525,-60.629722222222",Calle,,ROSARIO,Rosario,Asfalto,No existe,II,Dentro,Urbana,Señal Pare,No existe,Intersección,S/D,S/D,Nocturna,S/D,Lateral,S/D,Colisión,S/D,Vertical,Ninguna,Sin restricción
2018,5595,2018-07-19,Jueves,0,07:30:00,Ruta Nacional 11,352.0,2,"Transporte de Pasajeros (H/ 8 asientos),Bicicleta", ,2,0,1,0,1,0,0,"-32.560409, -60.856383",Ruta,11,OLIVEROS,Iriondo,Asfalto,Natural,X,Dentro,Urbana,Otra Señal,No existe,Recta,Resbaladiza,Reducida,"Nocturna,Con luz artificial",Lluvia,S/D,Ciclista,Atropello,Agua,"Horizontal,Vertical",Línea divisoria pintada,Sin restricción
2018,5596,2018-07-14,Sabado,0,04:40:00,,0.0,1,Automóvil,AVENIDA INTENDENTE MORCILLO ,1,1,0,0,0,0,0,"-32.954819353085, -60.661462392524",Avenida,,ROSARIO,Rosario,Asfalto,No existe,II,Dentro,Urbana,Ninguna,No existe,Curva,Bueno,Buena,"Nocturna,Con luz artificial",Buen Tiempo,S/D,S/D,Despiste,Ninguna,Faltante,Ninguna,Sin restricción
2018,5597,2018-07-09,Lunes,0,03:40:00,,0.0,2,"Automóvil,Automóvil",Paraguay Y Amenabar,2,1,0,0,1,0,0,"-32.971194444444,-60.650222222222",Calle,,ROSARIO,Rosario,Asfalto,No existe,II,Dentro,Urbana,Ninguna,No existe,Intersección,S/D,Buena,"Nocturna,Con luz artificial",S/D,Lateral,S/D,Colisión,Ninguna,Faltante,Ninguna,Sin restricción
2018,5598,2018-07-23,Lunes,0,18:35:00,Autopista Provincial Brigadier E.López,35.0,1,Automóvil, ,2,1,0,0,0,1,0,"-32.576030, -60.877091",Autopista,Brigadier E.López,OLIVEROS,Iriondo,Asfalto,Pavimento,X,Fuera,Rural,Otra Señal,No existe,Recta,Otro,Buena,Diurna,Buen Tiempo,S/D,S/D,Vuelco,S/D,"Horizontal,Vertical",Línea divisoria pintada,Sin restricción
2018,5599,2018-07-16,Lunes,0,23:50:00,,0.0,2,"Moto/Ciclomotor,Automóvil",Salta Y Pte.Roca,2,1,0,0,1,0,0,"-32.938194444444,-60.643361111111",Calle,,ROSARIO,Rosario,Asfalto,No existe,II,Dentro,Urbana,Ninguna,Funciona,Intersección,Bueno,Buena,Nocturna,Buen Tiempo,Lateral,S/D,Colisión,Ninguna,"Horizontal,Vertical",Ninguna,Sin restricción
2018,5600,2018-07-16,Lunes,0,19:30:00,,0.0,2,"Automóvil,Peatón",L.N.Alem Y Bv. 27 De Febrero,2,1,0,0,1,0,0,"-32.969277777778,-60.633611111111",Avenida,,ROSARIO,Rosario,Asfalto,No existe,II,Dentro,Urbana,Semáforo,Funciona,Intersección,Bueno,Buena,Atardecer,Buen Tiempo,S/D,Peatón,Atropello,Ninguna,Vertical,Cordón divisorio,Sin restricción
2018,5601,2018-07-17,Martes,0,04:45:00,,0.0,2,"Taxi/Remis,Moto/Ciclomotor",Sarmiento Y San Juan,3,1,0,0,2,0,0,"-32.950138888889,-60.639138888889",Calle,,ROSARIO,Rosario,Asfalto,No existe,II,Dentro,Urbana,Ninguna,No existe,Intersección,Bueno,Buena,Nocturna,Buen Tiempo,Lateral,S/D,Colisión,Ninguna,Faltante,Ninguna,Sin restricción
2018,5602,2018-08-23,Jueves,0,15:00:00,,0.0,2,"Automóvil,Moto/Ciclomotor",Montevideo Y Rodriguez,3,1,1,0,1,0,0,"-32.952444444444,-60.661194444444",Calle,,ROSARIO,Rosario,S/D,S/D,II,S/D,Urbana,S/D,S/D,Intersección,S/D,S/D,Diurna,S/D,S/D,S/D,Colisión,S/D,S/D,S/D,S/D
2018,5603,2018-08-23,Jueves,0,13:30:00,,0.0,2,"Moto/Ciclomotor,Pickup/Utilitario",Mariano Moreno Y Mendoza,2,1,0,0,1,0,0,"-32.949305555556,-60.651888888889",Calle,,ROSARIO,Rosario,S/D,S/D,II,S/D,Urbana,S/D,S/D,Intersección,S/D,S/D,Diurna,S/D,S/D,S/D,Colisión,S/D,S/D,S/D,S/D
2018,5604,2018-08-23,Jueves,0,05:50:00,,0.0,2,"Automóvil,Moto/Ciclomotor",E.Zeballos Y L.N.Alem,2,1,0,0,1,0,0,"-32.956944444444,-60.630527777778",Calle,,ROSARIO,Rosario,S/D,S/D,II,S/D,Urbana,S/D,S/D,Intersección,S/D,S/D,Amanecer,S/D,S/D,S/D,Colisión,S/D,S/D,S/D,S/D
2018,5605,2018-08-25,Sabado,0,03:00:00,,0.0,2,"Moto/Ciclomotor,Taxi/Remis",San Juan 1900,2,1,0,0,1,0,0,"-32.948166666667,-60.650166666667",Calle,,ROSARIO,Rosario,S/D,S/D,II,S/D,Urbana,S/D,S/D,Recta,S/D,S/D,Nocturna,S/D,S/D,S/D,Colisión,S/D,S/D,S/D,S/D
2018,5606,2018-08-22,Miercoles,0,17:30:00,,0.0,2,"Moto/Ciclomotor,Automóvil",J.M.de Rosas Y Viamonte,2,1,0,0,0,0,1,"-32.966527777778,-60.636027777778",Calle,,ROSARIO,Rosario,S/D,S/D,II,S/D,Urbana,S/D,No existe,Intersección,Bueno,S/D,Diurna,S/D,S/D,S/D,Colisión,S/D,Faltante,S/D,S/D
2018,5608,2018-08-22,Miercoles,0,10:50:00,,0.0,2,"Peatón,Automóvil",Laprida Y Rioja,2,0,1,0,1,0,0,"-32.948527777778,-60.63425",Calle,,ROSARIO,Rosario,S/D,S/D,II,S/D,Urbana,S/D,S/D,Intersección,S/D,S/D,Diurna,S/D,S/D,Peatón,Atropello,S/D,S/D,S/D,S/D
2018,5609,2018-08-17,Viernes,0,17:15:00,,0.0,2,"Automóvil,Moto/Ciclomotor",Av. Pte.Peron Y Cullen,3,0,1,0,2,0,0,"-32.966361111111,-60.708083333333",Avenida,,ROSARIO,Rosario,Asfalto,Pavimento,II,Dentro,Urbana,Ninguna,No existe,Recta,Bueno,Buena,Diurna,Buen Tiempo,Frontal,S/D,Colisión,Ninguna,Faltante,Cordón divisorio,Sin restricción
2018,5610,2018-08-16,Jueves,0,10:15:00,,0.0,2,"Moto/Ciclomotor,Pickup/Utilitario",Av. Wheelwright Y Cortazar,2,0,1,0,1,0,0,"-32.937389355726, -60.640315258641",Calle,,ROSARIO,Rosario,S/D,S/D,II,S/D,Urbana,S/D,S/D,Intersección,S/D,S/D,Diurna,S/D,S/D,S/D,Colisión,S/D,S/D,S/D,S/D