anio_acci,nro_acci,fecha,desc_dia,fecha_aprox,hora_aprox,desc_ruta,km,cant_participantes,desc_participante,calle_avenida_km,total,heridos_leves,heridos_graves,heridos_gravisimos,ilesos,fallecidos,sin_datos,posicion_XY,desc_tipo_via,desc_ruta_ori,desc_loc,desc_dpto,desc_tipo_calzada,desc_tipo_banquina,desc_unidad_regional,desc_lugar_calzada,desc_zona,desc_prioridad,desc_estado_semaforo,desc_lugar_via,desc_estado_via,desc_estado_visibilidad,desc_luminosidad,desc_estado_clima,desc_tipo_colision,desc_tipo_atropello,desc_tipo_hecho,desc_pres_calzada,desc_senializacion,desc_separacion_via,desc_restriccion
2018,5611,2018-08-10,Viernes,0,16:40:00,,0.0,2,"Moto/Ciclomotor,Pickup/Utilitario",Mendoza Y Buenos Aires,2,1,0,0,1,0,0,"-32.952472222222,-60.634",Calle,,ROSARIO,Rosario,S/D,S/D,II,S/D,Urbana,S/D,S/D,Intersección,S/D,S/D,Diurna,S/D,S/D,S/D,S/D,S/D,S/D,S/D,S/D
2018,5612,2018-08-20,Lunes,0,21:00:00,,0.0,2,"Moto/Ciclomotor,Automóvil",Salta Y Santiago,2,1,0,0,0,0,1,"-32.936222222222,-60.654277777778",Calle,,ROSARIO,Rosario,S/D,S/D,II,S/D,Urbana,Semáforo,Funciona,Intersección,S/D,S/D,Nocturna,S/D,S/D,S/D,Colisión,S/D,S/D,S/D,S/D
2018,5613,2018-08-25,Sabado,0,02:20:00,,0.0,2,"Taxi/Remis,Automóvil",Santa Fe Y Mariano Moreno,4,2,0,0,2,0,0,"-32.942833333333,-60.65025",Calle,,ROSARIO,Rosario,S/D,S/D,II,S/D,Urbana,S/D,Funciona,Intersección,S/D,S/D,"Nocturna,Con luz artificial",S/D,S/D,S/D,Colisión,S/D,S/D,S/D,S/D
2018,5614,2018-08-17,Viernes,0,08:35:00,,0.0,2,"Automóvil,Moto/Ciclomotor",Roullon 3000,2,1,0,0,1,0,0,"-32.963666666667,-60.701333333333",Avenida,,ROSARIO,Rosario,Asfalto,Pavimento,II,Dentro,Urbana,Ninguna,No existe,Recta,Bueno,Buena,Diurna,Lluvia,Frontal,S/D,Colisión,Ninguna,Faltante,Barrera de hormigón,Sin restricción
2018,5615,2018-08-10,Viernes,0,12:45:00,,0.0,2,"Pickup/Utilitario,Moto/Ciclomotor",Bv. Oro?o Y GÁLVEZ,2,1,0,0,1,0,0,"-32.966,-60.659083333333",Calle,,ROSARIO,Rosario,Asfalto,S/D,II,S/D,Urbana,S/D,S/D,Intersección,S/D,S/D,Diurna,S/D,S/D,S/D,Colisión,S/D,S/D,S/D,S/D
2018,5616,2018-08-20,Lunes,0,16:50:00,,0.0,2,"Moto/Ciclomotor,Automóvil",Barra 3751,2,1,0,0,1,0,0,"-32.972416666667,-60.705694444444",Calle,,ROSARIO,Rosario,Asfalto,S/D,II,Fuera,Urbana,S/D,S/D,Intersección,S/D,S/D,Diurna,S/D,S/D,S/D,Colisión,S/D,S/D,S/D,S/D
2018,5617,2018-08-05,Domingo,0,06:15:00,,0.0,2,"Pickup/Utilitario,Automóvil",Castellanos Y Santa Fe,2,1,0,0,1,0,0,"-32.938472222222,-60.674722222222",Calle,,ROSARIO,Rosario,Asfalto,No existe,II,Dentro,Urbana,Ninguna,No existe,Intersección,Bueno,Buena,Diurna,Buen Tiempo,Lateral,S/D,Colisión,Ninguna,Faltante,Ninguna,Sin restricción
2018,5618,2018-08-12,Domingo,0,17:45:00,,0.0,2,"Automóvil,Taxi/Remis",Riobamba Y Mitre,2,1,0,0,1,0,0,"-32.96275,-60.643722222222",S/D,,ROSARIO,Rosario,S/D,S/D,II,S/D,S/D,S/D,S/D,Intersección,S/D,S/D,Diurna,S/D,S/D,S/D,Colisión,S/D,S/D,S/D,S/D
2018,5619,2018-08-06,Lunes,0,06:30:00,,0.0,2,"Moto/Ciclomotor,Automóvil",Brown Y Suipacha,2,1,0,0,0,0,1,"-32.932444444444,-60.661833333333",Calle,,ROSARIO,Rosario,Asfalto,No existe,II,S/D,Urbana,Ninguna,No existe,Recta,Bueno,Buena,Diurna,Buen Tiempo,Lateral,S/D,Colisión,Ninguna,Faltante,Ninguna,Sin restricción
2018,5620,2018-08-06,Lunes,0,15:30:00,,0.0,2,"Bicicleta,Taxi/Remis",Santa Fe Y Vera Mujica,2,1,0,0,1,0,0,"-32.939888888889,-60.666555555556",Calle,,ROSARIO,Rosario,Asfalto,No existe,II,Dentro,Urbana,Semáforo,Funciona,Intersección,Bueno,Buena,Diurna,Buen Tiempo,Lateral,Ciclista,Atropello,Ninguna,Faltante,Ninguna,Sin restricción
2018,5622,2018-08-12,Domingo,0,22:45:00,,0.0,2,"Automóvil,Automóvil",Riobamba Y Dorrego,3,2,0,0,1,0,0,"-32.961027777778,-60.653416666667",Calle,,ROSARIO,Rosario,S/D,S/D,II,S/D,Urbana,S/D,S/D,Intersección,S/D,S/D,Nocturna,S/D,S/D,S/D,Colisión,S/D,S/D,S/D,S/D
2018,5623,2018-08-08,Miercoles,0,,,0.0,2,"Moto/Ciclomotor,Automóvil",Rodriguez Y Catamarca,2,1,0,0,1,0,0,"-32.936916666667,-60.657277777778",Calle,,ROSARIO,Rosario,Asfalto,No existe,II,Dentro,Urbana,Ninguna,No existe,Intersección,Bueno,Buena,Diurna,Buen Tiempo,Lateral,S/D,Colisión,Ninguna,Faltante,Ninguna,Sin restricción
2018,5624,2018-08-12,Domingo,0,16:35:00,,0.0,2,"Automóvil,Automóvil",Urquiza Y Pte.Roca,5,1,0,0,4,0,0,"-32.941722222222,-60.64425",S/D,,ROSARIO,Rosario,S/D,S/D,II,S/D,S/D,S/D,S/D,Intersección,S/D,S/D,Diurna,S/D,S/D,S/D,Colisión,S/D,S/D,S/D,S/D
2018,5625,2018-08-10,Viernes,0,16:35:00,,0.0,2,"Automóvil,Automóvil",Santiago Y Salta,2,1,0,0,1,0,0,"-32.936222222222,-60.654277777778",Calle,,ROSARIO,Rosario,Asfalto,No existe,II,Dentro,Urbana,Ninguna,No existe,Intersección,Bueno,Buena,Diurna,Buen Tiempo,Lateral,S/D,Colisión,Ninguna,Faltante,Ninguna,Sin restricción
2018,5626,2018-08-13,Lunes,0,17:40:00,,0.0,2,"Moto/Ciclomotor,Automóvil",Junin Y Cordoba,2,1,0,0,1,0,0,"-32.71621, -60.73927",S/D,,PUERTO SAN MARTÍN,San Lorenzo,Asfalto,No existe,XVII,Dentro,Urbana,Ninguna,No existe,Intersección,Bueno,Buena,Diurna,Buen Tiempo,Lateral,S/D,Colisión,Ninguna,Horizontal,Ninguna,Sin restricción
2018,5627,2018-08-14,Martes,0,18:50:00,,0.0,2,"Moto/Ciclomotor,Automóvil",Iriondo Y Urquiza,2,1,0,0,1,0,0,"-32.937305555556,-60.66875",Calle,,ROSARIO,Rosario,Asfalto,No existe,II,Dentro,Urbana,Ninguna,No existe,Intersección,Bueno,Buena,Atardecer,Buen Tiempo,Lateral,S/D,Colisión,Ninguna,Faltante,Ninguna,Sin restricción
2018,5628,2018-08-09,Jueves,0,10:35:00,,0.0,2,"Automóvil,Moto/Ciclomotor",3 De Febrero Y Lavalle,3,2,0,0,1,0,0,"-32.945666666667,-60.679388888889",Calle,,ROSARIO,Rosario,S/D,S/D,II,S/D,Urbana,S/D,S/D,Intersección,S/D,Buena,S/D,S/D,S/D,S/D,Colisión,S/D,S/D,S/D,S/D
2018,5629,2018-08-08,Miercoles,0,16:40:00,,0.0,2,"Moto/Ciclomotor,Automóvil",L.N.Alem Y La Paz,2,1,0,0,1,0,0,"-32.965916666667,-60.632777777778",Calle,,ROSARIO,Rosario,S/D,S/D,II,S/D,Urbana,S/D,S/D,Intersección,Bueno,Buena,Diurna,S/D,S/D,S/D,Colisión,S/D,S/D,S/D,S/D
2018,5630,2018-08-17,Viernes,0,10:40:00,,0.0,2,"Moto/Ciclomotor,Automóvil",Pueyrredon Y Catamarca,3,1,0,0,2,0,0,"-32.937166666667,-60.655916666667",Calle,,ROSARIO,Rosario,Asfalto,No existe,II,Dentro,Urbana,Ninguna,No existe,Intersección,Bueno,Buena,Diurna,Buen Tiempo,De alcance,S/D,Colisión,Ninguna,Faltante,Ninguna,Sin restricción
2018,5631,2018-03-17,Sabado,0,18:00:00,,0.0,2,"Moto/Ciclomotor,Automóvil",Sargento Cabral Y Santa Fe,4,3,0,0,0,1,0,"-31.900141,-61.850207",Calle,,SAN JORGE,San Martín,Asfalto,No existe,XVIII,Dentro,Urbana,Ninguna,No existe,Intersección,Bueno,S/D,Diurna,S/D,S/D,S/D,Colisión,Ninguna,Faltante,Ninguna,Sin restricción
2018,5632,2018-07-10,Martes,0,00:30:00,,0.0,1,Moto/Ciclomotor,Tucuman Y Alvear,2,1,1,0,0,0,0,"-32.938833333333,-60.6535",Calle,,ROSARIO,Rosario,Asfalto,No existe,II,Dentro,Urbana,S/D,No existe,S/D,Bueno,Buena,"Nocturna,Con luz artificial",S/D,S/D,S/D,Caída ocupante,Ninguna,S/D,S/D,S/D
2018,5633,2018-07-21,Sabado,0,08:30:00,Ruta Provincial 18,41.0,1,Automóvil, ,3,3,0,0,0,0,0,"-33.377766, -60.789104",Ruta,18,SANTA TERESA,Constitución,Asfalto,Natural,VI,Dentro,Rural,Ninguna,No existe,Curva,Bueno,Buena,Diurna,Buen Tiempo,S/D,S/D,Vuelco,Ninguna,Horizontal,Línea divisoria pintada,Sin restricción
2018,5635,2018-07-23,Lunes,0,21:00:00,,0.0,2,"Bicicleta,Automóvil",Manuel Dorrego Y Italia,2,1,0,0,1,0,0,"-33.240282, -60.321295",Calle,,VILLA CONSTITUCIÓN,Constitución,Asfalto,No existe,VI,Dentro,Urbana,Ninguna,No existe,Intersección,Bueno,Buena,Nocturna,Buen Tiempo,S/D,Ciclista,Atropello,Ninguna,Faltante,"Cordón divisorio,Vegetación",Sin restricción
2018,5636,2018-03-20,Martes,0,09:20:00,Autopista Nacional A008,0.0,4,"Automóvil,Automóvil,Automóvil,Automóvil",Av. Circunvalacion Y Av. Pellegrini,4,1,0,0,3,0,0,"-32.948855,-60.721068",Autopista,A008,ROSARIO,Rosario,Asfalto,Pavimento,II,Dentro,Urbana,Ninguna,No existe,Recta,Bueno,S/D,Diurna,S/D,Múltiple,S/D,Colisión,Ninguna,Horizontal,Línea divisoria pintada,Sin restricción
2018,5637,2018-07-10,Martes,0,20:40:00,,0.0,2,"Bicicleta,Automóvil",Riobamba Y San Martin,2,1,0,0,1,0,0,"-32.963277777778,-60.640833333333",Calle,,ROSARIO,Rosario,Asfalto,No existe,II,Dentro,Urbana,Ninguna,No existe,Intersección,Bueno,Buena,"Nocturna,Con luz artificial",Buen Tiempo,S/D,Ciclista,Atropello,Ninguna,Horizontal,Ninguna,Sin restricción
2018,5638,2018-07-30,Lunes,0,18:30:00,,0.0,2,"Automóvil,Moto/Ciclomotor",ROLDÁN Y Brasil,3,2,0,0,1,0,0,"-33.251134, -60.309720",Calle,,VILLA CONSTITUCIÓN,Constitución,Asfalto,No existe,VI,Dentro,Urbana,Ninguna,No existe,Intersección,Bueno,Buena,Diurna,Buen Tiempo,Frontal,S/D,Colisión,Ninguna,Faltante,Ninguna,Sin restricción
2018,5639,2018-03-20,Martes,0,11:30:00,Autopista Nacional A008,0.0,2,"Automóvil,Moto/Ciclomotor",Gustavo Cochet Y Av. Circunvalacion,2,1,0,0,1,0,0,"-32.939539,-60.723088",Autopista,A008,ROSARIO,Rosario,Asfalto,No existe,II,Dentro,Urbana,Ninguna,No existe,Intersección,Bueno,S/D,Diurna,S/D,S/D,S/D,Colisión,S/D,Faltante,Ninguna,Sin restricción
2018,5640,2018-07-11,Miercoles,0,18:45:00,,0.0,2,"Taxi/Remis,Automóvil",San Luis Y Mariano Moreno,2,1,0,0,1,0,0,"-32.946805555556,-60.651222222222",Calle,,ROSARIO,Rosario,Asfalto,No existe,II,Dentro,Urbana,Señal Pare,No existe,Intersección,S/D,S/D,Atardecer,S/D,Lateral,S/D,Colisión,S/D,"Horizontal,Vertical",Ninguna,Sin restricción
2018,5641,2018-03-20,Martes,0,11:20:00,,0.0,2,"Otros,Peatón",Bv. 27 De Febrero Y Av. Francia,2,1,0,0,1,0,0,"-32.962888888889,-60.670777777778",Calle,,ROSARIO,Rosario,Asfalto,No existe,II,Dentro,Urbana,Semáforo,Funciona,Intersección,Bueno,S/D,Diurna,S/D,S/D,Peatón,Atropello,Ninguna,"Horizontal,Vertical",Cordón divisorio,Sin restricción
2018,5642,2018-07-11,Miercoles,0,12:35:00,,0.0,2,"Taxi/Remis,Pickup/Utilitario",Urquiza Y Pte.Roca,3,1,0,0,2,0,0,"-32.941722222222,-60.64425",Calle,,ROSARIO,Rosario,Asfalto,S/D,II,Dentro,Urbana,Ninguna,No existe,Intersección,Bueno,Buena,Diurna,Buen Tiempo,Lateral,S/D,Colisión,Ninguna,Faltante,Ninguna,Sin restricción
2018,5643,2018-07-01,Domingo,0,12:30:00,,0.0,2,"Automóvil,Moto/Ciclomotor",Jujuy Y Guemes,2,1,0,0,1,0,0,"-33.268413, -60.385199",Calle,,EMPALME VILLA CONSTITUCIÓN,Constitución,Asfalto,No existe,VI,Dentro,Urbana,Ninguna,No existe,Intersección,Bueno,Buena,Diurna,Buen Tiempo,De alcance,S/D,Colisión,Ninguna,Horizontal,Línea divisoria pintada,Sin restricción
2018,5644,2018-07-14,Sabado,0,13:40:00,,0.0,2,"Moto/Ciclomotor,Automóvil",Av. Ovidio Lagos Y Rueda,3,2,0,0,1,0,0,"-32.966916666667,-60.6675",Avenida,,ROSARIO,Rosario,Asfalto,No existe,II,Dentro,Urbana,Semáforo,Funciona,Intersección,S/D,S/D,Diurna,S/D,Lateral,S/D,Colisión,S/D,"Horizontal,Vertical",Cordón divisorio,Sin restricción
2018,5645,2018-07-19,Jueves,0,21:55:00,,0.0,2,"Automóvil,Moto/Ciclomotor",Santa Fe Y 9 de Julio,3,1,0,0,2,0,0,"-30.787862, -60.596826",Calle,,SAN JUSTO,San Justo,Hormigón,No existe,XVI,Dentro,Urbana,Ninguna,No existe,Distribuidor,"Resbaladiza,Deteriorada",Reducida,"Nocturna,Con luz artificial",Lluvia,Frontal,S/D,Colisión,Agua,Faltante,Ninguna,Sin restricción
2018,5646,2018-03-20,Martes,0,15:00:00,,0.0,2,"Automóvil,Moto/Ciclomotor",Av. Pellegrini 4850,2,1,0,0,1,0,0,"-32.948166666667,-60.691944444444",Calle,,ROSARIO,Rosario,Asfalto,No existe,II,Dentro,Urbana,Ninguna,No existe,Intersección,Bueno,S/D,Diurna,S/D,S/D,S/D,Colisión,S/D,Faltante,Cordón divisorio,Sin restricción
2018,5647,2018-07-13,Viernes,0,21:30:00,,0.0,2,"Moto/Ciclomotor,Automóvil",La Paz Y Av. Ovidio Lagos,3,1,0,0,2,0,0,"-32.96,-60.665833333333",Avenida,,ROSARIO,Rosario,Asfalto,No existe,II,Dentro,Urbana,S/D,No existe,Intersección,Bueno,Buena,"Nocturna,Con luz artificial",Buen Tiempo,Lateral,S/D,Colisión,Ninguna,Faltante,Ninguna,S/D
2018,5648,2018-07-04,Miercoles,0,14:45:00,,0.0,2,"Automóvil,Moto/Ciclomotor",Francisco Zilli Y San Romulo,2,1,0,0,1,0,0,"-30.360198, -60.407396",Calle,,GOBERNADOR CRESPO,San Justo,Ripio,No existe,XVI,Dentro,Urbana,Ninguna,No existe,Intersección,Bueno,Buena,Diurna,Buen Tiempo,Otro,S/D,Colisión,Ninguna,Faltante,Ninguna,Sin restricción
2018,5649,2018-07-17,Martes,0,10:50:00,,0.0,2,"Moto/Ciclomotor,Pickup/Utilitario",Francisco Zilli Y San Romulo,2,1,0,0,1,0,0,"-30.360198, -60.407396",Calle,,GOBERNADOR CRESPO,San Justo,Tierra,No existe,II,Dentro,Urbana,Ninguna,No existe,Recta,Bueno,Buena,Diurna,Otro,De alcance,S/D,Colisión,Ninguna,Faltante,Ninguna,Sin restricción
2018,5650,2018-03-20,Martes,0,,Ruta Nacional 98,0.0,1,Moto/Ciclomotor,Republica Argentina Y Onas,1,1,0,0,0,0,0,"-29.224651,-61.772658",Ruta,98,TOSTADO,9 de Julio,S/D,S/D,XII,Dentro,Urbana,S/D,S/D,Recta,S/D,S/D,S/D,S/D,S/D,S/D,Caída ocupante,S/D,S/D,S/D,S/D
2018,5651,2018-03-20,Martes,0,,,0.0,2,"Moto/Ciclomotor,Automóvil",Rivadavia 1500,3,1,0,0,2,0,0,"-29.466888888889,-60.211055555556",Calle,,VERA,Vera,Asfalto,No existe,XIX,Dentro,Urbana,Ninguna,No existe,Recta,Bueno,S/D,S/D,S/D,S/D,S/D,Colisión,Ninguna,Faltante,Ninguna,Sin restricción
2018,5652,2018-03-16,Viernes,0,,,0.0,2,"Automóvil,Moto/Ciclomotor",Boulevard 9 de julio Y Pasaje Pedro Ficarelli,2,1,0,0,1,0,0,"-33.040861111111,-61.154",Avenida,,CASILDA,Caseros,Asfalto,No existe,IV,Dentro,Urbana,Ninguna,S/D,Intersección,Bueno,S/D,S/D,Buen Tiempo,Lateral,S/D,Colisión,Ninguna,S/D,Ninguna,S/D
2018,5653,2018-08-11,Sabado,0,07:00:00,,0.0,2,"Moto/Ciclomotor,Automóvil",Av San Martin Y Cordoba,2,1,0,0,1,0,0,"-32.7175, -60.73118",Avenida,,PUERTO SAN MARTÍN,San Lorenzo,Asfalto,No existe,XVII,Dentro,Urbana,Ninguna,No existe,Intersección,Bueno,Buena,Diurna,Buen Tiempo,Lateral,S/D,Colisión,Ninguna,Horizontal,Ninguna,Sin restricción
2018,5654,2018-08-21,Martes,0,17:45:00,,0.0,2,"Moto/Ciclomotor,Automóvil",Iriondo Y Catamarca,3,1,0,0,2,0,0,"-32.934972222222,-60.668138888889",Calle,,ROSARIO,Rosario,Asfalto,No existe,II,Dentro,Urbana,Semáforo,Funciona,Recta,Bueno,Buena,Diurna,S/D,Lateral,S/D,Colisión,Ninguna,S/D,Ninguna,Sin restricción
2018,5655,2018-08-09,Jueves,0,17:30:00,,0.0,2,"Bicicleta,Automóvil",Mendoza Y Reconquista,2,1,0,0,1,0,0,"-32.71539, -60.73822",Calle,,PUERTO SAN MARTÍN,San Lorenzo,Asfalto,No existe,XVII,Dentro,Urbana,Ninguna,No existe,Intersección,Bueno,Buena,Diurna,Buen Tiempo,Frontal,Ciclista,Atropello,Ninguna,Horizontal,Ninguna,Sin restricción
2018,5656,2018-08-01,Miercoles,0,14:40:00,,0.0,2,"Automóvil,Moto/Ciclomotor",Av. Pellegrini Y Av. Belgrano,2,1,0,0,1,0,0,"-32.960944444444,-60.621194444444",Avenida,,ROSARIO,Rosario,S/D,S/D,II,S/D,Urbana,S/D,S/D,Rotonda,S/D,S/D,Diurna,S/D,S/D,S/D,Colisión,S/D,S/D,S/D,S/D
2018,5657,2018-08-22,Miercoles,0,18:40:00,,0.0,2,"Moto/Ciclomotor,Automóvil",Av. Ovidio Lagos Y Salta,2,1,0,0,1,0,0,"-32.93525,-60.659694444444",Avenida,,ROSARIO,Rosario,Asfalto,No existe,II,Dentro,Urbana,Semáforo,Funciona,Intersección,Bueno,Buena,Diurna,Buen Tiempo,Lateral,S/D,Colisión,Ninguna,S/D,Ninguna,Sin restricción
2018,5658,2018-08-06,Lunes,0,23:30:00,,0.0,2,"Moto/Ciclomotor,Automóvil",Sarmiento Y San Luis,2,1,0,0,1,0,0,"-32.71316, -60.73994",Calle,,PUERTO SAN MARTÍN,San Lorenzo,Asfalto,No existe,XVII,Dentro,Urbana,Ninguna,No existe,Intersección,Bueno,Buena,Nocturna,S/D,Lateral,S/D,Colisión,Ninguna,Horizontal,Ninguna,Sin restricción
2018,5659,2018-08-03,Viernes,0,11:00:00,,0.0,2,"Moto/Ciclomotor,Automóvil",9 de Julio Y Mendoza,2,1,0,0,1,0,0,"-32.71621, -60.73313",Calle,,PUERTO SAN MARTÍN,San Lorenzo,Asfalto,No existe,XVII,Dentro,Urbana,Ninguna,No existe,Intersección,Bueno,Buena,Diurna,Buen Tiempo,Lateral,S/D,Colisión,Ninguna,Horizontal,Ninguna,Sin restricción
2018,5660,2018-08-01,Miercoles,0,14:15:00,,0.0,2,"Moto/Ciclomotor,Automóvil",Av. Ovidio Lagos Y Av. Pellegrini,2,1,0,0,1,0,0,"-32.953,-60.664166666667",Avenida,,ROSARIO,Rosario,S/D,S/D,II,S/D,Urbana,Semáforo,S/D,Intersección,Con baches,Buena,Diurna,Buen Tiempo,S/D,S/D,Colisión,S/D,S/D,S/D,S/D
2018,5661,2018-08-27,Lunes,0,19:00:00,,0.0,2,"Pickup/Utilitario,Moto/Ciclomotor",Urquiza Y Bv San Martin,3,2,0,0,1,0,0,"-32.90032, -60.90741",Avenida,,ROLDÁN,San Lorenzo,Asfalto,Pavimento,XVII,Dentro,Urbana,Ninguna,No existe,Intersección,Bueno,Buena,Diurna,Buen Tiempo,Lateral,S/D,Colisión,Ninguna,Faltante,Cordón divisorio,Sin restricción
2018,5662,2018-08-26,Domingo,0,,Ruta Nacional A012,0.0,1,Automóvil,Acceso 012 Y Los Ligustros,2,2,0,0,0,0,0,"-32.91288, -60.89619",Ruta,A012,ROLDÁN,San Lorenzo,Asfalto,Natural,XVII,Dentro,Urbana,Ninguna,No existe,Intersección,Con baches,Buena,"Nocturna,Con luz artificial",Buen Tiempo,Otro,S/D,Vuelco,Ninguna,Faltante,Ninguna,Sin restricción
2018,5663,2018-08-01,Miercoles,0,00:30:00,,0.0,2,"Automóvil,Moto/Ciclomotor",Bv. Avellaneda Y Junin,2,1,0,0,1,0,0,"-32.926645430193, -60.675867239986",Avenida,,ROSARIO,Rosario,Asfalto,No existe,II,Dentro,Urbana,Ninguna,Funciona,Recta,Bueno,Buena,Nocturna,Buen Tiempo,Otro,S/D,Colisión,Ninguna,Vertical,Ninguna,Sin restricción
2018,5664,2018-08-25,Sabado,0,,Ruta Nacional 9,0.0,2,"Automóvil,Moto/Ciclomotor",Ruta Nacional 9 Y Santa Rosa,2,1,0,0,1,0,0,"-32.90673, -60.9019",Ruta,9,ROLDÁN,San Lorenzo,Asfalto,Ripio,XVII,Dentro,Urbana,Ninguna,No existe,Intersección,Bueno,Buena,Diurna,Buen Tiempo,Lateral,S/D,Colisión,Ninguna,Faltante,Ninguna,Sin restricción
2018,5665,2018-08-01,Miercoles,0,17:40:00,,0.0,2,"Moto/Ciclomotor,Automóvil",Cochabamba Y Beruti,3,1,1,0,0,0,1,"-32.961638888889,-60.623111111111",Calle,,ROSARIO,Rosario,S/D,S/D,II,S/D,Urbana,S/D,S/D,Intersección,S/D,S/D,S/D,S/D,S/D,S/D,Colisión,S/D,S/D,S/D,S/D
2018,5666,2018-08-21,Martes,1,13:00:00,,0.0,2,"Bicicleta,Pickup/Utilitario",Bv San Martin Y Belgrano,2,1,0,0,1,0,0,"-32.90048, -60.90605",Avenida,,ROLDÁN,San Lorenzo,Asfalto,No existe,XVII,Dentro,Urbana,Ninguna,No existe,Intersección,Bueno,Buena,Diurna,Buen Tiempo,Lateral,S/D,Colisión,Ninguna,Faltante,Cordón divisorio,Sin restricción
2018,5667,2018-08-05,Domingo,0,18:20:00,,0.0,2,"Automóvil,Automóvil",Rotonda Venesia  Y Tunel Escalada,3,1,0,0,2,0,0,"-32.929558918117, -60.661674730080",Calle,,ROSARIO,Rosario,Asfalto,No existe,II,Dentro,Urbana,Ninguna,No existe,Cruce,Bueno,Buena,Atardecer,Buen Tiempo,Otro,S/D,Colisión,Ninguna,Faltante,Ninguna,Sin restricción
2018,5668,2018-08-01,Miercoles,0,13:30:00,,0.0,2,"Peatón,Moto/Ciclomotor",E.Zeballos Y Av. Corrientes,2,1,0,0,1,0,0,"-32.95425,-60.644527777778",S/D,,ROSARIO,Rosario,S/D,S/D,II,S/D,Urbana,S/D,S/D,Intersección,S/D,S/D,Diurna,S/D,S/D,Peatón,Atropello,S/D,S/D,S/D,S/D
2018,5669,2018-08-19,Domingo,0,,Ruta Nacional 9,330.0,1,Automóvil,Ruta Nacional 9 ,2,2,0,0,0,0,0,"-32.85845, -61.17332",Ruta,9,CARCARAÑÁ,San Lorenzo,Asfalto,Natural,XVII,Dentro,Rural,Ninguna,No existe,Recta,Bueno,Buena,Diurna,Lluvia,S/D,S/D,Vuelco,Agua,Faltante,Ninguna,Sin restricción
2018,5670,2018-08-21,Martes,0,22:10:00,,0.0,2,"Moto/Ciclomotor,Pickup/Utilitario",E.Zeballos Y San Nicolas,4,0,1,0,3,0,0,"-32.948861111111,-60.674527777778",Calle,,ROSARIO,Rosario,S/D,S/D,II,S/D,Urbana,S/D,S/D,Intersección,S/D,S/D,Nocturna,S/D,S/D,S/D,Colisión,S/D,S/D,S/D,S/D
2018,5671,2018-08-17,Viernes,0,,,0.0,2,"Automóvil,Moto/Ciclomotor",Lamadrid Y Santa Fe,2,1,0,0,1,0,0,"-32.89494, -60.91173",Calle,,ROLDÁN,San Lorenzo,Asfalto,No existe,XVII,Dentro,Urbana,Ninguna,No existe,Intersección,Bueno,Buena,Diurna,Buen Tiempo,Lateral,S/D,Colisión,Ninguna,Faltante,Ninguna,Sin restricción
2018,5672,2018-08-09,Jueves,0,,,0.0,2,"Automóvil,Moto/Ciclomotor",Fray Mamerto Esquiu Y Ceferino Namuncura,3,2,0,0,1,0,0,"-32.90836, -60.9092",Calle,,ROLDÁN,San Lorenzo,Asfalto,Natural,XVII,Dentro,Urbana,Ninguna,No existe,Intersección,Bueno,Buena,Con luz artificial,Buen Tiempo,Lateral,S/D,Colisión,Ninguna,Faltante,Ninguna,Sin restricción
2018,5673,2018-08-10,Viernes,0,13:00:00,,0.0,2,"Automóvil,Transporte de Pasajeros Urbano (> 8 asientos)",Velez Sarsfield Y Bv. Avellaneda,2,1,0,0,1,0,0,"-32.924917215737, -60.675481749542",Calle,,ROSARIO,Rosario,Asfalto,No existe,II,Dentro,Urbana,Semáforo,Funciona,Recta,Bueno,Buena,Diurna,Buen Tiempo,De alcance,S/D,Colisión,Ninguna,Vertical,Ninguna,Sin restricción
2018,5674,2018-08-04,Sabado,0,23:15:00,,0.0,2,"Automóvil,Automóvil",San Juan Y Gutenberg,3,1,0,0,2,0,0,"-32.941333333333,-60.688222222222",Calle,,ROSARIO,Rosario,S/D,S/D,II,S/D,Urbana,Señal Pare,S/D,Intersección,S/D,S/D,"Nocturna,Con luz artificial",Buen Tiempo,S/D,S/D,Colisión,Ninguna,S/D,S/D,S/D
2018,5675,2018-08-02,Jueves,0,20:18:00,,0.0,2,"Automóvil,Bicicleta",Sgto. J Cabral Y Tucuman,3,2,0,0,1,0,0,"-32.90212, -60.91214",Calle,,ROLDÁN,San Lorenzo,Asfalto,No existe,XVII,Dentro,Urbana,Señal Ceda el Paso,No existe,Intersección,Bueno,Buena,"Nocturna,Con luz artificial",Buen Tiempo,Lateral,Ciclista,Atropello,Ninguna,Vertical,Ninguna,Sin restricción
2018,5676,2018-08-01,Miercoles,0,17:50:00,,0.0,2,"Automóvil,Moto/Ciclomotor",Fray Mamerto Esquiu Y Cristobal Colon,2,1,0,0,1,0,0,"-32.91586, -60.89132",Calle,,ROLDÁN,San Lorenzo,Asfalto,Natural,XVII,Dentro,Urbana,Ninguna,No existe,Intersección,Bueno,Buena,Diurna,Buen Tiempo,Lateral,S/D,Colisión,Ninguna,Faltante,Ninguna,Sin restricción
2018,5677,2018-08-03,Viernes,0,15:40:00,,0.0,1,Moto/Ciclomotor,9 De Julio Y Alsina,1,1,0,0,0,0,0,"-32.946972222222,-60.678305555556",Calle,,ROSARIO,Rosario,S/D,S/D,II,S/D,Urbana,S/D,S/D,Intersección,S/D,S/D,Diurna,S/D,S/D,S/D,S/D,S/D,S/D,S/D,S/D