anio_acci,nro_acci,fecha,desc_dia,fecha_aprox,hora_aprox,desc_ruta,km,cant_participantes,desc_participante,calle_avenida_km,total,heridos_leves,heridos_graves,heridos_gravisimos,ilesos,fallecidos,sin_datos,posicion_XY,desc_tipo_via,desc_ruta_ori,desc_loc,desc_dpto,desc_tipo_calzada,desc_tipo_banquina,desc_unidad_regional,desc_lugar_calzada,desc_zona,desc_prioridad,desc_estado_semaforo,desc_lugar_via,desc_estado_via,desc_estado_visibilidad,desc_luminosidad,desc_estado_clima,desc_tipo_colision,desc_tipo_atropello,desc_tipo_hecho,desc_pres_calzada,desc_senializacion,desc_separacion_via,desc_restriccion
2018,5678,2018-08-05,Domingo,0,16:00:00,,0.0,2,"Moto/Ciclomotor,Pickup/Utilitario",Rioja Y Gutenberg,2,1,0,0,1,0,0,"-32.93875,-60.687583333333",Calle,,ROSARIO,Rosario,S/D,S/D,II,S/D,Urbana,S/D,S/D,Recta,S/D,S/D,S/D,S/D,S/D,S/D,Colisión,S/D,S/D,S/D,S/D
2018,5679,2018-07-10,Martes,0,14:05:00,Autopista Nacional 9,238.0,2,"Pickup/Utilitario,Automóvil", ,2,1,0,0,1,0,0,"-33.325774, -60.311275",Autopista,9,THEOBALD,Constitución,Asfalto,Natural,VI,Dentro,Urbana,Ninguna,No existe,Recta,Bueno,Buena,Diurna,Buen Tiempo,Frontal,S/D,Colisión,Ninguna,Horizontal,Línea divisoria pintada,Sin restricción
2018,5680,2018-07-28,Sabado,0,18:30:00,Autopista Nacional 9,278.0,2,"Automóvil,Automóvil", ,3,3,0,0,0,0,0,"-33.087975, -60.627108",Autopista,9,ALVEAR,Rosario,Asfalto,Natural,II,Dentro,Rural,Ninguna,No existe,Recta,Bueno,Buena,Diurna,Buen Tiempo,S/D,S/D,Colisión,Ninguna,S/D,Ninguna,S/D
2018,5681,2018-08-01,Miercoles,0,09:45:00,Ruta Nacional A012,43.0,3,"Camión Chasis,Pickup/Utilitario,Camión c / Semirremolque",Acceso 012 ,4,1,0,0,3,0,0,"-32.90446, -60.89403",Ruta,A012,ROLDÁN,San Lorenzo,Asfalto,Natural,XVII,Dentro,Urbana,Ninguna,No existe,Recta,Bueno,Buena,Diurna,Buen Tiempo,Lateral,S/D,Colisión,Ninguna,Faltante,Ninguna,Sin restricción
2018,5682,2018-08-19,Domingo,0,,Ruta Nacional 11,0.0,2,"Automóvil,Moto/Ciclomotor",RUTA 11 Y DR POUCEL,2,1,0,0,0,0,1,"-32.73466, -60.73778",Ruta,11,SAN LORENZO,San Lorenzo,S/D,S/D,XVII,Dentro,Urbana,S/D,No existe,Intersección,S/D,S/D,Nocturna,S/D,Lateral,S/D,Colisión,S/D,Faltante,S/D,S/D
2018,5683,2018-08-03,Viernes,0,12:00:00,,0.0,2,"Moto/Ciclomotor,Peatón",Paraguay Y 3 De Febrero,2,1,0,0,1,0,0,"-32.95175,-60.645333333333",Calle,,ROSARIO,Rosario,S/D,S/D,II,S/D,Urbana,Ninguna,S/D,Intersección,S/D,S/D,Diurna,Buen Tiempo,S/D,Peatón,Atropello,S/D,S/D,S/D,S/D
2018,5684,2018-08-23,Jueves,0,19:05:00,,0.0,2,"Automóvil,Otros",Av San Martin Y Mateo GÁLVEZ,2,1,0,0,1,0,0,"-32.72125, -60.73191",Avenida,,SAN LORENZO,San Lorenzo,Hormigón,S/D,XVII,Dentro,Urbana,S/D,No existe,Intersección,Bueno,Buena,Atardecer,S/D,Lateral,S/D,Colisión,S/D,Faltante,S/D,S/D
2018,5685,2018-08-25,Sabado,0,05:45:00,,0.0,2,"Pickup/Utilitario,Moto/Ciclomotor",Espa?a Y General Lopez,2,1,0,0,1,0,0,"-32.72409, -60.73346",Calle,,SAN LORENZO,San Lorenzo,S/D,S/D,XVII,S/D,Urbana,S/D,S/D,Intersección,S/D,S/D,S/D,S/D,S/D,S/D,Colisión,S/D,S/D,S/D,S/D
2018,5686,2018-08-22,Miercoles,0,08:00:00,,0.0,2,"Automóvil,Moto/Ciclomotor",Junin Y Don Bosco Bis,3,1,0,0,2,0,0,"-32.926787087331, -60.680481612255",Calle,,ROSARIO,Rosario,Asfalto,No existe,II,Dentro,Urbana,Ninguna,No existe,Recta,Bueno,Buena,Diurna,Buen Tiempo,Otro,S/D,Colisión,Ninguna,Faltante,Ninguna,Sin restricción
2018,5687,2018-08-04,Sabado,0,09:20:00,,0.0,2,"Automóvil,Moto/Ciclomotor",Av. Pellegrini Y Bv. Oro?o,3,1,0,0,2,0,0,"-32.954694444444,-60.655944444444",Avenida,,ROSARIO,Rosario,S/D,S/D,II,S/D,Urbana,S/D,S/D,Intersección,S/D,S/D,Diurna,S/D,S/D,S/D,Colisión,S/D,S/D,S/D,S/D
2018,5688,2018-08-27,Lunes,0,13:15:00,,0.0,3,"Automóvil,Automóvil,Automóvil",Granadero Baigorria Y Irigoyen,3,1,0,0,2,0,0,"-32.734027777778,-60.735972222222",Calle,,SAN LORENZO,San Lorenzo,Asfalto,S/D,XVII,Dentro,Urbana,S/D,S/D,Recta,S/D,S/D,S/D,Buen Tiempo,Múltiple,S/D,Colisión,S/D,S/D,S/D,S/D
2018,5689,2018-08-27,Lunes,0,14:30:00,,0.0,2,"Moto/Ciclomotor,Automóvil",Av. Luis Carballo Y Rawson Bis,2,1,0,0,0,0,1,"-32.922057952712, -60.669499757185",Avenida,,ROSARIO,Rosario,Asfalto,No existe,II,Dentro,Urbana,Ninguna,Funciona,Recta,Bueno,Buena,Diurna,Buen Tiempo,Lateral,S/D,Colisión,Ninguna,Vertical,Ninguna,Sin restricción
2018,5690,2018-08-03,Viernes,0,16:45:00,,0.0,2,"Moto/Ciclomotor,Automóvil",Bv. Oro?o Y Av. Dante Alighieri,2,0,1,0,1,0,0,"-32.961638888889,-60.657805555556",Avenida,,ROSARIO,Rosario,S/D,S/D,II,S/D,Urbana,S/D,S/D,Intersección,S/D,S/D,Diurna,S/D,S/D,S/D,Colisión,S/D,S/D,S/D,S/D
2018,5691,2018-08-28,Martes,0,09:30:00,,0.0,2,"Transporte de Pasajeros Urbano (> 8 asientos),Peatón",Av San Martin Y Eva Peron,2,1,0,0,1,0,0,"-32.727055555556,-60.732833333333",S/D,,SAN LORENZO,San Lorenzo,S/D,S/D,XVII,S/D,Urbana,S/D,S/D,Intersección,S/D,S/D,S/D,S/D,S/D,Peatón,Atropello,S/D,S/D,S/D,S/D
2018,5693,2018-08-03,Viernes,0,03:55:00,,0.0,2,"Automóvil,Taxi/Remis",Av. Pellegrini Y Av. Corrientes,2,0,1,0,1,0,0,"-32.956527777778,-60.645083333333",Avenida,,ROSARIO,Rosario,S/D,S/D,II,S/D,Urbana,Semáforo,No funciona,Intersección,S/D,S/D,"Nocturna,Con luz artificial",S/D,S/D,S/D,Colisión,S/D,S/D,S/D,S/D
2018,5694,2018-08-21,Martes,0,16:00:00,,0.0,2,"Taxi/Remis,Moto/Ciclomotor",Tucuman Y Balcarce,2,1,0,0,1,0,0,"-32.939305555556,-60.650777777778",Calle,,ROSARIO,Rosario,S/D,S/D,II,S/D,Urbana,S/D,S/D,Intersección,S/D,Buena,Diurna,S/D,S/D,S/D,Colisión,Ninguna,S/D,S/D,S/D
2018,5695,2018-08-04,Sabado,0,18:45:00,,0.0,1,Automóvil, ,2,0,1,0,1,0,0,"-32.87914, -61.02748",Camino Rural,,SAN JERÓNIMO SUR,San Lorenzo,Tierra,No existe,XVII,Dentro,Rural,Ninguna,No existe,Recta,Otro,Reducida,Atardecer,Buen Tiempo,S/D,S/D,Despiste,Ninguna,Faltante,Ninguna,Sin restricción
2018,5696,2018-08-05,Domingo,0,19:17:00,,0.0,1,Transporte de Pasajeros Urbano (> 8 asientos),Urquiza Y Espa?a,2,0,1,0,1,0,0,"-32.941472222222,-60.645638888889",Calle,,ROSARIO,Rosario,S/D,S/D,II,S/D,Urbana,Semáforo,S/D,Intersección,S/D,S/D,Atardecer,S/D,S/D,S/D,Caída ocupante,S/D,S/D,S/D,S/D
2018,5697,2018-08-29,Miercoles,0,09:10:00,Autopista Nacional Rosario -Cordoba,326.0,2,"Automóvil,Automóvil", ,3,1,0,0,2,0,0,"-32.88401, -61.12749",Autopista,Rosario -Córdoba,SAN JERÓNIMO SUR,San Lorenzo,Hormigón,Pavimento,XVII,Dentro,Rural,Ninguna,No existe,Recta,Bueno,Buena,Diurna,Buen Tiempo,Lateral,S/D,Colisión,Ninguna,Faltante,Vegetación,Sin restricción
2018,5698,2018-08-21,Martes,0,16:00:00,,0.0,2,"Moto/Ciclomotor,Pickup/Utilitario",Suipacha Y San Juan,2,1,0,0,1,0,0,"-32.9455,-60.665111111111",Calle,,ROSARIO,Rosario,S/D,S/D,II,S/D,Urbana,S/D,S/D,Intersección,S/D,S/D,Diurna,S/D,S/D,S/D,Colisión,S/D,S/D,S/D,S/D
2018,5699,2018-08-09,Jueves,0,12:20:00,,0.0,2,"Moto/Ciclomotor,Automóvil",San Juan Y Lavalle,2,1,0,0,1,0,0,"-32.943055555556,-60.67875",Calle,,ROSARIO,Rosario,S/D,S/D,II,S/D,Urbana,S/D,S/D,Recta,S/D,S/D,S/D,S/D,S/D,S/D,Colisión,S/D,S/D,S/D,S/D
2018,5700,2018-08-20,Lunes,0,21:15:00,,0.0,2,"Automóvil,Automóvil",Necochea Y Pasco,3,1,0,0,2,0,0,"-32.962083333333,-60.6275",Calle,,ROSARIO,Rosario,S/D,S/D,II,S/D,Urbana,S/D,S/D,Intersección,S/D,S/D,Nocturna,S/D,S/D,S/D,Colisión,S/D,S/D,S/D,S/D
2018,5701,2018-08-07,Martes,0,20:05:00,,0.0,2,"Automóvil,Moto/Ciclomotor",Montevideo Y Castellanos,3,2,0,0,1,0,0,"-32.949527777778,-60.6775",Calle,,ROSARIO,Rosario,S/D,S/D,II,S/D,Urbana,S/D,S/D,Intersección,S/D,S/D,Nocturna,S/D,S/D,S/D,Colisión,S/D,S/D,S/D,S/D
2018,5702,2018-08-06,Lunes,0,13:15:00,,0.0,2,"Automóvil,Automóvil",Bv. 27 De Febrero Y Bv. Oro?o,2,1,0,0,1,0,0,"-32.965027777778,-60.658666666667",Avenida,,ROSARIO,Rosario,S/D,S/D,II,S/D,Urbana,S/D,S/D,Intersección,S/D,S/D,Diurna,S/D,S/D,S/D,Colisión,S/D,S/D,S/D,S/D
2018,5703,2018-08-06,Lunes,0,22:00:00,,0.0,2,"Automóvil,Vehículo Oficial",AV. DIARIO LA CAPITAL Y CHACABUCO,2,1,0,0,1,0,0,"-32.95495, -60.62406",Avenida,,ROSARIO,Rosario,S/D,S/D,II,S/D,Urbana,Señal Pare,S/D,Intersección,Bueno,Buena,S/D,S/D,S/D,S/D,Colisión,S/D,S/D,S/D,S/D
2018,5704,2018-08-19,Domingo,0,08:40:00,,0.0,4,"Automóvil,Automóvil,Automóvil,Automóvil",Rodriguez Y 3 De Febrero,5,1,0,0,2,0,2,"-32.949083333333,-60.660361111111",Calle,,ROSARIO,Rosario,S/D,S/D,II,S/D,Urbana,Señal Pare,No existe,Intersección,S/D,Buena,S/D,S/D,S/D,S/D,Colisión,Ninguna,S/D,S/D,S/D
2018,5705,2018-08-07,Martes,0,16:35:00,,0.0,2,"Moto/Ciclomotor,Pickup/Utilitario",Av. De La Libertad Y San Juan,2,1,0,0,1,0,0,"-32.952388888889,-60.627972222222",Avenida,,ROSARIO,Rosario,S/D,S/D,II,S/D,Urbana,S/D,S/D,Intersección,S/D,S/D,Nocturna,S/D,S/D,S/D,Caída ocupante,S/D,S/D,S/D,S/D
2018,5706,2018-08-07,Martes,0,11:40:00,,0.0,2,"Pickup/Utilitario,Automóvil",Urquiza Y Pueyrredon,3,1,0,0,2,0,0,"-32.9395,-60.6565",S/D,,ROSARIO,Rosario,S/D,S/D,II,S/D,S/D,S/D,S/D,Intersección,S/D,S/D,Diurna,S/D,S/D,S/D,Colisión,S/D,S/D,S/D,S/D
2018,5707,2018-08-23,Jueves,0,01:30:00,,0.0,2,"Vehículo Oficial,Taxi/Remis",Av. Pellegrini Y Dorrego,5,3,0,0,2,0,0,"-32.955416666667,-60.651972222222",Avenida,,ROSARIO,Rosario,S/D,S/D,II,S/D,Urbana,S/D,S/D,Intersección,S/D,S/D,Nocturna,S/D,S/D,S/D,Colisión,S/D,S/D,Ninguna,S/D
2018,5708,2018-08-09,Jueves,0,16:40:00,,0.0,2,"Automóvil,Moto/Ciclomotor",3 De Febrero Y Suipacha,2,0,1,0,1,0,0,"-32.948111111111,-60.665777777778",Calle,,ROSARIO,Rosario,S/D,S/D,II,S/D,Urbana,S/D,S/D,Intersección,S/D,S/D,Diurna,S/D,S/D,S/D,Colisión,S/D,S/D,S/D,S/D
2018,5709,2018-08-18,Sabado,0,00:40:00,,0.0,2,"Automóvil,Peatón",Sgto Cabral Y Av. Belgrano,4,1,0,0,3,0,0,"-32.943083333333,-60.634305555556",Calle,,ROSARIO,Rosario,S/D,S/D,II,S/D,Urbana,S/D,S/D,Intersección,S/D,S/D,Nocturna,S/D,S/D,Peatón,Atropello,S/D,S/D,S/D,S/D
2018,5710,2018-08-20,Lunes,0,18:25:00,,0.0,2,"Pickup/Utilitario,Automóvil",Balcarce Y E.Zeballos,4,1,0,0,3,0,0,"-32.952527777778,-60.654111111111",Calle,,ROSARIO,Rosario,S/D,S/D,II,S/D,Urbana,S/D,S/D,Intersección,S/D,S/D,Diurna,S/D,S/D,S/D,Colisión,S/D,S/D,Ninguna,Sin restricción
2018,5711,2018-08-21,Martes,0,21:30:00,,0.0,2,"Automóvil,Automóvil",COLECTORA ,3,1,0,0,2,0,0,"-32.66729, -60.79268",S/D,,TIMBÚES,San Lorenzo,Asfalto,Natural,XVII,Dentro,S/D,Ninguna,No existe,S/D,Bueno,Reducida,Nocturna,Buen Tiempo,De alcance,S/D,Colisión,Ninguna,Vertical,Ninguna,Sin restricción
2018,5712,2018-08-20,Lunes,0,16:50:00,,0.0,1,Automóvil,RUCCI 1000,2,2,0,0,0,0,0,"-32.7777, -60.90951",Calle,,LUIS PALACIOS,San Lorenzo,Tierra,Natural,XVII,S/D,Urbana,Ninguna,No existe,Intersección,Otro,Buena,Diurna,Buen Tiempo,Otro,S/D,Vuelco,Ninguna,Faltante,Ninguna,Sin restricción
2018,5713,2018-08-28,Martes,0,18:45:00,,0.0,2,"Automóvil,Moto/Ciclomotor",Galapeti Y San Martin,3,2,0,0,1,0,0,"-32.77084, -60.78143",Calle,,RICARDONE,San Lorenzo,Ripio,S/D,XVII,Dentro,Urbana,S/D,No existe,Intersección,Otro,Buena,Atardecer,Buen Tiempo,Lateral,S/D,Colisión,Ninguna,Faltante,Ninguna,S/D
2018,5715,2018-08-20,Lunes,0,06:40:00,,0.0,2,"Moto/Ciclomotor,Automóvil",Av. Corrientes Y Riobamba,3,1,0,0,2,0,0,"-32.96225,-60.646527777778",Calle,,ROSARIO,Rosario,S/D,S/D,II,S/D,Urbana,Señal Pare,S/D,Intersección,S/D,S/D,Amanecer,S/D,S/D,S/D,Colisión,S/D,S/D,S/D,S/D
2018,5716,2018-08-22,Miercoles,0,14:00:00,Ruta Nacional A012,57.0,3,"Camión Chasis,Camión c / Semirremolque,Camión c / Acoplado",Ruta Nacional A012 ,3,0,2,0,1,0,0,"-32.76686, -60.77661",Ruta,A012,RICARDONE,San Lorenzo,Asfalto,Natural,XVII,Dentro,Urbana,S/D,No existe,Recta,Bueno,Buena,Diurna,Buen Tiempo,"De alcance,Lateral",S/D,Colisión,Ninguna,Faltante,S/D,S/D
2018,5718,2018-08-31,Viernes,0,05:25:00,Ruta Nacional 33,760.0,2,"Camión c / Acoplado,Automóvil", ,4,2,0,0,1,0,1,"-33.01702, -61.02198",Ruta,33,PUJATO,San Lorenzo,Asfalto,Natural,XVII,Dentro,Rural,Ninguna,No existe,Recta,Bueno,Reducida,Nocturna,Lluvia,Lateral,S/D,Colisión,Agua,Faltante,Línea divisoria pintada,Sin restricción
2018,5719,2018-08-02,Jueves,0,22:40:00,,0.0,2,"Moto/Ciclomotor,Moto/Ciclomotor",E Lopez Y Piedras,3,3,0,0,0,0,0,"-30.315583333333,-61.246555555556",Calle,,SAN CRISTÓBAL,San Cristóbal,"Tierra,Ripio",Natural,XIII,Dentro,Urbana,Ninguna,No existe,Intersección,Deteriorada,Reducida,"Nocturna,Con luz artificial",Buen Tiempo,Lateral,S/D,Colisión,Ninguna,Faltante,Ninguna,Sin restricción
2018,5720,2018-07-08,Domingo,0,14:50:00,,0.0,2,"Moto/Ciclomotor,Pickup/Utilitario", ,2,0,1,0,1,0,0,"-32.471745014190674,-61.58482253551",S/D,,LAS ROSAS,Belgrano,Ripio,Natural,III,S/D,S/D,Ninguna,No existe,Intersección,Bueno,Buena,Diurna,Buen Tiempo,Lateral,S/D,Colisión,Ninguna,Faltante,Ninguna,Sin restricción
2018,5721,2018-07-11,Miercoles,0,19:05:00,,0.0,2,"Moto/Ciclomotor,Automóvil",Lavalle Y Sarmiento,2,1,0,0,1,0,0,"-32.477972222222,-61.576666666667",Calle,,LAS ROSAS,Belgrano,Hormigón,Pavimento,III,Dentro,Urbana,Ninguna,No existe,Intersección,Bueno,Buena,Diurna,Buen Tiempo,S/D,S/D,Colisión,Ninguna,Vertical,Cordón divisorio,Sin restricción
2018,5722,2018-07-16,Lunes,0,14:30:00,Ruta Nacional 9,0.0,2,"Moto/Ciclomotor,Pickup/Utilitario", ,2,0,1,0,1,0,0,"-32.774489076595, -61.602123822885",Ruta,9,ARMSTRONG,Belgrano,Asfalto,Pavimento,III,Dentro,Urbana,Ninguna,No existe,Recta,Bueno,Buena,Diurna,Buen Tiempo,Lateral,S/D,Colisión,Ninguna,Vertical,Ninguna,Sin restricción
2018,5724,2018-08-01,Miercoles,0,13:10:00,,0.0,2,"Moto/Ciclomotor,Pickup/Utilitario",J B Justo Y Ruta 2,3,1,0,0,2,0,0,"-30.31671, -61.22768",Avenida,,SAN CRISTÓBAL,San Cristóbal,Asfalto,No existe,XIII,Dentro,Urbana,Ninguna,Funciona,Recta,Bueno,Buena,Diurna,Buen Tiempo,De alcance,S/D,Colisión,Ninguna,"Horizontal,Vertical",Ninguna,Sin restricción
2018,5725,2018-08-10,Viernes,0,09:50:00,Ruta Provincial 39,0.0,1,Pickup/Utilitario,Ruta Provincial 39 ,2,2,0,0,0,0,0,"-30.29252, -61.2672",Ruta,39,SAN CRISTÓBAL,San Cristóbal,Ripio,Natural,XIII,Dentro,Rural,Ninguna,No existe,Recta,Bueno,Buena,Diurna,Buen Tiempo,S/D,S/D,Vuelco,Material Suelto,Faltante,Ninguna,Sin restricción
2018,5726,2018-08-18,Sabado,0,18:25:00,,0.0,2,"Peatón,Moto/Ciclomotor",Av. Pellegrini Y 1 de Mayo,3,2,0,0,1,0,0,"-32.958694444444,-60.632416666667",Avenida,,ROSARIO,Rosario,S/D,S/D,II,S/D,Urbana,Ninguna,S/D,Intersección,S/D,S/D,Atardecer,S/D,S/D,Peatón,Atropello,S/D,S/D,S/D,S/D
2018,5727,2018-08-19,Domingo,0,16:30:00,Ruta Nacional 34,332.0,1,Camión c / Acoplado, ,1,1,0,0,0,0,0,"-30.39245, -61.65077",Ruta,34,CURUPAITY,San Cristóbal,Asfalto,Natural,XIII,S/D,S/D,Ninguna,No existe,Recta,Bueno,Buena,Diurna,Buen Tiempo,S/D,S/D,Vuelco,Ninguna,Faltante,Línea divisoria pintada,Obra en Construcción
2018,5728,2018-07-09,Lunes,1,19:30:00,,0.0,2,"Moto/Ciclomotor,Automóvil",Solis Y French,2,0,1,0,1,0,0,"-32.921527777778,-60.704138888889",Calle,,ROSARIO,Rosario,Asfalto,No existe,II,Dentro,Urbana,Ninguna,No existe,Intersección,Bueno,Buena,Nocturna,Buen Tiempo,Otro,S/D,Colisión,Ninguna,Faltante,Ninguna,Sin restricción
2018,5729,2018-08-18,Sabado,0,22:45:00,,0.0,2,"Moto/Ciclomotor,Taxi/Remis",Alvear Y 3 De Febrero,2,1,0,0,1,0,0,"-32.949805555556,-60.656277777778",Calle,,ROSARIO,Rosario,S/D,S/D,II,S/D,Urbana,S/D,S/D,Intersección,S/D,S/D,Nocturna,S/D,S/D,S/D,Colisión,S/D,S/D,S/D,S/D
2018,5730,2018-08-08,Miercoles,0,11:20:00,,0.0,2,"Peatón,Automóvil",J.J.Paso Y Camilo Aldao,2,0,1,0,1,0,0,"-32.91975,-60.69675",Calle,,ROSARIO,Rosario,Asfalto,No existe,II,Dentro,Urbana,Ninguna,No existe,Intersección,Bueno,Buena,Diurna,Buen Tiempo,Lateral,Peatón,"Aplastamiento,Atropello",Ninguna,Faltante,Ninguna,S/D
2018,5731,2018-08-04,Sabado,0,22:40:00,Ruta Secundaria 93-s,0.0,1,Automóvil,Ruta provincial 93  s ,1,1,0,0,0,0,0,"-30.1139, -60.91002",Ruta,93-s,AGUARÁ GRANDE,San Cristóbal,Tierra,Natural,XIII,S/D,Rural,Ninguna,No existe,Recta,Con baches,Reducida polvo,Nocturna,Buen Tiempo,S/D,S/D,Caída ocupante,Agua,Faltante,Ninguna,Sin restricción
2018,5732,2018-08-16,Jueves,0,23:45:00,,0.0,2,"Moto/Ciclomotor,Automóvil",Pte.Roca Y Rueda,2,1,0,0,1,0,0,"-32.969805555556,-60.651333333333",Calle,,ROSARIO,Rosario,S/D,S/D,II,S/D,Urbana,S/D,S/D,Intersección,S/D,S/D,S/D,S/D,S/D,S/D,S/D,S/D,S/D,S/D,S/D
2018,5733,2018-08-12,Domingo,0,,,0.0,2,"Automóvil,Moto/Ciclomotor",Av. Sorrento Y Av. Provincias Unidas,2,1,0,0,1,0,0,"-32.907833333333,-60.714027777778",Avenida,,ROSARIO,Rosario,Asfalto,No existe,II,Dentro,Urbana,Ninguna,No existe,Recta,Bueno,Buena,Diurna,Buen Tiempo,Otro,S/D,Colisión,Ninguna,Faltante,Ninguna,S/D
2018,5734,2018-08-06,Lunes,0,18:45:00,,0.0,1,Moto/Ciclomotor,Pueyrredon 1900,1,0,1,0,0,0,0,"-30.30999, -61.23207",Calle,,SAN CRISTÓBAL,San Cristóbal,Asfalto,No existe,XIII,S/D,Urbana,Ninguna,No existe,Recta,Bueno,Buena,Nocturna,Buen Tiempo,S/D,S/D,Caída ocupante,Ninguna,Faltante,Ninguna,Sin restricción
2018,5735,2018-08-06,Lunes,0,17:55:00,,0.0,2,"Automóvil,Moto/Ciclomotor",Piedras Y Gral Alvear,2,1,0,0,1,0,0,"-30.3088, -61.24477",Calle,,SAN CRISTÓBAL,San Cristóbal,Tierra,No existe,XIII,S/D,Urbana,Ninguna,No existe,Intersección,Bueno,Buena,Diurna,Buen Tiempo,Lateral,S/D,Colisión,Ninguna,Faltante,Ninguna,Sin restricción
2018,5736,2018-08-15,Miercoles,0,18:20:00,,0.0,2,"Peatón,Moto/Ciclomotor",Entre Rios 2800,3,3,0,0,0,0,0,"-32.969416666667,-60.646861111111",Calle,,ROSARIO,Rosario,S/D,S/D,II,S/D,Urbana,S/D,S/D,Recta,S/D,S/D,S/D,S/D,S/D,Peatón,Atropello,S/D,S/D,S/D,S/D
2018,5737,2018-08-11,Sabado,0,06:30:00,Ruta Secundaria 61-s,0.0,2,"Tractor,Moto/Ciclomotor", ,3,0,1,0,2,0,0,"-30.6253, -60.93017",Ruta,61-s,SOLEDAD,San Cristóbal,Asfalto,Natural,XIII,Dentro,Rural,Ninguna,No existe,Recta,Bueno,Reducida,Nocturna,Buen Tiempo,De alcance,S/D,Colisión,Ninguna,Faltante,Línea divisoria pintada,Sin restricción
2018,5738,2018-08-11,Sabado,0,18:30:00,,0.0,2,"Automóvil,Moto/Ciclomotor",De Angelis Bis Y Pje. Franklin,2,0,1,0,1,0,0,"-32.917416666667,-60.698972222222",S/D,,ROSARIO,Rosario,Asfalto,No existe,II,Dentro,Urbana,Ninguna,No existe,Intersección,Bueno,Buena,Atardecer,Buen Tiempo,S/D,S/D,S/D,Ninguna,Faltante,Ninguna,S/D
2018,5739,2018-08-18,Sabado,0,05:50:00,,0.0,1,Automóvil,Bv. Oro?o Y Catamarca,2,1,0,0,1,0,0,"-32.937916666667,-60.651694444444",Calle,,ROSARIO,Rosario,S/D,S/D,II,S/D,Urbana,S/D,S/D,Intersección,S/D,S/D,Amanecer,S/D,Contra objeto fijo,S/D,Colisión,S/D,S/D,S/D,S/D
2018,5740,2018-08-03,Viernes,0,18:30:00,,0.0,2,"Moto/Ciclomotor,Moto/Ciclomotor",Gobernador Aldao Y Av Blas Parera,2,1,1,0,0,0,0,"-29.8838, -61.9411",Avenida,,CERES,San Cristóbal,Hormigón,No existe,XIII,S/D,Urbana,Ninguna,No existe,Intersección,Bueno,Buena,Atardecer,Buen Tiempo,Frontal,S/D,Colisión,Ninguna,Faltante,Cordón divisorio,Sin restricción
2018,5741,2018-08-03,Viernes,0,10:00:00,,0.0,2,"Moto/Ciclomotor,Bicicleta",Av. Genova 2300,2,1,0,0,1,0,0,"-32.915361111111,-60.691916666667",Avenida,,ROSARIO,Rosario,Asfalto,Pavimento,II,Dentro,Urbana,Ninguna,No existe,Intersección,Bueno,Buena,Diurna,Buen Tiempo,Lateral,Ciclista,Atropello,Ninguna,Faltante,Ninguna,Sin restricción
2018,5742,2018-08-15,Miercoles,0,22:10:00,,0.0,2,"Automóvil,Moto/Ciclomotor",Bv. Oro?o Y Cochabamba,2,1,0,0,1,0,0,"-32.955722222222,-60.656444444444",Calle,,ROSARIO,Rosario,S/D,S/D,II,S/D,Urbana,S/D,S/D,Intersección,S/D,S/D,Nocturna,S/D,S/D,S/D,Colisión,S/D,S/D,S/D,S/D
2018,5743,2018-08-02,Jueves,0,18:45:00,,0.0,2,"Automóvil,Moto/Ciclomotor",Av Milano Y Leandro Alem,2,1,0,0,1,0,0,"-29.87621, -61.94649",Avenida,,CERES,San Cristóbal,Asfalto,Natural,XIII,Dentro,Urbana,Ninguna,No existe,Intersección,Bueno,Buena,Diurna,Buen Tiempo,Lateral,S/D,Colisión,Ninguna,Vertical,Ninguna,Sin restricción
2018,5744,2018-08-17,Viernes,0,11:00:00,,0.0,2,"Pickup/Utilitario,Moto/Ciclomotor",Entre Rios 2500,2,1,0,0,1,0,0,"-32.965944444444,-60.646",Calle,,ROSARIO,Rosario,S/D,S/D,II,S/D,Urbana,S/D,S/D,Recta,S/D,S/D,S/D,S/D,S/D,S/D,Colisión,S/D,S/D,S/D,S/D
2018,5745,2018-08-04,Sabado,0,16:50:00,,0.0,2,"Moto/Ciclomotor,Automóvil",Jose Ingenieros Y Olavarria Bis,2,1,0,0,1,0,0,"-32.916833333333,-60.7045",Calle,,ROSARIO,Rosario,Asfalto,No existe,II,Dentro,Urbana,Ninguna,No existe,Recta,Bueno,Reducida p/ objetos,Diurna,Buen Tiempo,Lateral,S/D,Atropello,Ninguna,Faltante,Ninguna,Sin restricción
2018,5746,2018-08-20,Lunes,0,17:25:00,,0.0,2,"Moto/Ciclomotor,Automóvil",J B Justo Y Sarmiento,2,1,0,0,1,0,0,"-30.31437, -61.24065",Calle,,SAN CRISTÓBAL,San Cristóbal,Asfalto,No existe,XIII,S/D,Urbana,Ninguna,No existe,Intersección,Bueno,Buena,Diurna,Buen Tiempo,Lateral,S/D,Colisión,Ninguna,Faltante,Ninguna,Sin restricción
2018,5747,2018-08-04,Sabado,0,16:50:00,,0.0,2,"Automóvil,Moto/Ciclomotor",Pje. Pelayo Y Mariano Cabal Bis,3,2,0,0,1,0,0,"-32.919333333333,-60.702638888889",S/D,,ROSARIO,Rosario,Asfalto,Pavimento,II,S/D,S/D,Ninguna,No existe,Intersección,Bueno,Buena,Diurna,Buen Tiempo,Lateral,S/D,Atropello,Ninguna,Faltante,Ninguna,Sin restricción
2018,5748,2018-08-17,Viernes,0,12:10:00,,0.0,2,"Moto/Ciclomotor,Pickup/Utilitario",Paraguay Y Rueda,3,1,0,0,2,0,0,"-32.970027777778,-60.649944444444",Calle,,ROSARIO,Rosario,S/D,S/D,II,S/D,Urbana,S/D,S/D,Intersección,S/D,S/D,Diurna,S/D,S/D,S/D,Colisión,S/D,S/D,S/D,S/D
2018,5749,2018-08-22,Miercoles,0,14:50:00,Ruta Nacional 34,381.8,3,"Automóvil,Camión Chasis,Camión Chasis",Ruta  NAC 34 / Corrientes ,4,1,0,0,3,0,0,"-29.92595, -61.90531",Ruta,34,CERES,San Cristóbal,Asfalto,Natural,XIII,Dentro,S/D,Otra Señal,No existe,Recta,Otro,Buena,Diurna,Buen Tiempo,De alcance,S/D,Colisión,Otro,Horizontal,Línea divisoria pintada,Reparación de Vía