anio_acci,nro_acci,fecha,desc_dia,fecha_aprox,hora_aprox,desc_ruta,km,cant_participantes,desc_participante,calle_avenida_km,total,heridos_leves,heridos_graves,heridos_gravisimos,ilesos,fallecidos,sin_datos,posicion_XY,desc_tipo_via,desc_ruta_ori,desc_loc,desc_dpto,desc_tipo_calzada,desc_tipo_banquina,desc_unidad_regional,desc_lugar_calzada,desc_zona,desc_prioridad,desc_estado_semaforo,desc_lugar_via,desc_estado_via,desc_estado_visibilidad,desc_luminosidad,desc_estado_clima,desc_tipo_colision,desc_tipo_atropello,desc_tipo_hecho,desc_pres_calzada,desc_senializacion,desc_separacion_via,desc_restriccion
2018,5750,2018-08-17,Viernes,0,08:45:00,,0.0,2,"Moto/Ciclomotor,Pickup/Utilitario",Bv. Oro?o Y Av. Lugones,2,1,0,0,1,0,0,"-32.958166666667,-60.656944444444",Calle,,ROSARIO,Rosario,S/D,S/D,II,S/D,Urbana,S/D,S/D,Intersección,Bueno,S/D,Diurna,S/D,S/D,S/D,Colisión,S/D,S/D,S/D,S/D
2018,5751,2018-08-15,Miercoles,0,08:15:00,,0.0,2,"Moto/Ciclomotor,Moto/Ciclomotor",Av. Pellegrini Y Av. Ovidio Lagos,2,2,0,0,0,0,0,"-32.953,-60.664166666667",Avenida,,ROSARIO,Rosario,S/D,S/D,II,S/D,Urbana,S/D,S/D,Intersección,S/D,S/D,Diurna,S/D,S/D,S/D,Colisión,S/D,S/D,S/D,S/D
2018,5752,2018-08-13,Lunes,0,12:35:00,,0.0,1,Transporte de Pasajeros Urbano (> 8 asientos),J.M.de Rosas Y Pasco,1,1,0,0,0,0,0,"-32.960805555556,-60.634583333333",Calle,,ROSARIO,Rosario,S/D,S/D,II,S/D,Urbana,S/D,S/D,Intersección,S/D,S/D,Diurna,S/D,S/D,S/D,Caída ocupante,S/D,S/D,S/D,S/D
2018,5753,2018-08-10,Viernes,0,18:30:00,,0.0,2,"Taxi/Remis,Moto/Ciclomotor",La Republica Y Barra,2,0,1,0,1,0,0,"-32.918388888889,-60.708027777778",Calle,,ROSARIO,Rosario,Asfalto,Pavimento,II,Dentro,Urbana,Ninguna,No existe,Intersección,Bueno,Buena,Atardecer,Buen Tiempo,Otro,S/D,Atropello,Ninguna,Faltante,Ninguna,Sin restricción
2018,5754,2018-08-13,Lunes,0,12:40:00,Ruta Provincial 13,4.0,2,"Moto/Ciclomotor,Camión Chasis",Ruta 13 Y Alberdi,2,1,0,0,1,0,0,"-30.31785, -61.22792",Ruta,13,SAN CRISTÓBAL,San Cristóbal,Asfalto,Natural,XIII,Dentro,Urbana,Ninguna,No existe,Intersección,Bueno,Buena,Diurna,Buen Tiempo,Lateral,S/D,Colisión,Ninguna,Faltante,Ninguna,Sin restricción
2018,5755,2018-08-13,Lunes,0,16:15:00,,0.0,2,"Moto/Ciclomotor,Automóvil",L.N.Alem Y Montevideo,3,2,0,0,1,0,0,"-32.957888888889,-60.63075",Calle,,ROSARIO,Rosario,S/D,S/D,II,S/D,Urbana,Ninguna,No existe,Intersección,S/D,S/D,Diurna,S/D,S/D,S/D,S/D,S/D,Faltante,S/D,S/D
2018,5756,2018-08-10,Viernes,0,20:30:00,,0.0,3,"Bicicleta,Automóvil,Automóvil",J.J.Paso Y Garzon,3,1,0,0,2,0,0,"-32.92,-60.706166666667",Calle,,ROSARIO,Rosario,Asfalto,No existe,II,Dentro,Urbana,S/D,No existe,Intersección,Bueno,Buena,Nocturna,Buen Tiempo,Múltiple,Ciclista,Atropello,Ninguna,Faltante,Ninguna,Sin restricción
2018,5758,2018-08-12,Domingo,0,02:30:00,,0.0,2,"Automóvil,Moto/Ciclomotor",Espa?a Y Mendoza,2,0,1,0,1,0,0,"-32.950027777778,-60.647805555556",Calle,,ROSARIO,Rosario,S/D,S/D,II,S/D,Urbana,S/D,S/D,Intersección,S/D,S/D,Nocturna,S/D,S/D,S/D,Colisión,S/D,S/D,S/D,S/D
2018,5759,2018-08-25,Sabado,0,12:30:00,,0.0,2,"Automóvil,Moto/Ciclomotor",J.J.Paso Y Av. Provincias Unidas,3,2,0,0,1,0,0,"-32.920138888889,-60.714027777778",Avenida,,ROSARIO,Rosario,Asfalto,No existe,II,Dentro,Urbana,Ninguna,No existe,Rotonda,Bueno,Buena,Diurna,Buen Tiempo,De alcance,S/D,Colisión,Ninguna,Faltante,Ninguna,Sin restricción
2018,5760,2018-08-16,Jueves,0,17:00:00,,0.0,2,"Automóvil,Moto/Ciclomotor",Dr.Victor Cue Bis Y Jose Ingenieros,3,1,0,0,2,0,0,"-32.916611111111,-60.697194444444",Calle,,ROSARIO,Rosario,Asfalto,No existe,II,Dentro,Urbana,Ninguna,No existe,Intersección,Bueno,Buena,Diurna,Buen Tiempo,Lateral,S/D,Colisión,Ninguna,Faltante,Ninguna,Sin restricción
2018,5761,2018-08-23,Jueves,0,19:00:00,,0.0,2,"Peatón,Moto/Ciclomotor",J.B.Justo Y Ottone Bis,2,1,0,0,1,0,0,"-32.914555555556,-60.701055555556",Calle,,ROSARIO,Rosario,Asfalto,No existe,II,Dentro,Urbana,Ninguna,No existe,Intersección,Bueno,Buena,Atardecer,Buen Tiempo,Frontal,Peatón,Atropello,Ninguna,Faltante,Ninguna,Sin restricción
2018,5762,2018-08-14,Martes,0,09:00:00,,0.0,2,"Pickup/Utilitario,Bicicleta",Boulevard Centenario Y Nicasio Oro?o,2,1,0,0,1,0,0,"-32.81519, -61.3892",Calle,,CAÑADA DE GÓMEZ,Iriondo,Asfalto,No existe,X,Dentro,Urbana,Ninguna,No existe,Intersección,Bueno,Buena,Diurna,Buen Tiempo,Lateral,S/D,Colisión,S/D,Faltante,Ninguna,Sin restricción
2018,5763,2018-08-16,Jueves,0,21:20:00,,0.0,2,"Peatón,Transporte de Pasajeros Urbano (> 8 asientos)",J.J.Paso Y Solis Bis,3,1,0,0,2,0,0,"-32.919944444444,-60.704194444444",Calle,,ROSARIO,Rosario,Asfalto,No existe,II,Dentro,Urbana,Semáforo,Funciona,Intersección,Bueno,Buena,Con luz artificial,Buen Tiempo,Frontal,Peatón,Atropello,Ninguna,Faltante,Ninguna,Sin restricción
2018,5764,2018-08-22,Miercoles,0,16:55:00,,0.0,2,"Peatón,Moto/Ciclomotor",J.J.Paso Y P.L.Funes,2,1,0,0,1,0,0,"-32.919888888889,-60.702",S/D,,ROSARIO,Rosario,Asfalto,No existe,II,Dentro,Urbana,Ninguna,No existe,Intersección,Bueno,Buena,Diurna,Buen Tiempo,Frontal,Peatón,Atropello,Ninguna,Faltante,Ninguna,Sin restricción
2018,5765,2018-08-14,Martes,0,17:50:00,,0.0,1,Pickup/Utilitario,Sarmiento Y Rivadavia,1,1,0,0,0,0,0,"-32.818388888889,-61.391444444444",Calle,,CAÑADA DE GÓMEZ,Iriondo,Asfalto,No existe,X,Dentro,Urbana,Ninguna,No existe,Intersección,Bueno,Buena,Diurna,Buen Tiempo,Frontal,S/D,Colisión,Otro,Vertical,Ninguna,Sin restricción
2018,5766,2018-08-13,Lunes,0,23:45:00,,0.0,2,"Automóvil,Moto/Ciclomotor",Garzon Bis 1200,2,1,0,0,1,0,0,"-32.914722222222,-60.706361111111",Calle,,ROSARIO,Rosario,Hormigón,No existe,II,S/D,Urbana,S/D,No existe,Recta,Bueno,Buena,Nocturna,Buen Tiempo,Lateral,S/D,Colisión,Ninguna,Faltante,Ninguna,S/D
2018,5767,2018-08-30,Jueves,0,13:25:00,,0.0,2,"Moto/Ciclomotor,Moto/Ciclomotor",J.J.Paso Y Colombia,2,1,0,0,1,0,0,"-32.920444444444,-60.717027777778",Avenida,,ROSARIO,Rosario,Asfalto,No existe,II,Dentro,Urbana,Ninguna,No existe,Intersección,Bueno,Buena,Diurna,Buen Tiempo,Otro,S/D,Colisión,Ninguna,Faltante,Ninguna,Sin restricción
2018,5768,2018-08-16,Jueves,0,08:50:00,,0.0,2,"Automóvil,Moto/Ciclomotor",Necochea Y Sarmiento,2,1,0,0,1,0,0,"-32.816055555556,-61.390888888889",Calle,,CAÑADA DE GÓMEZ,Iriondo,Asfalto,No existe,X,Dentro,Urbana,Ninguna,No existe,Intersección,Bueno,Buena,Diurna,Buen Tiempo,Frontal,S/D,Colisión,Otro,Vertical,Ninguna,Sin restricción
2018,5769,2018-08-28,Martes,0,,,0.0,2,"Peatón,Moto/Ciclomotor",Av. Genova 6458,2,1,0,0,1,0,0,"-32.915944444444,-60.710888888889",Avenida,,ROSARIO,Rosario,Asfalto,No existe,II,Dentro,Urbana,Ninguna,No existe,Recta,Bueno,Buena,Diurna,Buen Tiempo,S/D,Peatón,Atropello,Ninguna,Faltante,Ninguna,Sin restricción
2018,5770,2018-08-27,Lunes,0,15:30:00,,0.0,2,"Moto/Ciclomotor,Automóvil",Pte.Roca Y Bv. Segui,2,1,0,0,1,0,0,"-32.977777777778,-60.653305555556",Calle,,ROSARIO,Rosario,Asfalto,No existe,II,Dentro,Urbana,Ninguna,No existe,Intersección,Bueno,Buena,Diurna,Buen Tiempo,Lateral,S/D,Colisión,Ninguna,Faltante,Ninguna,Sin restricción
2018,5771,2018-08-16,Jueves,0,11:45:00,,0.0,2,"Automóvil,Automóvil",Quintana Y Bv Centenario B,2,1,0,0,1,0,0,"-32.813416666667,-61.399444444444",Avenida,,CAÑADA DE GÓMEZ,Iriondo,Asfalto,Pavimento,X,Dentro,Urbana,S/D,No existe,Intersección,Bueno,Buena,Diurna,Buen Tiempo,Lateral,S/D,Colisión,Ninguna,Vertical,Ninguna,Sin restricción
2018,5772,2018-08-28,Martes,0,09:50:00,,0.0,1,Moto/Ciclomotor,Olavarria Bis Y Pje. Pelayo,2,1,0,0,1,0,0,"-32.919388888889,-60.704388888889",Calle,,ROSARIO,Rosario,Asfalto,No existe,II,Dentro,Urbana,S/D,No existe,Intersección,Bueno,Buena,Diurna,Buen Tiempo,De alcance,S/D,Colisión,Ninguna,Faltante,Ninguna,Sin restricción
2018,5773,2018-08-26,Domingo,0,20:00:00,,0.0,2,"Moto/Ciclomotor,Automóvil",San Martin Y Platon,2,0,1,0,1,0,0,"-33.020027777778,-60.653111111111",Calle,,ROSARIO,Rosario,Asfalto,No existe,II,Dentro,Urbana,Ninguna,Funciona,Intersección,Bueno,Buena,Nocturna,Buen Tiempo,Lateral,S/D,Colisión,Ninguna,Vertical,Ninguna,Sin restricción
2018,5775,2018-08-14,Martes,0,12:45:00,,0.0,2,"Automóvil,Peatón",Bv. Rondeau Y Matheu,2,0,1,0,1,0,0,"-32.888444444444,-60.694444444444",Calle,,ROSARIO,Rosario,Asfalto,No existe,II,Dentro,Urbana,Semáforo,Funciona,Intersección,Bueno,Buena,Diurna,Buen Tiempo,Lateral,Peatón,Atropello,S/D,Horizontal,Ninguna,Sin restricción
2018,5776,2018-08-15,Miercoles,0,,,0.0,2,"Automóvil,Moto/Ciclomotor",Martin Fierro Y Bv. Rondeau,3,2,0,0,1,0,0,"-32.87775,-60.697722222222",Calle,,ROSARIO,Rosario,Asfalto,No existe,II,Dentro,Urbana,Semáforo,Funciona,Intersección,Bueno,Buena,Diurna,Buen Tiempo,Frontal,S/D,Colisión,Ninguna,Vertical,Ninguna,Sin restricción
2018,5777,2018-08-27,Lunes,0,17:20:00,,0.0,2,"Bicicleta,Peatón",El Mangrullo Y Plutarco Bis,2,0,1,0,0,0,1,"-32.998527777778,-60.614944444444",Calle,,ROSARIO,Rosario,Tierra,Natural,II,S/D,Urbana,Ninguna,No existe,Intersección,Bueno,Buena,Diurna,Buen Tiempo,De alcance,"Ciclista,Peatón",Atropello,Ninguna,Faltante,Ninguna,Sin restricción
2018,5778,2018-08-26,Domingo,0,14:35:00,,0.0,2,"Automóvil,Moto/Ciclomotor",Yapeyu Y Tierra del Fuego,3,2,0,0,1,0,0,"-32.879111111111,-60.6995",Calle,,ROSARIO,Rosario,Asfalto,No existe,II,Dentro,Urbana,Ninguna,No existe,Intersección,Bueno,Buena,Diurna,Buen Tiempo,Frontal,S/D,Colisión,Ninguna,Faltante,Ninguna,Sin restricción
2018,5779,2018-08-22,Miercoles,0,14:40:00,,0.0,2,"Automóvil,Moto/Ciclomotor",Espa?a Y Rivadavia,2,1,0,0,1,0,0,"-32.818138888889,-61.392833333333",Calle,,CAÑADA DE GÓMEZ,Iriondo,Asfalto,No existe,X,Dentro,Urbana,Ninguna,No existe,Intersección,Bueno,Buena,Diurna,Buen Tiempo,Frontal,S/D,Colisión,Otro,Vertical,Ninguna,Sin restricción
2018,5780,2018-08-27,Lunes,0,,,0.0,2,"Automóvil,Moto/Ciclomotor",San Martin Y Ocampo,2,0,1,0,1,0,0,"-32.818555555556,-61.397805555556",Calle,,CAÑADA DE GÓMEZ,Iriondo,Asfalto,No existe,X,Dentro,Urbana,Semáforo,Funciona,Intersección,Bueno,Buena,Diurna,Buen Tiempo,Lateral,S/D,Colisión,S/D,Vertical,Ninguna,Sin restricción
2018,5781,2018-08-22,Miercoles,0,21:20:00,,0.0,2,"Moto/Ciclomotor,Automóvil",Bv. Oro?o Y Ameghino,2,1,0,0,1,0,0,"-32.984416666667,-60.663444444444",Calle,,ROSARIO,Rosario,Asfalto,No existe,II,S/D,Urbana,Semáforo,Funciona,Intersección,Bueno,Buena,Nocturna,Buen Tiempo,De alcance,S/D,Atropello,Ninguna,"Horizontal,Vertical",Ninguna,Sin restricción
2018,5782,2018-08-22,Miercoles,0,17:00:00,,0.0,2,"Automóvil,Moto/Ciclomotor",Paraguay Y Amenabar,3,0,0,0,2,0,1,"-32.971194444444,-60.650222222222",Calle,,ROSARIO,Rosario,S/D,S/D,II,S/D,Urbana,S/D,S/D,S/D,S/D,S/D,S/D,S/D,S/D,S/D,S/D,S/D,S/D,S/D,S/D
2018,5783,2018-03-16,Viernes,0,17:15:00,,0.0,2,"Moto/Ciclomotor,Moto/Ciclomotor",Calle 12 Y Calle 13,2,2,0,0,0,0,0,"-28.357640,-59.257501",Calle,,LAS TOSCAS,General Obligado,S/D,S/D,IX,Dentro,Urbana,S/D,S/D,Intersección,S/D,S/D,S/D,S/D,Lateral,S/D,Colisión,S/D,S/D,S/D,S/D
2018,5784,2018-03-16,Viernes,0,21:50:00,Ruta Nacional 9,372.0,1,Moto/Ciclomotor, ,1,0,1,0,0,0,0,"-32.820486,-61.335770",Ruta,9,CAÑADA DE GÓMEZ,Iriondo,Asfalto,Natural,X,Dentro,Rural,Ninguna,No existe,Recta,Bueno,Buena,S/D,Buen Tiempo,S/D,S/D,Caída ocupante,Ninguna,S/D,Línea divisoria pintada,Sin restricción
2018,5785,2018-03-16,Viernes,0,12:50:00,,0.0,2,"Moto/Ciclomotor,Automóvil",Suipacha Y Derqui,2,1,0,0,1,0,0,"-32.811194444444,-61.396666666667",Calle,,CAÑADA DE GÓMEZ,Iriondo,Asfalto,No existe,X,Dentro,Urbana,Ninguna,No existe,Intersección,S/D,S/D,Diurna,Buen Tiempo,Lateral,S/D,Colisión,S/D,Faltante,Ninguna,S/D
2018,5786,2018-03-21,Miercoles,0,,,0.0,2,"Moto/Ciclomotor,Automóvil",Santa Fe Y Fraga,4,2,0,0,2,0,0,"-32.935638888889,-60.710444444444",Calle,,ROSARIO,Rosario,Asfalto,No existe,II,Dentro,Urbana,Ninguna,No existe,Intersección,Bueno,S/D,S/D,Buen Tiempo,Lateral,S/D,Colisión,Ninguna,Faltante,Ninguna,Sin restricción
2018,5787,2018-03-21,Miercoles,0,,,0.0,2,"Automóvil,Moto/Ciclomotor",Anchorena Y Sarmiento,2,1,0,0,1,0,0,"-32.997777777778,-60.649138888889",Calle,,ROSARIO,Rosario,Asfalto,No existe,II,Dentro,Urbana,Ninguna,No existe,Intersección,Bueno,Buena,S/D,Buen Tiempo,Lateral,S/D,Colisión,Ninguna,Faltante,Ninguna,Sin restricción
2018,5788,2018-07-01,Domingo,0,18:30:00,Ruta Nacional 178,172.0,2,"Automóvil,Moto/Ciclomotor", ,4,0,1,1,2,0,0,"-32.784077168629, -61.545950627888",Ruta,178,ARMSTRONG,Belgrano,Asfalto,Natural,III,S/D,Rural,Ninguna,No existe,Rotonda,Con baches,Reducida,Atardecer,Buen Tiempo,Lateral,S/D,Colisión,Ninguna,Vertical,Ninguna,Sin restricción
2018,5789,2018-07-30,Lunes,0,22:00:00,,0.0,2,"Automóvil,Moto/Ciclomotor",Pio Domingo Chiodi Y Jose Cuffia,2,0,1,0,1,0,0,"-32.776136086243, -61.601023238687",Calle,,ARMSTRONG,Belgrano,Asfalto,Natural,III,S/D,Urbana,Ninguna,No existe,Intersección,Bueno,Buena,Nocturna,Buen Tiempo,Lateral,S/D,Colisión,Ninguna,Vertical,Ninguna,Sin restricción
2018,5790,2018-07-25,Miercoles,0,09:00:00,Ruta Nacional 178,0.0,2,"Automóvil,Bicicleta",Calle 27 Y Calle 10,2,1,0,0,1,0,0,"-32.678357228426, -61.527922930997",Ruta,178,LAS PAREJAS,Belgrano,Hormigón,Natural,III,S/D,Urbana,Ninguna,No existe,Intersección,S/D,Reducida,Diurna,Otro,S/D,Ciclista,Atropello,Agua,Vertical,Línea divisoria pintada,Desvío Provisorio
2018,5791,2018-07-10,Martes,0,16:55:00,,0.0,1,Moto/Ciclomotor,Avenida 21 Y Calle 22,1,1,0,0,0,0,0,"-32.678185567049, -61.517859282773",Avenida,,LAS PAREJAS,Belgrano,Asfalto,Natural,III,Dentro,Urbana,Ninguna,No existe,Intersección,Bueno,Buena,Diurna,Buen Tiempo,Atropello animal,S/D,Colisión,Ninguna,Faltante,Vegetación,Sin restricción
2018,5792,2018-04-01,Domingo,0,,Ruta Nacional 11,0.0,1,Moto/Ciclomotor,Avenida Nuestra Se?ora del Luj 4700,1,0,1,0,0,0,0,"-31.685966448381, -60.779293329854",Ruta,11,SANTO TOMÉ,La Capital,Asfalto,No existe,I,Dentro,Urbana,Ninguna,No existe,Recta,S/D,S/D,S/D,S/D,S/D,S/D,Caída ocupante,S/D,Faltante,Ninguna,Sin restricción
2018,5793,2018-07-09,Lunes,0,17:00:00,,0.0,1,Moto/Ciclomotor, ,1,0,1,0,0,0,0,"-32.685033313319, -61.507610122877",S/D,,LAS PAREJAS,Belgrano,Tierra,No existe,III,S/D,Rural,Ninguna,No existe,Otro,Bueno,Reducida polvo,Atardecer,Buen Tiempo,S/D,S/D,Caída ocupante,Ninguna,Faltante,Ninguna,Sin restricción
2018,5794,2018-07-11,Miercoles,0,13:30:00,,0.0,2,"Moto/Ciclomotor,Moto/Ciclomotor",Calle 6 813,2,0,1,0,0,0,1,"-32.685681536049, -61.527968836953",Calle,,LAS PAREJAS,Belgrano,Hormigón,No existe,III,Dentro,Urbana,Ninguna,No existe,Recta,Bueno,Buena,Diurna,Buen Tiempo,Lateral,S/D,Colisión,Ninguna,Vertical,Ninguna,Sin restricción
2018,5795,2018-04-01,Domingo,0,,Ruta Nacional A007,0.0,2,"Peatón,Automóvil",Av Circunvalaci?n Y Mendoza,2,0,1,0,1,0,0,"-31.641305555556,-60.740305555556",Ruta,A007,SANTA FE,La Capital,Asfalto,Natural,I,Dentro,Urbana,S/D,No existe,Recta,S/D,S/D,S/D,S/D,S/D,Peatón,Atropello,S/D,Faltante,Guardarrail,Sin restricción
2018,5796,2018-07-19,Jueves,0,17:15:00,Ruta Nacional 178,0.0,2,"Automóvil,Moto/Ciclomotor",Calle 10 1000,2,1,0,0,1,0,0,"-32.689479544014, -61.522175265481",Ruta,178,LAS PAREJAS,Belgrano,Asfalto,Pavimento,III,Fuera,Urbana,Semáforo,Funciona,Recta,Con baches,Buena,Diurna,Buen Tiempo,Lateral,S/D,Colisión,Ninguna,Vertical,Ninguna,Sin restricción
2018,5797,2018-04-20,Viernes,0,,,0.0,2,"Automóvil,Automóvil",Benito Juarez Y Italia,3,1,0,0,2,0,0,"-32.993249, -60.659461",Calle,,ROSARIO,Rosario,Asfalto,No existe,II,Dentro,Urbana,Ninguna,No existe,Intersección,Con baches,Buena,S/D,Buen Tiempo,Lateral,S/D,Colisión,S/D,Faltante,Ninguna,Sin restricción
2018,5798,2018-04-01,Domingo,0,,,0.0,2,"Peatón,Automóvil",Necochea Y Juan Del Campillo,2,1,0,0,1,0,0,"-31.631944444444,-60.69275",Calle,,SANTA FE,La Capital,Hormigón,No existe,I,Dentro,Urbana,Ninguna,No existe,Intersección,S/D,S/D,Nocturna,S/D,S/D,Peatón,Atropello,S/D,Faltante,Ninguna,Sin restricción
2018,5799,2018-04-05,Jueves,0,,,0.0,2,"Bicicleta,Moto/Ciclomotor",Juan de Garay Y Urquiza,2,1,0,0,0,0,1,"-29.454777777778,-60.218388888889",Calle,,VERA,Vera,Asfalto,No existe,X,S/D,Urbana,S/D,S/D,Intersección,S/D,S/D,S/D,S/D,S/D,Ciclista,Atropello,S/D,S/D,S/D,S/D
2018,5800,2018-04-01,Domingo,0,10:50:00,,0.0,2,"Automóvil,Automóvil",Av. Arijon Y Av. Bermudez,4,1,0,0,3,0,0,"-33.002833333333,-60.642555555556",Avenida,,ROSARIO,Rosario,Asfalto,No existe,II,Dentro,Urbana,Ninguna,No existe,Intersección,S/D,S/D,Diurna,S/D,Lateral,S/D,Colisión,S/D,Faltante,Ninguna,Sin restricción
2018,5801,2018-04-06,Viernes,0,11:30:00,,0.0,2,"Moto/Ciclomotor,Pickup/Utilitario",Av Lopez y Planes Y Luciano Molinas,5,3,0,0,2,0,0,"-31.629333333333,-60.713944444444",Calle,,SANTA FE,La Capital,S/D,No existe,I,S/D,Urbana,S/D,S/D,Intersección,S/D,S/D,Diurna,S/D,S/D,S/D,Colisión,S/D,S/D,S/D,S/D
2018,5802,2018-04-19,Jueves,0,10:20:00,Ruta Nacional 178,0.0,2,"Moto/Ciclomotor,Camión c / Semirremolque",Ruta 178 Y Avenida 21,3,1,0,0,1,1,0,"-32.68133,-61.52649",Ruta,178,LAS PAREJAS,Belgrano,Asfalto,Ripio,III,Dentro,Urbana,Semáforo,Funciona,Intersección,Bueno,Buena,Diurna,Buen Tiempo,De alcance,S/D,Colisión,Ninguna,Vertical,"Línea divisoria pintada,Ninguna",Sin restricción
2018,5803,2018-04-06,Viernes,0,21:45:00,,0.0,2,"Moto/Ciclomotor,Bicicleta",Bv. 27 De Febrero Y Italia,2,1,0,0,0,0,1,"-32.966,-60.65325",Calle,,ROSARIO,Rosario,Asfalto,No existe,II,S/D,Urbana,S/D,S/D,Intersección,S/D,S/D,Nocturna,S/D,S/D,Ciclista,Atropello,S/D,S/D,S/D,S/D
2018,5804,2018-04-21,Sabado,0,,,0.0,2,"Moto/Ciclomotor,Pickup/Utilitario",Paso Y San Lorenzo,2,1,0,0,1,0,0,"-33.116558, -61.710873",Calle,,SAN JOSÉDE LA ESQUINA,Caseros,Hormigón,No existe,IV,Dentro,Urbana,Ninguna,No existe,Intersección,Bueno,Buena,S/D,Buen Tiempo,S/D,S/D,Colisión,S/D,Faltante,Ninguna,Sin restricción
2018,5805,2018-04-06,Viernes,0,,,0.0,2,"Automóvil,Moto/Ciclomotor",Suipacha Av Y Juan B Justo,2,1,0,0,1,0,0,"-31.258194444444,-61.500027777778",Calle,,RAFAELA,Castellanos,Asfalto,No existe,V,S/D,Urbana,S/D,S/D,Intersección,S/D,S/D,S/D,S/D,S/D,S/D,Colisión,S/D,S/D,S/D,S/D
2018,5806,2018-04-06,Viernes,0,,,0.0,2,"Automóvil,Moto/Ciclomotor", ,2,1,0,0,1,0,0,"-31.451683265611, -60.928192957710",S/D,,ESPERANZA,Las Colonias,S/D,S/D,XI,S/D,S/D,S/D,S/D,S/D,S/D,S/D,S/D,S/D,S/D,S/D,Colisión,S/D,S/D,S/D,S/D
2018,5807,2018-04-06,Viernes,0,,,0.0,2,"Automóvil,Moto/Ciclomotor", ,2,1,0,0,1,0,0,"-31.448164207384, -60.934630259346",S/D,,ESPERANZA,Las Colonias,S/D,S/D,XI,S/D,S/D,S/D,S/D,S/D,S/D,S/D,S/D,S/D,S/D,S/D,Colisión,S/D,S/D,S/D,S/D
2018,5808,2018-04-21,Sabado,0,,,0.0,2,"Automóvil,Moto/Ciclomotor", ,2,1,0,0,1,0,0,"-33.046546, -61.170199",Calle,,CASILDA,Caseros,S/D,No existe,IV,Dentro,Urbana,S/D,S/D,Intersección,S/D,S/D,S/D,S/D,S/D,S/D,Colisión,S/D,S/D,S/D,S/D
2018,5809,2018-04-21,Sabado,0,,,0.0,2,"Peatón,Moto/Ciclomotor", ,2,1,0,0,1,0,0,"-33.039300, -61.163853",Calle,,CASILDA,Caseros,S/D,S/D,IV,Dentro,Urbana,S/D,S/D,Intersección,S/D,S/D,S/D,S/D,S/D,Peatón,Atropello,S/D,S/D,S/D,S/D
2018,5810,2018-04-06,Viernes,0,10:15:00,,0.0,2,"Automóvil,Bicicleta",San Martin Y Colon,2,0,1,0,1,0,0,"-29.457138888889,-60.210083333333",S/D,,VERA,Vera,Asfalto,S/D,XIX,S/D,S/D,S/D,S/D,Intersección,S/D,S/D,Diurna,S/D,S/D,Ciclista,Atropello,S/D,S/D,S/D,S/D
2018,5811,2018-04-07,Sabado,0,,,0.0,2,"Camión,Moto/Ciclomotor",Av. Francia Y Hilarion de la Quintana,3,2,0,0,1,0,0,"-33.00175,-60.677638888889",Calle,,ROSARIO,Rosario,S/D,No existe,II,S/D,Urbana,S/D,S/D,Intersección,S/D,S/D,S/D,S/D,S/D,S/D,Colisión,S/D,S/D,S/D,S/D
2018,5812,2018-04-07,Sabado,0,,,0.0,2,"Automóvil,Moto/Ciclomotor",Av Pte Peron Y Artigas,3,1,0,0,2,0,0,"-31.620583333333,-60.718555555556",Calle,,SANTA FE,La Capital,S/D,No existe,I,S/D,Urbana,S/D,S/D,Intersección,S/D,S/D,S/D,S/D,Lateral,S/D,Colisión,S/D,S/D,S/D,S/D
2018,5813,2018-04-08,Domingo,0,,,0.0,1,Moto/Ciclomotor,Av Blas Parera Y Azcuenaga,1,1,0,0,0,0,0,"-31.587777777778,-60.725416666667",Calle,,SANTA FE,La Capital,S/D,No existe,I,S/D,Urbana,S/D,S/D,Intersección,S/D,S/D,S/D,S/D,S/D,S/D,Caída ocupante,S/D,S/D,S/D,S/D
2018,5814,2018-04-08,Domingo,0,08:15:00,,0.0,2,"Pickup/Utilitario,Vehículo Oficial",Alberdi Y Junin,5,5,0,0,0,0,0,"-32.926611111111,-60.676722222222",Calle,,ROSARIO,Rosario,S/D,No existe,II,S/D,Urbana,S/D,S/D,Intersección,S/D,S/D,Diurna,S/D,S/D,S/D,Colisión,S/D,S/D,S/D,S/D
2018,5815,2018-04-08,Domingo,0,19:35:00,,0.0,1,Moto/Ciclomotor,Cochabamba Y Bv. Avellaneda,1,1,0,0,0,0,0,"-32.951055555556,-60.682305555556",Calle,,ROSARIO,Rosario,Asfalto,No existe,II,S/D,Urbana,S/D,S/D,Intersección,S/D,S/D,Atardecer,S/D,S/D,S/D,Caída ocupante,S/D,S/D,S/D,S/D
2018,5816,2018-04-08,Domingo,0,,,0.0,2,"Automóvil,Bicicleta", ,2,1,0,0,1,0,0,"-31.549627815164, -61.077601102521",S/D,,SAN JERÓNIMO NORTE,Las Colonias,S/D,S/D,XI,S/D,S/D,S/D,S/D,S/D,S/D,S/D,S/D,S/D,S/D,Ciclista,Atropello,S/D,S/D,S/D,S/D
2018,5817,2018-04-08,Domingo,0,,,0.0,2,"Moto/Ciclomotor,Bicicleta", ,3,2,0,0,1,0,0,"-29.052974286547, -60.412314950297",S/D,,FORTÍN OLMOS,Vera,S/D,S/D,XIX,S/D,S/D,S/D,S/D,S/D,S/D,S/D,S/D,S/D,S/D,Ciclista,Atropello,S/D,S/D,S/D,S/D
2018,5818,2018-04-09,Lunes,0,,,0.0,2,"Moto/Ciclomotor,Pickup/Utilitario",Quintana Y San Lorenzo,2,1,0,0,1,0,0,"-31.620527777778,-60.71",Calle,,SANTA FE,La Capital,S/D,S/D,I,S/D,Urbana,S/D,S/D,Intersección,S/D,S/D,S/D,S/D,S/D,S/D,Colisión,S/D,S/D,S/D,S/D
2018,5819,2018-08-01,Miercoles,0,,,0.0,2,"Moto/Ciclomotor,Pickup/Utilitario", ,2,1,0,0,1,0,0,"-31.61124, -60.69664",S/D,,SANTA FE,La Capital,S/D,S/D,I,S/D,S/D,S/D,S/D,S/D,S/D,S/D,S/D,S/D,S/D,S/D,S/D,S/D,S/D,S/D,S/D