anio_acci,nro_acci,fecha,desc_dia,fecha_aprox,hora_aprox,desc_ruta,km,cant_participantes,desc_participante,calle_avenida_km,total,heridos_leves,heridos_graves,heridos_gravisimos,ilesos,fallecidos,sin_datos,posicion_XY,desc_tipo_via,desc_ruta_ori,desc_loc,desc_dpto,desc_tipo_calzada,desc_tipo_banquina,desc_unidad_regional,desc_lugar_calzada,desc_zona,desc_prioridad,desc_estado_semaforo,desc_lugar_via,desc_estado_via,desc_estado_visibilidad,desc_luminosidad,desc_estado_clima,desc_tipo_colision,desc_tipo_atropello,desc_tipo_hecho,desc_pres_calzada,desc_senializacion,desc_separacion_via,desc_restriccion
2018,5820,2018-08-30,Jueves,0,08:50:00,,0.0,2,"Automóvil,Moto/Ciclomotor",Lavalle 630,3,1,0,0,2,0,0,"-32.821,-61.391083333333",Calle,,CAÑADA DE GÓMEZ,Iriondo,Asfalto,No existe,X,Dentro,Urbana,Ninguna,No existe,Recta,Bueno,Buena,Diurna,Buen Tiempo,S/D,S/D,Colisión,S/D,S/D,Ninguna,Sin restricción
2018,5821,2018-08-19,Domingo,0,17:15:00,,0.0,2,"Automóvil,Moto/Ciclomotor",Paraguay Y Av. Uriburu,3,1,0,0,2,0,0,"-32.991055555556,-60.655222222222",Calle,,ROSARIO,Rosario,S/D,S/D,II,Dentro,Urbana,S/D,S/D,S/D,S/D,S/D,S/D,S/D,S/D,S/D,S/D,S/D,S/D,S/D,S/D
2018,5822,2018-08-31,Viernes,0,12:15:00,,0.0,2,"Moto/Ciclomotor,Automóvil",Almte. Brown Y Quintana,2,0,0,0,1,0,1,"-32.815694444444,-61.399972222222",Calle,,CAÑADA DE GÓMEZ,Iriondo,Asfalto,Pavimento,X,Dentro,Urbana,Ninguna,No existe,Intersección,Bueno,Buena,Diurna,Buen Tiempo,Lateral,S/D,Colisión,Material Suelto,Vertical,Ninguna,Sin restricción
2018,5823,2018-08-01,Miercoles,0,,,0.0,2,"Moto/Ciclomotor,Moto/Ciclomotor", ,2,2,0,0,0,0,0,"-31.611617, -60.698281",S/D,,SANTA FE,La Capital,S/D,S/D,I,S/D,S/D,S/D,S/D,S/D,S/D,S/D,S/D,S/D,S/D,S/D,S/D,S/D,S/D,S/D,S/D
2018,5824,2018-08-26,Domingo,0,22:00:00,,0.0,1,Moto/Ciclomotor,Mauricio Stucky Y Elias Duaid,1,0,1,0,0,0,0,"-30.01450896263119,-61.576480865478",Calle,,AMBROSETTI,San Cristóbal,Ripio,Ripio,XIII,Dentro,Urbana,Ninguna,No existe,Recta,Otro,Reducida,Nocturna,Buen Tiempo,"Contra objeto fijo,Frontal",S/D,Colisión,Otro,Faltante,Cordón divisorio,Obra en Construcción
2018,5825,2018-08-09,Jueves,0,15:20:00,,0.0,2,"Transporte de Pasajeros Urbano (> 8 asientos),Automóvil",Sanchez de Bustamante Y Buenos Aires,4,2,0,0,2,0,0,"-33.001833333333,-60.644972222222",Calle,,ROSARIO,Rosario,Asfalto,No existe,II,Dentro,Urbana,Ninguna,No existe,Intersección,Bueno,Buena,Diurna,Buen Tiempo,Lateral,S/D,Colisión,Ninguna,Faltante,Ninguna,Sin restricción
2018,5826,2018-08-01,Miercoles,0,,,0.0,2,"Moto/Ciclomotor,Automóvil", ,3,1,0,0,1,0,1,"-31.61124, -60.69664",S/D,,SANTA FE,La Capital,S/D,S/D,II,S/D,S/D,S/D,S/D,S/D,S/D,S/D,S/D,S/D,S/D,S/D,S/D,S/D,S/D,S/D,S/D
2018,5827,2018-08-09,Jueves,0,19:00:00,,0.0,2,"Peatón,Pickup/Utilitario",DANTE Y PAUL HARRIS,2,0,1,0,1,0,0,"-33.11783, -61.70997",Calle,,SAN JOSÉDE LA ESQUINA,Caseros,Hormigón,No existe,IV,Dentro,Urbana,Ninguna,No existe,Intersección,Bueno,Buena,Nocturna,Buen Tiempo,S/D,Peatón,Atropello,Ninguna,"Horizontal,Vertical",Ninguna,Sin restricción
2018,5828,2018-08-01,Miercoles,0,,,0.0,2,"Otros,Automóvil", ,2,1,0,0,1,0,0,"-31.61124, -60.69664",S/D,,SANTA FE,La Capital,S/D,S/D,I,S/D,S/D,S/D,S/D,S/D,S/D,S/D,S/D,S/D,S/D,S/D,S/D,S/D,S/D,S/D,S/D
2018,5829,2018-08-23,Jueves,0,07:30:00,,0.0,2,"Moto/Ciclomotor,Automóvil",Avenida Las Colonias Y San Lorenzo,2,1,0,0,1,0,0,"-33.11719179153438,-61.707265377044",Avenida,,SAN JOSÉDE LA ESQUINA,Caseros,S/D,S/D,VI,S/D,Urbana,Señal Ceda el Paso,No existe,S/D,S/D,S/D,Diurna,Buen Tiempo,Frontal,S/D,Colisión,S/D,S/D,Cordón divisorio,Sin restricción
2018,5830,2018-08-24,Viernes,0,19:20:00,,0.0,1,Moto/Ciclomotor,25 de Mayo Y A castellanos,1,1,0,0,0,0,0,"-30.36471, -60.40006",Calle,,GOBERNADOR CRESPO,San Justo,Asfalto,Pavimento,XVI,Dentro,Urbana,Ninguna,No existe,Recta,Bueno,Buena,Atardecer,Buen Tiempo,S/D,S/D,Caída ocupante,Ninguna,Faltante,Ninguna,Sin restricción
2018,5831,2018-08-14,Martes,0,18:40:00,,0.0,2,"Bicicleta,Pickup/Utilitario",Av. Arijon Y Mitre,2,1,0,0,1,0,0,"-33.003055555556,-60.650333333333",Avenida,,ROSARIO,Rosario,Asfalto,No existe,II,S/D,Urbana,Ninguna,No existe,Intersección,Bueno,Buena,Atardecer,Buen Tiempo,S/D,Ciclista,Atropello,Ninguna,Horizontal,Ninguna,S/D
2018,5832,2018-08-17,Viernes,0,19:00:00,,0.0,2,"Pickup/Utilitario,Moto/Ciclomotor",Av. Jorge Cura Y Rodriguez,2,1,0,0,1,0,0,"-32.970083333333,-60.665638888889",Avenida,,ROSARIO,Rosario,Asfalto,No existe,II,S/D,Urbana,Ninguna,No existe,Intersección,Bueno,Buena,Nocturna,Buen Tiempo,Lateral,S/D,Colisión,Ninguna,Faltante,S/D,Sin restricción
2018,5834,2018-08-28,Martes,0,15:00:00,,0.0,2,"Moto/Ciclomotor,Automóvil",24 De Setiembre Y Necochea,2,0,0,1,1,0,0,"-32.982722222222,-60.632666666667",Calle,,ROSARIO,Rosario,Asfalto,No existe,II,Dentro,Urbana,Marca Vial,No existe,Intersección,Bueno,Buena,Diurna,Buen Tiempo,Lateral,S/D,Colisión,Ninguna,Vertical,Línea divisoria pintada,Sin restricción
2018,5835,2018-08-09,Jueves,0,19:15:00,,0.0,2,"Moto/Ciclomotor,Automóvil",Ameghino 1200,2,1,0,0,1,0,0,"-32.986833333333,-60.649777777778",Calle,,ROSARIO,Rosario,S/D,No existe,II,S/D,Urbana,Ninguna,No existe,Recta,S/D,Buena,Atardecer,Buen Tiempo,De alcance,S/D,Colisión,Ninguna,Faltante,Ninguna,Sin restricción
2018,5836,2018-08-23,Jueves,0,09:00:00,,0.0,1,Moto/Ciclomotor, ,1,1,0,0,0,0,0,"-30.78939, -60.59351",Calle,,GOBERNADOR CRESPO,San Justo,Ripio,Natural,XVI,Dentro,Urbana,Ninguna,No existe,Recta,Deteriorada,Buena,Diurna,Buen Tiempo,Otro,S/D,Caída ocupante,Agua,Faltante,Ninguna,Sin restricción
2018,5837,2018-08-27,Lunes,0,20:00:00,,0.0,2,"Peatón,Automóvil",Guiraldes Bis Y Schmild,2,1,0,0,1,0,0,"-32.985527777778,-60.623416666667",Calle,,ROSARIO,Rosario,Asfalto,S/D,II,S/D,Urbana,Marca Vial,S/D,Intersección,Bueno,Buena,Con luz artificial,Buen Tiempo,S/D,Peatón,Atropello,Ninguna,Vertical,Línea divisoria pintada,Sin restricción
2018,5838,2018-08-15,Miercoles,0,22:00:00,,0.0,1,Moto/Ciclomotor,A castellanos Y Independencia,1,1,0,0,0,0,0,"-30.36436, -60.40253",Calle,,GOBERNADOR CRESPO,San Justo,Asfalto,Pavimento,XVI,Dentro,Urbana,Ninguna,No existe,Recta,Bueno,Buena,Nocturna,Buen Tiempo,Atropello animal,S/D,"Caída ocupante,Colisión",Ninguna,Faltante,Ninguna,Sin restricción
2018,5839,2018-08-14,Martes,0,07:55:00,,0.0,2,"Bicicleta,Automóvil",Alvear Y Bv. Segui,3,2,0,0,1,0,0,"-32.976083333333,-60.662861111111",Calle,,ROSARIO,Rosario,Asfalto,No existe,II,Dentro,Urbana,Ninguna,No existe,Recta,Bueno,Buena,Amanecer,Buen Tiempo,S/D,Ciclista,Atropello,S/D,Horizontal,Ninguna,Sin restricción
2018,5840,2018-08-10,Viernes,0,22:45:00,,0.0,2,"Taxi/Remis,Moto/Ciclomotor",Bv. Segui Y J.M.de Rosas,2,1,0,0,1,0,0,"-32.980416666667,-60.639527777778",Calle,,ROSARIO,Rosario,Asfalto,No existe,II,S/D,Urbana,Señal Pare,No existe,Intersección,Bueno,Buena,Nocturna,Buen Tiempo,Lateral,S/D,Colisión,Ninguna,Horizontal,Cordón divisorio,Sin restricción
2018,5841,2018-08-17,Viernes,0,08:00:00,,0.0,2,"Pickup/Utilitario,Moto/Ciclomotor",Amenabar Y Italia,2,1,0,0,1,0,0,"-32.970444444444,-60.654333333333",Calle,,ROSARIO,Rosario,Asfalto,No existe,II,S/D,Urbana,Ninguna,No existe,Intersección,Bueno,Buena,Amanecer,Buen Tiempo,De alcance,S/D,Colisión,Ninguna,Horizontal,Ninguna,Sin restricción
2018,5842,2018-08-04,Sabado,0,14:00:00,Ruta Nacional 9,293.0,2,"Automóvil,Moto/Ciclomotor",Av Costanera Y Ruta Nacional 9,2,1,0,0,1,0,0,"-32.92282, -60.80172",Ruta,9,FUNES,Rosario,Asfalto,S/D,II,Dentro,Urbana,S/D,S/D,Intersección,Bueno,Buena,Diurna,Buen Tiempo,S/D,S/D,Colisión,Ninguna,S/D,S/D,Sin restricción
2018,5843,2018-08-16,Jueves,0,16:30:00,,0.0,2,"Moto/Ciclomotor,Automóvil",Ayacucho Y Anchorena,2,1,0,0,1,0,0,"-32.997388888889,-60.6365",Calle,,ROSARIO,Rosario,Asfalto,No existe,II,Dentro,Urbana,Ninguna,No existe,Intersección,Bueno,Buena,Atardecer,Buen Tiempo,De alcance,S/D,Colisión,Ninguna,Horizontal,Ninguna,Sin restricción
2018,5844,2018-08-16,Jueves,0,12:40:00,,0.0,2,"Automóvil,Peatón",San Martin Y Av. Uriburu,2,1,0,0,1,0,0,"-32.990666666667,-60.646805555556",Avenida,,ROSARIO,Rosario,Asfalto,No existe,II,Dentro,Urbana,Semáforo,S/D,Recta,Bueno,Buena,S/D,Buen Tiempo,S/D,Peatón,Atropello,S/D,"Horizontal,Vertical",Ninguna,Sin restricción
2018,5845,2018-08-15,Miercoles,0,21:10:00,,0.0,2,"Moto/Ciclomotor,Automóvil",San Martin Y Centeno,4,1,0,0,3,0,0,"-32.985194444444,-60.645638888889",Calle,,ROSARIO,Rosario,Asfalto,No existe,II,S/D,Urbana,Semáforo,Funciona,Intersección,Bueno,Buena,Nocturna,Buen Tiempo,De alcance,S/D,Colisión,Ninguna,"Horizontal,Vertical",Cordón divisorio,Sin restricción
2018,5846,2018-04-21,Sabado,0,,,0.0,2,"Pickup/Utilitario,Moto/Ciclomotor",La Rioja Y Neuquen,4,2,0,0,2,0,0,"-29.226938, -61.764716",Calle,,TOSTADO,9 de Julio,Tierra,No existe,XII,Dentro,Urbana,Ninguna,No existe,Intersección,Resbaladiza,Buena,S/D,Buen Tiempo,S/D,S/D,Colisión,Material Suelto,Faltante,Ninguna,Sin restricción
2018,5847,2018-04-21,Sabado,0,21:40:00,Ruta Provincial 23,32.0,2,"Moto/Ciclomotor,Automóvil", ,4,3,0,0,0,1,0,"-30.349688, -61.908093",Ruta,23,SAN GUILLERMO,San Cristóbal,Asfalto,Natural,XIII,Dentro,Urbana,Otra Señal,No existe,Recta,Bueno,Buena,S/D,Buen Tiempo,S/D,S/D,Colisión,S/D,"Horizontal,Vertical",Línea divisoria pintada,Sin restricción
2018,5848,2018-04-21,Sabado,0,,,0.0,2,"Moto/Ciclomotor,Pickup/Utilitario", ,2,1,0,0,1,0,0,"-32.030803, -61.218072",Calle,,GÁLVEZ,San Jerónimo,S/D,S/D,XV,Dentro,Urbana,S/D,S/D,Intersección,S/D,S/D,S/D,S/D,S/D,S/D,Colisión,S/D,S/D,S/D,S/D
2018,5849,2018-04-22,Domingo,0,19:30:00,,0.0,2,"Moto/Ciclomotor,Bicicleta",La Paz Y Fray C Rodriguez,2,2,0,0,0,0,0,"-31.618546, -60.714928",Avenida,,SANTA FE,La Capital,Asfalto,No existe,I,Dentro,Urbana,Otra Señal,No existe,Intersección,Deteriorada,Buena,Atardecer,Buen Tiempo,S/D,Ciclista,Atropello,S/D,"Horizontal,Vertical",Línea divisoria pintada,Sin restricción
2018,5850,2018-04-22,Domingo,0,,,0.0,2,"Pickup/Utilitario,Moto/Ciclomotor",San Jose Y Fray C Rodriguez,2,1,0,0,1,0,0,"-31.618439, -60.714915",Calle,,SANTA FE,La Capital,Asfalto,No existe,I,Dentro,Urbana,Otra Señal,No existe,Intersección,Deteriorada,Buena,S/D,Buen Tiempo,Lateral,S/D,Colisión,Ninguna,"Horizontal,Vertical","Cordón divisorio,Línea divisoria pintada",Sin restricción
2018,5851,2018-04-22,Domingo,0,,,0.0,2,"Peatón,Automóvil",Av Lopez y Planes Y Juan Del Campillo,3,1,0,0,2,0,0,"-31.627682, -60.713752",Calle,,SANTA FE,La Capital,Asfalto,No existe,I,Dentro,Urbana,Otra Señal,No existe,Intersección,Deteriorada,Buena,S/D,Buen Tiempo,S/D,Peatón,Atropello,Ninguna,Vertical,"Cordón divisorio,S/D",Sin restricción
2018,5852,2018-04-01,Domingo,0,12:40:00,,0.0,2,"Automóvil,Moto/Ciclomotor",Necochea Y Cerrito,2,1,0,0,1,0,0,"-32.964361111111,-60.628083333333",Calle,,ROSARIO,Rosario,Asfalto,No existe,II,Dentro,Urbana,Señal Pare,No existe,Intersección,S/D,S/D,Diurna,S/D,Lateral,S/D,Colisión,S/D,"Horizontal,Vertical",Ninguna,Sin restricción
2018,5853,2018-04-22,Domingo,0,,,0.0,2,"Moto/Ciclomotor,Taxi/Remis",Paraguay 3500,2,1,0,0,1,0,0,"-32.976924, -60.651678",Calle,,ROSARIO,Rosario,Asfalto,No existe,II,Dentro,Urbana,Ninguna,No existe,Intersección,Deteriorada,Buena,Diurna,Buen Tiempo,S/D,S/D,Colisión,Ninguna,Faltante,Ninguna,Sin restricción
2018,5854,2018-04-01,Domingo,0,,,0.0,2,"Automóvil,Moto/Ciclomotor",C Colon Y Falucho,2,0,1,0,1,0,0,"-30.942101912198, -61.553991846606",Calle,,SUNCHALES,Castellanos,Asfalto,No existe,V,Dentro,Urbana,Ninguna,No existe,Intersección,S/D,S/D,S/D,S/D,Lateral,S/D,Colisión,S/D,Faltante,Ninguna,Sin restricción
2018,5855,2018-04-22,Domingo,0,19:50:00,Ruta Provincial 93,92.0,1,Pickup/Utilitario, ,1,1,0,0,0,0,0,"-33.344963, -61.856055",Ruta,93,BERABEVÚ,Caseros,Asfalto,Ripio,IV,Dentro,Rural,Ninguna,No existe,Recta,Bueno,Buena,Atardecer,Buen Tiempo,S/D,S/D,Despiste,Ninguna,Horizontal,Línea divisoria pintada,Sin restricción
2018,5856,2018-04-22,Domingo,0,08:45:00,,0.0,1,Automóvil,Rivadavia 1558,2,2,0,0,0,0,0,"-29.348678, -59.965588",Calle,,MALABRIGO,General Obligado,Asfalto,No existe,IX,Dentro,Urbana,S/D,S/D,Recta,S/D,Buena,Diurna,Buen Tiempo,Contra objeto fijo,S/D,Colisión,Ninguna,S/D,Ninguna,Sin restricción
2018,5857,2018-04-01,Domingo,0,23:30:00,,0.0,2,"Moto/Ciclomotor,Automóvil",Azcuenaga Y Av A del Valle,3,0,1,0,1,1,0,"-31.59444,-60.69204",Avenida,,SANTA FE,La Capital,Asfalto,Pavimento,I,Dentro,Urbana,S/D,No existe,Intersección,Bueno,Buena,"Nocturna,Con luz artificial",Buen Tiempo,Lateral,S/D,Colisión,S/D,Faltante,Cordón divisorio,Sin restricción
2018,5858,2018-04-22,Domingo,0,,,0.0,1,Moto/Ciclomotor,CAPITÁN BERMÚDEZ 1100,1,1,0,0,0,0,0,"-32.021382, -61.219209",Calle,,GÁLVEZ,San Jerónimo,Asfalto,No existe,XV,Dentro,Urbana,S/D,S/D,Recta,S/D,S/D,S/D,Buen Tiempo,Atropello animal,S/D,Colisión,S/D,S/D,Cordón divisorio,Sin restricción
2018,5859,2018-04-02,Lunes,0,,,0.0,2,"Moto/Ciclomotor,Moto/Ciclomotor",Zuviria Y Brasil,2,1,0,0,1,0,0,"-32.937138888889,-60.719722222222",Calle,,ROSARIO,Rosario,Hormigón,No existe,II,Dentro,Urbana,Ninguna,No existe,Intersección,S/D,S/D,S/D,S/D,Lateral,S/D,Colisión,S/D,Faltante,Ninguna,Sin restricción
2018,5860,2018-04-02,Lunes,0,09:30:00,,0.0,2,"Taxi/Remis,Moto/Ciclomotor",Av. Pellegrini Y Laprida,2,1,0,0,1,0,0,"-32.958083333333,-60.637",Avenida,,ROSARIO,Rosario,Asfalto,No existe,II,Dentro,Urbana,Semáforo,Funciona,Intersección,S/D,S/D,Diurna,S/D,S/D,S/D,Colisión,S/D,"Horizontal,Vertical",Cordón divisorio,Sin restricción
2018,5861,2018-04-02,Lunes,0,,,0.0,2,"Moto/Ciclomotor,Automóvil",Colon Y Av Luis Fanti,2,1,0,0,1,0,0,"-31.261777777778,-61.495305555556",Calle,,RAFAELA,Castellanos,Hormigón,No existe,V,Dentro,Urbana,Ninguna,No existe,Intersección,S/D,S/D,S/D,S/D,Lateral,S/D,Colisión,S/D,Faltante,Ninguna,Sin restricción
2018,5862,2018-04-22,Domingo,0,,,0.0,2,"Automóvil,Bicicleta",Av Pellegrini 1300,2,1,0,0,1,0,0,"-31.893233, -61.858962",Avenida,,SAN JORGE,San Martín,Hormigón,No existe,XVIII,Dentro,Urbana,Ninguna,No existe,Recta,Bueno,Buena,S/D,Buen Tiempo,S/D,S/D,Atropello,Ninguna,Faltante,Ninguna,Sin restricción
2018,5863,2018-04-02,Lunes,0,,,0.0,2,"Moto/Ciclomotor,Automóvil",B Anduiza Y J M Estrada,2,0,1,0,1,0,0,"-31.263361111111,-61.473166666667",Calle,,RAFAELA,Castellanos,Hormigón,No existe,V,Dentro,Urbana,Ninguna,No existe,Intersección,S/D,S/D,S/D,S/D,Lateral,S/D,Colisión,S/D,Faltante,Ninguna,Sin restricción
2018,5864,2018-04-23,Lunes,0,21:35:00,,0.0,2,"Moto/Ciclomotor,Bicicleta", ,3,1,2,0,0,0,0,"-33.047885, -61.192958",Calle,,CASILDA,Caseros,S/D,No existe,IV,Dentro,Urbana,S/D,S/D,Intersección,S/D,Buena,S/D,Buen Tiempo,S/D,Ciclista,Atropello,S/D,S/D,S/D,Sin restricción
2018,5865,2018-04-02,Lunes,0,,,0.0,2,"Pickup/Utilitario,Moto/Ciclomotor", ,3,0,2,0,1,0,0,"-33.458478533446, -61.489183100808",S/D,,FIRMAT,General López,S/D,S/D,VIII,S/D,S/D,S/D,S/D,S/D,S/D,S/D,S/D,S/D,Lateral,S/D,Colisión,S/D,S/D,S/D,S/D
2018,5866,2018-04-23,Lunes,0,21:35:00,,0.0,2,"Automóvil,Moto/Ciclomotor",Casado Y Buenos Aires,2,1,0,0,1,0,0,"-33.043187, -61.163821",Calle,,CASILDA,Caseros,Asfalto,No existe,IV,Dentro,Urbana,Otra Señal,No existe,Intersección,Bueno,Buena,"Nocturna,Con luz artificial",Buen Tiempo,De alcance,S/D,Colisión,Ninguna,"Horizontal,Vertical","Cordón divisorio,Vegetación,Línea divisoria pintada",Sin restricción
2018,5867,2018-04-23,Lunes,0,,Ruta Nacional 34,232.0,2,"Camión,Automóvil", ,6,3,1,0,2,0,0,"-31.160185, -61.482033",Ruta,34,LEHMANN,Castellanos,Asfalto,Natural,V,Dentro,Rural,Ninguna,No existe,Recta,Bueno,Buena,S/D,Buen Tiempo,S/D,S/D,Colisión,Ninguna,Horizontal,Línea divisoria pintada,Sin restricción
2018,5868,2018-08-06,Lunes,0,14:25:00,,0.0,2,"Automóvil,Moto/Ciclomotor",Buenos Aires Y Amenabar,3,2,0,0,1,0,0,"-32.973166666667,-60.639166666667",S/D,,ROSARIO,Rosario,Asfalto,No existe,II,S/D,Urbana,Señal Pare,No existe,Intersección,Bueno,S/D,Diurna,Buen Tiempo,Lateral,S/D,Atropello,S/D,Horizontal,Ninguna,Sin restricción
2018,5869,2018-08-15,Miercoles,0,18:55:00,,0.0,2,"Automóvil,Moto/Ciclomotor",Bv. Segui Y Av. Corrientes,4,3,0,0,1,0,0,"-32.97825,-60.650583333333",Calle,,ROSARIO,Rosario,Asfalto,Ripio,II,S/D,Urbana,Ninguna,S/D,Intersección,Bueno,Buena,S/D,Buen Tiempo,De alcance,S/D,Colisión,Ninguna,"Horizontal,Vertical",S/D,S/D
2018,5870,2018-08-04,Sabado,0,10:00:00,,0.0,2,"Automóvil,Moto/Ciclomotor",Santa Fe Y Moreno,2,1,0,0,1,0,0,"-32.91867, -60.80917",Calle,,FUNES,Rosario,Asfalto,No existe,II,Dentro,Urbana,S/D,S/D,Intersección,Bueno,Buena,Diurna,Buen Tiempo,S/D,S/D,Colisión,Ninguna,S/D,S/D,Sin restricción
2018,5871,2018-08-02,Jueves,0,18:00:00,,0.0,2,"Moto/Ciclomotor,Automóvil",Santa Fe ,2,1,0,0,1,0,0,"-32.91702, -60.80969",Calle,,FUNES,Rosario,Asfalto,No existe,II,Dentro,Urbana,S/D,S/D,Intersección,Bueno,Buena,Diurna,Buen Tiempo,S/D,S/D,Colisión,Ninguna,S/D,S/D,Sin restricción
2018,5872,2018-08-14,Martes,0,20:00:00,,0.0,2,"Moto/Ciclomotor,Automóvil",San Martin Y Pte.Quintana,2,1,0,0,1,0,0,"-32.982916666667,-60.645",Calle,,ROSARIO,Rosario,Asfalto,No existe,II,Dentro,Urbana,Ninguna,Funciona,Intersección,Bueno,Buena,Nocturna,Buen Tiempo,De alcance,S/D,Colisión,Ninguna,"Horizontal,Vertical",Ninguna,Sin restricción
2018,5873,2018-08-22,Miercoles,0,08:20:00,Ruta Nacional 9,0.0,2,"Automóvil,Moto/Ciclomotor",Ruta Nacional 9 Y San Sebastian,3,2,0,0,1,0,0,"-32.91281, -60.86781",Ruta,9,FUNES,Rosario,Asfalto,Ripio,II,Dentro,Urbana,S/D,S/D,Intersección,Bueno,Buena,Diurna,Buen Tiempo,S/D,S/D,Colisión,Ninguna,S/D,S/D,Sin restricción
2018,5874,2018-08-06,Lunes,0,07:30:00,,0.0,2,"Automóvil,Bicicleta",L.N.Alem Y Bv. Segui,2,1,0,0,1,0,0,"-32.98075,-60.6365",Calle,,ROSARIO,Rosario,Asfalto,S/D,II,S/D,Urbana,Ninguna,No existe,Intersección,Bueno,Buena,Diurna,Buen Tiempo,Lateral,Ciclista,Atropello,Ninguna,Horizontal,Cordón divisorio,Sin restricción
2018,5875,2018-08-11,Sabado,0,19:40:00,,0.0,2,"Automóvil,Moto/Ciclomotor",San Martin Y Cabildo,2,1,0,0,1,0,0,"-33.007388888889,-60.650222222222",Calle,,ROSARIO,Rosario,S/D,S/D,II,S/D,Urbana,S/D,S/D,S/D,S/D,S/D,S/D,S/D,S/D,S/D,S/D,S/D,S/D,S/D,S/D
2018,5876,2018-08-30,Jueves,0,19:10:00,,0.0,2,"Automóvil,Bicicleta",Hipolito Irigoyen Y Ruta Nacional 9,2,1,0,0,1,0,0,"-32.92153, -60.81098",Calle,,FUNES,Rosario,Asfalto,No existe,II,S/D,Urbana,S/D,S/D,Intersección,Bueno,Buena,Atardecer,Buen Tiempo,S/D,Ciclista,Atropello,Ninguna,S/D,S/D,Sin restricción
2018,5877,2018-08-01,Miercoles,0,02:00:00,,0.0,1,Moto/Ciclomotor,Pasco ,2,0,0,2,0,0,0,"-32.96012, -60.63873",Calle,,ROSARIO,Rosario,Asfalto,No existe,II,Fuera,Urbana,Ninguna,No existe,Otro,S/D,S/D,Nocturna,S/D,S/D,S/D,Despiste,S/D,S/D,Ninguna,Sin restricción
2018,5878,2018-08-12,Domingo,0,12:10:00,,0.0,2,"Moto/Ciclomotor,Automóvil",Av. Corrientes Y Garibaldi,2,1,0,0,1,0,0,"-32.985194444444,-60.652333333333",Avenida,,ROSARIO,Rosario,Asfalto,No existe,II,S/D,Urbana,Ninguna,No existe,Intersección,Bueno,Buena,Diurna,Buen Tiempo,Lateral,S/D,Colisión,Ninguna,Faltante,Ninguna,Sin restricción
2018,5879,2018-08-06,Lunes,0,14:55:00,,0.0,2,"Moto/Ciclomotor,Automóvil",Av. Carlos Colombres Y White,2,1,0,0,1,0,0,"-32.94215, -60.72927",Calle,,ROSARIO,Rosario,Asfalto,No existe,II,Dentro,Urbana,Ninguna,S/D,Recta,Bueno,Buena,Diurna,S/D,Lateral,S/D,Colisión,S/D,S/D,Ninguna,Sin restricción
2018,5880,2018-08-11,Sabado,0,20:30:00,,0.0,2,"Automóvil,Moto/Ciclomotor",San Martin Y Caupolican,3,2,0,0,1,0,0,"-33.009972222222,-60.650777777778",Calle,,ROSARIO,Rosario,Asfalto,No existe,II,S/D,Urbana,Ninguna,Funciona,Intersección,Bueno,Buena,Nocturna,Buen Tiempo,Lateral,S/D,Colisión,Ninguna,Vertical,Ninguna,Sin restricción
2018,5881,2018-08-11,Sabado,0,20:50:00,,0.0,2,"Automóvil,Moto/Ciclomotor",J.M.de Rosas Y Gustavo Cochet,2,1,0,0,1,0,0,"-32.93988, -60.7232",Calle,,ROSARIO,Rosario,Asfalto,Natural,II,Dentro,Urbana,Ninguna,No existe,Recta,Bueno,S/D,"Nocturna,Con luz artificial",S/D,Otro,S/D,Colisión,S/D,S/D,Ninguna,Sin restricción
2018,5882,2018-08-18,Sabado,0,17:45:00,,0.0,2,"Moto/Ciclomotor,Automóvil",Bv. 27 De Febrero Y Rodriguez,2,1,0,0,1,0,0,"-32.964055555556,-60.664111111111",Calle,,ROSARIO,Rosario,Asfalto,No existe,II,S/D,Urbana,Ninguna,No existe,Intersección,Bueno,Buena,Diurna,Buen Tiempo,Lateral,S/D,Colisión,S/D,S/D,Ninguna,Sin restricción
2018,5883,2018-08-16,Jueves,0,19:30:00,,0.0,2,"Automóvil,Moto/Ciclomotor",Mendoza Y Donado,2,1,0,0,1,0,0,"-32.940694444444,-60.726972222222",Calle,,ROSARIO,Rosario,Asfalto,Pavimento,II,Dentro,Urbana,Semáforo,Funciona,Recta,Bueno,Buena,"Atardecer,Con luz artificial",S/D,Otro,S/D,Colisión,S/D,Vertical,Cordón divisorio,Sin restricción
2018,5884,2018-08-11,Sabado,0,15:10:00,,0.0,2,"Moto/Ciclomotor,Automóvil",Buenos Aires Y Hilarion de la Quintana,2,1,0,0,1,0,0,"-33.000805555556,-60.645027777778",Calle,,ROSARIO,Rosario,Asfalto,No existe,II,S/D,Rural,Ninguna,No existe,Intersección,Bueno,Buena,Diurna,Buen Tiempo,Lateral,S/D,Colisión,Ninguna,Faltante,Ninguna,Sin restricción
2018,5885,2018-08-21,Martes,0,20:50:00,,0.0,2,"Moto/Ciclomotor,Bicicleta",Calle 1331 ,3,3,0,0,0,0,0,"-32.940333333333,-60.745194444444",Calle,,ROSARIO,Rosario,Asfalto,Natural,II,Dentro,Urbana,Ninguna,No existe,Recta,Bueno,S/D,"Nocturna,Con luz artificial",S/D,S/D,Ciclista,Atropello,S/D,S/D,Ninguna,Sin restricción