anio_acci,nro_acci,fecha,desc_dia,fecha_aprox,hora_aprox,desc_ruta,km,cant_participantes,desc_participante,calle_avenida_km,total,heridos_leves,heridos_graves,heridos_gravisimos,ilesos,fallecidos,sin_datos,posicion_XY,desc_tipo_via,desc_ruta_ori,desc_loc,desc_dpto,desc_tipo_calzada,desc_tipo_banquina,desc_unidad_regional,desc_lugar_calzada,desc_zona,desc_prioridad,desc_estado_semaforo,desc_lugar_via,desc_estado_via,desc_estado_visibilidad,desc_luminosidad,desc_estado_clima,desc_tipo_colision,desc_tipo_atropello,desc_tipo_hecho,desc_pres_calzada,desc_senializacion,desc_separacion_via,desc_restriccion
2018,5886,2018-08-11,Sabado,0,09:20:00,,0.0,2,"Automóvil,Automóvil",Rodriguez Y Fragata Sarmiento,3,2,0,0,1,0,0,"-32.989134493586, -60.670467579697",Calle,,ROSARIO,Rosario,Asfalto,No existe,II,S/D,Urbana,Ninguna,No existe,Intersección,Bueno,Buena,Diurna,Buen Tiempo,Lateral,S/D,Colisión,Ninguna,Faltante,Ninguna,Sin restricción
2018,5887,2018-08-16,Jueves,0,12:15:00,,0.0,2,"Moto/Ciclomotor,Automóvil",Bv. 27 De Febrero 1100,2,1,0,0,1,0,0,"-32.967527777778,-60.6435",Calle,,ROSARIO,Rosario,Asfalto,No existe,II,S/D,Urbana,Ninguna,No existe,Recta,Bueno,Buena,Diurna,Buen Tiempo,De alcance,S/D,Colisión,Ninguna,S/D,Ninguna,Sin restricción
2018,5888,2018-08-10,Viernes,0,21:15:00,,0.0,2,"Taxi/Remis,Automóvil",Dorrego Y Bv. Segui,4,2,0,0,2,0,0,"-32.977055555556,-60.657444444444",Calle,,ROSARIO,Rosario,Asfalto,No existe,II,S/D,Urbana,Ninguna,No existe,Intersección,Bueno,Buena,Nocturna,Buen Tiempo,Lateral,S/D,Colisión,Ninguna,Faltante,Ninguna,Sin restricción
2018,5889,2018-08-23,Jueves,0,19:05:00,,0.0,2,"Peatón,Moto/Ciclomotor",Mendoza Y Donado,2,0,1,0,1,0,0,"-32.940694444444,-60.726972222222",Calle,,ROSARIO,Rosario,Asfalto,Pavimento,II,Dentro,Urbana,Semáforo,Funciona,Recta,Bueno,S/D,"Diurna,Con luz artificial",S/D,S/D,Peatón,Atropello,S/D,Vertical,Cordón divisorio,Sin restricción
2018,5890,2018-08-12,Domingo,0,03:40:00,,0.0,2,"Automóvil,Moto/Ciclomotor",San Martin Y Av. Battle y Ordo?ez,3,2,0,0,1,0,0,"-33.008888888889,-60.650666666667",Avenida,,ROSARIO,Rosario,Asfalto,No existe,II,S/D,Urbana,Ninguna,No existe,Intersección,Bueno,Buena,Nocturna,Buen Tiempo,Lateral,S/D,Colisión,Ninguna,Faltante,Ninguna,Sin restricción
2018,5891,2018-08-01,Miercoles,0,18:00:00,,0.0,2,"Moto/Ciclomotor,Moto/Ciclomotor",Bv. Avellaneda Y Rueda,2,0,1,0,0,0,1,"-32.963722222222,-60.68525",Calle,,ROSARIO,Rosario,Asfalto,No existe,II,S/D,Urbana,Ninguna,No existe,Otro,Bueno,Buena,Con luz artificial,Buen Tiempo,Otro,S/D,Colisión,Ninguna,Faltante,Ninguna,Sin restricción
2018,5893,2018-08-16,Jueves,0,,,0.0,2,"Moto/Ciclomotor,Automóvil",Caicobe ,2,1,0,0,1,0,0,"-32.91288, -60.72959",Calle,,ROSARIO,Rosario,Asfalto,No existe,II,S/D,Urbana,Ninguna,No existe,Intersección,Bueno,Buena,Diurna,Buen Tiempo,Lateral,S/D,Colisión,Ninguna,Faltante,Ninguna,Sin restricción
2018,5895,2018-08-21,Martes,0,09:15:00,,0.0,2,"Moto/Ciclomotor,Automóvil",San Nicolas Y Pasco,2,0,1,0,0,0,1,"-32.953444444444,-60.675638888889",Calle,,ROSARIO,Rosario,Asfalto,No existe,II,S/D,Urbana,Ninguna,No existe,Otro,Bueno,Buena,Diurna,Buen Tiempo,Frontal,S/D,Colisión,Ninguna,Faltante,Ninguna,Sin restricción
2018,5896,2018-08-15,Miercoles,0,08:25:00,,0.0,2,"Automóvil,Moto/Ciclomotor",Martinez Estrada Y Tarragona,2,2,0,0,0,0,0,"-32.93632, -60.73427",Calle,,ROSARIO,Rosario,Asfalto,No existe,II,S/D,Urbana,Ninguna,No existe,Intersección,Bueno,Buena,Diurna,Buen Tiempo,Lateral,S/D,Colisión,Ninguna,Faltante,Ninguna,Sin restricción
2018,5897,2018-08-10,Viernes,0,17:30:00,,0.0,2,"Moto/Ciclomotor,Pickup/Utilitario",Reg.11 de Infanteria Y Ayacucho,2,1,0,0,1,0,0,"-32.998416666667,-60.636444444444",Calle,,ROSARIO,Rosario,Asfalto,No existe,II,Dentro,Urbana,Ninguna,No existe,Intersección,Bueno,Buena,Diurna,Buen Tiempo,Lateral,S/D,Colisión,Ninguna,Faltante,Ninguna,Sin restricción
2018,5898,2018-08-14,Martes,0,11:40:00,,0.0,2,"Automóvil,Moto/Ciclomotor",Servando Bayo Y Ituzaingo,2,1,0,0,0,0,1,"-32.952416666667,-60.688222222222",S/D,,ROSARIO,Rosario,Asfalto,No existe,II,S/D,Urbana,Ninguna,No existe,Otro,Con baches,Buena,Diurna,Buen Tiempo,Frontal,S/D,Colisión,Ninguna,Faltante,Ninguna,Sin restricción
2018,5899,2018-08-01,Miercoles,0,17:10:00,,0.0,2,"Moto/Ciclomotor,Automóvil",Paraguay Y Juan Canals,2,0,1,0,1,0,0,"-32.988388888889,-60.654555555556",Calle,,ROSARIO,Rosario,Asfalto,S/D,II,S/D,Urbana,Ninguna,No existe,Recta,Bueno,Buena,Atardecer,Buen Tiempo,De alcance,S/D,Colisión,Ninguna,Faltante,Ninguna,Sin restricción
2018,5900,2018-08-06,Lunes,0,17:00:00,,0.0,2,"Automóvil,Moto/Ciclomotor",Bv. Segui Y Callao,2,1,0,0,1,0,0,"-32.97525,-60.668361111111",Calle,,ROSARIO,Rosario,Asfalto,No existe,II,S/D,Urbana,Ninguna,No existe,Intersección,Bueno,Buena,Diurna,Buen Tiempo,Lateral,S/D,Colisión,Ninguna,Faltante,Ninguna,Sin restricción
2018,5901,2018-08-31,Viernes,0,16:50:00,,0.0,3,"Automóvil,Automóvil,Moto/Ciclomotor",Donado Y Av. Jorge Newbery,4,1,1,0,2,0,0,"-32.908277777778,-60.728388888889",Avenida,,ROSARIO,Rosario,Asfalto,No existe,II,S/D,Urbana,Ninguna,No existe,Intersección,Bueno,Buena,Diurna,Buen Tiempo,Lateral,S/D,Colisión,Ninguna,S/D,Ninguna,Sin restricción
2018,5902,2018-08-01,Miercoles,0,19:00:00,,0.0,2,"Moto/Ciclomotor,Automóvil",Anchorena Y San Martin,2,1,0,0,1,0,0,"-32.99775,-60.648166666667",Calle,,ROSARIO,Rosario,Asfalto,No existe,II,S/D,Urbana,Semáforo,Funciona,Intersección,Bueno,Buena,Atardecer,Buen Tiempo,Lateral,S/D,Colisión,Ninguna,Horizontal,Cordón divisorio,Sin restricción
2018,5903,2018-08-05,Domingo,0,19:30:00,,0.0,2,"Moto/Ciclomotor,Automóvil",Abanderado Grandoli Y Isola Bis,2,1,0,0,1,0,0,"-32.991367914512, -60.628659648873",Calle,,ROSARIO,Rosario,Asfalto,No existe,II,S/D,Urbana,Semáforo,Funciona,Recta,Bueno,Buena,Nocturna,Buen Tiempo,De alcance,S/D,Colisión,Ninguna,"Horizontal,Vertical",Ninguna,Sin restricción
2018,5904,2018-03-19,Lunes,0,20:00:00,,0.0,2,"Moto/Ciclomotor,Moto/Ciclomotor",Bv Belgrano Y Roque Saenz Pe?a,2,2,0,0,0,0,0,"-29.888585,-60.282567",Calle,,CALCHAQUÍ,Vera,S/D,S/D,XIX,Dentro,Urbana,S/D,S/D,Intersección,S/D,S/D,Diurna,S/D,S/D,S/D,Colisión,S/D,S/D,S/D,S/D
2018,5905,2018-04-24,Martes,0,17:15:00,Autopista Nacional A008,0.0,2,"Automóvil,Moto/Ciclomotor",Av. Circunvalacion Y Rivarola,3,2,0,0,1,0,0,"-32.966006, -60.719088",Autopista,A008,ROSARIO,Rosario,Asfalto,No existe,II,Dentro,Urbana,Otra Señal,No existe,Intersección,Bueno,Buena,Atardecer,Buen Tiempo,S/D,S/D,Colisión,Ninguna,Vertical,Ninguna,Sin restricción
2018,5906,2018-04-24,Martes,0,22:30:00,,0.0,2,"Automóvil,Automóvil",Pascual Rosas Y Av. Pte.Peron,3,1,0,0,2,0,0,"-32.958409, -60.691145",Avenida,,ROSARIO,Rosario,Asfalto,No existe,II,Dentro,Urbana,Semáforo,Funciona,Intersección,Bueno,Buena,"Nocturna,Con luz artificial",Buen Tiempo,S/D,S/D,Colisión,Ninguna,"Horizontal,Vertical","Cordón divisorio,Línea divisoria pintada",Sin restricción
2018,5907,2018-04-24,Martes,0,,,0.0,2,"Moto/Ciclomotor,Automóvil",Bv. 27 De Febrero 930,2,1,0,0,1,0,0,"-32.967980, -60.641129",Avenida,,ROSARIO,Rosario,Asfalto,No existe,II,Dentro,Urbana,Semáforo,Funciona,Recta,Bueno,Buena,S/D,Buen Tiempo,S/D,S/D,Colisión,Ninguna,"Horizontal,Vertical","Cordón divisorio,Línea divisoria pintada",Sin restricción
2018,5908,2018-04-24,Martes,0,11:20:00,,0.0,1,Moto/Ciclomotor,San Luis Y Rivadavia,1,1,0,0,0,0,0,"-33.149222, -61.479210",Calle,,AREQUITO,Caseros,S/D,No existe,XV,Dentro,Urbana,S/D,S/D,Intersección,S/D,S/D,Diurna,Buen Tiempo,S/D,S/D,Despiste,S/D,S/D,Ninguna,Sin restricción
2018,5909,2018-04-24,Martes,0,,,0.0,2,"Automóvil,Moto/Ciclomotor",Calle 34 Y Calle 44-27 de Abril,2,1,0,0,1,0,0,"-29.134773, -59.654921",Calle,,RECONQUISTA,General Obligado,Asfalto,Natural,IX,Dentro,Urbana,Paso Peatonal,No existe,Intersección,Bueno,Buena,S/D,Buen Tiempo,S/D,S/D,Colisión,Ninguna,Horizontal,"Cordón divisorio,Línea divisoria pintada",Sin restricción
2018,5910,2018-04-24,Martes,0,,,0.0,1,Automóvil,Calle 19 Y Calle 8,2,2,0,0,0,0,0,"-28.354376, -59.260525",Calle,,LAS TOSCAS,General Obligado,Hormigón,No existe,IX,Fuera,Urbana,Ninguna,No existe,Recta,Deteriorada,Buena,Nocturna,Buen Tiempo,Contra objeto fijo,S/D,Colisión,Ninguna,Faltante,Ninguna,Sin restricción
2018,5911,2018-04-24,Martes,0,,,0.0,1,Moto/Ciclomotor,Jose de San Martin 1200,2,1,0,0,1,0,0,"-31.973795, -60.917853",Avenida,,CORONDA,San Jerónimo,Hormigón,No existe,XV,Dentro,Urbana,Ninguna,No existe,Recta,Bueno,Buena,S/D,Buen Tiempo,Lateral,S/D,Colisión,Ninguna,Horizontal,Línea divisoria pintada,Sin restricción
2018,5912,2018-04-24,Martes,0,,,0.0,1,Automóvil,Bv 25 de mayo Y Mendoza,6,3,0,0,3,0,0,"-31.900710, -61.855191",Avenida,,SAN JORGE,San Martín,Hormigón,No existe,XVIII,Dentro,Urbana,Ninguna,No existe,Recta,Deteriorada,Buena,S/D,Buen Tiempo,Contra objeto fijo,S/D,Colisión,Ninguna,Faltante,Ninguna,Sin restricción
2018,5913,2018-04-02,Lunes,0,,Ruta Provincial 23,0.0,2,"Moto/Ciclomotor,Moto/Ciclomotor",JUJUY Y RUTA PROVINCIAL 23,3,2,1,0,0,0,0,"-30.350927487335, -61.908262543116",Ruta,23,SAN GUILLERMO,San Cristóbal,"Hormigón,Ripio",Natural,XIII,Dentro,Urbana,Ninguna,No existe,Intersección,S/D,S/D,S/D,S/D,Lateral,S/D,Colisión,S/D,Faltante,Línea divisoria pintada,Sin restricción
2018,5914,2018-04-01,Domingo,0,19:00:00,Ruta Nacional 11,439.0,1,Pickup/Utilitario, ,2,1,0,0,0,1,0,"-31.83875,-60.87784",Ruta,11,DESVÍO ARIJÓN,San Jerónimo,Asfalto,Natural,XV,Dentro,Rural,Ninguna,No existe,Recta,Bueno,Reducida,Atardecer,Buen Tiempo,S/D,S/D,Vuelco,Ninguna,Faltante,"Línea divisoria pintada,S/D",Sin restricción
2018,5916,2018-04-25,Miercoles,0,,,0.0,2,"Moto/Ciclomotor,Automóvil",Av Pe?aloza 5800,2,1,0,0,1,0,0,"-31.616086, -60.713122",Avenida,,SANTA FE,La Capital,Hormigón,No existe,I,Dentro,Urbana,Semáforo,Funciona,Recta,Bueno,Buena,S/D,Buen Tiempo,De alcance,S/D,Colisión,Ninguna,"Horizontal,Vertical","Cordón divisorio,Vegetación",Sin restricción
2018,5917,2018-08-17,Viernes,0,17:20:00,,0.0,3,"Automóvil,Automóvil,Bicicleta",Ugarteche Y Cam De Las Carretas,3,3,0,0,0,0,0,"-32.934583333333,-60.759277777778",Calle,,ROSARIO,Rosario,Asfalto,No existe,II,Dentro,Urbana,Ninguna,S/D,Intersección,Bueno,Buena,Diurna,Buen Tiempo,Lateral,Ciclista,Atropello,Ninguna,S/D,Ninguna,Sin restricción
2018,5918,2018-08-06,Lunes,0,11:00:00,,0.0,2,"Moto/Ciclomotor,Automóvil",Mitre Y Pte.Quintana,2,1,0,0,1,0,0,"-32.982277777778,-60.648638888889",Calle,,ROSARIO,Rosario,Asfalto,No existe,II,S/D,Urbana,Ninguna,No existe,Curva,Bueno,Buena,Diurna,Buen Tiempo,Lateral,S/D,Colisión,Ninguna,Faltante,Ninguna,Sin restricción
2018,5919,2018-08-21,Martes,0,21:30:00,,0.0,1,Moto/Ciclomotor,Av. Genova Y Tarragona Bis,1,1,0,0,0,0,0,"-32.916583333333,-60.735138888889",Calle,,ROSARIO,Rosario,Asfalto,No existe,II,Dentro,Urbana,Ninguna,S/D,Intersección,Bueno,Buena,Nocturna,Buen Tiempo,Atropello animal,S/D,Caída ocupante,Ninguna,S/D,Ninguna,Sin restricción
2018,5920,2018-08-03,Viernes,0,12:55:00,,0.0,2,"Bicicleta,Automóvil",San Martin Y F.Frias,2,1,0,0,0,0,1,"-33.012027777778,-60.651222222222",Calle,,ROSARIO,Rosario,Asfalto,No existe,II,S/D,Urbana,Semáforo,Funciona,Intersección,Bueno,Buena,S/D,Buen Tiempo,S/D,Ciclista,Atropello,Agua,"Horizontal,Vertical",Línea divisoria pintada,Sin restricción
2018,5921,2018-08-27,Lunes,0,21:20:00,Autopista Nacional A008,0.0,1,Moto/Ciclomotor,J.J.Paso Y Av. Circunvalacion,1,1,0,0,0,0,0,"-32.92051, -60.72367",Autopista,A008,ROSARIO,Rosario,Asfalto,No existe,II,Dentro,Urbana,Ninguna,Funciona,Intersección,Bueno,Buena,Nocturna,Buen Tiempo,S/D,S/D,Caída ocupante,Ninguna,S/D,Ninguna,Sin restricción
2018,5922,2018-08-13,Lunes,0,17:30:00,,0.0,1,Peatón,Av. Eva Peron Y Tarragona,1,1,0,0,0,0,0,"-32.929194444444,-60.734472222222",Avenida,,ROSARIO,Rosario,Asfalto,No existe,II,Dentro,Urbana,Ninguna,S/D,Otro,Bueno,Buena,Diurna,Buen Tiempo,S/D,Peatón,Atropello,Ninguna,S/D,Cordón divisorio,Sin restricción
2018,5923,2018-08-18,Sabado,0,20:13:00,,0.0,2,"Automóvil,Bicicleta",Elorza Y Gral Paz,2,1,0,0,1,0,0,"-32.91421, -60.81306",Calle,,FUNES,Rosario,Asfalto,No existe,II,Dentro,Urbana,Ninguna,S/D,Intersección,Resbaladiza,Reducida,Con luz artificial,Lluvia,S/D,Ciclista,Atropello,Agua,S/D,S/D,Sin restricción
2018,5924,2018-08-04,Sabado,0,22:30:00,,0.0,2,"Moto/Ciclomotor,Automóvil",Av. Provincias Unidas Y French,4,1,0,0,3,0,0,"-32.921777777778,-60.713388888889",Avenida,,ROSARIO,Rosario,Asfalto,No existe,II,Dentro,Urbana,Ninguna,No existe,Intersección,Bueno,Buena,Nocturna,Buen Tiempo,S/D,S/D,Colisión,Ninguna,S/D,Cordón divisorio,Sin restricción
2018,5925,2018-08-06,Lunes,0,13:35:00,,0.0,3,"Automóvil,Pickup/Utilitario,Pickup/Utilitario",Bv. Segui 1400,4,2,0,0,2,0,0,"-32.97825,-60.650583333333",Calle,,ROSARIO,Rosario,Asfalto,No existe,II,S/D,Urbana,S/D,No existe,Recta,Bueno,Buena,Diurna,Buen Tiempo,Múltiple,S/D,Colisión,Ninguna,"Horizontal,Vertical",S/D,Sin restricción
2018,5926,2018-03-17,Sabado,0,10:10:00,Ruta Nacional 9,0.0,2,"Automóvil,Moto/Ciclomotor",Tucuman ,2,1,0,0,1,0,0,"-32.92213, -60.80735",Ruta,9,FUNES,Rosario,Asfalto,Ripio,II,Dentro,Urbana,S/D,S/D,Intersección,Bueno,Buena,Diurna,Buen Tiempo,S/D,S/D,Colisión,Ninguna,S/D,S/D,Sin restricción
2018,5927,2018-08-01,Miercoles,0,21:20:00,,0.0,2,"Pickup/Utilitario,Automóvil",Av. Eva Peron Y Ambrosetti,5,3,0,0,2,0,0,"-32.92861, -60.73783",Avenida,,ROSARIO,Rosario,Asfalto,No existe,II,Dentro,Urbana,Ninguna,S/D,Recta,Bueno,Buena,Nocturna,Buen Tiempo,De alcance,S/D,Colisión,Ninguna,S/D,S/D,Sin restricción
2018,5928,2018-08-08,Miercoles,0,08:00:00,,0.0,2,"Automóvil,Bicicleta",Bv. Oro?o Y Saavedra,2,0,0,0,1,0,1,"-32.975194444444,-60.661416666667",Calle,,ROSARIO,Rosario,Asfalto,No existe,II,S/D,Urbana,Ninguna,S/D,Intersección,Bueno,Buena,Diurna,Buen Tiempo,Lateral,S/D,Colisión,S/D,Faltante,Ninguna,Sin restricción
2018,5929,2018-08-16,Jueves,0,12:55:00,,0.0,2,"Pickup/Utilitario,Peatón",Irigoyen Y Ramirez,2,1,0,0,1,0,0,"-32.92419, -60.81165",Calle,,FUNES,Rosario,Asfalto,No existe,II,Dentro,Urbana,S/D,S/D,Intersección,Bueno,Buena,Diurna,Buen Tiempo,S/D,Peatón,Atropello,Ninguna,S/D,S/D,Sin restricción
2018,5930,2018-08-24,Viernes,0,07:30:00,,0.0,2,"Moto/Ciclomotor,Automóvil",Av. Eva Peron ,3,1,0,0,2,0,0,"-32.93143, -60.72181",Calle,,ROSARIO,Rosario,Asfalto,No existe,II,Dentro,Urbana,Ninguna,Funciona,Intersección,Bueno,Buena,Diurna,Buen Tiempo,S/D,S/D,Colisión,Ninguna,S/D,Ninguna,Sin restricción
2018,5931,2018-08-02,Jueves,0,08:40:00,,0.0,2,"Automóvil,Peatón",San Martin Y Ayolas,2,1,0,0,1,0,0,"-32.977027777778,-60.644388888889",Avenida,,ROSARIO,Rosario,S/D,S/D,II,S/D,Urbana,S/D,S/D,S/D,S/D,S/D,S/D,S/D,S/D,Peatón,Atropello,S/D,S/D,S/D,S/D
2018,5932,2018-08-16,Jueves,0,12:00:00,Ruta Nacional 9,0.0,2,"Pickup/Utilitario,Moto/Ciclomotor",MARMOL ,3,1,0,0,2,0,0,"-32.92332, -60.79206",Ruta,9,FUNES,Rosario,Asfalto,Ripio,II,Dentro,Urbana,S/D,S/D,Intersección,Bueno,Buena,Diurna,Buen Tiempo,S/D,S/D,Colisión,Ninguna,S/D,S/D,Sin restricción
2018,5933,2018-08-19,Domingo,0,18:15:00,,0.0,2,"Moto/Ciclomotor,Automóvil",Bv. Argentino Y Tarragona,5,3,1,0,1,0,0,"-32.924361111111,-60.734666666667",Calle,,ROSARIO,Rosario,Asfalto,No existe,II,Dentro,Urbana,Ninguna,S/D,Intersección,Bueno,Buena,Diurna,Buen Tiempo,S/D,S/D,Colisión,Ninguna,S/D,Ninguna,Sin restricción
2018,5934,2018-08-08,Miercoles,0,07:30:00,,0.0,2,"Automóvil,Pickup/Utilitario",Sarmiento Y Pje. Gral.Savio,2,0,1,0,1,0,0,"-32.996504347912, -60.649167922375",Calle,,ROSARIO,Rosario,Asfalto,No existe,II,S/D,Urbana,Ninguna,No existe,Intersección,Bueno,Buena,Diurna,Buen Tiempo,De alcance,S/D,Colisión,Ninguna,Faltante,Ninguna,Sin restricción
2018,5935,2018-08-14,Martes,0,17:05:00,,0.0,2,"Bicicleta,Automóvil",Tarragona Y Av. Eva Peron,2,1,0,0,0,0,1,"-32.92917, -60.73452",Avenida,,ROSARIO,Rosario,Asfalto,No existe,II,Dentro,Urbana,Ninguna,S/D,Intersección,Bueno,Buena,Diurna,Buen Tiempo,De alcance,Ciclista,"Caída ocupante,Atropello",Ninguna,S/D,Cordón divisorio,Sin restricción
2018,5936,2018-08-13,Lunes,0,19:20:00,Ruta Nacional 9,0.0,2,"Automóvil,Moto/Ciclomotor",INDEPENDENCIA ,3,2,0,0,1,0,0,"-32.9055, -60.90874",Ruta,9,FUNES,Rosario,Asfalto,Pavimento,II,Dentro,Urbana,S/D,S/D,Intersección,Bueno,Buena,Atardecer,Buen Tiempo,S/D,S/D,Colisión,Ninguna,S/D,S/D,Sin restricción
2018,5937,2018-08-02,Jueves,0,18:10:00,,0.0,2,"Moto/Ciclomotor,Automóvil",Av. Battle y Ordo?ez Y Paraguay,2,0,0,0,0,0,2,"-33.009,-60.654472222222",Avenida,,ROSARIO,Rosario,Asfalto,No existe,II,S/D,Urbana,Ninguna,Funciona,Intersección,Bueno,Buena,Atardecer,Buen Tiempo,Lateral,S/D,Colisión,S/D,Faltante,Ninguna,Sin restricción
2018,5938,2018-08-22,Miercoles,0,20:15:00,,0.0,3,"Moto/Ciclomotor,Moto/Ciclomotor,Otros",Juan B.De La Salle Y Ecuador Bis,3,3,0,0,0,0,0,"-32.922555555556,-60.715777777778",Calle,,ROSARIO,Rosario,Asfalto,No existe,II,Dentro,Urbana,Ninguna,No existe,Recta,Bueno,Buena,Nocturna,Buen Tiempo,De alcance,S/D,Colisión,Ninguna,Faltante,Ninguna,Sin restricción
2018,5939,2018-08-08,Miercoles,0,00:15:00,,0.0,2,"Automóvil,Automóvil",Av. Arijon ,2,1,0,0,1,0,0,"-33.003022588327, -60.649866381978",Avenida,,ROSARIO,Rosario,S/D,S/D,II,Dentro,Urbana,S/D,S/D,S/D,S/D,S/D,Nocturna,S/D,S/D,S/D,S/D,S/D,S/D,S/D,S/D
2018,5940,2018-08-14,Martes,0,20:25:00,,0.0,2,"Automóvil,Moto/Ciclomotor",Soldado Aguirre Y Av Caferata,3,1,1,0,1,0,0,"-33.029416666667,-60.641166666667",Avenida,,VILLA GOBERNADOR GÁLVEZ,Rosario,Tierra,No existe,II,S/D,Urbana,Ninguna,No existe,Intersección,Bueno,Buena,Nocturna,Buen Tiempo,S/D,S/D,Colisión,Ninguna,Faltante,Cordón divisorio,Sin restricción
2018,5941,2018-08-12,Domingo,0,23:45:00,Ruta Nacional 9,0.0,3,"Automóvil,Automóvil,Automóvil",URQUIZA ,4,1,0,0,3,0,0,"-32.9055, -60.90874",Ruta,9,FUNES,Rosario,Asfalto,Ripio,II,Dentro,Urbana,S/D,S/D,Intersección,Bueno,Buena,Nocturna,Buen Tiempo,S/D,S/D,Colisión,Ninguna,S/D,S/D,Sin restricción
2018,5942,2018-08-01,Miercoles,0,21:30:00,,0.0,2,"Moto/Ciclomotor,Automóvil",San Martin Y Av. Arijon,2,1,0,0,0,0,1,"-33.003027777778,-60.649277777778",Calle,,ROSARIO,Rosario,Asfalto,No existe,II,S/D,Urbana,Ninguna,Funciona,Recta,Bueno,Buena,Nocturna,Buen Tiempo,Lateral,S/D,Colisión,Ninguna,Faltante,Ninguna,Sin restricción
2018,5943,2018-08-02,Jueves,0,12:50:00,,0.0,2,"Automóvil,Vehículo Oficial",Dorrego Y Dean Funes,2,2,0,0,0,0,0,"-32.973638888889,-60.656583333333",Calle,,ROSARIO,Rosario,Asfalto,No existe,II,S/D,Urbana,Ninguna,No existe,Intersección,Bueno,Buena,Diurna,Buen Tiempo,Lateral,S/D,Colisión,Ninguna,Faltante,Ninguna,Sin restricción
2018,5944,2018-08-15,Miercoles,0,05:30:00,,0.0,2,"Pickup/Utilitario,Bicicleta",Ing Mosconi Y Iriondo,2,1,0,0,1,0,0,"-33.025694444444,-60.635833333333",Calle,,VILLA GOBERNADOR GÁLVEZ,Rosario,Asfalto,No existe,II,S/D,Urbana,Ninguna,No existe,Intersección,Bueno,Buena,Nocturna,Buen Tiempo,S/D,Ciclista,Atropello,Ninguna,Faltante,Ninguna,Sin restricción
2018,5945,2018-08-24,Viernes,0,16:50:00,,0.0,2,"Moto/Ciclomotor,Automóvil",Avellaneda Y Mitre,3,1,0,0,2,0,0,"-33.024388888889,-60.630388888889",Calle,,VILLA GOBERNADOR GÁLVEZ,Rosario,Asfalto,No existe,II,S/D,Urbana,Ninguna,No existe,Intersección,Bueno,Buena,Diurna,Buen Tiempo,S/D,S/D,Colisión,Ninguna,Faltante,Ninguna,Sin restricción
2018,5946,2018-08-09,Jueves,0,03:30:00,,0.0,2,"Transporte de Pasajeros Urbano (> 8 asientos),Moto/Ciclomotor",Eva Peron Y Pasteur,2,0,1,0,1,0,0,"-33.027777777778,-60.623944444444",Calle,,VILLA GOBERNADOR GÁLVEZ,Rosario,Asfalto,No existe,II,S/D,Urbana,Ninguna,No existe,Intersección,Bueno,Buena,Nocturna,Buen Tiempo,S/D,S/D,Colisión,Ninguna,Faltante,Ninguna,Sin restricción
2018,5947,2018-08-01,Miercoles,0,16:30:00,,0.0,2,"Moto/Ciclomotor,Automóvil",Anchorena Y Serrano,3,1,0,0,2,0,0,"-32.99725,-60.632",Calle,,ROSARIO,Rosario,Asfalto,No existe,II,Dentro,Urbana,Ninguna,S/D,Intersección,Bueno,Buena,Diurna,Buen Tiempo,Lateral,S/D,Colisión,Ninguna,Faltante,Ninguna,Sin restricción
2018,5948,2018-08-06,Lunes,0,19:15:00,,0.0,2,"Moto/Ciclomotor,Peatón",Mitre Y P Opicci,2,1,0,0,1,0,0,"-33.0245,-60.6345",Calle,,VILLA GOBERNADOR GÁLVEZ,Rosario,Asfalto,No existe,II,S/D,Urbana,Semáforo,Funciona,Recta,Bueno,Buena,Atardecer,Buen Tiempo,S/D,Peatón,Atropello,Ninguna,Horizontal,Ninguna,Sin restricción
2018,5949,2018-08-10,Viernes,0,17:50:00,Autopista Nacional Rosario -Cordoba,304.0,2,"Pickup/Utilitario,Automóvil", ,6,4,0,0,2,0,0,"-32.94924, -60.74345",Autopista,Rosario -Córdoba,FUNES,Rosario,Asfalto,Natural,II,Dentro,Rural,S/D,S/D,Recta,Bueno,Buena,Diurna,Buen Tiempo,S/D,S/D,Colisión,Ninguna,S/D,S/D,Sin restricción
2018,5950,2018-08-25,Sabado,0,13:00:00,,0.0,2,"Automóvil,Moto/Ciclomotor",Soldado Aguirre Y Magallanes,2,1,0,0,1,0,0,"-33.029555555556,-60.637027777778",Calle,,VILLA GOBERNADOR GÁLVEZ,Rosario,Asfalto,No existe,II,S/D,Urbana,Otra Señal,No existe,Intersección,Bueno,Buena,Diurna,Buen Tiempo,S/D,S/D,Colisión,Ninguna,Horizontal,Cordón divisorio,Sin restricción
2018,5951,2018-08-11,Sabado,0,10:05:00,,0.0,2,"Automóvil,Moto/Ciclomotor",Belgrano Y Almte Brown,2,1,0,0,1,0,0,"-33.030777777778,-60.625583333333",Calle,,VILLA GOBERNADOR GÁLVEZ,Rosario,Asfalto,No existe,II,S/D,Urbana,Ninguna,No existe,Intersección,Con baches,Buena,Diurna,Buen Tiempo,S/D,S/D,Colisión,Ninguna,Faltante,Ninguna,Sin restricción