anio_acci,nro_acci,fecha,desc_dia,fecha_aprox,hora_aprox,desc_ruta,km,cant_participantes,desc_participante,calle_avenida_km,total,heridos_leves,heridos_graves,heridos_gravisimos,ilesos,fallecidos,sin_datos,posicion_XY,desc_tipo_via,desc_ruta_ori,desc_loc,desc_dpto,desc_tipo_calzada,desc_tipo_banquina,desc_unidad_regional,desc_lugar_calzada,desc_zona,desc_prioridad,desc_estado_semaforo,desc_lugar_via,desc_estado_via,desc_estado_visibilidad,desc_luminosidad,desc_estado_clima,desc_tipo_colision,desc_tipo_atropello,desc_tipo_hecho,desc_pres_calzada,desc_senializacion,desc_separacion_via,desc_restriccion
2018,5952,2018-08-10,Viernes,0,17:50:00,,0.0,2,"Automóvil,Bicicleta",Artigas Y Las heras,3,2,0,0,1,0,0,"-33.03775,-60.627527777778",Calle,,VILLA GOBERNADOR GÁLVEZ,Rosario,Asfalto,No existe,II,S/D,Urbana,Ninguna,No existe,Intersección,Bueno,Buena,Diurna,Buen Tiempo,S/D,Ciclista,Atropello,Ninguna,Faltante,Ninguna,Sin restricción
2018,5953,2018-08-07,Martes,0,13:30:00,Ruta Provincial 21,286.0,2,"Moto/Ciclomotor,Moto/Ciclomotor", ,3,3,0,0,0,0,0,"-33.05981, -60.59577",Ruta,21,ALVEAR,Rosario,Asfalto,Natural,II,Dentro,Rural,Ninguna,No existe,Recta,Resbaladiza,Buena,Diurna,Buen Tiempo,Otro,S/D,Caída ocupante,Material Suelto,S/D,Línea divisoria pintada,S/D
2018,5954,2018-08-09,Jueves,0,17:10:00,,0.0,2,"Pickup/Utilitario,Moto/Ciclomotor",LEJARZA Y FLORENCIO VARELA,3,2,0,0,1,0,0,"-32.90863, -60.79835",Calle,,FUNES,Rosario,S/D,No existe,II,Dentro,Urbana,S/D,S/D,Intersección,Bueno,Buena,Diurna,Buen Tiempo,S/D,S/D,Colisión,Ninguna,S/D,S/D,Sin restricción
2018,5956,2018-08-06,Lunes,0,19:40:00,,0.0,2,"Automóvil,Bicicleta",Pedro Rios Y Irigoyen,2,1,0,0,1,0,0,"-32.91702, -60.80969",Calle,,FUNES,Rosario,Asfalto,No existe,II,Dentro,Urbana,S/D,S/D,Intersección,Bueno,Buena,Atardecer,Buen Tiempo,S/D,Ciclista,Atropello,Ninguna,S/D,S/D,Sin restricción
2018,5957,2018-08-24,Viernes,0,10:00:00,,0.0,2,"Automóvil,Moto/Ciclomotor",Avenida Am?rica 2070,2,1,0,0,1,0,0,"-33.058305555556,-60.615472222222",Avenida,,ALVEAR,Rosario,Asfalto,No existe,II,Dentro,Urbana,Ninguna,No existe,Recta,Bueno,Buena,Diurna,Buen Tiempo,Lateral,S/D,Colisión,Ninguna,S/D,Ninguna,S/D
2018,5958,2018-08-11,Sabado,0,19:30:00,,0.0,2,"Pickup/Utilitario,Moto/Ciclomotor",SAN MARTIN Y IRIGOYEN,2,1,0,0,1,0,0,"-33.07371, -60.57544",S/D,,PUEBLO ESTHER,Rosario,Ripio,No existe,II,S/D,Urbana,S/D,S/D,Intersección,S/D,S/D,Atardecer,S/D,De alcance,S/D,Colisión,Ninguna,Faltante,S/D,S/D
2018,5959,2018-08-05,Domingo,0,11:20:00,,0.0,2,"Automóvil,Moto/Ciclomotor",Buenos Aires Y Belgrano,3,2,0,0,1,0,0,"-32.91424, -60.80074",Calle,,FUNES,Rosario,Asfalto,No existe,II,Dentro,Urbana,S/D,S/D,Intersección,Bueno,Buena,Diurna,Buen Tiempo,S/D,S/D,Colisión,Ninguna,S/D,S/D,Sin restricción
2018,5960,2018-08-04,Sabado,0,22:15:00,,0.0,2,"Automóvil,Camión c / Semirremolque",Italia 2062,3,1,0,0,2,0,0,"-33.058888888889,-60.616638888889",Calle,,ALVEAR,Rosario,Tierra,No existe,II,Dentro,Urbana,Ninguna,No existe,Recta,Bueno,Buena,Nocturna,Buen Tiempo,Contra objeto fijo,S/D,Atropello,Ninguna,S/D,Ninguna,S/D
2018,5961,2018-04-24,Martes,0,16:00:00,,0.0,1,Bicicleta,Tucuman Y Cordoba,1,1,0,0,0,0,0,"-33.111441, -60.566216",Calle,,GENERAL LAGOS,Rosario,S/D,No existe,II,Dentro,Urbana,S/D,S/D,Intersección,S/D,S/D,S/D,S/D,S/D,Ciclista,Atropello,S/D,S/D,Ninguna,Sin restricción
2018,5963,2018-03-22,Jueves,0,,,0.0,1,Moto/Ciclomotor,1ro de Mayo Y J J Paso,1,1,0,0,0,0,0,"-31.662888888889,-60.715555555556",Calle,,SANTA FE,La Capital,Asfalto,No existe,I,Dentro,Urbana,S/D,No existe,Recta,Bueno,S/D,S/D,S/D,S/D,S/D,Caída ocupante,Ninguna,Horizontal,Cordón divisorio,S/D
2018,5964,2018-04-25,Miercoles,0,,,0.0,2,"Pickup/Utilitario,Bicicleta", ,3,2,0,0,1,0,0,"-33.461652, -61.488468",Calle,,FIRMAT,General López,S/D,S/D,VIII,Dentro,S/D,S/D,S/D,S/D,S/D,S/D,S/D,S/D,S/D,Ciclista,Atropello,S/D,S/D,S/D,S/D
2018,5965,2018-04-25,Miercoles,0,,,0.0,2,"Pickup/Utilitario,Moto/Ciclomotor",CALLE ?NICA DE BARRIO NUEVO ,2,1,0,0,1,0,0,"-28.350019,-59.258732",Calle,,LAS TOSCAS,General Obligado,Hormigón,No existe,IX,Dentro,Urbana,S/D,S/D,Intersección,Bueno,S/D,S/D,Buen Tiempo,S/D,S/D,Colisión,Ninguna,S/D,S/D,Sin restricción
2018,5966,2018-04-09,Lunes,0,,Ruta Provincial 70,0.0,2,"Moto/Ciclomotor,Automóvil",Bv Santa Fe Y Intendente Gimenez,2,1,0,0,1,0,0,"-31.254,-61.483111111111",Ruta,70,RAFAELA,Castellanos,S/D,No existe,V,S/D,Urbana,S/D,S/D,Intersección,S/D,S/D,S/D,S/D,S/D,S/D,Colisión,S/D,S/D,S/D,S/D
2018,5967,2018-04-27,Viernes,0,,,0.0,1,Moto/Ciclomotor,Azcuenaga 3190,2,1,0,0,1,0,0,"-31.675736, -60.776565",Avenida,,SANTO TOMÉ,La Capital,Hormigón,No existe,I,Dentro,Urbana,Ninguna,No existe,Recta,Bueno,Buena,S/D,Buen Tiempo,S/D,S/D,Despiste,Ninguna,Faltante,Ninguna,Sin restricción
2018,5968,2018-04-09,Lunes,0,,,0.0,2,"Automóvil,Automóvil",Belgrano Y Pje 24 de Setiembre,3,1,0,0,2,0,0,"-32.849111111111,-61.252416666667",Calle,,CORREA,Iriondo,S/D,S/D,X,S/D,Urbana,S/D,S/D,Intersección,S/D,S/D,S/D,S/D,S/D,S/D,Colisión,S/D,S/D,S/D,S/D
2018,5969,2018-04-27,Viernes,0,,,0.0,2,"Pickup/Utilitario,Moto/Ciclomotor",Santiago Y Dr.Rivas,4,2,0,0,2,0,0,"-32.980466, -60.665395",Calle,,ROSARIO,Rosario,Asfalto,No existe,II,Dentro,Urbana,Ninguna,No existe,Intersección,Bueno,Buena,S/D,Buen Tiempo,S/D,S/D,Colisión,Ninguna,Faltante,Ninguna,Sin restricción
2018,5970,2018-04-03,Martes,0,,Ruta Nacional 11,0.0,1,Automóvil, ,2,1,0,0,1,0,0,"-29.483477757232, -60.211295646219",Ruta,11,VERA,Vera,Asfalto,S/D,XIX,Dentro,Rural,S/D,S/D,Recta,S/D,S/D,S/D,S/D,Atropello animal,S/D,Colisión,S/D,S/D,S/D,S/D
2018,5971,2018-04-09,Lunes,0,20:55:00,,0.0,2,"Moto/Ciclomotor,Automóvil",Belgrano Y Lisandro de la Torre,3,1,0,0,2,0,0,"-32.033,-61.222222222222",Calle,,GÁLVEZ,San Jerónimo,S/D,S/D,XV,S/D,Urbana,S/D,S/D,Intersección,S/D,S/D,Nocturna,S/D,S/D,S/D,Colisión,S/D,S/D,S/D,S/D
2018,5972,2018-04-05,Jueves,0,,,0.0,2,"Taxi/Remis,Bicicleta",San Luis Y Gobernador Crespo,2,1,0,0,1,0,0,"-31.672972222222,-60.773222222222",Calle,,SANTO TOMÉ,La Capital,Asfalto,No existe,I,Dentro,Urbana,Ninguna,No existe,Intersección,S/D,S/D,S/D,S/D,S/D,Ciclista,Atropello,S/D,Faltante,Ninguna,Sin restricción
2018,5973,2018-04-27,Viernes,0,,,0.0,2,"Moto/Ciclomotor,Automóvil",Rodriguez Y Brown,2,1,0,0,1,0,0,"-32.933448, -60.656395",Calle,,ROSARIO,Rosario,Asfalto,No existe,II,Dentro,Urbana,Señal Pare,No existe,Intersección,Bueno,Buena,S/D,Buen Tiempo,S/D,S/D,Colisión,Ninguna,Vertical,Ninguna,Sin restricción
2018,5974,2018-04-05,Jueves,0,,,0.0,2,"Automóvil,Moto/Ciclomotor",General Manuel Belgrano 4200,2,1,0,0,1,0,0,"-31.687638888889,-60.765388888889",Calle,,SANTO TOMÉ,La Capital,Tierra,No existe,I,Dentro,Urbana,Ninguna,No existe,Intersección,S/D,S/D,S/D,S/D,Lateral,S/D,Colisión,S/D,Faltante,Ninguna,Sin restricción
2018,5975,2018-04-09,Lunes,0,,,0.0,2,"Automóvil,Automóvil",Belgrano Y Eva Peron,5,5,0,0,0,0,0,"-31.894626216482, -61.862696559570",Calle,,SAN JORGE,San Martín,S/D,S/D,XVIII,S/D,Urbana,S/D,S/D,Recta,S/D,S/D,S/D,S/D,S/D,S/D,Colisión,S/D,S/D,S/D,S/D
2018,5976,2018-04-05,Jueves,0,,,0.0,2,"Moto/Ciclomotor,Moto/Ciclomotor",Pje. 514 Y Pje. 509,2,1,0,0,1,0,0,"-33.012888888889,-60.659777777778",Calle,,ROSARIO,Rosario,Asfalto,No existe,II,Dentro,Urbana,Ninguna,No existe,Intersección,S/D,S/D,S/D,S/D,Lateral,S/D,Colisión,S/D,Faltante,Ninguna,Sin restricción
2018,5977,2018-04-24,Martes,0,,,0.0,1,Moto/Ciclomotor, ,1,0,1,0,0,0,0,"-32.940861, -60.634987",Calle,,ROSARIO,Rosario,Asfalto,No existe,II,Dentro,Urbana,Semáforo,Funciona,Intersección,Bueno,Buena,"Nocturna,Con luz artificial",Buen Tiempo,S/D,S/D,Despiste,Ninguna,"Horizontal,Vertical","Cordón divisorio,Vegetación,Línea divisoria pintada",Sin restricción
2018,5978,2018-04-05,Jueves,0,10:15:00,,0.0,2,"Automóvil,Bicicleta",Libertad Y Independencia,2,1,0,0,1,0,0,"-33.153675241979, -60.511720382745",Calle,,ARROYO SECO,Rosario,Asfalto,No existe,II,Dentro,Urbana,Ninguna,No existe,Intersección,S/D,S/D,Diurna,S/D,S/D,Ciclista,Atropello,S/D,Faltante,Cordón divisorio,Sin restricción
2018,5979,2018-04-05,Jueves,0,22:45:00,,0.0,2,"Automóvil,Moto/Ciclomotor",Bv. 27 De Febrero Y Lima,3,2,0,0,1,0,0,"-32.959666666667,-60.688638888889",Avenida,,ROSARIO,Rosario,Asfalto,No existe,II,Dentro,Urbana,Ninguna,No existe,Intersección,S/D,S/D,Nocturna,S/D,Lateral,S/D,Colisión,S/D,Faltante,Cordón divisorio,Sin restricción
2018,5980,2018-04-28,Sabado,0,,,0.0,2,"Moto/Ciclomotor,Pickup/Utilitario",Fray C Rodriguez Y Av Pe?aloza,2,1,0,0,1,0,0,"-31.618792, -60.713304",Avenida,,SANTA FE,La Capital,Asfalto,No existe,II,Dentro,Urbana,Semáforo,Funciona,Intersección,Bueno,Buena,S/D,Buen Tiempo,S/D,S/D,Colisión,Ninguna,"Horizontal,Vertical",Ninguna,Sin restricción
2018,5981,2018-04-28,Sabado,0,,,0.0,1,Moto/Ciclomotor,Av de Circunvalacion Y Cordoba,1,1,0,0,0,0,0,"-33.011750, -60.618309",Avenida,,VILLA GOBERNADOR GÁLVEZ,Rosario,Asfalto,No existe,II,Dentro,Urbana,Ninguna,No existe,Curva,Bueno,Buena,S/D,Buen Tiempo,S/D,S/D,Despiste,Ninguna,Horizontal,"Guardarrail,Línea divisoria pintada",Sin restricción
2018,5982,2018-04-09,Lunes,0,03:20:00,Ruta Secundaria 83-s,0.0,1,Moto/Ciclomotor, ,1,0,0,0,0,0,1,"-28.783927469969, -60.215390809282",Ruta,83-s,INTIYACO,Vera,S/D,S/D,XIX,S/D,Rural,S/D,S/D,Recta,S/D,S/D,S/D,S/D,Atropello animal,S/D,Colisión,S/D,S/D,S/D,S/D
2018,5983,2018-04-05,Jueves,0,,,0.0,2,"Automóvil,Automóvil",25 de Mayo Y Urquiza,3,0,1,0,2,0,0,"-33.118767496783, -61.704439461368",Calle,,SAN JOSÉDE LA ESQUINA,Caseros,Asfalto,No existe,II,Dentro,Urbana,Ninguna,No existe,Intersección,S/D,S/D,S/D,S/D,Lateral,S/D,Colisión,S/D,Faltante,Ninguna,Sin restricción
2018,5984,2018-04-28,Sabado,0,00:50:00,,0.0,2,"Moto/Ciclomotor,Moto/Ciclomotor",Peru Bis Y French,3,3,0,0,0,0,0,"-32.921793, -60.712190",Calle,,ROSARIO,Rosario,Asfalto,No existe,II,Dentro,Urbana,Ninguna,No existe,Intersección,Bueno,Buena,Nocturna,Buen Tiempo,S/D,S/D,Colisión,Ninguna,Faltante,Ninguna,Sin restricción
2018,5985,2018-04-10,Martes,0,11:05:00,,0.0,1,Moto/Ciclomotor,Av. Francia Y Guemes,1,1,0,0,0,0,0,"-32.931214703303, -60.662372324887",Calle,,ROSARIO,Rosario,Asfalto,No existe,II,Dentro,Urbana,S/D,S/D,Paso a Nivel FFCC,S/D,S/D,Diurna,S/D,Contra objeto fijo,S/D,Colisión,S/D,S/D,S/D,S/D
2018,5986,2018-04-28,Sabado,0,,,0.0,2,"Moto/Ciclomotor,Pickup/Utilitario", ,2,1,0,0,1,0,0,"-33.042783, -61.170158",S/D,,CASILDA,Caseros,S/D,S/D,IV,S/D,S/D,S/D,S/D,S/D,S/D,S/D,S/D,S/D,S/D,S/D,Colisión,S/D,S/D,S/D,S/D
2018,5987,2018-04-10,Martes,0,,,0.0,2,"Moto/Ciclomotor,Moto/Ciclomotor",Bv Sarmiento ,2,0,0,0,0,0,2,"-28.488720591635, -59.358113369379",Calle,,VILLA OCAMPO,General Obligado,S/D,S/D,IX,S/D,Urbana,S/D,S/D,S/D,S/D,S/D,S/D,S/D,S/D,S/D,Colisión,S/D,S/D,S/D,S/D
2018,5988,2018-04-28,Sabado,0,15:45:00,,0.0,2,"Moto/Ciclomotor,Automóvil",LINIERS Y LIBERTAD,3,1,0,0,2,0,0,"-31.696137, -61.567974",Calle,,SAN VICENTE.,Castellanos,Asfalto,No existe,V,Dentro,Urbana,Ninguna,No existe,Intersección,Bueno,Buena,Diurna,Buen Tiempo,Lateral,S/D,Colisión,Ninguna,Faltante,Ninguna,Sin restricción
2018,5989,2018-04-11,Miercoles,0,22:10:00,,0.0,2,"Automóvil,Moto/Ciclomotor",Av Pte Peron Y Artigas,2,0,0,0,0,0,2,"-31.620583333333,-60.718555555556",Calle,,SANTA FE,La Capital,S/D,No existe,I,S/D,Urbana,S/D,S/D,Intersección,S/D,S/D,Nocturna,S/D,S/D,S/D,Colisión,S/D,S/D,S/D,S/D
2018,5990,2018-04-11,Miercoles,0,,,0.0,2,"Automóvil,Moto/Ciclomotor",Javier de la Rosa Y Avellaneda,2,1,0,0,1,0,0,"-31.602333333333,-60.677333333333",Calle,,SANTA FE,La Capital,S/D,S/D,I,S/D,Urbana,S/D,S/D,Intersección,S/D,S/D,S/D,S/D,S/D,S/D,Colisión,S/D,S/D,S/D,S/D
2018,5991,2018-04-11,Miercoles,0,19:00:00,,0.0,3,"Moto/Ciclomotor,Bicicleta,Pickup/Utilitario",Avenida Nuestra Se?ora del Luj Y Aritobulo del Valle,3,2,0,0,1,0,0,"-31.675638888889,-60.771138888889",Avenida,,SANTO TOMÉ,La Capital,Asfalto,S/D,I,S/D,Urbana,S/D,S/D,Intersección,S/D,S/D,Atardecer,S/D,Múltiple,S/D,Colisión,S/D,S/D,S/D,S/D
2018,5992,2018-08-16,Jueves,0,16:25:00,,0.0,2,"Moto/Ciclomotor,Automóvil",Ing Mosconi Y Bomberos Voluntarios,3,2,0,0,0,0,1,"-33.025611111111,-60.633083333333",Calle,,VILLA GOBERNADOR GÁLVEZ,Rosario,Asfalto,No existe,II,S/D,Urbana,Ninguna,No existe,Intersección,Bueno,Buena,Diurna,Buen Tiempo,S/D,S/D,Colisión,Ninguna,Faltante,Ninguna,Sin restricción
2018,5993,2018-08-14,Martes,0,07:30:00,,0.0,2,"Automóvil,Moto/Ciclomotor",Av Filipini Y Jaures,2,1,0,0,1,0,0,"-33.020388888889,-60.636694444444",Calle,,VILLA GOBERNADOR GÁLVEZ,Rosario,Asfalto,No existe,II,S/D,Urbana,Ninguna,No existe,Intersección,Bueno,Buena,Amanecer,Buen Tiempo,S/D,S/D,Colisión,Ninguna,Faltante,Ninguna,Sin restricción
2018,5994,2018-08-27,Lunes,0,20:25:00,,0.0,2,"Moto/Ciclomotor,Automóvil",Ing Mosconi Y Falucho,3,2,0,0,1,0,0,"-33.0255,-60.628972222222",Calle,,VILLA GOBERNADOR GÁLVEZ,Rosario,Asfalto,S/D,II,S/D,Urbana,Ninguna,S/D,Intersección,Bueno,Buena,Nocturna,Buen Tiempo,S/D,S/D,Colisión,Ninguna,Faltante,Ninguna,Sin restricción
2018,5995,2018-08-06,Lunes,0,14:20:00,,0.0,2,"Automóvil,Moto/Ciclomotor",Cervantes 800,3,0,1,0,1,0,1,"-33.010805555556,-60.616972222222",Calle,,VILLA GOBERNADOR GÁLVEZ,Rosario,Asfalto,S/D,II,S/D,Urbana,Ninguna,No existe,Recta,Bueno,Buena,Diurna,Buen Tiempo,De alcance,S/D,Colisión,Ninguna,Faltante,Ninguna,Sin restricción
2018,5996,2018-08-18,Sabado,0,18:15:00,,0.0,2,"Camión Chasis,Moto/Ciclomotor",Roca Y Maria S P de Acebal,3,1,0,0,2,0,0,"-33.24214, -60.83729",Calle,,ACEBAL,Rosario,Hormigón,No existe,II,S/D,Urbana,Ninguna,No existe,Intersección,Bueno,Buena,Atardecer,Buen Tiempo,Contra objeto fijo,S/D,Colisión,Ninguna,Faltante,Ninguna,Sin restricción
2018,5997,2018-08-05,Domingo,0,08:00:00,,0.0,2,"Moto/Ciclomotor,Automóvil",Buenameson Y M Cambeira,2,1,0,0,0,0,1,"-33.003027777778,-60.616305555556",Calle,,VILLA GOBERNADOR GÁLVEZ,Rosario,Asfalto,No existe,II,Dentro,Urbana,Ninguna,No existe,Intersección,Otro,Buena,Diurna,Buen Tiempo,Frontal,S/D,Colisión,S/D,Faltante,Ninguna,Sin restricción
2018,5998,2018-08-04,Sabado,0,19:20:00,,0.0,2,"Pickup/Utilitario,Bicicleta",Dorrego Y Av Juan Domingo Peron,2,1,0,0,1,0,0,"-33.015472222222,-60.615333333333",Calle,,VILLA GOBERNADOR GÁLVEZ,Rosario,Asfalto,No existe,II,S/D,Urbana,Ninguna,No existe,Recta,Bueno,Buena,Atardecer,Buen Tiempo,Frontal,Ciclista,Atropello,Ninguna,Faltante,Ninguna,Sin restricción
2018,5999,2018-08-12,Domingo,0,18:30:00,,0.0,2,"Moto/Ciclomotor,Moto/Ciclomotor",Cordoba Y Av Juan Domingo Peron,3,2,0,0,1,0,0,"-33.01445, -60.61564",Avenida,,VILLA GOBERNADOR GÁLVEZ,Rosario,Asfalto,S/D,II,S/D,Urbana,Ninguna,No existe,Recta,Con baches,Buena,Atardecer,Buen Tiempo,De alcance,S/D,Colisión,Ninguna,Faltante,Ninguna,Sin restricción
2018,6000,2018-08-09,Jueves,0,18:15:00,Ruta Provincial 18,7.0,1,Automóvil, ,1,1,0,0,0,0,0,"-33.06648, -60.69294",Ruta,18,PIÑERO,Rosario,Asfalto,Ripio,II,Fuera,Rural,S/D,No existe,Recta,Bueno,Buena,Atardecer,Buen Tiempo,S/D,S/D,Despiste,Ninguna,S/D,Línea divisoria pintada,Sin restricción
2018,6001,2018-08-01,Miercoles,0,14:20:00,,0.0,3,"Moto/Ciclomotor,Moto/Ciclomotor,Automóvil",Bv San diego 400,4,2,0,0,2,0,0,"-33.018611111111,-60.611388888889",S/D,,VILLA GOBERNADOR GÁLVEZ,Rosario,Asfalto,No existe,II,S/D,S/D,Ninguna,No existe,Recta,Bueno,Buena,Diurna,Buen Tiempo,Lateral,S/D,Colisión,Ninguna,Faltante,Ninguna,Sin restricción
2018,6002,2018-08-11,Sabado,0,17:15:00,,0.0,2,"Moto/Ciclomotor,Pickup/Utilitario",El Algarrobo Y Las Gaviotas,3,2,0,0,1,0,0,"-32.96791, -60.73479",Calle,,PÉREZ,Rosario,Asfalto,No existe,II,Dentro,Urbana,Ninguna,No existe,Intersección,Bueno,Buena,Diurna,Buen Tiempo,Lateral,S/D,Colisión,Ninguna,S/D,Ninguna,Sin restricción
2018,6003,2018-08-17,Viernes,0,18:15:00,,0.0,2,"Automóvil,Moto/Ciclomotor",Juan Lavalle Y Buenameson,3,2,0,0,1,0,0,"-33.007861111111,-60.616027777778",Calle,,VILLA GOBERNADOR GÁLVEZ,Rosario,Asfalto,No existe,II,S/D,Urbana,Ninguna,No existe,Recta,Bueno,Buena,"Atardecer,Con luz artificial",Buen Tiempo,De alcance,S/D,Colisión,Ninguna,Faltante,Ninguna,Sin restricción
2018,6004,2018-08-22,Miercoles,0,09:55:00,,0.0,2,"Automóvil,Moto/Ciclomotor",Corrientes Y Av Juan Domingo Peron,2,1,0,0,1,0,0,"-33.01001, -60.61457",Calle,,VILLA GOBERNADOR GÁLVEZ,Rosario,Asfalto,No existe,II,S/D,Urbana,Ninguna,No existe,Puente,Deteriorada,Buena,Diurna,Buen Tiempo,Lateral,S/D,Colisión,Ninguna,Faltante,Ninguna,Sin restricción
2018,6005,2018-08-12,Domingo,0,13:00:00,,0.0,2,"Moto/Ciclomotor,Pickup/Utilitario",Av Gral San Martin Y Av Juan Domingo Peron,2,1,0,0,1,0,0,"-33.025472222222,-60.62475",Avenida,,VILLA GOBERNADOR GÁLVEZ,Rosario,Asfalto,No existe,II,Dentro,Urbana,Ninguna,Funciona,Intersección,Bueno,Buena,Diurna,Buen Tiempo,Lateral,S/D,Colisión,Ninguna,Faltante,Ninguna,Sin restricción
2018,6006,2018-08-23,Jueves,0,15:15:00,,0.0,2,"Moto/Ciclomotor,Pickup/Utilitario",17 de Octubre Y I A Edison,2,1,0,0,1,0,0,"-33.01573, -60.60926",Calle,,VILLA GOBERNADOR GÁLVEZ,Rosario,Asfalto,No existe,II,S/D,Urbana,Ninguna,No existe,Recta,Otro,Buena,Diurna,Buen Tiempo,De alcance,S/D,Colisión,S/D,Faltante,Ninguna,Sin restricción
2018,6007,2018-08-12,Domingo,0,23:40:00,,0.0,2,"Moto/Ciclomotor,Automóvil",Las Corbatitas Y El Algarrobo,2,0,1,0,1,0,0,"-32.96868, -60.73487",Calle,,PÉREZ,Rosario,Asfalto,No existe,II,Dentro,Urbana,Ninguna,No existe,Intersección,Bueno,Buena,Nocturna,Buen Tiempo,Frontal,S/D,Colisión,Ninguna,Faltante,Ninguna,Sin restricción
2018,6008,2018-08-01,Miercoles,0,18:30:00,,0.0,2,"Moto/Ciclomotor,Automóvil",Av Gral San Martin ,3,2,0,0,1,0,0,"-32.98159, -60.64467",Calle,,VILLA GOBERNADOR GÁLVEZ,Rosario,Asfalto,No existe,II,S/D,Urbana,Ninguna,No existe,Intersección,Bueno,Buena,Atardecer,Buen Tiempo,Lateral,S/D,Colisión,Ninguna,Faltante,Ninguna,Sin restricción
2018,6009,2018-08-13,Lunes,0,21:55:00,,0.0,2,"Moto/Ciclomotor,Vehículo Oficial",Av Juan Domingo Peron Y Fornieles,4,2,0,0,2,0,0,"-33.021694444444,-60.621555555556",Calle,,VILLA GOBERNADOR GÁLVEZ,Rosario,Asfalto,No existe,II,Dentro,Urbana,Ninguna,No existe,Intersección,Bueno,Buena,"Nocturna,Con luz artificial",Buen Tiempo,Lateral,S/D,Colisión,Ninguna,Faltante,Ninguna,Sin restricción
2018,6010,2018-08-15,Miercoles,0,12:20:00,Ruta Nacional 33,779.0,2,"Automóvil,Moto/Ciclomotor",Ruta Nac 33 Y Av Las Palmeras,3,2,0,0,1,0,0,"-32.98025, -60.73608",Ruta,33,PÉREZ,Rosario,Asfalto,S/D,II,S/D,Urbana,S/D,S/D,S/D,Bueno,Buena,Diurna,Buen Tiempo,S/D,S/D,Colisión,Ninguna,S/D,S/D,S/D
2018,6011,2018-08-03,Viernes,0,19:15:00,,0.0,2,"Moto/Ciclomotor,Automóvil",Soldado Aguirre Y Liniers,2,0,1,0,1,0,0,"-33.0295,-60.643888888889",Calle,,VILLA GOBERNADOR GÁLVEZ,Rosario,Asfalto,No existe,II,S/D,Urbana,Ninguna,No existe,Intersección,Bueno,Buena,Atardecer,Buen Tiempo,Lateral,S/D,Colisión,Material Suelto,Faltante,Cordón divisorio,Sin restricción
2018,6012,2018-08-15,Miercoles,0,12:10:00,,0.0,2,"Moto/Ciclomotor,Automóvil",Av Gral San Martin Y Bv San diego,2,1,0,0,1,0,0,"-33.019277777778,-60.631444444444",Avenida,,VILLA GOBERNADOR GÁLVEZ,Rosario,Asfalto,No existe,II,Dentro,Urbana,Ninguna,Funciona,Intersección,Bueno,Buena,Diurna,Buen Tiempo,Lateral,S/D,Colisión,Ninguna,Faltante,Ninguna,Sin restricción
2018,6013,2018-08-07,Martes,0,11:00:00,,0.0,2,"Moto/Ciclomotor,Automóvil",Suipacha ,4,3,0,0,0,0,1,"-32.95, -60.66623",Calle,,VILLA GOBERNADOR GÁLVEZ,Rosario,Asfalto,No existe,II,S/D,Urbana,Ninguna,No existe,Intersección,Bueno,Buena,Diurna,Buen Tiempo,S/D,S/D,Colisión,Ninguna,Faltante,Ninguna,Sin restricción
2018,6014,2018-08-18,Sabado,0,02:10:00,,0.0,2,"Moto/Ciclomotor,Automóvil",Juan B Justo Y Fornieles,3,2,0,0,1,0,0,"-33.021666666667,-60.620416666667",Calle,,VILLA GOBERNADOR GÁLVEZ,Rosario,Asfalto,No existe,II,Dentro,Urbana,Ninguna,No existe,Intersección,Bueno,Buena,"Nocturna,Con luz artificial",Buen Tiempo,Lateral,S/D,Colisión,Ninguna,Faltante,Ninguna,Sin restricción
2018,6015,2018-08-14,Martes,0,17:00:00,,0.0,2,"Moto/Ciclomotor,Pickup/Utilitario",Soldado Aguirre Y Richieri,3,1,1,0,1,0,0,"-33.029833333333,-60.653222222222",Calle,,VILLA GOBERNADOR GÁLVEZ,Rosario,Asfalto,No existe,II,S/D,Urbana,Ninguna,No existe,Recta,Con baches,Buena,Atardecer,Buen Tiempo,Lateral,S/D,Colisión,Material Suelto,Faltante,Ninguna,Sin restricción
2018,6016,2018-01-17,Miercoles,0,01:20:00,,0.0,1,Moto/Ciclomotor,San Juan ,2,2,0,0,0,0,0,"-31.60325,-60.709138888889",Calle,,SANTA FE,La Capital,Asfalto,No existe,I,Dentro,Urbana,S/D,No existe,Intersección,S/D,S/D,Nocturna,S/D,Atropello animal,S/D,Colisión,S/D,S/D,S/D,Sin restricción
2018,6017,2018-08-17,Viernes,0,08:30:00,,0.0,2,"Moto/Ciclomotor,Automóvil",Soldado Aguirre Y Marcos Paz,3,2,0,0,1,0,0,"-33.029583333333,-60.646638888889",Calle,,VILLA GOBERNADOR GÁLVEZ,Rosario,Asfalto,No existe,II,S/D,Urbana,Ninguna,No existe,Intersección,Bueno,Buena,Diurna,Buen Tiempo,Lateral,S/D,Colisión,Ninguna,Faltante,Cordón divisorio,Sin restricción
2018,6018,2018-08-19,Domingo,0,20:15:00,,0.0,2,"Moto/Ciclomotor,Automóvil",Camino Guere?o Y Jose Marmol,2,1,0,0,1,0,0,"-33.032472222222,-60.611861111111",Calle,,VILLA GOBERNADOR GÁLVEZ,Rosario,Asfalto,No existe,II,Dentro,Urbana,Ninguna,No existe,Intersección,Otro,Buena,"Nocturna,Con luz artificial",Buen Tiempo,Lateral,S/D,Colisión,Ninguna,Faltante,Ninguna,Sin restricción