anio_acci,nro_acci,fecha,desc_dia,fecha_aprox,hora_aprox,desc_ruta,km,cant_participantes,desc_participante,calle_avenida_km,total,heridos_leves,heridos_graves,heridos_gravisimos,ilesos,fallecidos,sin_datos,posicion_XY,desc_tipo_via,desc_ruta_ori,desc_loc,desc_dpto,desc_tipo_calzada,desc_tipo_banquina,desc_unidad_regional,desc_lugar_calzada,desc_zona,desc_prioridad,desc_estado_semaforo,desc_lugar_via,desc_estado_via,desc_estado_visibilidad,desc_luminosidad,desc_estado_clima,desc_tipo_colision,desc_tipo_atropello,desc_tipo_hecho,desc_pres_calzada,desc_senializacion,desc_separacion_via,desc_restriccion
2018,6019,2018-08-29,Miercoles,0,10:30:00,Autopista Nacional 9,0.0,2,"Automóvil,Automóvil", ,3,2,0,0,1,0,0,"-33.03411, -60.66329",Autopista,9,VILLA GOBERNADOR GÁLVEZ,Rosario,Asfalto,No existe,II,S/D,Urbana,Ninguna,No existe,S/D,Bueno,Buena,Diurna,Buen Tiempo,Lateral,S/D,Colisión,Ninguna,S/D,Línea divisoria pintada,Sin restricción
2018,6020,2018-05-01,Martes,0,,,0.0,1,Moto/Ciclomotor, ,1,1,0,0,0,0,0,"-32.95997, -60.69301",S/D,,ROSARIO,Rosario,S/D,S/D,II,S/D,S/D,S/D,S/D,S/D,S/D,S/D,S/D,S/D,S/D,S/D,S/D,S/D,S/D,S/D,S/D
2018,6021,2018-01-17,Miercoles,0,01:25:00,Ruta Provincial 1,2.5,2,"Moto/Ciclomotor,Automóvil", ,2,1,0,0,1,0,0,"-31.62638, -60.60467",Ruta,1,COLASTINE,La Capital,Asfalto,Pavimento,I,Dentro,Urbana,S/D,Intermitente,Recta,Bueno,S/D,Nocturna,S/D,S/D,S/D,Colisión,S/D,Vertical,S/D,S/D
2018,6022,2018-08-20,Lunes,0,15:00:00,,0.0,2,"Moto/Ciclomotor,Automóvil",Av Gral San Martin 2500,3,2,0,0,1,0,0,"-33.041277777778,-60.611166666667",Calle,,VILLA GOBERNADOR GÁLVEZ,Rosario,Asfalto,No existe,II,Dentro,Urbana,Ninguna,No existe,Recta,Bueno,Buena,Diurna,Buen Tiempo,Lateral,S/D,Colisión,Ninguna,Faltante,Ninguna,Sin restricción
2018,6023,2018-08-18,Sabado,0,20:30:00,,0.0,2,"Automóvil,Moto/Ciclomotor",SOMOZA Y SUAREZ,2,0,1,0,1,0,0,"-32.89130,-60.72529",Calle,,ROSARIO,Rosario,Asfalto,Natural,II,S/D,Urbana,Ninguna,No existe,Intersección,Deteriorada,Reducida,Nocturna,Buen Tiempo,Frontal,S/D,Colisión,Otro,Faltante,Ninguna,Sin restricción
2018,6024,2018-08-22,Miercoles,0,16:20:00,,0.0,2,"Bicicleta,Automóvil",San Juan Y Libertad,2,1,0,0,1,0,0,"-33.020305555556,-60.606722222222",Calle,,VILLA GOBERNADOR GÁLVEZ,Rosario,Asfalto,No existe,II,Dentro,Urbana,Ninguna,No existe,Intersección,Bueno,Buena,Diurna,Buen Tiempo,Lateral,Ciclista,Atropello,Ninguna,Faltante,Ninguna,Sin restricción
2018,6025,2018-01-17,Miercoles,0,05:30:00,,0.0,1,Moto/Ciclomotor,PUENTE CARRETERO ,1,1,0,0,0,0,0,"-31.66759, -60.75184",Avenida,,SANTO TOMÉ,La Capital,Asfalto,No existe,I,Dentro,Urbana,Ninguna,No existe,Puente,Bueno,S/D,Nocturna,S/D,S/D,S/D,Caída ocupante,S/D,S/D,Línea divisoria pintada,Sin restricción
2018,6026,2018-08-24,Viernes,0,13:00:00,,0.0,2,"Moto/Ciclomotor,Automóvil",AV. SAN MARTIN Y CAMINO DEL INMIGRANTE,3,2,0,0,1,0,0,"-33.03268, -60.61783",Calle,,VILLA GOBERNADOR GÁLVEZ,Rosario,Asfalto,No existe,II,Dentro,Urbana,Ninguna,No existe,Intersección,Bueno,Buena,Diurna,Buen Tiempo,Lateral,S/D,Colisión,Ninguna,Faltante,Ninguna,Sin restricción
2018,6027,2018-01-17,Miercoles,0,12:30:00,,0.0,2,"Moto/Ciclomotor,Automóvil",Juan Del Campillo Y San Martin,2,1,0,0,0,0,1,"-31.63,-60.701666666667",Calle,,SANTA FE,La Capital,Asfalto,No existe,I,Dentro,Urbana,S/D,S/D,Intersección,S/D,S/D,Diurna,S/D,S/D,S/D,Colisión,S/D,S/D,S/D,Sin restricción
2018,6028,2018-08-27,Lunes,0,14:00:00,,0.0,2,"Bicicleta,Automóvil",Av Gral San Martin Y Bv San diego,3,2,0,0,1,0,0,"-33.019277777778,-60.631444444444",Avenida,,VILLA GOBERNADOR GÁLVEZ,Rosario,Asfalto,No existe,II,Dentro,Urbana,Ninguna,Funciona,Intersección,Bueno,Buena,S/D,Buen Tiempo,Lateral,Ciclista,Atropello,Ninguna,Faltante,Ninguna,Sin restricción
2018,6029,2018-08-13,Lunes,0,19:15:00,Ruta Provincial 21,0.0,2,"Moto/Ciclomotor,Pickup/Utilitario",PEDRONI ,2,2,0,0,0,0,0,"-33.07027, -60.58144",Ruta,21,PUEBLO ESTHER,Rosario,Asfalto,No existe,II,S/D,S/D,S/D,S/D,S/D,Bueno,S/D,S/D,S/D,S/D,S/D,S/D,Ninguna,S/D,S/D,S/D
2018,6030,2018-04-11,Miercoles,0,,,0.0,2,"Automóvil,Moto/Ciclomotor",Boulevard Villada Y General Bartolome Mitre,2,1,0,0,0,0,1,"-33.040854894610, -61.173188695485",Calle,,CASILDA,Caseros,S/D,No existe,IV,S/D,Urbana,S/D,S/D,Intersección,S/D,S/D,S/D,S/D,S/D,S/D,Colisión,S/D,S/D,S/D,S/D
2018,6031,2018-04-11,Miercoles,0,,Ruta Secundaria 6-s,0.0,1,Pickup/Utilitario, ,1,1,0,0,0,0,0,"-33.373202315852, -61.856066624837",Ruta,6-s,CASILDA,Caseros,S/D,S/D,IV,Dentro,Urbana,S/D,S/D,Recta,S/D,S/D,S/D,S/D,S/D,S/D,Despiste,S/D,S/D,S/D,S/D
2018,6032,2018-04-11,Miercoles,0,,,0.0,2,"Bicicleta,Automóvil",R Saenz Pe?a Y Leandro N Alem,2,1,0,0,1,0,0,"-30.948719923705, -61.564022081178",Calle,,SUNCHALES,Castellanos,S/D,S/D,V,S/D,Urbana,S/D,S/D,Intersección,S/D,S/D,S/D,S/D,S/D,Ciclista,Atropello,S/D,S/D,S/D,S/D
2018,6033,2018-04-11,Miercoles,0,,,0.0,2,"Moto/Ciclomotor,Bicicleta", ,2,0,0,0,0,0,2,"-31.755949835478, -61.098707582806",S/D,,SAN CARLOS SUR,Las Colonias,S/D,S/D,XI,S/D,S/D,S/D,S/D,S/D,S/D,S/D,S/D,S/D,S/D,S/D,S/D,S/D,S/D,S/D,S/D
2018,6034,2018-04-11,Miercoles,0,14:35:00,Autopista Nacional Rosario -Cordoba,0.0,1,Automóvil, ,2,2,0,0,0,0,0,"-32.924387470872, -60.912214075953",Autopista,Rosario -Córdoba,ROLDÁN,San Lorenzo,Asfalto,Natural,XVII,S/D,S/D,S/D,No existe,Recta,S/D,S/D,Diurna,S/D,S/D,S/D,Vuelco,S/D,S/D,S/D,S/D
2018,6035,2018-04-29,Domingo,0,,,0.0,1,Moto/Ciclomotor,Islas Malvinas Y Vera Mujica,1,1,0,0,0,0,0,"-31.666964663913, -60.727046328007",Calle,,SANTA FE,La Capital,S/D,No existe,I,S/D,Urbana,S/D,S/D,Intersección,S/D,S/D,S/D,S/D,S/D,S/D,Caída ocupante,S/D,S/D,S/D,S/D
2018,6036,2018-04-29,Domingo,0,20:10:00,,0.0,2,"Automóvil,Moto/Ciclomotor",San Nicolas Y Bv. Segui,2,1,0,0,1,0,0,"-32.972844925498, -60.680525833152",Calle,,ROSARIO,Rosario,Asfalto,No existe,II,S/D,Urbana,S/D,S/D,Intersección,S/D,S/D,Nocturna,S/D,S/D,S/D,Colisión,S/D,S/D,S/D,S/D
2018,6037,2018-04-05,Jueves,0,,,0.0,1,Moto/Ciclomotor, ,1,1,0,0,0,0,0,"-33.044828051356, -61.169360874819",Calle,,CASILDA,Caseros,S/D,No existe,IV,Dentro,Urbana,S/D,S/D,Recta,S/D,S/D,S/D,S/D,Atropello animal,S/D,"Caída ocupante,Colisión",S/D,S/D,Ninguna,S/D
2018,6038,2018-03-28,Miercoles,0,,,0.0,2,"Moto/Ciclomotor,Automóvil", ,2,1,0,0,1,0,0,"-33.044828051356, -61.169360874819",Calle,,CASILDA,Caseros,S/D,S/D,IV,Dentro,Urbana,S/D,S/D,Intersección,S/D,S/D,S/D,S/D,Lateral,S/D,Colisión,S/D,S/D,"Ninguna,S/D",S/D
2018,6039,2018-04-05,Jueves,0,,,0.0,2,"Moto/Ciclomotor,Automóvil",Bv G L Lhemann Y Mariano Moreno,3,0,1,0,2,0,0,"-31.251694444444,-61.491611111111",Avenida,,RAFAELA,Castellanos,Ripio,No existe,V,Dentro,Urbana,Ninguna,No existe,Intersección,S/D,S/D,S/D,S/D,Lateral,S/D,Colisión,S/D,Faltante,Cordón divisorio,Sin restricción
2018,6040,2018-04-29,Domingo,0,,Ruta Nacional 33,733.0,1,Automóvil, ,3,2,0,0,1,0,0,"-33.09193,-61.22332",Ruta,33,CASILDA,Caseros,S/D,S/D,IV,S/D,Rural,S/D,S/D,Recta,S/D,S/D,S/D,S/D,S/D,S/D,Despiste,S/D,S/D,S/D,S/D
2018,6041,2018-04-05,Jueves,0,,,0.0,2,"Moto/Ciclomotor,Pickup/Utilitario", ,2,1,0,0,0,0,1,"-32.605542095164, -60.948308553413",S/D,,SERODINO,Iriondo,S/D,S/D,X,S/D,S/D,S/D,S/D,Intersección,S/D,S/D,S/D,S/D,Lateral,S/D,Colisión,S/D,S/D,S/D,S/D
2018,6042,2018-04-05,Jueves,0,11:30:00,,0.0,2,"Automóvil,Moto/Ciclomotor",Primera Junta Y Suipacha,3,2,0,0,1,0,0,"-32.820617840544, -61.393355887915",Calle,,CAÑADA DE GÓMEZ,Iriondo,Hormigón,No existe,X,Dentro,Urbana,Ninguna,No existe,Intersección,Bueno,Buena,Diurna,Buen Tiempo,Lateral,S/D,Colisión,Ninguna,Faltante,"Ninguna,S/D",Sin restricción
2018,6044,2018-04-29,Domingo,0,,,0.0,1,Otros, ,1,0,0,0,0,0,1,"-31.452242026294, -60.926497857562",S/D,,ESPERANZA,Las Colonias,S/D,S/D,XI,S/D,S/D,S/D,S/D,S/D,S/D,S/D,S/D,S/D,S/D,S/D,Otro,S/D,S/D,S/D,S/D
2018,6045,2018-04-29,Domingo,0,,,0.0,1,Bicicleta, ,3,0,0,0,0,0,3,"-31.445552,-60.924864",S/D,,ESPERANZA,Las Colonias,S/D,S/D,XI,S/D,S/D,S/D,S/D,S/D,S/D,S/D,S/D,S/D,Contra objeto fijo,S/D,Colisión,S/D,S/D,S/D,S/D
2018,6046,2018-04-27,Viernes,0,19:50:00,,0.0,2,"Automóvil,Bicicleta",Espa?a Y Bme Mitre,2,1,0,0,1,0,0,"-32.026692874654, -61.221102200527",Calle,,GÁLVEZ,San Jerónimo,S/D,S/D,XV,S/D,Urbana,S/D,S/D,Intersección,S/D,S/D,Atardecer,S/D,S/D,Ciclista,Atropello,S/D,S/D,S/D,S/D
2018,6048,2018-04-12,Jueves,0,,,0.0,1,Moto/Ciclomotor,Azcuenaga Y Pje Jorge Raul Rodriguez,2,2,0,0,0,0,0,"-31.593277777778,-60.697388888889",Calle,,SANTA FE,La Capital,S/D,No existe,I,Dentro,Urbana,S/D,S/D,Recta,S/D,S/D,S/D,S/D,Atropello animal,S/D,Colisión,S/D,S/D,S/D,S/D
2018,6049,2018-04-29,Domingo,0,19:50:00,,0.0,1,Moto/Ciclomotor,Av Paganini Y Maipu,2,2,0,0,0,0,0,"-32.237986838635, -60.980334633508",Calle,,BARRANCAS,San Jerónimo,S/D,S/D,XV,S/D,Urbana,S/D,S/D,Intersección,S/D,S/D,S/D,S/D,Atropello animal,S/D,Colisión,S/D,S/D,S/D,S/D
2018,6050,2018-04-12,Jueves,0,00:00:00,Autopista Nacional A008,0.0,2,"Automóvil,Peatón",Cerrito Y Av. Circunvalacion,2,1,0,0,1,0,0,"-32.953555555556,-60.721361111111",Autopista,A008,ROSARIO,Rosario,Asfalto,No existe,II,Dentro,Urbana,Ninguna,No existe,Intersección,S/D,S/D,Nocturna,S/D,S/D,Peatón,Atropello,S/D,Faltante,Ninguna,Sin restricción
2018,6051,2018-04-30,Lunes,0,,Ruta Nacional 33,712.0,1,Moto/Ciclomotor, ,1,1,0,0,0,0,0,"-33.25264,-61.36535",Ruta,33,CHABAS,Caseros,S/D,S/D,IV,S/D,Rural,S/D,S/D,Recta,S/D,S/D,Nocturna,S/D,Contra objeto fijo,S/D,Colisión,S/D,S/D,S/D,S/D
2018,6052,2018-04-30,Lunes,0,,,0.0,2,"Automóvil,Moto/Ciclomotor", ,3,2,0,0,1,0,0,"-33.147689607316, -61.470303473742",S/D,,AREQUITO,Caseros,S/D,S/D,IV,S/D,S/D,S/D,S/D,S/D,S/D,S/D,S/D,S/D,S/D,S/D,Colisión,S/D,S/D,S/D,S/D
2018,6053,2018-04-12,Jueves,0,,,0.0,2,"Automóvil,Moto/Ciclomotor",Jose de San Martin ,3,1,0,0,2,0,0,"-31.973252491547, -60.922255070349",Calle,,CORONDA,San Jerónimo,S/D,No existe,XV,Dentro,Urbana,S/D,S/D,Recta,S/D,S/D,S/D,S/D,De alcance,S/D,Colisión,S/D,S/D,S/D,Sin restricción
2018,6054,2018-04-30,Lunes,0,,,0.0,2,"Pickup/Utilitario,Moto/Ciclomotor", ,2,0,0,0,0,0,2,"-31.451370569667, -60.928703960378",S/D,,ESPERANZA,Las Colonias,S/D,S/D,XI,S/D,S/D,S/D,S/D,S/D,S/D,S/D,S/D,S/D,S/D,S/D,Colisión,S/D,S/D,S/D,S/D
2018,6055,2018-04-30,Lunes,0,,,0.0,1,Automóvil, ,1,0,0,0,0,0,1,"-31.449739786586, -60.935999568898",S/D,,ESPERANZA,Las Colonias,S/D,S/D,XI,S/D,S/D,S/D,S/D,S/D,S/D,S/D,S/D,S/D,Atropello animal,S/D,Colisión,S/D,S/D,S/D,S/D
2018,6056,2018-08-31,Viernes,0,21:20:00,,0.0,2,"Moto/Ciclomotor,Moto/Ciclomotor",Bv. Avellaneda Y Rueda,4,3,0,0,1,0,0,"-32.963722222222,-60.68525",Avenida,,ROSARIO,Rosario,Asfalto,No existe,II,S/D,Urbana,Ninguna,S/D,Intersección,Bueno,Buena,Nocturna,Buen Tiempo,S/D,S/D,Colisión,Ninguna,S/D,Cordón divisorio,Sin restricción
2018,6057,2018-08-18,Sabado,0,18:00:00,,0.0,2,"Automóvil,Moto/Ciclomotor",Av. Tte Gral Sanchez 2900,2,0,1,0,1,0,0,"-32.974722222222,-60.624111111111",Avenida,,ROSARIO,Rosario,Asfalto,S/D,II,S/D,Urbana,Ninguna,S/D,Intersección,Bueno,Buena,S/D,Buen Tiempo,Frontal,S/D,Colisión,Otro,Faltante,Ninguna,S/D
2018,6058,2018-08-24,Viernes,0,16:10:00,,0.0,2,"Automóvil,Moto/Ciclomotor",Gorriti Y Av. Luis Carballo,2,1,0,0,1,0,0,"-32.92296, -60.6659",Calle,,ROSARIO,Rosario,Asfalto,No existe,II,S/D,Urbana,Ninguna,No existe,Intersección,Bueno,Buena,Diurna,Buen Tiempo,Otro,S/D,Colisión,Ninguna,Faltante,Ninguna,Sin restricción
2018,6059,2018-08-21,Martes,0,13:00:00,,0.0,2,"Peatón,Moto/Ciclomotor",Santa Fe Y Mitre,2,1,0,0,1,0,0,"-32.944833333333,-60.639222222222",Calle,,ROSARIO,Rosario,Asfalto,No existe,II,S/D,Urbana,Señal Pare,No existe,Intersección,Bueno,Buena,Diurna,Buen Tiempo,S/D,Peatón,Atropello,Ninguna,Vertical,Ninguna,Sin restricción
2018,6060,2018-08-23,Jueves,0,18:25:00,,0.0,2,"Automóvil,Automóvil",Av Belgrano Y Pe?aloza,2,1,0,0,1,0,0,"-33.00273, -60.78113",S/D,,PÉREZ,Rosario,S/D,S/D,II,S/D,Urbana,S/D,S/D,Recta,S/D,S/D,Diurna,S/D,S/D,S/D,Colisión,S/D,S/D,S/D,S/D
2018,6061,2018-08-10,Viernes,0,13:00:00,,0.0,2,"Automóvil,Moto/Ciclomotor",Bv. Oro?o Y San Juan,2,1,0,0,1,0,0,"-32.947416666667,-60.654361111111",Calle,,ROSARIO,Rosario,S/D,S/D,II,S/D,Urbana,S/D,S/D,Intersección,S/D,S/D,Diurna,S/D,S/D,S/D,Colisión,S/D,S/D,S/D,S/D
2018,6062,2018-08-29,Miercoles,0,10:50:00,Ruta Nacional 33,0.0,2,"Automóvil,Automóvil",VIAS FERREAS ,5,2,0,0,3,0,0,"-32.99892, -60.77351",Ruta,33,PÉREZ,Rosario,Asfalto,S/D,II,S/D,Urbana,S/D,S/D,Recta,S/D,S/D,S/D,S/D,S/D,S/D,S/D,S/D,S/D,S/D,S/D
2018,6063,2018-08-08,Miercoles,0,21:15:00,,0.0,2,"Bicicleta,Pickup/Utilitario",3 De Febrero Y Entre Rios,2,1,0,0,1,0,0,"-32.95237, -60.64264",Calle,,ROSARIO,Rosario,S/D,S/D,II,S/D,Urbana,S/D,S/D,Recta,S/D,S/D,Nocturna,S/D,S/D,Ciclista,Atropello,S/D,S/D,S/D,S/D
2018,6064,2018-08-17,Viernes,0,16:00:00,,0.0,2,"Moto/Ciclomotor,Automóvil",Av. Ovidio Lagos Y Cno. Imperiale,3,2,0,0,0,0,1,"-33.016694444444,-60.678944444444",Avenida,,ROSARIO,Rosario,Asfalto,No existe,II,S/D,Urbana,Ninguna,No existe,Recta,Bueno,Buena,Diurna,Buen Tiempo,De alcance,S/D,Colisión,Ninguna,Vertical,Cordón divisorio,Sin restricción
2018,6065,2018-08-07,Martes,0,09:50:00,,0.0,2,"Moto/Ciclomotor,Automóvil",Av. Francia Y La Vincha,2,1,0,0,1,0,0,"-32.986055555556,-60.676722222222",Avenida,,ROSARIO,Rosario,Asfalto,No existe,II,Dentro,Urbana,Ninguna,No existe,Intersección,Bueno,Buena,Diurna,Buen Tiempo,Lateral,S/D,Colisión,Ninguna,Faltante,Ninguna,Sin restricción
2018,6067,2018-08-04,Sabado,0,07:00:00,,0.0,2,"Moto/Ciclomotor,Automóvil",Crespo Y Biedma,3,1,1,0,1,0,0,"-32.975972222222,-60.677055555556",Calle,,ROSARIO,Rosario,Hormigón,No existe,II,Dentro,Urbana,Ninguna,No existe,Intersección,Bueno,Buena,Con luz artificial,Buen Tiempo,Lateral,S/D,Colisión,Ninguna,Faltante,Ninguna,Sin restricción
2018,6068,2018-08-21,Martes,0,12:10:00,Ruta Nacional 33,0.0,2,"Moto/Ciclomotor,Automóvil",LEANDRO ALEM ,3,1,0,0,2,0,0,"-32.9964, -60.7666",Ruta,33,PÉREZ,Rosario,S/D,S/D,II,S/D,Urbana,S/D,S/D,Intersección,S/D,S/D,Diurna,S/D,S/D,S/D,S/D,S/D,S/D,S/D,S/D
2018,6069,2018-08-04,Sabado,0,13:00:00,,0.0,2,"Moto/Ciclomotor,Transporte de Pasajeros Urbano (> 8 asientos)",Bv. Segui Y Av. Francia,2,1,0,0,1,0,0,"-32.974138888889,-60.673888888889",Avenida,,ROSARIO,Rosario,Asfalto,No existe,II,S/D,Urbana,Ninguna,Funciona,Recta,Bueno,Buena,Diurna,Buen Tiempo,De alcance,S/D,Colisión,Ninguna,"Horizontal,Vertical",Cordón divisorio,Sin restricción
2018,6071,2018-08-05,Domingo,0,22:00:00,,0.0,2,"Moto/Ciclomotor,Automóvil",Av. Battle y Ordo?ez 2100,3,2,0,0,1,0,0,"-33.00976, -60.67629",Calle,,ROSARIO,Rosario,Asfalto,No existe,II,Dentro,Urbana,Ninguna,No existe,Intersección,Bueno,Buena,Con luz artificial,Buen Tiempo,Lateral,S/D,Colisión,Ninguna,Faltante,Ninguna,Sin restricción
2018,6072,2018-01-18,Jueves,0,11:50:00,,0.0,2,"Automóvil,Automóvil",9 de Julio Y Primera Junta,2,1,0,0,0,0,1,"-31.647305555556,-60.7095",Calle,,SANTA FE,La Capital,Asfalto,No existe,I,Dentro,Urbana,S/D,S/D,Intersección,Bueno,S/D,Diurna,S/D,Lateral,S/D,Colisión,S/D,S/D,S/D,S/D
2018,6073,2018-08-18,Sabado,0,22:30:00,Ruta Nacional 33,0.0,1,Automóvil,SARMIENTO ,1,1,0,0,0,0,0,"-32.99933, -60.77503",Ruta,33,PÉREZ,Rosario,Asfalto,S/D,II,S/D,Urbana,S/D,S/D,Curva,S/D,S/D,Nocturna,S/D,S/D,S/D,Despiste,S/D,S/D,S/D,S/D
2018,6074,2018-08-07,Martes,0,19:00:00,,0.0,2,"Moto/Ciclomotor,Automóvil",Punta Del Indio 7900,2,1,0,0,1,0,0,"-33.029083333333,-60.68725",Calle,,ROSARIO,Rosario,Asfalto,No existe,II,Dentro,Urbana,Ninguna,No existe,Recta,Bueno,Buena,Atardecer,Buen Tiempo,De alcance,S/D,Colisión,Ninguna,Faltante,Ninguna,Sin restricción
2018,6075,2018-01-18,Jueves,0,12:40:00,,0.0,2,"Moto/Ciclomotor,Automóvil",Catamarca 3227,2,1,0,0,0,0,1,"-31.642972222222,-60.714083333333",Calle,,SANTA FE,La Capital,Asfalto,No existe,I,Dentro,Urbana,S/D,S/D,Recta,Bueno,S/D,Diurna,S/D,S/D,S/D,Colisión,S/D,S/D,S/D,S/D
2018,6076,2018-08-12,Domingo,0,19:00:00,Ruta Nacional 33,0.0,2,"Transporte de Pasajeros Urbano (> 8 asientos),Automóvil",PUENTE LA VIRGINIA ,12,6,0,0,6,0,0,"-32.99892, -60.77351",Ruta,33,PÉREZ,Rosario,Asfalto,S/D,II,S/D,S/D,S/D,No existe,Curva,S/D,S/D,S/D,S/D,Frontal,S/D,Colisión,S/D,S/D,S/D,S/D
2018,6077,2018-01-18,Jueves,0,17:40:00,,0.0,2,"Moto/Ciclomotor,Automóvil",1ro de Mayo Y Junin,2,1,0,0,0,0,1,"-31.638055555556,-60.708083333333",Calle,,SANTA FE,La Capital,Asfalto,No existe,I,Dentro,Urbana,S/D,S/D,Intersección,Bueno,S/D,Diurna,S/D,S/D,S/D,Colisión,S/D,S/D,S/D,Sin restricción
2018,6078,2018-08-08,Miercoles,0,18:50:00,,0.0,2,"Moto/Ciclomotor,Automóvil",Cazadores Y Italia,2,1,0,0,1,0,0,"-33.00435, -60.65904",Calle,,ROSARIO,Rosario,Asfalto,No existe,II,S/D,Urbana,Ninguna,No existe,Intersección,Bueno,Buena,Atardecer,Buen Tiempo,Lateral,S/D,Colisión,Ninguna,Faltante,Ninguna,Sin restricción
2018,6079,2018-08-09,Jueves,0,16:30:00,,0.0,2,"Moto/Ciclomotor,Transporte de Pasajeros Larga Distancia (> 8 asientos)",Bv. Oro?o Y Av. Ntra.Sra.del Rosario,2,0,1,0,1,0,0,"-33.000555555556,-60.664916666667",Avenida,,ROSARIO,Rosario,Hormigón,No existe,II,Dentro,Urbana,Ninguna,Funciona,Intersección,Bueno,Buena,Con luz artificial,Buen Tiempo,De alcance,S/D,Colisión,Ninguna,"Horizontal,Vertical",Cordón divisorio,Sin restricción
2018,6081,2018-01-18,Jueves,0,20:00:00,,0.0,1,Moto/Ciclomotor,Suipacha ,1,1,0,0,0,0,0,"-31.63997, -60.70511",Calle,,SANTA FE,La Capital,Asfalto,No existe,I,Dentro,Urbana,S/D,No existe,Intersección,S/D,S/D,Nocturna,S/D,S/D,S/D,"Caída ocupante,Despiste",S/D,S/D,S/D,S/D
2018,6082,2018-08-09,Jueves,0,20:40:00,,0.0,2,"Moto/Ciclomotor,Automóvil",Flor De Nacar Y Pje. Violeta,2,1,0,0,1,0,0,"-33.019833333333,-60.660472222222",Calle,,ROSARIO,Rosario,Asfalto,No existe,II,S/D,Urbana,Ninguna,No existe,Intersección,Bueno,Buena,Con luz artificial,Buen Tiempo,Lateral,S/D,Colisión,Ninguna,Faltante,Ninguna,Sin restricción
2018,6083,2018-08-07,Martes,0,16:47:00,,0.0,2,"Pickup/Utilitario,Moto/Ciclomotor",Av San Martin Y Rivadavia,2,1,0,0,1,0,0,"-32.99745, -60.76873",S/D,,PÉREZ,Rosario,Asfalto,S/D,II,S/D,S/D,S/D,S/D,Intersección,Bueno,Buena,Diurna,S/D,S/D,S/D,S/D,S/D,S/D,S/D,S/D
2018,6084,2018-08-15,Miercoles,0,12:30:00,,0.0,2,"Peatón,Automóvil",Cazadores 2700,2,1,0,0,1,0,0,"-33.004694444444,-60.67125",Calle,,ROSARIO,Rosario,Asfalto,No existe,II,S/D,Urbana,Ninguna,No existe,Recta,Bueno,Buena,Diurna,Buen Tiempo,S/D,Peatón,Atropello,Ninguna,Faltante,Ninguna,Sin restricción
2018,6085,2018-08-15,Miercoles,0,15:10:00,,0.0,2,"Moto/Ciclomotor,Automóvil",Santiago Y Olegario V.Andrade,4,2,0,0,2,0,0,"-32.996472222222,-60.667944444444",Calle,,ROSARIO,Rosario,Asfalto,No existe,II,Dentro,Urbana,Ninguna,No existe,Intersección,Bueno,Buena,Diurna,Buen Tiempo,Lateral,S/D,Colisión,Ninguna,Faltante,Ninguna,Sin restricción
2018,6086,2018-01-18,Jueves,0,21:30:00,,0.0,2,"Bicicleta,Moto/Ciclomotor",Entre Rios Y Juan Diaz de Solis,2,1,0,0,0,0,1,"-31.656416666667,-60.730166666667",Calle,,SANTA FE,La Capital,Asfalto,No existe,I,Dentro,Urbana,S/D,No existe,Intersección,S/D,S/D,Nocturna,S/D,S/D,Ciclista,Atropello,S/D,S/D,S/D,S/D
2018,6087,2018-08-05,Domingo,0,12:00:00,,0.0,2,"Moto/Ciclomotor,Automóvil",Antartida Argentina Y Hernandarias,2,1,0,0,1,0,0,"-33.00366, -60.75074",Calle,,PÉREZ,Rosario,Asfalto,S/D,II,Dentro,Urbana,S/D,No existe,Recta,S/D,S/D,Diurna,S/D,S/D,S/D,S/D,S/D,S/D,S/D,S/D
2018,6088,2018-08-07,Martes,0,19:40:00,Ruta Nacional 33,0.0,2,"Pickup/Utilitario,Moto/Ciclomotor",LEY 1420 ,2,0,1,0,1,0,0,"-32.99439, -60.76312",Ruta,33,PÉREZ,Rosario,Asfalto,S/D,II,Dentro,Urbana,S/D,S/D,Intersección,S/D,S/D,S/D,S/D,S/D,S/D,S/D,S/D,S/D,S/D,S/D
2018,6089,2018-01-19,Viernes,0,01:50:00,,0.0,2,"Moto/Ciclomotor,Moto/Ciclomotor",Av Gral Paz Y Hernandarias,2,1,0,0,0,0,1,"-31.61075,-60.678666666667",Avenida,,SANTA FE,La Capital,Asfalto,No existe,I,Dentro,Urbana,S/D,S/D,Intersección,S/D,S/D,Nocturna,S/D,S/D,S/D,Colisión,S/D,S/D,S/D,S/D
2018,6090,2018-08-22,Miercoles,0,11:20:00,,0.0,2,"Moto/Ciclomotor,Automóvil",Av. Ovidio Lagos Y Av. Battle y Ordo?ez,2,1,0,0,1,0,0,"-33.009694444444,-60.677361111111",Avenida,,ROSARIO,Rosario,Hormigón,No existe,II,Dentro,Urbana,Ninguna,Funciona,Recta,Bueno,Buena,Diurna,Buen Tiempo,De alcance,S/D,Colisión,Ninguna,"Horizontal,Vertical",S/D,Sin restricción
2018,6091,2018-04-30,Lunes,0,,Ruta Nacional 11,0.0,2,"Moto/Ciclomotor,Moto/Ciclomotor",Av L de la Torre-Ruta Nac 11 396,2,2,0,0,0,0,0,"-31.954878621256, -60.926787872734",Ruta,11,CORONDA,San Jerónimo,Asfalto,Natural,XV,Dentro,Urbana,S/D,No existe,Recta,Bueno,S/D,S/D,S/D,De alcance,S/D,Colisión,S/D,S/D,S/D,Sin restricción
2018,6092,2018-04-30,Lunes,0,08:20:00,Ruta Nacional 11,0.0,2,"Automóvil,Moto/Ciclomotor",San Martin Y Chubut,2,1,0,0,1,0,0,"-32.811315131829, -60.717925205300",Ruta,11,CAPITÁN BERMÚDEZ,San Lorenzo,Asfalto,Natural,XVII,Dentro,Urbana,Ninguna,No existe,Intersección,Bueno,Buena,Diurna,Buen Tiempo,Lateral,S/D,Colisión,Ninguna,S/D,Ninguna,Sin restricción
2018,6093,2018-04-16,Lunes,0,,,0.0,2,"Automóvil,Moto/Ciclomotor",Guemes Gral Y Av Irigoyen,2,0,1,0,1,0,0,"-30.941950358775, -61.54701219846",Avenida,,SUNCHALES,Castellanos,Asfalto,No existe,V,Dentro,Urbana,S/D,No existe,Rotonda,Bueno,S/D,S/D,Buen Tiempo,Lateral,S/D,Colisión,S/D,S/D,S/D,Sin restricción
2018,6094,2018-04-16,Lunes,0,,,0.0,2,"Automóvil,Automóvil", ,3,3,0,0,0,0,0,"-31.449186792923, -60.930296982385",S/D,,ESPERANZA,Las Colonias,S/D,S/D,II,S/D,S/D,S/D,S/D,S/D,S/D,S/D,S/D,S/D,S/D,S/D,Colisión,S/D,S/D,S/D,S/D