anio_acci,nro_acci,fecha,desc_dia,fecha_aprox,hora_aprox,desc_ruta,km,cant_participantes,desc_participante,calle_avenida_km,total,heridos_leves,heridos_graves,heridos_gravisimos,ilesos,fallecidos,sin_datos,posicion_XY,desc_tipo_via,desc_ruta_ori,desc_loc,desc_dpto,desc_tipo_calzada,desc_tipo_banquina,desc_unidad_regional,desc_lugar_calzada,desc_zona,desc_prioridad,desc_estado_semaforo,desc_lugar_via,desc_estado_via,desc_estado_visibilidad,desc_luminosidad,desc_estado_clima,desc_tipo_colision,desc_tipo_atropello,desc_tipo_hecho,desc_pres_calzada,desc_senializacion,desc_separacion_via,desc_restriccion
2018,6095,2018-04-13,Viernes,0,07:50:00,,0.0,2,"Automóvil,Moto/Ciclomotor",Castellanos Y Uruguay,2,1,0,0,0,0,1,"-32.970166666667,-60.682722222222",Calle,,ROSARIO,Rosario,Asfalto,No existe,II,Dentro,Urbana,Ninguna,No existe,Intersección,S/D,S/D,Diurna,S/D,Lateral,S/D,Colisión,S/D,Faltante,Ninguna,Sin restricción
2018,6096,2018-03-22,Jueves,0,17:30:00,Ruta Nacional Gral. Juan Jose Valle,253.0,2,"Camión,Camión c / Semirremolque", ,3,1,0,0,2,0,0,"-33.17175,-60.52636",Ruta,Gral. Juan José Valle,FIGHIERA,Rosario,Asfalto,Natural,II,Dentro,Rural,Ninguna,No existe,Recta,Bueno,S/D,Diurna,S/D,S/D,S/D,Colisión,Ninguna,Horizontal,Ninguna,Sin restricción
2018,6097,2018-04-13,Viernes,0,,Ruta Nacional 33,0.0,2,"Automóvil,Moto/Ciclomotor",RUTA NAC 33 Y RUTA PROV 14,2,1,0,0,1,0,0,"-32.988791472600, -60.752796943502",Ruta,33,PÉREZ,Rosario,Asfalto,Natural,II,Dentro,Rural,Señal Pare,No existe,Intersección,S/D,S/D,S/D,S/D,Lateral,S/D,Colisión,S/D,Vertical,Cordón divisorio,Sin restricción
2018,6098,2018-04-14,Sabado,0,07:30:00,,0.0,1,Moto/Ciclomotor, ,1,1,0,0,0,0,0,"-31.663426035668, -60.701047180821",Calle,,SANTA FE,La Capital,S/D,No existe,I,Dentro,Urbana,S/D,S/D,Recta,S/D,S/D,Diurna,S/D,S/D,S/D,Caída ocupante,S/D,S/D,S/D,Sin restricción
2018,6099,2018-04-16,Lunes,0,18:00:00,Ruta Provincial 13,0.0,1,Camión, ,1,1,0,0,0,0,0,"-32.063814383459, -61.785153537006",Ruta,13,CARLOS PELLEGRINI,San Martín,Asfalto,S/D,XVIII,S/D,S/D,S/D,S/D,Recta,Bueno,S/D,Diurna,S/D,S/D,S/D,Vuelco,S/D,S/D,S/D,S/D
2018,6100,2018-04-14,Sabado,0,11:20:00,,0.0,1,Moto/Ciclomotor,Larrea 1650,3,1,0,0,2,0,0,"-31.597694444444,-60.681",Calle,,SANTA FE,La Capital,Hormigón,No existe,I,Dentro,Urbana,Ninguna,No existe,Recta,S/D,S/D,Diurna,S/D,S/D,S/D,Caída ocupante,S/D,Faltante,Ninguna,Sin restricción
2018,6101,2018-03-22,Jueves,0,20:00:00,Ruta Provincial 21,0.0,2,"Automóvil,Moto/Ciclomotor",LOS PARAISOS ,2,1,0,0,1,0,0,"-33.044542,-60.608548",Ruta,21,PUEBLO ESTHER,Rosario,Asfalto,Pavimento,II,Dentro,Rural,Ninguna,No existe,Intersección,Bueno,S/D,Diurna,S/D,S/D,S/D,Colisión,Ninguna,Faltante,Ninguna,Sin restricción
2018,6102,2018-03-22,Jueves,0,,Ruta Provincial 70,0.0,2,"Automóvil,Moto/Ciclomotor",Bv Santa Fe Y Urquiza,2,0,1,0,1,0,0,"-31.254461,-61.481176",Ruta,70,RAFAELA,Castellanos,Asfalto,No existe,V,Dentro,Urbana,Ninguna,No existe,Intersección,Bueno,S/D,S/D,S/D,S/D,S/D,Colisión,Ninguna,Faltante,Ninguna,Sin restricción
2018,6103,2018-08-15,Miercoles,0,16:00:00,,0.0,2,"Moto/Ciclomotor,Automóvil",Av. Battle y Ordo?ez Y Bv. Oro?o,6,1,0,0,5,0,0,"-33.009361111111,-60.664527777778",Calle,,ROSARIO,Rosario,Hormigón,No existe,II,Dentro,Urbana,Ninguna,Funciona,Intersección,Bueno,Buena,Diurna,Buen Tiempo,Lateral,S/D,Colisión,Ninguna,"Horizontal,Vertical",Cordón divisorio,Sin restricción
2018,6104,2018-08-16,Jueves,0,05:45:00,,0.0,2,"Moto/Ciclomotor,Automóvil",Av. Ovidio Lagos Y Amenabar,2,1,0,0,1,0,0,"-32.968083333333,-60.667555555556",Calle,,ROSARIO,Rosario,Asfalto,No existe,II,S/D,Urbana,Ninguna,S/D,Intersección,Bueno,Buena,Con luz artificial,Buen Tiempo,Lateral,S/D,Colisión,Ninguna,S/D,Cordón divisorio,Reparación de Vía
2018,6105,2018-08-17,Viernes,0,14:00:00,,0.0,2,"Moto/Ciclomotor,Automóvil",Amenabar Y San Nicolas,4,1,1,0,2,0,0,"-32.966055555556,-60.678833333333",Calle,,ROSARIO,Rosario,Asfalto,No existe,II,Dentro,Urbana,Ninguna,S/D,Intersección,Bueno,Buena,Diurna,Buen Tiempo,Lateral,S/D,Colisión,Ninguna,Faltante,Ninguna,Sin restricción
2018,6106,2018-08-17,Viernes,0,17:50:00,,0.0,2,"Moto/Ciclomotor,Automóvil",Av. Ovidio Lagos 5500,2,1,0,0,1,0,0,"-33.001777777778,-60.675777777778",Avenida,,ROSARIO,Rosario,Hormigón,No existe,II,Dentro,Urbana,Ninguna,No existe,Recta,Bueno,Buena,Diurna,Buen Tiempo,De alcance,S/D,Colisión,Ninguna,Faltante,Cordón divisorio,Sin restricción
2018,6107,2018-08-17,Viernes,0,18:10:00,,0.0,2,"Moto/Ciclomotor,Automóvil",Mariano Moreno Y Cazadores,2,1,0,0,1,0,0,"-33.004416666667,-60.661888888889",Calle,,ROSARIO,Rosario,Asfalto,No existe,II,Dentro,Urbana,Ninguna,No existe,Intersección,Bueno,Buena,Diurna,Buen Tiempo,Lateral,S/D,Colisión,Ninguna,Faltante,Ninguna,Sin restricción
2018,6108,2018-08-21,Martes,0,19:45:00,,0.0,2,"Moto/Ciclomotor,Automóvil",Coulin Y Av. Francia,2,1,0,0,1,0,0,"-32.986805555556,-60.676972222222",Avenida,,ROSARIO,Rosario,Asfalto,No existe,II,Dentro,Urbana,Ninguna,No existe,Intersección,Bueno,Buena,Con luz artificial,Buen Tiempo,Lateral,S/D,Colisión,Ninguna,Faltante,Cordón divisorio,Sin restricción
2018,6109,2018-08-22,Miercoles,0,17:00:00,,0.0,2,"Automóvil,Automóvil",Av. Ntra.Sra.del Rosario Y Dorrego,4,2,0,0,2,0,0,"-33.000444444444,-60.660666666667",Calle,,ROSARIO,Rosario,Asfalto,No existe,II,Dentro,Urbana,Ninguna,No existe,Intersección,Bueno,Buena,Diurna,Buen Tiempo,Lateral,S/D,Colisión,Ninguna,Faltante,Ninguna,Sin restricción
2018,6110,2018-08-21,Martes,0,21:00:00,,0.0,2,"Moto/Ciclomotor,Automóvil",Bv. Avellaneda Y Av. Uriburu,5,3,0,0,2,0,0,"-32.991888888889,-60.689333333333",Avenida,,ROSARIO,Rosario,Hormigón,No existe,II,Dentro,Urbana,Ninguna,Funciona,Intersección,Bueno,Buena,Con luz artificial,Buen Tiempo,Lateral,S/D,Colisión,Ninguna,"Horizontal,Vertical",Cordón divisorio,Sin restricción
2018,6111,2018-08-22,Miercoles,0,19:00:00,,0.0,2,"Moto/Ciclomotor,Automóvil",Av. Ovidio Lagos Y Camino Viejo Soldini,2,0,1,0,1,0,0,"-33.025916666667,-60.681138888889",Avenida,,ROSARIO,Rosario,Hormigón,No existe,II,Dentro,Urbana,Ninguna,No existe,Intersección,Bueno,Buena,Atardecer,Buen Tiempo,Lateral,S/D,Colisión,Ninguna,Faltante,Cordón divisorio,Sin restricción
2018,6112,2018-08-25,Sabado,0,14:55:00,,0.0,2,"Bicicleta,Otros",Av. Arijon Y Pueyrredon,2,1,0,0,0,0,1,"-33.003611111111,-60.669083333333",Avenida,,ROSARIO,Rosario,Hormigón,No existe,II,Dentro,Urbana,Ninguna,Funciona,Intersección,Bueno,Buena,Diurna,Buen Tiempo,S/D,Ciclista,Atropello,Ninguna,"Horizontal,Vertical",Ninguna,Sin restricción
2018,6113,2018-08-27,Lunes,0,16:40:00,,0.0,2,"Moto/Ciclomotor,Pickup/Utilitario",Bv. Segui Y Rio De Janeiro,3,1,0,0,1,0,1,"-32.97151, -60.68877",Avenida,,ROSARIO,Rosario,Hormigón,No existe,II,Dentro,Urbana,Ninguna,No existe,Intersección,Bueno,Buena,Diurna,Buen Tiempo,Lateral,S/D,Colisión,Ninguna,Faltante,Cordón divisorio,Sin restricción
2018,6114,2018-08-22,Miercoles,0,20:00:00,,0.0,2,"Moto/Ciclomotor,Automóvil",Lavalle Y Uruguay,2,1,0,0,1,0,0,"-32.969666666667,-60.685444444444",Calle,,ROSARIO,Rosario,Asfalto,No existe,II,Dentro,Urbana,Ninguna,No existe,Intersección,Bueno,Buena,Con luz artificial,Buen Tiempo,Lateral,S/D,Colisión,Ninguna,Faltante,Ninguna,Sin restricción
2018,6115,2018-08-28,Martes,0,15:20:00,,0.0,2,"Moto/Ciclomotor,Automóvil",Saavedra Y Alsina,4,2,1,0,1,0,0,"-32.971055555556,-60.684361111111",Calle,,ROSARIO,Rosario,Asfalto,No existe,II,Dentro,Urbana,Ninguna,No existe,Intersección,Bueno,Buena,Diurna,Buen Tiempo,De alcance,S/D,Colisión,Ninguna,Faltante,Ninguna,Sin restricción
2018,6116,2018-08-22,Miercoles,0,07:50:00,,0.0,2,"Automóvil,Automóvil",Anchorena Y Balcarce,2,1,0,0,1,0,0,"-32.998194444444,-60.663555555556",Calle,,ROSARIO,Rosario,Asfalto,No existe,II,Dentro,Urbana,Ninguna,No existe,Intersección,Bueno,Buena,Diurna,Buen Tiempo,De alcance,S/D,Colisión,Ninguna,Faltante,Ninguna,Sin restricción
2018,6117,2018-08-24,Viernes,0,07:40:00,,0.0,2,"Bicicleta,Automóvil",Saavedra Y Pje. Ancaste,2,1,0,0,1,0,0,"-32.970444444444,-60.687833333333",Calle,,ROSARIO,Rosario,Asfalto,No existe,II,Dentro,Urbana,Ninguna,No existe,Intersección,Bueno,Buena,Amanecer,Buen Tiempo,S/D,Ciclista,Atropello,Ninguna,Faltante,Ninguna,Sin restricción
2018,6118,2018-08-31,Viernes,0,22:40:00,,0.0,2,"Moto/Ciclomotor,Automóvil",Suipacha Y Centeno,4,1,0,0,3,0,0,"-32.980166666667,-60.673861111111",Calle,,ROSARIO,Rosario,Asfalto,No existe,II,Dentro,Urbana,Ninguna,No existe,Intersección,Deteriorada,Buena,Con luz artificial,Buen Tiempo,Lateral,S/D,Colisión,Ninguna,Faltante,Ninguna,Sin restricción
2018,6119,2018-08-24,Viernes,0,11:45:00,,0.0,2,"Moto/Ciclomotor,Automóvil",FRANCIA Y Dr. Sabattini,3,2,0,0,1,0,0,"-32.98612, -60.67663",Avenida,,ROSARIO,Rosario,Asfalto,No existe,II,Dentro,Urbana,Ninguna,No existe,Intersección,Bueno,Buena,Diurna,Buen Tiempo,Lateral,S/D,Colisión,Ninguna,S/D,Cordón divisorio,Sin restricción
2018,6120,2018-08-25,Sabado,0,02:00:00,,0.0,2,"Moto/Ciclomotor,Automóvil",Alsina Y Garay,2,1,0,0,1,0,0,"-32.967638888889,-60.6835",Calle,,ROSARIO,Rosario,Asfalto,No existe,II,Dentro,Urbana,Ninguna,No existe,Intersección,Deteriorada,Buena,Con luz artificial,Buen Tiempo,Lateral,S/D,Colisión,Ninguna,Faltante,Ninguna,Sin restricción
2018,6121,2018-08-25,Sabado,0,12:45:00,,0.0,2,"Taxi/Remis,Peatón",Av. Arijon Y Alvear,2,0,1,0,0,0,1,"-33.003527777778,-60.666222222222",Avenida,,ROSARIO,Rosario,Hormigón,No existe,II,Dentro,Urbana,Ninguna,No existe,Intersección,Bueno,S/D,Diurna,Buen Tiempo,S/D,Peatón,Atropello,Ninguna,Faltante,Ninguna,Sin restricción
2018,6122,2018-08-07,Martes,0,19:00:00,,0.0,2,"Automóvil,Moto/Ciclomotor",Av. Battle y Ordo?ez Y Buenos Aires,2,1,0,0,1,0,0,"-33.008805555556,-60.644666666667",Avenida,,ROSARIO,Rosario,Asfalto,No existe,II,Dentro,Urbana,Ninguna,No existe,Recta,Bueno,Buena,Nocturna,S/D,Lateral,S/D,Colisión,Agua,Faltante,Ninguna,Sin restricción
2018,6123,2018-08-13,Lunes,0,20:30:00,,0.0,2,"Moto/Ciclomotor,Pickup/Utilitario",Av. Battle y Ordo?ez Y Entre Rios,2,1,0,0,1,0,0,"-33.008888888889,-60.651555555556",Avenida,,ROSARIO,Rosario,Asfalto,No existe,II,Dentro,Urbana,Ninguna,No existe,Recta,Bueno,Buena,Nocturna,Buen Tiempo,Lateral,S/D,Colisión,Ninguna,Horizontal,Cordón divisorio,Sin restricción
2018,6124,2018-08-05,Domingo,0,17:20:00,,0.0,1,Bicicleta,Khantuta Y San Martin,1,1,0,0,0,0,0,"-33.01207, -60.65131",Avenida,,ROSARIO,Rosario,Asfalto,Pavimento,II,Dentro,Urbana,Semáforo,Funciona,Recta,Bueno,Buena,Diurna,Buen Tiempo,Otro,Ciclista,"Atropello,Otro",Ninguna,Horizontal,Línea divisoria pintada,Sin restricción
2018,6125,2018-04-17,Martes,0,11:30:00,,0.0,1,Moto/Ciclomotor,San Martin Y Javier de la Rosa,1,1,0,0,0,0,0,"-31.599111111111,-60.692527777778",Calle,,SANTA FE,La Capital,Asfalto,No existe,I,Dentro,Urbana,Ninguna,No existe,Recta,Bueno,Buena,Diurna,Buen Tiempo,S/D,S/D,Caída ocupante,Ninguna,Faltante,S/D,Sin restricción
2018,6126,2018-04-18,Miercoles,0,,,0.0,2,"Automóvil,Moto/Ciclomotor", ,4,3,0,0,1,0,0,"-33.741477, -61.974894",S/D,,VENADO TUERTO,General López,S/D,S/D,VIII,Dentro,S/D,S/D,S/D,S/D,S/D,S/D,S/D,S/D,S/D,S/D,Colisión,S/D,S/D,S/D,S/D
2018,6127,2018-04-18,Miercoles,0,,,0.0,2,"Pickup/Utilitario,Moto/Ciclomotor", ,2,1,0,0,1,0,0,"-31.447436, -60.932958",S/D,,ESPERANZA,Las Colonias,S/D,S/D,XI,S/D,S/D,S/D,S/D,S/D,S/D,S/D,S/D,S/D,S/D,S/D,Colisión,S/D,S/D,S/D,S/D
2018,6128,2018-04-18,Miercoles,0,,,0.0,2,"Automóvil,Moto/Ciclomotor", ,2,1,0,0,1,0,0,"-31.548659, -61.077318",S/D,,SAN JERÓNIMO NORTE,Las Colonias,S/D,S/D,XI,S/D,S/D,S/D,S/D,S/D,S/D,S/D,S/D,S/D,S/D,S/D,Colisión,S/D,S/D,S/D,S/D
2018,6129,2018-04-18,Miercoles,0,,,0.0,2,"Pickup/Utilitario,Moto/Ciclomotor",9 de Julio Y Buenos Aires,2,0,1,0,1,0,0,"-32.054215, -61.596629",Calle,,CAÑADA ROSQUIN,San Martín,Hormigón,No existe,XVIII,Dentro,Urbana,Ninguna,No existe,Intersección,Bueno,Buena,S/D,Buen Tiempo,S/D,S/D,Colisión,Ninguna,Faltante,Ninguna,Sin restricción
2018,6130,2018-04-17,Martes,0,10:45:00,,0.0,2,"Automóvil,Peatón",Pasco Y Pje. Alfonsina Storni,2,1,0,0,1,0,0,"-32.960222222222,-60.635916666667",Calle,,ROSARIO,Rosario,Asfalto,No existe,II,Dentro,Urbana,Ninguna,No existe,Recta,Bueno,Buena,Diurna,Buen Tiempo,S/D,Peatón,Atropello,Ninguna,Faltante,Ninguna,Sin restricción
2018,6131,2018-04-18,Miercoles,0,15:05:00,,0.0,1,Moto/Ciclomotor,Av. Provincias Unidas Y French,2,0,1,0,0,1,0,"-32.921817, -60.713451",Avenida,,ROSARIO,Rosario,Hormigón,No existe,II,Dentro,Urbana,Paso Peatonal,Funciona,Intersección,Bueno,Buena,S/D,Buen Tiempo,S/D,S/D,Caída ocupante,Ninguna,Horizontal,Cordón divisorio,Sin restricción
2018,6132,2018-04-13,Viernes,0,,,0.0,2,"Automóvil,Moto/Ciclomotor", ,3,2,0,0,1,0,0,"-33.046783, -61.177398",S/D,,CASILDA,Caseros,S/D,S/D,IV,S/D,S/D,S/D,S/D,S/D,S/D,S/D,S/D,S/D,S/D,S/D,Colisión,S/D,S/D,S/D,S/D
2018,6133,2018-04-19,Jueves,0,,,0.0,1,Automóvil, ,2,1,0,0,1,0,0,"-31.658547, -60.719718",S/D,,SANTA FE,La Capital,S/D,S/D,I,S/D,S/D,S/D,S/D,S/D,S/D,S/D,S/D,S/D,S/D,Ciclista,Atropello,S/D,S/D,S/D,S/D
2018,6134,2018-04-14,Sabado,0,17:20:00,,0.0,1,Moto/Ciclomotor,Las Heras Y Risso,1,1,0,0,0,0,0,"-31.602138888889,-60.687444444444",Calle,,SANTA FE,La Capital,Asfalto,No existe,I,Dentro,Urbana,Ninguna,No existe,Recta,S/D,S/D,Diurna,S/D,S/D,S/D,Caída ocupante,S/D,Faltante,Ninguna,Sin restricción
2018,6135,2018-04-19,Jueves,0,,,0.0,2,"Moto/Ciclomotor,Automóvil", ,3,1,0,0,2,0,0,"-31.665495, -60.726694",S/D,,SANTA FE,La Capital,S/D,S/D,I,S/D,S/D,S/D,S/D,S/D,S/D,S/D,S/D,S/D,S/D,S/D,Colisión,S/D,S/D,S/D,S/D
2018,6136,2018-04-19,Jueves,0,,,0.0,1,Moto/Ciclomotor,Entre Rios ,1,1,0,0,0,0,0,"-32.032518, -61.211099",Calle,,GÁLVEZ,San Jerónimo,Hormigón,No existe,V,Fuera,Urbana,Ninguna,No existe,Recta,Deteriorada,Buena,S/D,Buen Tiempo,Contra objeto fijo,S/D,Colisión,Ninguna,Faltante,Ninguna,Sin restricción
2018,6137,2018-04-14,Sabado,0,,,0.0,2,"Moto/Ciclomotor,Moto/Ciclomotor",Calle 92 Y Calle 11,3,0,1,0,0,0,2,"-31.4385,-62.063555555556",Calle,,FRONTERA,Castellanos,S/D,No existe,V,Dentro,Urbana,S/D,S/D,Intersección,S/D,S/D,S/D,S/D,Lateral,S/D,Colisión,S/D,S/D,Ninguna,S/D
2018,6138,2018-04-19,Jueves,0,08:45:00,,0.0,2,"Pickup/Utilitario,Moto/Ciclomotor",Juan de Garay Y San Martin,2,1,0,0,1,0,0,"-29.692582, -60.253574",Calle,,MARGARITA,Vera,Ripio,No existe,XIX,Dentro,Urbana,Ninguna,No existe,Intersección,Bueno,Buena,Amanecer,Buen Tiempo,S/D,S/D,Colisión,Material Suelto,Faltante,Ninguna,Sin restricción
2018,6139,2018-04-19,Jueves,0,,,0.0,1,Bicicleta,Avenida Nuestra Se?ora del Luj Y Lisandro de La Torre,1,1,0,0,0,0,0,"-31.678741, -60.773576",Avenida,,SANTO TOMÉ,La Capital,Asfalto,No existe,I,Dentro,Urbana,Semáforo,Funciona,Intersección,Bueno,Buena,S/D,Buen Tiempo,S/D,S/D,Caída ocupante,Ninguna,"Horizontal,Vertical",Línea divisoria pintada,Sin restricción
2018,6140,2018-04-17,Martes,0,,,0.0,2,"Automóvil,Bicicleta",Washington Y Dante Alighieri,2,1,0,0,1,0,0,"-33.049527777778,-61.170861111111",Calle,,CASILDA,Caseros,Asfalto,S/D,IV,Dentro,Urbana,S/D,S/D,Intersección,Bueno,S/D,S/D,Buen Tiempo,S/D,Ciclista,Atropello,S/D,S/D,S/D,Sin restricción
2018,6141,2018-04-14,Sabado,0,,,0.0,2,"Moto/Ciclomotor,Moto/Ciclomotor", ,2,0,1,0,1,0,0,"-31.251189352200, -61.494725800120",Calle,,RAFAELA,Castellanos,S/D,No existe,V,Dentro,Urbana,S/D,S/D,Intersección,S/D,S/D,S/D,S/D,Lateral,S/D,Colisión,S/D,S/D,Ninguna,S/D
2018,6142,2018-04-19,Jueves,0,,,0.0,2,"Moto/Ciclomotor,Automóvil",Lamadrid Y Sarmiento,2,1,0,0,1,0,0,"-32.997119, -60.649114",Calle,,ROSARIO,Rosario,Hormigón,No existe,II,Dentro,Urbana,Ninguna,No existe,Intersección,Bueno,Buena,S/D,Buen Tiempo,S/D,S/D,Colisión,S/D,Faltante,Ninguna,Sin restricción
2018,6143,2018-04-17,Martes,0,,,0.0,2,"Automóvil,Moto/Ciclomotor",Washington Y Dante Alighieri,2,1,0,0,1,0,0,"-33.049527777778,-61.170861111111",Calle,,CASILDA,Caseros,Asfalto,S/D,IV,Dentro,Urbana,S/D,S/D,Intersección,S/D,S/D,S/D,S/D,Lateral,S/D,Colisión,S/D,S/D,S/D,S/D
2018,6144,2018-04-14,Sabado,0,,Ruta Provincial 70,0.0,2,"Pickup/Utilitario,Moto/Ciclomotor",Antonio Podio Y Eusebio Marcilla,2,1,0,0,1,0,0,"-31.249361111111,-61.512083333333",Ruta,70,RAFAELA,Castellanos,Hormigón,No existe,V,Dentro,Urbana,Ninguna,No existe,Intersección,S/D,S/D,S/D,S/D,Lateral,S/D,Colisión,S/D,Faltante,Cordón divisorio,Sin restricción
2018,6145,2018-04-20,Viernes,0,,Ruta Secundaria 229-s,0.0,2,"Pickup/Utilitario,Moto/Ciclomotor",Justo Jose de Urquiza Y Av Eduardo Minetti,2,1,0,0,1,0,0,"-28.621490, -61.630910",Ruta,229-s,VILLA MINETTI,9 de Julio,Asfalto,No existe,XII,Dentro,Urbana,S/D,S/D,Intersección,S/D,S/D,S/D,Buen Tiempo,S/D,S/D,Colisión,S/D,S/D,Cordón divisorio,Sin restricción
2018,6146,2018-01-19,Viernes,0,09:45:00,,0.0,2,"Moto/Ciclomotor,Automóvil",Pje 10 Y Tucuman,2,1,0,0,1,0,0,"-31.641222222222,-60.729194444444",Calle,,SANTA FE,La Capital,Asfalto,No existe,I,Dentro,Urbana,Ninguna,No existe,Intersección,S/D,S/D,Diurna,S/D,Lateral,S/D,Colisión,S/D,S/D,S/D,Sin restricción
2018,6147,2018-01-19,Viernes,0,12:00:00,,0.0,2,"Automóvil,Automóvil",Av Gral Lopez Y Dr Zavalla,2,1,0,0,0,0,1,"-31.654861111111,-60.722805555556",Avenida,,SANTA FE,La Capital,Asfalto,Pavimento,I,Dentro,Urbana,S/D,No existe,Intersección,S/D,S/D,Diurna,S/D,Lateral,S/D,Colisión,S/D,S/D,S/D,S/D
2018,6148,2018-01-19,Viernes,0,21:14:00,Ruta Nacional 11,0.0,2,"Bicicleta,Automóvil",Av Blas Parera Y La Pampa,2,1,0,0,0,0,1,"-31.575222222222,-60.728638888889",Ruta,11,SANTA FE,La Capital,Asfalto,Pavimento,I,Dentro,Urbana,S/D,S/D,Intersección,S/D,S/D,Nocturna,S/D,S/D,Ciclista,Atropello,S/D,S/D,S/D,S/D
2018,6149,2018-01-19,Viernes,0,22:00:00,,0.0,2,"Moto/Ciclomotor,Automóvil", ,2,1,0,0,0,0,1,"-31.6115, -60.69651",S/D,,SANTA FE,La Capital,S/D,S/D,I,S/D,Urbana,S/D,S/D,S/D,S/D,S/D,Nocturna,S/D,S/D,S/D,Colisión,S/D,S/D,S/D,S/D
2018,6150,2018-01-20,Sabado,0,04:31:00,,0.0,1,Moto/Ciclomotor,Ayacucho Y Av Facundo Zuviria,1,1,0,0,0,0,0,"-31.595611111111,-60.699916666667",Avenida,,SANTA FE,La Capital,Asfalto,Pavimento,I,Dentro,Urbana,S/D,Intermitente,Intersección,S/D,S/D,Nocturna,S/D,Atropello animal,S/D,"Caída ocupante,Colisión",S/D,S/D,S/D,S/D
2018,6151,2018-01-20,Sabado,0,05:00:00,,0.0,1,Moto/Ciclomotor, ,1,1,0,0,0,0,0,"-31.18255, -60.39477",Calle,,LAGUNA PAIVA,La Capital,S/D,S/D,I,Dentro,Urbana,S/D,S/D,Recta,S/D,S/D,Nocturna,S/D,S/D,S/D,Caída ocupante,S/D,S/D,S/D,S/D
2018,6152,2018-01-20,Sabado,0,07:20:00,,0.0,1,Bicicleta,Obispo Gelabert Y Av Urquiza,1,1,0,0,0,0,0,"-31.635361111111,-60.710166666667",Calle,,SANTA FE,La Capital,Asfalto,Pavimento,II,Dentro,Urbana,Ninguna,Funciona,Intersección,Bueno,S/D,Diurna,S/D,S/D,S/D,Caída ocupante,S/D,S/D,S/D,S/D
2018,6153,2018-01-20,Sabado,0,09:15:00,,0.0,2,"Moto/Ciclomotor,Camión",J Castelli Y Av Facundo Zuviria,2,1,0,0,0,0,1,"-31.604666666667,-60.70275",Avenida,,SANTA FE,La Capital,Asfalto,No existe,I,Dentro,Urbana,S/D,Funciona,Intersección,S/D,S/D,Diurna,S/D,S/D,S/D,Colisión,S/D,S/D,S/D,S/D
2018,6154,2018-04-17,Martes,0,10:50:00,,0.0,2,"Automóvil,Bicicleta",Italia Y Av Irigoyen,2,0,1,0,1,0,0,"-30.944733761170, -61.559706360172",Avenida,,SUNCHALES,Castellanos,Asfalto,No existe,V,Dentro,Urbana,Paso Peatonal,No existe,Intersección,Bueno,Buena,Diurna,Buen Tiempo,S/D,Ciclista,Atropello,Ninguna,Horizontal,Cordón divisorio,Sin restricción
2018,6155,2018-01-20,Sabado,0,18:30:00,,0.0,2,"Moto/Ciclomotor,Automóvil",4 de Enero Y Ricardo Aldao,2,1,0,0,0,0,1,"-31.608888888889,-60.701138888889",Calle,,SANTA FE,La Capital,Asfalto,No existe,I,Dentro,Urbana,S/D,No existe,Intersección,S/D,Reducida,Atardecer,S/D,Lateral,S/D,Colisión,S/D,S/D,S/D,Sin restricción
2018,6156,2018-01-20,Sabado,0,19:30:00,,0.0,1,Moto/Ciclomotor,Pje Publico 9262,1,0,0,0,0,1,0,"-31.583870,-60.740713",Calle,,SANTA FE,La Capital,S/D,No existe,I,Dentro,Urbana,S/D,No existe,Recta,S/D,S/D,Atardecer,S/D,S/D,S/D,Caída ocupante,S/D,S/D,S/D,S/D
2018,6157,2018-01-21,Domingo,0,06:35:00,,0.0,1,Moto/Ciclomotor,VUELTA DEL PARAGUAYO ,1,1,0,0,0,0,0,"-31.6447, -60.66911",Calle,,SANTA FE,La Capital,S/D,S/D,I,S/D,Urbana,S/D,No existe,Recta,S/D,S/D,Amanecer,S/D,S/D,S/D,Caída ocupante,S/D,S/D,S/D,S/D
2018,6159,2018-01-21,Domingo,0,05:30:00,,0.0,1,Moto/Ciclomotor,Av Pte Peron Y Bv Pellegrini,1,1,0,0,0,0,0,"-31.63269, -60.71714",Avenida,,SANTA FE,La Capital,Asfalto,S/D,I,Dentro,Urbana,S/D,S/D,Recta,S/D,S/D,Amanecer,S/D,S/D,S/D,S/D,S/D,S/D,S/D,S/D
2018,6160,2018-01-21,Domingo,0,09:41:00,,0.0,1,Moto/Ciclomotor,Av Urquiza 2200,1,1,0,0,0,0,0,"-31.648972222222,-60.714055555556",Calle,,SANTA FE,La Capital,Asfalto,No existe,I,Dentro,Urbana,S/D,Funciona,Recta,S/D,S/D,Diurna,S/D,S/D,S/D,Caída ocupante,S/D,S/D,S/D,S/D
2018,6161,2018-06-01,Viernes,0,19:00:00,,0.0,2,"Vehículo Oficial,Vehículo Oficial",Larrea Y Lavalle,3,2,0,0,1,0,0,"-31.59825,-60.678416666667",Calle,,SANTA FE,La Capital,S/D,S/D,I,S/D,Urbana,S/D,S/D,Intersección,S/D,S/D,S/D,S/D,De alcance,S/D,Colisión,S/D,S/D,S/D,S/D
2018,6162,2018-01-21,Domingo,0,10:00:00,,0.0,1,Moto/Ciclomotor, ,1,1,0,0,0,0,0,"-31.11889, -60.88719",Camino Rural,,SANTO DOMINGO,Las Colonias,S/D,S/D,I,S/D,Rural,S/D,No existe,S/D,S/D,S/D,Diurna,S/D,S/D,S/D,Caída ocupante,S/D,S/D,S/D,S/D