anio_acci,nro_acci,fecha,desc_dia,fecha_aprox,hora_aprox,desc_ruta,km,cant_participantes,desc_participante,calle_avenida_km,total,heridos_leves,heridos_graves,heridos_gravisimos,ilesos,fallecidos,sin_datos,posicion_XY,desc_tipo_via,desc_ruta_ori,desc_loc,desc_dpto,desc_tipo_calzada,desc_tipo_banquina,desc_unidad_regional,desc_lugar_calzada,desc_zona,desc_prioridad,desc_estado_semaforo,desc_lugar_via,desc_estado_via,desc_estado_visibilidad,desc_luminosidad,desc_estado_clima,desc_tipo_colision,desc_tipo_atropello,desc_tipo_hecho,desc_pres_calzada,desc_senializacion,desc_separacion_via,desc_restriccion
2018,6163,2018-04-18,Miercoles,0,,,0.0,1,Moto/Ciclomotor,FRAY LUIS BELTRÁN Y  Remedios de Escalada de San M,2,2,0,0,0,0,0,"-33.044495385462, -61.17103004988",Calle,,CASILDA,Caseros,Asfalto,S/D,IV,Dentro,Urbana,S/D,S/D,Recta,Bueno,Reducida,S/D,S/D,Contra objeto fijo,S/D,Colisión,S/D,S/D,S/D,S/D
2018,6164,2018-04-18,Miercoles,0,,,0.0,2,"Moto/Ciclomotor,Pickup/Utilitario",Boulevard Lisandro de la Torre Y Cornelio Saavedra,4,3,0,0,1,0,0,"-33.053555555556,-61.181",Avenida,,CASILDA,Caseros,Asfalto,No existe,IV,Dentro,Urbana,Ninguna,No existe,Intersección,Bueno,S/D,S/D,S/D,Lateral,S/D,Colisión,Ninguna,Faltante,Cordón divisorio,S/D
2018,6165,2018-01-21,Domingo,0,10:00:00,,0.0,2,"Moto/Ciclomotor,Automóvil",Martin Zapata ,2,1,0,0,0,0,1,"-31.61655, -60.71499",Calle,,SANTA FE,La Capital,Asfalto,No existe,I,Dentro,Urbana,S/D,S/D,Recta,S/D,S/D,Diurna,S/D,S/D,S/D,Colisión,S/D,S/D,S/D,Sin restricción
2018,6166,2018-01-21,Domingo,0,10:48:00,,0.0,1,Transporte de Pasajeros Urbano (> 8 asientos),Pedro Centeno Y Av Facundo Zuviria,1,1,0,0,0,0,0,"-31.626361111111,-60.705277777778",Avenida,,SANTA FE,La Capital,Asfalto,No existe,I,Dentro,Urbana,S/D,Funciona,Intersección,Bueno,S/D,Diurna,S/D,Contra objeto fijo,S/D,Colisión,S/D,S/D,S/D,S/D
2018,6167,2018-01-21,Domingo,0,10:30:00,,0.0,2,"Moto/Ciclomotor,Automóvil",Las Heras Y Ricardo Aldao,2,1,0,0,0,0,1,"-31.611194444444,-60.690111111111",Calle,,SANTA FE,La Capital,Asfalto,No existe,I,Dentro,Urbana,Ninguna,No existe,Intersección,S/D,Buena,Diurna,S/D,Lateral,S/D,Colisión,S/D,S/D,S/D,Sin restricción
2018,6168,2018-01-21,Domingo,0,11:30:00,,0.0,2,"Bicicleta,Moto/Ciclomotor",Av Pe?aloza Y Callejon Aguirre,2,1,0,0,0,0,1,"-31.583027777778,-60.711333333333",Avenida,,SANTA FE,La Capital,Asfalto,No existe,I,Dentro,Urbana,S/D,S/D,Intersección,S/D,S/D,Diurna,S/D,S/D,Ciclista,Atropello,S/D,S/D,S/D,S/D
2018,6169,2018-04-14,Sabado,0,22:40:00,,0.0,2,"Pickup/Utilitario,Peatón",Angel Marino Gervaso 400,3,0,1,0,2,0,0,"-32.82025,-60.728361111111",Calle,,CAPITÁN BERMÚDEZ,San Lorenzo,Ripio,No existe,XVII,Dentro,Urbana,Ninguna,No existe,Intersección,Deteriorada,Reducida,Nocturna,S/D,S/D,Peatón,Atropello,S/D,Faltante,Ninguna,Sin restricción
2018,6170,2018-01-21,Domingo,0,15:10:00,,0.0,1,Transporte de Pasajeros Urbano (> 8 asientos),Intendente Manuel Irigoyen Y Roque Saenz Pe?a,1,1,0,0,0,0,0,"-31.662638888889,-60.729944444444",Calle,,SANTA FE,La Capital,Asfalto,No existe,I,Dentro,Urbana,Ninguna,No existe,Recta,Bueno,S/D,Diurna,S/D,S/D,S/D,Caída ocupante,S/D,S/D,S/D,S/D
2018,6171,2018-01-21,Domingo,0,21:20:00,,0.0,2,"Moto/Ciclomotor,Automóvil",Av Facundo Zuviria Y Reg 12 de Infanteria,3,1,0,0,0,0,2,"-31.596472222222,-60.700444444444",Avenida,,SANTA FE,La Capital,Asfalto,No existe,I,Dentro,Urbana,Ninguna,Funciona,Intersección,Bueno,S/D,"Nocturna,Con luz artificial",S/D,S/D,S/D,Colisión,S/D,S/D,S/D,Sin restricción
2018,6172,2018-04-15,Domingo,0,,,0.0,2,"Taxi/Remis,Moto/Ciclomotor",Donado Y J.J.Paso,3,2,0,0,1,0,0,"-32.920657, -60.727763",Calle,,ROSARIO,Rosario,Asfalto,No existe,II,Dentro,Urbana,Semáforo,Funciona,Intersección,Bueno,Buena,S/D,Buen Tiempo,Lateral,S/D,Colisión,Ninguna,Vertical,Ninguna,Sin restricción
2018,6173,2018-04-15,Domingo,0,,,0.0,2,"Moto/Ciclomotor,Automóvil", ,2,1,0,0,1,0,0,"-31.446786, -60.931759",Calle,,ESPERANZA,Las Colonias,S/D,S/D,XI,Dentro,Urbana,S/D,S/D,S/D,S/D,S/D,S/D,S/D,S/D,S/D,Colisión,S/D,S/D,S/D,S/D
2018,6174,2018-04-15,Domingo,0,06:20:00,,0.0,2,"Automóvil,Peatón", ,2,1,0,0,1,0,0,"-31.628120379712, -60.702679290910",S/D,,SANTA FE,La Capital,S/D,S/D,I,Dentro,Urbana,S/D,S/D,S/D,S/D,S/D,Amanecer,S/D,S/D,S/D,S/D,S/D,S/D,S/D,S/D
2018,6175,2018-04-15,Domingo,0,08:00:00,Ruta Nacional 19,25.0,2,"Pickup/Utilitario,Camión c / Acoplado", ,3,1,0,0,2,0,0,"-31.625208, -61.039580",Ruta,19,SAN CARLOS NORTE,Las Colonias,Asfalto,Pavimento,XI,Dentro,Urbana,Ninguna,No existe,Recta,Bueno,Buena,Amanecer,Buen Tiempo,S/D,S/D,Colisión,Ninguna,Horizontal,"Línea divisoria pintada,S/D",Sin restricción
2018,6176,2018-03-23,Viernes,0,,,0.0,2,"Moto/Ciclomotor,Pickup/Utilitario", ,3,2,0,0,1,0,0,"-33.146111, -61.472394",S/D,,AREQUITO,Caseros,S/D,S/D,IV,S/D,S/D,S/D,S/D,S/D,S/D,S/D,S/D,S/D,S/D,S/D,Colisión,S/D,S/D,S/D,S/D
2018,6177,2018-03-23,Viernes,0,14:00:00,,0.0,2,"Moto/Ciclomotor,Pickup/Utilitario",Carlos Pellegrini Y Juan Jose Castelli,2,1,0,0,1,0,0,"-33.748916666667,-61.961555555556",Calle,,VENADO TUERTO,General López,Asfalto,No existe,VIII,Dentro,Urbana,S/D,S/D,Intersección,Bueno,S/D,Diurna,S/D,S/D,S/D,Colisión,Ninguna,S/D,S/D,Sin restricción
2018,6178,2018-04-15,Domingo,0,,,0.0,1,Moto/Ciclomotor,Corrientes Y Avenida Ejercito Argentino,1,1,0,0,0,0,0,"-31.671934, -60.774052",Calle,,SANTO TOMÉ,La Capital,Asfalto,No existe,I,Dentro,Urbana,Semáforo,Funciona,Intersección,Bueno,Buena,S/D,Buen Tiempo,S/D,S/D,Despiste,Ninguna,"Horizontal,Vertical",Línea divisoria pintada,Sin restricción
2018,6179,2018-04-15,Domingo,0,04:25:00,,0.0,2,"Moto/Ciclomotor,Automóvil",1ro de Mayo Y Gorriti,2,1,0,0,1,0,0,"-31.590185, -60.694131",Calle,,SANTA FE,La Capital,Hormigón,No existe,I,Dentro,Urbana,Paso Peatonal,No existe,Intersección,Bueno,Buena,"Nocturna,Con luz artificial",Buen Tiempo,Lateral,S/D,Colisión,Ninguna,Horizontal,"Cordón divisorio,Vegetación",Sin restricción
2018,6180,2018-03-23,Viernes,0,19:55:00,,0.0,2,"Pickup/Utilitario,Moto/Ciclomotor",6 de Caballeria Y Carlos Gardel,2,1,0,0,1,0,0,"-29.238083333333,-61.775916666667",Calle,,TOSTADO,9 de Julio,S/D,S/D,XII,Dentro,Urbana,S/D,S/D,Intersección,S/D,S/D,Atardecer,S/D,S/D,S/D,Colisión,S/D,S/D,S/D,S/D
2018,6181,2018-03-23,Viernes,0,,,0.0,2,"Automóvil,Moto/Ciclomotor",Av Pellegrini Y San Luis,2,1,0,0,1,0,0,"-31.894305,-61.859214",Calle,,SAN JORGE,San Martín,Asfalto,No existe,XVIII,Dentro,Urbana,Ninguna,No existe,Intersección,Bueno,S/D,S/D,S/D,S/D,S/D,Colisión,Ninguna,Faltante,Ninguna,Sin restricción
2018,6182,2018-03-24,Sabado,0,11:25:00,,0.0,2,"Pickup/Utilitario,Moto/Ciclomotor",Campbell Y Gaboto,4,3,0,0,1,0,0,"-32.964972222222,-60.707",Calle,,ROSARIO,Rosario,Asfalto,No existe,II,Dentro,Urbana,Ninguna,No existe,Intersección,Bueno,S/D,Diurna,S/D,S/D,S/D,Colisión,Ninguna,Faltante,Ninguna,Sin restricción
2018,6183,2018-03-24,Sabado,0,01:20:00,,0.0,2,"Moto/Ciclomotor,Automóvil",Roullon ,2,1,0,0,1,0,0,"-32.953066,-60.701724",S/D,,ROSARIO,Rosario,S/D,S/D,II,S/D,S/D,S/D,S/D,Intersección,S/D,S/D,Nocturna,S/D,S/D,S/D,Colisión,S/D,S/D,S/D,S/D
2018,6184,2018-04-04,Miercoles,0,02:00:00,Ruta Provincial Brigadier E.López,7.0,2,"Automóvil,Camión c / Acoplado", ,3,1,0,0,2,0,0,"-32.824262, -60.740957",Ruta,Brigadier E.López,CAPITÁN BERMÚDEZ,San Lorenzo,Asfalto,No existe,XVII,Dentro,Rural,Ninguna,No existe,Recta,Bueno,Buena,Nocturna,Buen Tiempo,S/D,S/D,Colisión,Ninguna,Horizontal,"Guardarrail,Línea divisoria pintada",Sin restricción
2018,6185,2018-04-23,Lunes,0,07:50:00,Ruta Nacional 34,180.0,1,Moto/Ciclomotor, ,1,0,0,0,0,1,0,"-31.55173,-61.53172",Ruta,34,ANGÉLICA,Castellanos,Asfalto,Natural,V,Dentro,Rural,Ninguna,No existe,Recta,Resbaladiza,Reducida,Amanecer,Lluvia,S/D,S/D,Caída ocupante,Agua,Horizontal,Línea divisoria pintada,Sin restricción
2018,6186,2018-04-19,Jueves,0,07:35:00,Ruta Provincial 70,80.0,2,"Automóvil,Moto/Ciclomotor", ,2,1,0,0,1,0,0,"-31.253807, -61.485054",Ruta,70,RAFAELA,Castellanos,Asfalto,No existe,V,Dentro,Urbana,Semáforo,Funciona,Intersección,Bueno,Buena,Amanecer,Buen Tiempo,De alcance,S/D,Colisión,Ninguna,"Horizontal,Vertical","Cordón divisorio,Vegetación",Sin restricción
2018,6187,2018-03-24,Sabado,0,,,0.0,2,"Moto/Ciclomotor,Pickup/Utilitario", ,2,1,0,0,1,0,0,"-33.047742,-61.167793",S/D,,CASILDA,Caseros,S/D,S/D,IV,S/D,S/D,S/D,S/D,S/D,S/D,S/D,S/D,S/D,S/D,S/D,Colisión,S/D,S/D,S/D,S/D
2018,6188,2018-03-24,Sabado,0,,,0.0,2,"Vehículo Oficial,Moto/Ciclomotor",N Figueredo Y P Gaggero,3,2,0,0,1,0,0,"-30.792607,-60.584541",Calle,,SAN JUSTO,San Justo,"Asfalto,Tierra",No existe,XVI,Dentro,Urbana,Ninguna,No existe,Intersección,Bueno,S/D,S/D,S/D,S/D,S/D,Colisión,Ninguna,Faltante,Ninguna,Sin restricción
2018,6189,2018-03-25,Domingo,0,14:00:00,,0.0,2,"Automóvil,Moto/Ciclomotor",Virasoro Y Mitre,2,1,0,0,1,0,0,"-32.969666666667,-60.645416666667",Calle,,ROSARIO,Rosario,Asfalto,S/D,II,Dentro,Urbana,Ninguna,S/D,Intersección,Bueno,S/D,S/D,S/D,S/D,S/D,Colisión,Ninguna,Horizontal,Ninguna,Sin restricción
2018,6190,2018-01-22,Lunes,0,00:40:00,,0.0,1,Moto/Ciclomotor,9 de Julio Y 1 de Mayo,1,1,0,0,0,0,0,"-31.456555555556,-60.92475",Calle,,ESPERANZA,Las Colonias,Asfalto,S/D,XI,Dentro,Urbana,S/D,S/D,Recta,S/D,S/D,Nocturna,S/D,S/D,S/D,Caída ocupante,S/D,S/D,S/D,S/D
2018,6191,2018-01-22,Lunes,0,16:45:00,,0.0,2,"Moto/Ciclomotor,Automóvil",Hernandarias Y Sebastian Gaboto,2,0,1,0,0,0,1,"-31.6025,-60.717027777778",Calle,,SANTA FE,La Capital,Asfalto,No existe,I,Dentro,Urbana,Ninguna,No existe,Intersección,S/D,S/D,Diurna,S/D,Lateral,S/D,Colisión,S/D,S/D,S/D,Sin restricción
2018,6192,2018-01-22,Lunes,0,19:20:00,,0.0,1,Moto/Ciclomotor,BRASIL Y L MATEO,1,1,0,0,0,0,0,"-31.7759, -60.83966",Calle,,SANTA FE,La Capital,Asfalto,No existe,I,Dentro,Urbana,S/D,No existe,Intersección,S/D,S/D,Atardecer,S/D,S/D,S/D,Caída ocupante,S/D,S/D,S/D,S/D
2018,6193,2018-01-23,Martes,0,02:20:00,,0.0,1,Moto/Ciclomotor,Av Almte Brown ,1,1,0,0,0,0,0,"-31.62381, -60.67872",Avenida,,SANTA FE,La Capital,Asfalto,S/D,I,Dentro,Urbana,S/D,No existe,Recta,Bueno,S/D,"Nocturna,Con luz artificial",S/D,S/D,S/D,Caída ocupante,S/D,S/D,S/D,Sin restricción
2018,6194,2018-01-23,Martes,0,06:30:00,,0.0,1,Moto/Ciclomotor,4 de Enero Y Santiago del Estero,1,1,0,0,0,0,0,"-31.636694444444,-60.709194444444",Calle,,SANTA FE,La Capital,Asfalto,No existe,I,Dentro,Urbana,S/D,Funciona,Intersección,Bueno,S/D,Nocturna,S/D,S/D,S/D,Caída ocupante,S/D,S/D,S/D,S/D
2018,6195,2018-01-23,Martes,0,13:15:00,,0.0,1,Moto/Ciclomotor,Fray C Rodriguez Y Av Blas Parera,2,2,0,0,0,0,0,"-31.618166666667,-60.718555555556",Avenida,,SANTA FE,La Capital,Asfalto,S/D,I,Dentro,Urbana,S/D,S/D,Intersección,S/D,S/D,Diurna,S/D,S/D,S/D,Caída ocupante,S/D,S/D,S/D,S/D
2018,6196,2018-06-01,Viernes,0,14:20:00,,0.0,2,"Moto/Ciclomotor,Pickup/Utilitario",Marco Polo Y Ayacucho,2,1,0,0,1,0,0,"-33.010568186024, -60.635743263366",Calle,,ROSARIO,Rosario,S/D,S/D,II,S/D,Urbana,S/D,S/D,Intersección,S/D,S/D,Diurna,S/D,De alcance,S/D,Colisión,S/D,S/D,S/D,S/D
2018,6197,2018-01-23,Martes,0,20:00:00,,0.0,1,Moto/Ciclomotor,Moreno Y Lamadrid,1,1,0,0,0,0,0,"-31.651138888889,-60.730027777778",Calle,,SANTA FE,La Capital,Asfalto,S/D,I,Dentro,Urbana,S/D,S/D,Intersección,S/D,S/D,S/D,S/D,S/D,S/D,S/D,S/D,S/D,S/D,S/D
2018,6198,2018-06-01,Viernes,0,14:20:00,,0.0,1,Pickup/Utilitario,Av Monte Flores ,4,4,0,0,0,0,0,"-33.04196, -60.63863",S/D,,VILLA GOBERNADOR GÁLVEZ,Rosario,S/D,S/D,II,S/D,S/D,S/D,S/D,S/D,S/D,S/D,Diurna,S/D,Atropello animal,S/D,Atropello,S/D,S/D,S/D,S/D
2018,6199,2018-06-01,Viernes,0,,,0.0,2,"Moto/Ciclomotor,Automóvil", ,2,2,0,0,0,0,0,"-33.04509, -61.16543",S/D,,CASILDA,Caseros,S/D,S/D,IV,S/D,S/D,S/D,S/D,S/D,S/D,S/D,S/D,S/D,Lateral,S/D,Colisión,S/D,S/D,S/D,S/D
2018,6200,2018-06-01,Viernes,0,,,0.0,2,"Moto/Ciclomotor,Automóvil",Av Nicasio Oro?o Y Udino Galetto,2,1,0,0,1,0,0,"-32.370412224661, -61.359082753090",Calle,,SAN GENARO,San Jerónimo,S/D,S/D,XV,S/D,Urbana,S/D,S/D,Intersección,S/D,S/D,S/D,S/D,Lateral,S/D,Colisión,S/D,S/D,S/D,S/D
2018,6201,2018-04-01,Domingo,0,07:00:00,Ruta Provincial Brigadier E.López,2.0,2,"Automóvil,Automóvil", ,2,1,0,0,1,0,0,"-32.868932, -60.723483",Ruta,Brigadier E.López,GRANADERO BAIGORRIA,Rosario,Asfalto,Natural,II,Dentro,Urbana,Otra Señal,No existe,Recta,Bueno,Buena,Amanecer,Buen Tiempo,De alcance,S/D,Colisión,Ninguna,"Horizontal,Vertical","Guardarrail,Línea divisoria pintada",Sin restricción
2018,6202,2018-04-24,Martes,0,23:40:00,Autopista Nacional 19,3.0,2,"Bicicleta,Camión",Acc Aut a Santa Fe Rosario ,2,1,0,0,1,0,0,"-31.666946099062, -60.801789325262",Autopista,19,SANTA FE,La Capital,Asfalto,Natural,I,Dentro,Rural,S/D,No existe,Recta,Bueno,Buena,Nocturna,S/D,S/D,Ciclista,Atropello,S/D,S/D,S/D,Sin restricción
2018,6203,2018-04-25,Miercoles,0,11:00:00,,0.0,2,"Automóvil,Moto/Ciclomotor", ,2,1,0,0,1,0,0,"-31.620048612944, -60.726935731380",S/D,,SANTA FE,La Capital,Asfalto,S/D,I,Dentro,Urbana,S/D,S/D,Recta,Bueno,S/D,S/D,S/D,De alcance,S/D,Colisión,S/D,S/D,S/D,S/D
2018,6204,2018-04-02,Lunes,0,,Ruta Nacional 11,623.0,3,"Automóvil,Automóvil,Automóvil", ,10,7,3,0,0,0,0,"-30.332865, -60.396184",Ruta,11,GOBERNADOR CRESPO,San Justo,Asfalto,Natural,XVI,Dentro,Rural,Ninguna,No existe,Recta,Bueno,Buena,Nocturna,Buen Tiempo,Múltiple,S/D,Colisión,Ninguna,Horizontal,Línea divisoria pintada,Sin restricción
2018,6205,2018-04-20,Viernes,0,08:30:00,Ruta Nacional 33,0.0,1,Pickup/Utilitario, ,2,1,0,0,1,0,0,"-33.386891401829, -61.474235047057",Ruta,33,VENADO TUERTO,General López,Asfalto,Natural,VIII,Fuera,Rural,Ninguna,S/D,Recta,Bueno,Buena,Diurna,Buen Tiempo,S/D,S/D,Despiste,Ninguna,S/D,Ninguna,Sin restricción
2018,6206,2018-04-04,Miercoles,0,22:00:00,Ruta Nacional 11,478.0,1,Moto/Ciclomotor, ,1,1,0,0,0,0,0,"-29.129855, -59.654136",Ruta,11,AVELLANEDA,General Obligado,Asfalto,Natural,IX,Dentro,Rural,Ninguna,No existe,Recta,Bueno,Buena,"Nocturna,Con luz artificial",Buen Tiempo,S/D,S/D,Despiste,Ninguna,Horizontal,Línea divisoria pintada,Sin restricción
2018,6207,2018-04-20,Viernes,0,19:40:00,,0.0,2,"Automóvil,Moto/Ciclomotor",Calle 10-Ludue?a Y Calle 15-Patricio Diez,4,1,0,0,3,0,0,"-29.144727, -59.641172",Calle,,RECONQUISTA,General Obligado,Asfalto,No existe,II,Dentro,Urbana,Otra Señal,No existe,Recta,Bueno,Buena,Atardecer,Buen Tiempo,De alcance,S/D,Colisión,Ninguna,Vertical,Ninguna,Sin restricción
2018,6208,2018-04-24,Martes,0,16:50:00,Ruta Secundaria 7-s,0.0,1,Moto/Ciclomotor,Maipu Y Santa Fe,1,1,0,0,0,0,0,"-33.742361111111,-61.958388888889",Ruta,7-s,VENADO TUERTO,General López,Asfalto,No existe,VIII,Dentro,Urbana,Ninguna,No existe,Intersección,S/D,S/D,Diurna,S/D,S/D,S/D,Caída ocupante,S/D,Faltante,Ninguna,Sin restricción
2018,6209,2018-04-24,Martes,0,17:23:00,Ruta Nacional 8,0.0,1,Moto/Ciclomotor,Ruta Nac 8 Y Turner S,1,1,0,0,0,0,0,"-33.766027777778,-61.965444444444",Ruta,8,VENADO TUERTO,General López,"Asfalto,Tierra",No existe,VIII,Dentro,Urbana,Ninguna,No existe,Intersección,S/D,S/D,Diurna,S/D,Atropello animal,S/D,Colisión,S/D,Faltante,Línea divisoria pintada,Sin restricción
2018,6210,2018-04-08,Domingo,0,06:00:00,Ruta Nacional 8,0.0,1,Automóvil,Ruta Nac 8 Y Bernardino Rivadavia,2,2,0,0,0,0,0,"-33.757788, -61.971825",Ruta,8,VENADO TUERTO,General López,Asfalto,Natural,VIII,Dentro,Urbana,Semáforo,Funciona,Intersección,Bueno,Buena,Amanecer,Buen Tiempo,Contra objeto fijo,S/D,Colisión,Ninguna,"Horizontal,Vertical",Línea divisoria pintada,Sin restricción
2018,6211,2018-04-24,Martes,0,,Ruta Provincial 23,0.0,2,"Moto/Ciclomotor,Moto/Ciclomotor", ,2,2,0,0,0,0,0,"-30.412693263219, -61.922811723317",Ruta,23,SAN GUILLERMO,San Cristóbal,Asfalto,Natural,XIII,Dentro,Rural,S/D,S/D,Recta,S/D,S/D,S/D,S/D,De alcance,S/D,Colisión,S/D,S/D,S/D,Sin restricción
2018,6212,2018-04-09,Lunes,0,12:00:00,,0.0,2,"Automóvil,Pickup/Utilitario",Suipacha Y San Martin,2,1,0,0,1,0,0,"-31.640099, -60.704619",Calle,,SANTA FE,La Capital,Asfalto,No existe,I,Dentro,Urbana,Semáforo,Funciona,Intersección,Bueno,Buena,Diurna,Buen Tiempo,Lateral,S/D,Colisión,Ninguna,"Horizontal,Vertical",Línea divisoria pintada,Sin restricción
2018,6213,2018-04-21,Sabado,0,12:30:00,,0.0,1,Moto/Ciclomotor,14 De Abril Y Soldados Argentinos,2,1,0,0,1,0,0,"-30.233071223223, -61.725207142269",Calle,,ARRUFÓ,San Cristóbal,"Asfalto,Tierra",Natural,XIII,Dentro,Urbana,Ninguna,No existe,Intersección,S/D,S/D,Diurna,S/D,S/D,S/D,Caída ocupante,S/D,Faltante,Línea divisoria pintada,Sin restricción
2018,6214,2018-04-10,Martes,0,23:15:00,Ruta Provincial Brigadier E.López,361.0,1,Moto/Ciclomotor, ,1,1,0,0,0,0,0,"-32.846732, -61.389397",Ruta,Brigadier E.López,CAÑADA DE GÓMEZ,Iriondo,Asfalto,Natural,X,Dentro,Urbana,Otra Señal,No existe,Recta,Bueno,Buena,"Nocturna,Con luz artificial",Buen Tiempo,S/D,S/D,Despiste,Ninguna,"Horizontal,Vertical","Guardarrail,Línea divisoria pintada",Sin restricción
2018,6215,2018-04-24,Martes,0,,Ruta Secundaria 280-s,0.0,2,"Moto/Ciclomotor,Automóvil", ,3,2,0,0,0,0,1,"-30.980310714860, -61.720434174676",Ruta,280-s,COLONIA ALDAO,Castellanos,Asfalto,S/D,V,Dentro,Rural,S/D,S/D,Recta,S/D,S/D,Nocturna,S/D,Frontal,S/D,Colisión,S/D,S/D,S/D,Sin restricción
2018,6216,2018-04-11,Miercoles,0,23:30:00,Ruta Nacional 19,92.0,2,"Camión c / Semirremolque,Camión", ,2,1,0,0,1,0,0,"-31.489688, -61.703524",Ruta,19,CLUCELLAS,Castellanos,Asfalto,Natural,V,Dentro,Rural,Ninguna,No existe,Recta,Bueno,Buena,Nocturna,Buen Tiempo,De alcance,S/D,Colisión,Ninguna,Horizontal,"Guardarrail,Línea divisoria pintada",Sin restricción
2018,6217,2018-04-26,Jueves,0,09:30:00,,0.0,2,"Transporte de Pasajeros Larga Distancia (> 8 asientos),Automóvil",Av Blas Parera 5800,2,2,0,0,0,0,0,"-31.609512690644, -60.719218053396",Calle,,SANTA FE,La Capital,Asfalto,Pavimento,I,Dentro,Urbana,Ninguna,No existe,Intersección,S/D,S/D,Diurna,S/D,Lateral,S/D,Colisión,S/D,Faltante,Cordón divisorio,Sin restricción
2018,6218,2018-04-11,Miercoles,0,,,0.0,2,"Automóvil,Moto/Ciclomotor",Av Gral Bartolome Mitre Y Jose Ingenieros,2,1,0,0,1,0,0,"-31.253112, -61.483109",Avenida,,RAFAELA,Castellanos,Asfalto,No existe,V,Dentro,Urbana,Ninguna,No existe,Intersección,Bueno,Buena,S/D,Buen Tiempo,S/D,S/D,Colisión,Ninguna,Faltante,Ninguna,Sin restricción
2018,6219,2018-04-11,Miercoles,0,,,0.0,2,"Moto/Ciclomotor,Moto/Ciclomotor",Av Doctor E Salva 100,2,1,0,0,1,0,0,"-31.243124, -61.490684",Avenida,,RAFAELA,Castellanos,Hormigón,No existe,V,Dentro,Urbana,Paso Peatonal,No existe,Recta,Bueno,Buena,S/D,Buen Tiempo,S/D,S/D,Colisión,Ninguna,Horizontal,Ninguna,Sin restricción
2018,6220,2018-04-16,Lunes,0,17:00:00,,0.0,2,"Bicicleta,Pickup/Utilitario",Calle 5-Colon Y Calle 28 - San Lorenzo,2,0,1,0,1,0,0,"-29.138185, -59.651502",Calle,,RECONQUISTA,General Obligado,Hormigón,No existe,IX,Dentro,Urbana,Ninguna,No existe,Intersección,Bueno,Buena,Diurna,Buen Tiempo,S/D,Ciclista,Atropello,Ninguna,Faltante,Ninguna,Sin restricción
2018,6221,2018-06-02,Sabado,0,,,0.0,1,Moto/Ciclomotor,Azcuenaga 3100,1,1,0,0,0,0,0,"-31.674833333333,-60.775861111111",Calle,,SANTO TOMÉ,La Capital,S/D,S/D,I,S/D,Urbana,S/D,S/D,S/D,S/D,S/D,S/D,S/D,Contra objeto fijo,S/D,Colisión,S/D,S/D,S/D,S/D
2018,6222,2018-06-02,Sabado,0,19:27:00,,0.0,2,"Automóvil,Moto/Ciclomotor",Ayacucho Y Amenabar,3,1,0,0,2,0,0,"-32.974194444444,-60.633333333333",Calle,,ROSARIO,Rosario,S/D,S/D,II,S/D,Urbana,S/D,S/D,S/D,S/D,S/D,Atardecer,S/D,S/D,S/D,Colisión,S/D,S/D,S/D,S/D
2018,6223,2018-06-02,Sabado,0,23:10:00,,0.0,2,"Bicicleta,Moto/Ciclomotor",Dr.Rivas Y Bv. Oro?o,2,1,0,0,1,0,0,"-32.980944444444,-60.662583333333",Calle,,ROSARIO,Rosario,S/D,S/D,II,S/D,Urbana,S/D,S/D,S/D,S/D,S/D,Nocturna,S/D,S/D,Ciclista,Atropello,S/D,S/D,S/D,S/D
2018,6224,2018-06-02,Sabado,0,,Ruta Nacional 33,0.0,2,"Moto/Ciclomotor,Camión Chasis", ,2,1,0,0,1,0,0,"-33.06188, -61.17302",Ruta,33,CASILDA,Caseros,S/D,S/D,IV,S/D,S/D,S/D,S/D,S/D,S/D,S/D,S/D,S/D,Lateral,S/D,Colisión,S/D,S/D,S/D,S/D
2018,6225,2018-06-02,Sabado,0,,,0.0,2,"Moto/Ciclomotor,Pickup/Utilitario", ,3,1,1,0,1,0,0,"-33.04509, -61.16543",S/D,,CASILDA,Caseros,S/D,S/D,IV,S/D,S/D,S/D,S/D,S/D,S/D,S/D,S/D,S/D,S/D,S/D,Colisión,S/D,S/D,S/D,S/D
2018,6226,2018-06-02,Sabado,0,,,0.0,2,"Moto/Ciclomotor,Pickup/Utilitario",Ruta 178 Y Calle 25,3,0,1,0,2,0,0,"-32.67939, -61.52751",Calle,,LAS PAREJAS,Belgrano,S/D,S/D,III,S/D,Urbana,S/D,S/D,Intersección,S/D,S/D,S/D,S/D,S/D,S/D,Colisión,S/D,S/D,S/D,S/D
2018,6227,2018-03-21,Miercoles,0,11:55:00,,0.0,1,Moto/Ciclomotor,DEMETRI GOMEZ ,2,1,0,0,1,0,0,"-31.664393,-60.701007",Calle,,ALTO VERDE,La Capital,S/D,S/D,I,Dentro,Urbana,S/D,S/D,Recta,S/D,S/D,Diurna,S/D,S/D,S/D,Caída ocupante,S/D,S/D,S/D,S/D
2018,6228,2018-04-17,Martes,0,10:00:00,,0.0,1,Moto/Ciclomotor,Juan Jose Castelli 350,1,1,0,0,0,0,0,"-33.748545, -61.961873",Calle,,VENADO TUERTO,General López,Asfalto,No existe,VIII,Dentro,Urbana,Ninguna,No existe,Recta,Bueno,Buena,Diurna,Buen Tiempo,S/D,S/D,Despiste,Ninguna,Faltante,Ninguna,Sin restricción
2018,6229,2018-03-23,Viernes,0,,,0.0,2,"Moto/Ciclomotor,Peatón",Presidente Bernardino Rivadavi 1300,3,1,0,0,1,0,1,"-31.658722222222,-60.762527777778",Calle,,SANTO TOMÉ,La Capital,S/D,S/D,I,Dentro,Urbana,S/D,S/D,S/D,S/D,S/D,S/D,S/D,S/D,Peatón,Atropello,S/D,S/D,S/D,S/D