anio_acci,nro_acci,fecha,desc_dia,fecha_aprox,hora_aprox,desc_ruta,km,cant_participantes,desc_participante,calle_avenida_km,total,heridos_leves,heridos_graves,heridos_gravisimos,ilesos,fallecidos,sin_datos,posicion_XY,desc_tipo_via,desc_ruta_ori,desc_loc,desc_dpto,desc_tipo_calzada,desc_tipo_banquina,desc_unidad_regional,desc_lugar_calzada,desc_zona,desc_prioridad,desc_estado_semaforo,desc_lugar_via,desc_estado_via,desc_estado_visibilidad,desc_luminosidad,desc_estado_clima,desc_tipo_colision,desc_tipo_atropello,desc_tipo_hecho,desc_pres_calzada,desc_senializacion,desc_separacion_via,desc_restriccion
2018,6230,2018-03-25,Domingo,0,,,0.0,2,"Moto/Ciclomotor,Moto/Ciclomotor",Guemes Y 9 de Julio,3,1,1,0,1,0,0,"-32.141083,-61.975164",Calle,,PIAMONTE,San Martín,S/D,S/D,XVIII,Dentro,Urbana,S/D,S/D,Intersección,S/D,S/D,S/D,S/D,S/D,S/D,Colisión,S/D,S/D,S/D,S/D
2018,6231,2018-04-17,Martes,0,10:50:00,,0.0,2,"Pickup/Utilitario,Moto/Ciclomotor",Cornelio Saavedra Y Chacabuco,2,1,0,0,1,0,0,"-33.745837, -61.962518",Calle,,VENADO TUERTO,General López,Asfalto,No existe,VIII,Dentro,Urbana,Ninguna,No existe,Intersección,Bueno,Buena,Diurna,Buen Tiempo,Lateral,S/D,Colisión,Ninguna,Faltante,Ninguna,Sin restricción
2018,6232,2018-03-26,Lunes,0,,,0.0,2,"Moto/Ciclomotor,Automóvil",Camilo Aldao Y Av. Pellegrini,2,1,0,0,1,0,0,"-32.948,-60.695666666667",Calle,,ROSARIO,Rosario,Asfalto,No existe,II,Dentro,Urbana,Semáforo,Funciona,Intersección,Bueno,S/D,S/D,S/D,S/D,S/D,Colisión,Ninguna,"Horizontal,Vertical",Ninguna,Sin restricción
2018,6233,2018-04-17,Martes,0,12:30:00,,0.0,2,"Moto/Ciclomotor,Moto/Ciclomotor",Aguero Y Av Estrugamou,2,1,0,0,1,0,0,"-33.738785, -61.973936",Calle,,VENADO TUERTO,General López,Asfalto,No existe,VIII,Dentro,Urbana,Ninguna,No existe,Intersección,Bueno,Buena,Diurna,Buen Tiempo,S/D,S/D,Colisión,Ninguna,Faltante,Cordón divisorio,Sin restricción
2018,6234,2018-03-26,Lunes,0,,,0.0,2,"Moto/Ciclomotor,Automóvil",Gral Lamadrid Y E Ortiz,2,1,0,0,1,0,0,"-31.905473,-61.853565",Calle,,SAN JORGE,San Martín,Asfalto,No existe,XVIII,Dentro,Urbana,Ninguna,No existe,Intersección,Bueno,S/D,S/D,S/D,S/D,S/D,Colisión,Ninguna,Faltante,Ninguna,Sin restricción
2018,6235,2018-03-27,Martes,0,14:40:00,,0.0,1,Automóvil,Jose De San Martin Y Grl Enrique Mosconi,1,1,0,0,0,0,0,"-31.661083333333,-60.782055555556",Calle,,SANTO TOMÉ,La Capital,Tierra,No existe,I,Dentro,Urbana,Ninguna,No existe,Recta,Bueno,S/D,Diurna,S/D,S/D,S/D,Vuelco,Ninguna,Faltante,Ninguna,Sin restricción
2018,6236,2018-04-17,Martes,0,19:45:00,,0.0,2,"Automóvil,Moto/Ciclomotor",25 de Mayo Y Tomas Alva Edison,4,1,0,0,3,0,0,"-33.750714, -61.976059",Calle,,VENADO TUERTO,General López,Hormigón,No existe,VIII,Dentro,Urbana,Ninguna,No existe,Intersección,Bueno,Buena,Atardecer,Buen Tiempo,S/D,S/D,Colisión,Ninguna,Faltante,Ninguna,Sin restricción
2018,6237,2018-04-22,Domingo,0,,,0.0,2,"Moto/Ciclomotor,Tractor",Calle 4-Fray Antonio Rossi 4200,3,2,0,0,1,0,0,"-29.18275,-59.642388888889",Calle,,RECONQUISTA,General Obligado,Tierra,No existe,IX,Dentro,Urbana,Ninguna,No existe,Recta,Deteriorada,Reducida,Atardecer,Buen Tiempo,De alcance,S/D,Colisión,Ninguna,Faltante,Ninguna,Sin restricción
2018,6238,2018-03-27,Martes,0,,,0.0,1,Moto/Ciclomotor,Azcuenaga Y Vicente Lopez y Planes,1,1,0,0,0,0,0,"-31.676972222222,-60.776944444444",Calle,,SANTO TOMÉ,La Capital,"Asfalto,Tierra",No existe,I,Dentro,Urbana,Ninguna,No existe,Intersección,Bueno,S/D,S/D,S/D,S/D,S/D,Caída ocupante,Ninguna,Faltante,Ninguna,Sin restricción
2018,6239,2018-03-27,Martes,0,,,0.0,2,"Automóvil,Moto/Ciclomotor", ,2,1,0,0,1,0,0,"-33.746005,-61.974308",S/D,,VENADO TUERTO,General López,S/D,S/D,VIII,S/D,S/D,S/D,S/D,S/D,S/D,S/D,S/D,S/D,S/D,S/D,Colisión,S/D,S/D,S/D,S/D
2018,6240,2018-03-28,Miercoles,0,,,0.0,2,"Peatón,Moto/Ciclomotor",Ituzaingo ,2,1,0,0,1,0,0,"-32.961424,-60.637826",Calle,,ROSARIO,Rosario,S/D,S/D,II,S/D,Urbana,S/D,S/D,S/D,S/D,S/D,S/D,S/D,S/D,Peatón,Atropello,S/D,S/D,S/D,S/D
2018,6241,2018-04-18,Miercoles,0,,,0.0,2,"Automóvil,Transporte Escolar",Guatemala Y Neuquen,3,3,0,0,0,0,0,"-32.944691, -60.717109",Calle,,ROSARIO,Rosario,Hormigón,No existe,II,Dentro,Urbana,Ninguna,No existe,Intersección,Bueno,Buena,Diurna,Buen Tiempo,S/D,S/D,Colisión,Ninguna,Faltante,Ninguna,Sin restricción
2018,6242,2018-03-28,Miercoles,0,,,0.0,2,"Automóvil,Moto/Ciclomotor", ,2,1,0,0,1,0,0,"-33.045967,-61.173656",S/D,,CASILDA,Caseros,S/D,S/D,IV,S/D,S/D,S/D,S/D,S/D,S/D,S/D,S/D,S/D,S/D,S/D,Colisión,S/D,S/D,S/D,S/D
2018,6243,2018-03-28,Miercoles,0,,,0.0,2,"Bicicleta,Moto/Ciclomotor", ,2,1,0,0,1,0,0,"-33.045967,-61.173656",S/D,,CASILDA,Caseros,S/D,S/D,IV,S/D,S/D,S/D,S/D,S/D,S/D,S/D,S/D,S/D,S/D,Ciclista,Atropello,S/D,S/D,S/D,S/D
2018,6244,2018-03-28,Miercoles,0,,,0.0,2,"Bicicleta,Automóvil", ,2,1,0,0,1,0,0,"-32.026151,-61.219741",S/D,,GÁLVEZ,San Jerónimo,S/D,S/D,XV,S/D,S/D,S/D,S/D,S/D,S/D,S/D,S/D,S/D,S/D,Ciclista,Atropello,S/D,S/D,S/D,S/D
2018,6245,2018-03-28,Miercoles,0,,,0.0,2,"Automóvil,Moto/Ciclomotor", ,3,2,0,0,1,0,0,"-32.198453,-61.702864",S/D,,EL TRÉBOL,San Martín,S/D,S/D,XVIII,S/D,S/D,S/D,S/D,S/D,S/D,S/D,S/D,S/D,S/D,S/D,Colisión,S/D,S/D,S/D,S/D
2018,6246,2018-03-29,Jueves,0,05:05:00,Autopista Nacional A008,0.0,2,"Automóvil,Pickup/Utilitario",Av. Circunvalacion Y Mendoza,4,1,0,0,3,0,0,"-32.940483,-60.722381",Autopista,A008,ROSARIO,Rosario,Asfalto,No existe,II,Dentro,Urbana,Ninguna,No existe,Recta,Bueno,S/D,Nocturna,S/D,S/D,S/D,Colisión,Ninguna,Faltante,Ninguna,Sin restricción
2018,6247,2018-04-18,Miercoles,0,08:30:00,,0.0,2,"Moto/Ciclomotor,Automóvil",1 de Mayo 900,4,1,0,0,3,0,0,"-31.460591, -60.925991",Calle,,ESPERANZA,Las Colonias,Asfalto,No existe,XI,Dentro,Urbana,Ninguna,No existe,Intersección,Bueno,Buena,Amanecer,Buen Tiempo,Lateral,S/D,Colisión,Ninguna,S/D,Ninguna,Sin restricción
2018,6248,2018-03-29,Jueves,0,,,0.0,2,"Automóvil,Automóvil", ,2,2,0,0,0,0,0,"-33.046730,-61.177405",S/D,,CASILDA,Caseros,S/D,S/D,IV,S/D,S/D,S/D,S/D,S/D,S/D,S/D,S/D,S/D,S/D,S/D,Colisión,S/D,S/D,S/D,S/D
2018,6249,2018-04-18,Miercoles,0,,,0.0,2,"Bicicleta,Automóvil",J M Lheritier Y Sarmiento,2,1,0,0,1,0,0,"-31.726402, -61.094225",Calle,,SAN CARLOS CENTRO,Las Colonias,Asfalto,No existe,XI,Dentro,Urbana,Paso Peatonal,S/D,Intersección,Bueno,Buena,Diurna,Buen Tiempo,S/D,Ciclista,Atropello,Ninguna,Horizontal,Ninguna,Sin restricción
2018,6250,2018-04-21,Sabado,0,13:15:00,Ruta Nacional 11,0.0,2,"Automóvil,Moto/Ciclomotor",AV ORO BLANCO Y SAN MART?N ,2,1,0,0,1,0,0,"-29.116058776076, -59.657162123428",Ruta,11,AVELLANEDA,General Obligado,Asfalto,No existe,II,Dentro,Urbana,S/D,No existe,Recta,Bueno,Buena,Diurna,S/D,Lateral,S/D,Colisión,Ninguna,S/D,Ninguna,Sin restricción
2018,6251,2018-03-01,Jueves,0,07:00:00,Ruta Nacional 8,398.0,3,"Pickup/Utilitario,Pickup/Utilitario,Pickup/Utilitario", ,4,4,0,0,0,0,0,"-34.04449,-62.31044",Ruta,8,MAGGIOLO,General López,Asfalto,S/D,VIII,Dentro,Rural,S/D,S/D,Recta,Bueno,S/D,Diurna,S/D,Múltiple,S/D,Colisión,S/D,S/D,S/D,S/D
2018,6252,2018-04-29,Domingo,0,23:45:00,,0.0,2,"Pickup/Utilitario,Moto/Ciclomotor",Espa?a Y Carlos Pellegrini,3,1,0,0,2,0,0,"-33.747833333333,-61.959555555556",Calle,,VENADO TUERTO,General López,Asfalto,No existe,VII,Dentro,Urbana,Ninguna,No existe,Intersección,S/D,S/D,Nocturna,S/D,Lateral,S/D,Colisión,S/D,Faltante,Ninguna,Sin restricción
2018,6253,2018-04-29,Domingo,0,00:50:00,,0.0,2,"Automóvil,Moto/Ciclomotor",Chacabuco Y Italia,3,2,0,0,1,0,0,"-33.744222222222,-61.959611111111",Calle,,VENADO TUERTO,General López,Asfalto,No existe,VIII,Dentro,Urbana,Ninguna,No existe,Intersección,S/D,S/D,Nocturna,S/D,Lateral,S/D,Colisión,S/D,Faltante,Ninguna,Sin restricción
2018,6254,2018-04-17,Martes,0,,,0.0,2,"Moto/Ciclomotor,Pickup/Utilitario",Av Cordoba 900,2,0,1,0,1,0,0,"-31.450124, -60.925046",Avenida,,ESPERANZA,Las Colonias,Asfalto,No existe,XI,Dentro,Urbana,Semáforo,Funciona,Recta,Bueno,Buena,Diurna,Buen Tiempo,S/D,S/D,Colisión,Ninguna,"Horizontal,Vertical","Cordón divisorio,Vegetación",Sin restricción
2018,6255,2018-04-29,Domingo,0,01:55:00,Ruta Nacional 33,0.0,1,Automóvil,Ruta Nac 33 Y Republica de Irlanda,1,1,0,0,0,0,0,"-33.726916666667,-62.005416666667",Ruta,33,VENADO TUERTO,General López,Asfalto,Natural,VIII,Dentro,Rural,Ninguna,No existe,Recta,S/D,S/D,Nocturna,S/D,S/D,S/D,"Vuelco,Despiste",S/D,Faltante,Línea divisoria pintada,Sin restricción
2018,6256,2018-04-23,Lunes,0,08:50:00,,0.0,1,Automóvil,Mitre Y 9 De Julio,1,1,0,0,0,0,0,"-32.953555555556,-60.641416666667",Calle,,ROSARIO,Rosario,Asfalto,No existe,II,Dentro,Urbana,Ninguna,No existe,Recta,Bueno,Buena,Diurna,Buen Tiempo,S/D,S/D,Despiste,Ninguna,"Horizontal,Vertical",Ninguna,Sin restricción
2018,6257,2018-04-17,Martes,0,14:30:00,,0.0,2,"Automóvil,Moto/Ciclomotor",Ricardo Foster Y San Martin,2,1,0,0,1,0,0,"-31.547841, -61.075589",Calle,,SAN JERÓNIMO NORTE,Las Colonias,S/D,No existe,XI,Dentro,Urbana,S/D,S/D,Intersección,S/D,S/D,S/D,S/D,S/D,S/D,Colisión,S/D,S/D,S/D,S/D
2018,6258,2018-04-23,Lunes,0,,,0.0,2,"Moto/Ciclomotor,Pickup/Utilitario",Sarmiento Y Rotania,3,2,0,0,1,0,0,"-30.948667756603, -61.559687893109",Calle,,SUNCHALES,Castellanos,Asfalto,No existe,V,Dentro,Urbana,Ninguna,No existe,Intersección,S/D,S/D,S/D,S/D,Lateral,S/D,Colisión,S/D,Faltante,Cordón divisorio,Sin restricción
2018,6259,2018-04-19,Jueves,0,,,0.0,1,Moto/Ciclomotor,Av Circunvalaci?n ,1,1,0,0,0,0,0,"-31.623996, -60.729006",Avenida,,SANTA FE,La Capital,Asfalto,Natural,I,Dentro,Urbana,Ninguna,No existe,Recta,Bueno,Buena,Diurna,Buen Tiempo,Atropello animal,S/D,Colisión,Ninguna,Horizontal,Línea divisoria pintada,Sin restricción
2018,6260,2018-05-01,Martes,0,14:35:00,,0.0,2,"Taxi/Remis,Automóvil",Ricchieri Y E.Zeballos,2,1,0,0,1,0,0,"-32.950611111111,-60.665",Calle,,ROSARIO,Rosario,S/D,S/D,II,S/D,Urbana,S/D,S/D,S/D,S/D,S/D,S/D,S/D,S/D,S/D,Colisión,S/D,S/D,S/D,S/D
2018,6261,2018-06-02,Sabado,0,11:00:00,,0.0,2,"Bicicleta,Pickup/Utilitario",Eva Peron Y Dorrego,2,1,0,0,1,0,0,"-31.895912719734, -61.855259278043",Calle,,SAN JORGE,San Martín,S/D,S/D,XVIII,S/D,Urbana,S/D,S/D,Intersección,S/D,S/D,S/D,S/D,S/D,Ciclista,Atropello,S/D,S/D,S/D,S/D
2018,6262,2018-05-01,Martes,0,11:00:00,,0.0,2,"Moto/Ciclomotor,Pickup/Utilitario",Av Gral San Martin Y Saenz Pe?a,3,1,0,0,2,0,0,"-33.018333333333,-60.632305555556",Calle,,VILLA GOBERNADOR GÁLVEZ,Rosario,S/D,S/D,II,S/D,Urbana,S/D,S/D,S/D,S/D,S/D,S/D,S/D,S/D,S/D,Colisión,S/D,S/D,S/D,S/D
2018,6263,2018-06-02,Sabado,0,,,0.0,2,"Bicicleta,Automóvil",Urquiza Y Corrientes,2,1,0,0,1,0,0,"-31.901255680092, -61.857619621976",Calle,,SAN JORGE,San Martín,S/D,S/D,XVIII,S/D,Urbana,S/D,S/D,Intersección,S/D,S/D,S/D,S/D,S/D,Ciclista,Atropello,S/D,S/D,S/D,S/D
2018,6264,2018-04-30,Lunes,0,08:00:00,Ruta Provincial 62,87.0,2,"Moto/Ciclomotor,Tractor", ,2,0,1,0,1,0,0,"-31.005872, -60.942694",Ruta,62,GALISTEO,Castellanos,Asfalto,Natural,V,Dentro,Rural,Ninguna,No existe,Recta,"Resbaladiza,Deteriorada",Reducida,Diurna,Lluvia,De alcance,S/D,Colisión,Agua,Horizontal,"Línea divisoria pintada,S/D",Sin restricción
2018,6265,2018-05-01,Martes,0,,,0.0,2,"Automóvil,Moto/Ciclomotor", ,2,1,0,0,1,0,0,"-33.7425, -61.96326",S/D,,VENADO TUERTO,General López,S/D,S/D,VIII,S/D,S/D,S/D,S/D,S/D,S/D,S/D,S/D,S/D,S/D,S/D,Colisión,S/D,S/D,S/D,S/D
2018,6266,2018-06-15,Viernes,0,,,0.0,1,Automóvil,Av Freyre 2577,1,1,0,0,0,0,0,"-31.643222222222,-60.717638888889",Avenida,,SANTA FE,La Capital,S/D,S/D,I,S/D,Urbana,S/D,S/D,S/D,S/D,S/D,S/D,S/D,S/D,S/D,Despiste,S/D,S/D,S/D,S/D
2018,6267,2018-05-01,Martes,0,,,0.0,2,"Automóvil,Moto/Ciclomotor",Calle 38-Corrientes Y Calle 11-Alvear,2,1,0,0,1,0,0,"-29.140722222222,-59.658277777778",Calle,,RECONQUISTA,General Obligado,S/D,S/D,IX,S/D,Urbana,S/D,S/D,S/D,S/D,S/D,S/D,S/D,S/D,S/D,Colisión,S/D,S/D,S/D,S/D
2018,6268,2018-05-02,Miercoles,0,10:00:00,,0.0,2,"Moto/Ciclomotor,Moto/Ciclomotor",Amenabar Y Camilo Aldao,2,1,0,0,0,0,1,"-32.9635,-60.695111111111",Calle,,ROSARIO,Rosario,S/D,S/D,II,S/D,Urbana,S/D,S/D,S/D,S/D,S/D,S/D,S/D,S/D,S/D,Colisión,S/D,S/D,S/D,S/D
2018,6269,2018-05-02,Miercoles,0,,,0.0,2,"Pickup/Utilitario,Moto/Ciclomotor",Pte.Roca 1800,2,1,0,0,1,0,0,"-32.957194444444,-60.648138888889",Calle,,ROSARIO,Rosario,S/D,S/D,II,S/D,Urbana,S/D,S/D,S/D,S/D,S/D,S/D,S/D,S/D,S/D,Colisión,S/D,S/D,S/D,S/D
2018,6270,2018-06-16,Sabado,0,17:30:00,,0.0,2,"Automóvil,Automóvil",Entre Rios Y Saavedra,5,1,0,0,0,0,4,"-31.658527777778,-60.719694444444",Calle,,SANTA FE,La Capital,S/D,S/D,II,S/D,Urbana,S/D,S/D,S/D,S/D,S/D,S/D,S/D,S/D,S/D,S/D,S/D,S/D,S/D,S/D
2018,6272,2018-05-02,Miercoles,0,15:30:00,,0.0,2,"Taxi/Remis,Automóvil",Av. Uriburu 5600,5,3,0,0,2,0,0,"-32.991888888889,-60.695944444444",Calle,,ROSARIO,Rosario,S/D,S/D,II,S/D,Urbana,S/D,S/D,S/D,S/D,S/D,S/D,S/D,S/D,S/D,Colisión,S/D,S/D,S/D,S/D
2018,6273,2018-05-02,Miercoles,0,,,0.0,2,"Moto/Ciclomotor,Automóvil",Espa?a Y Avelino Loticci,5,2,1,0,2,0,0,"-33.05674, -61.1593",Calle,,CASILDA,Caseros,S/D,S/D,IV,S/D,Urbana,S/D,S/D,S/D,S/D,S/D,S/D,S/D,S/D,S/D,Colisión,S/D,S/D,S/D,S/D
2018,6274,2018-06-16,Sabado,1,,,0.0,2,"Pickup/Utilitario,Moto/Ciclomotor",Humberto I 1600,2,1,0,0,1,0,0,"-32.92975,-60.685722222222",S/D,,ROSARIO,Rosario,S/D,S/D,II,S/D,Urbana,S/D,S/D,S/D,S/D,S/D,S/D,S/D,S/D,S/D,S/D,S/D,S/D,S/D,S/D
2018,6275,2018-06-16,Sabado,0,,,0.0,2,"Automóvil,Moto/Ciclomotor",Bv. Segui Y Bv. Oro?o,2,1,0,0,1,0,0,"-32.976444444444,-60.661722222222",S/D,,ROSARIO,Rosario,S/D,S/D,II,S/D,S/D,S/D,S/D,S/D,S/D,S/D,S/D,S/D,S/D,S/D,S/D,S/D,S/D,S/D,S/D
2018,6276,2018-03-29,Jueves,0,15:45:00,,0.0,3,"Moto/Ciclomotor,Camión,Peatón",JORGE MUSSIN  Y CALLE PUBLICA SIN NOMBRE,3,1,0,0,2,0,0,"-29.582394,-60.378375",Calle,,LA GALLARETA,Vera,S/D,S/D,XIX,S/D,S/D,S/D,S/D,S/D,S/D,S/D,Diurna,S/D,S/D,Peatón,Atropello,S/D,S/D,S/D,S/D
2018,6277,2018-03-30,Viernes,0,,,0.0,2,"Moto/Ciclomotor,Camión",4 de enero Y Martin Zavalla,3,2,0,0,1,0,0,"-31.684083333333,-60.782972222222",Calle,,SANTO TOMÉ,La Capital,Tierra,No existe,I,Dentro,Urbana,Ninguna,No existe,Intersección,Bueno,S/D,S/D,S/D,S/D,S/D,Colisión,Ninguna,Faltante,Ninguna,Sin restricción
2018,6278,2018-04-01,Domingo,0,00:00:00,,0.0,2,"Moto/Ciclomotor,Otros",Alberdi 800,2,1,0,0,0,0,1,"-32.918083333333,-60.683138888889",Avenida,,ROSARIO,Rosario,Asfalto,No existe,II,Dentro,Urbana,Semáforo,Funciona,S/D,S/D,S/D,Nocturna,S/D,S/D,S/D,Colisión,S/D,"Horizontal,Vertical",Cordón divisorio,Sin restricción
2018,6281,2018-05-02,Miercoles,0,,,0.0,2,"Moto/Ciclomotor,Pickup/Utilitario", ,2,1,0,0,1,0,0,"-31.44962, -60.92747",S/D,,ESPERANZA,Las Colonias,S/D,S/D,XI,S/D,S/D,S/D,S/D,S/D,S/D,S/D,S/D,S/D,S/D,S/D,Colisión,S/D,S/D,S/D,S/D
2018,6282,2018-05-02,Miercoles,0,,Ruta Provincial 91,0.0,1,Moto/Ciclomotor, ,1,1,0,0,0,0,0,"-28.38524, -61.5629",Ruta,91,SANTA MARGARITA,9 de Julio,S/D,S/D,XII,S/D,Urbana,S/D,S/D,S/D,S/D,S/D,S/D,S/D,S/D,S/D,Caída ocupante,S/D,S/D,S/D,S/D
2018,6283,2018-05-02,Miercoles,0,22:30:00,,0.0,2,"Bicicleta,Automóvil",Avda 25 de Mayo Y Sarmiento,2,1,0,0,1,0,0,"-32.0295,-61.220972222222",Calle,,GÁLVEZ,San Jerónimo,S/D,S/D,XV,S/D,Urbana,S/D,S/D,S/D,S/D,S/D,S/D,S/D,S/D,Ciclista,Atropello,S/D,S/D,S/D,S/D
2018,6284,2018-05-03,Jueves,0,18:00:00,,0.0,1,Taxi/Remis,Matienzo Y Casilda,1,1,0,0,0,0,0,"-32.928638888889,-60.695138888889",Calle,,ROSARIO,Rosario,S/D,S/D,II,S/D,Urbana,S/D,S/D,S/D,S/D,S/D,S/D,S/D,Contra objeto fijo,S/D,Colisión,S/D,S/D,S/D,S/D
2018,6285,2018-05-03,Jueves,0,,,0.0,1,Moto/Ciclomotor, ,2,2,0,0,0,0,0,"-31.44955, -60.93161",Calle,,ESPERANZA,Las Colonias,S/D,S/D,XI,S/D,Urbana,S/D,S/D,S/D,S/D,S/D,S/D,S/D,S/D,S/D,Caída ocupante,S/D,S/D,S/D,S/D
2018,6286,2018-05-04,Viernes,0,,,0.0,2,"Moto/Ciclomotor,Pickup/Utilitario",Av. Eva Peron Y Bv. Wilde,2,1,0,0,0,0,1,"-32.928416666667,-60.738972222222",Avenida,,ROSARIO,Rosario,S/D,S/D,II,S/D,Urbana,S/D,S/D,S/D,S/D,S/D,S/D,S/D,S/D,S/D,Colisión,S/D,S/D,S/D,S/D
2018,6287,2018-05-04,Viernes,0,,Ruta Nacional 34,152.0,2,"Camión,Automóvil", ,3,2,0,0,1,0,0,"-31.85566, -61.5838",Ruta,34,SAN MARTIN DE LAS ESCOBAS,San Martín,S/D,S/D,XVIII,S/D,Urbana,S/D,S/D,S/D,S/D,S/D,S/D,S/D,S/D,S/D,Colisión,S/D,S/D,S/D,S/D
2018,6288,2018-06-16,Sabado,0,21:10:00,,0.0,2,"Automóvil,Moto/Ciclomotor",GUILLERMO TELL Y SALVAT,3,0,2,0,1,0,0,"-32.8841, -60.74094",S/D,,ROSARIO,Rosario,S/D,S/D,II,S/D,S/D,S/D,S/D,S/D,S/D,S/D,S/D,S/D,S/D,S/D,S/D,S/D,S/D,S/D,S/D
2018,6289,2018-05-05,Sabado,0,12:30:00,,0.0,1,Moto/Ciclomotor,Rivadavia Y Larrea,1,1,0,0,0,0,0,"-31.595944444444,-60.689305555556",Calle,,SANTA FE,La Capital,S/D,S/D,I,S/D,Urbana,S/D,S/D,S/D,S/D,S/D,S/D,S/D,Contra objeto fijo,S/D,"Caída ocupante,Colisión",S/D,S/D,S/D,S/D
2018,6291,2018-05-03,Jueves,0,,,0.0,2,"Moto/Ciclomotor,Moto/Ciclomotor",Calle 24 - Olessio Y Calle 59-Prof Manuel Roselli,3,2,1,0,0,0,0,"-29.166055555556,-59.652666666667",Calle,,RECONQUISTA,General Obligado,S/D,S/D,IX,S/D,Urbana,S/D,S/D,S/D,S/D,S/D,S/D,S/D,S/D,S/D,Colisión,S/D,S/D,S/D,S/D
2018,6292,2018-05-06,Domingo,0,,,0.0,2,"Bicicleta,Peatón",Av. Pte.Peron Y Bv. Avellaneda,2,1,0,0,1,0,0,"-32.957694444444,-60.683722222222",Avenida,,ROSARIO,Rosario,S/D,S/D,II,S/D,Urbana,S/D,S/D,S/D,S/D,S/D,S/D,S/D,S/D,Ciclista,Atropello,S/D,S/D,S/D,S/D
2018,6293,2018-06-16,Sabado,0,,Autopista Nacional Rosario -Cordoba,387.0,2,"Camión c / Acoplado,Camión", ,2,0,1,0,0,0,1,"-32.73498, -61.8316",Autopista,Rosario -Córdoba,TORTUGAS,Belgrano,S/D,S/D,III,S/D,S/D,S/D,S/D,S/D,S/D,S/D,S/D,S/D,De alcance,S/D,Colisión,S/D,S/D,S/D,S/D
2018,6294,2018-06-03,Domingo,0,,,0.0,2,"Moto/Ciclomotor,Pickup/Utilitario",General Paz Y Reconquista,2,0,1,0,1,0,0,"-31.253138888889,-61.47825",Calle,,RAFAELA,Castellanos,S/D,S/D,V,S/D,Urbana,S/D,S/D,Intersección,S/D,S/D,S/D,S/D,S/D,S/D,S/D,S/D,S/D,S/D,S/D
2018,6295,2018-06-16,Sabado,0,06:45:00,,0.0,1,Moto/Ciclomotor,Hipolito Yrigoyen Y Boulevard 9 de julio,1,1,0,0,0,0,0,"-33.037722222222,-61.156416666667",S/D,,CASILDA,Caseros,S/D,S/D,IV,S/D,S/D,S/D,S/D,S/D,S/D,S/D,S/D,S/D,S/D,S/D,Caída ocupante,S/D,S/D,S/D,S/D
2018,6296,2018-05-05,Sabado,0,,,0.0,2,"Bicicleta,Automóvil",Boulevard Ovidio Lagos Y Doctor Estanislao Zeballos Sev,2,1,0,0,1,0,0,"-33.046444444444,-61.162972222222",Calle,,CASILDA,Caseros,S/D,S/D,IV,S/D,Urbana,S/D,S/D,S/D,S/D,S/D,S/D,S/D,Contra objeto fijo,S/D,Colisión,S/D,S/D,S/D,S/D
2018,6297,2018-06-03,Domingo,0,,,0.0,2,"Otros,Otros", ,2,0,0,0,0,0,2,"-31.25346, -61.49197",S/D,,RAFAELA,Castellanos,S/D,S/D,V,S/D,S/D,S/D,S/D,S/D,S/D,S/D,S/D,S/D,S/D,S/D,S/D,S/D,S/D,S/D,S/D
2018,6298,2018-06-16,Sabado,0,,,0.0,2,"Bicicleta,Automóvil",Bvard Pasteur ,2,1,0,0,0,0,1,"-32.034111111111,-61.229305555556",S/D,,GÁLVEZ,San Jerónimo,S/D,S/D,XV,S/D,S/D,S/D,S/D,S/D,S/D,S/D,S/D,S/D,S/D,Ciclista,Atropello,S/D,S/D,S/D,S/D
2018,6299,2018-05-06,Domingo,0,11:50:00,,0.0,2,"Moto/Ciclomotor,Automóvil",Bv Pte Roca Y 500 Millas Argentinas,4,2,0,0,2,0,0,"-31.249361111111,-61.512083333333",Calle,,RAFAELA,Castellanos,S/D,S/D,V,S/D,Urbana,S/D,S/D,S/D,S/D,S/D,S/D,S/D,S/D,S/D,Colisión,S/D,S/D,S/D,S/D
2018,6300,2018-05-16,Miercoles,0,,,0.0,2,"Moto/Ciclomotor,Automóvil",Reg 12 de Infanteria Y Europa,3,2,0,0,1,0,0,"-31.5925,-60.718333333333",Calle,,SANTA FE,La Capital,S/D,S/D,I,Dentro,Urbana,S/D,No existe,Intersección,S/D,S/D,S/D,S/D,Lateral,S/D,Colisión,S/D,S/D,S/D,S/D
2018,6301,2018-06-03,Domingo,0,,,0.0,2,"Moto/Ciclomotor,Automóvil", ,2,0,1,0,0,0,1,"-31.44985, -60.93",S/D,,ESPERANZA,Las Colonias,S/D,S/D,XI,S/D,S/D,S/D,S/D,S/D,S/D,S/D,S/D,S/D,S/D,S/D,S/D,S/D,S/D,S/D,S/D
2018,6302,2018-05-06,Domingo,0,,Ruta Nacional 11,0.0,2,"Moto/Ciclomotor,Automóvil",Ruta Nacional 11 Y Calle 3,3,1,1,0,0,0,1,"-28.36308, -59.26372",Ruta,11,LAS TOSCAS,General Obligado,S/D,S/D,IX,S/D,Urbana,S/D,S/D,S/D,S/D,S/D,S/D,S/D,S/D,S/D,Colisión,S/D,S/D,S/D,S/D
2018,6303,2018-05-16,Miercoles,0,13:40:00,,0.0,2,"Moto/Ciclomotor,Automóvil",Av Blas Parera 7700,2,1,0,0,0,0,1,"-31.590833333333,-60.724361111111",Avenida,,SANTA FE,La Capital,Asfalto,No existe,I,Dentro,Urbana,S/D,S/D,Recta,S/D,S/D,Diurna,S/D,S/D,S/D,Colisión,S/D,S/D,S/D,S/D
2018,6304,2018-05-05,Sabado,0,23:50:00,,0.0,2,"Moto/Ciclomotor,Automóvil",Bv. Balcarce Y Pellegrini,2,1,0,0,1,0,0,"-32.820916666667,-61.399833333333",Calle,,CAÑADA DE GÓMEZ,Iriondo,S/D,S/D,X,S/D,Urbana,S/D,S/D,S/D,S/D,S/D,S/D,S/D,S/D,S/D,Colisión,S/D,S/D,S/D,S/D
2018,6305,2018-06-17,Domingo,0,,,0.0,1,Transporte de Pasajeros Urbano (> 8 asientos),Mendoza Y Sucre,2,0,1,0,1,0,0,"-32.94225,-60.691333333333",S/D,,ROSARIO,Rosario,S/D,S/D,II,S/D,S/D,S/D,S/D,S/D,S/D,S/D,S/D,S/D,S/D,S/D,Caída ocupante,S/D,S/D,S/D,S/D
2018,6306,2018-05-16,Miercoles,0,,,0.0,2,"Automóvil,Automóvil", ,2,1,0,0,1,0,0,"-33.04935, -61.17277",S/D,,CASILDA,Caseros,S/D,S/D,IV,S/D,S/D,S/D,S/D,S/D,S/D,S/D,S/D,S/D,S/D,S/D,Colisión,S/D,S/D,S/D,S/D
2018,6307,2018-05-06,Domingo,0,,Ruta Provincial 95,0.0,2,"Moto/Ciclomotor,Automóvil", ,2,1,0,0,1,0,0,"-32.45379, -60.85796",Ruta,95,GABOTO,San Jerónimo,S/D,S/D,XV,S/D,Urbana,S/D,S/D,S/D,S/D,S/D,S/D,S/D,De alcance,S/D,Colisión,S/D,S/D,S/D,S/D
2018,6308,2018-05-16,Miercoles,0,,,0.0,2,"Moto/Ciclomotor,Automóvil", ,2,1,0,0,0,0,1,"-31.72707, -61.09061",S/D,,SAN CARLOS CENTRO,Las Colonias,S/D,S/D,XI,S/D,S/D,S/D,S/D,S/D,S/D,S/D,S/D,S/D,S/D,S/D,Colisión,S/D,S/D,S/D,S/D
2018,6309,2018-05-16,Miercoles,0,,,0.0,1,Otros, ,2,1,0,0,1,0,0,"-31.266990701175, -61.070875879592",S/D,,GRUTLY SUR,Las Colonias,S/D,S/D,XI,S/D,S/D,S/D,S/D,S/D,S/D,S/D,S/D,S/D,Atropello animal,S/D,Colisión,S/D,S/D,S/D,S/D