anio_acci,nro_acci,fecha,desc_dia,fecha_aprox,hora_aprox,desc_ruta,km,cant_participantes,desc_participante,calle_avenida_km,total,heridos_leves,heridos_graves,heridos_gravisimos,ilesos,fallecidos,sin_datos,posicion_XY,desc_tipo_via,desc_ruta_ori,desc_loc,desc_dpto,desc_tipo_calzada,desc_tipo_banquina,desc_unidad_regional,desc_lugar_calzada,desc_zona,desc_prioridad,desc_estado_semaforo,desc_lugar_via,desc_estado_via,desc_estado_visibilidad,desc_luminosidad,desc_estado_clima,desc_tipo_colision,desc_tipo_atropello,desc_tipo_hecho,desc_pres_calzada,desc_senializacion,desc_separacion_via,desc_restriccion
2018,6468,2018-03-23,Viernes,0,20:00:00,Ruta Provincial 32,0.0,2,"Peatón,Automóvil", ,3,2,0,0,1,0,0,"-28.502458,-59.354819",Ruta,32,VILLA OCAMPO,General Obligado,S/D,S/D,IX,Dentro,Urbana,S/D,S/D,Recta,S/D,S/D,Atardecer,S/D,S/D,Peatón,Atropello,S/D,S/D,S/D,S/D
2018,6469,2018-03-24,Sabado,0,21:30:00,,0.0,1,Moto/Ciclomotor,Saavedra ,1,1,0,0,0,0,0,"-32.824002,-61.406223",Calle,,CAÑADA DE GÓMEZ,Iriondo,S/D,S/D,X,Dentro,Urbana,S/D,S/D,S/D,S/D,S/D,Nocturna,S/D,Atropello animal,S/D,Colisión,S/D,S/D,S/D,S/D
2018,6470,2018-03-24,Sabado,0,23:20:00,,0.0,1,Automóvil,Callao ,2,1,0,0,1,0,0,"-32.824360,-61.396760",Calle,,CAÑADA DE GÓMEZ,Iriondo,S/D,S/D,X,Dentro,Urbana,S/D,S/D,S/D,S/D,S/D,S/D,S/D,S/D,S/D,Vuelco,S/D,S/D,S/D,S/D
2018,6471,2018-05-04,Viernes,0,12:30:00,,0.0,2,"Moto/Ciclomotor,Peatón",Av A del Valle Y Javier de la Rosa,3,2,0,0,0,0,1,"-31.599222222222,-60.692",Calle,,SANTA FE,La Capital,S/D,S/D,I,S/D,Urbana,S/D,Funciona,S/D,S/D,S/D,S/D,S/D,Contra objeto fijo,Peatón,"Colisión,Atropello,Despiste",S/D,S/D,S/D,S/D
2018,6472,2018-06-20,Miercoles,0,14:30:00,Ruta Provincial 13,0.0,2,"Moto/Ciclomotor,Automóvil",BV EVA PERON ,3,1,1,0,1,0,0,"-32.19694, -61.71236",Ruta,13,EL TRÉBOL,San Martín,S/D,S/D,XVIII,S/D,S/D,S/D,S/D,S/D,S/D,S/D,S/D,S/D,S/D,S/D,S/D,S/D,S/D,S/D,S/D
2018,6473,2018-05-19,Sabado,0,10:30:00,Autopista Provincial Brigadier E.López,0.0,1,Automóvil, ,2,2,0,0,0,0,0,"-32.23543, -60.99541",Autopista,Brigadier E.López,BARRANCAS,San Jerónimo,Asfalto,Natural,XV,S/D,Rural,Ninguna,No existe,Recta,Bueno,S/D,Diurna,S/D,S/D,S/D,Despiste,S/D,S/D,S/D,S/D
2018,6474,2018-06-06,Miercoles,0,19:40:00,,0.0,2,"Moto/Ciclomotor,Moto/Ciclomotor",Peru Y Cochabamba,2,0,0,0,1,1,0,"-31.62206,-60.71638",Calle,,SANTA FE,La Capital,Asfalto,No existe,I,Dentro,Urbana,Ninguna,No existe,Intersección,Bueno,S/D,Atardecer,Otro,S/D,S/D,Colisión,Ninguna,Faltante,"Ninguna,S/D",Sin restricción
2018,6475,2018-05-20,Domingo,0,10:00:00,,0.0,2,"Moto/Ciclomotor,Pickup/Utilitario",Roullon Y Uruguay,2,0,1,0,1,0,0,"-32.968333333333,-60.701166666667",Calle,,ROSARIO,Rosario,Asfalto,S/D,II,Dentro,Urbana,S/D,S/D,Intersección,S/D,S/D,Diurna,S/D,Lateral,S/D,Colisión,S/D,S/D,S/D,S/D
2018,6476,2018-05-04,Viernes,0,08:40:00,Autopista Nacional Rosario -Cordoba,0.0,2,"Automóvil,Camión", ,3,2,0,0,1,0,0,"-32.81064, -61.39283",Autopista,Rosario -Córdoba,CAÑADA DE GÓMEZ,Iriondo,S/D,S/D,X,S/D,Urbana,S/D,S/D,S/D,S/D,S/D,S/D,S/D,De alcance,S/D,Colisión,S/D,S/D,S/D,S/D
2018,6477,2018-05-20,Domingo,1,15:40:00,,0.0,2,"Moto/Ciclomotor,Automóvil",Av. Uriburu Y Av. Corrientes,3,1,0,0,2,0,0,"-32.990888888889,-60.653722222222",Avenida,,ROSARIO,Rosario,Asfalto,S/D,II,Dentro,Urbana,Ninguna,S/D,Intersección,S/D,S/D,Diurna,S/D,Lateral,S/D,Colisión,S/D,S/D,S/D,Sin restricción
2018,6478,2018-05-04,Viernes,0,08:00:00,Autopista Nacional A008,0.0,5,"Moto/Ciclomotor,Camión,Camión,Camión,Camión",Av. Circunvalacion ,5,1,0,0,4,0,0,"-32.88403, -60.71192",Autopista,A008,ROSARIO,Rosario,S/D,S/D,II,S/D,Urbana,S/D,S/D,S/D,S/D,S/D,S/D,Lluvia,Múltiple,S/D,Colisión,S/D,S/D,S/D,S/D
2018,6479,2018-06-16,Sabado,0,,,0.0,2,"Peatón,Automóvil", ,2,0,1,0,1,0,0,"-29.88875, -60.28378",S/D,,CALCHAQUÍ,Vera,S/D,S/D,XIX,S/D,S/D,S/D,S/D,S/D,S/D,S/D,S/D,S/D,S/D,S/D,S/D,S/D,S/D,S/D,S/D
2018,6480,2018-05-04,Viernes,0,,,0.0,2,"Moto/Ciclomotor,Automóvil",Av Irigoyen Y A Borlenghi,2,1,0,0,1,0,0,"-30.94232, -61.54893",Calle,,SUNCHALES,Castellanos,S/D,S/D,V,S/D,Urbana,S/D,S/D,S/D,S/D,S/D,S/D,S/D,S/D,S/D,Colisión,S/D,S/D,S/D,S/D
2018,6481,2018-05-20,Domingo,0,,,0.0,2,"Moto/Ciclomotor,Bicicleta", ,2,2,0,0,0,0,0,"-33.74529, -61.96849",S/D,,VENADO TUERTO,General López,S/D,S/D,VIII,S/D,S/D,S/D,S/D,S/D,S/D,S/D,S/D,S/D,S/D,Ciclista,Atropello,S/D,S/D,S/D,S/D
2018,6482,2018-05-05,Sabado,0,,Autov?a Nacional 19,66.0,1,Camión c / Acoplado, ,1,1,0,0,0,0,0,"-31.54444, -61.46312",Autovía,19,ANGÉLICA,Castellanos,S/D,S/D,V,S/D,Urbana,S/D,S/D,S/D,S/D,S/D,S/D,S/D,S/D,S/D,Vuelco,S/D,S/D,S/D,S/D
2018,6483,2018-05-20,Domingo,0,,,0.0,2,"Moto/Ciclomotor,Pickup/Utilitario", ,2,1,0,0,1,0,0,"-33.80145, -61.33455",S/D,,HUGHES,General López,S/D,S/D,VIII,S/D,S/D,S/D,S/D,S/D,S/D,S/D,S/D,S/D,S/D,S/D,Colisión,S/D,S/D,S/D,S/D
2018,6486,2018-05-06,Domingo,0,,,0.0,2,"Automóvil,Moto/Ciclomotor",Sarmiento ,3,1,0,0,1,0,1,"-31.25151, -61.48727",Calle,,RAFAELA,Castellanos,S/D,S/D,V,S/D,Urbana,S/D,S/D,S/D,S/D,S/D,S/D,S/D,S/D,S/D,Colisión,S/D,S/D,S/D,S/D
2018,6487,2018-05-06,Domingo,0,,,0.0,1,Pickup/Utilitario,Bolivar Y Rotania,1,1,0,0,0,0,0,"-30.94816, -61.55753",Calle,,SUNCHALES,Castellanos,S/D,S/D,V,S/D,Urbana,S/D,S/D,S/D,S/D,S/D,S/D,S/D,Contra objeto fijo,S/D,Colisión,S/D,S/D,S/D,S/D
2018,6488,2018-05-20,Domingo,0,,,0.0,2,"Moto/Ciclomotor,Automóvil",Roque e Coulin 800,3,2,0,0,1,0,0,"-32.031722222222,-61.217416666667",Calle,,GÁLVEZ,San Jerónimo,S/D,S/D,XV,Dentro,Urbana,Ninguna,S/D,Recta,S/D,S/D,S/D,S/D,S/D,S/D,Colisión,S/D,S/D,S/D,Sin restricción
2018,6489,2018-06-07,Jueves,0,,,0.0,1,Moto/Ciclomotor, ,1,0,0,0,0,0,1,"-31.44843, -60.93025",S/D,,ESPERANZA,Las Colonias,S/D,S/D,XI,S/D,S/D,S/D,S/D,S/D,S/D,S/D,S/D,S/D,Atropello animal,S/D,Atropello,S/D,S/D,S/D,S/D
2018,6490,2018-05-07,Lunes,0,07:50:00,,0.0,2,"Bicicleta,Camión",9 de Julio Y L N Alem,2,0,1,0,1,0,0,"-30.789666666667,-60.586361111111",Calle,,SAN JUSTO,San Justo,S/D,S/D,XVI,S/D,Urbana,S/D,S/D,S/D,S/D,S/D,S/D,S/D,S/D,Ciclista,Atropello,S/D,S/D,S/D,S/D
2018,6491,2018-05-08,Martes,0,,,0.0,2,"Pickup/Utilitario,Moto/Ciclomotor",Jose Ingenieros Y Lavalle,3,2,1,0,0,0,0,"-30.94223, -61.55707",Calle,,SUNCHALES,Castellanos,S/D,S/D,V,S/D,Urbana,S/D,S/D,S/D,S/D,S/D,S/D,S/D,S/D,S/D,Colisión,S/D,S/D,S/D,S/D
2018,6492,2018-06-07,Jueves,0,,,0.0,2,"Peatón,Automóvil", ,2,0,0,0,0,0,2,"-31.44843, -60.93025",S/D,,ESPERANZA,Las Colonias,S/D,S/D,XI,S/D,S/D,S/D,S/D,S/D,S/D,S/D,S/D,S/D,S/D,Peatón,Atropello,S/D,S/D,S/D,S/D
2018,6493,2018-06-30,Sabado,0,,,0.0,2,"Moto/Ciclomotor,Pickup/Utilitario", ,2,1,0,0,1,0,0,"-32.03084, -61.22338",S/D,,GÁLVEZ,San Jerónimo,S/D,S/D,XV,S/D,S/D,S/D,S/D,S/D,S/D,S/D,S/D,S/D,S/D,S/D,S/D,S/D,S/D,S/D,S/D
2018,6494,2018-05-08,Martes,0,18:00:00,Autopista Nacional Rosario -Cordoba,0.0,2,"Moto/Ciclomotor,Automóvil", ,3,0,2,0,1,0,0,"-32.84638, -61.39109",Autopista,Rosario -Córdoba,CAÑADA DE GÓMEZ,Iriondo,S/D,S/D,X,S/D,Urbana,S/D,S/D,S/D,S/D,S/D,S/D,S/D,S/D,S/D,Colisión,S/D,S/D,S/D,S/D
2018,6495,2018-05-21,Lunes,0,,,0.0,1,Moto/Ciclomotor, ,1,1,0,0,0,0,0,"-29.22915, -61.77169",Calle,,TOSTADO,9 de Julio,S/D,S/D,XII,Fuera,Urbana,Ninguna,S/D,S/D,S/D,S/D,S/D,S/D,S/D,S/D,Despiste,S/D,S/D,S/D,Sin restricción
2018,6496,2018-05-09,Miercoles,0,08:00:00,Autopista Nacional Rosario -Cordoba,0.0,2,"Automóvil,Camión", ,3,2,0,0,1,0,0,"-32.83013, -61.48733",Autopista,Rosario -Córdoba,CAÑADA DE GÓMEZ,Iriondo,S/D,S/D,X,S/D,Urbana,S/D,S/D,S/D,S/D,S/D,S/D,S/D,S/D,S/D,Colisión,S/D,S/D,S/D,S/D
2018,6497,2018-06-07,Jueves,0,,,0.0,2,"Moto/Ciclomotor,Automóvil",6 de Caballeria Y Independencia,2,0,1,0,1,0,0,"-29.238111111111,-61.768611111111",Calle,,TOSTADO,9 de Julio,S/D,S/D,XII,S/D,Urbana,S/D,S/D,Intersección,S/D,S/D,S/D,S/D,Lateral,S/D,Colisión,S/D,S/D,S/D,S/D
2018,6498,2018-05-21,Lunes,0,,,0.0,2,"Moto/Ciclomotor,Automóvil",Avda 25 de Mayo Y Dorrego,2,1,0,0,1,0,0,"-32.028055555556,-61.218305555556",Avenida,,GÁLVEZ,San Jerónimo,S/D,S/D,XV,Dentro,Urbana,Ninguna,S/D,Intersección,S/D,S/D,S/D,S/D,Lateral,S/D,Colisión,S/D,S/D,S/D,Sin restricción
2018,6499,2018-06-30,Sabado,0,,Ruta Provincial 32,0.0,2,"Bicicleta,Moto/Ciclomotor", ,2,2,0,0,0,0,0,"-28.50218, -59.36144",Ruta,32,VILLA OCAMPO,General Obligado,S/D,S/D,IX,S/D,S/D,S/D,S/D,S/D,S/D,S/D,S/D,S/D,S/D,Ciclista,Atropello,S/D,S/D,S/D,S/D
2018,6500,2018-06-07,Jueves,0,,,0.0,2,"Moto/Ciclomotor,Automóvil",Av L de la Torre-Ruta Nac 11 Y Cnel Rodriguez,2,1,0,0,1,0,0,"-31.969666666667,-60.926111111111",Calle,,CORONDA,San Jerónimo,Asfalto,S/D,XV,S/D,Urbana,S/D,S/D,Intersección,S/D,S/D,S/D,S/D,Lateral,S/D,Colisión,S/D,S/D,S/D,S/D
2018,6501,2018-05-21,Lunes,0,12:00:00,,0.0,2,"Automóvil,Moto/Ciclomotor",Av Gral Mitre 1300,2,1,0,0,1,0,0,"-31.771194444444,-61.829777777778",Avenida,,SASTRE,San Martín,S/D,No existe,XVIII,Dentro,Urbana,Ninguna,S/D,Intersección,S/D,Buena,Diurna,S/D,Lateral,S/D,Colisión,S/D,S/D,S/D,Sin restricción
2018,6502,2018-06-07,Jueves,0,21:05:00,,0.0,1,Automóvil, ,5,5,0,0,0,0,0,"-32.37052, -61.35932",S/D,,SAN GENARO,San Jerónimo,S/D,S/D,XV,S/D,S/D,S/D,S/D,S/D,S/D,S/D,Nocturna,S/D,S/D,S/D,Despiste,S/D,S/D,S/D,S/D
2018,6503,2018-03-27,Martes,0,,,0.0,1,Automóvil,Av Almte Brown Y J Castelli,1,0,1,0,0,0,0,"-31.612083333333,-60.668111111111",Calle,,SANTA FE,La Capital,Asfalto,No existe,I,Dentro,Urbana,S/D,S/D,Recta,Bueno,S/D,S/D,S/D,Contra objeto fijo,S/D,Colisión,S/D,Faltante,S/D,S/D
2018,6504,2018-03-27,Martes,0,12:45:00,,0.0,2,"Moto/Ciclomotor,Automóvil",Calle 33-Pueyrredon Y Calle 10-Ludue?a,3,2,0,0,1,0,0,"-29.154416666667,-59.642583333333",Calle,,RECONQUISTA,General Obligado,Asfalto,No existe,IX,Dentro,Urbana,Ninguna,No existe,Intersección,Bueno,S/D,Diurna,S/D,S/D,S/D,Colisión,Ninguna,Faltante,Ninguna,Sin restricción
2018,6505,2018-03-28,Miercoles,0,,Autopista Nacional A008,0.0,6,"Automóvil,Automóvil,Automóvil,Automóvil,Automóvil,Automóvil",Av. Circunvalacion Y Bv. Oro?o,6,1,0,0,5,0,0,"-33.011435,-60.664654",Autopista,A008,ROSARIO,Rosario,Asfalto,S/D,II,Dentro,Urbana,S/D,S/D,Recta,Bueno,S/D,S/D,S/D,Múltiple,S/D,Colisión,Ninguna,S/D,S/D,Sin restricción
2018,6506,2018-03-27,Martes,0,13:30:00,,0.0,2,"Automóvil,Moto/Ciclomotor",Espa?a Y Boulevard Centenario,2,1,0,0,1,0,0,"-32.81475,-61.392027777778",Calle,,CAÑADA DE GÓMEZ,Iriondo,Asfalto,No existe,X,Dentro,Urbana,Ninguna,No existe,Intersección,Bueno,S/D,Diurna,S/D,S/D,S/D,Colisión,Ninguna,Faltante,Ninguna,Sin restricción
2018,6507,2018-03-30,Viernes,0,15:30:00,Autopista Nacional Rosario -Cordoba,364.0,1,Automóvil, ,3,2,0,0,1,0,0,"-32.85432,-61.35220",Autopista,Rosario -Córdoba,CAÑADA DE GÓMEZ,Iriondo,Asfalto,S/D,X,Dentro,Rural,Ninguna,No existe,Recta,Bueno,S/D,Diurna,S/D,S/D,S/D,Vuelco,Ninguna,S/D,Línea divisoria pintada,Sin restricción
2018,6508,2018-03-31,Sabado,0,06:30:00,,0.0,2,"Moto/Ciclomotor,Moto/Ciclomotor",Calle 11-Alvear Y Roca Pte,2,2,0,0,0,0,0,"-29.142335,-59.643335",Calle,,RECONQUISTA,General Obligado,Asfalto,No existe,IX,Dentro,Urbana,Ninguna,No existe,Intersección,Bueno,S/D,Amanecer,S/D,S/D,S/D,Colisión,Ninguna,Faltante,Ninguna,Sin restricción
2018,6509,2018-03-01,Jueves,0,10:10:00,,0.0,2,"Otros,Moto/Ciclomotor", ,2,1,0,0,1,0,0,"-32.825995,-60.717458",S/D,,CAPITÁN BERMÚDEZ,San Lorenzo,S/D,S/D,XVII,S/D,S/D,S/D,S/D,S/D,S/D,S/D,Diurna,S/D,S/D,S/D,Colisión,S/D,S/D,S/D,S/D
2018,6510,2018-03-09,Viernes,0,11:00:00,,0.0,1,Otros, ,1,1,0,0,0,0,0,"-32.962142,-60.640616",S/D,,ROSARIO,Rosario,S/D,S/D,II,S/D,S/D,S/D,S/D,S/D,S/D,S/D,S/D,S/D,S/D,S/D,S/D,S/D,S/D,S/D,S/D
2018,6511,2018-03-10,Sabado,0,21:00:00,,0.0,2,"Otros,Moto/Ciclomotor",Bv. Oro?o Y Av. Ntra.Sra.del Rosario,2,1,0,0,0,0,1,"-33.000555555556,-60.664916666667",Calle,,ROSARIO,Rosario,Asfalto,No existe,II,Dentro,Urbana,Semáforo,Funciona,Intersección,Bueno,S/D,Nocturna,S/D,S/D,S/D,Colisión,Ninguna,"Horizontal,Vertical",Cordón divisorio,Sin restricción
2018,6512,2018-03-19,Lunes,0,15:00:00,,0.0,2,"Otros,Moto/Ciclomotor",Bv. Segui Y Crespo,2,1,0,0,0,0,1,"-32.973694444444,-60.676472222222",Calle,,ROSARIO,Rosario,Asfalto,No existe,II,Dentro,Urbana,Ninguna,No existe,Intersección,Bueno,S/D,Diurna,S/D,S/D,S/D,Colisión,Ninguna,Horizontal,Cordón divisorio,Sin restricción
2018,6513,2018-07-09,Lunes,0,19:50:00,,0.0,1,Automóvil, ,3,1,2,0,0,0,0,"-31.409025618729, -61.072767668471",S/D,,HUMBOLDT,Las Colonias,Tierra,Natural,XI,S/D,Rural,Ninguna,No existe,Recta,Deteriorada,Reducida polvo,Nocturna,Buen Tiempo,Contra objeto fijo,S/D,Colisión,Material Suelto,Faltante,Ninguna,Sin restricción
2018,6514,2018-07-15,Domingo,0,11:10:00,,0.0,2,"Moto/Ciclomotor,Moto/Ciclomotor",Av Misional Y Falucho,2,1,0,0,1,0,0,"-31.440390, -61.256112",Avenida,,PILAR,Las Colonias,Hormigón,No existe,XI,Dentro,Urbana,Ninguna,No existe,Intersección,Bueno,Buena,Diurna,Buen Tiempo,Lateral,S/D,Colisión,Ninguna,Vertical,Ninguna,Sin restricción
2018,6515,2018-07-20,Viernes,0,12:45:00,,0.0,2,"Automóvil,Moto/Ciclomotor",27 de Abril 1400,2,1,0,0,1,0,0,"-31.438255594038, -61.257341068771",Calle,,PILAR,Las Colonias,Asfalto,No existe,XI,Dentro,Urbana,Paso Peatonal,No existe,Recta,Bueno,Buena,Diurna,Buen Tiempo,De alcance,S/D,Colisión,Ninguna,Horizontal,Ninguna,Sin restricción
2018,6516,2018-07-20,Viernes,0,15:00:00,,0.0,2,"Moto/Ciclomotor,Automóvil",25 de Mayo Y Guemes,2,0,1,0,1,0,0,"-29.224533206307, -61.77378093817",Calle,,TOSTADO,9 de Julio,Asfalto,No existe,XII,Dentro,Urbana,Ninguna,No existe,Recta,Bueno,Buena,Diurna,Buen Tiempo,De alcance,S/D,Colisión,Ninguna,Faltante,Ninguna,Sin restricción
2018,6517,2018-07-30,Lunes,0,17:30:00,,0.0,2,"Automóvil,Moto/Ciclomotor",Belgrano Manuel Y Salta,2,1,0,0,0,0,1,"-31.735608, -61.093674",Calle,,SAN CARLOS CENTRO,Las Colonias,Asfalto,No existe,XI,Dentro,Urbana,Otra Señal,No existe,Intersección,Bueno,Buena,Diurna,Buen Tiempo,Lateral,S/D,Colisión,Ninguna,"Horizontal,Vertical",Cordón divisorio,Sin restricción
2018,6518,2018-07-03,Martes,0,08:50:00,,0.0,2,"Moto/Ciclomotor,Moto/Ciclomotor",Avenida General Bartolome Mitr Y 9 de julio,3,3,0,0,0,0,0,"-31.668666666667,-60.753583333333",Calle,,SANTO TOMÉ,La Capital,Asfalto,No existe,I,Dentro,Urbana,Ninguna,No existe,Intersección,Bueno,Buena,Diurna,Buen Tiempo,Lateral,S/D,Colisión,Ninguna,S/D,Cordón divisorio,Sin restricción
2018,6519,2018-07-09,Lunes,0,12:50:00,,0.0,2,"Moto/Ciclomotor,Automóvil",Hipolito Irigoyen Y Pueyrredon,2,0,1,0,1,0,0,"-31.896160368065, -61.865245499190",Calle,,SAN JORGE,San Martín,Asfalto,No existe,XVIII,Dentro,Urbana,Ninguna,No existe,Intersección,Bueno,Buena,Diurna,Buen Tiempo,Lateral,S/D,Colisión,Ninguna,Vertical,Cordón divisorio,Sin restricción
2018,6520,2018-05-09,Miercoles,0,17:00:00,Autopista Nacional Rosario -Cordoba,0.0,2,"Automóvil,Moto/Ciclomotor", ,3,2,0,0,1,0,0,"-32.84686, -61.38839",Autopista,Rosario -Córdoba,CAÑADA DE GÓMEZ,Iriondo,S/D,S/D,X,S/D,Urbana,S/D,S/D,S/D,S/D,S/D,S/D,S/D,S/D,S/D,Colisión,S/D,S/D,S/D,S/D
2018,6521,2018-05-10,Jueves,0,,,0.0,2,"Moto/Ciclomotor,Automóvil",MONTALBETTI Y MITRI,2,1,0,0,1,0,0,"-30.93874, -61.5601",Calle,,SUNCHALES,Castellanos,S/D,S/D,V,S/D,Urbana,S/D,S/D,S/D,S/D,S/D,S/D,S/D,S/D,S/D,Colisión,S/D,S/D,S/D,S/D
2018,6522,2018-06-21,Jueves,0,15:35:00,,0.0,2,"Automóvil,Automóvil",Bv. Oro?o Y Jujuy,2,1,0,0,1,0,0,"-32.935527777778,-60.651361111111",S/D,,ROSARIO,Rosario,S/D,S/D,II,S/D,S/D,S/D,S/D,S/D,S/D,S/D,S/D,S/D,S/D,S/D,Otro,S/D,S/D,S/D,S/D
2018,6523,2018-05-10,Jueves,0,,,0.0,2,"Automóvil,Moto/Ciclomotor",Bolivar Y E Zeballos,3,2,0,0,1,0,0,"-30.94636, -61.55809",Calle,,SUNCHALES,Castellanos,S/D,S/D,V,S/D,Urbana,S/D,S/D,S/D,S/D,S/D,S/D,S/D,S/D,S/D,Colisión,S/D,S/D,S/D,S/D
2018,6524,2018-06-08,Viernes,0,18:05:00,,0.0,1,Moto/Ciclomotor,Demetrio Gomez Y Manzana 10,3,3,0,0,0,0,0,"-31.67938, -60.69099",Calle,,ALTO VERDE,La Capital,Tierra,S/D,I,S/D,Urbana,S/D,No existe,S/D,S/D,S/D,Atardecer,S/D,S/D,S/D,Caída ocupante,S/D,Faltante,S/D,Sin restricción
2018,6526,2018-05-10,Jueves,0,,,0.0,2,"Peatón,Moto/Ciclomotor",Padre Quiroga 2000,2,0,1,0,1,0,0,"-31.647611111111,-60.734972222222",Calle,,SANTA FE,La Capital,S/D,S/D,I,S/D,Urbana,S/D,S/D,S/D,S/D,S/D,S/D,S/D,S/D,Peatón,Atropello,S/D,S/D,S/D,S/D
2018,6527,2018-01-17,Miercoles,0,08:00:00,,0.0,3,"Moto/Ciclomotor,Pickup/Utilitario,Automóvil",Av. Pellegrini Y Av. Belgrano,3,2,0,0,1,0,0,"-32.960944444444,-60.621194444444",Avenida,,ROSARIO,Rosario,Asfalto,No existe,II,Dentro,Urbana,Ninguna,S/D,Recta,S/D,Buena,Diurna,S/D,Múltiple,S/D,Colisión,Ninguna,S/D,S/D,Sin restricción
2018,6528,2018-05-11,Viernes,0,12:45:00,,0.0,2,"Bicicleta,Automóvil",Calle 13 Y Calle 8,2,1,0,0,1,0,0,"-29.118333333333,-59.661277777778",Calle,,AVELLANEDA,General Obligado,S/D,S/D,IX,S/D,Urbana,S/D,S/D,S/D,S/D,S/D,S/D,S/D,S/D,Ciclista,Atropello,S/D,S/D,S/D,S/D
2018,6529,2018-06-21,Jueves,0,04:45:00,,0.0,2,"Automóvil,Peatón",Italia Y Mendoza,2,0,1,0,1,0,0,"-32.949777777778,-60.649166666667",S/D,,ROSARIO,Rosario,S/D,S/D,II,S/D,S/D,S/D,S/D,S/D,S/D,S/D,S/D,S/D,S/D,Peatón,Atropello,S/D,S/D,S/D,S/D
2018,6530,2018-05-17,Jueves,0,03:30:00,Autopista Provincial Brigadier E.López,137.0,1,Camión, ,1,1,0,0,0,0,0,"-31.77827, -60.85275",Autopista,Brigadier E.López,SAUCE VIEJO,La Capital,Asfalto,Natural,II,Dentro,Rural,Ninguna,No existe,Recta,Bueno,S/D,Nocturna,S/D,Contra objeto fijo,S/D,Colisión,S/D,S/D,S/D,Sin restricción
2018,6531,2018-05-11,Viernes,0,,,0.0,1,Moto/Ciclomotor,CAMINO HEREOS DE MALVINAS ,1,1,0,0,0,0,0,"-29.13208, -59.63971",Calle,,RECONQUISTA,General Obligado,S/D,S/D,IX,S/D,Urbana,S/D,S/D,S/D,S/D,S/D,S/D,S/D,S/D,S/D,Caída ocupante,S/D,S/D,S/D,S/D
2018,6532,2018-05-11,Viernes,0,13:30:00,,0.0,2,"Moto/Ciclomotor,Moto/Ciclomotor",Rivadavia Y Cordoba,3,2,0,0,0,0,1,"-32.815333333333,-61.409333333333",Calle,,CAÑADA DE GÓMEZ,Iriondo,S/D,S/D,X,S/D,Urbana,S/D,S/D,S/D,S/D,S/D,S/D,S/D,S/D,S/D,Colisión,S/D,S/D,S/D,S/D
2018,6533,2018-05-18,Viernes,0,11:40:00,,0.0,1,Automóvil,Pedro Rios Y Jorge Newbery,1,1,0,0,0,0,0,"-32.92166, -60.7805",Avenida,,FUNES,Rosario,Asfalto,S/D,II,Fuera,Urbana,Ninguna,No existe,Curva,S/D,S/D,Diurna,S/D,S/D,S/D,Vuelco,Ninguna,S/D,S/D,Sin restricción
2018,6534,2018-05-11,Viernes,0,10:15:00,,0.0,1,Moto/Ciclomotor,Juan Jose Castelli 800,1,1,0,0,0,0,0,"-33.744638888889,-61.964888888889",Calle,,VENADO TUERTO,General López,S/D,S/D,VIII,S/D,Urbana,S/D,S/D,S/D,S/D,S/D,S/D,S/D,S/D,S/D,Caída ocupante,S/D,S/D,S/D,S/D
2018,6535,2018-06-08,Viernes,0,,,0.0,2,"Moto/Ciclomotor,Bicicleta",Calle 27-Gdor Freyre Y Calle 36 Entre Rios,3,1,0,0,0,0,2,"-29.149444444444,-59.65825",Calle,,RECONQUISTA,General Obligado,S/D,S/D,IX,S/D,Urbana,S/D,S/D,Intersección,S/D,S/D,S/D,S/D,S/D,S/D,Despiste,S/D,S/D,S/D,S/D
2018,6536,2018-05-11,Viernes,0,13:45:00,,0.0,1,Automóvil,Ayacucho Y Domingo Faustino Sarmiento,1,1,0,0,0,0,0,"-33.758388888889,-61.965944444444",Calle,,VENADO TUERTO,General López,S/D,S/D,VIII,S/D,Urbana,S/D,S/D,S/D,S/D,S/D,S/D,S/D,Contra objeto fijo,S/D,Colisión,S/D,S/D,S/D,S/D
2018,6537,2018-06-21,Jueves,0,,,0.0,2,"Moto/Ciclomotor,Moto/Ciclomotor",Rodriguez Y Pte.Quintana,2,1,1,0,0,0,0,"-32.978833333333,-60.667861111111",S/D,,ROSARIO,Rosario,S/D,S/D,II,S/D,S/D,S/D,S/D,S/D,S/D,S/D,S/D,S/D,S/D,S/D,S/D,S/D,S/D,S/D,S/D
2018,6538,2018-05-11,Viernes,0,18:30:00,,0.0,2,"Peatón,Moto/Ciclomotor",Calle 19-Habegger Y Calle 8-Chacabuco,2,1,0,0,1,0,0,"-29.147027777778,-59.640277777778",Calle,,RECONQUISTA,General Obligado,S/D,S/D,IX,S/D,Urbana,S/D,S/D,S/D,S/D,S/D,S/D,S/D,S/D,Peatón,Atropello,S/D,S/D,S/D,S/D
2018,6539,2018-05-19,Sabado,0,23:40:00,,0.0,2,"Moto/Ciclomotor,Moto/Ciclomotor",Calle 47-Islas Malvinas Y Calle 58,5,5,0,0,0,0,0,"-29.14446, -59.64413",Avenida,,RECONQUISTA,General Obligado,Asfalto,No existe,IX,Dentro,Urbana,S/D,No existe,Intersección,S/D,S/D,Nocturna,S/D,Lateral,S/D,Colisión,S/D,S/D,S/D,S/D
2018,6540,2018-05-13,Domingo,0,06:30:00,,0.0,1,Automóvil,Calle 18 - Gral Belgrano 300,3,2,1,0,0,0,0,"-29.139916666667,-59.645527777778",Calle,,RECONQUISTA,General Obligado,S/D,S/D,IX,S/D,Urbana,S/D,S/D,S/D,S/D,S/D,S/D,S/D,Contra objeto fijo,S/D,Colisión,S/D,S/D,S/D,S/D
2018,6541,2018-06-09,Sabado,0,,,0.0,1,Moto/Ciclomotor,3 de Febrero Y San Juan,2,2,0,0,0,0,0,"-31.655722222222,-60.724583333333",Calle,,SANTA FE,La Capital,S/D,S/D,I,S/D,Urbana,S/D,S/D,Intersección,S/D,S/D,S/D,S/D,Atropello animal,S/D,Atropello,S/D,S/D,S/D,S/D
2018,6542,2018-05-14,Lunes,0,09:30:00,,0.0,1,Moto/Ciclomotor,Necochea Y Mitre,1,1,0,0,0,0,0,"-32.816527777778,-61.388138888889",Calle,,CAÑADA DE GÓMEZ,Iriondo,S/D,S/D,X,S/D,Urbana,S/D,S/D,S/D,S/D,S/D,S/D,S/D,S/D,S/D,Caída ocupante,S/D,S/D,S/D,S/D
2018,6543,2018-06-21,Jueves,0,14:30:00,,0.0,2,"Transporte de Pasajeros Urbano (> 8 asientos),Peatón",Suipacha Y Santa Fe,2,0,1,0,1,0,0,"-32.940416666667,-60.663833333333",S/D,,ROSARIO,Rosario,S/D,S/D,II,S/D,S/D,S/D,S/D,S/D,S/D,S/D,S/D,S/D,S/D,Peatón,Atropello,S/D,S/D,S/D,S/D
2018,6544,2018-05-12,Sabado,0,00:30:00,,0.0,1,Moto/Ciclomotor, ,2,2,0,0,0,0,0,"-32.82117, -61.3989",S/D,,CAÑADA DE GÓMEZ,Iriondo,S/D,S/D,X,S/D,S/D,S/D,S/D,S/D,S/D,S/D,S/D,S/D,S/D,S/D,Caída ocupante,S/D,S/D,S/D,S/D
2018,6545,2018-05-12,Sabado,0,15:50:00,,0.0,2,"Moto/Ciclomotor,Moto/Ciclomotor",Boulevard Centenario Y Nicasio Oro?o,4,2,0,0,2,0,0,"-32.815111111111,-61.389222222222",S/D,,CAÑADA DE GÓMEZ,Iriondo,S/D,S/D,X,S/D,S/D,S/D,S/D,S/D,S/D,S/D,S/D,S/D,S/D,S/D,Colisión,S/D,S/D,S/D,S/D