anio_acci,nro_acci,fecha,desc_dia,fecha_aprox,hora_aprox,desc_ruta,km,cant_participantes,desc_participante,calle_avenida_km,total,heridos_leves,heridos_graves,heridos_gravisimos,ilesos,fallecidos,sin_datos,posicion_XY,desc_tipo_via,desc_ruta_ori,desc_loc,desc_dpto,desc_tipo_calzada,desc_tipo_banquina,desc_unidad_regional,desc_lugar_calzada,desc_zona,desc_prioridad,desc_estado_semaforo,desc_lugar_via,desc_estado_via,desc_estado_visibilidad,desc_luminosidad,desc_estado_clima,desc_tipo_colision,desc_tipo_atropello,desc_tipo_hecho,desc_pres_calzada,desc_senializacion,desc_separacion_via,desc_restriccion
2018,6546,2018-05-21,Lunes,0,07:55:00,,0.0,1,Moto/Ciclomotor,Juan Lavalle Y Calle nro 37,1,1,0,0,0,0,0,"-33.721944444444,-61.990666666667",Calle,,VENADO TUERTO,General López,Asfalto,S/D,VIII,Dentro,Urbana,S/D,S/D,Intersección,S/D,S/D,Diurna,S/D,Atropello animal,S/D,Colisión,S/D,S/D,S/D,S/D
2018,6547,2018-06-09,Sabado,0,,,0.0,2,"Moto/Ciclomotor,Automóvil",Servando Bayo Y Marcos Paz,3,1,0,0,2,0,0,"-32.942527777778,-60.685694444444",Calle,,ROSARIO,Rosario,S/D,S/D,II,S/D,Urbana,S/D,S/D,Intersección,S/D,S/D,S/D,S/D,S/D,S/D,Colisión,S/D,S/D,S/D,S/D
2018,6548,2018-05-14,Lunes,0,,,0.0,2,"Moto/Ciclomotor,Moto/Ciclomotor",Crespo Y Leandro N Alem,2,2,0,0,0,0,0,"-30.94679, -61.5557",Calle,,SUNCHALES,Castellanos,S/D,S/D,V,S/D,Urbana,S/D,S/D,S/D,S/D,S/D,S/D,S/D,S/D,S/D,Colisión,S/D,S/D,S/D,S/D
2018,6549,2018-05-14,Lunes,0,10:00:00,,0.0,1,Automóvil,Libertad 1100,1,1,0,0,0,0,0,"-33.736666666667,-61.945666666667",Calle,,VENADO TUERTO,General López,S/D,S/D,VIII,S/D,Urbana,S/D,S/D,S/D,S/D,S/D,S/D,S/D,Contra objeto fijo,S/D,Colisión,S/D,S/D,S/D,S/D
2018,6550,2018-05-21,Lunes,0,06:00:00,,0.0,2,"Automóvil,Peatón",Jujuy Y Suipacha,2,1,0,0,1,0,0,"-32.933583333333,-60.662111111111",Calle,,ROSARIO,Rosario,Asfalto,No existe,II,Dentro,Urbana,Ninguna,S/D,Intersección,S/D,S/D,Amanecer,S/D,S/D,Peatón,Atropello,S/D,S/D,S/D,Sin restricción
2018,6551,2018-06-09,Sabado,0,,,0.0,1,Moto/Ciclomotor,San Martin Y Pje. San Francisco,2,1,0,0,1,0,0,"-33.006916666667,-60.65025",Calle,,ROSARIO,Rosario,S/D,S/D,II,S/D,Urbana,S/D,S/D,Intersección,S/D,S/D,S/D,S/D,De alcance,S/D,Colisión,S/D,S/D,S/D,S/D
2018,6552,2018-05-21,Lunes,0,11:00:00,Ruta Nacional 33,749.0,2,"Automóvil,Pickup/Utilitario", ,2,1,0,0,1,0,0,"-33.02357, -61.10323",Ruta,33,CASILDA,Caseros,Asfalto,Natural,IV,Dentro,Rural,Ninguna,No existe,Recta,S/D,S/D,Diurna,S/D,S/D,S/D,Colisión,Ninguna,S/D,S/D,Sin restricción
2018,6553,2018-07-21,Sabado,0,07:50:00,Ruta Provincial 10,0.0,2,"Automóvil,Automóvil", ,4,1,0,0,3,0,0,"-31.402447098524, -61.248368023565",Ruta,10,PILAR,Las Colonias,Asfalto,Natural,XI,Dentro,Rural,Ninguna,No existe,Recta,Bueno,Buena,Diurna,Buen Tiempo,Frontal,S/D,Colisión,Ninguna,S/D,Ninguna,Sin restricción
2018,6554,2018-05-05,Sabado,0,06:00:00,,0.0,2,"Moto/Ciclomotor,Otros",Av de Circunvalacion ,2,0,1,0,0,0,1,"-33.01661, -60.63369",Calle,,VILLA GOBERNADOR GÁLVEZ,Rosario,S/D,S/D,II,S/D,Urbana,S/D,S/D,S/D,S/D,S/D,S/D,S/D,S/D,S/D,Colisión,S/D,S/D,S/D,S/D
2018,6555,2018-05-09,Miercoles,0,08:00:00,,0.0,2,"Moto/Ciclomotor,Otros",Iriondo Y Pte.Quintana,2,0,1,0,0,0,1,"-32.976888888889,-60.678722222222",Calle,,ROSARIO,Rosario,S/D,S/D,II,S/D,Urbana,S/D,S/D,S/D,S/D,S/D,S/D,S/D,S/D,S/D,Colisión,S/D,S/D,S/D,S/D
2018,6556,2018-06-09,Sabado,0,,,0.0,2,"Moto/Ciclomotor,Taxi/Remis", ,2,1,0,0,0,0,1,"-33.0441, -61.16506",S/D,,CASILDA,Caseros,S/D,S/D,IV,S/D,S/D,S/D,S/D,S/D,S/D,S/D,S/D,S/D,S/D,S/D,S/D,S/D,S/D,S/D,S/D
2018,6557,2018-06-09,Sabado,0,,,0.0,2,"Moto/Ciclomotor,Automóvil", ,2,0,1,0,1,0,0,"-33.37169, -61.18533",S/D,,BIGAND,Caseros,S/D,S/D,IV,S/D,S/D,S/D,S/D,S/D,S/D,S/D,S/D,S/D,S/D,S/D,S/D,S/D,S/D,S/D,S/D
2018,6558,2018-06-21,Jueves,0,,,0.0,2,"Moto/Ciclomotor,Moto/Ciclomotor", ,2,0,0,0,0,0,2,"-31.44897, -60.93039",S/D,,ESPERANZA,Las Colonias,S/D,S/D,XI,S/D,S/D,S/D,S/D,S/D,S/D,S/D,S/D,S/D,S/D,S/D,S/D,S/D,S/D,S/D,S/D
2018,6559,2018-06-09,Sabado,0,,,0.0,2,"Moto/Ciclomotor,Pickup/Utilitario", ,2,1,0,0,1,0,0,"-33.10346, -61.3258",S/D,,LOS MOLINOS,Caseros,S/D,S/D,IV,S/D,S/D,S/D,S/D,S/D,S/D,S/D,S/D,S/D,S/D,S/D,S/D,S/D,S/D,S/D,S/D
2018,6560,2018-06-19,Martes,0,18:30:00,,0.0,2,"Bicicleta,Automóvil",Salta Y Mendoza,2,1,0,0,1,0,0,"-32.038472222222,-61.223083333333",S/D,,GÁLVEZ,San Jerónimo,S/D,S/D,XV,S/D,S/D,S/D,S/D,S/D,S/D,S/D,S/D,S/D,S/D,Ciclista,Atropello,S/D,S/D,S/D,S/D
2018,6561,2018-06-22,Viernes,0,,,0.0,2,"Peatón,Automóvil",Fray Mamerto Esquiu Y Av A del Valle,2,1,1,0,0,0,0,"-31.615,-60.696888888889",S/D,,SANTA FE,La Capital,S/D,S/D,I,S/D,S/D,S/D,S/D,S/D,S/D,S/D,S/D,S/D,S/D,Peatón,Atropello,S/D,S/D,S/D,S/D
2018,6562,2018-06-09,Sabado,0,,,0.0,2,"Moto/Ciclomotor,Automóvil",Calle 10-Ludue?a Y Calle 87,2,1,0,0,1,0,0,"-29.177194444444,-59.646333333333",Calle,,RECONQUISTA,General Obligado,S/D,S/D,IX,S/D,Urbana,S/D,S/D,Intersección,S/D,S/D,S/D,S/D,S/D,S/D,Colisión,S/D,S/D,S/D,S/D
2018,6563,2018-06-22,Viernes,0,,,0.0,2,"Moto/Ciclomotor,Automóvil", ,2,0,0,0,0,0,2,"-31.44897, -60.93039",S/D,,ESPERANZA,Las Colonias,S/D,S/D,XI,S/D,S/D,S/D,S/D,S/D,S/D,S/D,S/D,S/D,S/D,S/D,S/D,S/D,S/D,S/D,S/D
2018,6564,2018-06-23,Sabado,0,,,0.0,2,"Bicicleta,Automóvil",Av Urquiza Y Juan Del Campillo,2,1,0,0,1,0,0,"-31.628611111111,-60.708277777778",S/D,,SANTA FE,La Capital,S/D,S/D,I,S/D,S/D,S/D,S/D,S/D,S/D,S/D,S/D,S/D,S/D,Ciclista,Atropello,S/D,S/D,S/D,S/D
2018,6565,2018-06-09,Sabado,0,17:25:00,,0.0,2,"Moto/Ciclomotor,Automóvil",Juan de Garay Y Avenida San Martin,3,2,0,0,1,0,0,"-29.231083333333,-61.772416666667",Calle,,TOSTADO,9 de Julio,S/D,S/D,XIII,S/D,Urbana,S/D,S/D,Intersección,S/D,S/D,Atardecer,S/D,S/D,S/D,Colisión,S/D,S/D,S/D,S/D
2018,6566,2018-06-23,Sabado,0,,,0.0,1,Automóvil,Gorriti 4659,1,1,0,0,0,0,0,"-31.584888888889,-60.717305555556",S/D,,SANTA FE,La Capital,S/D,S/D,I,S/D,S/D,S/D,S/D,S/D,S/D,S/D,S/D,S/D,S/D,S/D,Vuelco,S/D,S/D,S/D,S/D
2018,6567,2018-06-09,Sabado,0,,,0.0,2,"Moto/Ciclomotor,Pickup/Utilitario",Almirante Brown Y Avenida Vicente Casares,3,1,1,0,1,0,0,"-29.883614917317, -61.944575499398",Calle,,CERES,San Cristóbal,S/D,S/D,XIII,S/D,Urbana,S/D,S/D,Intersección,S/D,S/D,S/D,S/D,S/D,S/D,Colisión,S/D,S/D,S/D,S/D
2018,6568,2018-06-09,Sabado,0,,,0.0,2,"Moto/Ciclomotor,Automóvil",Av L de la Torre-Ruta Nac 11 Y 25 de Mayo,3,1,0,0,2,0,0,"-31.971833333333,-60.926555555556",Calle,,CORONDA,San Jerónimo,S/D,S/D,XV,S/D,Urbana,S/D,S/D,Intersección,S/D,S/D,S/D,S/D,S/D,S/D,Colisión,S/D,S/D,S/D,S/D
2018,6569,2018-06-23,Sabado,0,23:00:00,,0.0,2,"Automóvil,Pickup/Utilitario", ,2,1,0,0,1,0,0,"-33.04452, -61.16502",S/D,,CASILDA,Caseros,S/D,S/D,IV,S/D,S/D,S/D,S/D,S/D,S/D,S/D,S/D,S/D,S/D,S/D,S/D,S/D,S/D,S/D,S/D
2018,6570,2018-06-24,Domingo,0,,,0.0,2,"Automóvil,Moto/Ciclomotor", ,3,2,0,0,1,0,0,"-33.04452, -61.16502",S/D,,CASILDA,Caseros,S/D,S/D,IV,S/D,S/D,S/D,S/D,S/D,S/D,S/D,S/D,S/D,S/D,S/D,S/D,S/D,S/D,S/D,S/D
2018,6571,2018-03-21,Miercoles,0,15:33:00,,0.0,2,"Moto/Ciclomotor,Otros",Av. Francia Y Dr.Rivas,2,1,0,0,0,0,1,"-32.978777777778,-60.674777777778",Calle,,ROSARIO,Rosario,Asfalto,No existe,II,Dentro,Urbana,Ninguna,No existe,Intersección,Bueno,S/D,Diurna,S/D,S/D,S/D,Colisión,Ninguna,Faltante,Cordón divisorio,Sin restricción
2018,6572,2018-03-25,Domingo,0,15:30:00,,0.0,2,"Automóvil,Otros",Bv. Segui Y Roullon,2,1,0,0,0,0,1,"-32.970833333333,-60.701055555556",Calle,,ROSARIO,Rosario,Asfalto,No existe,II,Dentro,Urbana,Semáforo,Funciona,Intersección,Bueno,S/D,Diurna,S/D,S/D,S/D,Colisión,Ninguna,"Horizontal,Vertical",Cordón divisorio,Sin restricción
2018,6573,2018-03-28,Miercoles,0,18:00:00,,0.0,2,"Moto/Ciclomotor,Otros", ,2,1,0,0,0,0,1,"-32.996348,-60.773919",S/D,,PÉREZ,Rosario,S/D,S/D,II,S/D,S/D,S/D,S/D,S/D,S/D,S/D,Diurna,S/D,S/D,S/D,Colisión,S/D,S/D,S/D,S/D
2018,6574,2018-07-07,Sabado,0,18:00:00,Ruta Provincial 20,0.0,1,Moto/Ciclomotor, ,1,1,0,0,0,0,0,"-32.154201419812, -61.957291211802",Ruta,20,PIAMONTE,San Martín,Asfalto,Natural,XVIII,Dentro,Rural,Ninguna,No existe,Recta,Bueno,Buena,Atardecer,Buen Tiempo,S/D,S/D,Caída ocupante,Ninguna,"Horizontal,Vertical",Línea divisoria pintada,Sin restricción
2018,6575,2018-07-03,Martes,0,19:00:00,,0.0,2,"Moto/Ciclomotor,Automóvil",Av Pomillo Y J M Rosas,2,1,0,0,0,0,1,"-32.825701698452, -60.706196012777",Avenida,,CAPITÁN BERMÚDEZ,San Lorenzo,Asfalto,No existe,XVII,Dentro,Urbana,Ninguna,No existe,Intersección,Bueno,Buena,Nocturna,Buen Tiempo,De alcance,S/D,Colisión,Ninguna,Faltante,Ninguna,Sin restricción
2018,6576,2018-03-31,Sabado,0,22:30:00,,0.0,2,"Moto/Ciclomotor,Otros",Molina Y Gianneo,2,1,0,0,0,0,1,"-32.892918,-60.704793",Calle,,ROSARIO,Rosario,S/D,S/D,II,S/D,Urbana,S/D,S/D,S/D,S/D,S/D,Nocturna,S/D,S/D,S/D,Colisión,S/D,S/D,S/D,S/D
2018,6577,2018-07-03,Martes,0,07:20:00,,0.0,2,"Moto/Ciclomotor,Automóvil",Av Marmol Y J V Gonzalez,2,1,0,0,0,0,1,"-32.832922205120, -60.713963690084",Avenida,,CAPITÁN BERMÚDEZ,San Lorenzo,Asfalto,No existe,XVII,Dentro,Urbana,Ninguna,No existe,Intersección,Bueno,Buena,Amanecer,Otro,De alcance,S/D,Colisión,S/D,Faltante,Ninguna,S/D
2018,6578,2018-03-01,Jueves,0,18:30:00,,0.0,1,Moto/Ciclomotor, ,1,0,0,0,0,1,0,"-32.03202,-61.034",Camino Rural,,AROCENA,San Jerónimo,S/D,No existe,XV,S/D,Rural,Ninguna,No existe,Otro,S/D,Buena,Diurna,Buen Tiempo,S/D,S/D,Caída ocupante,S/D,Faltante,Ninguna,Sin restricción
2018,6579,2018-07-06,Viernes,0,10:00:00,,0.0,2,"Moto/Ciclomotor,Automóvil",Salta Y Bolivia,2,1,0,0,0,0,1,"-32.828888162761, -60.718051376623",Calle,,CAPITÁN BERMÚDEZ,San Lorenzo,Asfalto,No existe,XVII,Dentro,Urbana,Ninguna,No existe,Intersección,Bueno,Buena,Diurna,Buen Tiempo,De alcance,S/D,Colisión,Ninguna,Faltante,Ninguna,Sin restricción
2018,6580,2018-07-10,Martes,0,08:15:00,Ruta Nacional 11,0.0,4,"Automóvil,Moto/Ciclomotor,Transporte de Pasajeros Urbano (> 8 asientos),Moto/Ciclomotor",Av San Lorenzo Y Laprida,4,1,0,0,3,0,0,"-32.803106769710, -60.720250788015",Ruta,11,CAPITÁN BERMÚDEZ,San Lorenzo,Asfalto,No existe,XVII,Dentro,Urbana,Ninguna,No existe,Intersección,Bueno,Buena,Diurna,Buen Tiempo,Lateral,S/D,Colisión,Ninguna,Faltante,Ninguna,Sin restricción
2018,6581,2018-03-05,Lunes,0,22:15:00,,0.0,2,"Pickup/Utilitario,Moto/Ciclomotor",Warnes Y Herrera,4,1,0,0,2,1,0,"-32.89576,-60.69361",Calle,,ROSARIO,Rosario,Asfalto,No existe,II,Dentro,Urbana,Ninguna,No existe,Intersección,Bueno,S/D,Nocturna,S/D,Lateral,S/D,Colisión,Ninguna,Horizontal,Ninguna,Sin restricción
2018,6582,2018-03-11,Domingo,0,03:30:00,Ruta Provincial 1,85.0,1,Pickup/Utilitario, ,2,1,0,0,0,1,0,"-31.10986,-60.09803",Ruta,1,HELVECIA,Garay,S/D,Natural,VII,Dentro,Urbana,Ninguna,No existe,Curva,Bueno,Reducida,Nocturna,Buen Tiempo,Contra objeto fijo,S/D,"Colisión,Vuelco",Ninguna,Faltante,Ninguna,Sin restricción
2018,6583,2018-07-13,Viernes,0,19:10:00,,0.0,2,"Moto/Ciclomotor,Tracción animal / Carro", ,3,2,0,0,0,0,1,"-32.814189657360, -60.716592254919",Calle,,CAPITÁN BERMÚDEZ,San Lorenzo,S/D,S/D,XVII,Dentro,Urbana,S/D,No existe,Paso a Nivel FFCC,S/D,Buena,Atardecer,S/D,S/D,S/D,Colisión,Ninguna,Vertical,S/D,S/D
2018,6584,2018-03-09,Viernes,0,23:55:00,Ruta Nacional 9,0.0,1,Moto/Ciclomotor,Av. Eva Peron 8300,1,0,0,0,0,1,0,"-32.92754,-60.74138",Ruta,9,ROSARIO,Rosario,Asfalto,No existe,II,Dentro,Urbana,Ninguna,No existe,Recta,Bueno,Buena,Nocturna,Buen Tiempo,S/D,S/D,Caída ocupante,Ninguna,Faltante,Cordón divisorio,Sin restricción
2018,6585,2018-07-13,Viernes,0,23:00:00,Ruta Nacional 11,0.0,2,"Moto/Ciclomotor,Bicicleta",Av San Lorenzo Y Simon Bolivar,3,2,0,0,1,0,0,"-32.814940675884, -60.716667356771",Ruta,11,CAPITÁN BERMÚDEZ,San Lorenzo,Asfalto,No existe,XVII,Dentro,Urbana,Ninguna,No existe,Intersección,S/D,Buena,Nocturna,Buen Tiempo,S/D,Ciclista,Atropello,S/D,Faltante,Ninguna,Sin restricción
2018,6586,2018-03-03,Sabado,0,03:20:00,,0.0,1,Moto/Ciclomotor,Ayacucho Y Av Republica,1,0,0,0,0,1,0,"-32.02752,-61.21257",Calle,,GÁLVEZ,San Jerónimo,Asfalto,Pavimento,XV,Dentro,Urbana,Ninguna,No existe,Intersección,Bueno,Buena,Nocturna,Buen Tiempo,S/D,S/D,Caída ocupante,Ninguna,Faltante,Ninguna,Sin restricción
2018,6587,2018-07-02,Lunes,0,19:00:00,,0.0,2,"Automóvil,Moto/Ciclomotor",San Lorenzo Y Moreno,2,1,0,0,1,0,0,"-31.653012, -60.719396",Calle,,SANTA FE,La Capital,Asfalto,No existe,I,Dentro,Urbana,Ninguna,No existe,Intersección,Con baches,Buena,Atardecer,Buen Tiempo,Lateral,S/D,Colisión,Ninguna,Faltante,Ninguna,Sin restricción
2018,6588,2018-07-14,Sabado,0,05:30:00,,0.0,2,"Automóvil,Automóvil",Remedios de Escalada Y Centenario,2,1,0,0,0,0,1,"-32.819650634914, -60.717375459951",Calle,,CAPITÁN BERMÚDEZ,San Lorenzo,Asfalto,No existe,XVII,Dentro,Urbana,Señal Pare,No existe,Intersección,S/D,Buena,Nocturna,Buen Tiempo,De alcance,S/D,Colisión,S/D,Vertical,Ninguna,Sin restricción
2018,6589,2018-03-09,Viernes,0,17:00:00,Ruta Nacional 34,33.0,2,"Camión c / Acoplado,Camión c / Acoplado", ,2,0,0,0,1,1,0,"-32.72468,-61.00246",Ruta,34,LUIS PALACIOS,San Lorenzo,Asfalto,Natural,XVII,Dentro,Rural,Ninguna,No existe,Recta,Bueno,Buena,Diurna,Buen Tiempo,Frontal,S/D,Colisión,Ninguna,Horizontal,Línea divisoria pintada,Sin restricción
2018,6590,2018-07-17,Martes,0,10:00:00,Ruta Nacional 11,0.0,2,"Automóvil,Moto/Ciclomotor",Av San Lorenzo Y Pte Peron,2,1,0,0,1,0,0,"-32.822064623027, -60.714543047231",Ruta,11,CAPITÁN BERMÚDEZ,San Lorenzo,Asfalto,No existe,XVII,Dentro,Urbana,Ninguna,No existe,Intersección,Otro,Buena,Diurna,Buen Tiempo,De alcance,S/D,Colisión,Ninguna,Faltante,Ninguna,Sin restricción
2018,6591,2018-03-16,Viernes,0,20:30:00,Ruta Nacional 11,497.0,2,"Bicicleta,Automóvil", ,3,0,0,0,1,2,0,"-31.38225,-60.74845",Ruta,11,CANDIOTI,La Capital,Asfalto,Natural,I,Dentro,Rural,Ninguna,No existe,Recta,Bueno,Reducida,Nocturna,Buen Tiempo,S/D,Ciclista,Atropello,Ninguna,Horizontal,Línea divisoria pintada,Sin restricción
2018,6592,2018-07-03,Martes,0,16:50:00,Ruta Nacional 11,465.0,2,"Automóvil,Moto/Ciclomotor",Av Circunvalaci?n Y Intendente Manuel Irigoyen,2,1,0,0,1,0,0,"-31.663505, -60.732008",Ruta,11,SANTA FE,La Capital,Asfalto,Natural,I,Dentro,Urbana,Ninguna,No existe,Intersección,Bueno,Buena,Diurna,Buen Tiempo,Lateral,S/D,Colisión,Ninguna,Faltante,Ninguna,Sin restricción
2018,6593,2018-03-11,Domingo,0,05:50:00,,0.0,1,Automóvil,Gral Manuel Belgrano Y Martin de Pueyrredon,2,0,0,0,0,2,0,"-33.74315,-61.96906",Calle,,VENADO TUERTO,General López,Asfalto,No existe,VIII,Dentro,Urbana,Ninguna,No existe,Recta,Bueno,Buena,Amanecer,Buen Tiempo,Contra objeto fijo,S/D,Colisión,Ninguna,S/D,Ninguna,Sin restricción
2018,6594,2018-07-17,Martes,0,19:20:00,Ruta Nacional 11,0.0,2,"Automóvil,Moto/Ciclomotor",Av San Lorenzo Y Salta,2,1,0,0,0,0,1,"-32.828555568843, -60.712622585577",Ruta,11,CAPITÁN BERMÚDEZ,San Lorenzo,Asfalto,No existe,XVII,Dentro,Urbana,Ninguna,No existe,Recta,S/D,Buena,Diurna,Buen Tiempo,Otro,S/D,Colisión,Ninguna,Faltante,Ninguna,Sin restricción
2018,6595,2018-03-11,Domingo,0,08:00:00,Ruta Nacional 34,214.0,2,"Camión c / Semirremolque,Automóvil", ,3,1,0,0,1,1,0,"-31.3157,-61.52044",Ruta,34,SUSANA,Castellanos,Asfalto,Natural,V,Dentro,Rural,Ninguna,No existe,Recta,Bueno,Buena,Diurna,Buen Tiempo,De alcance,S/D,Colisión,S/D,S/D,Línea divisoria pintada,Sin restricción
2018,6596,2018-07-04,Miercoles,0,21:10:00,,0.0,2,"Moto/Ciclomotor,Pickup/Utilitario",Moreno Y Francia,2,1,0,0,1,0,0,"-31.652345, -60.716413",Calle,,SANTA FE,La Capital,Asfalto,No existe,I,Dentro,Urbana,Ninguna,No existe,Intersección,Bueno,Buena,Diurna,Buen Tiempo,Lateral,S/D,Colisión,Ninguna,Faltante,Ninguna,Sin restricción
2018,6597,2018-03-17,Sabado,0,03:00:00,Ruta Provincial 70,35.0,3,"Transporte de Pasajeros Larga Distancia (Doble Piso),Moto/Ciclomotor,Moto/Ciclomotor", ,4,2,0,0,1,1,0,"-31.40613,-61.05769",Ruta,70,HUMBOLDT,Las Colonias,Asfalto,Natural,XI,Dentro,Rural,Ninguna,No existe,Recta,Bueno,Buena,Nocturna,Buen Tiempo,"Lateral,Múltiple",S/D,Colisión,Ninguna,Faltante,Línea divisoria pintada,Accidente Previo
2018,6598,2018-07-31,Martes,0,17:25:00,Ruta Nacional 11,0.0,1,Moto/Ciclomotor, ,1,1,0,0,0,0,0,"-32.766490257401, -60.731332049510",Ruta,11,SAN LORENZO,San Lorenzo,S/D,No existe,XVII,Dentro,Urbana,S/D,S/D,S/D,S/D,S/D,Diurna,S/D,S/D,S/D,Caída ocupante,S/D,S/D,S/D,S/D
2018,6599,2018-07-09,Lunes,0,19:40:00,,0.0,2,"Moto/Ciclomotor,Automóvil",Av Gral Lopez Y San Lorenzo,2,1,0,0,1,0,0,"-31.655302, -60.720095",Avenida,,SANTA FE,La Capital,Asfalto,No existe,I,Dentro,Urbana,Ninguna,No existe,Intersección,Con baches,Reducida,Atardecer,Buen Tiempo,Lateral,S/D,Colisión,Ninguna,Faltante,Ninguna,Sin restricción
2018,6600,2018-03-17,Sabado,0,16:20:00,Ruta Nacional 8,328.0,1,Automóvil, ,2,1,0,0,0,1,0,"-33.8555,-61.64779",Ruta,8,SANTA ISABEL,General López,Asfalto,Natural,VIII,Fuera,Rural,Ninguna,No existe,Recta,S/D,Buena,Diurna,Buen Tiempo,S/D,S/D,Vuelco,Ninguna,Horizontal,Línea divisoria pintada,Sin restricción
2018,6601,2018-07-31,Martes,0,13:20:00,,0.0,2,"Automóvil,Moto/Ciclomotor",B de Astrada ,2,0,0,0,1,0,1,"-32.738912789474, -60.740927367212",Calle,,SAN LORENZO,San Lorenzo,S/D,No existe,XVII,Dentro,Urbana,S/D,S/D,S/D,S/D,S/D,Diurna,S/D,S/D,S/D,Colisión,S/D,S/D,Ninguna,S/D
2018,6602,2018-07-27,Viernes,0,07:50:00,,0.0,2,"Moto/Ciclomotor,Automóvil",Lisandro de la Torre Y Carlos Pellegrini,2,0,1,0,1,0,0,"-33.7535,-61.969972222222",Calle,,VENADO TUERTO,General López,Asfalto,No existe,VIII,Dentro,Urbana,Ninguna,No existe,Intersección,Bueno,Buena,Diurna,Buen Tiempo,Lateral,S/D,Colisión,Ninguna,S/D,Ninguna,Sin restricción
2018,6603,2018-03-19,Lunes,0,20:30:00,,0.0,2,"Moto/Ciclomotor,Moto/Ciclomotor",Cafferata Y Piedrabuena,3,0,2,0,0,1,0,"-31.57737,-60.7339",Calle,,SANTA FE,La Capital,Asfalto,No existe,I,Dentro,Urbana,Ninguna,No existe,Intersección,Con baches,Reducida,Nocturna,Buen Tiempo,Frontal,S/D,Colisión,Ninguna,Faltante,Ninguna,Sin restricción
2018,6604,2018-07-10,Martes,0,20:30:00,,0.0,2,"Automóvil,Peatón",Av Gral Lopez Y Francia,2,1,0,0,1,0,0,"-31.655725, -60.717479",Calle,,SANTA FE,La Capital,Asfalto,No existe,I,Dentro,Urbana,Ninguna,No existe,Intersección,Bueno,Buena,Nocturna,Buen Tiempo,S/D,Peatón,Atropello,Ninguna,Faltante,Ninguna,Sin restricción
2018,6605,2018-07-30,Lunes,0,07:20:00,Ruta Nacional 11,0.0,2,"Moto/Ciclomotor,Bicicleta",Av San Martin Y Belgrano,2,2,0,0,0,0,0,"-32.746787755141, -60.734157471658",Ruta,11,SAN LORENZO,San Lorenzo,Asfalto,No existe,XVII,Dentro,Urbana,Semáforo,Funciona,Intersección,S/D,S/D,Diurna,S/D,S/D,S/D,Atropello,S/D,Vertical,Cordón divisorio,Sin restricción
2018,6606,2018-07-02,Lunes,0,17:00:00,,0.0,2,"Automóvil,Moto/Ciclomotor",Gral Urquiza Y M S M de Balcarce,3,1,0,0,2,0,0,"-30.796805555556,-60.591277777778",Calle,,SAN JUSTO,San Justo,Hormigón,No existe,XVI,Dentro,Urbana,Ninguna,No existe,Intersección,Bueno,Buena,Diurna,Buen Tiempo,Lateral,S/D,Colisión,Ninguna,Vertical,Ninguna,Sin restricción
2018,6607,2018-03-20,Martes,0,15:50:00,,0.0,2,"Automóvil,Moto/Ciclomotor",Santiago del Estero Y Av Carlos A Poucel,2,0,0,0,1,1,0,"-32.741222, -60.738233",Calle,,SAN LORENZO,San Lorenzo,Asfalto,No existe,XVII,Dentro,Urbana,Ninguna,No existe,Intersección,Bueno,S/D,Diurna,S/D,Lateral,S/D,Colisión,Ninguna,Vertical,Ninguna,Sin restricción
2018,6608,2018-07-11,Miercoles,0,17:00:00,,0.0,2,"Automóvil,Moto/Ciclomotor",Av Gral Lopez 3500,2,1,0,0,1,0,0,"-31.655124, -60.721069",Avenida,,SANTA FE,La Capital,Asfalto,No existe,I,Dentro,Urbana,Semáforo,No existe,Recta,Bueno,Buena,Diurna,Buen Tiempo,De alcance,S/D,Colisión,Ninguna,"Horizontal,Vertical",Línea divisoria pintada,Sin restricción
2018,6609,2018-07-29,Domingo,0,19:00:00,,0.0,1,Moto/Ciclomotor,Belgrano 500,2,1,0,0,1,0,0,"-32.746792247709, -60.732371868107",Calle,,SAN LORENZO,San Lorenzo,Asfalto,No existe,XVII,Dentro,Urbana,Ninguna,No existe,Intersección,S/D,S/D,Diurna,S/D,S/D,S/D,Caída ocupante,S/D,Faltante,Ninguna,Sin restricción
2018,6610,2018-07-29,Domingo,0,18:40:00,Ruta Nacional 11,0.0,2,"Automóvil,Moto/Ciclomotor",Av San Martin Y 9 de Julio,4,1,0,0,3,0,0,"-32.738539157227, -60.733924427876",Ruta,11,SAN LORENZO,San Lorenzo,Asfalto,No existe,XVII,Dentro,Urbana,Ninguna,No existe,Intersección,S/D,S/D,Diurna,S/D,Lateral,S/D,Colisión,S/D,Faltante,Cordón divisorio,Sin restricción
2018,6611,2018-07-12,Jueves,0,21:30:00,,14.0,1,Automóvil, ,1,0,1,0,0,0,0,"-31.779642531570, -61.009510451063",S/D,,MATILDE,Las Colonias,Asfalto,Natural,XI,Fuera,Rural,Ninguna,No existe,Curva,Bueno,Buena,Nocturna,Buen Tiempo,S/D,S/D,Despiste,Ninguna,Vertical,Ninguna,Sin restricción
2018,6612,2018-07-16,Lunes,0,22:15:00,,0.0,2,"Moto/Ciclomotor,Pickup/Utilitario",San Jose Y J J Paso,2,1,0,0,1,0,0,"-31.660833, -60.726995",Calle,,SANTA FE,La Capital,Asfalto,No existe,I,Dentro,Urbana,Ninguna,No existe,Intersección,Bueno,Buena,Nocturna,Buen Tiempo,De alcance,S/D,Colisión,Ninguna,Faltante,Ninguna,Sin restricción
2018,6613,2018-07-17,Martes,0,13:50:00,,0.0,2,"Automóvil,Moto/Ciclomotor",Entre Rios Y San Lorenzo,2,1,0,0,1,0,0,"-31.658285, -60.721004",Calle,,SANTA FE,La Capital,Asfalto,No existe,I,Dentro,Urbana,Ninguna,No existe,Intersección,Con baches,Buena,Diurna,Lluvia,De alcance,S/D,Colisión,Ninguna,Faltante,Ninguna,Sin restricción