anio_acci,nro_acci,fecha,desc_dia,fecha_aprox,hora_aprox,desc_ruta,km,cant_participantes,desc_participante,calle_avenida_km,total,heridos_leves,heridos_graves,heridos_gravisimos,ilesos,fallecidos,sin_datos,posicion_XY,desc_tipo_via,desc_ruta_ori,desc_loc,desc_dpto,desc_tipo_calzada,desc_tipo_banquina,desc_unidad_regional,desc_lugar_calzada,desc_zona,desc_prioridad,desc_estado_semaforo,desc_lugar_via,desc_estado_via,desc_estado_visibilidad,desc_luminosidad,desc_estado_clima,desc_tipo_colision,desc_tipo_atropello,desc_tipo_hecho,desc_pres_calzada,desc_senializacion,desc_separacion_via,desc_restriccion
2018,6614,2018-07-19,Jueves,0,09:25:00,Ruta Nacional 11,464.0,2,"Automóvil,Moto/Ciclomotor", ,2,1,0,0,1,0,0,"-31.665397, -60.739106",Ruta,11,SANTA FE,La Capital,Asfalto,Pavimento,I,Dentro,Rural,Ninguna,No existe,Recta,Deteriorada,Buena,Diurna,Lluvia,Lateral,S/D,Colisión,Ninguna,Faltante,Línea divisoria pintada,Sin restricción
2018,6615,2018-07-20,Viernes,0,06:00:00,Ruta Nacional 11,0.0,2,"Automóvil,Moto/Ciclomotor",Av Freyre Y Corrientes,2,1,0,0,1,0,0,"-31.651682, -60.720336",Ruta,11,SANTA FE,La Capital,Asfalto,No existe,I,Dentro,Urbana,Semáforo,No existe,Intersección,Bueno,Buena,Nocturna,Buen Tiempo,Lateral,S/D,Colisión,Ninguna,"Horizontal,Vertical",Línea divisoria pintada,Sin restricción
2018,6616,2018-07-23,Lunes,0,16:45:00,,0.0,2,"Moto/Ciclomotor,Automóvil",Monse?or Zaspe Y San Jose,2,1,0,0,1,0,0,"-31.653335, -60.725199",Calle,,SANTA FE,La Capital,Asfalto,No existe,I,Dentro,Urbana,Ninguna,No existe,Intersección,"Con baches,Deteriorada",Buena,Diurna,Buen Tiempo,De alcance,S/D,Colisión,Ninguna,Faltante,Ninguna,Sin restricción
2018,6617,2018-07-30,Lunes,0,18:15:00,,0.0,2,"Peatón,Moto/Ciclomotor",Raul Alberto Tacca Y Cristobal Colon,2,1,0,0,1,0,0,"-31.671732, -60.723555",Calle,,SANTA FE,La Capital,Asfalto,No existe,I,Dentro,Urbana,Ninguna,No existe,Intersección,Bueno,Buena,Nocturna,Buen Tiempo,S/D,Peatón,Atropello,Ninguna,Faltante,Ninguna,Sin restricción
2018,6618,2018-07-26,Jueves,0,13:30:00,,0.0,1,Moto/Ciclomotor,Bolivar Y Vera Mujica,1,1,0,0,0,0,0,"-31.664077, -60.723918",Calle,,SANTA FE,La Capital,Asfalto,No existe,I,Dentro,Urbana,Ninguna,No existe,Intersección,Bueno,Buena,Diurna,Buen Tiempo,S/D,S/D,Caída ocupante,Ninguna,Faltante,Ninguna,Sin restricción
2018,6619,2018-07-14,Sabado,0,18:25:00,Ruta Secundaria 101-s,0.0,2,"Moto/Ciclomotor,Automóvil",Avenida Tristan Malbran Y Moreno,2,0,1,0,1,0,0,"-29.880758, -61.946788",Ruta,101-s,CERES,San Cristóbal,Asfalto,No existe,XIII,Dentro,Urbana,Ninguna,No existe,Intersección,Bueno,Buena,Diurna,Buen Tiempo,Lateral,S/D,Colisión,Ninguna,Horizontal,Ninguna,Sin restricción
2018,6620,2018-07-24,Martes,0,14:40:00,Ruta Nacional 34,383.0,1,Moto/Ciclomotor, ,1,1,0,0,0,0,0,"-29.910664, -61.919640",Ruta,34,CERES,San Cristóbal,Asfalto,Ripio,I,Fuera,Urbana,Marca Vial,No existe,Recta,"Con baches,Ahuellamiento",Buena,Diurna,Buen Tiempo,S/D,S/D,Caída ocupante,Material Suelto,"Horizontal,Vertical",Línea divisoria pintada,Sin restricción
2018,6621,2018-07-29,Domingo,0,,Ruta Provincial 17,3.0,1,Pickup/Utilitario, ,2,1,0,0,1,0,0,"-29.859615, -61.914610",Ruta,17,CERES,San Cristóbal,Asfalto,Ripio,XIII,Dentro,Urbana,Marca Vial,No existe,Recta,Bueno,Buena,"Nocturna,Con luz artificial",Buen Tiempo,S/D,S/D,Vuelco,Ninguna,"Horizontal,Vertical",Línea divisoria pintada,Sin restricción
2018,6622,2018-06-24,Domingo,0,,,0.0,2,"Taxi/Remis,Vehículo Oficial", ,3,2,0,0,1,0,0,"-31.44897, -60.93039",S/D,,ESPERANZA,Las Colonias,S/D,S/D,XI,S/D,S/D,S/D,S/D,S/D,S/D,S/D,S/D,S/D,S/D,S/D,S/D,S/D,S/D,S/D,S/D
2018,6623,2018-06-16,Sabado,0,,,0.0,1,Automóvil, ,1,1,0,0,0,0,0,"-32.02933, -61.22105",S/D,,GÁLVEZ,San Jerónimo,S/D,S/D,XV,S/D,S/D,S/D,S/D,S/D,S/D,S/D,S/D,S/D,S/D,S/D,Despiste,S/D,S/D,S/D,S/D
2018,6624,2018-06-24,Domingo,0,,,0.0,2,"Moto/Ciclomotor,Automóvil",CAPITÁN BERMÚDEZ Y Falucho,2,1,0,0,1,0,0,"-32.022166666667,-61.220805555556",S/D,,GÁLVEZ,San Jerónimo,S/D,S/D,XV,S/D,Urbana,S/D,S/D,S/D,S/D,S/D,S/D,S/D,S/D,S/D,S/D,S/D,S/D,S/D,S/D
2018,6625,2018-06-24,Domingo,0,,,0.0,2,"Pickup/Utilitario,Moto/Ciclomotor",Carlos Avale Y Mitre,2,1,0,0,1,0,0,"-32.36912, -61.35736",S/D,,SAN GENARO,San Jerónimo,S/D,S/D,XV,S/D,S/D,S/D,S/D,S/D,S/D,S/D,S/D,S/D,S/D,S/D,S/D,S/D,S/D,S/D,S/D
2018,6626,2018-06-24,Domingo,0,,,0.0,1,Moto/Ciclomotor,Pedro B Palacios 1100,2,1,0,0,1,0,0,"-32.027861111111,-61.205777777778",S/D,,GÁLVEZ,San Jerónimo,S/D,S/D,XV,S/D,S/D,S/D,S/D,S/D,S/D,S/D,S/D,S/D,S/D,S/D,Despiste,S/D,S/D,S/D,S/D
2018,6627,2018-06-24,Domingo,0,06:35:00,,0.0,1,Moto/Ciclomotor,Sambarino ,1,1,0,0,0,0,0,"-29.46596, -60.20897",S/D,,VERA,Vera,S/D,S/D,XIX,S/D,S/D,S/D,S/D,S/D,S/D,S/D,S/D,S/D,S/D,S/D,S/D,S/D,S/D,S/D,S/D
2018,6628,2018-06-24,Domingo,0,06:30:00,,0.0,3,"Pickup/Utilitario,Automóvil,Automóvil", ,3,2,0,1,0,0,0,"-31.49468, -60.73314",S/D,,RECREO,La Capital,S/D,S/D,I,S/D,S/D,S/D,S/D,S/D,S/D,S/D,S/D,S/D,S/D,S/D,S/D,S/D,S/D,S/D,S/D
2018,6629,2018-06-25,Lunes,0,,,0.0,2,"Automóvil,Moto/Ciclomotor",Pj. 3 ,2,1,0,0,1,0,0,"-32.9587, -60.69303",S/D,,ROSARIO,Rosario,S/D,S/D,II,S/D,S/D,S/D,S/D,S/D,S/D,S/D,S/D,S/D,S/D,S/D,S/D,S/D,S/D,S/D,S/D
2018,6630,2018-07-28,Sabado,0,20:30:00,,0.0,2,"Automóvil,Bicicleta",Av Carlos A Poucel ,2,1,0,0,1,0,0,"-32.737218105287, -60.737892994460",Avenida,,SAN LORENZO,San Lorenzo,S/D,No existe,XVII,Dentro,Urbana,S/D,No existe,S/D,S/D,S/D,Nocturna,S/D,S/D,Ciclista,Atropello,S/D,S/D,S/D,S/D
2018,6631,2018-07-28,Sabado,0,20:10:00,,0.0,2,"Automóvil,Bicicleta",Dorrego Y Salta,2,1,0,0,1,0,0,"-32.744866893547, -60.737250011949",Calle,,SAN LORENZO,San Lorenzo,Hormigón,No existe,XVII,Dentro,Urbana,Ninguna,No existe,Intersección,S/D,S/D,Nocturna,S/D,S/D,Ciclista,Atropello,S/D,Faltante,Ninguna,Sin restricción
2018,6632,2018-03-21,Miercoles,0,22:30:00,Autopista Provincial Brigadier E.López,54.0,2,"Camión c / Acoplado,Automóvil", ,2,0,0,0,1,1,0,"-32.43054,-60.92588",Autopista,Brigadier E.López,MACIEL,San Jerónimo,Asfalto,Natural,XV,Dentro,Rural,Ninguna,No existe,Recta,Bueno,Reducida,Nocturna,Buen Tiempo,De alcance,S/D,Colisión,Ninguna,Vertical,"Vegetación,Línea divisoria pintada",Sin restricción
2018,6633,2018-07-28,Sabado,0,12:00:00,Ruta Nacional 11,0.0,2,"Automóvil,Moto/Ciclomotor",Av San Martin Y San Juan,5,2,0,0,1,0,2,"-32.751454398888, -60.734299582033",Ruta,11,SAN LORENZO,San Lorenzo,Hormigón,No existe,XVII,Dentro,Urbana,Ninguna,No existe,Intersección,S/D,S/D,Diurna,S/D,S/D,S/D,Colisión,S/D,Faltante,Cordón divisorio,Sin restricción
2018,6634,2018-03-24,Sabado,0,03:00:00,Ruta Nacional 34,249.0,2,"Moto/Ciclomotor,Automóvil", ,2,0,0,0,1,1,0,"-31.01064,-61.47391",Ruta,34,ATALIVA,Castellanos,Asfalto,Natural,V,Dentro,Rural,Ninguna,S/D,Recta,Bueno,Buena,Nocturna,Buen Tiempo,De alcance,S/D,Colisión,Ninguna,Horizontal,Línea divisoria pintada,Sin restricción
2018,6635,2018-07-22,Domingo,0,08:00:00,Ruta Nacional 11,0.0,3,"Automóvil,Automóvil,Automóvil",Av San Martin Y D Gurel,3,2,0,0,0,0,1,"-32.776263960424, -60.728361918926",Ruta,11,SAN LORENZO,San Lorenzo,Hormigón,No existe,XVII,Dentro,Urbana,Semáforo,Funciona,Intersección,S/D,S/D,Diurna,S/D,S/D,S/D,Colisión,S/D,Vertical,Ninguna,Sin restricción
2018,6636,2018-03-28,Miercoles,0,23:20:00,Ruta Nacional 11,672.0,2,"Camión c / Acoplado,Automóvil", ,3,1,0,0,1,1,0,"-29.90503,-60.29013",Ruta,11,CALCHAQUÍ,Vera,Asfalto,Natural,XIX,Dentro,Rural,Ninguna,No existe,Curva,Bueno,Buena,Nocturna,Buen Tiempo,Frontal,S/D,Colisión,Ninguna,S/D,S/D,Sin restricción
2018,6637,2018-07-24,Martes,0,21:30:00,,0.0,2,"Automóvil,Automóvil",Irigoyen Y Urquiza,2,0,0,0,0,0,2,"-32.747682341161, -60.736301257610",Avenida,,SAN LORENZO,San Lorenzo,Hormigón,No existe,XVII,Dentro,Urbana,Semáforo,Funciona,Intersección,S/D,S/D,Nocturna,S/D,S/D,S/D,Colisión,S/D,Vertical,Cordón divisorio,Sin restricción
2018,6638,2018-03-29,Jueves,0,02:30:00,Ruta Nacional 34,237.0,3,"Automóvil,Camión c / Acoplado,Camión c / Acoplado", ,6,2,0,0,2,2,0,"-31.19425,-61.49295",Ruta,34,RAFAELA,Castellanos,Asfalto,Ripio,V,Dentro,Rural,Otra Señal,No existe,Paso a Nivel FFCC,Bueno,Buena,Nocturna,Buen Tiempo,"De alcance,Múltiple",S/D,Colisión,Ninguna,"Horizontal,Vertical",Ninguna,Sin restricción
2018,6639,2018-07-23,Lunes,0,07:35:00,,0.0,2,"Bicicleta,Automóvil",Urquiza Y Irigoyen,2,1,0,0,0,0,1,"-32.747682341161, -60.736301257610",Avenida,,SAN LORENZO,San Lorenzo,Hormigón,No existe,XVII,Dentro,Urbana,Semáforo,Funciona,Intersección,S/D,S/D,Diurna,S/D,S/D,Ciclista,Atropello,S/D,Vertical,Cordón divisorio,Sin restricción
2018,6640,2018-07-18,Miercoles,0,14:05:00,,0.0,2,"Taxi/Remis,Moto/Ciclomotor",General Lopez Y Moreno,2,1,0,0,1,0,0,"-32.752337784160, -60.735390054199",Calle,,SAN LORENZO,San Lorenzo,Hormigón,No existe,XVII,Dentro,Urbana,Ninguna,No existe,Intersección,S/D,S/D,Diurna,S/D,Lateral,S/D,Colisión,S/D,Faltante,Ninguna,Sin restricción
2018,6641,2018-04-01,Domingo,0,13:50:00,Autopista Provincial Brigadier E.López,46.0,2,"Moto/Ciclomotor,Automóvil", ,4,0,0,0,3,1,0,"-32.55211,-60.88425",Autopista,Brigadier E.López,OLIVEROS,Iriondo,Asfalto,Pavimento,X,Dentro,Rural,S/D,No existe,Curva,S/D,S/D,Diurna,S/D,Frontal,S/D,Colisión,S/D,S/D,Vegetación,S/D
2018,6642,2018-07-18,Miercoles,0,10:45:00,,0.0,1,Moto/Ciclomotor,General Lopez Y Luis Borghi,1,1,0,0,0,0,0,"-32.755652994502, -60.735486613723",Calle,,SAN LORENZO,San Lorenzo,Hormigón,No existe,XVII,Dentro,Urbana,Semáforo,Funciona,Intersección,S/D,S/D,Diurna,S/D,S/D,S/D,Caída ocupante,S/D,Vertical,Ninguna,Sin restricción
2018,6643,2018-07-18,Miercoles,0,,,0.0,2,"Automóvil,Moto/Ciclomotor",General Lopez ,3,2,0,0,1,0,0,"-32.753753990519, -60.735443698379",Calle,,SAN LORENZO,San Lorenzo,Hormigón,No existe,XVII,Dentro,Urbana,S/D,S/D,S/D,S/D,S/D,S/D,S/D,S/D,S/D,Colisión,S/D,S/D,Ninguna,Sin restricción
2018,6644,2018-03-29,Jueves,0,04:50:00,Ruta Provincial 18,23.0,2,"Pickup/Utilitario,Camión c / Acoplado", ,6,1,1,0,2,2,0,"-33.27753,-60.77325",Ruta,18,CARMEN DEL SAUCE,Rosario,Asfalto,Natural,II,Dentro,Rural,Marca Vial,No existe,Recta,Bueno,Reducida,Nocturna,Niebla,Frontal,S/D,Colisión,Ninguna,Faltante,Línea divisoria pintada,Sin restricción
2018,6645,2018-07-20,Viernes,0,13:35:00,,0.0,2,"Moto/Ciclomotor,Automóvil",Caseros 1378,2,1,0,0,1,0,0,"-30.307972, -61.232981",Calle,,SAN CRISTÓBAL,San Cristóbal,Asfalto,No existe,XIII,Dentro,Urbana,Ninguna,No existe,Recta,Bueno,Buena,Diurna,Buen Tiempo,Otro,S/D,Colisión,Ninguna,Vertical,Ninguna,Sin restricción
2018,6646,2018-08-17,Viernes,0,08:15:00,,0.0,1,Moto/Ciclomotor,Republica de Chile 1600,1,1,0,0,0,0,0,"-32.752891726979, -60.746398741849",S/D,,SAN LORENZO,San Lorenzo,Tierra,No existe,XVII,S/D,S/D,Ninguna,No existe,Intersección,S/D,S/D,Diurna,S/D,S/D,S/D,Caída ocupante,S/D,Faltante,Ninguna,Sin restricción
2018,6647,2018-07-16,Lunes,0,08:55:00,,0.0,2,"Automóvil,Peatón",San Juan Y Ferrocarril Belgrano,2,1,0,0,1,0,0,"-32.751762583639, -60.740022691769",Avenida,,SAN LORENZO,San Lorenzo,Hormigón,No existe,XVII,Dentro,Urbana,Ninguna,No existe,Paso a Nivel FFCC,S/D,S/D,Diurna,S/D,S/D,Peatón,Atropello,S/D,Faltante,Ninguna,Sin restricción
2018,6648,2018-07-17,Martes,0,19:10:00,,0.0,2,"Moto/Ciclomotor,Moto/Ciclomotor",Hipolito Irigoyen 1200,2,1,1,0,0,0,0,"-30.304906, -61.239806",Calle,,SAN CRISTÓBAL,San Cristóbal,Tierra,No existe,XIII,Dentro,Urbana,Ninguna,No existe,Recta,Bueno,Buena,Nocturna,Buen Tiempo,Frontal,S/D,Colisión,Material Suelto,Faltante,Ninguna,Sin restricción
2018,6649,2018-03-30,Viernes,0,01:30:00,Ruta Nacional 33,0.0,2,"Pickup/Utilitario,Moto/Ciclomotor",ACCESO A LA LOCALIDAD ,2,0,0,0,1,1,0,"-34.00765,-62.25062",Ruta,33,SANCTI SPÍRITU,General López,Asfalto,S/D,VIII,Dentro,Urbana,Ninguna,S/D,Recta,Bueno,S/D,Nocturna,Buen Tiempo,S/D,S/D,Colisión,Ninguna,Faltante,Ninguna,Sin restricción
2018,6650,2018-03-30,Viernes,0,01:50:00,Ruta Nacional 95,820.0,1,Automóvil, ,6,3,1,0,1,1,0,"-28.88313,-61.57078",Ruta,95,POZO BORRADO,9 de Julio,Asfalto,Natural,XII,Fuera,Rural,Ninguna,No existe,Recta,Bueno,Buena,Nocturna,Buen Tiempo,S/D,S/D,Vuelco,Ninguna,Faltante,Ninguna,Sin restricción
2018,6651,2018-07-14,Sabado,0,22:10:00,,0.0,2,"Moto/Ciclomotor,Transporte de Pasajeros (H/ 8 asientos)",Dorrego Y Catamarca,3,2,0,0,1,0,0,"-32.754444925965, -60.737468350287",Calle,,SAN LORENZO,San Lorenzo,Hormigón,No existe,XVII,Dentro,Urbana,Señal Pare,No existe,Intersección,S/D,S/D,Nocturna,S/D,S/D,S/D,Colisión,S/D,Vertical,Ninguna,Sin restricción
2018,6652,2018-03-29,Jueves,0,19:30:00,Ruta Nacional 11,364.0,2,"Moto/Ciclomotor,Automóvil", ,2,1,0,0,0,1,0,"-32.46754,-60.88723",Ruta,11,OLIVEROS,Iriondo,Asfalto,Natural,X,Dentro,Rural,Ninguna,No existe,Recta,Bueno,Buena,Nocturna,Buen Tiempo,De alcance,S/D,Colisión,Ninguna,Faltante,Línea divisoria pintada,Sin restricción
2018,6653,2018-07-29,Domingo,0,20:11:00,,0.0,2,"Automóvil,Moto/Ciclomotor",Gonzalez Y C Murrieta,3,0,1,0,2,0,0,"-30.315869175904, -61.225442639185",Calle,,SAN CRISTÓBAL,San Cristóbal,Tierra,No existe,XIII,Dentro,Urbana,Ninguna,No existe,Intersección,Bueno,Buena,Nocturna,Buen Tiempo,Lateral,S/D,Colisión,Material Suelto,Faltante,Ninguna,Sin restricción
2018,6654,2018-03-30,Viernes,0,05:50:00,Autopista Nacional Rosario -Cordoba,391.0,1,Automóvil, ,2,1,0,0,0,1,0,"-32.7999,-61.6619",Autopista,Rosario -Córdoba,TORTUGAS,Belgrano,Hormigón,Pavimento,III,Fuera,Rural,Marca Vial,No existe,Recta,Bueno,Buena,Nocturna,Buen Tiempo,S/D,S/D,Vuelco,Ninguna,Horizontal,Vegetación,Sin restricción
2018,6655,2018-03-31,Sabado,0,23:00:00,,0.0,1,Moto/Ciclomotor,Junin Y Mar del Plata,1,0,0,0,0,1,0,"-32.92677,-60.68193",Calle,,ROSARIO,Rosario,Asfalto,No existe,II,Dentro,Urbana,Ninguna,No existe,Intersección,Bueno,Buena,Nocturna,S/D,Atropello animal,S/D,Colisión,Ninguna,Faltante,Ninguna,Sin restricción
2018,6656,2018-07-07,Sabado,0,06:00:00,,0.0,2,"Moto/Ciclomotor,Pickup/Utilitario",Bv Mariano Moreno 300,2,0,1,0,1,0,0,"-30.321161, -61.229423",Avenida,,SAN CRISTÓBAL,San Cristóbal,Asfalto,No existe,XIII,Dentro,Urbana,Ninguna,No existe,Recta,Bueno,Buena,"Nocturna,Con luz artificial",Buen Tiempo,Frontal,S/D,Colisión,Ninguna,Faltante,Ninguna,Sin restricción
2018,6657,2018-07-13,Viernes,0,17:15:00,,0.0,2,"Bicicleta,Automóvil",Paraiso Y Rivadavia,2,0,0,0,1,0,1,"-32.750519310442, -60.737433659122",Calle,,SAN LORENZO,San Lorenzo,"Hormigón,Tierra",No existe,XVII,Dentro,Urbana,Ninguna,No existe,Intersección,S/D,S/D,Diurna,S/D,S/D,Ciclista,Atropello,S/D,Faltante,Ninguna,Sin restricción
2018,6658,2018-07-12,Jueves,0,,,0.0,2,"Automóvil,Automóvil",Santiago del Estero Y Uriburu,3,2,0,0,1,0,0,"-32.741152164711, -60.740395565527",Calle,,SAN LORENZO,San Lorenzo,Hormigón,No existe,XVII,Dentro,Urbana,Ninguna,No existe,Intersección,S/D,S/D,S/D,S/D,Lateral,S/D,Colisión,S/D,Faltante,Ninguna,Sin restricción
2018,6659,2018-04-03,Martes,0,12:40:00,,0.0,1,Pickup/Utilitario,Bv Iriondo ,1,0,0,0,0,1,0,"-32.7747,-60.78348",Camino Rural,,RICARDONE,San Lorenzo,Tierra,No existe,XVII,Fuera,Rural,S/D,No existe,Recta,Bueno,Buena,Diurna,Buen Tiempo,S/D,S/D,Vuelco,Ninguna,Vertical,S/D,S/D
2018,6660,2018-07-08,Domingo,0,00:20:00,Ruta Nacional 11,0.0,2,"Pickup/Utilitario,Moto/Ciclomotor",Av San Martin Y Dr Ghio,2,1,0,0,1,0,0,"-32.749649402871, -60.734215755956",Ruta,11,SAN LORENZO,San Lorenzo,Asfalto,No existe,XVII,Dentro,Urbana,Ninguna,No existe,Intersección,S/D,S/D,Nocturna,S/D,S/D,S/D,Colisión,S/D,Faltante,Cordón divisorio,Sin restricción
2018,6661,2018-07-04,Miercoles,0,13:40:00,,0.0,2,"Automóvil,Automóvil",Av Freyre Y Salta,2,1,0,0,1,0,0,"-31.647985, -60.719034",Calle,,SANTA FE,La Capital,Asfalto,No existe,I,Dentro,Urbana,Paso Peatonal,No existe,Recta,Bueno,Buena,Diurna,Buen Tiempo,Otro,S/D,Colisión,Ninguna,"Horizontal,Vertical","Cordón divisorio,Vegetación,Línea divisoria pintada",Sin restricción
2018,6662,2018-07-04,Miercoles,0,15:50:00,,0.0,2,"Bicicleta,Automóvil",Av Urquiza Y Primera Junta,2,1,0,0,1,0,0,"-31.646375, -60.713303",Calle,,SANTA FE,La Capital,Asfalto,No existe,I,Dentro,Urbana,Semáforo,Funciona,Recta,Bueno,Buena,Diurna,Buen Tiempo,Otro,S/D,Colisión,Ninguna,"Horizontal,Vertical",Línea divisoria pintada,Sin restricción
2018,6663,2018-04-03,Martes,0,16:50:00,,0.0,2,"Camión c / Acoplado,Moto/Ciclomotor",L de la Torre Y Moreno,2,0,0,0,1,1,0,"-29.4643,-60.214",Calle,,VERA,Vera,Asfalto,No existe,XIX,Dentro,Urbana,Otra Señal,No existe,Intersección,Bueno,Buena,Diurna,Buen Tiempo,Lateral,S/D,Colisión,Ninguna,Faltante,Ninguna,Sin restricción
2018,6664,2018-07-04,Miercoles,0,15:50:00,Ruta Nacional 11,0.0,2,"Peatón,Automóvil",Primera Junta Y Av Freyre,3,1,0,0,2,0,0,"-31.645084, -60.718216",Ruta,11,SANTA FE,La Capital,Asfalto,No existe,I,Dentro,Urbana,Semáforo,Funciona,Recta,Bueno,Buena,Atardecer,Buen Tiempo,S/D,Peatón,Atropello,Ninguna,Vertical,Ninguna,Sin restricción
2018,6665,2018-07-05,Jueves,0,10:30:00,Ruta Nacional 11,0.0,2,"Automóvil,Moto/Ciclomotor",Av Freyre Y Primera Junta,2,1,0,0,1,0,0,"-31.645084, -60.718216",Ruta,11,SANTA FE,La Capital,Asfalto,Pavimento,I,Dentro,Urbana,Semáforo,Funciona,Intersección,Bueno,Buena,Diurna,Buen Tiempo,Otro,S/D,Colisión,Ninguna,Vertical,"Cordón divisorio,Vegetación",Sin restricción
2018,6667,2018-03-04,Domingo,0,08:10:00,Autopista Provincial Brigadier E.López,14.0,2,"Automóvil,Camión c / Semirremolque", ,3,1,0,0,1,1,0,"-32.7669,-60.75124",Autopista,Brigadier E.López,SAN LORENZO,San Lorenzo,Asfalto,S/D,XVII,Dentro,Rural,Ninguna,S/D,Recta,Bueno,S/D,Diurna,S/D,De alcance,S/D,Colisión,Ninguna,S/D,Línea divisoria pintada,Sin restricción
2018,6668,2018-07-06,Viernes,0,07:40:00,,0.0,2,"Peatón,Pickup/Utilitario",Naciones Unidas Y Bv Pellegrini,2,0,1,0,1,0,0,"-31.632019, -60.720328",Avenida,,SANTA FE,La Capital,Asfalto,No existe,I,Dentro,Urbana,Semáforo,Funciona,Recta,Bueno,Buena,Diurna,Buen Tiempo,S/D,Peatón,Atropello,Ninguna,Vertical,Cordón divisorio,Sin restricción
2018,6670,2018-07-06,Viernes,0,16:05:00,,0.0,2,"Bicicleta,Automóvil",Santiago de Chile Y Mendoza,2,1,0,0,1,0,0,"-31.644872, -60.724054",Calle,,SANTA FE,La Capital,Asfalto,No existe,I,Dentro,Urbana,Semáforo,Funciona,Recta,Bueno,Buena,Atardecer,Buen Tiempo,S/D,Ciclista,Atropello,Ninguna,Vertical,Ninguna,Sin restricción
2018,6671,2018-07-06,Viernes,0,19:20:00,,0.0,2,"Moto/Ciclomotor,Automóvil",Roque Saenz Pe?a Y Tucuman,2,1,0,0,1,0,0,"-31.642363, -60.724714",Calle,,SANTA FE,La Capital,Asfalto,No existe,I,Dentro,Urbana,Semáforo,Funciona,Recta,Bueno,Buena,Atardecer,Buen Tiempo,S/D,S/D,Colisión,Ninguna,Vertical,Ninguna,Sin restricción
2018,6672,2018-07-01,Domingo,1,,,0.0,1,Pickup/Utilitario, ,5,1,0,0,4,0,0,"-28.845550150269, -59.500737058131",S/D,,LAS GARZAS,General Obligado,S/D,S/D,IX,S/D,S/D,S/D,S/D,S/D,S/D,S/D,S/D,S/D,S/D,S/D,Colisión,S/D,S/D,S/D,S/D
2018,6673,2018-04-07,Sabado,0,04:50:00,Ruta Nacional 11,0.0,2,"Automóvil,Moto/Ciclomotor",Av San Lorenzo Y Maipu,5,3,0,0,1,1,0,"-32.80966,-60.71829",Ruta,11,CAPITÁN BERMÚDEZ,San Lorenzo,Asfalto,Pavimento,XVII,Dentro,Urbana,S/D,S/D,Intersección,Bueno,Buena,Nocturna,Buen Tiempo,S/D,S/D,Colisión,S/D,S/D,S/D,S/D
2018,6674,2018-07-08,Domingo,0,,Ruta Nacional 11,0.0,2,"Automóvil,Moto/Ciclomotor",La Rioja Y Av Freyre,2,1,0,0,1,0,0,"-31.642985, -60.717653",Ruta,11,SANTA FE,La Capital,Asfalto,No existe,I,Dentro,Urbana,Semáforo,Funciona,Recta,Bueno,Buena,Nocturna,Buen Tiempo,S/D,S/D,Colisión,Ninguna,"Horizontal,Vertical","Cordón divisorio,Vegetación,Línea divisoria pintada",Sin restricción
2018,6675,2018-07-10,Martes,0,23:15:00,,0.0,2,"Moto/Ciclomotor,Automóvil",Vera Y Santiago de Chile,3,2,0,0,1,0,0,"-31.640151, -60.722566",Calle,,SANTA FE,La Capital,Asfalto,No existe,I,Dentro,Urbana,Ninguna,Funciona,Recta,Bueno,Buena,Nocturna,Buen Tiempo,S/D,S/D,Colisión,Ninguna,Vertical,Ninguna,Sin restricción
2018,6676,2018-07-11,Miercoles,0,20:35:00,,0.0,2,"Moto/Ciclomotor,Automóvil",Mendoza Y Dr Zavalla,2,1,0,0,1,0,0,"-31.645880, -60.720071",Calle,,SANTA FE,La Capital,Asfalto,No existe,I,Dentro,Urbana,Ninguna,Funciona,Recta,Bueno,Buena,Nocturna,Buen Tiempo,S/D,S/D,Colisión,Ninguna,Vertical,Ninguna,Sin restricción
2018,6677,2018-09-16,Domingo,0,,,0.0,2,"Moto/Ciclomotor,Pickup/Utilitario",Rivadavia Y Catamarca,2,1,0,0,1,0,0,"-31.893746678069, -61.856949002815",Calle,,SAN JORGE,San Martín,S/D,S/D,XVIII,S/D,Urbana,S/D,S/D,Intersección,S/D,S/D,S/D,S/D,S/D,S/D,Colisión,S/D,S/D,S/D,S/D
2018,6678,2018-06-25,Lunes,0,,,0.0,2,"Moto/Ciclomotor,Automóvil",Ituzaingo-Calle 72 Y Calle 3,4,2,1,0,1,0,0,"-31.430777777778,-62.064805555556",S/D,,FRONTERA,Castellanos,S/D,S/D,V,S/D,S/D,S/D,S/D,S/D,S/D,S/D,S/D,S/D,S/D,S/D,S/D,S/D,S/D,S/D,S/D
2018,6679,2018-06-25,Lunes,0,17:35:00,,0.0,2,"Moto/Ciclomotor,Automóvil",F.M.Esquiu Y Solis,2,1,0,0,1,0,0,"-32.922888888889,-60.704083333333",S/D,,ROSARIO,Rosario,S/D,S/D,II,S/D,S/D,S/D,S/D,S/D,S/D,S/D,S/D,S/D,S/D,S/D,S/D,S/D,S/D,S/D,S/D
2018,6680,2018-06-09,Sabado,0,,,0.0,2,"Moto/Ciclomotor,Automóvil",Sargento Cabral Y Hipolito Irigoyen,3,2,0,0,1,0,0,"-31.899175469115, -61.849953801704",Calle,,SAN JORGE,San Martín,S/D,S/D,XVIII,S/D,Urbana,S/D,S/D,Intersección,S/D,S/D,S/D,S/D,S/D,S/D,Colisión,S/D,S/D,S/D,S/D
2018,6681,2018-06-24,Domingo,0,06:10:00,Ruta Provincial 80,0.0,2,"Moto/Ciclomotor,Automóvil",MILLS ENRIQUE ,4,2,0,0,2,0,0,"-32.01804, -61.19564",Ruta,80,GÁLVEZ,San Jerónimo,S/D,S/D,XV,S/D,S/D,S/D,S/D,S/D,S/D,S/D,S/D,S/D,S/D,S/D,S/D,S/D,S/D,S/D,S/D