anio_acci,nro_acci,fecha,desc_dia,fecha_aprox,hora_aprox,desc_ruta,km,cant_participantes,desc_participante,calle_avenida_km,total,heridos_leves,heridos_graves,heridos_gravisimos,ilesos,fallecidos,sin_datos,posicion_XY,desc_tipo_via,desc_ruta_ori,desc_loc,desc_dpto,desc_tipo_calzada,desc_tipo_banquina,desc_unidad_regional,desc_lugar_calzada,desc_zona,desc_prioridad,desc_estado_semaforo,desc_lugar_via,desc_estado_via,desc_estado_visibilidad,desc_luminosidad,desc_estado_clima,desc_tipo_colision,desc_tipo_atropello,desc_tipo_hecho,desc_pres_calzada,desc_senializacion,desc_separacion_via,desc_restriccion
2018,6682,2018-06-09,Sabado,0,,,0.0,2,"Moto/Ciclomotor,Pickup/Utilitario",Manuel Belgrano Y Berlin,2,1,0,0,1,0,0,"-32.189197365477, -61.707753808571",Calle,,EL TRÉBOL,San Martín,Asfalto,S/D,XVIII,S/D,Urbana,S/D,S/D,Intersección,S/D,S/D,S/D,S/D,S/D,S/D,Colisión,S/D,S/D,S/D,S/D
2018,6683,2018-06-10,Domingo,0,,,0.0,2,"Otros,Moto/Ciclomotor",Carlos Chapearouge Y  Saavedra Miguel de Cervantes,3,1,0,0,2,0,0,"-31.695777777778,-60.754527777778",Calle,,SANTO TOMÉ,La Capital,S/D,S/D,I,S/D,Urbana,S/D,S/D,S/D,S/D,S/D,S/D,S/D,De alcance,S/D,Colisión,S/D,S/D,S/D,S/D
2018,6685,2018-06-10,Domingo,0,,,0.0,1,Transporte de Pasajeros (H/ 8 asientos),Bv. Segui Y P.L.Funes,2,0,1,0,1,0,0,"-32.970722222222,-60.700055555556",Calle,,ROSARIO,Rosario,S/D,S/D,II,S/D,Urbana,S/D,S/D,Intersección,S/D,S/D,S/D,S/D,Lateral,S/D,Colisión,S/D,S/D,S/D,S/D
2018,6686,2018-06-26,Martes,0,20:05:00,,0.0,2,"Automóvil,Moto/Ciclomotor",Pavon Y Ricardo Gutierrez,2,1,0,0,1,0,0,"-32.993555555556,-60.634472222222",S/D,,ROSARIO,Rosario,S/D,S/D,II,S/D,S/D,S/D,S/D,S/D,S/D,S/D,S/D,S/D,S/D,S/D,S/D,S/D,S/D,S/D,S/D
2018,6687,2018-06-10,Domingo,0,04:10:00,,0.0,1,Moto/Ciclomotor,Pje. Bogado 1500,1,1,0,0,0,0,0,"-32.925638888889,-60.683277777778",Calle,,ROSARIO,Rosario,S/D,S/D,II,S/D,Urbana,S/D,S/D,S/D,S/D,S/D,Nocturna,S/D,S/D,S/D,Caída ocupante,S/D,S/D,S/D,S/D
2018,6688,2018-06-26,Martes,0,10:55:00,,0.0,2,"Peatón,Moto/Ciclomotor",Ayacucho Y Anchorena,2,0,1,0,1,0,0,"-32.997388888889,-60.6365",S/D,,ROSARIO,Rosario,S/D,S/D,II,S/D,S/D,S/D,S/D,S/D,S/D,S/D,S/D,S/D,S/D,S/D,S/D,S/D,S/D,S/D,S/D
2018,6689,2018-07-13,Viernes,0,15:35:00,,0.0,2,"Automóvil,Moto/Ciclomotor",Francia Y Catamarca,2,1,0,0,1,0,0,"-31.643052, -60.713786",Calle,,SANTA FE,La Capital,Asfalto,No existe,I,Dentro,Urbana,Semáforo,Funciona,Recta,Bueno,Buena,Atardecer,Buen Tiempo,S/D,S/D,Colisión,Ninguna,Vertical,Ninguna,Sin restricción
2018,6690,2018-07-14,Sabado,0,01:40:00,,0.0,2,"Automóvil,Moto/Ciclomotor",San Lorenzo Y Santiago del Estero,2,1,0,0,1,0,0,"-31.635561, -60.714400",Calle,,SANTA FE,La Capital,Asfalto,No existe,I,Dentro,Urbana,Ninguna,Funciona,Recta,Bueno,Buena,Amanecer,Buen Tiempo,S/D,S/D,Colisión,Ninguna,Vertical,Ninguna,Sin restricción
2018,6691,2018-07-15,Domingo,0,21:40:00,Ruta Nacional 11,0.0,2,"Automóvil,Moto/Ciclomotor",Av Lopez y Planes Y Pje Irala,2,1,0,0,1,0,0,"-31.629926, -60.713995",Ruta,11,SANTA FE,La Capital,Asfalto,No existe,I,Dentro,Urbana,Semáforo,Funciona,Recta,Bueno,Buena,"Nocturna,Con luz artificial",Buen Tiempo,S/D,S/D,Colisión,Ninguna,"Horizontal,Vertical","Cordón divisorio,Vegetación",Sin restricción
2018,6692,2018-07-16,Lunes,0,09:45:00,Ruta Nacional 11,0.0,2,"Automóvil,Moto/Ciclomotor",Av Freyre 3400,2,1,0,0,1,0,0,"-31.634160, -60.715055",Ruta,11,SANTA FE,La Capital,Asfalto,No existe,I,Dentro,Urbana,Semáforo,Funciona,Recta,Bueno,Buena,Diurna,Buen Tiempo,S/D,S/D,Colisión,Ninguna,"Horizontal,Vertical","Cordón divisorio,Vegetación",Sin restricción
2018,6693,2018-07-17,Martes,0,08:50:00,,0.0,2,"Moto/Ciclomotor,Automóvil",Juan Diaz de Solis Y Mendoza,2,1,0,0,1,0,0,"-31.644224, -60.726686",Calle,,SANTA FE,La Capital,Asfalto,No existe,I,Dentro,Urbana,Ninguna,Funciona,Intersección,Bueno,Buena,Diurna,Buen Tiempo,S/D,S/D,Colisión,Ninguna,Faltante,Ninguna,Sin restricción
2018,6694,2018-07-03,Martes,0,21:00:00,,0.0,1,Automóvil,URQUIZA Y INTENDENTE VIVAS,1,0,0,0,0,0,1,"-32.747411371393, -60.748406506146",Calle,,SAN LORENZO,San Lorenzo,Hormigón,No existe,XVII,Dentro,Urbana,Ninguna,No existe,Paso a Nivel FFCC,S/D,S/D,Nocturna,S/D,S/D,S/D,Vuelco,S/D,Faltante,Ninguna,Sin restricción
2018,6695,2018-07-17,Martes,0,17:00:00,,0.0,2,"Taxi/Remis,Moto/Ciclomotor",Francia Y Catamarca,3,2,0,0,1,0,0,"-31.643050, -60.713783",Calle,,SANTA FE,La Capital,Asfalto,No existe,I,Dentro,Urbana,Ninguna,Funciona,Intersección,Bueno,Buena,Atardecer,Buen Tiempo,S/D,S/D,Colisión,Ninguna,Faltante,Ninguna,Sin restricción
2018,6696,2018-07-03,Martes,0,17:25:00,,0.0,1,Bicicleta,Gutemberg 670,2,2,0,0,0,0,0,"-32.760111111111,-60.742472222222",Calle,,SAN LORENZO,San Lorenzo,Tierra,No existe,XVII,Dentro,Urbana,Ninguna,No existe,Recta,S/D,S/D,Diurna,S/D,S/D,S/D,Caída ocupante,S/D,Faltante,Ninguna,Sin restricción
2018,6697,2018-07-18,Miercoles,0,10:30:00,,0.0,2,"Automóvil,Moto/Ciclomotor",Salta Y San Jose,2,1,0,0,1,0,0,"-31.647174, -60.723229",Calle,,SANTA FE,La Capital,Asfalto,No existe,I,Dentro,Urbana,Ninguna,Funciona,Intersección,Bueno,Buena,Diurna,Buen Tiempo,S/D,S/D,Colisión,Ninguna,Faltante,Ninguna,Sin restricción
2018,6698,2018-07-20,Viernes,0,,Ruta Nacional 11,0.0,2,"Moto/Ciclomotor,Automóvil",Lisandro de la Torre Y Av Freyre,2,1,0,0,1,0,0,"-31.649180, -60.719388",Ruta,11,SANTA FE,La Capital,Asfalto,No existe,I,Dentro,Urbana,Semáforo,Funciona,Intersección,Otro,Buena,S/D,Buen Tiempo,S/D,S/D,Colisión,Ninguna,"Horizontal,Vertical","Cordón divisorio,Vegetación",Sin restricción
2018,6699,2018-07-03,Martes,0,11:50:00,Ruta Nacional 11,0.0,2,"Automóvil,Moto/Ciclomotor",Ruta Nac 11 Av Peron Y Cayetano Silva,2,1,0,0,1,0,0,"-32.7335,-60.733805555556",Ruta,11,SAN LORENZO,San Lorenzo,Asfalto,No existe,XVII,Dentro,Urbana,Ninguna,No existe,Intersección,S/D,S/D,Diurna,S/D,S/D,S/D,Colisión,S/D,Faltante,Línea divisoria pintada,Sin restricción
2018,6700,2018-07-03,Martes,0,,,0.0,2,"Automóvil,Pickup/Utilitario",Urquiza Y Irigoyen,2,1,0,0,1,0,0,"-32.74775,-60.736305555556",Calle,,SAN LORENZO,San Lorenzo,Asfalto,No existe,XVII,Dentro,Urbana,S/D,Funciona,Intersección,S/D,S/D,S/D,S/D,S/D,S/D,Colisión,S/D,Faltante,Cordón divisorio,Sin restricción
2018,6701,2018-07-04,Miercoles,0,06:40:00,,0.0,2,"Moto/Ciclomotor,Automóvil",Av Facundo Zuviria Y Av Pte Peron,2,1,0,0,1,0,0,"-31.637035, -60.718454",Avenida,,SANTA FE,La Capital,Asfalto,No existe,I,Dentro,Urbana,Semáforo,Funciona,Recta,Bueno,Buena,Amanecer,Buen Tiempo,S/D,S/D,Colisión,Ninguna,"Horizontal,Vertical","Cordón divisorio,Vegetación",Sin restricción
2018,6702,2018-07-01,Domingo,0,,,0.0,2,"Pickup/Utilitario,Moto/Ciclomotor",Santiago del Estero Y Irigoyen,4,3,0,0,1,0,0,"-32.741277777778,-60.736138888889",Calle,,SAN LORENZO,San Lorenzo,Asfalto,No existe,XVII,Dentro,Urbana,Ninguna,No existe,Intersección,S/D,S/D,S/D,S/D,S/D,S/D,Colisión,S/D,Faltante,Ninguna,Sin restricción
2018,6703,2018-07-15,Domingo,0,19:25:00,,0.0,2,"Moto/Ciclomotor,Automóvil",San Juan Y 25 de Mayo,2,1,0,0,1,0,0,"-32.752194444444,-60.741277777778",Calle,,SAN LORENZO,San Lorenzo,Hormigón,No existe,XVII,Dentro,Urbana,Ninguna,No existe,Intersección,S/D,S/D,Nocturna,S/D,S/D,S/D,Colisión,S/D,Faltante,Ninguna,Sin restricción
2018,6704,2018-07-05,Jueves,0,12:15:00,,0.0,2,"Automóvil,Moto/Ciclomotor",Bolivia Y La Paz,2,1,0,0,1,0,0,"-31.623420, -60.715029",Calle,,SANTA FE,La Capital,Asfalto,No existe,I,Dentro,Urbana,Ninguna,No existe,Intersección,Bueno,Buena,Diurna,Buen Tiempo,S/D,S/D,Colisión,Ninguna,Faltante,Ninguna,Sin restricción
2018,6705,2018-07-20,Viernes,0,18:40:00,Ruta Nacional 11,0.0,1,Moto/Ciclomotor,Clemente Albelo Y General Lopez,2,1,0,0,0,0,1,"-32.731861111111,-60.740305555556",Ruta,11,SAN LORENZO,San Lorenzo,Asfalto,No existe,XVII,Dentro,Urbana,Ninguna,No existe,Intersección,Bueno,Buena,Atardecer,Buen Tiempo,S/D,S/D,Caída ocupante,S/D,Faltante,Ninguna,Sin restricción
2018,6706,2018-07-01,Domingo,0,07:50:00,,0.0,2,"Automóvil,Moto/Ciclomotor",Iturraspe Y Sebastian Gaboto,2,1,0,0,1,0,0,"-31.625407, -60.721373",Calle,,SANTA FE,La Capital,Asfalto,No existe,I,Dentro,Urbana,Ninguna,No existe,Intersección,Bueno,Reducida,Amanecer,Buen Tiempo,S/D,S/D,Colisión,Ninguna,Faltante,Cordón divisorio,Sin restricción
2018,6707,2018-07-06,Viernes,0,17:45:00,,0.0,1,Automóvil,Av Pte Peron Y Bolivia,2,2,0,0,0,0,0,"-31.622988, -60.718626",Avenida,,SANTA FE,La Capital,Asfalto,No existe,I,Dentro,Urbana,Ninguna,Funciona,Intersección,"Con baches,Resbaladiza",Buena,Diurna,Lluvia,S/D,S/D,Colisión,Agua,Vertical,Cordón divisorio,Sin restricción
2018,6708,2018-07-10,Martes,0,08:40:00,Autopista Provincial Brigadier E.López,28.0,1,Automóvil, ,3,1,0,0,2,0,0,"-32.668596603162, -60.812757933981",Autopista,Brigadier E.López,TIMBÚES,San Lorenzo,Asfalto,Natural,XVII,Dentro,Rural,Marca Vial,No existe,Recta,Bueno,Buena,Diurna,Buen Tiempo,Contra objeto fijo,S/D,Colisión,Ninguna,Horizontal,Ninguna,Sin restricción
2018,6709,2018-07-06,Viernes,0,18:00:00,Ruta Nacional 11,0.0,2,"Transporte de Pasajeros Urbano (> 8 asientos),Moto/Ciclomotor",Av Blas Parera Y Gorostiaga,2,1,0,0,1,0,0,"-31.606589, -60.720178",Ruta,11,SANTA FE,La Capital,Asfalto,Natural,I,Dentro,Urbana,Ninguna,No existe,Rotonda,Bueno,Reducida,Diurna,Buen Tiempo,S/D,S/D,Colisión,Ninguna,Faltante,"Cordón divisorio,Vegetación,Línea divisoria pintada",Sin restricción
2018,6710,2018-07-14,Sabado,0,07:45:00,Ruta Nacional 33,764.0,2,"Pickup/Utilitario,Automóvil", ,3,1,0,0,2,0,0,"-33.017730160271, -60.973124706326",Ruta,33,PUJATO,San Lorenzo,Asfalto,Natural,XVII,Dentro,Rural,Ninguna,No existe,Recta,Bueno,Reducida,Amanecer,Niebla,Frontal,S/D,Colisión,Ninguna,Horizontal,Línea divisoria pintada,Sin restricción
2018,6711,2018-07-07,Sabado,0,08:00:00,,0.0,2,"Moto/Ciclomotor,Moto/Ciclomotor",Brasil Y Luciano Molinas,2,1,0,0,0,0,1,"-31.628865, -60.717691",Calle,,SANTA FE,La Capital,Asfalto,No existe,I,Dentro,Urbana,Ninguna,No existe,Recta,Con baches,Buena,Diurna,Buen Tiempo,Lateral,S/D,Colisión,Ninguna,Faltante,Cordón divisorio,Sin restricción
2018,6712,2018-07-16,Lunes,0,10:20:00,Ruta Nacional 34,21.0,2,"Camión c / Acoplado,Pickup/Utilitario", ,3,1,0,0,2,0,0,"-32.786529240917, -60.897866407284",Ruta,34,LUIS PALACIOS,San Lorenzo,Asfalto,Natural,XVII,Dentro,Urbana,Ninguna,No existe,Curva,Bueno,Buena,Diurna,Viento Fuerte,Frontal,S/D,Colisión,Ninguna,Horizontal,Línea divisoria pintada,Sin restricción
2018,6713,2018-07-07,Sabado,0,20:15:00,Ruta Nacional 11,0.0,2,"Automóvil,Moto/Ciclomotor",Pedro Centeno Y Av Lopez y Planes,2,0,0,0,0,0,2,"-31.625053, -60.713557",Ruta,11,SANTA FE,La Capital,Asfalto,No existe,I,Dentro,Urbana,Semáforo,Funciona,Intersección,Bueno,Buena,"Nocturna,Con luz artificial",Buen Tiempo,Lateral,S/D,Colisión,Ninguna,"Horizontal,Vertical","Cordón divisorio,Línea divisoria pintada",Sin restricción
2018,6714,2018-07-16,Lunes,0,11:40:00,Ruta Nacional 34,18.0,2,"Automóvil,Camión Chasis", ,2,1,0,0,1,0,0,"-32.801337783546, -60.873991625591",Ruta,34,LUIS PALACIOS,San Lorenzo,Asfalto,Natural,XVII,Dentro,Rural,Ninguna,No existe,Recta,Bueno,Buena,Diurna,Viento Fuerte,Lateral,S/D,Colisión,Ninguna,Horizontal,Línea divisoria pintada,Sin restricción
2018,6715,2018-07-15,Domingo,0,22:00:00,Ruta Nacional 9,343.0,1,Automóvil, ,1,1,0,0,0,0,0,"-32.826547060881, -61.301152495077",Ruta,9,SAN JERÓNIMO SUR,San Lorenzo,Asfalto,Natural,XVII,Fuera,Urbana,Ninguna,No existe,Recta,Con baches,Buena,Nocturna,Buen Tiempo,Contra objeto fijo,S/D,Colisión,Ninguna,Faltante,Línea divisoria pintada,Sin restricción
2018,6716,2018-07-02,Lunes,0,,Autopista Nacional Rosario -Cordoba,0.0,1,Camión c / Acoplado,9 DE JULIO Y AUTOPISTA NACIONAL 9,2,2,0,0,0,0,0,"-32.879766846930, -61.150309415148",Autopista,Rosario -Córdoba,CARCARAÑÁ,San Lorenzo,Asfalto,Pavimento,XVII,Dentro,Rural,S/D,No existe,Recta,Bueno,Buena,Nocturna,Buen Tiempo,S/D,S/D,Despiste,Ninguna,S/D,S/D,S/D
2018,6717,2018-07-31,Martes,0,06:40:00,Ruta Nacional 9,0.0,2,"Transporte de Pasajeros (H/ 8 asientos),Moto/Ciclomotor",Malvinas Argentinas Y Ruta Nac 9,2,1,0,0,1,0,0,"-32.860502349933, -61.161527160900",Ruta,9,CARCARAÑÁ,San Lorenzo,Asfalto,No existe,XVII,Dentro,Rural,Semáforo,Funciona,Intersección,Bueno,Buena,Amanecer,S/D,Lateral,S/D,Colisión,S/D,Vertical,Línea divisoria pintada,Sin restricción
2018,6718,2018-06-10,Domingo,0,,,0.0,2,"Pickup/Utilitario,Automóvil", ,2,0,0,0,0,0,2,"-31.72586, -61.09141",S/D,,SAN CARLOS CENTRO,Las Colonias,S/D,S/D,XI,S/D,S/D,S/D,S/D,S/D,S/D,S/D,S/D,S/D,S/D,S/D,S/D,S/D,S/D,S/D,S/D
2018,6719,2018-06-10,Domingo,0,,,0.0,2,"Bicicleta,Automóvil", ,2,0,0,0,0,0,2,"-31.72566, -61.09139",S/D,,SAN CARLOS CENTRO,Las Colonias,S/D,S/D,XI,S/D,S/D,S/D,S/D,S/D,S/D,S/D,S/D,S/D,S/D,S/D,S/D,S/D,S/D,S/D,S/D
2018,6720,2018-06-26,Martes,0,,,0.0,2,"Bicicleta,Automóvil", ,2,1,0,0,1,0,0,"-33.04452, -61.16502",S/D,,CASILDA,Caseros,S/D,S/D,IV,S/D,S/D,S/D,S/D,S/D,S/D,S/D,S/D,S/D,S/D,Ciclista,Atropello,S/D,S/D,S/D,S/D
2018,6721,2018-06-26,Martes,0,,,0.0,2,"Automóvil,Automóvil", ,3,2,0,0,1,0,0,"-33.04452, -61.16502",S/D,,CASILDA,Caseros,S/D,S/D,IV,S/D,S/D,S/D,S/D,S/D,S/D,S/D,S/D,S/D,S/D,S/D,S/D,S/D,S/D,S/D,S/D
2018,6722,2018-06-10,Domingo,0,13:10:00,,0.0,2,"Moto/Ciclomotor,Pickup/Utilitario",Brown Y Islas Malvinas,5,2,1,0,2,0,0,"-32.737611111111,-60.742055555556",Calle,,SAN LORENZO,San Lorenzo,S/D,S/D,XVII,S/D,Urbana,S/D,S/D,Intersección,S/D,S/D,Diurna,S/D,S/D,S/D,Colisión,S/D,S/D,S/D,S/D
2018,6723,2018-06-26,Martes,0,,,0.0,3,"Automóvil,Automóvil,Automóvil", ,3,3,0,0,0,0,0,"-31.44897, -60.93039",S/D,,ESPERANZA,Las Colonias,S/D,S/D,XI,S/D,S/D,S/D,S/D,S/D,S/D,S/D,S/D,S/D,S/D,S/D,S/D,S/D,S/D,S/D,S/D
2018,6724,2018-06-26,Martes,0,,,0.0,2,"Moto/Ciclomotor,Automóvil", ,2,1,0,0,1,0,0,"-32.02927, -61.22442",S/D,,GÁLVEZ,San Jerónimo,S/D,S/D,XV,S/D,S/D,S/D,S/D,S/D,S/D,S/D,S/D,S/D,S/D,S/D,S/D,S/D,S/D,S/D,S/D
2018,6725,2018-06-26,Martes,0,17:00:00,,0.0,2,"Moto/Ciclomotor,Automóvil",Sarmiento Y Eva Peron,3,0,1,0,2,0,0,"-32.85697, -61.15919",S/D,,CARCARAÑÁ,San Lorenzo,S/D,S/D,XVII,S/D,S/D,S/D,S/D,S/D,S/D,S/D,S/D,S/D,S/D,S/D,S/D,S/D,S/D,S/D,S/D
2018,6726,2018-06-10,Domingo,0,02:30:00,Ruta Provincial 31,0.0,1,Automóvil, ,2,2,0,0,0,0,0,"-28.66849, -59.83755",Ruta,31,TARTAGAL,Vera,S/D,S/D,XIX,S/D,S/D,S/D,S/D,S/D,S/D,S/D,Nocturna,S/D,Atropello animal,S/D,Atropello,S/D,S/D,S/D,S/D
2018,6727,2018-06-24,Domingo,0,20:00:00,Ruta Secundaria 96-s,0.0,2,"Moto/Ciclomotor,Automóvil", ,3,1,0,0,2,0,0,"-28.670156121384, -59.847623800332",Ruta,96-s,TARTAGAL,Vera,S/D,S/D,XIX,S/D,S/D,S/D,S/D,S/D,S/D,S/D,S/D,S/D,S/D,S/D,S/D,S/D,S/D,S/D,S/D
2018,6728,2018-07-19,Jueves,0,15:00:00,Ruta Nacional 9,0.0,2,"Automóvil,Automóvil",Juan Bautista Alberdi Y Eva Peron,3,1,0,0,2,0,0,"-32.860721224576, -61.160112618137",Ruta,9,CARCARAÑÁ,San Lorenzo,Asfalto,Ripio,XVII,Dentro,Urbana,Ninguna,No existe,Intersección,Bueno,Buena,Diurna,Buen Tiempo,S/D,S/D,Colisión,Ninguna,Faltante,Línea divisoria pintada,Sin restricción
2018,6729,2018-07-10,Martes,0,23:50:00,,0.0,2,"Moto/Ciclomotor,Transporte de Pasajeros Urbano (> 8 asientos)",Sarmiento Y Chacabuco,3,1,0,0,2,0,0,"-32.857180708677, -61.157795189548",Calle,,CARCARAÑÁ,San Lorenzo,Asfalto,No existe,XVII,Dentro,Urbana,S/D,No existe,Recta,Bueno,Buena,Nocturna,Buen Tiempo,S/D,S/D,Colisión,Ninguna,S/D,Ninguna,Sin restricción
2018,6730,2018-06-11,Lunes,0,12:15:00,,0.0,2,"Moto/Ciclomotor,Automóvil",Independencia Y Libertad,4,1,1,0,2,0,0,"-33.153703989444, -60.511758225510",Calle,,ARROYO SECO,Rosario,S/D,S/D,II,S/D,Urbana,S/D,S/D,Intersección,S/D,S/D,Diurna,S/D,S/D,S/D,Colisión,S/D,S/D,S/D,S/D
2018,6731,2018-07-17,Martes,0,07:30:00,,0.0,2,"Moto/Ciclomotor,Pickup/Utilitario",Caseros Y Av Gral Savio,3,2,0,0,1,0,0,"-32.783183321149, -60.733179035464",Calle,,FRAY LUIS BELTRÁN,San Lorenzo,Ripio,No existe,XVII,Dentro,Urbana,Ninguna,No existe,Intersección,"Con baches,Deteriorada",Buena,Amanecer,Buen Tiempo,Lateral,S/D,Colisión,Agua,Faltante,Ninguna,Sin restricción
2018,6732,2018-07-13,Viernes,0,08:30:00,Ruta Nacional 11,0.0,2,"Moto/Ciclomotor,Bicicleta",Av Gral Savio Y Av San Martin,2,2,0,0,0,0,0,"-32.784449323804, -60.725915613452",Ruta,11,FRAY LUIS BELTRÁN,San Lorenzo,Asfalto,Ripio,XVII,Dentro,Urbana,Ninguna,No existe,Recta,Bueno,Buena,Diurna,Niebla,S/D,Ciclista,Atropello,Ninguna,Faltante,Ninguna,Sin restricción
2018,6733,2018-06-26,Martes,0,15:00:00,,0.0,2,"Moto/Ciclomotor,Automóvil",Pte.Roca Y Ameghino,2,0,0,0,1,1,0,"-32.985861111111,-60.655361111111",Calle,,ROSARIO,Rosario,Asfalto,No existe,II,Dentro,Urbana,Ninguna,No existe,Intersección,Bueno,S/D,S/D,S/D,S/D,S/D,Colisión,Ninguna,Faltante,"Ninguna,S/D",Sin restricción
2018,6734,2018-07-09,Lunes,0,14:00:00,,0.0,2,"Moto/Ciclomotor,Moto/Ciclomotor",Lavalle Y Junin,2,1,0,0,1,0,0,"-32.779031261594, -60.740925255099",Calle,,FRAY LUIS BELTRÁN,San Lorenzo,Ripio,No existe,XVII,Dentro,Urbana,Ninguna,No existe,Intersección,"Con baches,Deteriorada",Buena,Diurna,Buen Tiempo,Lateral,S/D,Colisión,Ninguna,Faltante,Ninguna,Sin restricción
2018,6735,2018-07-22,Domingo,0,04:20:00,Ruta Nacional 11,0.0,2,"Automóvil,Automóvil",Av San Martin Y Av Gral Savio,4,4,0,0,0,0,0,"-32.784429743146, -60.725913239644",Ruta,11,FRAY LUIS BELTRÁN,San Lorenzo,Asfalto,Ripio,XVII,Dentro,Urbana,Ninguna,No existe,Recta,Bueno,Reducida,Nocturna,Lluvia,Frontal,S/D,Colisión,Ninguna,Faltante,Línea divisoria pintada,Sin restricción
2018,6737,2018-07-01,Domingo,0,03:30:00,,0.0,2,"Peatón,Automóvil",Piton ,2,1,0,0,1,0,0,"-32.710547623947, -60.738178411369",Calle,,PUERTO SAN MARTÍN,San Lorenzo,Asfalto,No existe,XVII,Dentro,Urbana,Ninguna,No existe,Intersección,Bueno,Buena,Nocturna,Buen Tiempo,S/D,Peatón,Atropello,Ninguna,Horizontal,Ninguna,Sin restricción
2018,6738,2018-06-27,Miercoles,0,,,0.0,1,Moto/Ciclomotor,P Harrys Y Av Aristobulo del Valle,1,1,0,0,0,0,0,"-31.261527777778,-61.46875",S/D,,RAFAELA,Castellanos,S/D,S/D,V,S/D,S/D,S/D,S/D,S/D,S/D,S/D,S/D,S/D,S/D,S/D,S/D,S/D,S/D,S/D,S/D
2018,6739,2018-06-27,Miercoles,0,,,0.0,2,"Automóvil,Pickup/Utilitario", ,2,0,0,0,0,0,2,"-31.452338, -60.916006",S/D,,ESPERANZA,Las Colonias,S/D,S/D,XI,S/D,S/D,S/D,S/D,S/D,S/D,S/D,S/D,S/D,S/D,S/D,S/D,S/D,S/D,S/D,S/D
2018,6740,2018-07-04,Miercoles,0,08:30:00,Ruta Nacional 175,0.0,1,Moto/Ciclomotor,Cordoba ,1,1,0,0,0,0,0,"-32.715262075545, -60.744321417665",Ruta,175,PUERTO SAN MARTÍN,San Lorenzo,Asfalto,No existe,XVII,Dentro,Urbana,Ninguna,No existe,Intersección,Bueno,Buena,Diurna,Buen Tiempo,Contra objeto fijo,S/D,Colisión,Ninguna,Faltante,Ninguna,Sin restricción
2018,6741,2018-06-11,Lunes,0,,,0.0,2,"Automóvil,Moto/Ciclomotor", ,2,0,0,0,0,0,2,"-31.55239, -61.07768",S/D,,SAN JERÓNIMO NORTE,Las Colonias,S/D,S/D,XI,S/D,S/D,S/D,S/D,S/D,S/D,S/D,S/D,S/D,S/D,S/D,S/D,S/D,S/D,S/D,S/D
2018,6742,2018-07-14,Sabado,0,19:30:00,,0.0,2,"Moto/Ciclomotor,Automóvil",Reconquista Y Mendoza,2,1,0,0,1,0,0,"-32.715347906234, -60.738227438783",Calle,,PUERTO SAN MARTÍN,San Lorenzo,Asfalto,No existe,XVII,Dentro,Urbana,Ninguna,No existe,Recta,Bueno,Buena,Nocturna,Buen Tiempo,Lateral,S/D,Colisión,Ninguna,Horizontal,Ninguna,Sin restricción
2018,6743,2018-07-15,Domingo,0,06:15:00,Autopista Provincial Brigadier E.López,20.0,2,"Automóvil,Camión c / Semirremolque", ,4,1,0,0,3,0,0,"-32.705041248808, -60.781127306570",Autopista,Brigadier E.López,PUERTO SAN MARTÍN,San Lorenzo,Asfalto,No existe,XVII,Dentro,Urbana,Ninguna,No existe,Recta,Bueno,Buena,Diurna,Buen Tiempo,De alcance,S/D,Colisión,Ninguna,Faltante,Ninguna,Sin restricción
2018,6744,2018-07-15,Domingo,0,17:30:00,,0.0,2,"Moto/Ciclomotor,Automóvil",Buenos Aires Y Junin,3,1,1,0,1,0,0,"-32.711476806741, -60.738438763194",Calle,,PUERTO SAN MARTÍN,San Lorenzo,Asfalto,No existe,XVII,Dentro,Urbana,Ninguna,No existe,Intersección,Bueno,Buena,Diurna,Buen Tiempo,Lateral,S/D,Colisión,Ninguna,Faltante,Ninguna,Sin restricción
2018,6745,2018-07-16,Lunes,0,10:20:00,,0.0,2,"Moto/Ciclomotor,Automóvil",America Y Pte Hipolito Irigoyen,2,1,0,0,1,0,0,"-32.705026160717, -60.746723667591",Calle,,PUERTO SAN MARTÍN,San Lorenzo,Asfalto,No existe,XVII,Dentro,Urbana,Ninguna,No existe,Intersección,Bueno,Buena,Diurna,Buen Tiempo,De alcance,S/D,Colisión,Ninguna,Faltante,Ninguna,Sin restricción
2018,6746,2018-07-16,Lunes,0,14:40:00,Ruta Nacional 11,334.0,2,"Moto/Ciclomotor,Transporte de Pasajeros Urbano (> 8 asientos)", ,3,1,0,0,2,0,0,"-32.718568228780, -60.752952112029",Ruta,11,PUERTO SAN MARTÍN,San Lorenzo,Asfalto,No existe,XVII,Dentro,Urbana,Ninguna,No existe,Recta,Bueno,Buena,Diurna,Buen Tiempo,De alcance,S/D,Colisión,Ninguna,Horizontal,Ninguna,Sin restricción
2018,6747,2018-07-18,Miercoles,0,06:30:00,Ruta Nacional 11,335.0,2,"Automóvil,Transporte de Pasajeros Urbano (> 8 asientos)", ,2,1,0,0,1,0,0,"-32.715177916585, -60.755441201994",Ruta,11,PUERTO SAN MARTÍN,San Lorenzo,Asfalto,No existe,XVII,Dentro,Urbana,Ninguna,No existe,Recta,Bueno,Buena,Diurna,Buen Tiempo,De alcance,S/D,Colisión,Ninguna,Horizontal,Ninguna,Sin restricción
2018,6748,2018-07-22,Domingo,0,20:45:00,Ruta Nacional 175,0.0,2,"Moto/Ciclomotor,Automóvil",Cordoba 1400,2,1,0,0,1,0,0,"-32.715674191908, -60.741774907813",Ruta,175,PUERTO SAN MARTÍN,San Lorenzo,Asfalto,No existe,XVII,Dentro,Urbana,Paso Peatonal,No existe,Intersección,Bueno,Buena,Nocturna,Buen Tiempo,De alcance,S/D,Colisión,Ninguna,Horizontal,Ninguna,Sin restricción