anio_acci,nro_acci,fecha,desc_dia,fecha_aprox,hora_aprox,desc_ruta,km,cant_participantes,desc_participante,calle_avenida_km,total,heridos_leves,heridos_graves,heridos_gravisimos,ilesos,fallecidos,sin_datos,posicion_XY,desc_tipo_via,desc_ruta_ori,desc_loc,desc_dpto,desc_tipo_calzada,desc_tipo_banquina,desc_unidad_regional,desc_lugar_calzada,desc_zona,desc_prioridad,desc_estado_semaforo,desc_lugar_via,desc_estado_via,desc_estado_visibilidad,desc_luminosidad,desc_estado_clima,desc_tipo_colision,desc_tipo_atropello,desc_tipo_hecho,desc_pres_calzada,desc_senializacion,desc_separacion_via,desc_restriccion
2018,6749,2018-07-23,Lunes,0,09:00:00,,0.0,2,"Bicicleta,Moto/Ciclomotor",Av San Martin Y Cayetano Nerbutti,2,1,0,0,1,0,0,"-32.718375243042, -60.731386273048",Avenida,,PUERTO SAN MARTÍN,San Lorenzo,Asfalto,No existe,XVII,Dentro,Urbana,Ninguna,No existe,Intersección,Bueno,Buena,Diurna,Buen Tiempo,S/D,Ciclista,Atropello,Ninguna,Horizontal,Ninguna,Sin restricción
2018,6750,2018-03-09,Viernes,0,19:20:00,Autopista Provincial Brigadier E.López,3.5,2,"Automóvil,Automóvil", ,5,2,1,0,0,2,0,"-32.85882,-60.7339",Autopista,Brigadier E.López,GRANADERO BAIGORRIA,Rosario,Asfalto,Natural,II,Dentro,Rural,Ninguna,No existe,Recta,Bueno,S/D,Diurna,S/D,Frontal,S/D,Colisión,Ninguna,Faltante,Vegetación,Sin restricción
2018,6751,2018-07-25,Miercoles,0,17:20:00,,0.0,2,"Moto/Ciclomotor,Automóvil",Reconquista Y Sarmiento,2,0,1,0,1,0,0,"-32.713472164962, -60.737812845848",Calle,,PUERTO SAN MARTÍN,San Lorenzo,Asfalto,No existe,XVII,Dentro,Urbana,Paso Peatonal,No existe,Intersección,Bueno,Buena,Diurna,Buen Tiempo,Lateral,S/D,Colisión,Ninguna,Horizontal,Ninguna,Sin restricción
2018,6752,2018-03-10,Sabado,0,13:50:00,Ruta Nacional 34,211.0,2,"Automóvil,Camión c / Acoplado", ,2,1,0,0,0,1,0,"-31.35309,-61.52913",Ruta,34,SUSANA,Castellanos,Asfalto,No existe,V,Dentro,Rural,Ninguna,No existe,Recta,Bueno,S/D,Diurna,S/D,Frontal,S/D,"Colisión,Incendio",Ninguna,Faltante,Ninguna,Sin restricción
2018,6753,2018-03-17,Sabado,0,05:00:00,,0.0,1,Moto/Ciclomotor,Av Galicia Y Belgrano,1,0,0,0,0,1,0,"-31.60603,-60.68967",Calle,,SANTA FE,La Capital,Asfalto,No existe,I,Dentro,Urbana,Ninguna,No existe,Recta,Bueno,S/D,Nocturna,S/D,Contra objeto fijo,S/D,Colisión,Ninguna,Faltante,Cordón divisorio,Sin restricción
2018,6754,2018-07-13,Viernes,0,00:50:00,Ruta Nacional 11,0.0,2,"Pickup/Utilitario,Moto/Ciclomotor",Av Blas Parera Y Derqui,3,0,0,0,0,0,3,"-31.612003, -60.718383",Ruta,11,SANTA FE,La Capital,Asfalto,No existe,I,Dentro,Urbana,Semáforo,Funciona,Intersección,Bueno,Reducida,Nocturna,Buen Tiempo,Lateral,S/D,Colisión,Ninguna,"Horizontal,Vertical","Cordón divisorio,Línea divisoria pintada",Sin restricción
2018,6755,2018-07-17,Martes,0,15:55:00,Autopista Provincial Brigadier E.López,0.0,2,"Automóvil,Moto/Ciclomotor",Av Pte Peron Y Iturraspe,2,1,0,0,1,0,0,"-31.625676, -60.718655",Autopista,Brigadier E.López,SANTA FE,La Capital,Asfalto,No existe,I,Dentro,Urbana,Semáforo,Funciona,Intersección,Bueno,Buena,Diurna,Buen Tiempo,Lateral,S/D,Colisión,Ninguna,"Horizontal,Vertical","Cordón divisorio,Línea divisoria pintada",Sin restricción
2018,6756,2018-07-18,Miercoles,0,10:40:00,Autopista Provincial Brigadier E.López,0.0,2,"Automóvil,Moto/Ciclomotor",Cochabamba Y Iturraspe,2,1,0,0,1,0,0,"-31.626065, -60.716487",Autopista,Brigadier E.López,SANTA FE,La Capital,Asfalto,No existe,I,Dentro,Urbana,Ninguna,No existe,Intersección,Bueno,Buena,Diurna,Buen Tiempo,Lateral,S/D,Colisión,Ninguna,Faltante,Cordón divisorio,Sin restricción
2018,6757,2018-07-20,Viernes,0,07:00:00,Ruta Nacional 11,0.0,1,Automóvil,Av Pe?aloza Y Huergo,3,3,0,0,0,0,0,"-31.610682467125, -60.718655606229",Ruta,11,SANTA FE,La Capital,Asfalto,No existe,I,Dentro,Urbana,Ninguna,No existe,Recta,Bueno,Buena,Amanecer,Buen Tiempo,Contra objeto fijo,S/D,Colisión,Ninguna,Horizontal,"Cordón divisorio,Línea divisoria pintada",Sin restricción
2018,6758,2018-03-17,Sabado,0,04:00:00,Ruta Nacional 33,728.9,2,"Automóvil,Camión", ,2,0,0,0,1,1,0,"-33.13075,-61.26786",Ruta,33,SANFORD,Caseros,Asfalto,Natural,IV,Dentro,Urbana,Ninguna,No existe,Recta,Bueno,Buena,Nocturna,Buen Tiempo,De alcance,S/D,"Colisión,Incendio",Ninguna,Faltante,Línea divisoria pintada,Sin restricción
2018,6759,2018-07-20,Viernes,0,21:40:00,,0.0,2,"Automóvil,Moto/Ciclomotor",Av Blas Parera Y Fray C Rodriguez,2,1,0,0,1,0,0,"-31.617909, -60.718240",Avenida,,SANTA FE,La Capital,Asfalto,No existe,I,Dentro,Urbana,Semáforo,Funciona,Intersección,Bueno,Reducida,"Nocturna,Con luz artificial",Buen Tiempo,Lateral,S/D,Colisión,Ninguna,"Horizontal,Vertical","Cordón divisorio,Línea divisoria pintada",Sin restricción
2018,6760,2018-03-17,Sabado,0,10:15:00,,0.0,2,"Moto/Ciclomotor,Peatón",Cno San Roque Y L N Alem,2,0,0,0,1,1,0,"-30.78394,-60.58507",Calle,,SAN JUSTO,San Justo,Asfalto,No existe,XVI,Dentro,Urbana,Ninguna,No existe,Intersección,Bueno,S/D,Diurna,S/D,S/D,Peatón,Atropello,Ninguna,Faltante,Ninguna,Sin restricción
2018,6761,2018-07-20,Viernes,0,22:20:00,Ruta Nacional 11,0.0,2,"Automóvil,Moto/Ciclomotor",Av Blas Parera 5800,2,1,0,0,1,0,0,"-31.609970, -60.718898",Ruta,11,SANTA FE,La Capital,Asfalto,No existe,I,Dentro,Urbana,Semáforo,Funciona,Recta,Bueno,Reducida,Diurna,Buen Tiempo,Lateral,S/D,Colisión,Ninguna,"Horizontal,Vertical","Cordón divisorio,Línea divisoria pintada",Sin restricción
2018,6762,2018-03-17,Sabado,0,09:15:00,Ruta Provincial 40,0.0,1,Moto/Ciclomotor,Calle 72 ,1,0,0,0,0,1,0,"-29.15247,-59.67837",Ruta,40,RECONQUISTA,General Obligado,S/D,S/D,IX,Dentro,Urbana,S/D,S/D,Recta,S/D,S/D,Diurna,S/D,S/D,S/D,"Caída ocupante,Inmersión",S/D,S/D,S/D,S/D
2018,6763,2018-03-20,Martes,0,22:50:00,,0.0,2,"Moto/Ciclomotor,Moto/Ciclomotor",Calle 75-Lisandro de la Torre Y Calle 12 San Martin,2,1,0,0,0,1,0,"-29.17279,-59.64636",Calle,,RECONQUISTA,General Obligado,Asfalto,No existe,IX,Dentro,Urbana,Ninguna,No existe,Intersección,Bueno,S/D,Nocturna,S/D,S/D,S/D,Colisión,Ninguna,Horizontal,Ninguna,Sin restricción
2018,6764,2018-03-04,Domingo,0,11:05:00,Ruta Nacional 11,657.0,2,"Automóvil,Automóvil", ,2,1,0,0,0,1,0,"-30.03862,-60.31472",Ruta,11,PEDRO GÓMEZ CELLO,San Justo,Asfalto,Natural,XVI,Dentro,Rural,Ninguna,No existe,Recta,Bueno,S/D,Diurna,S/D,Lateral,S/D,Colisión,Ninguna,S/D,Línea divisoria pintada,Sin restricción
2018,6765,2018-07-23,Lunes,0,12:10:00,,0.0,2,"Camión c / Acoplado,Moto/Ciclomotor",Av Circunvalaci?n ,2,0,1,0,1,0,0,"-31.6241366,-60.7290674",Avenida,,SANTA FE,La Capital,Asfalto,Natural,I,Dentro,Urbana,Ninguna,No existe,Recta,Bueno,Buena,Diurna,Buen Tiempo,Lateral,S/D,Colisión,Ninguna,Horizontal,"Cordón divisorio,Vegetación,Línea divisoria pintada",Sin restricción
2018,6766,2018-07-11,Miercoles,0,19:00:00,,0.0,2,"Automóvil,Moto/Ciclomotor",Av A del Valle Y French,2,1,0,0,1,0,0,"-31.592435, -60.691980",Avenida,,SANTA FE,La Capital,Asfalto,Pavimento,I,Dentro,Urbana,Ninguna,Funciona,Intersección,Bueno,Buena,"Nocturna,Con luz artificial",Buen Tiempo,Lateral,S/D,Colisión,Ninguna,Vertical,S/D,Sin restricción
2018,6767,2018-03-04,Domingo,0,06:36:00,,0.0,1,Moto/Ciclomotor,Estrada Y Estanislao Zeballos,1,0,0,0,0,1,0,"-31.60044,-60.71784",Calle,,SANTA FE,La Capital,Asfalto,No existe,I,Dentro,Urbana,Ninguna,No existe,S/D,Bueno,S/D,Amanecer,S/D,S/D,S/D,Caída ocupante,Ninguna,Faltante,Ninguna,Sin restricción
2018,6768,2018-03-08,Jueves,0,20:30:00,Ruta Nacional 8,0.0,2,"Automóvil,Moto/Ciclomotor",Turner S ,2,0,0,0,0,1,1,"-33.76609,-61.96539",Ruta,8,VENADO TUERTO,General López,Asfalto,Natural,VIII,Dentro,Urbana,Ninguna,No existe,Intersección,Bueno,S/D,Diurna,S/D,Frontal,S/D,Colisión,Ninguna,Faltante,Línea divisoria pintada,Sin restricción
2018,6769,2018-03-09,Viernes,0,20:30:00,Ruta Nacional 34,44.0,2,"Automóvil,Bicicleta", ,2,0,0,0,0,1,1,"-32.6675,-61.09452",Ruta,34,SALTO GRANDE,Iriondo,Asfalto,Natural,X,Dentro,Rural,Ninguna,No existe,Recta,Bueno,S/D,Atardecer,S/D,S/D,Ciclista,Atropello,Ninguna,S/D,Línea divisoria pintada,Sin restricción
2018,6770,2018-03-09,Viernes,0,09:30:00,,0.0,2,"Moto/Ciclomotor,Automóvil",JUJUY Y ITALIA,2,0,0,0,0,1,1,"-32.36392,-61.3443",Calle,,SAN GENARO,San Jerónimo,Hormigón,No existe,XV,Dentro,Urbana,Ninguna,No existe,Intersección,Bueno,Buena,Diurna,Buen Tiempo,Lateral,S/D,Colisión,Ninguna,"Horizontal,Vertical",Ninguna,Sin restricción
2018,6771,2018-03-17,Sabado,0,07:05:00,Ruta Provincial 1,0.0,1,Automóvil, ,3,1,1,0,0,1,0,"-30.04662,-59.85407",Ruta,1,ALEJANDRA,San Javier,S/D,S/D,XIV,Dentro,Rural,S/D,S/D,S/D,S/D,S/D,Diurna,S/D,S/D,S/D,Vuelco,S/D,S/D,S/D,S/D
2018,6772,2018-03-09,Viernes,0,17:30:00,,0.0,1,Moto/Ciclomotor,Cafferata 8800,1,0,0,0,0,1,0,"-31.58775,-60.73389",Calle,,SANTA FE,La Capital,S/D,S/D,I,Dentro,Urbana,S/D,S/D,S/D,S/D,S/D,Diurna,S/D,S/D,S/D,Caída ocupante,S/D,S/D,S/D,S/D
2018,6773,2018-07-25,Miercoles,0,15:15:00,,0.0,2,"Bicicleta,Automóvil",Saavedra Y Juan Del Campillo,2,1,0,0,0,0,1,"-31.628104, -60.710741",Calle,,SANTA FE,La Capital,Asfalto,No existe,I,Dentro,Urbana,Ninguna,No existe,Recta,Bueno,Buena,Diurna,Buen Tiempo,S/D,Ciclista,Atropello,Ninguna,Faltante,Ninguna,Sin restricción
2018,6774,2018-07-26,Jueves,0,15:15:00,Ruta Nacional 11,0.0,2,"Moto/Ciclomotor,Automóvil",Artigas Y Av Lopez y Planes,2,0,0,0,0,0,2,"-31.621298, -60.713547",Ruta,11,SANTA FE,La Capital,Asfalto,No existe,I,Dentro,Urbana,Otra Señal,No existe,Intersección,Bueno,Buena,Diurna,Buen Tiempo,Lateral,S/D,Colisión,Ninguna,"Horizontal,Vertical","Cordón divisorio,Línea divisoria pintada",Sin restricción
2018,6776,2018-03-21,Miercoles,0,17:20:00,Autopista Nacional Gral. Juan Jose Valle,250.0,2,"Automóvil,Camión c / Semirremolque", ,2,0,0,0,0,1,1,"-33.24889,-60.43053",Autopista,Gral. Juan JOSÉValle,PAVÓN,Constitución,S/D,S/D,VI,Dentro,Rural,S/D,S/D,S/D,S/D,S/D,Diurna,S/D,De alcance,S/D,Colisión,S/D,S/D,S/D,S/D
2018,6777,2018-07-08,Domingo,0,05:30:00,,0.0,2,"Automóvil,Moto/Ciclomotor",Av Gral Lopez Y Salvador del Carril,4,2,0,0,2,0,0,"-31.620514, -60.686086",Avenida,,SANTA FE,La Capital,Asfalto,No existe,I,Dentro,Urbana,Semáforo,Funciona,Intersección,Bueno,Buena,Nocturna,Buen Tiempo,Lateral,S/D,Colisión,Ninguna,"Horizontal,Vertical",Ninguna,Sin restricción
2018,6778,2018-07-09,Lunes,0,22:15:00,,0.0,2,"Automóvil,Moto/Ciclomotor",Gorostiaga Y Candioti,2,1,0,0,1,0,0,"-31.613541, -60.688491",Calle,,SANTA FE,La Capital,Asfalto,No existe,I,Dentro,Urbana,Ninguna,No existe,Intersección,Bueno,Buena,Nocturna,Buen Tiempo,Lateral,S/D,Colisión,Ninguna,Faltante,Ninguna,Sin restricción
2018,6779,2018-03-21,Miercoles,0,18:20:00,,0.0,2,"Peatón,Moto/Ciclomotor",Solis Y J.J.Paso,2,0,0,0,1,1,0,"-32.919944444444,-60.704194444444",Calle,,ROSARIO,Rosario,Asfalto,No existe,II,Dentro,Urbana,Semáforo,Funciona,Intersección,Bueno,Buena,Diurna,S/D,S/D,Peatón,Atropello,Ninguna,"Horizontal,Vertical",Ninguna,Sin restricción
2018,6780,2018-07-10,Martes,0,13:30:00,,0.0,2,"Automóvil,Moto/Ciclomotor",J Castelli Y Republica de Siria,2,1,0,0,1,0,0,"-31.607181, -60.691142",Calle,,SANTA FE,La Capital,Asfalto,No existe,I,Dentro,Urbana,Ninguna,No existe,Intersección,Bueno,Buena,Diurna,Buen Tiempo,Lateral,S/D,Colisión,Ninguna,Faltante,Ninguna,Sin restricción
2018,6781,2018-03-23,Viernes,0,15:30:00,Ruta Nacional 34,56.5,2,"Pickup/Utilitario,Camión c / Semirremolque", ,2,0,0,0,1,1,0,"-32.57959,-61.19707",Ruta,34,TOTORAS,Iriondo,Asfalto,Natural,X,Dentro,Rural,Señal Pare,No existe,Recta,Bueno,Buena,Diurna,Buen Tiempo,Lateral,S/D,Colisión,Material Suelto,Vertical,Línea divisoria pintada,Sin restricción
2018,6782,2018-07-10,Martes,0,19:15:00,,0.0,2,"Bicicleta,Pickup/Utilitario",Pje Calcena Y Av Almte Brown,2,1,0,0,1,0,0,"-31.626238, -60.679144",Calle,,SANTA FE,La Capital,Asfalto,No existe,I,Dentro,Urbana,Paso Peatonal,No existe,Intersección,Bueno,Buena,"Nocturna,Con luz artificial",Buen Tiempo,S/D,Ciclista,Atropello,Ninguna,Horizontal,"Cordón divisorio,Vegetación,Línea divisoria pintada",Sin restricción
2018,6783,2018-07-12,Jueves,0,19:00:00,,0.0,2,"Moto/Ciclomotor,Automóvil",Dorrego Y Agustin Delgado,3,1,0,0,2,0,0,"-31.624442, -60.682689",Calle,,SANTA FE,La Capital,Asfalto,No existe,I,Dentro,Urbana,Ninguna,No existe,Intersección,Bueno,Reducida,Atardecer,Buen Tiempo,Lateral,S/D,Colisión,Ninguna,Faltante,Ninguna,Sin restricción
2018,6784,2018-06-11,Lunes,0,,,0.0,1,Automóvil, ,1,0,0,0,0,0,1,"-31.55239, -61.07768",S/D,,SAN JERÓNIMO NORTE,Las Colonias,S/D,S/D,XI,S/D,S/D,S/D,S/D,S/D,S/D,S/D,S/D,S/D,Contra objeto fijo,S/D,Colisión,S/D,S/D,S/D,S/D
2018,6785,2018-06-27,Miercoles,0,,,0.0,2,"Moto/Ciclomotor,Moto/Ciclomotor", ,2,0,1,0,1,0,0,"-32.02927, -61.22442",S/D,,GÁLVEZ,San Jerónimo,S/D,S/D,XV,S/D,S/D,S/D,S/D,S/D,S/D,S/D,S/D,S/D,S/D,S/D,S/D,S/D,S/D,S/D,S/D
2018,6786,2018-06-27,Miercoles,0,,,0.0,2,"Bicicleta,Automóvil", ,2,1,0,0,1,0,0,"-32.02927, -61.22442",S/D,,GÁLVEZ,San Jerónimo,S/D,S/D,XV,S/D,S/D,S/D,S/D,S/D,S/D,S/D,S/D,S/D,S/D,Ciclista,Atropello,S/D,S/D,S/D,S/D
2018,6787,2018-06-27,Miercoles,0,10:10:00,,0.0,2,"Pickup/Utilitario,Moto/Ciclomotor", ,3,2,0,0,1,0,0,"-28.671271920334, -59.846658205087",S/D,,TARTAGAL,Vera,S/D,S/D,XIX,S/D,S/D,S/D,S/D,S/D,S/D,S/D,S/D,S/D,S/D,S/D,S/D,S/D,S/D,S/D,S/D
2018,6788,2018-06-11,Lunes,0,11:00:00,,0.0,2,"Moto/Ciclomotor,Transporte de Pasajeros",Av L de la Torre-Ruta Nac 11 Y Av. Peron,3,1,0,0,1,0,1,"-31.968916666667,-60.926055555556",Calle,,CORONDA,San Jerónimo,S/D,S/D,XV,S/D,Urbana,S/D,S/D,Intersección,S/D,S/D,Diurna,S/D,S/D,S/D,Colisión,S/D,S/D,S/D,S/D
2018,6789,2018-06-28,Jueves,0,18:50:00,,0.0,1,Moto/Ciclomotor,Pje. Atacalco Y Garzon,1,1,0,0,0,0,0,"-32.913611111111,-60.706444444444",S/D,,ROSARIO,Rosario,S/D,S/D,II,S/D,S/D,S/D,S/D,S/D,S/D,S/D,S/D,S/D,Contra objeto fijo,S/D,S/D,S/D,S/D,S/D,S/D
2018,6790,2018-06-11,Lunes,0,06:45:00,Ruta Nacional 11,0.0,2,"Moto/Ciclomotor,Vehículo Oficial", ,2,1,0,0,1,0,0,"-32.77306, -60.72936",Ruta,11,CAPITÁN BERMÚDEZ,San Lorenzo,S/D,S/D,XVII,S/D,S/D,S/D,S/D,S/D,S/D,S/D,Amanecer,S/D,De alcance,S/D,Colisión,S/D,S/D,S/D,S/D
2018,6791,2018-06-28,Jueves,0,,,0.0,2,"Automóvil,Moto/Ciclomotor",Angela De Las Casas ,2,1,1,0,0,0,0,"-31.35106, -61.51689",S/D,,SUSANA,Castellanos,S/D,S/D,V,S/D,S/D,S/D,S/D,S/D,S/D,S/D,S/D,S/D,S/D,S/D,S/D,S/D,S/D,S/D,S/D
2018,6792,2018-06-28,Jueves,0,,,0.0,2,"Bicicleta,Automóvil",Avellaneda Y J V Gonzalez,3,2,0,0,1,0,0,"-30.94832, -61.55413",S/D,,SUNCHALES,Castellanos,S/D,S/D,V,S/D,S/D,S/D,S/D,S/D,S/D,S/D,S/D,S/D,S/D,Ciclista,Atropello,S/D,S/D,S/D,S/D
2018,6793,2018-06-28,Jueves,0,,,0.0,2,"Moto/Ciclomotor,Automóvil",Guemes Y Corrientes,2,1,0,0,1,0,0,"-30.86984, -61.35224",S/D,,HUMBERTO 1º,Castellanos,S/D,S/D,V,S/D,S/D,S/D,S/D,S/D,S/D,S/D,S/D,S/D,S/D,S/D,S/D,S/D,S/D,S/D,S/D
2018,6794,2018-06-12,Martes,0,20:00:00,Ruta Provincial 2,23.0,3,"Moto/Ciclomotor,Moto/Ciclomotor,Pickup/Utilitario", ,3,0,2,0,1,0,0,"-31.37831, -60.66204",Ruta,2,ARROYO AGUIAR,La Capital,S/D,S/D,I,S/D,Rural,S/D,S/D,S/D,S/D,S/D,Atardecer,S/D,S/D,S/D,Colisión,S/D,S/D,S/D,S/D
2018,6795,2018-06-12,Martes,0,07:50:00,,0.0,1,Automóvil,FRAY LUIS BELTRÁN 900,3,3,0,0,0,0,0,"-33.035666666667,-61.154972222222",Calle,,CASILDA,Caseros,S/D,S/D,IV,S/D,Urbana,S/D,S/D,S/D,S/D,S/D,Amanecer,S/D,Contra objeto fijo,S/D,Colisión,S/D,S/D,S/D,S/D
2018,6796,2018-06-12,Martes,0,11:55:00,,0.0,2,"Moto/Ciclomotor,Automóvil",Tucuman Y Espa?a,2,1,0,0,1,0,0,"-33.049,-61.165361111111",Calle,,CASILDA,Caseros,S/D,S/D,IV,S/D,Urbana,S/D,S/D,Intersección,S/D,S/D,Diurna,S/D,Lateral,S/D,Colisión,S/D,S/D,S/D,S/D
2018,6797,2018-06-28,Jueves,0,,,0.0,2,"Automóvil,Moto/Ciclomotor",Calle 31-Newbery Y Calle 2-Constituyentes,2,0,0,0,0,0,2,"-29.154,-59.636722222222",S/D,,RECONQUISTA,General Obligado,S/D,S/D,IX,S/D,S/D,S/D,S/D,S/D,S/D,S/D,S/D,S/D,S/D,S/D,S/D,S/D,S/D,S/D,S/D
2018,6798,2018-06-12,Martes,0,,,0.0,2,"Moto/Ciclomotor,Taxi/Remis",General Bartolome Mitre Y Pedernera,2,1,0,0,0,0,1,"-33.03725,-61.175916666667",Calle,,CASILDA,Caseros,S/D,S/D,IV,S/D,Urbana,S/D,S/D,Intersección,S/D,S/D,S/D,S/D,Lateral,S/D,Colisión,S/D,S/D,S/D,S/D
2018,6799,2018-06-28,Jueves,0,,Ruta Provincial 32,0.0,2,"Moto/Ciclomotor,Bicicleta", ,2,0,0,0,0,0,2,"-28.48933, -59.32754",Ruta,32,VILLA OCAMPO,General Obligado,S/D,S/D,IX,S/D,S/D,S/D,S/D,S/D,S/D,S/D,S/D,S/D,S/D,Ciclista,Atropello,S/D,S/D,S/D,S/D
2018,6800,2018-06-12,Martes,0,,,0.0,2,"Automóvil,Automóvil",Washington Y Boulevard Cristobal Colon,5,1,0,0,0,0,4,"-33.05725,-61.164861111111",Calle,,CASILDA,Caseros,S/D,S/D,IV,S/D,Urbana,S/D,S/D,Intersección,S/D,S/D,S/D,S/D,Lateral,S/D,Colisión,S/D,S/D,S/D,S/D
2018,6801,2018-06-28,Jueves,0,,,0.0,1,Moto/Ciclomotor, ,1,0,1,0,0,0,0,"-29.22916, -61.77171",S/D,,TOSTADO,9 de Julio,S/D,S/D,XVII,S/D,S/D,S/D,S/D,S/D,S/D,S/D,S/D,S/D,Atropello animal,S/D,S/D,S/D,S/D,S/D,S/D
2018,6802,2018-07-30,Lunes,0,22:55:00,Autopista Nacional Rosario -Cordoba,0.0,2,"Camión Chasis,Pickup/Utilitario", ,4,2,0,0,2,0,0,"-32.926677616104, -60.900028791147",Autopista,Rosario -Córdoba,ROLDÁN,San Lorenzo,Asfalto,Pavimento,XVII,Dentro,Rural,Ninguna,No existe,Intersección,Bueno,Buena,"Nocturna,Con luz artificial",Buen Tiempo,Lateral,S/D,Colisión,Ninguna,Horizontal,Guardarrail,Sin restricción
2018,6803,2018-07-26,Jueves,0,07:25:00,Autopista Nacional Rosario -Cordoba,0.0,3,"Automóvil,Automóvil,Pickup/Utilitario", ,3,1,0,0,2,0,0,"-32.926677616104, -60.900028791147",Autopista,Rosario -Córdoba,ROLDÁN,San Lorenzo,Asfalto,Pavimento,XVII,Dentro,Urbana,Ninguna,No existe,Intersección,Bueno,Reducida,Diurna,Lluvia,De alcance,S/D,Colisión,Agua,Vertical,Ninguna,Sin restricción
2018,6804,2018-07-20,Viernes,0,16:05:00,,0.0,2,"Automóvil,Moto/Ciclomotor",Bv San Martin Y Rivadavia,4,1,0,0,3,0,0,"-32.900067487124, -60.908807222001",Avenida,,ROLDÁN,San Lorenzo,Asfalto,No existe,XVII,Dentro,Urbana,Ninguna,No existe,Intersección,Bueno,Buena,Diurna,Buen Tiempo,Lateral,S/D,Colisión,Ninguna,Faltante,Cordón divisorio,Sin restricción
2018,6805,2018-04-07,Sabado,0,07:30:00,Ruta Nacional 11,836.0,3,"Moto/Ciclomotor,Automóvil,Camión c / Semirremolque", ,5,0,1,0,2,2,0,"-28.77132,-59.47429",Ruta,11,ARROYO CEIBAL,General Obligado,Asfalto,Natural,IX,Dentro,Rural,Ninguna,No existe,Recta,Ahuellamiento,Buena,Amanecer,Buen Tiempo,Múltiple,S/D,Colisión,Ninguna,Horizontal,Línea divisoria pintada,Sin restricción
2018,6806,2018-07-20,Viernes,0,11:50:00,,0.0,2,"Camión Chasis,Pickup/Utilitario",Lamadrid Y Bv Estanislao Lopez,4,1,0,0,3,0,0,"-32.896698632601, -60.912197534196",Avenida,,ROLDÁN,San Lorenzo,Asfalto,No existe,XVII,Dentro,Urbana,Ninguna,No funciona,Intersección,Bueno,Buena,Diurna,Buen Tiempo,De alcance,S/D,Colisión,Ninguna,Vertical,Ninguna,Sin restricción
2018,6807,2018-07-15,Domingo,0,11:10:00,Autopista Nacional Rosario -Cordoba,320.0,1,Automóvil, ,3,3,0,0,0,0,0,"-32.913253493266, -60.963490342391",Autopista,Rosario -Córdoba,ROLDÁN,San Lorenzo,Asfalto,Natural,XVII,Dentro,Rural,Ninguna,No existe,Curva,Con baches,Buena,Diurna,Buen Tiempo,S/D,S/D,"Vuelco,Despiste",Ninguna,Horizontal,Guardarrail,Sin restricción
2018,6808,2018-04-11,Miercoles,0,17:10:00,,0.0,2,"Bicicleta,Camión",Bv Pellegrini Y Av Pte Peron,2,1,0,0,0,1,0,"-31.6325,-60.71731",Calle,,SANTA FE,La Capital,Asfalto,S/D,I,Dentro,Urbana,S/D,No funciona,Otro,Bueno,Reducida,"Diurna,Con luz artificial",Buen Tiempo,S/D,Ciclista,Atropello,Ninguna,S/D,Ninguna,S/D
2018,6809,2018-07-11,Miercoles,0,11:40:00,Autopista Nacional 9,332.0,2,"Camión c / Acoplado,Bicicleta", ,2,0,1,0,1,0,0,"-32.915656752543, -60.950358247054",Autopista,9,ROLDÁN,San Lorenzo,Asfalto,Natural,XVII,Dentro,Urbana,Ninguna,No existe,Recta,Bueno,Buena,Diurna,Buen Tiempo,S/D,Ciclista,Atropello,Ninguna,Horizontal,Ninguna,Sin restricción
2018,6810,2018-04-11,Miercoles,0,22:40:00,Ruta Provincial 3,59.0,1,Moto/Ciclomotor, ,2,0,1,0,0,1,0,"-28.94059,-60.13369",Ruta,3,GARABATO,Vera,Asfalto,Natural,XIX,Dentro,Rural,Ninguna,No existe,Recta,Bueno,Reducida,Nocturna,Buen Tiempo,S/D,S/D,Caída ocupante,Ninguna,Horizontal,Línea divisoria pintada,Sin restricción
2018,6811,2018-07-20,Viernes,0,08:30:00,,0.0,2,"Moto/Ciclomotor,Taxi/Remis",Salvador del Carril Y Necochea,2,1,0,0,1,0,0,"-31.619940, -60.689258",Calle,,SANTA FE,La Capital,Asfalto,No existe,I,Dentro,Urbana,Otra Señal,No existe,Intersección,Bueno,Buena,Diurna,Buen Tiempo,Lateral,S/D,Colisión,Ninguna,"Horizontal,Vertical",Ninguna,Sin restricción
2018,6812,2018-04-14,Sabado,0,05:55:00,,0.0,1,Moto/Ciclomotor,J.M.de Rosas Y Pujato,1,0,0,0,0,1,0,"-32.90605,-60.72581",Calle,,ROSARIO,Rosario,S/D,S/D,II,S/D,Urbana,S/D,S/D,Recta,S/D,S/D,Diurna,S/D,Contra objeto fijo,S/D,Colisión,S/D,S/D,S/D,S/D
2018,6813,2018-07-01,Domingo,0,02:20:00,,0.0,2,"Moto/Ciclomotor,Moto/Ciclomotor",Bv Sarmiento Y Echague,3,2,1,0,0,0,0,"-32.900076738883, -60.915930907444",Avenida,,ROLDÁN,San Lorenzo,Asfalto,No existe,XVII,Dentro,Urbana,Ninguna,No existe,Intersección,Bueno,Buena,Nocturna,Buen Tiempo,Lateral,S/D,Colisión,Ninguna,Faltante,Ninguna,Sin restricción