anio_acci,nro_acci,fecha,desc_dia,fecha_aprox,hora_aprox,desc_ruta,km,cant_participantes,desc_participante,calle_avenida_km,total,heridos_leves,heridos_graves,heridos_gravisimos,ilesos,fallecidos,sin_datos,posicion_XY,desc_tipo_via,desc_ruta_ori,desc_loc,desc_dpto,desc_tipo_calzada,desc_tipo_banquina,desc_unidad_regional,desc_lugar_calzada,desc_zona,desc_prioridad,desc_estado_semaforo,desc_lugar_via,desc_estado_via,desc_estado_visibilidad,desc_luminosidad,desc_estado_clima,desc_tipo_colision,desc_tipo_atropello,desc_tipo_hecho,desc_pres_calzada,desc_senializacion,desc_separacion_via,desc_restriccion
2018,6814,2018-07-20,Viernes,0,12:45:00,,0.0,3,"Moto/Ciclomotor,Moto/Ciclomotor,Automóvil",Av A del Valle Y J Castelli,3,1,0,0,2,0,0,"-31.606780, -60.693030",Calle,,SANTA FE,La Capital,Asfalto,No existe,I,Dentro,Urbana,Semáforo,Funciona,Intersección,Bueno,Buena,Diurna,Buen Tiempo,"De alcance,Múltiple",S/D,Colisión,Ninguna,"Horizontal,Vertical","Cordón divisorio,Línea divisoria pintada",Sin restricción
2018,6815,2018-07-01,Domingo,0,11:30:00,,0.0,2,"Automóvil,Transporte de Pasajeros Urbano (> 8 asientos)",R Godoy Y Av Gral Paz,2,1,0,0,1,0,0,"-31.618270, -60.684495",Calle,,SANTA FE,La Capital,Asfalto,No existe,I,Dentro,Urbana,Ninguna,No existe,Intersección,Bueno,S/D,Diurna,Buen Tiempo,Lateral,S/D,Colisión,Ninguna,Faltante,Ninguna,Sin restricción
2018,6816,2018-07-02,Lunes,0,19:00:00,,0.0,2,"Automóvil,Automóvil",Alvear Y Pedro Centeno,3,1,0,0,2,0,0,"-31.628769, -60.694134",Calle,,SANTA FE,La Capital,Asfalto,No existe,I,Dentro,Urbana,Ninguna,No existe,Intersección,Bueno,Buena,Nocturna,Buen Tiempo,Lateral,S/D,Colisión,Ninguna,Faltante,Ninguna,Sin restricción
2018,6817,2018-07-07,Sabado,0,18:00:00,,0.0,2,"Moto/Ciclomotor,Pickup/Utilitario",Florencio Fernandez Y Dr Pio Pandolfo,2,1,0,0,1,0,0,"-31.57625,-60.727333333333",Calle,,SANTA FE,La Capital,Hormigón,No existe,I,Dentro,Urbana,Ninguna,No existe,Intersección,Con baches,Reducida,Atardecer,Buen Tiempo,De alcance,S/D,Colisión,Material Suelto,Faltante,Ninguna,Sin restricción
2018,6818,2018-07-15,Domingo,0,16:30:00,,0.0,2,"Pickup/Utilitario,Moto/Ciclomotor",Santa Cruz Y Av Urquiza,2,1,0,0,1,0,0,"-31.581694444444,-60.694416666667",Avenida,,SANTA FE,La Capital,Asfalto,No existe,II,Dentro,Urbana,Ninguna,No existe,Intersección,Bueno,Buena,Diurna,Buen Tiempo,Lateral,S/D,Colisión,Ninguna,Faltante,Ninguna,Sin restricción
2018,6819,2018-07-23,Lunes,0,12:00:00,,0.0,2,"Automóvil,Pickup/Utilitario",Rivadavia Y Angel Cassanello,2,1,0,0,1,0,0,"-31.609627, -60.693293",Calle,,SANTA FE,La Capital,Asfalto,No existe,I,Dentro,Urbana,Ninguna,No existe,Intersección,Bueno,Buena,Diurna,Buen Tiempo,Lateral,S/D,Colisión,Ninguna,Faltante,Ninguna,Sin restricción
2018,6820,2018-04-15,Domingo,0,05:55:00,Ruta Provincial 1,80.1,2,"Transporte de Pasajeros Larga Distancia (Doble Piso),Pickup/Utilitario", ,2,0,1,0,0,1,0,"-31.14155,-60.1321",Ruta,1,CAMPO DEL MEDIO,Garay,Asfalto,Natural,VII,Dentro,Rural,Ninguna,No existe,Recta,Bueno,Buena,"Nocturna,Con luz artificial",Buen Tiempo,Frontal,S/D,Colisión,Ninguna,Horizontal,Línea divisoria pintada,Sin restricción
2018,6821,2018-07-04,Miercoles,0,13:00:00,,0.0,2,"Automóvil,Automóvil",Las Heras Y Quintana,2,1,0,0,1,0,0,"-31.623972, -60.693840",Calle,,SANTA FE,La Capital,Asfalto,No existe,I,Dentro,Urbana,Ninguna,No existe,Intersección,Bueno,Buena,Diurna,Buen Tiempo,Lateral,S/D,Colisión,Ninguna,Vertical,Ninguna,Sin restricción
2018,6822,2018-07-26,Jueves,0,06:30:00,,0.0,2,"Automóvil,Moto/Ciclomotor",Av Blas Parera Y Almonacid,2,1,0,0,1,0,0,"-31.581861111111,-60.726555555556",Avenida,,SANTA FE,La Capital,Asfalto,No existe,I,Dentro,Urbana,Marca Vial,No existe,Intersección,Bueno,Buena,Diurna,Lluvia,Lateral,S/D,Colisión,Agua,Horizontal,Cordón divisorio,Sin restricción
2018,6823,2018-07-27,Viernes,0,09:35:00,,0.0,2,"Automóvil,Moto/Ciclomotor",Lavalle Y Av Galicia,2,1,0,0,1,0,0,"-31.607576, -60.681106",Avenida,,SANTA FE,La Capital,Asfalto,No existe,I,Dentro,Urbana,Ninguna,No existe,Intersección,Bueno,Buena,Diurna,Buen Tiempo,Lateral,S/D,Colisión,Ninguna,Faltante,"Cordón divisorio,Vegetación",Sin restricción
2018,6824,2018-04-16,Lunes,0,20:00:00,Ruta Secundaria 17-s,0.0,2,"Moto/Ciclomotor,Bicicleta", ,2,0,1,0,0,1,0,"-33.12901,-61.01253",Ruta,17-s,CORONEL ARNOLD,San Lorenzo,Asfalto,Natural,XVII,Dentro,Rural,Ninguna,No existe,Recta,Bueno,Buena,Nocturna,Buen Tiempo,S/D,Ciclista,Atropello,Ninguna,Faltante,Línea divisoria pintada,Sin restricción
2018,6825,2018-07-15,Domingo,0,15:20:00,Ruta Nacional 11,0.0,2,"Moto/Ciclomotor,Moto/Ciclomotor",Av Blas Parera Y Florencio Fernandez,3,3,0,0,0,0,0,"-31.576194444444,-60.728166666667",Ruta,11,SANTA FE,La Capital,Asfalto,No existe,I,Dentro,Urbana,Semáforo,Funciona,Intersección,Bueno,Buena,Diurna,Buen Tiempo,De alcance,S/D,Colisión,Ninguna,Vertical,Ninguna,Sin restricción
2018,6826,2018-07-18,Miercoles,0,19:15:00,,0.0,2,"Pickup/Utilitario,Moto/Ciclomotor",Ayacucho Y 1ro de Mayo,2,1,0,0,1,0,0,"-31.596444444444,-60.696166666667",Calle,,SANTA FE,La Capital,"Tierra,Ripio",No existe,I,Dentro,Urbana,Ninguna,No existe,Intersección,Deteriorada,Buena,"Nocturna,Con luz artificial",Buen Tiempo,Lateral,S/D,Colisión,Material Suelto,Faltante,Ninguna,Sin restricción
2018,6827,2018-07-28,Sabado,0,17:30:00,,0.0,2,"Automóvil,Moto/Ciclomotor",Derqui Y Mitre,2,1,0,0,1,0,0,"-31.618998, -60.685566",Calle,,SANTA FE,La Capital,Asfalto,No existe,I,Dentro,Urbana,Ninguna,No existe,Intersección,Bueno,Buena,Diurna,Buen Tiempo,Lateral,S/D,Colisión,Ninguna,Faltante,Ninguna,Sin restricción
2018,6828,2018-07-02,Lunes,0,09:30:00,,0.0,2,"Moto/Ciclomotor,Automóvil",Reg 12 de Infanteria Y San Jose,2,1,0,0,1,0,0,"-31.594694444444,-60.708083333333",Calle,,SANTA FE,La Capital,Asfalto,Pavimento,I,Dentro,Urbana,Ninguna,No existe,Intersección,Bueno,Buena,Diurna,Buen Tiempo,Lateral,S/D,Colisión,Ninguna,Faltante,Cordón divisorio,Sin restricción
2018,6829,2018-07-29,Domingo,0,11:40:00,,0.0,2,"Moto/Ciclomotor,Taxi/Remis",J P Lopez Y Sarmiento,2,1,0,0,1,0,0,"-31.610353, -60.685296",Calle,,SANTA FE,La Capital,Asfalto,No existe,I,Dentro,Urbana,Ninguna,No existe,Intersección,Bueno,Buena,Diurna,Buen Tiempo,Lateral,S/D,Colisión,Ninguna,Faltante,Ninguna,Sin restricción
2018,6830,2018-07-20,Viernes,0,22:30:00,,0.0,2,"Automóvil,Moto/Ciclomotor",Padre Genesio Y Av A del Valle,2,1,0,0,1,0,0,"-31.600277777778,-60.691722222222",Avenida,,SANTA FE,La Capital,Asfalto,No existe,I,Dentro,Urbana,S/D,No existe,Intersección,Bueno,Buena,"Nocturna,Con luz artificial",Buen Tiempo,Lateral,S/D,Colisión,Ninguna,Faltante,Ninguna,S/D
2018,6831,2018-07-30,Lunes,0,15:45:00,,0.0,2,"Automóvil,Moto/Ciclomotor",Agustin Delgado Y Lavalle,3,2,0,0,1,0,0,"-31.623764, -60.685877",Calle,,SANTA FE,La Capital,Asfalto,No existe,I,Dentro,Urbana,Ninguna,No existe,Intersección,Bueno,Buena,Diurna,Buen Tiempo,Lateral,S/D,Colisión,Ninguna,Faltante,Ninguna,Sin restricción
2018,6832,2018-07-02,Lunes,0,16:15:00,,0.0,2,"Moto/Ciclomotor,Automóvil",Azcuenaga Y Av Pe?aloza,3,2,0,0,1,0,0,"-31.590083333333,-60.711666666667",Avenida,,SANTA FE,La Capital,Asfalto,Pavimento,I,Dentro,Urbana,Ninguna,No existe,Intersección,Bueno,Buena,Diurna,Buen Tiempo,Lateral,S/D,Colisión,Ninguna,Faltante,Cordón divisorio,Sin restricción
2018,6833,2018-07-05,Jueves,0,17:20:00,,0.0,2,"Moto/Ciclomotor,Moto/Ciclomotor",Av Pe?aloza Y Pavon,2,2,0,0,0,0,0,"-31.591972222222,-60.711805555556",Avenida,,SANTA FE,La Capital,Asfalto,No existe,I,Dentro,Rural,Ninguna,No existe,Intersección,Bueno,Buena,Atardecer,Buen Tiempo,Lateral,S/D,Colisión,Ninguna,Faltante,Cordón divisorio,Sin restricción
2018,6834,2018-04-21,Sabado,0,03:30:00,Ruta Secundaria 40-s,0.0,1,Automóvil, ,4,0,2,0,0,2,0,"-32.15705,-61.94211",Ruta,40-s,PIAMONTE,San Martín,Asfalto,Natural,XVIII,Fuera,Rural,Ninguna,No existe,Recta,Bueno,Buena,Nocturna,Buen Tiempo,S/D,S/D,Vuelco,Ninguna,Vertical,Vegetación,Sin restricción
2018,6835,2018-07-22,Domingo,0,20:15:00,,0.0,2,"Automóvil,Moto/Ciclomotor",Av A del Valle 8500,2,1,0,0,1,0,0,"-31.589194444444,-60.691888888889",Avenida,,SANTA FE,La Capital,Asfalto,No existe,I,Dentro,Urbana,Ninguna,No existe,Recta,Bueno,Reducida,"Nocturna,Con luz artificial",Buen Tiempo,Lateral,S/D,Colisión,Ninguna,S/D,Ninguna,Sin restricción
2018,6836,2018-07-24,Martes,0,19:50:00,Ruta Nacional 11,0.0,2,"Moto/Ciclomotor,Moto/Ciclomotor",Martin Zavalla Y Avenida Nuestra Se?ora del Luj,2,2,0,0,0,0,0,"-31.684907, -60.778428",Ruta,11,SANTO TOMÉ,La Capital,Asfalto,Natural,I,Dentro,Urbana,Ninguna,No existe,Intersección,Bueno,Buena,Diurna,Buen Tiempo,Lateral,S/D,Colisión,Ninguna,Faltante,Ninguna,Sin restricción
2018,6837,2018-04-22,Domingo,0,06:55:00,Autopista Nacional A012,64.0,1,Pickup/Utilitario, ,1,0,0,0,0,1,0,"-32.76365,-60.75975",Autopista,A012,SAN LORENZO,San Lorenzo,S/D,S/D,XVII,S/D,Rural,S/D,S/D,S/D,S/D,S/D,Diurna,S/D,Contra objeto fijo,S/D,Colisión,S/D,S/D,S/D,S/D
2018,6838,2018-04-27,Viernes,0,19:30:00,Ruta Nacional 11,428.0,2,"Camión c / Acoplado,Bicicleta", ,2,0,0,0,1,1,0,"-31.92452,-60.90942",Ruta,11,CORONDA,San Jerónimo,Asfalto,Natural,XV,Dentro,Rural,S/D,S/D,Recta,Deteriorada,Reducida,Nocturna,Buen Tiempo,Lateral,Ciclista,Atropello,Ninguna,Vertical,Línea divisoria pintada,Sin restricción
2018,6839,2018-04-29,Domingo,0,07:50:00,Ruta Provincial 2,23.5,2,"Moto/Ciclomotor,Automóvil", ,5,4,0,0,0,1,0,"-31.36222,-60.66173",Ruta,2,ARROYO AGUIAR,La Capital,Asfalto,Natural,I,Dentro,Rural,Policía de tránsito,No existe,Recta,Bueno,Buena,Diurna,Lluvia,Frontal,S/D,Colisión,Agua,S/D,Línea divisoria pintada,Accidente Previo
2018,6840,2018-07-28,Sabado,0,01:10:00,Ruta Nacional 11,0.0,2,"Automóvil,Moto/Ciclomotor",Austria Y Ruta Nac 11,2,1,0,0,1,0,0,"-31.726305487752, -60.812905751257",Ruta,11,SAUCE VIEJO,La Capital,Asfalto,No existe,I,Dentro,Urbana,Ninguna,No existe,Recta,Bueno,Buena,Diurna,Buen Tiempo,Lateral,S/D,Colisión,Ninguna,Horizontal,Línea divisoria pintada,Sin restricción
2018,6841,2018-04-30,Lunes,0,13:20:00,Ruta Provincial 2,299.0,2,"Automóvil,Camión c / Acoplado",RP 17 km 34 ,4,0,1,0,1,2,0,"-29.67753,-61.66437",Ruta,2,ESTEBAN RAMS,9 de Julio,Asfalto,Natural,XII,Dentro,Rural,Señal Ceda el Paso,No existe,Cruce,Bueno,Buena,Diurna,Lluvia,Lateral,S/D,"Colisión,Vuelco",Agua,S/D,Línea divisoria pintada,Sin restricción
2018,6842,2018-07-04,Miercoles,0,18:30:00,,0.0,2,"Pickup/Utilitario,Moto/Ciclomotor",Calle 16 - Curupi Y Orquideas,4,2,0,0,2,0,0,"-31.721794, -60.807185",Calle,,SAUCE VIEJO,La Capital,Ripio,No existe,I,Dentro,Urbana,Ninguna,No existe,Intersección,Bueno,Buena,Atardecer,Buen Tiempo,Lateral,S/D,Colisión,Ninguna,Faltante,Ninguna,Sin restricción
2018,6843,2018-07-13,Viernes,0,15:30:00,,0.0,1,Moto/Ciclomotor,Roque Saenz Pe?a Y Azcuenaga,1,1,0,0,0,0,0,"-31.658946, -60.772045",Calle,,SANTO TOMÉ,La Capital,Ripio,No existe,I,Dentro,Urbana,Ninguna,No existe,Intersección,Bueno,Buena,Diurna,Buen Tiempo,S/D,S/D,Caída ocupante,Ninguna,Faltante,Ninguna,Sin restricción
2018,6844,2018-07-21,Sabado,0,09:40:00,Autopista Provincial Brigadier E.López,0.0,2,"Automóvil,Bicicleta", ,2,1,0,0,1,0,0,"-31.663680, -60.796963",Autopista,Brigadier E.López,SANTO TOMÉ,La Capital,Asfalto,Pavimento,I,Dentro,Urbana,Ninguna,No existe,Recta,Bueno,Buena,Diurna,Buen Tiempo,S/D,Ciclista,Atropello,Ninguna,S/D,Ninguna,Sin restricción
2018,6845,2018-04-15,Domingo,0,19:06:00,,0.0,2,"Automóvil,Moto/Ciclomotor",Av. Jorge Newbery Y Gonzalez del Solar,2,0,0,0,1,1,0,"-32.908585, -60.737810",Avenida,,ROSARIO,Rosario,S/D,S/D,II,S/D,Urbana,S/D,S/D,Intersección,S/D,S/D,Nocturna,S/D,S/D,S/D,Colisión,S/D,S/D,S/D,S/D
2018,6846,2018-07-02,Lunes,0,10:30:00,,0.0,2,"Moto/Ciclomotor,Automóvil",Hernandarias 1900,3,1,0,0,2,0,0,"-31.673831, -60.763045",Calle,,SANTO TOMÉ,La Capital,Asfalto,No existe,I,Dentro,Urbana,Semáforo,Funciona,Recta,Bueno,Buena,Diurna,Buen Tiempo,De alcance,S/D,Colisión,Agua,Faltante,Ninguna,Sin restricción
2018,6847,2018-07-16,Lunes,0,13:40:00,,0.0,2,"Moto/Ciclomotor,Automóvil",Candioti Y Balcarce,2,1,0,0,1,0,0,"-31.678580, -60.756660",Calle,,SANTA FE,La Capital,Asfalto,No existe,I,Dentro,Urbana,Ninguna,No existe,Intersección,Bueno,Buena,Diurna,Buen Tiempo,Lateral,S/D,Colisión,Ninguna,Faltante,Ninguna,Sin restricción
2018,6848,2018-07-10,Martes,0,21:30:00,,0.0,2,"Moto/Ciclomotor,Automóvil",12 de septiembre Y Centenario,2,1,0,0,1,0,0,"-31.680987, -60.765176",Calle,,SANTO TOMÉ,La Capital,Asfalto,No existe,I,Dentro,Urbana,Ninguna,No existe,Intersección,Bueno,Buena,Diurna,Buen Tiempo,De alcance,S/D,Colisión,Ninguna,Faltante,Ninguna,Sin restricción
2018,6849,2018-07-21,Sabado,0,01:40:00,,0.0,2,"Moto/Ciclomotor,Taxi/Remis",Cordoba Y Alberdi,3,2,0,0,1,0,0,"-31.680647, -60.772471",Calle,,SANTA FE,La Capital,Asfalto,No existe,I,Dentro,Urbana,Ninguna,No existe,Recta,Resbaladiza,Buena,Nocturna,Buen Tiempo,De alcance,S/D,Colisión,Agua,Faltante,Ninguna,Sin restricción
2018,6850,2018-08-01,Miercoles,0,10:00:00,,0.0,2,"Automóvil,Moto/Ciclomotor",Calle 26-Bolivar Y Calle 35-Espa?a,2,1,0,0,1,0,0,"-29.15448,-59.65251",Calle,,RECONQUISTA,General Obligado,S/D,S/D,IX,S/D,Urbana,S/D,S/D,Intersección,S/D,S/D,S/D,S/D,S/D,S/D,Colisión,S/D,S/D,S/D,S/D
2018,6851,2018-07-31,Martes,0,08:00:00,,0.0,2,"Moto/Ciclomotor,Moto/Ciclomotor",Calle 47-Islas Malvinas Y Calle 68-Armada Argentina,3,3,0,0,0,0,0,"-29.158388888889,-59.677111111111",Calle,,RECONQUISTA,General Obligado,S/D,S/D,IX,S/D,Urbana,S/D,S/D,Intersección,S/D,S/D,S/D,S/D,S/D,S/D,Colisión,S/D,S/D,S/D,S/D
2018,6852,2018-08-01,Miercoles,0,,,0.0,2,"Camión,Camión", ,2,1,0,0,1,0,0,"-31.39914, -61.08174",S/D,,HUMBOLDT,Las Colonias,S/D,S/D,XI,S/D,S/D,S/D,S/D,S/D,S/D,S/D,S/D,S/D,S/D,S/D,Colisión,S/D,S/D,S/D,S/D
2018,6853,2018-06-12,Martes,0,,,0.0,2,"Moto/Ciclomotor,Moto/Ciclomotor",Juan B Justo Y Ituzaingo,2,1,0,0,1,0,0,"-31.258694444444,-61.495611111111",Calle,,RAFAELA,Castellanos,S/D,S/D,V,S/D,Urbana,S/D,S/D,Intersección,S/D,S/D,S/D,S/D,S/D,S/D,Colisión,S/D,S/D,S/D,S/D
2018,6854,2018-08-01,Miercoles,0,20:00:00,,0.0,2,"Moto/Ciclomotor,Moto/Ciclomotor",SAN JUAN Y SANTA FE,4,2,2,0,0,0,0,"-32.135426525246, -60.983752709350",Calle,,SAN FABIÁN,San Jerónimo,S/D,S/D,XV,S/D,Urbana,S/D,S/D,Intersección,S/D,S/D,S/D,S/D,S/D,S/D,Colisión,S/D,S/D,S/D,S/D
2018,6855,2018-06-28,Jueves,0,,,0.0,2,"Camión,Moto/Ciclomotor",Avenida Nuestra Se?ora del Luj 3100,3,1,0,0,2,0,0,"-31.675638888889,-60.771138888889",S/D,,SANTO TOMÉ,La Capital,S/D,S/D,I,S/D,S/D,S/D,S/D,S/D,S/D,S/D,S/D,S/D,S/D,S/D,S/D,S/D,S/D,S/D,S/D
2018,6856,2018-08-01,Miercoles,0,,,0.0,1,Moto/Ciclomotor,Av Blas Parera Y Pje Cayasta,4,3,0,0,1,0,0,"-31.598055555556,-60.722472222222",Calle,,SANTA FE,La Capital,S/D,S/D,I,S/D,Urbana,S/D,S/D,Intersección,S/D,S/D,S/D,S/D,S/D,S/D,Caída ocupante,S/D,S/D,S/D,S/D
2018,6857,2018-06-28,Jueves,0,,,0.0,3,"Automóvil,Automóvil,Taxi/Remis",Av. Pellegrini 8000,7,1,0,0,6,0,0,"-32.949111111111,-60.733027777778",S/D,,ROSARIO,Rosario,S/D,S/D,II,S/D,S/D,S/D,S/D,S/D,S/D,S/D,S/D,S/D,S/D,S/D,S/D,S/D,S/D,S/D,S/D
2018,6858,2018-06-12,Martes,0,07:30:00,,0.0,2,"Bicicleta,Moto/Ciclomotor",Pasaje 46-48 Y CAlle 37-Bvard. lovato,2,1,0,0,0,0,1,"-29.153861111111,-59.666277777778",Calle,,RECONQUISTA,General Obligado,S/D,S/D,IX,S/D,Urbana,S/D,S/D,Intersección,S/D,S/D,S/D,S/D,S/D,S/D,Colisión,S/D,S/D,S/D,S/D
2018,6859,2018-08-02,Jueves,0,17:00:00,,0.0,2,"Automóvil,Moto/Ciclomotor",Baigorria Y Bv. Rondeau,2,1,0,0,1,0,0,"-32.8915,-60.693166666667",Calle,,ROSARIO,Rosario,S/D,S/D,II,S/D,Urbana,S/D,S/D,Intersección,S/D,S/D,S/D,S/D,S/D,S/D,Colisión,S/D,S/D,S/D,S/D
2018,6860,2018-05-22,Martes,0,16:30:00,Ruta Nacional 34,0.0,2,"Camión c / Acoplado,Transporte de Pasajeros Larga Distancia (> 8 asientos)", ,4,2,0,0,2,0,0,"-31.4238, -61.54639",Ruta,34,SUSANA,Castellanos,Asfalto,Natural,V,Dentro,Rural,Ninguna,No existe,Recta,S/D,S/D,Diurna,S/D,S/D,S/D,Colisión,S/D,S/D,S/D,Sin restricción
2018,6861,2018-06-29,Viernes,0,,,0.0,2,"Moto/Ciclomotor,Moto/Ciclomotor",Av Lopez y Planes 4000,2,2,0,0,0,0,0,"-31.628527777778,-60.713722222222",S/D,,SANTA FE,La Capital,S/D,S/D,I,S/D,S/D,S/D,S/D,S/D,S/D,S/D,S/D,S/D,S/D,S/D,S/D,S/D,S/D,S/D,S/D
2018,6862,2018-07-31,Martes,0,21:15:00,,0.0,2,"Moto/Ciclomotor,Automóvil",CORAZON RODRIGUEZ Y CACIQUE MIGUEL GOMEZ,3,2,0,0,1,0,0,"-28.3837, -59.26376",Calle,,SAN ANTONIO DE OBLIGADO,General Obligado,S/D,S/D,IX,S/D,Urbana,S/D,S/D,S/D,S/D,S/D,S/D,S/D,S/D,S/D,Colisión,S/D,S/D,S/D,S/D
2018,6863,2018-05-24,Jueves,0,16:30:00,,190.0,2,"Camión c / Acoplado,Pickup/Utilitario", ,6,2,0,0,4,0,0,"-31.3193, -61.52117",Calle,,SUSANA,Castellanos,Asfalto,Natural,V,Dentro,Rural,Ninguna,No existe,Recta,S/D,S/D,Diurna,S/D,S/D,S/D,Colisión,S/D,S/D,S/D,Sin restricción
2018,6864,2018-06-29,Viernes,0,,,0.0,2,"Automóvil,Camión",Mendoza Y Donado,3,1,0,0,2,0,0,"-32.940694444444,-60.726972222222",S/D,,ROSARIO,Rosario,S/D,S/D,II,S/D,S/D,S/D,S/D,S/D,S/D,S/D,S/D,S/D,S/D,S/D,S/D,S/D,S/D,S/D,S/D
2018,6865,2018-06-11,Lunes,0,10:15:00,Ruta Nacional 11,0.0,2,"Moto/Ciclomotor,Automóvil",Ruta Nacional 11 ,3,0,1,0,2,0,0,"-29.1563, -59.65783",Ruta,11,RECONQUISTA,General Obligado,S/D,S/D,IX,S/D,Urbana,S/D,S/D,S/D,S/D,S/D,Diurna,S/D,S/D,S/D,Colisión,S/D,S/D,S/D,S/D
2018,6866,2018-06-29,Viernes,0,,,0.0,2,"Automóvil,Automóvil", ,2,1,0,0,1,0,0,"-33.24623, -61.35703",S/D,,CHABAS,Caseros,S/D,S/D,IV,S/D,S/D,S/D,S/D,S/D,S/D,S/D,S/D,S/D,S/D,S/D,S/D,S/D,S/D,S/D,S/D
2018,6867,2018-06-29,Viernes,0,,Ruta Nacional 11,0.0,1,Moto/Ciclomotor,URQUIZA ,2,0,2,0,0,0,0,"-32.00336, -60.92997",Ruta,11,CORONDA,San Jerónimo,S/D,S/D,XV,S/D,S/D,S/D,S/D,S/D,S/D,S/D,S/D,S/D,S/D,S/D,Vuelco,S/D,S/D,S/D,S/D
2018,6868,2018-06-30,Sabado,0,,,0.0,2,"Moto/Ciclomotor,Pickup/Utilitario",Pje. Casaccia Y Av. Ovidio Lagos,2,1,0,0,1,0,0,"-32.99955, -60.67301",S/D,,ROSARIO,Rosario,S/D,S/D,II,S/D,S/D,S/D,S/D,S/D,S/D,S/D,S/D,S/D,S/D,S/D,S/D,S/D,S/D,S/D,S/D
2018,6869,2018-05-24,Jueves,0,08:15:00,Ruta Nacional 11,481.0,3,"Moto/Ciclomotor,Automóvil,Pickup/Utilitario",Ruta Nacional 11 ,3,3,0,0,0,0,0,"-31.52955, -60.72262",Ruta,11,RECREO,La Capital,S/D,Ripio,I,Dentro,Urbana,S/D,No existe,Recta,S/D,S/D,Diurna,S/D,Múltiple,S/D,Colisión,S/D,S/D,S/D,S/D
2018,6870,2018-06-12,Martes,0,17:45:00,,0.0,1,Moto/Ciclomotor,Balcarce Y E del Campo,2,1,1,0,0,0,0,"-32.030293892601, -61.207418892192",Calle,,GÁLVEZ,San Jerónimo,S/D,S/D,XV,S/D,Urbana,S/D,S/D,Intersección,S/D,S/D,Atardecer,S/D,S/D,S/D,Caída ocupante,S/D,S/D,S/D,S/D
2018,6871,2018-06-30,Sabado,0,07:50:00,,0.0,2,"Moto/Ciclomotor,Peatón",Bv. Avellaneda 4300,2,0,2,0,0,0,0,"-32.98275,-60.688472222222",S/D,,ROSARIO,Rosario,S/D,S/D,II,S/D,S/D,S/D,S/D,S/D,S/D,S/D,S/D,S/D,S/D,Peatón,Atropello,S/D,S/D,S/D,S/D
2018,6872,2018-05-22,Martes,0,19:00:00,,0.0,2,"Moto/Ciclomotor,Automóvil", ,2,1,0,0,1,0,0,"-32.82109, -61.39524",S/D,,CAÑADA DE GÓMEZ,Iriondo,S/D,S/D,X,S/D,S/D,S/D,S/D,S/D,S/D,S/D,Atardecer,S/D,S/D,S/D,Colisión,S/D,S/D,S/D,S/D
2018,6873,2018-05-23,Miercoles,0,,Autopista Provincial Brigadier E.López,13.0,1,Automóvil, ,1,1,0,0,0,0,0,"-32.77692, -60.74756",Autopista,Brigadier E.López,FRAY LUIS BELTRÁN,San Lorenzo,Asfalto,Natural,XVII,Fuera,Rural,S/D,No existe,Recta,Bueno,S/D,S/D,S/D,S/D,S/D,Vuelco,S/D,S/D,S/D,S/D
2018,6874,2018-06-13,Miercoles,0,,,0.0,2,"Bicicleta,Pickup/Utilitario",Av A del Valle Y Vieytes,2,1,0,0,1,0,0,"-31.603083333333,-60.692",Calle,,SANTA FE,La Capital,S/D,S/D,I,S/D,Urbana,S/D,S/D,Intersección,S/D,S/D,S/D,S/D,S/D,Ciclista,Atropello,S/D,S/D,S/D,S/D
2018,6875,2018-06-13,Miercoles,0,08:10:00,,0.0,2,"Automóvil,Automóvil",Av. Jorge Newbery Y Tarragona Bis,2,2,0,0,0,0,0,"-32.908666666667,-60.735444444444",Calle,,ROSARIO,Rosario,S/D,S/D,II,S/D,Urbana,S/D,S/D,Intersección,S/D,S/D,Diurna,S/D,S/D,S/D,Colisión,S/D,S/D,S/D,S/D
2018,6876,2018-08-02,Jueves,0,,,0.0,2,"Automóvil,Moto/Ciclomotor", ,2,1,0,0,1,0,0,"-31.56995, -61.37627",S/D,,SA PEREIRA,Las Colonias,S/D,S/D,XI,S/D,S/D,S/D,S/D,S/D,S/D,S/D,S/D,S/D,S/D,S/D,Colisión,S/D,S/D,S/D,S/D
2018,6877,2018-05-27,Domingo,0,,,0.0,2,"Moto/Ciclomotor,Automóvil",Rotania Y Sarmiento,2,0,1,0,1,0,0,"-30.94861, -61.55963",Calle,,SUNCHALES,Castellanos,Asfalto,No existe,V,Dentro,Urbana,Ninguna,S/D,Intersección,S/D,S/D,S/D,S/D,De alcance,S/D,Colisión,S/D,S/D,S/D,S/D
2018,6878,2018-06-13,Miercoles,0,,,0.0,2,"Automóvil,Automóvil", ,2,0,0,0,0,0,2,"-31.72566, -61.09139",S/D,,SAN CARLOS CENTRO,Las Colonias,S/D,S/D,XI,S/D,S/D,S/D,S/D,S/D,S/D,S/D,S/D,S/D,S/D,S/D,Colisión,S/D,S/D,S/D,S/D
2018,6879,2018-05-27,Domingo,0,16:15:00,Ruta Provincial 91,0.0,1,Automóvil, ,3,1,0,0,2,0,0,"-32.814852, -61.334284",Ruta,91,CAÑADA DE GÓMEZ,Iriondo,Asfalto,Pavimento,X,Dentro,Rural,Ninguna,No existe,Recta,S/D,S/D,Diurna,S/D,S/D,S/D,Vuelco,S/D,S/D,S/D,Sin restricción
2018,6880,2018-06-17,Domingo,0,06:00:00,Ruta Nacional 19,145.0,1,Moto/Ciclomotor, ,2,2,0,0,0,0,0,"-31.66726, -60.79957",Ruta,19,SANTO TOMÉ,La Capital,S/D,S/D,I,S/D,S/D,S/D,S/D,S/D,S/D,S/D,S/D,S/D,S/D,S/D,S/D,S/D,S/D,S/D,S/D
2018,6881,2018-07-10,Martes,0,22:15:00,,0.0,2,"Automóvil,Moto/Ciclomotor",Av Pe?aloza 9763,2,1,0,0,1,0,0,"-31.573472222222,-60.710222222222",Avenida,,SANTA FE,La Capital,Tierra,No existe,I,Dentro,Urbana,Ninguna,No existe,Recta,S/D,S/D,Nocturna,S/D,S/D,S/D,Colisión,S/D,Faltante,Ninguna,Sin restricción