anio_acci,nro_acci,fecha,desc_dia,fecha_aprox,hora_aprox,desc_ruta,km,cant_participantes,desc_participante,calle_avenida_km,total,heridos_leves,heridos_graves,heridos_gravisimos,ilesos,fallecidos,sin_datos,posicion_XY,desc_tipo_via,desc_ruta_ori,desc_loc,desc_dpto,desc_tipo_calzada,desc_tipo_banquina,desc_unidad_regional,desc_lugar_calzada,desc_zona,desc_prioridad,desc_estado_semaforo,desc_lugar_via,desc_estado_via,desc_estado_visibilidad,desc_luminosidad,desc_estado_clima,desc_tipo_colision,desc_tipo_atropello,desc_tipo_hecho,desc_pres_calzada,desc_senializacion,desc_separacion_via,desc_restriccion
2018,6882,2018-07-14,Sabado,0,01:15:00,,0.0,1,Moto/Ciclomotor,Av Pe?aloza Y Combatientes de Malvinas,1,1,0,0,0,0,0,"-31.573527777778,-60.710361111111",Avenida,,SANTA FE,La Capital,Tierra,No existe,I,Dentro,Urbana,Ninguna,No existe,Intersección,S/D,S/D,Nocturna,S/D,Contra objeto fijo,S/D,Colisión,S/D,Faltante,Ninguna,Sin restricción
2018,6883,2018-07-30,Lunes,0,14:30:00,,0.0,2,"Pickup/Utilitario,Moto/Ciclomotor",Gorriti Y Bernardo de Irigoyen,2,1,0,0,1,0,0,"-31.584305555556,-60.720305555556",Avenida,,SANTA FE,La Capital,Asfalto,No existe,I,Dentro,Urbana,Ninguna,No existe,Intersección,S/D,S/D,Diurna,S/D,S/D,S/D,Colisión,S/D,Faltante,Cordón divisorio,Sin restricción
2018,6884,2018-04-02,Lunes,0,19:50:00,Ruta Secundaria 41-s,0.0,1,Moto/Ciclomotor,Ruta Nacional 11 ,1,0,0,0,0,1,0,"-29.23032,-59.72275",Ruta,41-s,RECONQUISTA,General Obligado,Asfalto,Pavimento,IX,S/D,Rural,Ninguna,No existe,Cruce,Bueno,S/D,Nocturna,S/D,Contra objeto fijo,S/D,Colisión,Ninguna,Faltante,"Ninguna,S/D",Sin restricción
2018,6885,2018-07-31,Martes,0,17:45:00,,0.0,2,"Moto/Ciclomotor,Automóvil",Gorriti 4600,2,1,0,0,1,0,0,"-31.584833333333,-60.716694444444",Avenida,,SANTA FE,La Capital,Asfalto,No existe,I,Dentro,Urbana,Ninguna,No existe,Intersección,S/D,S/D,Diurna,S/D,S/D,S/D,Colisión,S/D,Faltante,Cordón divisorio,Sin restricción
2018,6886,2018-04-03,Martes,0,16:00:00,,0.0,2,"Camión,Peatón",Alsina 2000,2,0,0,0,1,1,0,"-32.95384,-60.68003",Calle,,ROSARIO,Rosario,Asfalto,No existe,II,S/D,Urbana,Ninguna,No existe,S/D,Bueno,S/D,Diurna,S/D,S/D,Peatón,Atropello,Ninguna,Faltante,"Ninguna,S/D",Sin restricción
2018,6887,2018-07-28,Sabado,0,23:10:00,,0.0,2,"Moto/Ciclomotor,Automóvil",Azopardo Y Alberti,2,1,0,0,1,0,0,"-31.595888888889,-60.720694444444",Calle,,SANTA FE,La Capital,Tierra,No existe,I,Dentro,Urbana,Ninguna,No existe,Intersección,Deteriorada,Reducida,Nocturna,Buen Tiempo,Lateral,S/D,Colisión,Ninguna,Faltante,Ninguna,Sin restricción
2018,6888,2018-04-04,Miercoles,0,18:30:00,Ruta Provincial 14,0.0,2,"Pickup/Utilitario,Moto/Ciclomotor", ,2,0,0,0,1,1,0,"-34.03506,-61.93039",Ruta,14,MARÍA TERESA,General López,Asfalto,Natural,VIII,S/D,Rural,Ninguna,No existe,Recta,Bueno,S/D,Atardecer,S/D,Frontal,S/D,Colisión,Ninguna,Faltante,"Ninguna,S/D",Sin restricción
2018,6889,2018-07-16,Lunes,0,18:10:00,,0.0,2,"Moto/Ciclomotor,Otros",Estrada Y Boneo,2,1,0,0,0,0,1,"-31.599444444444,-60.717555555556",Calle,,SANTA FE,La Capital,Asfalto,No existe,I,Dentro,Urbana,Ninguna,No existe,Intersección,Bueno,Buena,Diurna,Buen Tiempo,Lateral,S/D,Colisión,Ninguna,Faltante,Ninguna,Sin restricción
2018,6890,2018-04-05,Jueves,0,13:30:00,,0.0,1,Pickup/Utilitario, ,2,1,0,0,0,1,0,"-30.82659,-61.74599",S/D,,TACURAL,Castellanos,S/D,S/D,V,S/D,Rural,S/D,S/D,S/D,S/D,S/D,Diurna,S/D,S/D,S/D,Vuelco,S/D,S/D,S/D,S/D
2018,6891,2018-07-25,Miercoles,0,19:30:00,,0.0,2,"Moto/Ciclomotor,Automóvil",Av Blas Parera Y Boneo,2,1,0,0,0,0,1,"-31.598888888889,-60.722166666667",Avenida,,SANTA FE,La Capital,Hormigón,No existe,I,Dentro,Urbana,Ninguna,No existe,Intersección,Bueno,Buena,Nocturna,Lluvia,Otro,S/D,Colisión,Ninguna,Faltante,Cordón divisorio,Sin restricción
2018,6892,2018-07-04,Miercoles,0,20:10:00,Ruta Nacional 11,0.0,2,"Moto/Ciclomotor,Peatón",Av Blas Parera Y J Castelli,3,3,0,0,0,0,0,"-31.600527777778,-60.721666666667",Ruta,11,SANTA FE,La Capital,Asfalto,No existe,I,S/D,Urbana,Semáforo,Funciona,Intersección,Bueno,Buena,Nocturna,S/D,S/D,Peatón,Atropello,Ninguna,"Horizontal,Vertical",Cordón divisorio,Sin restricción
2018,6893,2018-04-07,Sabado,0,20:30:00,Ruta Provincial 14,0.0,2,"Automóvil,Moto/Ciclomotor", ,2,0,0,0,1,1,0,"-34.34829,-62.08296",Ruta,14,SAN GREGORIO,General López,S/D,S/D,VIII,S/D,Rural,S/D,S/D,S/D,S/D,S/D,Nocturna,S/D,Frontal,S/D,Colisión,S/D,S/D,S/D,S/D
2018,6894,2018-07-01,Domingo,0,16:23:00,,0.0,2,"Moto/Ciclomotor,Moto/Ciclomotor",Av Blas Parera Y Millan Medina,2,2,0,0,0,0,0,"-31.593277777778,-60.723638888889",Avenida,,SANTA FE,La Capital,Asfalto,No existe,I,Dentro,Urbana,Semáforo,Funciona,Intersección,Bueno,S/D,Diurna,Buen Tiempo,S/D,S/D,Colisión,S/D,Vertical,Cordón divisorio,Sin restricción
2018,6895,2018-07-03,Martes,0,19:10:00,,0.0,2,"Moto/Ciclomotor,Pickup/Utilitario",Arzeno Y Ayacucho,3,2,0,0,1,0,0,"-31.589555555556,-60.731027777778",Calle,,SANTA FE,La Capital,Asfalto,No existe,I,Dentro,Urbana,S/D,S/D,Intersección,Bueno,Buena,Nocturna,S/D,S/D,S/D,Colisión,Ninguna,S/D,S/D,S/D
2018,6896,2018-07-13,Viernes,0,09:20:00,Ruta Nacional 11,0.0,2,"Moto/Ciclomotor,Automóvil",Av Blas Parera Y Gorostiaga,2,1,0,0,1,0,0,"-31.606239595770, -60.720462504977",Ruta,11,SANTA FE,La Capital,Asfalto,No existe,I,Dentro,Urbana,Ninguna,No existe,Intersección,Bueno,Buena,Diurna,Buen Tiempo,Otro,S/D,Colisión,Ninguna,Faltante,Cordón divisorio,Sin restricción
2018,6897,2018-07-07,Sabado,0,13:50:00,,0.0,2,"Automóvil,Moto/Ciclomotor",Av Pe?aloza Y Estanislao Zeballos,3,2,0,0,1,0,0,"-31.6015,-60.712805555556",Avenida,,SANTA FE,La Capital,Asfalto,No existe,I,Dentro,Urbana,Semáforo,Funciona,Intersección,Bueno,Buena,Diurna,Buen Tiempo,Contra objeto fijo,S/D,Colisión,Material Suelto,"Horizontal,Vertical",Cordón divisorio,Sin restricción
2018,6898,2018-07-01,Domingo,0,00:10:00,Ruta Provincial 1,19.0,2,"Automóvil,Moto/Ciclomotor", ,3,2,0,0,1,0,0,"-31.525706, -60.479965",Ruta,1,ARROYO LEYES,La Capital,Asfalto,Natural,I,Dentro,Rural,Otra Señal,No existe,Recta,Bueno,Reducida,"Nocturna,Con luz artificial",Buen Tiempo,De alcance,S/D,Colisión,Ninguna,"Horizontal,Vertical",Línea divisoria pintada,Sin restricción
2018,6899,2018-07-02,Lunes,0,19:00:00,,0.0,2,"Moto/Ciclomotor,Automóvil",Estanislao Zeballos Y Sebastian Gaboto,2,1,0,0,1,0,0,"-31.600694444444,-60.7165",Calle,,SANTA FE,La Capital,Hormigón,No existe,I,Dentro,Urbana,Ninguna,No existe,Recta,Bueno,Buena,"Nocturna,Con luz artificial",Buen Tiempo,De alcance,S/D,Colisión,Ninguna,Faltante,Ninguna,Sin restricción
2018,6900,2018-07-14,Sabado,0,,,0.0,2,"Peatón,Otros",Av Blas Parera Y French,2,1,0,0,0,0,1,"-31.585805555556,-60.725638888889",Avenida,,SANTA FE,La Capital,Asfalto,No existe,I,Dentro,Urbana,Semáforo,Funciona,Recta,Bueno,Buena,Diurna,Buen Tiempo,S/D,Peatón,Atropello,Ninguna,"Horizontal,Vertical",Cordón divisorio,Sin restricción
2018,6901,2018-07-22,Domingo,0,19:40:00,Ruta Provincial 1,14.0,2,"Automóvil,Moto/Ciclomotor", ,4,2,0,0,2,0,0,"-31.560992, -60.524213",Ruta,1,ARROYO LEYES,La Capital,Asfalto,Ripio,I,Dentro,Urbana,Otra Señal,No existe,Curva,Bueno,S/D,Diurna,Buen Tiempo,Lateral,S/D,Colisión,Ninguna,"Horizontal,Vertical",Línea divisoria pintada,Sin restricción
2018,6902,2018-07-02,Lunes,0,06:35:00,Ruta Nacional 11,0.0,2,"Moto/Ciclomotor,Pickup/Utilitario",Av Blas Parera Y Estanislao Zeballos,3,1,0,0,2,0,0,"-31.599527777778,-60.721972222222",Ruta,11,SANTA FE,La Capital,Asfalto,No existe,I,Dentro,Urbana,Semáforo,Funciona,Intersección,Bueno,Buena,Amanecer,S/D,S/D,S/D,Colisión,Ninguna,Vertical,Cordón divisorio,Sin restricción
2018,6903,2018-07-01,Domingo,0,06:30:00,,0.0,1,Automóvil,Pje Santa Fe Y Ricardo Aldao,2,2,0,0,0,0,0,"-31.604527777778,-60.720111111111",Calle,,SANTA FE,La Capital,Asfalto,No existe,I,Dentro,Urbana,Semáforo,Funciona,Recta,Bueno,Buena,Nocturna,Buen Tiempo,Contra objeto fijo,S/D,Colisión,S/D,Vertical,Cordón divisorio,Sin restricción
2018,6904,2018-07-03,Martes,0,12:05:00,,0.0,2,"Moto/Ciclomotor,Moto/Ciclomotor",Av Pe?aloza Y Gorostiaga,3,3,0,0,0,0,0,"-31.608111111111,-60.71325",Avenida,,SANTA FE,La Capital,Asfalto,No existe,I,Dentro,Urbana,Semáforo,Funciona,Intersección,Bueno,Buena,Diurna,S/D,De alcance,S/D,Colisión,Ninguna,Vertical,Cordón divisorio,Sin restricción
2018,6905,2018-07-04,Miercoles,0,08:45:00,Ruta Nacional 168,7.0,2,"Bicicleta,Moto/Ciclomotor", ,2,2,0,0,0,0,0,"-31.642845, -60.686728",Ruta,168,COLASTINE,La Capital,Asfalto,Natural,I,Dentro,Urbana,Marca Vial,No existe,Recta,Bueno,Buena,Diurna,Buen Tiempo,Lateral,Ciclista,Atropello,Otro,"Horizontal,Vertical","Guardarrail,Cordón divisorio,Vegetación,Línea divisoria pintada",Sin restricción
2018,6906,2018-04-08,Domingo,0,07:30:00,Ruta Nacional 33,715.0,2,"Camión c / Acoplado,Automóvil", ,5,2,0,0,1,2,0,"-33.23391,-61.3507",Ruta,33,CHABAS,Caseros,Asfalto,Pavimento,IV,S/D,Rural,Ninguna,No existe,Recta,Bueno,S/D,Diurna,S/D,Frontal,S/D,Colisión,Ninguna,Faltante,"Línea divisoria pintada,S/D",S/D
2018,6907,2018-07-23,Lunes,0,12:40:00,Autopista Provincial Brigadier E.López,0.0,2,"Peatón,Automóvil", ,2,1,0,0,1,0,0,"-31.711314462046, -60.826733738254",Autopista,Brigadier E.López,SAUCE VIEJO,La Capital,Asfalto,Natural,I,Dentro,Urbana,Ninguna,No existe,Recta,Bueno,Buena,Diurna,Buen Tiempo,S/D,Peatón,Atropello,Ninguna,Horizontal,Línea divisoria pintada,Sin restricción
2018,6908,2018-07-04,Miercoles,0,20:00:00,Ruta Provincial 2,0.0,2,"Automóvil,Moto/Ciclomotor",Ruta pcial 2 Av San Martin Y Santiago del Estero,2,1,0,0,1,0,0,"-31.513287, -60.679893",Ruta,2,MONTE VERA,La Capital,Hormigón,Pavimento,I,Dentro,Urbana,Ninguna,No existe,Recta,Bueno,Buena,"Atardecer,Con luz artificial",Buen Tiempo,De alcance,S/D,Colisión,Ninguna,Horizontal,Línea divisoria pintada,Sin restricción
2018,6909,2018-07-16,Lunes,0,09:10:00,Ruta Nacional 19,2.0,2,"Pickup/Utilitario,Bicicleta", ,2,1,0,0,1,0,0,"-31.669209411555, -60.789647759410",Ruta,19,SANTO TOMÉ,La Capital,Asfalto,Natural,I,Dentro,Urbana,Ninguna,Funciona,Intersección,Bueno,Buena,Diurna,Buen Tiempo,S/D,Ciclista,Atropello,Ninguna,Faltante,Línea divisoria pintada,Sin restricción
2018,6910,2018-07-23,Lunes,0,13:30:00,,0.0,2,"Pickup/Utilitario,Moto/Ciclomotor",Reg 12 de Infanteria Y Gdor Freyre,2,1,0,0,1,0,0,"-31.595649, -60.703994",Calle,,SANTA FE,La Capital,"Asfalto,Tierra",No existe,I,Dentro,Urbana,Ninguna,No existe,Intersección,Deteriorada,Buena,Diurna,Buen Tiempo,Lateral,S/D,Colisión,S/D,Faltante,Ninguna,Sin restricción
2018,6911,2018-07-16,Lunes,0,13:15:00,Ruta Nacional 11,0.0,2,"Automóvil,Moto/Ciclomotor", ,2,1,0,0,1,0,0,"-31.666675662543, -60.746143824493",Ruta,11,SANTO TOMÉ,La Capital,Asfalto,No existe,I,Dentro,Urbana,Ninguna,No existe,Puente,Bueno,Buena,Diurna,Buen Tiempo,Lateral,S/D,Colisión,Ninguna,Faltante,Línea divisoria pintada,Sin restricción
2018,6912,2018-07-23,Lunes,0,21:50:00,,0.0,2,"Pickup/Utilitario,Moto/Ciclomotor",Gorriti 3700,2,1,0,0,1,0,0,"-31.587722222222,-60.704611111111",S/D,,SANTA FE,La Capital,Asfalto,No existe,I,Dentro,Urbana,Ninguna,No existe,Recta,Bueno,Buena,"Nocturna,Con luz artificial",Buen Tiempo,Lateral,S/D,Colisión,Ninguna,Faltante,Ninguna,Sin restricción
2018,6913,2018-04-15,Domingo,0,02:00:00,Ruta Nacional 33,0.0,1,Automóvil,D F Sarmiento Y Av Belgrano,3,2,0,0,0,1,0,"-32.99938,-60.77493",Ruta,33,PÉREZ,Rosario,S/D,S/D,II,S/D,Urbana,S/D,S/D,S/D,S/D,S/D,Nocturna,S/D,S/D,S/D,Vuelco,S/D,S/D,S/D,S/D
2018,6914,2018-07-26,Jueves,0,22:30:00,,0.0,2,"Automóvil,Moto/Ciclomotor",1ro de Mayo Y Azcuenaga,2,1,0,0,1,0,0,"-31.593722222222,-60.695333333333",Calle,,SANTA FE,La Capital,"Asfalto,Ripio",No existe,I,Dentro,Urbana,Ninguna,No existe,Intersección,Deteriorada,Buena,"Nocturna,Con luz artificial",Lluvia,Lateral,S/D,Colisión,Material Suelto,Faltante,Ninguna,S/D
2018,6915,2018-07-10,Martes,0,20:05:00,,0.0,2,"Moto/Ciclomotor,Automóvil",Corrientes ,3,2,0,0,1,0,0,"-31.514024, -60.622249",Camino Rural,,MONTE VERA,La Capital,Ripio,No existe,I,Dentro,Rural,Ninguna,No existe,Recta,Bueno,Buena,"Atardecer,Con luz artificial",Buen Tiempo,De alcance,S/D,Colisión,Ninguna,Faltante,Ninguna,Sin restricción
2018,6916,2018-04-18,Miercoles,0,22:20:00,,0.0,2,"Bicicleta,Moto/Ciclomotor",Calle 105-Alicia Moreau Y Calle 24 - Olessio,2,0,0,0,1,1,0,"-29.18288,-59.65508",Calle,,RECONQUISTA,General Obligado,S/D,S/D,IX,S/D,Urbana,S/D,S/D,S/D,S/D,S/D,Nocturna,S/D,S/D,Ciclista,Atropello,S/D,S/D,S/D,S/D
2018,6917,2018-07-11,Miercoles,0,20:05:00,,0.0,2,"Moto/Ciclomotor,Pickup/Utilitario",Manuel Belgrano Y Neuquen,2,1,0,0,1,0,0,"-31.519693, -60.680789",Calle,,MONTE VERA,La Capital,Ripio,No existe,I,Dentro,Urbana,Ninguna,No existe,Intersección,Bueno,Buena,"Nocturna,Con luz artificial",Buen Tiempo,Lateral,S/D,Colisión,Ninguna,Faltante,Ninguna,Sin restricción
2018,6918,2018-04-19,Jueves,0,19:00:00,,0.0,2,"Moto/Ciclomotor,Peatón",Bv. J.Granel 2800,2,0,0,0,1,1,0,"-32.88831,-60.72706",Avenida,,ROSARIO,Rosario,S/D,S/D,II,S/D,Urbana,S/D,S/D,S/D,S/D,S/D,Atardecer,S/D,S/D,Peatón,Atropello,S/D,S/D,S/D,S/D
2018,6919,2018-07-12,Jueves,0,07:45:00,Ruta Provincial 2,0.0,2,"Bicicleta,Moto/Ciclomotor",Ruta pcial 2 Av San Martin Y Santa Fe,2,1,0,0,1,0,0,"-31.515938, -60.680763",Ruta,2,MONTE VERA,La Capital,Hormigón,Natural,I,Dentro,Urbana,Ninguna,No existe,Recta,Bueno,Buena,Diurna,Buen Tiempo,S/D,Ciclista,Atropello,S/D,Horizontal,Línea divisoria pintada,Sin restricción
2018,6920,2018-04-23,Lunes,0,23:00:00,Ruta Provincial 70,71.0,2,"Automóvil,Peatón", ,2,0,0,0,1,1,0,"-31.282,-61.41163",Ruta,70,BELLA ITALIA,Castellanos,Asfalto,Pavimento,V,S/D,Rural,Ninguna,No existe,Recta,Bueno,S/D,Nocturna,S/D,S/D,Peatón,Atropello,Ninguna,Faltante,"Línea divisoria pintada,S/D",Sin restricción
2018,6921,2018-07-13,Viernes,0,15:30:00,Ruta Provincial 2,18.0,2,"Automóvil,Moto/Ciclomotor", ,2,1,0,0,1,0,0,"-31.411438, -60.666413",Ruta,2,ARROYO AGUIAR,La Capital,Hormigón,Natural,I,Dentro,Rural,Ninguna,No existe,Recta,Bueno,Buena,Diurna,Buen Tiempo,De alcance,S/D,Colisión,Ninguna,Horizontal,Ninguna,Sin restricción
2018,6922,2018-04-29,Domingo,0,03:40:00,,0.0,2,"Automóvil,Moto/Ciclomotor",Bv. Segui Y Campbell,2,0,0,0,0,1,1,"-32.97086,-60.70677",Calle,,ROSARIO,Rosario,Asfalto,No existe,II,S/D,Urbana,Ninguna,No existe,Intersección,Bueno,S/D,Nocturna,S/D,Lateral,S/D,Colisión,Ninguna,Faltante,"Cordón divisorio,S/D",Sin restricción
2018,6923,2018-07-13,Viernes,0,16:30:00,,0.0,2,"Moto/Ciclomotor,Automóvil",Angel Gallardo Y Rio Negro,2,1,0,0,1,0,0,"-31.521006, -60.678703",Calle,,MONTE VERA,La Capital,Ripio,No existe,I,Dentro,Urbana,Ninguna,No existe,Intersección,Bueno,Buena,Diurna,Buen Tiempo,Lateral,S/D,Colisión,Ninguna,Faltante,Ninguna,Sin restricción
2018,6924,2018-07-18,Miercoles,0,19:30:00,Ruta Provincial 2,0.0,2,"Moto/Ciclomotor,Automóvil",Ruta pcial 2 Av San Martin Y Formosa,5,2,0,0,3,0,0,"-31.511411, -60.679278",Ruta,2,MONTE VERA,La Capital,Hormigón,Natural,I,Dentro,Urbana,Ninguna,No existe,Intersección,Bueno,Buena,"Atardecer,Con luz artificial",Buen Tiempo,Lateral,S/D,Colisión,Ninguna,Horizontal,Línea divisoria pintada,Sin restricción
2018,6925,2018-08-24,Viernes,0,15:30:00,,0.0,2,"Moto/Ciclomotor,Automóvil",Calle 309 Y Calle 328,2,1,0,0,1,0,0,"-29.108861111111,-59.647111111111",Calle,,AVELLANEDA,General Obligado,S/D,S/D,IX,S/D,Urbana,S/D,S/D,Intersección,S/D,S/D,Diurna,S/D,Frontal,S/D,Colisión,S/D,S/D,S/D,S/D
2018,6926,2018-08-30,Jueves,0,20:45:00,,0.0,2,"Moto/Ciclomotor,Moto/Ciclomotor",Calle 16 Y Calle 19,2,1,0,0,1,0,0,"-29.122111111111,-59.656805555556",Calle,,AVELLANEDA,General Obligado,Asfalto,S/D,IX,S/D,Urbana,S/D,S/D,Intersección,S/D,S/D,Nocturna,S/D,S/D,S/D,Colisión,S/D,S/D,S/D,S/D
2018,6927,2018-08-16,Jueves,0,11:45:00,,0.0,2,"Bicicleta,Automóvil",Calle 111 Y Calle 106,2,1,0,0,1,0,0,"-29.116361111111,-59.668555555556",Calle,,AVELLANEDA,General Obligado,S/D,S/D,IX,Dentro,Urbana,S/D,S/D,Intersección,S/D,S/D,Diurna,S/D,S/D,Ciclista,Atropello,S/D,S/D,S/D,S/D
2018,6928,2018-08-14,Martes,0,10:50:00,,0.0,2,"Moto/Ciclomotor,Pickup/Utilitario",Calle 11 Y Calle 4,2,1,0,0,1,0,0,"-29.116944444444,-59.663555555556",Calle,,AVELLANEDA,General Obligado,Asfalto,S/D,IX,Dentro,S/D,S/D,S/D,Intersección,S/D,S/D,S/D,S/D,Lateral,S/D,Colisión,S/D,S/D,S/D,S/D
2018,6929,2018-08-12,Domingo,0,07:00:00,,0.0,2,"Automóvil,Peatón",Calle 12 Y Calle 21,3,2,0,0,1,0,0,"-29.122972222222,-59.659472222222",Calle,,AVELLANEDA,General Obligado,Asfalto,S/D,IX,S/D,Urbana,S/D,S/D,Intersección,S/D,S/D,S/D,S/D,S/D,Peatón,Atropello,S/D,S/D,S/D,S/D
2018,6930,2018-08-01,Miercoles,0,15:20:00,,0.0,2,"Automóvil,Peatón",Calle 1 Y Calle 12,2,1,0,0,1,0,0,"-29.112111111111,-59.657805555556",Calle,,AVELLANEDA,General Obligado,Asfalto,S/D,IX,S/D,Urbana,S/D,S/D,Intersección,S/D,S/D,Diurna,S/D,S/D,Peatón,Atropello,S/D,S/D,S/D,S/D
2018,6931,2018-08-25,Sabado,0,02:45:00,,0.0,2,"Moto/Ciclomotor,Automóvil",CAlle 14 Y Calle 15,2,1,0,0,1,0,0,"-29.119833333333,-59.657694444444",Calle,,AVELLANEDA,General Obligado,Asfalto,S/D,IX,Dentro,Urbana,S/D,S/D,Intersección,S/D,S/D,Nocturna,S/D,Lateral,S/D,Colisión,S/D,S/D,S/D,S/D
2018,6932,2018-05-23,Miercoles,0,13:00:00,,0.0,2,"Automóvil,Automóvil",San Martin Y J P Lopez,3,1,0,0,2,0,0,"-31.608194444444,-60.695194444444",Calle,,SANTA FE,La Capital,Asfalto,No existe,I,Dentro,Urbana,Ninguna,Funciona,Recta,Bueno,Buena,Diurna,Buen Tiempo,De alcance,S/D,Colisión,Ninguna,S/D,Ninguna,Sin restricción
2018,6933,2018-06-14,Jueves,0,17:00:00,Ruta Nacional 11,0.0,2,"Moto/Ciclomotor,Automóvil",Av Mitre Y Juan de Garay,2,0,0,0,1,1,0,"-31.49216,-60.73253",Ruta,11,RECREO,La Capital,Asfalto,Pavimento,I,Dentro,Urbana,Semáforo,Funciona,Intersección,Con baches,Buena,"Diurna,Con luz artificial",Buen Tiempo,Frontal,S/D,Colisión,Ninguna,Vertical,"Línea divisoria pintada,S/D",Sin restricción
2018,6934,2018-08-19,Domingo,0,06:10:00,,0.0,2,"Automóvil,Moto/Ciclomotor",Calle 18 Y Pasaje 4,2,1,0,0,1,0,0,"-29.122805555556,-59.655638888889",Calle,,AVELLANEDA,General Obligado,S/D,S/D,IX,S/D,Urbana,S/D,S/D,Intersección,S/D,S/D,Amanecer,S/D,Lateral,S/D,Colisión,S/D,S/D,S/D,S/D
2018,6935,2018-06-17,Domingo,0,17:00:00,Ruta Nacional 11,0.0,2,"Automóvil,Moto/Ciclomotor",CIRCUNVALACION OESTE ,2,1,0,0,1,0,0,"-31.50294, -60.72889",Ruta,11,RECREO,La Capital,S/D,S/D,I,S/D,S/D,S/D,S/D,S/D,S/D,S/D,S/D,S/D,S/D,S/D,S/D,S/D,S/D,S/D,S/D
2018,6936,2018-05-23,Miercoles,0,,,0.0,2,"Moto/Ciclomotor,Automóvil",Ayacucho Y Amenabar,3,2,0,0,1,0,0,"-32.974194444444,-60.633333333333",Calle,,ROSARIO,Rosario,Asfalto,No existe,II,Dentro,Urbana,Ninguna,S/D,Intersección,S/D,S/D,S/D,S/D,S/D,S/D,Colisión,S/D,S/D,S/D,S/D
2018,6937,2018-05-23,Miercoles,0,12:05:00,,0.0,2,"Automóvil,Moto/Ciclomotor",Amenabar Y Entre Rios,2,1,0,0,1,0,0,"-32.971694444444,-60.647444444444",Calle,,ROSARIO,Rosario,Asfalto,No existe,II,Dentro,Urbana,Ninguna,S/D,Intersección,S/D,S/D,Diurna,S/D,S/D,S/D,Colisión,S/D,S/D,S/D,Sin restricción
2018,6938,2018-05-23,Miercoles,0,17:25:00,,0.0,2,"Taxi/Remis,Automóvil",Zelaya Y Washington,2,1,0,0,1,0,0,"-32.901972222222,-60.693972222222",Calle,,ROSARIO,Rosario,Asfalto,No existe,II,Dentro,Urbana,S/D,S/D,Intersección,Bueno,S/D,Diurna,S/D,S/D,S/D,Colisión,S/D,S/D,S/D,S/D
2018,6939,2018-06-14,Jueves,0,07:40:00,,0.0,2,"Automóvil,Automóvil",Bv. Avellaneda Y San Juan,2,1,1,0,0,0,0,"-32.942777777778,-60.680222222222",Calle,,ROSARIO,Rosario,S/D,S/D,II,S/D,Urbana,S/D,S/D,Intersección,S/D,S/D,Amanecer,S/D,S/D,S/D,Colisión,S/D,S/D,S/D,S/D
2018,6940,2018-05-23,Miercoles,0,01:00:00,,0.0,1,Moto/Ciclomotor,Bv. Segui Y Pje. Espinillo,1,1,0,0,0,0,0,"-32.970722222222,-60.699111111111",Avenida,,ROSARIO,Rosario,Asfalto,No existe,II,Dentro,Urbana,Ninguna,S/D,Recta,S/D,S/D,Nocturna,S/D,S/D,S/D,"Caída ocupante,Despiste",S/D,S/D,S/D,Sin restricción
2018,6941,2018-08-01,Miercoles,0,18:20:00,Ruta Nacional 34,9.0,2,"Automóvil,Pickup/Utilitario", ,3,2,0,0,1,0,0,"-32.86531, -60.76691",Ruta,34,IBARLUCEA,Rosario,S/D,S/D,II,S/D,Urbana,S/D,S/D,S/D,S/D,S/D,S/D,S/D,S/D,S/D,Colisión,S/D,S/D,S/D,S/D
2018,6942,2018-06-19,Martes,0,11:30:00,,0.0,1,Moto/Ciclomotor,PUENTE ORO?O Y BV GÁLVEZ,1,1,0,0,0,0,0,"-31.64051, -60.68281",S/D,,SANTA FE,La Capital,S/D,S/D,I,S/D,S/D,S/D,S/D,S/D,S/D,S/D,S/D,S/D,S/D,S/D,Caída ocupante,S/D,S/D,S/D,S/D
2018,6944,2018-08-01,Miercoles,0,07:30:00,,0.0,2,"Automóvil,Bicicleta", ,2,1,0,0,1,0,0,"-33.04505, -61.1652",S/D,,CASILDA,Caseros,S/D,S/D,IV,S/D,S/D,S/D,S/D,S/D,S/D,S/D,S/D,S/D,S/D,Ciclista,Atropello,S/D,S/D,S/D,S/D
2018,6945,2018-05-23,Miercoles,0,09:45:00,,0.0,2,"Moto/Ciclomotor,Automóvil",AV PODIO Y AV LUIS FANTI,2,0,1,0,1,0,0,"-31.25868, -61.51341",Avenida,,RAFAELA,Castellanos,Asfalto,S/D,V,Dentro,Urbana,Ninguna,S/D,Intersección,S/D,S/D,Diurna,S/D,S/D,S/D,Colisión,S/D,S/D,S/D,Sin restricción
2018,6946,2018-06-13,Miercoles,0,14:30:00,,0.0,1,Camión,Av. Ntra.Sra.del Rosario Bis 900,2,2,0,0,0,0,0,"-32.999333333333,-60.616277777778",Avenida,,ROSARIO,Rosario,S/D,S/D,II,S/D,Urbana,S/D,S/D,S/D,S/D,S/D,Diurna,S/D,S/D,S/D,Inmersión,S/D,S/D,S/D,S/D
2018,6947,2018-07-03,Martes,0,18:20:00,,0.0,2,"Automóvil,Bicicleta",Cordoba Y Grl Brig Estanislao Lopez,2,1,0,0,1,0,0,"-31.670508944483, -60.769677171285",Calle,,SANTO TOMÉ,La Capital,Asfalto,No existe,I,Dentro,Urbana,Ninguna,No existe,Intersección,Bueno,Buena,Atardecer,Buen Tiempo,S/D,Ciclista,Atropello,Ninguna,Faltante,Ninguna,Sin restricción