anio_acci,nro_acci,fecha,desc_dia,fecha_aprox,hora_aprox,desc_ruta,km,cant_participantes,desc_participante,calle_avenida_km,total,heridos_leves,heridos_graves,heridos_gravisimos,ilesos,fallecidos,sin_datos,posicion_XY,desc_tipo_via,desc_ruta_ori,desc_loc,desc_dpto,desc_tipo_calzada,desc_tipo_banquina,desc_unidad_regional,desc_lugar_calzada,desc_zona,desc_prioridad,desc_estado_semaforo,desc_lugar_via,desc_estado_via,desc_estado_visibilidad,desc_luminosidad,desc_estado_clima,desc_tipo_colision,desc_tipo_atropello,desc_tipo_hecho,desc_pres_calzada,desc_senializacion,desc_separacion_via,desc_restriccion
2018,6948,2018-06-16,Sabado,0,20:00:00,,0.0,2,"Moto/Ciclomotor,Moto/Ciclomotor",Calle 47-Islas Malvinas 2379,2,1,1,0,0,0,0,"-29.15931, -59.66786",S/D,,RECONQUISTA,General Obligado,S/D,S/D,IX,S/D,S/D,S/D,S/D,S/D,S/D,S/D,S/D,S/D,S/D,S/D,S/D,S/D,S/D,S/D,S/D
2018,6949,2018-07-14,Sabado,0,13:10:00,Ruta Nacional 19,0.0,1,Moto/Ciclomotor,Avenida Ejercito Argentino ,1,1,0,0,0,0,0,"-31.672118269892, -60.773035296972",Ruta,19,SANTO TOMÉ,La Capital,Asfalto,Natural,I,Dentro,Urbana,Ninguna,No existe,Recta,Bueno,Buena,Diurna,Buen Tiempo,S/D,S/D,Caída ocupante,Ninguna,Faltante,Línea divisoria pintada,Sin restricción
2018,6950,2018-06-18,Lunes,0,12:00:00,,0.0,2,"Automóvil,Moto/Ciclomotor",Calle 31-Newbery Y Calle 12 San Martin,3,2,0,0,1,0,0,"-29.153222222222,-59.643666666667",S/D,,RECONQUISTA,General Obligado,S/D,S/D,IX,S/D,S/D,S/D,S/D,S/D,S/D,S/D,S/D,S/D,S/D,S/D,S/D,S/D,S/D,S/D,S/D
2018,6951,2018-05-24,Jueves,0,,,0.0,2,"Automóvil,Pickup/Utilitario",Av Urquiza 2500,2,1,0,0,1,0,0,"-31.64525,-60.712972222222",Calle,,SANTA FE,La Capital,Asfalto,No existe,I,Dentro,Urbana,S/D,Funciona,Recta,Bueno,S/D,Diurna,S/D,De alcance,S/D,Colisión,S/D,S/D,S/D,Reparación de Vía
2018,6953,2018-07-05,Jueves,0,14:15:00,,0.0,2,"Pickup/Utilitario,Moto/Ciclomotor",Azcuenaga Y Aritobulo del Valle,2,1,0,0,1,0,0,"-31.674826429146, -60.775836270836",Calle,,SANTO TOMÉ,La Capital,Asfalto,No existe,I,Dentro,Urbana,Ninguna,No existe,Intersección,Bueno,Buena,Diurna,Buen Tiempo,Frontal,S/D,Colisión,Ninguna,Faltante,Ninguna,Sin restricción
2018,6954,2018-07-05,Jueves,0,11:30:00,,0.0,2,"Moto/Ciclomotor,Moto/Ciclomotor",25 de mayo Y Obispo Gelabert,3,2,0,0,0,0,1,"-31.663406588325, -60.762386048680",Calle,,SANTO TOMÉ,La Capital,Asfalto,No existe,I,Dentro,Urbana,Ninguna,No existe,Intersección,Bueno,Buena,Diurna,Buen Tiempo,Frontal,S/D,Colisión,Ninguna,Faltante,Ninguna,Sin restricción
2018,6955,2018-05-24,Jueves,0,00:40:00,,0.0,2,"Transporte de Pasajeros Urbano (> 8 asientos),Pickup/Utilitario",Angel Cassanello Y Sarmiento,2,1,0,0,1,0,0,"-31.611194444444,-60.685583333333",Calle,,SANTA FE,La Capital,Asfalto,No existe,I,Dentro,Urbana,Ninguna,S/D,Intersección,Bueno,S/D,Nocturna,Buen Tiempo,De alcance,S/D,Colisión,Ninguna,S/D,Ninguna,Sin restricción
2018,6956,2018-06-14,Jueves,0,,,0.0,2,"Moto/Ciclomotor,Pickup/Utilitario",Gobernador GÁLVEZ Y Art Ramon Villarreal,3,0,1,0,2,0,0,"-29.230194444444,-61.765388888889",Calle,,TOSTADO,9 de Julio,S/D,S/D,XII,S/D,Urbana,S/D,S/D,Intersección,S/D,S/D,S/D,S/D,S/D,S/D,Colisión,S/D,S/D,S/D,S/D
2018,6957,2018-07-05,Jueves,0,19:00:00,,0.0,2,"Moto/Ciclomotor,Automóvil",Obispo Gelabert Y Ferrocarril General Belgrano,2,1,0,0,1,0,0,"-31.663664080391, -60.760369027501",Calle,,SANTO TOMÉ,La Capital,Asfalto,No existe,I,Dentro,Urbana,Ninguna,No existe,Intersección,Bueno,Buena,Nocturna,Buen Tiempo,Otro,S/D,Colisión,Ninguna,Faltante,Ninguna,Sin restricción
2018,6958,2018-06-14,Jueves,0,,,0.0,2,"Moto/Ciclomotor,Automóvil",Mitre Y G Brown,3,1,0,0,1,0,1,"-31.977388888889,-60.925111111111",Calle,,CORONDA,San Jerónimo,S/D,S/D,XV,S/D,S/D,S/D,S/D,Intersección,S/D,S/D,S/D,S/D,De alcance,S/D,Colisión,S/D,S/D,S/D,S/D
2018,6959,2018-06-18,Lunes,0,18:20:00,Ruta Provincial 91,0.0,2,"Camión,Pickup/Utilitario", ,3,1,2,0,0,0,0,"-32.75121, -61.29376",Ruta,91,BUSTINZA,Iriondo,S/D,S/D,X,S/D,S/D,S/D,S/D,S/D,S/D,S/D,S/D,S/D,S/D,S/D,S/D,S/D,S/D,S/D,S/D
2018,6960,2018-05-24,Jueves,0,16:00:00,,0.0,2,"Cuatriciclo,Automóvil",P.L.Funes Y Amenabar,2,1,0,0,1,0,0,"-32.963638888889,-60.700277777778",Calle,,ROSARIO,Rosario,Asfalto,No existe,II,Dentro,Urbana,Ninguna,S/D,Intersección,S/D,Buena,Diurna,S/D,S/D,S/D,Colisión,Ninguna,S/D,Ninguna,Sin restricción
2018,6961,2018-07-08,Domingo,0,05:50:00,Ruta Nacional 19,4.0,1,Pickup/Utilitario, ,2,2,0,0,0,0,0,"-31.665552355537, -60.810622895604",Ruta,19,SANTO TOMÉ,La Capital,Asfalto,Natural,I,Dentro,Urbana,Ninguna,No existe,Otro,Bueno,Buena,Amanecer,Buen Tiempo,Contra objeto fijo,S/D,Colisión,Ninguna,Faltante,Línea divisoria pintada,Sin restricción
2018,6962,2018-06-14,Jueves,0,,,0.0,2,"Moto/Ciclomotor,Automóvil",Bv San Martin Y Firmat,2,0,1,0,1,0,0,"-32.235704770804, -60.981735086407",Calle,,BARRANCAS,San Jerónimo,S/D,S/D,XV,S/D,Urbana,S/D,S/D,Intersección,S/D,S/D,S/D,S/D,S/D,S/D,Colisión,S/D,S/D,S/D,S/D
2018,6963,2018-07-21,Sabado,0,14:10:00,Ruta Nacional 11,0.0,2,"Moto/Ciclomotor,Bicicleta",Avenida Nuestra Se?ora del Luj Y Alvear,2,1,0,0,1,0,0,"-31.667933285291, -60.765101191855",Ruta,11,SANTO TOMÉ,La Capital,Asfalto,No existe,I,Dentro,Urbana,Ninguna,Funciona,Intersección,Bueno,Buena,Diurna,Buen Tiempo,S/D,Ciclista,Atropello,Ninguna,Vertical,Línea divisoria pintada,Sin restricción
2018,6964,2018-05-24,Jueves,0,23:40:00,,0.0,1,Moto/Ciclomotor,Parana 300,1,0,1,0,0,0,0,"-32.858295, -61.166015",Calle,,CARCARAÑÁ,San Lorenzo,Asfalto,No existe,XVII,Dentro,Urbana,Ninguna,No existe,Recta,Bueno,S/D,Diurna,S/D,Atropello animal,S/D,Colisión,S/D,S/D,S/D,S/D
2018,6965,2018-07-21,Sabado,0,17:35:00,Ruta Nacional 19,0.0,2,"Automóvil,Moto/Ciclomotor",Azcuenaga Y Avenida Ejercito Argentino,5,3,0,0,2,0,0,"-31.672031700666, -60.774070498801",Ruta,19,SANTO TOMÉ,La Capital,Hormigón,Natural,I,Dentro,Urbana,Semáforo,Funciona,Intersección,Bueno,Buena,Diurna,Buen Tiempo,Frontal,S/D,Colisión,Ninguna,Vertical,Línea divisoria pintada,Sin restricción
2018,6966,2018-05-24,Jueves,0,13:30:00,,0.0,2,"Moto/Ciclomotor,Camión",San Martin Y Espa?a,2,0,1,0,1,0,0,"-29.458194444444,-60.21025",Calle,,VERA,Vera,Asfalto,No existe,XIX,Dentro,Urbana,Ninguna,S/D,Intersección,S/D,S/D,Diurna,Buen Tiempo,Lateral,S/D,Colisión,S/D,S/D,S/D,Sin restricción
2018,6967,2018-06-19,Martes,0,,Ruta Provincial 70,73.0,2,"Automóvil,Moto/Ciclomotor", ,2,1,0,0,1,0,0,"-31.2547, -61.47959",Ruta,70,BELLA ITALIA,Castellanos,S/D,S/D,V,S/D,S/D,S/D,S/D,S/D,S/D,S/D,S/D,S/D,S/D,S/D,S/D,S/D,S/D,S/D,S/D
2018,6968,2018-06-15,Viernes,0,15:20:00,,0.0,2,"Moto/Ciclomotor,Moto/Ciclomotor",Calle 6 Y Calle 23,2,0,1,0,1,0,0,"-31.78926, -60.85702",Calle,,SAUCE VIEJO,La Capital,S/D,S/D,I,S/D,Urbana,S/D,S/D,Intersección,S/D,S/D,Diurna,S/D,S/D,S/D,Colisión,S/D,S/D,S/D,S/D
2018,6969,2018-05-25,Viernes,0,,,0.0,2,"Moto/Ciclomotor,Automóvil",Bv H Irigoyen ,2,1,0,0,1,0,0,"-31.260888888889,-61.493805555556",Calle,,RAFAELA,Castellanos,Asfalto,No existe,V,Dentro,Urbana,Ninguna,S/D,Intersección,S/D,S/D,S/D,S/D,S/D,S/D,Colisión,S/D,S/D,S/D,Sin restricción
2018,6970,2018-07-22,Domingo,0,02:20:00,,0.0,2,"Automóvil,Moto/Ciclomotor",Avenida General Bartolome Mitr 2600,3,1,0,0,1,0,1,"-31.672814905698, -60.754393813468",Avenida,,SANTO TOMÉ,La Capital,Asfalto,No existe,I,Dentro,Urbana,Ninguna,No existe,Recta,Bueno,Buena,Nocturna,Buen Tiempo,Lateral,S/D,Colisión,Ninguna,Faltante,Ninguna,Sin restricción
2018,6971,2018-07-23,Lunes,0,17:00:00,Ruta Nacional 11,0.0,2,"Pickup/Utilitario,Moto/Ciclomotor",Avenida Del Trabajo Y Avenida Nuestra Se?ora del Luj,3,2,0,0,1,0,0,"-31.671817123945, -60.768126723624",Ruta,11,SANTO TOMÉ,La Capital,Asfalto,No existe,I,Dentro,Urbana,Semáforo,Funciona,Intersección,Bueno,Buena,Diurna,Buen Tiempo,Lateral,S/D,Colisión,Ninguna,Vertical,Línea divisoria pintada,Sin restricción
2018,6972,2018-07-24,Martes,0,16:00:00,Ruta Nacional 11,0.0,2,"Automóvil,Moto/Ciclomotor", ,2,1,0,0,1,0,0,"-31.666655815262, -60.746068105836",Ruta,11,SANTO TOMÉ,La Capital,Hormigón,No existe,I,Dentro,Urbana,Ninguna,No existe,Puente,Bueno,Buena,Diurna,Buen Tiempo,Frontal,S/D,Colisión,Ninguna,Horizontal,Línea divisoria pintada,Sin restricción
2018,6973,2018-07-25,Miercoles,0,19:30:00,,0.0,2,"Pickup/Utilitario,Moto/Ciclomotor",Azcuenaga 2700,2,1,0,0,1,0,0,"-31.670367120688, -60.774843591800",Calle,,SANTO TOMÉ,La Capital,Tierra,No existe,I,Dentro,Urbana,Ninguna,No existe,Recta,Bueno,Buena,Nocturna,Buen Tiempo,Lateral,S/D,Colisión,Ninguna,Faltante,Cordón divisorio,Sin restricción
2018,6974,2018-07-27,Viernes,0,,,0.0,2,"Automóvil,Bicicleta",Hernandarias Y Mariano Candioti,2,1,0,0,1,0,0,"-31.674905418342, -60.755982298007",Calle,,SANTO TOMÉ,La Capital,Asfalto,No existe,I,Dentro,Urbana,Semáforo,Funciona,Intersección,Bueno,Buena,Nocturna,Otro,S/D,Ciclista,Atropello,Ninguna,Vertical,Ninguna,Sin restricción
2018,6975,2018-07-14,Sabado,0,13:15:00,,0.0,2,"Automóvil,Moto/Ciclomotor",Roque Saenz Pe?a Y Luis D'Abreu,2,1,0,0,1,0,0,"-29.880554390065, -60.281118387892",Calle,,CALCHAQUÍ,Vera,Asfalto,No existe,XIX,Dentro,Urbana,Ninguna,No existe,Intersección,Bueno,Buena,Diurna,Buen Tiempo,Otro,S/D,Colisión,Ninguna,Faltante,Ninguna,Sin restricción
2018,6976,2018-07-31,Martes,0,18:20:00,,0.0,1,Moto/Ciclomotor,Saavedra Y Tucuman,2,2,0,0,0,0,0,"-29.051189945670, -60.415305043243",Calle,,FORTÍN OLMOS,Vera,Ripio,No existe,XIX,Dentro,Urbana,Ninguna,No existe,Intersección,Bueno,Buena,Atardecer,Buen Tiempo,S/D,S/D,Despiste,Ninguna,Faltante,Ninguna,Sin restricción
2018,6977,2018-04-30,Lunes,0,12:15:00,Autopista Provincial Brigadier E.López,61.0,1,Automóvil, ,3,2,0,0,0,1,0,"-32.39925,-60.93795",Autopista,Brigadier E.López,MONJE,San Jerónimo,S/D,S/D,XV,Dentro,Rural,S/D,S/D,S/D,S/D,S/D,Diurna,S/D,S/D,S/D,Vuelco,S/D,S/D,S/D,S/D
2018,6978,2018-07-27,Viernes,0,19:05:00,Ruta Provincial 91,0.0,1,Moto/Ciclomotor, ,1,1,0,0,0,0,0,"-28.623268007117, -61.621814046385",Ruta,91,VILLA MINETTI,9 de Julio,Ripio,No existe,XII,Dentro,Urbana,Ninguna,No existe,Intersección,Deteriorada,Buena,Atardecer,Buen Tiempo,S/D,S/D,Vuelco,Ninguna,Faltante,Ninguna,Sin restricción
2018,6979,2018-07-20,Viernes,0,09:00:00,Ruta Provincial 2,0.0,1,Moto/Ciclomotor,AV ARISTOBULO DEL VALLE 10600,1,1,0,0,0,0,0,"-31.556009, -60.686632",Ruta,2,ÁNGEL GALLARDO,La Capital,Hormigón,Natural,I,Dentro,Urbana,Ninguna,No existe,Recta,Bueno,Buena,Diurna,Buen Tiempo,S/D,S/D,Caída ocupante,Ninguna,S/D,S/D,Sin restricción
2018,6980,2018-07-21,Sabado,0,12:00:00,,0.0,2,"Peatón,Automóvil",Brigadier Estanislao Lopez Y Santa Fe,2,1,0,0,1,0,0,"-31.515510, -60.679005",Calle,,MONTE VERA,La Capital,Ripio,No existe,I,Dentro,Urbana,Ninguna,No existe,Recta,Bueno,Buena,Diurna,Buen Tiempo,S/D,S/D,Atropello,Ninguna,Faltante,"Cordón divisorio,Vegetación",Sin restricción
2018,6981,2018-07-05,Jueves,0,17:50:00,,0.0,2,"Pickup/Utilitario,Moto/Ciclomotor",Av Cordoba Y H Irigoyen,4,2,1,0,1,0,0,"-31.303357, -60.655413",Avenida,,LAGUNA PAIVA,La Capital,Asfalto,No existe,I,Dentro,Urbana,Otra Señal,No existe,Intersección,Bueno,Buena,Diurna,Buen Tiempo,Lateral,S/D,Colisión,Ninguna,"Horizontal,Vertical",Línea divisoria pintada,Sin restricción
2018,6982,2018-07-28,Sabado,0,05:15:00,,0.0,2,"Bicicleta,Pickup/Utilitario",Av Pte Peron Y Juan B Alberdi,2,1,0,0,1,0,0,"-31.306754, -60.658044",Avenida,,LAGUNA PAIVA,La Capital,Asfalto,Pavimento,I,Dentro,Urbana,Semáforo,Intermitente,Intersección,Bueno,Buena,Amanecer,Buen Tiempo,S/D,Ciclista,Atropello,Ninguna,"Horizontal,Vertical",Línea divisoria pintada,Sin restricción
2018,6983,2018-07-22,Domingo,0,20:00:00,Ruta Provincial 1,127.0,2,"Automóvil,Moto/Ciclomotor", ,5,1,1,0,3,0,0,"-30.758320, -59.997607",Ruta,1,COLONIA SAN JOAQUÍN,Garay,Asfalto,Natural,I,Dentro,Rural,Ninguna,No existe,Recta,Bueno,Buena,Nocturna,Buen Tiempo,De alcance,S/D,Colisión,Ninguna,Horizontal,Línea divisoria pintada,Sin restricción
2018,6984,2018-07-29,Domingo,0,22:20:00,Ruta Provincial 1,35.0,1,Moto/Ciclomotor, ,2,1,0,0,1,0,0,"-31.434755, -60.353922",Ruta,1,SANTA ROSA DE CALCHINES,Garay,Asfalto,Natural,VII,Dentro,Urbana,Ninguna,No existe,Recta,Bueno,Buena,Nocturna,Buen Tiempo,S/D,S/D,Colisión,Ninguna,Horizontal,Línea divisoria pintada,Sin restricción
2018,6985,2018-07-09,Lunes,0,16:50:00,Ruta Provincial 1,73.0,2,"Automóvil,Moto/Ciclomotor", ,4,1,0,0,3,0,0,"-31.187490, -60.155763",Ruta,1,CAYASTA,Garay,Asfalto,Natural,VII,Dentro,Rural,Otra Señal,No existe,Recta,Bueno,Buena,Diurna,Buen Tiempo,Lateral,S/D,Colisión,Ninguna,"Horizontal,Vertical",Línea divisoria pintada,Sin restricción
2018,6986,2018-07-21,Sabado,0,,Ruta Provincial 1,64.0,1,Automóvil, ,2,1,0,0,1,0,0,"-31.221267, -60.213852",Ruta,1,SANTA FE,La Capital,Asfalto,Natural,I,Dentro,Rural,Ninguna,No existe,Recta,Bueno,Buena,Nocturna,Buen Tiempo,Atropello animal,S/D,Colisión,Ninguna,Horizontal,Línea divisoria pintada,Sin restricción
2018,6987,2018-07-11,Miercoles,0,09:30:00,Ruta Provincial 1,62.0,2,"Pickup/Utilitario,Automóvil", ,5,1,0,0,3,0,1,"-31.388871, -60.318909",Ruta,1,CAYASTA,Garay,Asfalto,Natural,VII,Dentro,Rural,Ninguna,No existe,Curva,Bueno,Buena,Diurna,Buen Tiempo,Lateral,S/D,Colisión,Ninguna,Horizontal,Línea divisoria pintada,Sin restricción
2018,6988,2018-07-30,Lunes,0,18:20:00,,0.0,2,"Automóvil,Moto/Ciclomotor",Los Andes Y Corrientes,2,1,0,0,1,0,0,"-31.095774, -60.087988",Calle,,HELVECIA,Garay,Tierra,No existe,VII,Dentro,Urbana,Ninguna,No existe,Intersección,Bueno,Buena,Diurna,Buen Tiempo,S/D,S/D,Colisión,Ninguna,Faltante,Ninguna,Sin restricción
2018,6989,2018-07-09,Lunes,0,17:40:00,Ruta Provincial 1,100.0,2,"Automóvil,Moto/Ciclomotor", ,2,1,0,0,1,0,0,"-30.977820, -60.066555",Ruta,1,HELVECIA,Garay,Asfalto,Natural,VII,Dentro,Rural,Otra Señal,No existe,Recta,Bueno,S/D,Diurna,Buen Tiempo,S/D,S/D,Colisión,Ninguna,"Horizontal,Vertical",Línea divisoria pintada,S/D
2018,6990,2018-07-05,Jueves,0,09:30:00,,0.0,2,"Moto/Ciclomotor,Automóvil",Dr Romang Y General Julio Argentino Roca,2,1,0,0,1,0,0,"-31.102476, -60.085396",Calle,,HELVECIA,Garay,Hormigón,No existe,VII,Dentro,Urbana,Ninguna,No existe,Intersección,Otro,Buena,Diurna,Buen Tiempo,S/D,S/D,Colisión,Ninguna,Faltante,Ninguna,Sin restricción
2018,6991,2018-07-18,Miercoles,0,07:00:00,,0.0,2,"Automóvil,Bicicleta",Guemes Y Cnel Rodriguez,2,0,1,0,1,0,0,"-31.970127, -60.922919",Calle,,CORONDA,San Jerónimo,Asfalto,No existe,XV,Dentro,Urbana,Ninguna,No existe,Intersección,Bueno,Reducida,"Nocturna,Con luz artificial",Niebla,Lateral,S/D,Colisión,Ninguna,Faltante,Ninguna,Sin restricción
2018,6992,2018-05-25,Viernes,0,,,0.0,2,"Automóvil,Bicicleta", ,3,2,0,0,1,0,0,"-32.965660, -61.548071",S/D,,VILLA ELOÍSA,Iriondo,S/D,S/D,X,S/D,S/D,S/D,S/D,S/D,S/D,S/D,S/D,S/D,S/D,Ciclista,Atropello,S/D,S/D,S/D,S/D
2018,6993,2018-06-15,Viernes,0,19:50:00,,0.0,3,"Automóvil,Automóvil,Pickup/Utilitario",Entre Rios Y Bv. Segui,6,3,0,0,3,0,0,"-32.978666666667,-60.649194444444",Calle,,ROSARIO,Rosario,S/D,S/D,II,S/D,Urbana,S/D,S/D,Intersección,S/D,S/D,Nocturna,S/D,S/D,S/D,Colisión,S/D,S/D,S/D,S/D
2018,6994,2018-05-25,Viernes,0,,,0.0,2,"Moto/Ciclomotor,Automóvil",Bv. Segui Y San Martin,2,1,0,0,1,0,0,"-32.979388888889,-60.644222222222",Calle,,ROSARIO,Rosario,Asfalto,No existe,II,Dentro,Urbana,Ninguna,S/D,Recta,Bueno,S/D,S/D,S/D,De alcance,S/D,Colisión,S/D,S/D,S/D,Sin restricción
2018,6995,2018-06-19,Martes,0,,,0.0,3,"Moto/Ciclomotor,Automóvil,Pickup/Utilitario",Av Dr E Salva Y Lisandro de la Torre,3,1,0,0,2,0,0,"-31.241472222222,-61.500194444444",S/D,,RAFAELA,Castellanos,S/D,S/D,V,S/D,S/D,S/D,S/D,S/D,S/D,S/D,S/D,S/D,S/D,S/D,S/D,S/D,S/D,S/D,S/D
2018,6996,2018-05-25,Viernes,0,,,0.0,2,"Moto/Ciclomotor,Pickup/Utilitario", ,2,1,0,0,1,0,0,"-33.044961, -61.165017",S/D,,CASILDA,Caseros,S/D,S/D,IV,S/D,S/D,S/D,S/D,S/D,S/D,S/D,S/D,S/D,S/D,S/D,Colisión,S/D,S/D,S/D,S/D
2018,6997,2018-06-15,Viernes,0,18:46:00,,0.0,1,Moto/Ciclomotor,Buenos Aires 4600,1,0,1,0,0,0,0,"-32.991555555556,-60.643805555556",Calle,,ROSARIO,Rosario,S/D,S/D,II,S/D,Urbana,S/D,S/D,S/D,S/D,S/D,Atardecer,S/D,S/D,S/D,Caída ocupante,S/D,S/D,S/D,S/D
2018,6998,2018-06-19,Martes,0,,,0.0,2,"Moto/Ciclomotor,Automóvil",Av Lisandro de la Torre Y Urquiza,4,1,0,0,3,0,0,"-30.94252, -61.56696",S/D,,SUNCHALES,Castellanos,S/D,S/D,I,S/D,S/D,S/D,S/D,S/D,S/D,S/D,S/D,S/D,S/D,S/D,S/D,S/D,S/D,S/D,S/D
2018,6999,2018-06-15,Viernes,0,17:50:00,,0.0,2,"Peatón,Moto/Ciclomotor",Av. Ovidio Lagos Y Bv. 27 De Febrero,2,1,0,0,1,0,0,"-32.963388888889,-60.666638888889",Calle,,ROSARIO,Rosario,S/D,S/D,II,S/D,Urbana,S/D,S/D,Intersección,S/D,S/D,Atardecer,S/D,S/D,Peatón,Atropello,S/D,S/D,S/D,S/D
2018,7000,2018-05-26,Sabado,0,,,0.0,2,"Moto/Ciclomotor,Moto/Ciclomotor", ,5,3,1,0,1,0,0,"-29.244408, -61.764003",S/D,,TOSTADO,9 de Julio,S/D,S/D,XII,S/D,S/D,S/D,S/D,S/D,S/D,S/D,S/D,S/D,S/D,S/D,Colisión,S/D,S/D,S/D,S/D
2018,7001,2018-06-15,Viernes,0,12:30:00,,0.0,2,"Moto/Ciclomotor,Pickup/Utilitario",Av. Provincias Unidas 628,2,1,0,0,1,0,0,"-32.934861111111,-60.712833333333",Calle,,ROSARIO,Rosario,S/D,S/D,II,S/D,Urbana,S/D,S/D,S/D,S/D,S/D,Diurna,S/D,De alcance,S/D,Colisión,S/D,S/D,S/D,S/D
2018,7002,2018-06-16,Sabado,0,01:00:00,,0.0,2,"Moto/Ciclomotor,Otros",Rodriguez Y Dr.Rivas,2,0,1,0,0,0,1,"-32.979972222222,-60.668138888889",S/D,,ROSARIO,Rosario,S/D,S/D,II,S/D,S/D,S/D,S/D,S/D,S/D,S/D,S/D,S/D,S/D,S/D,S/D,S/D,S/D,S/D,S/D
2018,7003,2018-05-27,Domingo,0,,,0.0,2,"Moto/Ciclomotor,Moto/Ciclomotor",3 de febrero Y Lisandro de La Torre,2,2,0,0,0,0,0,"-31.676888888889,-60.782944444444",Calle,,SANTO TOMÉ,La Capital,Asfalto,No existe,I,Dentro,Urbana,Ninguna,S/D,Intersección,S/D,S/D,S/D,S/D,S/D,S/D,Colisión,S/D,S/D,S/D,Sin restricción
2018,7004,2018-08-03,Viernes,0,,,0.0,2,"Moto/Ciclomotor,Automóvil",Bv. Oro?o Y Cochabamba,2,1,0,0,1,0,0,"-32.955722222222,-60.656444444444",Calle,,ROSARIO,Rosario,S/D,S/D,II,S/D,Urbana,S/D,S/D,Intersección,S/D,S/D,S/D,S/D,S/D,S/D,Colisión,S/D,S/D,S/D,S/D
2018,7005,2018-06-15,Viernes,0,,,0.0,2,"Moto/Ciclomotor,Camión c / Acoplado",Ocampo Y Barra,2,1,0,0,1,0,0,"-32.957861111111,-60.706111111111",Calle,,ROSARIO,Rosario,S/D,S/D,II,S/D,Urbana,S/D,S/D,Intersección,S/D,S/D,S/D,S/D,De alcance,S/D,Colisión,S/D,S/D,S/D,S/D
2018,7006,2018-05-27,Domingo,0,01:20:00,,0.0,2,"Moto/Ciclomotor,Moto/Ciclomotor",Perez Bulnes Y Av. Provincias Unidas,3,0,2,1,0,0,0,"-32.942444444444,-60.712638888889",Avenida,,ROSARIO,Rosario,Asfalto,No existe,II,Dentro,Urbana,Ninguna,S/D,Intersección,S/D,S/D,Nocturna,S/D,S/D,S/D,Colisión,S/D,S/D,S/D,Sin restricción
2018,7007,2018-06-20,Miercoles,0,04:00:00,,0.0,2,"Moto/Ciclomotor,Otros",Av. Battle y Ordo?ez Y San Martin,2,0,1,0,0,0,1,"-33.008888888889,-60.650666666667",S/D,,ROSARIO,Rosario,S/D,S/D,II,S/D,S/D,S/D,S/D,S/D,S/D,S/D,S/D,S/D,S/D,S/D,S/D,S/D,S/D,S/D,S/D
2018,7008,2018-08-03,Viernes,0,,,0.0,2,"Moto/Ciclomotor,Automóvil", ,2,1,0,0,1,0,0,"-33.04539, -61.16583",Calle,,CASILDA,Caseros,S/D,S/D,IV,S/D,Urbana,S/D,S/D,S/D,S/D,S/D,S/D,S/D,S/D,S/D,Colisión,S/D,S/D,S/D,S/D
2018,7009,2018-06-22,Viernes,0,10:15:00,,0.0,2,"Moto/Ciclomotor,Otros",Juan B.De La Salle Y Magallanes,2,0,1,0,0,0,1,"-32.922277777778,-60.705277777778",S/D,,ROSARIO,Rosario,S/D,S/D,II,S/D,S/D,S/D,S/D,S/D,S/D,S/D,S/D,S/D,S/D,S/D,S/D,S/D,S/D,S/D,S/D
2018,7010,2018-05-27,Domingo,0,,,0.0,2,"Automóvil,Automóvil",SARMIENTO Y BS AS,2,1,0,0,1,0,0,"-31.660638888889,-60.768333333333",Calle,,SANTO TOMÉ,La Capital,Asfalto,No existe,I,Dentro,Urbana,S/D,S/D,Intersección,S/D,S/D,S/D,S/D,Lateral,S/D,Colisión,S/D,S/D,S/D,S/D
2018,7011,2018-08-03,Viernes,0,,,0.0,2,"Pickup/Utilitario,Moto/Ciclomotor", ,2,1,0,0,1,0,0,"-33.04539, -61.16583",S/D,,CASILDA,Caseros,S/D,S/D,IV,S/D,S/D,S/D,S/D,S/D,S/D,S/D,S/D,S/D,S/D,S/D,Colisión,S/D,S/D,S/D,S/D
2018,7012,2018-06-23,Sabado,0,02:00:00,,0.0,2,"Moto/Ciclomotor,Otros",LAGUNA DEL DESIERTO ,2,0,1,0,0,0,1,"-32.98229, -60.67753",S/D,,ROSARIO,Rosario,S/D,S/D,II,S/D,S/D,S/D,S/D,S/D,S/D,S/D,S/D,S/D,S/D,S/D,S/D,S/D,S/D,S/D,S/D
2018,7013,2018-06-15,Viernes,0,,,0.0,1,Moto/Ciclomotor, ,1,1,0,0,0,0,0,"-32.029854010323, -61.224434826182",S/D,,GÁLVEZ,San Jerónimo,S/D,S/D,XV,S/D,S/D,S/D,S/D,S/D,S/D,S/D,S/D,S/D,S/D,S/D,Caída ocupante,S/D,S/D,S/D,S/D
2018,7014,2018-06-25,Lunes,0,20:30:00,,0.0,2,"Moto/Ciclomotor,Otros",Bv. Avellaneda Y Lamadrid,2,0,1,0,0,0,1,"-32.998194444444,-60.689416666667",S/D,,ROSARIO,Rosario,S/D,S/D,II,S/D,S/D,S/D,S/D,S/D,S/D,S/D,S/D,S/D,S/D,S/D,S/D,S/D,S/D,S/D,S/D
2018,7015,2018-08-03,Viernes,0,,,0.0,2,"Bicicleta,Pickup/Utilitario", ,2,1,0,0,1,0,0,"-33.04388, -61.16297",S/D,,CASILDA,Caseros,S/D,S/D,IV,S/D,S/D,S/D,S/D,S/D,S/D,S/D,S/D,S/D,S/D,Ciclista,Atropello,S/D,S/D,S/D,S/D
2018,7016,2018-06-30,Sabado,0,09:30:00,,0.0,2,"Moto/Ciclomotor,Otros",Av. Provincias Unidas ,2,0,1,0,0,0,1,"-32.939111111111,-60.712777777778",S/D,,ROSARIO,Rosario,S/D,S/D,II,S/D,S/D,S/D,S/D,S/D,S/D,S/D,S/D,S/D,S/D,S/D,S/D,S/D,S/D,S/D,S/D
2018,7017,2018-05-28,Lunes,0,,,0.0,2,"Moto/Ciclomotor,Bicicleta",FRAY LUIS BELTRÁN Y  Remedios de Escalada de San M,2,2,0,0,0,0,0,"-33.03914, -61.16251",Calle,,CASILDA,Caseros,Asfalto,No existe,IV,Dentro,Urbana,Policía de tránsito,S/D,Recta,S/D,S/D,S/D,S/D,S/D,Ciclista,Atropello,Ninguna,S/D,S/D,Sin restricción