anio_acci,nro_acci,fecha,desc_dia,fecha_aprox,hora_aprox,desc_ruta,km,cant_participantes,desc_participante,calle_avenida_km,total,heridos_leves,heridos_graves,heridos_gravisimos,ilesos,fallecidos,sin_datos,posicion_XY,desc_tipo_via,desc_ruta_ori,desc_loc,desc_dpto,desc_tipo_calzada,desc_tipo_banquina,desc_unidad_regional,desc_lugar_calzada,desc_zona,desc_prioridad,desc_estado_semaforo,desc_lugar_via,desc_estado_via,desc_estado_visibilidad,desc_luminosidad,desc_estado_clima,desc_tipo_colision,desc_tipo_atropello,desc_tipo_hecho,desc_pres_calzada,desc_senializacion,desc_separacion_via,desc_restriccion
2018,7018,2018-06-09,Sabado,0,06:00:00,Ruta Provincial 1,286.0,1,Moto/Ciclomotor, ,1,0,1,0,0,0,0,"-29.38549, -59.74058",Ruta,1,LOS LAURELES,General Obligado,Asfalto,Natural,IX,Dentro,Rural,Marca Vial,No existe,Recta,Bueno,Reducida,Nocturna,Niebla,S/D,S/D,Despiste,Ninguna,Faltante,Guardarrail,Sin restricción
2018,7019,2018-05-28,Lunes,0,,Ruta Provincial 92,0.0,1,Pickup/Utilitario, ,1,1,0,0,0,0,0,"-33.09251, -61.78051",Ruta,92,ARTEAGA,Caseros,Asfalto,Natural,IV,Dentro,Rural,S/D,No existe,Recta,S/D,Buena,S/D,S/D,S/D,S/D,Vuelco,S/D,S/D,S/D,S/D
2018,7020,2018-06-20,Miercoles,0,11:30:00,,0.0,1,Moto/Ciclomotor,Cabral Y Turner S,2,2,0,0,0,0,0,"-33.759027777778,-61.952583333333",S/D,,VENADO TUERTO,General López,S/D,S/D,VIII,S/D,S/D,S/D,S/D,S/D,S/D,S/D,S/D,S/D,Atropello animal,S/D,S/D,S/D,S/D,S/D,S/D
2018,7021,2018-05-28,Lunes,0,,,0.0,2,"Moto/Ciclomotor,Automóvil",Vicente Lopez Y Doctor Estanislao Zeballos Sev,3,2,0,0,1,0,0,"-33.050972222222,-61.171194444444",Calle,,CASILDA,Caseros,Asfalto,No existe,IV,Dentro,Urbana,Ninguna,S/D,Intersección,S/D,Buena,S/D,S/D,S/D,S/D,Colisión,S/D,S/D,S/D,Sin restricción
2018,7022,2018-06-02,Sabado,0,,Ruta Nacional 34,242.0,2,"Camión,Camión", ,2,0,1,0,1,0,0,"-31.07197, -61.46113",Ruta,34,CASTELLANOS,Castellanos,S/D,S/D,V,S/D,Rural,S/D,S/D,Otro,S/D,S/D,S/D,S/D,S/D,S/D,S/D,S/D,S/D,S/D,S/D
2018,7023,2018-06-20,Miercoles,0,12:00:00,,0.0,1,Moto/Ciclomotor,Falucho Y Bernardino Rivadavia,2,1,0,0,1,0,0,"-33.750138888889,-61.95775",S/D,,VENADO TUERTO,General López,S/D,S/D,VIII,S/D,S/D,S/D,S/D,S/D,S/D,S/D,S/D,S/D,S/D,S/D,Vuelco,S/D,S/D,S/D,S/D
2018,7024,2018-05-28,Lunes,0,,,0.0,2,"Moto/Ciclomotor,Automóvil",Sarmiento Y Rotania,2,0,1,0,0,0,1,"-30.94861, -61.55963",Calle,,SUNCHALES,Castellanos,Asfalto,No existe,V,Dentro,Urbana,Señal Pare,No existe,Intersección,Bueno,Buena,S/D,S/D,Lateral,S/D,Colisión,Ninguna,"Horizontal,Vertical",Línea divisoria pintada,Sin restricción
2018,7025,2018-06-01,Viernes,0,11:15:00,,0.0,2,"Moto/Ciclomotor,Automóvil",Ballesteros Y San Martin,2,1,0,0,1,0,0,"-32.817916666667,-61.397694444444",Calle,,CAÑADA DE GÓMEZ,Iriondo,S/D,S/D,X,S/D,Urbana,S/D,S/D,Intersección,S/D,S/D,Diurna,S/D,S/D,S/D,Colisión,S/D,S/D,S/D,S/D
2018,7026,2018-06-20,Miercoles,0,19:55:00,,0.0,2,"Moto/Ciclomotor,Peatón",Mariano Moreno Y Fernando Azcoaga,2,2,0,0,0,0,0,"-33.728527777778,-61.9835",S/D,,VENADO TUERTO,General López,S/D,S/D,VIII,S/D,S/D,S/D,S/D,S/D,S/D,S/D,S/D,S/D,S/D,Peatón,Atropello,S/D,S/D,S/D,S/D
2018,7027,2018-05-28,Lunes,0,,,0.0,2,"Moto/Ciclomotor,Automóvil",Liniers Y Las Heras,2,0,1,0,1,0,0,"-31.258138888889,-61.476166666667",Calle,,RAFAELA,Castellanos,Asfalto,No existe,V,Dentro,Urbana,Ninguna,S/D,Intersección,Bueno,S/D,S/D,S/D,S/D,S/D,Colisión,S/D,S/D,S/D,Sin restricción
2018,7028,2018-06-01,Viernes,0,11:00:00,,0.0,2,"Moto/Ciclomotor,Automóvil",Rivadavia ,2,1,0,0,0,0,1,"-32.81815, -61.3928",Calle,,CAÑADA DE GÓMEZ,Iriondo,S/D,S/D,X,S/D,Urbana,S/D,S/D,S/D,S/D,S/D,Diurna,S/D,S/D,S/D,Colisión,S/D,S/D,S/D,S/D
2018,7029,2018-05-28,Lunes,0,,Ruta Nacional 11,0.0,1,Automóvil, ,2,2,0,0,0,0,0,"-32.38476, -60.93012",Ruta,11,MONJE,San Jerónimo,Asfalto,S/D,XV,S/D,S/D,S/D,S/D,Recta,S/D,S/D,S/D,S/D,S/D,S/D,Vuelco,S/D,S/D,S/D,Sin restricción
2018,7030,2018-06-20,Miercoles,0,20:25:00,Ruta Nacional 8,0.0,2,"Automóvil,Moto/Ciclomotor",SARMIENTO ,4,1,0,0,3,0,0,"-33.76039, -61.96974",Ruta,8,VENADO TUERTO,General López,S/D,S/D,VIII,S/D,S/D,S/D,S/D,S/D,S/D,S/D,S/D,S/D,S/D,S/D,S/D,S/D,S/D,S/D,S/D
2018,7031,2018-06-04,Lunes,0,00:00:00,,0.0,2,"Moto/Ciclomotor,Moto/Ciclomotor",Maipu Y Ituzaingo,2,2,0,0,0,0,0,"-32.812305555556,-61.400583333333",Calle,,CAÑADA DE GÓMEZ,Iriondo,S/D,S/D,X,S/D,Urbana,S/D,S/D,Intersección,S/D,S/D,Nocturna,S/D,S/D,S/D,Colisión,S/D,S/D,S/D,S/D
2018,7032,2018-05-29,Martes,0,16:15:00,,0.0,2,"Moto/Ciclomotor,Automóvil",Av A del Valle Y Larrea,3,2,0,0,1,0,0,"-31.595361111111,-60.692055555556",Avenida,,SANTA FE,La Capital,Asfalto,No existe,I,Dentro,Urbana,Semáforo,Funciona,Intersección,Bueno,Buena,Diurna,S/D,Lateral,S/D,Colisión,Ninguna,S/D,Línea divisoria pintada,Sin restricción
2018,7033,2018-06-06,Miercoles,0,,Ruta Provincial 1,0.0,2,"Automóvil,Pickup/Utilitario", ,3,1,1,0,1,0,0,"-31.63798, -60.62593",Ruta,1,SANTA FE,La Capital,S/D,S/D,I,S/D,S/D,S/D,Funciona,S/D,S/D,S/D,Amanecer,S/D,Lateral,S/D,Colisión,S/D,S/D,S/D,S/D
2018,7034,2018-06-07,Jueves,0,14:40:00,Ruta Nacional 8,0.0,2,"Moto/Ciclomotor,Pickup/Utilitario",Bv 12 de octubre Y Bartolome Mitre,2,0,1,0,1,0,0,"-33.75471, -61.97428",Ruta,8,VENADO TUERTO,General López,S/D,S/D,VIII,S/D,Urbana,S/D,S/D,Intersección,S/D,S/D,S/D,S/D,S/D,S/D,Colisión,S/D,S/D,S/D,S/D
2018,7035,2018-06-21,Jueves,0,11:40:00,,0.0,2,"Automóvil,Moto/Ciclomotor",CAlle 37-Bvard. lovato Y Calle 30-Lucas Funes,2,1,0,0,1,0,0,"-29.155,-59.655138888889",S/D,,RECONQUISTA,General Obligado,S/D,S/D,IX,S/D,S/D,S/D,S/D,S/D,S/D,S/D,S/D,S/D,S/D,S/D,S/D,S/D,S/D,S/D,S/D
2018,7036,2018-05-29,Martes,0,,,0.0,2,"Moto/Ciclomotor,Moto/Ciclomotor",CAMINO DEL INMIGRANTE Y CHACO,3,2,1,0,0,0,0,"-33.03197, -60.59446",Calle,,VILLA GOBERNADOR GÁLVEZ,Rosario,Tierra,No existe,II,Dentro,Urbana,Ninguna,No existe,Intersección,S/D,S/D,S/D,S/D,Lateral,S/D,Colisión,S/D,Faltante,Ninguna,Sin restricción
2018,7037,2018-06-21,Jueves,0,20:10:00,,0.0,2,"Moto/Ciclomotor,Pickup/Utilitario",CAlle 37-Bvard. lovato 1040,2,1,0,0,1,0,0,"-29.155472222222,-59.650611111111",S/D,,RECONQUISTA,General Obligado,S/D,S/D,IX,S/D,S/D,S/D,S/D,S/D,S/D,S/D,S/D,S/D,S/D,S/D,S/D,S/D,S/D,S/D,S/D
2018,7038,2018-06-07,Jueves,0,18:45:00,,0.0,1,Moto/Ciclomotor,2 de Abril Y San Lorenzo,2,1,0,0,1,0,0,"-33.75355, -61.95327",Calle,,VENADO TUERTO,General López,S/D,S/D,VIII,S/D,Urbana,S/D,S/D,Intersección,S/D,S/D,Atardecer,S/D,Contra objeto fijo,S/D,Colisión,S/D,S/D,S/D,S/D
2018,7039,2018-06-07,Jueves,0,,,0.0,2,"Moto/Ciclomotor,Moto/Ciclomotor",Av Dr Luis Chapuis Y Ruta Nacional 33,2,1,0,0,1,0,0,"-33.71868, -61.9897",Calle,,VENADO TUERTO,General López,S/D,S/D,VIII,S/D,Urbana,S/D,S/D,Intersección,S/D,S/D,S/D,S/D,S/D,S/D,Colisión,S/D,S/D,S/D,S/D
2018,7040,2018-06-21,Jueves,0,20:00:00,,0.0,2,"Camión,Bicicleta",Evaristos Fernandez Rudaz Y CAlle 37-Bvard. lovato,2,1,0,0,1,0,0,"-29.155638888889,-59.648916666667",S/D,,RECONQUISTA,General Obligado,S/D,S/D,IX,S/D,S/D,S/D,S/D,S/D,S/D,S/D,S/D,S/D,S/D,Ciclista,Atropello,S/D,S/D,S/D,S/D
2018,7041,2018-05-29,Martes,0,10:40:00,,0.0,2,"Pickup/Utilitario,Bicicleta",Doctor Estanislao Zeballos Sev Y Washington,2,1,0,0,1,0,0,"-33.050416666667,-61.170166666667",Calle,,CASILDA,Caseros,Asfalto,S/D,IV,Dentro,Urbana,Ninguna,S/D,Intersección,S/D,S/D,Diurna,S/D,S/D,Ciclista,Atropello,S/D,S/D,S/D,Sin restricción
2018,7042,2018-08-03,Viernes,0,,,0.0,2,"Moto/Ciclomotor,Pickup/Utilitario",Calle 47-Islas Malvinas ,2,1,0,0,1,0,0,"-29.16119, -59.65028",Calle,,RECONQUISTA,General Obligado,S/D,S/D,IX,S/D,Urbana,S/D,S/D,S/D,S/D,S/D,S/D,S/D,S/D,S/D,Colisión,S/D,S/D,S/D,S/D
2018,7043,2018-06-07,Jueves,0,,Ruta Provincial 70,125.0,2,"Moto/Ciclomotor,Pickup/Utilitario", ,2,1,0,0,1,0,0,"-31.17923, -61.94987",Ruta,70,RAMONA,Castellanos,S/D,S/D,V,S/D,Rural,S/D,S/D,Otro,S/D,S/D,S/D,S/D,De alcance,S/D,Colisión,S/D,S/D,S/D,S/D
2018,7044,2018-06-22,Viernes,0,09:10:00,Ruta Provincial 70,0.0,2,"Camión,Pickup/Utilitario", ,2,1,0,0,1,0,0,"-31.44253, -60.92845",Ruta,70,ESPERANZA,Las Colonias,S/D,S/D,XI,S/D,S/D,S/D,S/D,S/D,S/D,S/D,S/D,S/D,S/D,S/D,S/D,S/D,S/D,S/D,S/D
2018,7045,2018-05-30,Miercoles,0,19:10:00,,0.0,2,"Automóvil,Moto/Ciclomotor",San Martin Y Platon,2,1,0,0,1,0,0,"-33.020027777778,-60.653111111111",Calle,,ROSARIO,Rosario,Asfalto,No existe,II,Dentro,Urbana,Ninguna,No existe,Intersección,Bueno,Buena,Atardecer,S/D,Lateral,S/D,Colisión,S/D,S/D,Ninguna,Sin restricción
2018,7046,2018-06-21,Jueves,0,11:20:00,,0.0,2,"Pickup/Utilitario,Moto/Ciclomotor",A. Capdevila Y Mitre,2,1,0,0,1,0,0,"-32.809,-61.386305555556",S/D,,CAÑADA DE GÓMEZ,Iriondo,S/D,S/D,X,S/D,S/D,S/D,S/D,S/D,S/D,S/D,S/D,S/D,S/D,S/D,S/D,S/D,S/D,S/D,S/D
2018,7047,2018-05-30,Miercoles,0,00:05:00,,0.0,2,"Moto/Ciclomotor,Automóvil",Bv. Segui Y Entre Rios,2,1,0,0,1,0,0,"-32.978666666667,-60.649194444444",Calle,,ROSARIO,Rosario,Asfalto,S/D,II,Dentro,Urbana,Ninguna,S/D,Intersección,S/D,Buena,"Nocturna,Con luz artificial",S/D,S/D,S/D,Colisión,S/D,S/D,Ninguna,Sin restricción
2018,7048,2018-05-30,Miercoles,0,,,0.0,2,"Moto/Ciclomotor,Automóvil",Sabroso Hilario Y Pres Domingo Faustino Sarmient,3,1,0,0,2,0,0,"-31.660194444444,-60.771",Calle,,SANTO TOMÉ,La Capital,Asfalto,No existe,I,Dentro,Urbana,Ninguna,S/D,Intersección,S/D,S/D,S/D,S/D,Lateral,S/D,Colisión,S/D,S/D,Ninguna,S/D
2018,7049,2018-06-23,Sabado,0,19:55:00,,0.0,2,"Camión,Pickup/Utilitario", ,2,1,0,0,1,0,0,"-30.74631, -60.55004",S/D,,SAN JUSTO,San Justo,S/D,S/D,XVI,S/D,S/D,S/D,S/D,S/D,S/D,S/D,S/D,S/D,S/D,S/D,S/D,S/D,S/D,S/D,S/D
2018,7050,2018-05-31,Jueves,0,,,0.0,2,"Moto/Ciclomotor,Automóvil",Pra Junta 924,3,0,1,0,2,0,0,"-32.029666666667,-61.214166666667",Calle,,GÁLVEZ,San Jerónimo,Asfalto,S/D,X,Dentro,Urbana,Ninguna,S/D,Recta,S/D,S/D,S/D,S/D,S/D,S/D,Colisión,S/D,S/D,Ninguna,Sin restricción
2018,7051,2018-06-07,Jueves,0,13:00:00,Ruta Provincial 2,32.0,2,"Automóvil,Camión", ,3,1,0,0,2,0,0,"-30.296078562357, -61.222813083955",Ruta,2,SAN CRISTÓBAL,San Cristóbal,S/D,S/D,XIII,S/D,Rural,S/D,S/D,Intersección,S/D,S/D,Diurna,S/D,Lateral,S/D,Colisión,S/D,S/D,S/D,S/D
2018,7052,2018-05-27,Domingo,0,22:45:00,,0.0,1,Moto/Ciclomotor,Santiago ,1,0,1,0,0,0,0,"-32.943695, -60.656096",Calle,,ROSARIO,Rosario,Asfalto,No existe,II,Dentro,Urbana,Ninguna,No existe,Recta,S/D,S/D,Nocturna,S/D,S/D,S/D,Caída ocupante,S/D,S/D,S/D,Sin restricción
2018,7054,2018-06-07,Jueves,0,,,0.0,2,"Automóvil,Moto/Ciclomotor",Florentino Ameghino Y Lavalle,2,1,0,0,1,0,0,"-31.245972222222,-61.488888888889",Calle,,RAFAELA,Castellanos,S/D,S/D,V,S/D,Urbana,S/D,S/D,Intersección,S/D,S/D,S/D,S/D,S/D,S/D,Colisión,S/D,S/D,S/D,S/D
2018,7055,2018-05-27,Domingo,0,13:00:00,,0.0,1,Moto/Ciclomotor,Av. Belgrano Y Cordoba,1,1,0,0,0,0,0,"-32.948194444444,-60.629055555556",Avenida,,ROSARIO,Rosario,Asfalto,No existe,II,Dentro,Urbana,S/D,S/D,Intersección,S/D,S/D,Diurna,S/D,S/D,S/D,Caída ocupante,S/D,S/D,S/D,S/D
2018,7056,2018-06-25,Lunes,0,20:20:00,,0.0,2,"Moto/Ciclomotor,Automóvil",Bv. Balcarce Y Moreno,2,1,0,0,1,0,0,"-32.821388888889,-61.397083333333",S/D,,CAÑADA DE GÓMEZ,Iriondo,S/D,S/D,X,S/D,S/D,S/D,S/D,S/D,S/D,S/D,S/D,S/D,S/D,S/D,S/D,S/D,S/D,S/D,S/D
2018,7057,2018-05-28,Lunes,0,17:00:00,,0.0,1,Moto/Ciclomotor,Hilarion de la Quintana Y Suipacha,1,1,0,0,0,0,0,"-32.977885, -60.673243",Calle,,ROSARIO,Rosario,Asfalto,No existe,II,Dentro,Urbana,Ninguna,S/D,Intersección,S/D,S/D,Atardecer,S/D,S/D,S/D,Caída ocupante,S/D,S/D,Ninguna,S/D
2018,7058,2018-06-25,Lunes,0,00:30:00,Ruta Nacional 9,0.0,1,Moto/Ciclomotor, ,1,1,0,0,0,0,0,"-32.81263, -61.3805",Ruta,9,CAÑADA DE GÓMEZ,Iriondo,S/D,S/D,X,S/D,S/D,S/D,S/D,S/D,S/D,S/D,S/D,S/D,S/D,S/D,Despiste,S/D,S/D,S/D,S/D
2018,7059,2018-06-07,Jueves,0,17:15:00,,0.0,2,"Moto/Ciclomotor,Automóvil",Calle 12 San Martin Y Calle 15-Pcio. Diez,2,1,0,0,1,0,0,"-29.144583333333,-59.642444444444",Calle,,RECONQUISTA,General Obligado,S/D,S/D,IX,S/D,Urbana,S/D,S/D,Intersección,S/D,S/D,Atardecer,S/D,S/D,S/D,Caída ocupante,S/D,S/D,S/D,S/D
2018,7060,2018-06-26,Martes,0,,Autopista Nacional A008,0.0,2,"Transporte de Pasajeros Urbano (> 8 asientos),Camión",Av. Circunvalacion Y Av. Pte.Peron,2,2,0,0,0,0,0,"-32.970861111111,-60.717305555556",Autopista,A008,ROSARIO,Rosario,S/D,S/D,II,S/D,S/D,S/D,S/D,S/D,S/D,S/D,S/D,S/D,S/D,S/D,S/D,S/D,S/D,S/D,S/D
2018,7061,2018-05-28,Lunes,0,16:30:00,Autopista Nacional Rosario -Cordoba,357.0,1,Automóvil, ,2,1,0,0,1,0,0,"-32.84353, -61.40949",Autopista,Rosario -Córdoba,CAÑADA DE GÓMEZ,Iriondo,Asfalto,Pavimento,X,Fuera,Rural,Ninguna,No existe,Recta,Bueno,S/D,Diurna,Buen Tiempo,S/D,S/D,Despiste,Ninguna,Horizontal,"Cordón divisorio,Vegetación",Sin restricción
2018,7062,2018-06-07,Jueves,0,18:30:00,,0.0,1,Otros,Calle 43-Fuerza Aerea Y Pasaje 46-48,1,0,0,0,0,0,1,"-29.156666666667,-59.666638888889",Calle,,RECONQUISTA,General Obligado,S/D,S/D,IX,S/D,Urbana,S/D,S/D,Intersección,S/D,S/D,Atardecer,S/D,S/D,S/D,S/D,S/D,S/D,S/D,S/D
2018,7063,2018-05-29,Martes,0,04:45:00,Autopista Nacional Gral. Juan Jose Valle,0.0,1,Automóvil, ,4,2,0,0,0,0,2,"-33.06363, -60.6492",Autopista,Gral. Juan José Valle,ALVEAR,Rosario,Asfalto,Pavimento,II,Dentro,Rural,Ninguna,No existe,Recta,S/D,S/D,Nocturna,S/D,S/D,S/D,Vuelco,S/D,S/D,"Guardarrail,Vegetación",Sin restricción
2018,7064,2018-07-10,Martes,0,12:00:00,Ruta Nacional 98,0.0,2,"Moto/Ciclomotor,Moto/Ciclomotor",Saavedra Y 1 de Mayo,2,1,0,0,1,0,0,"-29.229003402886,-61.780172769382",Ruta,98,TOSTADO,9 de Julio,Asfalto,No existe,XII,Dentro,Urbana,Ninguna,No existe,Distribuidor,Bueno,Buena,Diurna,Buen Tiempo,Lateral,S/D,Colisión,Ninguna,Faltante,Ninguna,Sin restricción
2018,7065,2018-07-03,Martes,0,11:50:00,,0.0,2,"Automóvil,Moto/Ciclomotor",Carlos Bosch Y General Manuel Belgrano,2,1,0,0,1,0,0,"-31.431447142390, -60.923949478794",Calle,,ESPERANZA,Las Colonias,Ripio,No existe,XI,Dentro,Urbana,Ninguna,No existe,Intersección,Bueno,Buena,Diurna,Buen Tiempo,Otro,S/D,Colisión,Ninguna,Faltante,Ninguna,Sin restricción
2018,7066,2018-07-20,Viernes,0,08:15:00,,0.0,2,"Bicicleta,Automóvil",Nicolas Schneider Y Av Los Colonizadores,2,1,0,0,1,0,0,"-31.450394266871, -60.923992394138",Avenida,,ESPERANZA,Las Colonias,Hormigón,No existe,XI,Dentro,Urbana,Ninguna,No existe,Intersección,Bueno,Buena,Diurna,Buen Tiempo,S/D,Ciclista,Atropello,Ninguna,Faltante,Ninguna,Sin restricción
2018,7067,2018-07-25,Miercoles,0,11:05:00,,0.0,2,"Moto/Ciclomotor,Automóvil",General Manuel Belgrano Y Balcarce,3,2,0,0,1,0,0,"-31.458440893916, -60.932210682560",Calle,,ESPERANZA,Las Colonias,Asfalto,No existe,XI,Dentro,Urbana,Ninguna,No existe,Intersección,Bueno,Buena,Diurna,Buen Tiempo,De alcance,S/D,Colisión,Ninguna,Faltante,Ninguna,Sin restricción
2018,7068,2018-07-25,Miercoles,0,22:00:00,,0.0,2,"Moto/Ciclomotor,Pickup/Utilitario",Av Los Colonizadores Y Hipolito Irigoyen,2,1,0,0,1,0,0,"-31.450673216609, -60.922511814762",Avenida,,ESPERANZA,Las Colonias,Asfalto,No existe,XI,Dentro,Urbana,Ninguna,No existe,Cruce,Bueno,Buena,Nocturna,Buen Tiempo,Lateral,S/D,Colisión,Ninguna,Faltante,Ninguna,Sin restricción
2018,7069,2018-07-27,Viernes,0,10:30:00,Ruta Nacional 11,0.0,2,"Moto/Ciclomotor,Pickup/Utilitario",Vera ,3,1,0,0,2,0,0,"-31.955766, -60.927042",Ruta,11,CORONDA,San Jerónimo,Asfalto,Natural,XV,Dentro,Urbana,Otra Señal,No existe,Intersección,Bueno,Buena,Diurna,Buen Tiempo,Frontal,S/D,Colisión,Ninguna,"Horizontal,Vertical",Línea divisoria pintada,Sin restricción
2018,7070,2018-07-29,Domingo,0,14:00:00,,0.0,1,Moto/Ciclomotor, ,1,1,0,0,0,0,0,"-31.446059817103, -60.920237301517",Calle,,ESPERANZA,Las Colonias,Ripio,No existe,XI,Dentro,Urbana,Ninguna,No existe,Curva,Bueno,Buena,Diurna,Buen Tiempo,Contra objeto fijo,S/D,Colisión,Ninguna,Faltante,Ninguna,Desvío Provisorio
2018,7071,2018-04-02,Lunes,0,08:45:00,Ruta Provincial 1,292.0,1,Moto/Ciclomotor, ,1,1,0,0,0,0,0,"-30.965375303213, -60.064481991879",Ruta,1,LOS LAURELES,General Obligado,Asfalto,Natural,IX,Dentro,Rural,Ninguna,No existe,Recta,Bueno,Buena,Diurna,Buen Tiempo,S/D,S/D,Despiste,Ninguna,Faltante,Línea divisoria pintada,Sin restricción
2018,7072,2018-07-01,Domingo,0,09:20:00,Autopista Provincial Brigadier E.López,98.0,2,"Transporte de Pasajeros Larga Distancia (> 8 asientos),Camión c / Acoplado", ,17,4,0,0,13,0,0,"-32.081128, -60.993831",Autopista,Brigadier E.López,AROCENA,San Jerónimo,Asfalto,Natural,XV,Dentro,Rural,Otra Señal,No existe,Recta,Bueno,Buena,Diurna,Buen Tiempo,De alcance,S/D,Colisión,Ninguna,"Horizontal,Vertical",Línea divisoria pintada,Sin restricción
2018,7073,2018-07-29,Domingo,0,14:40:00,Ruta Provincial 70,0.0,3,"Automóvil,Automóvil,Automóvil",Ruta provincial 70 Y Rivadavia,8,1,0,0,7,0,0,"-31.443352324412, -60.926599725554",Ruta,70,ESPERANZA,Las Colonias,Asfalto,Pavimento,XII,Dentro,Urbana,Semáforo,Funciona,Intersección,Bueno,Buena,Diurna,Buen Tiempo,De alcance,S/D,Colisión,Ninguna,Vertical,Ninguna,Sin restricción
2018,7074,2018-07-06,Viernes,0,21:50:00,,0.0,2,"Moto/Ciclomotor,Bicicleta",San Martin Y Soler,2,2,0,0,0,0,0,"-31.460683887215, -60.933955090326",Calle,,ESPERANZA,Las Colonias,Asfalto,No existe,XI,Dentro,Urbana,Ninguna,No existe,Intersección,Otro,Buena,Nocturna,Lluvia,S/D,Ciclista,Atropello,Agua,Faltante,Ninguna,Sin restricción
2018,7075,2018-07-12,Jueves,0,11:35:00,,0.0,2,"Pickup/Utilitario,Moto/Ciclomotor",Rodriguez Pe?a Y Gregorio Donnet,2,1,0,0,1,0,0,"-31.445534770699, -60.924899952691",Calle,,ESPERANZA,Las Colonias,Asfalto,No existe,XI,Dentro,Urbana,Ninguna,No existe,Intersección,Bueno,Buena,Diurna,Buen Tiempo,Otro,S/D,Colisión,Ninguna,Faltante,Ninguna,Sin restricción
2018,7076,2018-07-27,Viernes,0,12:40:00,Ruta Nacional 11,0.0,2,"Moto/Ciclomotor,Automóvil",San Martin Y Ruta Nacional 11,2,1,0,0,1,0,0,"-31.871204, -60.887620",Ruta,11,DESVÍO ARIJÓN,San Jerónimo,Asfalto,Ripio,XV,Dentro,Urbana,Otra Señal,No existe,Intersección,Bueno,Buena,Diurna,Buen Tiempo,S/D,S/D,Colisión,Ninguna,"Horizontal,Vertical",Línea divisoria pintada,Sin restricción
2018,7077,2018-07-12,Jueves,0,19:15:00,,0.0,2,"Moto/Ciclomotor,Bicicleta",Gobernador Crespo Y Dr GÁLVEZ,2,1,1,0,0,0,0,"-31.455448215218, -60.937281029504",Calle,,ESPERANZA,Las Colonias,Asfalto,No existe,XI,Dentro,Urbana,Ninguna,No existe,Intersección,Bueno,Buena,Atardecer,Buen Tiempo,S/D,Ciclista,Atropello,Ninguna,Faltante,Ninguna,Sin restricción
2018,7078,2018-07-19,Jueves,0,05:35:00,,0.0,2,"Transporte de Pasajeros Larga Distancia (> 8 asientos),Automóvil",Alberdi Y Laprida,4,1,0,0,3,0,0,"-31.444418971749, -60.925715344232",Calle,,ESPERANZA,Las Colonias,Asfalto,No existe,XI,Dentro,Urbana,Ninguna,No existe,Intersección,Bueno,Buena,"Amanecer,Con luz artificial",Lluvia,Otro,S/D,Colisión,Agua,Faltante,Ninguna,Sin restricción
2018,7079,2018-07-28,Sabado,0,10:20:00,Ruta Nacional 11,436.0,1,Pickup/Utilitario, ,2,0,2,0,0,0,0,"-31.858960, -60.883928",Ruta,11,DESVÍO ARIJÓN,San Jerónimo,Asfalto,Natural,XV,Fuera,Urbana,Ninguna,No existe,Recta,Bueno,S/D,Diurna,Buen Tiempo,S/D,S/D,Despiste,Ninguna,Horizontal,Línea divisoria pintada,Sin restricción
2018,7080,2018-07-05,Jueves,0,13:44:00,,0.0,2,"Pickup/Utilitario,Camión Chasis",Suipacha Y Pueyrredon,2,1,0,0,1,0,0,"-31.722613464831, -61.097395674200",Calle,,SAN CARLOS CENTRO,Las Colonias,Ripio,No existe,XI,Dentro,Urbana,Ninguna,No existe,Intersección,Bueno,S/D,Diurna,Buen Tiempo,De alcance,S/D,Colisión,Ninguna,Faltante,Ninguna,Sin restricción
2018,7081,2018-07-30,Lunes,0,20:00:00,,0.0,2,"Moto/Ciclomotor,Moto/Ciclomotor",SAN JUAN Y SANTA FE,4,1,3,0,0,0,0,"-32.135397, -60.983860",Calle,,SAN FABIÁN,San Jerónimo,Ripio,Natural,XV,Dentro,Urbana,Ninguna,No existe,Intersección,Bueno,Buena,"Nocturna,Con luz artificial",Buen Tiempo,Lateral,S/D,Colisión,Ninguna,Faltante,Ninguna,Sin restricción
2018,7082,2018-07-06,Viernes,0,18:55:00,,0.0,2,"Moto/Ciclomotor,Pickup/Utilitario",Rivadavia Y Almafuerte,2,1,0,0,1,0,0,"-31.732913147449, -61.091569916219",Avenida,,ESPERANZA,Las Colonias,Asfalto,No existe,XI,Dentro,Urbana,Ninguna,No existe,Intersección,Bueno,Reducida,Nocturna,Buen Tiempo,Lateral,S/D,Colisión,Ninguna,Horizontal,Ninguna,Sin restricción
2018,7083,2018-07-22,Domingo,0,14:50:00,,0.0,2,"Moto/Ciclomotor,Automóvil",13 de Mayo Y Salta,2,1,0,0,1,0,0,"-31.736303459643, -61.089585081548",Calle,,SAN CARLOS CENTRO,Las Colonias,Ripio,No existe,XI,Dentro,Urbana,Ninguna,No existe,Intersección,Bueno,Buena,Diurna,Buen Tiempo,Lateral,S/D,Colisión,S/D,Faltante,Ninguna,S/D
2018,7085,2018-07-25,Miercoles,0,17:10:00,,0.0,2,"Automóvil,Bicicleta",9 de Julio Y Sarmiento,2,0,1,0,1,0,0,"-31.730220209598, -61.095196262808",Calle,,SAN CARLOS CENTRO,Las Colonias,Hormigón,No existe,XI,Dentro,Urbana,Marca Vial,No existe,Intersección,Bueno,Buena,Diurna,Lluvia,S/D,Ciclista,Atropello,Agua,Horizontal,Ninguna,Sin restricción
2018,7086,2018-07-05,Jueves,0,22:45:00,Ruta Provincial 95,0.0,2,"Bicicleta,Moto/Ciclomotor",Novarro Y Bustinza,2,1,1,0,0,0,0,"-32.433777669365, -60.819056406222",Ruta,95,GABOTO,San Jerónimo,Asfalto,No existe,XV,Dentro,Urbana,Otra Señal,No existe,Intersección,Bueno,Reducida,"Nocturna,Con luz artificial",Buen Tiempo,S/D,Ciclista,Atropello,Ninguna,Vertical,Ninguna,Sin restricción
2018,7087,2018-07-28,Sabado,0,20:05:00,Ruta Provincial 6,0.0,2,"Moto/Ciclomotor,Automóvil",San Martin Y Weihmuller,2,1,0,0,1,0,0,"-31.733412, -61.094525",Ruta,6,SAN CARLOS CENTRO,Las Colonias,Hormigón,No existe,XI,Dentro,Urbana,Ninguna,No existe,Intersección,Bueno,Buena,"Nocturna,Con luz artificial",Buen Tiempo,S/D,S/D,Colisión,Ninguna,Faltante,Ninguna,S/D