anio_acci,nro_acci,fecha,desc_dia,fecha_aprox,hora_aprox,desc_ruta,km,cant_participantes,desc_participante,calle_avenida_km,total,heridos_leves,heridos_graves,heridos_gravisimos,ilesos,fallecidos,sin_datos,posicion_XY,desc_tipo_via,desc_ruta_ori,desc_loc,desc_dpto,desc_tipo_calzada,desc_tipo_banquina,desc_unidad_regional,desc_lugar_calzada,desc_zona,desc_prioridad,desc_estado_semaforo,desc_lugar_via,desc_estado_via,desc_estado_visibilidad,desc_luminosidad,desc_estado_clima,desc_tipo_colision,desc_tipo_atropello,desc_tipo_hecho,desc_pres_calzada,desc_senializacion,desc_separacion_via,desc_restriccion
2018,7088,2018-07-16,Lunes,0,10:35:00,,0.0,2,"Moto/Ciclomotor,Automóvil",Domingo Faustino Sarmineto Y Estanislao Lopez,2,1,0,0,1,0,0,"-31.545182, -61.076193",Calle,,SAN JERÓNIMO NORTE,Las Colonias,Hormigón,No existe,XI,Dentro,Urbana,Ninguna,No existe,Intersección,Bueno,Buena,Diurna,Buen Tiempo,Lateral,S/D,Colisión,Ninguna,Faltante,Ninguna,Sin restricción
2018,7089,2018-07-21,Sabado,0,21:00:00,,0.0,2,"Moto/Ciclomotor,Automóvil",Mendoza 900,2,1,0,0,1,0,0,"-31.549843, -61.072127",Calle,,SAN JERÓNIMO NORTE,Las Colonias,Hormigón,No existe,XI,Dentro,Urbana,Ninguna,No existe,Recta,Bueno,Reducida,"Nocturna,Con luz artificial",Buen Tiempo,De alcance,S/D,Colisión,Ninguna,Faltante,Ninguna,Sin restricción
2018,7090,2018-07-27,Viernes,0,11:35:00,,0.0,2,"Automóvil,Moto/Ciclomotor",Domingo Faustino Sarmineto Y Sargento Cabral,2,1,0,0,1,0,0,"-31.549651, -61.077642",Calle,,SAN JERÓNIMO NORTE,Las Colonias,Asfalto,No existe,XI,Dentro,Urbana,Ninguna,No existe,Intersección,Resbaladiza,Buena,Diurna,Lluvia,Lateral,S/D,Colisión,Agua,Vertical,Ninguna,S/D
2018,7091,2018-07-24,Martes,0,10:30:00,,0.0,2,"Moto/Ciclomotor,Pickup/Utilitario",9 de Julio Y San Lorenzo,2,1,0,0,1,0,0,"-31.592572, -60.942730",Calle,,FRANCK,Las Colonias,Hormigón,No existe,XI,Dentro,Urbana,Ninguna,No existe,Intersección,Bueno,Buena,Diurna,Buen Tiempo,Lateral,S/D,Colisión,Ninguna,Faltante,Ninguna,Sin restricción
2018,7092,2018-06-08,Viernes,0,16:36:00,Ruta Nacional 8,0.0,3,"Moto/Ciclomotor,Automóvil,Automóvil",Marcos Ciani Y Fernando Azcoaga,5,3,1,0,1,0,0,"-33.732805555556,-61.991472222222",Ruta,8,VENADO TUERTO,General López,S/D,S/D,VIII,S/D,Urbana,S/D,S/D,Intersección,S/D,S/D,Atardecer,S/D,Múltiple,S/D,Colisión,S/D,S/D,S/D,S/D
2018,7093,2018-08-03,Viernes,0,,,0.0,2,"Automóvil,Bicicleta", ,2,1,0,0,1,0,0,"-31.44985, -60.93",S/D,,ESPERANZA,Las Colonias,S/D,S/D,XI,S/D,S/D,S/D,S/D,S/D,S/D,S/D,S/D,S/D,S/D,Ciclista,Atropello,S/D,S/D,S/D,S/D
2018,7094,2018-06-26,Martes,0,15:50:00,Ruta Provincial 31,0.0,1,Automóvil,PARAJE SIETE PROVINCIAS ,1,1,0,0,0,0,0,"-28.66937, -59.84524",Ruta,31,TARTAGAL,Vera,S/D,S/D,XIX,S/D,S/D,S/D,S/D,S/D,S/D,S/D,S/D,S/D,S/D,S/D,Vuelco,S/D,S/D,S/D,S/D
2018,7095,2018-05-29,Martes,0,01:00:00,Ruta Provincial 39,20.0,1,Pickup/Utilitario, ,4,4,0,0,0,0,0,"-30.46611, -60.08393",Ruta,39,LA BRAVA,San Javier,Asfalto,Natural,XIV,Dentro,Rural,Ninguna,No existe,Recta,S/D,S/D,Nocturna,S/D,Atropello animal,S/D,Colisión,Ninguna,S/D,Línea divisoria pintada,Sin restricción
2018,7096,2018-06-26,Martes,0,,,0.0,2,"Camión,Moto/Ciclomotor",Luis Borghi Y Irigoyen,3,0,2,0,1,0,0,"-32.755527777778,-60.736527777778",S/D,,SAN LORENZO,San Lorenzo,S/D,S/D,XVII,S/D,S/D,S/D,S/D,S/D,S/D,S/D,S/D,S/D,S/D,S/D,S/D,S/D,S/D,S/D,S/D
2018,7097,2018-05-31,Jueves,0,09:40:00,,0.0,1,Pickup/Utilitario,Ricardo Salvadores Y Santiago Derqui,2,1,0,0,1,0,0,"-33.755055555556,-61.945083333333",Calle,,VENADO TUERTO,General López,Asfalto,No existe,VIII,Dentro,Urbana,Ninguna,S/D,Intersección,S/D,S/D,Diurna,S/D,S/D,S/D,Colisión,S/D,S/D,S/D,Sin restricción
2018,7098,2018-06-27,Miercoles,0,,,0.0,1,Moto/Ciclomotor,A Aguado 1100,1,0,1,0,0,0,0,"-31.263111111111,-61.481055555556",S/D,,RAFAELA,Castellanos,S/D,S/D,V,S/D,S/D,S/D,S/D,S/D,S/D,S/D,S/D,S/D,Atropello animal,S/D,S/D,S/D,S/D,S/D,S/D
2018,7099,2018-08-03,Viernes,0,12:40:00,,0.0,2,"Moto/Ciclomotor,Moto/Ciclomotor",Pte Juan D Peron Y Catamarca,3,3,0,0,0,0,0,"-29.225722222222,-61.768527777778",Calle,,TOSTADO,9 de Julio,S/D,S/D,XII,S/D,Urbana,S/D,S/D,S/D,S/D,S/D,S/D,S/D,S/D,S/D,Colisión,S/D,S/D,S/D,S/D
2018,7100,2018-05-31,Jueves,0,09:00:00,Autopista Nacional A008,0.0,2,"Automóvil,Automóvil",Av. Circunvalacion Y Bv. 27 De Febrero,4,2,0,0,2,0,0,"-32.959527777778,-60.721583333333",Autopista,A008,ROSARIO,Rosario,Asfalto,Pavimento,II,Dentro,Urbana,Ninguna,S/D,Recta,Bueno,S/D,Diurna,S/D,De alcance,S/D,Colisión,S/D,S/D,S/D,Sin restricción
2018,7102,2018-06-27,Miercoles,0,,,0.0,2,"Moto/Ciclomotor,Pickup/Utilitario",Belgrano Y Gaboto,2,1,0,0,1,0,0,"-31.255972222222,-61.477666666667",S/D,,RAFAELA,Castellanos,S/D,S/D,V,S/D,S/D,S/D,S/D,S/D,S/D,S/D,S/D,S/D,S/D,S/D,S/D,S/D,S/D,S/D,S/D
2018,7103,2018-06-08,Viernes,0,18:35:00,Ruta Nacional 11,0.0,2,"Automóvil,Pickup/Utilitario",Calle 44-27 de Abril Y Ruta Nacional 11,3,1,0,0,2,0,0,"-29.169472222222,-59.665916666667",Ruta,11,RECONQUISTA,General Obligado,S/D,S/D,IX,S/D,Urbana,S/D,S/D,S/D,S/D,S/D,Atardecer,S/D,S/D,S/D,Colisión,S/D,S/D,S/D,S/D
2018,7104,2018-08-04,Sabado,0,,,0.0,2,"Peatón,Transporte de Pasajeros",Av Blas Parera Y Azcuenaga,2,0,1,0,1,0,0,"-31.587777777778,-60.725416666667",Calle,,SANTA FE,La Capital,S/D,S/D,I,S/D,Urbana,S/D,S/D,Intersección,S/D,S/D,S/D,S/D,S/D,Peatón,Atropello,S/D,S/D,S/D,S/D
2018,7105,2018-06-27,Miercoles,0,,Ruta Provincial 70,73.0,2,"Moto/Ciclomotor,Automóvil", ,3,0,0,1,2,0,0,"-31.25446, -61.48123",Ruta,70,RAFAELA,Castellanos,S/D,S/D,V,S/D,S/D,S/D,S/D,S/D,S/D,S/D,S/D,S/D,S/D,S/D,S/D,S/D,S/D,S/D,S/D
2018,7107,2018-06-26,Martes,0,20:30:00,Ruta Secundaria 40-s,0.0,2,"Moto/Ciclomotor,Bicicleta",CALLE 46 ,2,2,0,0,0,0,0,"-29.181383830622, -59.669080859209",Ruta,40-s,RECONQUISTA,General Obligado,S/D,S/D,V,S/D,S/D,S/D,S/D,S/D,S/D,S/D,S/D,S/D,S/D,Ciclista,Atropello,S/D,S/D,S/D,S/D
2018,7108,2018-06-10,Domingo,0,13:30:00,,0.0,2,"Automóvil,Automóvil",Bv. Oro?o Y Av. Illia,2,2,0,0,0,0,0,"-32.931472222222,-60.650111111111",Calle,,ROSARIO,Rosario,S/D,S/D,II,S/D,Urbana,S/D,S/D,S/D,S/D,S/D,Diurna,S/D,S/D,S/D,Colisión,S/D,S/D,S/D,S/D
2018,7109,2018-08-04,Sabado,0,15:30:00,,0.0,1,Automóvil,25 de Mayo Y Dr Borzone,1,1,0,0,0,0,0,"-32.99579, -60.77284",Calle,,PÉREZ,Rosario,S/D,S/D,I,S/D,Urbana,S/D,S/D,Intersección,S/D,S/D,S/D,S/D,Contra objeto fijo,S/D,Colisión,S/D,S/D,S/D,S/D
2018,7110,2018-06-28,Jueves,0,08:55:00,,0.0,1,Pickup/Utilitario,Domingo Silva 2300,1,1,0,0,0,0,0,"-31.631694444444,-60.698361111111",S/D,,SANTA FE,La Capital,S/D,S/D,I,S/D,S/D,S/D,S/D,S/D,S/D,S/D,S/D,S/D,S/D,S/D,Despiste,S/D,S/D,S/D,S/D
2018,7111,2018-08-04,Sabado,0,,,0.0,1,Moto/Ciclomotor,Gregoria Matorras ,1,1,0,0,0,0,0,"-32.02645, -61.20967",Calle,,GÁLVEZ,San Jerónimo,S/D,S/D,XV,S/D,Urbana,S/D,S/D,S/D,S/D,S/D,S/D,S/D,S/D,S/D,Caída ocupante,S/D,S/D,S/D,S/D
2018,7112,2018-06-28,Jueves,0,,,0.0,2,"Bicicleta,Pickup/Utilitario",Rosario Y Av Doctor E Salva,2,0,1,0,1,0,0,"-31.241666666667,-61.499027777778",S/D,,RAFAELA,Castellanos,S/D,S/D,V,S/D,S/D,S/D,S/D,S/D,S/D,S/D,S/D,S/D,S/D,Ciclista,Atropello,S/D,S/D,S/D,S/D
2018,7113,2018-06-11,Lunes,0,04:30:00,Ruta Nacional 9,350.0,2,"Camión,Camión", ,2,0,0,0,0,0,2,"-32.81301, -61.37787",Ruta,9,CORREA,Iriondo,S/D,S/D,X,S/D,S/D,S/D,S/D,S/D,S/D,S/D,Nocturna,S/D,S/D,S/D,Colisión,S/D,S/D,S/D,S/D
2018,7114,2018-08-04,Sabado,0,,,0.0,2,"Bicicleta,Moto/Ciclomotor",Belgrano Y Juan de Garay,2,1,0,0,1,0,0,"-29.455861111111,-60.211111111111",Calle,,VERA,Vera,S/D,S/D,XIX,S/D,Urbana,S/D,S/D,Intersección,S/D,S/D,S/D,S/D,S/D,Ciclista,Atropello,S/D,S/D,S/D,S/D
2018,7115,2018-06-12,Martes,0,,,0.0,1,Automóvil,Salta Y Av Mosconi,2,0,2,0,0,0,0,"-31.645916666667,-60.729277777778",Calle,,SANTA FE,La Capital,S/D,S/D,I,S/D,Urbana,S/D,S/D,Intersección,S/D,S/D,Diurna,S/D,Contra objeto fijo,S/D,Colisión,S/D,S/D,S/D,S/D
2018,7116,2018-06-29,Viernes,0,13:00:00,,0.0,2,"Automóvil,Automóvil",Domingo Faustino Sarmiento Y Castelli,2,1,0,0,1,0,0,"-31.45125,-60.932138888889",S/D,,ESPERANZA,Las Colonias,S/D,S/D,XI,S/D,S/D,S/D,S/D,S/D,S/D,S/D,S/D,S/D,S/D,S/D,S/D,S/D,S/D,S/D,S/D
2018,7117,2018-06-13,Miercoles,0,11:20:00,,0.0,2,"Moto/Ciclomotor,Automóvil",CARCARAÑA Y Sarmiento,2,1,0,0,1,0,0,"-32.821444444444,-61.392166666667",Calle,,CAÑADA DE GÓMEZ,Iriondo,S/D,S/D,X,S/D,Urbana,S/D,S/D,Intersección,S/D,S/D,Diurna,S/D,S/D,S/D,Colisión,S/D,S/D,S/D,S/D
2018,7118,2018-06-29,Viernes,0,20:00:00,,0.0,2,"Automóvil,Pickup/Utilitario",Calle 21-Gdor. iriondo Y Calle 26 - Bolivar,3,1,0,0,2,0,0,"-29.146916666667,-59.651472222222",S/D,,RECONQUISTA,General Obligado,S/D,S/D,IX,S/D,S/D,S/D,S/D,S/D,S/D,S/D,S/D,S/D,S/D,S/D,S/D,S/D,S/D,S/D,S/D
2018,7119,2018-06-30,Sabado,0,04:55:00,,0.0,1,Automóvil,26 de Abril Y Guillermo Brown,1,1,0,0,0,0,0,"-33.748361111111,-61.985472222222",S/D,,VENADO TUERTO,General López,S/D,S/D,VIII,S/D,S/D,S/D,S/D,S/D,S/D,S/D,S/D,S/D,S/D,S/D,Despiste,S/D,S/D,S/D,S/D
2018,7120,2018-06-30,Sabado,0,12:00:00,Ruta Provincial 70,0.0,2,"Automóvil,Moto/Ciclomotor",Parana Y Bv Pte Roca,2,0,1,0,1,0,0,"-31.250722222222,-61.503305555556",Ruta,70,RAFAELA,Castellanos,S/D,S/D,V,S/D,S/D,S/D,S/D,S/D,S/D,S/D,S/D,S/D,S/D,S/D,S/D,S/D,S/D,S/D,S/D
2018,7121,2018-06-13,Miercoles,0,20:30:00,,0.0,2,"Moto/Ciclomotor,Moto/Ciclomotor",Calle 40 - Formosa 3212,3,1,0,0,2,0,0,"-29.16534, -59.66402",Calle,,RECONQUISTA,General Obligado,S/D,S/D,IX,S/D,Urbana,S/D,S/D,Otro,S/D,S/D,Nocturna,S/D,S/D,S/D,Otro,S/D,S/D,S/D,S/D
2018,7122,2018-06-30,Sabado,0,05:00:00,Ruta Nacional 178,0.0,1,Moto/Ciclomotor,CAMPO PAOLUCCI ,3,3,0,0,0,0,0,"-32.78394, -61.54719",Ruta,178,LAS PAREJAS,Belgrano,S/D,S/D,X,S/D,S/D,S/D,S/D,S/D,S/D,S/D,S/D,S/D,S/D,S/D,Vuelco,S/D,S/D,S/D,S/D
2018,7124,2018-06-14,Jueves,0,20:30:00,,0.0,2,"Bicicleta,Moto/Ciclomotor",CAlle 37-Bvard. lovato Y Calle 46,2,2,0,0,0,0,0,"-29.153944444444,-59.665472222222",Calle,,RECONQUISTA,General Obligado,S/D,S/D,IX,S/D,Urbana,S/D,S/D,S/D,S/D,S/D,Nocturna,S/D,S/D,Ciclista,Atropello,S/D,S/D,S/D,S/D
2018,7125,2018-06-15,Viernes,0,17:00:00,,0.0,2,"Moto/Ciclomotor,Camión",Av. Santa Fe Y San Juan,2,1,0,0,1,0,0,"-32.807083333333,-61.412805555556",Calle,,CAÑADA DE GÓMEZ,Iriondo,S/D,S/D,X,S/D,Urbana,S/D,S/D,Intersección,S/D,S/D,Nocturna,S/D,S/D,S/D,Colisión,S/D,S/D,S/D,S/D
2018,7126,2018-06-15,Viernes,0,23:30:00,Ruta Nacional Rosario -Cordoba,388.0,2,"Camión,Camión", ,2,0,1,0,1,0,0,"-32.75953, -61.69153",Ruta,Rosario -Córdoba,CAÑADA DE GÓMEZ,Iriondo,S/D,S/D,X,S/D,S/D,S/D,S/D,S/D,S/D,S/D,Nocturna,S/D,De alcance,S/D,Colisión,S/D,S/D,S/D,S/D
2018,7127,2018-07-29,Domingo,0,16:30:00,,0.0,2,"Moto/Ciclomotor,Pickup/Utilitario", ,3,3,0,0,0,0,0,"-31.130225346345, -60.996045630959",Camino Rural,,PROGRESO,Las Colonias,Tierra,Natural,XI,Dentro,Rural,Ninguna,No existe,Intersección,Deteriorada,Buena,Diurna,Buen Tiempo,Lateral,S/D,Colisión,Ninguna,Faltante,Ninguna,Sin restricción
2018,7128,2018-07-12,Jueves,0,22:35:00,Ruta Secundaria 36-s,0.0,1,Automóvil, ,1,0,1,0,0,0,0,"-31.765172480526, -61.092116731753",Ruta,36-s,SAN CARLOS SUR,Las Colonias,Asfalto,Natural,XI,Fuera,Rural,Ninguna,No existe,Recta,Bueno,Buena,Nocturna,Buen Tiempo,Contra objeto fijo,S/D,"Colisión,Vuelco",Ninguna,Horizontal,Línea divisoria pintada,Sin restricción
2018,7129,2018-07-16,Lunes,0,18:45:00,,0.0,2,"Moto/Ciclomotor,Pickup/Utilitario",9 de Julio Y San Martin,2,0,1,0,1,0,0,"-31.058917675884, -61.168946412728",Calle,,SARMIENTO,Las Colonias,Asfalto,No existe,XI,Dentro,Urbana,Ninguna,No existe,Intersección,Bueno,Buena,Atardecer,Buen Tiempo,Lateral,S/D,Colisión,Ninguna,Faltante,Ninguna,Sin restricción
2018,7130,2018-07-13,Viernes,0,00:40:00,Ruta Provincial 68,0.0,1,Automóvil, ,1,1,0,0,0,0,0,"-31.254997411799, -61.065212773430",Ruta,68,GRUTLY SUR,Las Colonias,"Tierra,Ripio",Natural,XI,Dentro,Rural,Ninguna,No existe,Recta,Otro,Reducida,Nocturna,Buen Tiempo,S/D,S/D,"Vuelco,Despiste",Material Suelto,Faltante,Ninguna,Sin restricción
2018,7131,2018-07-21,Sabado,0,23:20:00,,0.0,1,Moto/Ciclomotor, ,1,0,1,0,0,0,0,"-31.202869884726, -60.932384156895",Camino Rural,,CULULÚ,Las Colonias,Ripio,No existe,XI,Dentro,Rural,Ninguna,No existe,Intersección,Bueno,Buena,Atardecer,Buen Tiempo,S/D,S/D,Caída ocupante,Material Suelto,Faltante,Ninguna,Sin restricción
2018,7132,2018-07-08,Domingo,0,07:10:00,Ruta Provincial 70,0.0,3,"Automóvil,Automóvil,Pickup/Utilitario",Brigadier Lopez Y America,10,3,0,0,7,0,0,"-31.448634593806, -60.904628527159",Ruta,70,ESPERANZA,Las Colonias,Asfalto,Ripio,XI,Dentro,Urbana,Semáforo,Funciona,Recta,Bueno,Buena,Amanecer,Buen Tiempo,Múltiple,S/D,Colisión,Ninguna,Vertical,Línea divisoria pintada,Sin restricción
2018,7133,2018-07-09,Lunes,0,15:47:00,Ruta Provincial 70,0.0,2,"Pickup/Utilitario,Moto/Ciclomotor",Pio J Guala Y Ruta provincial 70,4,1,0,0,3,0,0,"-31.450952022395, -60.895551931852",Ruta,70,ESPERANZA,Las Colonias,Asfalto,Natural,XI,Dentro,Urbana,Ninguna,No existe,Intersección,Bueno,Buena,Diurna,Buen Tiempo,Lateral,S/D,Colisión,Ninguna,Faltante,Línea divisoria pintada,Sin restricción
2018,7134,2018-07-21,Sabado,0,03:10:00,Ruta Provincial 70,10.0,1,Automóvil, ,1,1,0,0,0,0,0,"-31.477056285693, -60.823731477115",Ruta,70,ESPERANZA,Las Colonias,Asfalto,Natural,XI,Dentro,Rural,Ninguna,No existe,Recta,Ahuellamiento,Reducida,Nocturna,Niebla,Atropello animal,S/D,Colisión,Ninguna,Faltante,Línea divisoria pintada,Sin restricción
2018,7135,2018-07-10,Martes,0,20:00:00,,0.0,2,"Automóvil,Moto/Ciclomotor",Simon de Iriondo Y Providencia,2,1,0,0,1,0,0,"-31.413803560853, -60.919556824033",Calle,,ESPERANZA,Las Colonias,Hormigón,No existe,XI,Dentro,Urbana,Ninguna,No existe,Recta,Bueno,Reducida,Nocturna,Buen Tiempo,Frontal,S/D,Colisión,Ninguna,Faltante,Ninguna,Sin restricción
2018,7136,2018-02-25,Domingo,0,16:10:00,,0.0,2,"Automóvil,Automóvil",Republica de Siria 7300,3,0,0,0,1,0,2,"-31.601666666667,-60.689555555556",Calle,,SANTA FE,La Capital,Asfalto,No existe,I,Dentro,Urbana,Ninguna,No existe,Intersección,Bueno,Buena,Diurna,Buen Tiempo,Lateral,S/D,Colisión,Ninguna,Faltante,Ninguna,Sin restricción
2018,7137,2018-07-28,Sabado,0,16:20:00,,0.0,2,"Moto/Ciclomotor,Bicicleta",Simon de Iriondo Y Catalina Reinhemer,2,2,0,0,0,0,0,"-31.430390341401, -60.924685207670",Calle,,ESPERANZA,Las Colonias,Asfalto,No existe,XI,Dentro,Urbana,Ninguna,No existe,Intersección,Bueno,Buena,Diurna,Buen Tiempo,S/D,Ciclista,Atropello,Ninguna,Faltante,Ninguna,Sin restricción
2018,7138,2018-07-14,Sabado,0,07:00:00,,0.0,2,"Automóvil,Moto/Ciclomotor",Alberdi Y Pavon,2,1,0,0,1,0,0,"-31.598724302098, -60.680845324425",Calle,,SANTA FE,La Capital,Hormigón,No existe,I,Dentro,Urbana,Ninguna,No existe,Intersección,Bueno,Reducida,Amanecer,Buen Tiempo,Lateral,S/D,Colisión,Otro,Faltante,Ninguna,Sin restricción
2018,7139,2018-07-21,Sabado,0,22:15:00,,0.0,2,"Pickup/Utilitario,Automóvil",Alberdi Y Vieytes,2,1,0,0,1,0,0,"-31.605444444444,-60.68275",Calle,,SANTA FE,La Capital,Asfalto,No existe,I,Dentro,Urbana,Ninguna,No existe,Intersección,Bueno,Buena,"Nocturna,Con luz artificial",Buen Tiempo,Lateral,S/D,Colisión,Ninguna,Faltante,Ninguna,Sin restricción
2018,7140,2018-07-06,Viernes,0,20:45:00,,0.0,2,"Moto/Ciclomotor,Automóvil",Lamothe Y San Martin,2,1,0,0,1,0,0,"-31.582768, -60.688492",Calle,,SANTA FE,La Capital,Asfalto,No existe,II,Dentro,Urbana,Ninguna,No existe,Intersección,Bueno,Reducida,Atardecer,S/D,S/D,S/D,Colisión,Otro,Faltante,Ninguna,Sin restricción
2018,7141,2018-07-11,Miercoles,0,10:30:00,,0.0,2,"Pickup/Utilitario,Peatón",Javier de la Rosa Y Piedras,2,1,0,0,1,0,0,"-31.603443246263, -60.673277625890",Calle,,SANTA FE,La Capital,Asfalto,No existe,I,Dentro,Urbana,Ninguna,No existe,Intersección,Bueno,Buena,Diurna,Buen Tiempo,S/D,Peatón,Atropello,Ninguna,Faltante,Ninguna,Sin restricción
2018,7142,2018-07-20,Viernes,0,20:15:00,,0.0,2,"Moto/Ciclomotor,Peatón",Risso 2267,2,1,0,0,1,0,0,"-31.60175,-60.689222222222",Calle,,SANTA FE,La Capital,Asfalto,No existe,I,Dentro,Urbana,Ninguna,No existe,Recta,Bueno,Buena,"Nocturna,Con luz artificial",S/D,S/D,Peatón,Atropello,Ninguna,Faltante,S/D,Sin restricción
2018,7143,2018-07-15,Domingo,0,17:50:00,,0.0,2,"Automóvil,Moto/Ciclomotor",Rivadavia Y Risso,5,4,0,0,1,0,0,"-31.601361852068, -60.690915832372",Calle,,SANTA FE,La Capital,Asfalto,No existe,I,Dentro,Urbana,Ninguna,No existe,Intersección,Bueno,Buena,Diurna,S/D,Otro,S/D,Colisión,Otro,Faltante,Ninguna,Sin restricción
2018,7144,2018-07-16,Lunes,0,,,0.0,2,"Automóvil,Moto/Ciclomotor",Av A del Valle Y Risso,2,1,0,0,1,0,0,"-31.601222222222,-60.691722222222",Avenida,,SANTA FE,La Capital,Asfalto,No existe,I,Dentro,Urbana,Ninguna,No existe,Intersección,Bueno,Buena,Diurna,Buen Tiempo,S/D,S/D,Colisión,Ninguna,Faltante,Ninguna,Sin restricción
2018,7145,2018-07-15,Domingo,0,12:20:00,,0.0,2,"Transporte de Pasajeros Urbano (> 8 asientos),Pickup/Utilitario",Av Almte Brown Y Estanislao Zeballos,2,1,0,0,1,0,0,"-31.611125092882, -60.667720088811",Avenida,,SANTA FE,La Capital,Asfalto,No existe,I,Dentro,Urbana,Ninguna,No existe,Intersección,Otro,Reducida,Diurna,Buen Tiempo,Otro,S/D,Colisión,Otro,Horizontal,Ninguna,Sin restricción
2018,7146,2018-07-02,Lunes,0,10:15:00,,0.0,2,"Bicicleta,Automóvil",Av Galicia Y Belgrano,2,1,0,0,1,0,0,"-31.606018166918, -60.689714202733",Avenida,,SANTA FE,La Capital,Asfalto,No existe,I,Dentro,Urbana,Ninguna,No existe,Intersección,Deteriorada,Reducida,Diurna,Otro,S/D,Ciclista,Atropello,Otro,Faltante,Cordón divisorio,Sin restricción
2018,7147,2018-07-03,Martes,0,15:40:00,,0.0,2,"Moto/Ciclomotor,Automóvil",Av Galicia Y Rivadavia,2,2,0,0,0,0,0,"-31.605690, -60.692122",Calle,,SANTA FE,La Capital,Hormigón,No existe,I,Dentro,Urbana,Ninguna,No existe,Intersección,Deteriorada,Reducida,Diurna,S/D,S/D,S/D,Colisión,S/D,Faltante,"Cordón divisorio,Vegetación",Sin restricción
2018,7148,2018-07-15,Domingo,0,18:15:00,,0.0,2,"Automóvil,Peatón",Av Almte Brown Y Alberti,2,1,0,0,1,0,0,"-31.607584576982, -60.666368255467",Avenida,,SANTA FE,La Capital,Asfalto,No existe,I,Dentro,Urbana,Paso Peatonal,No existe,Intersección,Bueno,Buena,Diurna,Buen Tiempo,S/D,Peatón,Atropello,Ninguna,Horizontal,Cordón divisorio,Sin restricción
2018,7149,2018-07-21,Sabado,0,16:55:00,,0.0,2,"Automóvil,Moto/Ciclomotor",Ayacucho Y Belgrano,2,0,0,0,0,0,2,"-31.598276, -60.687404",Calle,,SANTA FE,La Capital,Asfalto,No existe,I,Dentro,Urbana,Ninguna,No existe,Intersección,Bueno,Buena,Diurna,Buen Tiempo,Lateral,S/D,Colisión,Ninguna,Faltante,Ninguna,Sin restricción
2018,7150,2018-07-02,Lunes,0,15:00:00,,0.0,1,Moto/Ciclomotor,French Y Av A del Valle,2,2,0,0,0,0,0,"-31.592400, -60.691991",Avenida,,SANTA FE,La Capital,Hormigón,No existe,I,Dentro,Urbana,Semáforo,Funciona,Intersección,Bueno,Buena,Diurna,Buen Tiempo,S/D,S/D,Despiste,Ninguna,Vertical,"Cordón divisorio,Vegetación",Sin restricción
2018,7151,2018-06-15,Viernes,0,00:10:00,Ruta Nacional 11,601.0,1,Camión c / Acoplado, ,1,1,0,0,0,0,0,"-28.21498, -59.26484",Ruta,11,SAN JUSTO,San Justo,S/D,S/D,XVI,S/D,S/D,S/D,S/D,S/D,S/D,S/D,Nocturna,S/D,S/D,S/D,Vuelco,S/D,S/D,S/D,S/D
2018,7152,2018-06-02,Sabado,0,10:00:00,Ruta Provincial 90,5.0,2,"Moto/Ciclomotor,Automóvil", ,2,1,0,0,1,0,0,"-33.27839, -60.37282",Ruta,90,VILLA CONSTITUCIÓN,Constitución,S/D,S/D,VI,S/D,Rural,S/D,S/D,S/D,S/D,S/D,Diurna,S/D,S/D,S/D,Colisión,S/D,S/D,S/D,S/D
2018,7153,2018-06-02,Sabado,0,18:30:00,Ruta Nacional 19,0.0,2,"Moto/Ciclomotor,Automóvil", ,2,0,0,1,1,0,0,"-31.48815, -61.7176",Ruta,19,CLUCELLAS,Castellanos,S/D,S/D,V,S/D,Rural,Ninguna,S/D,S/D,S/D,S/D,Atardecer,S/D,S/D,S/D,Colisión,S/D,S/D,S/D,S/D
2018,7154,2018-06-07,Jueves,0,20:00:00,Ruta Nacional 168,18.0,1,Automóvil, ,1,0,0,0,0,0,1,"-31.68202, -60.55389",Ruta,168,SANTA FE,La Capital,S/D,S/D,I,S/D,Rural,S/D,S/D,S/D,S/D,S/D,Nocturna,S/D,S/D,S/D,Otro,S/D,S/D,S/D,S/D
2018,7155,2018-06-09,Sabado,0,08:45:00,Ruta Nacional 11,475.0,1,Pickup/Utilitario, ,1,0,1,0,0,0,0,"-29.24353, -59.73381",Ruta,11,SANTA FE,La Capital,S/D,S/D,I,S/D,S/D,S/D,S/D,S/D,S/D,S/D,Amanecer,S/D,S/D,S/D,Vuelco,S/D,S/D,S/D,S/D
2018,7156,2018-06-09,Sabado,0,03:00:00,,0.0,2,"Moto/Ciclomotor,Automóvil",Av Pte Peron Y Iturraspe,2,1,0,0,1,0,0,"-31.625805555556,-60.718611111111",Calle,,SANTA FE,La Capital,S/D,S/D,I,S/D,Urbana,S/D,S/D,Intersección,S/D,S/D,Nocturna,S/D,S/D,S/D,Colisión,S/D,S/D,S/D,S/D
2018,7157,2018-06-11,Lunes,0,07:40:00,Ruta Provincial Brigadier E.López,95.0,2,"Pickup/Utilitario,Tractor", ,2,1,0,0,1,0,0,"-31.42957, -60.6735",Ruta,Brigadier E.López,SANTA FE,La Capital,S/D,S/D,I,S/D,Rural,S/D,S/D,S/D,S/D,S/D,Amanecer,S/D,S/D,S/D,Colisión,S/D,S/D,S/D,S/D
2018,7158,2018-06-13,Miercoles,0,18:00:00,Ruta Nacional 19,0.0,2,"Moto/Ciclomotor,Pickup/Utilitario", ,4,3,0,0,1,0,0,"-31.6723, -60.77138",Ruta,19,SANTA FE,La Capital,S/D,S/D,I,S/D,S/D,S/D,S/D,S/D,S/D,S/D,Atardecer,S/D,S/D,S/D,Colisión,S/D,S/D,S/D,S/D
2018,7159,2018-02-01,Jueves,0,14:50:00,,0.0,2,"Peatón,Moto/Ciclomotor",CAMINO RURAL ,2,1,0,0,1,0,0,"-31.70039, -61.56002",S/D,,SAN VICENTE.,Castellanos,Hormigón,S/D,V,S/D,Rural,Ninguna,No existe,Recta,Bueno,Buena,Diurna,Buen Tiempo,Frontal,Peatón,Atropello,Ninguna,Faltante,Ninguna,Sin restricción