anio_acci,nro_acci,fecha,desc_dia,fecha_aprox,hora_aprox,desc_ruta,km,cant_participantes,desc_participante,calle_avenida_km,total,heridos_leves,heridos_graves,heridos_gravisimos,ilesos,fallecidos,sin_datos,posicion_XY,desc_tipo_via,desc_ruta_ori,desc_loc,desc_dpto,desc_tipo_calzada,desc_tipo_banquina,desc_unidad_regional,desc_lugar_calzada,desc_zona,desc_prioridad,desc_estado_semaforo,desc_lugar_via,desc_estado_via,desc_estado_visibilidad,desc_luminosidad,desc_estado_clima,desc_tipo_colision,desc_tipo_atropello,desc_tipo_hecho,desc_pres_calzada,desc_senializacion,desc_separacion_via,desc_restriccion
2018,7160,2018-06-16,Sabado,0,19:00:00,,0.0,2,"Moto/Ciclomotor,Automóvil",AZCUENAGA Y INDEPENDENCIA,2,0,1,0,1,0,0,"-31.70228, -61.56115",S/D,,SAN VICENTE.,Castellanos,Hormigón,No existe,V,S/D,S/D,Ninguna,No existe,Intersección,Bueno,Buena,Nocturna,Buen Tiempo,Lateral,S/D,Colisión,Ninguna,S/D,Ninguna,Sin restricción
2018,7161,2018-08-05,Domingo,0,,,0.0,1,Pickup/Utilitario, ,2,1,0,0,0,0,1,"-31.40707, -60.74627",Calle,,CANDIOTI,La Capital,S/D,S/D,I,S/D,Urbana,S/D,S/D,S/D,S/D,S/D,S/D,S/D,Contra objeto fijo,S/D,Colisión,S/D,S/D,S/D,S/D
2018,7162,2018-08-05,Domingo,0,,,0.0,2,"Moto/Ciclomotor,Automóvil",Matienzo Y Mendoza,3,2,0,0,1,0,0,"-32.941666666667,-60.694638888889",Calle,,ROSARIO,Rosario,S/D,S/D,II,S/D,Urbana,S/D,S/D,Intersección,S/D,S/D,S/D,S/D,S/D,S/D,Colisión,S/D,S/D,S/D,S/D
2018,7163,2018-08-28,Martes,0,08:00:00,Autov?a Nacional 19,83.0,2,"Camión c / Semirremolque,Automóvil", ,2,1,0,0,1,0,0,"-31.4938, -61.68179",Autovía,19,CLUCELLAS,Castellanos,Asfalto,Pavimento,V,S/D,S/D,Ninguna,No existe,Recta,Bueno,Buena,Diurna,Buen Tiempo,Lateral,S/D,Colisión,Ninguna,S/D,Línea divisoria pintada,Sin restricción
2018,7164,2018-08-05,Domingo,0,,,0.0,1,Moto/Ciclomotor,Quesada ,1,0,1,0,0,0,0,"-32.87221, -60.70855",Calle,,ROSARIO,Rosario,S/D,S/D,II,S/D,Urbana,S/D,S/D,S/D,S/D,S/D,S/D,S/D,Atropello animal,S/D,Atropello,S/D,S/D,S/D,S/D
2018,7165,2018-06-13,Miercoles,0,08:15:00,Ruta Provincial 91,0.0,2,"Automóvil,Camión Chasis", ,2,1,0,0,1,0,0,"-32.63529, -60.82424",Ruta,91,LA RIBERA,San Lorenzo,S/D,S/D,II,S/D,S/D,S/D,S/D,S/D,S/D,S/D,Diurna,S/D,S/D,S/D,Colisión,S/D,S/D,S/D,S/D
2018,7166,2018-08-28,Martes,0,17:10:00,,0.0,1,Moto/Ciclomotor,CAMINO RURAL NOROESTE ,1,0,1,0,0,0,0,"-31.33928, -61.6223",Camino Rural,,VILA,Castellanos,Tierra,No existe,V,S/D,Rural,Ninguna,No existe,Recta,Bueno,Reducida humo,Diurna,Buen Tiempo,Contra objeto fijo,S/D,Colisión,Otro,Faltante,Ninguna,Sin restricción
2018,7167,2018-08-05,Domingo,0,,,0.0,2,"Automóvil,Moto/Ciclomotor", ,4,0,1,0,3,0,0,"-33.04509, -61.16543",S/D,,CASILDA,Caseros,S/D,S/D,IV,S/D,S/D,S/D,S/D,S/D,S/D,S/D,S/D,S/D,S/D,S/D,Colisión,S/D,S/D,S/D,S/D
2018,7168,2018-06-08,Viernes,0,20:00:00,,0.0,2,"Moto/Ciclomotor,Moto/Ciclomotor",Manuel F Mattar Y Juan XXIII,3,3,0,0,0,0,0,"-28.044435034122, -59.226866733378",Calle,,FLORENCIA,General Obligado,Ripio,Ripio,IX,Dentro,Urbana,Ninguna,No existe,Cruce,Bueno,Buena,Nocturna,Buen Tiempo,Lateral,S/D,Colisión,Ninguna,Faltante,Ninguna,Sin restricción
2018,7169,2018-08-05,Domingo,0,,,0.0,2,"Moto/Ciclomotor,Taxi/Remis",Bv G L Lhemann Y Ramon y Cajal,4,0,1,0,3,0,0,"-31.240611111111,-61.488888888889",Calle,,RAFAELA,Castellanos,S/D,S/D,V,S/D,Urbana,S/D,S/D,Intersección,S/D,S/D,S/D,S/D,S/D,S/D,Colisión,S/D,S/D,S/D,S/D
2018,7170,2018-06-01,Viernes,0,14:00:00,,0.0,1,Peatón,Pte.Quintana Y Bv. Oro?o,1,1,0,0,0,0,0,"-32.979805555556,-60.662305555556",Calle,,ROSARIO,Rosario,S/D,S/D,II,S/D,Urbana,S/D,S/D,Intersección,S/D,S/D,Diurna,S/D,S/D,Peatón,Atropello,S/D,S/D,S/D,S/D
2018,7171,2018-06-17,Domingo,0,11:30:00,,0.0,1,Moto/Ciclomotor,Santa Fe ,1,1,0,0,0,0,0,"-28.044241915073, -59.219807159251",Calle,,FLORENCIA,General Obligado,Ripio,No existe,IX,Dentro,Urbana,Ninguna,No existe,Recta,Bueno,Buena,Diurna,Buen Tiempo,S/D,S/D,Vuelco,Ninguna,Faltante,Ninguna,Sin restricción
2018,7172,2018-08-05,Domingo,0,,,0.0,2,"Camión,Moto/Ciclomotor",Lavalle Y Bv Jaime Ferre,3,1,0,0,1,0,1,"-31.239,-61.487305555556",Calle,,RAFAELA,Castellanos,S/D,S/D,V,S/D,Urbana,S/D,S/D,Intersección,S/D,S/D,S/D,S/D,S/D,S/D,Colisión,S/D,S/D,S/D,S/D
2018,7173,2018-06-05,Martes,0,23:30:00,,0.0,1,Moto/Ciclomotor, ,1,0,1,0,0,0,0,"-32.94329, -60.65043",S/D,,ROSARIO,Rosario,S/D,S/D,II,S/D,S/D,S/D,S/D,S/D,S/D,S/D,Nocturna,S/D,S/D,S/D,Colisión,S/D,S/D,S/D,S/D
2018,7174,2018-02-06,Martes,0,04:00:00,,0.0,2,"Moto/Ciclomotor,Automóvil",Av Facundo Zuviria Y Gutierrez,2,1,1,0,0,0,0,"-31.622444444444,-60.7055",Calle,,SANTA FE,La Capital,Asfalto,S/D,I,S/D,Urbana,Ninguna,S/D,Intersección,Bueno,S/D,S/D,S/D,S/D,S/D,S/D,S/D,Horizontal,Ninguna,S/D
2018,7175,2018-08-05,Domingo,0,,Ruta Nacional 8,349.0,2,"Camión,Automóvil", ,2,0,0,1,1,0,0,"-33.83945, -61.73602",Ruta,8,CHAPUY,General López,S/D,S/D,VIII,S/D,Urbana,S/D,S/D,S/D,S/D,S/D,S/D,S/D,S/D,S/D,Colisión,S/D,S/D,S/D,S/D
2018,7176,2018-06-05,Martes,0,14:30:00,,0.0,2,"Bicicleta,Otros",Pavlov Y Washington,2,0,1,0,0,0,1,"-32.904,-60.703277777778",Calle,,ROSARIO,Rosario,S/D,S/D,II,S/D,Urbana,S/D,S/D,Intersección,S/D,S/D,Diurna,S/D,S/D,Ciclista,Atropello,S/D,S/D,S/D,S/D
2018,7177,2018-08-05,Domingo,0,,,0.0,1,Moto/Ciclomotor, ,1,1,0,0,0,0,0,"-31.44966, -60.92721",S/D,,ESPERANZA,Las Colonias,S/D,S/D,XI,S/D,S/D,S/D,S/D,S/D,S/D,S/D,S/D,S/D,Atropello animal,S/D,Atropello,S/D,S/D,S/D,S/D
2018,7178,2018-06-05,Martes,0,14:00:00,,0.0,2,"Moto/Ciclomotor,Otros",Alvear 849,2,1,0,0,0,0,1,"-33.011305555556,-60.611722222222",Calle,,VILLA GOBERNADOR GÁLVEZ,Rosario,S/D,S/D,II,S/D,Urbana,S/D,S/D,S/D,S/D,S/D,Diurna,S/D,S/D,S/D,Colisión,S/D,S/D,S/D,S/D
2018,7179,2018-06-08,Viernes,0,22:00:00,,0.0,2,"Moto/Ciclomotor,Otros",Vera Mujica Y Uruguay,2,0,1,0,0,0,1,"-32.971638888889,-60.674555555556",Calle,,ROSARIO,Rosario,S/D,S/D,II,S/D,Urbana,S/D,S/D,S/D,S/D,S/D,Nocturna,S/D,S/D,S/D,Colisión,S/D,S/D,S/D,S/D
2018,7180,2018-08-05,Domingo,0,,,0.0,2,"Moto/Ciclomotor,Automóvil",Sarmiento Y Jose de San Martin,2,1,0,0,1,0,0,"-31.973944444444,-60.916777777778",Calle,,CORONDA,San Jerónimo,S/D,S/D,XV,S/D,Urbana,S/D,S/D,S/D,S/D,S/D,S/D,S/D,S/D,S/D,Colisión,S/D,S/D,S/D,S/D
2018,7181,2018-06-13,Miercoles,0,00:00:00,,0.0,2,"Moto/Ciclomotor,Otros",Corazzi Bis Y J.B.Justo,2,0,1,0,0,0,1,"-32.914277777778,-60.691305555556",Calle,,ROSARIO,Rosario,S/D,S/D,II,S/D,Urbana,S/D,S/D,Intersección,S/D,S/D,Nocturna,S/D,S/D,S/D,Colisión,S/D,S/D,S/D,S/D
2018,7182,2018-06-13,Miercoles,0,20:30:00,,0.0,2,"Moto/Ciclomotor,Otros",Bv. Avellaneda Bis Y Av. Genova,2,0,1,0,0,0,1,"-32.914861111111,-60.672944444444",Calle,,ROSARIO,Rosario,S/D,S/D,II,S/D,Urbana,S/D,S/D,Intersección,S/D,S/D,Nocturna,S/D,S/D,S/D,Colisión,S/D,S/D,S/D,S/D
2018,7183,2018-08-03,Viernes,0,18:50:00,,0.0,2,"Automóvil,Moto/Ciclomotor",25 de Mayo Y Mitre B,4,3,0,0,1,0,0,"-29.459777777778,-60.214361111111",Calle,,VERA,Vera,S/D,S/D,XIX,S/D,Urbana,S/D,S/D,Intersección,S/D,S/D,S/D,S/D,S/D,S/D,Colisión,S/D,S/D,S/D,S/D
2018,7184,2018-08-06,Lunes,0,08:00:00,,0.0,1,Automóvil,1 de Mayo 1500,1,1,0,0,0,0,0,"-32.956638888889,-60.631916666667",Calle,,ROSARIO,Rosario,S/D,S/D,II,S/D,Urbana,S/D,S/D,Recta,S/D,S/D,S/D,S/D,S/D,S/D,Vuelco,S/D,S/D,S/D,S/D
2018,7185,2018-08-04,Sabado,0,13:00:00,Ruta Provincial Brigadier E.López,123.0,1,Moto/Ciclomotor, ,2,2,0,0,0,0,0,"-31.86911, -60.8955",Ruta,Brigadier E.López,DESVÍO ARIJÓN,San Jerónimo,S/D,S/D,XV,S/D,Urbana,S/D,S/D,S/D,S/D,S/D,S/D,S/D,S/D,S/D,Caída ocupante,S/D,S/D,S/D,S/D
2018,7186,2018-10-17,Miercoles,0,11:25:00,Autopista Nacional A008,0.0,2,"Automóvil,Automóvil",Av. Circunvalacion Y Av. Sorrento,3,2,0,0,1,0,0,"-32.908083333333,-60.722833333333",Autopista,A008,ROSARIO,Rosario,Asfalto,No existe,II,Dentro,Urbana,Ninguna,Funciona,Intersección,Bueno,Buena,Diurna,Buen Tiempo,Otro,S/D,Colisión,Ninguna,Faltante,Ninguna,Sin restricción
2018,7187,2018-08-06,Lunes,0,,,0.0,1,Automóvil, ,4,3,0,0,1,0,0,"-32.38187, -61.3559",S/D,,SAN GENARO,San Jerónimo,S/D,S/D,XV,S/D,S/D,S/D,S/D,S/D,S/D,S/D,S/D,S/D,S/D,S/D,Caída ocupante,S/D,S/D,S/D,S/D
2018,7188,2018-08-06,Lunes,0,09:00:00,Ruta Provincial Brigadier E.López,89.0,1,Automóvil, ,4,2,0,0,2,0,0,"-32.12723, -60.99375",Ruta,Brigadier E.López,SAN FABIÁN,San Jerónimo,S/D,S/D,XV,S/D,Urbana,S/D,S/D,S/D,S/D,S/D,S/D,S/D,S/D,S/D,Vuelco,S/D,S/D,S/D,S/D
2018,7189,2018-10-23,Martes,0,09:15:00,Autopista Nacional A008,0.0,2,"Moto/Ciclomotor,Automóvil",Av. Circunvalacion Y Av. Pellegrini,2,1,0,0,1,0,0,"-32.948861111111,-60.722694444444",Autopista,A008,ROSARIO,Rosario,Asfalto,No existe,II,Dentro,Urbana,Ninguna,No existe,Recta,S/D,S/D,"Diurna,Con luz artificial",S/D,Otro,S/D,Colisión,S/D,S/D,"Barrera de alto impacto,Cordón divisorio",Sin restricción
2018,7190,2018-08-06,Lunes,0,,,0.0,2,"Taxi/Remis,Moto/Ciclomotor",3 de Febrero Y San Jose,2,1,0,0,1,0,0,"-31.655527777778,-60.725888888889",Calle,,SANTA FE,La Capital,S/D,S/D,I,S/D,Urbana,S/D,S/D,Intersección,S/D,S/D,S/D,S/D,S/D,S/D,Colisión,S/D,S/D,S/D,S/D
2018,7191,2018-08-05,Domingo,0,,,0.0,2,"Moto/Ciclomotor,Automóvil",Juan de Garay Y Saavedra,3,1,0,0,2,0,0,"-31.650888888889,-60.717388888889",Calle,,SANTA FE,La Capital,S/D,S/D,I,S/D,Urbana,S/D,S/D,S/D,S/D,S/D,S/D,S/D,S/D,S/D,Colisión,S/D,S/D,S/D,S/D
2018,7192,2018-08-16,Jueves,0,13:30:00,Ruta Nacional 178,178.5,2,"Automóvil,Moto/Ciclomotor",Calle 10 Y Avenida 17,2,1,0,0,1,0,0,"-32.68357, -61.52533",Ruta,178,LAS PAREJAS,Belgrano,Asfalto,No existe,II,Dentro,Urbana,Ninguna,S/D,Intersección,S/D,S/D,Diurna,S/D,Lateral,S/D,Colisión,S/D,S/D,S/D,Sin restricción
2018,7193,2018-08-07,Martes,0,,,0.0,2,"Moto/Ciclomotor,Automóvil", ,2,1,0,0,1,0,0,"-33.04859, -61.17154",S/D,,CASILDA,Caseros,S/D,S/D,IV,S/D,S/D,S/D,S/D,S/D,S/D,S/D,S/D,S/D,S/D,S/D,Colisión,S/D,S/D,S/D,S/D
2018,7194,2018-08-15,Miercoles,0,,,0.0,2,"Automóvil,Moto/Ciclomotor", ,2,1,0,0,1,0,0,"-33.04509, -61.16543",S/D,,CASILDA,Caseros,S/D,No existe,IV,S/D,S/D,S/D,S/D,S/D,S/D,S/D,S/D,S/D,S/D,S/D,Colisión,S/D,S/D,S/D,S/D
2018,7195,2018-08-06,Lunes,0,21:00:00,,0.0,1,Moto/Ciclomotor, ,2,2,0,0,0,0,0,"-33.04297, -61.16136",S/D,,CASILDA,Caseros,S/D,S/D,IV,S/D,S/D,S/D,S/D,S/D,S/D,S/D,S/D,S/D,S/D,S/D,Caída ocupante,S/D,S/D,S/D,S/D
2018,7196,2018-08-17,Viernes,0,,,0.0,3,"Automóvil,Pickup/Utilitario,Pickup/Utilitario",Bv. Rondeau Y Gurruchaga,3,1,0,0,2,0,0,"-32.905111111111,-60.689361111111",Avenida,,ROSARIO,Rosario,Asfalto,No existe,II,Dentro,Urbana,Ninguna,S/D,Intersección,S/D,S/D,S/D,S/D,Múltiple,S/D,Colisión,S/D,S/D,S/D,Sin restricción
2018,7197,2018-08-06,Lunes,0,,,0.0,2,"Automóvil,Moto/Ciclomotor", ,6,1,0,0,5,0,0,"-33.04948, -61.17316",S/D,,CASILDA,Caseros,S/D,S/D,IV,S/D,S/D,S/D,S/D,S/D,S/D,S/D,S/D,S/D,S/D,S/D,Colisión,S/D,S/D,S/D,S/D
2018,7198,2018-10-03,Miercoles,0,10:00:00,,0.0,4,"Camión c / Acoplado,Automóvil,Automóvil,Pickup/Utilitario",Av de Circunvalacion Y Linea de barranca,5,3,0,0,2,0,0,"-33.003151587952, -60.618433629884",Calle,,VILLA GOBERNADOR GÁLVEZ,Rosario,Asfalto,No existe,II,S/D,Urbana,Ninguna,S/D,Recta,Bueno,Buena,Diurna,Buen Tiempo,Múltiple,S/D,Colisión,Ninguna,Faltante,Ninguna,Sin restricción
2018,7199,2018-08-17,Viernes,0,,,0.0,2,"Moto/Ciclomotor,Automóvil",Cnel.Arnold Y Suipacha,3,2,0,0,1,0,0,"-32.99047, -60.67649",Calle,,ROSARIO,Rosario,Asfalto,No existe,II,Dentro,Urbana,Ninguna,S/D,Intersección,S/D,S/D,S/D,S/D,Lateral,S/D,Colisión,S/D,S/D,Ninguna,S/D
2018,7200,2018-05-01,Martes,0,01:20:00,Ruta Provincial 32,0.0,2,"Moto/Ciclomotor,Automóvil", ,3,1,1,0,0,1,0,"-28.51434,-59.62567",Ruta,32,VILLA ANA,General Obligado,Asfalto,Natural,IX,Dentro,Rural,Ninguna,No existe,Recta,Deteriorada,Reducida,Nocturna,Buen Tiempo,De alcance,S/D,Colisión,Ninguna,S/D,Ninguna,Sin restricción
2018,7201,2018-05-05,Sabado,0,11:00:00,Ruta Nacional 11,0.0,2,"Pickup/Utilitario,Automóvil",Ruta 11 Avenida Richieri ,2,0,1,0,0,1,0,"-31.68621,-60.7798",Ruta,11,SANTO TOMÉ,La Capital,Asfalto,Natural,I,Dentro,Urbana,Ninguna,No existe,Curva,Bueno,Buena,Diurna,Buen Tiempo,Lateral,S/D,Colisión,S/D,Horizontal,Ninguna,Sin restricción
2018,7202,2018-05-03,Jueves,0,14:00:00,,0.0,2,"Peatón,Moto/Ciclomotor",Av Blas Parera Y M De Polonia,2,1,0,0,0,1,0,"-31.61405,-60.71781",Calle,,SANTA FE,La Capital,Asfalto,No existe,I,Dentro,Urbana,Ninguna,No existe,Recta,Bueno,Buena,Diurna,Buen Tiempo,S/D,Peatón,Atropello,Ninguna,Faltante,Cordón divisorio,Sin restricción
2018,7203,2018-05-12,Sabado,0,05:05:00,Ruta Provincial 13,51.8,2,"Automóvil,Automóvil", ,3,0,2,0,0,1,0,"-32.05376,-61.79416",Ruta,13,CARLOS PELLEGRINI,San Martín,Asfalto,Natural,XVIII,Dentro,Urbana,Ninguna,No existe,Recta,Bueno,Buena,Nocturna,Buen Tiempo,Frontal,S/D,Colisión,Ninguna,Faltante,Línea divisoria pintada,Sin restricción
2018,7204,2018-05-21,Lunes,0,14:50:00,Ruta Provincial 16,2.5,2,"Automóvil,Camión c / Acoplado", ,2,0,0,0,1,1,0,"-33.0869,-60.60878",Ruta,16,ALVEAR,Rosario,Asfalto,Natural,II,Dentro,Urbana,Ninguna,No existe,Recta,Bueno,Buena,Diurna,Buen Tiempo,Frontal,S/D,Colisión,Ninguna,S/D,Línea divisoria pintada,Sin restricción
2018,7205,2018-03-20,Martes,0,08:30:00,,0.0,2,"Moto/Ciclomotor,Pickup/Utilitario", ,2,0,1,0,1,0,0,"-31.664803, -61.749071",Camino Rural,,MARÍA JUANA,Castellanos,Asfalto,Natural,V,Dentro,Rural,Ninguna,No existe,Intersección,Con baches,Buena,Diurna,Buen Tiempo,S/D,S/D,Colisión,Otro,Faltante,Ninguna,Sin restricción
2018,7206,2018-05-12,Sabado,0,05:50:00,Autopista Provincial Brigadier E.López,24.0,2,"Pickup/Utilitario,Automóvil", ,5,0,0,1,1,3,0,"-32.68128,-60.80142",Autopista,Brigadier E.López,TIMBÚES,San Lorenzo,Asfalto,Natural,XVII,Dentro,Rural,Ninguna,No existe,Curva,Bueno,Reducida,Nocturna,Niebla,Frontal,S/D,Colisión,Ninguna,Faltante,Ninguna,Sin restricción
2018,7207,2018-04-28,Sabado,0,20:00:00,,0.0,2,"Moto/Ciclomotor,Moto/Ciclomotor",LARREA Y INDEPENDENCIA,2,0,2,0,0,0,0,"-31.701949767389, -61.562547789840",Calle,,SAN VICENTE.,Castellanos,Hormigón,No existe,V,Dentro,Urbana,Ninguna,No existe,Intersección,Otro,Reducida p/ objetos,Nocturna,Buen Tiempo,Lateral,S/D,Colisión,Material Suelto,Faltante,Ninguna,Sin restricción
2018,7208,2018-05-27,Domingo,0,04:25:00,,0.0,2,"Automóvil,Moto/Ciclomotor",Av. Arijon Y Pavon,3,1,0,0,1,1,0,"-33.00257,-60.63404",Calle,,ROSARIO,Rosario,Asfalto,No existe,II,Dentro,Urbana,Ninguna,No existe,Recta,Bueno,Buena,Amanecer,Buen Tiempo,De alcance,S/D,Colisión,Ninguna,Faltante,Ninguna,Sin restricción
2018,7209,2018-04-22,Domingo,0,,Ruta Nacional 34,187.0,2,"Camión c / Acoplado,Camión c / Acoplado", ,2,1,0,0,1,0,0,"-31.547891, -61.530799",Ruta,34,ANGÉLICA,Castellanos,Asfalto,Natural,V,Dentro,Rural,Otra Señal,No existe,Recta,Bueno,Buena,Atardecer,Buen Tiempo,Lateral,S/D,Colisión,Ninguna,"Horizontal,Vertical",Línea divisoria pintada,Sin restricción
2018,7210,2018-05-18,Viernes,0,13:00:00,,0.0,1,Moto/Ciclomotor, ,3,0,0,0,2,1,0,"-31.48677,-60.74006",Camino Rural,,RECREO,La Capital,Tierra,Natural,I,S/D,Rural,Ninguna,No existe,Recta,Deteriorada,Buena,Diurna,Buen Tiempo,S/D,S/D,Caída ocupante,Ninguna,S/D,Ninguna,Sin restricción
2018,7211,2018-05-25,Viernes,0,17:15:00,Ruta Nacional 178,182.0,2,"Moto/Ciclomotor,Moto/Ciclomotor", ,3,0,1,0,0,2,0,"-32.63934,-61.54274",Ruta,178,LAS PAREJAS,Belgrano,Asfalto,Natural,III,Fuera,Rural,Ninguna,No existe,Recta,Bueno,Buena,Diurna,Buen Tiempo,De alcance,S/D,Colisión,Ninguna,Faltante,Línea divisoria pintada,Sin restricción
2018,7212,2018-05-18,Viernes,0,19:00:00,Ruta Secundaria 40-s,0.0,2,"Bicicleta,Moto/Ciclomotor",General Lopez ,2,1,0,0,0,1,0,"-31.06101,-61.17052",Ruta,40-s,SARMIENTO,Las Colonias,Asfalto,No existe,XI,Dentro,Urbana,Ninguna,No existe,Recta,Bueno,Buena,Atardecer,Buen Tiempo,S/D,Ciclista,Atropello,Ninguna,S/D,Línea divisoria pintada,Sin restricción
2018,7213,2018-05-22,Martes,0,21:30:00,Ruta Provincial 10,0.0,2,"Camión c / Acoplado,Automóvil", ,2,0,0,0,1,1,0,"-31.91592,-61.27568",Ruta,10,LÓPEZ,San Jerónimo,Asfalto,Natural,XV,S/D,Rural,Ninguna,No existe,Cruce,Bueno,Buena,Nocturna,Buen Tiempo,Lateral,S/D,Colisión,Ninguna,Faltante,Línea divisoria pintada,Sin restricción
2018,7214,2018-05-25,Viernes,0,18:00:00,Ruta Nacional 34,34.0,2,"Camión c / Semirremolque,Moto/Ciclomotor", ,3,0,0,0,1,2,0,"-32.72112,-61.00841",Ruta,34,LUIS PALACIOS,San Lorenzo,Asfalto,Natural,XVII,Dentro,Rural,Ninguna,No existe,Recta,Bueno,Buena,Atardecer,Buen Tiempo,"Atropello animal,Frontal",S/D,"Caída ocupante,Colisión",Ninguna,Horizontal,Línea divisoria pintada,Sin restricción
2018,7215,2018-08-07,Martes,0,,,0.0,2,"Automóvil,Moto/Ciclomotor",Calle 18 - Gral Belgrano Y Calle 75-Lisandro de la Torre,2,1,0,0,1,0,0,"-29.172388888889,-59.650388888889",Calle,,RECONQUISTA,General Obligado,S/D,S/D,IX,S/D,Urbana,S/D,S/D,Intersección,S/D,S/D,S/D,S/D,S/D,S/D,Colisión,S/D,S/D,S/D,S/D
2018,7216,2018-08-07,Martes,0,,Ruta Provincial Brigadier E.López,94.0,1,Automóvil, ,2,2,0,0,0,0,0,"-32.08656, -60.99534",Ruta,Brigadier E.López,SAN FABIÁN,San Jerónimo,S/D,S/D,XV,S/D,Urbana,S/D,S/D,S/D,S/D,S/D,S/D,S/D,S/D,S/D,Vuelco,S/D,S/D,S/D,S/D
2018,7217,2018-10-03,Miercoles,0,18:00:00,,0.0,3,"Automóvil,Automóvil,Automóvil",Av de Circunvalacion Y Monteagudo,5,1,0,0,4,0,0,"-33.015463694691, -60.624782699367",Calle,,VILLA GOBERNADOR GÁLVEZ,Rosario,Asfalto,No existe,II,Dentro,Urbana,Ninguna,No existe,Intersección,Bueno,Buena,Atardecer,Otro,Lateral,S/D,Colisión,Ninguna,Faltante,Ninguna,Sin restricción
2018,7218,2018-08-07,Martes,0,11:45:00,,0.0,2,"Moto/Ciclomotor,Automóvil",Rivadavia 2300,3,2,0,0,1,0,0,"-29.458416666667,-60.209166666667",Calle,,VERA,Vera,S/D,S/D,XIX,S/D,Urbana,S/D,S/D,Recta,S/D,S/D,S/D,S/D,S/D,S/D,Colisión,S/D,S/D,S/D,S/D
2018,7220,2018-08-17,Viernes,0,09:30:00,,0.0,2,"Bicicleta,Pickup/Utilitario",Paso de los Andes Y Tucuman,2,1,0,0,1,0,0,"-32.478333333333,-61.580944444444",Calle,,LAS ROSAS,Belgrano,Asfalto,No existe,III,Dentro,Urbana,Ninguna,S/D,Intersección,S/D,S/D,Diurna,S/D,S/D,Ciclista,Atropello,Ninguna,S/D,S/D,S/D
2018,7221,2018-10-03,Miercoles,0,17:00:00,Autopista Nacional A008,0.0,2,"Automóvil,Pickup/Utilitario",Av. Circunvalacion Bis Y Av. Sorrento,2,1,0,0,1,0,0,"-32.908083333333,-60.722833333333",Autopista,A008,ROSARIO,Rosario,Asfalto,Ripio,II,S/D,Urbana,S/D,S/D,Recta,Bueno,S/D,S/D,S/D,S/D,S/D,Colisión,S/D,S/D,S/D,S/D
2018,7222,2018-08-07,Martes,0,,,0.0,2,"Moto/Ciclomotor,Automóvil", ,2,1,0,0,1,0,0,"-31.44985, -60.93",S/D,,ESPERANZA,Las Colonias,S/D,S/D,XI,S/D,S/D,S/D,S/D,S/D,S/D,S/D,S/D,S/D,S/D,S/D,Colisión,S/D,S/D,S/D,S/D
2018,7223,2018-05-17,Jueves,0,,,0.0,2,"Moto/Ciclomotor,Pickup/Utilitario",Bv Alzugaray Y Urquiza,2,1,0,0,1,0,0,"-32.35971, -60.94375",Calle,,MONJE,San Jerónimo,S/D,S/D,XV,Dentro,Urbana,S/D,S/D,Intersección,S/D,S/D,S/D,S/D,S/D,S/D,Colisión,S/D,S/D,S/D,Sin restricción
2018,7224,2018-10-16,Martes,0,19:50:00,,0.0,2,"Bicicleta,Automóvil",SAN LORENZO Y SANTIAGO DEL ESTERO,2,1,0,0,1,0,0,"-32.941, -60.65542",S/D,,SAN LORENZO,San Lorenzo,Asfalto,No existe,II,S/D,Urbana,Ninguna,S/D,Intersección,Bueno,Buena,Atardecer,Buen Tiempo,S/D,Ciclista,Atropello,Ninguna,S/D,Ninguna,Sin restricción
2018,7225,2018-08-08,Miercoles,0,,,0.0,2,"Moto/Ciclomotor,Ambulancia",Jose de San Martin ,2,1,0,0,1,0,0,"-31.97352, -60.92064",Calle,,CORONDA,San Jerónimo,S/D,S/D,XV,S/D,Urbana,S/D,S/D,S/D,S/D,S/D,S/D,S/D,S/D,S/D,Colisión,S/D,S/D,S/D,S/D
2018,7226,2018-10-06,Sabado,0,10:30:00,Autopista Nacional A008,0.0,2,"Moto/Ciclomotor,Automóvil",Av. Circunvalacion Y Av. Sorrento,2,1,0,0,1,0,0,"-32.908083333333,-60.722833333333",Autopista,A008,ROSARIO,Rosario,Asfalto,No existe,II,Dentro,Urbana,Ninguna,No existe,Intersección,Bueno,Buena,Diurna,Buen Tiempo,Otro,S/D,Colisión,Ninguna,Faltante,Ninguna,Sin restricción
2018,7227,2018-08-18,Sabado,0,01:00:00,,0.0,2,"Moto/Ciclomotor,Taxi/Remis",Monse?or Zaspe Y Av Freyre,3,1,1,0,1,0,0,"-31.653972222222,-60.72075",Avenida,,SANTA FE,La Capital,Asfalto,No existe,I,Dentro,Urbana,Ninguna,Intermitente,Intersección,S/D,S/D,"Nocturna,Con luz artificial",S/D,Lateral,S/D,Colisión,Ninguna,S/D,S/D,Sin restricción
2018,7228,2018-10-08,Lunes,0,18:00:00,Autopista Nacional A008,0.0,2,"Automóvil,Automóvil",Av. Circunvalacion Y Autopista Rosario Cordoba,4,2,0,0,2,0,0,"-32.948893277269, -60.721896871067",Autopista,A008,ROSARIO,Rosario,Asfalto,Natural,II,S/D,Urbana,Ninguna,No existe,Recta,S/D,S/D,"Diurna,Con luz artificial",S/D,Otro,S/D,Colisión,S/D,S/D,Barrera de alto impacto,Sin restricción
2018,7229,2018-10-16,Martes,0,01:00:00,,0.0,2,"Taxi/Remis,Automóvil",Callao Y Salta,5,3,0,0,2,0,0,"-32.9355,-60.658333333333",Calle,,ROSARIO,Rosario,Asfalto,No existe,II,Dentro,Urbana,Ninguna,S/D,Intersección,Bueno,Buena,Nocturna,Buen Tiempo,Lateral,S/D,Colisión,Ninguna,S/D,Ninguna,Sin restricción
2018,7230,2018-08-08,Miercoles,0,,,0.0,2,"Moto/Ciclomotor,Peatón", ,2,1,0,0,1,0,0,"-32.02949, -61.22433",S/D,,GÁLVEZ,San Jerónimo,S/D,S/D,XV,S/D,S/D,S/D,S/D,S/D,S/D,S/D,S/D,S/D,S/D,Peatón,Atropello,S/D,S/D,S/D,S/D
2018,7231,2018-08-18,Sabado,0,,Ruta Nacional 34,96.5,2,"Camión,Camión", ,2,1,0,0,1,0,0,"-32.30475, -61.41762",Ruta,34,CENTENO,San Jerónimo,Asfalto,Natural,XV,Dentro,Rural,S/D,No existe,Recta,S/D,S/D,S/D,S/D,S/D,S/D,Colisión,S/D,S/D,Línea divisoria pintada,S/D
2018,7232,2018-08-08,Miercoles,0,,,0.0,2,"Moto/Ciclomotor,Automóvil", ,2,1,0,0,1,0,0,"-32.02818, -61.2184",S/D,,GÁLVEZ,San Jerónimo,S/D,S/D,XV,S/D,S/D,S/D,S/D,S/D,S/D,S/D,S/D,S/D,S/D,S/D,Colisión,S/D,S/D,S/D,S/D