anio_acci,nro_acci,fecha,desc_dia,fecha_aprox,hora_aprox,desc_ruta,km,cant_participantes,desc_participante,calle_avenida_km,total,heridos_leves,heridos_graves,heridos_gravisimos,ilesos,fallecidos,sin_datos,posicion_XY,desc_tipo_via,desc_ruta_ori,desc_loc,desc_dpto,desc_tipo_calzada,desc_tipo_banquina,desc_unidad_regional,desc_lugar_calzada,desc_zona,desc_prioridad,desc_estado_semaforo,desc_lugar_via,desc_estado_via,desc_estado_visibilidad,desc_luminosidad,desc_estado_clima,desc_tipo_colision,desc_tipo_atropello,desc_tipo_hecho,desc_pres_calzada,desc_senializacion,desc_separacion_via,desc_restriccion
2018,7233,2018-08-08,Miercoles,0,,,0.0,2,"Moto/Ciclomotor,Moto/Ciclomotor", ,2,2,0,0,0,0,0,"-32.35612, -60.94246",S/D,,MONJE,San Jerónimo,S/D,S/D,XV,S/D,S/D,S/D,S/D,S/D,S/D,S/D,S/D,S/D,S/D,S/D,Colisión,S/D,S/D,S/D,S/D
2018,7234,2018-10-11,Jueves,0,17:15:00,Autopista Nacional A008,0.0,2,"Moto/Ciclomotor,Transporte de Pasajeros (H/ 8 asientos)",Av. Circunvalacion ,2,1,0,0,1,0,0,"-32.9178, -60.7238",Autopista,A008,ROSARIO,Rosario,S/D,Ripio,II,S/D,Urbana,S/D,S/D,Recta,Bueno,Buena,Diurna,S/D,S/D,S/D,Colisión,S/D,S/D,S/D,Sin restricción
2018,7235,2018-08-19,Domingo,0,01:15:00,,0.0,2,"Automóvil,Pickup/Utilitario",Av A del Valle Y Pavon,3,1,0,0,1,0,1,"-31.596388888889,-60.691666666667",Avenida,,SANTA FE,La Capital,Asfalto,No existe,I,Dentro,Urbana,Ninguna,No existe,Intersección,Bueno,S/D,Nocturna,S/D,Lateral,S/D,Colisión,Ninguna,S/D,S/D,Sin restricción
2018,7236,2018-10-16,Martes,0,12:20:00,,0.0,2,"Automóvil,Automóvil",Av. Corrientes Y Virasoro,2,1,0,0,1,0,0,"-32.969138888889,-60.648277777778",Calle,,ROSARIO,Rosario,S/D,S/D,II,S/D,Urbana,S/D,S/D,Intersección,Bueno,Buena,S/D,S/D,S/D,S/D,S/D,S/D,S/D,S/D,S/D
2018,7237,2018-10-13,Sabado,0,17:10:00,,0.0,2,"Automóvil,Automóvil",Av de Circunvalacion Y Av Argentina,2,1,0,0,1,0,0,"-33.005458494877, -60.618172574921",Avenida,,VILLA GOBERNADOR GÁLVEZ,Rosario,Asfalto,No existe,II,S/D,Urbana,Ninguna,No existe,Recta,Bueno,Buena,Diurna,Buen Tiempo,De alcance,S/D,Colisión,Ninguna,Faltante,Guardarrail,Sin restricción
2018,7238,2018-08-09,Jueves,0,09:00:00,,0.0,2,"Pickup/Utilitario,Tren",P.Araoz Y Valentin Gomez,3,2,0,0,1,0,0,"-32.89019, -60.70003",Calle,,ROSARIO,Rosario,S/D,S/D,II,S/D,Urbana,S/D,S/D,S/D,S/D,S/D,S/D,S/D,S/D,S/D,Colisión,S/D,S/D,S/D,S/D
2018,7239,2018-08-19,Domingo,0,,,0.0,2,"Moto/Ciclomotor,Moto/Ciclomotor",Rivarola Y C.Larralde,2,0,2,0,0,0,0,"-32.96625,-60.726027777778",Calle,,ROSARIO,Rosario,Asfalto,No existe,II,Dentro,Urbana,Ninguna,S/D,Intersección,S/D,S/D,S/D,S/D,Lateral,S/D,Colisión,S/D,S/D,Ninguna,Sin restricción
2018,7240,2018-08-09,Jueves,0,12:15:00,,0.0,2,"Pickup/Utilitario,Moto/Ciclomotor",Rivarola Y M.Gonzalez,3,2,0,0,1,0,0,"-32.966388888889,-60.730916666667",Calle,,ROSARIO,Rosario,S/D,S/D,II,S/D,Urbana,S/D,S/D,S/D,S/D,S/D,S/D,S/D,S/D,S/D,Colisión,S/D,S/D,S/D,S/D
2018,7241,2018-08-19,Domingo,0,04:00:00,,0.0,1,Automóvil,Ayacucho Y 9 De Julio,1,1,0,0,0,0,0,"-32.955861111111,-60.628805555556",Calle,,ROSARIO,Rosario,Asfalto,No existe,II,Dentro,Urbana,Ninguna,No existe,Recta,Bueno,S/D,Nocturna,S/D,Contra objeto fijo,S/D,Colisión,S/D,S/D,Ninguna,Sin restricción
2018,7242,2018-08-19,Domingo,0,,,0.0,2,"Bicicleta,Pickup/Utilitario",Av San Martin Y 9 de Julio,2,1,0,0,1,0,0,"-33.32378, -62.03827",Calle,,CHAÑAR LADEADO,Caseros,Asfalto,No existe,IV,Dentro,Urbana,Ninguna,S/D,Intersección,S/D,S/D,S/D,S/D,S/D,Ciclista,Atropello,S/D,S/D,S/D,S/D
2018,7243,2018-10-16,Martes,0,17:55:00,,0.0,2,"Moto/Ciclomotor,Peatón",Rioja Y Alsina,3,3,0,0,0,0,0,"-32.940722222222,-60.676722222222",Calle,,ROSARIO,Rosario,S/D,S/D,II,S/D,Urbana,S/D,S/D,Recta,Bueno,Buena,S/D,S/D,S/D,Peatón,Atropello,Ninguna,S/D,S/D,S/D
2018,7244,2018-08-19,Domingo,0,,Autopista Provincial Brigadier E.López,60.0,1,Automóvil, ,1,1,0,0,0,0,0,"-32.3936, -60.94053",Autopista,Brigadier E.López,MACIEL,San Jerónimo,Asfalto,No existe,XV,Dentro,Rural,S/D,No existe,Puente,Bueno,S/D,S/D,S/D,Contra objeto fijo,S/D,Colisión,S/D,S/D,S/D,S/D
2018,7245,2018-10-16,Martes,0,12:20:00,,0.0,2,"Automóvil,Moto/Ciclomotor",Montevideo 2500,2,1,0,0,1,0,0,"-32.952694444444,-60.659833333333",Calle,,ROSARIO,Rosario,S/D,S/D,II,S/D,Urbana,S/D,S/D,Recta,Bueno,Buena,Diurna,S/D,S/D,S/D,Colisión,S/D,S/D,S/D,S/D
2018,7246,2018-08-20,Lunes,0,,,0.0,2,"Moto/Ciclomotor,Moto/Ciclomotor",Espa?a Y San Jeronimo,2,2,0,0,0,0,0,"-31.975,-60.915555555556",Calle,,CORONDA,San Jerónimo,Asfalto,No existe,XV,Dentro,Urbana,S/D,No existe,Intersección,S/D,S/D,S/D,S/D,Lateral,S/D,Colisión,S/D,S/D,S/D,Sin restricción
2018,7247,2018-07-21,Sabado,0,,Ruta Nacional 34,187.0,1,Camión Chasis, ,1,1,0,0,0,0,0,"-31.551384, -61.531634",Ruta,34,ANGÉLICA,Castellanos,Asfalto,Natural,V,Dentro,Rural,Ninguna,No existe,Recta,Ahuellamiento,Buena,Nocturna,Buen Tiempo,S/D,S/D,Colisión,Ninguna,Horizontal,Línea divisoria pintada,Sin restricción
2018,7248,2018-07-31,Martes,0,,Ruta Nacional 34,189.0,1,Camión c / Acoplado, ,2,2,0,0,0,0,0,"-31.529618, -61.526409",Ruta,34,ANGÉLICA,Castellanos,Asfalto,No existe,V,Dentro,Rural,Ninguna,No existe,Puente,Bueno,Buena,Amanecer,Buen Tiempo,S/D,S/D,Vuelco,Ninguna,Horizontal,"Guardarrail,Línea divisoria pintada",Sin restricción
2018,7249,2018-07-03,Martes,0,16:00:00,,0.0,2,"Pickup/Utilitario,Moto/Ciclomotor",Entre Rios Y Boulevard Luis Oliva,2,0,1,0,1,0,0,"-31.450777, -61.706412",Avenida,,CLUCELLAS,Castellanos,Asfalto,No existe,V,Dentro,Urbana,Ninguna,No existe,Intersección,Bueno,Buena,Diurna,Buen Tiempo,Lateral,S/D,Colisión,Ninguna,Faltante,Ninguna,Sin restricción
2018,7250,2018-08-09,Jueves,0,18:20:00,,0.0,2,"Moto/Ciclomotor,Moto/Ciclomotor",Ayacucho Y F.Frias,3,1,0,0,2,0,0,"-33.011229129656, -60.635784298310",Calle,,ROSARIO,Rosario,S/D,S/D,II,S/D,Urbana,S/D,S/D,S/D,S/D,S/D,S/D,S/D,S/D,S/D,Colisión,S/D,S/D,S/D,S/D
2018,7251,2018-08-07,Martes,0,20:30:00,,0.0,2,"Moto/Ciclomotor,Pickup/Utilitario",25 de Mayo Y 9 de Julio,2,0,1,0,1,0,0,"-28.490611111111,-59.352972222222",Calle,,VILLA OCAMPO,General Obligado,S/D,S/D,IX,S/D,Urbana,S/D,S/D,Intersección,S/D,S/D,S/D,S/D,S/D,S/D,Colisión,S/D,S/D,S/D,S/D
2018,7252,2018-08-09,Jueves,0,,Ruta Nacional Rosario -Cordoba,371.0,2,"Camión c / Semirremolque,Pickup/Utilitario", ,2,1,0,0,1,0,0,"-32.79661, -61.47403",Ruta,Rosario -Córdoba,CAÑADA DE GÓMEZ,Iriondo,S/D,S/D,X,S/D,Urbana,S/D,S/D,Recta,S/D,S/D,S/D,S/D,S/D,S/D,Colisión,S/D,S/D,S/D,S/D
2018,7253,2018-10-16,Martes,0,17:50:00,,0.0,2,"Bicicleta,Moto/Ciclomotor",Av. Illia Y Bv. Oro?o,2,2,0,0,0,0,0,"-32.931472222222,-60.650111111111",Avenida,,ROSARIO,Rosario,Asfalto,S/D,II,S/D,Urbana,S/D,Funciona,Intersección,S/D,S/D,Diurna,S/D,S/D,Ciclista,Atropello,S/D,S/D,S/D,S/D
2018,7254,2018-08-09,Jueves,0,,,0.0,2,"Automóvil,Moto/Ciclomotor", ,2,1,0,0,1,0,0,"-31.4511, -60.92091",S/D,,ESPERANZA,Las Colonias,S/D,S/D,XI,S/D,S/D,S/D,S/D,S/D,S/D,S/D,S/D,S/D,S/D,S/D,Colisión,S/D,S/D,S/D,S/D
2018,7255,2018-08-21,Martes,0,,,0.0,2,"Moto/Ciclomotor,Pickup/Utilitario", ,3,3,0,0,0,0,0,"-28.22782, -61.52845",S/D,,GREGORIA P. DE DENIS,9 de Julio,Asfalto,S/D,XII,S/D,S/D,Ninguna,S/D,S/D,S/D,S/D,S/D,S/D,S/D,S/D,Colisión,Ninguna,S/D,S/D,Sin restricción
2018,7256,2018-10-16,Martes,0,09:40:00,,0.0,2,"Moto/Ciclomotor,Taxi/Remis",Tucuman 900,2,1,0,0,1,0,0,"-32.942361111111,-60.634583333333",S/D,,ROSARIO,Rosario,S/D,S/D,II,S/D,Urbana,S/D,S/D,Recta,S/D,S/D,Diurna,S/D,S/D,S/D,Colisión,S/D,S/D,S/D,S/D
2018,7257,2018-08-21,Martes,0,16:15:00,,0.0,2,"Moto/Ciclomotor,Pickup/Utilitario",Congreso 800,4,0,1,0,3,0,0,"-32.762083333333,-60.738777777778",Calle,,SAN LORENZO,San Lorenzo,Asfalto,No existe,XVII,S/D,Urbana,Ninguna,S/D,Recta,S/D,S/D,Diurna,S/D,S/D,S/D,Colisión,S/D,S/D,S/D,Sin restricción
2018,7258,2018-10-16,Martes,0,20:40:00,,0.0,2,"Moto/Ciclomotor,Automóvil",Colon Y Cochabamba,2,1,0,0,1,0,0,"-32.960666666667,-60.628555555556",S/D,,ROSARIO,Rosario,S/D,S/D,II,S/D,Urbana,S/D,S/D,Intersección,S/D,S/D,Nocturna,S/D,S/D,S/D,Colisión,S/D,S/D,S/D,S/D
2018,7259,2018-08-22,Miercoles,0,,,0.0,2,"Moto/Ciclomotor,Pickup/Utilitario",Bv Pellegrini 3240,2,1,0,0,1,0,0,"-31.633611111111,-60.711722222222",Avenida,,SANTA FE,La Capital,Asfalto,No existe,I,Dentro,Urbana,S/D,Funciona,Recta,Bueno,S/D,S/D,S/D,S/D,S/D,Colisión,Ninguna,S/D,S/D,Sin restricción
2018,7260,2018-10-01,Lunes,0,16:45:00,,0.0,1,Moto/Ciclomotor,Alberdi Y Cordoba,2,1,0,0,1,0,0,"-33.074807726387, -60.577571037987",Calle,,PUEBLO ESTHER,Rosario,Asfalto,S/D,II,S/D,Urbana,S/D,Funciona,Cruce,S/D,S/D,S/D,S/D,S/D,S/D,S/D,S/D,S/D,S/D,S/D
2018,7261,2018-10-16,Martes,0,15:30:00,,0.0,1,Taxi/Remis,Paraguay Y San Luis,2,1,0,0,0,0,1,"-32.948027777778,-60.644388888889",S/D,,ROSARIO,Rosario,S/D,S/D,II,S/D,Urbana,S/D,S/D,Intersección,S/D,S/D,Diurna,S/D,Contra objeto fijo,S/D,Colisión,S/D,S/D,S/D,S/D
2018,7262,2018-10-01,Lunes,0,15:50:00,,0.0,2,"Taxi/Remis,Bicicleta",Cochabamba Y Bv. Oro?o,2,1,0,0,1,0,0,"-32.955722222222,-60.656444444444",Calle,,ROSARIO,Rosario,S/D,S/D,II,S/D,Urbana,S/D,S/D,Intersección,S/D,S/D,Diurna,S/D,S/D,Ciclista,Atropello,S/D,S/D,S/D,S/D
2018,7263,2018-08-09,Jueves,0,,,0.0,2,"Moto/Ciclomotor,Taxi/Remis",Fraga Y White,2,1,0,0,1,0,0,"-32.941277777778,-60.710194444444",Calle,,ROSARIO,Rosario,S/D,S/D,II,S/D,Urbana,S/D,S/D,Intersección,S/D,S/D,S/D,S/D,S/D,S/D,Colisión,S/D,S/D,S/D,S/D
2018,7264,2018-10-16,Martes,0,13:20:00,,0.0,2,"Automóvil,Peatón",Av. de los Trabajadores Y Ferreyra,2,0,1,0,1,0,0,"-32.912111111111,-60.6805",Avenida,,ROSARIO,Rosario,Asfalto,No existe,II,S/D,Urbana,Ninguna,No existe,Intersección,Bueno,Buena,Nocturna,Buen Tiempo,Otro,Peatón,Atropello,Ninguna,Faltante,Ninguna,Sin restricción
2018,7265,2018-08-22,Miercoles,0,14:15:00,,0.0,2,"Automóvil,Taxi/Remis",Pte.Roca Y Saavedra,3,2,0,0,1,0,0,"-32.976694444444,-60.653055555556",Calle,,ROSARIO,Rosario,Asfalto,No existe,II,Dentro,Urbana,Ninguna,S/D,Intersección,S/D,S/D,Diurna,S/D,S/D,S/D,Colisión,S/D,S/D,Ninguna,Sin restricción
2018,7266,2018-10-01,Lunes,0,12:00:00,,0.0,2,"Moto/Ciclomotor,Automóvil",Lavalle Y Marcos Paz,2,1,0,0,1,0,0,"-32.94375,-60.678916666667",Calle,,ROSARIO,Rosario,S/D,S/D,II,S/D,Urbana,S/D,S/D,Intersección,S/D,S/D,S/D,S/D,S/D,S/D,Colisión,S/D,S/D,S/D,S/D
2018,7267,2018-08-10,Viernes,0,,Ruta Nacional 11,0.0,2,"Moto/Ciclomotor,Moto/Ciclomotor",PUENTE CARRETERO ,2,2,0,0,0,0,0,"-31.66568, -60.74047",Ruta,11,SANTO TOMÉ,La Capital,S/D,S/D,I,S/D,Urbana,S/D,S/D,S/D,S/D,S/D,S/D,S/D,S/D,S/D,Caída ocupante,S/D,S/D,S/D,S/D
2018,7268,2018-10-16,Martes,0,17:10:00,,0.0,2,"Automóvil,Automóvil",LUIS CARBALLO Y MADRES PLAZA 25 DE MAYO,2,1,0,0,1,0,0,"-32.92547, -60.6614",Avenida,,ROSARIO,Rosario,Asfalto,No existe,II,Dentro,Urbana,Semáforo,Funciona,Recta,Bueno,Buena,Diurna,Buen Tiempo,Frontal,S/D,Colisión,Ninguna,Vertical,Ninguna,Sin restricción
2018,7269,2018-08-11,Sabado,0,17:30:00,,0.0,2,"Automóvil,Moto/Ciclomotor",Av. Arijon Y Serrano,3,2,0,0,1,0,0,"-33.0025,-60.631777777778",Calle,,ROSARIO,Rosario,S/D,S/D,II,S/D,Urbana,S/D,S/D,Intersección,S/D,S/D,S/D,S/D,S/D,S/D,Colisión,S/D,S/D,S/D,S/D
2018,7270,2018-10-01,Lunes,0,09:30:00,,0.0,2,"Taxi/Remis,Pickup/Utilitario",Callao Y Mendoza,2,1,0,0,1,0,0,"-32.947611111111,-60.661416666667",Calle,,ROSARIO,Rosario,S/D,S/D,II,S/D,Urbana,S/D,S/D,Intersección,S/D,S/D,Diurna,S/D,S/D,S/D,Colisión,S/D,S/D,S/D,S/D
2018,7271,2018-08-22,Miercoles,0,21:00:00,,0.0,2,"Moto/Ciclomotor,Automóvil",Av. Uriburu Y Bv. Avellaneda,5,3,0,0,2,0,0,"-32.99198, -60.68871",Avenida,,ROSARIO,Rosario,Asfalto,No existe,II,Dentro,Urbana,Ninguna,S/D,Intersección,S/D,S/D,Nocturna,S/D,Lateral,S/D,Colisión,S/D,S/D,S/D,S/D
2018,7273,2018-08-11,Sabado,0,20:10:00,,0.0,2,"Pickup/Utilitario,Moto/Ciclomotor",Av. Provincias Unidas Y La Paz,2,1,0,0,1,0,0,"-32.955722222222,-60.712083333333",Calle,,ROSARIO,Rosario,S/D,S/D,II,S/D,Urbana,S/D,S/D,Intersección,S/D,S/D,S/D,S/D,S/D,S/D,Colisión,S/D,S/D,S/D,S/D
2018,7274,2018-10-01,Lunes,0,15:30:00,,0.0,2,"Peatón,Automóvil",Sarmiento Y E.Zeballos,3,1,0,0,2,0,0,"-32.955,-60.640333333333",Calle,,ROSARIO,Rosario,S/D,S/D,II,S/D,Urbana,S/D,No existe,Intersección,S/D,S/D,Diurna,S/D,S/D,Peatón,Atropello,S/D,S/D,S/D,S/D
2018,7275,2018-10-01,Lunes,0,22:50:00,,0.0,2,"Moto/Ciclomotor,Automóvil",Av. Pellegrini Bis Y Av. Belgrano,2,1,0,0,1,0,0,"-32.960944444444,-60.621194444444",Avenida,,ROSARIO,Rosario,Asfalto,S/D,II,S/D,Urbana,S/D,S/D,Intersección,Bueno,Buena,"Nocturna,Con luz artificial",S/D,S/D,S/D,Colisión,S/D,Horizontal,Ninguna,S/D
2018,7276,2018-10-16,Martes,0,18:30:00,,0.0,2,"Peatón,Automóvil",Bv. Segui Y Espa?a,2,1,0,0,1,0,0,"-32.977527777778,-60.654722222222",S/D,,ROSARIO,Rosario,S/D,S/D,II,S/D,Urbana,S/D,S/D,S/D,S/D,S/D,S/D,S/D,S/D,Peatón,Atropello,S/D,S/D,S/D,S/D
2018,7277,2018-10-01,Lunes,0,17:45:00,,0.0,2,"Moto/Ciclomotor,Automóvil",E.Zeballos Y Laprida,2,1,0,0,1,0,0,"-32.95575,-60.636388888889",Calle,,ROSARIO,Rosario,S/D,S/D,II,S/D,Urbana,S/D,S/D,Recta,S/D,S/D,S/D,S/D,S/D,S/D,S/D,S/D,S/D,Ninguna,S/D
2018,7278,2018-10-01,Lunes,0,21:30:00,,0.0,2,"Automóvil,Automóvil",Cafferata Y Mendoza,2,1,0,0,1,0,0,"-32.945666666667,-60.672277777778",Calle,,ROSARIO,Rosario,S/D,S/D,II,S/D,Urbana,S/D,Funciona,Intersección,S/D,S/D,Nocturna,S/D,S/D,S/D,Colisión,S/D,S/D,S/D,S/D
2018,7279,2018-10-01,Lunes,0,19:50:00,,0.0,2,"Automóvil,Automóvil",Bv. Oro?o Y H. Brandoni,3,1,0,0,2,0,0,"-33.006444444444,-60.664638888889",Calle,,ROSARIO,Rosario,Asfalto,No existe,II,Dentro,Urbana,S/D,S/D,Intersección,S/D,S/D,Atardecer,S/D,S/D,S/D,Colisión,S/D,S/D,S/D,S/D
2018,7280,2018-10-01,Lunes,0,17:15:00,,0.0,2,"Moto/Ciclomotor,Automóvil",Pascual Rosas Y Viamonte,3,1,0,0,2,0,0,"-32.95675,-60.69075",Calle,,ROSARIO,Rosario,Asfalto,No existe,II,S/D,Urbana,Ninguna,No existe,Intersección,Bueno,Buena,Diurna,Buen Tiempo,Lateral,S/D,Colisión,Ninguna,Faltante,Ninguna,Sin restricción
2018,7281,2018-08-10,Viernes,0,13:00:00,Ruta Nacional A009,0.0,2,"Moto/Ciclomotor,Bicicleta",Ruta A-009 ,4,4,0,0,0,0,0,"-29.168138888889,-59.656972222222",Ruta,A009,RECONQUISTA,General Obligado,S/D,S/D,IX,S/D,Urbana,S/D,S/D,S/D,S/D,S/D,S/D,S/D,S/D,Ciclista,Atropello,S/D,S/D,S/D,S/D
2018,7282,2018-10-16,Martes,0,07:30:00,,0.0,2,"Peatón,Automóvil",Benito Juarez 2770,2,1,0,0,0,0,1,"-32.993638888889,-60.672972222222",Calle,,ROSARIO,Rosario,Asfalto,No existe,II,S/D,Urbana,S/D,No existe,Recta,S/D,Buena,Diurna,S/D,S/D,Peatón,Atropello,S/D,S/D,S/D,S/D
2018,7283,2018-10-16,Martes,0,16:30:00,,0.0,1,Otros,Gaboto Y Crespo,1,1,0,0,0,0,0,"-32.967972222222,-60.675027777778",Calle,,ROSARIO,Rosario,S/D,S/D,II,Dentro,Urbana,S/D,S/D,Intersección,S/D,Buena,Diurna,S/D,S/D,S/D,Colisión,S/D,S/D,S/D,S/D
2018,7284,2018-08-23,Jueves,0,,Ruta Secundaria 87-s,0.0,1,Moto/Ciclomotor, ,2,2,0,0,0,0,0,"-29.69616, -60.23045",Ruta,87-s,MARGARITA,Vera,S/D,Natural,XIX,Dentro,Rural,Ninguna,No existe,Recta,Ahuellamiento,S/D,S/D,S/D,S/D,S/D,Caída ocupante,Otro,S/D,S/D,Sin restricción
2018,7285,2018-08-10,Viernes,0,12:55:00,,0.0,2,"Moto/Ciclomotor,Moto/Ciclomotor",Calle 111 Y Calle 104,2,2,0,0,0,0,0,"-29.1165,-59.667333333333",Calle,,AVELLANEDA,General Obligado,S/D,S/D,IX,S/D,Urbana,S/D,S/D,Intersección,S/D,S/D,S/D,S/D,S/D,S/D,Colisión,S/D,S/D,S/D,S/D
2018,7286,2018-10-16,Martes,0,14:00:00,,0.0,3,"Moto/Ciclomotor,Automóvil,Taxi/Remis",Bv. Oro?o Y Ricardo Gutierrez,3,1,0,0,2,0,0,"-32.9945,-60.665277777778",Avenida,,ROSARIO,Rosario,Asfalto,No existe,II,Dentro,Urbana,Semáforo,Funciona,Intersección,S/D,Buena,Diurna,S/D,S/D,S/D,Colisión,S/D,S/D,S/D,Sin restricción
2018,7287,2018-10-01,Lunes,0,10:30:00,,0.0,2,"Automóvil,Moto/Ciclomotor",Av. Eva Peron Y Rodo,2,1,0,0,1,0,0,"-32.930611111111,-60.726194444444",Avenida,,ROSARIO,Rosario,Asfalto,No existe,II,Dentro,Urbana,Ninguna,No existe,Intersección,Bueno,Buena,Diurna,Buen Tiempo,S/D,S/D,Colisión,Ninguna,S/D,Ninguna,Sin restricción
2018,7288,2018-08-24,Viernes,0,,,0.0,2,"Moto/Ciclomotor,Automóvil",Agustin Delgado Y Av Lopez y Planes,2,1,0,0,1,0,0,"-31.61788, -60.71323",Avenida,,SANTA FE,La Capital,Asfalto,No existe,I,Dentro,Urbana,Ninguna,S/D,Intersección,S/D,S/D,S/D,S/D,S/D,S/D,Colisión,S/D,S/D,S/D,Sin restricción
2018,7289,2018-10-04,Jueves,0,16:57:00,,0.0,2,"Moto/Ciclomotor,Pickup/Utilitario",Av. Provincias Unidas Y Gorriti,3,2,0,0,1,0,0,"-32.924416666667,-60.713416666667",Calle,,ROSARIO,Rosario,Asfalto,S/D,II,Dentro,Urbana,Ninguna,S/D,Intersección,Bueno,Buena,Diurna,Buen Tiempo,S/D,S/D,Colisión,Ninguna,S/D,Ninguna,Sin restricción
2018,7290,2018-08-11,Sabado,0,10:15:00,,0.0,2,"Automóvil,Bicicleta",Calle 26-Bolivar Y Calle 23-Gral lopez,2,1,0,0,1,0,0,"-29.147972222222,-59.651611111111",Calle,,RECONQUISTA,General Obligado,S/D,S/D,IX,S/D,Urbana,S/D,S/D,Intersección,S/D,S/D,S/D,S/D,S/D,S/D,Colisión,S/D,S/D,S/D,S/D
2018,7291,2018-10-16,Martes,0,06:00:00,,0.0,2,"Automóvil,Moto/Ciclomotor",Bv. Avellaneda 4337,2,1,0,0,1,0,0,"-32.982888888889,-60.688444444444",Avenida,,ROSARIO,Rosario,Asfalto,S/D,II,S/D,Urbana,S/D,S/D,Recta,Bueno,Buena,Diurna,S/D,S/D,S/D,Colisión,S/D,S/D,Cordón divisorio,S/D
2018,7292,2018-10-01,Lunes,0,19:55:00,,0.0,2,"Automóvil,Peatón",Jose Ingenieros 7900,2,0,1,0,1,0,0,"-32.917638888889,-60.732722222222",Calle,,ROSARIO,Rosario,Asfalto,No existe,II,Dentro,Urbana,Ninguna,No existe,Intersección,Bueno,Buena,Diurna,Buen Tiempo,S/D,Peatón,Atropello,Ninguna,S/D,Ninguna,Sin restricción
2018,7293,2018-08-24,Viernes,0,22:10:00,,0.0,2,"Moto/Ciclomotor,Moto/Ciclomotor",Agustin Delgado Y Av Gral Paz,3,3,0,0,0,0,0,"-31.62325,-60.688027777778",Avenida,,SANTA FE,La Capital,Asfalto,No existe,I,Dentro,Urbana,Ninguna,S/D,Intersección,Bueno,S/D,Nocturna,S/D,Lateral,S/D,Colisión,Ninguna,S/D,S/D,Sin restricción
2018,7294,2018-10-16,Martes,0,20:25:00,,0.0,2,"Bicicleta,Automóvil",Bv. Avellaneda Y Uruguay,2,1,0,0,0,0,1,"-32.969444444444,-60.68675",Avenida,,ROSARIO,Rosario,Asfalto,S/D,II,Dentro,Urbana,S/D,S/D,Intersección,S/D,S/D,"Nocturna,Con luz artificial",S/D,S/D,Ciclista,Atropello,S/D,S/D,Cordón divisorio,S/D
2018,7295,2018-10-01,Lunes,0,18:25:00,,0.0,2,"Moto/Ciclomotor,Automóvil",Ing Mosconi Y Rosario,3,2,0,0,1,0,0,"-33.025888888889,-60.642694444444",Calle,,VILLA GOBERNADOR GÁLVEZ,Rosario,Asfalto,No existe,II,S/D,Urbana,Ninguna,No existe,Recta,Con baches,Buena,Atardecer,Buen Tiempo,S/D,S/D,Colisión,Agua,Faltante,Ninguna,Sin restricción
2018,7296,2018-10-16,Martes,0,10:30:00,Autopista Nacional A008,0.0,2,"Bicicleta,Pickup/Utilitario",Bertole Y Av. Circunvalacion,2,1,0,0,1,0,0,"-32.965166666667,-60.719",Autopista,A008,ROSARIO,Rosario,Asfalto,No existe,II,Dentro,Urbana,Ninguna,No existe,Intersección,Bueno,Buena,Diurna,Buen Tiempo,S/D,Ciclista,Atropello,Ninguna,Faltante,Ninguna,Sin restricción
2018,7297,2018-10-01,Lunes,0,18:40:00,,0.0,2,"Automóvil,Bicicleta",Dr Borzone Y 25 de Mayo,2,1,0,0,1,0,0,"-32.995769030752, -60.772854437909",Calle,,PÉREZ,Rosario,Asfalto,S/D,II,S/D,Urbana,S/D,S/D,Intersección,Otro,S/D,Atardecer,S/D,S/D,Ciclista,Atropello,S/D,S/D,Ninguna,Sin restricción
2018,7298,2018-10-01,Lunes,0,19:30:00,,0.0,2,"Moto/Ciclomotor,Automóvil",Av Argentina Y Islas Malvinas,2,0,1,0,1,0,0,"-31.453722222222,-60.910083333333",Avenida,,ESPERANZA,Las Colonias,Asfalto,No existe,XI,Dentro,Urbana,Ninguna,No existe,Intersección,Bueno,Buena,Nocturna,Buen Tiempo,Lateral,S/D,Colisión,Ninguna,Faltante,Línea divisoria pintada,Sin restricción
2018,7299,2018-10-16,Martes,0,12:30:00,,0.0,1,Automóvil,SAN MARTIN Y VIAS FERREAS,1,1,0,0,0,0,0,"-31.788013900168, -60.979235500213",Calle,,MATILDE,Las Colonias,Ripio,No existe,XI,Fuera,Urbana,Ninguna,No existe,Recta,Bueno,Buena,Diurna,Otro,Otro,S/D,Vuelco,Ninguna,S/D,Ninguna,Sin restricción
2018,7300,2018-08-13,Lunes,0,18:00:00,,0.0,2,"Moto/Ciclomotor,Peatón",Av Santa Fe Y Teniente Loza,10,9,0,1,0,0,0,"-31.565555555556,-60.740083333333",Calle,,SANTA FE,La Capital,S/D,S/D,I,S/D,Urbana,S/D,S/D,Intersección,S/D,S/D,S/D,S/D,S/D,Peatón,Atropello,S/D,S/D,S/D,Accidente Previo
2018,7301,2018-10-01,Lunes,0,19:00:00,,0.0,2,"Moto/Ciclomotor,Pickup/Utilitario",Belgrano ,2,1,0,0,1,0,0,"-32.688606748460, -60.728346176703",Calle,,PUERTO SAN MARTÍN,San Lorenzo,Asfalto,No existe,XVII,Dentro,Urbana,Ninguna,No existe,Recta,Bueno,Buena,Atardecer,Buen Tiempo,Otro,S/D,Colisión,Ninguna,Horizontal,Ninguna,Sin restricción
2018,7302,2018-10-01,Lunes,0,18:50:00,,0.0,2,"Cuatriciclo,Pickup/Utilitario",Sarmiento Y Primera Junta,2,1,0,0,1,0,0,"-33.438594432517, -60.790552715829",Calle,,SANTA TERESA,Constitución,Asfalto,No existe,VI,Dentro,Urbana,Ninguna,No existe,Intersección,Bueno,Buena,"Atardecer,Con luz artificial",Buen Tiempo,Lateral,S/D,Colisión,Ninguna,Faltante,Cordón divisorio,Sin restricción
2018,7304,2018-08-25,Sabado,0,,,0.0,2,"Moto/Ciclomotor,Pickup/Utilitario",Calle 15-Pcio. Diez ,2,1,0,0,1,0,0,"-29.14398, -59.64805",Calle,,RECONQUISTA,General Obligado,Asfalto,No existe,IX,Dentro,Urbana,S/D,S/D,Intersección,S/D,S/D,S/D,S/D,S/D,S/D,Colisión,S/D,S/D,S/D,Sin restricción
2018,7305,2018-10-01,Lunes,0,19:30:00,,0.0,2,"Moto/Ciclomotor,Moto/Ciclomotor",12 de septiembre Y 3 de febrero,2,2,0,0,0,0,0,"-31.678222222222,-60.78325",Calle,,SANTO TOMÉ,La Capital,"Asfalto,Tierra",Natural,I,S/D,Urbana,Ninguna,No existe,Intersección,Bueno,Buena,Diurna,Buen Tiempo,Lateral,S/D,Colisión,Ninguna,Faltante,Ninguna,Sin restricción