anio_acci,nro_acci,fecha,desc_dia,fecha_aprox,hora_aprox,desc_ruta,km,cant_participantes,desc_participante,calle_avenida_km,total,heridos_leves,heridos_graves,heridos_gravisimos,ilesos,fallecidos,sin_datos,posicion_XY,desc_tipo_via,desc_ruta_ori,desc_loc,desc_dpto,desc_tipo_calzada,desc_tipo_banquina,desc_unidad_regional,desc_lugar_calzada,desc_zona,desc_prioridad,desc_estado_semaforo,desc_lugar_via,desc_estado_via,desc_estado_visibilidad,desc_luminosidad,desc_estado_clima,desc_tipo_colision,desc_tipo_atropello,desc_tipo_hecho,desc_pres_calzada,desc_senializacion,desc_separacion_via,desc_restriccion
2018,7306,2018-10-16,Martes,0,10:15:00,,0.0,2,"Automóvil,Moto/Ciclomotor",Av Beck-Herzog ,2,1,0,0,1,0,0,"-31.72105, -61.08306",Avenida,,HUMBOLDT,Las Colonias,Hormigón,Natural,XI,Dentro,Urbana,Ninguna,No existe,Recta,Bueno,Buena,Diurna,Buen Tiempo,Lateral,S/D,Colisión,S/D,S/D,Cordón divisorio,Sin restricción
2018,7307,2018-05-26,Sabado,0,06:50:00,Ruta Provincial 1,82.0,3,"Moto/Ciclomotor,Moto/Ciclomotor,Moto/Ciclomotor", ,5,3,1,0,0,1,0,"-31.13549,-60.13056",Ruta,1,CAMPO DEL MEDIO,Garay,Asfalto,Natural,VII,Dentro,Rural,Ninguna,No existe,Recta,Bueno,Reducida,Nocturna,Buen Tiempo,Múltiple,S/D,Colisión,Ninguna,Horizontal,Línea divisoria pintada,Sin restricción
2018,7308,2018-05-31,Jueves,0,20:25:00,Ruta Secundaria 26-s,6.0,2,"Automóvil,Peatón", ,2,0,0,0,1,1,0,"-32.66274,-60.87432",Ruta,26-s,ANDINO,Iriondo,Asfalto,Natural,X,Dentro,Rural,Ninguna,No existe,Recta,Bueno,Reducida,Nocturna,S/D,S/D,Peatón,Atropello,S/D,S/D,Línea divisoria pintada,Sin restricción
2018,7309,2018-05-27,Domingo,0,23:10:00,,0.0,2,"Moto/Ciclomotor,Automóvil",Biedma Y Alvear,2,1,0,0,0,1,0,"-32.97841,-60.66345",Calle,,ROSARIO,Rosario,Asfalto,No existe,II,Dentro,Urbana,Ninguna,No existe,Intersección,Bueno,Buena,Nocturna,Buen Tiempo,Lateral,S/D,Colisión,Ninguna,Faltante,Ninguna,Sin restricción
2018,7310,2018-05-26,Sabado,0,19:20:00,,0.0,2,"Peatón,Automóvil",Buenos Aires 1600,2,0,0,0,1,1,0,"-32.95714,-60.63513",Calle,,ROSARIO,Rosario,Asfalto,S/D,II,Dentro,Urbana,Semáforo,Funciona,Recta,S/D,Buena,Diurna,S/D,S/D,Peatón,Atropello,S/D,Vertical,Ninguna,Sin restricción
2018,7311,2018-05-27,Domingo,0,00:45:00,,0.0,2,"Moto/Ciclomotor,Moto/Ciclomotor",Av. Provincias Unidas Y Perez Bulnes,3,0,2,0,0,1,0,"-32.94248,-60.71243",Calle,,ROSARIO,Rosario,Asfalto,No existe,II,Dentro,Urbana,Semáforo,Funciona,Intersección,Bueno,Buena,Nocturna,Buen Tiempo,Lateral,S/D,Colisión,Ninguna,Vertical,Ninguna,Sin restricción
2018,7312,2018-05-25,Viernes,0,20:05:00,,0.0,2,"Moto/Ciclomotor,Peatón",SAN MARTIN Y H. VILA,2,0,1,0,0,1,0,"-33.79384,-61.21318",Calle,,WHEELWRIGHT,General López,Asfalto,S/D,VIII,Dentro,Urbana,Ninguna,No existe,Recta,Bueno,Buena,"Nocturna,Con luz artificial",Buen Tiempo,S/D,Peatón,Atropello,Ninguna,S/D,Ninguna,Sin restricción
2018,7313,2018-05-01,Martes,0,01:35:00,,0.0,1,Moto/Ciclomotor,Mendoza 8600,2,1,0,0,0,1,0,"-32.94022,-60.73834",Calle,,ROSARIO,Rosario,Asfalto,No existe,II,Dentro,Urbana,Semáforo,Funciona,Intersección,Bueno,S/D,Nocturna,S/D,Contra objeto fijo,S/D,Colisión,Ninguna,"Horizontal,Vertical",Cordón divisorio,Sin restricción
2018,7314,2018-05-06,Domingo,0,08:20:00,,0.0,1,Moto/Ciclomotor,Av Lopez y Planes 3500,1,0,0,0,0,1,0,"-31.62685,-60.71381",Calle,,SANTA FE,La Capital,Asfalto,No existe,I,Dentro,Urbana,Ninguna,No existe,Recta,Bueno,S/D,Diurna,S/D,S/D,S/D,Caída ocupante,Ninguna,S/D,Ninguna,Sin restricción
2018,7315,2018-05-11,Viernes,0,19:50:00,,0.0,2,"Automóvil,Peatón",Antonio Podio 115,3,1,0,0,1,1,0,"-31.26331,-61.51446",Calle,,RAFAELA,Castellanos,Asfalto,No existe,V,Dentro,Urbana,Ninguna,No existe,Intersección,Bueno,S/D,Diurna,S/D,S/D,Peatón,Atropello,Ninguna,Faltante,Ninguna,Sin restricción
2018,7316,2018-05-04,Viernes,0,10:00:00,,0.0,1,Moto/Ciclomotor,Jose De San Martin 1700,1,0,0,0,0,1,0,"-31.66492,-60.75807",Calle,,SANTO TOMÉ,La Capital,Asfalto,No existe,I,Dentro,Urbana,Ninguna,No existe,Intersección,Bueno,S/D,Diurna,S/D,S/D,S/D,Caída ocupante,Ninguna,Faltante,Ninguna,Sin restricción
2018,7318,2018-05-13,Domingo,0,18:45:00,Ruta Provincial 13,38.0,2,"Automóvil,Automóvil", ,5,0,1,0,0,4,0,"-32.16082,-61.72106",Ruta,13,EL TRÉBOL,San Martín,Asfalto,Natural,XVIII,Dentro,Rural,Ninguna,S/D,Recta,Bueno,S/D,Diurna,S/D,Frontal,S/D,Colisión,Ninguna,Horizontal,Línea divisoria pintada,Sin restricción
2018,7319,2018-05-18,Viernes,0,14:00:00,,0.0,2,"Moto/Ciclomotor,Peatón",Bv. Segui Y Santiago,2,0,0,0,1,1,0,"-32.97595,-60.66422",Calle,,ROSARIO,Rosario,Asfalto,No existe,II,Dentro,Urbana,Ninguna,No existe,Intersección,Bueno,S/D,Diurna,S/D,S/D,Peatón,Atropello,Ninguna,Faltante,Cordón divisorio,Sin restricción
2018,7320,2018-05-20,Domingo,0,14:50:00,Ruta Provincial 40,0.0,2,"Automóvil,Moto/Ciclomotor", ,6,4,0,0,0,2,0,"-29.15014,-59.70141",Ruta,40,RECONQUISTA,General Obligado,S/D,S/D,IX,Dentro,Urbana,S/D,S/D,Intersección,S/D,S/D,Diurna,S/D,Lateral,S/D,Colisión,S/D,S/D,S/D,Sin restricción
2018,7321,2018-08-13,Lunes,0,,,0.0,2,"Automóvil,Peatón", ,2,1,0,0,1,0,0,"-29.11752, -59.65822",S/D,,AVELLANEDA,General Obligado,S/D,S/D,IX,S/D,S/D,S/D,S/D,S/D,S/D,S/D,S/D,S/D,S/D,Peatón,Atropello,S/D,S/D,S/D,S/D
2018,7322,2018-10-16,Martes,0,07:20:00,,0.0,2,"Bicicleta,Automóvil",Domingo Faustino Sarmiento Y Gregorio Donnet,2,1,0,0,1,0,0,"-31.444416666667,-60.930055555556",Calle,,ESPERANZA,Las Colonias,Asfalto,No existe,XI,Dentro,Urbana,Ninguna,No existe,Intersección,Bueno,Buena,Diurna,Otro,Lateral,Ciclista,Atropello,Ninguna,Vertical,S/D,Sin restricción
2018,7323,2018-08-25,Sabado,0,,,0.0,2,"Moto/Ciclomotor,Moto/Ciclomotor",Calle 12 San Martin Y Calle 75-Lisandro de la Torre,2,1,0,0,1,0,0,"-29.172777777778,-59.646361111111",Calle,,RECONQUISTA,General Obligado,Asfalto,No existe,IX,Dentro,Urbana,Ninguna,S/D,Intersección,S/D,S/D,S/D,S/D,Lateral,S/D,Colisión,S/D,S/D,S/D,Sin restricción
2018,7325,2018-10-01,Lunes,0,07:40:00,,0.0,2,"Pickup/Utilitario,Moto/Ciclomotor",25 de mayo Y Obispo Gelabert,2,1,0,0,1,0,0,"-31.663361111111,-60.762416666667",Avenida,,SANTO TOMÉ,La Capital,Asfalto,No existe,I,Dentro,Urbana,Ninguna,No existe,Intersección,Bueno,Buena,Con luz artificial,Buen Tiempo,Lateral,S/D,Colisión,Ninguna,Horizontal,Ninguna,Sin restricción
2018,7326,2018-10-01,Lunes,0,18:20:00,,0.0,2,"Automóvil,Moto/Ciclomotor",Av Facundo Zuviria 8100,2,1,0,0,1,0,0,"-31.591833333333,-60.698972222222",Calle,,SANTA FE,La Capital,Asfalto,Pavimento,I,Dentro,Urbana,S/D,No existe,Recta,Bueno,Buena,"Atardecer,Con luz artificial",Buen Tiempo,Lateral,S/D,Colisión,Ninguna,Faltante,S/D,S/D
2018,7327,2018-08-25,Sabado,0,,,0.0,2,"Automóvil,Moto/Ciclomotor", ,2,1,0,0,1,0,0,"-32.02927, -61.22442",S/D,,GÁLVEZ,San Jerónimo,S/D,S/D,XV,S/D,S/D,S/D,S/D,S/D,S/D,S/D,S/D,S/D,S/D,S/D,Colisión,S/D,S/D,S/D,S/D
2018,7328,2018-10-01,Lunes,0,12:30:00,,0.0,2,"Bicicleta,Automóvil",Ituzaingo Y Mitre,2,1,0,0,1,0,0,"-31.640027777778,-60.691777777778",Calle,,SANTA FE,La Capital,Asfalto,No existe,I,Dentro,Urbana,S/D,No existe,Intersección,Bueno,S/D,Diurna,S/D,S/D,Ciclista,Atropello,S/D,S/D,S/D,S/D
2018,7329,2018-10-16,Martes,0,14:10:00,,0.0,2,"Moto/Ciclomotor,Automóvil",Boulevard Ocampo Y Corrientes,3,1,0,0,2,0,0,"-31.104055555556,-60.089972222222",Calle,,HELVECIA,Garay,Hormigón,Natural,VII,S/D,Urbana,Ninguna,No existe,Intersección,Bueno,Buena,Diurna,Buen Tiempo,Frontal,S/D,Colisión,Ninguna,Faltante,Ninguna,Sin restricción
2018,7330,2018-08-13,Lunes,0,,Ruta Provincial 95,870.0,2,"Automóvil,Automóvil", ,4,4,0,0,0,0,0,"-28.39882, -61.47748",Ruta,95,SANTA MARGARITA,9 de Julio,S/D,S/D,XII,S/D,Urbana,S/D,S/D,S/D,S/D,S/D,S/D,S/D,S/D,S/D,Colisión,S/D,S/D,S/D,S/D
2018,7331,2018-08-13,Lunes,0,,Ruta Secundaria 91-s,0.0,1,Pickup/Utilitario, ,1,1,0,0,0,0,0,"-28.25795, -61.53121",Ruta,91-s,SANTA MARGARITA,9 de Julio,S/D,S/D,XII,S/D,Urbana,S/D,S/D,S/D,S/D,S/D,S/D,S/D,S/D,S/D,Vuelco,S/D,S/D,S/D,S/D
2018,7332,2018-10-17,Miercoles,0,12:15:00,,0.0,2,"Automóvil,Moto/Ciclomotor",Dr Romang Y Senador Dr Armando Antille,2,1,0,0,1,0,0,"-31.101888888889,-60.088305555556",Calle,,HELVECIA,Garay,Hormigón,No existe,VII,S/D,Urbana,Ninguna,No existe,Intersección,Bueno,Buena,Diurna,Buen Tiempo,Frontal,S/D,Colisión,Ninguna,Faltante,Ninguna,Sin restricción
2018,7333,2018-08-25,Sabado,0,22:00:00,,0.0,2,"Automóvil,Moto/Ciclomotor",Sarmiento Y Juan Semino,2,0,1,0,1,0,0,"-32.85742, -61.15648",Calle,,CARCARAÑÁ,San Lorenzo,Asfalto,No existe,XVII,Dentro,Urbana,Ninguna,S/D,Intersección,S/D,S/D,Nocturna,S/D,S/D,S/D,Colisión,S/D,S/D,S/D,Sin restricción
2018,7334,2018-10-16,Martes,0,18:20:00,Ruta Provincial 3,0.0,1,Moto/Ciclomotor, ,1,1,0,0,0,0,0,"-28.675529, -60.069116",Ruta,3,INTIYACO,Vera,Asfalto,Natural,XIX,Fuera,Urbana,S/D,No existe,Curva,Bueno,Buena,Diurna,Buen Tiempo,Otro,S/D,Despiste,Ninguna,S/D,S/D,S/D
2018,7335,2018-08-13,Lunes,0,,,0.0,2,"Automóvil,Moto/Ciclomotor",Calle Publica 1 ,3,2,0,0,1,0,0,"-32.43434, -60.82007",S/D,,GABOTO,San Jerónimo,S/D,S/D,XV,S/D,Urbana,S/D,S/D,S/D,S/D,S/D,S/D,S/D,S/D,S/D,Colisión,S/D,S/D,S/D,S/D
2018,7336,2018-10-16,Martes,0,09:00:00,,0.0,2,"Moto/Ciclomotor,Automóvil",Av San Martin Y Espa?a,2,0,1,0,1,0,0,"-32.724194444444,-60.732361111111",Avenida,,SAN LORENZO,San Lorenzo,Asfalto,S/D,XVII,S/D,Urbana,S/D,No existe,S/D,Bueno,Buena,S/D,Buen Tiempo,S/D,S/D,Colisión,S/D,S/D,S/D,S/D
2018,7337,2018-10-16,Martes,0,13:30:00,,0.0,2,"Moto/Ciclomotor,Pickup/Utilitario",Mitre Y Almafuerte,2,1,0,0,1,0,0,"-31.73194, -61.09704",Calle,,SAN CARLOS CENTRO,Las Colonias,Ripio,Ripio,XI,S/D,Urbana,Ninguna,No existe,Intersección,Bueno,Buena,Diurna,Buen Tiempo,S/D,S/D,Colisión,Ninguna,Faltante,Ninguna,Sin restricción
2018,7338,2018-08-26,Domingo,0,,,0.0,2,"Moto/Ciclomotor,Automóvil",Salvat Y Pje. 1349,2,1,0,0,1,0,0,"-32.88329, -60.72308",Calle,,ROSARIO,Rosario,Asfalto,No existe,II,Dentro,Urbana,Ninguna,No existe,Intersección,S/D,S/D,S/D,S/D,Lateral,S/D,Colisión,Ninguna,S/D,S/D,Sin restricción
2018,7339,2018-10-16,Martes,0,20:25:00,,0.0,2,"Peatón,Moto/Ciclomotor",VIAS FERREAS ,3,1,0,0,2,0,0,"-32.823174458822, -61.389782600527",S/D,,CAÑADA DE GÓMEZ,Iriondo,Tierra,No existe,X,Dentro,Urbana,Ninguna,No existe,Recta,S/D,Reducida,Nocturna,Buen Tiempo,S/D,Peatón,Atropello,S/D,Faltante,Ninguna,Sin restricción
2018,7340,2018-08-24,Viernes,0,20:00:00,,0.0,2,"Moto/Ciclomotor,Automóvil",Ayacucho Y Cornelio Saavedra,3,2,0,0,1,0,0,"-31.59536, -60.70122",Calle,,CASILDA,Caseros,S/D,No existe,IV,Dentro,Urbana,Ninguna,S/D,Intersección,S/D,S/D,Nocturna,S/D,S/D,S/D,Colisión,S/D,S/D,S/D,Sin restricción
2018,7341,2018-08-26,Domingo,0,,,0.0,2,"Bicicleta,Automóvil", ,2,0,1,0,1,0,0,"-31.97343, -60.92061",S/D,,CORONDA,San Jerónimo,S/D,S/D,XV,S/D,S/D,S/D,S/D,S/D,S/D,S/D,S/D,S/D,S/D,Ciclista,Atropello,S/D,S/D,S/D,S/D
2018,7342,2018-02-15,Jueves,0,02:10:00,,0.0,1,Moto/Ciclomotor,J M Zuviria Y Av A del Valle,1,0,0,0,0,1,0,"-31.61702,-60.69929",Calle,,SANTA FE,La Capital,Asfalto,No existe,I,Dentro,Urbana,Ninguna,No existe,Intersección,Bueno,S/D,Nocturna,S/D,S/D,S/D,Caída ocupante,Ninguna,Faltante,Ninguna,Sin restricción
2018,7343,2018-05-25,Viernes,0,22:00:00,Ruta Nacional 11,750.0,1,Automóvil, ,4,1,0,0,0,3,0,"-29.35545,-59.96148",Ruta,11,MALABRIGO,General Obligado,Asfalto,Natural,IX,Dentro,Rural,Ninguna,No existe,Recta,Bueno,S/D,Nocturna,S/D,S/D,S/D,Vuelco,Ninguna,Faltante,Línea divisoria pintada,Sin restricción
2018,7344,2018-05-29,Martes,0,22:15:00,Ruta Nacional 11,888.4,1,Automóvil, ,1,0,0,0,0,1,0,"-28.38258,-59.26856",Ruta,11,SAN ANTONIO DE OBLIGADO,General Obligado,Asfalto,Natural,IX,Dentro,Rural,Ninguna,No existe,Recta,Bueno,S/D,Nocturna,S/D,Contra objeto fijo,S/D,Colisión,Ninguna,Faltante,Línea divisoria pintada,Sin restricción
2018,7345,2018-05-29,Martes,0,16:35:00,,0.0,1,Automóvil,Scalabrini Ortiz Y Colon,1,0,0,0,0,1,0,"-31.73812,-61.1021",Calle,,SAN CARLOS CENTRO,Las Colonias,S/D,S/D,XI,Dentro,Urbana,S/D,S/D,Intersección,S/D,S/D,Diurna,S/D,Contra objeto fijo,S/D,Colisión,S/D,S/D,S/D,S/D
2018,7346,2018-05-11,Viernes,0,19:00:00,Ruta Nacional 34,0.0,2,"Automóvil,Moto/Ciclomotor",Ruta Prov 70 ,4,2,0,0,1,1,0,"-31.25977,-61.50682",Ruta,34,RAFAELA,Castellanos,Asfalto,No existe,V,Dentro,Urbana,Semáforo,Funciona,Cruce,Bueno,S/D,Diurna,S/D,S/D,S/D,Colisión,Ninguna,"Horizontal,Vertical",Ninguna,Sin restricción
2018,7347,2018-05-21,Lunes,0,20:10:00,,0.0,2,"Moto/Ciclomotor,Peatón", ,4,3,0,0,0,1,0,"-28.40215,-59.26364",Camino Rural,,SAN ANTONIO DE OBLIGADO,General Obligado,S/D,S/D,IX,Dentro,Rural,S/D,S/D,Recta,S/D,S/D,Diurna,S/D,S/D,Peatón,Atropello,S/D,S/D,S/D,S/D
2018,7348,2018-05-31,Jueves,0,06:45:00,Ruta Nacional 11,881.5,2,"Moto/Ciclomotor,Camión c / Acoplado", ,2,0,0,0,1,1,0,"-28.40915,-59.26832",Ruta,11,TACUARENDÍ,General Obligado,Asfalto,Natural,IX,Dentro,Rural,Ninguna,No existe,Recta,Bueno,S/D,Amanecer,Lluvia,De alcance,S/D,Colisión,Agua,Faltante,Línea divisoria pintada,Sin restricción
2018,7349,2018-05-19,Sabado,0,11:30:00,,0.0,2,"Automóvil,Moto/Ciclomotor",Santa Fe Y Azcuenaga,2,0,0,0,1,1,0,"-29.88375,-61.94277",Calle,,CERES,San Cristóbal,Asfalto,No existe,XIII,Dentro,Urbana,Ninguna,No existe,Intersección,Bueno,S/D,Diurna,S/D,S/D,S/D,Colisión,Ninguna,Faltante,Ninguna,Sin restricción
2018,7350,2018-05-20,Domingo,0,07:15:00,Ruta Provincial 21,0.0,2,"Automóvil,Moto/Ciclomotor", ,5,0,0,0,4,1,0,"-33.24273,-60.40674",Ruta,21,PAVÓN,Constitución,Asfalto,Natural,VI,Dentro,Urbana,Ninguna,S/D,Recta,S/D,S/D,Diurna,S/D,Frontal,S/D,Colisión,Ninguna,Faltante,Línea divisoria pintada,Sin restricción
2018,7351,2018-05-28,Lunes,0,17:50:00,Ruta Provincial 92,0.0,1,Tractor,Batalla de Obligado ,1,0,0,0,0,1,0,"-33.1003,-61.32167",Ruta,92,LOS MOLINOS,Caseros,Asfalto,Natural,IV,Dentro,Urbana,Ninguna,No existe,Recta,Bueno,S/D,Diurna,S/D,S/D,S/D,Vuelco,Ninguna,Faltante,Línea divisoria pintada,Sin restricción
2018,7352,2018-04-26,Jueves,0,20:50:00,,0.0,2,"Transporte de Pasajeros,Automóvil",Av Blas Parera 9200,3,1,0,0,1,1,0,"-31.57514,-60.72851",Calle,,SANTA FE,La Capital,Asfalto,No existe,I,Dentro,Urbana,Ninguna,No existe,Recta,Bueno,S/D,Atardecer,S/D,S/D,S/D,Colisión,Ninguna,Faltante,Ninguna,Sin restricción
2018,7353,2018-05-28,Lunes,0,19:05:00,,0.0,2,"Moto/Ciclomotor,Moto/Ciclomotor", ,2,0,0,0,1,1,0,"-33.60028,-61.60789",S/D,,CHOVET,General López,S/D,S/D,VIII,S/D,S/D,S/D,S/D,S/D,S/D,S/D,Diurna,S/D,S/D,S/D,Colisión,S/D,S/D,S/D,S/D
2018,7354,2018-05-01,Martes,0,05:50:00,,0.0,2,"Moto/Ciclomotor,Automóvil",San lorenzo Y 9 de Julio,2,0,0,0,1,1,0,"-32.58464,-61.1676",Calle,,TOTORAS,Iriondo,Asfalto,No existe,X,Dentro,Urbana,Ninguna,No existe,Intersección,Bueno,Buena,"Nocturna,Con luz artificial",Buen Tiempo,Lateral,S/D,Colisión,Ninguna,Horizontal,Ninguna,Sin restricción
2018,7355,2018-07-01,Domingo,0,17:00:00,,0.0,2,"Moto/Ciclomotor,Moto/Ciclomotor",Estanislao Zeballos Y Pje Gregoria P de Denis,2,2,0,0,0,0,0,"-31.602225, -60.709535",Calle,,SANTA FE,La Capital,Asfalto,No existe,II,Dentro,Urbana,Ninguna,No existe,Intersección,Bueno,Buena,Atardecer,Buen Tiempo,De alcance,S/D,Colisión,Ninguna,Faltante,Ninguna,Sin restricción
2018,7356,2018-07-01,Domingo,0,13:10:00,,0.0,2,"Automóvil,Moto/Ciclomotor",Camilo Aldao Bis Y Pje. Minetti,5,3,0,0,2,0,0,"-32.927918, -60.696423",Calle,,ROSARIO,Rosario,Hormigón,No existe,II,Dentro,Urbana,Ninguna,No existe,Intersección,Bueno,Buena,Diurna,Buen Tiempo,Lateral,S/D,Colisión,Ninguna,Faltante,Ninguna,Sin restricción
2018,7357,2018-08-14,Martes,0,,,0.0,2,"Moto/Ciclomotor,Automóvil",Barcelona 150,3,2,0,0,1,0,0,"-31.249833333333,-61.469611111111",Calle,,RAFAELA,Castellanos,S/D,S/D,V,S/D,Urbana,S/D,S/D,Recta,S/D,S/D,S/D,S/D,S/D,S/D,Colisión,S/D,S/D,S/D,S/D
2018,7358,2018-10-16,Martes,0,20:30:00,,0.0,1,Moto/Ciclomotor,Bv. Balcarce Y Maipu,1,1,0,0,0,0,0,"-32.820361111111,-61.402527777778",Calle,,CAÑADA DE GÓMEZ,Iriondo,Asfalto,No existe,X,Dentro,Urbana,Ninguna,No existe,Intersección,Bueno,Buena,Nocturna,Buen Tiempo,Contra objeto fijo,S/D,Colisión,S/D,Faltante,Vegetación,Sin restricción
2018,7359,2018-08-14,Martes,0,,,0.0,2,"Moto/Ciclomotor,Pickup/Utilitario", ,2,1,0,0,1,0,0,"-31.44793, -60.93439",S/D,,ESPERANZA,Las Colonias,S/D,S/D,XI,S/D,S/D,S/D,S/D,S/D,S/D,S/D,S/D,S/D,S/D,S/D,Colisión,S/D,S/D,S/D,S/D
2018,7360,2018-08-26,Domingo,0,,,0.0,2,"Automóvil,Automóvil",Urquiza Y Bv Pte Peron,2,1,0,0,1,0,0,"-31.89213, -61.85529",Avenida,,SAN JORGE,San Martín,Asfalto,No existe,XVIII,Dentro,Urbana,S/D,S/D,Intersección,Bueno,S/D,S/D,S/D,Lateral,S/D,Colisión,S/D,S/D,S/D,Sin restricción
2018,7361,2018-10-16,Martes,0,13:00:00,Ruta Nacional 11,0.0,2,"Moto/Ciclomotor,Automóvil",RUTA PROVINCIAL 4  Y RUTA NACIONAL 11,2,1,0,0,1,0,0,"-31.28187, -60.75864",Ruta,11,NELSON,La Capital,Asfalto,Ripio,I,Dentro,Urbana,Ninguna,No existe,Intersección,Bueno,Buena,Diurna,Buen Tiempo,Lateral,S/D,Colisión,Ninguna,"Horizontal,Vertical",Línea divisoria pintada,Sin restricción
2018,7362,2018-08-14,Martes,0,,Ruta Nacional 11,0.0,2,"Automóvil,Pickup/Utilitario",Jose de San Martin Y Av L de la Torre-Ruta Nac 11,3,2,0,0,1,0,0,"-31.973,-60.92675",Ruta,11,CORONDA,San Jerónimo,S/D,S/D,XV,S/D,Urbana,S/D,S/D,Intersección,S/D,S/D,S/D,S/D,S/D,S/D,Colisión,S/D,S/D,S/D,S/D
2018,7363,2018-10-21,Domingo,0,19:30:00,Ruta Nacional 11,0.0,2,"Moto/Ciclomotor,Camión c / Semirremolque",RUTA NACIONAL 11 Y RUTA PROVINCIAL 4,2,0,1,0,1,0,0,"-31.28187, -60.75864",Ruta,11,NELSON,La Capital,Asfalto,Ripio,I,Dentro,Urbana,Ninguna,No existe,Intersección,Bueno,Buena,Atardecer,Buen Tiempo,Frontal,S/D,Colisión,Ninguna,"Horizontal,Vertical",Línea divisoria pintada,Sin restricción
2018,7364,2018-08-27,Lunes,0,,,0.0,2,"Moto/Ciclomotor,Automóvil",Dr Zavalla Y Vera,2,1,0,0,1,0,0,"-31.640916666667,-60.718694444444",Calle,,SANTA FE,La Capital,Asfalto,No existe,I,Dentro,Urbana,S/D,No existe,Intersección,S/D,S/D,S/D,S/D,Lateral,S/D,Colisión,Ninguna,S/D,Ninguna,Sin restricción
2018,7365,2018-10-27,Sabado,0,22:30:00,Ruta Nacional 11,516.0,2,"Automóvil,Automóvil", ,5,3,0,0,2,0,0,"-31.18378, -60.74249",Ruta,11,LLAMBI CAMPBELL,La Capital,Asfalto,Natural,I,Dentro,Rural,Marca Vial,No existe,Recta,Con baches,Buena,Nocturna,Buen Tiempo,De alcance,S/D,Colisión,Ninguna,Horizontal,Línea divisoria pintada,Sin restricción
2018,7366,2018-08-14,Martes,0,,Ruta Nacional 11,421.0,2,"Moto/Ciclomotor,Automóvil", ,2,0,1,0,1,0,0,"-31.97231, -60.92669",Ruta,11,CORONDA,San Jerónimo,S/D,S/D,XV,S/D,Urbana,S/D,S/D,S/D,S/D,S/D,S/D,S/D,S/D,S/D,Colisión,S/D,S/D,S/D,S/D
2018,7367,2018-08-27,Lunes,0,12:45:00,,0.0,1,Moto/Ciclomotor, ,1,1,0,0,0,0,0,"-33.04452, -61.16502",S/D,,CASILDA,Caseros,S/D,S/D,IV,S/D,S/D,S/D,S/D,Recta,S/D,S/D,Diurna,S/D,Contra objeto fijo,S/D,Colisión,S/D,S/D,S/D,Sin restricción
2018,7368,2018-08-27,Lunes,0,,,0.0,2,"Pickup/Utilitario,Moto/Ciclomotor", ,2,1,0,0,1,0,0,"-33.04452, -61.16502",S/D,,CASILDA,Caseros,S/D,S/D,IV,S/D,S/D,S/D,S/D,S/D,S/D,S/D,S/D,S/D,S/D,S/D,Colisión,S/D,S/D,S/D,S/D
2018,7369,2018-10-16,Martes,0,,,0.0,1,Automóvil,Av Blas Parera Y Vieytes,1,1,0,0,0,0,0,"-31.596944444444,-60.722583333333",Avenida,,SANTA FE,La Capital,Hormigón,No existe,I,Dentro,Urbana,Semáforo,Funciona,Intersección,Bueno,Buena,Diurna,Buen Tiempo,Lateral,S/D,Colisión,Ninguna,"Horizontal,Vertical",Cordón divisorio,Sin restricción
2018,7370,2018-10-16,Martes,0,,,0.0,2,"Automóvil,Moto/Ciclomotor",Av Blas Parera Y Reg 12 de Infanteria,2,1,0,0,1,0,0,"-31.591638888889,-60.724111111111",S/D,,SANTA FE,La Capital,S/D,S/D,I,S/D,S/D,S/D,S/D,S/D,S/D,S/D,S/D,S/D,S/D,S/D,S/D,S/D,S/D,S/D,S/D
2018,7371,2018-08-27,Lunes,0,,,0.0,2,"Bicicleta,Automóvil", ,2,1,0,0,1,0,0,"-31.44897, -60.93039",S/D,,ESPERANZA,Las Colonias,S/D,S/D,XI,S/D,S/D,S/D,S/D,S/D,S/D,S/D,S/D,S/D,S/D,S/D,Colisión,S/D,S/D,S/D,S/D
2018,7372,2018-10-16,Martes,0,11:10:00,,0.0,2,"Moto/Ciclomotor,Automóvil",Av A del Valle Y J P Lopez,2,1,0,0,1,0,0,"-31.608527777778,-60.693722222222",Calle,,SANTA FE,La Capital,Asfalto,No existe,I,S/D,Urbana,Ninguna,No existe,Intersección,Bueno,Buena,Diurna,Buen Tiempo,Lateral,S/D,Colisión,Ninguna,S/D,Ninguna,Sin restricción
2018,7373,2018-08-14,Martes,0,20:00:00,,0.0,2,"Moto/Ciclomotor,Pickup/Utilitario",San Luis Y Moreno,2,1,0,0,1,0,0,"-31.8939, -61.86139",Calle,,SAN JORGE,San Martín,S/D,S/D,XVIII,S/D,Urbana,S/D,S/D,Intersección,S/D,S/D,S/D,S/D,S/D,S/D,Colisión,S/D,S/D,S/D,S/D
2018,7374,2018-10-16,Martes,0,13:00:00,,0.0,2,"Automóvil,Moto/Ciclomotor",Av Blas Parera Y Lavaisse,2,0,0,0,0,0,2,"-31.607916666667,-60.719666666667",Avenida,,SANTA FE,La Capital,"Asfalto,Hormigón",No existe,I,Dentro,Urbana,Semáforo,Funciona,Intersección,Bueno,Buena,Diurna,Buen Tiempo,Lateral,S/D,Colisión,S/D,"Horizontal,Vertical","Cordón divisorio,Vegetación",Sin restricción
2018,7375,2018-08-14,Martes,0,,Ruta Provincial 3,0.0,1,Automóvil, ,1,1,0,0,0,0,0,"-28.9301, -60.13325",Ruta,3,GARABATO,Vera,S/D,S/D,XIX,S/D,Urbana,S/D,S/D,S/D,S/D,S/D,S/D,S/D,S/D,S/D,Vuelco,S/D,S/D,S/D,S/D
2018,7376,2018-10-16,Martes,0,11:00:00,,0.0,2,"Moto/Ciclomotor,Automóvil",Av Pte Peron Y Bv Pellegrini,2,1,0,0,1,0,0,"-31.632388888889,-60.717388888889",Avenida,,SANTA FE,La Capital,Asfalto,No existe,I,Dentro,Urbana,Ninguna,Funciona,Recta,Bueno,Buena,Diurna,Buen Tiempo,Otro,S/D,Colisión,Otro,Vertical,Ninguna,Sin restricción