anio_acci,nro_acci,fecha,desc_dia,fecha_aprox,hora_aprox,desc_ruta,km,cant_participantes,desc_participante,calle_avenida_km,total,heridos_leves,heridos_graves,heridos_gravisimos,ilesos,fallecidos,sin_datos,posicion_XY,desc_tipo_via,desc_ruta_ori,desc_loc,desc_dpto,desc_tipo_calzada,desc_tipo_banquina,desc_unidad_regional,desc_lugar_calzada,desc_zona,desc_prioridad,desc_estado_semaforo,desc_lugar_via,desc_estado_via,desc_estado_visibilidad,desc_luminosidad,desc_estado_clima,desc_tipo_colision,desc_tipo_atropello,desc_tipo_hecho,desc_pres_calzada,desc_senializacion,desc_separacion_via,desc_restriccion
2018,7377,2018-10-16,Martes,0,16:50:00,,0.0,2,"Transporte de Pasajeros Urbano (> 8 asientos),Automóvil",LAURENCIO MARADONA Y ACCESO UNL,17,1,0,0,16,0,0,"-31.639558469831, -60.663279800557",Calle,,SANTA FE,La Capital,Asfalto,No existe,I,Dentro,Urbana,Ninguna,Funciona,Recta,Con baches,Buena,Diurna,Buen Tiempo,De alcance,S/D,Colisión,Ninguna,Faltante,Línea divisoria pintada,Sin restricción
2018,7378,2018-10-16,Martes,0,22:00:00,,0.0,2,"Bicicleta,Automóvil",Moreno Y 9 de Julio,2,1,0,0,1,0,0,"-31.654333333333,-60.711611111111",Calle,,SANTA FE,La Capital,Asfalto,Pavimento,I,Dentro,Urbana,Ninguna,No existe,Intersección,Con baches,Buena,Nocturna,Buen Tiempo,Frontal,Ciclista,Atropello,Material Suelto,Vertical,Ninguna,Sin restricción
2018,7379,2018-06-30,Sabado,0,06:00:00,,0.0,2,"Automóvil,Moto/Ciclomotor",Av. Sorrento Y Bv. Rondeau,2,0,0,0,1,1,0,"-32.907104, -60.688621",Avenida,,ROSARIO,Rosario,Hormigón,No existe,II,Dentro,Urbana,Semáforo,Funciona,Intersección,Bueno,Buena,Amanecer,Buen Tiempo,S/D,S/D,Colisión,Ninguna,"Horizontal,Vertical","Cordón divisorio,Vegetación",Sin restricción
2018,7380,2018-07-01,Domingo,0,,,0.0,3,"Automóvil,Transporte de Pasajeros Urbano (> 8 asientos),Moto/Ciclomotor",Av. Provincias Unidas Bis Y French,4,2,0,0,2,0,0,"-32.921812, -60.713342",Avenida,,ROSARIO,Rosario,Hormigón,No existe,II,Dentro,Urbana,Paso Peatonal,No existe,Intersección,Bueno,Buena,S/D,Buen Tiempo,Múltiple,S/D,Colisión,Ninguna,Horizontal,Cordón divisorio,Sin restricción
2018,7381,2018-07-01,Domingo,0,,,0.0,2,"Automóvil,Moto/Ciclomotor",Roullon Y Bv. Segui,2,1,0,0,1,0,0,"-32.970709, -60.700988",Avenida,,ROSARIO,Rosario,Hormigón,No existe,II,Dentro,Urbana,Semáforo,Funciona,Intersección,Bueno,Buena,S/D,Buen Tiempo,S/D,S/D,Colisión,Ninguna,"Horizontal,Vertical",Cordón divisorio,Sin restricción
2018,7382,2018-07-01,Domingo,0,,Ruta Provincial 92,0.0,2,"Pickup/Utilitario,Automóvil",Buenos Aires Y Oncativo,3,3,0,0,0,0,0,"-33.060295, -61.194633",Ruta,92,CASILDA,Caseros,Asfalto,Natural,IV,Dentro,Urbana,Otra Señal,No existe,Intersección,Bueno,Buena,S/D,Buen Tiempo,S/D,S/D,Colisión,Ninguna,Horizontal,Línea divisoria pintada,Sin restricción
2018,7383,2018-04-06,Viernes,0,09:45:00,Ruta Nacional 11,0.0,2,"Moto/Ciclomotor,Automóvil", ,3,1,1,0,1,0,0,"-28.033868038148, -59.223946938092",Ruta,11,FLORENCIA,General Obligado,Asfalto,Pavimento,IX,Dentro,Urbana,Ninguna,No existe,Recta,Bueno,Buena,Diurna,Buen Tiempo,Lateral,S/D,Colisión,Ninguna,Faltante,Ninguna,Sin restricción
2018,7384,2018-07-02,Lunes,0,,,0.0,2,"Pickup/Utilitario,Moto/Ciclomotor", ,2,1,0,0,1,0,0,"-31.967918, -60.915368",S/D,,CORONDA,San Jerónimo,S/D,S/D,XV,S/D,S/D,S/D,S/D,S/D,S/D,S/D,S/D,S/D,S/D,S/D,Colisión,S/D,S/D,S/D,S/D
2018,7385,2018-08-15,Miercoles,0,10:30:00,Autopista Nacional A008,0.0,2,"Pickup/Utilitario,Camión",Av. Circunvalacion Y Bv. Avellaneda,4,3,0,0,1,0,0,"-33.000055555556,-60.689388888889",Autopista,A008,ROSARIO,Rosario,S/D,S/D,II,S/D,Urbana,S/D,S/D,Intersección,S/D,S/D,S/D,S/D,S/D,S/D,Colisión,S/D,S/D,S/D,S/D
2018,7386,2018-08-15,Miercoles,0,,,0.0,2,"Automóvil,Moto/Ciclomotor",Av. Arijon Y Melian,3,1,0,0,2,0,0,"-33.003333333333,-60.659805555556",Calle,,ROSARIO,Rosario,S/D,S/D,II,S/D,Urbana,S/D,S/D,Intersección,S/D,S/D,S/D,S/D,S/D,S/D,Colisión,S/D,S/D,S/D,S/D
2018,7387,2018-08-15,Miercoles,0,,,0.0,2,"Pickup/Utilitario,Pickup/Utilitario", ,2,1,0,0,1,0,0,"-31.400066544893, -61.082036378842",S/D,,HUMBOLDT,Las Colonias,S/D,S/D,XI,S/D,S/D,S/D,S/D,S/D,S/D,S/D,S/D,S/D,S/D,S/D,Colisión,S/D,S/D,S/D,S/D
2018,7388,2018-08-27,Lunes,0,,,0.0,2,"Automóvil,Moto/Ciclomotor", ,2,1,0,0,1,0,0,"-31.44897, -60.93039",S/D,,ESPERANZA,Las Colonias,S/D,S/D,XI,S/D,S/D,S/D,S/D,S/D,S/D,S/D,S/D,S/D,S/D,S/D,Colisión,S/D,S/D,S/D,S/D
2018,7389,2018-08-08,Miercoles,0,,,0.0,1,Moto/Ciclomotor, ,3,1,0,0,2,0,0,"-31.97322, -60.92271",S/D,,CORONDA,San Jerónimo,S/D,S/D,XV,S/D,S/D,S/D,S/D,S/D,S/D,S/D,S/D,S/D,S/D,S/D,Caída ocupante,S/D,S/D,S/D,S/D
2018,7390,2018-08-09,Jueves,0,19:50:00,,0.0,2,"Moto/Ciclomotor,Moto/Ciclomotor",Republica Argentina Y Santo Domingo,5,2,1,0,0,0,2,"-29.239805555556,-61.778972222222",Calle,,TOSTADO,9 de Julio,S/D,S/D,XII,S/D,Urbana,S/D,S/D,Intersección,S/D,S/D,S/D,S/D,S/D,S/D,Colisión,S/D,S/D,S/D,S/D
2018,7391,2018-08-28,Martes,0,09:15:00,,0.0,2,"Automóvil,Peatón",Marcos Paz Y Bolivia,2,1,0,0,1,0,0,"-32.939111111111,-60.713888888889",Calle,,ROSARIO,Rosario,Asfalto,No existe,II,Dentro,Urbana,S/D,S/D,Intersección,S/D,S/D,Diurna,S/D,S/D,S/D,Colisión,S/D,S/D,S/D,Sin restricción
2018,7392,2018-10-16,Martes,0,,,0.0,2,"Vehículo Oficial,Automóvil",San Juan Y Pueyrredon,4,1,0,0,3,0,0,"-32.946722222222,-60.658333333333",S/D,,ROSARIO,Rosario,S/D,S/D,II,S/D,S/D,S/D,S/D,S/D,S/D,S/D,S/D,S/D,S/D,S/D,S/D,S/D,S/D,S/D,S/D
2018,7393,2018-08-28,Martes,1,,Ruta Provincial 64,1.5,2,"Bicicleta,Pickup/Utilitario", ,2,0,1,0,1,0,0,"-31.96544, -60.94086",Ruta,64,CORONDA,San Jerónimo,Asfalto,Natural,XV,Dentro,Rural,S/D,No existe,Recta,S/D,S/D,S/D,S/D,S/D,Ciclista,Atropello,Ninguna,S/D,Ninguna,Sin restricción
2018,7394,2018-10-20,Sabado,0,22:00:00,,0.0,2,"Vehículo Oficial,Automóvil",Espa?a Y 9 De Julio,2,1,0,0,1,0,0,"-32.952333333333,-60.648361111111",Calle,,ROSARIO,Rosario,S/D,S/D,II,S/D,Urbana,S/D,Funciona,Intersección,S/D,S/D,Con luz artificial,S/D,S/D,S/D,Colisión,S/D,S/D,S/D,S/D
2018,7395,2018-08-29,Miercoles,0,,,0.0,2,"Bicicleta,Automóvil", ,2,1,0,0,1,0,0,"-33.04452, -61.16502",S/D,,CASILDA,Caseros,S/D,S/D,IV,S/D,S/D,S/D,S/D,S/D,S/D,S/D,S/D,S/D,S/D,Ciclista,Atropello,S/D,S/D,S/D,S/D
2018,7396,2018-10-27,Sabado,0,11:15:00,,0.0,2,"Moto/Ciclomotor,Taxi/Remis",Mendoza Y Solis,2,1,1,0,0,0,0,"-32.939944444444,-60.703361111111",Avenida,,ROSARIO,Rosario,Asfalto,No existe,II,Dentro,Urbana,Semáforo,Funciona,Intersección,Bueno,Buena,Diurna,Buen Tiempo,Lateral,S/D,Colisión,Ninguna,S/D,Cordón divisorio,Sin restricción
2018,7397,2018-08-29,Miercoles,0,,,0.0,2,"Bicicleta,Automóvil",San Juan Y Av San Martin,2,0,1,0,1,0,0,"-31.89887, -61.86033",Avenida,,SAN JORGE,San Martín,Asfalto,No existe,XVIII,Dentro,Urbana,Ninguna,S/D,Intersección,S/D,S/D,S/D,S/D,S/D,Ciclista,Atropello,Ninguna,S/D,S/D,S/D
2018,7398,2018-10-21,Domingo,0,17:20:00,,0.0,2,"Peatón,Moto/Ciclomotor",Cafferata Y Callejon Mendez,2,1,1,0,0,0,0,"-31.576222222222,-60.73425",Calle,,SANTA FE,La Capital,Asfalto,No existe,I,S/D,Urbana,Ninguna,No existe,Intersección,Con baches,Buena,Diurna,Buen Tiempo,Frontal,Peatón,Atropello,Ninguna,Faltante,Ninguna,Sin restricción
2018,7399,2018-10-23,Martes,0,22:30:00,,0.0,2,"Moto/Ciclomotor,Moto/Ciclomotor",Cafferata Y Callejon Mendez,2,2,0,0,0,0,0,"-31.576222222222,-60.73425",Calle,,SANTA FE,La Capital,Asfalto,No existe,I,S/D,Urbana,Ninguna,No existe,Intersección,Con baches,Reducida,Nocturna,Buen Tiempo,Frontal,S/D,Colisión,Ninguna,Faltante,Ninguna,Sin restricción
2018,7400,2018-10-22,Lunes,0,11:50:00,,0.0,2,"Peatón,Pickup/Utilitario",Javier de la Rosa Y San Jeronimo,2,1,0,0,1,0,0,"-31.598805555556,-60.694",S/D,,SANTA FE,La Capital,"Tierra,Ripio",Natural,I,Dentro,Urbana,S/D,No existe,Intersección,"Con baches,Deteriorada",Buena,Diurna,Buen Tiempo,Lateral,Peatón,Atropello,Ninguna,Faltante,S/D,S/D
2018,7401,2018-10-02,Martes,0,15:00:00,,0.0,2,"Moto/Ciclomotor,Bicicleta",Tucuman Y Balcarce,2,1,0,0,1,0,0,"-32.939305555556,-60.650777777778",Calle,,ROSARIO,Rosario,Asfalto,S/D,II,S/D,Urbana,S/D,S/D,Intersección,S/D,S/D,Diurna,S/D,S/D,Ciclista,Atropello,S/D,S/D,S/D,S/D
2018,7402,2018-10-23,Martes,0,11:30:00,,0.0,2,"Automóvil,Moto/Ciclomotor",Padre Genesio Y Av Facundo Zuviria,2,1,0,0,1,0,0,"-31.59825,-60.70075",Avenida,,SANTA FE,La Capital,Asfalto,Pavimento,I,Dentro,Urbana,S/D,No existe,Intersección,Bueno,Buena,Diurna,Buen Tiempo,Lateral,S/D,Colisión,S/D,Faltante,S/D,S/D
2018,7403,2018-10-02,Martes,0,10:45:00,,0.0,2,"Bicicleta,Transporte de Pasajeros Urbano (> 8 asientos)",Virasoro Y Espa?a,2,0,1,0,1,0,0,"-32.968416666667,-60.652416666667",Calle,,ROSARIO,Rosario,S/D,S/D,II,S/D,Urbana,S/D,S/D,Intersección,S/D,S/D,Diurna,S/D,S/D,Ciclista,Atropello,S/D,S/D,S/D,S/D
2018,7404,2018-10-02,Martes,0,17:15:00,,0.0,2,"Automóvil,Transporte de Pasajeros Urbano (> 8 asientos)",Mitre Y E.Zeballos,4,3,0,0,1,0,0,"-32.95475,-60.641722222222",Calle,,ROSARIO,Rosario,S/D,S/D,II,S/D,Urbana,S/D,S/D,Intersección,S/D,S/D,Diurna,S/D,S/D,S/D,Colisión,S/D,S/D,S/D,S/D
2018,7406,2018-06-10,Domingo,0,02:00:00,Ruta Provincial 91,8.0,1,Pickup/Utilitario, ,3,2,0,0,0,1,0,"-32.60913,-61.03368",Ruta,91,SERODINO,Iriondo,Asfalto,Natural,X,Dentro,Rural,Marca Vial,No existe,Curva,Bueno,Buena,Nocturna,Buen Tiempo,S/D,S/D,Despiste,Ninguna,Horizontal,Línea divisoria pintada,Sin restricción
2018,7407,2018-06-15,Viernes,0,20:50:00,Ruta Provincial 6,0.0,2,"Automóvil,Peatón",Ruta Prov 4 ,3,0,0,0,2,1,0,"-31.26209,-60.84953",Ruta,6,NELSON,La Capital,Asfalto,Natural,I,Dentro,Rural,Ninguna,No existe,Cruce,Bueno,S/D,Nocturna,S/D,S/D,Peatón,Atropello,Ninguna,Horizontal,Línea divisoria pintada,Sin restricción
2018,7408,2018-02-17,Sabado,0,05:00:00,,0.0,1,Moto/Ciclomotor,Tierra del Fuego ,2,1,0,0,0,1,0,"-32.84926, -60.70187",S/D,,GRANADERO BAIGORRIA,Rosario,S/D,S/D,II,S/D,S/D,S/D,S/D,S/D,S/D,S/D,Nocturna,S/D,S/D,S/D,Caída ocupante,S/D,S/D,S/D,S/D
2018,7409,2018-07-02,Lunes,0,,Ruta Secundaria 49-s,0.0,2,"Automóvil,Moto/Ciclomotor",Bartolome Mitre Y Av J Ortiz,2,1,0,0,1,0,0,"-31.895940, -61.860780",Ruta,49-s,SAN JORGE,San Martín,Hormigón,No existe,XVIII,Dentro,Urbana,Paso Peatonal,No existe,Intersección,Deteriorada,Buena,S/D,Buen Tiempo,S/D,S/D,Colisión,Ninguna,Horizontal,"Cordón divisorio,Vegetación,Línea divisoria pintada",Sin restricción
2018,7410,2018-02-13,Martes,0,07:33:00,,0.0,1,Moto/Ciclomotor,Necochea 7000,1,0,0,0,0,1,0,"-31.606027777778,-60.684555555556",Calle,,SANTA FE,La Capital,Asfalto,No existe,I,Dentro,Urbana,Ninguna,No existe,Recta,Bueno,S/D,Diurna,S/D,Contra objeto fijo,S/D,Colisión,Ninguna,Faltante,Ninguna,Sin restricción
2018,7411,2018-07-02,Lunes,0,10:30:00,,0.0,2,"Pickup/Utilitario,Moto/Ciclomotor", ,2,1,0,0,1,0,0,"-29.051633, -60.415270",S/D,,FORTÍN OLMOS,Vera,S/D,S/D,XIX,S/D,S/D,S/D,S/D,S/D,S/D,S/D,S/D,S/D,S/D,S/D,Colisión,S/D,S/D,S/D,S/D
2018,7412,2018-07-03,Martes,0,15:35:00,,0.0,1,Moto/Ciclomotor,Mitre 4600,2,2,0,0,0,0,0,"-32.991882, -60.650743",Calle,,ROSARIO,Rosario,Asfalto,No existe,II,Dentro,Urbana,Ninguna,No existe,Recta,Bueno,Buena,Diurna,Buen Tiempo,Contra objeto fijo,S/D,Colisión,Ninguna,Faltante,Ninguna,Sin restricción
2018,7414,2018-06-14,Jueves,0,05:20:00,Autopista Nacional A008,0.0,2,"Moto/Ciclomotor,Camión c / Semirremolque",Av. Uriburu Y Av. Circunvalacion,2,0,0,0,1,1,0,"-32.99226,-60.70175",Autopista,A008,ROSARIO,Rosario,Asfalto,No existe,II,Dentro,Urbana,Ninguna,No existe,Recta,Bueno,Reducida,Nocturna,Niebla,De alcance,S/D,Colisión,Ninguna,Faltante,Guardarrail,Sin restricción
2018,7415,2018-07-04,Miercoles,0,,,0.0,2,"Bicicleta,Automóvil",Beruggi Bv Y San Lorenzo,2,1,0,0,1,0,0,"-33.017741, -60.882936",Avenida,,ZAVALLA,Rosario,Asfalto,No existe,III,Dentro,Urbana,Ninguna,No existe,Intersección,Bueno,Buena,Diurna,Buen Tiempo,S/D,Ciclista,Atropello,Ninguna,Faltante,Ninguna,Sin restricción
2018,7416,2018-06-18,Lunes,0,07:30:00,Ruta Nacional 11,512.0,2,"Bicicleta,Pickup/Utilitario", ,2,0,0,0,1,1,0,"-31.24741,-60.7545",Ruta,11,NELSON,La Capital,Asfalto,Natural,I,Dentro,Rural,Ninguna,No existe,Recta,Bueno,Buena,Amanecer,Buen Tiempo,S/D,Ciclista,Atropello,Ninguna,S/D,Línea divisoria pintada,Sin restricción
2018,7417,2018-07-04,Miercoles,0,07:00:00,,0.0,2,"Bicicleta,Automóvil",Espa?a Y Boulevard Lisandro de la Torre,2,1,0,0,1,0,0,"-33.046271, -61.167466",Avenida,,CASILDA,Caseros,Hormigón,No existe,IV,Dentro,Urbana,Paso Peatonal,No existe,Intersección,Bueno,Buena,Amanecer,Buen Tiempo,S/D,Ciclista,Atropello,Ninguna,Horizontal,"Cordón divisorio,Vegetación",Sin restricción
2018,7418,2018-06-17,Domingo,0,15:15:00,Autopista Nacional A012,0.0,2,"Camión c / Acoplado,Automóvil",Ruta Nac 33 ,5,1,0,0,1,3,0,"-33.02122,-60.90545",Autopista,A012,ZAVALLA,Rosario,Asfalto,Ripio,II,Dentro,Rural,Ninguna,No existe,Recta,Bueno,Buena,Diurna,Buen Tiempo,Frontal,S/D,Colisión,Ninguna,Vertical,Línea divisoria pintada,Sin restricción
2018,7419,2018-07-04,Miercoles,0,,,0.0,2,"Automóvil,Moto/Ciclomotor", ,2,1,0,0,1,0,0,"-31.450256, -60.936673",S/D,,ESPERANZA,Las Colonias,S/D,S/D,XI,S/D,S/D,S/D,S/D,S/D,S/D,S/D,S/D,S/D,S/D,S/D,Colisión,S/D,S/D,S/D,S/D
2018,7420,2018-06-24,Domingo,0,20:30:00,,0.0,2,"Moto/Ciclomotor,Automóvil",Bv Lisandro de la Torre Y Sarmiento,6,1,0,0,4,1,0,"-31.90224,-61.85997",Calle,,SAN JORGE,San Martín,Asfalto,Pavimento,XVIII,Dentro,Urbana,Ninguna,No existe,Intersección,Bueno,Buena,"Nocturna,Con luz artificial",Buen Tiempo,Lateral,S/D,Colisión,Ninguna,Horizontal,Ninguna,Sin restricción
2018,7421,2018-06-23,Sabado,0,07:00:00,,0.0,2,"Automóvil,Moto/Ciclomotor",Av Filipini Y Bv San diego,2,0,0,0,1,1,0,"-33.01944,-60.6365",Calle,,VILLA GOBERNADOR GÁLVEZ,Rosario,Asfalto,No existe,II,Dentro,Urbana,Semáforo,Funciona,Intersección,Bueno,Buena,Amanecer,Buen Tiempo,Lateral,S/D,Colisión,Ninguna,Vertical,Ninguna,Sin restricción
2018,7422,2018-06-21,Jueves,0,13:10:00,Ruta Nacional 11,0.0,2,"Moto/Ciclomotor,Camión",Villaguay ,2,0,0,0,1,1,0,"-32.56761,-60.85364",Ruta,11,OLIVEROS,Iriondo,"Asfalto,Tierra",No existe,X,Dentro,Urbana,Ninguna,No existe,Recta,Bueno,Buena,Diurna,Buen Tiempo,S/D,S/D,Colisión,Ninguna,Faltante,Ninguna,Sin restricción
2018,7423,2018-06-30,Sabado,0,01:00:00,Ruta Nacional 11,570.0,2,"Pickup/Utilitario,Moto/Ciclomotor", ,2,0,0,0,1,1,0,"-30.76683,-60.57005",Ruta,11,SAN JUSTO,San Justo,Asfalto,Ripio,XVI,Dentro,Rural,Marca Vial,No existe,Curva,Bueno,Reducida,Nocturna,Niebla,S/D,S/D,Colisión,Ninguna,Vertical,Línea divisoria pintada,Sin restricción
2018,7424,2018-06-09,Sabado,0,03:00:00,,0.0,2,"Moto/Ciclomotor,Taxi/Remis",Balcarce Y J Macia,3,2,0,0,0,1,0,"-31.67818,-60.75894",Calle,,SANTO TOMÉ,La Capital,Asfalto,S/D,I,Dentro,Urbana,Marca Vial,No existe,Intersección,Bueno,Buena,"Nocturna,Con luz artificial",Buen Tiempo,De alcance,S/D,Colisión,Ninguna,Horizontal,S/D,Sin restricción
2018,7425,2018-06-24,Domingo,0,04:10:00,Ruta Nacional 11,0.0,1,Moto/Ciclomotor,Julian Cervera Y Av San Martin,1,0,0,0,0,1,0,"-32.76099,-60.73258",Ruta,11,SAN LORENZO,San Lorenzo,Asfalto,No existe,XVII,Dentro,Urbana,Ninguna,No existe,Recta,S/D,S/D,Nocturna,S/D,S/D,S/D,Caída ocupante,S/D,Vertical,Ninguna,Sin restricción
2018,7426,2018-07-30,Lunes,0,04:45:00,,0.0,1,Vehículo Oficial, ,1,1,0,0,0,0,0,"-31.650423109531403,-61.75166934728",Camino Rural,,MARÍA JUANA,Castellanos,Tierra,S/D,V,Fuera,Rural,S/D,S/D,Recta,Deteriorada,S/D,S/D,S/D,S/D,S/D,Vuelco,S/D,Faltante,S/D,Sin restricción
2018,7427,2018-06-15,Viernes,0,15:30:00,Ruta Provincial 39,0.0,1,Pickup/Utilitario, ,1,0,0,0,0,1,0,"-30.25409,-61.18861",Ruta,39,SAN CRISTÓBAL,San Cristóbal,Ripio,Natural,XIII,Dentro,Rural,Ninguna,No existe,Recta,Bueno,Buena,Diurna,Buen Tiempo,Contra objeto fijo,S/D,Colisión,Ninguna,Faltante,Ninguna,Sin restricción
2018,7428,2018-06-17,Domingo,0,23:00:00,Autopista Nacional Gral. Juan Jose Valle,274.0,2,"Pickup/Utilitario,Peatón", ,4,0,0,0,2,2,0,"-33.12431,-60.58368",Autopista,Gral. Juan José Valle,GENERAL LAGOS,Rosario,Asfalto,Natural,II,Dentro,Rural,Ninguna,No existe,Recta,Bueno,Reducida,Nocturna,Buen Tiempo,S/D,Peatón,Atropello,Ninguna,Faltante,Vegetación,Sin restricción
2018,7429,2018-07-30,Lunes,0,08:40:00,,0.0,2,"Automóvil,Moto/Ciclomotor",Juan B Justo Y Francisco Peretti,2,1,0,0,1,0,0,"-31.257055555556,-61.507694444444",Calle,,RAFAELA,Castellanos,Hormigón,No existe,V,Dentro,Urbana,Ninguna,No existe,Intersección,Bueno,Buena,Diurna,Buen Tiempo,Lateral,S/D,Colisión,Ninguna,Faltante,S/D,Sin restricción
2018,7430,2018-07-30,Lunes,0,,,0.0,1,Otros,Chacabuco Y FRAY LUIS BELTRÁN,1,1,0,0,0,0,0,"-33.049361111111,-61.179805555556",Calle,,CASILDA,Caseros,Asfalto,S/D,IV,Dentro,Urbana,S/D,S/D,Recta,Bueno,S/D,S/D,S/D,Atropello animal,S/D,Colisión,S/D,S/D,Ninguna,S/D
2018,7431,2018-08-30,Jueves,0,08:30:00,,0.0,2,"Moto/Ciclomotor,Automóvil",Bv. Segui Y Callao,2,1,0,0,1,0,0,"-32.97522, -60.66831",Avenida,,ROSARIO,Rosario,Asfalto,No existe,II,S/D,Urbana,Ninguna,S/D,Intersección,S/D,S/D,Diurna,S/D,S/D,S/D,Colisión,S/D,S/D,S/D,Sin restricción
2018,7432,2018-10-23,Martes,0,09:40:00,Ruta Secundaria 65-s,3.0,1,Moto/Ciclomotor, ,1,1,0,0,0,0,0,"-32.35337, -60.94373",Ruta,65-s,MONJE,San Jerónimo,Asfalto,Natural,XV,Dentro,Rural,Ninguna,No existe,Recta,Bueno,Buena,Diurna,Buen Tiempo,S/D,S/D,Despiste,Ninguna,Faltante,Línea divisoria pintada,Sin restricción
2018,7433,2018-10-02,Martes,0,22:00:00,,0.0,1,Moto/Ciclomotor,Limite de Propiedad ,1,1,0,0,0,0,0,"-33.008535435709, -60.752510309359",Camino Rural,,SOLDINI,Rosario,Tierra,Natural,II,S/D,Rural,Ninguna,No existe,Otro,Con baches,S/D,Nocturna,Buen Tiempo,Atropello animal,S/D,Caída ocupante,Ninguna,S/D,Ninguna,Sin restricción
2018,7434,2018-10-02,Martes,0,19:30:00,,0.0,2,"Automóvil,Bicicleta",Goyena Y Mont Cenis,2,2,0,0,0,0,0,"-32.876583333333,-60.699166666667",Calle,,ROSARIO,Rosario,Asfalto,No existe,II,Dentro,Urbana,Ninguna,No existe,Intersección,Bueno,Buena,Atardecer,Buen Tiempo,S/D,Ciclista,Atropello,Ninguna,Faltante,Ninguna,Sin restricción
2018,7435,2018-10-31,Miercoles,0,18:45:00,,0.0,2,"Pickup/Utilitario,Moto/Ciclomotor",Dr Rovere Y Centenario,2,1,0,0,1,0,0,"-32.07826, -60.97621",Calle,,AROCENA,San Jerónimo,Ripio,Ripio,XV,Dentro,Urbana,Ninguna,No existe,Intersección,Bueno,Buena,Diurna,Buen Tiempo,Lateral,S/D,Colisión,Otro,Faltante,Ninguna,Sin restricción
2018,7436,2018-10-02,Martes,0,12:30:00,,0.0,2,"Moto/Ciclomotor,Automóvil",San Martin Y Cabildo,2,1,0,0,1,0,0,"-33.007388888889,-60.650222222222",Avenida,,ROSARIO,Rosario,Asfalto,No existe,II,Dentro,Urbana,Ninguna,No existe,Intersección,Bueno,Buena,Diurna,Buen Tiempo,Lateral,S/D,Colisión,Ninguna,Faltante,Ninguna,Sin restricción
2018,7437,2018-08-30,Jueves,0,14:30:00,,0.0,2,"Moto/Ciclomotor,Moto/Ciclomotor",Las Heras Y Sarmiento,2,1,0,0,0,0,1,"-32.471222222222,-61.574833333333",Calle,,LAS ROSAS,Belgrano,Asfalto,No existe,III,Dentro,Urbana,S/D,No existe,Intersección,S/D,S/D,Diurna,S/D,Lateral,S/D,Colisión,S/D,S/D,Ninguna,S/D
2018,7438,2018-10-22,Lunes,0,06:30:00,Autopista Provincial Brigadier E.López,101.0,1,Pickup/Utilitario, ,1,1,0,0,0,0,0,"-32.0793, -60.99363",Autopista,Brigadier E.López,AROCENA,San Jerónimo,Asfalto,Natural,XV,Fuera,Rural,Marca Vial,No existe,Recta,Bueno,Buena,"Amanecer,Con luz artificial",Buen Tiempo,Contra objeto fijo,S/D,Colisión,Ninguna,Horizontal,Línea divisoria pintada,Reparación de Vía
2018,7439,2018-10-02,Martes,0,16:15:00,,0.0,2,"Moto/Ciclomotor,Bicicleta",Av. Ovidio Lagos A 5800,2,1,1,0,0,0,0,"-33.004805555556,-60.676388888889",Calle,,ROSARIO,Rosario,Asfalto,S/D,II,S/D,Urbana,S/D,S/D,Recta,S/D,Buena,Diurna,Buen Tiempo,S/D,Ciclista,Atropello,S/D,S/D,S/D,S/D
2018,7440,2018-10-02,Martes,0,17:30:00,,0.0,2,"Moto/Ciclomotor,Automóvil",Fragata Sarmiento Y Crespo C,2,1,0,0,1,0,0,"-32.987444444444,-60.679972222222",Calle,,ROSARIO,Rosario,Asfalto,No existe,II,Dentro,Urbana,S/D,S/D,Intersección,S/D,Buena,Diurna,Buen Tiempo,S/D,S/D,Colisión,S/D,S/D,S/D,S/D
2018,7441,2018-08-01,Miercoles,0,,Ruta Nacional 11,0.0,2,"Moto/Ciclomotor,Automóvil",Juan de Garay Y Quiroga,2,1,0,0,1,0,0,"-31.492094557380, -60.732325643213",Ruta,11,RECREO,La Capital,S/D,S/D,I,S/D,Urbana,S/D,S/D,Intersección,S/D,S/D,S/D,S/D,S/D,S/D,Colisión,S/D,S/D,S/D,S/D
2018,7442,2018-08-03,Viernes,0,,,0.0,1,Moto/Ciclomotor,Bv. Balcarce Y Schnaur,1,1,0,0,0,0,0,"-32.821833333333,-61.394444444444",Calle,,CAÑADA DE GÓMEZ,Iriondo,S/D,S/D,X,S/D,Urbana,S/D,S/D,Intersección,S/D,S/D,S/D,S/D,Contra objeto fijo,S/D,Colisión,S/D,S/D,S/D,S/D
2018,7443,2018-08-05,Domingo,0,17:10:00,,0.0,2,"Moto/Ciclomotor,Automóvil",Casey Y Carlos Pellegrini,3,0,1,0,2,0,0,"-33.750638888889,-61.964694444444",Calle,,VENADO TUERTO,General López,S/D,S/D,VIII,S/D,Urbana,S/D,S/D,Intersección,S/D,S/D,S/D,S/D,S/D,S/D,Colisión,S/D,S/D,S/D,S/D
2018,7444,2018-10-02,Martes,0,08:30:00,Ruta Nacional A012,0.0,2,"Automóvil,Automóvil", ,3,1,0,0,2,0,0,"-33.089732090177, -60.702338178934",Ruta,A012,LOS MUCHACHOS,Rosario,Asfalto,S/D,II,Dentro,Rural,Semáforo,Intermitente,Cruce,Bueno,Buena,S/D,S/D,Lateral,S/D,Colisión,Ninguna,"Horizontal,Vertical",Cordón divisorio,Sin restricción
2018,7446,2018-10-17,Miercoles,0,09:20:00,,0.0,2,"Moto/Ciclomotor,Automóvil",Juan de Garay Y San Lorenzo,2,1,0,0,0,0,1,"-31.650638888889,-60.718666666667",Calle,,SANTA FE,La Capital,Asfalto,No existe,I,Dentro,Urbana,Ninguna,No existe,Intersección,Bueno,Buena,Diurna,Buen Tiempo,Lateral,S/D,Colisión,Ninguna,Faltante,Ninguna,Sin restricción