anio_acci,nro_acci,fecha,desc_dia,fecha_aprox,hora_aprox,desc_ruta,km,cant_participantes,desc_participante,calle_avenida_km,total,heridos_leves,heridos_graves,heridos_gravisimos,ilesos,fallecidos,sin_datos,posicion_XY,desc_tipo_via,desc_ruta_ori,desc_loc,desc_dpto,desc_tipo_calzada,desc_tipo_banquina,desc_unidad_regional,desc_lugar_calzada,desc_zona,desc_prioridad,desc_estado_semaforo,desc_lugar_via,desc_estado_via,desc_estado_visibilidad,desc_luminosidad,desc_estado_clima,desc_tipo_colision,desc_tipo_atropello,desc_tipo_hecho,desc_pres_calzada,desc_senializacion,desc_separacion_via,desc_restriccion
2018,7447,2018-08-29,Miercoles,0,02:35:00,,0.0,1,Moto/Ciclomotor, ,1,0,1,0,0,0,0,"-29.45931, -60.21492",Calle,,VERA,Vera,S/D,S/D,XIX,S/D,S/D,Ninguna,S/D,Recta,S/D,S/D,Nocturna,S/D,S/D,S/D,Caída ocupante,Ninguna,S/D,S/D,Sin restricción
2018,7448,2018-10-02,Martes,0,14:40:00,Ruta Nacional 9,0.0,2,"Automóvil,Automóvil",Ruta Nacional 9 Y Los Pumas,2,2,0,0,0,0,0,"-32.923048453884, -60.799792757987",Ruta,9,FUNES,Rosario,Asfalto,Natural,II,Dentro,Urbana,S/D,S/D,Intersección,Bueno,Buena,Diurna,Buen Tiempo,S/D,S/D,Colisión,Ninguna,S/D,S/D,Sin restricción
2018,7449,2018-08-05,Domingo,0,,,0.0,2,"Automóvil,Moto/Ciclomotor",Bv G L Lhemann Y Simon Bolivar,2,0,1,0,1,0,0,"-31.249916666667,-61.491194444444",Calle,,RAFAELA,Castellanos,S/D,S/D,V,S/D,Urbana,S/D,S/D,Intersección,S/D,S/D,S/D,S/D,S/D,S/D,Colisión,S/D,S/D,S/D,S/D
2018,7450,2018-10-17,Miercoles,0,20:30:00,,0.0,2,"Pickup/Utilitario,Moto/Ciclomotor",Iturraspe Y Av Urquiza,2,0,1,0,0,0,1,"-31.627722222222,-60.708",Calle,,SANTA FE,La Capital,"Asfalto,Hormigón",No existe,I,Dentro,Urbana,Otra Señal,No existe,Intersección,Bueno,Reducida,Nocturna,Buen Tiempo,Lateral,S/D,Colisión,S/D,Faltante,"Cordón divisorio,Línea divisoria pintada",Sin restricción
2018,7451,2018-08-31,Viernes,0,,,0.0,2,"Moto/Ciclomotor,Automóvil",Pje Marcos Sastre Y Av Blas Parera,2,0,1,0,1,0,0,"-31.608444444444,-60.719277777778",Avenida,,SANTA FE,La Capital,Asfalto,No existe,I,Dentro,Urbana,Ninguna,S/D,Intersección,S/D,S/D,S/D,S/D,Lateral,S/D,Colisión,Ninguna,S/D,S/D,Sin restricción
2018,7452,2018-10-02,Martes,0,18:20:00,Ruta Nacional 9,0.0,2,"Moto/Ciclomotor,Peatón",Ruta Nacional 9 Y Las Camelias,2,2,0,0,0,0,0,"-32.923203496711, -60.796532254820",Ruta,9,FUNES,Rosario,Asfalto,Natural,II,Dentro,Urbana,S/D,S/D,Intersección,Bueno,Buena,Diurna,Buen Tiempo,S/D,Peatón,Atropello,Ninguna,S/D,S/D,Sin restricción
2018,7453,2018-08-06,Lunes,0,,Ruta Nacional 19,78.0,1,Automóvil, ,1,1,0,0,0,0,0,"-31.53838, -61.49338",Ruta,19,ANGÉLICA,Castellanos,S/D,S/D,V,S/D,Urbana,S/D,S/D,Recta,S/D,S/D,S/D,S/D,S/D,S/D,"Vuelco,Despiste",S/D,S/D,S/D,S/D
2018,7454,2018-10-02,Martes,0,11:18:00,Ruta Provincial 4,23.0,1,Automóvil, ,1,0,1,0,0,0,0,"-31.23427, -60.91419",Ruta,4,CULULÚ,Las Colonias,Asfalto,Natural,XI,Fuera,Rural,Ninguna,No existe,Recta,Bueno,Buena,Diurna,Buen Tiempo,S/D,S/D,"Vuelco,Despiste",Ninguna,Horizontal,Línea divisoria pintada,Sin restricción
2018,7455,2018-10-02,Martes,0,11:20:00,,0.0,2,"Moto/Ciclomotor,Automóvil",Av Cordoba Y Lavalle,2,1,0,0,1,0,0,"-31.448055555556,-60.934111111111",Calle,,ESPERANZA,Las Colonias,S/D,S/D,XI,Dentro,Urbana,Ninguna,No existe,Intersección,S/D,Buena,Diurna,Buen Tiempo,Lateral,S/D,Colisión,S/D,S/D,Cordón divisorio,Sin restricción
2018,7456,2018-10-17,Miercoles,0,16:45:00,,0.0,2,"Automóvil,Moto/Ciclomotor",Fray C Rodriguez 3600,2,0,0,0,0,0,2,"-31.61864, -60.71362",Calle,,SANTA FE,La Capital,Asfalto,No existe,I,Dentro,Urbana,Semáforo,Funciona,Recta,Bueno,Buena,Diurna,Buen Tiempo,Lateral,S/D,Colisión,S/D,"Horizontal,Vertical","Cordón divisorio,Vegetación",Sin restricción
2018,7457,2018-08-31,Viernes,0,22:25:00,Autopista Nacional A008,0.0,2,"Moto/Ciclomotor,Automóvil",Av. Circunvalacion Y Av. Uriburu,2,1,0,0,1,0,0,"-32.991944444444,-60.69775",Autopista,A008,ROSARIO,Rosario,Asfalto,No existe,II,Dentro,Urbana,Ninguna,S/D,Intersección,Bueno,S/D,Nocturna,S/D,Lateral,S/D,Colisión,S/D,S/D,S/D,Sin restricción
2018,7458,2018-10-17,Miercoles,0,21:20:00,,0.0,3,"Bicicleta,Automóvil,Automóvil",Candioti Y Martin Zapata,3,1,0,0,2,0,0,"-31.621666666667,-60.690916666667",Calle,,SANTA FE,La Capital,Asfalto,No existe,I,Dentro,Urbana,Ninguna,No existe,Recta,Bueno,Reducida,Nocturna,Buen Tiempo,De alcance,Ciclista,Atropello,Ninguna,S/D,Ninguna,Sin restricción
2018,7459,2018-10-02,Martes,0,18:10:00,,0.0,2,"Bicicleta,Moto/Ciclomotor",Las Heras Y GÁLVEZ,3,2,0,0,1,0,0,"-32.894131614360, -60.904453077174",Calle,,ROLDÁN,San Lorenzo,Asfalto,No existe,XVII,Dentro,S/D,Ninguna,No existe,Intersección,Bueno,Buena,Diurna,Buen Tiempo,S/D,Ciclista,Atropello,Ninguna,Faltante,Ninguna,Sin restricción
2018,7460,2018-08-30,Jueves,0,09:30:00,,0.0,2,"Moto/Ciclomotor,Pickup/Utilitario",Calle 39-41 Y Calle 44-27 de Abril,2,1,0,0,1,0,0,"-29.155527777778,-59.664055555556",Calle,,RECONQUISTA,General Obligado,S/D,No existe,IX,Dentro,Urbana,S/D,S/D,Intersección,S/D,S/D,Diurna,S/D,Frontal,S/D,Colisión,Ninguna,S/D,S/D,Sin restricción
2018,7461,2018-10-17,Miercoles,0,10:30:00,,0.0,2,"Automóvil,Moto/Ciclomotor",Tacuari Y Cardenal Fasolino,2,1,0,0,1,0,0,"-31.605027777778,-60.674833333333",Calle,,SANTA FE,La Capital,Asfalto,No existe,I,Dentro,Urbana,Ninguna,No existe,Intersección,Bueno,Buena,Diurna,Otro,S/D,S/D,Colisión,Ninguna,Faltante,Ninguna,Sin restricción
2018,7462,2018-10-02,Martes,0,17:45:00,,0.0,2,"Pickup/Utilitario,Moto/Ciclomotor",Congreso 1100,3,1,0,0,2,0,0,"-32.761555555556,-60.741666666667",Calle,,SAN LORENZO,San Lorenzo,S/D,S/D,XVII,S/D,Urbana,S/D,S/D,S/D,S/D,S/D,S/D,S/D,S/D,S/D,Colisión,S/D,S/D,S/D,S/D
2018,7463,2018-10-17,Miercoles,0,22:00:00,,0.0,2,"Moto/Ciclomotor,Automóvil",Mariano Candioti Y 12 de septiembre,3,1,0,0,1,0,1,"-31.682444444444,-60.757444444444",Avenida,,SANTO TOMÉ,La Capital,Asfalto,No existe,I,Dentro,Urbana,Ninguna,No existe,Recta,Bueno,Buena,Nocturna,Buen Tiempo,De alcance,S/D,Colisión,Ninguna,Faltante,Ninguna,Sin restricción
2018,7464,2018-10-02,Martes,0,22:10:00,,0.0,2,"Pickup/Utilitario,Moto/Ciclomotor",Calle 21 Y Calle 8,2,1,0,0,1,0,0,"-29.122694444444,-59.661944444444",Calle,,AVELLANEDA,General Obligado,Asfalto,S/D,IX,S/D,Urbana,S/D,S/D,Intersección,S/D,S/D,S/D,S/D,Lateral,S/D,Colisión,S/D,S/D,S/D,S/D
2018,7465,2018-07-05,Jueves,0,09:00:00,,0.0,2,"Moto/Ciclomotor,Automóvil",Riobamba 8659,3,2,0,0,1,0,0,"-31.598138888889,-60.665111111111",Calle,,SANTA FE,La Capital,Hormigón,No existe,I,Dentro,Urbana,Ninguna,No existe,Intersección,S/D,S/D,S/D,S/D,Lateral,S/D,Colisión,S/D,Faltante,Ninguna,Sin restricción
2018,7466,2018-07-30,Lunes,0,,,0.0,2,"Moto/Ciclomotor,Automóvil",Washington Y Boulevard Lisandro de la Torre,2,1,0,0,1,0,0,"-33.048524, -61.171586",Avenida,,CASILDA,Caseros,Hormigón,No existe,IV,Dentro,Urbana,Ninguna,No existe,Intersección,Bueno,Buena,S/D,Buen Tiempo,De alcance,S/D,Colisión,Ninguna,Faltante,"Cordón divisorio,Vegetación",Sin restricción
2018,7467,2018-07-05,Jueves,0,,,0.0,2,"Peatón,Moto/Ciclomotor",Estrada Y Reg 12 de Infanteria,2,1,0,0,0,0,1,"-31.593055555556,-60.715611111111",Calle,,SANTA FE,La Capital,Asfalto,No existe,I,Dentro,Urbana,Semáforo,Funciona,Recta,S/D,S/D,S/D,S/D,S/D,Peatón,Atropello,S/D,Vertical,Ninguna,Sin restricción
2018,7468,2018-07-05,Jueves,0,14:30:00,,0.0,2,"Peatón,Automóvil",Bv. Rondeau Y Gallo,2,1,0,0,1,0,0,"-32.890611111111,-60.693444444444",Avenida,,ROSARIO,Rosario,Asfalto,No existe,II,Dentro,Urbana,Ninguna,No existe,Intersección,S/D,S/D,Diurna,S/D,S/D,Peatón,Atropello,S/D,Faltante,Cordón divisorio,Sin restricción
2018,7469,2018-07-30,Lunes,0,11:20:00,,0.0,2,"Automóvil,Moto/Ciclomotor",24 De Setiembre Y Bv. Avellaneda,2,1,0,0,1,0,0,"-32.972909, -60.687573",Avenida,,ROSARIO,Rosario,Asfalto,No existe,II,Dentro,Urbana,Ninguna,No existe,Intersección,Bueno,Buena,Diurna,Buen Tiempo,S/D,S/D,Colisión,Ninguna,Faltante,Cordón divisorio,Sin restricción
2018,7470,2018-07-30,Lunes,0,10:30:00,,0.0,1,Moto/Ciclomotor,Ayacucho Y Pje. 525,2,2,0,0,0,0,0,"-33.011232, -60.635685",Calle,,ROSARIO,Rosario,Asfalto,No existe,II,Dentro,Urbana,Ninguna,No existe,Intersección,Bueno,Buena,Diurna,Buen Tiempo,Contra objeto fijo,S/D,Colisión,Ninguna,Faltante,Ninguna,Sin restricción
2018,7471,2018-07-05,Jueves,0,20:00:00,,0.0,2,"Moto/Ciclomotor,Automóvil",Matienzo Y Dr.Maradona,3,2,0,0,1,0,0,"-32.979336753809, -60.693216494950",Calle,,ROSARIO,Rosario,S/D,No existe,II,Dentro,Urbana,S/D,S/D,Intersección,S/D,S/D,Nocturna,S/D,Lateral,S/D,Colisión,S/D,S/D,Ninguna,Sin restricción
2018,7472,2018-07-02,Lunes,0,,,0.0,1,Moto/Ciclomotor, ,1,1,0,0,0,0,0,"-33.048717654365, -61.167078361647",Calle,,CASILDA,Caseros,Hormigón,No existe,IV,Dentro,Urbana,S/D,S/D,Recta,S/D,S/D,S/D,S/D,S/D,S/D,Caída ocupante,S/D,S/D,S/D,S/D
2018,7473,2018-07-05,Jueves,0,05:30:00,,0.0,2,"Bicicleta,Automóvil", ,2,1,0,0,1,0,0,"-33.050112403053, -61.167400226729",Calle,,CASILDA,Caseros,Asfalto,No existe,IV,Dentro,Urbana,S/D,S/D,Intersección,S/D,S/D,Nocturna,S/D,S/D,Ciclista,Atropello,S/D,S/D,S/D,S/D
2018,7474,2018-07-30,Lunes,0,,Ruta Secundaria 80-s,0.0,2,"Peatón,Automóvil", ,2,1,0,0,1,0,0,"-32.015867, -61.231909",Ruta,80-s,GÁLVEZ,San Jerónimo,Ripio,Natural,XV,Dentro,Urbana,Ninguna,S/D,Recta,Bueno,Buena,S/D,Buen Tiempo,S/D,Peatón,Atropello,Material Suelto,Faltante,Ninguna,Sin restricción
2018,7475,2018-07-05,Jueves,0,08:00:00,Ruta Nacional 33,0.0,1,Camión, ,1,1,0,0,0,0,0,"-33.396745136195, -61.479603113140",Ruta,33,VILLADA,Caseros,Asfalto,S/D,IV,Dentro,Rural,S/D,S/D,Recta,S/D,S/D,Diurna,S/D,S/D,S/D,"Vuelco,Despiste",S/D,S/D,S/D,Sin restricción
2018,7476,2018-07-05,Jueves,0,,,0.0,2,"Bicicleta,Pickup/Utilitario", ,2,1,0,0,1,0,0,"-33.048717920989, -61.167065875804",Calle,,CASILDA,Caseros,Asfalto,No existe,IV,Dentro,Urbana,S/D,S/D,Intersección,S/D,S/D,S/D,S/D,S/D,Ciclista,Atropello,S/D,S/D,S/D,S/D
2018,7477,2018-07-30,Lunes,0,,,0.0,1,Automóvil, ,3,3,0,0,0,0,0,"-28.935037851333632,-61.71401917934",S/D,,POZO BORRADO,9 de Julio,S/D,Natural,XII,S/D,S/D,S/D,S/D,S/D,S/D,S/D,S/D,S/D,S/D,S/D,Vuelco,S/D,S/D,S/D,S/D
2018,7478,2018-07-05,Jueves,0,,,0.0,2,"Moto/Ciclomotor,Automóvil",Ituzaingo Y Comisario Valentin Kaiser,2,1,0,0,1,0,0,"-31.248277777778,-61.509111111111",Calle,,RAFAELA,Castellanos,Asfalto,No existe,V,Dentro,Urbana,Paso Peatonal,No existe,Intersección,S/D,S/D,S/D,S/D,Lateral,S/D,Colisión,S/D,Horizontal,Ninguna,Sin restricción
2018,7479,2018-02-17,Sabado,0,04:00:00,Ruta Provincial 91,0.0,1,Moto/Ciclomotor,RP 26 S Y Ruta Provincial 91,2,0,0,0,0,1,1,"-32.632847, -60.833375",Ruta,91,ANDINO,Iriondo,S/D,S/D,X,S/D,Rural,S/D,S/D,S/D,S/D,S/D,Nocturna,S/D,S/D,S/D,Caída ocupante,S/D,S/D,S/D,S/D
2018,7480,2018-07-29,Domingo,0,01:40:00,,0.0,1,Automóvil,Calle 75-Lisandro de la Torre Y Calle 4-Fray Antonio Rossi,2,1,0,0,1,0,0,"-29.173338, -59.641147",Calle,,RECONQUISTA,General Obligado,Asfalto,No existe,IX,Dentro,Urbana,Ninguna,No existe,Intersección,Bueno,Buena,Nocturna,Buen Tiempo,S/D,S/D,Colisión,Ninguna,Faltante,Ninguna,Sin restricción
2018,7482,2018-08-08,Miercoles,0,,,0.0,2,"Automóvil,Moto/Ciclomotor",Saavedra Y Honduras,3,2,0,0,1,0,0,"-32.824,-61.406222222222",Calle,,CAÑADA DE GÓMEZ,Iriondo,S/D,S/D,X,S/D,Urbana,S/D,S/D,Intersección,S/D,S/D,S/D,S/D,S/D,S/D,Colisión,S/D,S/D,S/D,S/D
2018,7483,2018-08-07,Martes,0,,,0.0,1,Automóvil, ,1,1,0,0,0,0,0,"-33.07333, -60.59268",Calle,,ALVEAR,Rosario,S/D,S/D,II,S/D,Urbana,S/D,S/D,S/D,S/D,S/D,S/D,S/D,Contra objeto fijo,S/D,Colisión,S/D,S/D,S/D,S/D
2018,7484,2018-10-17,Miercoles,0,11:45:00,,0.0,2,"Automóvil,Moto/Ciclomotor",Buenos Aires Y 9 de Julio,2,1,0,0,1,0,0,"-31.77185, -60.8385",Calle,,SAUCE VIEJO,La Capital,"Asfalto,Ripio",No existe,I,Dentro,Urbana,Ninguna,No existe,Intersección,Deteriorada,Buena,Diurna,Buen Tiempo,Lateral,S/D,Colisión,S/D,S/D,Ninguna,Sin restricción
2018,7485,2018-08-09,Jueves,0,12:50:00,,0.0,2,"Automóvil,Moto/Ciclomotor",Carlos Pellegrini Y Casey,2,1,0,0,1,0,0,"-33.750638888889,-61.964694444444",Calle,,VENADO TUERTO,General López,S/D,S/D,VIII,S/D,Urbana,S/D,S/D,Intersección,S/D,S/D,S/D,S/D,S/D,S/D,Colisión,S/D,S/D,S/D,S/D
2018,7486,2018-08-29,Miercoles,0,,,0.0,1,Automóvil,Calle sin nombre ,1,0,1,0,0,0,0,"-28.97157, -59.84886",Camino Rural,,LA SARITA,General Obligado,Tierra,Natural,IX,Dentro,Rural,Ninguna,No existe,Recta,S/D,S/D,S/D,S/D,S/D,S/D,Vuelco,S/D,S/D,Ninguna,Sin restricción
2018,7487,2018-10-02,Martes,0,07:35:00,,0.0,3,"Moto/Ciclomotor,Pickup/Utilitario,Moto/Ciclomotor",Mariano Candioti Y Juan de Garay,3,1,1,0,1,0,0,"-31.670527777778,-60.755083333333",Calle,,SANTO TOMÉ,La Capital,Asfalto,No existe,I,Dentro,Urbana,Ninguna,No existe,Intersección,Bueno,Buena,Diurna,Buen Tiempo,Múltiple,S/D,Colisión,Ninguna,Horizontal,Vegetación,Sin restricción
2018,7488,2018-08-09,Jueves,0,13:20:00,,0.0,2,"Moto/Ciclomotor,Automóvil",Prisciano Lascala Y Iturraspe,2,1,0,0,0,0,1,"-33.758055555556,-61.976388888889",Calle,,VENADO TUERTO,General López,S/D,S/D,VIII,S/D,Urbana,S/D,S/D,Intersección,S/D,S/D,S/D,S/D,S/D,S/D,Colisión,S/D,S/D,S/D,S/D
2018,7489,2018-08-09,Jueves,0,16:30:00,,0.0,2,"Automóvil,Moto/Ciclomotor",Italia Y Marconico,2,1,0,0,1,0,0,"-33.741638888889,-61.961638888889",Calle,,VENADO TUERTO,General López,S/D,S/D,VIII,S/D,Urbana,S/D,S/D,Intersección,S/D,S/D,S/D,S/D,S/D,S/D,Colisión,S/D,S/D,S/D,S/D
2018,7490,2018-08-30,Jueves,0,17:00:00,Ruta Nacional 34,91.0,1,Automóvil, ,2,2,0,0,0,0,0,"-32.36961, -61.37165",Ruta,34,SAN GENARO,San Jerónimo,Asfalto,Ripio,XV,Dentro,Rural,Ninguna,No existe,Recta,S/D,S/D,Diurna,S/D,S/D,S/D,Vuelco,Ninguna,S/D,Línea divisoria pintada,Sin restricción
2018,7491,2018-08-08,Miercoles,0,09:10:00,,0.0,2,"Automóvil,Moto/Ciclomotor",Alvear Y A Alvarez,2,1,0,0,1,0,0,"-31.247361111111,-61.488055555556",Calle,,RAFAELA,Castellanos,S/D,S/D,V,S/D,Urbana,S/D,S/D,Intersección,S/D,S/D,S/D,S/D,S/D,S/D,Colisión,S/D,S/D,S/D,S/D
2018,7492,2018-10-02,Martes,0,23:00:00,,0.0,2,"Moto/Ciclomotor,Automóvil",Gorriti 4900,2,1,0,0,1,0,0,"-31.584138888889,-60.720305555556",Avenida,,SANTA FE,La Capital,S/D,S/D,I,S/D,Urbana,S/D,S/D,S/D,S/D,S/D,Nocturna,S/D,S/D,S/D,Colisión,S/D,S/D,S/D,S/D
2018,7493,2018-08-18,Sabado,0,10:45:00,Autopista Provincial Brigadier E.López,145.0,1,Automóvil, ,3,1,0,0,2,0,0,"-31.66953, -60.80079",Autopista,Brigadier E.López,SANTO TOMÉ,La Capital,Asfalto,Ripio,I,Dentro,Rural,Ninguna,No existe,Recta,Bueno,S/D,Diurna,S/D,Contra objeto fijo,S/D,Colisión,Ninguna,S/D,Vegetación,Sin restricción
2018,7494,2018-10-17,Miercoles,0,10:30:00,Ruta Provincial 2,0.0,1,Bicicleta,Ruta pcial 2 Av San Martin 5700,1,1,0,0,0,0,0,"-31.51813, -60.68146",Ruta,2,MONTE VERA,La Capital,Hormigón,Ripio,I,S/D,Urbana,Ninguna,No existe,Recta,Bueno,Buena,Diurna,Buen Tiempo,S/D,S/D,Caída ocupante,S/D,S/D,Línea divisoria pintada,Sin restricción
2018,7495,2018-08-09,Jueves,0,,,0.0,1,Automóvil,Lamadrid Y Naciones Unidas,1,1,0,0,0,0,0,"-31.634944444444,-60.72525",Calle,,SANTA FE,La Capital,S/D,S/D,I,S/D,Urbana,S/D,S/D,Intersección,S/D,S/D,S/D,S/D,Contra objeto fijo,S/D,Colisión,S/D,S/D,S/D,S/D
2018,7496,2018-08-09,Jueves,0,17:45:00,,0.0,2,"Automóvil,Moto/Ciclomotor",Calle 24 - Olessio Y Calle 27-Gdor Freyre,3,2,0,0,1,0,0,"-29.15025,-59.650694444444",Calle,,RECONQUISTA,General Obligado,S/D,S/D,IX,S/D,Urbana,S/D,S/D,Intersección,S/D,S/D,S/D,S/D,S/D,S/D,Colisión,S/D,S/D,S/D,S/D
2018,7497,2018-10-02,Martes,0,22:30:00,,0.0,2,"Automóvil,Moto/Ciclomotor",Gorriti Y Cafferata,2,1,0,0,1,0,0,"-31.581777777778,-60.732555555556",Calle,,SANTA FE,La Capital,Asfalto,No existe,I,S/D,Urbana,Ninguna,No existe,Intersección,Con baches,Reducida,Nocturna,Buen Tiempo,De alcance,S/D,Colisión,Material Suelto,Faltante,Ninguna,Sin restricción
2018,7498,2018-08-08,Miercoles,0,16:00:00,,0.0,2,"Ambulancia,Pickup/Utilitario",Calle 30-Lucas Funes Y Calle 57-Prof Roberto Roveda,3,1,0,0,2,0,0,"-29.139111111111,-59.652888888889",Calle,,RECONQUISTA,General Obligado,S/D,S/D,IX,S/D,Urbana,S/D,S/D,Intersección,S/D,S/D,S/D,S/D,S/D,S/D,Colisión,S/D,S/D,S/D,S/D
2018,7499,2018-10-02,Martes,0,,,0.0,2,"Moto/Ciclomotor,Automóvil",Av Pe?aloza Y Estanislao Zeballos,2,1,0,0,1,0,0,"-31.586305555556,-60.711694444444",Avenida,,SANTA FE,La Capital,Asfalto,No existe,I,S/D,Urbana,Ninguna,Funciona,Intersección,Bueno,Buena,Nocturna,Buen Tiempo,S/D,S/D,Otro,Ninguna,Faltante,Cordón divisorio,Sin restricción
2018,7500,2018-10-17,Miercoles,0,21:30:00,,0.0,2,"Moto/Ciclomotor,Moto/Ciclomotor", ,3,3,0,0,0,0,0,"-32.82143, -61.39505",Camino Rural,,CAÑADA DE GÓMEZ,Iriondo,Tierra,No existe,X,S/D,Rural,Ninguna,No existe,Recta,Otro,Reducida,Nocturna,Lluvia,Frontal,S/D,Colisión,Ninguna,S/D,Vegetación,Sin restricción
2018,7501,2018-08-10,Viernes,0,07:30:00,Ruta Nacional 168,0.0,2,"Automóvil,Moto/Ciclomotor", ,3,2,0,0,1,0,0,"-31.64006, -60.63225",Ruta,168,SANTA FE,La Capital,S/D,S/D,I,S/D,Urbana,S/D,S/D,S/D,S/D,S/D,S/D,S/D,S/D,S/D,Colisión,S/D,S/D,S/D,S/D
2018,7502,2018-10-02,Martes,0,21:10:00,,0.0,2,"Automóvil,Moto/Ciclomotor",Javier de la Rosa Y Avellaneda,2,2,0,0,0,0,0,"-31.602333333333,-60.677333333333",Calle,,SANTA FE,La Capital,S/D,Natural,I,S/D,Urbana,S/D,No existe,Intersección,Otro,Reducida,Nocturna,Otro,Otro,S/D,Colisión,Otro,Faltante,Ninguna,Sin restricción
2018,7503,2018-08-10,Viernes,0,07:30:00,,0.0,2,"Bicicleta,Pickup/Utilitario",Belgrano Y Bv H Irigoyen,2,1,0,0,1,0,0,"-31.253583333333,-61.491916666667",Calle,,RAFAELA,Castellanos,S/D,S/D,V,S/D,Urbana,S/D,S/D,Intersección,S/D,S/D,S/D,S/D,S/D,Ciclista,Atropello,S/D,S/D,S/D,S/D
2018,7504,2018-10-19,Viernes,0,11:30:00,,0.0,2,"Automóvil,Moto/Ciclomotor",Santiago del Estero 1700,4,1,1,0,2,0,0,"-31.51398, -60.67368",Calle,,MONTE VERA,La Capital,Ripio,No existe,I,Dentro,Urbana,Ninguna,No existe,Intersección,Bueno,Buena,Diurna,Buen Tiempo,Lateral,S/D,Colisión,Ninguna,S/D,Ninguna,Sin restricción
2018,7505,2018-08-21,Martes,0,20:00:00,Autopista Nacional Rosario -Cordoba,349.0,2,"Automóvil,Camión c / Semirremolque", ,2,1,0,0,1,0,0,"-32.8596, -61.31373",Autopista,Rosario -Córdoba,CORREA,Iriondo,Asfalto,Pavimento,X,Dentro,Rural,Ninguna,No existe,Recta,Bueno,S/D,Nocturna,S/D,De alcance,S/D,Colisión,Ninguna,S/D,S/D,Sin restricción
2018,7506,2018-10-02,Martes,0,20:30:00,,0.0,2,"Moto/Ciclomotor,Pickup/Utilitario",Pedro de Vega Y Republica de Siria,2,1,0,0,1,0,0,"-31.611694444444,-60.6925",Calle,,SANTA FE,La Capital,Asfalto,No existe,I,S/D,Urbana,Ninguna,No existe,Intersección,Bueno,Buena,Nocturna,Buen Tiempo,Lateral,S/D,Colisión,Ninguna,S/D,Ninguna,Sin restricción
2018,7507,2018-08-11,Sabado,0,,,0.0,1,Automóvil,Angel Cassanello Y Belgrano,1,0,1,0,0,0,0,"-31.610083333333,-60.690888888889",Calle,,SANTA FE,La Capital,S/D,S/D,I,S/D,Urbana,S/D,S/D,Intersección,S/D,S/D,S/D,S/D,Contra objeto fijo,S/D,Colisión,S/D,S/D,S/D,S/D
2018,7508,2018-10-02,Martes,0,18:50:00,,0.0,2,"Moto/Ciclomotor,Automóvil",Tacuari Y Huergo,2,1,0,0,1,0,0,"-31.618583333333,-60.678555555556",Calle,,SANTA FE,La Capital,Hormigón,No existe,I,S/D,Urbana,Ninguna,No existe,Intersección,Bueno,Buena,Diurna,Buen Tiempo,Frontal,S/D,Colisión,Ninguna,S/D,Ninguna,Sin restricción
2018,7509,2018-08-11,Sabado,0,01:50:00,,0.0,1,Pickup/Utilitario,ACCESO CAÑADA DE GÓMEZ ,5,5,0,0,0,0,0,"-32.84428, -61.39025",Calle,,CAÑADA DE GÓMEZ,Iriondo,S/D,S/D,X,S/D,Urbana,S/D,S/D,S/D,S/D,S/D,S/D,S/D,Contra objeto fijo,S/D,"Colisión,Vuelco",S/D,S/D,S/D,S/D
2018,7510,2018-10-17,Miercoles,0,18:35:00,Ruta Nacional 11,778.0,2,"Pickup/Utilitario,Moto/Ciclomotor", ,2,1,0,0,1,0,0,"-29.115538718541, -59.651873890779",Ruta,11,AVELLANEDA,General Obligado,S/D,S/D,IX,S/D,S/D,S/D,S/D,Recta,S/D,S/D,Diurna,S/D,De alcance,S/D,Colisión,S/D,S/D,S/D,S/D
2018,7511,2018-08-17,Viernes,0,,Ruta Nacional 34,260.0,2,"Ambulancia,Moto/Ciclomotor", ,3,0,1,0,2,0,0,"-30.93682, -61.54324",Ruta,34,SUNCHALES,Castellanos,Asfalto,Natural,V,Dentro,Rural,Ninguna,No existe,Recta,S/D,S/D,S/D,S/D,S/D,S/D,Colisión,S/D,S/D,S/D,Sin restricción
2018,7512,2018-10-02,Martes,0,17:30:00,,0.0,2,"Moto/Ciclomotor,Automóvil",Alberdi Y Lavaisse,3,2,0,0,1,0,0,"-31.615083333333,-60.685611111111",Calle,,SANTA FE,La Capital,Asfalto,No existe,I,S/D,Urbana,S/D,No existe,Intersección,Bueno,Buena,Diurna,Buen Tiempo,Lateral,S/D,Colisión,Ninguna,S/D,Ninguna,Sin restricción
2018,7513,2018-10-17,Miercoles,0,10:45:00,,0.0,2,"Moto/Ciclomotor,Bicicleta",URQUIZA Y RIVADAVIA,2,1,0,0,1,0,0,"-32.667366074754, -60.873668699216",Calle,,ANDINO,Iriondo,Asfalto,No existe,X,Dentro,Urbana,S/D,No existe,Recta,Bueno,Buena,Diurna,Buen Tiempo,De alcance,Ciclista,Atropello,Ninguna,Horizontal,Línea divisoria pintada,S/D
2018,7514,2018-10-02,Martes,0,13:45:00,,0.0,2,"Automóvil,Bicicleta",Av A del Valle Y Quintana,2,1,0,0,1,0,0,"-31.622833333333,-60.699194444444",Avenida,,SANTA FE,La Capital,Asfalto,Pavimento,I,S/D,Urbana,Señal Ceda el Paso,No existe,Intersección,Bueno,Buena,Diurna,Buen Tiempo,S/D,Ciclista,Atropello,S/D,Vertical,Cordón divisorio,S/D
2018,7515,2018-10-17,Miercoles,0,18:50:00,,0.0,2,"Moto/Ciclomotor,Automóvil",Bolivia 3200,3,2,0,0,1,0,0,"-33.25385, -60.30964",Calle,,VILLA CONSTITUCIÓN,Constitución,Asfalto,S/D,VI,Dentro,Urbana,Ninguna,S/D,Recta,Bueno,Buena,Diurna,Buen Tiempo,Frontal,S/D,Colisión,S/D,S/D,Ninguna,Sin restricción