anio_acci,nro_acci,fecha,desc_dia,fecha_aprox,hora_aprox,desc_ruta,km,cant_participantes,desc_participante,calle_avenida_km,total,heridos_leves,heridos_graves,heridos_gravisimos,ilesos,fallecidos,sin_datos,posicion_XY,desc_tipo_via,desc_ruta_ori,desc_loc,desc_dpto,desc_tipo_calzada,desc_tipo_banquina,desc_unidad_regional,desc_lugar_calzada,desc_zona,desc_prioridad,desc_estado_semaforo,desc_lugar_via,desc_estado_via,desc_estado_visibilidad,desc_luminosidad,desc_estado_clima,desc_tipo_colision,desc_tipo_atropello,desc_tipo_hecho,desc_pres_calzada,desc_senializacion,desc_separacion_via,desc_restriccion
2018,7516,2018-10-02,Martes,0,18:00:00,,0.0,2,"Peatón,Automóvil",9 de Julio Y Luciano Torrent,4,3,0,0,1,0,0,"-31.624027777778,-60.702666666667",Calle,,SANTA FE,La Capital,Asfalto,Pavimento,I,S/D,Urbana,S/D,S/D,Intersección,Bueno,Buena,Atardecer,Buen Tiempo,S/D,Peatón,Atropello,S/D,Vertical,Ninguna,S/D
2018,7517,2018-08-18,Sabado,0,13:00:00,,0.0,2,"Moto/Ciclomotor,Automóvil",Moreno ,2,1,0,0,1,0,0,"-28.48899, -59.35667",Calle,,VILLA OCAMPO,General Obligado,S/D,S/D,IX,Dentro,Urbana,S/D,S/D,S/D,S/D,S/D,Diurna,S/D,Lateral,S/D,Colisión,S/D,S/D,S/D,Sin restricción
2018,7518,2018-10-17,Miercoles,0,22:15:00,,0.0,1,Moto/Ciclomotor,Dorrego Y Pellegrini,1,0,1,0,0,0,0,"-33.25724, -60.38138",Calle,,EMPALME VILLA CONSTITUCIÓN,Constitución,Hormigón,Pavimento,VI,Dentro,Urbana,Ninguna,No existe,Intersección,Con baches,Buena,Nocturna,Buen Tiempo,S/D,S/D,Caída ocupante,Ninguna,Horizontal,Ninguna,Sin restricción
2018,7519,2018-10-02,Martes,0,23:50:00,,0.0,2,"Automóvil,Moto/Ciclomotor",Av A del Valle Y J Castelli,2,1,0,0,1,0,0,"-31.612083333333,-60.668111111111",Avenida,,SANTA FE,La Capital,Asfalto,Pavimento,I,S/D,Urbana,Semáforo,Intermitente,Intersección,Bueno,Reducida,Nocturna,Buen Tiempo,Lateral,S/D,Colisión,S/D,Vertical,Línea divisoria pintada,Sin restricción
2018,7520,2018-10-02,Martes,0,20:30:00,,0.0,2,"Automóvil,Moto/Ciclomotor",Fray C Rodriguez Y Av Lopez y Planes,2,1,0,0,1,0,0,"-31.618777777778,-60.713611111111",Avenida,,SANTA FE,La Capital,Hormigón,No existe,I,Dentro,Urbana,Semáforo,Funciona,Intersección,Bueno,Reducida,Nocturna,Buen Tiempo,Lateral,S/D,Colisión,S/D,"Horizontal,Vertical","Cordón divisorio,Vegetación",Sin restricción
2018,7521,2018-10-02,Martes,0,11:00:00,,0.0,2,"Bicicleta,Automóvil",Av Freyre Y Juan de Garay,2,1,0,0,1,0,0,"-31.650388888889,-60.720027777778",Avenida,,SANTA FE,La Capital,Asfalto,No existe,I,Dentro,Urbana,Ninguna,No existe,Intersección,Con baches,Buena,Diurna,Buen Tiempo,S/D,Ciclista,Atropello,Ninguna,Faltante,Ninguna,Sin restricción
2018,7522,2018-08-20,Lunes,0,06:00:00,,0.0,1,Automóvil,San Martin ,2,2,0,0,0,0,0,"-29.50044, -59.74195",Calle,,ROMANG,San Javier,Asfalto,No existe,XIV,Fuera,Urbana,Ninguna,No existe,Curva,S/D,S/D,Amanecer,S/D,Contra objeto fijo,S/D,Colisión,Ninguna,S/D,S/D,Sin restricción
2018,7523,2018-07-05,Jueves,0,13:45:00,,0.0,2,"Moto/Ciclomotor,Pickup/Utilitario",Soler Y Gobernador Crespo,2,0,1,0,1,0,0,"-31.459661077759, -60.938578489519",Calle,,ESPERANZA,Las Colonias,Hormigón,No existe,XI,Dentro,Urbana,S/D,S/D,Intersección,S/D,S/D,Diurna,S/D,Lateral,S/D,Colisión,S/D,S/D,"Ninguna,S/D",Sin restricción
2018,7524,2018-07-04,Miercoles,0,11:30:00,,0.0,2,"Moto/Ciclomotor,Pickup/Utilitario",3 de Febrero Y General Paz,2,0,1,0,1,0,0,"-31.446528982423, -60.932720545030",Calle,,ESPERANZA,Las Colonias,Asfalto,S/D,XI,Dentro,Urbana,S/D,S/D,Intersección,Otro,S/D,S/D,S/D,Lateral,S/D,Colisión,S/D,S/D,"Ninguna,S/D",S/D
2018,7525,2018-07-05,Jueves,0,,,0.0,2,"Moto/Ciclomotor,Pickup/Utilitario", ,2,1,0,0,1,0,0,"-32.371853490948, -61.092375588277",S/D,,ESTACIÓN DÍAZ,San Jerónimo,S/D,S/D,XV,Dentro,S/D,S/D,S/D,S/D,S/D,S/D,S/D,S/D,S/D,S/D,Colisión,S/D,S/D,S/D,S/D
2018,7526,2018-07-05,Jueves,0,,,0.0,2,"Bicicleta,Moto/Ciclomotor", ,4,2,2,0,0,0,0,"-31.976042050258, -60.923858993896",Calle,,CORONDA,San Jerónimo,S/D,S/D,XV,Dentro,Urbana,S/D,S/D,S/D,S/D,S/D,S/D,S/D,S/D,Ciclista,Atropello,S/D,S/D,S/D,S/D
2018,7527,2018-06-13,Miercoles,0,,,0.0,2,"Moto/Ciclomotor,Pickup/Utilitario", ,2,1,0,0,1,0,0,"-31.973274010554, -60.922056549438",Calle,,CORONDA,San Jerónimo,S/D,S/D,XV,Dentro,Urbana,S/D,S/D,S/D,S/D,S/D,S/D,S/D,S/D,S/D,Colisión,S/D,S/D,S/D,S/D
2018,7528,2018-07-05,Jueves,0,,,0.0,2,"Automóvil,Pickup/Utilitario",Suiza Y Irigoyen,2,1,0,0,1,0,0,"-32.729694444444,-60.735444444444",Calle,,SAN LORENZO,San Lorenzo,Hormigón,No existe,XVII,Dentro,Urbana,Ninguna,No existe,Intersección,S/D,S/D,Diurna,S/D,Lateral,S/D,Colisión,S/D,Faltante,Ninguna,Sin restricción
2018,7529,2018-02-04,Domingo,0,,,0.0,2,"Bicicleta,Automóvil",Santa Rosa Y J S Sosa,2,0,0,0,1,1,0,"-34.2582,-62.71",Calle,,RUFINO,General López,S/D,S/D,VIII,S/D,Urbana,S/D,S/D,Intersección,S/D,S/D,S/D,S/D,S/D,Ciclista,Atropello,S/D,S/D,S/D,S/D
2018,7530,2018-07-06,Viernes,0,,Ruta Secundaria 34-s,0.0,2,"Automóvil,Automóvil",Urquiza Y Dr Chiavarini,2,1,0,0,1,0,0,"-32.993309780345, -60.770302004395",Ruta,34-s,PÉREZ,Rosario,Hormigón,No existe,II,Dentro,Urbana,S/D,No existe,Intersección,S/D,S/D,Diurna,S/D,Lateral,S/D,Colisión,S/D,Faltante,Ninguna,S/D
2018,7532,2018-07-06,Viernes,0,,,0.0,2,"Moto/Ciclomotor,Automóvil", ,2,1,0,0,1,0,0,"-33.045765070168, -61.173295292154",Calle,,CASILDA,Caseros,S/D,S/D,IV,Dentro,Urbana,S/D,S/D,S/D,S/D,S/D,S/D,S/D,S/D,S/D,Colisión,S/D,S/D,S/D,S/D
2018,7533,2018-07-06,Viernes,0,,,0.0,2,"Bicicleta,Automóvil",Av Dr E Salva ,3,1,0,0,2,0,0,"-31.241189574935, -61.502158557380",Avenida,,RAFAELA,Castellanos,Hormigón,No existe,V,Dentro,Urbana,S/D,S/D,S/D,S/D,S/D,S/D,S/D,S/D,Ciclista,Atropello,S/D,S/D,Ninguna,S/D
2018,7534,2018-07-06,Viernes,0,,,0.0,2,"Moto/Ciclomotor,Moto/Ciclomotor",Francia Y Av Brasil,2,2,0,0,0,0,0,"-31.246077564923, -61.473666507071",Avenida,,RAFAELA,Castellanos,Hormigón,No existe,V,Dentro,Urbana,Ninguna,No existe,Intersección,S/D,S/D,S/D,S/D,Lateral,S/D,Colisión,S/D,Faltante,Ninguna,Sin restricción
2018,7535,2018-07-06,Viernes,0,,,0.0,2,"Pickup/Utilitario,Moto/Ciclomotor", ,2,1,0,0,1,0,0,"-33.791046324434, -61.213637557867",S/D,,WHEELWRIGHT,General López,S/D,No existe,VIII,Dentro,Urbana,S/D,S/D,S/D,S/D,S/D,S/D,S/D,S/D,S/D,Colisión,S/D,S/D,S/D,S/D
2018,7536,2018-07-06,Viernes,0,,,0.0,2,"Pickup/Utilitario,Moto/Ciclomotor",Belgrano Y P Pueyrredon,2,0,1,0,1,0,0,"-29.443083333333,-60.208722222222",Calle,,VERA,Vera,S/D,No existe,XVIII,Dentro,Urbana,S/D,S/D,Intersección,S/D,S/D,S/D,S/D,Lateral,S/D,Colisión,S/D,S/D,S/D,S/D
2018,7537,2018-07-06,Viernes,0,23:30:00,,0.0,2,"Automóvil,Moto/Ciclomotor",Alberti 1400,2,1,0,0,1,0,0,"-31.604638888889,-60.680277777778",Calle,,SANTA FE,La Capital,Hormigón,No existe,I,Dentro,Urbana,Ninguna,No existe,Intersección,S/D,S/D,Nocturna,S/D,De alcance,S/D,Colisión,S/D,Faltante,Ninguna,Sin restricción
2018,7538,2018-07-29,Domingo,0,03:00:00,,0.0,1,Moto/Ciclomotor,San Martin 1824,1,1,0,0,0,0,0,"-29.345353, -59.967457",Calle,,MALABRIGO,General Obligado,Asfalto,No existe,IX,Dentro,Urbana,S/D,No existe,Recta,Bueno,Buena,Nocturna,S/D,S/D,S/D,Caída ocupante,Ninguna,S/D,S/D,Sin restricción
2018,7539,2018-07-28,Sabado,0,11:30:00,,0.0,2,"Moto/Ciclomotor,Pickup/Utilitario",Calle 20 9 de Julio Y Calle 8-Chacabuco,3,1,0,0,2,0,0,"-29.152694444444,-59.648555555556",Calle,,RECONQUISTA,General Obligado,Asfalto,No existe,IX,Dentro,Urbana,S/D,S/D,Intersección,Bueno,Buena,Diurna,Buen Tiempo,Lateral,S/D,Colisión,S/D,S/D,S/D,Sin restricción
2018,7540,2018-07-07,Sabado,0,,,0.0,2,"Camión,Automóvil",Bv. 27 De Febrero Y Campbell,2,1,0,0,1,0,0,"-32.959288, -60.707200",Avenida,,ROSARIO,Rosario,Asfalto,No existe,II,Dentro,Urbana,Ninguna,No existe,Intersección,Bueno,Buena,S/D,Buen Tiempo,S/D,S/D,Colisión,Ninguna,Faltante,Ninguna,Sin restricción
2018,7541,2018-02-18,Domingo,0,08:00:00,Ruta Nacional 11,740.0,1,Automóvil, ,2,0,0,0,0,2,0,"-29.32068,-59.89511",Ruta,11,MALABRIGO,General Obligado,Asfalto,Natural,IX,Dentro,Rural,Ninguna,No existe,Recta,Bueno,S/D,S/D,S/D,S/D,S/D,Vuelco,Ninguna,Faltante,"Línea divisoria pintada,S/D",Sin restricción
2018,7542,2018-07-07,Sabado,0,08:15:00,,0.0,2,"Bicicleta,Automóvil",Hipolito Yrigoyen Y Presidente Domingo Faustino Sa,2,1,0,0,1,0,0,"-33.043376, -61.166759",Calle,,CASILDA,Caseros,Hormigón,No existe,IV,Dentro,Urbana,Ninguna,No existe,Intersección,Bueno,Buena,Amanecer,Buen Tiempo,S/D,Ciclista,Atropello,Ninguna,Faltante,Ninguna,Sin restricción
2018,7543,2018-03-10,Sabado,0,18:00:00,Ruta Provincial 14,0.0,2,"Moto/Ciclomotor,Automóvil",Ruta Prov 14 Y Santiago del Estero,3,1,0,0,0,1,1,"-33.008544, -60.751915",Ruta,14,SOLDINI,Rosario,Asfalto,Natural,II,Dentro,Urbana,S/D,S/D,S/D,Bueno,Buena,Diurna,Buen Tiempo,Frontal,S/D,Colisión,Ninguna,Faltante,S/D,S/D
2018,7544,2018-07-30,Lunes,0,,,0.0,2,"Pickup/Utilitario,Moto/Ciclomotor", ,2,1,0,0,1,0,0,"-33.045662, -61.170855",S/D,,CASILDA,Caseros,S/D,S/D,IV,Dentro,Urbana,S/D,S/D,S/D,S/D,S/D,S/D,S/D,S/D,S/D,Colisión,S/D,S/D,S/D,S/D
2018,7545,2018-07-07,Sabado,0,17:20:00,,0.0,2,"Peatón,Moto/Ciclomotor",Boulevard Roma Y Hipolito Yrigoyen,2,1,0,0,1,0,0,"-33.054274, -61.186463",Avenida,,CASILDA,Caseros,Asfalto,No existe,IV,Dentro,Urbana,Otra Señal,No existe,Intersección,Bueno,Buena,Diurna,Buen Tiempo,S/D,Peatón,Atropello,Ninguna,Vertical,Ninguna,Sin restricción
2018,7546,2018-07-30,Lunes,0,12:20:00,,0.0,2,"Automóvil,Automóvil", ,2,2,0,0,0,0,0,"-32.995557, -60.769991",S/D,,PÉREZ,Rosario,S/D,S/D,II,S/D,Urbana,S/D,S/D,S/D,S/D,S/D,S/D,S/D,S/D,S/D,Colisión,S/D,S/D,S/D,S/D
2018,7547,2018-07-07,Sabado,0,,,0.0,2,"Automóvil,Moto/Ciclomotor",Espa?a Y Carlos Gardel,2,1,0,0,1,0,0,"-31.238183, -61.473066",Calle,,RAFAELA,Castellanos,Ripio,No existe,V,Dentro,Urbana,Ninguna,No existe,Intersección,Bueno,Buena,S/D,Buen Tiempo,S/D,S/D,Colisión,Ninguna,Faltante,Ninguna,Sin restricción
2018,7549,2018-07-07,Sabado,0,,,0.0,2,"Automóvil,Moto/Ciclomotor", ,2,1,0,0,1,0,0,"-34.185454, -61.525519",S/D,,TEODELINA,General López,S/D,S/D,VIII,S/D,S/D,S/D,S/D,S/D,S/D,S/D,S/D,S/D,S/D,S/D,Colisión,S/D,S/D,S/D,S/D
2018,7550,2018-08-11,Sabado,0,13:00:00,Ruta Nacional 11,0.0,2,"Pickup/Utilitario,Automóvil",Calle 75-Lisandro de la Torre Y Ruta Nacional 11,2,2,0,0,0,0,0,"-29.170583333333,-59.667222222222",Ruta,11,RECONQUISTA,General Obligado,S/D,S/D,IX,S/D,Urbana,S/D,S/D,Intersección,S/D,S/D,S/D,S/D,S/D,S/D,Colisión,S/D,S/D,S/D,S/D
2018,7551,2018-08-11,Sabado,0,02:30:00,,0.0,2,"Vehículo Oficial,Vehículo Oficial",Av Almte Brown Y Salvador del Carril,4,1,1,0,2,0,0,"-31.621833333333,-60.678194444444",Calle,,SANTA FE,La Capital,S/D,S/D,I,S/D,Urbana,S/D,S/D,S/D,S/D,S/D,S/D,S/D,"Contra objeto fijo,Frontal",S/D,Colisión,S/D,S/D,S/D,S/D
2018,7552,2018-10-17,Miercoles,0,00:30:00,,0.0,2,"Moto/Ciclomotor,Moto/Ciclomotor",Calle 94 Hno Lino Terford Y M M T de Hoenfels,2,2,0,0,0,0,0,"-31.443416666667,-60.942277777778",S/D,,ESPERANZA,Las Colonias,Asfalto,No existe,XI,Dentro,Urbana,Ninguna,No existe,Intersección,Bueno,Buena,Nocturna,Buen Tiempo,Lateral,S/D,Colisión,Ninguna,Faltante,Ninguna,Sin restricción
2018,7553,2018-08-10,Viernes,0,03:00:00,Autopista Nacional Rosario -Cordoba,340.0,1,Camión, ,1,1,0,0,0,0,0,"-32.85486, -61.22338",Autopista,Rosario -Córdoba,CORREA,Iriondo,S/D,S/D,X,S/D,Urbana,S/D,S/D,S/D,S/D,S/D,S/D,S/D,S/D,S/D,"Vuelco,Despiste",S/D,S/D,S/D,S/D
2018,7554,2018-08-20,Lunes,0,,,0.0,2,"Moto/Ciclomotor,Automóvil", ,2,1,0,0,1,0,0,"-30.86786, -61.35052",S/D,,HUMBERTO 1º,Castellanos,S/D,S/D,IX,S/D,S/D,S/D,S/D,S/D,S/D,S/D,S/D,S/D,S/D,S/D,Colisión,S/D,S/D,S/D,S/D
2018,7555,2018-08-20,Lunes,0,15:00:00,Ruta Provincial 2,41.0,1,Pickup/Utilitario, ,1,1,0,0,0,0,0,"-31.11155, -60.57287",Ruta,2,CAYASTACITO,San Justo,S/D,Natural,XI,Fuera,Rural,Ninguna,No existe,Recta,S/D,S/D,Diurna,S/D,S/D,S/D,Despiste,S/D,S/D,Línea divisoria pintada,Sin restricción
2018,7556,2018-10-02,Martes,0,09:00:00,Ruta Nacional 11,0.0,3,"Camión Chasis,Vehículo Oficial,Automóvil", ,4,1,0,0,3,0,0,"-31.66685, -60.74756",Ruta,11,SANTO TOMÉ,La Capital,Asfalto,Pavimento,I,Dentro,Urbana,Ninguna,No existe,Puente,Bueno,Buena,Diurna,Lluvia,Múltiple,S/D,Colisión,Ninguna,Faltante,Línea divisoria pintada,Sin restricción
2018,7557,2018-10-17,Miercoles,0,13:00:00,,0.0,2,"Pickup/Utilitario,Moto/Ciclomotor",San Martin Y Rosario,3,1,0,0,2,0,0,"-31.58181, -60.93731",Calle,,FRANCK,Las Colonias,Asfalto,Pavimento,XI,Dentro,Urbana,Ninguna,No existe,Intersección,Bueno,Buena,Diurna,Buen Tiempo,S/D,S/D,Colisión,Ninguna,Horizontal,Ninguna,Sin restricción
2018,7558,2018-08-12,Domingo,0,,,0.0,2,"Pickup/Utilitario,Moto/Ciclomotor",Trento Y Aconcagua,3,0,2,0,1,0,0,"-31.25579, -61.46433",Calle,,RAFAELA,Castellanos,S/D,S/D,V,S/D,Urbana,S/D,S/D,Intersección,S/D,S/D,S/D,S/D,S/D,S/D,Colisión,S/D,S/D,S/D,S/D
2018,7559,2018-10-02,Martes,0,19:00:00,,0.0,2,"Moto/Ciclomotor,Automóvil",Domingo Silva Y Las Heras,2,0,0,0,1,0,1,"-31.632111111111,-60.69625",Calle,,SANTA FE,La Capital,Asfalto,No existe,I,Dentro,Urbana,S/D,No existe,Intersección,Bueno,S/D,Diurna,S/D,Lateral,S/D,Colisión,S/D,S/D,Ninguna,S/D
2018,7560,2018-08-21,Martes,0,11:10:00,,0.0,2,"Automóvil,Pickup/Utilitario",Mariano Comas Y San Jeronimo,2,1,0,0,1,0,0,"-31.632611111111,-60.703888888889",Calle,,SANTA FE,La Capital,Asfalto,No existe,I,Dentro,Urbana,Ninguna,No existe,Intersección,Bueno,S/D,Diurna,S/D,Lateral,S/D,Colisión,Ninguna,S/D,S/D,Sin restricción
2018,7561,2018-08-12,Domingo,0,,,0.0,2,"Automóvil,Tren",Humberto I 2000,4,0,3,0,1,0,0,"-32.929888888889,-60.691166666667",Calle,,ROSARIO,Rosario,S/D,S/D,II,S/D,Urbana,S/D,S/D,S/D,S/D,S/D,S/D,S/D,S/D,S/D,Colisión,S/D,S/D,S/D,S/D
2018,7562,2018-10-17,Miercoles,0,19:00:00,,0.0,2,"Moto/Ciclomotor,Automóvil",Brigadier Lopez Y Islas Malvinas,3,2,0,0,1,0,0,"-31.447722222222,-60.908194444444",Calle,,ESPERANZA,Las Colonias,Ripio,Ripio,XI,Dentro,Urbana,Ninguna,No existe,Intersección,Bueno,Buena,Diurna,Buen Tiempo,De alcance,S/D,Colisión,Ninguna,Vertical,Ninguna,Sin restricción
2018,7563,2018-08-13,Lunes,0,,,0.0,2,"Automóvil,Moto/Ciclomotor",Bv G L Lhemann ,2,1,0,0,1,0,0,"-31.25147, -61.49126",Calle,,RAFAELA,Castellanos,S/D,S/D,V,S/D,Urbana,S/D,S/D,Recta,S/D,S/D,S/D,S/D,S/D,S/D,Colisión,S/D,S/D,S/D,S/D
2018,7564,2018-08-13,Lunes,0,12:00:00,,0.0,2,"Automóvil,Moto/Ciclomotor",Mariano Moreno Y Cervantes,2,1,0,0,1,0,0,"-31.2505,-61.499222222222",Calle,,RAFAELA,Castellanos,S/D,S/D,V,S/D,Urbana,S/D,S/D,Intersección,S/D,S/D,S/D,S/D,S/D,S/D,Colisión,S/D,S/D,S/D,S/D
2018,7565,2018-08-13,Lunes,0,,,0.0,2,"Pickup/Utilitario,Moto/Ciclomotor",Av Luis Fanti Y Eusebio Marcilla,2,1,0,0,1,0,0,"-31.25743, -61.52019",Calle,,RAFAELA,Castellanos,S/D,S/D,V,S/D,Urbana,S/D,S/D,Intersección,S/D,S/D,S/D,S/D,S/D,S/D,Colisión,S/D,S/D,S/D,S/D
2018,7566,2018-08-18,Sabado,0,15:00:00,,0.0,2,"Moto/Ciclomotor,Automóvil",Rivadavia 3000,4,3,0,0,1,0,0,"-31.441694444444,-60.926055555556",Calle,,ESPERANZA,Las Colonias,S/D,No existe,XI,Dentro,Urbana,Ninguna,No existe,Intersección,S/D,S/D,Diurna,S/D,Lateral,S/D,Colisión,S/D,S/D,S/D,Sin restricción
2018,7567,2018-10-17,Miercoles,0,11:20:00,,0.0,2,"Moto/Ciclomotor,Automóvil",PARQUE REGIONAL ,2,1,0,0,1,0,0,"-33.0341, -60.64904",Calle,,VILLA GOBERNADOR GÁLVEZ,Rosario,Asfalto,No existe,II,Dentro,Urbana,Ninguna,No existe,Recta,Bueno,Buena,Diurna,Buen Tiempo,Lateral,S/D,Colisión,Ninguna,Faltante,Ninguna,Sin restricción
2018,7568,2018-10-17,Miercoles,0,18:45:00,,0.0,2,"Pickup/Utilitario,Moto/Ciclomotor",C.Larralde 3000,2,1,0,0,1,0,0,"-32.96414, -60.72603",Calle,,ROSARIO,Rosario,Asfalto,No existe,II,S/D,Urbana,Ninguna,No existe,Intersección,Bueno,Buena,"Atardecer,Con luz artificial",Buen Tiempo,Lateral,S/D,Colisión,Ninguna,Faltante,Ninguna,Sin restricción
2018,7569,2018-10-17,Miercoles,0,17:40:00,,0.0,2,"Moto/Ciclomotor,Automóvil",Dorrego Y Madre Cabrini,4,3,0,0,1,0,0,"-33.00537, -60.66041",Calle,,ROSARIO,Rosario,Asfalto,S/D,II,S/D,Urbana,S/D,No existe,Intersección,S/D,Buena,Diurna,S/D,S/D,S/D,Colisión,S/D,S/D,S/D,S/D
2018,7570,2018-08-21,Martes,0,17:00:00,Ruta Nacional 34,205.0,1,Camión c / Acoplado, ,1,1,0,0,0,0,0,"-31.32686, -61.523",Ruta,34,SUSANA,Castellanos,Asfalto,Ripio,V,Dentro,Rural,Ninguna,No existe,Recta,S/D,S/D,Diurna,S/D,S/D,S/D,Vuelco,S/D,S/D,S/D,Sin restricción
2018,7571,2018-07-08,Domingo,0,,,0.0,1,Moto/Ciclomotor,Avda. Jorge Newbery Y pbro d Balbiano,1,1,0,0,0,0,0,"-32.035468734594, -61.221302478453",Avenida,,GÁLVEZ,San Jerónimo,Hormigón,No existe,XV,Dentro,Urbana,Otra Señal,No existe,Paso a Nivel FFCC,S/D,S/D,S/D,S/D,S/D,S/D,Caída ocupante,S/D,Vertical,Ninguna,Sin restricción
2018,7572,2018-07-10,Martes,0,,,0.0,1,Pickup/Utilitario,Moreno ,1,1,0,0,0,0,0,"-32.233379347442, -60.977288690875",Calle,,BARRANCAS,San Jerónimo,Hormigón,No existe,XV,Dentro,Urbana,S/D,S/D,Recta,S/D,S/D,S/D,S/D,Contra objeto fijo,S/D,Colisión,S/D,S/D,Ninguna,Sin restricción
2018,7573,2018-07-07,Sabado,0,,Ruta Provincial 40,0.0,1,Moto/Ciclomotor, ,1,1,0,0,0,0,0,"-29.056733338485, -60.426304249763",Ruta,40,FORTÍN OLMOS,Vera,Tierra,No existe,XIX,Dentro,Rural,S/D,S/D,Recta,S/D,S/D,S/D,S/D,S/D,S/D,Caída ocupante,S/D,S/D,Ninguna,Sin restricción
2018,7574,2018-06-02,Sabado,0,06:30:00,,0.0,1,Moto/Ciclomotor,Teniente Loza Y 12 de Octubre,1,0,0,0,0,1,0,"-31.56596,-60.73844",Calle,,SANTA FE,La Capital,Asfalto,No existe,I,Dentro,Urbana,Semáforo,Funciona,Intersección,Bueno,S/D,Diurna,S/D,Contra objeto fijo,S/D,Colisión,Ninguna,Vertical,Ninguna,Sin restricción
2018,7575,2018-02-28,Miercoles,0,10:45:00,,0.0,2,"Automóvil,Bicicleta",ALMIRANTE BROWN  Y AV LAVALLE,2,1,0,0,1,0,0,"-32.054160, -61.785099",Avenida,,CARLOS PELLEGRINI,San Martín,Asfalto,No existe,XVIII,Dentro,Urbana,Ninguna,No existe,Recta,Bueno,Buena,Diurna,Buen Tiempo,S/D,S/D,Caída ocupante,Ninguna,Faltante,Ninguna,Sin restricción
2018,7576,2018-06-03,Domingo,0,21:00:00,,0.0,2,"Transporte de Pasajeros Urbano (> 8 asientos),Moto/Ciclomotor",Av. Battle y Ordo?ez Y Av. Ovidio Lagos,2,0,0,0,1,1,0,"-33.00973,-60.67741",Calle,,ROSARIO,Rosario,Asfalto,No existe,II,Dentro,Urbana,Ninguna,Funciona,Intersección,Bueno,S/D,Nocturna,S/D,S/D,S/D,Colisión,Ninguna,Vertical,Ninguna,Sin restricción
2018,7577,2018-07-08,Domingo,0,,,0.0,2,"Automóvil,Moto/Ciclomotor",Casilda Y Matienzo Bis,2,1,0,0,1,0,0,"-32.928617853064, -60.695168488864",Calle,,ROSARIO,Rosario,Asfalto,No existe,II,Dentro,Urbana,Otra Señal,No existe,Intersección,S/D,S/D,S/D,S/D,Lateral,S/D,Colisión,S/D,Vertical,Ninguna,Sin restricción
2018,7578,2018-06-05,Martes,0,,,0.0,2,"Automóvil,Moto/Ciclomotor",F.Flynn Bis Y J.J.Paso,2,0,0,0,1,1,0,"-32.9144,-60.69535",Calle,,ROSARIO,Rosario,Asfalto,No existe,II,Dentro,Urbana,Ninguna,No existe,Intersección,Bueno,S/D,S/D,S/D,S/D,S/D,Colisión,Ninguna,Faltante,Ninguna,Sin restricción
2018,7579,2018-07-29,Domingo,0,07:15:00,Ruta Provincial 13,0.0,2,"Automóvil,Automóvil", ,2,1,0,0,0,0,1,"-31.900818, -61.846702",Ruta,13,SAN JORGE,San Martín,Asfalto,No existe,XVIII,Dentro,Urbana,Ninguna,No existe,Recta,Bueno,Buena,Diurna,Buen Tiempo,Frontal,S/D,Colisión,Ninguna,Faltante,Ninguna,Sin restricción
2018,7580,2018-07-08,Domingo,0,09:25:00,Autopista Nacional A008,0.0,1,Moto/Ciclomotor,TUCUMAN Y JUAN PABLO II,1,1,0,0,0,0,0,"-32.932795996171, -60.722231846974",Autopista,A008,ROSARIO,Rosario,Asfalto,No existe,II,Dentro,Urbana,Ninguna,No existe,Recta,S/D,S/D,Diurna,S/D,S/D,S/D,Caída ocupante,S/D,Faltante,Ninguna,Sin restricción
2018,7581,2018-07-11,Miercoles,0,11:10:00,,0.0,1,Moto/Ciclomotor,Peru 2369,2,2,0,0,0,0,0,"-32.957340013696, -60.710729001970",Calle,,ROSARIO,Rosario,Asfalto,No existe,II,Dentro,Urbana,S/D,No existe,Recta,S/D,S/D,Diurna,S/D,S/D,S/D,Caída ocupante,S/D,Faltante,Ninguna,Sin restricción
2018,7582,2018-07-11,Miercoles,0,,Autopista Provincial Brigadier E.López,53.0,2,"Automóvil,Camión", ,4,3,0,0,0,0,1,"-32.449778760314, -60.920541858252",Autopista,Brigadier E.López,MACIEL,San Jerónimo,Asfalto,Natural,XV,Dentro,Rural,S/D,S/D,Recta,S/D,S/D,S/D,S/D,De alcance,S/D,Colisión,S/D,S/D,Vegetación,Sin restricción
2018,7583,2018-07-09,Lunes,0,18:55:00,,0.0,2,"Automóvil,Moto/Ciclomotor",Rivadavia Y Leiva M,3,2,0,0,1,0,0,"-29.467942186695, -60.211271347299",Calle,,VERA,Vera,S/D,No existe,XIX,Dentro,Urbana,S/D,S/D,Intersección,S/D,S/D,Atardecer,S/D,Lateral,S/D,Colisión,S/D,S/D,Ninguna,Sin restricción
2018,7584,2018-07-29,Domingo,0,,,0.0,2,"Automóvil,Bicicleta",DR BUSCHIZZO Y RENE FAVALORO,2,1,0,0,1,0,0,"-32.368743, -61.353313",Avenida,,SAN GENARO,San Jerónimo,Asfalto,S/D,XV,Dentro,Urbana,S/D,S/D,Intersección,Bueno,S/D,S/D,S/D,Lateral,S/D,Colisión,S/D,S/D,S/D,S/D
2018,7585,2018-07-12,Jueves,0,,,0.0,2,"Moto/Ciclomotor,Automóvil",Luciano Torrent Y Laprida,4,3,0,0,1,0,0,"-31.628553276547, -60.681459073603",Calle,,SANTA FE,La Capital,Hormigón,No existe,I,Dentro,Urbana,Ninguna,No existe,Intersección,S/D,S/D,S/D,S/D,Lateral,S/D,Colisión,S/D,Faltante,Ninguna,Sin restricción
2018,7586,2018-07-29,Domingo,0,,,0.0,2,"Moto/Ciclomotor,Automóvil",San Martin 4970,3,1,0,0,2,0,0,"-32.994611111111,-60.647638888889",Avenida,,ROSARIO,Rosario,Asfalto,No existe,II,Dentro,Urbana,Ninguna,No existe,Recta,Bueno,Buena,Diurna,Buen Tiempo,Lateral,S/D,Colisión,Agua,Faltante,Barrera de hormigón,Sin restricción