anio_acci,nro_acci,fecha,desc_dia,fecha_aprox,hora_aprox,desc_ruta,km,cant_participantes,desc_participante,calle_avenida_km,total,heridos_leves,heridos_graves,heridos_gravisimos,ilesos,fallecidos,sin_datos,posicion_XY,desc_tipo_via,desc_ruta_ori,desc_loc,desc_dpto,desc_tipo_calzada,desc_tipo_banquina,desc_unidad_regional,desc_lugar_calzada,desc_zona,desc_prioridad,desc_estado_semaforo,desc_lugar_via,desc_estado_via,desc_estado_visibilidad,desc_luminosidad,desc_estado_clima,desc_tipo_colision,desc_tipo_atropello,desc_tipo_hecho,desc_pres_calzada,desc_senializacion,desc_separacion_via,desc_restriccion
2018,7587,2018-06-07,Jueves,0,12:00:00,Ruta Provincial 1,0.0,2,"Pickup/Utilitario,Moto/Ciclomotor", ,5,0,0,0,4,1,0,"-29.25568,-59.69292",Ruta,1,LA LOLA,General Obligado,Asfalto,Natural,IX,Dentro,Rural,Ninguna,No existe,Cruce,Bueno,S/D,Diurna,S/D,Frontal,S/D,Colisión,Ninguna,Faltante,Línea divisoria pintada,Sin restricción
2018,7588,2018-06-09,Sabado,0,06:50:00,,0.0,2,"Moto/Ciclomotor,Moto/Ciclomotor",Gorriti Y Av Pe?aloza,2,0,0,0,1,1,0,"-31.58627,-60.71153",Calle,,SANTA FE,La Capital,Asfalto,No existe,I,Dentro,Urbana,Semáforo,Funciona,Intersección,Bueno,S/D,Diurna,S/D,S/D,S/D,Colisión,Ninguna,Vertical,Ninguna,Sin restricción
2018,7589,2018-06-11,Lunes,0,04:30:00,Autopista Nacional Rosario -Cordoba,351.0,1,Camión c / Acoplado, ,1,0,0,0,0,1,0,"-32.86005,-61.311",Autopista,Rosario -Córdoba,CORREA,Iriondo,Asfalto,Natural,X,Fuera,Rural,Ninguna,No existe,Recta,Bueno,S/D,Nocturna,S/D,Contra objeto fijo,S/D,Colisión,Ninguna,Faltante,Ninguna,Sin restricción
2018,7590,2018-06-14,Jueves,0,04:40:00,,0.0,1,Moto/Ciclomotor,9 de Julio Y Cuerdo,2,0,1,0,0,1,0,"-30.84552,-61.59645",Calle,,TACURAL,Castellanos,S/D,S/D,V,Dentro,Urbana,S/D,S/D,Intersección,S/D,S/D,Nocturna,S/D,S/D,S/D,Caída ocupante,S/D,S/D,S/D,S/D
2018,7591,2018-06-17,Domingo,0,06:30:00,Ruta Nacional 177,2.0,3,"Transporte de Pasajeros Urbano (> 8 asientos),Automóvil,Automóvil", ,3,0,1,0,1,1,0,"-33.24613,-60.33927",Ruta,177,EMPALME VILLA CONSTITUCIÓN,Constitución,Asfalto,S/D,VI,Dentro,Rural,S/D,S/D,Recta,S/D,S/D,Diurna,S/D,Múltiple,S/D,Colisión,S/D,S/D,S/D,S/D
2018,7592,2018-10-17,Miercoles,0,15:00:00,,0.0,2,"Moto/Ciclomotor,Pickup/Utilitario",Pavon Y Sanchez de Bustamante,2,1,0,0,1,0,0,"-33.0015,-60.634111111111",Calle,,ROSARIO,Rosario,Asfalto,No existe,II,Dentro,Urbana,Ninguna,No existe,Intersección,Bueno,Buena,Diurna,Buen Tiempo,Lateral,S/D,Colisión,Ninguna,Faltante,Ninguna,Sin restricción
2018,7593,2018-08-12,Domingo,0,00:30:00,,0.0,2,"Moto/Ciclomotor,Moto/Ciclomotor",Avenida San Martin Y 9 de Julio,2,2,0,0,0,0,0,"-28.488416666667,-59.352972222222",Calle,,VILLA OCAMPO,General Obligado,S/D,S/D,IX,S/D,Urbana,S/D,S/D,Intersección,S/D,S/D,S/D,S/D,S/D,S/D,Colisión,S/D,S/D,S/D,S/D
2018,7594,2018-08-12,Domingo,0,07:00:00,,0.0,2,"Automóvil,Peatón",Calle 12 Y Calle 21,2,1,0,0,1,0,0,"-29.122972222222,-59.659472222222",Calle,,AVELLANEDA,General Obligado,S/D,S/D,IX,S/D,Urbana,S/D,S/D,Intersección,S/D,S/D,S/D,S/D,S/D,Peatón,Atropello,S/D,S/D,S/D,S/D
2018,7595,2018-08-23,Jueves,0,20:30:00,,0.0,2,"Bicicleta,Transporte de Pasajeros",Santa Fe ,2,0,1,0,1,0,0,"-33.71952, -61.97635",Calle,,VENADO TUERTO,General López,Asfalto,No existe,VIII,Dentro,Urbana,Ninguna,No existe,Recta,S/D,S/D,Nocturna,S/D,S/D,Ciclista,Atropello,S/D,S/D,S/D,Sin restricción
2018,7596,2018-08-10,Viernes,0,18:00:00,,0.0,2,"Pickup/Utilitario,Moto/Ciclomotor",Calle 42 - Misiones Y Calle 23-Gral lopez,2,1,0,0,1,0,0,"-29.147083333333,-59.660416666667",Calle,,RECONQUISTA,General Obligado,S/D,S/D,IX,S/D,Urbana,S/D,S/D,Intersección,S/D,S/D,S/D,S/D,S/D,S/D,Colisión,S/D,S/D,S/D,S/D
2018,7597,2018-08-10,Viernes,0,12:55:00,,0.0,2,"Moto/Ciclomotor,Moto/Ciclomotor",Calle 104 Y Calle 111,2,2,0,0,0,0,0,"-29.1165,-59.667333333333",Calle,,AVELLANEDA,General Obligado,S/D,S/D,IX,S/D,Urbana,S/D,S/D,Intersección,S/D,S/D,S/D,S/D,S/D,S/D,Colisión,S/D,S/D,S/D,S/D
2018,7598,2018-10-17,Miercoles,0,21:00:00,,0.0,2,"Automóvil,Automóvil",J.J.Paso Y Pje. Sotomayor Bis,2,1,0,0,1,0,0,"-32.919694444444,-60.695222222222",Calle,,ROSARIO,Rosario,Asfalto,S/D,II,S/D,S/D,S/D,S/D,Recta,Bueno,S/D,S/D,Buen Tiempo,S/D,S/D,Colisión,S/D,S/D,Ninguna,S/D
2018,7599,2018-08-23,Jueves,0,08:45:00,,0.0,1,Automóvil,Av Belgrano 600,1,1,0,0,0,0,0,"-32.99563, -60.76774",Avenida,,PÉREZ,Rosario,Asfalto,S/D,II,Dentro,Urbana,Ninguna,No existe,Recta,S/D,Buena,Diurna,Buen Tiempo,S/D,S/D,Despiste,S/D,S/D,S/D,Sin restricción
2018,7600,2018-08-10,Viernes,0,07:30:00,Ruta Provincial 40,0.0,2,"Bicicleta,Moto/Ciclomotor", ,4,3,0,0,1,0,0,"-29.15269, -59.67638",Ruta,40,RECONQUISTA,General Obligado,S/D,S/D,IX,S/D,Urbana,S/D,S/D,Recta,S/D,S/D,S/D,S/D,S/D,Ciclista,Atropello,S/D,S/D,S/D,S/D
2018,7601,2018-08-24,Viernes,0,22:00:00,,0.0,1,Moto/Ciclomotor,Av Circunvalaci?n ,1,1,0,0,0,0,0,"-31.66596, -60.71069",Avenida,,SANTA FE,La Capital,Asfalto,No existe,I,Dentro,Rural,Ninguna,No existe,Recta,Bueno,Reducida,Nocturna,S/D,Atropello animal,S/D,Colisión,Ninguna,S/D,S/D,Sin restricción
2018,7602,2018-08-13,Lunes,0,09:30:00,Ruta Nacional 11,0.0,1,Pickup/Utilitario,Las Heras Y Av L de la Torre-Ruta Nac 11,1,1,0,0,0,0,0,"-31.95925,-60.927888888889",Ruta,11,CORONDA,San Jerónimo,S/D,S/D,XV,S/D,Urbana,S/D,S/D,S/D,S/D,S/D,S/D,S/D,"Atropello animal,Contra objeto fijo",S/D,"Colisión,Atropello",S/D,S/D,S/D,S/D
2018,7603,2018-08-23,Jueves,0,21:14:00,Ruta Provincial 6,0.0,2,"Automóvil,Automóvil", ,2,2,0,0,0,0,0,"-31.38697, -60.8943",Ruta,6,ESPERANZA,Las Colonias,Asfalto,Natural,XI,Dentro,Rural,Ninguna,No existe,Recta,S/D,S/D,Nocturna,S/D,S/D,S/D,Colisión,Ninguna,S/D,Guardarrail,Sin restricción
2018,7604,2018-08-15,Miercoles,0,17:40:00,,0.0,2,"Automóvil,Moto/Ciclomotor",Entre Rios Y Malvinas,3,2,0,0,1,0,0,"-33.742333333333,-61.953833333333",Calle,,VENADO TUERTO,General López,S/D,S/D,VIII,S/D,Urbana,S/D,S/D,Intersección,S/D,S/D,S/D,S/D,S/D,S/D,Colisión,S/D,S/D,S/D,S/D
2018,7605,2018-08-15,Miercoles,0,18:05:00,,0.0,1,Moto/Ciclomotor,Lisandro de la Torre Y E Lussenhoff,2,2,0,0,0,0,0,"-33.728083333333,-61.989888888889",Calle,,VENADO TUERTO,General López,S/D,S/D,VIII,S/D,Urbana,S/D,S/D,Intersección,S/D,S/D,S/D,S/D,Atropello animal,S/D,Atropello,S/D,S/D,S/D,S/D
2018,7606,2018-08-24,Viernes,0,,,0.0,3,"Automóvil,Automóvil,Moto/Ciclomotor",Bolivar Y E Zeballos,3,1,0,0,2,0,0,"-30.94637, -61.55806",Calle,,SUNCHALES,Castellanos,Asfalto,No existe,V,Dentro,Urbana,S/D,S/D,Intersección,S/D,S/D,S/D,S/D,Múltiple,S/D,Colisión,S/D,S/D,S/D,Sin restricción
2018,7607,2018-08-15,Miercoles,0,06:10:00,,0.0,2,"Tracción animal / Carro,Pickup/Utilitario",Cordoba ,5,2,1,0,2,0,0,"-32.71742, -60.73161",Calle,,PUERTO SAN MARTÍN,San Lorenzo,S/D,S/D,XVII,S/D,Urbana,S/D,S/D,S/D,S/D,S/D,S/D,S/D,De alcance,S/D,Colisión,S/D,S/D,S/D,S/D
2018,7608,2018-08-24,Viernes,0,16:30:00,,0.0,2,"Moto/Ciclomotor,Automóvil",Calle 328 Y Calle 309,2,1,0,0,1,0,0,"-29.108861111111,-59.647111111111",Calle,,AVELLANEDA,General Obligado,S/D,No existe,IX,Dentro,Urbana,Ninguna,S/D,Intersección,S/D,S/D,Diurna,S/D,S/D,S/D,Colisión,S/D,S/D,S/D,Sin restricción
2018,7609,2018-08-15,Miercoles,0,12:30:00,,0.0,2,"Moto/Ciclomotor,Moto/Ciclomotor",Almafuerte Y Bv G L Lhemann,2,1,0,0,1,0,0,"-31.24575,-61.490138888889",Calle,,RAFAELA,Castellanos,S/D,S/D,V,S/D,Urbana,S/D,S/D,Intersección,S/D,S/D,S/D,S/D,S/D,S/D,Colisión,S/D,S/D,S/D,S/D
2018,7610,2018-10-17,Miercoles,0,18:00:00,,0.0,2,"Moto/Ciclomotor,Pickup/Utilitario",AV. ESTANISLAO LOPEZ Y AV. MADRES PLAZA DE MAYO,2,1,0,0,1,0,0,"-32.92759, -60.65717",S/D,,ROSARIO,Rosario,Asfalto,No existe,II,S/D,S/D,Ninguna,No existe,Recta,Bueno,Buena,Diurna,Buen Tiempo,Otro,S/D,Colisión,Ninguna,Faltante,Ninguna,Sin restricción
2018,7611,2018-10-17,Miercoles,0,17:00:00,,0.0,3,"Automóvil,Taxi/Remis,Moto/Ciclomotor",Italia Y Cordoba,6,6,0,0,0,0,0,"-32.944694444444,-60.647861111111",S/D,,ROSARIO,Rosario,S/D,S/D,II,S/D,Urbana,S/D,S/D,Intersección,S/D,S/D,Diurna,S/D,Múltiple,S/D,Colisión,S/D,S/D,S/D,S/D
2018,7612,2018-10-17,Miercoles,0,14:10:00,,0.0,2,"Automóvil,Vehículo Oficial",Pueyrredon Y San Juan,4,3,0,0,1,0,0,"-32.946722222222,-60.658333333333",Calle,,ROSARIO,Rosario,S/D,S/D,II,S/D,Urbana,S/D,S/D,Intersección,S/D,S/D,Diurna,S/D,S/D,S/D,Colisión,S/D,S/D,S/D,S/D
2018,7613,2018-07-12,Jueves,0,,,0.0,2,"Moto/Ciclomotor,Pickup/Utilitario",Sarmiento Y Rotania,2,1,0,0,1,0,0,"-30.948625713111, -61.559708603129",Calle,,SUNCHALES,Castellanos,Asfalto,No existe,V,Dentro,Urbana,Marca Vial,No existe,Intersección,S/D,S/D,S/D,S/D,Lateral,S/D,Colisión,S/D,Horizontal,Cordón divisorio,Sin restricción
2018,7614,2018-07-12,Jueves,0,,,0.0,2,"Bicicleta,Automóvil",Boulevard Centenario Y Sarmiento,2,1,0,0,1,0,0,"-32.814904530060, -61.390643211955",Calle,,CAÑADA DE GÓMEZ,Iriondo,Hormigón,No existe,X,Dentro,Urbana,Ninguna,No existe,Intersección,S/D,S/D,S/D,S/D,S/D,Ciclista,Atropello,S/D,Faltante,Cordón divisorio,Sin restricción
2018,7615,2018-07-12,Jueves,0,,,0.0,2,"Moto/Ciclomotor,Moto/Ciclomotor", ,2,2,0,0,0,0,0,"-31.452157611352, -60.928230863741",Calle,,ESPERANZA,Las Colonias,Asfalto,No existe,XI,Dentro,Urbana,S/D,S/D,S/D,S/D,S/D,S/D,S/D,S/D,S/D,Colisión,S/D,S/D,S/D,Sin restricción
2018,7616,2018-06-17,Domingo,0,08:00:00,Ruta Provincial 90,0.0,1,Automóvil, ,2,0,1,0,0,1,0,"-33.68576,-61.5679",Ruta,90,ELORTONDO,General López,Asfalto,S/D,VIII,Dentro,Rural,S/D,S/D,Recta,S/D,S/D,Diurna,S/D,S/D,S/D,Vuelco,S/D,S/D,S/D,S/D
2018,7617,2018-07-12,Jueves,0,,,0.0,2,"Moto/Ciclomotor,Automóvil", ,3,2,0,0,1,0,0,"-32.031539231731, -61.219428053604",Calle,,GÁLVEZ,San Jerónimo,S/D,No existe,XV,Dentro,Urbana,S/D,S/D,S/D,S/D,S/D,S/D,S/D,S/D,S/D,Colisión,S/D,S/D,S/D,S/D
2018,7618,2018-06-08,Viernes,0,21:30:00,,0.0,1,Moto/Ciclomotor,Hernandarias Y Gdor Freyre,1,0,0,0,0,1,0,"-31.60477,-60.70672",Calle,,SANTA FE,La Capital,Asfalto,No existe,I,Dentro,Urbana,Ninguna,No existe,Intersección,Bueno,S/D,Nocturna,S/D,S/D,S/D,Caída ocupante,Ninguna,Faltante,Ninguna,Sin restricción
2018,7619,2018-06-20,Miercoles,0,12:15:00,Ruta Provincial 13,102.0,1,Automóvil, ,2,1,0,0,0,1,0,"-31.63512,-61.75316",Ruta,13,MARÍA JUANA,Castellanos,Asfalto,Natural,V,Dentro,Rural,Ninguna,No existe,Recta,Bueno,S/D,Diurna,S/D,Contra objeto fijo,S/D,Colisión,Ninguna,Faltante,Ninguna,Sin restricción
2018,7620,2018-06-26,Martes,0,04:00:00,,0.0,2,"Pickup/Utilitario,Moto/Ciclomotor",Av Urquiza Y La Rioja,2,0,0,0,1,1,0,"-31.64418,-60.71268",Calle,,SANTA FE,La Capital,Asfalto,No existe,I,Dentro,Urbana,Semáforo,Funciona,Intersección,Bueno,S/D,Nocturna,S/D,Lateral,S/D,Colisión,Ninguna,"Horizontal,Vertical",Ninguna,Sin restricción
2018,7621,2018-06-23,Sabado,0,18:50:00,,0.0,2,"Tractor,Moto/Ciclomotor",Saavedra Y Pje s/n,2,0,0,0,1,1,0,"-29.3381,-59.96131",Calle,,MALABRIGO,General Obligado,S/D,S/D,IX,Dentro,Urbana,S/D,S/D,S/D,S/D,S/D,Diurna,S/D,Lateral,S/D,Colisión,S/D,S/D,S/D,S/D
2018,7623,2018-07-13,Viernes,1,11:25:00,,0.0,2,"Moto/Ciclomotor,Automóvil",Mendoza 5400,2,1,0,0,1,0,0,"-32.941150805308, -60.697404796937",Calle,,ROSARIO,Rosario,Asfalto,No existe,II,Dentro,Urbana,Semáforo,Funciona,Recta,S/D,S/D,Diurna,S/D,Lateral,S/D,Colisión,S/D,"Horizontal,Vertical",Ninguna,Sin restricción
2018,7624,2018-07-28,Sabado,0,,,0.0,2,"Automóvil,Automóvil", ,2,1,0,0,1,0,0,"-31.450513, -60.927641",S/D,,ESPERANZA,Las Colonias,S/D,S/D,XI,S/D,S/D,S/D,S/D,S/D,S/D,S/D,S/D,S/D,S/D,S/D,Colisión,S/D,S/D,S/D,S/D
2018,7625,2018-06-09,Sabado,0,03:55:00,Ruta Nacional 8,345.0,2,"Tren,Camión c / Acoplado", ,2,0,0,0,1,1,0,"-33.83223,-61.77447",Ruta,8,CHAPUY,General López,Asfalto,Natural,VIII,Dentro,Urbana,Ninguna,No existe,Paso a Nivel FFCC,Bueno,S/D,Nocturna,S/D,S/D,S/D,Colisión,Ninguna,Faltante,Línea divisoria pintada,Sin restricción
2018,7626,2018-06-11,Lunes,0,20:45:00,,0.0,1,Moto/Ciclomotor,Islas Malvinas Y San martin,1,0,0,0,0,1,0,"-28.03882,-59.22701",Calle,,FLORENCIA,General Obligado,S/D,S/D,IX,Dentro,Urbana,S/D,S/D,Intersección,S/D,S/D,Nocturna,S/D,Atropello animal,S/D,Colisión,S/D,S/D,S/D,S/D
2018,7627,2018-07-28,Sabado,0,,,0.0,2,"Automóvil,Pickup/Utilitario", ,2,1,0,0,1,0,0,"-31.965468, -60.921166",S/D,,CORONDA,San Jerónimo,S/D,S/D,XV,S/D,S/D,S/D,S/D,S/D,S/D,S/D,S/D,S/D,S/D,S/D,Colisión,S/D,S/D,S/D,S/D
2018,7628,2018-06-21,Jueves,0,14:45:00,,0.0,2,"Moto/Ciclomotor,Automóvil",Mariano Moreno Y 9 de Julio,3,0,1,0,1,1,0,"-31.45442,-60.93412",Calle,,ESPERANZA,Las Colonias,Asfalto,S/D,XI,Dentro,Urbana,S/D,S/D,Intersección,S/D,S/D,Diurna,S/D,Lateral,S/D,Colisión,S/D,S/D,S/D,S/D
2018,7629,2018-03-01,Jueves,1,,,0.0,1,Otros, ,1,0,0,0,0,1,0,"-32.85459,-60.71531",S/D,,GRANADERO BAIGORRIA,Rosario,S/D,S/D,II,S/D,S/D,S/D,S/D,S/D,S/D,S/D,S/D,S/D,S/D,S/D,S/D,S/D,S/D,S/D,S/D
2018,7630,2018-07-13,Viernes,0,,,0.0,2,"Moto/Ciclomotor,Automóvil",Calle 9 Y Islas Malvinas-Calle 82,3,2,0,0,1,0,0,"-31.434347066289, -62.062402777392",Calle,,FRONTERA,Castellanos,Hormigón,No existe,V,Dentro,Urbana,Ninguna,No existe,Intersección,S/D,S/D,S/D,S/D,Lateral,S/D,Colisión,S/D,Faltante,Ninguna,Sin restricción
2018,7631,2018-06-23,Sabado,0,05:15:00,Ruta Provincial 23,0.0,4,"Moto/Ciclomotor,Moto/Ciclomotor,Pickup/Utilitario,Automóvil",Jujuy ,6,0,0,0,5,1,0,"-30.35113,-61.90843",Ruta,23,SAN GUILLERMO,San Cristóbal,"Asfalto,Tierra",Natural,XIII,Dentro,Urbana,Ninguna,No existe,Recta,Bueno,S/D,Nocturna,S/D,Múltiple,S/D,Colisión,Ninguna,Faltante,Ninguna,Sin restricción
2018,7632,2018-07-13,Viernes,0,,,0.0,2,"Moto/Ciclomotor,Automóvil", ,2,1,0,0,1,0,0,"-31.452732065353, -60.933581879983",S/D,,ESPERANZA,Las Colonias,S/D,No existe,XI,Dentro,Urbana,S/D,S/D,S/D,S/D,S/D,S/D,S/D,S/D,S/D,Colisión,S/D,S/D,S/D,Sin restricción
2018,7633,2018-06-30,Sabado,0,06:45:00,,0.0,2,"Automóvil,Moto/Ciclomotor",Av. Pte.Peron Y P.L.Funes,2,0,0,0,0,1,1,"-32.96236,-60.70033",Calle,,ROSARIO,Rosario,Asfalto,No existe,II,Dentro,Urbana,Ninguna,No existe,Intersección,Bueno,S/D,Diurna,S/D,S/D,S/D,Colisión,Ninguna,Horizontal,Cordón divisorio,Sin restricción
2018,7634,2018-07-28,Sabado,0,,,0.0,1,Moto/Ciclomotor, ,3,3,0,0,0,0,0,"-32.371244, -61.364922",Calle,,SAN GENARO,San Jerónimo,Asfalto,No existe,XV,Dentro,Urbana,S/D,No existe,Recta,Bueno,Reducida,Diurna,Lluvia,S/D,S/D,Caída ocupante,Agua,S/D,Ninguna,Sin restricción
2018,7635,2018-01-24,Miercoles,0,,,0.0,1,Moto/Ciclomotor, ,1,0,0,0,0,1,0,"-32.85617,-60.70417",S/D,,GRANADERO BAIGORRIA,Rosario,S/D,S/D,II,S/D,S/D,S/D,S/D,S/D,S/D,S/D,S/D,S/D,S/D,S/D,Caída ocupante,S/D,S/D,S/D,S/D
2018,7636,2018-07-14,Sabado,0,,Autopista Nacional A008,0.0,8,"Camión,Automóvil,Pickup/Utilitario,Automóvil,Automóvil,Automóvil,Automóvil,Automóvil",Av. Circunvalacion Y Av. Ntra.Sra.del Rosario,8,3,0,0,5,0,0,"-33.001290434626, -60.688236950563",Autopista,A008,ROSARIO,Rosario,Asfalto,Natural,II,Dentro,Urbana,Ninguna,No existe,Recta,S/D,S/D,S/D,S/D,Múltiple,S/D,Colisión,S/D,Faltante,Guardarrail,Sin restricción
2018,7637,2018-07-13,Viernes,0,15:40:00,Ruta Nacional 11,0.0,2,"Automóvil,Moto/Ciclomotor",Calle 34 2116,3,0,1,0,1,1,0,"-29.15774,-59.658",Ruta,11,RECONQUISTA,General Obligado,Asfalto,Pavimento,IX,Dentro,Urbana,Ninguna,No existe,Recta,S/D,S/D,Diurna,S/D,Frontal,S/D,Colisión,S/D,Faltante,Línea divisoria pintada,Sin restricción
2018,7638,2018-07-27,Viernes,0,,,0.0,1,Moto/Ciclomotor, ,1,1,0,0,0,0,0,"-33.320329, -62.040190",Calle,,CHAÑAR LADEADO,Caseros,Asfalto,S/D,IV,Dentro,Urbana,S/D,S/D,Recta,Bueno,S/D,S/D,S/D,S/D,S/D,Caída ocupante,Ninguna,S/D,S/D,S/D
2018,7639,2018-07-26,Jueves,0,,,0.0,2,"Automóvil,Bicicleta",San Javier 1380,2,1,0,0,1,0,0,"-31.973797, -60.917707",Calle,,CORONDA,San Jerónimo,Asfalto,No existe,XV,Dentro,Urbana,S/D,No existe,Recta,Bueno,Buena,S/D,S/D,S/D,S/D,Caída ocupante,Ninguna,Faltante,Ninguna,Sin restricción
2018,7640,2018-07-13,Viernes,0,14:30:00,Ruta Nacional 11,0.0,2,"Moto/Ciclomotor,Automóvil",Calle 21 ,3,2,0,0,1,0,0,"-29.123727, -59.653178",Ruta,11,AVELLANEDA,General Obligado,Asfalto,No existe,IX,Dentro,Urbana,Semáforo,Funciona,Intersección,Bueno,Buena,Diurna,Buen Tiempo,De alcance,S/D,Colisión,Ninguna,"Horizontal,Vertical",Línea divisoria pintada,Sin restricción
2018,7641,2018-08-15,Miercoles,0,,Ruta Provincial 1,4.0,2,"Automóvil,Moto/Ciclomotor", ,2,2,0,0,0,0,0,"-31.59448, -60.56877",Ruta,1,SANTA FE,La Capital,S/D,S/D,I,S/D,Urbana,S/D,S/D,Recta,S/D,S/D,S/D,S/D,S/D,S/D,Colisión,S/D,S/D,S/D,S/D
2018,7642,2018-08-15,Miercoles,0,12:30:00,,0.0,2,"Moto/Ciclomotor,Automóvil",Calle 44-27 de Abril Y Calle 75-Lisandro de la Torre,2,1,0,0,1,0,0,"-29.170694444444,-59.666388888889",Calle,,RECONQUISTA,General Obligado,S/D,S/D,IX,S/D,Urbana,S/D,S/D,Intersección,S/D,S/D,S/D,S/D,S/D,S/D,Colisión,S/D,S/D,S/D,S/D
2018,7643,2018-08-27,Lunes,0,09:30:00,,0.0,2,"Bicicleta,Automóvil",Rivadavia Y 9 de Julio,2,1,0,0,1,0,0,"-31.455305555556,-60.930194444444",Calle,,ESPERANZA,Las Colonias,Asfalto,No existe,XI,Dentro,Urbana,S/D,S/D,Intersección,S/D,S/D,Diurna,S/D,S/D,Ciclista,Atropello,S/D,S/D,S/D,Sin restricción
2018,7644,2018-08-03,Viernes,0,10:15:00,Ruta Nacional 19,18.0,2,"Automóvil,Camión", ,3,2,0,0,1,0,0,"-31.6399, -60.95551",Ruta,19,SAN AGUSTÍN,Las Colonias,S/D,S/D,XI,S/D,Urbana,S/D,S/D,Recta,S/D,S/D,S/D,S/D,S/D,S/D,Colisión,S/D,S/D,S/D,S/D
2018,7645,2018-08-25,Sabado,0,13:30:00,,0.0,2,"Moto/Ciclomotor,Automóvil",Alvear Y Gral Manuel Belgrano,2,1,0,0,1,0,0,"-33.748388888889,-61.964944444444",Calle,,VENADO TUERTO,General López,Asfalto,No existe,VIII,Dentro,Urbana,Ninguna,S/D,Intersección,S/D,S/D,Diurna,S/D,S/D,S/D,Colisión,S/D,S/D,S/D,Sin restricción
2018,7646,2018-08-07,Martes,0,10:10:00,Ruta Nacional 19,107.0,2,"Automóvil,Camión Chasis", ,3,2,0,0,1,0,0,"-31.45846, -61.86266",Ruta,19,ZENÓN PEREYRA,Castellanos,S/D,S/D,V,S/D,Urbana,S/D,S/D,S/D,S/D,S/D,S/D,S/D,S/D,S/D,Colisión,S/D,S/D,S/D,S/D
2018,7647,2018-10-16,Martes,0,,,0.0,1,Otros, ,1,1,0,0,0,0,0,"-31.55264, -61.07781",S/D,,SAN JERÓNIMO NORTE,Las Colonias,S/D,S/D,XI,S/D,S/D,S/D,S/D,S/D,S/D,S/D,S/D,S/D,S/D,S/D,Despiste,S/D,S/D,S/D,S/D
2018,7648,2018-08-25,Sabado,0,10:00:00,,0.0,1,Moto/Ciclomotor,Mendoza 3300,1,0,1,0,0,0,0,"-32.946166666667,-60.669555555556",Calle,,ROSARIO,Rosario,Asfalto,No existe,II,Dentro,Urbana,Ninguna,S/D,Recta,Con baches,S/D,Diurna,S/D,S/D,S/D,Caída ocupante,Otro,Faltante,Ninguna,Reparación de Vía
2018,7649,2018-08-07,Martes,0,13:00:00,,0.0,2,"Moto/Ciclomotor,Automóvil",Fdo Fader Y Bv H Irigoyen,3,2,0,0,1,0,0,"-31.263333333333,-61.494138888889",Calle,,RAFAELA,Castellanos,S/D,S/D,V,S/D,Urbana,S/D,S/D,Intersección,S/D,S/D,S/D,S/D,S/D,S/D,Colisión,S/D,S/D,S/D,S/D
2018,7650,2018-10-17,Miercoles,0,,,0.0,2,"Vehículo Oficial,Otros", ,3,0,1,0,2,0,0,"-32.08191, -60.97706",S/D,,AROCENA,San Jerónimo,S/D,S/D,XV,S/D,S/D,S/D,S/D,S/D,S/D,S/D,S/D,S/D,S/D,S/D,S/D,S/D,S/D,S/D,S/D
2018,7651,2018-08-07,Martes,0,00:30:00,Ruta Nacional Gral. Juan Jose Valle,284.0,1,Camión Chasis, ,1,1,0,0,0,0,0,"-33.05166, -60.65833",Ruta,Gral. Juan José Valle,VILLA GOBERNADOR GÁLVEZ,Rosario,S/D,S/D,II,S/D,Urbana,S/D,S/D,Recta,S/D,S/D,S/D,S/D,S/D,S/D,Despiste,S/D,S/D,S/D,S/D
2018,7652,2018-10-16,Martes,0,12:30:00,,0.0,2,"Automóvil,Moto/Ciclomotor", ,2,1,1,0,0,0,0,"-29.459055555556,-60.219222222222",S/D,,VERA,Vera,S/D,S/D,XIX,S/D,S/D,S/D,S/D,S/D,S/D,S/D,S/D,S/D,S/D,S/D,S/D,S/D,S/D,S/D,S/D
2018,7653,2018-08-08,Miercoles,0,,Ruta Provincial 31,0.0,2,"Automóvil,Moto/Ciclomotor",ACCESO LANTERI ,3,1,0,0,2,0,0,"-28.83123, -59.69726",Ruta,31,LANTERI,General Obligado,S/D,S/D,IX,S/D,Urbana,S/D,S/D,S/D,S/D,S/D,S/D,S/D,S/D,S/D,Colisión,S/D,S/D,S/D,S/D
2018,7654,2018-08-25,Sabado,0,05:00:00,Ruta Provincial 21,10.5,1,Moto/Ciclomotor, ,1,0,0,0,0,1,0,"-33.08942, -60.56592",Ruta,21,PUEBLO ESTHER,Rosario,Asfalto,Natural,II,Dentro,Urbana,Ninguna,No existe,Recta,S/D,S/D,Nocturna,S/D,S/D,S/D,Caída ocupante,S/D,S/D,"Ninguna,S/D",Sin restricción
2018,7655,2018-10-17,Miercoles,0,,,0.0,2,"Moto/Ciclomotor,Automóvil",Don Guanella Y Azopardo,2,1,0,0,1,0,0,"-31.595,-60.720444444444",S/D,,SANTA FE,La Capital,S/D,S/D,I,S/D,S/D,S/D,S/D,S/D,S/D,S/D,S/D,S/D,S/D,S/D,S/D,S/D,S/D,S/D,S/D
2018,7656,2018-08-15,Miercoles,0,,Ruta Provincial Brigadier E.López,54.0,1,Camión c / Acoplado, ,1,1,0,0,0,0,0,"-32.33273, -60.96571",Ruta,Brigadier E.López,MACIEL,San Jerónimo,S/D,S/D,XV,S/D,Urbana,S/D,S/D,Recta,S/D,S/D,S/D,S/D,S/D,S/D,Vuelco,S/D,S/D,S/D,S/D
2018,7657,2018-08-26,Domingo,0,,Ruta Provincial 70,29.0,2,"Automóvil,Pickup/Utilitario", ,2,2,0,0,0,0,0,"-31.42834, -60.98253",Ruta,70,ESPERANZA,Las Colonias,Asfalto,Natural,XI,Dentro,Rural,Ninguna,No existe,Recta,S/D,S/D,S/D,S/D,Frontal,S/D,Colisión,Ninguna,S/D,S/D,S/D
2018,7658,2018-08-15,Miercoles,0,20:40:00,Ruta Nacional 34,96.0,2,"Camión c / Acoplado,Camión c / Acoplado", ,2,1,0,0,1,0,0,"-32.29646, -61.41909",Ruta,34,CENTENO,San Jerónimo,S/D,S/D,XV,S/D,Urbana,S/D,S/D,S/D,S/D,S/D,S/D,S/D,Frontal,S/D,Colisión,S/D,S/D,S/D,S/D
2018,7659,2018-10-18,Jueves,0,13:10:00,,0.0,2,"Automóvil,Pickup/Utilitario",Superi Y Anchoris,4,2,0,0,2,0,0,"-32.895916666667,-60.700277777778",S/D,,ROSARIO,Rosario,Asfalto,No existe,II,S/D,Urbana,Señal Pare,No existe,Intersección,Bueno,Buena,Diurna,Buen Tiempo,S/D,S/D,Colisión,Ninguna,Horizontal,Ninguna,Sin restricción