anio_acci,nro_acci,fecha,desc_dia,fecha_aprox,hora_aprox,desc_ruta,km,cant_participantes,desc_participante,calle_avenida_km,total,heridos_leves,heridos_graves,heridos_gravisimos,ilesos,fallecidos,sin_datos,posicion_XY,desc_tipo_via,desc_ruta_ori,desc_loc,desc_dpto,desc_tipo_calzada,desc_tipo_banquina,desc_unidad_regional,desc_lugar_calzada,desc_zona,desc_prioridad,desc_estado_semaforo,desc_lugar_via,desc_estado_via,desc_estado_visibilidad,desc_luminosidad,desc_estado_clima,desc_tipo_colision,desc_tipo_atropello,desc_tipo_hecho,desc_pres_calzada,desc_senializacion,desc_separacion_via,desc_restriccion
2018,7660,2018-08-27,Lunes,0,17:00:00,,0.0,1,Automóvil, ,2,2,0,0,0,0,0,"-31.44897, -60.93039",Camino Rural,,ESPERANZA,Las Colonias,Tierra,S/D,XI,Dentro,S/D,Ninguna,No existe,S/D,S/D,S/D,Diurna,S/D,S/D,S/D,Despiste,S/D,S/D,Ninguna,Sin restricción
2018,7661,2018-10-18,Jueves,0,08:30:00,,0.0,2,"Moto/Ciclomotor,Pickup/Utilitario",Padilla Y Candioti,3,2,0,0,1,0,0,"-31.6235,-60.691444444444",Calle,,SANTA FE,La Capital,Asfalto,No existe,I,Dentro,Urbana,Ninguna,No existe,Intersección,Bueno,Buena,Diurna,Buen Tiempo,Lateral,S/D,Colisión,Ninguna,S/D,Ninguna,Sin restricción
2018,7662,2018-10-18,Jueves,0,12:00:00,,0.0,2,"Automóvil,Automóvil",Saavedra Y Obispo Gelabert,2,0,0,0,0,0,2,"-31.634777777778,-60.712722222222",Calle,,SANTA FE,La Capital,Asfalto,No existe,I,Dentro,Urbana,Otra Señal,Funciona,Recta,Bueno,Buena,Diurna,Buen Tiempo,Otro,S/D,Colisión,Otro,Vertical,Ninguna,Sin restricción
2018,7663,2018-10-18,Jueves,0,18:30:00,,0.0,2,"Moto/Ciclomotor,Pickup/Utilitario",Francia Y Catamarca,2,0,0,0,0,0,2,"-31.643027777778,-60.71375",Calle,,SANTA FE,La Capital,Asfalto,No existe,I,Dentro,Urbana,Ninguna,Funciona,Recta,Bueno,Buena,Diurna,Buen Tiempo,Otro,S/D,Colisión,Otro,Vertical,Ninguna,Sin restricción
2018,7664,2018-08-26,Domingo,0,11:30:00,,0.0,2,"Moto/Ciclomotor,Automóvil",Calle 11-Alvear Y Calle 28 - San Lorenzo,3,2,0,0,1,0,0,"-29.141416666667,-59.651944444444",Calle,,RECONQUISTA,General Obligado,Asfalto,No existe,IX,Dentro,Urbana,S/D,S/D,Intersección,S/D,S/D,Diurna,S/D,Lateral,S/D,Colisión,S/D,S/D,S/D,Sin restricción
2018,7665,2018-10-18,Jueves,0,16:30:00,,0.0,2,"Automóvil,Moto/Ciclomotor",Candioti Y Quintana,3,2,0,0,1,0,0,"-31.624416666667,-60.691722222222",Calle,,SANTA FE,La Capital,Asfalto,No existe,I,Dentro,Urbana,Ninguna,No existe,Intersección,Bueno,Buena,Diurna,Buen Tiempo,De alcance,S/D,Colisión,Ninguna,S/D,Ninguna,Sin restricción
2018,7666,2018-08-28,Martes,0,07:00:00,,0.0,2,"Automóvil,Automóvil",Av. Uriburu Y Sarmiento,2,0,1,0,1,0,0,"-32.99075,-60.649444444444",Calle,,ROSARIO,Rosario,Asfalto,No existe,II,Dentro,Urbana,Ninguna,S/D,Intersección,Bueno,S/D,Diurna,S/D,Lateral,S/D,Colisión,S/D,S/D,S/D,Sin restricción
2018,7667,2018-07-15,Domingo,0,04:40:00,,0.0,1,Automóvil,AV. INT. MORCILLO 3135,1,1,0,0,0,0,0,"-32.954740763830, -60.662302232349",Avenida,,ROSARIO,Rosario,Asfalto,No existe,II,Dentro,Urbana,Ninguna,No existe,Recta,S/D,S/D,Nocturna,S/D,S/D,S/D,Despiste,S/D,Faltante,Ninguna,Sin restricción
2018,7668,2018-07-26,Jueves,0,,,0.0,2,"Moto/Ciclomotor,Pickup/Utilitario", ,3,1,0,0,2,0,0,"-31.977482, -60.919922",S/D,,CORONDA,San Jerónimo,Asfalto,S/D,XV,Dentro,Urbana,S/D,S/D,S/D,Bueno,S/D,S/D,S/D,S/D,S/D,Colisión,S/D,S/D,Ninguna,S/D
2018,7669,2018-07-15,Domingo,0,,,0.0,2,"Moto/Ciclomotor,Automóvil", ,2,1,0,0,1,0,0,"-33.040728158904, -61.164210771812",Calle,,CASILDA,Caseros,Asfalto,No existe,IV,Dentro,Urbana,S/D,S/D,Intersección,S/D,S/D,S/D,S/D,Lateral,S/D,Colisión,S/D,S/D,S/D,S/D
2018,7670,2018-07-13,Viernes,0,11:30:00,,0.0,2,"Moto/Ciclomotor,Automóvil",Avenida San Martin Y Esquiu,6,1,1,0,4,0,0,"-28.488416666667,-59.355944444444",Avenida,,VILLA OCAMPO,General Obligado,Asfalto,No existe,IX,Dentro,Urbana,S/D,S/D,Intersección,S/D,S/D,Diurna,S/D,Lateral,S/D,Colisión,S/D,S/D,S/D,Sin restricción
2018,7671,2018-07-13,Viernes,0,16:45:00,,0.0,2,"Moto/Ciclomotor,Automóvil",Calle 59-Prof Manuel Roselli Y Calle 22-20,2,1,0,0,1,0,0,"-29.166222222222,-59.650916666667",Calle,,RECONQUISTA,General Obligado,Asfalto,No existe,IX,Dentro,Urbana,S/D,S/D,Intersección,S/D,S/D,Diurna,S/D,Lateral,S/D,Colisión,S/D,S/D,S/D,Sin restricción
2018,7672,2018-07-15,Domingo,0,,,0.0,1,Moto/Ciclomotor,AV. ROQUE SAENZ PE?A Y JUJUY,1,1,0,0,0,0,0,"-32.364896712613, -61.343703189738",Avenida,,SAN GENARO NORTE,San Jerónimo,Asfalto,No existe,XV,Dentro,Urbana,Ninguna,No existe,Recta,S/D,S/D,S/D,S/D,S/D,S/D,Caída ocupante,S/D,Faltante,S/D,Sin restricción
2018,7674,2018-03-31,Sabado,0,18:00:00,Ruta Provincial 21,0.0,2,"Automóvil,Moto/Ciclomotor", ,2,0,0,0,1,1,0,"-33.133097,-60.523397",Ruta,21,ARROYO SECO,Rosario,Asfalto,Natural,II,Dentro,Urbana,Ninguna,No existe,Recta,Bueno,S/D,Diurna,S/D,De alcance,S/D,Colisión,Ninguna,Faltante,Ninguna,Sin restricción
2018,7675,2018-07-15,Domingo,0,,,0.0,2,"Automóvil,Pickup/Utilitario", ,2,1,0,0,1,0,0,"-32.026791188522, -61.221132088127",Calle,,GÁLVEZ,San Jerónimo,Asfalto,No existe,XV,Dentro,Urbana,S/D,S/D,Intersección,S/D,S/D,S/D,S/D,Lateral,S/D,Colisión,S/D,S/D,S/D,Sin restricción
2018,7676,2018-01-07,Domingo,0,13:00:00,,0.0,1,Moto/Ciclomotor,Av. De Las Palmeras ,1,0,0,0,0,1,0,"-32.977753,-60.735576",Calle,,ROSARIO,Rosario,S/D,S/D,II,Dentro,Urbana,S/D,S/D,S/D,S/D,S/D,Diurna,S/D,S/D,S/D,Caída ocupante,S/D,S/D,S/D,S/D
2018,7678,2018-07-17,Martes,0,10:30:00,,0.0,2,"Moto/Ciclomotor,Moto/Ciclomotor",Corrientes Y Bv Centeno,3,2,0,0,1,0,0,"-32.297584, -61.411466",Avenida,,CENTENO,San Jerónimo,Asfalto,No existe,XV,Dentro,Urbana,Ninguna,No existe,Intersección,Bueno,Buena,Diurna,Buen Tiempo,De alcance,S/D,Colisión,Ninguna,Faltante,"Ninguna,S/D",Sin restricción
2018,7679,2018-03-31,Sabado,0,,,0.0,1,Otros, ,1,0,0,0,0,1,0,"-32.86236, -60.70616",S/D,,GRANADERO BAIGORRIA,Rosario,S/D,S/D,II,S/D,S/D,S/D,S/D,S/D,S/D,S/D,S/D,S/D,S/D,S/D,S/D,S/D,S/D,S/D,S/D
2018,7680,2018-07-16,Lunes,0,08:35:00,,0.0,2,"Vehículo Oficial,Automóvil",Av Facundo Zuviria Y R Godoy,3,2,0,0,1,0,0,"-31.613805555556,-60.705111111111",Avenida,,SANTA FE,La Capital,Asfalto,No existe,I,Dentro,Urbana,Semáforo,Funciona,Recta,S/D,S/D,Diurna,S/D,De alcance,S/D,Colisión,S/D,Vertical,Cordón divisorio,Sin restricción
2018,7681,2018-07-26,Jueves,0,,,0.0,2,"Moto/Ciclomotor,Pickup/Utilitario",AV SAN MARTIN Y CALLE 18,4,1,0,0,3,0,0,"-29.115578727317, -59.655774982116",Avenida,,AVELLANEDA,General Obligado,Asfalto,S/D,IX,Dentro,Urbana,S/D,S/D,Intersección,Bueno,S/D,S/D,S/D,Lateral,S/D,Colisión,S/D,S/D,S/D,S/D
2018,7683,2018-07-19,Jueves,0,,,0.0,2,"Automóvil,Moto/Ciclomotor", ,2,1,0,0,1,0,0,"-31.445862, -60.929417",S/D,,ESPERANZA,Las Colonias,S/D,S/D,XI,S/D,S/D,S/D,S/D,S/D,S/D,S/D,S/D,S/D,S/D,S/D,Colisión,S/D,S/D,S/D,S/D
2018,7685,2018-07-13,Viernes,0,,,0.0,2,"Otros,Otros", ,2,0,0,0,0,0,2,"-31.445862, -60.929417",S/D,,ESPERANZA,Las Colonias,S/D,S/D,XI,S/D,S/D,S/D,S/D,S/D,S/D,S/D,S/D,S/D,S/D,S/D,Colisión,S/D,S/D,S/D,S/D
2018,7686,2018-07-16,Lunes,0,,,0.0,1,Moto/Ciclomotor, ,1,1,0,0,0,0,0,"-32.025137204067, -61.220500582105",Calle,,GÁLVEZ,San Jerónimo,Asfalto,No existe,XV,Dentro,Urbana,S/D,S/D,Recta,S/D,S/D,S/D,S/D,Atropello animal,S/D,Colisión,S/D,S/D,S/D,Sin restricción
2018,7687,2018-07-18,Miercoles,0,,,0.0,2,"Moto/Ciclomotor,Pickup/Utilitario", ,3,1,0,0,2,0,0,"-31.444766, -60.928443",S/D,,ESPERANZA,Las Colonias,S/D,S/D,XI,S/D,S/D,S/D,S/D,S/D,S/D,S/D,S/D,S/D,S/D,S/D,Colisión,S/D,S/D,S/D,S/D
2018,7688,2018-07-16,Lunes,0,,,0.0,2,"Moto/Ciclomotor,Automóvil", ,3,1,0,0,2,0,0,"-32.022626656429, -61.218676679974",Calle,,GÁLVEZ,San Jerónimo,Asfalto,No existe,XIV,Dentro,Urbana,S/D,S/D,Intersección,S/D,S/D,S/D,S/D,Lateral,S/D,Colisión,S/D,S/D,S/D,Sin restricción
2018,7689,2018-07-18,Miercoles,0,,,0.0,2,"Moto/Ciclomotor,Automóvil", ,2,1,0,0,1,0,0,"-31.445425, -60.927188",S/D,,ESPERANZA,Las Colonias,S/D,S/D,XI,S/D,S/D,S/D,S/D,S/D,S/D,S/D,S/D,S/D,S/D,S/D,Colisión,S/D,S/D,S/D,S/D
2018,7690,2018-07-26,Jueves,0,,,0.0,2,"Automóvil,Moto/Ciclomotor", ,3,2,0,0,1,0,0,"-34.129488, -62.423841",S/D,,AMENÁBAR,General López,S/D,S/D,VIII,S/D,S/D,S/D,S/D,S/D,S/D,S/D,S/D,S/D,S/D,S/D,Colisión,S/D,S/D,S/D,S/D
2018,7691,2018-07-16,Lunes,0,,Ruta Nacional 11,0.0,1,Moto/Ciclomotor, ,2,1,0,0,1,0,0,"-32.352632575859, -60.942516925754",Ruta,11,MONJE,San Jerónimo,Asfalto,Natural,XV,Dentro,Urbana,Señal Pare,No existe,Rotonda,S/D,S/D,S/D,S/D,S/D,S/D,Caída ocupante,S/D,Vertical,Línea divisoria pintada,Sin restricción
2018,7692,2018-07-18,Miercoles,0,,,0.0,2,"Moto/Ciclomotor,Automóvil", ,2,1,0,0,1,0,0,"-31.443933, -60.928266",S/D,,ESPERANZA,Las Colonias,S/D,S/D,XI,S/D,S/D,S/D,S/D,S/D,S/D,S/D,S/D,S/D,S/D,S/D,Colisión,S/D,S/D,S/D,S/D
2018,7693,2018-08-04,Sabado,0,14:30:00,Ruta Nacional 11,0.0,2,"Camión,Camión", ,2,2,0,0,0,0,0,"-31.39657, -60.74759",Ruta,11,CANDIOTI,La Capital,S/D,S/D,I,S/D,Urbana,S/D,S/D,Recta,S/D,S/D,S/D,S/D,S/D,S/D,Colisión,S/D,S/D,S/D,S/D
2018,7694,2018-07-30,Lunes,0,14:00:00,Ruta Nacional 11,748.0,2,"Automóvil,Moto/Ciclomotor", ,4,1,1,0,2,0,0,"-29.36002, -59.97127",Ruta,11,MALABRIGO,General Obligado,S/D,S/D,IX,S/D,Urbana,S/D,S/D,S/D,S/D,S/D,S/D,S/D,S/D,S/D,Colisión,S/D,S/D,S/D,S/D
2018,7695,2018-10-18,Jueves,0,20:10:00,,0.0,2,"Automóvil,Moto/Ciclomotor",RIVADAVIA 1500,2,1,0,0,1,0,0,"-29.466888888889,-60.211055555556",Calle,,VERA,Vera,Asfalto,No existe,XIX,Dentro,Urbana,S/D,S/D,Recta,Bueno,S/D,Nocturna,S/D,S/D,S/D,S/D,Ninguna,S/D,S/D,S/D
2018,7696,2018-10-18,Jueves,0,22:00:00,,0.0,2,"Moto/Ciclomotor,Taxi/Remis",Espa?a Y Urquiza,3,1,0,0,2,0,0,"-32.941472222222,-60.645638888889",Calle,,ROSARIO,Rosario,S/D,S/D,II,S/D,Urbana,S/D,S/D,Intersección,S/D,S/D,Nocturna,S/D,S/D,S/D,Colisión,S/D,S/D,S/D,S/D
2018,7697,2018-10-03,Miercoles,0,09:15:00,,0.0,2,"Automóvil,Moto/Ciclomotor",3 De Febrero Y Paraguay,2,1,0,0,1,0,0,"-32.95175,-60.645333333333",Calle,,ROSARIO,Rosario,S/D,S/D,II,S/D,Urbana,S/D,S/D,Intersección,S/D,S/D,Diurna,S/D,S/D,S/D,Colisión,S/D,S/D,S/D,S/D
2018,7698,2018-10-03,Miercoles,0,06:00:00,,0.0,2,"Automóvil,Moto/Ciclomotor",Bv. Avellaneda Y 3 De Febrero,2,1,0,0,1,0,0,"-32.945444444444,-60.680638888889",Calle,,ROSARIO,Rosario,S/D,S/D,II,S/D,Urbana,S/D,S/D,Intersección,S/D,S/D,Diurna,S/D,S/D,S/D,Colisión,S/D,S/D,S/D,S/D
2018,7699,2018-10-03,Miercoles,0,17:50:00,,0.0,2,"Automóvil,Pickup/Utilitario",Jujuy Y Italia,3,2,0,0,1,0,0,"-32.9365,-60.645833333333",Calle,,ROSARIO,Rosario,S/D,S/D,II,S/D,Urbana,S/D,S/D,Intersección,S/D,S/D,Diurna,S/D,S/D,S/D,Colisión,S/D,S/D,S/D,S/D
2018,7700,2018-10-18,Jueves,0,21:55:00,,0.0,2,"Automóvil,Moto/Ciclomotor",Risso 1300,2,1,0,0,1,0,0,"-31.603944444444,-60.678944444444",Calle,,SANTA FE,La Capital,Asfalto,No existe,I,Dentro,Urbana,Ninguna,No existe,Intersección,Bueno,Reducida,Nocturna,Otro,S/D,S/D,Colisión,Ninguna,Faltante,Ninguna,Sin restricción
2018,7701,2018-10-18,Jueves,0,07:20:00,,0.0,2,"Camión Chasis,Moto/Ciclomotor",French Y Sarmiento,2,1,0,0,1,0,0,"-31.594833333333,-60.680777777778",Calle,,SANTA FE,La Capital,Asfalto,No existe,I,Dentro,Urbana,Ninguna,No existe,Intersección,Bueno,Buena,Diurna,Buen Tiempo,Otro,S/D,Colisión,Ninguna,Faltante,Ninguna,Sin restricción
2018,7702,2018-10-18,Jueves,0,13:15:00,,0.0,2,"Moto/Ciclomotor,Transporte de Pasajeros Urbano (> 8 asientos)",Av. Eva Peron Y Donado,2,1,0,0,1,0,0,"-32.930527777778,-60.727361111111",Avenida,,ROSARIO,Rosario,Asfalto,No existe,II,Dentro,Urbana,Ninguna,Funciona,Intersección,Bueno,Buena,Diurna,Buen Tiempo,S/D,S/D,Colisión,Ninguna,S/D,Barrera de hormigón,Sin restricción
2018,7703,2018-10-03,Miercoles,0,19:00:00,,0.0,2,"Moto/Ciclomotor,Automóvil",J.M.de Rosas Y Amenabar,2,1,0,0,1,0,0,"-32.973388888889,-60.637777777778",Calle,,ROSARIO,Rosario,Asfalto,No existe,II,Dentro,Urbana,Ninguna,No existe,Intersección,Bueno,Buena,Atardecer,Buen Tiempo,Lateral,S/D,Colisión,Ninguna,Faltante,Ninguna,Sin restricción
2018,7704,2018-10-18,Jueves,0,21:50:00,,0.0,1,Moto/Ciclomotor,Colon Y Remedio de Escalada,1,0,1,0,0,0,0,"-29.89458, -60.28936",Calle,,CALCHAQUÍ,Vera,Tierra,No existe,XIX,Dentro,Urbana,Ninguna,No existe,Recta,Bueno,Buena,Con luz artificial,Buen Tiempo,Otro,S/D,Despiste,Ninguna,Faltante,Ninguna,Sin restricción
2018,7705,2018-10-18,Jueves,0,,Ruta Nacional 9,282.0,2,"Automóvil,Camión c / Acoplado", ,3,2,0,0,1,0,0,"-33.06338, -60.64964",Ruta,9,ALVEAR,Rosario,Asfalto,Natural,II,Dentro,Rural,S/D,No existe,Recta,Bueno,Buena,S/D,Buen Tiempo,Lateral,S/D,Colisión,S/D,S/D,Cordón divisorio,S/D
2018,7706,2018-10-03,Miercoles,0,18:05:00,Autopista Nacional A008,0.0,2,"Moto/Ciclomotor,Automóvil",Av. Circunvalacion Y Ayacucho,2,1,0,0,1,0,0,"-33.016444444444,-60.63475",Autopista,A008,ROSARIO,Rosario,Asfalto,No existe,II,S/D,Urbana,Ninguna,No existe,Intersección,Bueno,Buena,Diurna,Buen Tiempo,Lateral,S/D,Colisión,S/D,Faltante,Cordón divisorio,Sin restricción
2018,7707,2018-10-03,Miercoles,0,16:20:00,,0.0,1,Moto/Ciclomotor,Bv. Segui Y Av. Francia,2,2,0,0,0,0,0,"-32.974138888889,-60.673888888889",Avenida,,ROSARIO,Rosario,Asfalto,No existe,II,Dentro,Urbana,S/D,S/D,Intersección,S/D,Buena,Diurna,S/D,S/D,S/D,Colisión,S/D,S/D,Cordón divisorio,S/D
2018,7708,2018-10-03,Miercoles,0,12:55:00,,0.0,2,"Moto/Ciclomotor,Bicicleta",Av. Pte.Peron Y Servando Bayo,2,1,0,0,1,0,0,"-32.958194444444,-60.689638888889",Calle,,ROSARIO,Rosario,Asfalto,No existe,II,S/D,Urbana,S/D,No existe,Intersección,Bueno,S/D,Diurna,Buen Tiempo,S/D,Ciclista,Atropello,Ninguna,Faltante,Ninguna,Sin restricción
2018,7709,2018-07-16,Lunes,0,,Ruta Nacional 11,0.0,1,Automóvil, ,2,0,1,0,1,0,0,"-31.910874166847, -60.903212133997",Ruta,11,CORONDA,San Jerónimo,Asfalto,Natural,XV,Dentro,Rural,Ninguna,No existe,Recta,S/D,S/D,S/D,S/D,S/D,S/D,Despiste,S/D,Faltante,Línea divisoria pintada,Sin restricción
2018,7711,2018-07-16,Lunes,0,01:30:00,,0.0,2,"Automóvil,Automóvil",Rivadavia Y Av Nottebohn,7,2,0,0,5,0,0,"-31.905660485774, -61.859770185386",Avenida,,SAN JORGE,San Martín,Asfalto,No existe,XVIII,Dentro,Urbana,Ninguna,No existe,Intersección,S/D,S/D,Nocturna,S/D,Lateral,S/D,Colisión,S/D,Faltante,Línea divisoria pintada,Sin restricción
2018,7712,2018-07-21,Sabado,0,,,0.0,2,"Peatón,Automóvil",Hipolito Yrigoyen Y Chile,2,1,0,0,1,0,0,"-33.049131, -61.177065",Calle,,CASILDA,Caseros,Asfalto,No existe,IV,Dentro,Urbana,Ninguna,No existe,Intersección,Bueno,Buena,S/D,Buen Tiempo,S/D,Peatón,Atropello,S/D,Faltante,Ninguna,Sin restricción
2018,7713,2018-07-17,Martes,0,22:00:00,,0.0,1,Moto/Ciclomotor,B de Astrada Y Fray Pe?a,1,0,1,0,0,0,0,"-32.738375137220, -60.743553913340",Calle,,SAN LORENZO,San Lorenzo,Asfalto,No existe,XVII,Dentro,Urbana,Ninguna,No existe,Intersección,S/D,S/D,Nocturna,S/D,S/D,S/D,Caída ocupante,S/D,Faltante,Ninguna,Sin restricción
2018,7714,2018-07-26,Jueves,0,,,0.0,2,"Automóvil,Moto/Ciclomotor",Boulevard Ovidio Lagos Y  General Juan Las Heras,2,2,0,0,0,0,0,"-33.040277777778,-61.167777777778",Avenida,,CASILDA,Caseros,Asfalto,No existe,IV,Dentro,Urbana,Ninguna,No existe,Intersección,Bueno,Buena,S/D,Buen Tiempo,Lateral,S/D,Colisión,Ninguna,Faltante,S/D,Sin restricción
2018,7715,2018-07-18,Miercoles,0,,,0.0,1,Moto/Ciclomotor,Avenida Belgrano Y GÁLVEZ,1,1,0,0,0,0,0,"-33.119162514736, -61.714189823794",Avenida,,SAN JOSÉDE LA ESQUINA,Caseros,Tierra,No existe,IV,Dentro,Urbana,Ninguna,No existe,Intersección,S/D,S/D,S/D,S/D,S/D,S/D,Caída ocupante,S/D,Faltante,Ninguna,Sin restricción
2018,7716,2018-07-18,Miercoles,0,18:30:00,Ruta Nacional 34,0.0,2,"Moto/Ciclomotor,Automóvil",Ruta Nac 34 Gral Guemes Y Balcarce,3,1,0,0,2,0,0,"-31.242928271112, -61.505025407845",Ruta,34,RAFAELA,Castellanos,Hormigón,Pavimento,V,Dentro,Urbana,Semáforo,Funciona,Intersección,S/D,S/D,Diurna,S/D,Lateral,S/D,Colisión,S/D,"Horizontal,Vertical",Cordón divisorio,Sin restricción
2018,7717,2018-07-25,Miercoles,0,,,0.0,2,"Bicicleta,Automóvil", ,2,0,1,0,1,0,0,"-29.167663, -59.650055",S/D,,RECONQUISTA,General Obligado,S/D,S/D,IX,S/D,S/D,S/D,S/D,S/D,S/D,S/D,S/D,S/D,Lateral,S/D,Colisión,S/D,S/D,S/D,S/D
2018,7718,2018-07-17,Martes,0,03:15:00,Ruta Nacional 11,0.0,2,"Automóvil,Moto/Ciclomotor",Calle 33-Pueyrredon Y Ruta Nacional 11,3,1,0,0,2,0,0,"-29.152741106304, -59.657372888668",Ruta,11,RECONQUISTA,General Obligado,Hormigón,Pavimento,IX,Dentro,Urbana,Semáforo,Funciona,Intersección,S/D,S/D,Nocturna,S/D,Lateral,S/D,Colisión,S/D,"Horizontal,Vertical",Cordón divisorio,Sin restricción
2018,7719,2018-07-16,Lunes,0,16:00:00,,0.0,2,"Camión,Moto/Ciclomotor",Brigadier Estanislao Lopez ,2,1,0,0,1,0,0,"-28.493368566379, -59.360901204829",Calle,,VILLA OCAMPO,General Obligado,Asfalto,No existe,IX,Dentro,Urbana,S/D,S/D,Recta,S/D,S/D,Diurna,S/D,Lateral,S/D,Colisión,S/D,S/D,Ninguna,Sin restricción
2018,7720,2018-07-16,Lunes,0,,,0.0,2,"Pickup/Utilitario,Moto/Ciclomotor", ,2,1,0,0,1,0,0,"-33.041326931223, -61.160839470264",Calle,,CASILDA,Caseros,Asfalto,No existe,IV,Dentro,Urbana,S/D,S/D,S/D,S/D,S/D,S/D,S/D,S/D,S/D,Colisión,S/D,S/D,S/D,Sin restricción
2018,7721,2018-07-25,Miercoles,0,,,0.0,2,"Bicicleta,Bicicleta", ,2,2,0,0,0,0,0,"-29.165433, -59.649916",S/D,,RECONQUISTA,General Obligado,S/D,S/D,IX,S/D,S/D,S/D,S/D,S/D,S/D,S/D,S/D,S/D,S/D,Ciclista,Atropello,S/D,S/D,S/D,S/D
2018,7722,2018-07-14,Sabado,0,,,0.0,2,"Moto/Ciclomotor,Automóvil", ,2,1,0,0,1,0,0,"-32.026029747589, -61.219820237149",Calle,,GÁLVEZ,San Jerónimo,Asfalto,No existe,XV,Dentro,Urbana,S/D,S/D,S/D,S/D,S/D,S/D,S/D,S/D,S/D,Colisión,S/D,S/D,S/D,Sin restricción
2018,7723,2018-07-21,Sabado,0,06:50:00,Ruta Nacional A007,0.0,1,Moto/Ciclomotor,Av Circunvalaci?n ,1,1,0,0,0,0,0,"-31.625269, -60.729776",Ruta,A007,SANTA FE,La Capital,Asfalto,Natural,I,Dentro,Rural,S/D,No existe,Recta,Bueno,Buena,Amanecer,Buen Tiempo,S/D,S/D,Caída ocupante,Ninguna,Faltante,"Guardarrail,Línea divisoria pintada",Sin restricción
2018,7724,2018-07-21,Sabado,0,,,0.0,2,"Peatón,Automóvil", ,2,1,0,0,1,0,0,"-32.948371, -60.657277",Calle,,ROSARIO,Rosario,Hormigón,No existe,II,Dentro,Urbana,Semáforo,Funciona,Intersección,Bueno,Buena,S/D,Buen Tiempo,S/D,Peatón,Atropello,Ninguna,"Horizontal,Vertical",Línea divisoria pintada,Sin restricción
2018,7725,2018-07-21,Sabado,0,18:55:00,,0.0,2,"Moto/Ciclomotor,Automóvil",Montevideo Y Liniers,2,1,0,0,1,0,0,"-32.947080, -60.698456",Calle,,ROSARIO,Rosario,Asfalto,No existe,II,Dentro,Urbana,Ninguna,No existe,Intersección,Bueno,Buena,Atardecer,Buen Tiempo,S/D,S/D,Colisión,Ninguna,Faltante,Ninguna,Sin restricción
2018,7726,2018-07-21,Sabado,0,17:00:00,,0.0,2,"Moto/Ciclomotor,Automóvil",Bv. 27 De Febrero Y Ayacucho,2,1,0,0,1,0,0,"-32.969669, -60.632210",Avenida,,ROSARIO,Rosario,Asfalto,No existe,II,Dentro,Urbana,Otra Señal,No existe,Intersección,Bueno,Buena,Diurna,Buen Tiempo,S/D,S/D,Colisión,Ninguna,"Horizontal,Vertical","Cordón divisorio,Línea divisoria pintada",Sin restricción
2018,7727,2018-07-21,Sabado,0,,,0.0,2,"Moto/Ciclomotor,Automóvil", ,2,1,0,0,1,0,0,"-33.051583, -61.167749",S/D,,CASILDA,Caseros,S/D,S/D,IV,S/D,S/D,S/D,S/D,S/D,S/D,S/D,S/D,S/D,S/D,S/D,Colisión,S/D,S/D,S/D,S/D
2018,7728,2018-10-03,Miercoles,0,09:20:00,,0.0,2,"Moto/Ciclomotor,Automóvil",Nicaragua Y Perez Bulnes,2,1,0,0,1,0,0,"-32.942666666667,-60.720583333333",Calle,,ROSARIO,Rosario,Asfalto,Pavimento,II,Dentro,Urbana,Ninguna,No existe,Intersección,Bueno,S/D,Diurna,S/D,De alcance,S/D,Colisión,S/D,Faltante,Ninguna,Sin restricción
2018,7729,2018-10-03,Miercoles,0,18:45:00,,0.0,2,"Moto/Ciclomotor,Automóvil",Santa Fe 4800,2,1,0,0,1,0,0,"-32.936027777778,-60.688333333333",Calle,,ROSARIO,Rosario,Asfalto,S/D,II,S/D,Urbana,S/D,S/D,Intersección,S/D,S/D,S/D,S/D,Lateral,S/D,Colisión,S/D,S/D,S/D,S/D
2018,7730,2018-10-18,Jueves,0,16:00:00,,0.0,2,"Automóvil,Moto/Ciclomotor",Borghi Y 9 de Julio,2,1,0,0,1,0,0,"-32.78, -60.72482",Calle,,FRAY LUIS BELTRÁN,San Lorenzo,"Asfalto,Ripio",No existe,XVII,S/D,Urbana,Ninguna,No existe,Intersección,Bueno,Buena,Diurna,Buen Tiempo,Lateral,S/D,Colisión,Ninguna,Faltante,Ninguna,Sin restricción
2018,7731,2018-10-03,Miercoles,0,22:00:00,,0.0,2,"Moto/Ciclomotor,Automóvil",J.J.Paso Y Ottone Bis,3,1,1,0,1,0,0,"-32.919861111111,-60.700833333333",Calle,,ROSARIO,Rosario,Asfalto,No existe,II,Dentro,Urbana,Ninguna,No existe,Intersección,Bueno,Buena,"Nocturna,Con luz artificial",Buen Tiempo,Otro,S/D,Colisión,Ninguna,Faltante,Ninguna,Sin restricción
2018,7732,2018-10-03,Miercoles,0,16:30:00,,0.0,2,"Moto/Ciclomotor,Automóvil",Soldado Aguirre Y San Lorenzo,4,1,0,0,3,0,0,"-33.029555555556,-60.645277777778",Avenida,,VILLA GOBERNADOR GÁLVEZ,Rosario,Asfalto,No existe,II,S/D,Urbana,Ninguna,No existe,Intersección,Bueno,Buena,Atardecer,Buen Tiempo,S/D,Ciclista,Atropello,Ninguna,S/D,Cordón divisorio,Sin restricción
2018,7733,2018-10-18,Jueves,0,22:00:00,,0.0,2,"Automóvil,Moto/Ciclomotor",Av Gral Savio 500,3,2,0,0,1,0,0,"-32.78294, -60.73481",Calle,,FRAY LUIS BELTRÁN,San Lorenzo,Hormigón,Pavimento,XVII,Dentro,Urbana,Ninguna,No existe,Intersección,Bueno,Buena,Nocturna,Buen Tiempo,Lateral,S/D,Colisión,Ninguna,Faltante,Ninguna,Sin restricción
2018,7734,2018-10-03,Miercoles,0,15:00:00,,0.0,2,"Moto/Ciclomotor,Automóvil",Corrientes Y Av Juan Domingo Peron,2,1,0,0,1,0,0,"-33.00982, -60.61455",Avenida,,VILLA GOBERNADOR GÁLVEZ,Rosario,Asfalto,Pavimento,II,S/D,Urbana,Ninguna,No existe,Recta,Bueno,Buena,Diurna,Buen Tiempo,De alcance,S/D,Colisión,Ninguna,Faltante,Ninguna,Sin restricción