anio_acci,nro_acci,fecha,desc_dia,fecha_aprox,hora_aprox,desc_ruta,km,cant_participantes,desc_participante,calle_avenida_km,total,heridos_leves,heridos_graves,heridos_gravisimos,ilesos,fallecidos,sin_datos,posicion_XY,desc_tipo_via,desc_ruta_ori,desc_loc,desc_dpto,desc_tipo_calzada,desc_tipo_banquina,desc_unidad_regional,desc_lugar_calzada,desc_zona,desc_prioridad,desc_estado_semaforo,desc_lugar_via,desc_estado_via,desc_estado_visibilidad,desc_luminosidad,desc_estado_clima,desc_tipo_colision,desc_tipo_atropello,desc_tipo_hecho,desc_pres_calzada,desc_senializacion,desc_separacion_via,desc_restriccion
2018,7735,2018-10-18,Jueves,0,17:00:00,,0.0,2,"Peatón,Moto/Ciclomotor",Hipolito Irigoyen Y Pasaje F Mantaras,2,1,0,0,1,0,0,"-31.685416666667,-60.766833333333",Calle,,SANTO TOMÉ,La Capital,Asfalto,Natural,I,S/D,Urbana,Ninguna,No existe,Intersección,Deteriorada,Buena,Diurna,Buen Tiempo,Otro,Peatón,Atropello,Ninguna,Faltante,Ninguna,Sin restricción
2018,7736,2018-10-03,Miercoles,0,15:40:00,,0.0,2,"Moto/Ciclomotor,Automóvil",Rivadavia Y Urquiza,3,2,0,0,1,0,0,"-32.99381, -60.7713",Calle,,PÉREZ,Rosario,S/D,No existe,II,Dentro,Urbana,Ninguna,No existe,Intersección,S/D,Buena,Atardecer,S/D,Lateral,S/D,Colisión,S/D,Faltante,Ninguna,Sin restricción
2018,7737,2018-10-18,Jueves,0,,Ruta Nacional 11,0.0,2,"Moto/Ciclomotor,Camión Chasis",RUTA NACIONAL 11 ,3,1,0,0,2,0,0,"-32.73539, -60.73387",Ruta,11,SAN LORENZO,San Lorenzo,S/D,S/D,XVII,S/D,Rural,S/D,S/D,Otro,S/D,S/D,S/D,S/D,S/D,S/D,Despiste,S/D,S/D,S/D,S/D
2018,7738,2018-10-03,Miercoles,0,07:50:00,,0.0,2,"Moto/Ciclomotor,Moto/Ciclomotor",R G Videla Y Lopez y Planes,2,1,0,0,1,0,0,"-31.453611111111,-60.941555555556",Calle,,ESPERANZA,Las Colonias,Ripio,No existe,XI,Dentro,Urbana,Ninguna,No existe,Intersección,Bueno,Buena,Diurna,Buen Tiempo,Lateral,S/D,Colisión,Ninguna,S/D,S/D,Sin restricción
2018,7739,2018-10-18,Jueves,0,17:00:00,,0.0,2,"Moto/Ciclomotor,Automóvil",Callejon Aguirre Y Alsina,2,1,0,0,1,0,0,"-31.581166666667,-60.721472222222",S/D,,SANTA FE,La Capital,S/D,S/D,I,S/D,Urbana,S/D,S/D,S/D,S/D,S/D,S/D,S/D,S/D,S/D,S/D,S/D,S/D,S/D,S/D
2018,7740,2018-10-03,Miercoles,0,06:40:00,,0.0,2,"Automóvil,Moto/Ciclomotor",Av San Martin Y Gral Paz,2,1,0,0,1,0,0,"-32.78612, -60.7254",Calle,,FRAY LUIS BELTRÁN,San Lorenzo,Asfalto,No existe,XVII,S/D,Urbana,Ninguna,No existe,Intersección,Bueno,Reducida,Amanecer,Buen Tiempo,Lateral,S/D,Colisión,Ninguna,Faltante,Ninguna,Sin restricción
2018,7741,2018-10-18,Jueves,0,20:00:00,,0.0,1,Moto/Ciclomotor,JUAN MANUEL DE ROSAS Y HIPOLOITO RIPPA,1,1,0,0,0,0,0,"-32.7488, -60.74174",S/D,,SAN LORENZO,San Lorenzo,S/D,S/D,XVII,S/D,S/D,S/D,S/D,Otro,S/D,S/D,S/D,Otro,S/D,S/D,Vuelco,S/D,Vertical,Ninguna,S/D
2018,7742,2018-10-03,Miercoles,0,15:15:00,,0.0,2,"Automóvil,Moto/Ciclomotor",Bv. Colon Y Independencia,2,1,0,0,1,0,0,"-33.46077, -61.48589",Avenida,,FIRMAT,General López,Asfalto,Pavimento,VIII,S/D,Urbana,Otra Señal,No existe,Intersección,Bueno,Buena,Diurna,Buen Tiempo,De alcance,S/D,Colisión,Ninguna,Vertical,Vegetación,Sin restricción
2018,7743,2018-10-03,Miercoles,0,11:55:00,,0.0,2,"Moto/Ciclomotor,Automóvil",Av. Santa Fe Y Pellegrini,2,1,0,0,0,0,1,"-32.809861111111,-61.397166666667",Calle,,CAÑADA DE GÓMEZ,Iriondo,Asfalto,Ripio,X,S/D,Urbana,Ninguna,No existe,Intersección,Bueno,Buena,Diurna,Buen Tiempo,Lateral,S/D,Colisión,S/D,Vertical,Ninguna,Sin restricción
2018,7744,2018-07-21,Sabado,0,09:30:00,Autopista Provincial Brigadier E.López,71.0,1,Camión c / Acoplado, ,1,1,0,0,0,0,0,"-32.298590095500, -60.976031865793",Autopista,Brigadier E.López,BARRANCAS,San Jerónimo,Asfalto,Natural,XV,Dentro,Rural,Ninguna,No existe,Recta,Deteriorada,Reducida,Diurna,Lluvia,S/D,S/D,Despiste,Agua,Faltante,Vegetación,Sin restricción
2018,7745,2018-07-22,Domingo,0,,,0.0,1,Moto/Ciclomotor,Cristobal Colon Y Nicolas Rodriguez Pe?a,1,1,0,0,0,0,0,"-31.667387858350, -60.728680662547",Calle,,SANTA FE,La Capital,Asfalto,Pavimento,I,Dentro,Urbana,Ninguna,No existe,Intersección,Con baches,S/D,S/D,S/D,S/D,S/D,Caída ocupante,S/D,Faltante,Cordón divisorio,Sin restricción
2018,7746,2018-07-22,Domingo,0,,,0.0,2,"Automóvil,Automóvil",Av A del Valle Y Padre Genesio,2,1,0,0,1,0,0,"-31.600187455091, -60.691861895254",Avenida,,SANTA FE,La Capital,Asfalto,No existe,I,Dentro,Urbana,Semáforo,Funciona,Intersección,S/D,S/D,S/D,S/D,Lateral,S/D,Colisión,S/D,Vertical,Ninguna,Sin restricción
2018,7747,2018-07-22,Domingo,0,,,0.0,2,"Moto/Ciclomotor,Automóvil",Rueda Y Mariano Moreno,2,1,0,0,1,0,0,"-32.968809949953, -60.656756881966",Calle,,ROSARIO,Rosario,Asfalto,No existe,II,Dentro,Urbana,Ninguna,No existe,Intersección,S/D,S/D,S/D,S/D,Lateral,S/D,Colisión,S/D,Faltante,Ninguna,Sin restricción
2018,7748,2018-07-22,Domingo,0,,,0.0,1,Moto/Ciclomotor,Pte peron ,2,1,0,0,1,0,0,"-32.028596848437, -61.224599352585",Calle,,GÁLVEZ,San Jerónimo,Asfalto,No existe,XIV,Dentro,Urbana,S/D,S/D,Recta,S/D,S/D,S/D,S/D,S/D,S/D,Caída ocupante,S/D,S/D,Ninguna,Sin restricción
2018,7749,2018-07-23,Lunes,0,21:20:00,,0.0,1,Otros,Azcuenaga Y Av Facundo Zuviria,2,1,0,0,0,0,1,"-31.592793671336, -60.699230942023",Avenida,,SANTA FE,La Capital,Asfalto,No existe,I,Dentro,Urbana,Ninguna,No existe,Intersección,S/D,S/D,Nocturna,S/D,S/D,S/D,S/D,S/D,Faltante,Cordón divisorio,Sin restricción
2018,7750,2018-07-23,Lunes,0,19:00:00,Ruta Secundaria 20-s,0.0,1,Automóvil, ,3,1,0,0,2,0,0,"-33.192265044288, -60.820512433750",Ruta,20-s,ACEBAL,Rosario,Ripio,Ripio,II,Dentro,Urbana,Ninguna,No existe,Recta,S/D,S/D,Atardecer,S/D,S/D,S/D,Despiste,S/D,Faltante,Ninguna,Sin restricción
2018,7751,2018-07-25,Miercoles,0,,,0.0,1,Moto/Ciclomotor,Alberdi Y Albert Sabin,1,1,0,0,0,0,0,"-32.929971, -60.673959",Avenida,,ROSARIO,Rosario,Asfalto,No existe,II,Dentro,Urbana,Semáforo,Funciona,Recta,Bueno,Buena,S/D,Buen Tiempo,S/D,S/D,Caída ocupante,Ninguna,"Horizontal,Vertical",Ninguna,Sin restricción
2018,7752,2018-07-23,Lunes,0,,,0.0,2,"Moto/Ciclomotor,Automóvil", ,2,1,0,0,1,0,0,"-32.024795414405, -61.222649657583",Calle,,GÁLVEZ,San Jerónimo,Asfalto,No existe,XV,Dentro,Urbana,S/D,S/D,Intersección,S/D,S/D,S/D,S/D,Lateral,S/D,Colisión,S/D,S/D,Ninguna,Sin restricción
2018,7753,2018-07-23,Lunes,0,,,0.0,2,"Moto/Ciclomotor,Automóvil",Bv Oro?o ,2,1,0,0,1,0,0,"-31.964876403426, -60.923063228123",Avenida,,CORONDA,San Jerónimo,Asfalto,No existe,XV,Dentro,Urbana,S/D,S/D,Intersección,S/D,S/D,S/D,S/D,Lateral,S/D,Colisión,S/D,S/D,Ninguna,Sin restricción
2018,7754,2018-07-25,Miercoles,0,,,0.0,1,Bicicleta,Mariano Moreno Y Pres Domingo Faustino Sarmient,2,1,0,0,1,0,0,"-31.661199, -60.765165",Calle,,SANTO TOMÉ,La Capital,Asfalto,No existe,I,Dentro,Urbana,S/D,No existe,Intersección,Bueno,S/D,S/D,Buen Tiempo,S/D,S/D,Caída ocupante,Ninguna,Faltante,S/D,Sin restricción
2018,7755,2018-07-23,Lunes,0,,,0.0,2,"Moto/Ciclomotor,Moto/Ciclomotor",Presbitero Jose Houriet Y Moreno,3,2,0,0,0,0,1,"-29.462098586431, -60.213561168689",Calle,,VERA,Vera,Asfalto,No existe,XIX,Dentro,Urbana,S/D,S/D,Intersección,S/D,S/D,S/D,S/D,"Contra objeto fijo,Lateral",S/D,Colisión,S/D,S/D,Ninguna,Sin restricción
2018,7756,2018-07-24,Martes,0,,Ruta Nacional 7,0.0,1,Automóvil,Av Circunvalaci?n Y Acc Aut a Santa Fe Rosario,2,2,0,0,0,0,0,"-31.630315282573, -60.732497866284",Ruta,7,SANTA FE,La Capital,Asfalto,Natural,I,Dentro,Urbana,Ninguna,No existe,Recta,S/D,S/D,S/D,S/D,S/D,S/D,Vuelco,S/D,Faltante,Vegetación,Sin restricción
2018,7757,2018-07-24,Martes,0,,,0.0,2,"Automóvil,Moto/Ciclomotor",Roullon Bis Y Junin,3,2,0,0,1,0,0,"-32.927241458616, -60.702774111932",Calle,,ROSARIO,Rosario,Asfalto,No existe,II,Dentro,Urbana,Ninguna,No existe,Intersección,S/D,S/D,S/D,S/D,Lateral,S/D,Colisión,S/D,Faltante,Ninguna,Sin restricción
2018,7758,2018-07-24,Martes,0,,,0.0,2,"Moto/Ciclomotor,Moto/Ciclomotor",Calle 29-Alte Brown Y Calle 44-27 de Abril,2,2,0,0,0,0,0,"-29.149978969838, -59.663559574789",Calle,,RECONQUISTA,General Obligado,"Asfalto,Tierra",No existe,IX,Dentro,Urbana,Ninguna,No existe,Intersección,S/D,S/D,S/D,S/D,Lateral,S/D,Colisión,S/D,Faltante,Cordón divisorio,Sin restricción
2018,7760,2018-07-24,Martes,0,16:40:00,Autopista Nacional Rosario -Cordoba,298.0,2,"Vehículo Oficial,Automóvil", ,3,3,0,0,0,0,0,"-32.949758, -60.733465",Autopista,Rosario -Córdoba,ROSARIO,Rosario,Asfalto,Natural,II,Dentro,Rural,Ninguna,No existe,Recta,Bueno,Buena,Diurna,Buen Tiempo,S/D,S/D,Colisión,Ninguna,Horizontal,"Guardarrail,Línea divisoria pintada",Sin restricción
2018,7761,2018-07-24,Martes,0,,,0.0,1,Automóvil, ,3,3,0,0,0,0,0,"-31.403087, -61.080720",S/D,,HUMBOLDT,Las Colonias,S/D,S/D,XI,S/D,S/D,S/D,S/D,S/D,S/D,S/D,S/D,S/D,S/D,S/D,Despiste,S/D,S/D,S/D,S/D
2018,7762,2018-07-05,Jueves,0,21:00:00,Ruta Provincial 91,6.0,2,"Camión c / Acoplado,Camión c / Acoplado", ,2,1,0,0,1,0,0,"-32.622925, -60.879085",Ruta,91,SERODINO,Iriondo,Asfalto,No existe,X,Dentro,Rural,Ninguna,No existe,Recta,Deteriorada,Buena,Nocturna,Buen Tiempo,Lateral,S/D,Colisión,Ninguna,Faltante,Ninguna,Sin restricción
2018,7763,2018-10-24,Miercoles,0,15:30:00,,0.0,2,"Pickup/Utilitario,Moto/Ciclomotor",BALCARCE Y NAPOLEON PE?A,2,1,0,0,1,0,0,"-32.77253, -60.73144",Calle,,FRAY LUIS BELTRÁN,San Lorenzo,S/D,S/D,XVII,S/D,Urbana,S/D,S/D,Intersección,Otro,S/D,S/D,Otro,S/D,S/D,Colisión,Otro,Vertical,S/D,S/D
2018,7764,2018-10-24,Miercoles,0,16:35:00,Ruta Nacional A007,0.0,2,"Moto/Ciclomotor,Automóvil",Nicolas Rodriguez Pe?a ,3,2,0,0,1,0,0,"-31.66758, -60.73",Ruta,A007,SANTA FE,La Capital,Asfalto,S/D,I,S/D,Urbana,Ninguna,No existe,Recta,Bueno,Buena,Diurna,Buen Tiempo,S/D,S/D,Colisión,Ninguna,Faltante,S/D,Sin restricción
2018,7765,2018-10-24,Miercoles,0,13:15:00,,0.0,2,"Automóvil,Moto/Ciclomotor",4 de Enero Y Juan Del Campillo,3,2,0,0,1,0,0,"-31.628888888889,-60.706944444444",Calle,,SANTA FE,La Capital,Asfalto,No existe,I,S/D,Urbana,Otra Señal,No existe,Intersección,Bueno,Buena,Diurna,Buen Tiempo,Lateral,S/D,Colisión,S/D,Faltante,"Cordón divisorio,Línea divisoria pintada",Sin restricción
2018,7766,2018-10-03,Miercoles,0,12:10:00,,0.0,2,"Automóvil,Moto/Ciclomotor",Manuel Dorrego Y Comodoro Rivadavia,3,1,0,0,2,0,0,"-33.241111111111,-60.320277777778",Calle,,VILLA CONSTITUCIÓN,Constitución,Asfalto,No existe,VI,Dentro,Urbana,S/D,No existe,Intersección,Bueno,Buena,Diurna,Buen Tiempo,Frontal,S/D,Colisión,S/D,S/D,Ninguna,Sin restricción
2018,7767,2018-10-18,Jueves,0,09:40:00,,0.0,2,"Automóvil,Automóvil",Belgrano Y Junin,2,1,0,0,1,0,0,"-31.639972222222,-60.699611111111",Calle,,SANTA FE,La Capital,Asfalto,No existe,I,S/D,Urbana,S/D,S/D,Intersección,Bueno,Buena,Diurna,Buen Tiempo,Lateral,S/D,Colisión,Ninguna,S/D,Ninguna,Sin restricción
2018,7768,2018-10-03,Miercoles,0,14:00:00,,0.0,2,"Automóvil,Moto/Ciclomotor",Independencia Y Bernardino Rivadavia,2,1,0,0,1,0,0,"-32.815722222222,-61.407111111111",Calle,,CAÑADA DE GÓMEZ,Iriondo,Asfalto,No existe,X,S/D,Urbana,Ninguna,No existe,Recta,Bueno,Buena,Diurna,Buen Tiempo,Lateral,S/D,Colisión,S/D,Horizontal,S/D,Sin restricción
2018,7769,2018-10-24,Miercoles,0,15:35:00,,0.0,2,"Moto/Ciclomotor,Automóvil",Salvador del Carril 1200,2,1,0,0,1,0,0,"-31.621111111111,-60.682833333333",Calle,,SANTA FE,La Capital,Asfalto,No existe,I,S/D,Urbana,Ninguna,No existe,Recta,Bueno,Buena,Diurna,Buen Tiempo,Frontal,S/D,Colisión,Ninguna,S/D,Ninguna,Sin restricción
2018,7770,2018-10-03,Miercoles,0,13:50:00,,0.0,2,"Moto/Ciclomotor,Automóvil",Ocampo Y Moreno,2,1,0,0,1,0,0,"-32.818777777778,-61.396472222222",Calle,,CAÑADA DE GÓMEZ,Iriondo,Asfalto,Pavimento,X,Dentro,Urbana,Ninguna,No existe,Recta,Bueno,Buena,Diurna,Buen Tiempo,Lateral,S/D,Colisión,Material Suelto,Horizontal,Ninguna,Sin restricción
2018,7771,2018-10-18,Jueves,0,19:30:00,,0.0,2,"Moto/Ciclomotor,Automóvil", ,3,1,0,0,2,0,0,"-31.665194444444,-60.756083333333",Calle,,SANTO TOMÉ,La Capital,Asfalto,No existe,I,Dentro,Urbana,Ninguna,No existe,Recta,Bueno,Buena,Atardecer,Buen Tiempo,Lateral,S/D,Colisión,Ninguna,Faltante,Ninguna,Sin restricción
2018,7772,2018-10-24,Miercoles,0,21:40:00,,0.0,2,"Peatón,Pickup/Utilitario",Matheu Y Belgrano,2,1,0,0,1,0,0,"-31.594638888889,-60.686361111111",Avenida,,SANTA FE,La Capital,Asfalto,No existe,I,Dentro,Urbana,S/D,No existe,Intersección,Otro,Reducida,Nocturna,Otro,Otro,S/D,Colisión,Otro,Faltante,Ninguna,Sin restricción
2018,7773,2018-10-24,Miercoles,0,23:00:00,,0.0,2,"Automóvil,Moto/Ciclomotor",Ayacucho Y Larguia,3,1,0,0,2,0,0,"-31.590583333333,-60.725666666667",Calle,,SANTA FE,La Capital,Hormigón,No existe,I,S/D,Urbana,Ninguna,No existe,Intersección,Bueno,Reducida,Nocturna,Buen Tiempo,Lateral,S/D,Colisión,Ninguna,Faltante,Ninguna,Sin restricción
2018,7774,2018-10-03,Miercoles,0,16:30:00,Ruta Provincial 13,2.0,2,"Pickup/Utilitario,Pickup/Utilitario", ,3,2,0,0,1,0,0,"-32.43693, -61.58759",Ruta,13,LAS ROSAS,Belgrano,Asfalto,Natural,III,Dentro,Rural,Ninguna,No existe,Recta,Bueno,Buena,Diurna,Buen Tiempo,Otro,S/D,Colisión,Ninguna,Horizontal,Línea divisoria pintada,Sin restricción
2018,7775,2018-10-24,Miercoles,0,11:35:00,,0.0,2,"Automóvil,Moto/Ciclomotor",Vicente Lopez y Planes Y J Macia,3,1,0,0,2,0,0,"-31.680111111111,-60.759361111111",Calle,,SANTO TOMÉ,La Capital,Asfalto,S/D,I,Dentro,Urbana,Paso Peatonal,No existe,Intersección,Bueno,Buena,Diurna,Buen Tiempo,De alcance,S/D,Colisión,Ninguna,Faltante,S/D,Sin restricción
2018,7776,2018-10-24,Miercoles,0,05:35:00,,0.0,2,"Moto/Ciclomotor,Automóvil",Juan Bautista Alberdi Y Mariano Candioti,2,1,0,0,1,0,0,"-31.683361111111,-60.757638888889",Avenida,,SANTO TOMÉ,La Capital,Asfalto,Natural,I,Dentro,Urbana,Ninguna,Funciona,Recta,Bueno,Buena,Nocturna,Buen Tiempo,De alcance,S/D,Colisión,Ninguna,Faltante,Ninguna,Sin restricción
2018,7777,2018-10-18,Jueves,0,18:00:00,,0.0,2,"Moto/Ciclomotor,Automóvil",Avenida San Martin Y Hilario Lagos,2,0,1,0,1,0,0,"-33.11302, -60.56169",Calle,,GENERAL LAGOS,Rosario,Asfalto,No existe,II,Dentro,Urbana,Ninguna,No existe,Intersección,Bueno,Buena,Atardecer,Buen Tiempo,De alcance,S/D,Colisión,Ninguna,Faltante,Ninguna,Sin restricción
2018,7778,2018-10-03,Miercoles,0,15:30:00,Ruta Provincial 1,11.0,2,"Pickup/Utilitario,Moto/Ciclomotor", ,3,1,1,0,1,0,0,"-31.57131, -60.54292",Ruta,1,ARROYO LEYES,La Capital,Tierra,Natural,I,Dentro,Urbana,Marca Vial,No existe,Recta,Bueno,Buena,Diurna,Buen Tiempo,De alcance,S/D,Colisión,Ninguna,Faltante,Línea divisoria pintada,Sin restricción
2018,7779,2018-10-03,Miercoles,0,06:55:00,Ruta Provincial 1,14.0,2,"Vehículo Oficial,Moto/Ciclomotor", ,3,0,2,0,1,0,0,"-31.55556, -60.51753",Ruta,1,ARROYO LEYES,La Capital,Asfalto,Natural,I,Fuera,Urbana,Marca Vial,No existe,Recta,Bueno,Buena,Diurna,Buen Tiempo,Lateral,S/D,Colisión,Ninguna,Faltante,Línea divisoria pintada,Sin restricción
2018,7780,2018-10-18,Jueves,0,09:30:00,Ruta Secundaria 22-s,0.0,2,"Bicicleta,Automóvil", ,2,1,0,0,1,0,0,"-33.021335480185, -60.629402607329",Ruta,22-s,VILLA GOBERNADOR GÁLVEZ,Rosario,Asfalto,No existe,II,S/D,Urbana,Ninguna,No existe,Recta,Bueno,Buena,Diurna,Buen Tiempo,S/D,Ciclista,Atropello,Ninguna,Faltante,Ninguna,Sin restricción
2018,7781,2018-10-03,Miercoles,0,19:30:00,,0.0,2,"Moto/Ciclomotor,Automóvil",Salvador del Carril Y Av Almte Brown,2,1,0,0,1,0,0,"-31.621833333333,-60.678194444444",Calle,,SANTA FE,La Capital,Asfalto,No existe,I,S/D,Urbana,Ninguna,No existe,Intersección,Bueno,Buena,Diurna,Buen Tiempo,Lateral,S/D,Colisión,Ninguna,S/D,Ninguna,Sin restricción
2018,7782,2018-10-03,Miercoles,0,08:50:00,,0.0,2,"Automóvil,Moto/Ciclomotor",Av Gral Paz Y Angel Cassanello,2,1,0,0,1,0,0,"-31.612416666667,-60.679972222222",Calle,,SANTA FE,La Capital,Asfalto,No existe,I,S/D,Urbana,Ninguna,No existe,Intersección,Bueno,Buena,Diurna,Buen Tiempo,Lateral,S/D,Colisión,Ninguna,S/D,Ninguna,Sin restricción
2018,7783,2018-10-18,Jueves,0,14:00:00,,0.0,2,"Automóvil,Moto/Ciclomotor",J.B.Justo Y Colombia,5,1,1,0,3,0,0,"-32.915027777778,-60.717638888889",Calle,,ROSARIO,Rosario,Asfalto,No existe,II,Dentro,Urbana,Ninguna,No existe,Intersección,Bueno,Buena,Diurna,Buen Tiempo,Otro,S/D,Colisión,Ninguna,Faltante,Ninguna,Sin restricción
2018,7784,2018-10-03,Miercoles,0,12:50:00,,0.0,2,"Bicicleta,Automóvil",Av J J Paso 3535,2,1,0,0,1,0,0,"-31.661305555556,-60.723722222222",Calle,,SANTA FE,La Capital,Asfalto,No existe,I,Dentro,Urbana,Ninguna,No existe,Recta,Con baches,Buena,Diurna,Buen Tiempo,S/D,Ciclista,Atropello,Ninguna,Faltante,Ninguna,Sin restricción
2018,7785,2018-10-03,Miercoles,0,19:20:00,,0.0,2,"Moto/Ciclomotor,Pickup/Utilitario",Necochea Y Bv GÁLVEZ,2,1,0,0,1,0,0,"-31.637305555556,-60.694361111111",Calle,,SANTA FE,La Capital,Asfalto,No existe,I,Dentro,Urbana,S/D,Funciona,Intersección,Bueno,Buena,Atardecer,Buen Tiempo,Lateral,S/D,Colisión,Ninguna,S/D,Ninguna,S/D
2018,7786,2018-10-18,Jueves,0,16:00:00,,0.0,2,"Automóvil,Moto/Ciclomotor",J.J.Paso Y Liniers,3,2,0,0,1,0,0,"-32.919805555556,-60.699333333333",Calle,,ROSARIO,Rosario,Asfalto,No existe,II,Dentro,Urbana,Ninguna,No existe,Intersección,Bueno,Buena,Diurna,Buen Tiempo,Otro,S/D,Colisión,Ninguna,Faltante,Ninguna,Sin restricción
2018,7787,2018-10-03,Miercoles,0,15:30:00,,0.0,2,"Pickup/Utilitario,Automóvil",Balcarce Y Alvear,2,1,0,0,1,0,0,"-31.637972222222,-60.696833333333",Calle,,SANTA FE,La Capital,Asfalto,No existe,I,Dentro,Urbana,S/D,Funciona,Intersección,Bueno,S/D,Diurna,S/D,S/D,S/D,Colisión,S/D,S/D,S/D,S/D
2018,7788,2018-07-14,Sabado,0,19:00:00,Ruta Nacional 7,0.0,1,Automóvil,Av Circunvalaci?n Y Monse?or Rodriguez,2,2,0,0,0,0,0,"-31.556810104341, -60.749244103009",Ruta,7,SANTA FE,La Capital,Hormigón,Natural,I,Dentro,Urbana,S/D,No existe,Recta,S/D,S/D,Atardecer,S/D,Atropello animal,S/D,Colisión,S/D,Faltante,Línea divisoria pintada,Sin restricción
2018,7789,2018-07-17,Martes,0,,Autopista Provincial Brigadier E.López,1.0,1,Automóvil, ,1,1,0,0,0,0,0,"-32.871903687237, -60.719689019426",Autopista,Brigadier E.López,ROSARIO,Rosario,Asfalto,Natural,II,Dentro,Rural,Ninguna,No existe,Recta,S/D,S/D,S/D,S/D,S/D,S/D,Vuelco,S/D,S/D,Vegetación,Sin restricción
2018,7790,2018-07-22,Domingo,0,19:00:00,Autopista Provincial Brigadier E.López,84.0,1,Automóvil, ,3,3,0,0,0,0,0,"-32.171399272101, -60.996350393433",Autopista,Brigadier E.López,SANTA FE,La Capital,Asfalto,Natural,I,Dentro,Rural,Ninguna,No existe,Recta,S/D,S/D,Atardecer,S/D,S/D,S/D,"Vuelco,Despiste",S/D,Faltante,Vegetación,Sin restricción
2018,7792,2018-10-24,Miercoles,0,21:20:00,,0.0,1,Moto/Ciclomotor,Carlos Silvestre Begnis Y Brig Juan Manuel de Rosas,1,1,0,0,0,0,0,"-29.236285477215, -61.766585917106",Calle,,TOSTADO,9 de Julio,Asfalto,Natural,XII,S/D,Urbana,Ninguna,No existe,Recta,Bueno,Buena,Nocturna,Buen Tiempo,Otro,S/D,Otro,Ninguna,Faltante,Ninguna,S/D
2018,7793,2018-10-24,Miercoles,0,07:20:00,,0.0,2,"Moto/Ciclomotor,Moto/Ciclomotor",San Nicolas Y Bv. Segui,2,1,0,0,1,0,0,"-32.972944444444,-60.680583333333",Avenida,,ROSARIO,Rosario,Asfalto,S/D,II,S/D,Urbana,S/D,S/D,Intersección,S/D,Buena,Amanecer,S/D,S/D,S/D,Colisión,S/D,S/D,S/D,S/D
2018,7794,2018-10-24,Miercoles,0,17:35:00,,0.0,2,"Automóvil,Moto/Ciclomotor",J.B.Justo Y Victor Mercante,3,2,0,0,1,0,0,"-32.914055555556,-60.684194444444",Calle,,ROSARIO,Rosario,Asfalto,No existe,II,S/D,Urbana,Ninguna,No existe,Intersección,Bueno,Buena,Nocturna,Buen Tiempo,Lateral,S/D,Colisión,Ninguna,Faltante,Ninguna,Sin restricción
2018,7795,2018-10-18,Jueves,0,21:15:00,,0.0,2,"Moto/Ciclomotor,Automóvil",Av. Provincias Unidas Y French,3,1,0,0,2,0,0,"-32.921777777778,-60.713388888889",Avenida,,ROSARIO,Rosario,Asfalto,No existe,II,Dentro,Urbana,Ninguna,No existe,Recta,Bueno,Buena,Diurna,Buen Tiempo,S/D,S/D,Colisión,Ninguna,S/D,Ninguna,Sin restricción
2018,7796,2018-10-24,Miercoles,0,11:40:00,,0.0,1,Transporte de Pasajeros Urbano (> 8 asientos),Santa Fe Y Mariano Moreno,2,1,0,0,1,0,0,"-32.942833333333,-60.65025",Calle,,ROSARIO,Rosario,S/D,S/D,II,S/D,Urbana,S/D,S/D,Intersección,S/D,S/D,S/D,S/D,S/D,S/D,Caída ocupante,S/D,S/D,S/D,S/D
2018,7797,2018-10-25,Jueves,0,16:45:00,,0.0,2,"Automóvil,Moto/Ciclomotor",3 De Febrero Y Bv. Avellaneda,2,1,0,0,1,0,0,"-32.945444444444,-60.680638888889",Calle,,ROSARIO,Rosario,S/D,S/D,II,S/D,Urbana,S/D,S/D,Intersección,S/D,S/D,Diurna,S/D,S/D,S/D,Colisión,S/D,S/D,S/D,S/D
2018,7798,2018-10-25,Jueves,0,,,0.0,3,"Moto/Ciclomotor,Moto/Ciclomotor,Moto/Ciclomotor",Rivadavia Y Hipolito Yrigoyen,3,1,0,0,2,0,0,"-31.642666666667,-60.703138888889",Calle,,SANTA FE,La Capital,Asfalto,S/D,I,S/D,Urbana,Ninguna,S/D,Intersección,Bueno,S/D,S/D,Buen Tiempo,Otro,S/D,Despiste,Otro,Vertical,Ninguna,Accidente Previo
2018,7799,2018-10-18,Jueves,0,11:42:00,,0.0,2,"Moto/Ciclomotor,Automóvil",San Nicolas Y La Paz,2,1,0,0,1,0,0,"-32.958027777778,-60.676805555556",Calle,,ROSARIO,Rosario,Asfalto,No existe,II,Dentro,Urbana,Ninguna,No existe,Intersección,Bueno,Buena,Diurna,Buen Tiempo,Lateral,S/D,Colisión,Ninguna,Faltante,Ninguna,Sin restricción
2018,7800,2018-10-25,Jueves,0,09:20:00,,0.0,2,"Moto/Ciclomotor,Automóvil",Dorrego Y Ituzaingo,2,1,0,0,1,0,0,"-31.640944444444,-60.687527777778",Calle,,SANTA FE,La Capital,Asfalto,No existe,I,Dentro,Urbana,S/D,S/D,Intersección,Bueno,Buena,Diurna,Buen Tiempo,Lateral,S/D,Colisión,Ninguna,S/D,Ninguna,Sin restricción