anio_acci,nro_acci,fecha,desc_dia,fecha_aprox,hora_aprox,desc_ruta,km,cant_participantes,desc_participante,calle_avenida_km,total,heridos_leves,heridos_graves,heridos_gravisimos,ilesos,fallecidos,sin_datos,posicion_XY,desc_tipo_via,desc_ruta_ori,desc_loc,desc_dpto,desc_tipo_calzada,desc_tipo_banquina,desc_unidad_regional,desc_lugar_calzada,desc_zona,desc_prioridad,desc_estado_semaforo,desc_lugar_via,desc_estado_via,desc_estado_visibilidad,desc_luminosidad,desc_estado_clima,desc_tipo_colision,desc_tipo_atropello,desc_tipo_hecho,desc_pres_calzada,desc_senializacion,desc_separacion_via,desc_restriccion
2018,7801,2018-10-18,Jueves,0,18:15:00,,0.0,1,Transporte de Pasajeros Urbano (> 8 asientos),Ayacucho Y Av. Arijon,2,1,0,0,1,0,0,"-33.002611111111,-60.636027777778",Calle,,ROSARIO,Rosario,Asfalto,Pavimento,II,Dentro,Urbana,Ninguna,Funciona,Recta,Bueno,Buena,Diurna,Buen Tiempo,Otro,S/D,Otro,Ninguna,Vertical,Cordón divisorio,Sin restricción
2018,7802,2018-08-25,Sabado,0,10:00:00,,0.0,2,"Pickup/Utilitario,Moto/Ciclomotor",LUIS JIMENEZ DE ASUA Y ALDO MIELLI,2,1,0,0,1,0,0,"-31.63613, -60.66134",Calle,,SANTA FE,La Capital,Asfalto,Pavimento,I,Dentro,Urbana,Ninguna,No existe,Intersección,Con baches,Buena,Diurna,Buen Tiempo,Lateral,S/D,Despiste,Ninguna,Horizontal,Ninguna,Sin restricción
2018,7803,2018-10-25,Jueves,0,09:00:00,,0.0,2,"Moto/Ciclomotor,Moto/Ciclomotor",Intendente Manuel Irigoyen ,2,2,0,0,0,0,0,"-32.15771, -61.10951",Calle,,SANTA FE,La Capital,Asfalto,Pavimento,I,Dentro,Urbana,Ninguna,No existe,Recta,Con baches,Buena,Diurna,Buen Tiempo,De alcance,S/D,Colisión,Ninguna,Faltante,Ninguna,Sin restricción
2018,7804,2018-10-18,Jueves,0,06:30:00,,0.0,2,"Moto/Ciclomotor,Otros",Av. Ovidio Lagos Y Alice,2,1,0,0,1,0,0,"-32.98075, -60.67068",Calle,,ROSARIO,Rosario,Asfalto,No existe,II,Dentro,Urbana,Ninguna,No existe,Intersección,Bueno,Buena,Diurna,Buen Tiempo,Lateral,S/D,Colisión,Ninguna,Faltante,Ninguna,Sin restricción
2018,7805,2018-10-25,Jueves,0,23:15:00,,0.0,2,"Automóvil,Moto/Ciclomotor",Estanislao Zeballos Y Av Facundo Zuviria,2,1,0,0,1,0,0,"-31.603722222222,-60.702666666667",Avenida,,SANTA FE,La Capital,Asfalto,Pavimento,I,S/D,Urbana,Ninguna,Funciona,Intersección,Bueno,Buena,Nocturna,Buen Tiempo,Lateral,S/D,Colisión,S/D,"Horizontal,Vertical",Línea divisoria pintada,Sin restricción
2018,7806,2018-10-18,Jueves,0,15:00:00,,0.0,2,"Moto/Ciclomotor,Automóvil",San Martin Y Pje. R.Platini,2,1,0,0,1,0,0,"-33.014916666667,-60.651944444444",Calle,,ROSARIO,Rosario,Asfalto,No existe,II,Dentro,Urbana,Ninguna,No existe,Intersección,Bueno,Buena,Diurna,Buen Tiempo,Lateral,S/D,Colisión,Ninguna,Faltante,Ninguna,Sin restricción
2018,7807,2018-10-25,Jueves,0,13:30:00,,0.0,2,"Moto/Ciclomotor,Bicicleta",San Jeronimo Y Domingo Silva,2,1,0,0,1,0,0,"-31.630638888889,-60.703305555556",Calle,,SANTA FE,La Capital,Asfalto,Pavimento,I,S/D,Urbana,Ninguna,No existe,Intersección,Bueno,Buena,Diurna,Buen Tiempo,Lateral,Ciclista,Atropello,S/D,Horizontal,Línea divisoria pintada,Sin restricción
2018,7808,2018-10-18,Jueves,0,13:15:00,,0.0,2,"Automóvil,Moto/Ciclomotor",Av. Pellegrini 2700,3,1,0,0,2,0,0,"-32.95325,-60.662805555556",Avenida,,ROSARIO,Rosario,S/D,S/D,II,S/D,Urbana,S/D,S/D,Recta,Bueno,Buena,Diurna,S/D,S/D,S/D,Colisión,Ninguna,S/D,S/D,S/D
2018,7809,2018-10-18,Jueves,0,17:05:00,,0.0,2,"Bicicleta,Automóvil",Av. Corrientes Y San Luis,2,1,0,0,0,0,1,"-32.948277777778,-60.643",S/D,,ROSARIO,Rosario,S/D,S/D,II,S/D,Urbana,S/D,Funciona,Intersección,S/D,Buena,S/D,S/D,S/D,Ciclista,Atropello,S/D,S/D,S/D,S/D
2018,7810,2018-10-18,Jueves,0,10:55:00,,0.0,2,"Moto/Ciclomotor,Automóvil",Tucuman Y Bv. Oro?o,2,1,0,0,1,0,0,"-32.939083333333,-60.652",Calle,,ROSARIO,Rosario,S/D,S/D,II,S/D,Urbana,S/D,S/D,S/D,S/D,S/D,Diurna,S/D,S/D,S/D,Colisión,S/D,S/D,S/D,S/D
2018,7811,2018-10-18,Jueves,0,17:50:00,,0.0,2,"Automóvil,Cuatriciclo",Moreno Y Almte. Brown,2,1,0,0,1,0,0,"-32.816416666667,-61.395888888889",Calle,,CAÑADA DE GÓMEZ,Iriondo,Asfalto,No existe,X,S/D,Urbana,Ninguna,No existe,Recta,Bueno,S/D,S/D,Buen Tiempo,Lateral,S/D,Colisión,Otro,Vertical,Cordón divisorio,Sin restricción
2018,7812,2018-07-30,Lunes,0,07:55:00,Ruta Nacional 7,0.0,1,Automóvil,Av Circunvalaci?n Y Jujuy,2,2,0,0,0,0,0,"-31.658362025050, -60.736151932407",Ruta,7,SANTA FE,La Capital,Hormigón,Natural,I,Dentro,Urbana,Ninguna,No existe,Recta,S/D,S/D,Diurna,S/D,S/D,S/D,"Vuelco,Despiste",S/D,Faltante,Guardarrail,Sin restricción
2018,7813,2018-07-20,Viernes,0,,Ruta Nacional 19,128.0,2,"Camión,Bicicleta", ,2,0,1,0,1,0,0,"-31.420092946373, -62.062477823281",Ruta,19,FRONTERA,Castellanos,Asfalto,Pavimento,V,Dentro,Urbana,Semáforo,Funciona,Recta,S/D,S/D,S/D,S/D,S/D,Ciclista,Atropello,S/D,Vertical,Línea divisoria pintada,Sin restricción
2018,7814,2018-07-02,Lunes,1,12:00:00,,0.0,2,"Camión,Vehículo Oficial",Carlos Pellegrini Y Espa?a,9,2,0,0,7,0,0,"-33.747837977671, -61.959540977615",Calle,,VENADO TUERTO,General López,Asfalto,No existe,VIII,Dentro,Urbana,Ninguna,No existe,Intersección,S/D,S/D,S/D,S/D,Lateral,S/D,Colisión,S/D,Faltante,Ninguna,Sin restricción
2018,7815,2018-07-02,Lunes,0,17:50:00,Ruta Secundaria 4-s,0.0,2,"Automóvil,Moto/Ciclomotor",Casey Y Alvear,3,1,0,0,2,0,0,"-33.748932318949, -61.965999736923",Ruta,4-s,VENADO TUERTO,General López,Hormigón,No existe,VIII,Dentro,Urbana,Ninguna,No existe,Intersección,S/D,S/D,Diurna,S/D,Lateral,S/D,Colisión,Ninguna,Faltante,Ninguna,Sin restricción
2018,7816,2018-06-30,Sabado,0,04:00:00,,0.0,1,Moto/Ciclomotor,3 de Febrero Y San Martin,2,1,0,0,1,0,0,"-31.447164609949, -60.929863628074",Calle,,ESPERANZA,Las Colonias,Asfalto,No existe,XI,Dentro,Urbana,S/D,S/D,Recta,S/D,S/D,Nocturna,S/D,S/D,S/D,Caída ocupante,S/D,S/D,Ninguna,Sin restricción
2018,7817,2018-06-30,Sabado,0,19:45:00,,0.0,2,"Automóvil,Moto/Ciclomotor",Dr GÁLVEZ Y R G Videla,2,1,0,0,1,0,0,"-31.454394101751, -60.941870690930",Calle,,ESPERANZA,Las Colonias,Asfalto,No existe,XI,Dentro,Urbana,S/D,S/D,Intersección,S/D,S/D,Nocturna,S/D,Lateral,S/D,Colisión,S/D,S/D,Ninguna,Sin restricción
2018,7818,2018-06-29,Viernes,0,20:00:00,,0.0,2,"Moto/Ciclomotor,Pickup/Utilitario",27 de Abril Y 20 de Junio,2,1,0,0,1,0,0,"-31.436158834478, -61.256939671875",Calle,,PILAR,Las Colonias,Asfalto,No existe,XI,Dentro,Urbana,S/D,S/D,Intersección,S/D,S/D,Nocturna,S/D,Lateral,S/D,Colisión,S/D,S/D,Ninguna,Sin restricción
2018,7819,2018-07-30,Lunes,0,04:20:00,,0.0,1,Automóvil,Calle 16 Gral Obligado 1370,1,1,0,0,0,0,0,"-29.151555555556,-59.645916666667",Calle,,RECONQUISTA,General Obligado,Ripio,No existe,IX,Dentro,Urbana,S/D,No existe,Recta,Bueno,Buena,Nocturna,S/D,S/D,S/D,Vuelco,Ninguna,Faltante,Ninguna,Sin restricción
2018,7820,2018-07-03,Martes,0,02:00:00,,0.0,1,Moto/Ciclomotor,Suipacha Y Av Urquiza,2,1,0,0,1,0,0,"-31.638651798798, -60.711142678957",Avenida,,SANTA FE,La Capital,Hormigón,No existe,I,Dentro,Urbana,Semáforo,Funciona,Intersección,S/D,S/D,Nocturna,S/D,S/D,S/D,Caída ocupante,S/D,"Horizontal,Vertical",Ninguna,Sin restricción
2018,7821,2018-07-02,Lunes,0,,,0.0,2,"Moto/Ciclomotor,Moto/Ciclomotor",Bv Poeta J Migno Y H Irigoyen,3,3,0,0,0,0,0,"-30.573483364444, -59.935091275603",Avenida,,SAN JAVIER,San Javier,Hormigón,No existe,XIV,Dentro,Urbana,S/D,S/D,Intersección,S/D,S/D,Diurna,S/D,Lateral,S/D,Colisión,S/D,S/D,Ninguna,Sin restricción
2018,7822,2018-07-30,Lunes,0,13:30:00,,0.0,1,Moto/Ciclomotor,Azcuenaga Y Av Facundo Zuviria,1,0,0,1,0,0,0,"-31.592777777778,-60.699277777778",Avenida,,SANTA FE,La Capital,Asfalto,No existe,I,Dentro,Urbana,Ninguna,No existe,Recta,Bueno,Buena,Diurna,Buen Tiempo,S/D,S/D,Caída ocupante,Ninguna,Faltante,Ninguna,Sin restricción
2018,7823,2018-07-04,Miercoles,0,07:15:00,Ruta Nacional 168,0.0,3,"Automóvil,Bicicleta,Moto/Ciclomotor", ,3,2,0,0,1,0,0,"-31.639967619626, -60.643218642115",Ruta,168,SANTA FE,La Capital,Asfalto,Natural,I,Dentro,Rural,Ninguna,No existe,Recta,S/D,S/D,Diurna,S/D,S/D,Ciclista,Atropello,S/D,Faltante,Guardarrail,Sin restricción
2018,7824,2018-07-30,Lunes,0,,Ruta Nacional 11,0.0,2,"Moto/Ciclomotor,Automóvil",Av San Lorenzo Y Martin Fierro,2,0,1,0,1,0,0,"-32.802305555556,-60.720583333333",Ruta,11,CAPITÁN BERMÚDEZ,San Lorenzo,Asfalto,No existe,XVII,Dentro,Urbana,S/D,No existe,Intersección,Bueno,Buena,S/D,Buen Tiempo,Frontal,S/D,Colisión,Ninguna,Faltante,S/D,Sin restricción
2018,7825,2018-07-29,Domingo,0,05:00:00,Ruta Provincial 91,0.0,2,"Automóvil,Moto/Ciclomotor",San Martin Y Almte. Brown,2,0,0,0,1,1,0,"-32.816166666667,-61.397277777778",Ruta,91,CAÑADA DE GÓMEZ,Iriondo,Asfalto,No existe,X,Dentro,Urbana,Ninguna,No existe,Intersección,Bueno,Buena,Nocturna,S/D,Lateral,S/D,Colisión,Ninguna,Faltante,S/D,Sin restricción
2018,7826,2018-07-28,Sabado,0,,Autopista Provincial Brigadier E.López,2.0,1,Automóvil,Av. Circunvalacion ,1,1,0,0,0,0,0,"-32.869214031507, -60.723040509649",Autopista,Brigadier E.López,ROSARIO,Rosario,Asfalto,Pavimento,II,Dentro,Urbana,Marca Vial,No existe,Recta,Bueno,Reducida,Diurna,Lluvia,S/D,S/D,Despiste,Agua,"Horizontal,Vertical",Guardarrail,Sin restricción
2018,7827,2018-10-25,Jueves,0,16:50:00,,0.0,2,"Automóvil,Automóvil",Cordoba ,2,1,0,0,1,0,0,"-31.66306, -60.76769",Calle,,SANTO TOMÉ,La Capital,Ripio,Ripio,I,S/D,Urbana,Ninguna,No existe,Intersección,Bueno,Buena,Diurna,Buen Tiempo,Frontal,S/D,Colisión,Ninguna,Faltante,Ninguna,Sin restricción
2018,7828,2018-10-25,Jueves,0,17:15:00,,0.0,2,"Moto/Ciclomotor,Automóvil",Juan Diaz De Solis Y Mariano Moreno,2,1,0,0,1,0,0,"-31.665666666667,-60.766111111111",Calle,,SANTO TOMÉ,La Capital,Asfalto,No existe,I,S/D,Urbana,Ninguna,No existe,Intersección,Bueno,Buena,Diurna,Buen Tiempo,Lateral,S/D,Colisión,Ninguna,Faltante,Ninguna,Sin restricción
2018,7829,2018-10-25,Jueves,0,06:45:00,,0.0,2,"Moto/Ciclomotor,Automóvil",San Martin Y Moreno,2,0,0,1,1,0,0,"-33.258567172303, -60.380578637256",Avenida,,VILLA CONSTITUCIÓN,Constitución,Hormigón,Pavimento,VI,Dentro,Urbana,Ninguna,No existe,Intersección,Con baches,Buena,Diurna,Buen Tiempo,Lateral,S/D,Colisión,Ninguna,Vertical,Ninguna,Sin restricción
2018,7830,2018-10-25,Jueves,0,17:55:00,,0.0,2,"Automóvil,Moto/Ciclomotor",Sargento Cabral Y Belgrano,4,1,0,0,0,0,3,"-32.746861111111,-60.730694444444",Calle,,SAN LORENZO,San Lorenzo,S/D,S/D,XVII,S/D,Urbana,S/D,S/D,Intersección,Otro,S/D,S/D,Otro,S/D,S/D,S/D,Otro,S/D,Ninguna,S/D
2018,7832,2018-08-28,Martes,0,,,0.0,2,"Bicicleta,Taxi/Remis",Entre Rios Y Tucuman,2,1,0,0,1,0,0,"-32.941305555556,-60.639805555556",Calle,,ROSARIO,Rosario,Asfalto,No existe,II,Dentro,Urbana,Ninguna,S/D,Intersección,S/D,S/D,S/D,S/D,S/D,Ciclista,Atropello,Ninguna,S/D,S/D,Sin restricción
2018,7833,2018-10-25,Jueves,0,14:35:00,,0.0,2,"Automóvil,Moto/Ciclomotor",Simon Bolivar Y M Guemes,3,1,1,0,1,0,0,"-32.815361111111,-60.724027777778",Calle,,CAPITÁN BERMÚDEZ,San Lorenzo,Asfalto,Pavimento,XVII,S/D,Urbana,Ninguna,S/D,Intersección,Bueno,Buena,Diurna,Buen Tiempo,S/D,S/D,Colisión,Ninguna,Faltante,Ninguna,Sin restricción
2018,7834,2018-08-28,Martes,0,09:00:00,,0.0,2,"Moto/Ciclomotor,Taxi/Remis",Dr Zavalla Y Vera,2,1,0,0,1,0,0,"-31.640916666667,-60.718694444444",Calle,,SANTA FE,La Capital,Asfalto,No existe,I,Dentro,Urbana,Ninguna,No existe,Intersección,S/D,Buena,Diurna,S/D,Lateral,S/D,Colisión,S/D,S/D,Ninguna,Sin restricción
2018,7835,2018-10-25,Jueves,0,13:50:00,,0.0,2,"Moto/Ciclomotor,Automóvil",Av San Martin Y Santa Fe,2,2,0,0,0,0,0,"-32.790128373295, -60.724255048497",Avenida,,FRAY LUIS BELTRÁN,San Lorenzo,Asfalto,Pavimento,XVII,Dentro,Urbana,Ninguna,No existe,Intersección,Bueno,Buena,Diurna,Buen Tiempo,Lateral,S/D,Colisión,Ninguna,Faltante,Línea divisoria pintada,Sin restricción
2018,7836,2018-10-26,Viernes,0,11:00:00,,0.0,3,"Automóvil,Automóvil,Automóvil",Av San Martin Y Las Heras,4,2,0,0,2,0,0,"-32.80072, -60.72098",Calle,,FRAY LUIS BELTRÁN,San Lorenzo,Asfalto,Pavimento,XVII,S/D,Urbana,Ninguna,No existe,Intersección,Bueno,Buena,Diurna,Buen Tiempo,Múltiple,S/D,Colisión,Ninguna,Faltante,Línea divisoria pintada,Sin restricción
2018,7837,2018-10-25,Jueves,0,14:00:00,,0.0,1,Automóvil,CAMINO RURAL ANTONIO PINI ,4,0,2,0,2,0,0,"-29.09215, -61.74153",Camino Rural,,TOSTADO,9 de Julio,Ripio,No existe,XII,Dentro,Urbana,S/D,S/D,Recta,S/D,S/D,S/D,Buen Tiempo,S/D,S/D,Vuelco,S/D,Faltante,S/D,S/D
2018,7838,2018-10-19,Viernes,0,12:50:00,,0.0,2,"Pickup/Utilitario,Peatón",Lima Y Montevideo,2,1,0,0,1,0,0,"-32.948055555556,-60.685666666667",S/D,,ROSARIO,Rosario,S/D,S/D,II,S/D,S/D,S/D,S/D,Intersección,S/D,S/D,S/D,S/D,S/D,Peatón,Atropello,S/D,S/D,S/D,S/D
2018,7840,2018-10-25,Jueves,0,18:10:00,,0.0,2,"Automóvil,Moto/Ciclomotor",Simon de Iriondo 3800,2,0,1,0,1,0,0,"-31.434583333333,-60.926",Calle,,ESPERANZA,Las Colonias,Asfalto,No existe,XI,Dentro,Urbana,Ninguna,No existe,Recta,Bueno,Buena,Diurna,Buen Tiempo,De alcance,S/D,Colisión,Ninguna,Faltante,Ninguna,Sin restricción
2018,7841,2018-10-25,Jueves,0,11:30:00,,0.0,2,"Automóvil,Moto/Ciclomotor",Av Cordoba Y Saavedra,2,1,0,0,1,0,0,"-31.447638888889,-60.935888888889",Calle,,ESPERANZA,Las Colonias,Asfalto,No existe,XI,Dentro,Urbana,Ninguna,No existe,Intersección,Bueno,Buena,Diurna,Buen Tiempo,Lateral,S/D,Colisión,Ninguna,Faltante,Cordón divisorio,Sin restricción
2018,7842,2018-10-19,Viernes,0,20:00:00,,0.0,2,"Bicicleta,Automóvil",Balcarce Y San Juan,2,1,0,0,1,0,0,"-32.947694444444,-60.652888888889",Calle,,ROSARIO,Rosario,S/D,S/D,II,S/D,Urbana,S/D,S/D,Intersección,S/D,S/D,Nocturna,S/D,S/D,Ciclista,Atropello,S/D,S/D,S/D,S/D
2018,7843,2018-08-31,Viernes,0,,,0.0,2,"Automóvil,Moto/Ciclomotor",Santiago Shine Y Av Brasil,2,0,1,0,1,0,0,"-31.247166666667,-61.467333333333",Avenida,,RAFAELA,Castellanos,Asfalto,No existe,V,Dentro,Urbana,Ninguna,No existe,Intersección,Bueno,S/D,S/D,S/D,Lateral,S/D,Colisión,S/D,S/D,S/D,Sin restricción
2018,7844,2018-10-25,Jueves,0,11:45:00,,0.0,1,Transporte de Pasajeros Urbano (> 8 asientos),A F Temporelli Y Ruta Prov 22 S,2,1,0,0,1,0,0,"-33.036833333333,-60.656694444444",Calle,,VILLA GOBERNADOR GÁLVEZ,Rosario,Asfalto,No existe,II,S/D,Urbana,Ninguna,No existe,Intersección,Bueno,Buena,Atardecer,Buen Tiempo,S/D,S/D,Caída ocupante,Ninguna,Faltante,Ninguna,Sin restricción
2018,7845,2018-10-25,Jueves,0,18:15:00,,0.0,2,"Automóvil,Automóvil",Av. Jorge Newbery Y Tarragona,5,3,0,0,2,0,0,"-32.908666666667,-60.735444444444",Calle,,ROSARIO,Rosario,Asfalto,S/D,II,S/D,Urbana,S/D,Intermitente,Intersección,Bueno,Buena,Atardecer,S/D,S/D,S/D,Colisión,Agua,S/D,S/D,S/D
2018,7846,2018-10-25,Jueves,0,20:30:00,,0.0,2,"Moto/Ciclomotor,Pickup/Utilitario",J.J.Paso 5300,2,0,1,0,1,0,0,"-32.91975,-60.697083333333",Avenida,,ROSARIO,Rosario,Asfalto,No existe,II,Dentro,Urbana,Ninguna,No existe,Intersección,Resbaladiza,Buena,Con luz artificial,Lluvia,Otro,S/D,Colisión,Agua,Faltante,Ninguna,Sin restricción
2018,7847,2018-10-19,Viernes,0,07:45:00,,0.0,2,"Automóvil,Moto/Ciclomotor",Av Freyre Y Hipolito Yrigoyen,2,1,0,0,1,0,0,"-31.640166666667,-60.71675",Calle,,SANTA FE,La Capital,Asfalto,No existe,I,Dentro,Urbana,Ninguna,Funciona,Recta,Bueno,Buena,Diurna,Buen Tiempo,Otro,S/D,Colisión,Ninguna,Vertical,Ninguna,Sin restricción
2018,7848,2018-08-31,Viernes,0,17:00:00,,0.0,2,"Automóvil,Pickup/Utilitario",Av Galicia 1300,2,1,0,0,1,0,0,"-31.607666666667,-60.680027777778",Avenida,,SANTA FE,La Capital,Asfalto,No existe,I,Dentro,Urbana,Ninguna,S/D,Intersección,Bueno,S/D,Diurna,S/D,Lateral,S/D,Colisión,S/D,S/D,Ninguna,Sin restricción
2018,7849,2018-10-25,Jueves,0,22:00:00,,0.0,2,"Peatón,Automóvil",Jacobacci Y Ugarte,2,1,0,0,1,0,0,"-32.93850,-60.75526",Calle,,ROSARIO,Rosario,Asfalto,No existe,II,Dentro,Urbana,Ninguna,No existe,Recta,S/D,S/D,"Nocturna,Con luz artificial",S/D,S/D,Peatón,Atropello,S/D,S/D,Ninguna,Sin restricción
2018,7850,2018-10-19,Viernes,0,13:30:00,,0.0,2,"Automóvil,Moto/Ciclomotor",Bv. Rondeau Y Vucetich,2,1,0,0,1,0,0,"-32.885722222222,-60.694944444444",Calle,,ROSARIO,Rosario,Asfalto,No existe,II,Dentro,Urbana,Ninguna,No existe,Intersección,Bueno,Buena,Diurna,Buen Tiempo,Frontal,S/D,Colisión,Ninguna,Faltante,Ninguna,Sin restricción
2018,7851,2018-10-26,Viernes,0,17:00:00,,0.0,2,"Taxi/Remis,Camión Chasis",Av. Pte.Peron 6800,2,1,0,0,1,0,0,"-32.96849,-60.71274",Avenida,,ROSARIO,Rosario,Asfalto,No existe,II,S/D,Urbana,Semáforo,Funciona,Intersección,Bueno,Buena,Diurna,Buen Tiempo,Lateral,S/D,Colisión,Ninguna,"Horizontal,Vertical","Guardarrail,Cordón divisorio",Sin restricción
2018,7852,2018-10-02,Martes,0,18:00:00,,0.0,2,"Bicicleta,Automóvil",Av Gral San Martin Y Emilio Zola,2,1,0,0,0,0,1,"-33.028833333333,-60.620833333333",Calle,,VILLA GOBERNADOR GÁLVEZ,Rosario,Asfalto,No existe,II,Dentro,Urbana,S/D,Funciona,Intersección,Bueno,S/D,Atardecer,Buen Tiempo,Lateral,Ciclista,Atropello,Ninguna,Faltante,Ninguna,Sin restricción
2018,7853,2018-10-26,Viernes,0,13:50:00,,0.0,2,"Peatón,Moto/Ciclomotor",Av. Pellegrini Y Valparaiso,2,2,0,0,0,0,0,"-32.949472222222,-60.684611111111",Calle,,ROSARIO,Rosario,S/D,S/D,II,S/D,Urbana,S/D,S/D,Intersección,S/D,S/D,Diurna,S/D,S/D,Peatón,Atropello,S/D,S/D,S/D,S/D
2018,7854,2018-10-19,Viernes,0,20:10:00,,0.0,1,Automóvil,Pasteur Y Eva Peron,1,1,0,0,0,0,0,"-33.027777777778,-60.623944444444",S/D,,VILLA GOBERNADOR GÁLVEZ,Rosario,Asfalto,No existe,II,S/D,S/D,Ninguna,No existe,Intersección,Bueno,Buena,Nocturna,Buen Tiempo,Contra objeto fijo,S/D,Colisión,Ninguna,Faltante,Ninguna,Sin restricción
2018,7855,2018-10-26,Viernes,0,23:45:00,,0.0,2,"Moto/Ciclomotor,Transporte de Pasajeros Urbano (> 8 asientos)",Necochea Y Ituzaingo,4,0,1,0,3,0,0,"-32.963222222222,-60.627805555556",Calle,,ROSARIO,Rosario,S/D,S/D,II,S/D,Urbana,S/D,S/D,Intersección,S/D,S/D,S/D,S/D,S/D,S/D,Colisión,S/D,S/D,S/D,S/D
2018,7856,2018-10-19,Viernes,0,16:30:00,,0.0,2,"Moto/Ciclomotor,Automóvil",Pasteur Y Eva Peron,3,1,0,0,2,0,0,"-33.027777777778,-60.623944444444",S/D,,VILLA GOBERNADOR GÁLVEZ,Rosario,Asfalto,No existe,II,S/D,S/D,Ninguna,No existe,Intersección,Bueno,Buena,Diurna,Buen Tiempo,S/D,S/D,Colisión,Ninguna,Faltante,Ninguna,Sin restricción
2018,7857,2018-10-19,Viernes,0,21:30:00,,0.0,2,"Automóvil,Moto/Ciclomotor",Saavedra Y Pietranera,2,1,0,0,1,0,0,"-31.663027777778,-60.720916666667",S/D,,SANTA FE,La Capital,Asfalto,S/D,I,S/D,S/D,Ninguna,No existe,Intersección,Bueno,Buena,Con luz artificial,Buen Tiempo,Lateral,S/D,Colisión,Ninguna,S/D,Ninguna,Sin restricción
2018,7858,2018-10-26,Viernes,0,03:50:00,,0.0,2,"Automóvil,Automóvil",Mendoza Y Av. Ovidio Lagos,3,1,0,0,2,0,0,"-32.947388888889,-60.662722222222",Calle,,ROSARIO,Rosario,S/D,S/D,II,S/D,Urbana,S/D,S/D,Intersección,S/D,S/D,S/D,S/D,"Contra objeto fijo,Frontal",S/D,Colisión,Agua,S/D,S/D,S/D
2018,7859,2018-10-19,Viernes,0,14:40:00,,0.0,2,"Moto/Ciclomotor,Automóvil",Callao Y Acevedo Bis,2,1,0,0,1,0,0,"-32.98076, -60.66972",Calle,,ROSARIO,Rosario,Asfalto,No existe,II,Dentro,Urbana,Ninguna,No existe,Intersección,Bueno,Buena,Diurna,Buen Tiempo,Lateral,S/D,Colisión,Ninguna,Faltante,Ninguna,Sin restricción
2018,7860,2018-10-06,Sabado,0,12:00:00,,0.0,2,"Peatón,Automóvil",Rodriguez Pe?a Y Pje. Independencia,2,1,0,0,1,0,0,"-31.665444444444,-60.726694444444",Calle,,ROSARIO,Rosario,Asfalto,No existe,II,Dentro,Urbana,Ninguna,No existe,Intersección,Bueno,Buena,Diurna,Buen Tiempo,S/D,Peatón,Atropello,Ninguna,Faltante,Ninguna,Sin restricción
2018,7861,2018-10-03,Miercoles,0,17:40:00,,0.0,2,"Moto/Ciclomotor,Moto/Ciclomotor",Laprida Y Bv Muttis,2,1,0,0,0,0,1,"-31.627638888889,-60.681194444444",Calle,,SANTA FE,La Capital,Asfalto,No existe,I,Dentro,Urbana,S/D,S/D,Intersección,Bueno,Buena,Diurna,Buen Tiempo,Lateral,S/D,Colisión,Ninguna,S/D,S/D,Sin restricción
2018,7862,2018-10-19,Viernes,0,10:15:00,,0.0,2,"Moto/Ciclomotor,Automóvil",24 De Setiembre Y Laprida,2,1,0,0,1,0,0,"-32.980916666667,-60.64275",Calle,,ROSARIO,Rosario,Asfalto,No existe,II,Dentro,Urbana,Ninguna,Funciona,Intersección,Bueno,Buena,Diurna,Buen Tiempo,Lateral,S/D,Colisión,Ninguna,Vertical,Línea divisoria pintada,Sin restricción
2018,7863,2018-10-04,Jueves,0,16:30:00,,0.0,2,"Bicicleta,Pickup/Utilitario",Ingeniero Falchini Y Guemes,2,0,1,0,1,0,0,"-31.549795467946, -61.081867498816",Calle,,SAN JERÓNIMO NORTE,Las Colonias,Asfalto,No existe,XI,Dentro,Urbana,Ninguna,No existe,Intersección,Bueno,Buena,Diurna,Buen Tiempo,S/D,Ciclista,Atropello,Ninguna,Faltante,Ninguna,Sin restricción
2018,7864,2018-10-04,Jueves,0,15:15:00,,0.0,2,"Moto/Ciclomotor,Automóvil",Av Cordoba Y General Paz,2,1,0,0,1,0,0,"-31.63,-60.692722222222",Avenida,,ESPERANZA,Las Colonias,Asfalto,No existe,XI,Dentro,Urbana,Ninguna,No existe,Intersección,Bueno,Buena,Diurna,Buen Tiempo,Múltiple,S/D,Colisión,Ninguna,Vertical,Cordón divisorio,Sin restricción
2018,7865,2018-07-05,Jueves,0,12:15:00,,0.0,2,"Pickup/Utilitario,Moto/Ciclomotor",Espa?a Y Lavalle,2,1,0,0,1,0,0,"-32.820562319353, -61.393422634741",Calle,,CAÑADA DE GÓMEZ,Iriondo,Asfalto,No existe,X,Dentro,Urbana,Ninguna,No existe,Intersección,S/D,S/D,Diurna,S/D,Lateral,S/D,Colisión,S/D,Faltante,Ninguna,Sin restricción
2018,7866,2018-07-06,Viernes,0,20:30:00,,0.0,2,"Automóvil,Moto/Ciclomotor",Calle 12 San Martin Y CAlle 37-Bvard. lovato,2,1,0,0,1,0,0,"-29.156227938222, -59.644145409778",Avenida,,RECONQUISTA,General Obligado,Asfalto,No existe,IX,Dentro,Urbana,Ninguna,No existe,Intersección,S/D,S/D,Nocturna,S/D,Lateral,S/D,Colisión,S/D,Faltante,Cordón divisorio,Sin restricción