anio_acci,nro_acci,fecha,desc_dia,fecha_aprox,hora_aprox,desc_ruta,km,cant_participantes,desc_participante,calle_avenida_km,total,heridos_leves,heridos_graves,heridos_gravisimos,ilesos,fallecidos,sin_datos,posicion_XY,desc_tipo_via,desc_ruta_ori,desc_loc,desc_dpto,desc_tipo_calzada,desc_tipo_banquina,desc_unidad_regional,desc_lugar_calzada,desc_zona,desc_prioridad,desc_estado_semaforo,desc_lugar_via,desc_estado_via,desc_estado_visibilidad,desc_luminosidad,desc_estado_clima,desc_tipo_colision,desc_tipo_atropello,desc_tipo_hecho,desc_pres_calzada,desc_senializacion,desc_separacion_via,desc_restriccion
2018,7867,2018-07-06,Viernes,0,08:00:00,,0.0,2,"Moto/Ciclomotor,Automóvil",Almte Brown B Y Quintana,2,0,1,0,1,0,0,"-32.815719921598, -61.399977299319",Calle,,CAÑADA DE GÓMEZ,Iriondo,Hormigón,No existe,X,Dentro,Urbana,Ninguna,No existe,Intersección,S/D,S/D,Diurna,S/D,Lateral,S/D,Colisión,S/D,Faltante,Ninguna,Sin restricción
2018,7868,2018-07-09,Lunes,0,,,0.0,1,Moto/Ciclomotor,Lavalle Y Leandro N Alem,2,0,1,0,0,0,1,"-31.248404542043, -61.489371942624",Calle,,RAFAELA,Castellanos,Hormigón,No existe,V,Dentro,Urbana,Ninguna,No existe,Intersección,S/D,S/D,S/D,S/D,S/D,S/D,Caída ocupante,S/D,Faltante,Ninguna,Sin restricción
2018,7869,2018-07-28,Sabado,0,,,0.0,2,"Automóvil,Moto/Ciclomotor",Moreno Y Rivadavia,3,1,0,0,2,0,0,"-33.045276, -61.171186",Calle,,CAÑADA DE GÓMEZ,Iriondo,Asfalto,No existe,X,Dentro,Urbana,Ninguna,No existe,Intersección,Bueno,Buena,S/D,Buen Tiempo,Lateral,S/D,Colisión,Ninguna,Faltante,Ninguna,Sin restricción
2018,7870,2018-07-09,Lunes,0,,,0.0,1,Automóvil,Tucuman Y Sarmiento,1,1,0,0,0,0,0,"-31.251934462420, -61.484596732075",Calle,,RAFAELA,Castellanos,Hormigón,No existe,V,Dentro,Urbana,Ninguna,No existe,Intersección,S/D,S/D,S/D,S/D,Contra objeto fijo,S/D,Colisión,S/D,Faltante,Ninguna,Sin restricción
2018,7871,2018-07-10,Martes,0,,,0.0,2,"Moto/Ciclomotor,Automóvil",Sarmiento Y J A Roca,2,1,0,0,1,0,0,"-32.842763757925, -61.252776135829",Calle,,CORREA,Iriondo,Tierra,No existe,X,Dentro,Urbana,Ninguna,No existe,Intersección,S/D,S/D,S/D,S/D,Lateral,S/D,Colisión,S/D,Faltante,Ninguna,Sin restricción
2018,7872,2018-07-10,Martes,0,,Ruta Provincial 23,8.0,2,"Automóvil,Camión", ,2,1,0,0,1,0,0,"-30.285872307400, -61.881382995628",Ruta,23,VILLA TRINIDAD,San Cristóbal,Asfalto,Natural,XIII,Dentro,Rural,Ninguna,No existe,Recta,S/D,S/D,S/D,S/D,Lateral,S/D,Colisión,S/D,Faltante,Línea divisoria pintada,Sin restricción
2018,7873,2018-07-12,Jueves,0,,,0.0,2,"Bicicleta,Automóvil",Teniente Richieri ,2,1,0,0,1,0,0,"-30.939100639692, -61.570809621243",Calle,,SUNCHALES,Castellanos,Hormigón,No existe,V,Dentro,Urbana,Ninguna,No existe,Recta,S/D,S/D,S/D,S/D,Lateral,S/D,Colisión,S/D,Faltante,Ninguna,Sin restricción
2018,7874,2018-07-12,Jueves,0,13:00:00,,0.0,2,"Peatón,Automóvil",Bv. Rondeau Y Baigorria,2,1,0,0,1,0,0,"-32.891487217837, -60.693503949072",Calle,,ROSARIO,Rosario,Asfalto,No existe,II,Dentro,Urbana,Semáforo,Funciona,Intersección,S/D,S/D,Diurna,S/D,S/D,Peatón,Atropello,S/D,"Horizontal,Vertical",Cordón divisorio,Sin restricción
2018,7875,2018-07-28,Sabado,0,18:40:00,Ruta Provincial 1,0.0,1,Pickup/Utilitario, ,1,1,0,0,0,0,0,"-29.447814, -59.751643",Ruta,1,RECONQUISTA,General Obligado,Asfalto,Natural,IX,Fuera,Rural,Ninguna,No existe,Recta,Bueno,Buena,Diurna,Buen Tiempo,S/D,S/D,Despiste,Ninguna,Faltante,Línea divisoria pintada,Sin restricción
2018,7876,2018-07-13,Viernes,0,12:00:00,Autopista Nacional A008,0.0,4,"Automóvil,Automóvil,Automóvil,Automóvil",Av. Circunvalacion ,4,3,1,0,0,0,0,"-33.006537152785, -60.618106922814",Autopista,A008,ROSARIO,Rosario,Asfalto,Natural,II,Dentro,Urbana,Ninguna,No existe,Recta,S/D,S/D,Diurna,S/D,Múltiple,S/D,Colisión,S/D,Faltante,Cordón divisorio,Sin restricción
2018,7877,2018-07-26,Jueves,0,17:00:00,Ruta Nacional A007,0.0,1,Pickup/Utilitario, ,2,2,0,0,0,0,0,"-31.606557, -60.722928",Ruta,A007,SANTA FE,La Capital,Asfalto,No existe,I,Dentro,Urbana,Ninguna,No existe,Recta,Bueno,Buena,Diurna,Buen Tiempo,Contra objeto fijo,S/D,Colisión,Ninguna,Faltante,Ninguna,Sin restricción
2018,7878,2018-07-16,Lunes,0,09:05:00,,0.0,2,"Automóvil,Automóvil",Jhon Fitzerald Kennedy ,6,4,0,0,2,0,0,"-33.751367, -61.951393",Avenida,,VENADO TUERTO,General López,Asfalto,No existe,VIII,Dentro,Urbana,Otra Señal,No existe,Paso a Nivel FFCC,Bueno,Buena,Diurna,Buen Tiempo,De alcance,S/D,Colisión,Ninguna,Vertical,Ninguna,Sin restricción
2018,7879,2018-07-16,Lunes,0,09:20:00,,0.0,2,"Automóvil,Moto/Ciclomotor",Espa?a Y Jose Aufranc,2,1,0,0,1,0,0,"-33.726057, -61.976511",Calle,,VENADO TUERTO,General López,Ripio,No existe,VIII,Dentro,Urbana,Ninguna,No existe,Intersección,Deteriorada,Buena,Diurna,Buen Tiempo,S/D,S/D,Colisión,Ninguna,Faltante,Ninguna,Sin restricción
2018,7880,2018-10-26,Viernes,0,14:35:00,,0.0,2,"Moto/Ciclomotor,Automóvil",Av. Pellegrini Y Necochea,2,1,0,0,1,0,0,"-32.959694444444,-60.626888888889",Calle,,ROSARIO,Rosario,S/D,S/D,II,S/D,Urbana,S/D,S/D,Recta,S/D,S/D,Atardecer,S/D,S/D,S/D,"Caída ocupante,Colisión",S/D,S/D,S/D,S/D
2018,7881,2018-10-26,Viernes,0,18:00:00,,0.0,2,"Automóvil,Moto/Ciclomotor",Risso Y Guemes,2,1,0,0,1,0,0,"-31.603944444444,-60.678944444444",Calle,,SANTA FE,La Capital,Asfalto,No existe,I,Dentro,Urbana,Ninguna,No existe,Intersección,Bueno,Buena,Atardecer,Otro,S/D,S/D,Colisión,Ninguna,Faltante,Ninguna,Sin restricción
2018,7882,2018-10-26,Viernes,0,22:50:00,,0.0,2,"Automóvil,Moto/Ciclomotor",Av Gral Paz Y Javier de la Rosa,2,1,0,0,1,0,0,"-31.603111111111,-60.674861111111",Avenida,,SANTA FE,La Capital,Asfalto,No existe,I,Dentro,Urbana,S/D,No existe,Intersección,Bueno,S/D,S/D,S/D,Otro,S/D,Colisión,Ninguna,S/D,Ninguna,Sin restricción
2018,7883,2018-10-26,Viernes,0,21:30:00,,0.0,2,"Moto/Ciclomotor,Transporte de Pasajeros Urbano (> 8 asientos)",Av Pe?aloza Y Callejon Aguirre,2,1,0,0,1,0,0,"-31.583027777778,-60.711333333333",Calle,,SANTA FE,La Capital,S/D,S/D,I,S/D,Urbana,S/D,S/D,Intersección,S/D,S/D,S/D,S/D,S/D,S/D,Colisión,S/D,S/D,S/D,S/D
2018,7884,2018-10-26,Viernes,0,13:20:00,,0.0,2,"Automóvil,Moto/Ciclomotor",Calle 12 Y Calle 19,2,1,0,0,1,0,0,"-29.121833333333,-59.659277777778",Calle,,AVELLANEDA,General Obligado,Asfalto,S/D,IX,Dentro,Urbana,S/D,S/D,Intersección,S/D,S/D,Diurna,S/D,Lateral,S/D,Colisión,S/D,S/D,S/D,S/D
2018,7885,2018-10-04,Jueves,0,18:00:00,,0.0,2,"Moto/Ciclomotor,Automóvil",25 de Mayo 1600,2,1,0,0,1,0,0,"-31.447833333333,-60.931083333333",Calle,,ESPERANZA,Las Colonias,Asfalto,No existe,XI,Dentro,Urbana,Ninguna,No existe,Recta,Bueno,Buena,Diurna,Buen Tiempo,De alcance,S/D,Colisión,Ninguna,Vertical,Ninguna,Sin restricción
2018,7886,2018-10-26,Viernes,0,17:30:00,,0.0,2,"Pickup/Utilitario,Moto/Ciclomotor",Bernardino Rivadavia Y Sarmiento,2,1,0,0,1,0,0,"-32.818388888889,-61.391444444444",Calle,,CAÑADA DE GÓMEZ,Iriondo,Asfalto,No existe,X,S/D,Urbana,Ninguna,No existe,Intersección,Bueno,Buena,Diurna,Buen Tiempo,Frontal,S/D,Colisión,S/D,S/D,Ninguna,Sin restricción
2018,7887,2018-10-09,Martes,0,18:55:00,,0.0,2,"Moto/Ciclomotor,Moto/Ciclomotor",Irigoyen Y P Fournier,3,3,0,0,0,0,0,"-32.728777777778,-60.735305555556",Calle,,SAN LORENZO,San Lorenzo,Asfalto,No existe,XVII,Dentro,Urbana,S/D,No existe,S/D,Bueno,Buena,Atardecer,Buen Tiempo,S/D,S/D,Colisión,S/D,S/D,S/D,S/D
2018,7888,2018-10-26,Viernes,0,15:00:00,,0.0,2,"Moto/Ciclomotor,Otros",Urquiza Y Iriondo,3,0,1,0,1,0,1,"-32.8295,-61.395555555556",Calle,,CAÑADA DE GÓMEZ,Iriondo,Hormigón,Pavimento,X,S/D,Urbana,S/D,No existe,Recta,Bueno,Buena,Diurna,Buen Tiempo,Lateral,S/D,Colisión,S/D,S/D,Ninguna,Sin restricción
2018,7889,2018-10-09,Martes,0,17:20:00,,0.0,2,"Automóvil,Moto/Ciclomotor",Pringles Y San Martin,3,2,0,0,1,0,0,"-31.459027777778,-60.933416666667",Calle,,ESPERANZA,Las Colonias,Asfalto,No existe,XI,Dentro,Urbana,Ninguna,No existe,Intersección,Bueno,Buena,Diurna,Buen Tiempo,Lateral,S/D,Colisión,Ninguna,Vertical,Ninguna,Sin restricción
2018,7890,2018-10-04,Jueves,0,20:00:00,,0.0,2,"Moto/Ciclomotor,Moto/Ciclomotor",Belgrano Y Sarmiento,3,1,0,0,2,0,0,"-32.714139316397, -60.734514998075",Calle,,PUERTO SAN MARTÍN,San Lorenzo,Asfalto,No existe,XVII,S/D,Urbana,Ninguna,No existe,Intersección,Bueno,Buena,Nocturna,Buen Tiempo,Lateral,S/D,Colisión,Ninguna,Horizontal,Ninguna,Sin restricción
2018,7891,2018-10-26,Viernes,0,16:40:00,,0.0,2,"Pickup/Utilitario,Moto/Ciclomotor",Artigas Y Brasil,2,0,0,0,0,0,2,"-31.620666666667,-60.717694444444",Calle,,SANTA FE,La Capital,"Asfalto,Hormigón",No existe,I,Dentro,Urbana,Otra Señal,Funciona,Intersección,Con baches,Buena,Diurna,Buen Tiempo,Lateral,S/D,Colisión,S/D,Faltante,Cordón divisorio,Sin restricción
2018,7892,2018-10-19,Viernes,0,09:45:00,,0.0,2,"Camión c / Acoplado,Moto/Ciclomotor",Junin Y Mar del Plata,2,1,0,0,1,0,0,"-32.92675,-60.681944444444",Calle,,ROSARIO,Rosario,Asfalto,No existe,II,Dentro,Urbana,Ninguna,No existe,Intersección,Bueno,Buena,Diurna,Buen Tiempo,Contra objeto fijo,S/D,Atropello,Ninguna,Faltante,Ninguna,Sin restricción
2018,7893,2018-10-26,Viernes,0,19:40:00,,0.0,2,"Taxi/Remis,Automóvil",Juan Diaz de Solis ,3,1,0,0,2,0,0,"-31.6478, -60.72772",Calle,,SANTA FE,La Capital,"Asfalto,Hormigón",No existe,I,Dentro,Urbana,Ninguna,No existe,Intersección,Con baches,Reducida,Atardecer,Buen Tiempo,Otro,S/D,Colisión,S/D,Faltante,Vegetación,Sin restricción
2018,7894,2018-10-04,Jueves,0,11:30:00,,0.0,2,"Automóvil,Peatón",Av. Genova Y Onesimo Leguizamon Bis,2,0,1,0,1,0,0,"-32.914972222222,-60.677833333333",Avenida,,ROSARIO,Rosario,Asfalto,No existe,II,S/D,Urbana,Ninguna,No existe,Recta,Bueno,Buena,Nocturna,Buen Tiempo,S/D,Peatón,Atropello,Ninguna,S/D,Cordón divisorio,Sin restricción
2018,7895,2018-10-09,Martes,0,12:15:00,,0.0,2,"Otros,Otros",Francia Y Av Urquiza,2,1,0,0,1,0,0,"-31.660111111111,-60.7175",Calle,,SANTA FE,La Capital,Asfalto,No existe,I,Dentro,Urbana,Ninguna,No existe,Intersección,Con baches,Buena,Diurna,Buen Tiempo,Lateral,S/D,Colisión,Ninguna,Faltante,Ninguna,Sin restricción
2018,7896,2018-10-26,Viernes,0,19:55:00,,0.0,2,"Pickup/Utilitario,Moto/Ciclomotor",San Martin 940,3,2,0,0,1,0,0,"-33.43849,-60.79554",Calle,,SANTA TERESA,Constitución,Asfalto,No existe,VI,Dentro,Urbana,Ninguna,No existe,Recta,Bueno,Buena,"Nocturna,Con luz artificial",Buen Tiempo,Lateral,S/D,Colisión,Ninguna,Faltante,Ninguna,Sin restricción
2018,7897,2018-10-19,Viernes,0,21:00:00,,0.0,2,"Moto/Ciclomotor,Moto/Ciclomotor",Av San Lorenzo Y Remedios de Escalada,2,2,0,0,0,0,0,"-32.819555555556,-60.715388888889",Avenida,,CAPITÁN BERMÚDEZ,San Lorenzo,Asfalto,Pavimento,XVII,Dentro,Urbana,S/D,Funciona,Intersección,Bueno,Buena,Nocturna,Buen Tiempo,S/D,S/D,Colisión,Ninguna,"Horizontal,Vertical",Ninguna,Sin restricción
2018,7898,2018-10-04,Jueves,0,21:10:00,,0.0,2,"Moto/Ciclomotor,Peatón",French 2005,2,1,0,0,1,0,0,"-32.921166666667,-60.691694444444",Calle,,ROSARIO,Rosario,Asfalto,S/D,II,Dentro,Urbana,Ninguna,S/D,Intersección,Bueno,S/D,S/D,Buen Tiempo,S/D,Peatón,Atropello,S/D,S/D,S/D,Sin restricción
2018,7899,2018-10-26,Viernes,0,11:10:00,,0.0,2,"Pickup/Utilitario,Automóvil",Aaron Castellanos Y Rodriguez Pe?a,5,1,0,0,4,0,0,"-31.450694444444,-60.926472222222",Calle,,ESPERANZA,Las Colonias,Asfalto,No existe,XI,S/D,Urbana,Ninguna,No existe,Intersección,Otro,Buena,Diurna,Otro,De alcance,S/D,Colisión,Agua,Vertical,Ninguna,Sin restricción
2018,7900,2018-10-19,Viernes,0,13:00:00,Ruta Nacional A012,0.0,2,"Automóvil,Automóvil",RUTA 14 ,4,2,0,0,2,0,0,"-33.09252, -60.79129",Ruta,A012,PIÑERO,Rosario,Asfalto,Ripio,II,Dentro,Urbana,Señal Ceda el Paso,No existe,Cruce,Bueno,Buena,Diurna,S/D,Lateral,S/D,Colisión,S/D,S/D,Línea divisoria pintada,Sin restricción
2018,7901,2018-10-26,Viernes,0,18:00:00,,0.0,2,"Bicicleta,Automóvil",Juan de Garay Y Sarmiento,2,1,0,0,1,0,0,"-31.73804, -61.09709",Calle,,SAN CARLOS CENTRO,Las Colonias,Asfalto,No existe,XI,S/D,Urbana,Ninguna,No existe,Intersección,Bueno,Buena,Diurna,Buen Tiempo,S/D,Ciclista,Atropello,Ninguna,Horizontal,Ninguna,Sin restricción
2018,7902,2018-10-26,Viernes,0,12:30:00,,0.0,2,"Moto/Ciclomotor,Pickup/Utilitario",Belgrano Manuel 1400,2,1,0,0,1,0,0,"-31.73559,-61.09377",Calle,,SAN CARLOS CENTRO,Las Colonias,Asfalto,Pavimento,XI,Dentro,Urbana,Ninguna,No existe,Recta,Bueno,Buena,Con luz artificial,Buen Tiempo,Otro,S/D,Colisión,Ninguna,Horizontal,Ninguna,Sin restricción
2018,7903,2018-10-19,Viernes,0,12:30:00,,0.0,1,Peatón,San Martin 900,1,1,0,0,0,0,0,"-32.811305555556,-61.396083333333",S/D,,CAÑADA DE GÓMEZ,Iriondo,Asfalto,No existe,X,Dentro,Urbana,Ninguna,No existe,Recta,Bueno,Buena,Diurna,Buen Tiempo,S/D,Peatón,Atropello,S/D,"Horizontal,Vertical",Cordón divisorio,Sin restricción
2018,7904,2018-10-19,Viernes,0,19:50:00,,0.0,2,"Moto/Ciclomotor,Peatón",Genral Lopez Y Ciudad de Coronda,2,2,0,0,0,0,0,"-32.467083333333,-61.577972222222",Calle,,LAS ROSAS,Belgrano,Ripio,No existe,III,Dentro,Urbana,Ninguna,No existe,Recta,Resbaladiza,Reducida p/ objetos,Diurna,Buen Tiempo,De alcance,Peatón,Atropello,Ninguna,Faltante,Ninguna,Sin restricción
2018,7905,2018-10-04,Jueves,0,15:10:00,,0.0,2,"Bicicleta,Moto/Ciclomotor",Comodoro Rivadavia Y Independencia,2,2,0,0,0,0,0,"-33.243222222222,-60.3225",Calle,,VILLA CONSTITUCIÓN,Constitución,Asfalto,No existe,VI,S/D,Urbana,Ninguna,No existe,Intersección,Bueno,Buena,Diurna,Buen Tiempo,S/D,Ciclista,Atropello,Ninguna,S/D,Ninguna,Sin restricción
2018,7906,2018-10-04,Jueves,0,21:00:00,,0.0,1,Moto/Ciclomotor,Cordoba Y Tucuman,2,1,0,0,1,0,0,"-32.477583333333,-61.584944444444",Calle,,LAS ROSAS,Belgrano,Tierra,No existe,III,Dentro,Urbana,Ninguna,No existe,Recta,"Deteriorada,Ahuellamiento",Reducida,Nocturna,Buen Tiempo,Atropello animal,S/D,Atropello,Ninguna,Faltante,Ninguna,Sin restricción
2018,7907,2018-06-19,Martes,0,,,0.0,2,"Automóvil,Moto/Ciclomotor",Don Guanella Y Estrada,2,0,0,0,1,0,1,"-31.595833333333,-60.7165",Calle,,SANTA FE,La Capital,Ripio,No existe,I,S/D,Urbana,Ninguna,No existe,Intersección,Bueno,Buena,Diurna,Buen Tiempo,Otro,S/D,Colisión,Ninguna,Faltante,Cordón divisorio,Sin restricción
2018,7908,2018-10-04,Jueves,0,21:30:00,,0.0,2,"Moto/Ciclomotor,Automóvil",Chacabuco Y Guillermo Benitez,4,2,0,0,1,0,1,"-32.473583333333,-61.581083333333",Calle,,LAS ROSAS,Belgrano,Asfalto,No existe,III,Dentro,Urbana,Ninguna,No existe,Intersección,Bueno,Buena,Nocturna,Buen Tiempo,Lateral,S/D,Colisión,Ninguna,Faltante,Ninguna,Sin restricción
2018,7909,2018-10-09,Martes,0,01:10:00,,0.0,1,Moto/Ciclomotor,San Lorenzo Y Santiago del Estero,1,1,0,0,0,0,0,"-31.635527777778,-60.714388888889",Calle,,SANTA FE,La Capital,Asfalto,Pavimento,I,Dentro,Urbana,Semáforo,Funciona,Recta,Bueno,Buena,Nocturna,Buen Tiempo,Otro,S/D,Colisión,Otro,Vertical,Ninguna,Sin restricción
2018,7910,2018-10-19,Viernes,0,13:30:00,,0.0,2,"Automóvil,Moto/Ciclomotor",J Castelli Y Lavalle,2,1,0,0,1,0,0,"-31.609166666667,-60.681583333333",Calle,,SANTA FE,La Capital,Asfalto,No existe,I,S/D,Urbana,Ninguna,No existe,Intersección,Bueno,Buena,Diurna,Buen Tiempo,Lateral,S/D,Colisión,Ninguna,S/D,Ninguna,Sin restricción
2018,7911,2018-10-19,Viernes,0,07:00:00,,0.0,1,Moto/Ciclomotor,Juan Diaz de Solis Y 3 de Febrero,2,1,0,0,1,0,0,"-31.654833333333,-60.729638888889",Calle,,SANTA FE,La Capital,Asfalto,No existe,I,S/D,Urbana,S/D,No existe,Intersección,Bueno,Buena,Diurna,Buen Tiempo,S/D,S/D,Colisión,Ninguna,S/D,Ninguna,Sin restricción
2018,7913,2018-10-19,Viernes,0,09:05:00,,0.0,2,"Automóvil,Moto/Ciclomotor",Bv Pellegrini Y San Jeronimo,2,1,0,0,0,0,1,"-31.635111111111,-60.704638888889",Calle,,SANTA FE,La Capital,Asfalto,No existe,I,Dentro,Urbana,Policía de tránsito,No existe,Intersección,Bueno,Buena,Amanecer,Otro,Múltiple,S/D,Colisión,Ninguna,Vertical,Ninguna,Accidente Previo
2018,7914,2018-10-09,Martes,0,18:10:00,,0.0,1,Moto/Ciclomotor,Gorriti Y Dr Zavalla,1,1,0,0,0,0,0,"-31.588166666667,-60.703388888889",Avenida,,SANTA FE,La Capital,Asfalto,No existe,I,Dentro,Urbana,S/D,No existe,Intersección,Otro,Reducida,Diurna,S/D,Lateral,S/D,Colisión,Otro,Faltante,S/D,S/D
2018,7915,2018-10-04,Jueves,0,,,0.0,2,"Automóvil,Moto/Ciclomotor",Ignacio Crespo Y French,2,1,0,0,1,0,0,"-31.585416666667,-60.727666666667",Calle,,SANTA FE,La Capital,S/D,No existe,I,S/D,Urbana,Ninguna,No existe,Intersección,Bueno,Buena,Diurna,Buen Tiempo,Otro,S/D,Colisión,Ninguna,Faltante,Cordón divisorio,Sin restricción
2018,7916,2018-10-04,Jueves,0,09:50:00,,0.0,2,"Automóvil,Moto/Ciclomotor",Saavedra Y Santiago del Estero,2,1,0,0,1,0,0,"-31.635833333333,-60.713027777778",Calle,,SANTA FE,La Capital,Asfalto,No existe,I,Dentro,Urbana,Semáforo,Funciona,Recta,Bueno,Buena,Diurna,Buen Tiempo,Otro,S/D,Colisión,Otro,Vertical,Ninguna,Sin restricción
2018,7917,2018-10-09,Martes,0,20:30:00,,0.0,2,"Automóvil,Moto/Ciclomotor",Vieytes Y Casta?aduy,2,1,0,0,1,0,0,"-31.596111111111,-60.727",Calle,,SANTA FE,La Capital,Asfalto,No existe,I,Dentro,Urbana,Ninguna,No existe,Intersección,Bueno,Buena,Atardecer,Buen Tiempo,Otro,S/D,Colisión,Ninguna,Faltante,Cordón divisorio,Sin restricción
2018,7918,2018-07-13,Viernes,0,11:00:00,,0.0,2,"Automóvil,Moto/Ciclomotor",Almte. Brown Y Laprida,2,0,1,0,1,0,0,"-32.815230959682, -61.402691601444",Calle,,CAÑADA DE GÓMEZ,Iriondo,Asfalto,No existe,X,Dentro,Urbana,Ninguna,No existe,Intersección,S/D,S/D,Diurna,S/D,Lateral,S/D,Colisión,S/D,Faltante,Ninguna,Sin restricción
2018,7919,2018-07-13,Viernes,0,18:00:00,,0.0,2,"Automóvil,Moto/Ciclomotor",Calle 27-Gdor Freyre Y Calle 24 - Olessio,2,1,0,0,1,0,0,"-29.150279670476, -59.650716074212",Calle,,RECONQUISTA,General Obligado,Hormigón,No existe,IX,Dentro,Urbana,Ninguna,No existe,Intersección,S/D,S/D,Atardecer,S/D,Lateral,S/D,Colisión,S/D,Faltante,Ninguna,Sin restricción
2018,7920,2018-07-13,Viernes,0,17:30:00,,0.0,2,"Moto/Ciclomotor,Moto/Ciclomotor",Calle 31-Newbery Y Calle 6-Ituzaingo,3,1,0,0,2,0,0,"-29.153567186877, -59.640014807896",Calle,,RECONQUISTA,General Obligado,Asfalto,No existe,IX,Dentro,Urbana,Ninguna,No existe,Intersección,S/D,S/D,Diurna,S/D,Lateral,S/D,Colisión,S/D,Faltante,Ninguna,Sin restricción
2018,7921,2018-07-25,Miercoles,0,,,0.0,2,"Automóvil,Moto/Ciclomotor",Bv. 27 De Febrero Y Liniers,2,1,0,0,1,0,0,"-32.958722222222,-60.697833333333",Avenida,,ROSARIO,Rosario,"Asfalto,Tierra",No existe,II,Dentro,Urbana,S/D,No existe,Intersección,Bueno,Buena,S/D,Buen Tiempo,Lateral,S/D,Colisión,Ninguna,Faltante,S/D,Sin restricción
2018,7922,2018-07-16,Lunes,0,,,0.0,1,Moto/Ciclomotor, ,1,1,0,0,0,0,0,"-31.625169416547, -60.701663565496",Calle,,SANTA FE,La Capital,Asfalto,No existe,I,Dentro,Urbana,S/D,S/D,Recta,S/D,S/D,Nocturna,S/D,S/D,S/D,Caída ocupante,S/D,S/D,Ninguna,Sin restricción
2018,7923,2018-07-25,Miercoles,0,,,0.0,2,"Automóvil,Moto/Ciclomotor",Tucuman Y Roca,2,1,0,0,1,0,0,"-30.939801, -61.558928",Calle,,SUNCHALES,Castellanos,Asfalto,No existe,V,Dentro,Urbana,Señal Pare,No existe,Intersección,Bueno,Buena,S/D,Buen Tiempo,Lateral,S/D,Colisión,Ninguna,Vertical,Ninguna,Sin restricción
2018,7924,2018-07-16,Lunes,0,11:00:00,Ruta Secundaria 7-s,0.0,2,"Moto/Ciclomotor,Moto/Ciclomotor",Santa Fe Y Lopez,2,2,0,0,0,0,0,"-33.738004866113, -61.961896835635",Ruta,7-s,VENADO TUERTO,General López,Asfalto,No existe,VIII,Dentro,Urbana,Paso Peatonal,No existe,Intersección,S/D,S/D,Diurna,S/D,Lateral,S/D,Colisión,S/D,Horizontal,Ninguna,Sin restricción
2018,7925,2018-07-16,Lunes,0,19:15:00,,0.0,2,"Pickup/Utilitario,Moto/Ciclomotor",Dorrego Y Jorge Newbery,2,1,0,0,1,0,0,"-32.813393169273, -61.392194631520",Calle,,CAÑADA DE GÓMEZ,Iriondo,Hormigón,No existe,X,Dentro,Urbana,Ninguna,No existe,Intersección,S/D,S/D,Nocturna,S/D,Lateral,S/D,Colisión,S/D,Faltante,Ninguna,Sin restricción
2018,7926,2018-07-17,Martes,0,,,0.0,2,"Automóvil,Moto/Ciclomotor",Nicolas Avellaneda ,2,1,0,0,1,0,0,"-32.809123092521, -61.390671136799",Calle,,CAÑADA DE GÓMEZ,Iriondo,Hormigón,No existe,X,Dentro,Urbana,Ninguna,S/D,Recta,S/D,S/D,S/D,S/D,Lateral,S/D,Colisión,S/D,S/D,Ninguna,Sin restricción
2018,7927,2018-07-24,Martes,0,,,0.0,1,Automóvil,Bv. Avellaneda Y Bv. Segui,2,2,0,0,0,0,0,"-32.971716, -60.687357",Avenida,,ROSARIO,Rosario,Asfalto,No existe,II,Dentro,Urbana,Semáforo,Funciona,Intersección,Bueno,Buena,Nocturna,Buen Tiempo,Contra objeto fijo,S/D,Colisión,Ninguna,"Horizontal,Vertical",Ninguna,Sin restricción
2018,7928,2018-07-19,Jueves,0,07:00:00,Ruta Nacional 7,0.0,1,Automóvil,Av Circunvalaci?n ,1,1,0,0,0,0,0,"-31.606590149318, -60.722595973151",Ruta,7,SANTA FE,La Capital,Asfalto,Pavimento,I,Dentro,Urbana,Ninguna,No existe,Recta,S/D,S/D,Amanecer,S/D,Contra objeto fijo,S/D,Colisión,S/D,Faltante,Ninguna,Sin restricción
2018,7929,2018-07-20,Viernes,0,16:05:00,,0.0,2,"Automóvil,Moto/Ciclomotor",Calle 41-Santa Fe Y Calle 46,3,2,0,0,1,0,0,"-29.155378, -59.665584",Calle,,RECONQUISTA,General Obligado,Ripio,No existe,IX,Dentro,Urbana,S/D,S/D,Intersección,Bueno,Buena,Diurna,Buen Tiempo,Lateral,S/D,Colisión,S/D,S/D,Ninguna,Sin restricción
2018,7930,2018-07-19,Jueves,0,13:00:00,,0.0,2,"Automóvil,Pickup/Utilitario",CAMINO RURAL N?29 Y CAMINO RURAL N?14,2,1,0,0,1,0,0,"-28.466658, -59.318868",Camino Rural,,VILLA OCAMPO,General Obligado,Tierra,No existe,IX,Dentro,Rural,Ninguna,No existe,Intersección,S/D,Buena,Diurna,Buen Tiempo,S/D,S/D,Colisión,S/D,Faltante,Ninguna,Sin restricción