anio_acci,nro_acci,fecha,desc_dia,fecha_aprox,hora_aprox,desc_ruta,km,cant_participantes,desc_participante,calle_avenida_km,total,heridos_leves,heridos_graves,heridos_gravisimos,ilesos,fallecidos,sin_datos,posicion_XY,desc_tipo_via,desc_ruta_ori,desc_loc,desc_dpto,desc_tipo_calzada,desc_tipo_banquina,desc_unidad_regional,desc_lugar_calzada,desc_zona,desc_prioridad,desc_estado_semaforo,desc_lugar_via,desc_estado_via,desc_estado_visibilidad,desc_luminosidad,desc_estado_clima,desc_tipo_colision,desc_tipo_atropello,desc_tipo_hecho,desc_pres_calzada,desc_senializacion,desc_separacion_via,desc_restriccion
2018,7931,2018-10-26,Viernes,0,22:35:00,Ruta Nacional 9,0.0,2,"Moto/Ciclomotor,Moto/Ciclomotor",Ruta Nacional 9 Y Angelone,2,2,0,0,0,0,0,"-32.92126, -60.81223",Ruta,9,FUNES,Rosario,Asfalto,Natural,II,Dentro,Urbana,S/D,S/D,Intersección,Bueno,Buena,Con luz artificial,Buen Tiempo,S/D,S/D,Colisión,Ninguna,S/D,S/D,Sin restricción
2018,7932,2018-10-27,Sabado,0,13:20:00,Ruta Nacional 9,0.0,2,"Automóvil,Automóvil",Ruta Nacional 9 Y Leopoldo Lugones,2,1,0,0,1,0,0,"-32.91682, -60.84009",Ruta,9,FUNES,Rosario,Asfalto,Natural,II,Dentro,Urbana,S/D,S/D,Intersección,Bueno,Buena,Diurna,Buen Tiempo,S/D,S/D,Colisión,Ninguna,S/D,S/D,Sin restricción
2018,7933,2018-10-28,Domingo,0,19:30:00,Ruta Nacional 9,0.0,4,"Automóvil,Pickup/Utilitario,Automóvil,Automóvil",RUTA NACIONAL 9 Y GARITA 3,6,1,0,0,5,0,0,"-32.92396, -60.78297",Ruta,9,FUNES,Rosario,Asfalto,Natural,II,Dentro,Urbana,S/D,S/D,Intersección,Bueno,Buena,Atardecer,Buen Tiempo,S/D,S/D,Colisión,Ninguna,S/D,S/D,Sin restricción
2018,7934,2018-10-29,Lunes,0,10:15:00,,0.0,2,"Automóvil,Bicicleta",Santa Fe Y Hipolito Irigoyen,2,1,0,0,1,0,0,"-32.91838, -60.81022",Calle,,FUNES,Rosario,Asfalto,No existe,II,Dentro,Urbana,Ninguna,No existe,Intersección,Bueno,Buena,Diurna,Buen Tiempo,S/D,Ciclista,Atropello,Ninguna,Faltante,S/D,Sin restricción
2018,7935,2018-10-04,Jueves,0,22:30:00,,0.0,2,"Transporte de Pasajeros Urbano (> 8 asientos),Moto/Ciclomotor",Av Urquiza Y Salta,2,1,0,0,1,0,0,"-31.648972222222,-60.714055555556",Calle,,SANTA FE,La Capital,Asfalto,No existe,I,Dentro,Urbana,Semáforo,Funciona,Recta,Bueno,Buena,Diurna,Buen Tiempo,Otro,S/D,Colisión,Ninguna,Vertical,Ninguna,Sin restricción
2018,7936,2018-10-30,Martes,0,08:55:00,,0.0,2,"Moto/Ciclomotor,Transporte de Pasajeros Urbano (> 8 asientos)",Obispo Gelabert Y San Martin,2,1,0,0,1,0,0,"-31.636805555556,-60.703583333333",Calle,,SANTA FE,La Capital,Asfalto,No existe,I,S/D,Urbana,Ninguna,No existe,Intersección,Bueno,Buena,Diurna,Buen Tiempo,Frontal,S/D,Colisión,Ninguna,Vertical,Ninguna,Sin restricción
2018,7937,2018-10-20,Sabado,0,,,0.0,1,Moto/Ciclomotor,1ro de Mayo Y Av J J Paso,1,0,1,0,0,0,0,"-31.662888888889,-60.715555555556",S/D,,SANTA FE,La Capital,Asfalto,No existe,I,S/D,S/D,Ninguna,No existe,Recta,Bueno,Buena,Nocturna,Buen Tiempo,Frontal,S/D,Despiste,Ninguna,Vertical,Ninguna,Sin restricción
2018,7938,2018-10-26,Viernes,0,,,0.0,2,"Automóvil,Moto/Ciclomotor",25 de Mayo Y Lisandro de la Torre,2,0,1,0,1,0,0,"-31.651666666667,-60.706916666667",Calle,,SANTA FE,La Capital,Asfalto,No existe,I,Dentro,Urbana,Ninguna,No existe,Intersección,Otro,Buena,Nocturna,Buen Tiempo,Lateral,S/D,Colisión,Agua,Faltante,Ninguna,Sin restricción
2018,7939,2018-10-04,Jueves,0,12:50:00,,0.0,2,"Automóvil,Pickup/Utilitario",Intendente Manuel Irigoyen ,2,1,0,0,1,0,0,"-31.666436081175, -60.744387427358",Calle,,SANTA FE,La Capital,Hormigón,No existe,I,Dentro,Urbana,Ninguna,No existe,Puente,Con baches,Buena,Diurna,Buen Tiempo,De alcance,S/D,Colisión,Ninguna,Faltante,Ninguna,Sin restricción
2018,7940,2018-10-09,Martes,0,21:50:00,,0.0,2,"Moto/Ciclomotor,Peatón",Juan Jose Paso Y Pres Domingo Faustino Sarmient,3,3,0,0,0,0,0,"-31.659611111111,-60.774527777778",Calle,,SANTO TOMÉ,La Capital,Asfalto,No existe,I,Dentro,Urbana,Ninguna,No existe,Recta,Bueno,Buena,Nocturna,Buen Tiempo,Otro,Peatón,Atropello,Ninguna,Faltante,Línea divisoria pintada,Sin restricción
2018,7941,2018-10-20,Sabado,0,13:00:00,,0.0,2,"Pickup/Utilitario,Moto/Ciclomotor",Av Lopez y Planes Y Gutierrez,2,0,0,0,0,0,2,"-31.62075,-60.713416666667",Calle,,SANTA FE,La Capital,"Asfalto,Hormigón",No existe,III,Dentro,Urbana,Otra Señal,No existe,Intersección,Bueno,Buena,Diurna,Buen Tiempo,Lateral,S/D,Colisión,S/D,Faltante,"Cordón divisorio,Vegetación",Sin restricción
2018,7942,2018-10-26,Viernes,0,18:30:00,Ruta Provincial 70,30.0,1,Moto/Ciclomotor,Ruta Prov. 70 ,1,1,0,0,0,0,0,"-31.38753, -61.09891",Ruta,70,HUMBOLDT,Las Colonias,Asfalto,Natural,XI,Dentro,Rural,Ninguna,No existe,Recta,Bueno,Buena,Diurna,Buen Tiempo,S/D,S/D,Despiste,Ninguna,Vertical,Línea divisoria pintada,Sin restricción
2018,7943,2018-10-04,Jueves,0,18:00:00,Ruta Provincial 32,0.0,2,"Pickup/Utilitario,Moto/Ciclomotor", ,2,0,1,0,1,0,0,"-28.62018, -61.63835",Ruta,32,VILLA MINETTI,9 de Julio,Tierra,Natural,XII,Fuera,Rural,Ninguna,No existe,Intersección,Con baches,Buena,Diurna,Buen Tiempo,Lateral,S/D,Colisión,Ninguna,Faltante,Ninguna,Sin restricción
2018,7944,2018-10-27,Sabado,0,11:25:00,Ruta Provincial 3,0.0,2,"Moto/Ciclomotor,Moto/Ciclomotor",Ruta Provincial 3 Y Santa Fe,3,3,0,0,0,0,0,"-28.67563, -60.06916",Ruta,3,INTIYACO,Vera,Asfalto,Natural,XIX,S/D,Urbana,Ninguna,No existe,Curva,Bueno,Buena,Diurna,Buen Tiempo,S/D,S/D,Colisión,Ninguna,Faltante,Línea divisoria pintada,S/D
2018,7945,2018-10-09,Martes,0,07:30:00,Ruta Nacional 11,447.0,2,"Moto/Ciclomotor,Otros",Ruta Nac 11 Y Calle 12 - Mate,2,1,0,0,1,0,0,"-31.71943, -60.80949",Ruta,11,SAUCE VIEJO,La Capital,Ripio,Natural,I,Dentro,Urbana,Ninguna,No existe,Intersección,Bueno,Buena,Amanecer,Buen Tiempo,Lateral,S/D,Colisión,Ninguna,Faltante,Ninguna,Sin restricción
2018,7946,2018-10-27,Sabado,0,10:00:00,,0.0,2,"Bicicleta,Automóvil",Paraguay Y San Luis,2,1,0,0,1,0,0,"-32.948027777778,-60.644388888889",Calle,,ROSARIO,Rosario,S/D,S/D,II,S/D,Urbana,S/D,S/D,Recta,S/D,S/D,Diurna,S/D,S/D,Ciclista,Atropello,S/D,S/D,S/D,S/D
2018,7947,2018-10-04,Jueves,0,12:00:00,,0.0,2,"Peatón,Taxi/Remis",San Lorenzo Y Pueyrredon,2,1,0,0,1,0,0,"-32.940694444444,-60.656833333333",Calle,,ROSARIO,Rosario,Asfalto,No existe,II,Dentro,Urbana,S/D,S/D,Intersección,Bueno,Buena,Diurna,Buen Tiempo,S/D,Peatón,Atropello,Ninguna,S/D,Ninguna,Sin restricción
2018,7948,2018-10-27,Sabado,0,12:15:00,Ruta Nacional 34,168.0,1,Pickup/Utilitario, ,5,2,2,1,0,0,0,"-31.70145, -61.55444",Ruta,34,SAN VICENTE.,Castellanos,Asfalto,Pavimento,V,Fuera,Urbana,Ninguna,No existe,Recta,Ahuellamiento,Buena,Diurna,Buen Tiempo,Contra objeto fijo,S/D,"Colisi?n,Despiste",Ninguna,Vertical,Línea divisoria pintada,Sin restricción
2018,7949,2018-10-04,Jueves,0,16:20:00,,0.0,2,"Moto/Ciclomotor,Pickup/Utilitario",Pte.Roca Y Cordoba,2,0,1,0,1,0,0,"-32.945166666667,-60.645138888889",Calle,,ROSARIO,Rosario,S/D,S/D,II,S/D,Urbana,Semáforo,S/D,Intersección,S/D,S/D,Diurna,S/D,S/D,S/D,Colisión,S/D,S/D,S/D,S/D
2018,7950,2018-10-09,Martes,0,13:00:00,,0.0,2,"Bicicleta,Moto/Ciclomotor",Rivadavia Y Maipu,2,1,0,0,1,0,0,"-32.472944444444,-61.578138888889",Calle,,LAS ROSAS,Belgrano,Hormigón,No existe,III,Dentro,Urbana,Ninguna,No existe,Intersección,S/D,Buena,Diurna,Buen Tiempo,Lateral,S/D,Colisión,S/D,S/D,Ninguna,Sin restricción
2018,7951,2018-10-20,Sabado,0,03:50:00,,0.0,2,"Automóvil,Moto/Ciclomotor",Av A del Valle Y Agustin Delgado,2,1,0,0,1,0,0,"-31.620944444444,-60.699",S/D,,SANTA FE,La Capital,Asfalto,Pavimento,I,S/D,Urbana,Ninguna,No existe,Intersección,Bueno,Reducida,Nocturna,Buen Tiempo,Lateral,S/D,Colisión,S/D,Vertical,Ninguna,Sin restricción
2018,7952,2018-10-27,Sabado,0,19:20:00,,0.0,2,"Automóvil,Moto/Ciclomotor",Av Pte Peron Y Iturraspe,3,0,2,0,1,0,0,"-31.625805555556,-60.718611111111",Calle,,SANTA FE,La Capital,"Asfalto,Hormigón",No existe,I,S/D,Urbana,Semáforo,Funciona,Intersección,Bueno,Reducida,Atardecer,Buen Tiempo,Lateral,S/D,Colisión,S/D,"Horizontal,Vertical","Cordón divisorio,Vegetación",Sin restricción
2018,7954,2018-10-27,Sabado,0,18:40:00,,0.0,2,"Moto/Ciclomotor,Automóvil",Tacuari Y Pje Marcos Sastre,2,1,0,0,1,0,0,"-31.617055555556,-60.678138888889",Calle,,SANTA FE,La Capital,Asfalto,No existe,I,S/D,Urbana,Ninguna,No existe,Intersección,Bueno,Buena,Diurna,Buen Tiempo,Lateral,S/D,Colisión,Ninguna,S/D,Ninguna,Sin restricción
2018,7955,2018-10-20,Sabado,0,18:00:00,,0.0,2,"Moto/Ciclomotor,Automóvil",Av A del Valle Y Ayacucho,2,1,0,0,1,0,0,"-31.597361111111,-60.691611111111",S/D,,SANTA FE,La Capital,Asfalto,No existe,I,Dentro,Urbana,Ninguna,No existe,Intersección,Bueno,Buena,Amanecer,Otro,Lateral,S/D,Colisión,Ninguna,Faltante,Ninguna,Sin restricción
2018,7956,2018-10-27,Sabado,0,14:40:00,,0.0,2,"Automóvil,Moto/Ciclomotor",Rivadavia Y Sarmiento,2,1,0,0,1,0,0,"-31.30409, -60.66163",Calle,,LAGUNA PAIVA,La Capital,Asfalto,No existe,I,Dentro,Urbana,Ninguna,No existe,Intersección,Bueno,Buena,Diurna,Buen Tiempo,Lateral,S/D,Colisión,Ninguna,Faltante,Ninguna,Sin restricción
2018,7957,2018-10-09,Martes,0,10:45:00,,0.0,2,"Automóvil,Moto/Ciclomotor",Calle 15 Y Avenida 18,2,1,0,0,1,0,0,"-32.68243, -61.51857",Avenida,,LAS PAREJAS,Belgrano,Asfalto,Natural,III,Dentro,Urbana,Ninguna,No existe,Recta,Bueno,Buena,Diurna,Buen Tiempo,De alcance,S/D,Colisión,Ninguna,Faltante,Cordón divisorio,Sin restricción
2018,7958,2018-10-04,Jueves,0,14:00:00,,0.0,2,"Moto/Ciclomotor,Automóvil",Sanchez de Bustamante Y Av. Bermudez,3,1,0,0,2,0,0,"-33.00175,-60.642611111111",Calle,,ROSARIO,Rosario,Asfalto,No existe,II,Dentro,Urbana,Ninguna,No existe,Intersección,Bueno,Buena,Diurna,Buen Tiempo,Lateral,S/D,Colisión,Ninguna,Faltante,Ninguna,Sin restricción
2018,7959,2018-10-04,Jueves,0,16:30:00,,0.0,2,"Moto/Ciclomotor,Automóvil",Centeno Y L.N.Alem,3,2,0,0,1,0,0,"-32.986583333333,-60.637972222222",Calle,,ROSARIO,Rosario,Asfalto,No existe,II,S/D,Urbana,Ninguna,No existe,Intersección,Deteriorada,Buena,Diurna,Buen Tiempo,Lateral,S/D,Colisión,Ninguna,Faltante,S/D,Sin restricción
2018,7960,2018-07-23,Lunes,0,08:00:00,,0.0,2,"Moto/Ciclomotor,Camión Chasis",Marconi Y Almte. Brown,2,1,0,0,1,0,0,"-32.818890, -61.381612",Calle,,CAÑADA DE GÓMEZ,Iriondo,Asfalto,No existe,X,Dentro,Urbana,Semáforo,Funciona,Intersección,Bueno,Buena,Diurna,Buen Tiempo,Lateral,S/D,Colisión,Ninguna,Vertical,Cordón divisorio,Sin restricción
2018,7961,2018-10-09,Martes,0,16:55:00,Ruta Nacional 95,985.0,1,Camión c / Semirremolque, ,1,1,0,0,0,0,0,"-28.30066, -61.45801",Ruta,95,SANTA MARGARITA,9 de Julio,Asfalto,Natural,XII,Fuera,Rural,Ninguna,No existe,Recta,Bueno,Buena,Diurna,Buen Tiempo,S/D,S/D,Vuelco,Agua,Faltante,Ninguna,Sin restricción
2018,7962,2018-10-20,Sabado,0,09:50:00,,0.0,2,"Moto/Ciclomotor,Camión Chasis",Belgrano Y Larrea,2,0,1,0,1,0,0,"-31.596472222222,-60.686916666667",Calle,,SANTA FE,La Capital,Asfalto,No existe,I,Dentro,Urbana,Ninguna,No existe,Intersección,Bueno,Buena,Diurna,Otro,Otro,S/D,Colisión,Ninguna,Faltante,Ninguna,Sin restricción
2018,7963,2018-10-04,Jueves,0,15:00:00,,0.0,2,"Automóvil,Moto/Ciclomotor",Rodriguez A Y Olegario V.Andrade,3,2,0,0,1,0,0,"-32.996555555556,-60.670638888889",Calle,,ROSARIO,Rosario,Asfalto,No existe,II,Dentro,Urbana,S/D,S/D,Intersección,S/D,Buena,Diurna,S/D,S/D,S/D,Colisión,S/D,S/D,Ninguna,S/D
2018,7964,2018-07-23,Lunes,0,17:00:00,,0.0,2,"Moto/Ciclomotor,Automóvil",Calle 31-Newbery Y Calle 16 Gral Obligado,2,1,0,0,1,0,0,"-29.152945, -59.646060",Calle,,RECONQUISTA,General Obligado,Hormigón,No existe,IX,Dentro,Urbana,Ninguna,No existe,Intersección,Bueno,Buena,Diurna,Buen Tiempo,Lateral,S/D,Colisión,Ninguna,Faltante,Ninguna,Sin restricción
2018,7965,2018-10-20,Sabado,0,08:40:00,,0.0,2,"Moto/Ciclomotor,Automóvil",Bernardo de Irigoyen Y Almonacid,2,1,0,0,1,0,0,"-31.582833333333,-60.720222222222",S/D,,SANTA FE,La Capital,S/D,S/D,I,S/D,Urbana,S/D,S/D,S/D,S/D,S/D,S/D,S/D,S/D,S/D,S/D,S/D,S/D,S/D,S/D
2018,7966,2018-10-04,Jueves,0,14:30:00,Autopista Nacional A008,0.0,2,"Transporte de Pasajeros (H/ 8 asientos),Peatón",Av. Circunvalacion 4500,2,1,0,0,1,0,0,"-33.009305555556,-60.673611111111",Autopista,A008,ROSARIO,Rosario,Asfalto,Ripio,II,Fuera,Urbana,Ninguna,No existe,Recta,Bueno,Buena,Diurna,Buen Tiempo,S/D,Peatón,Atropello,Ninguna,Faltante,Barrera de hormigón,Sin restricción
2018,7967,2018-10-20,Sabado,0,09:30:00,,0.0,2,"Pickup/Utilitario,Moto/Ciclomotor",Ruta pcial 2 Av San Martin Y Chubut,2,1,0,0,1,0,0,"-31.52165, -60.68254",Avenida,,MONTE VERA,La Capital,"Hormigón,Ripio",Ripio,I,Dentro,Urbana,Otra Señal,No existe,Intersección,Bueno,Buena,Diurna,Buen Tiempo,De alcance,S/D,Colisión,Ninguna,S/D,Línea divisoria pintada,Sin restricción
2018,7968,2018-10-04,Jueves,0,17:00:00,,0.0,2,"Peatón,Moto/Ciclomotor",J.B.Justo 6813,2,1,0,0,1,0,0,"-32.914972222222,-60.714666666667",Calle,,ROSARIO,Rosario,Asfalto,No existe,II,Dentro,Urbana,Ninguna,No existe,Recta,Bueno,Buena,Diurna,Buen Tiempo,Frontal,Peatón,Atropello,Ninguna,Faltante,Ninguna,Sin restricción
2018,7969,2018-10-04,Jueves,0,16:05:00,,0.0,2,"Moto/Ciclomotor,Pickup/Utilitario",J.B.Justo Y Donado Bis,4,2,0,0,2,0,0,"-32.915305555556,-60.728111111111",Calle,,ROSARIO,Rosario,Asfalto,S/D,II,S/D,Urbana,S/D,S/D,Intersección,S/D,S/D,Diurna,S/D,S/D,S/D,Colisión,S/D,S/D,S/D,S/D
2018,7970,2018-07-18,Miercoles,0,20:45:00,,0.0,2,"Moto/Ciclomotor,Automóvil",Bv Sarmiento Y Prebistero Luis A Sponton,2,1,0,0,1,0,0,"-28.496334516499, -59.358314880904",Avenida,,VILLA OCAMPO,General Obligado,Asfalto,No existe,IX,Dentro,Urbana,S/D,S/D,Recta,S/D,S/D,Nocturna,S/D,S/D,S/D,Colisión,S/D,S/D,S/D,Sin restricción
2018,7971,2018-07-19,Jueves,0,17:05:00,,0.0,2,"Pickup/Utilitario,Moto/Ciclomotor",Calle 28 ,2,1,0,0,1,0,0,"-29.120357818561, -59.648934339778",Calle,,AVELLANEDA,General Obligado,Asfalto,No existe,IX,Dentro,Urbana,S/D,S/D,Intersección,S/D,S/D,Diurna,S/D,Lateral,S/D,Colisión,S/D,S/D,Ninguna,Sin restricción
2018,7972,2018-07-19,Jueves,0,,,0.0,2,"Pickup/Utilitario,Peatón", ,2,0,1,0,1,0,0,"-31.433327970820, -60.347278633962",Camino Rural,,SANTA ROSA DE CALCHINES,Garay,Tierra,No existe,VII,Dentro,Rural,Ninguna,No existe,Recta,S/D,S/D,S/D,S/D,S/D,Peatón,Atropello,S/D,Faltante,Ninguna,Sin restricción
2018,7973,2018-07-21,Sabado,0,,Ruta Nacional A012,0.0,2,"Camión,Moto/Ciclomotor",Gdor Saavedra - Ruta 12 Y Ing White,2,1,0,0,1,0,0,"-32.766950253591, -60.739688672602",Ruta,A012,SAN LORENZO,San Lorenzo,Asfalto,Natural,XVII,Dentro,Urbana,Ninguna,No existe,Intersección,S/D,S/D,Diurna,S/D,Lateral,S/D,Colisión,S/D,Faltante,Ninguna,Sin restricción
2018,7974,2018-07-25,Miercoles,0,,Ruta Provincial 40,0.0,2,"Transporte de Pasajeros,Automóvil", ,5,4,0,0,1,0,0,"-29.147132562137, -59.726975108178",Ruta,40,RECONQUISTA,General Obligado,Asfalto,Natural,IX,Dentro,Rural,Ninguna,No existe,Recta,S/D,S/D,Diurna,S/D,De alcance,S/D,Colisión,S/D,Faltante,Línea divisoria pintada,Sin restricción
2018,7975,2018-07-22,Domingo,0,16:30:00,,0.0,2,"Moto/Ciclomotor,Otros",Mendoza Y Av. De La Libertad,2,1,0,0,0,0,1,"-32.954024, -60.624923",Avenida,,ROSARIO,Rosario,Asfalto,No existe,II,Dentro,Urbana,Ninguna,No existe,Intersección,Bueno,Buena,Diurna,Buen Tiempo,S/D,S/D,Colisión,Ninguna,Faltante,Ninguna,Sin restricción
2018,7976,2018-07-01,Domingo,0,01:00:00,,0.0,2,"Moto/Ciclomotor,Automóvil",Bv. Segui Y Roullon,2,0,1,0,1,0,0,"-32.970648878841, -60.701111553837",Avenida,,ROSARIO,Rosario,Asfalto,No existe,II,Dentro,Urbana,Semáforo,Funciona,Intersección,S/D,S/D,Nocturna,S/D,S/D,S/D,Colisión,S/D,Vertical,Cordón divisorio,Sin restricción
2018,7977,2018-07-22,Domingo,0,01:00:00,,0.0,2,"Moto/Ciclomotor,Otros",Montevideo Y Roullon,2,1,0,0,0,0,1,"-32.947187, -60.701976",Calle,,ROSARIO,Rosario,Hormigón,No existe,II,Dentro,Urbana,Ninguna,No existe,Intersección,Bueno,Buena,Nocturna,Buen Tiempo,S/D,S/D,Colisión,Ninguna,Faltante,Ninguna,Sin restricción
2018,7978,2018-07-07,Sabado,0,19:00:00,Autopista Nacional A008,0.0,2,"Moto/Ciclomotor,Automóvil",Av. Circunvalacion ,2,0,1,0,1,0,0,"-32.980038620720, -60.711472357160",Autopista,A008,ROSARIO,Rosario,Asfalto,Pavimento,II,Dentro,Urbana,S/D,S/D,Recta,S/D,S/D,Atardecer,S/D,S/D,S/D,Colisión,S/D,S/D,Guardarrail,Sin restricción
2018,7979,2018-07-22,Domingo,0,19:30:00,,0.0,2,"Otros,Moto/Ciclomotor",Av. Pellegrini Y Gutenberg,2,1,0,0,0,0,1,"-32.948446, -60.690015",Avenida,,ROSARIO,Rosario,Asfalto,No existe,II,Dentro,Urbana,Semáforo,Funciona,Intersección,Bueno,Buena,Diurna,Buen Tiempo,S/D,S/D,Colisión,Ninguna,"Horizontal,Vertical","Cordón divisorio,Vegetación",Sin restricción
2018,7981,2018-07-18,Miercoles,0,10:00:00,,0.0,2,"Otros,Moto/Ciclomotor",Av. Francia Y Cordoba,2,1,0,0,0,0,1,"-32.941533, -60.665477",Avenida,,ROSARIO,Rosario,Asfalto,No existe,II,Dentro,Urbana,Semáforo,Funciona,Intersección,Bueno,Buena,Diurna,Buen Tiempo,S/D,S/D,Colisión,Ninguna,"Horizontal,Vertical","Cordón divisorio,Vegetación,Línea divisoria pintada",Sin restricción
2018,7982,2018-07-14,Sabado,0,21:30:00,,0.0,2,"Taxi/Remis,Otros",Av. Uriburu 3300,3,1,0,0,0,0,2,"-32.991686, -60.681328",Avenida,,ROSARIO,Rosario,Asfalto,No existe,II,Dentro,Urbana,Ninguna,No existe,Recta,Bueno,Buena,Nocturna,Buen Tiempo,S/D,S/D,Colisión,Ninguna,Faltante,"Cordón divisorio,Vegetación",Sin restricción
2018,7983,2018-10-27,Sabado,0,10:20:00,,0.0,2,"Moto/Ciclomotor,Automóvil",RUTA PCIAL. 2 Y RUTA PCIAL. 5,2,1,0,0,1,0,0,"-31.53958, -60.68849",Calle,,MONTE VERA,La Capital,Hormigón,Natural,I,S/D,Urbana,Ninguna,No existe,Cruce,Bueno,Buena,Diurna,Buen Tiempo,Lateral,S/D,Colisión,Ninguna,S/D,"Guardarrail,Línea divisoria pintada",Sin restricción
2018,7984,2018-10-27,Sabado,0,17:45:00,,0.0,2,"Moto/Ciclomotor,Moto/Ciclomotor",Angel Gallardo ,3,2,1,0,0,0,0,"-32.94221, -60.64941",Camino Rural,,MONTE VERA,La Capital,Tierra,No existe,I,Dentro,Rural,Ninguna,No existe,Recta,Resbaladiza,Buena,Diurna,Buen Tiempo,De alcance,S/D,Colisión,Agua,S/D,Ninguna,Sin restricción
2018,7985,2018-10-31,Miercoles,0,08:35:00,,0.0,2,"Moto/Ciclomotor,Pickup/Utilitario",Manuel Belgrano Y Neuquen,3,2,0,0,1,0,0,"-31.51968, -60.68077",Calle,,MONTE VERA,La Capital,Ripio,No existe,I,S/D,Urbana,Ninguna,No existe,Intersección,Bueno,Buena,Diurna,Buen Tiempo,Lateral,S/D,Colisión,Ninguna,S/D,Ninguna,Sin restricción
2018,7986,2018-10-31,Miercoles,0,20:00:00,,0.0,2,"Bicicleta,Automóvil",Neuquen Y P Gozzarelli,2,1,0,0,1,0,0,"-31.5202, -60.67546",Calle,,MONTE VERA,La Capital,Ripio,No existe,I,Dentro,Urbana,Ninguna,No existe,Intersección,Bueno,Buena,"Nocturna,Con luz artificial",Buen Tiempo,Lateral,Ciclista,Atropello,Ninguna,S/D,Ninguna,Sin restricción
2018,7987,2018-10-20,Sabado,0,21:40:00,Ruta Provincial 2,13.0,2,"Automóvil,Automóvil", ,2,1,0,0,1,0,0,"-31.51914, -60.6819",Ruta,2,MONTE VERA,La Capital,Hormigón,Natural,I,Dentro,Rural,Ninguna,No existe,Recta,Bueno,Buena,"Nocturna,Con luz artificial",Buen Tiempo,De alcance,S/D,Colisión,Ninguna,Vertical,Línea divisoria pintada,Sin restricción
2018,7988,2018-10-27,Sabado,0,18:30:00,,0.0,3,"Automóvil,Moto/Ciclomotor,Automóvil",Molina Y Irigoyen,3,1,0,0,2,0,0,"-32.851305555556,-61.249916666667",Calle,,CORREA,Iriondo,Asfalto,No existe,X,Dentro,Urbana,Ninguna,No existe,Intersección,Bueno,Buena,Atardecer,Buen Tiempo,Múltiple,S/D,Colisión,S/D,S/D,Ninguna,Sin restricción
2018,7989,2018-10-04,Jueves,0,09:25:00,Ruta Provincial 14,12.0,2,"Automóvil,Camión Chasis", ,4,1,0,0,3,0,0,"-33.0919, -60.7909",Ruta,14,PIÑERO,Rosario,Asfalto,No existe,II,Dentro,Rural,S/D,No existe,Intersección,Bueno,Buena,Amanecer,S/D,S/D,S/D,S/D,S/D,S/D,Cordón divisorio,S/D
2018,7990,2018-10-21,Domingo,0,09:30:00,,0.0,1,Automóvil,Facundo Quiroga Y Dr Zavalla,1,0,1,0,0,0,0,"-31.56717, -60.69672",Camino Rural,,SANTA FE,La Capital,Tierra,No existe,I,Fuera,Rural,Ninguna,No existe,Recta,Resbaladiza,S/D,S/D,S/D,S/D,S/D,Despiste,Agua,S/D,Ninguna,S/D
2018,7991,2018-10-27,Sabado,0,03:00:00,Ruta Provincial 10,0.0,2,"Camión c / Semirremolque,Camión Chasis",RUTA PCIAL. 10 Y CAMINO A LA CREMERIA,2,0,1,0,1,0,0,"-32.7402, -60.78782",Ruta,10,RICARDONE,San Lorenzo,Hormigón,Natural,XVII,Fuera,Rural,Ninguna,No existe,Recta,Bueno,Reducida,Nocturna,Buen Tiempo,Lateral,S/D,Vuelco,Ninguna,Faltante,Ninguna,Sin restricción
2018,7992,2018-08-03,Viernes,0,20:00:00,,0.0,2,"Bicicleta,Otros",Maipu Y Cerrito,2,0,1,0,0,0,1,"-32.962333333333,-60.639305555556",Calle,,ROSARIO,Rosario,S/D,S/D,II,S/D,Urbana,S/D,S/D,Intersección,S/D,S/D,S/D,S/D,S/D,Ciclista,Atropello,S/D,S/D,S/D,S/D
2018,7993,2018-10-20,Sabado,0,21:00:00,,0.0,2,"Automóvil,Moto/Ciclomotor",Cno San Roque Y Fco Angeloni,2,1,0,0,1,0,0,"-30.783638888889,-60.586777777778",Calle,,SAN JUSTO,San Justo,Asfalto,S/D,XVI,S/D,Urbana,Ninguna,S/D,Intersección,Bueno,S/D,S/D,Buen Tiempo,Frontal,S/D,Colisión,Ninguna,Vertical,Ninguna,Sin restricción
2018,7994,2018-08-07,Martes,0,13:00:00,,0.0,2,"Peatón,Otros", ,2,0,1,0,0,0,1,"-32.95846, -60.69045",S/D,,ROSARIO,Rosario,S/D,S/D,II,S/D,S/D,S/D,S/D,S/D,S/D,S/D,S/D,S/D,S/D,Peatón,Atropello,S/D,S/D,S/D,S/D
2018,7995,2018-01-28,Domingo,0,23:15:00,,0.0,2,"Moto/Ciclomotor,Automóvil",GODOY Y 27 DE FEBRERO,2,0,1,0,1,0,0,"-32.96203, -60.67467",Calle,,PÉREZ,Rosario,S/D,S/D,I,Dentro,Urbana,S/D,S/D,S/D,S/D,S/D,Nocturna,S/D,S/D,S/D,Colisión,S/D,S/D,S/D,S/D