anio_acci,nro_acci,fecha,desc_dia,fecha_aprox,hora_aprox,desc_ruta,km,cant_participantes,desc_participante,calle_avenida_km,total,heridos_leves,heridos_graves,heridos_gravisimos,ilesos,fallecidos,sin_datos,posicion_XY,desc_tipo_via,desc_ruta_ori,desc_loc,desc_dpto,desc_tipo_calzada,desc_tipo_banquina,desc_unidad_regional,desc_lugar_calzada,desc_zona,desc_prioridad,desc_estado_semaforo,desc_lugar_via,desc_estado_via,desc_estado_visibilidad,desc_luminosidad,desc_estado_clima,desc_tipo_colision,desc_tipo_atropello,desc_tipo_hecho,desc_pres_calzada,desc_senializacion,desc_separacion_via,desc_restriccion
2018,7996,2018-01-29,Lunes,0,15:25:00,,0.0,2,"Bicicleta,Otros", ,2,1,0,0,1,0,0,"-32.95887, -60.69314",S/D,,ROSARIO,Rosario,S/D,S/D,II,S/D,S/D,Ninguna,S/D,S/D,S/D,S/D,Diurna,S/D,S/D,Ciclista,Atropello,S/D,S/D,S/D,Sin restricción
2018,7997,2018-02-16,Viernes,0,00:00:00,Autopista Nacional A008,0.0,2,"Moto/Ciclomotor,Otros",Av. Circunvalacion Y Av. Pte.Peron,2,1,0,0,0,0,1,"-32.97037, -60.7161",Autopista,A008,ROSARIO,Rosario,Asfalto,S/D,II,Dentro,Urbana,S/D,S/D,Recta,S/D,Reducida,Nocturna,S/D,S/D,S/D,Caída ocupante,S/D,S/D,S/D,S/D
2018,7998,2018-10-04,Jueves,0,18:00:00,,0.0,1,Moto/Ciclomotor,Magallanes ,3,3,0,0,0,0,0,"-31.849525248661, -60.874783106229",Camino Rural,,DESVÍO ARIJÓN,San Jerónimo,Arena,Natural,XV,Dentro,Rural,Ninguna,No existe,Recta,Ahuellamiento,Buena,Atardecer,Buen Tiempo,Atropello animal,S/D,Atropello,Material Suelto,S/D,Ninguna,Sin restricción
2018,7999,2018-02-22,Jueves,0,01:30:00,,0.0,1,Moto/Ciclomotor,Necochea Y Dean Funes,1,0,1,0,0,0,0,"-32.978111111111,-60.631527777778",Calle,,ROSARIO,Rosario,Asfalto,S/D,II,Dentro,Urbana,Ninguna,S/D,Intersección,S/D,S/D,Nocturna,S/D,Contra objeto fijo,S/D,Colisión,S/D,S/D,S/D,Sin restricción
2018,8000,2018-10-20,Sabado,0,21:00:00,,0.0,2,"Peatón,Moto/Ciclomotor",Calle 20 ,2,1,0,0,1,0,0,"-32.6785, -61.51919",S/D,,LAS PAREJAS,Belgrano,S/D,S/D,III,Fuera,Urbana,Ninguna,S/D,Plaza,S/D,Buena,Nocturna,Buen Tiempo,S/D,Peatón,Atropello,S/D,S/D,Ninguna,Sin restricción
2018,8001,2018-10-27,Sabado,0,17:00:00,,0.0,2,"Moto/Ciclomotor,Automóvil",AV. JORGE NEWBERY Y LOS ALERCES,2,1,0,0,1,0,0,"-32.90794,-60.72994",Avenida,,ROSARIO,Rosario,Asfalto,Ripio,II,S/D,Urbana,S/D,No existe,Intersección,S/D,Buena,Diurna,S/D,S/D,S/D,Colisión,S/D,S/D,S/D,S/D
2018,8002,2018-02-28,Miercoles,0,05:00:00,,0.0,1,Moto/Ciclomotor,Gorriti Y Peru,1,1,0,0,0,0,0,"-32.924305555556,-60.712083333333",Calle,,ROSARIO,Rosario,Asfalto,No existe,II,Dentro,Urbana,Ninguna,S/D,Intersección,S/D,S/D,Amanecer,S/D,Contra objeto fijo,S/D,Colisión,S/D,S/D,S/D,Sin restricción
2018,8003,2018-02-28,Miercoles,0,02:30:00,,0.0,1,Moto/Ciclomotor,Amenabar ,1,1,0,0,0,0,0,"-32.96724, -60.67183",Calle,,ROSARIO,Rosario,Asfalto,S/D,II,Dentro,Urbana,Ninguna,S/D,Intersección,S/D,S/D,Nocturna,S/D,Contra objeto fijo,S/D,Colisión,S/D,S/D,S/D,Sin restricción
2018,8004,2018-10-20,Sabado,0,20:10:00,,0.0,2,"Moto/Ciclomotor,Automóvil",Bv Oro?o Y Fray Garcia,5,2,0,0,1,0,2,"-32.733111111111,-60.747305555556",S/D,,SAN LORENZO,San Lorenzo,S/D,S/D,XVII,S/D,S/D,S/D,S/D,S/D,S/D,S/D,S/D,S/D,S/D,S/D,S/D,S/D,S/D,S/D,S/D
2018,8005,2018-10-27,Sabado,0,06:20:00,,0.0,2,"Automóvil,Automóvil",Bv. Segui Y Av. Ovidio Lagos,3,1,0,0,2,0,0,"-32.974972222222,-60.669222222222",Avenida,,ROSARIO,Rosario,Asfalto,No existe,II,Dentro,Urbana,S/D,Funciona,Intersección,S/D,Buena,Amanecer,S/D,S/D,S/D,Colisión,S/D,Horizontal,Cordón divisorio,S/D
2018,8006,2018-10-20,Sabado,0,18:20:00,,0.0,2,"Moto/Ciclomotor,Moto/Ciclomotor", ,5,4,1,0,0,0,0,"-28.22791, -61.52848",S/D,,GREGORIA P. DE DENIS,9 de Julio,Asfalto,Natural,XII,Dentro,Urbana,Ninguna,No existe,Intersección,Bueno,Buena,Diurna,Buen Tiempo,Lateral,S/D,Colisión,Ninguna,Faltante,Ninguna,Sin restricción
2018,8007,2018-10-27,Sabado,0,18:40:00,,0.0,2,"Automóvil,Peatón",Balcarce Y Urquiza,2,1,0,0,1,0,0,"-32.940472222222,-60.651055555556",Calle,,ROSARIO,Rosario,S/D,S/D,II,S/D,Urbana,S/D,S/D,Intersección,S/D,S/D,Atardecer,S/D,S/D,Peatón,Atropello,S/D,S/D,S/D,S/D
2018,8008,2018-10-20,Sabado,0,00:55:00,,0.0,2,"Automóvil,Moto/Ciclomotor",General Paz Y 3 de Febrero,2,1,0,0,1,0,0,"-31.446583333333,-60.932694444444",Calle,,ESPERANZA,Las Colonias,Asfalto,No existe,XI,Dentro,Urbana,Ninguna,No existe,Intersección,Bueno,Buena,"Nocturna,Con luz artificial",Buen Tiempo,Frontal,S/D,Colisión,Ninguna,Faltante,Ninguna,Sin restricción
2018,8009,2018-10-20,Sabado,0,19:05:00,,0.0,2,"Automóvil,Moto/Ciclomotor",San Martin Y Las Heras,2,1,0,0,1,0,0,"-31.459861111111,-60.933666666667",Calle,,ESPERANZA,Las Colonias,Asfalto,S/D,XI,Dentro,Urbana,Ninguna,No existe,Intersección,Bueno,Buena,Diurna,Buen Tiempo,Lateral,S/D,Colisión,Ninguna,Vertical,Cordón divisorio,Sin restricción
2018,8010,2018-08-21,Martes,0,18:30:00,,0.0,1,Moto/Ciclomotor,Amenabar Y Crespo,1,1,0,0,0,0,0,"-32.966805555556,-60.67475",Calle,,ROSARIO,Rosario,Asfalto,No existe,II,Dentro,Urbana,Ninguna,S/D,Intersección,S/D,S/D,Atardecer,S/D,Contra objeto fijo,S/D,Colisión,Ninguna,S/D,S/D,S/D
2018,8011,2018-08-24,Viernes,0,14:00:00,,0.0,1,Moto/Ciclomotor,Roullon Y Av. Pte.Peron,1,1,0,0,0,0,0,"-32.962972222222,-60.701361111111",Avenida,,ROSARIO,Rosario,Asfalto,S/D,II,Dentro,Urbana,Ninguna,S/D,Intersección,S/D,S/D,Diurna,S/D,S/D,S/D,Caída ocupante,S/D,S/D,Ninguna,S/D
2018,8012,2018-10-20,Sabado,0,03:40:00,,0.0,1,Moto/Ciclomotor,Belgrano Manuel Y Colon,2,2,0,0,0,0,0,"-31.73952, -61.09464",Calle,,SAN CARLOS CENTRO,Las Colonias,Asfalto,No existe,XI,Dentro,Urbana,Ninguna,No existe,Intersección,Bueno,Buena,Nocturna,Buen Tiempo,Otro,S/D,Caída ocupante,Ninguna,S/D,Cordón divisorio,Sin restricción
2018,8013,2018-10-20,Sabado,0,15:15:00,,0.0,2,"Moto/Ciclomotor,Automóvil",Falucho Y Ing Mosconi,3,2,0,0,1,0,0,"-33.0255,-60.628972222222",S/D,,VILLA GOBERNADOR GÁLVEZ,Rosario,Asfalto,No existe,II,S/D,S/D,Ninguna,No existe,Intersección,Bueno,Buena,Diurna,Buen Tiempo,S/D,S/D,Colisión,Ninguna,Faltante,Ninguna,Sin restricción
2018,8014,2018-10-20,Sabado,0,19:40:00,,0.0,2,"Taxi/Remis,Automóvil",Av. Sorrento Y Darragueira,2,1,0,0,0,0,1,"-32.907166666667,-60.69125",Calle,,ROSARIO,Rosario,Asfalto,S/D,II,Dentro,Urbana,Semáforo,Funciona,Intersección,Bueno,S/D,S/D,S/D,S/D,S/D,Colisión,S/D,S/D,S/D,S/D
2018,8015,2018-08-26,Domingo,0,00:00:00,,0.0,1,Moto/Ciclomotor,Junin Y Solis,1,1,0,0,0,0,0,"-32.927333333333,-60.703916666667",Calle,,ROSARIO,Rosario,Asfalto,No existe,II,Dentro,Urbana,Ninguna,S/D,Intersección,S/D,S/D,Nocturna,S/D,Contra objeto fijo,S/D,Colisión,S/D,S/D,S/D,Sin restricción
2018,8016,2018-10-21,Domingo,0,11:20:00,,0.0,2,"Moto/Ciclomotor,Automóvil",Av A del Valle Y Espora,2,1,0,0,0,0,1,"-31.604,-60.692222222222",Calle,,SANTA FE,La Capital,Asfalto,Pavimento,I,S/D,Urbana,Ninguna,No existe,Intersección,Bueno,Buena,Diurna,Buen Tiempo,Lateral,S/D,Colisión,S/D,Vertical,Línea divisoria pintada,Sin restricción
2018,8017,2018-10-27,Sabado,0,03:30:00,,0.0,2,"Pickup/Utilitario,Automóvil",Urquiza Y Pte.Roca,2,1,0,0,1,0,0,"-32.941722222222,-60.64425",Calle,,ROSARIO,Rosario,S/D,S/D,II,S/D,Urbana,S/D,S/D,Intersección,S/D,S/D,Nocturna,S/D,S/D,S/D,Colisión,S/D,S/D,S/D,S/D
2018,8018,2018-10-28,Domingo,0,00:10:00,,0.0,1,Moto/Ciclomotor,PASAJE 1847 ,1,1,0,0,0,0,0,"-32.97416, -60.70705",Calle,,ROSARIO,Rosario,Asfalto,No existe,II,S/D,Urbana,Ninguna,No existe,Recta,Bueno,Buena,"Nocturna,Con luz artificial",Buen Tiempo,Contra objeto fijo,S/D,Colisión,Ninguna,Faltante,Ninguna,Sin restricción
2018,8019,2018-10-28,Domingo,0,22:45:00,,0.0,2,"Pickup/Utilitario,Moto/Ciclomotor",Av Eduardo Minetti Y Bernardino Rivadavia,4,2,0,0,2,0,0,"-28.62167, -61.62967",Avenida,,VILLA MINETTI,9 de Julio,Ripio,No existe,XII,Dentro,Urbana,Ninguna,No existe,Intersección,Bueno,Buena,Con luz artificial,Buen Tiempo,Lateral,S/D,Colisión,Ninguna,Faltante,Ninguna,Sin restricción
2018,8020,2018-10-28,Domingo,0,22:15:00,,0.0,2,"Automóvil,Moto/Ciclomotor",Av. Eva Peron Y Donado,2,1,0,0,1,0,0,"-32.930527777778,-60.727361111111",Avenida,,ROSARIO,Rosario,Asfalto,No existe,II,Dentro,Urbana,Ninguna,Funciona,Recta,Bueno,Buena,Nocturna,Buen Tiempo,Lateral,S/D,Colisión,Ninguna,S/D,Barrera de hormigón,Sin restricción
2018,8021,2018-10-28,Domingo,0,16:20:00,,0.0,2,"Bicicleta,Automóvil",T Lubary Y Saavedra,2,1,0,0,1,0,0,"-31.72685, -61.09721",Calle,,SAN CARLOS CENTRO,Las Colonias,Asfalto,No existe,XI,Dentro,Urbana,Ninguna,No existe,Intersección,Bueno,Buena,Atardecer,Buen Tiempo,Lateral,Ciclista,Atropello,Ninguna,S/D,Ninguna,Sin restricción
2018,8022,2018-10-28,Domingo,0,16:15:00,Ruta Nacional 11,0.0,2,"Moto/Ciclomotor,Moto/Ciclomotor",BV ORO?O Y BOLIVIA,3,0,1,0,1,0,1,"-32.73388, -60.74253",Ruta,11,SAN LORENZO,San Lorenzo,S/D,S/D,XVII,S/D,Urbana,S/D,S/D,Rotonda,Otro,S/D,S/D,S/D,S/D,S/D,Colisión,Otro,Vertical,S/D,S/D
2018,8023,2018-10-20,Sabado,0,13:45:00,,0.0,2,"Moto/Ciclomotor,Automóvil",Soldado Aguirre Y Liniers,2,1,0,0,1,0,0,"-33.0295,-60.643888888889",Calle,,VILLA GOBERNADOR GÁLVEZ,Rosario,Asfalto,No existe,II,S/D,Urbana,Ninguna,No existe,Intersección,Bueno,Buena,Atardecer,Buen Tiempo,S/D,S/D,Colisión,Ninguna,Faltante,Ninguna,Sin restricción
2018,8024,2018-10-28,Domingo,0,22:40:00,,0.0,2,"Moto/Ciclomotor,Automóvil",Calle 14 Y Calle 25,3,2,0,0,1,0,0,"-32.67818, -61.52435",Calle,,LAS PAREJAS,Belgrano,Asfalto,Natural,III,S/D,Urbana,Ninguna,No existe,Intersección,Bueno,Buena,Nocturna,Buen Tiempo,De alcance,S/D,Colisión,Ninguna,Faltante,Ninguna,Sin restricción
2018,8025,2018-10-28,Domingo,0,06:40:00,,0.0,1,Moto/Ciclomotor,Rivadavia Y E Aleman,2,2,0,0,0,0,0,"-29.461555555556,-60.210083333333",Calle,,VERA,Vera,Asfalto,No existe,XIX,S/D,Urbana,Ninguna,No existe,Recta,Bueno,Buena,Diurna,Buen Tiempo,Contra objeto fijo,S/D,Colisión,Ninguna,Faltante,Ninguna,Sin restricción
2018,8026,2018-10-09,Martes,0,17:40:00,,0.0,2,"Automóvil,Moto/Ciclomotor",Mitre Y Urquiza,2,1,0,0,1,0,0,"-32.942722222222,-60.638694444444",Calle,,VILLA GOBERNADOR GÁLVEZ,Rosario,Asfalto,No existe,II,Dentro,Urbana,Ninguna,Funciona,Intersección,Bueno,Buena,Diurna,Buen Tiempo,S/D,S/D,Colisión,Ninguna,Faltante,Ninguna,Sin restricción
2018,8027,2018-10-28,Domingo,0,17:30:00,,0.0,2,"Bicicleta,Automóvil",Ing.Laporte Y H. Brandoni,2,1,0,0,1,0,0,"-32.881119598109, -60.693342156449",Calle,,ROSARIO,Rosario,Asfalto,No existe,II,Dentro,Urbana,Ninguna,No existe,Intersección,Bueno,Buena,Diurna,Buen Tiempo,Frontal,Ciclista,Atropello,Ninguna,Faltante,Ninguna,Sin restricción
2018,8028,2018-10-09,Martes,0,19:40:00,,0.0,2,"Moto/Ciclomotor,Automóvil",Urquiza Y Islas Malvinas,2,1,0,0,1,0,0,"-33.11044, -60.55943",Calle,,GENERAL LAGOS,Rosario,Asfalto,No existe,II,Dentro,Urbana,Ninguna,No existe,Intersección,Bueno,Buena,"Nocturna,Con luz artificial",Buen Tiempo,De alcance,S/D,Colisión,Ninguna,Faltante,Ninguna,Sin restricción
2018,8029,2018-10-28,Domingo,0,19:00:00,,0.0,2,"Bicicleta,Automóvil",Santa Fe Y Constitucion,2,1,0,0,1,0,0,"-32.938694444444,-60.673361111111",Calle,,ROSARIO,Rosario,S/D,S/D,II,S/D,Urbana,S/D,S/D,Recta,S/D,S/D,Atardecer,S/D,Lateral,Ciclista,Atropello,S/D,S/D,S/D,S/D
2018,8030,2018-10-20,Sabado,0,21:15:00,,0.0,2,"Automóvil,Automóvil",Arenales 336,4,4,0,0,0,0,0,"-32.86319, -60.69816",Calle,,GRANADERO BAIGORRIA,Rosario,Asfalto,Pavimento,II,Dentro,Urbana,Ninguna,No existe,Recta,Bueno,Buena,Nocturna,Buen Tiempo,De alcance,S/D,Colisión,Ninguna,S/D,S/D,Sin restricción
2018,8031,2018-10-28,Domingo,0,12:30:00,,0.0,2,"Moto/Ciclomotor,Automóvil",J.J.Paso Y Pje. Cafayate Bis,4,1,0,0,3,0,0,"-32.920138888889,-60.710555555556",Avenida,,ROSARIO,Rosario,Asfalto,No existe,II,Dentro,Urbana,Ninguna,No existe,Intersección,Bueno,Buena,Diurna,Buen Tiempo,Otro,S/D,Colisión,Ninguna,Faltante,Ninguna,Sin restricción
2018,8032,2018-10-29,Lunes,0,07:15:00,,0.0,2,"Automóvil,Moto/Ciclomotor",Av Lopez y Planes Y Iturraspe,2,1,0,0,0,0,1,"-31.626805555556,-60.713916666667",Avenida,,SANTA FE,La Capital,"Asfalto,Hormigón",No existe,I,Dentro,Urbana,Semáforo,Funciona,Intersección,Bueno,Buena,Diurna,Buen Tiempo,Lateral,S/D,Colisión,S/D,"Horizontal,Vertical","Cordón divisorio,Vegetación",Sin restricción
2018,8033,2018-10-29,Lunes,0,12:30:00,,0.0,2,"Pickup/Utilitario,Moto/Ciclomotor",Av Lopez y Planes 4300,2,0,0,0,0,0,2,"-31.625638888889,-60.713527777778",Avenida,,SANTA FE,La Capital,"Asfalto,Hormigón",No existe,I,Dentro,Urbana,Semáforo,Funciona,Recta,Bueno,Buena,Diurna,Buen Tiempo,Lateral,S/D,Colisión,S/D,"Horizontal,Vertical","Cordón divisorio,Vegetación",Sin restricción
2018,8034,2018-10-21,Domingo,0,14:00:00,,0.0,2,"Automóvil,Moto/Ciclomotor",Manuel Dorrego Y 1ro de Enero,2,1,0,0,1,0,0,"-32.83922, -60.71338",Calle,,GRANADERO BAIGORRIA,Rosario,Ripio,No existe,II,Dentro,Urbana,Ninguna,No existe,Intersección,Bueno,Buena,Diurna,S/D,Lateral,S/D,Colisión,Ninguna,Faltante,Ninguna,Sin restricción
2018,8035,2018-10-09,Martes,0,19:45:00,,0.0,2,"Moto/Ciclomotor,Automóvil",Av. Provincias Unidas Y Av. Sorrento,2,1,0,0,1,0,0,"-32.907833333333,-60.714027777778",Calle,,ROSARIO,Rosario,Asfalto,No existe,II,Dentro,Urbana,Ninguna,No existe,Rotonda,Bueno,Buena,Atardecer,Buen Tiempo,Otro,S/D,Colisión,Ninguna,Faltante,Ninguna,Sin restricción
2018,8036,2018-10-09,Martes,0,15:10:00,,0.0,2,"Peatón,Automóvil",Bv. Segui Y Pje. Zola,2,1,0,0,1,0,0,"-32.970638888889,-60.695444444444",Calle,,ROSARIO,Rosario,Asfalto,No existe,II,Dentro,Urbana,Ninguna,No existe,Intersección,Bueno,Buena,Diurna,Buen Tiempo,S/D,Peatón,Atropello,Ninguna,Faltante,Cordón divisorio,Sin restricción
2018,8037,2018-10-20,Sabado,0,11:00:00,,0.0,2,"Automóvil,Pickup/Utilitario",Bv San diego 500,4,1,0,0,3,0,0,"-33.018666666667,-60.613666666667",S/D,,VILLA GOBERNADOR GÁLVEZ,Rosario,Asfalto,No existe,II,S/D,S/D,Ninguna,No existe,Recta,S/D,Buena,Diurna,Buen Tiempo,Lateral,S/D,Colisión,Ninguna,Faltante,Ninguna,Sin restricción
2018,8038,2018-10-29,Lunes,0,07:40:00,,0.0,2,"Bicicleta,Automóvil",Tarragona Bis Y Bv. Argentino,2,1,0,0,1,0,0,"-32.924361111111,-60.734666666667",Calle,,ROSARIO,Rosario,Asfalto,No existe,II,Dentro,Urbana,Ninguna,S/D,Intersección,Bueno,Buena,Diurna,Buen Tiempo,Lateral,Ciclista,Atropello,Ninguna,S/D,Ninguna,Sin restricción
2018,8039,2018-10-20,Sabado,0,21:00:00,,0.0,2,"Moto/Ciclomotor,Pickup/Utilitario",Brasil Y San Lorenzo,2,1,0,0,1,0,0,"-32.934722222222,-60.719861111111",S/D,,ROSARIO,Rosario,Asfalto,Pavimento,II,S/D,S/D,S/D,S/D,Recta,Bueno,S/D,"Nocturna,Con luz artificial",S/D,S/D,S/D,Colisión,S/D,S/D,Ninguna,S/D
2018,8040,2018-10-29,Lunes,0,03:40:00,,0.0,1,Moto/Ciclomotor,DR. POUCEL Y 9 DE JULIO,2,2,0,0,0,0,0,"-32.73787, -60.73815",Calle,,SAN LORENZO,San Lorenzo,Asfalto,S/D,XVII,S/D,Urbana,S/D,S/D,Intersección,Otro,S/D,S/D,S/D,Contra objeto fijo,S/D,Colisión,S/D,Vertical,S/D,Sin restricción
2018,8041,2018-10-29,Lunes,0,17:10:00,,0.0,2,"Bicicleta,Automóvil",Martinez Estrada Y Tarragona,2,1,0,0,1,0,0,"-32.911277777778,-60.735305555556",Calle,,ROSARIO,Rosario,Asfalto,S/D,II,S/D,Urbana,Ninguna,No existe,Intersección,Con baches,Buena,Diurna,Lluvia,S/D,Ciclista,Atropello,Agua,S/D,Ninguna,S/D
2018,8042,2018-10-20,Sabado,0,20:10:00,,0.0,2,"Automóvil,Moto/Ciclomotor",Bv. 27 De Febrero Y Servando Bayo,2,1,0,0,1,0,0,"-32.95925,-60.689916666667",Calle,,ROSARIO,Rosario,Asfalto,No existe,II,Dentro,Urbana,Ninguna,No existe,Intersección,Bueno,Buena,Con luz artificial,Buen Tiempo,Otro,S/D,Colisión,Ninguna,Faltante,Ninguna,Sin restricción
2018,8043,2018-10-09,Martes,0,14:30:00,,0.0,2,"Moto/Ciclomotor,Automóvil",Av. Francia Y Biedma,3,2,0,0,1,0,0,"-32.976416666667,-60.674472222222",Calle,,ROSARIO,Rosario,Asfalto,No existe,II,Dentro,Urbana,S/D,S/D,Intersección,S/D,Buena,Diurna,Buen Tiempo,S/D,S/D,Colisión,S/D,S/D,Cordón divisorio,S/D
2018,8044,2018-10-20,Sabado,0,00:25:00,,0.0,2,"Moto/Ciclomotor,Automóvil",Pte.Quintana Y Alvear,4,1,1,0,2,0,0,"-32.979555555556,-60.663722222222",Calle,,ROSARIO,Rosario,Asfalto,No existe,II,Dentro,Urbana,Ninguna,No existe,Intersección,Bueno,Buena,Nocturna,Buen Tiempo,Lateral,S/D,Colisión,Ninguna,Faltante,Ninguna,Sin restricción
2018,8045,2018-10-20,Sabado,0,22:15:00,,0.0,2,"Moto/Ciclomotor,Automóvil",Av. Pellegrini Y Rodriguez,2,1,0,0,1,0,0,"-32.9535,-60.661444444444",Avenida,,ROSARIO,Rosario,S/D,S/D,II,S/D,Urbana,S/D,S/D,S/D,S/D,S/D,S/D,S/D,S/D,S/D,S/D,S/D,S/D,S/D,S/D
2018,8046,2018-10-09,Martes,0,00:30:00,Autopista Provincial Brigadier E.López,94.7,1,Camión c / Semirremolque, ,1,1,0,0,0,0,0,"-32.07662, -60.9927",Autopista,Brigadier E.López,AROCENA,San Jerónimo,Asfalto,Natural,XV,S/D,Rural,Ninguna,No existe,Recta,Resbaladiza,Reducida,Nocturna,Lluvia,S/D,S/D,Vuelco,Agua,Faltante,Vegetación,Sin restricción
2018,8047,2018-10-05,Viernes,0,12:35:00,,0.0,2,"Moto/Ciclomotor,Automóvil",Juan de Garay Y Francia,2,1,0,0,1,0,0,"-31.651138888889,-60.716083333333",Calle,,SANTA FE,La Capital,Asfalto,No existe,I,Dentro,Urbana,Ninguna,No existe,Intersección,Con baches,Buena,Diurna,Buen Tiempo,Lateral,S/D,Colisión,Ninguna,Faltante,Ninguna,Sin restricción
2018,8048,2018-10-05,Viernes,0,18:00:00,,0.0,2,"Automóvil,Otros",Larrea Y Rivadavia,2,2,0,0,0,0,0,"-31.595944444444,-60.689305555556",Calle,,SANTA FE,La Capital,S/D,No existe,I,Dentro,Urbana,Otra Señal,No existe,Intersección,S/D,Reducida,Diurna,Otro,Otro,S/D,Colisión,Otro,Faltante,Ninguna,Sin restricción
2018,8049,2018-10-05,Viernes,0,18:00:00,,0.0,2,"Automóvil,Otros",Larrea Y Rivadavia,2,2,0,0,0,0,0,"-31.595944444444,-60.689305555556",Calle,,SANTA FE,La Capital,S/D,No existe,I,Dentro,Urbana,Ninguna,No existe,Intersección,S/D,Reducida,Diurna,Otro,Otro,S/D,Colisión,Otro,Faltante,Ninguna,Sin restricción
2018,8050,2018-10-21,Domingo,0,01:00:00,,0.0,2,"Moto/Ciclomotor,Automóvil",Salvador del Carril Y Laprida,3,2,0,0,1,0,0,"-31.621638888889,-60.679416666667",Avenida,,SANTA FE,La Capital,Asfalto,No existe,I,S/D,Urbana,Ninguna,No existe,Intersección,Bueno,Reducida,Nocturna,Buen Tiempo,Lateral,S/D,Colisión,Ninguna,S/D,Ninguna,Sin restricción
2018,8051,2018-10-09,Martes,0,20:00:00,,0.0,2,"Automóvil,Moto/Ciclomotor",Bv. Segui Y Rodriguez,2,2,0,0,0,0,0,"-32.975361111111,-60.666972222222",Avenida,,ROSARIO,Rosario,Asfalto,No existe,II,Dentro,Urbana,Ninguna,No existe,Recta,Bueno,Buena,Nocturna,Buen Tiempo,Lateral,S/D,Colisión,Ninguna,Faltante,Ninguna,Sin restricción
2018,8052,2018-10-05,Viernes,0,17:00:00,,0.0,2,"Camión Chasis,Moto/Ciclomotor",Av A del Valle Y Gorriti,2,1,0,0,1,0,0,"-31.590527777778,-60.692277777778",Avenida,,SANTA FE,La Capital,Asfalto,Pavimento,I,Dentro,Urbana,S/D,Funciona,Intersección,Bueno,Buena,Diurna,Buen Tiempo,Lateral,S/D,Colisión,Ninguna,Vertical,S/D,S/D
2018,8053,2018-10-10,Miercoles,0,08:00:00,,0.0,2,"Automóvil,Moto/Ciclomotor",Bv. Oro?o Y Cochabamba,3,2,0,0,1,0,0,"-32.955722222222,-60.656444444444",Calle,,ROSARIO,Rosario,Asfalto,No existe,II,S/D,Urbana,Ninguna,S/D,Intersección,S/D,S/D,Diurna,S/D,Lateral,S/D,Colisión,S/D,S/D,S/D,Sin restricción
2018,8054,2018-10-05,Viernes,0,21:00:00,,0.0,2,"Pickup/Utilitario,Moto/Ciclomotor",Javier de la Rosa 3100,2,1,0,0,1,0,0,"-31.597611111111,-60.69925",Calle,,SANTA FE,La Capital,Asfalto,Natural,I,Dentro,Urbana,S/D,No existe,Recta,Bueno,Buena,"Nocturna,Con luz artificial",Buen Tiempo,Lateral,S/D,Colisión,Ninguna,Faltante,S/D,S/D
2018,8055,2018-10-21,Domingo,0,02:40:00,,0.0,2,"Moto/Ciclomotor,Moto/Ciclomotor",L de la Torre Y Lavalle,2,1,0,0,1,0,0,"-29.463166666667,-60.221277777778",Calle,,VERA,Vera,Asfalto,No existe,XIX,Dentro,Urbana,Ninguna,No existe,Curva,Bueno,Buena,Nocturna,Buen Tiempo,Frontal,S/D,Colisión,Ninguna,Faltante,Ninguna,Sin restricción
2018,8056,2018-10-21,Domingo,0,22:20:00,,0.0,2,"Automóvil,Automóvil",Maipu Y San Juan,2,2,0,0,0,0,0,"-32.950694444444,-60.636222222222",S/D,,ROSARIO,Rosario,S/D,S/D,II,S/D,Urbana,S/D,No funciona,Intersección,S/D,S/D,Nocturna,S/D,S/D,S/D,Colisión,S/D,S/D,S/D,S/D
2018,8057,2018-10-05,Viernes,0,12:00:00,Ruta Provincial 21,0.0,2,"Moto/Ciclomotor,Pickup/Utilitario",Pedroni Y Alberdi,2,1,0,0,1,0,0,"-33.080257215641, -60.573563503962",Ruta,21,PUEBLO ESTHER,Rosario,Hormigón,S/D,II,S/D,Urbana,S/D,S/D,Intersección,S/D,S/D,S/D,Buen Tiempo,S/D,S/D,S/D,S/D,S/D,S/D,S/D
2018,8058,2018-10-10,Miercoles,0,16:20:00,,0.0,2,"Peatón,Vehículo Oficial",Entre Rios 1300,2,1,0,0,0,1,0,"-32.95225,-60.642555555556",Calle,,ROSARIO,Rosario,Asfalto,No existe,II,S/D,Urbana,Ninguna,No existe,Recta,S/D,S/D,Diurna,S/D,S/D,Peatón,Atropello,Ninguna,S/D,Ninguna,Sin restricción
2018,8059,2018-10-21,Domingo,0,15:00:00,,0.0,2,"Taxi/Remis,Automóvil",San Jeronimo Y Monse?or Zaspe,3,2,0,0,1,0,0,"-31.655611111111,-60.710611111111",Calle,,SANTA FE,La Capital,Asfalto,No existe,I,Dentro,Urbana,Ninguna,No existe,Intersección,Bueno,Buena,Diurna,Buen Tiempo,Frontal,S/D,Colisión,Otro,Vertical,Ninguna,Sin restricción
2018,8060,2018-10-05,Viernes,0,16:50:00,,0.0,2,"Moto/Ciclomotor,Moto/Ciclomotor",Av. Ovidio Lagos Y Santa Fe,2,1,1,0,0,0,0,"-32.940888888889,-60.661111111111",Avenida,,ROSARIO,Rosario,Asfalto,No existe,II,Dentro,Urbana,S/D,S/D,Intersección,Bueno,Buena,Diurna,Buen Tiempo,Lateral,S/D,Colisión,S/D,S/D,Ninguna,Sin restricción