anio_acci,nro_acci,fecha,desc_dia,fecha_aprox,hora_aprox,desc_ruta,km,cant_participantes,desc_participante,calle_avenida_km,total,heridos_leves,heridos_graves,heridos_gravisimos,ilesos,fallecidos,sin_datos,posicion_XY,desc_tipo_via,desc_ruta_ori,desc_loc,desc_dpto,desc_tipo_calzada,desc_tipo_banquina,desc_unidad_regional,desc_lugar_calzada,desc_zona,desc_prioridad,desc_estado_semaforo,desc_lugar_via,desc_estado_via,desc_estado_visibilidad,desc_luminosidad,desc_estado_clima,desc_tipo_colision,desc_tipo_atropello,desc_tipo_hecho,desc_pres_calzada,desc_senializacion,desc_separacion_via,desc_restriccion
2018,8061,2018-10-09,Martes,0,09:45:00,,0.0,2,"Automóvil,Automóvil",Italia Y Ituzaingo,3,1,0,0,2,0,0,"-32.958972222222,-60.651472222222",Calle,,ROSARIO,Rosario,Asfalto,No existe,II,S/D,Urbana,S/D,S/D,Intersección,S/D,S/D,Diurna,S/D,S/D,S/D,Colisión,S/D,S/D,S/D,Sin restricción
2018,8062,2018-10-21,Domingo,0,03:30:00,,0.0,2,"Automóvil,Moto/Ciclomotor",Talcahuano Y Espora,2,1,0,0,1,0,0,"-31.608583333333,-60.670111111111",Avenida,,SANTA FE,La Capital,S/D,S/D,I,Dentro,Urbana,Ninguna,S/D,S/D,S/D,Reducida,S/D,Buen Tiempo,Lateral,S/D,Colisión,Otro,S/D,Ninguna,Sin restricción
2018,8063,2018-10-05,Viernes,0,18:30:00,,0.0,2,"Moto/Ciclomotor,Automóvil",San Nicolas Y Tucuman,2,1,0,0,1,0,0,"-32.935638888889,-60.671166666667",Calle,,ROSARIO,Rosario,Asfalto,No existe,II,Dentro,Urbana,Señal Pare,No existe,Intersección,Bueno,Buena,Diurna,Buen Tiempo,De alcance,S/D,Colisión,Ninguna,S/D,Ninguna,Sin restricción
2018,8064,2018-10-09,Martes,0,12:30:00,,0.0,2,"Moto/Ciclomotor,Automóvil",Bv. Oro?o 100,2,1,0,0,1,0,0,"-32.935527777778,-60.651361111111",Avenida,,ROSARIO,Rosario,Asfalto,No existe,II,Dentro,Urbana,Ninguna,No existe,Recta,Bueno,Buena,Diurna,Buen Tiempo,Lateral,S/D,Colisión,Ninguna,Faltante,Cordón divisorio,Sin restricción
2018,8065,2018-10-05,Viernes,0,14:50:00,,0.0,2,"Pickup/Utilitario,Transporte de Pasajeros Urbano (> 8 asientos)",Suipacha Y Urquiza,8,6,0,0,2,0,0,"-32.938305555556,-60.663305555556",Calle,,ROSARIO,Rosario,Asfalto,No existe,II,Dentro,Urbana,S/D,S/D,Intersección,Bueno,Buena,Diurna,Buen Tiempo,De alcance,S/D,Colisión,Ninguna,S/D,Ninguna,Sin restricción
2018,8066,2018-10-21,Domingo,0,05:00:00,,0.0,1,Automóvil,25 de Mayo Y Hipolito Yrigoyen,2,1,0,0,1,0,0,"-31.642361111111,-60.704583333333",Calle,,SANTA FE,La Capital,Asfalto,No existe,I,Dentro,Urbana,Ninguna,No existe,Recta,Bueno,Buena,Nocturna,Otro,Frontal,S/D,Despiste,Ninguna,Vertical,Ninguna,Sin restricción
2018,8067,2018-10-11,Jueves,0,09:00:00,,0.0,2,"Moto/Ciclomotor,Taxi/Remis",Dorrego Y San Lorenzo,2,1,0,0,1,0,0,"-32.942138888889,-60.648666666667",Calle,,ROSARIO,Rosario,Asfalto,No existe,II,Dentro,Urbana,Señal Pare,No existe,Intersección,Bueno,Buena,Diurna,Lluvia,De alcance,S/D,Colisión,Ninguna,Vertical,Ninguna,Sin restricción
2018,8068,2018-10-21,Domingo,0,18:00:00,,0.0,2,"Moto/Ciclomotor,Peatón",Pje Santa Fe 2300,2,1,0,0,1,0,0,"-32.91689, -60.81865",Calle,,SANTA FE,La Capital,S/D,No existe,I,S/D,Urbana,Ninguna,No existe,Intersección,Otro,Reducida,Diurna,Buen Tiempo,S/D,Peatón,Atropello,Ninguna,S/D,Ninguna,Sin restricción
2018,8069,2018-10-21,Domingo,0,16:45:00,,0.0,2,"Automóvil,Moto/Ciclomotor",Calle 19 Y Calle 10,2,1,0,0,1,0,0,"-29.121694444444,-59.660555555556",Calle,,AVELLANEDA,General Obligado,Asfalto,S/D,IX,Dentro,Urbana,S/D,S/D,Intersección,S/D,S/D,Diurna,S/D,De alcance,S/D,Colisión,S/D,S/D,S/D,S/D
2018,8070,2018-10-05,Viernes,0,16:20:00,,0.0,2,"Pickup/Utilitario,Moto/Ciclomotor",San Luis Y Laprida,3,2,0,0,1,0,0,"-32.949777777778,-60.634611111111",Calle,,ROSARIO,Rosario,S/D,S/D,II,S/D,Urbana,S/D,S/D,Intersección,S/D,S/D,Diurna,S/D,S/D,S/D,Colisión,S/D,S/D,Ninguna,S/D
2018,8071,2018-10-21,Domingo,0,01:00:00,,0.0,2,"Moto/Ciclomotor,Automóvil",Las Heras Y Paso de los Andes,3,1,0,0,2,0,0,"-32.47046, -61.57895",Calle,,LAS ROSAS,Belgrano,Asfalto,No existe,III,S/D,Urbana,Ninguna,No existe,Rotonda,Bueno,Buena,"Nocturna,Con luz artificial",Buen Tiempo,Frontal,S/D,Colisión,Ninguna,Horizontal,Ninguna,Sin restricción
2018,8072,2018-10-09,Martes,0,16:15:00,,0.0,2,"Moto/Ciclomotor,Vehículo Oficial",Junin Y Iguazu,3,1,0,0,2,0,0,"-32.9268, -60.68584",Calle,,ROSARIO,Rosario,Asfalto,No existe,II,Dentro,Urbana,Semáforo,Funciona,Recta,Bueno,Buena,Diurna,Buen Tiempo,Lateral,S/D,Colisión,Ninguna,Vertical,Ninguna,Sin restricción
2018,8073,2018-10-05,Viernes,0,22:30:00,,0.0,2,"Pickup/Utilitario,Peatón",Cazadores 2300,2,0,2,0,0,0,0,"-33.004527777778,-60.666194444444",Calle,,ROSARIO,Rosario,Asfalto,No existe,II,Dentro,Urbana,Ninguna,No existe,Recta,S/D,Reducida,"Nocturna,Con luz artificial",S/D,S/D,Peatón,Atropello,S/D,Faltante,S/D,S/D
2018,8074,2018-10-21,Domingo,0,07:30:00,,0.0,2,"Moto/Ciclomotor,Moto/Ciclomotor",Mitre B Y Presbitero Jose Houriet,3,3,0,0,0,0,0,"-29.461916666667,-60.21475",Calle,,VERA,Vera,Asfalto,No existe,XIX,S/D,Urbana,S/D,No existe,Recta,Bueno,Buena,Diurna,S/D,S/D,S/D,S/D,Ninguna,Faltante,S/D,S/D
2018,8075,2018-10-05,Viernes,0,19:50:00,,0.0,2,"Moto/Ciclomotor,Automóvil",Bv. Segui Y Castellanos,4,1,1,0,2,0,0,"-32.972472222222,-60.683277777778",Calle,,ROSARIO,Rosario,Asfalto,No existe,II,Dentro,Urbana,S/D,S/D,Intersección,Bueno,S/D,"Nocturna,Con luz artificial",S/D,Lateral,S/D,Colisión,S/D,S/D,Cordón divisorio,S/D
2018,8076,2018-10-10,Miercoles,0,14:50:00,,0.0,2,"Moto/Ciclomotor,Moto/Ciclomotor", ,2,0,2,0,0,0,0,"-32.92917, -60.66182",Avenida,,ROSARIO,Rosario,Asfalto,No existe,II,Dentro,Urbana,Ninguna,No existe,Curva,Bueno,Buena,Diurna,Buen Tiempo,De alcance,Peatón,Atropello,Ninguna,Faltante,Ninguna,Sin restricción
2018,8077,2018-10-21,Domingo,0,20:10:00,,0.0,2,"Automóvil,Automóvil",San Nicolas Y Av. Pte.Peron,3,1,0,0,2,0,0,"-32.956916666667,-60.676583333333",Avenida,,ROSARIO,Rosario,Asfalto,No existe,II,Dentro,Urbana,S/D,S/D,Intersección,Bueno,Buena,"Nocturna,Con luz artificial",Buen Tiempo,Lateral,S/D,Colisión,Ninguna,S/D,Ninguna,Sin restricción
2018,8078,2018-10-05,Viernes,0,14:15:00,,0.0,2,"Moto/Ciclomotor,Automóvil",Rio De Janeiro Y Garay,2,0,1,0,1,0,0,"-32.966888888889,-60.687583333333",Calle,,ROSARIO,Rosario,Asfalto,No existe,II,S/D,Urbana,S/D,S/D,Intersección,S/D,Buena,Diurna,S/D,S/D,S/D,Colisión,S/D,S/D,S/D,S/D
2018,8079,2018-10-21,Domingo,0,14:25:00,,0.0,2,"Moto/Ciclomotor,Automóvil",Zavalia Y Bolivar,7,5,0,0,2,0,0,"-31.665138888889,-60.722555555556",Calle,,SANTA FE,La Capital,Asfalto,S/D,I,S/D,Urbana,Ninguna,No existe,Intersección,Bueno,Buena,Diurna,Buen Tiempo,Lateral,S/D,Colisión,Ninguna,Faltante,Ninguna,Sin restricción
2018,8080,2018-10-05,Viernes,0,08:20:00,,0.0,2,"Bicicleta,Automóvil",20 de Junio Y Alvear,5,1,0,0,1,0,3,"-33.024444444444,-60.611138888889",Calle,,VILLA GOBERNADOR GÁLVEZ,Rosario,Asfalto,No existe,II,Dentro,Urbana,Ninguna,No existe,Intersección,Bueno,Buena,Diurna,Buen Tiempo,Lateral,Ciclista,Atropello,Ninguna,Faltante,Ninguna,Sin restricción
2018,8081,2018-10-21,Domingo,0,19:30:00,,0.0,2,"Automóvil,Bicicleta",EL JILGUERO Y BV. SEGUI,2,1,0,0,1,0,0,"-32.96937, -60.73797",Calle,,ROSARIO,Rosario,Asfalto,No existe,II,Dentro,Urbana,Ninguna,No existe,Intersección,Bueno,Buena,"Atardecer,Con luz artificial",Buen Tiempo,S/D,Ciclista,Atropello,Ninguna,Faltante,Ninguna,Sin restricción
2018,8082,2018-10-05,Viernes,0,23:25:00,,0.0,1,Moto/Ciclomotor,Av Dr Caminos 700,1,1,0,0,0,0,0,"-32.355557381328, -60.9413576732451",Avenida,,MONJE,San Jerónimo,Asfalto,Pavimento,XV,Dentro,Urbana,Ninguna,No existe,Recta,Bueno,Buena,Nocturna,Buen Tiempo,Atropello animal,S/D,Caída ocupante,Ninguna,Faltante,Línea divisoria pintada,Sin restricción
2018,8083,2018-10-10,Miercoles,0,10:50:00,,0.0,1,Bicicleta,3 De Febrero Y Paraguay,1,1,0,0,0,0,0,"-32.95175,-60.645333333333",Calle,,ROSARIO,Rosario,Asfalto,No existe,II,Dentro,Urbana,Ninguna,No existe,Recta,S/D,Buena,Diurna,S/D,Contra objeto fijo,S/D,"Caída ocupante,Colisión",Ninguna,S/D,Ninguna,Sin restricción
2018,8084,2018-10-05,Viernes,0,13:00:00,,0.0,2,"Automóvil,Moto/Ciclomotor",Av Blas Parera Y Lavaisse,2,0,0,0,0,0,2,"-31.607916666667,-60.719666666667",Avenida,,SANTA FE,La Capital,Asfalto,No existe,I,Dentro,Urbana,Semáforo,Funciona,Intersección,Bueno,Buena,Diurna,Buen Tiempo,Lateral,S/D,Colisión,S/D,S/D,S/D,Sin restricción
2018,8085,2018-10-21,Domingo,0,12:20:00,,0.0,2,"Automóvil,Moto/Ciclomotor",J J Passo Y Santiago del Estero,2,1,0,0,0,0,1,"-32.741166666667,-60.742555555556",S/D,,SAN LORENZO,San Lorenzo,S/D,S/D,XVII,S/D,S/D,S/D,S/D,S/D,S/D,S/D,S/D,S/D,S/D,S/D,S/D,S/D,S/D,S/D,S/D
2018,8086,2018-10-05,Viernes,0,20:45:00,,0.0,2,"Pickup/Utilitario,Moto/Ciclomotor",Av Blas Parera 5600,2,0,0,0,0,0,2,"-31.611944444444,-60.718361111111",Avenida,,SANTA FE,La Capital,"Asfalto,Hormigón",No existe,I,S/D,Urbana,Otra Señal,No existe,Recta,Bueno,Reducida,Nocturna,Buen Tiempo,Lateral,S/D,Colisión,S/D,S/D,"Cordón divisorio,Vegetación",Sin restricción
2018,8087,2018-10-13,Sabado,0,23:30:00,,0.0,2,"Moto/Ciclomotor,Automóvil",Bv. Oro?o Y Lugones,2,1,0,0,1,0,0,"-32.958166666667,-60.656944444444",Avenida,,ROSARIO,Rosario,Asfalto,No existe,II,Dentro,Urbana,Ninguna,No existe,Intersección,Bueno,Buena,"Nocturna,Con luz artificial",Buen Tiempo,Lateral,S/D,Colisión,Ninguna,Faltante,Ninguna,Sin restricción
2018,8088,2018-10-05,Viernes,0,21:30:00,,0.0,2,"Camión Chasis,Moto/Ciclomotor",Av Pe?aloza Y Martin Zapata,2,0,0,0,0,0,2,"-31.616916666667,-60.713361111111",Avenida,,SANTA FE,La Capital,Asfalto,No existe,I,Dentro,Urbana,Semáforo,Funciona,Intersección,Bueno,Reducida,Nocturna,Buen Tiempo,Lateral,S/D,Colisión,S/D,"Horizontal,Vertical","Cordón divisorio,Vegetación",Sin restricción
2018,8089,2018-10-13,Sabado,0,,,0.0,2,"Moto/Ciclomotor,Camión",Saavedra ,2,1,0,0,1,0,0,"-32.940888888889,-60.661111111111",Calle,,ROSARIO,Rosario,Asfalto,No existe,II,Dentro,Urbana,S/D,S/D,Intersección,Bueno,Buena,Amanecer,Buen Tiempo,Lateral,S/D,Colisión,Ninguna,S/D,Ninguna,Sin restricción
2018,8090,2018-10-21,Domingo,0,17:45:00,,0.0,2,"Moto/Ciclomotor,Automóvil",3 de Febrero Y J J Passo,2,1,0,0,0,0,1,"-32.743888888889,-60.742611111111",S/D,,SAN LORENZO,San Lorenzo,S/D,S/D,XVII,S/D,S/D,S/D,S/D,S/D,S/D,S/D,S/D,S/D,S/D,S/D,S/D,S/D,S/D,S/D,S/D
2018,8091,2018-10-21,Domingo,0,01:05:00,,0.0,2,"Automóvil,Moto/Ciclomotor",Av San Martin Y L N Alem,4,1,0,0,1,0,2,"-32.739277777778,-60.733916666667",S/D,,SAN LORENZO,San Lorenzo,S/D,S/D,XVII,S/D,Urbana,S/D,S/D,S/D,S/D,S/D,S/D,S/D,S/D,S/D,S/D,S/D,S/D,S/D,S/D
2018,8092,2018-10-05,Viernes,0,16:30:00,,0.0,2,"Moto/Ciclomotor,Automóvil",Finlandia Y Suiza,2,1,0,0,1,0,0,"-31.729542250510, -60.811975509182",Calle,,SAUCE VIEJO,La Capital,Ripio,Natural,I,Dentro,Urbana,Ninguna,No existe,Intersección,Bueno,Buena,Diurna,Buen Tiempo,Frontal,S/D,Colisión,Ninguna,Faltante,Ninguna,Sin restricción
2018,8093,2018-10-12,Viernes,0,10:55:00,,0.0,2,"Moto/Ciclomotor,Automóvil",Tucuman Y Av. Francia,2,1,0,0,1,0,0,"-32.936916666667,-60.664222222222",Avenida,,ROSARIO,Rosario,Asfalto,No existe,II,Dentro,Urbana,Ninguna,S/D,Intersección,Bueno,Buena,Diurna,Buen Tiempo,De alcance,S/D,Colisión,Ninguna,S/D,Ninguna,Sin restricción
2018,8094,2018-10-05,Viernes,0,20:30:00,Autopista Provincial Brigadier E.López,136.0,1,Automóvil, ,1,1,0,0,0,0,0,"-31.63364, -60.77806",Autopista,Brigadier E.López,SAUCE VIEJO,La Capital,Asfalto,Natural,I,Dentro,S/D,Ninguna,S/D,Recta,Bueno,Reducida,Nocturna,Buen Tiempo,S/D,S/D,Despiste,Ninguna,"Horizontal,Vertical",S/D,Sin restricción
2018,8095,2018-10-07,Domingo,0,05:10:00,,0.0,2,"Peatón,Automóvil",Cafferata ,2,1,0,0,0,0,1,"-32.939166666667,-60.670638888889",Calle,,ROSARIO,Rosario,Asfalto,No existe,II,Dentro,Urbana,S/D,S/D,Intersección,Bueno,Buena,Amanecer,Buen Tiempo,S/D,Peatón,Atropello,Ninguna,S/D,Ninguna,Sin restricción
2018,8096,2018-10-21,Domingo,0,16:00:00,,0.0,2,"Pickup/Utilitario,Moto/Ciclomotor",Laprida Y Ocampo,2,1,0,0,1,0,0,"-32.817611111111,-61.40325",Calle,,CAÑADA DE GÓMEZ,Iriondo,Asfalto,No existe,X,S/D,Urbana,Ninguna,No existe,Intersección,Bueno,S/D,S/D,Lluvia,Lateral,S/D,Colisión,Agua,Vertical,S/D,Sin restricción
2018,8097,2018-10-05,Viernes,0,21:35:00,,0.0,2,"Moto/Ciclomotor,Automóvil",Ruta Nac 11 Av Grl Lopez Y Brasil,2,1,0,0,1,0,0,"-31.773999931588, -60.842372544697",Avenida,,SAUCE VIEJO,La Capital,Asfalto,Natural,I,Dentro,Urbana,Ninguna,No existe,Recta,Bueno,Buena,Nocturna,Buen Tiempo,Lateral,S/D,Colisión,Ninguna,"Horizontal,Vertical",Línea divisoria pintada,Sin restricción
2018,8098,2018-10-13,Sabado,0,05:50:00,,0.0,2,"Taxi/Remis,Automóvil",Bv. Oro?o Y Salta,2,1,0,0,1,0,0,"-32.936722222222,-60.651666666667",Avenida,,ROSARIO,Rosario,Asfalto,No existe,II,Dentro,Urbana,Ninguna,No existe,Recta,Bueno,Buena,"Amanecer,Con luz artificial",Buen Tiempo,De alcance,S/D,Colisión,Ninguna,Faltante,Cordón divisorio,Sin restricción
2018,8099,2018-10-21,Domingo,0,11:50:00,,0.0,2,"Moto/Ciclomotor,Automóvil",ROULLON Y CISNEROS,4,2,0,0,2,0,0,"-32.97854, -60.70058",Calle,,ROSARIO,Rosario,Asfalto,No existe,II,S/D,Urbana,Ninguna,No existe,Intersección,Bueno,Buena,Diurna,Buen Tiempo,Otro,S/D,Colisión,Ninguna,Faltante,Ninguna,Sin restricción
2018,8100,2018-10-05,Viernes,0,16:30:00,Ruta Provincial 91,36.0,2,"Automóvil,Automóvil", ,2,2,0,0,0,0,0,"-32.57751, -61.19972",Ruta,91,TOTORAS,Iriondo,Asfalto,Natural,X,Dentro,Rural,Señal Pare,No existe,Cruce,Bueno,Buena,Diurna,Buen Tiempo,Lateral,S/D,Colisión,Otro,Vertical,Cordón divisorio,Sin restricción
2018,8101,2018-10-21,Domingo,0,13:10:00,,0.0,2,"Automóvil,Moto/Ciclomotor",Juan B.De La Salle Y Nicaragua,2,1,0,0,1,0,0,"-32.922722222222,-60.7215",Calle,,ROSARIO,Rosario,Asfalto,No existe,II,Dentro,Urbana,Ninguna,No existe,Intersección,Bueno,S/D,Diurna,Buen Tiempo,S/D,S/D,Colisión,Ninguna,S/D,Ninguna,Sin restricción
2018,8102,2018-10-05,Viernes,0,21:30:00,,0.0,2,"Pickup/Utilitario,Moto/Ciclomotor",Necochea Y Quintana,2,1,0,0,1,0,0,"-32.814555555556,-61.399694444444",Calle,,CAÑADA DE GÓMEZ,Iriondo,Asfalto,No existe,X,Dentro,Urbana,Ninguna,No existe,Intersección,Bueno,Buena,"Nocturna,Con luz artificial",Buen Tiempo,Frontal,S/D,Colisión,S/D,S/D,Ninguna,Sin restricción
2018,8103,2018-10-21,Domingo,0,08:30:00,,0.0,2,"Moto/Ciclomotor,Pickup/Utilitario",Mitre Y Amenabar,2,1,0,0,0,0,1,"-32.971944444444,-60.646027777778",Calle,,ROSARIO,Rosario,S/D,S/D,II,Dentro,Urbana,S/D,S/D,Intersección,S/D,S/D,Amanecer,S/D,S/D,S/D,S/D,S/D,S/D,S/D,S/D
2018,8104,2018-10-05,Viernes,0,11:10:00,,0.0,2,"Automóvil,Moto/Ciclomotor",Bv. Balcarce Y Laprida,3,1,0,0,2,0,0,"-32.820222222222,-61.403861111111",Calle,,CAÑADA DE GÓMEZ,Iriondo,Asfalto,No existe,X,S/D,Urbana,Ninguna,No existe,Intersección,Bueno,Buena,Diurna,Buen Tiempo,Lateral,S/D,Colisión,S/D,S/D,Ninguna,Sin restricción
2018,8105,2018-10-21,Domingo,0,17:20:00,,0.0,2,"Peatón,Moto/Ciclomotor",Bv. Avellaneda Y Amenabar,2,1,0,0,1,0,0,"-32.964833333333,-60.68575",Avenida,,ROSARIO,Rosario,Asfalto,No existe,II,Dentro,Urbana,S/D,No existe,Intersección,S/D,Buena,Diurna,S/D,S/D,Peatón,Atropello,S/D,S/D,Cordón divisorio,S/D
2018,8106,2018-10-21,Domingo,0,06:05:00,,0.0,2,"Automóvil,Automóvil",Bv. Oro?o Y Bv. Segui,4,1,1,0,2,0,0,"-32.976444444444,-60.661722222222",Calle,,ROSARIO,Rosario,Asfalto,No existe,II,Dentro,Urbana,Ninguna,Funciona,Recta,Bueno,Buena,Amanecer,Buen Tiempo,De alcance,S/D,Colisión,Ninguna,Vertical,Ninguna,Sin restricción
2018,8107,2018-10-11,Jueves,0,17:00:00,,0.0,2,"Automóvil,Moto/Ciclomotor",Mariano Moreno Y Montevideo,2,1,0,0,1,0,0,"-32.953916666667,-60.653027777778",Calle,,ROSARIO,Rosario,S/D,S/D,II,Dentro,Urbana,S/D,No existe,Intersección,S/D,S/D,Diurna,Lluvia,S/D,S/D,Colisión,Agua,S/D,S/D,S/D
2018,8108,2018-10-05,Viernes,0,15:00:00,,0.0,2,"Moto/Ciclomotor,Automóvil",Calle 14 Y Avenida 13,2,1,0,0,1,0,0,"-32.684530977784, -61.520983166053",Calle,,LAS PAREJAS,Belgrano,Asfalto,Natural,III,S/D,Urbana,Ninguna,No existe,Intersección,Bueno,Buena,Diurna,Buen Tiempo,De alcance,S/D,Colisión,Ninguna,Faltante,Ninguna,Sin restricción
2018,8109,2018-10-21,Domingo,0,07:20:00,,0.0,2,"Pickup/Utilitario,Automóvil",San Nicolas Y Cordoba,2,1,0,0,1,0,0,"-32.940333333333,-60.672361111111",Calle,,ROSARIO,Rosario,S/D,S/D,II,Dentro,Urbana,S/D,S/D,Intersección,S/D,S/D,Diurna,S/D,S/D,S/D,Colisión,S/D,S/D,S/D,S/D
2018,8110,2018-10-05,Viernes,0,14:40:00,,0.0,2,"Moto/Ciclomotor,Pickup/Utilitario",Laprida 200,2,1,0,0,1,0,0,"-31.447333333333,-60.914055555556",Calle,,ESPERANZA,Las Colonias,"Asfalto,Ripio",No existe,XI,Dentro,Urbana,Ninguna,No existe,Intersección,Bueno,Buena,Diurna,Buen Tiempo,Frontal,S/D,Colisión,Ninguna,Faltante,Ninguna,Sin restricción
2018,8111,2018-10-10,Miercoles,0,19:10:00,,0.0,2,"Peatón,Automóvil",Pte.Roca 676,2,1,0,0,1,0,0,"-32.943611111111,-60.644722222222",Calle,,ROSARIO,Rosario,S/D,S/D,II,Dentro,Urbana,S/D,S/D,Recta,S/D,S/D,S/D,S/D,S/D,Peatón,Atropello,S/D,S/D,S/D,S/D
2018,8112,2018-10-05,Viernes,0,10:05:00,Ruta Provincial 70,27.0,2,"Camión c / Acoplado,Camión c / Acoplado", ,2,1,0,0,1,0,0,"-31.425647038795, -60.995221040868",Ruta,70,ESPERANZA,Las Colonias,Asfalto,Natural,XI,Dentro,Rural,Ninguna,No existe,Recta,Bueno,S/D,Diurna,Buen Tiempo,De alcance,S/D,Colisión,Ninguna,Faltante,Línea divisoria pintada,Sin restricción
2018,8113,2018-10-13,Sabado,0,21:20:00,Ruta Provincial 2,23.0,1,Automóvil,Ruta Pcial. 2 ,1,1,0,0,0,0,0,"-31.34446, -60.66049",Ruta,2,ARROYO AGUIAR,La Capital,Asfalto,No existe,II,Fuera,Rural,Ninguna,No existe,Recta,Bueno,Reducida,Nocturna,Buen Tiempo,Otro,S/D,Despiste,Ninguna,Faltante,Línea divisoria pintada,Sin restricción
2018,8114,2018-10-05,Viernes,0,20:30:00,,0.0,2,"Automóvil,Moto/Ciclomotor",San Nicolas Y Soldado Aguirre,2,1,0,0,1,0,0,"-33.029361111111,-60.639777777778",Calle,,VILLA GOBERNADOR GÁLVEZ,Rosario,Asfalto,Pavimento,II,S/D,Urbana,Ninguna,No existe,Intersección,Con baches,Buena,Nocturna,Buen Tiempo,S/D,S/D,Colisión,Ninguna,Faltante,Ninguna,Sin restricción
2018,8115,2018-10-05,Viernes,0,16:10:00,,0.0,2,"Moto/Ciclomotor,Automóvil",Balcarce Y Av Gral San Martin,2,1,0,0,1,0,0,"-33.023,-60.627777777778",Calle,,VILLA GOBERNADOR GÁLVEZ,Rosario,Asfalto,No existe,II,Dentro,Urbana,Ninguna,No existe,Intersección,Bueno,Buena,Diurna,Buen Tiempo,Lateral,S/D,Colisión,Ninguna,Faltante,Ninguna,Sin restricción
2018,8116,2018-10-05,Viernes,0,07:30:00,,0.0,2,"Moto/Ciclomotor,Automóvil",Eva Peron Y Iglesias,2,0,1,0,1,0,0,"-33.024472222222,-60.620916666667",Calle,,VILLA GOBERNADOR GÁLVEZ,Rosario,Asfalto,No existe,II,Dentro,Urbana,Ninguna,Funciona,Intersección,Bueno,Buena,Diurna,Buen Tiempo,Frontal,S/D,Colisión,Ninguna,Faltante,Ninguna,Sin restricción
2018,8117,2018-10-29,Lunes,0,14:30:00,,0.0,2,"Automóvil,Bicicleta",Av A del Valle Y Almonacid,2,2,0,0,0,0,0,"-31.584444444444,-60.711444444444",Avenida,,SANTA FE,La Capital,S/D,No existe,I,Dentro,Urbana,Ninguna,No existe,Intersección,Otro,Reducida,Diurna,Otro,Otro,Ciclista,Atropello,Otro,Faltante,Ninguna,Sin restricción
2018,8118,2018-10-29,Lunes,0,12:45:00,,0.0,2,"Moto/Ciclomotor,Automóvil",Santiago Y Rioja,3,1,0,0,2,0,0,"-32.944361111111,-60.656305555556",Calle,,ROSARIO,Rosario,S/D,S/D,II,S/D,Urbana,S/D,S/D,Intersección,S/D,S/D,Diurna,S/D,S/D,S/D,Colisión,S/D,S/D,S/D,S/D
2018,8119,2018-10-13,Sabado,0,13:00:00,,0.0,2,"Pickup/Utilitario,Moto/Ciclomotor",San Lorenzo 157,3,2,0,0,1,0,0,"-32.89894, -60.89858",Calle,,ROLDÁN,San Lorenzo,Asfalto,Natural,XVII,Dentro,Urbana,Ninguna,No existe,Recta,Bueno,Buena,Diurna,Buen Tiempo,Lateral,S/D,Colisión,Ninguna,Faltante,Ninguna,Sin restricción
2018,8120,2018-10-29,Lunes,0,13:55:00,,0.0,2,"Moto/Ciclomotor,Otros",Las Heras Y Agustin Delgado,3,2,0,0,0,0,1,"-31.622111111111,-60.693305555556",Calle,,SANTA FE,La Capital,Hormigón,Natural,I,S/D,Urbana,Paso Peatonal,No existe,Plaza,Otro,Buena,Diurna,Buen Tiempo,Frontal,S/D,Colisión,Ninguna,S/D,Ninguna,Sin restricción
2018,8121,2018-10-29,Lunes,0,12:05:00,,0.0,2,"Taxi/Remis,Moto/Ciclomotor",9 De Julio Y Alsina,3,1,0,0,2,0,0,"-32.946972222222,-60.678305555556",Calle,,ROSARIO,Rosario,Asfalto,S/D,II,S/D,Urbana,Señal Pare,No existe,Intersección,Con baches,S/D,Diurna,S/D,S/D,S/D,Colisión,S/D,S/D,S/D,S/D
2018,8122,2018-10-12,Viernes,0,15:00:00,,0.0,2,"Automóvil,Transporte de Pasajeros Urbano (> 8 asientos)",Maipu Y Bv. 27 De Febrero,2,1,0,0,1,0,0,"-32.968,-60.640722222222",Avenida,,ROSARIO,Rosario,S/D,S/D,II,Dentro,Urbana,S/D,Funciona,Intersección,Bueno,Buena,Diurna,S/D,S/D,S/D,Colisión,Ninguna,S/D,S/D,Sin restricción
2018,8123,2018-10-15,Lunes,0,22:10:00,,0.0,2,"Automóvil,Moto/Ciclomotor",Bv. 27 De Febrero Y Rodriguez,3,2,0,0,1,0,0,"-32.964055555556,-60.664111111111",Calle,,ROSARIO,Rosario,S/D,S/D,II,S/D,Urbana,Ninguna,S/D,Intersección,S/D,S/D,Nocturna,S/D,S/D,S/D,Colisión,S/D,S/D,S/D,S/D
2018,8125,2018-10-14,Domingo,0,16:55:00,,0.0,2,"Moto/Ciclomotor,Vehículo Oficial",Balcarce Y 3 De Febrero,3,2,0,0,1,0,0,"-32.950305555556,-60.653555555556",Calle,,ROSARIO,Rosario,Asfalto,S/D,II,Dentro,Urbana,Ninguna,S/D,Intersección,S/D,S/D,Diurna,S/D,S/D,S/D,Colisión,S/D,S/D,S/D,Sin restricción
2018,8126,2018-10-22,Lunes,0,11:00:00,,0.0,2,"Moto/Ciclomotor,Automóvil",B de Tucuman Y Av Iriondo,2,1,0,0,0,0,1,"-30.787333333333,-60.592138888889",Avenida,,SAN JUSTO,San Justo,Asfalto,No existe,XVI,S/D,Urbana,Semáforo,Funciona,Intersección,Bueno,Buena,Diurna,Buen Tiempo,Lateral,S/D,Colisión,Ninguna,Faltante,Ninguna,Sin restricción