anio_acci,nro_acci,fecha,desc_dia,fecha_aprox,hora_aprox,desc_ruta,km,cant_participantes,desc_participante,calle_avenida_km,total,heridos_leves,heridos_graves,heridos_gravisimos,ilesos,fallecidos,sin_datos,posicion_XY,desc_tipo_via,desc_ruta_ori,desc_loc,desc_dpto,desc_tipo_calzada,desc_tipo_banquina,desc_unidad_regional,desc_lugar_calzada,desc_zona,desc_prioridad,desc_estado_semaforo,desc_lugar_via,desc_estado_via,desc_estado_visibilidad,desc_luminosidad,desc_estado_clima,desc_tipo_colision,desc_tipo_atropello,desc_tipo_hecho,desc_pres_calzada,desc_senializacion,desc_separacion_via,desc_restriccion
2018,8127,2018-10-30,Martes,0,22:30:00,,0.0,2,"Automóvil,Moto/Ciclomotor",Av A del Valle Y Estanislao Zeballos,2,0,1,0,1,0,0,"-31.605861111111,-60.692888888889",Calle,,SANTA FE,La Capital,Asfalto,Pavimento,I,S/D,Urbana,Ninguna,Funciona,Intersección,Bueno,Buena,Nocturna,Buen Tiempo,Lateral,S/D,Colisión,S/D,S/D,Línea divisoria pintada,Sin restricción
2018,8128,2018-10-05,Viernes,0,,,0.0,2,"Automóvil,Moto/Ciclomotor",Gorriti Y Roullon Bis,3,2,0,0,1,0,0,"-32.924055555556,-60.702916666667",Calle,,ROSARIO,Rosario,S/D,S/D,II,S/D,Urbana,S/D,S/D,Intersección,S/D,S/D,S/D,S/D,Lateral,S/D,Colisión,S/D,S/D,S/D,S/D
2018,8129,2018-10-29,Lunes,0,15:15:00,,0.0,2,"Moto/Ciclomotor,Automóvil",Mariano Moreno 6400,2,0,1,0,1,0,0,"-33.012194444444,-60.6615",Calle,,ROSARIO,Rosario,Asfalto,S/D,II,S/D,Urbana,S/D,No existe,Recta,S/D,Buena,Diurna,S/D,S/D,S/D,Colisión,S/D,S/D,S/D,S/D
2018,8130,2018-10-29,Lunes,0,12:15:00,,0.0,2,"Automóvil,Automóvil",Gaboto Y Laprida,2,1,0,0,1,0,0,"-32.974027777778,-60.641027777778",Calle,,ROSARIO,Rosario,Asfalto,No existe,II,Dentro,Urbana,Marca Vial,No existe,Intersección,Bueno,Buena,Diurna,Buen Tiempo,Lateral,S/D,Colisión,Ninguna,Horizontal,Ninguna,Sin restricción
2018,8131,2018-10-22,Lunes,0,17:15:00,,0.0,1,Transporte de Pasajeros Urbano (> 8 asientos),Av Blas Parera Y Martin Zapata,2,1,0,0,0,0,1,"-31.615861111111,-60.717416666667",Avenida,,SANTA FE,La Capital,"Asfalto,Hormigón",No existe,I,Dentro,Urbana,Semáforo,Funciona,Intersección,Bueno,Buena,Diurna,Buen Tiempo,De alcance,S/D,Colisión,S/D,"Horizontal,Vertical","Cordón divisorio,Vegetación",Sin restricción
2018,8132,2018-10-05,Viernes,0,08:30:00,,0.0,2,"Automóvil,Moto/Ciclomotor",Bv. Segui Y Bv. Oro?o,3,1,0,0,2,0,0,"-32.976444444444,-60.661722222222",Calle,,ROSARIO,Rosario,Asfalto,S/D,II,S/D,Urbana,Ninguna,S/D,Intersección,Bueno,S/D,S/D,Buen Tiempo,Lateral,S/D,Colisión,Ninguna,Faltante,Ninguna,Sin restricción
2018,8133,2018-10-28,Domingo,0,06:10:00,,0.0,2,"Moto/Ciclomotor,Moto/Ciclomotor",Nicaragua Y Perez Bulnes,3,3,0,0,0,0,0,"-32.942666666667,-60.720583333333",Calle,,ROSARIO,Rosario,Asfalto,Pavimento,II,S/D,Urbana,Ninguna,S/D,Recta,S/D,S/D,"Diurna,Con luz artificial",S/D,S/D,S/D,Colisión,S/D,S/D,Ninguna,Sin restricción
2018,8134,2018-10-15,Lunes,0,03:00:00,,0.0,2,"Automóvil,Automóvil",Mitre Y Rioja,3,2,0,0,1,0,0,"-32.947388888889,-60.639861111111",Calle,,ROSARIO,Rosario,Asfalto,No existe,II,Dentro,Urbana,Ninguna,S/D,Intersección,S/D,S/D,Nocturna,S/D,S/D,S/D,Colisión,S/D,S/D,S/D,Sin restricción
2018,8135,2018-10-29,Lunes,0,18:50:00,,0.0,2,"Automóvil,Moto/Ciclomotor",Bv. 27 De Febrero 2700,2,1,0,0,1,0,0,"-32.96359,-60.66542",Avenida,,ROSARIO,Rosario,S/D,S/D,II,S/D,Urbana,S/D,S/D,Recta,S/D,S/D,Diurna,S/D,S/D,S/D,Colisión,S/D,S/D,S/D,S/D
2018,8136,2018-10-05,Viernes,0,10:20:00,,0.0,2,"Automóvil,Moto/Ciclomotor",San Nicolas Y 3 De Febrero,4,3,0,0,1,0,0,"-32.946666666667,-60.673944444444",Calle,,ROSARIO,Rosario,Asfalto,S/D,II,S/D,Urbana,S/D,S/D,Intersección,S/D,Buena,Diurna,S/D,S/D,S/D,Colisión,S/D,S/D,S/D,S/D
2018,8137,2018-10-30,Martes,0,12:00:00,,0.0,2,"Pickup/Utilitario,Moto/Ciclomotor",Santa Fe Y Chacabuco,2,1,0,0,1,0,0,"-31.304352955345, -60.654024984806",Calle,,LAGUNA PAIVA,La Capital,Asfalto,No existe,I,S/D,Urbana,Ninguna,No existe,Intersección,Bueno,Buena,Diurna,Buen Tiempo,Lateral,S/D,Colisión,Ninguna,Faltante,Ninguna,Sin restricción
2018,8138,2018-10-22,Lunes,0,11:45:00,,0.0,2,"Moto/Ciclomotor,Pickup/Utilitario",Rueda Y Colon,2,1,0,0,1,0,0,"-32.973305555556,-60.631722222222",Calle,,ROSARIO,Rosario,Asfalto,Pavimento,II,Dentro,Urbana,Ninguna,No existe,Intersección,Bueno,Buena,Diurna,Buen Tiempo,Lateral,S/D,Colisión,Ninguna,Faltante,S/D,Sin restricción
2018,8139,2018-10-30,Martes,0,14:15:00,,0.0,2,"Peatón,Pickup/Utilitario",San Juan Y Buenos Aires,2,0,1,0,1,0,0,"-32.951222222222,-60.633666666667",Calle,,ROSARIO,Rosario,S/D,S/D,II,S/D,Urbana,S/D,S/D,Intersección,S/D,S/D,S/D,S/D,S/D,Peatón,Atropello,S/D,S/D,S/D,S/D
2018,8140,2018-10-12,Viernes,0,22:30:00,,0.0,2,"Automóvil,Moto/Ciclomotor",Mendoza 4700,2,1,0,0,1,0,0,"-32.94275,-60.688583333333",Calle,,ROSARIO,Rosario,Asfalto,S/D,II,S/D,Urbana,S/D,S/D,Recta,S/D,S/D,Nocturna,S/D,S/D,S/D,Colisión,S/D,S/D,S/D,Sin restricción
2018,8141,2018-10-05,Viernes,0,17:30:00,,0.0,1,Transporte de Pasajeros Urbano (> 8 asientos),San Juan Y San Martin,3,1,0,0,2,0,0,"-32.950416666667,-60.637583333333",Calle,,ROSARIO,Rosario,S/D,S/D,II,S/D,Urbana,S/D,S/D,Intersección,S/D,S/D,Diurna,S/D,S/D,S/D,Caída ocupante,S/D,S/D,S/D,S/D
2018,8142,2018-10-22,Lunes,0,08:00:00,,0.0,2,"Automóvil,Automóvil",Bv. 27 de Febrero Bis Y Bv. Segui,3,1,0,0,2,0,0,"-32.980166666667,-60.640944444444",Calle,,ROSARIO,Rosario,Asfalto,S/D,II,Dentro,Urbana,Ninguna,Funciona,Intersección,S/D,Reducida,S/D,Lluvia,Lateral,S/D,Colisión,S/D,Vertical,Cordón divisorio,Sin restricción
2018,8143,2018-10-29,Lunes,0,09:15:00,,0.0,2,"Automóvil,Peatón",Cerrito Y Av. Corrientes,2,1,0,0,1,0,0,"-32.961111111111,-60.64625",Calle,,ROSARIO,Rosario,Asfalto,S/D,II,S/D,Urbana,Señal Pare,S/D,Intersección,Bueno,S/D,S/D,S/D,S/D,Peatón,Atropello,S/D,S/D,S/D,S/D
2018,8144,2018-10-30,Martes,0,14:10:00,,0.0,3,"Moto/Ciclomotor,Automóvil,Moto/Ciclomotor",Gregorio Donnet Y Nicolas Schneider,3,1,0,0,2,0,0,"-31.446111111111,-60.922611111111",Calle,,ESPERANZA,Las Colonias,Asfalto,No existe,XI,Dentro,Urbana,Ninguna,No existe,Recta,Bueno,Buena,Diurna,Buen Tiempo,Múltiple,S/D,Colisión,Ninguna,Faltante,Ninguna,Sin restricción
2018,8146,2018-10-12,Viernes,0,16:20:00,,0.0,2,"Peatón,Pickup/Utilitario",Jujuy Y Pte.Roca,2,1,0,0,1,0,0,"-32.937,-60.643055555556",Calle,,ROSARIO,Rosario,S/D,S/D,II,Dentro,Urbana,S/D,S/D,S/D,S/D,S/D,Diurna,S/D,S/D,Peatón,Atropello,S/D,S/D,S/D,S/D
2018,8147,2018-10-30,Martes,0,07:00:00,,0.0,2,"Automóvil,Moto/Ciclomotor",Aristobulo del Valle Y Rivadavia,2,1,0,0,1,0,0,"-31.438361111111,-60.925027777778",Calle,,ESPERANZA,Las Colonias,Asfalto,No existe,XI,S/D,Urbana,Ninguna,No existe,Intersección,Bueno,Buena,Diurna,Buen Tiempo,De alcance,S/D,Colisión,Ninguna,Vertical,Ninguna,Sin restricción
2018,8148,2018-10-05,Viernes,0,11:55:00,,0.0,2,"Bicicleta,Automóvil",Las Heras Y Ituzaingo,2,1,0,0,1,0,0,"-31.638666666667,-60.698166666667",Calle,,SANTA FE,La Capital,Asfalto,No existe,I,Dentro,Urbana,S/D,S/D,Intersección,Bueno,Buena,Diurna,Buen Tiempo,S/D,Ciclista,Atropello,Ninguna,S/D,S/D,Sin restricción
2018,8149,2018-10-22,Lunes,0,08:05:00,,0.0,3,"Peatón,Moto/Ciclomotor,Transporte de Pasajeros Urbano (> 8 asientos)",Juan Canals Y San Martin,3,2,0,0,1,0,0,"-32.989833333333,-60.646611111111",Calle,,ROSARIO,Rosario,Asfalto,No existe,II,Dentro,Urbana,Ninguna,No existe,Intersección,Bueno,Buena,Diurna,Buen Tiempo,Lateral,Peatón,Atropello,Ninguna,Faltante,Cordón divisorio,Sin restricción
2018,8150,2018-10-30,Martes,0,22:15:00,,0.0,2,"Automóvil,Bicicleta",Av. Pellegrini Y Bv. Avellaneda,2,1,0,0,1,0,0,"-32.949944444444,-60.682027777778",Avenida,,ROSARIO,Rosario,S/D,S/D,II,S/D,Urbana,S/D,S/D,Intersección,S/D,S/D,S/D,S/D,S/D,Ciclista,Atropello,S/D,S/D,S/D,S/D
2018,8151,2018-10-29,Lunes,0,01:45:00,,0.0,2,"Moto/Ciclomotor,Moto/Ciclomotor",Av San Martin 1500,2,0,0,1,1,0,0,"-32.78699,-60.72515",Avenida,,FRAY LUIS BELTRÁN,San Lorenzo,Asfalto,Pavimento,XVII,Dentro,Urbana,Ninguna,No existe,Recta,Bueno,Buena,Nocturna,Buen Tiempo,De alcance,S/D,Colisión,Ninguna,Faltante,Línea divisoria pintada,Sin restricción
2018,8152,2018-10-22,Lunes,0,17:55:00,,0.0,2,"Moto/Ciclomotor,Automóvil",Calle 5 Y Calle 18,2,1,0,0,1,0,0,"-29.114666666667,-59.654416666667",Calle,,AVELLANEDA,General Obligado,Asfalto,S/D,IX,Dentro,Urbana,S/D,S/D,Intersección,S/D,S/D,Diurna,S/D,Lateral,S/D,Colisión,S/D,S/D,S/D,S/D
2018,8153,2018-10-22,Lunes,0,18:30:00,,0.0,2,"Peatón,Automóvil",Venezuela Y Cordoba,2,0,1,0,1,0,0,"-32.822361111111,-60.712055555556",Calle,,CAPITÁN BERMÚDEZ,San Lorenzo,Asfalto,Pavimento,XVII,Dentro,Urbana,S/D,No existe,Intersección,Bueno,Buena,Atardecer,Buen Tiempo,S/D,Peatón,Atropello,Ninguna,Faltante,Ninguna,Sin restricción
2018,8154,2018-10-12,Viernes,0,13:20:00,,0.0,3,"Automóvil,Automóvil,Moto/Ciclomotor",E.Zeballos 2000,3,1,0,0,2,0,0,"-32.952777777778,-60.65275",Calle,,ROSARIO,Rosario,S/D,No existe,II,S/D,Urbana,Ninguna,S/D,Recta,S/D,S/D,Diurna,S/D,S/D,S/D,Colisión,S/D,S/D,S/D,Sin restricción
2018,8155,2018-10-28,Domingo,0,,Ruta Nacional Rosario -Cordoba,318.0,1,Automóvil, ,3,3,0,0,0,0,0,"-32.8996, -60.94209",Ruta,Rosario -Córdoba,ROLDÁN,San Lorenzo,Asfalto,Natural,XVII,S/D,Urbana,Ninguna,No existe,Curva,Con baches,Buena,Diurna,Buen Tiempo,S/D,S/D,Vuelco,Ninguna,Faltante,Guardarrail,Sin restricción
2018,8156,2018-10-22,Lunes,0,19:20:00,,0.0,2,"Automóvil,Automóvil",Bv. Wilde Y Tucuman,3,1,0,0,2,0,0,"-32.933277777778,-60.73875",Calle,,ROSARIO,Rosario,Asfalto,Pavimento,II,Dentro,Urbana,Ninguna,S/D,Recta,Bueno,Reducida,"Diurna,Con luz artificial",Lluvia,Otro,S/D,Colisión,Agua,S/D,Ninguna,Sin restricción
2018,8157,2018-10-11,Jueves,0,22:45:00,,0.0,2,"Bicicleta,Automóvil",Balcarce Y Catamarca,2,1,0,0,1,0,0,"-32.938138888889,-60.650472222222",Calle,,ROSARIO,Rosario,Asfalto,No existe,II,S/D,Urbana,S/D,S/D,Recta,S/D,S/D,Nocturna,S/D,S/D,Ciclista,Atropello,S/D,S/D,S/D,Sin restricción
2018,8158,2018-10-31,Miercoles,0,,,0.0,2,"Automóvil,Moto/Ciclomotor",Laprida 2400,2,1,0,0,1,0,0,"-32.966,-60.639",Calle,,ROSARIO,Rosario,S/D,S/D,II,S/D,Urbana,S/D,S/D,Recta,S/D,S/D,Diurna,S/D,S/D,S/D,Colisión,S/D,S/D,S/D,S/D
2018,8159,2018-10-22,Lunes,0,14:32:00,,0.0,2,"Pickup/Utilitario,Moto/Ciclomotor",Jose Ingenieros Y Donado,3,2,0,0,1,0,0,"-32.917527777778,-60.728027777778",Calle,,ROSARIO,Rosario,Asfalto,No existe,II,Dentro,Urbana,Ninguna,No existe,Intersección,Bueno,Buena,Diurna,Buen Tiempo,Lateral,S/D,Colisión,Ninguna,S/D,Ninguna,Sin restricción
2018,8160,2018-10-12,Viernes,0,17:10:00,,0.0,2,"Automóvil,Bicicleta",Mitre 1300,2,1,0,0,1,0,0,"-32.952527777778,-60.641138888889",Calle,,ROSARIO,Rosario,S/D,No existe,II,S/D,Urbana,S/D,S/D,Recta,S/D,S/D,Diurna,S/D,S/D,Ciclista,Atropello,S/D,S/D,S/D,Sin restricción
2018,8161,2018-10-31,Miercoles,0,23:30:00,,0.0,2,"Automóvil,Moto/Ciclomotor",Urquiza Y Av Carlos A Poucel,3,0,1,0,2,0,0,"-32.747802455771, -60.738434314704",Avenida,,SAN LORENZO,San Lorenzo,Asfalto,S/D,XVII,S/D,Urbana,S/D,No existe,Intersección,Bueno,S/D,Nocturna,S/D,Otro,S/D,Colisión,Ninguna,Vertical,S/D,S/D
2018,8162,2018-10-13,Sabado,0,17:00:00,,0.0,2,"Peatón,Automóvil",Pueyrredon Y Mendoza,2,1,0,0,1,0,0,"-32.948111111111,-60.658694444444",Calle,,ROSARIO,Rosario,S/D,S/D,II,S/D,Urbana,Semáforo,Funciona,Intersección,Bueno,Buena,Diurna,S/D,S/D,Peatón,Atropello,S/D,S/D,S/D,S/D
2018,8163,2018-10-22,Lunes,0,16:20:00,,0.0,2,"Moto/Ciclomotor,Pickup/Utilitario",Uruguay Y Av. Corrientes,2,1,0,0,1,0,0,"-32.976027777778,-60.65",S/D,,ROSARIO,Rosario,Asfalto,No existe,II,S/D,S/D,Ninguna,No existe,Intersección,Resbaladiza,Buena,Diurna,Lluvia,Lateral,S/D,Colisión,Agua,Vertical,Ninguna,Sin restricción
2018,8164,2018-10-22,Lunes,0,10:30:00,,0.0,2,"Bicicleta,Automóvil",Ayacucho Y Av. Arijon,2,1,0,0,1,0,0,"-33.002611111111,-60.636027777778",Avenida,,ROSARIO,Rosario,Asfalto,No existe,II,Dentro,Urbana,Ninguna,Funciona,Intersección,Bueno,Buena,Diurna,Buen Tiempo,De alcance,Ciclista,Atropello,Ninguna,Vertical,Cordón divisorio,Sin restricción
2018,8165,2018-10-22,Lunes,0,22:15:00,,0.0,2,"Bicicleta,Automóvil",San Lorenzo Y Balcarce,2,1,0,0,1,0,0,"-32.941666666667,-60.651333333333",Calle,,ROSARIO,Rosario,Asfalto,No existe,II,Dentro,Urbana,Señal Pare,No existe,Intersección,Bueno,Buena,"Nocturna,Con luz artificial",Buen Tiempo,S/D,Ciclista,Atropello,Ninguna,Vertical,Ninguna,Sin restricción
2018,8166,2018-10-22,Lunes,0,21:50:00,,0.0,2,"Automóvil,Taxi/Remis",San Martin Y Ocampo,3,1,0,0,2,0,0,"-32.966722222222,-60.641722222222",S/D,,ROSARIO,Rosario,S/D,S/D,II,S/D,Urbana,S/D,S/D,Intersección,S/D,S/D,Nocturna,S/D,S/D,S/D,Colisión,S/D,S/D,S/D,S/D
2018,8167,2018-10-22,Lunes,0,10:55:00,,0.0,2,"Moto/Ciclomotor,Automóvil",Bv GÁLVEZ Y Alberdi,2,1,0,0,1,0,0,"-31.637777777778,-60.69225",Calle,,SANTA FE,La Capital,Asfalto,No existe,I,Dentro,Urbana,S/D,S/D,Recta,Bueno,Buena,Diurna,Buen Tiempo,Lateral,S/D,Colisión,Ninguna,S/D,Ninguna,Sin restricción
2018,8168,2018-10-30,Martes,0,18:40:00,,0.0,2,"Automóvil,Moto/Ciclomotor",Av Blas Parera 5400,3,2,0,0,1,0,0,"-31.613583333333,-60.717888888889",Avenida,,SANTA FE,La Capital,"Asfalto,Hormigón",No existe,I,Dentro,Urbana,Otra Señal,No existe,Recta,Bueno,Buena,Atardecer,Buen Tiempo,Lateral,S/D,Colisión,S/D,Faltante,"Cordón divisorio,Vegetación",Sin restricción
2018,8169,2018-10-31,Miercoles,0,19:10:00,,0.0,2,"Automóvil,Moto/Ciclomotor",San Lorenzo Y Matienzo,2,1,0,0,1,0,0,"-32.934027777778,-60.694916666667",Calle,,ROSARIO,Rosario,Asfalto,S/D,II,S/D,Urbana,S/D,S/D,Intersección,S/D,S/D,S/D,S/D,Lateral,S/D,Colisión,S/D,S/D,S/D,S/D
2018,8170,2018-10-28,Domingo,0,15:10:00,,0.0,2,"Moto/Ciclomotor,Moto/Ciclomotor",CAMINO LAGUNA EL CRISTAL ,2,1,1,0,0,0,0,"-30.01845, -60.11002",Camino Rural,,CALCHAQUÍ,Vera,Tierra,No existe,XIX,Dentro,Rural,Ninguna,No existe,Recta,Bueno,Buena,Diurna,Buen Tiempo,Frontal,S/D,Colisión,Ninguna,Faltante,Ninguna,Sin restricción
2018,8171,2018-10-12,Viernes,0,16:40:00,,0.0,2,"Pickup/Utilitario,Moto/Ciclomotor",Colon Y E.Zeballos,2,1,0,0,1,0,0,"-32.957361111111,-60.627722222222",Calle,,ROSARIO,Rosario,Asfalto,S/D,II,S/D,Urbana,Señal Pare,S/D,Intersección,S/D,S/D,Diurna,S/D,S/D,S/D,Colisión,S/D,S/D,S/D,S/D
2018,8172,2018-10-30,Martes,0,12:40:00,,0.0,2,"Automóvil,Moto/Ciclomotor",Balcarce Y J Macia,2,1,0,0,1,0,0,"-31.678138888889,-60.758916666667",Calle,,SANTO TOMÉ,La Capital,Asfalto,S/D,I,Dentro,Urbana,Marca Vial,No existe,Intersección,Bueno,Buena,Diurna,Buen Tiempo,Lateral,S/D,Colisión,Ninguna,Horizontal,S/D,Sin restricción
2018,8173,2018-10-30,Martes,0,09:50:00,,0.0,2,"Automóvil,Moto/Ciclomotor",Mariano Candioti Y Vicente Lopez y Planes,3,2,0,0,1,0,0,"-31.680472222222,-60.757055555556",Calle,,SANTO TOMÉ,La Capital,Asfalto,No existe,I,Dentro,Urbana,Paso Peatonal,No existe,Recta,Bueno,Buena,Diurna,Buen Tiempo,Otro,S/D,Colisión,Ninguna,Horizontal,Ninguna,Sin restricción
2018,8174,2018-10-14,Domingo,0,01:26:00,,0.0,2,"Automóvil,Moto/Ciclomotor",E.Zeballos Y Bv. Avellaneda,4,1,0,0,2,0,1,"-32.947638888889,-60.681444444444",Calle,,ROSARIO,Rosario,S/D,S/D,II,S/D,Urbana,Semáforo,Funciona,Intersección,S/D,Buena,Nocturna,S/D,S/D,S/D,Colisión,S/D,S/D,S/D,Sin restricción
2018,8175,2018-10-30,Martes,0,15:55:00,,0.0,3,"Automóvil,Automóvil,Camión Chasis",San Martin Y Perrissol,4,2,0,0,2,0,0,"-33.245277777778,-60.312388888889",Calle,,VILLA CONSTITUCIÓN,Constitución,Asfalto,S/D,VI,Dentro,Urbana,Ninguna,Funciona,Recta,Bueno,Buena,Diurna,Buen Tiempo,Múltiple,S/D,Colisión,Ninguna,Vertical,Ninguna,Sin restricción
2018,8176,2018-10-22,Lunes,0,19:40:00,,0.0,2,"Moto/Ciclomotor,Automóvil",PUENTE ORO?O ,2,1,0,0,1,0,0,"-31.64076, -60.68158",Avenida,,SANTA FE,La Capital,Asfalto,S/D,I,Dentro,Urbana,S/D,S/D,Recta,Bueno,Buena,"Atardecer,Con luz artificial",Buen Tiempo,Lateral,S/D,Colisión,Ninguna,S/D,Ninguna,Sin restricción
2018,8177,2018-10-30,Martes,0,20:40:00,,0.0,2,"Automóvil,Moto/Ciclomotor",Calle 19 Y Ruta 178,2,0,1,0,1,0,0,"-32.68241, -61.52593",Calle,,LAS PAREJAS,Belgrano,Asfalto,Natural,III,Dentro,Urbana,Ninguna,No existe,Intersección,Deteriorada,Reducida,Nocturna,Lluvia,De alcance,S/D,Colisión,Agua,Faltante,Ninguna,Sin restricción
2018,8178,2018-10-30,Martes,0,17:45:00,,0.0,2,"Bicicleta,Automóvil",Pueyrredon Y Bartolome Mitre,2,1,0,0,1,0,0,"-31.444027777778,-60.93575",Calle,,ESPERANZA,Las Colonias,Asfalto,No existe,XI,Dentro,Urbana,Ninguna,No existe,Recta,Bueno,Buena,Diurna,Buen Tiempo,Lateral,Ciclista,Atropello,Ninguna,Vertical,Ninguna,Sin restricción
2018,8179,2018-10-12,Viernes,0,12:30:00,,0.0,2,"Peatón,Automóvil",Crespo 1063,2,1,0,0,1,0,0,"-32.944361111111,-60.669111111111",Calle,,ROSARIO,Rosario,Asfalto,No existe,II,S/D,Urbana,Ninguna,S/D,Otro,S/D,Buena,Diurna,S/D,S/D,Peatón,Atropello,S/D,Faltante,S/D,S/D
2018,8180,2018-10-23,Martes,0,11:45:00,,0.0,2,"Bicicleta,Automóvil",Rueda Y L.N.Alem,2,1,0,0,1,0,0,"-32.972805555556,-60.6345",Calle,,ROSARIO,Rosario,Asfalto,No existe,II,Dentro,Urbana,Marca Vial,No existe,Intersección,Bueno,Buena,Diurna,Buen Tiempo,Contra objeto fijo,Ciclista,"Colisión,Atropello",Ninguna,Vertical,Línea divisoria pintada,Sin restricción
2018,8181,2018-10-31,Miercoles,0,09:50:00,Ruta Provincial 1,71.0,2,"Moto/Ciclomotor,Pickup/Utilitario", ,3,2,0,0,1,0,0,"-31.21427, -60.1631",Ruta,1,CAYASTA,Garay,Asfalto,Natural,VII,Dentro,Urbana,Ninguna,No existe,Recta,Bueno,Buena,"Diurna,Con luz artificial",Buen Tiempo,Lateral,S/D,Colisión,Ninguna,Vertical,Línea divisoria pintada,Sin restricción
2018,8182,2018-10-11,Jueves,0,07:30:00,,0.0,2,"Bicicleta,Automóvil",Pte.Roca Y Av. Pellegrini,2,1,0,0,0,0,1,"-32.956027777778,-60.647861111111",Avenida,,ROSARIO,Rosario,Asfalto,No existe,II,S/D,Urbana,Semáforo,S/D,Intersección,Bueno,S/D,Diurna,S/D,S/D,Ciclista,Atropello,S/D,S/D,S/D,S/D
2018,8183,2018-10-31,Miercoles,0,19:40:00,,0.0,2,"Moto/Ciclomotor,Pickup/Utilitario",CALLE 10 BIS Y AVENIDA 5,2,0,1,0,1,0,0,"-32.68892, -61.52249",Avenida,,LAS PAREJAS,Belgrano,Asfalto,Natural,III,Dentro,Urbana,Ninguna,No existe,Intersección,Bueno,Buena,Atardecer,Buen Tiempo,De alcance,S/D,Colisión,Ninguna,Faltante,Cordón divisorio,Sin restricción
2018,8184,2018-10-23,Martes,0,12:00:00,,0.0,2,"Automóvil,Moto/Ciclomotor",Maipu Y Bv. 27 De Febrero,2,1,0,0,0,0,1,"-32.968,-60.640722222222",Calle,,ROSARIO,Rosario,S/D,S/D,II,Dentro,Urbana,S/D,S/D,Intersección,S/D,S/D,Diurna,S/D,S/D,S/D,Colisión,S/D,S/D,S/D,S/D
2018,8185,2018-10-10,Miercoles,0,12:30:00,,0.0,2,"Moto/Ciclomotor,Automóvil",Cordoba Y San Nicolas,2,1,0,0,1,0,0,"-32.940333333333,-60.672361111111",Calle,,ROSARIO,Rosario,Asfalto,No existe,II,S/D,Urbana,S/D,S/D,Intersección,S/D,S/D,Diurna,S/D,S/D,S/D,Colisión,S/D,S/D,S/D,S/D
2018,8186,2018-10-31,Miercoles,0,04:45:00,Autopista Nacional A008,0.0,2,"Automóvil,Automóvil",Av. Jorge Newbery Y Av. Circunvalacion Bis,2,1,0,0,1,0,0,"-32.908333333333,-60.725361111111",Autopista,A008,ROSARIO,Rosario,Asfalto,Ripio,II,S/D,Urbana,Semáforo,Funciona,Intersección,S/D,Buena,Nocturna,S/D,S/D,S/D,Colisión,Ninguna,S/D,Ninguna,S/D
2018,8187,2018-10-22,Lunes,0,06:30:00,Ruta Nacional 168,0.0,2,"Moto/Ciclomotor,Automóvil",FRENTE AL HOTEL ATE ,2,1,0,0,1,0,0,"-31.64155, -60.67627",Ruta,168,SANTA FE,La Capital,Asfalto,S/D,I,Dentro,Urbana,S/D,S/D,Recta,Bueno,Buena,Diurna,Buen Tiempo,Lateral,S/D,Colisión,Ninguna,S/D,Ninguna,Sin restricción
2018,8188,2018-10-31,Miercoles,0,12:40:00,,0.0,2,"Automóvil,Moto/Ciclomotor",Independencia Y 6 de Caballeria,6,2,1,0,3,0,0,"-29.238111111111,-61.768611111111",Calle,,TOSTADO,9 de Julio,Asfalto,Pavimento,XII,Dentro,Urbana,Ninguna,No existe,Intersección,Bueno,Buena,Diurna,Buen Tiempo,Lateral,S/D,Colisión,Ninguna,Faltante,Ninguna,Sin restricción
2018,8189,2018-10-23,Martes,0,13:15:00,,0.0,2,"Moto/Ciclomotor,Automóvil",Castellanos 1400,2,1,0,0,1,0,0,"-31.637416666667,-60.689861111111",Calle,,SANTA FE,La Capital,Asfalto,No existe,I,Dentro,Urbana,S/D,S/D,Recta,Bueno,Buena,Diurna,Buen Tiempo,Lateral,S/D,Colisión,Ninguna,S/D,Ninguna,Sin restricción
2018,8190,2018-10-13,Sabado,0,06:30:00,,0.0,2,"Automóvil,Automóvil",San Luis Y Vera Mujica,2,2,0,0,0,0,0,"-32.943888888889,-60.667555555556",Calle,,ROSARIO,Rosario,Asfalto,S/D,II,Dentro,Urbana,S/D,S/D,Intersección,S/D,S/D,Amanecer,S/D,S/D,S/D,Colisión,S/D,Faltante,S/D,S/D
2018,8191,2018-10-31,Miercoles,0,13:30:00,,0.0,2,"Automóvil,Moto/Ciclomotor",7 de marzo Y General Manuel Belgrano,2,1,0,0,1,0,0,"-31.666916666667,-60.760944444444",Avenida,,SANTO TOMÉ,La Capital,Asfalto,No existe,I,Dentro,Urbana,Semáforo,Funciona,Intersección,Bueno,Buena,Diurna,Buen Tiempo,Lateral,S/D,Colisión,Ninguna,"Horizontal,Vertical",Línea divisoria pintada,Sin restricción
2018,8192,2018-10-23,Martes,0,18:00:00,,0.0,2,"Automóvil,Moto/Ciclomotor",Av Leandro Alem Y Necochea,2,1,0,0,1,0,0,"-31.64575,-60.696861111111",Avenida,,SANTA FE,La Capital,Asfalto,No existe,I,Dentro,Urbana,S/D,S/D,Intersección,S/D,Buena,Atardecer,Buen Tiempo,Lateral,S/D,Colisión,Ninguna,S/D,Ninguna,Sin restricción
2018,8193,2018-10-31,Miercoles,0,20:20:00,,0.0,2,"Transporte de Pasajeros Urbano (> 8 asientos),Moto/Ciclomotor",Av Pte Peron Y Ecuador,3,2,0,0,1,0,0,"-31.619472222222,-60.718305555556",Calle,,SANTA FE,La Capital,"Asfalto,Hormigón",No existe,I,Dentro,Urbana,Otra Señal,No existe,Intersección,"Con baches,Ahuellamiento",Reducida,Nocturna,Buen Tiempo,Lateral,S/D,Colisión,S/D,Faltante,"Cordón divisorio,Vegetación",Sin restricción