anio_acci,nro_acci,fecha,desc_dia,fecha_aprox,hora_aprox,desc_ruta,km,cant_participantes,desc_participante,calle_avenida_km,total,heridos_leves,heridos_graves,heridos_gravisimos,ilesos,fallecidos,sin_datos,posicion_XY,desc_tipo_via,desc_ruta_ori,desc_loc,desc_dpto,desc_tipo_calzada,desc_tipo_banquina,desc_unidad_regional,desc_lugar_calzada,desc_zona,desc_prioridad,desc_estado_semaforo,desc_lugar_via,desc_estado_via,desc_estado_visibilidad,desc_luminosidad,desc_estado_clima,desc_tipo_colision,desc_tipo_atropello,desc_tipo_hecho,desc_pres_calzada,desc_senializacion,desc_separacion_via,desc_restriccion
2018,8194,2018-10-23,Martes,0,21:25:00,,0.0,2,"Moto/Ciclomotor,Automóvil",HUMBERTO PRIMO Y BOMBEROS VOLUNTARIOS,2,1,0,0,1,0,0,"-33.15842, -60.50728",Calle,,ARROYO SECO,Rosario,Asfalto,Pavimento,II,Dentro,Urbana,Ninguna,No existe,Intersección,"Con baches,Deteriorada",Reducida,"Nocturna,Con luz artificial",Buen Tiempo,Lateral,S/D,Colisión,Ninguna,Faltante,Ninguna,Sin restricción
2018,8195,2018-10-31,Miercoles,0,15:40:00,,0.0,2,"Moto/Ciclomotor,Taxi/Remis",Bv GÁLVEZ Y Republica de Siria,2,1,0,0,1,0,0,"-31.636194444444,-60.699694444444",Calle,,SANTA FE,La Capital,Asfalto,No existe,I,S/D,Urbana,S/D,S/D,Intersección,Bueno,Buena,Diurna,Buen Tiempo,Lateral,S/D,Colisión,Ninguna,S/D,Ninguna,Sin restricción
2018,8196,2018-10-23,Martes,0,12:10:00,,0.0,2,"Bicicleta,Automóvil",Mariano Moreno Y Brig Gral Estanislao Lopez Bis,2,1,0,0,1,0,0,"-33.15473, -60.51695",S/D,,ARROYO SECO,Rosario,Asfalto,No existe,II,S/D,Urbana,Ninguna,No existe,Intersección,Deteriorada,Buena,Diurna,Buen Tiempo,S/D,Ciclista,Atropello,Ninguna,Faltante,Ninguna,Sin restricción
2018,8197,2018-10-30,Martes,0,07:45:00,Ruta Nacional 33,762.0,1,Automóvil, ,3,0,1,0,2,0,0,"-33.0172, -61.03224",Ruta,33,PUJATO,San Lorenzo,Asfalto,Natural,XVII,Dentro,Rural,Ninguna,No existe,Recta,Resbaladiza,Reducida,Diurna,Lluvia,Otro,S/D,Vuelco,Agua,Vertical,Línea divisoria pintada,Sin restricción
2018,8198,2018-10-13,Sabado,0,15:30:00,,0.0,2,"Moto/Ciclomotor,Automóvil",San Patricio Y Mont Cenis,2,1,0,0,1,0,0,"-32.877277777778,-60.698972222222",Calle,,ROSARIO,Rosario,Asfalto,No existe,II,Dentro,Urbana,Ninguna,No existe,Intersección,Bueno,Buena,Diurna,Buen Tiempo,Frontal,S/D,Colisión,Ninguna,Faltante,Ninguna,Sin restricción
2018,8199,2018-10-23,Martes,0,11:00:00,,0.0,2,"Pickup/Utilitario,Moto/Ciclomotor",JUAN PABLO II 1970,3,1,0,0,2,0,0,"-32.92181, -60.72404",Calle,,ROSARIO,Rosario,Asfalto,Natural,II,Dentro,Urbana,Ninguna,No existe,Recta,Bueno,Buena,Diurna,Buen Tiempo,Otro,S/D,Colisión,Ninguna,Faltante,Ninguna,Sin restricción
2018,8200,2018-10-31,Miercoles,0,07:45:00,,0.0,2,"Automóvil,Peatón",9 de Julio ,2,1,0,0,1,0,0,"-31.62786, -60.70374",Calle,,SANTA FE,La Capital,Asfalto,No existe,I,Dentro,Urbana,Ninguna,No existe,Recta,Bueno,Buena,Amanecer,Buen Tiempo,S/D,Peatón,Atropello,Ninguna,Vertical,Ninguna,Sin restricción
2018,8201,2018-10-23,Martes,0,12:30:00,,0.0,2,"Bicicleta,Moto/Ciclomotor",Rosario Y Bordabhere,4,1,0,0,3,0,0,"-33.028194444444,-60.642583333333",Calle,,VILLA GOBERNADOR GÁLVEZ,Rosario,Asfalto,No existe,II,S/D,Urbana,Ninguna,No existe,Intersección,Bueno,Buena,Atardecer,Buen Tiempo,S/D,Ciclista,Atropello,Ninguna,Faltante,Ninguna,Sin restricción
2018,8202,2018-10-13,Sabado,0,16:24:00,,0.0,2,"Automóvil,Moto/Ciclomotor",Polledo ,3,1,0,0,2,0,0,"-32.88612, -60.72061",Calle,,ROSARIO,Rosario,Asfalto,No existe,II,S/D,Urbana,Ninguna,No existe,Intersección,Bueno,Buena,Diurna,Buen Tiempo,S/D,S/D,Colisión,Ninguna,Faltante,Ninguna,Sin restricción
2018,8203,2018-10-23,Martes,0,07:35:00,,0.0,2,"Automóvil,Bicicleta",San Martin Y Cullen,2,1,0,0,1,0,0,"-31.452333333333,-60.931388888889",Calle,,ESPERANZA,Las Colonias,Asfalto,S/D,XI,Dentro,Urbana,S/D,No existe,Intersección,Bueno,Buena,Diurna,S/D,S/D,Ciclista,Atropello,Ninguna,Vertical,S/D,S/D
2018,8204,2018-10-06,Sabado,0,05:10:00,,0.0,1,Automóvil,Juan M De Rosas Y 3 de Febrero,3,3,0,0,0,0,0,"-32.743888888889,-60.746083333333",Calle,,SAN LORENZO,San Lorenzo,S/D,S/D,XVII,S/D,Urbana,S/D,S/D,Otro,Otro,S/D,S/D,Otro,S/D,S/D,Vuelco,S/D,Vertical,Ninguna,S/D
2018,8205,2018-10-23,Martes,0,15:10:00,,0.0,2,"Automóvil,Automóvil",Av. Sorrento Y Av. Provincias Unidas,5,4,0,0,1,0,0,"-32.907833333333,-60.714027777778",Avenida,,ROSARIO,Rosario,Asfalto,No existe,II,Dentro,Urbana,Ninguna,No existe,Rotonda,Bueno,Buena,Diurna,Buen Tiempo,Otro,S/D,Colisión,Ninguna,Vertical,Vegetación,Sin restricción
2018,8206,2018-10-23,Martes,0,07:20:00,,0.0,2,"Moto/Ciclomotor,Automóvil",Sarmiento Y Av. Pellegrini,2,1,0,0,1,0,0,"-32.957277777778,-60.640888888889",Calle,,ROSARIO,Rosario,Asfalto,No existe,II,Dentro,Urbana,Semáforo,Funciona,Intersección,Bueno,Buena,Diurna,Buen Tiempo,Lateral,S/D,Colisión,Ninguna,Vertical,S/D,Sin restricción
2018,8207,2018-10-06,Sabado,0,20:05:00,,0.0,1,Moto/Ciclomotor,San Juan Y Roque Vitola,1,1,0,0,0,0,0,"-32.750027777778,-60.753833333333",Calle,,SAN LORENZO,San Lorenzo,S/D,S/D,XVII,S/D,Urbana,S/D,S/D,Otro,S/D,S/D,S/D,Otro,S/D,S/D,Despiste,Otro,Vertical,Ninguna,S/D
2018,8208,2018-10-06,Sabado,0,05:35:00,Ruta Provincial 21,0.0,1,Automóvil, ,2,1,0,0,1,0,0,"-33.21078, -60.44469",Ruta,21,FIGHIERA,Rosario,Asfalto,Natural,II,S/D,Rural,Ninguna,No existe,Intersección,Bueno,Buena,Nocturna,Buen Tiempo,S/D,S/D,Despiste,S/D,S/D,S/D,Sin restricción
2018,8209,2018-07-10,Martes,0,15:20:00,Ruta Provincial 2,285.0,2,"Automóvil,Automóvil", ,5,2,2,0,0,1,0,"-29.70146,-61.64657",Ruta,2,LOGROÑO,9 de Julio,Asfalto,Natural,XII,Dentro,Rural,Ninguna,No existe,Curva,Bueno,Buena,Diurna,Buen Tiempo,Lateral,S/D,Colisión,Ninguna,Vertical,Línea divisoria pintada,Sin restricción
2018,8210,2018-07-07,Sabado,0,20:15:00,,0.0,2,"Moto/Ciclomotor,Moto/Ciclomotor",Av Milano Y Leandro Alem,2,1,0,0,0,1,0,"-29.87627,-61.94647",Calle,,CERES,San Cristóbal,Asfalto,No existe,XIII,Dentro,Urbana,Ninguna,No existe,Intersección,Bueno,Buena,"Nocturna,Con luz artificial",Viento Fuerte,De alcance,S/D,Colisión,Ninguna,Horizontal,Cordón divisorio,Sin restricción
2018,8211,2018-07-10,Martes,0,20:40:00,,0.0,2,"Moto/Ciclomotor,Automóvil",Republica de Irak Y Medrano,3,1,0,0,0,1,1,"-32.88676,-60.70352",Calle,,ROSARIO,Rosario,Asfalto,No existe,II,Dentro,Urbana,Ninguna,No existe,Intersección,Bueno,Buena,Nocturna,Buen Tiempo,Lateral,S/D,Colisión,Ninguna,Faltante,Cordón divisorio,Sin restricción
2018,8212,2018-07-13,Viernes,0,08:15:00,Autopista Nacional A008,0.0,2,"Camión,Moto/Ciclomotor",Av. Circunvalacion Y Espa?a,2,0,0,0,0,1,1,"-33.01592,-60.6568",Autopista,A008,ROSARIO,Rosario,Asfalto,No existe,II,Dentro,Urbana,Ninguna,No existe,Recta,Bueno,Buena,Diurna,Buen Tiempo,De alcance,S/D,Colisión,Ninguna,Horizontal,Guardarrail,Sin restricción
2018,8213,2018-07-19,Jueves,0,06:50:00,Ruta Nacional 34,13.5,2,"Camión Chasis,Moto/Ciclomotor", ,2,0,0,0,1,1,0,"-32.82392,-60.8361",Ruta,34,IBARLUCEA,Rosario,Asfalto,Natural,II,Dentro,Rural,Ninguna,No existe,Recta,Resbaladiza,Reducida,Nocturna,Lluvia,Frontal,S/D,Colisión,Agua,S/D,Ninguna,Sin restricción
2018,8214,2018-07-21,Sabado,0,09:05:00,Autopista Nacional A008,0.0,2,"Moto/Ciclomotor,Camión c / Acoplado",Av. Circunvalacion Y Bv. Oro?o,2,0,0,0,1,1,0,"-33.01064,-60.67221",Autopista,A008,ROSARIO,Rosario,Asfalto,No existe,II,Dentro,Urbana,Ninguna,No existe,Recta,Bueno,Buena,Diurna,Buen Tiempo,Lateral,S/D,Colisión,Ninguna,Horizontal,Guardarrail,Sin restricción
2018,8215,2018-07-21,Sabado,0,07:30:00,Ruta Nacional 178,172.0,2,"Pickup/Utilitario,Pickup/Utilitario", ,3,2,0,0,0,1,0,"-32.68778,-61.52326",Ruta,178,LAS PAREJAS,Belgrano,Asfalto,Natural,III,Dentro,Rural,Ninguna,No existe,Recta,S/D,Buena,Nocturna,Buen Tiempo,Lateral,S/D,Colisión,Ninguna,Horizontal,Línea divisoria pintada,Sin restricción
2018,8216,2018-07-24,Martes,0,03:45:00,Ruta Provincial 91,6.0,3,"Camión c / Semirremolque,Camión c / Acoplado,Camión c / Acoplado", ,3,0,1,0,1,1,0,"-32.6057,-60.9892",Ruta,91,SERODINO,Iriondo,Asfalto,Natural,X,Dentro,Rural,Ninguna,No existe,Recta,Bueno,Buena,Nocturna,Buen Tiempo,Múltiple,S/D,Colisión,Ninguna,Faltante,Línea divisoria pintada,Sin restricción
2018,8217,2018-07-25,Miercoles,0,06:30:00,Ruta Provincial 2,15.0,2,"Moto/Ciclomotor,Automóvil", ,3,1,0,0,1,1,0,"-31.53434,-60.68674",Ruta,2,MONTE VERA,La Capital,Hormigón,Natural,I,Dentro,Rural,Ninguna,No existe,Recta,Resbaladiza,Reducida,Amanecer,Lluvia,S/D,S/D,Caída ocupante,Agua,S/D,Línea divisoria pintada,Sin restricción
2018,8218,2018-07-28,Sabado,0,23:50:00,Ruta Secundaria 22-s,0.0,2,"Bicicleta,Transporte de Pasajeros Urbano (> 8 asientos)",Av Gral San Martin Y A F Temporelli,2,0,0,0,1,1,0,"-33.03683,-60.65666",Ruta,22-s,VILLA GOBERNADOR GÁLVEZ,Rosario,Hormigón,Natural,II,Dentro,Urbana,Ninguna,No existe,Intersección,Bueno,Reducida,"Nocturna,Con luz artificial",Lluvia,S/D,Ciclista,Atropello,Agua,Faltante,Línea divisoria pintada,Sin restricción
2018,8219,2018-07-01,Domingo,0,14:30:00,,0.0,2,"Moto/Ciclomotor,Automóvil",Virasoro Y Buenos Aires,7,1,0,0,5,1,0,"-32.97083,-60.63869",Calle,,ROSARIO,Rosario,Asfalto,No existe,II,Dentro,Urbana,Ninguna,No existe,Intersección,Bueno,S/D,Diurna,S/D,Lateral,S/D,Colisión,Ninguna,Horizontal,Ninguna,Sin restricción
2018,8220,2018-07-01,Domingo,0,08:00:00,Ruta Nacional 8,295.0,2,"Automóvil,Camión c / Semirremolque", ,3,0,0,0,2,1,0,"-33.81575,-61.2463",Ruta,8,WHEELWRIGHT,General López,Asfalto,Natural,VIII,Dentro,Rural,Ninguna,No existe,Recta,Bueno,Reducida,Diurna,Niebla,Frontal,S/D,Colisión,Ninguna,Faltante,S/D,Sin restricción
2018,8221,2018-07-07,Sabado,0,00:50:00,Ruta Nacional 33,570.0,1,Automóvil, ,3,2,0,0,0,1,0,"-34.09168,-62.36716",Ruta,33,AMENÁBAR,General López,Asfalto,Natural,VIII,Dentro,Rural,Ninguna,No existe,Recta,Bueno,S/D,Nocturna,S/D,S/D,S/D,Vuelco,Ninguna,Faltante,Línea divisoria pintada,Sin restricción
2018,8222,2018-08-02,Jueves,0,17:00:00,,0.0,2,"Peatón,Camión c / Acoplado",Camino Guere?o Y Alvear,2,0,0,0,1,1,0,"-33.03244, -60.61074",Calle,,VILLA GOBERNADOR GÁLVEZ,Rosario,Asfalto,No existe,II,Dentro,Urbana,Ninguna,No existe,Intersección,Bueno,Buena,Diurna,Buen Tiempo,S/D,Peatón,Atropello,Ninguna,Faltante,Ninguna,Sin restricción
2018,8223,2018-07-08,Domingo,0,02:10:00,Ruta Nacional 11,0.0,2,"Moto/Ciclomotor,Taxi/Remis",Almirante Guillermo Brown ,2,0,0,0,1,1,0,"-31.71856,-60.80905",Ruta,11,SAUCE VIEJO,La Capital,Asfalto,Natural,I,Dentro,Urbana,Ninguna,No existe,Recta,Bueno,S/D,Nocturna,S/D,S/D,S/D,Colisión,Ninguna,Faltante,Línea divisoria pintada,Sin restricción
2018,8224,2018-07-06,Viernes,0,15:00:00,,0.0,2,"Automóvil,Moto/Ciclomotor",Maestro Cossettini Y Velez Sarfield,2,0,0,0,1,1,0,"-31.25422,-61.50026",Calle,,RAFAELA,Castellanos,Asfalto,No existe,V,Dentro,Urbana,Ninguna,No existe,Intersección,Bueno,S/D,Diurna,S/D,Lateral,S/D,Colisión,Ninguna,Horizontal,Ninguna,Sin restricción
2018,8225,2018-07-07,Sabado,0,06:00:00,,0.0,2,"Taxi/Remis,Vehículo Oficial",Calle 21-Gdor. iriondo Y Calle 26 - Bolivar,4,2,1,0,0,1,0,"-29.14689,-59.65144",Calle,,RECONQUISTA,General Obligado,Asfalto,No existe,IX,Dentro,Urbana,Ninguna,No existe,Intersección,Bueno,S/D,Diurna,S/D,Lateral,S/D,Colisión,Ninguna,Faltante,Ninguna,Sin restricción
2018,8226,2018-08-05,Domingo,0,15:35:00,,0.0,2,"Moto/Ciclomotor,Bicicleta",Av. Pellegrini Y L.N.Alem,2,0,1,0,0,1,0,"-32.95901,-60.63102",Avenida,,ROSARIO,Rosario,Asfalto,No existe,II,S/D,Urbana,Semáforo,Funciona,Intersección,Bueno,S/D,Diurna,S/D,S/D,Ciclista,Atropello,Ninguna,"Horizontal,Vertical","Ninguna,S/D",Sin restricción
2018,8227,2018-07-01,Domingo,0,07:00:00,,0.0,1,Moto/Ciclomotor,Caseros 290,1,0,0,0,0,1,0,"-31.24958,-61.48334",Calle,,RAFAELA,Castellanos,Asfalto,No existe,V,Dentro,Urbana,Ninguna,No existe,Recta,Bueno,S/D,Diurna,S/D,Contra objeto fijo,S/D,Colisión,Ninguna,Faltante,Ninguna,Sin restricción
2018,8228,2018-10-10,Miercoles,0,21:30:00,,0.0,2,"Moto/Ciclomotor,Otros",Mr.Ross Y Pte.Roca,2,0,1,0,1,0,0,"-32.987,-60.655666666667",Calle,,ROSARIO,Rosario,Asfalto,No existe,II,Dentro,Urbana,Ninguna,No existe,Intersección,Bueno,Buena,Nocturna,Buen Tiempo,Lateral,S/D,Colisión,Ninguna,Faltante,Ninguna,Sin restricción
2018,8229,2018-10-11,Jueves,0,17:25:00,,0.0,2,"Automóvil,Moto/Ciclomotor",San Martin Y Gaboto,2,1,0,0,1,0,0,"-32.973611111111,-60.643472222222",Calle,,ROSARIO,Rosario,Asfalto,No existe,II,Dentro,Urbana,Ninguna,Funciona,Intersección,Bueno,Buena,Diurna,Buen Tiempo,Lateral,S/D,Colisión,Ninguna,Faltante,Línea divisoria pintada,Sin restricción
2018,8230,2018-10-10,Miercoles,0,12:05:00,,0.0,2,"Taxi/Remis,Bicicleta",Mitre Y Pte.Quintana,2,1,0,0,1,0,0,"-32.982277777778,-60.648638888889",Calle,,ROSARIO,Rosario,Asfalto,No existe,II,Dentro,Urbana,Ninguna,No existe,Intersección,Bueno,Buena,Diurna,Buen Tiempo,S/D,Ciclista,Atropello,Ninguna,Faltante,Ninguna,Sin restricción
2018,8231,2018-10-23,Martes,0,12:40:00,,0.0,2,"Peatón,Automóvil",San Juan 900,2,1,0,0,1,0,0,"-32.950694444444,-60.636222222222",S/D,,ROSARIO,Rosario,S/D,S/D,II,S/D,Urbana,S/D,S/D,Recta,S/D,S/D,Diurna,S/D,S/D,Peatón,Atropello,S/D,S/D,S/D,S/D
2018,8232,2018-10-10,Miercoles,0,10:00:00,,0.0,2,"Moto/Ciclomotor,Automóvil",Garibaldi Y Entre Rios,3,1,0,0,2,0,0,"-32.98547, -60.65086",Calle,,ROSARIO,Rosario,Asfalto,No existe,II,Dentro,Urbana,Ninguna,No existe,Intersección,Bueno,Buena,Diurna,Buen Tiempo,S/D,S/D,Colisión,Ninguna,Faltante,Ninguna,Sin restricción
2018,8233,2018-10-23,Martes,0,17:40:00,,0.0,2,"Pickup/Utilitario,Moto/Ciclomotor",9 de Julio Y Gdor Freyre,3,2,0,0,1,0,0,"-31.58938, -60.94165",Calle,,FRANCK,Las Colonias,Asfalto,Pavimento,XI,Dentro,Urbana,Ninguna,No existe,Intersección,Bueno,Buena,Diurna,Buen Tiempo,Lateral,S/D,Colisión,Ninguna,Faltante,Cordón divisorio,Sin restricción
2018,8235,2018-10-16,Martes,0,12:15:00,,0.0,1,Moto/Ciclomotor,Avda. Jorge Newbery ,2,1,0,0,1,0,0,"-32.03582,-61.21520",Calle,,GÁLVEZ,San Jerónimo,S/D,S/D,XV,S/D,Urbana,S/D,S/D,Recta,S/D,S/D,S/D,S/D,Contra objeto fijo,S/D,Colisión,S/D,S/D,S/D,S/D
2018,8236,2018-10-23,Martes,0,,Ruta Nacional A012,0.0,2,"Automóvil,Pickup/Utilitario",LAS ACACIAS ,3,3,0,0,0,0,0,"-32.91184, -60.89587",Ruta,A012,ROLDÁN,San Lorenzo,Asfalto,Ripio,XVII,S/D,Urbana,Ninguna,No existe,Curva,Bueno,Buena,Diurna,Buen Tiempo,Frontal,S/D,Colisión,Ninguna,Faltante,Ninguna,Sin restricción
2018,8237,2018-10-10,Miercoles,1,09:00:00,,0.0,2,"Moto/Ciclomotor,Pickup/Utilitario",Ayacucho Y Pje. Ferran,3,2,0,0,1,0,0,"-33.006444444444,-60.635916666667",Calle,,ROSARIO,Rosario,Asfalto,No existe,II,Dentro,Urbana,Ninguna,No existe,Intersección,Bueno,Buena,Diurna,Buen Tiempo,Lateral,S/D,Colisión,Ninguna,Faltante,Ninguna,Sin restricción
2018,8238,2018-10-23,Martes,0,17:00:00,,0.0,2,"Moto/Ciclomotor,Bicicleta",Gorriti 1460,2,1,0,0,1,0,0,"-32.9235,-60.682888888889",S/D,,ROSARIO,Rosario,S/D,No existe,II,S/D,S/D,Ninguna,No existe,Recta,Bueno,Buena,Diurna,Buen Tiempo,Otro,Ciclista,Atropello,Ninguna,Faltante,Ninguna,Sin restricción
2018,8239,2018-10-24,Miercoles,0,,,0.0,2,"Moto/Ciclomotor,Automóvil",Sarmiento Y 9 de Julio,5,3,0,0,2,0,0,"-32.051215615166, -61.598867766881",Calle,,CAÑADA ROSQUIN,San Martín,S/D,S/D,XVIII,S/D,Urbana,S/D,S/D,Intersección,S/D,S/D,S/D,S/D,Frontal,S/D,Colisión,S/D,S/D,S/D,S/D
2018,8240,2018-10-23,Martes,0,10:35:00,,0.0,2,"Moto/Ciclomotor,Moto/Ciclomotor",Pasco Y Entre Rios,2,1,0,0,1,0,0,"-32.959055555556,-60.64425",S/D,,ROSARIO,Rosario,S/D,S/D,II,S/D,Urbana,S/D,S/D,Intersección,S/D,S/D,Diurna,S/D,S/D,S/D,Colisión,S/D,S/D,S/D,S/D
2018,8241,2018-10-11,Jueves,0,19:00:00,,0.0,2,"Automóvil,Automóvil",San Martin Y Av. Uriburu,3,1,0,0,2,0,0,"-32.990666666667,-60.646638888889",Avenida,,ROSARIO,Rosario,Asfalto,No existe,II,Dentro,Urbana,Ninguna,Funciona,Intersección,Bueno,Buena,Nocturna,Buen Tiempo,De alcance,S/D,Colisión,Ninguna,Faltante,Ninguna,Sin restricción
2018,8242,2018-10-25,Jueves,0,00:10:00,,0.0,2,"Moto/Ciclomotor,Moto/Ciclomotor",Calle 81 Y Calle 12 San Martin,2,1,0,0,0,0,1,"-29.175,-59.646555555556",Calle,,RECONQUISTA,General Obligado,S/D,S/D,IX,S/D,Urbana,S/D,S/D,Intersección,S/D,S/D,S/D,S/D,S/D,S/D,Colisión,S/D,S/D,S/D,S/D
2018,8243,2018-10-23,Martes,0,19:20:00,,0.0,2,"Automóvil,Automóvil",Ombu Y Cereseto,4,3,0,0,1,0,0,"-33.006722222222,-60.673694444444",Calle,,ROSARIO,Rosario,Asfalto,No existe,II,Dentro,Urbana,S/D,S/D,Intersección,S/D,S/D,Atardecer,S/D,S/D,S/D,Colisión,S/D,S/D,S/D,S/D
2018,8244,2018-10-10,Miercoles,0,08:30:00,,0.0,2,"Moto/Ciclomotor,Transporte de Pasajeros Urbano (> 8 asientos)",Anchorena Y Pavon,2,1,0,0,1,0,0,"-32.997305555556,-60.634305555556",Calle,,ROSARIO,Rosario,Asfalto,No existe,II,Dentro,Urbana,Ninguna,No existe,Intersección,Bueno,Buena,Diurna,Buen Tiempo,Lateral,S/D,Colisión,Ninguna,Faltante,Ninguna,Sin restricción
2018,8245,2018-10-23,Martes,0,21:20:00,,0.0,2,"Moto/Ciclomotor,Moto/Ciclomotor",Cafferata Y Dean Funes,4,2,0,0,0,0,2,"-32.96975,-60.678361111111",Calle,,ROSARIO,Rosario,Asfalto,S/D,II,Dentro,Urbana,S/D,S/D,Intersección,S/D,Buena,"Nocturna,Con luz artificial",S/D,S/D,S/D,Colisión,S/D,S/D,S/D,S/D
2018,8246,2018-10-23,Martes,0,21:15:00,Ruta Provincial 10,0.0,2,"Camión c / Acoplado,Camión Chasis",VIAS FERREAS ,2,0,0,0,0,0,2,"-32.76317, -60.76998",Ruta,10,RICARDONE,San Lorenzo,S/D,S/D,XVII,S/D,S/D,S/D,S/D,S/D,S/D,S/D,S/D,S/D,S/D,S/D,S/D,S/D,S/D,S/D,S/D
2018,8247,2018-10-23,Martes,0,06:40:00,,0.0,2,"Moto/Ciclomotor,Automóvil",Saenz Pe?a 575,2,1,0,0,1,0,0,"-33.017777777778,-60.61525",Calle,,VILLA GOBERNADOR GÁLVEZ,Rosario,Asfalto,No existe,II,Dentro,Urbana,Ninguna,No existe,Recta,Bueno,Buena,Con luz artificial,Buen Tiempo,Lateral,S/D,Colisión,S/D,Faltante,Ninguna,Sin restricción
2018,8248,2018-07-09,Lunes,0,16:00:00,Ruta Nacional 11,0.0,2,"Automóvil,Moto/Ciclomotor",AV DEL PLATA SAN MARTIN NORTE ,3,0,0,0,2,1,0,"-30.14329,-60.33627",Ruta,11,VERA Y PINTADO,San Justo,Asfalto,Natural,XVI,Dentro,Urbana,Ninguna,No existe,Recta,Bueno,S/D,Diurna,S/D,S/D,S/D,Colisión,Ninguna,S/D,Ninguna,Sin restricción
2018,8249,2018-07-14,Sabado,0,19:55:00,Ruta Provincial 6,0.0,2,"Automóvil,Automóvil", ,7,5,0,0,0,2,0,"-31.87026,-61.12951",Ruta,6,GESSLER,San Jerónimo,Asfalto,No existe,XV,Dentro,Urbana,Ninguna,No existe,Recta,Bueno,S/D,Diurna,S/D,Frontal,S/D,Colisión,Ninguna,Faltante,Ninguna,Sin restricción
2018,8250,2018-07-16,Lunes,0,12:20:00,,0.0,2,"Moto/Ciclomotor,Pickup/Utilitario",Azcuenaga Y 7 de marzo,2,0,0,0,1,1,0,"-31.66531,-60.77382",Calle,,SANTO TOMÉ,La Capital,"Asfalto,Tierra",No existe,I,Dentro,Urbana,Ninguna,No existe,Intersección,Bueno,S/D,Diurna,S/D,S/D,S/D,Colisión,Ninguna,Faltante,Ninguna,Sin restricción
2018,8251,2018-08-06,Lunes,0,00:40:00,Autopista Nacional A008,0.0,2,"Peatón,Camión c / Acoplado",Av. Circunvalacion Y Santa Fe,2,0,0,0,1,1,0,"-32.93601,-60.7229",Autopista,A008,ROSARIO,Rosario,Asfalto,S/D,II,Dentro,Urbana,Ninguna,No existe,Pendiente,Bueno,S/D,"Nocturna,Con luz artificial",S/D,S/D,Peatón,Atropello,S/D,S/D,Barrera de hormigón,S/D
2018,8252,2018-07-16,Lunes,0,14:50:00,,0.0,2,"Camión,Moto/Ciclomotor",Gral Artigas Y San Luis,2,0,0,0,1,1,0,"-31.89233,-61.87059",Calle,,SAN JORGE,San Martín,S/D,S/D,XVIII,Dentro,Urbana,Ninguna,S/D,Intersección,S/D,S/D,Diurna,S/D,S/D,S/D,Colisión,S/D,S/D,Ninguna,Sin restricción
2018,8253,2018-07-21,Sabado,0,05:00:00,,0.0,1,Moto/Ciclomotor,Velez Sarfield 495,1,0,0,0,0,1,0,"-31.2546,-61.49772",Calle,,RAFAELA,Castellanos,Asfalto,No existe,V,Dentro,Urbana,Ninguna,No existe,Recta,Bueno,S/D,Diurna,S/D,Contra objeto fijo,S/D,Colisión,Ninguna,Horizontal,Ninguna,Sin restricción
2018,8254,2018-07-24,Martes,0,00:55:00,Ruta Nacional 33,567.0,2,"Camión c / Acoplado,Camión c / Acoplado", ,3,1,1,0,0,1,0,"-34.1291,-62.43162",Ruta,33,AMENÁBAR,General López,Asfalto,Natural,VIII,Dentro,Urbana,Ninguna,No existe,Recta,Bueno,S/D,Nocturna,S/D,Frontal,S/D,Colisión,Ninguna,Faltante,Línea divisoria pintada,Sin restricción
2018,8255,2018-07-25,Miercoles,0,07:00:00,Ruta Nacional 34,0.0,1,Pickup/Utilitario, ,1,0,0,0,0,1,0,"-31.21478,-61.49725",Ruta,34,RAFAELA,Castellanos,Asfalto,Natural,V,Dentro,Urbana,Ninguna,No existe,Recta,S/D,S/D,Diurna,S/D,Contra objeto fijo,S/D,Colisión,S/D,Faltante,Línea divisoria pintada,Sin restricción
2018,8256,2018-07-26,Jueves,0,09:15:00,Ruta Provincial 93,4.0,2,"Pickup/Utilitario,Automóvil", ,2,1,0,0,0,1,0,"-33.7764,-61.36005",Ruta,93,HUGHES,General López,Asfalto,Natural,VIII,Dentro,Rural,Ninguna,No existe,Recta,Resbaladiza,S/D,Diurna,S/D,Frontal,S/D,Colisión,Agua,Faltante,Ninguna,Sin restricción
2018,8257,2018-07-28,Sabado,0,14:50:00,Ruta Nacional 33,703.0,1,Automóvil, ,2,0,0,0,0,2,0,"-33.35168,-61.44668",Ruta,33,VILLADA,Caseros,Asfalto,Natural,IV,Dentro,Urbana,Ninguna,No existe,Recta,Resbaladiza,S/D,Diurna,Lluvia,Contra objeto fijo,S/D,Colisión,Agua,Faltante,Línea divisoria pintada,Sin restricción
2018,8258,2018-07-29,Domingo,0,02:05:00,,0.0,2,"Tren,Peatón", ,2,0,0,0,1,1,0,"-31.6169,-61.92927",Calle,,ESMERALDA,Castellanos,S/D,No existe,V,S/D,Urbana,Ninguna,S/D,Paso a Nivel FFCC,S/D,S/D,Nocturna,S/D,S/D,Peatón,Atropello,S/D,S/D,S/D,Sin restricción