anio_acci,nro_acci,fecha,desc_dia,fecha_aprox,hora_aprox,desc_ruta,km,cant_participantes,desc_participante,calle_avenida_km,total,heridos_leves,heridos_graves,heridos_gravisimos,ilesos,fallecidos,sin_datos,posicion_XY,desc_tipo_via,desc_ruta_ori,desc_loc,desc_dpto,desc_tipo_calzada,desc_tipo_banquina,desc_unidad_regional,desc_lugar_calzada,desc_zona,desc_prioridad,desc_estado_semaforo,desc_lugar_via,desc_estado_via,desc_estado_visibilidad,desc_luminosidad,desc_estado_clima,desc_tipo_colision,desc_tipo_atropello,desc_tipo_hecho,desc_pres_calzada,desc_senializacion,desc_separacion_via,desc_restriccion
2018,8259,2018-07-15,Domingo,0,04:55:00,Ruta Nacional 9,380.0,2,"Pickup/Utilitario,Automóvil", ,6,0,0,0,2,4,0,"-32.80401,-61.43086",Ruta,9,CAÑADA DE GÓMEZ,Iriondo,Asfalto,Pavimento,X,Dentro,Rural,Ninguna,No existe,Recta,Bueno,S/D,Nocturna,S/D,Frontal,S/D,Colisión,Ninguna,Faltante,Ninguna,Sin restricción
2018,8260,2018-07-20,Viernes,0,10:25:00,,0.0,1,Pickup/Utilitario,Carlota Jaubin Y Bv. Colon,1,0,0,0,0,1,0,"-33.44768,-61.49265",Calle,,FIRMAT,General López,S/D,S/D,VIII,Dentro,Urbana,S/D,S/D,Intersección,S/D,S/D,Diurna,S/D,S/D,S/D,"Vuelco,Despiste",S/D,S/D,S/D,S/D
2018,8261,2018-07-19,Jueves,0,15:30:00,Ruta Nacional 19,128.0,2,"Camión,Bicicleta", ,2,0,0,0,1,1,0,"-31.4231,-62.05615",Ruta,19,FRONTERA,Castellanos,Asfalto,Natural,V,Dentro,Urbana,Ninguna,No existe,Recta,Bueno,S/D,Diurna,S/D,S/D,Ciclista,Atropello,Ninguna,Faltante,Línea divisoria pintada,Sin restricción
2018,8262,2018-07-28,Sabado,0,20:00:00,,0.0,2,"Moto/Ciclomotor,Peatón",Lamadrid Y Gdor Crespo,2,1,0,0,0,1,0,"-31.63757,-60.72607",Calle,,SANTA FE,La Capital,S/D,S/D,I,Dentro,Urbana,S/D,S/D,Intersección,S/D,S/D,Diurna,S/D,S/D,Peatón,Atropello,S/D,S/D,S/D,S/D
2018,8263,2018-07-13,Viernes,0,18:00:00,Ruta Nacional 11,0.0,1,Moto/Ciclomotor, ,2,0,1,0,0,1,0,"-32.815242,-60.716611",Ruta,11,CAPITÁN BERMÚDEZ,San Lorenzo,Asfalto,S/D,XVII,Dentro,Urbana,S/D,S/D,Recta,S/D,S/D,Diurna,S/D,S/D,S/D,Caída ocupante,S/D,S/D,S/D,S/D
2018,8264,2018-07-14,Sabado,0,04:50:00,Ruta Provincial 70,72.0,1,Moto/Ciclomotor, ,1,0,0,0,0,1,0,"-31.28182,-61.41189",Ruta,70,BELLA ITALIA,Castellanos,Asfalto,S/D,V,Dentro,Urbana,S/D,S/D,Recta,S/D,S/D,Nocturna,S/D,S/D,S/D,Caída ocupante,S/D,S/D,S/D,Sin restricción
2018,8265,2018-07-24,Martes,0,11:00:00,,0.0,2,"Tractor,Moto/Ciclomotor",Calle 21 Y Calle 8,3,1,0,0,1,1,0,"-29.122694444444,-59.661944444444",Calle,,AVELLANEDA,General Obligado,Asfalto,S/D,IX,Dentro,Urbana,S/D,S/D,Intersección,S/D,S/D,Diurna,S/D,Lateral,S/D,Colisión,S/D,S/D,S/D,S/D
2018,8266,2018-07-24,Martes,0,17:00:00,Ruta Nacional 11,0.0,2,"Camión c / Acoplado,Moto/Ciclomotor",7 de marzo Y Avenida General Bartolome Mitr,2,0,0,0,1,1,0,"-31.667787,-60.753399",Ruta,11,SANTO TOMÉ,La Capital,Hormigón,No existe,I,Dentro,Urbana,Ninguna,No existe,Intersección,Bueno,Buena,Diurna,S/D,Frontal,S/D,Colisión,Ninguna,Vertical,Ninguna,Sin restricción
2018,8267,2018-07-15,Domingo,0,04:40:00,,0.0,1,Moto/Ciclomotor,Av San Martin Y Francia,1,0,0,0,0,1,0,"-32.725111111111,-60.732527777778",Calle,,SAN LORENZO,San Lorenzo,Hormigón,No existe,XVII,Dentro,Urbana,Ninguna,No existe,Recta,Bueno,Buena,"Nocturna,Con luz artificial",S/D,S/D,S/D,Caída ocupante,Ninguna,S/D,Ninguna,Sin restricción
2018,8268,2018-10-25,Jueves,0,,,0.0,2,"Automóvil,Moto/Ciclomotor", ,3,2,0,0,1,0,0,"-31.5872, -60.93837",S/D,,FRANCK,Las Colonias,S/D,S/D,XI,S/D,S/D,S/D,S/D,S/D,S/D,S/D,S/D,S/D,S/D,S/D,Colisión,S/D,S/D,S/D,S/D
2018,8269,2018-10-25,Jueves,0,,Ruta Provincial 64,0.0,2,"Moto/Ciclomotor,Bicicleta", ,2,2,0,0,0,0,0,"-31.96717, -60.9319",Ruta,64,CORONDA,San Jerónimo,S/D,S/D,XV,S/D,Urbana,S/D,S/D,Recta,S/D,S/D,S/D,S/D,S/D,Ciclista,Atropello,S/D,S/D,S/D,S/D
2018,8270,2018-10-25,Jueves,0,,,0.0,2,"Pickup/Utilitario,Moto/Ciclomotor",Gral Guemes Y San Juan,2,1,0,0,1,0,0,"-31.89963, -61.85314",Calle,,SAN JORGE,San Martín,S/D,S/D,XVIII,S/D,Urbana,S/D,S/D,Intersección,S/D,S/D,S/D,S/D,S/D,S/D,Colisión,S/D,S/D,S/D,S/D
2018,8271,2018-10-10,Miercoles,0,07:50:00,,0.0,2,"Moto/Ciclomotor,Automóvil",Saavedra Y Callao,2,1,0,0,1,0,0,"-32.974,-60.668027777778",Calle,,ROSARIO,Rosario,Asfalto,No existe,II,Dentro,Urbana,Ninguna,No existe,Intersección,Bueno,Buena,Diurna,Buen Tiempo,Lateral,S/D,Colisión,Ninguna,Faltante,Ninguna,Sin restricción
2018,8272,2018-10-26,Viernes,0,,,0.0,2,"Automóvil,Moto/Ciclomotor", ,2,0,1,0,1,0,0,"-33.40142, -61.84362",S/D,,GODEKEN,Caseros,S/D,S/D,IV,S/D,S/D,S/D,S/D,S/D,S/D,S/D,S/D,S/D,S/D,S/D,Colisión,S/D,S/D,S/D,S/D
2018,8273,2018-10-12,Viernes,0,21:00:00,,0.0,2,"Moto/Ciclomotor,Automóvil",Entre Rios Y Milan,2,1,0,0,1,0,0,"-32.990055555556,-60.652083333333",Calle,,ROSARIO,Rosario,Asfalto,No existe,II,Dentro,Urbana,Ninguna,No existe,Intersección,Bueno,Buena,Nocturna,Buen Tiempo,Lateral,S/D,Colisión,Ninguna,Faltante,Ninguna,Sin restricción
2018,8274,2018-10-26,Viernes,0,,,0.0,1,Moto/Ciclomotor,Brig Juan Manuel de Rosas Y Carlos Silvestre Begnis,1,1,0,0,0,0,0,"-29.236255818911, -61.766556492139",Calle,,TOSTADO,9 de Julio,S/D,S/D,XII,S/D,Urbana,S/D,S/D,Intersección,S/D,S/D,S/D,S/D,S/D,S/D,Caída ocupante,S/D,S/D,S/D,S/D
2018,8275,2018-10-15,Lunes,0,15:20:00,,0.0,2,"Moto/Ciclomotor,Automóvil",Piedras Y Balcarce,2,1,0,0,1,0,0,"-33.007333333333,-60.663194444444",Calle,,ROSARIO,Rosario,Asfalto,No existe,II,Dentro,Urbana,Ninguna,S/D,Intersección,S/D,Buena,Diurna,S/D,S/D,S/D,Colisión,S/D,Faltante,S/D,Sin restricción
2018,8276,2018-10-06,Sabado,0,11:20:00,,0.0,2,"Moto/Ciclomotor,Bicicleta",Nicasio Oro?o 600,2,2,0,0,0,0,0,"-31.667194444444,-60.72225",Calle,,SANTA FE,La Capital,Asfalto,S/D,I,S/D,Urbana,Ninguna,No existe,Recta,Bueno,Buena,Diurna,Buen Tiempo,S/D,Ciclista,Atropello,Ninguna,Faltante,Ninguna,Sin restricción
2018,8277,2018-10-26,Viernes,0,13:45:00,,0.0,2,"Moto/Ciclomotor,Peatón",Av San Lorenzo Y Chubut,2,2,0,0,0,0,0,"-32.811305555556,-60.717833333333",Calle,,CAPITÁN BERMÚDEZ,San Lorenzo,S/D,S/D,XVII,S/D,Urbana,S/D,S/D,Intersección,S/D,S/D,S/D,S/D,S/D,Peatón,Atropello,S/D,S/D,S/D,S/D
2018,8278,2018-10-06,Sabado,0,21:00:00,,0.0,2,"Pickup/Utilitario,Moto/Ciclomotor",Quintana Y 9 de Julio,3,2,0,0,1,0,0,"-31.622194444444,-60.702138888889",Calle,,SANTA FE,La Capital,Asfalto,Pavimento,I,S/D,Urbana,Ninguna,No existe,Intersección,Bueno,Buena,Nocturna,Buen Tiempo,Lateral,S/D,Colisión,S/D,Vertical,Línea divisoria pintada,Sin restricción
2018,8279,2018-10-12,Viernes,0,09:00:00,,0.0,2,"Automóvil,Moto/Ciclomotor",Av. Francia ,2,1,0,0,1,0,0,"-32.96711, -60.6719",Calle,,ROSARIO,Rosario,Asfalto,No existe,II,S/D,Urbana,S/D,S/D,Intersección,S/D,Buena,Diurna,S/D,S/D,S/D,Colisión,Ninguna,S/D,Cordón divisorio,Sin restricción
2018,8280,2018-10-06,Sabado,0,00:30:00,,0.0,2,"Moto/Ciclomotor,Pickup/Utilitario",Av A del Valle Y Fray Mamerto Esquiu,2,0,1,0,1,0,0,"-31.615,-60.696888888889",Calle,,SANTA FE,La Capital,Asfalto,Pavimento,I,S/D,Urbana,Semáforo,Funciona,Intersección,Bueno,Buena,Nocturna,Buen Tiempo,Lateral,S/D,Colisión,S/D,Vertical,Línea divisoria pintada,Sin restricción
2018,8281,2018-10-27,Sabado,0,19:30:00,,0.0,2,"Pickup/Utilitario,Moto/Ciclomotor",Saavedra Y Mariano Moreno,2,1,0,0,1,0,0,"-32.975694444444,-60.6585",Calle,,ROSARIO,Rosario,S/D,S/D,II,S/D,Urbana,S/D,S/D,Intersección,S/D,S/D,S/D,S/D,S/D,S/D,Colisión,S/D,S/D,S/D,S/D
2018,8282,2018-10-26,Viernes,0,,,0.0,2,"Pickup/Utilitario,Automóvil", ,2,1,0,0,1,0,0,"-33.04682, -61.16848",S/D,,CASILDA,Caseros,S/D,S/D,IV,S/D,S/D,S/D,S/D,S/D,S/D,S/D,S/D,S/D,S/D,S/D,Colisión,S/D,S/D,S/D,S/D
2018,8283,2018-10-06,Sabado,0,17:00:00,,0.0,2,"Moto/Ciclomotor,Automóvil",French Y Las Heras,2,1,0,0,1,0,0,"-31.593972222222,-60.685027777778",Calle,,SANTA FE,La Capital,Asfalto,No existe,I,Dentro,Urbana,Ninguna,No existe,Intersección,Bueno,Reducida,Diurna,Buen Tiempo,Frontal,S/D,Colisión,Ninguna,Faltante,Ninguna,Sin restricción
2018,8284,2018-10-27,Sabado,0,,Ruta Provincial Brigadier E.López,82.0,1,Moto/Ciclomotor, ,1,1,0,0,0,0,0,"-32.24131, -60.99504",Ruta,Brigadier E.López,BARRANCAS,San Jerónimo,S/D,S/D,XV,S/D,Urbana,S/D,S/D,S/D,S/D,S/D,S/D,S/D,S/D,S/D,S/D,S/D,S/D,S/D,S/D
2018,8285,2018-10-06,Sabado,0,19:50:00,,0.0,3,"Pickup/Utilitario,Automóvil,Moto/Ciclomotor",Gorriti Y Europa,4,1,0,0,3,0,0,"-31.585055555556,-60.716111111111",Calle,,SANTA FE,La Capital,S/D,Ripio,I,S/D,Urbana,S/D,S/D,S/D,S/D,S/D,Nocturna,S/D,S/D,S/D,Colisión,S/D,S/D,S/D,S/D
2018,8286,2018-10-14,Domingo,0,14:40:00,,0.0,2,"Vehículo Oficial,Moto/Ciclomotor",Cazadores Y Melian,3,2,0,0,1,0,0,"-33.004333333333,-60.659777777778",Calle,,ROSARIO,Rosario,Asfalto,S/D,II,Dentro,Urbana,S/D,S/D,Intersección,S/D,Buena,Diurna,S/D,S/D,S/D,Colisión,S/D,S/D,S/D,Sin restricción
2018,8287,2018-10-27,Sabado,0,,Ruta Provincial 3,97.0,1,Moto/Ciclomotor, ,2,2,0,0,0,0,0,"-28.61398, -60.04462",Ruta,3,GOLONDRINA,Vera,S/D,S/D,XIX,S/D,Urbana,S/D,S/D,S/D,S/D,S/D,S/D,S/D,Atropello animal,S/D,"Caída ocupante,Atropello",S/D,S/D,S/D,S/D
2018,8288,2018-10-26,Viernes,0,15:15:00,,0.0,2,"Moto/Ciclomotor,Automóvil",Alvear ,2,1,0,0,1,0,0,"-33.05743, -60.61859",Calle,,ROSARIO,Rosario,S/D,S/D,II,S/D,Urbana,S/D,S/D,Recta,S/D,S/D,S/D,S/D,S/D,S/D,Colisión,S/D,S/D,S/D,S/D
2018,8289,2018-10-28,Domingo,0,,,0.0,2,"Moto/Ciclomotor,Automóvil",San Martin Y Garibaldi,2,1,0,0,0,0,1,"-32.986333333333,-60.645888888889",Calle,,ROSARIO,Rosario,S/D,S/D,II,S/D,Urbana,S/D,S/D,Intersección,S/D,S/D,S/D,S/D,S/D,S/D,Colisión,S/D,S/D,S/D,S/D
2018,8290,2018-10-06,Sabado,0,03:00:00,,0.0,2,"Automóvil,Moto/Ciclomotor",Moreno Y Paso de los Andes,2,0,1,0,1,0,0,"-32.471583333333,-61.579138888889",Calle,,LAS ROSAS,Belgrano,Hormigón,No existe,III,Dentro,Urbana,Ninguna,No existe,Intersección,S/D,Reducida,"Nocturna,Con luz artificial",Buen Tiempo,Lateral,S/D,Colisión,S/D,S/D,Ninguna,Sin restricción
2018,8291,2018-10-13,Sabado,0,13:45:00,,0.0,2,"Moto/Ciclomotor,Pickup/Utilitario",Rivadavia Y Av. Francia,2,1,0,0,1,0,0,"-32.98908, -60.67763",Avenida,,ROSARIO,Rosario,Asfalto,No existe,II,Dentro,Urbana,Ninguna,S/D,Intersección,Bueno,Buena,Diurna,S/D,S/D,S/D,Colisión,S/D,S/D,Cordón divisorio,Sin restricción
2018,8292,2018-10-06,Sabado,0,08:00:00,Ruta Nacional A012,0.0,2,"Automóvil,Automóvil", ,2,1,0,0,1,0,0,"-32.91188, -60.89586",Ruta,A012,ROLDÁN,San Lorenzo,"Asfalto,Tierra",Ripio,XVII,Dentro,Urbana,Ninguna,No existe,Intersección,Bueno,Buena,Diurna,Buen Tiempo,Lateral,S/D,Colisión,Ninguna,Faltante,Ninguna,Sin restricción
2018,8293,2018-10-13,Sabado,0,15:00:00,,0.0,2,"Moto/Ciclomotor,Automóvil",Pje. Cagancha Y Av. Francia,2,1,0,0,1,0,0,"-32.981944444444,-60.675888888889",Avenida,,ROSARIO,Rosario,Asfalto,No existe,II,S/D,Urbana,Ninguna,No existe,Intersección,S/D,Buena,Diurna,S/D,S/D,S/D,Colisión,S/D,S/D,S/D,Sin restricción
2018,8294,2018-10-06,Sabado,0,21:30:00,,0.0,2,"Automóvil,Moto/Ciclomotor",Avda Roque Saenz Pe?a Y Pasaje 2,2,1,0,0,1,0,0,"-32.78537, -60.73175",Calle,,FRAY LUIS BELTRÁN,San Lorenzo,Ripio,No existe,XVII,S/D,Urbana,Ninguna,No existe,Intersección,Ahuellamiento,Buena,S/D,Buen Tiempo,Lateral,S/D,Colisión,Material Suelto,Faltante,Ninguna,Sin restricción
2018,8295,2018-10-13,Sabado,0,12:20:00,,0.0,2,"Automóvil,Moto/Ciclomotor",Sanchez de Bustamante 2700,2,1,0,0,1,0,0,"-33.001555555556,-60.635555555556",Calle,,ROSARIO,Rosario,Asfalto,No existe,II,Dentro,Urbana,S/D,S/D,Intersección,S/D,Buena,Diurna,S/D,S/D,S/D,Colisión,S/D,S/D,S/D,Sin restricción
2018,8296,2018-10-21,Domingo,0,16:20:00,Ruta Nacional 8,348.0,1,Automóvil, ,1,1,0,0,0,0,0,"-33.75148, -61.9767",Ruta,8,VENADO TUERTO,General López,S/D,S/D,VIII,S/D,S/D,S/D,S/D,S/D,S/D,S/D,S/D,S/D,S/D,S/D,Despiste,S/D,S/D,S/D,S/D
2018,8297,2018-10-06,Sabado,0,10:30:00,,0.0,2,"Pickup/Utilitario,Moto/Ciclomotor",Primera Junta Y A Rossi,2,1,0,0,1,0,0,"-31.415283528876, -60.332216315136",Calle,,SANTA ROSA DE CALCHINES,Garay,Asfalto,Pavimento,VII,Dentro,Urbana,Ninguna,No existe,Intersección,Bueno,Buena,Diurna,Buen Tiempo,De alcance,S/D,Colisión,Ninguna,Faltante,Ninguna,Sin restricción
2018,8298,2018-10-06,Sabado,0,18:00:00,,0.0,2,"Pickup/Utilitario,Peatón",Pacu ,2,1,0,0,0,0,1,"-31.49465, -60.4327",Calle,,LOS ZAPALLOS,Garay,Arena,No existe,VII,S/D,Urbana,Ninguna,No existe,Recta,Otro,Buena,Diurna,Buen Tiempo,Lateral,Peatón,Atropello,Ninguna,Faltante,Ninguna,Sin restricción
2018,8299,2018-08-08,Miercoles,0,09:05:00,Ruta Nacional 8,332.0,2,"Automóvil,Automóvil", ,4,2,1,0,0,1,0,"-33.84474,-61.70664",Ruta,8,SANTA ISABEL,General López,Asfalto,Natural,VIII,Dentro,Rural,Ninguna,No existe,Recta,"Bueno,Resbaladiza",Reducida,Diurna,Viento Fuerte,Frontal,S/D,Colisión,Agua,Vertical,Línea divisoria pintada,Sin restricción
2018,8300,2018-08-10,Viernes,0,22:07:00,,0.0,1,Automóvil,Calle limite imaginario ,3,0,2,0,0,1,0,"-33.28344,-60.40766",Camino Rural,,EMPALME VILLA CONSTITUCIÓN,Constitución,Tierra,Natural,VI,Fuera,Rural,Ninguna,No existe,Curva,Otro,Reducida,Nocturna,Buen Tiempo,S/D,S/D,Vuelco,Ninguna,Faltante,Ninguna,Sin restricción
2018,8301,2018-08-10,Viernes,0,20:10:00,,0.0,1,Moto/Ciclomotor, ,1,0,0,0,0,1,0,"-30.50773,-61.97821",Camino Rural,,SUARDI,San Cristóbal,Tierra,Natural,XIII,S/D,Rural,S/D,S/D,Recta,Bueno,S/D,Nocturna,S/D,Atropello animal,S/D,Colisión,Ninguna,S/D,S/D,S/D
2018,8302,2018-08-11,Sabado,0,06:05:00,Ruta Nacional 11,729.0,2,"Transporte de Pasajeros Larga Distancia (Piso  y  1/2),Pickup/Utilitario", ,3,1,0,0,1,1,0,"-29.43884,-60.13534",Ruta,11,VERA,Vera,Asfalto,Natural,XIX,Dentro,Rural,Ninguna,No existe,Recta,Bueno,Buena,Amanecer,Buen Tiempo,Frontal,S/D,Colisión,Ninguna,Faltante,Ninguna,Sin restricción
2018,8303,2018-08-17,Viernes,0,14:25:00,Ruta Nacional 11,337.0,2,"Moto/Ciclomotor,Camión Chasis", ,2,0,0,0,1,1,0,"-32.68273,-60.78055",Ruta,11,TIMBÚES,San Lorenzo,Asfalto,Natural,XVII,Dentro,Urbana,Ninguna,No existe,Recta,Otro,Buena,Diurna,Buen Tiempo,De alcance,S/D,Colisión,Ninguna,Vertical,Ninguna,Sin restricción
2018,8304,2018-10-12,Viernes,0,12:40:00,,0.0,2,"Automóvil,Bicicleta",Callao Y Rivadavia,3,1,0,0,2,0,0,"-32.99008, -60.67208",Calle,,ROSARIO,Rosario,Asfalto,No existe,II,Dentro,Urbana,Ninguna,S/D,Intersección,Bueno,Buena,Diurna,S/D,S/D,Ciclista,Atropello,S/D,S/D,S/D,Sin restricción
2018,8305,2018-10-06,Sabado,0,11:30:00,,0.0,2,"Moto/Ciclomotor,Moto/Ciclomotor",Bordabhere Y San Nicolas,2,1,0,0,1,0,0,"-33.028111111111,-60.639833333333",Calle,,VILLA GOBERNADOR GÁLVEZ,Rosario,Asfalto,Pavimento,II,S/D,Urbana,Ninguna,No existe,Intersección,Con baches,Buena,Diurna,Buen Tiempo,S/D,S/D,Colisión,Ninguna,Faltante,Ninguna,Sin restricción
2018,8306,2018-10-12,Viernes,0,21:10:00,,0.0,2,"Moto/Ciclomotor,Automóvil",Bv. Avellaneda Y Uruguay,2,1,0,0,1,0,0,"-32.969444444444,-60.68675",Avenida,,ROSARIO,Rosario,Asfalto,S/D,II,Dentro,Urbana,Ninguna,S/D,Intersección,Bueno,S/D,Nocturna,Buen Tiempo,S/D,S/D,Colisión,S/D,S/D,Cordón divisorio,S/D
2018,8307,2018-10-06,Sabado,0,17:25:00,,0.0,2,"Automóvil,Bicicleta",Saenz Pe?a Y Alvear,2,1,0,0,1,0,0,"-33.017638888889,-60.611444444444",Calle,,VILLA GOBERNADOR GÁLVEZ,Rosario,Asfalto,No existe,II,S/D,Urbana,Ninguna,No existe,Recta,Bueno,Buena,Diurna,Buen Tiempo,S/D,Ciclista,Atropello,Ninguna,Faltante,Ninguna,Sin restricción
2018,8308,2018-10-11,Jueves,0,,,0.0,2,"Automóvil,Transporte de Pasajeros Urbano (> 8 asientos)",Av. Pte.Peron 6800,2,1,0,0,1,0,0,"-32.96856, -60.71272",Avenida,,ROSARIO,Rosario,Asfalto,No existe,II,Dentro,Urbana,Semáforo,Funciona,Intersección,Bueno,Buena,"Nocturna,Con luz artificial",Buen Tiempo,Lateral,S/D,Colisión,Ninguna,"Horizontal,Vertical",Cordón divisorio,Sin restricción
2018,8309,2018-10-18,Jueves,0,23:00:00,,0.0,2,"Pickup/Utilitario,Moto/Ciclomotor",Danieri 3000,5,1,1,0,3,0,0,"-32.964861111111,-60.723611111111",Calle,,ROSARIO,Rosario,Asfalto,No existe,II,Dentro,Urbana,Ninguna,No existe,Intersección,Con baches,Buena,Nocturna,Buen Tiempo,De alcance,S/D,Colisión,Ninguna,Faltante,Ninguna,Sin restricción
2018,8310,2018-10-06,Sabado,0,01:35:00,,0.0,2,"Automóvil,Pickup/Utilitario",Ruta Nacional 9 Y Mitre,2,2,0,0,0,0,0,"-32.922912946502, -60.800668074456",Calle,,FUNES,Rosario,Asfalto,Natural,II,Dentro,Urbana,Semáforo,Funciona,Intersección,Bueno,Buena,"Nocturna,Con luz artificial",Buen Tiempo,S/D,S/D,Colisión,Ninguna,Vertical,S/D,Sin restricción
2018,8311,2018-10-19,Viernes,0,19:55:00,,0.0,2,"Moto/Ciclomotor,Automóvil",Calle 77 Y Calle 12 San Martin,2,1,0,0,1,0,0,"-29.173527777778,-59.646416666667",S/D,,RECONQUISTA,General Obligado,S/D,S/D,IX,S/D,S/D,S/D,S/D,S/D,S/D,S/D,S/D,S/D,S/D,S/D,S/D,S/D,S/D,S/D,S/D
2018,8312,2018-10-28,Domingo,0,06:10:00,Ruta Nacional 11,0.0,1,Automóvil,Moreno ,1,1,0,0,0,0,0,"-32.58895, -60.84841",Ruta,11,OLIVEROS,Iriondo,S/D,S/D,X,S/D,Urbana,S/D,S/D,Intersección,S/D,S/D,S/D,S/D,S/D,S/D,Vuelco,S/D,S/D,S/D,S/D
2018,8313,2018-10-13,Sabado,0,05:40:00,,0.0,1,Moto/Ciclomotor,Riobamba ,1,0,1,0,0,0,0,"-32.96558, -60.62789",Calle,,ROSARIO,Rosario,Asfalto,No existe,II,Dentro,Urbana,Ninguna,No existe,Intersección,Con baches,Buena,Nocturna,Buen Tiempo,Otro,S/D,Despiste,Ninguna,Faltante,Ninguna,Sin restricción
2018,8314,2018-10-29,Lunes,0,03:00:00,,0.0,2,"Bicicleta,Moto/Ciclomotor",Biedma Y Rodriguez,2,0,1,0,1,0,0,"-32.977666666667,-60.667555555556",Calle,,ROSARIO,Rosario,S/D,S/D,II,S/D,Urbana,S/D,S/D,Intersección,S/D,S/D,S/D,S/D,S/D,Ciclista,Atropello,S/D,S/D,S/D,S/D
2018,8315,2018-10-06,Sabado,0,20:20:00,Autopista Nacional Gral. Juan Jose Valle,280.0,1,Moto/Ciclomotor, ,3,3,0,0,0,0,0,"-33.08425, -60.63213",Autopista,Gral. Juan José Valle,ALVEAR,Rosario,Asfalto,Natural,II,Dentro,Rural,Ninguna,No existe,Curva,Bueno,Reducida,Nocturna,Buen Tiempo,Contra objeto fijo,S/D,Colisión,Ninguna,S/D,Línea divisoria pintada,S/D
2018,8316,2018-10-19,Viernes,0,17:45:00,,0.0,2,"Moto/Ciclomotor,Automóvil",Roca Pte 2176,2,1,0,0,1,0,0,"-29.159888888889,-59.645861111111",S/D,,RECONQUISTA,General Obligado,S/D,S/D,IX,S/D,S/D,S/D,S/D,S/D,S/D,S/D,S/D,S/D,S/D,S/D,S/D,S/D,S/D,S/D,S/D
2018,8317,2018-10-29,Lunes,0,08:00:00,,0.0,1,Automóvil,Mitre 1600,1,1,0,0,0,0,0,"-32.955888888889,-60.642",Calle,,ROSARIO,Rosario,S/D,S/D,II,S/D,Urbana,S/D,S/D,Intersección,S/D,S/D,S/D,S/D,Contra objeto fijo,S/D,Colisión,S/D,S/D,S/D,S/D
2018,8318,2018-10-06,Sabado,0,17:45:00,,0.0,2,"Automóvil,Moto/Ciclomotor",Avenida Pellegrini Y Italia,3,2,0,0,1,0,0,"-33.05925,-60.616333333333",Calle,,ALVEAR,Rosario,Tierra,No existe,II,Dentro,Urbana,Ninguna,No existe,Intersección,Bueno,Buena,Diurna,Buen Tiempo,Lateral,S/D,Colisión,Ninguna,S/D,Ninguna,S/D
2018,8319,2018-10-29,Lunes,0,,,0.0,1,Moto/Ciclomotor,Bvard Espa?a 535,1,0,0,1,0,0,0,"-29.88183,-61.93731",Calle,,CERES,San Cristóbal,S/D,S/D,XIII,S/D,Urbana,S/D,S/D,Recta,S/D,S/D,S/D,S/D,S/D,S/D,Caída ocupante,S/D,S/D,S/D,S/D
2018,8320,2018-10-06,Sabado,0,17:55:00,,0.0,4,"Vehículo Oficial,Automóvil,Automóvil,Automóvil",Libertad 900,5,2,0,0,3,0,0,"-33.020916666667,-60.625055555556",Calle,,VILLA GOBERNADOR GÁLVEZ,Rosario,Asfalto,No existe,II,Dentro,Urbana,Ninguna,No existe,Recta,Bueno,Buena,Diurna,Buen Tiempo,Múltiple,S/D,Colisión,Ninguna,Faltante,Ninguna,Sin restricción
2018,8321,2018-10-17,Miercoles,0,16:15:00,Ruta Nacional 11,703.0,1,Pickup/Utilitario, ,1,0,1,0,0,0,0,"-29.68858, -60.24716",Ruta,11,MARGARITA,Vera,S/D,S/D,XIX,S/D,S/D,S/D,S/D,S/D,S/D,S/D,S/D,S/D,S/D,S/D,Vuelco,S/D,S/D,S/D,S/D
2018,8322,2018-10-13,Sabado,0,12:50:00,Autopista Nacional A008,0.0,2,"Moto/Ciclomotor,Automóvil",Av. Circunvalacion Y Av. Uriburu,3,1,0,0,2,0,0,"-32.99236, -60.70242",Autopista,A008,ROSARIO,Rosario,Asfalto,Pavimento,II,Dentro,Urbana,Señal Pare,No existe,Intersección,Bueno,Buena,Diurna,Buen Tiempo,Otro,S/D,Colisión,Ninguna,Horizontal,Ninguna,Sin restricción
2018,8323,2018-10-06,Sabado,0,23:50:00,,0.0,1,Moto/Ciclomotor,Guido y Spano Y Av Gral San Martin,1,1,0,0,0,0,0,"-33.021437679872, -60.629295250339",Calle,,VILLA GOBERNADOR GÁLVEZ,Rosario,Asfalto,No existe,II,Dentro,Urbana,Ninguna,No existe,Intersección,Bueno,Buena,"Nocturna,Con luz artificial",Buen Tiempo,Contra objeto fijo,S/D,Colisión,Ninguna,Faltante,Ninguna,Sin restricción
2018,8324,2018-10-06,Sabado,0,08:55:00,,0.0,2,"Moto/Ciclomotor,Taxi/Remis",Av. Eva Peron Y Sanchez de Loria,2,1,0,0,1,0,0,"-32.929611111111,-60.732138888889",Calle,,ROSARIO,Rosario,Asfalto,No existe,II,Dentro,Urbana,Ninguna,S/D,Intersección,Bueno,Buena,Diurna,Buen Tiempo,S/D,S/D,Colisión,Ninguna,S/D,Ninguna,Sin restricción
2018,8325,2018-10-12,Viernes,0,22:45:00,,0.0,2,"Moto/Ciclomotor,Automóvil",Av. De Las Palmeras 3600,3,0,0,2,1,0,0,"-32.97167, -60.73403",Avenida,,ROSARIO,Rosario,Asfalto,No existe,II,Dentro,Urbana,S/D,No existe,Intersección,Bueno,Buena,"Nocturna,Con luz artificial",S/D,S/D,S/D,Colisión,S/D,Faltante,S/D,S/D
2018,8326,2018-10-06,Sabado,0,18:30:00,,0.0,2,"Taxi/Remis,Automóvil",Solis Bis 300,4,2,0,0,2,0,0,"-32.92575,-60.703972222222",Calle,,ROSARIO,Rosario,S/D,S/D,II,S/D,Urbana,S/D,S/D,Intersección,S/D,Buena,S/D,S/D,Lateral,S/D,Colisión,S/D,S/D,S/D,S/D
2018,8327,2018-10-06,Sabado,0,12:00:00,,0.0,2,"Bicicleta,Automóvil",Velez Sarsfield Y Campbell Bis,2,1,0,0,1,0,0,"-32.925861111111,-60.708583333333",Calle,,ROSARIO,Rosario,Asfalto,S/D,II,S/D,Urbana,S/D,S/D,Intersección,Bueno,Buena,S/D,Buen Tiempo,Lateral,Ciclista,Atropello,S/D,S/D,S/D,S/D
2018,8328,2018-10-06,Sabado,0,10:25:00,,0.0,2,"Automóvil,Moto/Ciclomotor",Av. Eva Peron Y Dr.Maradona Bis,2,1,0,0,1,0,0,"-32.926416666667,-60.752194444444",Avenida,,ROSARIO,Rosario,Asfalto,No existe,II,Dentro,Urbana,Ninguna,S/D,Intersección,Bueno,Buena,Diurna,Buen Tiempo,S/D,S/D,Colisión,Ninguna,S/D,Ninguna,Sin restricción