anio_acci,nro_acci,fecha,desc_dia,fecha_aprox,hora_aprox,desc_ruta,km,cant_participantes,desc_participante,calle_avenida_km,total,heridos_leves,heridos_graves,heridos_gravisimos,ilesos,fallecidos,sin_datos,posicion_XY,desc_tipo_via,desc_ruta_ori,desc_loc,desc_dpto,desc_tipo_calzada,desc_tipo_banquina,desc_unidad_regional,desc_lugar_calzada,desc_zona,desc_prioridad,desc_estado_semaforo,desc_lugar_via,desc_estado_via,desc_estado_visibilidad,desc_luminosidad,desc_estado_clima,desc_tipo_colision,desc_tipo_atropello,desc_tipo_hecho,desc_pres_calzada,desc_senializacion,desc_separacion_via,desc_restriccion
2018,8329,2018-10-26,Viernes,0,16:40:00,Ruta Secundaria 40-s,54.0,1,Moto/Ciclomotor, ,2,2,0,0,0,0,0,"-29.08738, -60.27477",Ruta,40-s,FORTÍN OLMOS,Vera,S/D,S/D,XIX,S/D,Urbana,S/D,S/D,Recta,S/D,S/D,S/D,S/D,S/D,S/D,Caída ocupante,S/D,S/D,S/D,S/D
2018,8330,2018-10-28,Domingo,0,22:05:00,Ruta Provincial 3,302.0,1,Moto/Ciclomotor, ,2,2,0,0,0,0,0,"-28.9524, -60.13367",Ruta,3,GARABATO,Vera,S/D,S/D,XIX,S/D,Urbana,S/D,S/D,S/D,S/D,S/D,S/D,S/D,Atropello animal,S/D,"Caída ocupante,Atropello",S/D,S/D,S/D,S/D
2018,8331,2018-10-11,Jueves,0,16:30:00,Autopista Nacional Rosario -Cordoba,300.0,1,Automóvil, ,2,2,0,0,0,0,0,"-32.94825, -60.75141",Autopista,Rosario -Córdoba,ROSARIO,Rosario,Asfalto,Natural,II,Fuera,Rural,Ninguna,No existe,Recta,Bueno,S/D,Diurna,S/D,S/D,S/D,Despiste,S/D,S/D,Vegetación,Sin restricción
2018,8332,2018-10-29,Lunes,0,,,0.0,2,"Moto/Ciclomotor,Automóvil", ,2,1,0,0,1,0,0,"-31.45037, -60.92427",Calle,,ESPERANZA,Las Colonias,S/D,S/D,XI,S/D,Urbana,S/D,S/D,S/D,S/D,S/D,S/D,S/D,S/D,S/D,Colisión,S/D,S/D,S/D,S/D
2018,8333,2018-10-10,Miercoles,0,20:30:00,,0.0,3,"Bicicleta,Bicicleta,Automóvil",Nicaragua 1200,3,2,0,0,1,0,0,"-32.942666666667,-60.720583333333",Calle,,ROSARIO,Rosario,Asfalto,Pavimento,II,Dentro,Urbana,Ninguna,S/D,Recta,Bueno,S/D,"Nocturna,Con luz artificial",S/D,Contra objeto fijo,S/D,Colisión,S/D,S/D,Ninguna,Sin restricción
2018,8334,2018-10-27,Sabado,0,05:40:00,,0.0,2,"Automóvil,Automóvil",Buenos Aires Y Francisco A. Candioti,3,2,0,0,1,0,0,"-32.20423, -61.70007",Calle,,EL TRÉBOL,San Martín,S/D,S/D,XVIII,S/D,Urbana,S/D,S/D,Intersección,S/D,S/D,S/D,S/D,S/D,S/D,Colisión,S/D,S/D,S/D,S/D
2018,8335,2018-10-12,Viernes,0,17:45:00,,0.0,2,"Peatón,Taxi/Remis",Av. Eudoro Carrasco ,2,1,0,0,1,0,0,"-32.884972222222,-60.687861111111",Calle,,ROSARIO,Rosario,Asfalto,No existe,II,Dentro,Urbana,Ninguna,No existe,Recta,Bueno,Buena,Diurna,Buen Tiempo,Otro,Peatón,Atropello,Ninguna,Faltante,Ninguna,Sin restricción
2018,8336,2018-10-29,Lunes,0,,,0.0,1,Moto/Ciclomotor,Av Blas Parera Y Gorostiaga,2,2,0,0,0,0,0,"-31.60620,-60.72041",Calle,,SANTA FE,La Capital,S/D,S/D,I,S/D,Urbana,S/D,S/D,Intersección,S/D,S/D,S/D,S/D,S/D,S/D,Caída ocupante,S/D,S/D,S/D,S/D
2018,8337,2018-10-06,Sabado,0,00:20:00,,0.0,2,"Moto/Ciclomotor,Moto/Ciclomotor",Bv. Segui Y Av. Ovidio Lagos,4,3,1,0,0,0,0,"-32.974972222222,-60.669222222222",Avenida,,ROSARIO,Rosario,Asfalto,S/D,II,Dentro,Urbana,S/D,Funciona,Intersección,S/D,S/D,"Nocturna,Con luz artificial",S/D,S/D,S/D,Colisión,S/D,S/D,Cordón divisorio,S/D
2018,8338,2018-10-17,Miercoles,0,01:10:00,,0.0,3,"Camión,Automóvil,Automóvil",Bv. Oro?o Y Av. Ovidio Lagos,4,1,0,0,3,0,0,"-32.98205, -60.67134",S/D,,ROSARIO,Rosario,S/D,S/D,II,S/D,S/D,S/D,S/D,S/D,S/D,S/D,S/D,S/D,S/D,S/D,S/D,S/D,S/D,S/D,S/D
2018,8339,2018-10-06,Sabado,0,14:30:00,,0.0,2,"Moto/Ciclomotor,Automóvil",Av. Uriburu Y Suipacha,2,0,1,0,1,0,0,"-32.991611111111,-60.676666666667",Avenida,,ROSARIO,Rosario,Asfalto,S/D,II,S/D,Urbana,S/D,S/D,Intersección,S/D,S/D,Diurna,S/D,S/D,S/D,Colisión,S/D,S/D,Cordón divisorio,S/D
2018,8340,2018-10-29,Lunes,0,,,0.0,2,"Automóvil,Moto/Ciclomotor", ,2,1,0,0,1,0,0,"-33.04853, -61.17142",S/D,,CASILDA,Caseros,S/D,S/D,IV,S/D,S/D,S/D,S/D,S/D,S/D,S/D,S/D,S/D,S/D,S/D,Colisión,S/D,S/D,S/D,S/D
2018,8341,2018-10-17,Miercoles,0,02:50:00,,0.0,2,"Automóvil,Bicicleta",JUAN PABLO II Y AV. OVIDIO LAGOS,2,1,0,0,1,0,0,"-33.00691, -60.67672",S/D,,ROSARIO,Rosario,S/D,S/D,II,S/D,S/D,S/D,S/D,S/D,S/D,S/D,S/D,S/D,S/D,Ciclista,Atropello,S/D,S/D,S/D,S/D
2018,8342,2018-10-30,Martes,0,,,0.0,2,"Peatón,Moto/Ciclomotor",Juan F. Segui Y Ruta Prov. n? 13,2,1,0,0,1,0,0,"-32.21251, -61.70486",Calle,,EL TRÉBOL,San Martín,S/D,S/D,XVIII,S/D,Urbana,S/D,S/D,Intersección,S/D,S/D,S/D,S/D,S/D,Peatón,Atropello,S/D,S/D,S/D,S/D
2018,8343,2018-10-06,Sabado,0,15:00:00,,0.0,2,"Automóvil,Moto/Ciclomotor",Bv. Avellaneda Y Gaboto,3,1,1,0,1,0,0,"-32.966,-60.685805555556",Calle,,ROSARIO,Rosario,Asfalto,S/D,II,Dentro,Urbana,S/D,S/D,Intersección,S/D,S/D,Diurna,S/D,S/D,S/D,Colisión,S/D,S/D,Cordón divisorio,S/D
2018,8344,2018-10-15,Lunes,0,13:00:00,,0.0,2,"Bicicleta,Automóvil",Bolivar ,3,2,0,0,1,0,0,"-33.02563, -60.63432",Calle,,VILLA GOBERNADOR GÁLVEZ,Rosario,Tierra,No existe,II,S/D,Urbana,Ninguna,No existe,Recta,Con baches,Buena,Diurna,Buen Tiempo,S/D,Ciclista,Atropello,Ninguna,Faltante,Ninguna,Sin restricción
2018,8345,2018-10-17,Miercoles,0,07:20:00,,0.0,2,"Taxi/Remis,Moto/Ciclomotor",Hipolito Yrigoyen Y Boulevard 25 de Mayo,3,1,2,0,0,0,0,"-33.047638888889,-61.174444444444",S/D,,CASILDA,Caseros,S/D,S/D,IV,S/D,S/D,S/D,S/D,S/D,S/D,S/D,S/D,S/D,S/D,S/D,S/D,S/D,S/D,S/D,S/D
2018,8346,2018-10-31,Miercoles,0,,,0.0,2,"Moto/Ciclomotor,Automóvil",Av Luis Fanti Y M Oliber,3,0,1,0,2,0,0,"-31.25948, -61.509",Calle,,RAFAELA,Castellanos,S/D,S/D,V,S/D,Urbana,S/D,S/D,Intersección,S/D,S/D,S/D,S/D,S/D,S/D,Colisión,S/D,S/D,S/D,S/D
2018,8347,2018-10-29,Lunes,0,18:30:00,,0.0,2,"Moto/Ciclomotor,Camión",Alvear Y Mitre B,2,1,0,0,1,0,0,"-29.466194444444,-60.215638888889",Calle,,VERA,Vera,S/D,S/D,XIX,S/D,Urbana,S/D,S/D,Intersección,S/D,S/D,S/D,S/D,S/D,S/D,Colisión,S/D,S/D,S/D,S/D
2018,8348,2018-10-06,Sabado,0,04:20:00,Autopista Nacional A008,0.0,2,"Moto/Ciclomotor,Automóvil",P.Rivarola Y Av. Circunvalacion,4,3,0,0,1,0,0,"-32.966022121940, -60.719275833487",Autopista,A008,ROSARIO,Rosario,Asfalto,No existe,II,S/D,Urbana,Semáforo,Funciona,Intersección,Bueno,Buena,"Nocturna,Con luz artificial",Buen Tiempo,Frontal,S/D,Colisión,Ninguna,"Horizontal,Vertical",Cordón divisorio,Sin restricción
2018,8349,2018-10-17,Miercoles,0,,,0.0,2,"Automóvil,Automóvil", ,2,0,0,0,0,0,2,"-31.44885, -60.93045",S/D,,ESPERANZA,Las Colonias,S/D,S/D,XI,S/D,S/D,S/D,S/D,S/D,S/D,S/D,S/D,S/D,S/D,S/D,S/D,S/D,S/D,S/D,S/D
2018,8350,2018-10-15,Lunes,0,18:30:00,,0.0,2,"Automóvil,Automóvil",Av. Provincias Unidas Y Av. Sorrento,2,1,0,0,1,0,0,"-32.907833333333,-60.714027777778",Avenida,,ROSARIO,Rosario,Asfalto,Natural,II,Dentro,Urbana,Ninguna,No existe,Rotonda,Bueno,Buena,Atardecer,Buen Tiempo,Otro,S/D,Vuelco,Ninguna,Faltante,Vegetación,Sin restricción
2018,8351,2018-10-06,Sabado,0,17:00:00,,0.0,2,"Automóvil,Automóvil",Lima Y Riobamba,3,2,0,0,1,0,0,"-32.954944444444,-60.687416666667",Calle,,ROSARIO,Rosario,Asfalto,No existe,II,S/D,Urbana,Ninguna,No existe,Intersección,Bueno,Buena,Diurna,Buen Tiempo,Lateral,S/D,Colisión,Ninguna,S/D,Ninguna,Sin restricción
2018,8352,2018-10-06,Sabado,0,09:20:00,,0.0,2,"Automóvil,Moto/Ciclomotor",Entre Rios Y Garay,2,1,0,0,1,0,0,"-32.973972222222,-60.648027777778",Calle,,ROSARIO,Rosario,S/D,S/D,II,S/D,Urbana,S/D,S/D,Intersección,S/D,S/D,Diurna,S/D,S/D,S/D,Colisión,S/D,S/D,S/D,S/D
2018,8353,2018-10-14,Domingo,0,09:40:00,Autopista Nacional A008,0.0,2,"Automóvil,Bicicleta",Av. Circunvalacion Y Pujato,2,1,0,0,1,0,0,"-32.90598, -60.7258",Autopista,A008,ROSARIO,Rosario,Asfalto,Ripio,II,S/D,Urbana,S/D,S/D,Intersección,Bueno,Buena,Diurna,S/D,S/D,S/D,Colisión,S/D,S/D,S/D,S/D
2018,8354,2018-10-18,Jueves,0,10:00:00,,0.0,2,"Moto/Ciclomotor,Automóvil",Moreno Y Balcarce,2,1,0,0,1,0,0,"-31.63778, -60.69793",S/D,,SANTA FE,La Capital,S/D,S/D,I,S/D,S/D,S/D,S/D,S/D,S/D,S/D,S/D,S/D,S/D,S/D,S/D,S/D,S/D,S/D,S/D
2018,8355,2018-10-24,Miercoles,0,,Ruta Provincial 13,0.0,1,Automóvil, ,3,1,0,0,2,0,0,"-30.88056, -61.37905",Ruta,13,HUMBERTO 1º,Castellanos,S/D,S/D,V,S/D,Urbana,S/D,S/D,S/D,S/D,S/D,S/D,S/D,Atropello animal,S/D,Atropello,S/D,S/D,S/D,S/D
2018,8356,2018-10-06,Sabado,0,17:25:00,,0.0,2,"Taxi/Remis,Moto/Ciclomotor",Buenos Aires Y Esteban de Luca,2,1,0,0,1,0,0,"-32.994777777778,-60.644638888889",Calle,,ROSARIO,Rosario,Asfalto,No existe,II,S/D,Urbana,Ninguna,Funciona,Intersección,Bueno,Buena,Diurna,Buen Tiempo,Lateral,S/D,Colisión,Ninguna,Vertical,Ninguna,Sin restricción
2018,8357,2018-10-14,Domingo,0,07:10:00,Ruta Nacional A012,2.5,2,"Automóvil,Camión Chasis", ,2,0,0,1,1,0,0,"-33.08673, -60.60724",Ruta,A012,ALVEAR,Rosario,Asfalto,Natural,II,S/D,Rural,Ninguna,No existe,Recta,Con baches,Buena,Diurna,Buen Tiempo,Lateral,S/D,Colisión,Ninguna,S/D,Línea divisoria pintada,S/D
2018,8358,2018-10-14,Domingo,0,06:30:00,,0.0,2,"Moto/Ciclomotor,Automóvil",12 de Octubre Y Bv San diego,3,2,0,0,1,0,0,"-33.01875,-60.615972222222",Calle,,VILLA GOBERNADOR GÁLVEZ,Rosario,Asfalto,No existe,II,Dentro,Urbana,Ninguna,No existe,Intersección,Bueno,Buena,"Amanecer,Con luz artificial",Buen Tiempo,Lateral,S/D,Colisión,Ninguna,Faltante,Ninguna,Sin restricción
2018,8359,2018-10-06,Sabado,0,14:15:00,Ruta Nacional 11,0.0,2,"Moto/Ciclomotor,Bicicleta",Av L de la Torre-Ruta Nac 11 Y Jose de San Martin,2,1,0,0,1,0,0,"-31.972741880476, -60.926727834751",Ruta,11,CORONDA,San Jerónimo,Asfalto,No existe,XV,Dentro,Urbana,Ninguna,No existe,Intersección,S/D,Buena,Diurna,Buen Tiempo,S/D,Ciclista,Atropello,Ninguna,Faltante,Cordón divisorio,Sin restricción
2018,8360,2018-10-06,Sabado,0,20:45:00,,0.0,3,"Moto/Ciclomotor,Moto/Ciclomotor,Moto/Ciclomotor",Alvear Bis 126,3,2,0,0,1,0,0,"-32.932694444444,-60.651944444444",Calle,,ROSARIO,Rosario,S/D,S/D,II,S/D,Urbana,S/D,S/D,Otro,S/D,S/D,Nocturna,S/D,S/D,S/D,Colisión,S/D,S/D,S/D,S/D
2018,8361,2018-10-06,Sabado,0,16:40:00,,0.0,2,"Automóvil,Moto/Ciclomotor",Av. Pellegrini Y Mariano Moreno,3,2,0,0,1,0,0,"-32.955166666667,-60.653333333333",Avenida,,ROSARIO,Rosario,S/D,S/D,II,S/D,Urbana,S/D,S/D,Intersección,S/D,S/D,Diurna,S/D,S/D,S/D,Colisión,S/D,S/D,S/D,S/D
2018,8362,2018-10-16,Martes,0,23:00:00,Ruta Provincial Brigadier E.López,67.0,2,"Automóvil,Camión", ,2,1,0,0,1,0,0,"-32.36123, -60.95499",Ruta,Brigadier E.López,MONJE,San Jerónimo,S/D,S/D,XV,S/D,S/D,S/D,S/D,S/D,S/D,S/D,S/D,S/D,S/D,S/D,S/D,S/D,S/D,S/D,S/D
2018,8363,2018-10-06,Sabado,0,15:30:00,,0.0,2,"Automóvil,Automóvil",Montevideo Y Mitre,2,1,0,0,1,0,0,"-32.955888888889,-60.642",Calle,,ROSARIO,Rosario,S/D,S/D,II,S/D,Urbana,S/D,No existe,Intersección,Bueno,S/D,Diurna,Buen Tiempo,S/D,S/D,Colisión,S/D,S/D,S/D,S/D
2018,8364,2018-10-18,Jueves,0,,,0.0,2,"Bicicleta,Automóvil", ,2,1,0,0,1,0,0,"-32.98075, -60.67068",S/D,,ESPERANZA,Las Colonias,S/D,S/D,XI,S/D,S/D,S/D,S/D,S/D,S/D,S/D,S/D,S/D,S/D,Ciclista,Atropello,S/D,S/D,S/D,S/D
2018,8365,2018-10-06,Sabado,0,,,0.0,2,"Moto/Ciclomotor,Automóvil",Av 7 Jefes Y Pedro Diaz Colodrero,2,1,0,0,1,0,0,"-31.630166666667,-60.678611111111",Avenida,,SANTA FE,La Capital,Asfalto,No existe,I,S/D,Urbana,S/D,S/D,Intersección,Bueno,Buena,S/D,Buen Tiempo,Lateral,S/D,Colisión,Ninguna,S/D,S/D,Sin restricción
2018,8366,2018-09-04,Martes,0,13:15:00,Autopista Nacional A008,0.0,2,"Moto/Ciclomotor,Automóvil",Av. Circunvalacion Y Espa?a,3,1,0,0,1,0,1,"-33.015915, -60.656802",Autopista,A008,ROSARIO,Rosario,Asfalto,Pavimento,II,Dentro,Urbana,Ninguna,No existe,Recta,Bueno,Buena,Diurna,Buen Tiempo,S/D,S/D,Colisión,Ninguna,Horizontal,Barrera de hormigón,Sin restricción
2018,8367,2018-09-06,Jueves,0,02:10:00,Autopista Nacional A008,0.0,1,Automóvil,Bv. Avellaneda Y Av. Circunvalacion,1,0,1,0,0,0,0,"-33.000586, -60.689521",Autopista,A008,ROSARIO,Rosario,Asfalto,No existe,II,Fuera,Urbana,Ninguna,No existe,Puente,Deteriorada,Reducida,"Nocturna,Con luz artificial",Buen Tiempo,Contra objeto fijo,S/D,Colisión,Ninguna,Horizontal,"Barrera de hormigón,Guardarrail,Cordón divisorio,Línea divisoria pintada",Sin restricción
2018,8368,2018-09-16,Domingo,0,13:55:00,Autopista Nacional A008,0.0,1,Automóvil,Av. Circunvalacion Y Ayacucho,3,2,0,0,1,0,0,"-33.015057, -60.635113",Autopista,A008,ROSARIO,Rosario,Asfalto,No existe,II,Dentro,Urbana,Policía de tránsito,Funciona,Intersección,Bueno,Buena,Diurna,Buen Tiempo,Contra objeto fijo,S/D,Colisión,Ninguna,Vertical,Línea divisoria pintada,Sin restricción
2018,8369,2018-09-19,Miercoles,0,20:20:00,Autopista Nacional A008,0.0,2,"Moto/Ciclomotor,Peatón",Av. Ovidio Lagos Y Av. Circunvalacion,2,1,0,0,1,0,0,"-33.006974, -60.676723",Autopista,A008,ROSARIO,Rosario,Asfalto,No existe,II,Dentro,Urbana,Semáforo,Funciona,Intersección,Deteriorada,Buena,"Nocturna,Con luz artificial",Buen Tiempo,S/D,Peatón,Atropello,Ninguna,"Horizontal,Vertical",Cordón divisorio,Sin restricción
2018,8370,2018-09-24,Lunes,0,14:50:00,Autopista Nacional A008,0.0,2,"Automóvil,Automóvil",Av. Ovidio Lagos Y Av. Circunvalacion,3,2,0,0,1,0,0,"-33.006974, -60.676723",Autopista,A008,ROSARIO,Rosario,Asfalto,Pavimento,II,Dentro,Urbana,Semáforo,Funciona,Recta,Bueno,Buena,Diurna,Buen Tiempo,S/D,S/D,Colisión,Ninguna,"Horizontal,Vertical",Cordón divisorio,Sin restricción
2018,8371,2018-09-25,Martes,0,15:50:00,Autopista Nacional A008,0.0,2,"Automóvil,Bicicleta",Av. Circunvalacion Y Ayolas,2,1,0,0,1,0,0,"-32.980477, -60.625058",Autopista,A008,ROSARIO,Rosario,Asfalto,Pavimento,II,Dentro,Urbana,Ninguna,No existe,Puente,Bueno,Buena,Diurna,Buen Tiempo,S/D,Ciclista,Atropello,Ninguna,Faltante,Ninguna,Sin restricción
2018,8372,2018-09-21,Viernes,0,16:45:00,,0.0,2,"Automóvil,Moto/Ciclomotor",Chaco Bis Y Av. Genova,5,2,1,0,2,0,0,"-32.915527777778,-60.6965",Avenida,,ROSARIO,Rosario,Asfalto,Pavimento,II,Dentro,Urbana,Señal Pare,No existe,Intersección,Bueno,Buena,Diurna,Buen Tiempo,Frontal,S/D,Colisión,Ninguna,Vertical,Ninguna,Sin restricción
2018,8373,2018-09-28,Viernes,0,14:30:00,,0.0,2,"Moto/Ciclomotor,Automóvil",Juan Diaz De Solis Y Cordoba,2,1,0,0,1,0,0,"-31.665391, -60.768235",Calle,,SANTO TOMÉ,La Capital,Asfalto,No existe,I,Dentro,Urbana,Ninguna,No existe,Intersección,Bueno,Buena,Diurna,Buen Tiempo,Lateral,S/D,Colisión,Ninguna,Faltante,Ninguna,Sin restricción
2018,8374,2018-09-25,Martes,0,07:45:00,,0.0,2,"Pickup/Utilitario,Moto/Ciclomotor",Presidente Bernardino Rivadavi Y Obispo Gelabert,3,1,0,0,2,0,0,"-31.663245, -60.763437",Calle,,SANTO TOMÉ,La Capital,Asfalto,No existe,I,Dentro,Urbana,Ninguna,No existe,Intersección,Bueno,Buena,Diurna,Buen Tiempo,S/D,S/D,Colisión,Ninguna,Faltante,Ninguna,Sin restricción
2018,8375,2018-08-18,Sabado,0,05:30:00,,0.0,1,Moto/Ciclomotor,Av Freyre Y Corrientes,1,0,0,0,0,1,0,"-31.65238,-60.72026",Avenida,,SANTA FE,La Capital,Asfalto,No existe,I,Dentro,Urbana,Ninguna,No existe,Recta,Con baches,Reducida,Nocturna,Buen Tiempo,S/D,S/D,Caída ocupante,Ninguna,Faltante,Ninguna,Sin restricción
2018,8376,2018-08-18,Sabado,0,16:50:00,Autopista Nacional A012,0.0,1,Automóvil, ,6,5,0,0,0,1,0,"-32.93073,-60.90101",Autopista,A012,ROLDÁN,San Lorenzo,Asfalto,Ripio,XVII,S/D,Rural,Señal Ceda el Paso,No existe,Intersección,Resbaladiza,Buena,Diurna,Lluvia,S/D,S/D,Vuelco,Ninguna,Vertical,Ninguna,Sin restricción
2018,8377,2018-08-22,Miercoles,0,08:15:00,Autopista Nacional A008,0.0,2,"Moto/Ciclomotor,Peatón",J.J.Paso Y Av. Circunvalacion,2,0,1,0,0,1,0,"-32.92049,-60.72302",Autopista,A008,ROSARIO,Rosario,Asfalto,No existe,II,Dentro,Urbana,Semáforo,Funciona,Intersección,Bueno,Buena,Diurna,Buen Tiempo,S/D,S/D,Atropello,Ninguna,S/D,Ninguna,S/D
2018,8378,2018-08-25,Sabado,0,05:00:00,Autopista Nacional A012,3.2,2,"Pickup/Utilitario,Automóvil", ,3,1,0,0,0,2,0,"-33.08611,-60.58985",Autopista,A012,PUEBLO ESTHER,Rosario,Asfalto,S/D,II,S/D,Rural,S/D,No existe,Paso a Nivel FFCC,S/D,S/D,Amanecer,S/D,De alcance,S/D,"Colisión,Vuelco",S/D,S/D,S/D,S/D
2018,8379,2018-08-25,Sabado,0,17:10:00,Autov?a Nacional 19,3.7,1,Moto/Ciclomotor, ,1,0,0,0,0,1,0,"-31.66641,-60.8049",Autovía,19,SANTO TOMÉ,La Capital,Asfalto,Ripio,I,Dentro,Urbana,Ninguna,No existe,Recta,Bueno,Buena,Diurna,Buen Tiempo,Contra objeto fijo,S/D,Colisión,Ninguna,Horizontal,Línea divisoria pintada,Sin restricción
2018,8380,2018-08-26,Domingo,0,05:50:00,Ruta Nacional 34,198.0,2,"Automóvil,Camión c / Acoplado", ,2,0,0,0,1,1,0,"-31.53833,-61.52848",Ruta,34,ANGÉLICA,Castellanos,Asfalto,Natural,V,S/D,Rural,Ninguna,No existe,Recta,Bueno,Buena,Amanecer,Buen Tiempo,Frontal,S/D,Colisión,Ninguna,Horizontal,Línea divisoria pintada,Sin restricción
2018,8381,2018-08-26,Domingo,0,11:25:00,,0.0,1,Automóvil,Mendoza Y Sanchez de Loria,2,0,1,0,0,1,0,"-32.9402,-60.73171",Calle,,ROSARIO,Rosario,Asfalto,Pavimento,II,Fuera,Urbana,Semáforo,Funciona,Recta,Bueno,Buena,"Diurna,Con luz artificial",S/D,Contra objeto fijo,S/D,Colisión,S/D,Vertical,Cordón divisorio,Sin restricción
2018,8382,2018-08-06,Lunes,0,15:15:00,Ruta Nacional 11,532.5,2,"Camión c / Acoplado,Pickup/Utilitario", ,2,0,0,0,1,1,0,"-31.07151,-60.72364",Ruta,11,EMILIA,La Capital,Asfalto,Natural,I,S/D,Rural,Señal Ceda el Paso,No existe,Recta,Bueno,Buena,Diurna,Buen Tiempo,Frontal,S/D,Colisión,Ninguna,Vertical,"Línea divisoria pintada,Ninguna",Sin restricción
2018,8383,2018-10-13,Sabado,0,04:00:00,,0.0,2,"Automóvil,Automóvil",chile Y 20 de Junio,4,4,0,0,0,0,0,"-33.024666666667,-60.617611111111",Calle,,VILLA GOBERNADOR GÁLVEZ,Rosario,Asfalto,No existe,II,Dentro,Urbana,Ninguna,No existe,Intersección,Bueno,Buena,"Nocturna,Con luz artificial",Buen Tiempo,Lateral,S/D,Colisión,Ninguna,Faltante,Ninguna,Sin restricción
2018,8384,2018-10-12,Viernes,0,13:45:00,,0.0,2,"Automóvil,Moto/Ciclomotor",San Martin ,3,1,0,0,2,0,0,"-32.98163, -60.64486",Calle,,ROSARIO,Rosario,Asfalto,No existe,II,Dentro,Urbana,Ninguna,No existe,Intersección,S/D,Buena,Diurna,Buen Tiempo,Lateral,S/D,Colisión,Ninguna,Faltante,Ninguna,Sin restricción
2018,8386,2018-10-24,Miercoles,0,,,0.0,2,"Pickup/Utilitario,Moto/Ciclomotor", ,3,2,0,0,1,0,0,"-31.58437, -60.93732",S/D,,FRANCK,Las Colonias,S/D,S/D,XI,S/D,S/D,S/D,S/D,S/D,S/D,S/D,S/D,S/D,S/D,S/D,Colisión,S/D,S/D,S/D,S/D
2018,8387,2018-10-20,Sabado,0,08:25:00,,0.0,2,"Pickup/Utilitario,Moto/Ciclomotor",Av. Ovidio Lagos Y Cazadores,2,0,1,0,1,0,0,"-33.00482, -60.6763",Avenida,,ROSARIO,Rosario,S/D,S/D,II,S/D,S/D,S/D,S/D,S/D,S/D,S/D,S/D,S/D,S/D,S/D,S/D,S/D,S/D,S/D,S/D
2018,8388,2018-10-13,Sabado,0,13:20:00,,0.0,2,"Pickup/Utilitario,Moto/Ciclomotor",Soldado Aguirre Y Urquiza,4,2,0,0,2,0,0,"-33.028972222222,-60.631583333333",Calle,,VILLA GOBERNADOR GÁLVEZ,Rosario,Asfalto,No existe,II,S/D,Urbana,Ninguna,No existe,Intersección,Bueno,Buena,Diurna,Buen Tiempo,S/D,S/D,Colisión,Ninguna,Faltante,Ninguna,Sin restricción
2018,8389,2018-10-21,Domingo,0,,,0.0,2,"Moto/Ciclomotor,Automóvil",Pasteur Y Eva Peron,2,1,0,0,1,0,0,"-33.0278, -60.62395",Calle,,VILLA GOBERNADOR GÁLVEZ,Rosario,S/D,S/D,II,S/D,S/D,S/D,S/D,S/D,S/D,S/D,S/D,S/D,S/D,S/D,S/D,S/D,S/D,S/D,S/D
2018,8390,2018-10-24,Miercoles,0,11:30:00,,0.0,2,"Automóvil,Automóvil",Calle 44-27 de Abril Y Calle 41-Santa Fe,4,4,0,0,0,0,0,"-29.15686, -59.66418",Calle,,RECONQUISTA,General Obligado,S/D,S/D,IX,S/D,Urbana,S/D,S/D,Intersección,S/D,S/D,S/D,S/D,S/D,S/D,Colisión,S/D,S/D,S/D,S/D
2018,8391,2018-10-21,Domingo,0,14:35:00,,0.0,2,"Automóvil,Moto/Ciclomotor",Pasaje 10-12 ,2,1,0,0,1,0,0,"-29.14854, -59.65657",S/D,,RECONQUISTA,General Obligado,S/D,S/D,IX,S/D,S/D,S/D,S/D,S/D,S/D,S/D,S/D,S/D,S/D,S/D,S/D,S/D,S/D,S/D,S/D
2018,8392,2018-10-14,Domingo,0,22:30:00,Ruta Provincial 14,22.0,2,"Automóvil,Automóvil", ,2,0,2,0,0,0,0,"-33.15432, -60.87092",Ruta,14,PUEBLO MUÑOZ,Rosario,Asfalto,Ripio,II,S/D,Rural,Ninguna,No existe,Recta,Bueno,Buena,Nocturna,Buen Tiempo,Frontal,S/D,Colisión,Ninguna,Faltante,Ninguna,Sin restricción
2018,8393,2018-10-25,Jueves,0,10:50:00,,0.0,2,"Moto/Ciclomotor,Moto/Ciclomotor",Padre Tibaldo Y FRAY LUIS BELTRÁN,2,2,0,0,0,0,0,"-28.48725,-59.354222222222",Calle,,VILLA OCAMPO,General Obligado,S/D,S/D,IX,S/D,Urbana,S/D,S/D,Intersección,S/D,S/D,S/D,S/D,S/D,S/D,Colisión,S/D,S/D,S/D,S/D
2018,8394,2018-10-12,Viernes,0,18:10:00,,0.0,2,"Bicicleta,Moto/Ciclomotor",San Lorenzo 900,2,2,0,0,0,0,0,"-33.13367, -60.79828",Calle,,ÁLVAREZ,Rosario,Ripio,S/D,II,Dentro,Urbana,Ninguna,S/D,Recta,Bueno,Buena,Diurna,Buen Tiempo,Lateral,S/D,Colisión,Ninguna,Horizontal,Ninguna,Sin restricción
2018,8395,2018-10-22,Lunes,0,,,0.0,2,"Moto/Ciclomotor,Automóvil",Lisandro de la Torre Y 3 de Febrero,3,1,0,0,2,0,0,"-31.6769, -60.78296",S/D,,SANTA FE,La Capital,S/D,S/D,I,S/D,S/D,S/D,S/D,S/D,S/D,S/D,S/D,S/D,S/D,S/D,S/D,S/D,S/D,S/D,S/D
2018,8396,2018-10-10,Miercoles,0,07:40:00,Ruta Nacional 9,999.9,2,"Automóvil,Moto/Ciclomotor", ,2,1,0,0,1,0,0,"-32.91973, -60.82075",Ruta,9,FUNES,Rosario,Asfalto,Natural,II,S/D,Rural,S/D,No existe,Recta,Bueno,Buena,Diurna,Buen Tiempo,S/D,S/D,Colisión,Ninguna,S/D,S/D,Sin restricción
2018,8397,2018-10-25,Jueves,0,22:30:00,,0.0,2,"Moto/Ciclomotor,Automóvil",Maipu Y Santa Fe,2,1,0,0,1,0,0,"-33.742361111111,-61.958388888889",Calle,,VENADO TUERTO,General López,S/D,S/D,VIII,S/D,Urbana,S/D,S/D,Intersección,S/D,S/D,S/D,S/D,S/D,S/D,Colisión,S/D,S/D,S/D,S/D