anio_acci,nro_acci,fecha,desc_dia,fecha_aprox,hora_aprox,desc_ruta,km,cant_participantes,desc_participante,calle_avenida_km,total,heridos_leves,heridos_graves,heridos_gravisimos,ilesos,fallecidos,sin_datos,posicion_XY,desc_tipo_via,desc_ruta_ori,desc_loc,desc_dpto,desc_tipo_calzada,desc_tipo_banquina,desc_unidad_regional,desc_lugar_calzada,desc_zona,desc_prioridad,desc_estado_semaforo,desc_lugar_via,desc_estado_via,desc_estado_visibilidad,desc_luminosidad,desc_estado_clima,desc_tipo_colision,desc_tipo_atropello,desc_tipo_hecho,desc_pres_calzada,desc_senializacion,desc_separacion_via,desc_restriccion
2018,8398,2018-10-25,Jueves,0,19:35:00,,0.0,2,"Pickup/Utilitario,Moto/Ciclomotor",Pringles Y Santiago Derqui,5,2,0,0,3,0,0,"-33.746888888889,-61.951805555556",Calle,,VENADO TUERTO,General López,S/D,S/D,VIII,S/D,Urbana,S/D,S/D,Intersección,S/D,S/D,S/D,S/D,S/D,S/D,Colisión,S/D,S/D,S/D,S/D
2018,8399,2018-10-22,Lunes,0,,,0.0,2,"Moto/Ciclomotor,Automóvil",Salta Y Saavedra,2,1,0,0,1,0,0,"-30.3095,-61.227833333333",S/D,,SAN CRISTÓBAL,San Cristóbal,S/D,S/D,XIII,S/D,S/D,S/D,S/D,S/D,S/D,S/D,S/D,S/D,S/D,S/D,S/D,S/D,S/D,S/D,S/D
2018,8400,2018-10-22,Lunes,0,17:55:00,,0.0,2,"Moto/Ciclomotor,Moto/Ciclomotor",Alem Y Rivadavia,2,1,0,0,1,0,0,"-32.23344, -60.98293",S/D,,BARRANCAS,San Jerónimo,S/D,S/D,XV,S/D,S/D,S/D,S/D,S/D,S/D,S/D,S/D,S/D,S/D,S/D,S/D,S/D,S/D,S/D,S/D
2018,8401,2018-09-24,Lunes,0,12:00:00,,0.0,1,Bicicleta,Jose De San Martin Y 25 de mayo,1,1,0,0,0,0,0,"-31.664297, -60.762560",Calle,,SANTO TOMÉ,La Capital,Asfalto,No existe,I,Dentro,Urbana,Semáforo,Funciona,Recta,Bueno,Buena,Diurna,Buen Tiempo,Contra objeto fijo,S/D,Colisión,Ninguna,"Horizontal,Vertical",Ninguna,Sin restricción
2018,8402,2018-09-23,Domingo,0,08:30:00,Ruta Nacional 19,0.0,2,"Automóvil,Automóvil",Azcuenaga Y Avenida Ejercito Argentino,3,2,0,0,1,0,0,"-31.671737, -60.775145",Ruta,19,SANTO TOMÉ,La Capital,Hormigón,Natural,I,Dentro,Urbana,Semáforo,Funciona,Intersección,Bueno,Buena,Diurna,Buen Tiempo,Frontal,S/D,Colisión,Ninguna,"Horizontal,Vertical",Línea divisoria pintada,Sin restricción
2018,8403,2018-09-21,Viernes,0,,,0.0,2,"Moto/Ciclomotor,Bicicleta",Avenida General Bartolome Mitr Y Cristobal Colon,2,1,0,0,1,0,0,"-31.669795, -60.753908",Calle,,SANTO TOMÉ,La Capital,Asfalto,No existe,I,Dentro,Urbana,Ninguna,No existe,Intersección,Bueno,Buena,Diurna,Buen Tiempo,S/D,Ciclista,Atropello,Ninguna,Faltante,Cordón divisorio,Sin restricción
2018,8404,2018-09-14,Viernes,0,12:30:00,Ruta Nacional 11,0.0,2,"Pickup/Utilitario,Moto/Ciclomotor",9 de julio Y Avenida Nuestra Se?ora del Luj,3,2,0,0,1,0,0,"-31.667523, -60.764775",Ruta,11,SANTO TOMÉ,La Capital,Asfalto,No existe,I,Dentro,Urbana,Semáforo,Funciona,Intersección,Bueno,Buena,Diurna,Buen Tiempo,Lateral,S/D,Colisión,Ninguna,"Horizontal,Vertical",Línea divisoria pintada,Sin restricción
2018,8405,2018-09-07,Viernes,0,06:30:00,,0.0,2,"Moto/Ciclomotor,Automóvil",Grl Brig Estanislao Lopez Y Hipolito Irigoyen,2,1,0,0,1,0,0,"-31.671322, -60.764582",Calle,,SANTO TOMÉ,La Capital,Asfalto,No existe,I,Dentro,Urbana,Semáforo,Funciona,Intersección,Bueno,Buena,"Nocturna,Con luz artificial",Buen Tiempo,Lateral,S/D,Colisión,Ninguna,"Horizontal,Vertical",Línea divisoria pintada,Sin restricción
2018,8406,2018-09-14,Viernes,0,16:20:00,Ruta Nacional 11,0.0,2,"Automóvil,Moto/Ciclomotor",Av 7 de marzo Y Libertad,3,1,0,0,2,0,0,"-31.667059, -60.759884",Ruta,11,SANTO TOMÉ,La Capital,Hormigón,No existe,I,Dentro,Urbana,Semáforo,No funciona,Intersección,Bueno,Buena,Diurna,Buen Tiempo,Lateral,S/D,Colisión,Ninguna,"Horizontal,Vertical",Línea divisoria pintada,Sin restricción
2018,8407,2018-09-21,Viernes,0,19:40:00,Ruta Nacional 33,0.0,2,"Moto/Ciclomotor,Automóvil",Av San Martin Y Av 9 de Julio,2,1,0,0,1,0,0,"-32.998071783808, -60.769668816257",Ruta,33,PÉREZ,Rosario,Asfalto,No existe,II,Dentro,Urbana,Semáforo,Funciona,Intersección,Otro,Buena,Atardecer,Otro,Lateral,S/D,Colisión,Ninguna,Vertical,Ninguna,Sin restricción
2018,8408,2018-09-02,Domingo,0,07:45:00,Ruta Nacional 19,3.0,2,"Moto/Ciclomotor,Automóvil", ,4,2,0,0,2,0,0,"-31.666398, -60.805455",Ruta,19,SANTO TOMÉ,La Capital,Hormigón,Natural,I,Dentro,Urbana,Ninguna,No existe,Recta,Bueno,Buena,Amanecer,Buen Tiempo,Lateral,S/D,Colisión,Ninguna,"Horizontal,Vertical","Cordón divisorio,Línea divisoria pintada",Sin restricción
2018,8409,2018-09-10,Lunes,0,17:10:00,Ruta Nacional 11,0.0,2,"Moto/Ciclomotor,Automóvil",Mariano Candioti Y Av 7 de marzo,2,1,0,0,1,0,0,"-31.667676, -60.754487",Ruta,11,SANTO TOMÉ,La Capital,Hormigón,No existe,I,Dentro,Urbana,Ninguna,No existe,Intersección,Bueno,Buena,Atardecer,Buen Tiempo,Lateral,S/D,Colisión,Ninguna,Horizontal,Línea divisoria pintada,Sin restricción
2018,8410,2018-09-14,Viernes,0,12:15:00,,0.0,2,"Pickup/Utilitario,Moto/Ciclomotor",Cordoba Y A Rossi,2,1,0,0,1,0,0,"-31.418950, -60.332966",Calle,,SANTA ROSA DE CALCHINES,Garay,Asfalto,Pavimento,VII,Dentro,Urbana,Ninguna,No existe,Intersección,Bueno,Buena,Diurna,Buen Tiempo,Lateral,S/D,Colisión,Ninguna,Faltante,Ninguna,Sin restricción
2018,8411,2018-10-10,Miercoles,0,01:15:00,Ruta Secundaria 64-s,0.0,1,Camión c / Acoplado, ,1,1,0,0,0,0,0,"-30.946819202636, -61.107761992657",Ruta,64-s,SOUTOMAYOR,Las Colonias,Asfalto,S/D,XI,S/D,Rural,Ninguna,S/D,Curva,Bueno,S/D,S/D,Buen Tiempo,S/D,S/D,Vuelco,Ninguna,Horizontal,Línea divisoria pintada,Sin restricción
2018,8412,2018-10-26,Viernes,0,18:00:00,Ruta Nacional 98,62.0,1,Pickup/Utilitario, ,1,1,0,0,0,0,0,"-29.346, -60.77224",Ruta,98,VERA,Vera,S/D,S/D,XIX,S/D,Urbana,S/D,S/D,S/D,S/D,S/D,S/D,S/D,S/D,S/D,Vuelco,S/D,S/D,S/D,S/D
2018,8413,2018-10-15,Lunes,1,18:40:00,Autov?a Nacional Rosario -Cordoba,50.0,2,"Automóvil,Automóvil", ,4,1,0,0,3,0,0,"-31.59052, -61.27902",Autovía,Rosario -Córdoba,SA PEREIRA,Las Colonias,Asfalto,Pavimento,XI,Dentro,Rural,Ninguna,No existe,Intersección,Bueno,Buena,Diurna,Buen Tiempo,Lateral,S/D,Colisión,Ninguna,Faltante,Guardarrail,Sin restricción
2018,8414,2018-10-15,Lunes,0,01:05:00,Ruta Provincial 70,41.5,1,Automóvil, ,2,2,0,0,0,0,0,"-31.39184, -61.07652",Ruta,70,HUMBOLDT,Las Colonias,Asfalto,Natural,XI,Dentro,Rural,Ninguna,No existe,Curva,Bueno,Buena,Nocturna,Buen Tiempo,Otro,S/D,"Vuelco,Despiste",Ninguna,Vertical,Línea divisoria pintada,Sin restricción
2018,8416,2018-10-25,Jueves,0,,,0.0,1,Moto/Ciclomotor, ,2,1,0,0,0,0,1,"-32.56829, -61.59601",Camino Rural,,LAS PAREJAS,Belgrano,S/D,S/D,III,S/D,Rural,S/D,S/D,S/D,S/D,S/D,S/D,S/D,S/D,S/D,Caída ocupante,S/D,S/D,S/D,S/D
2018,8417,2018-10-26,Viernes,0,,,0.0,2,"Bicicleta,Pickup/Utilitario",Av Irigoyen Y Crespo,2,1,0,0,1,0,0,"-30.94416, -61.5565",Calle,,SUNCHALES,Castellanos,S/D,S/D,V,S/D,Urbana,S/D,S/D,Intersección,S/D,S/D,S/D,S/D,S/D,Ciclista,Atropello,S/D,S/D,S/D,S/D
2018,8418,2018-10-15,Lunes,0,12:10:00,,0.0,2,"Moto/Ciclomotor,Pickup/Utilitario",Juan de Garay Y Rivadavia,2,0,1,0,1,0,0,"-31.73874, -61.09299",Calle,,SAN CARLOS CENTRO,Las Colonias,Ripio,No existe,XI,Dentro,Urbana,Ninguna,No existe,Intersección,Bueno,Buena,Diurna,Buen Tiempo,Lateral,S/D,Colisión,Ninguna,"Horizontal,Vertical",Ninguna,Sin restricción
2018,8419,2018-10-14,Domingo,0,21:15:00,,0.0,2,"Moto/Ciclomotor,Moto/Ciclomotor",Chacabuco Y Nicolas Schneider,2,2,0,0,0,0,0,"-31.449055555556,-60.923611111111",Calle,,ESPERANZA,Las Colonias,Asfalto,No existe,XI,S/D,Urbana,Ninguna,No existe,Intersección,Bueno,Buena,Nocturna,Buen Tiempo,De alcance,S/D,Atropello,Ninguna,Vertical,Ninguna,Sin restricción
2018,8420,2018-10-10,Miercoles,0,,Ruta Provincial 5,0.0,1,Moto/Ciclomotor, ,1,1,0,0,0,0,0,"-31.54427,-60.81177",Ruta,5,EMPALME SAN CARLOS,Las Colonias,Asfalto,Natural,XI,S/D,Rural,Ninguna,No existe,Recta,Bueno,Buena,S/D,Buen Tiempo,S/D,S/D,Caída ocupante,Ninguna,S/D,Línea divisoria pintada,S/D
2018,8421,2018-10-26,Viernes,0,17:30:00,,0.0,2,"Moto/Ciclomotor,Automóvil",Sarmiento ,2,1,0,0,1,0,0,"-30.94861, -61.55967",Calle,,SUNCHALES,Castellanos,S/D,S/D,V,S/D,Urbana,S/D,S/D,Recta,S/D,S/D,S/D,S/D,S/D,S/D,Colisión,S/D,S/D,S/D,S/D
2018,8422,2018-10-19,Viernes,0,07:00:00,,0.0,2,"Moto/Ciclomotor,Automóvil",Av Freyre Y Hipolito Yrigoyen,2,1,0,0,1,0,0,"-31.640166666667,-60.71675",Calle,,SANTA FE,La Capital,S/D,S/D,I,Dentro,S/D,S/D,S/D,S/D,S/D,S/D,S/D,S/D,S/D,S/D,S/D,S/D,S/D,S/D,S/D
2018,8423,2018-10-18,Jueves,0,,,0.0,2,"Peatón,Transporte de Pasajeros Urbano (> 8 asientos)",Av Urquiza Y 3 de Febrero,2,0,1,0,1,0,0,"-31.656972222222,-60.7165",S/D,,SANTA FE,La Capital,S/D,S/D,I,S/D,S/D,S/D,S/D,S/D,S/D,S/D,S/D,S/D,S/D,Peatón,Atropello,S/D,S/D,S/D,S/D
2018,8424,2018-10-10,Miercoles,0,18:30:00,Ruta Provincial 32,0.0,1,Pickup/Utilitario, ,1,1,0,0,0,0,0,"-28.62565, -61.60833",Ruta,32,VILLA MINETTI,9 de Julio,Tierra,No existe,XII,Dentro,Rural,Ninguna,No existe,Recta,Ahuellamiento,Buena,Atardecer,Buen Tiempo,S/D,S/D,Vuelco,Agua,Faltante,Ninguna,Sin restricción
2018,8425,2018-10-25,Jueves,0,18:10:00,Ruta Nacional 11,656.0,2,"Pickup/Utilitario,Moto/Ciclomotor",Ruta Nacional 11 ,3,1,1,0,1,0,0,"-30.03532, -60.31411",Ruta,11,SAN JUSTO,San Justo,S/D,S/D,XVI,S/D,Urbana,S/D,S/D,Recta,S/D,S/D,S/D,S/D,S/D,S/D,Colisión,S/D,S/D,S/D,S/D
2018,8426,2018-10-13,Sabado,0,01:05:00,,0.0,2,"Automóvil,Moto/Ciclomotor",Mitre B Y 9 de Julio,3,2,0,0,1,0,0,"-29.458722222222,-60.214138888889",Calle,,VERA,Vera,Asfalto,No existe,XIX,Dentro,Urbana,Ninguna,No existe,Intersección,Bueno,Buena,Nocturna,Buen Tiempo,Frontal,S/D,Colisión,S/D,S/D,Ninguna,Obra en Construcción
2018,8427,2018-10-14,Domingo,0,16:35:00,Ruta Secundaria 26-s,999.9,1,Moto/Ciclomotor, ,1,0,1,0,0,0,0,"-32.66188, -60.86144",Ruta,26-s,ANDINO,Iriondo,Asfalto,Natural,X,Fuera,Rural,Ninguna,No existe,Recta,Bueno,Buena,Diurna,Buen Tiempo,S/D,S/D,Despiste,Ninguna,Horizontal,Línea divisoria pintada,S/D
2018,8428,2018-10-16,Martes,0,14:25:00,Ruta Nacional 11,0.0,2,"Moto/Ciclomotor,Pickup/Utilitario",CALLE 15 ,2,1,0,0,1,0,0,"-28.35657, -59.26375",Ruta,11,LAS TOSCAS,General Obligado,S/D,S/D,IX,S/D,S/D,S/D,S/D,S/D,S/D,S/D,S/D,S/D,S/D,S/D,S/D,S/D,S/D,S/D,S/D
2018,8429,2018-10-17,Miercoles,0,12:10:00,Ruta Nacional 11,0.0,2,"Moto/Ciclomotor,Camión",DO?A MAGDALENA ,2,1,0,0,1,0,0,"-28.48397, -59.34539",Ruta,11,VILLA OCAMPO,General Obligado,S/D,S/D,IX,S/D,S/D,S/D,S/D,S/D,S/D,S/D,S/D,S/D,S/D,S/D,S/D,S/D,S/D,S/D,S/D
2018,8430,2018-09-14,Viernes,0,23:15:00,,0.0,2,"Moto/Ciclomotor,Pickup/Utilitario",Presidente B Rivadavia Y Boulevard Ocampo,2,1,0,0,1,0,0,"-31.103993, -60.090956",Avenida,,HELVECIA,Garay,Asfalto,Natural,VII,Dentro,Urbana,Ninguna,No existe,Intersección,Bueno,Buena,Nocturna,Buen Tiempo,Lateral,S/D,Colisión,Ninguna,Faltante,Ninguna,Sin restricción
2018,8431,2018-09-02,Domingo,0,18:45:00,Ruta Provincial 1,107.0,1,Automóvil, ,3,1,2,0,0,0,0,"-31.123192, -60.116750",Ruta,1,SALADERO CABAL,Garay,Asfalto,Natural,VII,Fuera,Rural,Ninguna,No existe,Recta,Bueno,Buena,Diurna,Buen Tiempo,S/D,S/D,Vuelco,Ninguna,Horizontal,Línea divisoria pintada,Sin restricción
2018,8432,2018-09-01,Sabado,0,02:15:00,Ruta Provincial 4,43.0,1,Camión c / Semirremolque, ,1,1,0,0,0,0,0,"-31.072700814795, -60.903409869813",Ruta,4,SANTO DOMINGO,Las Colonias,Asfalto,Natural,XI,Dentro,Rural,Ninguna,No existe,Recta,Bueno,Buena,Nocturna,Lluvia,S/D,S/D,Despiste,Ninguna,Horizontal,Línea divisoria pintada,Sin restricción
2018,8433,2018-09-19,Miercoles,0,20:10:00,,0.0,1,Moto/Ciclomotor,HECTOR GENERO ,1,1,0,0,0,0,0,"-30.881860553758, -60.037320672180",Calle,,SALADERO CABAL,Garay,Ripio,No existe,VII,Dentro,Urbana,Ninguna,No existe,Recta,Bueno,Reducida,"Nocturna,Con luz artificial",Buen Tiempo,Atropello animal,S/D,Colisión,Ninguna,Faltante,Ninguna,Sin restricción
2018,8434,2018-09-30,Domingo,0,07:20:00,Ruta Provincial 2,108.0,1,Moto/Ciclomotor, ,2,2,0,0,0,0,0,"-30.889626, -60.047020",Ruta,2,SALADERO CABAL,Garay,Asfalto,Natural,VII,Fuera,Rural,Ninguna,No existe,Recta,Bueno,Buena,Diurna,Buen Tiempo,S/D,S/D,Despiste,Ninguna,Horizontal,Línea divisoria pintada,Sin restricción
2018,8435,2018-09-09,Domingo,0,18:20:00,Ruta Provincial 70,54.0,1,Moto/Ciclomotor, ,1,1,0,0,0,0,0,"-31.341590658149, -61.255793742572",Ruta,70,NUEVO TORINO,Las Colonias,Asfalto,Natural,XI,Dentro,Rural,Ninguna,No existe,Recta,Bueno,Buena,Diurna,Buen Tiempo,Atropello animal,S/D,Colisión,Ninguna,Faltante,Línea divisoria pintada,Sin restricción
2018,8436,2018-09-16,Domingo,0,01:30:00,,0.0,2,"Moto/Ciclomotor,Moto/Ciclomotor",Belgrano Y San Martin,2,0,1,1,0,0,0,"-31.553461230412, -61.077417478701",Avenida,,SAN JERÓNIMO NORTE,Las Colonias,Hormigón,No existe,XI,Dentro,Urbana,Ninguna,No existe,Intersección,Bueno,Buena,Nocturna,Buen Tiempo,Lateral,S/D,Colisión,Ninguna,Faltante,Cordón divisorio,Sin restricción
2018,8437,2018-09-17,Lunes,0,10:30:00,,0.0,2,"Pickup/Utilitario,Moto/Ciclomotor",20 de Junio Y Av Misional,2,0,1,0,1,0,0,"-31.436373349865, -61.255287468574",Avenida,,PILAR,Las Colonias,Hormigón,No existe,XI,Dentro,Urbana,Ninguna,No existe,Intersección,Bueno,Buena,Diurna,Buen Tiempo,Lateral,S/D,Colisión,Ninguna,Faltante,Ninguna,Sin restricción
2018,8438,2018-09-19,Miercoles,0,19:50:00,,0.0,2,"Peatón,Moto/Ciclomotor",Cullen Y Sarmiento,2,1,0,0,1,0,0,"-31.264330, -60.763590",Calle,,NELSON,La Capital,Hormigón,No existe,I,Dentro,Urbana,Ninguna,No existe,Intersección,Bueno,Buena,Atardecer,Buen Tiempo,S/D,S/D,Atropello,Ninguna,Faltante,Ninguna,Sin restricción
2018,8439,2018-09-26,Miercoles,0,12:30:00,,0.0,2,"Automóvil,Moto/Ciclomotor",Sarmiento Y 25 de Mayo,4,1,0,0,3,0,0,"-31.264772, -60.761136",Calle,,NELSON,La Capital,Asfalto,No existe,I,Dentro,Urbana,Ninguna,No existe,Intersección,Bueno,Buena,Diurna,Buen Tiempo,Lateral,S/D,Colisión,Ninguna,Faltante,Ninguna,Sin restricción
2018,8440,2018-10-15,Lunes,0,12:30:00,,0.0,2,"Moto/Ciclomotor,Automóvil",Urquiza Y 25 de Mayo,2,1,0,0,1,0,0,"-29.459055555556,-60.219222222222",Calle,,VERA,Vera,Tierra,No existe,XIX,Dentro,Urbana,Ninguna,No existe,Intersección,Bueno,Buena,Diurna,Buen Tiempo,Frontal,S/D,Colisión,Ninguna,Faltante,Ninguna,Sin restricción
2018,8441,2018-10-10,Miercoles,0,10:00:00,,0.0,2,"Moto/Ciclomotor,Taxi/Remis",Bv Oro?o Y General Lopez,2,1,0,0,1,0,0,"-32.735222222222,-60.734916666667",Calle,,SAN LORENZO,San Lorenzo,Asfalto,S/D,XVII,S/D,Urbana,S/D,No existe,Intersección,S/D,Buena,Diurna,Buen Tiempo,Lateral,S/D,Colisión,Ninguna,Faltante,S/D,S/D
2018,8442,2018-10-17,Miercoles,0,18:35:00,,0.0,2,"Moto/Ciclomotor,Moto/Ciclomotor",Calle 59 Y Calle 14-16,3,3,0,0,0,0,0,"-29.166611111111,-59.6475",S/D,,RECONQUISTA,General Obligado,S/D,S/D,IX,S/D,S/D,S/D,S/D,S/D,S/D,S/D,S/D,S/D,S/D,S/D,S/D,S/D,S/D,S/D,S/D
2018,8443,2018-10-12,Viernes,0,15:40:00,,0.0,2,"Moto/Ciclomotor,Automóvil",Clemente Albelo Y P Fournier,4,2,0,0,2,0,0,"-32.728305555556,-60.739777777778",Calle,,SAN LORENZO,San Lorenzo,Asfalto,S/D,XVII,S/D,Urbana,S/D,S/D,Intersección,S/D,S/D,Diurna,S/D,De alcance,S/D,Colisión,Ninguna,S/D,S/D,S/D
2018,8444,2018-10-13,Sabado,0,19:45:00,Autopista Nacional A012,0.0,2,"Automóvil,Pickup/Utilitario",Acceso 012 Y Dulcinea del Tobozo,2,1,0,0,1,0,0,"-32.91225, -60.89594",Autopista,A012,ROLDÁN,San Lorenzo,Asfalto,Ripio,XVII,S/D,Rural,Ninguna,No existe,Intersección,Bueno,Buena,"Atardecer,Con luz artificial",Buen Tiempo,Lateral,S/D,Colisión,Ninguna,Horizontal,Ninguna,Sin restricción
2018,8445,2018-10-22,Lunes,0,,,0.0,2,"Moto/Ciclomotor,Moto/Ciclomotor",Suipacha Av Y Juan B Justo,3,3,0,0,0,0,0,"-31.258194444444,-61.500027777778",S/D,,RAFAELA,Castellanos,S/D,S/D,V,S/D,S/D,S/D,S/D,S/D,S/D,S/D,S/D,S/D,S/D,S/D,S/D,S/D,S/D,S/D,S/D
2018,8446,2018-10-22,Lunes,0,,,0.0,2,"Moto/Ciclomotor,Automóvil",Tucuman Y Av Gral Bartolome Mitre,2,1,0,0,1,0,0,"-31.2535,-61.485",S/D,,RAFAELA,Castellanos,S/D,S/D,V,S/D,S/D,S/D,S/D,S/D,S/D,S/D,S/D,S/D,S/D,S/D,S/D,S/D,S/D,S/D,S/D
2018,8447,2018-10-26,Viernes,0,,,0.0,2,"Moto/Ciclomotor,Automóvil",Padre Francisco Palmieri Y Velez Sarfield,2,1,0,0,1,0,0,"-31.253611111111,-61.504194444444",Calle,,RAFAELA,Castellanos,S/D,S/D,V,S/D,Urbana,S/D,S/D,Intersección,S/D,S/D,S/D,S/D,S/D,S/D,Colisión,S/D,S/D,S/D,S/D
2018,8448,2018-10-25,Jueves,0,,,0.0,2,"Moto/Ciclomotor,Pickup/Utilitario",Bv G L Lhemann Y Florentino Ameghino,2,1,0,0,1,0,0,"-31.23465, -61.48755",Calle,,RAFAELA,Castellanos,S/D,S/D,V,S/D,Urbana,S/D,S/D,Intersección,S/D,S/D,S/D,S/D,S/D,S/D,Colisión,S/D,S/D,S/D,S/D
2018,8449,2018-10-07,Domingo,0,16:00:00,Autov?a Nacional 168,5.0,2,"Automóvil,Automóvil", ,2,2,0,0,0,0,0,"-31.63993, -60.65683",Autovía,168,SANTA FE,La Capital,Asfalto,Pavimento,I,S/D,Urbana,Ninguna,No existe,Recta,Con baches,Buena,Diurna,Buen Tiempo,Lateral,S/D,Atropello,Ninguna,Faltante,Barrera de hormigón,Sin restricción
2018,8450,2018-10-27,Sabado,0,12:55:00,Ruta Nacional 11,0.0,2,"Moto/Ciclomotor,Pickup/Utilitario",BV. HIPOLITO YRIGOYEN ,2,0,1,0,1,0,0,"-29.15007, -59.65692",Ruta,11,RECONQUISTA,General Obligado,S/D,S/D,IX,S/D,Urbana,S/D,S/D,Recta,S/D,S/D,S/D,S/D,"Contra objeto fijo,Múltiple",S/D,Colisión,S/D,S/D,S/D,S/D
2018,8451,2018-10-27,Sabado,0,17:05:00,,0.0,2,"Pickup/Utilitario,Moto/Ciclomotor",Calle 26-Bolivar Y Calle 27-Gdor Freyre,2,1,0,0,1,0,0,"-29.15011, -59.65188",Calle,,RECONQUISTA,General Obligado,Asfalto,Pavimento,IX,S/D,Urbana,Ninguna,No existe,Intersección,Bueno,Buena,Atardecer,Buen Tiempo,De alcance,S/D,Colisión,Ninguna,Faltante,"Ninguna,S/D",Sin restricción
2018,8452,2018-10-22,Lunes,0,,,0.0,2,"Automóvil,Moto/Ciclomotor",SOLDANO Y AV. ZOBBOLI,3,2,0,0,1,0,0,"-31.24079, -61.50422",S/D,,RAFAELA,Castellanos,S/D,S/D,V,S/D,S/D,S/D,S/D,S/D,S/D,S/D,S/D,S/D,S/D,S/D,S/D,S/D,S/D,S/D,S/D
2018,8453,2018-10-07,Domingo,0,07:45:00,,0.0,2,"Moto/Ciclomotor,Automóvil",Candioti Y Pedro de Vega,3,2,0,0,1,0,0,"-31.612583333333,-60.688222222222",Calle,,SANTA FE,La Capital,Asfalto,No existe,I,S/D,Urbana,Ninguna,No existe,Intersección,Bueno,Buena,Diurna,Buen Tiempo,Lateral,S/D,Colisión,Ninguna,S/D,Ninguna,Sin restricción
2018,8454,2018-10-12,Viernes,0,10:50:00,,0.0,2,"Moto/Ciclomotor,Pickup/Utilitario",Cordoba Y Belgrano,4,2,0,0,2,0,0,"-32.71677, -60.73517",Avenida,,PUERTO SAN MARTÍN,San Lorenzo,Asfalto,No existe,XVII,Dentro,Urbana,Ninguna,No existe,Intersección,Bueno,Buena,Diurna,Buen Tiempo,De alcance,S/D,Colisión,Ninguna,Horizontal,Ninguna,Reparación de Vía
2018,8455,2018-10-22,Lunes,0,,,0.0,2,"Moto/Ciclomotor,Automóvil",G Mainardi Y Nicanor Alvarez,3,3,0,0,0,0,0,"-31.241222222222,-61.492",S/D,,RAFAELA,Castellanos,S/D,S/D,V,S/D,S/D,S/D,S/D,S/D,S/D,S/D,S/D,S/D,S/D,S/D,S/D,S/D,S/D,S/D,S/D
2018,8456,2018-10-13,Sabado,0,19:00:00,,0.0,2,"Moto/Ciclomotor,Automóvil",Av San Martin Y Mendoza,2,1,0,0,1,0,0,"-32.7166, -60.73099",Calle,,PUERTO SAN MARTÍN,San Lorenzo,Asfalto,No existe,XVII,Dentro,Urbana,Ninguna,No existe,Intersección,Bueno,Buena,Amanecer,Buen Tiempo,Lateral,S/D,Colisión,Ninguna,Horizontal,Ninguna,Sin restricción
2018,8457,2018-10-22,Lunes,0,,,0.0,1,Moto/Ciclomotor,Bv San Martin ,1,1,0,0,0,0,0,"-30.86599, -61.36179",S/D,,HUMBERTO 1º,Castellanos,S/D,S/D,V,S/D,S/D,S/D,S/D,S/D,S/D,S/D,S/D,S/D,S/D,S/D,Despiste,S/D,S/D,S/D,S/D
2018,8458,2018-10-07,Domingo,0,09:00:00,,0.0,2,"Automóvil,Moto/Ciclomotor",Juan Del Campillo Y 4 de Enero,2,0,0,0,0,0,2,"-31.628888888889,-60.706944444444",Calle,,SANTA FE,La Capital,"Asfalto,Hormigón",S/D,I,Dentro,Urbana,Otra Señal,S/D,Intersección,Bueno,S/D,S/D,Buen Tiempo,Lateral,S/D,Colisión,S/D,Faltante,"Cordón divisorio,Vegetación",Sin restricción
2018,8459,2018-10-21,Domingo,0,,,0.0,2,"Peatón,Moto/Ciclomotor",Teniente Loza 6900,2,0,1,0,1,0,0,"-31.564972222222,-60.743",S/D,,SANTA FE,La Capital,S/D,S/D,I,S/D,S/D,S/D,S/D,S/D,S/D,S/D,S/D,S/D,S/D,Peatón,Atropello,S/D,S/D,S/D,S/D
2018,8460,2018-09-07,Viernes,0,01:30:00,,0.0,1,Automóvil,Calle publica ,3,2,0,0,1,0,0,"-31.412223, -60.349558",Camino Rural,,SANTA ROSA DE CALCHINES,Garay,Tierra,Natural,VII,Fuera,Rural,Ninguna,No existe,Recta,Bueno,Buena,Nocturna,Buen Tiempo,S/D,S/D,Despiste,Ninguna,Faltante,Ninguna,Sin restricción
2018,8461,2018-10-29,Lunes,0,17:25:00,,0.0,1,Moto/Ciclomotor,Justo Jose de Urquiza Y Guemes,1,1,0,0,0,0,0,"-33.748777777778,-61.951861111111",Calle,,VENADO TUERTO,General López,S/D,S/D,VIII,S/D,Urbana,S/D,S/D,Intersección,S/D,S/D,S/D,S/D,Atropello animal,S/D,Atropello,S/D,S/D,S/D,S/D
2018,8462,2018-10-07,Domingo,0,01:30:00,,0.0,2,"Moto/Ciclomotor,Automóvil",Av Lopez y Planes 3500,2,1,0,0,1,0,0,"-31.633166666667,-60.71375",Calle,,SANTA FE,La Capital,Asfalto,Pavimento,I,Dentro,Urbana,Semáforo,Funciona,Recta,Bueno,Buena,Diurna,Buen Tiempo,Otro,S/D,Colisión,Otro,Horizontal,Ninguna,Sin restricción
2018,8463,2018-10-21,Domingo,0,,,0.0,1,Automóvil, ,1,0,1,0,0,0,0,"-31.51834, -60.67857",S/D,,MONTE VERA,La Capital,S/D,S/D,I,S/D,S/D,S/D,S/D,S/D,S/D,S/D,S/D,S/D,S/D,S/D,Vuelco,S/D,S/D,S/D,S/D
2018,8464,2018-10-07,Domingo,0,13:10:00,,0.0,2,"Pickup/Utilitario,Automóvil",Don Guanella Y Estrada,4,1,0,0,2,0,1,"-31.595833333333,-60.7165",Calle,,SANTA FE,La Capital,Asfalto,S/D,I,Dentro,Urbana,Ninguna,S/D,Intersección,Bueno,S/D,S/D,Buen Tiempo,Lateral,S/D,Colisión,Ninguna,Faltante,Cordón divisorio,Sin restricción
2018,8465,2018-09-30,Domingo,0,02:05:00,,0.0,2,"Moto/Ciclomotor,Moto/Ciclomotor",Av Cordoba Y General Paz,3,3,0,0,0,0,0,"-31.448296, -60.933239",Avenida,,ESPERANZA,Las Colonias,Asfalto,No existe,XI,Dentro,Urbana,Otra Señal,No existe,Intersección,Bueno,Buena,"Nocturna,Con luz artificial",Buen Tiempo,Lateral,S/D,Colisión,Ninguna,Vertical,Cordón divisorio,Sin restricción