anio_acci,nro_acci,fecha,desc_dia,fecha_aprox,hora_aprox,desc_ruta,km,cant_participantes,desc_participante,calle_avenida_km,total,heridos_leves,heridos_graves,heridos_gravisimos,ilesos,fallecidos,sin_datos,posicion_XY,desc_tipo_via,desc_ruta_ori,desc_loc,desc_dpto,desc_tipo_calzada,desc_tipo_banquina,desc_unidad_regional,desc_lugar_calzada,desc_zona,desc_prioridad,desc_estado_semaforo,desc_lugar_via,desc_estado_via,desc_estado_visibilidad,desc_luminosidad,desc_estado_clima,desc_tipo_colision,desc_tipo_atropello,desc_tipo_hecho,desc_pres_calzada,desc_senializacion,desc_separacion_via,desc_restriccion
2018,8466,2018-10-07,Domingo,0,12:30:00,Ruta Secundaria 55-s,0.0,2,"Moto/Ciclomotor,Moto/Ciclomotor",Ruta Secundaria 55-s Y San Cayetano,2,1,1,0,0,0,0,"-30.58544, -60.4617",Ruta,55-s,MARCELINO ESCALADA,San Justo,Tierra,Natural,XVI,Dentro,Urbana,Ninguna,No existe,Intersección,Resbaladiza,Reducida polvo,Diurna,Viento Fuerte,Frontal,S/D,Colisión,Ninguna,Faltante,Ninguna,Sin restricción
2018,8467,2018-09-22,Sabado,0,23:35:00,,0.0,1,Automóvil,CAMINO RURAL A PUEBLO MU?OZ ,1,1,0,0,0,0,0,"-33.161436, -60.94845",Camino Rural,,SAN LORENZO,San Lorenzo,Tierra,No existe,XVII,Dentro,Rural,Ninguna,No existe,Recta,S/D,Reducida,Nocturna,Buen Tiempo,Atropello animal,S/D,Colisión,Ninguna,Faltante,Ninguna,Sin restricción
2018,8468,2018-09-08,Sabado,0,11:55:00,,0.0,1,Moto/Ciclomotor,25 de Mayo ,2,1,0,0,1,0,0,"-33.270780, -60.365312",Avenida,,EMPALME VILLA CONSTITUCIÓN,Constitución,Hormigón,Natural,VI,Dentro,Rural,Ninguna,No existe,Curva,Deteriorada,Buena,Diurna,Buen Tiempo,S/D,S/D,Caída ocupante,Ninguna,Faltante,Ninguna,Sin restricción
2018,8469,2018-08-05,Domingo,0,18:00:00,,0.0,2,"Pickup/Utilitario,Moto/Ciclomotor",Bv G L Lhemann ,2,0,0,0,1,1,0,"-31.20605,-61.4807",Avenida,,RAFAELA,Castellanos,S/D,S/D,V,S/D,S/D,S/D,S/D,S/D,S/D,S/D,Diurna,S/D,De alcance,S/D,Colisión,S/D,S/D,S/D,S/D
2018,8470,2018-08-05,Domingo,0,05:15:00,Ruta Nacional 33,638.0,2,"Automóvil,Taxi/Remis", ,3,1,0,0,0,2,0,"-33.64753,-61.85937",Ruta,33,MURPHY,General López,Asfalto,Pavimento,VIII,S/D,Urbana,Ninguna,No existe,Recta,Bueno,S/D,Nocturna,S/D,Frontal,S/D,Colisión,Ninguna,Faltante,"Línea divisoria pintada,S/D",Sin restricción
2018,8471,2018-09-09,Domingo,0,07:15:00,,0.0,1,Pickup/Utilitario, ,5,4,0,0,0,0,1,"-31.523294964194, -60.922953192344",Camino Rural,,PUJATO NORTE,Las Colonias,Tierra,No existe,XI,Dentro,Rural,Ninguna,No existe,Recta,Bueno,Buena,Diurna,Buen Tiempo,S/D,S/D,Vuelco,Ninguna,Faltante,Ninguna,Sin restricción
2018,8472,2018-08-07,Martes,0,19:20:00,Ruta Nacional 11,424.9,2,"Camión c / Acoplado,Moto/Ciclomotor", ,2,0,0,0,1,1,0,"-31.95096,-60.9256",Ruta,11,CORONDA,San Jerónimo,Asfalto,Natural,XV,S/D,Urbana,Ninguna,No existe,Recta,Bueno,S/D,Diurna,S/D,S/D,S/D,Colisión,S/D,Faltante,"Línea divisoria pintada,S/D",Sin restricción
2018,8473,2018-09-01,Sabado,0,12:15:00,,0.0,2,"Moto/Ciclomotor,Peatón",Rivadavia Y G Alvear,2,1,0,0,1,0,0,"-31.457974456171, -60.931023389168",Calle,,ESPERANZA,Las Colonias,Asfalto,No existe,XI,Dentro,Urbana,Ninguna,No existe,Intersección,Bueno,Buena,Diurna,Buen Tiempo,S/D,Peatón,Atropello,Ninguna,Vertical,Ninguna,Sin restricción
2018,8474,2018-09-04,Martes,0,17:50:00,,0.0,2,"Automóvil,Moto/Ciclomotor",Islas Malvinas Y Peru,2,1,0,0,1,0,0,"-31.451210930197, -60.909290505576",Calle,,ESPERANZA,Las Colonias,Tierra,No existe,XI,Dentro,Urbana,Ninguna,No existe,Intersección,Bueno,Buena,Diurna,Buen Tiempo,Lateral,S/D,Colisión,Ninguna,Faltante,Ninguna,Sin restricción
2018,8475,2018-09-06,Jueves,0,12:04:00,,0.0,2,"Bicicleta,Automóvil",San Martin Y Guemes,2,1,0,0,1,0,0,"-31.453131391852, -60.931638671088",Calle,,ESPERANZA,Las Colonias,Hormigón,No existe,XI,Dentro,Urbana,Ninguna,No existe,Intersección,Bueno,Buena,Diurna,Buen Tiempo,S/D,Ciclista,Atropello,Ninguna,Faltante,Ninguna,Sin restricción
2018,8476,2018-09-01,Sabado,0,14:00:00,Ruta Nacional 34,165.0,2,"Automóvil,Camión c / Acoplado", ,2,1,0,0,1,0,0,"-31.757786682059, -61.561453403444",Ruta,34,SAN VICENTE.,Castellanos,Hormigón,Natural,V,Dentro,Rural,Ninguna,No existe,Recta,Bueno,Reducida,Diurna,Lluvia,De alcance,S/D,Colisión,Agua,Faltante,Ninguna,Sin restricción
2018,8477,2018-04-03,Martes,0,18:20:00,,0.0,2,"Pickup/Utilitario,Bicicleta",Av San Martin Y Juan Jose Paso,2,1,0,0,1,0,0,"-31.392857, -61.080078",Avenida,,HUMBOLDT,Las Colonias,Asfalto,No existe,XI,Dentro,Urbana,Ninguna,No existe,Intersección,Bueno,Buena,Diurna,Buen Tiempo,S/D,Ciclista,Atropello,Ninguna,S/D,Ninguna,Sin restricción
2018,8478,2018-10-12,Viernes,0,12:45:00,,0.0,2,"Automóvil,Moto/Ciclomotor",Caseros Y Guido Spano,2,1,0,0,1,0,0,"-32.78096, -60.73263",Calle,,FRAY LUIS BELTRÁN,San Lorenzo,Asfalto,No existe,XVII,S/D,Urbana,Ninguna,No existe,Intersección,Bueno,Buena,Diurna,Buen Tiempo,Lateral,S/D,Colisión,Ninguna,Faltante,Ninguna,Sin restricción
2018,8480,2018-10-11,Jueves,0,10:45:00,,0.0,2,"Automóvil,Moto/Ciclomotor",Guido Spano ,2,1,0,0,1,0,0,"-32.78082, -60.73308",Calle,,FRAY LUIS BELTRÁN,San Lorenzo,Asfalto,No existe,XVII,S/D,Urbana,Ninguna,No existe,Intersección,Con baches,S/D,Diurna,Buen Tiempo,Lateral,S/D,Colisión,Ninguna,Faltante,Ninguna,Sin restricción
2018,8483,2018-10-19,Viernes,0,,,0.0,1,Pickup/Utilitario,Alvear 700,1,0,1,0,0,0,0,"-32.942111111111,-60.654333333333",S/D,,ROSARIO,Rosario,S/D,S/D,II,S/D,S/D,S/D,S/D,S/D,S/D,S/D,S/D,S/D,Contra objeto fijo,S/D,S/D,S/D,S/D,S/D,S/D
2018,8484,2018-10-10,Miercoles,0,13:10:00,,0.0,2,"Automóvil,Bicicleta",Jujuy Y Santa fe,2,1,0,0,1,0,0,"-32.82329, -60.71766",Calle,,CAPITÁN BERMÚDEZ,San Lorenzo,Asfalto,Pavimento,XVII,Dentro,Urbana,Ninguna,No existe,Intersección,Bueno,Buena,Diurna,Buen Tiempo,S/D,Ciclista,Atropello,Ninguna,Faltante,Ninguna,Sin restricción
2018,8485,2018-10-23,Martes,0,14:00:00,,0.0,1,Automóvil,Av Gral Bartolome Mitre Y Francia,4,1,0,0,3,0,0,"-31.251111111111,-61.472833333333",S/D,,RAFAELA,Castellanos,S/D,S/D,V,S/D,S/D,S/D,S/D,S/D,S/D,S/D,S/D,S/D,Contra objeto fijo,S/D,Despiste,S/D,S/D,S/D,S/D
2018,8486,2018-10-29,Lunes,0,16:00:00,,0.0,2,"Moto/Ciclomotor,Moto/Ciclomotor",CHILE Y EVA PERON,2,1,0,0,1,0,0,"-33.75363, -61.94969",Calle,,VENADO TUERTO,General López,S/D,S/D,VIII,S/D,Urbana,S/D,S/D,Intersección,S/D,S/D,S/D,S/D,S/D,S/D,Colisión,S/D,S/D,S/D,S/D
2018,8487,2018-10-07,Domingo,0,17:00:00,Ruta Nacional 95,82.0,1,Pickup/Utilitario, ,2,1,1,0,0,0,0,"-29.22106, -61.74344",Ruta,95,POZO BORRADO,9 de Julio,Asfalto,S/D,XII,Dentro,S/D,Ninguna,S/D,Recta,Bueno,S/D,S/D,Buen Tiempo,S/D,S/D,Vuelco,Ninguna,S/D,S/D,Sin restricción
2018,8488,2018-10-28,Domingo,0,19:15:00,,0.0,2,"Automóvil,Camión",Santa Fe Y Carriego,2,1,0,0,1,0,0,"-32.936027777778,-60.688333333333",Calle,,ROSARIO,Rosario,S/D,S/D,II,S/D,Urbana,S/D,S/D,Intersección,S/D,S/D,S/D,S/D,S/D,S/D,Colisión,S/D,S/D,S/D,S/D
2018,8489,2018-10-13,Sabado,0,19:30:00,Ruta Nacional 11,327.0,2,"Automóvil,Moto/Ciclomotor",D Gurel Y Av San Martin,2,1,0,0,1,0,0,"-32.77633, -60.72838",Ruta,11,SAN LORENZO,San Lorenzo,S/D,S/D,XVII,Dentro,Urbana,S/D,S/D,Otro,Otro,S/D,Atardecer,Otro,S/D,S/D,Colisión,S/D,Vertical,S/D,Sin restricción
2018,8490,2018-10-23,Martes,0,20:20:00,,0.0,2,"Pickup/Utilitario,Moto/Ciclomotor",Manuel Belgrano Y Roque Saenz Pe?a,2,1,0,0,1,0,0,"-29.99813, -61.84007",S/D,,HERSILIA,San Cristóbal,S/D,S/D,XIII,S/D,S/D,S/D,S/D,S/D,S/D,S/D,S/D,S/D,S/D,S/D,S/D,S/D,S/D,S/D,S/D
2018,8491,2018-10-07,Domingo,0,19:30:00,,0.0,2,"Peatón,Automóvil",Bv Pellegrini Y Almte Brown,2,1,0,0,1,0,0,"-32.89876, -60.90846",Calle,,ROLDÁN,San Lorenzo,Asfalto,Pavimento,XVII,Dentro,Urbana,Ninguna,No existe,Intersección,Bueno,Buena,Diurna,Buen Tiempo,S/D,Peatón,Atropello,Ninguna,Faltante,Ninguna,Sin restricción
2018,8492,2018-10-29,Lunes,0,20:00:00,Ruta Nacional 11,0.0,2,"Automóvil,Bicicleta",Calle 25 - Pietropaolo Y Ruta Nacional 11,2,1,0,0,1,0,0,"-29.14884, -59.65685",Ruta,11,RECONQUISTA,General Obligado,S/D,S/D,IX,S/D,Urbana,S/D,S/D,Intersección,S/D,S/D,S/D,S/D,S/D,Ciclista,Atropello,S/D,S/D,S/D,S/D
2018,8493,2018-10-13,Sabado,0,20:30:00,,0.0,2,"Moto/Ciclomotor,Moto/Ciclomotor",San Juan Y Sargento Cabral,2,2,0,0,0,0,0,"-32.751527777778,-60.730805555556",Calle,,SAN LORENZO,San Lorenzo,Asfalto,No existe,XVII,S/D,Urbana,S/D,S/D,Intersección,Otro,S/D,Nocturna,Otro,S/D,S/D,Colisión,Ninguna,S/D,S/D,S/D
2018,8494,2018-10-23,Martes,0,,,0.0,2,"Moto/Ciclomotor,Moto/Ciclomotor",Cochabamba Y Gral Alvear,2,1,1,0,0,0,0,"-30.311555555556,-61.229694444444",S/D,,SAN CRISTÓBAL,San Cristóbal,S/D,S/D,XIII,S/D,S/D,S/D,S/D,S/D,S/D,S/D,S/D,S/D,S/D,S/D,S/D,S/D,S/D,S/D,S/D
2018,8495,2018-10-07,Domingo,0,15:30:00,Autopista Provincial Brigadier E.López,40.0,1,Automóvil, ,2,2,0,0,0,0,0,"-32.57922, -60.87539",Autopista,Brigadier E.López,OLIVEROS,Iriondo,Asfalto,Natural,X,Fuera,Rural,Ninguna,No existe,Recta,Bueno,Buena,Diurna,Buen Tiempo,S/D,S/D,Despiste,S/D,"Horizontal,Vertical",Vegetación,Sin restricción
2018,8496,2018-10-13,Sabado,0,08:40:00,,0.0,2,"Moto/Ciclomotor,Camión Chasis",A Williams Y 3 de Febrero,2,1,0,0,1,0,0,"-32.74382, -60.74474",Calle,,SAN LORENZO,San Lorenzo,S/D,S/D,XVII,Dentro,Urbana,S/D,S/D,Intersección,Otro,S/D,S/D,Otro,S/D,S/D,Colisión,Otro,Vertical,Ninguna,S/D
2018,8497,2018-10-23,Martes,0,20:00:00,,0.0,2,"Moto/Ciclomotor,Vehículo Oficial",Nicasio Oro?o Y 9 de Julio,2,1,0,0,1,0,0,"-32.81272, -61.38863",S/D,,CAÑADA DE GÓMEZ,Iriondo,S/D,S/D,X,S/D,S/D,S/D,S/D,S/D,S/D,S/D,S/D,S/D,S/D,S/D,S/D,S/D,S/D,S/D,S/D
2018,8498,2018-10-22,Lunes,0,03:30:00,,0.0,1,Moto/Ciclomotor, ,2,2,0,0,0,0,0,"-31.72608, -61.09129",S/D,,SAN CARLOS CENTRO,Las Colonias,S/D,S/D,XI,S/D,S/D,S/D,S/D,S/D,S/D,S/D,S/D,S/D,S/D,S/D,Despiste,S/D,S/D,S/D,S/D
2018,8499,2018-10-07,Domingo,0,01:30:00,,0.0,2,"Automóvil,Automóvil",Ing Mosconi Y Bomberos Voluntarios,3,1,0,0,2,0,0,"-33.025611111111,-60.633083333333",Calle,,VILLA GOBERNADOR GÁLVEZ,Rosario,Asfalto,No existe,II,S/D,S/D,Ninguna,No existe,Intersección,Bueno,Buena,Nocturna,Buen Tiempo,S/D,S/D,Colisión,Ninguna,Faltante,Ninguna,Sin restricción
2018,8500,2018-10-30,Martes,0,,,0.0,2,"Moto/Ciclomotor,Automóvil",Chaco Bis Y Av. Genova,5,2,0,0,0,0,3,"-32.915527777778,-60.6965",Avenida,,ROSARIO,Rosario,S/D,S/D,II,S/D,Urbana,S/D,S/D,Intersección,S/D,S/D,S/D,S/D,S/D,S/D,Colisión,S/D,S/D,S/D,S/D
2018,8501,2018-10-15,Lunes,0,17:10:00,,0.0,2,"Transporte de Pasajeros Larga Distancia (Piso  y  1/2),Moto/Ciclomotor",Boulevard Colon Y Libertad,2,2,0,0,0,0,0,"-33.4618, -61.48597",Avenida,,FIRMAT,General López,Asfalto,No existe,VIII,Dentro,Urbana,S/D,S/D,Intersección,Bueno,Buena,Diurna,Buen Tiempo,S/D,S/D,Colisión,Ninguna,S/D,S/D,Sin restricción
2018,8502,2018-10-07,Domingo,0,20:00:00,Ruta Provincial 18,18.0,1,Moto/Ciclomotor, ,1,1,0,0,0,0,0,"-33.09518, -60.7013",Ruta,18,PIÑERO,Rosario,Asfalto,Ripio,II,Dentro,Rural,S/D,No existe,Recta,Bueno,Buena,Con luz artificial,S/D,Otro,S/D,Despiste,S/D,S/D,Cordón divisorio,Sin restricción
2018,8503,2018-10-07,Domingo,0,07:30:00,,0.0,2,"Moto/Ciclomotor,Transporte de Pasajeros Urbano (> 8 asientos)",J.Colombres Y Av. Eva Peron,2,1,0,0,1,0,0,"-32.930111111111,-60.72975",Avenida,,ROSARIO,Rosario,Asfalto,No existe,II,Dentro,Urbana,Ninguna,S/D,Recta,Bueno,Buena,Diurna,Buen Tiempo,S/D,S/D,Colisión,Ninguna,S/D,Barrera de hormigón,Sin restricción
2018,8504,2018-10-31,Miercoles,0,,Ruta Nacional 34,266.0,2,"Automóvil,Camión", ,2,1,0,0,0,0,1,"-30.89637, -61.56167",Ruta,34,SUNCHALES,Castellanos,S/D,S/D,V,S/D,Urbana,S/D,S/D,Recta,S/D,S/D,S/D,Granizo,S/D,S/D,"Colisión,Vuelco",S/D,S/D,S/D,S/D
2018,8505,2018-10-31,Miercoles,0,,,0.0,2,"Automóvil,Moto/Ciclomotor",Tucuman Y Luis F Leloir,2,1,0,0,1,0,0,"-30.94008, -61.55022",Calle,,SUNCHALES,Castellanos,S/D,S/D,V,S/D,Urbana,S/D,S/D,Intersección,S/D,S/D,S/D,S/D,S/D,S/D,Colisión,S/D,S/D,S/D,S/D
2018,8506,2018-10-15,Lunes,0,04:15:00,Ruta Provincial 14,0.0,1,Automóvil, ,1,1,0,0,0,0,0,"-33.02058, -60.7551",Ruta,14,SOLDINI,Rosario,Asfalto,Natural,II,Fuera,Rural,Ninguna,No existe,Recta,Otro,S/D,Nocturna,Buen Tiempo,Otro,S/D,Despiste,Otro,S/D,Línea divisoria pintada,Reparación de Vía
2018,8507,2018-10-07,Domingo,0,21:05:00,,0.0,1,Peatón,Garzon 3800,1,1,0,0,0,0,0,"-32.97314, -60.70438",Calle,,ROSARIO,Rosario,Asfalto,No existe,II,S/D,Urbana,Ninguna,No existe,Intersección,Bueno,Buena,"Nocturna,Con luz artificial",Buen Tiempo,S/D,Peatón,Atropello,Ninguna,Faltante,Ninguna,Sin restricción
2018,8508,2018-10-07,Domingo,0,19:30:00,Autopista Provincial Brigadier E.López,58.0,1,Pickup/Utilitario, ,1,1,0,0,0,0,0,"-32.40698, -60.9351",Autopista,Brigadier E.López,MACIEL,San Jerónimo,Asfalto,Natural,XV,Fuera,Rural,Ninguna,No existe,Recta,Bueno,Buena,Atardecer,Buen Tiempo,Otro,S/D,"Vuelco,Despiste",Ninguna,Horizontal,Vegetación,Sin restricción
2018,8509,2018-10-07,Domingo,0,06:15:00,,0.0,2,"Automóvil,Automóvil",Entre Rios Y Dean Funes,3,1,0,0,0,0,2,"-32.975138888889,-60.648333333333",Calle,,ROSARIO,Rosario,Asfalto,S/D,II,S/D,Urbana,Ninguna,S/D,Intersección,Bueno,S/D,S/D,Buen Tiempo,Lateral,S/D,Colisión,Ninguna,Faltante,Ninguna,Sin restricción
2018,8510,2018-05-09,Miercoles,0,13:30:00,,0.0,2,"Automóvil,Moto/Ciclomotor",COLON Y ALTE. BROWN,2,1,0,0,1,0,0,"-31.69473, -61.56522",Calle,,SAN VICENTE.,Castellanos,Asfalto,No existe,V,S/D,Urbana,Ninguna,No existe,Intersección,Bueno,Buena,Diurna,Lluvia,Lateral,S/D,Colisión,Agua,Faltante,Ninguna,Sin restricción
2018,8511,2018-10-07,Domingo,0,04:30:00,,0.0,2,"Pickup/Utilitario,Moto/Ciclomotor",Mariano Moreno Y GÁLVEZ,4,1,0,0,3,0,0,"-32.966527777778,-60.656194444444",Calle,,ROSARIO,Rosario,S/D,S/D,II,S/D,Urbana,S/D,S/D,Intersección,S/D,S/D,Nocturna,S/D,S/D,S/D,Colisión,S/D,S/D,S/D,S/D
2018,8512,2018-10-07,Domingo,0,17:40:00,,0.0,2,"Moto/Ciclomotor,Automóvil",L.N.Alem 1900,4,2,0,0,2,0,0,"-32.961333333333,-60.631611111111",Calle,,ROSARIO,Rosario,S/D,S/D,II,S/D,Urbana,S/D,S/D,Intersección,S/D,S/D,Diurna,S/D,S/D,S/D,Colisión,S/D,S/D,S/D,S/D
2018,8513,2018-10-07,Domingo,0,00:30:00,,0.0,2,"Automóvil,Moto/Ciclomotor",9 De Julio Y Rodriguez,3,1,0,0,2,0,0,"-32.950138888889,-60.660611111111",Calle,,ROSARIO,Rosario,S/D,S/D,II,S/D,Urbana,S/D,S/D,Intersección,S/D,S/D,"Nocturna,Con luz artificial",S/D,S/D,S/D,Colisión,S/D,S/D,S/D,S/D
2018,8514,2018-09-15,Sabado,0,19:55:00,,0.0,2,"Moto/Ciclomotor,Moto/Ciclomotor",Saavedra Y Neuquen,3,1,2,0,0,0,0,"-33.243802, -60.327647",Calle,,VILLA CONSTITUCIÓN,Constitución,Asfalto,S/D,VI,Dentro,Urbana,Ninguna,No existe,Intersección,Bueno,Buena,Diurna,Buen Tiempo,Frontal,S/D,Colisión,Ninguna,Faltante,Ninguna,Accidente Previo
2018,8516,2018-09-18,Martes,0,23:00:00,Ruta Provincial 21,0.0,2,"Camión c / Acoplado,Transporte de Pasajeros Urbano (> 8 asientos)",Ruta Prov 21 Y Perrissol,2,1,0,0,1,0,0,"-33.245259, -60.312382",Ruta,21,VILLA CONSTITUCIÓN,Constitución,Asfalto,Natural,IV,Dentro,Urbana,Semáforo,Funciona,Intersección,Bueno,Buena,Nocturna,Buen Tiempo,Frontal,S/D,Colisión,Ninguna,"Horizontal,Vertical",Línea divisoria pintada,Sin restricción
2018,8517,2018-09-11,Martes,0,,Ruta Provincial 21,0.0,2,"Automóvil,Moto/Ciclomotor",Ruta Prov 21 Y Perrissol,4,2,1,0,1,0,0,"-33.245258, -60.312386",Ruta,21,VILLA CONSTITUCIÓN,Constitución,Asfalto,Natural,VI,Dentro,Urbana,Semáforo,Funciona,Intersección,Bueno,Buena,S/D,Buen Tiempo,Frontal,S/D,Colisión,Ninguna,"Horizontal,Vertical",Línea divisoria pintada,Sin restricción
2018,8518,2018-08-19,Domingo,0,06:30:00,,0.0,2,"Automóvil,Bicicleta",Oro?o Y Facundo Quiroga,2,1,0,0,1,0,0,"-33.250535, -60.312506",Calle,,VILLA CONSTITUCIÓN,Constitución,Asfalto,No existe,VI,Dentro,Urbana,Ninguna,No existe,Intersección,Bueno,Buena,Amanecer,Buen Tiempo,S/D,Ciclista,Atropello,Ninguna,Faltante,Ninguna,Sin restricción
2018,8519,2018-09-05,Miercoles,0,20:55:00,,0.0,2,"Moto/Ciclomotor,Automóvil",Calle 301 Y Calle 304,3,2,0,0,1,0,0,"-29.110740, -59.662632",Calle,,AVELLANEDA,General Obligado,Asfalto,No existe,IX,Dentro,Urbana,S/D,No existe,Intersección,Bueno,Buena,Nocturna,S/D,Lateral,S/D,Colisión,Ninguna,S/D,Ninguna,Sin restricción
2018,8520,2018-09-06,Jueves,0,20:05:00,,0.0,3,"Automóvil,Bicicleta,Bicicleta",9 de Julio Y 1 de Mayo,3,2,0,0,1,0,0,"-31.456522309275, -60.924794683033",Calle,,ESPERANZA,Las Colonias,Asfalto,No existe,XI,Dentro,Urbana,Ninguna,No existe,Intersección,Bueno,Buena,Nocturna,Buen Tiempo,S/D,Ciclista,Atropello,Ninguna,Faltante,Ninguna,Sin restricción
2018,8521,2018-09-01,Sabado,0,13:45:00,,0.0,2,"Automóvil,Peatón",Pte.Roca Y San Luis,2,1,0,0,1,0,0,"-32.947803, -60.645772",Calle,,ROSARIO,Rosario,Asfalto,No existe,II,Dentro,Urbana,Paso Peatonal,No existe,Intersección,Bueno,Buena,Diurna,Buen Tiempo,S/D,Peatón,Atropello,Ninguna,Horizontal,Ninguna,Sin restricción
2018,8522,2018-09-09,Domingo,0,13:30:00,,0.0,2,"Moto/Ciclomotor,Automóvil",Mariano Moreno Y Laprida,5,5,0,0,0,0,0,"-31.443390213938, -60.930652627522",Calle,,ESPERANZA,Las Colonias,Hormigón,No existe,XI,Dentro,Urbana,Ninguna,No existe,Intersección,Bueno,Buena,Diurna,Buen Tiempo,Lateral,S/D,Colisión,Ninguna,Faltante,Ninguna,Sin restricción
2018,8523,2018-09-08,Sabado,0,17:00:00,,0.0,1,Automóvil,Calle 327 ,3,3,0,0,0,0,0,"-29.111194387396, -59.557547740373",Calle,,AVELLANEDA,General Obligado,S/D,S/D,IX,Dentro,Rural,S/D,S/D,Recta,S/D,S/D,Diurna,S/D,S/D,S/D,Vuelco,S/D,S/D,S/D,S/D
2018,8524,2018-09-02,Domingo,0,20:45:00,,0.0,2,"Automóvil,Moto/Ciclomotor",Santiago Y Montevideo,2,1,0,0,1,0,0,"-32.952958, -60.658462",Calle,,ROSARIO,Rosario,Asfalto,No existe,II,Dentro,Urbana,Ninguna,No existe,Intersección,Bueno,Buena,"Nocturna,Con luz artificial",Buen Tiempo,Lateral,S/D,Colisión,Ninguna,Faltante,Ninguna,Sin restricción
2018,8525,2018-09-05,Miercoles,0,09:30:00,,0.0,2,"Peatón,Automóvil",Bv. Oro?o 900,2,1,0,0,1,0,0,"-32.946259, -60.654068",Avenida,,ROSARIO,Rosario,Asfalto,No existe,II,Dentro,Urbana,Semáforo,Funciona,Recta,Bueno,Buena,Diurna,Buen Tiempo,S/D,Peatón,Atropello,Ninguna,"Horizontal,Vertical",Ninguna,Sin restricción
2018,8526,2018-09-12,Miercoles,0,11:05:00,,0.0,2,"Automóvil,Moto/Ciclomotor",Pringles Y General Manuel Belgrano,2,1,0,0,1,0,0,"-31.459225975962, -60.932433614308",Calle,,ESPERANZA,Las Colonias,Hormigón,No existe,XI,Dentro,Urbana,Ninguna,No existe,Intersección,Bueno,Buena,Diurna,Buen Tiempo,Lateral,S/D,Colisión,Ninguna,Faltante,Ninguna,Sin restricción
2018,8527,2018-09-03,Lunes,0,22:30:00,,0.0,2,"Automóvil,Moto/Ciclomotor",GÁLVEZ Y Italia,3,0,1,0,2,0,0,"-32.967009, -60.653572",Calle,,ROSARIO,Rosario,Asfalto,No existe,II,Dentro,Urbana,Ninguna,No existe,Intersección,Bueno,Buena,"Nocturna,Con luz artificial",Buen Tiempo,S/D,S/D,Colisión,Ninguna,Faltante,Ninguna,Sin restricción
2018,8528,2018-09-14,Viernes,0,17:10:00,Ruta Provincial 70,0.0,2,"Pickup/Utilitario,Moto/Ciclomotor",A Aufranc Y 1 de Mayo,4,2,0,0,2,0,0,"-31.444677674265, -60.921082505757",Ruta,70,ESPERANZA,Las Colonias,Asfalto,No existe,XI,Dentro,Urbana,Ninguna,No existe,Intersección,Bueno,Buena,Diurna,Buen Tiempo,Lateral,S/D,Colisión,Ninguna,Faltante,Ninguna,Sin restricción
2018,8529,2018-09-02,Domingo,0,05:40:00,,0.0,2,"Peatón,Automóvil",Av de los inmigrantes 400,2,1,0,0,1,0,0,"-32.948878, -60.627222",Avenida,,ROSARIO,Rosario,Asfalto,No existe,II,Dentro,Urbana,Ninguna,No existe,Recta,Bueno,Buena,"Nocturna,Con luz artificial",Buen Tiempo,S/D,Peatón,Atropello,Ninguna,Horizontal,Ninguna,Sin restricción
2018,8530,2018-09-12,Miercoles,0,08:00:00,,0.0,2,"Moto/Ciclomotor,Automóvil",Sarmiento 1700,3,2,0,0,1,0,0,"-32.957277777778,-60.640888888889",Calle,,ROSARIO,Rosario,Asfalto,No existe,II,Dentro,Urbana,Semáforo,Funciona,Recta,Bueno,Buena,Diurna,Buen Tiempo,S/D,S/D,Colisión,Ninguna,Vertical,Ninguna,Sin restricción
2018,8531,2018-09-05,Miercoles,0,16:00:00,,0.0,2,"Transporte de Pasajeros Urbano (> 8 asientos),Automóvil",Cerrito Y Beruti,2,1,0,0,1,0,0,"-32.965112, -60.623962",Calle,,ROSARIO,Rosario,Hormigón,No existe,II,Dentro,Urbana,Ninguna,No existe,Intersección,Bueno,Buena,Diurna,Buen Tiempo,S/D,S/D,Colisión,Ninguna,Faltante,Ninguna,Sin restricción
2018,8532,2018-09-17,Lunes,0,17:30:00,Ruta Provincial 70,0.0,2,"Automóvil,Moto/Ciclomotor",A Aufranc Y General Paz,2,1,0,0,1,0,0,"-31.442210041972, -60.931403646046",Ruta,70,ESPERANZA,Las Colonias,Asfalto,No existe,XI,Dentro,Urbana,Ninguna,No existe,Intersección,Bueno,Buena,Diurna,Buen Tiempo,Lateral,S/D,Colisión,Ninguna,Faltante,Ninguna,Sin restricción
2018,8533,2018-09-03,Lunes,0,05:40:00,,0.0,2,"Automóvil,Moto/Ciclomotor",Bv. 27 De Febrero Y Colon,2,1,0,0,1,0,0,"-32.969827, -60.630809",Avenida,,ROSARIO,Rosario,Asfalto,No existe,II,Dentro,Urbana,Semáforo,Funciona,Intersección,Bueno,Buena,"Nocturna,Con luz artificial",Buen Tiempo,S/D,S/D,Colisión,Ninguna,"Horizontal,Vertical","Cordón divisorio,Línea divisoria pintada",Sin restricción
2018,8534,2018-09-18,Martes,0,15:30:00,,0.0,2,"Moto/Ciclomotor,Automóvil",Castelli Y Rivadavia,3,1,1,0,1,0,0,"-31.451865994425, -60.929193505818",Calle,,ESPERANZA,Las Colonias,Asfalto,No existe,XI,Dentro,Urbana,Ninguna,No existe,Intersección,Bueno,Buena,Diurna,Buen Tiempo,Lateral,S/D,Colisión,Ninguna,Faltante,Ninguna,Sin restricción