anio_acci,nro_acci,fecha,desc_dia,fecha_aprox,hora_aprox,desc_ruta,km,cant_participantes,desc_participante,calle_avenida_km,total,heridos_leves,heridos_graves,heridos_gravisimos,ilesos,fallecidos,sin_datos,posicion_XY,desc_tipo_via,desc_ruta_ori,desc_loc,desc_dpto,desc_tipo_calzada,desc_tipo_banquina,desc_unidad_regional,desc_lugar_calzada,desc_zona,desc_prioridad,desc_estado_semaforo,desc_lugar_via,desc_estado_via,desc_estado_visibilidad,desc_luminosidad,desc_estado_clima,desc_tipo_colision,desc_tipo_atropello,desc_tipo_hecho,desc_pres_calzada,desc_senializacion,desc_separacion_via,desc_restriccion
2018,8535,2018-02-04,Domingo,0,15:05:00,,0.0,2,"Pickup/Utilitario,Moto/Ciclomotor",9 De Julio Y Rodriguez,2,1,0,0,1,0,0,"-32.950171, -60.660606",Calle,,ROSARIO,Rosario,Asfalto,No existe,II,Dentro,Urbana,Señal Pare,No existe,Intersección,Con baches,Buena,Diurna,Buen Tiempo,S/D,S/D,Colisión,Ninguna,Vertical,Ninguna,Sin restricción
2018,8536,2018-09-06,Jueves,0,18:25:00,Ruta Nacional 11,0.0,2,"Automóvil,Moto/Ciclomotor",Calle 25 ,2,1,0,0,1,0,0,"-29.125886, -59.653536",Ruta,11,AVELLANEDA,General Obligado,Asfalto,No existe,IX,Dentro,Urbana,S/D,No existe,Intersección,Bueno,Buena,Diurna,S/D,Lateral,S/D,Colisión,Agua,Faltante,Ninguna,Sin restricción
2018,8537,2018-09-22,Sabado,0,18:10:00,Ruta Provincial 13,0.0,1,Automóvil, ,3,1,0,0,2,0,0,"-29.105762, -59.680858",Ruta,13,AVELLANEDA,General Obligado,Asfalto,Natural,IX,Dentro,Rural,S/D,S/D,Recta,Bueno,Buena,Diurna,Buen Tiempo,S/D,S/D,Vuelco,Ninguna,S/D,S/D,Sin restricción
2018,8538,2018-10-12,Viernes,0,14:30:00,,0.0,1,Moto/Ciclomotor,Urquiza 755,2,0,1,0,1,0,0,"-32.829611111111,-61.394944444444",Calle,,CAÑADA DE GÓMEZ,Iriondo,Hormigón,No existe,X,S/D,Urbana,S/D,No existe,Recta,Bueno,Buena,Diurna,Buen Tiempo,S/D,S/D,Caída ocupante,S/D,S/D,S/D,S/D
2018,8539,2018-10-10,Miercoles,0,08:30:00,,0.0,2,"Automóvil,Automóvil",Las Carretas Y Araoz,3,3,0,0,0,0,0,"-32.92672, -60.85607",Calle,,FUNES,Rosario,Asfalto,No existe,II,Dentro,Urbana,S/D,S/D,Intersección,Bueno,Buena,Diurna,Buen Tiempo,S/D,S/D,Colisión,Ninguna,S/D,S/D,Sin restricción
2018,8540,2018-10-14,Domingo,0,23:00:00,,0.0,2,"Automóvil,Peatón",Chacabuco 251,2,0,1,0,1,0,0,"-32.820138888889,-61.383361111111",Calle,,CAÑADA DE GÓMEZ,Iriondo,Asfalto,No existe,X,Dentro,Urbana,Ninguna,S/D,Recta,Bueno,S/D,Nocturna,Buen Tiempo,De alcance,Peatón,Atropello,S/D,S/D,S/D,Sin restricción
2018,8541,2018-10-12,Viernes,0,05:50:00,Ruta Nacional 9,377.0,2,"Otros,Bicicleta",Mitre Y Av. Santa Fe,2,1,0,0,0,0,1,"-32.8116, -61.38695",Ruta,9,CAÑADA DE GÓMEZ,Iriondo,Asfalto,Ripio,X,S/D,Urbana,Semáforo,Funciona,Recta,Bueno,Reducida,Amanecer,Niebla,Lateral,S/D,Colisión,S/D,Vertical,Guardarrail,S/D
2018,8542,2018-10-10,Miercoles,0,07:55:00,,0.0,2,"Automóvil,Moto/Ciclomotor",Moreno Y Ballesteros,4,1,0,0,3,0,0,"-32.818166666667,-61.396333333333",Calle,,CAÑADA DE GÓMEZ,Iriondo,Asfalto,No existe,X,Dentro,Urbana,Ninguna,No existe,Intersección,Bueno,Buena,Amanecer,Buen Tiempo,Lateral,S/D,Colisión,S/D,Horizontal,Ninguna,Sin restricción
2018,8543,2018-10-13,Sabado,0,06:10:00,Ruta Nacional 178,178.5,2,"Automóvil,Pickup/Utilitario", ,8,4,0,0,4,0,0,"-32.69653, -61.52502",Ruta,178,LAS PAREJAS,Belgrano,Asfalto,Natural,III,Dentro,Rural,Ninguna,No existe,Recta,Bueno,Reducida,Amanecer,Niebla,De alcance,S/D,Colisión,Ninguna,Faltante,Ninguna,Sin restricción
2018,8544,2018-10-13,Sabado,0,06:50:00,Ruta Provincial 1,12.0,2,"Pickup/Utilitario,Automóvil",Calle 20 Y Ruta Nac 1,3,1,0,0,2,0,0,"-31.56583, -60.53664",Ruta,1,ARROYO LEYES,La Capital,Asfalto,Natural,I,Dentro,Rural,Marca Vial,No existe,Recta,Resbaladiza,Buena,Amanecer,Lluvia,Lateral,S/D,Colisión,Agua,Vertical,Línea divisoria pintada,Sin restricción
2018,8545,2018-10-15,Lunes,0,20:00:00,,0.0,2,"Automóvil,Moto/Ciclomotor",Pasaje 21 Y Pje 16,2,1,0,0,1,0,0,"-29.12325,-59.656972222222",Calle,,AVELLANEDA,General Obligado,S/D,S/D,IX,S/D,S/D,S/D,S/D,Intersección,S/D,S/D,Nocturna,S/D,Lateral,S/D,Colisión,S/D,S/D,S/D,S/D
2018,8546,2018-10-10,Miercoles,0,12:20:00,,0.0,2,"Moto/Ciclomotor,Pickup/Utilitario",Calle 21 814,2,1,0,0,1,0,0,"-29.123416666667,-59.655583333333",Calle,,AVELLANEDA,General Obligado,S/D,S/D,IX,Dentro,Urbana,S/D,S/D,Recta,S/D,S/D,Diurna,S/D,De alcance,S/D,Colisión,S/D,S/D,S/D,S/D
2018,8547,2018-10-12,Viernes,0,22:00:00,,0.0,1,Moto/Ciclomotor,Gral Belgrano Y Centenario,2,1,0,0,1,0,0,"-30.35749, -60.40344",Calle,,GOBERNADOR CRESPO,San Justo,Ripio,No existe,XVI,S/D,Urbana,Ninguna,No existe,Intersección,Ahuellamiento,Buena,"Nocturna,Con luz artificial",Otro,Atropello animal,S/D,Colisión,Ninguna,Faltante,Ninguna,Sin restricción
2018,8548,2018-10-14,Domingo,0,13:45:00,,0.0,2,"Automóvil,Moto/Ciclomotor",Bv R S Pe?a Y Independencia,2,1,0,0,1,0,0,"-30.788888888889,-60.598694444444",Avenida,,SAN JUSTO,San Justo,Asfalto,No existe,XVI,S/D,Urbana,S/D,No existe,Intersección,Bueno,S/D,Diurna,Buen Tiempo,Lateral,S/D,Colisión,Agua,Vertical,Cordón divisorio,Sin restricción
2018,8549,2018-10-08,Lunes,0,13:30:00,,0.0,2,"Automóvil,Bicicleta",Los Olmos Y Los Nogales,2,2,0,0,0,0,0,"-31.572972222222,-60.683138888889",Calle,,SANTA FE,La Capital,S/D,Pavimento,I,Dentro,Urbana,Otra Señal,No existe,Intersección,Otro,Reducida,Diurna,Otro,Otro,Ciclista,Atropello,Ninguna,Faltante,Ninguna,Sin restricción
2018,8550,2018-10-12,Viernes,0,12:10:00,Ruta Provincial 2,14.0,2,"Bicicleta,Automóvil",Ruta pcial 2 Av San Martin 14,2,1,0,0,1,0,0,"-31.4467, -60.67059",Ruta,2,MONTE VERA,La Capital,Hormigón,Natural,I,Dentro,Rural,Ninguna,No existe,Recta,Otro,Buena,"Amanecer,Con luz artificial",Buen Tiempo,De alcance,S/D,Colisión,Ninguna,S/D,Línea divisoria pintada,Sin restricción
2018,8551,2018-10-15,Lunes,0,00:05:00,,0.0,2,"Automóvil,Moto/Ciclomotor",LA RIOJA Y E. LOPEZ,3,1,0,0,2,0,0,"-31.52397, -60.68011",Calle,,MONTE VERA,La Capital,Ripio,No existe,I,Dentro,Urbana,Ninguna,No existe,Intersección,Bueno,Buena,"Nocturna,Con luz artificial",Buen Tiempo,De alcance,S/D,Colisión,Ninguna,S/D,Ninguna,Sin restricción
2018,8552,2018-10-08,Lunes,0,19:40:00,Ruta Provincial 10,0.0,1,Automóvil, ,1,1,0,0,0,0,0,"-32.67656, -60.86128",Ruta,10,ANDINO,Iriondo,Asfalto,Natural,X,Fuera,Rural,S/D,No existe,Recta,Bueno,Buena,Nocturna,Buen Tiempo,S/D,S/D,Despiste,Ninguna,Horizontal,Línea divisoria pintada,S/D
2018,8553,2018-10-08,Lunes,0,22:30:00,,0.0,2,"Moto/Ciclomotor,Taxi/Remis",Salvador del Carril Y Belgrano,2,1,0,0,1,0,0,"-31.619194444444,-60.693555555556",Calle,,SANTA FE,La Capital,Asfalto,No existe,I,S/D,Urbana,Ninguna,No existe,Intersección,Bueno,Buena,Diurna,Buen Tiempo,Lateral,S/D,Colisión,Ninguna,S/D,Ninguna,Sin restricción
2018,8554,2018-10-13,Sabado,0,13:40:00,,0.0,2,"Automóvil,Moto/Ciclomotor",Entre Rios Y Los Constituyentes Bis,2,0,1,0,1,0,0,"-31.30562, -60.65485",Calle,,LAGUNA PAIVA,La Capital,Asfalto,No existe,I,Dentro,Urbana,Ninguna,No existe,Intersección,Bueno,Buena,Diurna,Buen Tiempo,Lateral,S/D,Colisión,Ninguna,Faltante,Ninguna,Sin restricción
2018,8555,2018-10-08,Lunes,0,,,0.0,2,"Moto/Ciclomotor,Pickup/Utilitario",La Rioja Y Av Freyre,2,1,0,0,1,0,0,"-31.643,-60.717555555556",Calle,,SANTA FE,La Capital,Asfalto,Pavimento,I,S/D,Urbana,Semáforo,Funciona,Recta,Bueno,Buena,Diurna,Buen Tiempo,Otro,S/D,Colisión,Otro,Vertical,Ninguna,Sin restricción
2018,8556,2018-10-12,Viernes,0,00:10:00,Autopista Provincial Brigadier E.López,94.6,2,"Camión c / Semirremolque,Ambulancia", ,4,0,2,0,2,0,0,"-32.0776, -60.99288",Autopista,Brigadier E.López,AROCENA,San Jerónimo,Asfalto,Natural,XV,Dentro,Rural,Ninguna,No existe,Recta,Resbaladiza,Reducida,Nocturna,Lluvia,S/D,S/D,Colisión,Agua,Faltante,Vegetación,Sin restricción
2018,8557,2018-10-08,Lunes,0,20:30:00,,0.0,2,"Bicicleta,Moto/Ciclomotor",Pje Gaboto Y Don Guanella,2,1,0,1,0,0,0,"-31.59675,-60.712361111111",Calle,,SANTA FE,La Capital,Asfalto,S/D,I,Dentro,Urbana,Ninguna,S/D,Cruce,Bueno,S/D,S/D,Otro,Lateral,Ciclista,Atropello,Ninguna,Faltante,Ninguna,Accidente Previo
2018,8558,2018-10-11,Jueves,0,13:00:00,Ruta Nacional 11,447.0,2,"Pickup/Utilitario,Moto/Ciclomotor",Ruta Nac 11 Av Grl Lopez Y Santa Fe,2,1,0,0,1,0,0,"-31.76825, -60.83639",Ruta,11,SAUCE VIEJO,La Capital,Asfalto,Ripio,I,S/D,Urbana,Ninguna,No existe,Recta,Resbaladiza,Buena,Diurna,Otro,Lateral,S/D,Colisión,S/D,"Horizontal,Vertical",Línea divisoria pintada,Sin restricción
2018,8559,2018-10-08,Lunes,0,13:40:00,,0.0,2,"Peatón,Pickup/Utilitario",J R Mendez 6300,2,1,0,0,1,0,0,"-31.57633, -60.73585",Calle,,SANTA FE,La Capital,Asfalto,No existe,I,S/D,Urbana,Ninguna,No existe,Recta,Con baches,Buena,Diurna,Buen Tiempo,S/D,Peatón,Atropello,Ninguna,Faltante,Ninguna,Sin restricción
2018,8560,2018-10-08,Lunes,0,13:30:00,,0.0,2,"Automóvil,Bicicleta",Maipu Y Belgrano,2,1,0,0,1,0,0,"-31.311685111727, -60.660859024163",Calle,,LAGUNA PAIVA,La Capital,Ripio,No existe,I,Dentro,Urbana,Ninguna,No existe,Intersección,Bueno,Buena,Diurna,Buen Tiempo,S/D,Ciclista,Atropello,Ninguna,Faltante,Ninguna,Sin restricción
2018,8561,2018-09-18,Martes,0,22:00:00,Ruta Provincial 6,0.0,1,Moto/Ciclomotor,Gregorio Donnet Y Pte Roque Saenz Pe?a,3,2,0,0,1,0,0,"-31.448372014587, -60.912425830364",Ruta,6,ESPERANZA,Las Colonias,Asfalto,No existe,XI,Dentro,Urbana,Otra Señal,No existe,Intersección,Bueno,Buena,Nocturna,Buen Tiempo,S/D,S/D,"Caída ocupante,Despiste",Ninguna,Vertical,Ninguna,Reparación de Vía
2018,8562,2018-09-22,Sabado,0,00:50:00,,0.0,2,"Moto/Ciclomotor,Automóvil",Av Los Colonizadores Y Ingeniero Gadda,6,0,1,0,0,0,5,"-31.451705933737, -60.918383455837",Avenida,,ESPERANZA,Las Colonias,Asfalto,No existe,XI,Dentro,Urbana,Ninguna,No existe,Intersección,Bueno,Buena,"Nocturna,Con luz artificial",Buen Tiempo,Otro,S/D,Colisión,Ninguna,Faltante,Ninguna,Sin restricción
2018,8563,2018-09-23,Domingo,0,08:25:00,,0.0,1,Pickup/Utilitario,Av Los Colonizadores Y Dalmacio Velez Sarfield,2,2,0,0,0,0,0,"-31.452856668060, -60.913820579052",Avenida,,ESPERANZA,Las Colonias,Asfalto,No existe,XI,Dentro,Urbana,Ninguna,No existe,Intersección,Bueno,Buena,Diurna,Buen Tiempo,Contra objeto fijo,S/D,Colisión,Ninguna,Faltante,Ninguna,Sin restricción
2018,8564,2018-09-23,Domingo,0,08:30:00,,0.0,2,"Automóvil,Moto/Ciclomotor",Domingo Faustino Sarmiento Y Av Cordoba,2,1,0,0,1,0,0,"-31.448693879669, -60.931437327862",Avenida,,ESPERANZA,Las Colonias,Asfalto,No existe,XI,Dentro,Urbana,Ninguna,No existe,Intersección,Bueno,Buena,Diurna,Buen Tiempo,Lateral,S/D,Colisión,Ninguna,Faltante,Cordón divisorio,Sin restricción
2018,8565,2018-09-03,Lunes,0,07:45:00,,0.0,2,"Automóvil,Automóvil",Bv. Oro?o Y Av. Dante Alighieri,5,1,0,0,4,0,0,"-32.961873, -60.657936",Avenida,,ROSARIO,Rosario,Asfalto,No existe,II,Dentro,Urbana,Paso Peatonal,No existe,Intersección,Bueno,Buena,Diurna,Buen Tiempo,S/D,S/D,Colisión,Ninguna,Horizontal,Línea divisoria pintada,Sin restricción
2018,8566,2018-09-02,Domingo,0,00:25:00,,0.0,1,Automóvil,Belgrano Manuel 2100,4,2,2,0,0,0,0,"-31.742695568983, -61.095405120007",Calle,,SAN CARLOS CENTRO,Las Colonias,Asfalto,No existe,XI,Dentro,Urbana,Ninguna,No existe,Recta,Bueno,Buena,Nocturna,Buen Tiempo,Contra objeto fijo,S/D,Colisión,Ninguna,Faltante,Ninguna,Sin restricción
2018,8567,2018-09-04,Martes,0,16:20:00,,0.0,2,"Pickup/Utilitario,Moto/Ciclomotor",Bv. 27 De Febrero Y Bv. Oro?o,2,1,0,0,1,0,0,"-32.964826, -60.658712",Avenida,,ROSARIO,Rosario,Asfalto,No existe,II,Dentro,Urbana,Semáforo,Funciona,Intersección,Bueno,Buena,Diurna,Buen Tiempo,S/D,S/D,Colisión,Ninguna,"Horizontal,Vertical","Cordón divisorio,Línea divisoria pintada",Sin restricción
2018,8568,2018-09-22,Sabado,0,08:45:00,,0.0,2,"Automóvil,Automóvil",Calle 12 Y Calle 15,2,1,0,0,1,0,0,"-29.119730, -59.658890",Calle,,AVELLANEDA,General Obligado,Asfalto,No existe,IX,Dentro,Urbana,S/D,No existe,Intersección,Bueno,Buena,Diurna,S/D,Lateral,S/D,Colisión,Ninguna,Faltante,S/D,S/D
2018,8569,2018-09-03,Lunes,0,13:30:00,,0.0,2,"Moto/Ciclomotor,Taxi/Remis",Bv. Oro?o Y San Lorenzo,2,1,0,0,1,0,0,"-32.941373, -60.652823",Calle,,ROSARIO,Rosario,Asfalto,No existe,II,Dentro,Urbana,Señal Pare,No existe,Intersección,Bueno,Buena,Diurna,Buen Tiempo,S/D,S/D,Colisión,Ninguna,"Horizontal,Vertical","Cordón divisorio,Vegetación",Sin restricción
2018,8570,2018-09-03,Lunes,0,11:40:00,,0.0,2,"Moto/Ciclomotor,Peatón",Rioja 1200,2,1,0,0,1,0,0,"-32.947376, -60.639975",Calle,,ROSARIO,Rosario,Asfalto,No existe,II,Dentro,Urbana,Paso Peatonal,No existe,Recta,"Bueno,Con baches",Buena,Diurna,Buen Tiempo,S/D,Peatón,Atropello,Ninguna,Horizontal,Línea divisoria pintada,Obra en Construcción
2018,8571,2018-09-24,Lunes,0,15:50:00,,0.0,2,"Moto/Ciclomotor,Bicicleta",Martin Fierro Y Bv. Rondeau,2,2,0,0,0,0,0,"-32.87775,-60.697722222222",Avenida,,ROSARIO,Rosario,Asfalto,No existe,II,Dentro,Urbana,Semáforo,Funciona,Intersección,Bueno,Buena,Diurna,Buen Tiempo,S/D,Ciclista,Atropello,Ninguna,"Horizontal,Vertical",Cordón divisorio,Sin restricción
2018,8572,2018-09-04,Martes,0,07:45:00,,0.0,2,"Peatón,Automóvil",E.Zeballos Y 1 de Mayo,2,1,0,0,1,0,0,"-32.956682, -60.631952",Calle,,ROSARIO,Rosario,Asfalto,No existe,II,Dentro,Urbana,Ninguna,No existe,Recta,Bueno,Buena,Diurna,Buen Tiempo,S/D,Peatón,Atropello,Ninguna,Faltante,Ninguna,Sin restricción
2018,8573,2018-08-08,Miercoles,0,05:05:00,Ruta Nacional 11,0.0,2,"Camión,Peatón",Mendoza Y Av Circunvalaci?n,2,0,0,0,0,1,1,"-31.64159,-60.74062",Ruta,11,SANTA FE,La Capital,S/D,S/D,I,S/D,Rural,S/D,S/D,S/D,S/D,S/D,Nocturna,S/D,S/D,Peatón,Atropello,S/D,S/D,S/D,S/D
2018,8574,2018-09-04,Martes,0,13:00:00,,0.0,2,"Automóvil,Moto/Ciclomotor",Av. Pellegrini Y Av. Belgrano,2,1,0,0,1,0,0,"-32.960700, -60.621239",Avenida,,ROSARIO,Rosario,Asfalto,No existe,II,Dentro,Urbana,Paso Peatonal,No existe,Rotonda,Bueno,Buena,Diurna,Buen Tiempo,S/D,S/D,Colisión,Ninguna,Horizontal,"Cordón divisorio,Línea divisoria pintada",Sin restricción
2018,8575,2018-09-04,Martes,0,12:00:00,,0.0,2,"Automóvil,Pickup/Utilitario",J.M.de Rosas Y Ocampo,2,2,0,0,0,0,0,"-32.967673, -60.636300",Calle,,ROSARIO,Rosario,Asfalto,No existe,II,Dentro,Urbana,Ninguna,No existe,Intersección,Bueno,Buena,Diurna,Buen Tiempo,S/D,S/D,Colisión,Ninguna,Faltante,Ninguna,Sin restricción
2018,8576,2018-09-06,Jueves,0,12:00:00,,0.0,2,"Peatón,Automóvil",Mendoza 1500,2,1,0,0,1,0,0,"-32.950554, -60.645073",Calle,,ROSARIO,Rosario,Asfalto,No existe,II,Dentro,Urbana,Semáforo,Funciona,Recta,Bueno,Buena,Diurna,Buen Tiempo,S/D,Peatón,Atropello,Ninguna,"Horizontal,Vertical",Ninguna,Sin restricción
2018,8577,2018-09-28,Viernes,0,15:55:00,,0.0,2,"Moto/Ciclomotor,Automóvil",Gonzalez del Solar Y Av. Jorge Newbery,2,1,0,0,1,0,0,"-32.908527777778,-60.73775",Avenida,,ROSARIO,Rosario,Asfalto,Pavimento,II,Dentro,Urbana,Ninguna,No existe,Intersección,Bueno,Buena,Diurna,Buen Tiempo,Lateral,S/D,Colisión,S/D,Faltante,S/D,Sin restricción
2018,8578,2018-09-05,Miercoles,0,07:45:00,,0.0,2,"Bicicleta,Automóvil",Rioja Y Sarmiento,2,1,0,0,1,0,0,"-32.947666, -60.638494",Calle,,ROSARIO,Rosario,Asfalto,No existe,II,Dentro,Urbana,Paso Peatonal,No existe,Intersección,Bueno,Buena,Diurna,Buen Tiempo,S/D,Ciclista,Atropello,Ninguna,Horizontal,Línea divisoria pintada,Sin restricción
2018,8579,2018-08-17,Viernes,0,20:55:00,Ruta Nacional A009,0.0,2,"Moto/Ciclomotor,Camión", ,3,1,0,0,1,1,0,"-29.21226,-59.61572",Ruta,A009,RECONQUISTA,General Obligado,S/D,S/D,IX,Dentro,Rural,S/D,S/D,S/D,S/D,S/D,Nocturna,S/D,De alcance,S/D,Colisión,S/D,S/D,S/D,S/D
2018,8580,2018-09-05,Miercoles,0,12:50:00,,0.0,2,"Automóvil,Taxi/Remis",Urquiza Y Espa?a,2,1,0,0,1,0,0,"-32.941475, -60.645606",Calle,,ROSARIO,Rosario,Asfalto,No existe,II,Dentro,Urbana,Semáforo,Funciona,Intersección,Bueno,Buena,Diurna,Buen Tiempo,S/D,S/D,Colisión,Ninguna,"Horizontal,Vertical",Ninguna,Sin restricción
2018,8581,2018-09-11,Martes,0,16:00:00,,0.0,2,"Bicicleta,Pickup/Utilitario",Dorrego Y Montevideo,2,1,0,0,1,0,0,"-32.954153, -60.651665",Calle,,ROSARIO,Rosario,Asfalto,No existe,II,Dentro,Urbana,Señal Pare,No existe,Recta,Bueno,Buena,Diurna,Buen Tiempo,S/D,Ciclista,Atropello,Ninguna,"Horizontal,Vertical",Ninguna,Sin restricción
2018,8582,2018-09-06,Jueves,0,02:15:00,,0.0,2,"Taxi/Remis,Vehículo Oficial",Av. Ovidio Lagos Y Av. Pellegrini,5,2,0,0,3,0,0,"-32.953074, -60.664177",Avenida,,ROSARIO,Rosario,Asfalto,No existe,II,Dentro,Urbana,Semáforo,Funciona,Intersección,Bueno,Buena,Diurna,Buen Tiempo,S/D,S/D,Colisión,Ninguna,"Horizontal,Vertical","Cordón divisorio,Línea divisoria pintada",Sin restricción
2018,8583,2018-09-29,Sabado,0,10:05:00,,0.0,2,"Moto/Ciclomotor,Automóvil",Calle 11 Y Calle 6,3,2,0,0,1,0,0,"-29.117088, -59.662342",Calle,,AVELLANEDA,General Obligado,Asfalto,No existe,IX,Dentro,Urbana,Ninguna,No existe,Intersección,Bueno,Buena,Diurna,Buen Tiempo,Lateral,S/D,Colisión,Ninguna,Faltante,Ninguna,Sin restricción
2018,8584,2018-08-06,Lunes,0,15:35:00,,0.0,2,"Automóvil,Automóvil",Urquiza Y Italia,2,1,0,0,1,0,0,"-32.941231, -60.646962",Calle,,ROSARIO,Rosario,Asfalto,No existe,II,Dentro,Urbana,Paso Peatonal,No existe,Intersección,Bueno,Buena,Diurna,Buen Tiempo,S/D,S/D,Colisión,Ninguna,Horizontal,Ninguna,Sin restricción
2018,8585,2018-09-07,Viernes,0,16:50:00,,0.0,2,"Automóvil,Automóvil",Mariano Moreno Y Cochabamba,4,3,0,0,1,0,0,"-32.956221, -60.653593",Calle,,ROSARIO,Rosario,Asfalto,No existe,II,Dentro,Urbana,Señal Pare,No existe,Intersección,Bueno,Buena,Diurna,Buen Tiempo,S/D,S/D,Colisión,Ninguna,"Horizontal,Vertical",Ninguna,Sin restricción
2018,8586,2018-09-07,Viernes,0,17:20:00,,0.0,2,"Automóvil,Moto/Ciclomotor",Rioja Y Suipacha,2,1,0,0,1,0,0,"-32.942906, -60.664544",Calle,,ROSARIO,Rosario,Asfalto,No existe,II,Dentro,Urbana,Otra Señal,No existe,Intersección,Bueno,Buena,Diurna,Buen Tiempo,S/D,S/D,Colisión,Ninguna,"Horizontal,Vertical",Línea divisoria pintada,Sin restricción
2018,8587,2018-09-09,Domingo,0,13:30:00,,0.0,2,"Pickup/Utilitario,Peatón",E.Zeballos Y San Martin,2,1,0,0,1,0,0,"-32.955271, -60.638819",Calle,,ROSARIO,Rosario,Asfalto,No existe,II,Dentro,Urbana,Paso Peatonal,No existe,Intersección,Bueno,Buena,Diurna,Buen Tiempo,S/D,Peatón,Atropello,Ninguna,Horizontal,Ninguna,Sin restricción
2018,8588,2018-09-07,Viernes,0,10:40:00,,0.0,2,"Pickup/Utilitario,Moto/Ciclomotor",Av. Corrientes Y GÁLVEZ,3,1,1,0,1,0,0,"-32.967999, -60.647975",Avenida,,ROSARIO,Rosario,Asfalto,No existe,II,Dentro,Urbana,Señal Pare,No existe,Intersección,Bueno,Buena,Diurna,Buen Tiempo,S/D,S/D,Colisión,Ninguna,Vertical,Ninguna,Sin restricción
2018,8589,2018-09-19,Miercoles,0,22:30:00,,0.0,2,"Automóvil,Moto/Ciclomotor",San Luis Y Bv GÁLVEZ,2,1,0,0,1,0,0,"-31.636194444444,-60.699694444444",Avenida,,SANTA FE,La Capital,Asfalto,No existe,I,Dentro,Urbana,Semáforo,Funciona,Intersección,Bueno,Buena,"Nocturna,Con luz artificial",Buen Tiempo,Lateral,S/D,Colisión,Ninguna,"Horizontal,Vertical",Cordón divisorio,Sin restricción
2018,8590,2018-09-08,Sabado,0,15:50:00,,0.0,2,"Automóvil,Moto/Ciclomotor",Bv. Oro?o Y Bv. 27 De Febrero,2,1,0,0,1,0,0,"-32.964863, -60.658507",Avenida,,ROSARIO,Rosario,Asfalto,No existe,II,Dentro,Urbana,Semáforo,Funciona,Intersección,Con baches,Buena,Diurna,Buen Tiempo,S/D,S/D,Colisión,Ninguna,"Horizontal,Vertical","Cordón divisorio,Vegetación",Sin restricción
2018,8591,2018-09-12,Miercoles,0,13:25:00,,0.0,2,"Automóvil,Moto/Ciclomotor",San Nicolas Y Montevideo,4,1,0,0,3,0,0,"-32.950007, -60.674790",Calle,,ROSARIO,Rosario,Asfalto,No existe,II,Dentro,Urbana,Semáforo,Funciona,Intersección,Bueno,Buena,Diurna,Buen Tiempo,S/D,S/D,Colisión,Ninguna,Vertical,Ninguna,Sin restricción
2018,8592,2018-10-08,Lunes,0,17:05:00,,0.0,2,"Automóvil,Moto/Ciclomotor",Las Macluras Y Las Magnolias,2,1,0,0,1,0,0,"-31.623286607466, -60.608573548067",Calle,,COLASTINE,La Capital,"Asfalto,Arena",No existe,I,Dentro,Urbana,Ninguna,No existe,Recta,Ahuellamiento,Buena,Diurna,Buen Tiempo,Lateral,S/D,Colisión,Ninguna,Faltante,Ninguna,Sin restricción
2018,8593,2018-10-15,Lunes,0,16:50:00,,0.0,2,"Moto/Ciclomotor,Automóvil",Panama Y Mejico,4,2,0,0,2,0,0,"-31.78367, -60.83749",Calle,,SAUCE VIEJO,La Capital,Tierra,No existe,I,Fuera,Urbana,Ninguna,No existe,Intersección,Otro,Reducida polvo,Atardecer,Buen Tiempo,De alcance,S/D,Colisión,Material Suelto,Faltante,Ninguna,Sin restricción
2018,8594,2018-10-08,Lunes,0,20:00:00,,0.0,1,Moto/Ciclomotor,Ruta 11 Avenida Richieri Y 1 de mayo,1,1,0,0,0,0,0,"-31.685805555556,-60.781861111111",Avenida,,SANTO TOMÉ,La Capital,Ripio,Ripio,I,S/D,Urbana,Semáforo,S/D,Intersección,Bueno,Buena,"Nocturna,Con luz artificial",Buen Tiempo,Frontal,S/D,Colisión,S/D,S/D,Ninguna,S/D
2018,8595,2018-10-08,Lunes,0,07:50:00,,0.0,2,"Bicicleta,Transporte de Pasajeros Larga Distancia (> 8 asientos)",Av San Martin 3400,2,0,1,0,1,0,0,"-32.728055555556,-60.733",Avenida,,SAN LORENZO,San Lorenzo,Asfalto,S/D,XVII,S/D,Urbana,Ninguna,S/D,Recta,S/D,S/D,S/D,Buen Tiempo,De alcance,Ciclista,Atropello,S/D,S/D,Ninguna,Sin restricción
2018,8596,2018-11-10,Sabado,0,22:00:00,,0.0,2,"Automóvil,Moto/Ciclomotor",Calle 111 Y Calle 106,2,1,0,0,1,0,0,"-29.116361111111,-59.668555555556",Calle,,AVELLANEDA,General Obligado,S/D,S/D,IX,Dentro,Urbana,S/D,S/D,Intersección,S/D,S/D,Nocturna,S/D,De alcance,S/D,Colisión,S/D,S/D,S/D,S/D