anio_acci,nro_acci,fecha,desc_dia,fecha_aprox,hora_aprox,desc_ruta,km,cant_participantes,desc_participante,calle_avenida_km,total,heridos_leves,heridos_graves,heridos_gravisimos,ilesos,fallecidos,sin_datos,posicion_XY,desc_tipo_via,desc_ruta_ori,desc_loc,desc_dpto,desc_tipo_calzada,desc_tipo_banquina,desc_unidad_regional,desc_lugar_calzada,desc_zona,desc_prioridad,desc_estado_semaforo,desc_lugar_via,desc_estado_via,desc_estado_visibilidad,desc_luminosidad,desc_estado_clima,desc_tipo_colision,desc_tipo_atropello,desc_tipo_hecho,desc_pres_calzada,desc_senializacion,desc_separacion_via,desc_restriccion
2018,8597,2018-10-13,Sabado,0,17:50:00,,0.0,3,"Moto/Ciclomotor,Automóvil,Pickup/Utilitario",Mariano Candioti Y Santiago Del Estero,3,1,0,0,2,0,0,"-31.677,-60.756361111111",Avenida,,SANTO TOMÉ,La Capital,Asfalto,No existe,I,Dentro,Urbana,Ninguna,No existe,Intersección,Bueno,Buena,Diurna,Buen Tiempo,Lateral,S/D,Colisión,Ninguna,Horizontal,Línea divisoria pintada,Sin restricción
2018,8598,2018-10-08,Lunes,0,16:30:00,,0.0,2,"Moto/Ciclomotor,Automóvil",Av San Martin Y P Fournier,2,1,0,0,1,0,0,"-32.729027777778,-60.733166666667",Avenida,,SAN LORENZO,San Lorenzo,Asfalto,S/D,XVII,S/D,Urbana,S/D,S/D,Recta,S/D,S/D,S/D,S/D,Frontal,S/D,Colisión,S/D,S/D,S/D,S/D
2018,8599,2018-11-15,Jueves,0,11:35:00,,0.0,2,"Moto/Ciclomotor,Automóvil",Calle 17 Y Avenida Circunvalacion,2,1,0,0,1,0,0,"-29.122583333333,-59.643555555556",Avenida,,AVELLANEDA,General Obligado,S/D,S/D,IX,Dentro,Urbana,S/D,S/D,Intersección,S/D,S/D,Diurna,S/D,De alcance,S/D,Colisión,S/D,S/D,S/D,S/D
2018,8600,2018-11-05,Lunes,0,12:15:00,,0.0,2,"Moto/Ciclomotor,Pickup/Utilitario",Calle 32 Y Calle 17,2,1,0,0,1,0,0,"-29.12225, -59.64673",Calle,,AVELLANEDA,General Obligado,S/D,S/D,IX,Dentro,Urbana,S/D,S/D,Intersección,S/D,S/D,Diurna,S/D,Lateral,S/D,Colisión,S/D,S/D,S/D,S/D
2018,8601,2018-11-04,Domingo,0,19:30:00,,0.0,2,"Automóvil,Moto/Ciclomotor",Sarmiento Y 9 de Julio,3,1,1,0,1,0,0,"-30.306277777778,-61.238694444444",Calle,,SAN CRISTÓBAL,San Cristóbal,Asfalto,No existe,XIII,Dentro,Urbana,Ninguna,No existe,Intersección,Bueno,Buena,Diurna,Buen Tiempo,Lateral,S/D,Colisión,Ninguna,Faltante,Ninguna,Sin restricción
2018,8602,2018-09-10,Lunes,0,12:20:00,,0.0,2,"Pickup/Utilitario,Automóvil",Av. Pellegrini 2700,4,1,0,0,3,0,0,"-32.953318, -60.662869",Avenida,,ROSARIO,Rosario,Asfalto,No existe,II,Dentro,Urbana,Semáforo,Funciona,Intersección,Bueno,Buena,Diurna,Buen Tiempo,S/D,S/D,Colisión,Ninguna,"Horizontal,Vertical","Cordón divisorio,Línea divisoria pintada",Sin restricción
2018,8603,2018-10-08,Lunes,0,19:30:00,,0.0,2,"Moto/Ciclomotor,Automóvil",Av San Lorenzo Y Rivadavia Bernardino,2,2,0,0,0,0,0,"-32.824844075131, -60.713858569716",Avenida,,CAPITÁN BERMÚDEZ,San Lorenzo,Asfalto,S/D,XVII,Dentro,Urbana,Ninguna,S/D,Intersección,Bueno,Buena,S/D,Buen Tiempo,S/D,S/D,Colisión,Ninguna,S/D,Ninguna,Sin restricción
2018,8604,2018-09-10,Lunes,0,08:15:00,,0.0,2,"Automóvil,Moto/Ciclomotor",Salta Y Italia,2,1,0,0,1,0,0,"-32.937723, -60.646108",Calle,,ROSARIO,Rosario,Asfalto,No existe,II,Dentro,Urbana,Señal Pare,No existe,Intersección,Bueno,Buena,Amanecer,Buen Tiempo,S/D,S/D,Colisión,Ninguna,"Horizontal,Vertical",Línea divisoria pintada,Sin restricción
2018,8605,2018-09-11,Martes,0,22:57:00,,0.0,2,"Vehículo Oficial,Moto/Ciclomotor",Av. Pellegrini Y Crespo,3,1,0,0,2,0,0,"-32.951859, -60.670976",Avenida,,ROSARIO,Rosario,Asfalto,No existe,II,Dentro,Urbana,Semáforo,No existe,Intersección,Bueno,Buena,"Nocturna,Con luz artificial",Buen Tiempo,S/D,S/D,Colisión,Ninguna,"Horizontal,Vertical","Cordón divisorio,Vegetación,Línea divisoria pintada",Sin restricción
2018,8606,2018-10-12,Viernes,0,17:15:00,,0.0,2,"Automóvil,Moto/Ciclomotor",Arenales Y Estado de Israel,3,1,0,0,2,0,0,"-31.602527777778,-60.722638888889",Calle,,SANTA FE,La Capital,Asfalto,No existe,I,S/D,Urbana,Ninguna,No existe,Intersección,Bueno,Buena,Diurna,Buen Tiempo,Otro,S/D,Colisión,Ninguna,S/D,Cordón divisorio,Sin restricción
2018,8607,2018-10-08,Lunes,0,07:00:00,Ruta Nacional 9,352.0,2,"Pickup/Utilitario,Moto/Ciclomotor",Av. Santa Fe Y Moreno,2,0,1,0,1,0,0,"-32.81031, -61.39451",Ruta,9,CAÑADA DE GÓMEZ,Iriondo,Asfalto,Pavimento,X,Dentro,Urbana,Ninguna,No existe,Intersección,Bueno,Buena,Diurna,Buen Tiempo,De alcance,S/D,Colisión,S/D,S/D,Línea divisoria pintada,Sin restricción
2018,8608,2018-09-10,Lunes,0,10:55:00,,0.0,2,"Moto/Ciclomotor,Automóvil",9 De Julio Y Pueyrredon,2,1,0,0,1,0,0,"-32.950394, -60.659284",Calle,,ROSARIO,Rosario,Asfalto,No existe,II,S/D,Urbana,Ninguna,No existe,Intersección,Bueno,Buena,Diurna,Buen Tiempo,S/D,S/D,Colisión,Ninguna,Faltante,Ninguna,Sin restricción
2018,8609,2018-09-27,Jueves,0,19:15:00,,0.0,2,"Moto/Ciclomotor,Moto/Ciclomotor", ,3,2,0,0,1,0,0,"-28.044021, -59.221718",Calle,,FLORENCIA,General Obligado,Tierra,No existe,IX,Dentro,Urbana,Ninguna,No existe,Recta,Bueno,Reducida,Atardecer,Buen Tiempo,De alcance,S/D,Colisión,Ninguna,Faltante,Ninguna,Sin restricción
2018,8610,2018-09-09,Domingo,0,21:45:00,,0.0,2,"Camión Chasis,Bicicleta",Sarmiento Y Virasoro,2,1,0,0,1,0,0,"-32.969918, -60.644047",Calle,,ROSARIO,Rosario,Asfalto,No existe,II,Dentro,Urbana,Paso Peatonal,No existe,Intersección,Bueno,Buena,Nocturna,Buen Tiempo,S/D,Ciclista,Atropello,Ninguna,Horizontal,Ninguna,Sin restricción
2018,8611,2018-10-08,Lunes,0,10:30:00,,0.0,2,"Automóvil,Automóvil",Peron Y San Jose,2,1,0,0,1,0,0,"-32.920894185714, -60.808305141953",Calle,,FUNES,Rosario,Asfalto,No existe,II,Dentro,Urbana,S/D,S/D,Intersección,Bueno,Buena,Diurna,Buen Tiempo,S/D,S/D,Colisión,Ninguna,S/D,S/D,Sin restricción
2018,8612,2018-09-03,Lunes,0,12:15:00,Ruta Provincial 6,0.0,2,"Moto/Ciclomotor,Moto/Ciclomotor",San Martin Y A Gaminara,2,2,0,0,0,0,0,"-31.740196355405, -61.096226885318",Ruta,6,SAN CARLOS CENTRO,Las Colonias,Asfalto,No existe,XI,Dentro,Urbana,Ninguna,No existe,Intersección,Bueno,Buena,Diurna,Buen Tiempo,Frontal,S/D,Colisión,Ninguna,Faltante,Ninguna,Sin restricción
2018,8613,2018-09-11,Martes,0,10:30:00,,0.0,2,"Moto/Ciclomotor,Automóvil",E.Zeballos Y Necochea,2,1,0,0,1,0,0,"-32.957533, -60.626362",Calle,,ROSARIO,Rosario,Asfalto,No existe,II,Dentro,Urbana,Paso Peatonal,No existe,Intersección,Bueno,Buena,Diurna,Buen Tiempo,S/D,S/D,Colisión,Ninguna,Horizontal,Ninguna,Sin restricción
2018,8614,2018-08-14,Martes,0,08:34:00,,0.0,2,"Automóvil,Moto/Ciclomotor",Sarmiento Y Tucuman,4,1,0,0,3,0,0,"-31.734145291868, -61.096098139286",Calle,,SAN CARLOS CENTRO,Las Colonias,Asfalto,Pavimento,XI,Dentro,Urbana,Paso Peatonal,No existe,Intersección,Bueno,S/D,Diurna,Buen Tiempo,Otro,S/D,Colisión,Ninguna,Horizontal,Cordón divisorio,Sin restricción
2018,8615,2018-09-07,Viernes,0,14:45:00,,0.0,2,"Automóvil,Automóvil",Av. Pellegrini Y Av. Ovidio Lagos,2,1,0,0,1,0,0,"-32.953073, -60.664173",Avenida,,ROSARIO,Rosario,Asfalto,No existe,II,Dentro,Urbana,Semáforo,Funciona,Intersección,Bueno,Buena,Diurna,Buen Tiempo,S/D,S/D,Colisión,Ninguna,"Horizontal,Vertical","Cordón divisorio,Línea divisoria pintada",Sin restricción
2018,8616,2018-09-15,Sabado,0,11:00:00,,0.0,2,"Moto/Ciclomotor,Moto/Ciclomotor",Suipacha Y Suchon,2,1,0,0,0,0,1,"-31.724661000791, -61.085412218570",Calle,,SAN CARLOS CENTRO,Las Colonias,Asfalto,No existe,XI,Dentro,Urbana,Ninguna,No existe,Intersección,Bueno,Buena,Diurna,Buen Tiempo,Lateral,S/D,Colisión,Ninguna,Vertical,Ninguna,Sin restricción
2018,8617,2018-09-16,Domingo,0,23:15:00,,0.0,1,Moto/Ciclomotor,Cordoba Y Rodriguez,2,1,0,0,1,0,0,"-32.942765, -60.658732",Calle,,ROSARIO,Rosario,Asfalto,No existe,II,Dentro,Urbana,Semáforo,Funciona,Intersección,Bueno,Buena,"Nocturna,Con luz artificial",Buen Tiempo,S/D,S/D,Colisión,Ninguna,"Horizontal,Vertical",Línea divisoria pintada,Sin restricción
2018,8618,2018-09-16,Domingo,0,13:40:00,,0.0,2,"Automóvil,Automóvil",Tucuman Y 13 de Mayo,5,3,0,0,2,0,0,"-31.735368379178, -61.089296057224",Calle,,SAN CARLOS CENTRO,Las Colonias,Tierra,No existe,XI,Dentro,Urbana,Ninguna,No existe,Intersección,Bueno,Buena,Diurna,Buen Tiempo,Lateral,S/D,Colisión,Ninguna,Faltante,Ninguna,Sin restricción
2018,8619,2018-09-13,Jueves,0,01:20:00,,0.0,2,"Moto/Ciclomotor,Automóvil",Av. Francia Y E.Zeballos,2,1,0,0,1,0,0,"-32.950112, -60.667622",Avenida,,ROSARIO,Rosario,Asfalto,No existe,II,Dentro,Urbana,Semáforo,Funciona,Intersección,Bueno,Buena,"Nocturna,Con luz artificial",Buen Tiempo,S/D,S/D,Colisión,Ninguna,"Horizontal,Vertical","Cordón divisorio,Vegetación,Línea divisoria pintada",Sin restricción
2018,8620,2018-09-08,Sabado,0,02:20:00,,0.0,1,Moto/Ciclomotor, ,1,1,0,0,0,0,0,"-31.673780634254, -60.945049716164",Camino Rural,,SAN AGUSTÍN,Las Colonias,Tierra,No existe,XI,Dentro,Rural,Ninguna,No existe,Recta,Bueno,Reducida,Nocturna,Buen Tiempo,S/D,S/D,Caída ocupante,Ninguna,Faltante,Ninguna,Sin restricción
2018,8621,2018-09-13,Jueves,0,17:50:00,,0.0,2,"Moto/Ciclomotor,Automóvil",Bv. Oro?o Y Tucuman,2,1,0,0,1,0,0,"-32.939097, -60.652009",Avenida,,ROSARIO,Rosario,Asfalto,No existe,II,Dentro,Urbana,Señal Pare,No existe,Intersección,Bueno,Buena,Diurna,Buen Tiempo,S/D,S/D,Colisión,Ninguna,"Horizontal,Vertical","Cordón divisorio,Vegetación",Sin restricción
2018,8622,2018-09-14,Viernes,0,20:00:00,,0.0,2,"Automóvil,Moto/Ciclomotor",Belgrano Y Juan Del Campillo,3,1,0,0,1,0,1,"-31.631027777778,-60.697055555556",Calle,,SANTA FE,La Capital,Asfalto,No existe,I,Dentro,Urbana,Ninguna,No existe,Intersección,Bueno,Buena,Nocturna,S/D,Lateral,S/D,Colisión,Ninguna,Faltante,Ninguna,Sin restricción
2018,8623,2018-09-05,Miercoles,0,18:05:00,,0.0,2,"Bicicleta,Moto/Ciclomotor",Simon de Iriondo 6100,3,3,0,0,0,0,0,"-31.414872495776, -60.919814615249",Calle,,ESPERANZA,Las Colonias,Asfalto,No existe,XI,Dentro,Urbana,Ninguna,No existe,Recta,Bueno,Buena,Diurna,Buen Tiempo,S/D,Ciclista,Atropello,Ninguna,Faltante,Ninguna,Sin restricción
2018,8624,2018-09-26,Miercoles,0,19:10:00,,0.0,2,"Pickup/Utilitario,Moto/Ciclomotor",Simon de Iriondo Y Humboldt,4,2,1,0,1,0,0,"-31.420478445930, -60.921589359114",Calle,,ESPERANZA,Las Colonias,Asfalto,No existe,XI,Dentro,Urbana,Ninguna,No existe,Intersección,Bueno,Buena,"Nocturna,Con luz artificial",Buen Tiempo,De alcance,S/D,Colisión,Ninguna,"Horizontal,Vertical",Ninguna,Sin restricción
2018,8625,2018-09-13,Jueves,0,15:15:00,,0.0,2,"Automóvil,Pickup/Utilitario",Rioja Y Av. Belgrano,2,1,0,0,1,0,0,"-32.949624, -60.628655",Avenida,,ROSARIO,Rosario,Asfalto,No existe,II,Dentro,Urbana,Semáforo,Funciona,Rotonda,Bueno,Buena,Diurna,Buen Tiempo,S/D,S/D,Colisión,Ninguna,"Horizontal,Vertical","Cordón divisorio,Vegetación",Sin restricción
2018,8626,2018-09-01,Sabado,1,06:05:00,,0.0,2,"Automóvil,Bicicleta",Candioti Y Castellanos,2,1,0,0,1,0,0,"-31.61075,-60.687694444444",Calle,,SANTA FE,La Capital,Asfalto,No existe,I,Dentro,Urbana,Ninguna,No existe,S/D,Bueno,Buena,Amanecer,Buen Tiempo,S/D,Ciclista,Atropello,S/D,Faltante,Ninguna,Sin restricción
2018,8627,2018-11-16,Viernes,0,20:10:00,,0.0,2,"Moto/Ciclomotor,Automóvil",Calle 6 Y Calle 9,2,1,0,0,1,0,0,"-29.115944444444,-59.662166666667",Calle,,AVELLANEDA,General Obligado,S/D,S/D,IX,Dentro,Urbana,S/D,S/D,Intersección,S/D,S/D,Nocturna,S/D,Lateral,S/D,Colisión,S/D,S/D,S/D,S/D
2018,8628,2018-11-16,Viernes,0,14:50:00,,0.0,2,"Automóvil,Moto/Ciclomotor",Piedras Y Urquiza,4,2,0,0,0,0,2,"-30.303,-61.243416666667",Calle,,SAN CRISTÓBAL,San Cristóbal,Ripio,Natural,XIII,Dentro,Urbana,Ninguna,No existe,Intersección,Resbaladiza,Buena,Diurna,Buen Tiempo,Lateral,S/D,Colisión,Material Suelto,Faltante,Ninguna,Sin restricción
2018,8629,2018-11-09,Viernes,0,21:20:00,,0.0,2,"Automóvil,Moto/Ciclomotor",Cochabamba 900,4,1,0,0,3,0,0,"-30.313833333333,-61.230305555556",Calle,,SAN CRISTÓBAL,San Cristóbal,Asfalto,No existe,XIII,S/D,Urbana,Ninguna,No existe,Recta,Bueno,Buena,Nocturna,Buen Tiempo,De alcance,S/D,Colisión,Ninguna,Faltante,Ninguna,Sin restricción
2018,8630,2018-11-10,Sabado,0,05:30:00,,0.0,1,Moto/Ciclomotor,Cornelio Saavedra 130,1,1,0,0,0,0,0,"-29.87888, -61.93914",Calle,,CERES,San Cristóbal,Asfalto,Natural,XIII,Dentro,Urbana,Ninguna,No existe,Recta,Bueno,S/D,S/D,Buen Tiempo,S/D,S/D,Caída ocupante,Ninguna,Horizontal,Ninguna,S/D
2018,8631,2018-11-15,Jueves,0,08:30:00,,0.0,3,"Pickup/Utilitario,Automóvil,Bicicleta",GUEMES Y BV. 25 DE MAYO,3,1,1,0,1,0,0,"-31.699760214145, -61.564198629423",Avenida,,SAN VICENTE.,Castellanos,Hormigón,No existe,V,S/D,Urbana,Ninguna,No existe,Intersección,Bueno,Reducida,Amanecer,Otro,"Contra objeto fijo,Lateral,Múltiple",Ciclista,"Colisión,Atropello,Despiste",Ninguna,Vertical,Ninguna,Sin restricción
2018,8632,2018-11-08,Jueves,0,,,0.0,2,"Moto/Ciclomotor,Pickup/Utilitario",Nicolas Avellaneda Y Rivadavia,4,3,0,0,1,0,0,"-30.00145, -61.83581",Calle,,HERSILIA,San Cristóbal,Asfalto,S/D,XIII,Dentro,Urbana,Ninguna,No existe,Intersección,Con baches,Buena,Diurna,Buen Tiempo,De alcance,S/D,Colisión,Ninguna,Faltante,Ninguna,Sin restricción
2018,8633,2018-11-14,Miercoles,0,20:15:00,,0.0,2,"Bicicleta,Automóvil",Peru Y Libertad,2,1,0,0,1,0,0,"-31.451444444444,-60.908361111111",Calle,,ESPERANZA,Las Colonias,Asfalto,Pavimento,XI,Dentro,Urbana,Ninguna,No existe,Intersección,Bueno,Buena,Nocturna,Buen Tiempo,Frontal,Ciclista,Atropello,Ninguna,Vertical,Ninguna,Sin restricción
2018,8634,2018-11-16,Viernes,0,20:00:00,,0.0,1,Moto/Ciclomotor,9 de Julio Y P Gaggero,1,1,0,0,0,0,0,"-30.790083333333,-60.584027777778",Calle,,SAN JUSTO,San Justo,Asfalto,No existe,XVI,Dentro,Urbana,Ninguna,No existe,Recta,Con baches,Buena,Atardecer,Buen Tiempo,Otro,S/D,Caída ocupante,Otro,Faltante,Ninguna,Sin restricción
2018,8635,2018-11-06,Martes,0,12:15:00,,0.0,2,"Automóvil,Moto/Ciclomotor",Gral Urquiza Y R E De San Martin,2,1,1,0,0,0,0,"-30.795527777778,-60.590972222222",Calle,,SAN JUSTO,San Justo,Asfalto,No existe,XVI,Dentro,Urbana,Ninguna,No existe,Intersección,Bueno,Buena,Atardecer,Buen Tiempo,Lateral,S/D,Colisión,Ninguna,Faltante,Ninguna,Sin restricción
2018,8636,2018-11-14,Miercoles,0,12:30:00,,0.0,2,"Moto/Ciclomotor,Automóvil",Leandro N Alem Y Chile,3,2,0,0,1,0,0,"-33.758416666667,-61.958583333333",Calle,,VENADO TUERTO,General López,Asfalto,Pavimento,VIII,S/D,Urbana,S/D,No existe,Intersección,S/D,Buena,Diurna,Buen Tiempo,Múltiple,S/D,Colisión,S/D,S/D,S/D,Sin restricción
2018,8637,2018-11-16,Viernes,0,07:50:00,,0.0,2,"Moto/Ciclomotor,Transporte de Pasajeros Urbano (> 8 asientos)",2 de Abril Y Juan B Justo,3,1,0,0,1,0,1,"-33.755611111111,-61.957083333333",Calle,,VENADO TUERTO,General López,Asfalto,S/D,VIII,S/D,Urbana,Ninguna,S/D,Intersección,S/D,Buena,Diurna,Buen Tiempo,Otro,S/D,Colisión,S/D,S/D,S/D,Sin restricción
2018,8638,2018-11-05,Lunes,0,16:10:00,,0.0,2,"Moto/Ciclomotor,Pickup/Utilitario",Bv C Pellegrini Y L N Alem,2,1,0,0,1,0,0,"-30.794666666667,-60.588027777778",Avenida,,SAN JUSTO,San Justo,Asfalto,No existe,XVI,S/D,Urbana,Ninguna,S/D,Intersección,Bueno,S/D,S/D,Buen Tiempo,Lateral,S/D,Colisión,Ninguna,Vertical,"Cordón divisorio,Vegetación",Sin restricción
2018,8639,2018-11-16,Viernes,0,13:50:00,,0.0,2,"Moto/Ciclomotor,Automóvil",AV. PTE. JUAN DOMINGO PERON ,2,1,0,0,1,0,0,"-33.76077, -61.96054",Calle,,VENADO TUERTO,General López,Asfalto,S/D,VIII,S/D,Urbana,Ninguna,S/D,Recta,Bueno,Buena,Con luz artificial,Buen Tiempo,S/D,Ciclista,Atropello,Ninguna,S/D,Ninguna,S/D
2018,8640,2018-11-16,Viernes,0,20:30:00,,0.0,2,"Pickup/Utilitario,Peatón",Matheu 1200,2,0,1,0,1,0,0,"-33.7465,-61.936222222222",Calle,,VENADO TUERTO,General López,Ripio,No existe,VIII,Dentro,Urbana,Ninguna,No existe,S/D,Bueno,Buena,"Nocturna,Con luz artificial",Buen Tiempo,S/D,Peatón,Atropello,Ninguna,Faltante,S/D,Sin restricción
2018,8641,2018-11-07,Miercoles,0,13:00:00,,0.0,2,"Automóvil,Moto/Ciclomotor",9 de Julio Y Gral Urquiza,2,1,0,0,1,0,0,"-30.789111111111,-60.5895",S/D,,SAN JUSTO,San Justo,Asfalto,No existe,XVI,S/D,S/D,Ninguna,No existe,Intersección,Bueno,Buena,Diurna,Buen Tiempo,Lateral,S/D,Colisión,Ninguna,Vertical,Ninguna,Sin restricción
2018,8642,2018-11-07,Miercoles,0,12:30:00,,0.0,2,"Automóvil,Bicicleta",Rivadavia 720,4,1,0,0,3,0,0,"-31.461,-60.931972222222",Calle,,ESPERANZA,Las Colonias,Asfalto,No existe,XI,Dentro,Urbana,Ninguna,No existe,Recta,Bueno,Buena,Diurna,Buen Tiempo,Otro,Ciclista,Atropello,Ninguna,Vertical,Ninguna,Sin restricción
2018,8643,2018-11-09,Viernes,0,23:35:00,,0.0,2,"Moto/Ciclomotor,Moto/Ciclomotor",Granadero Baigorria Y Clemente Albelo,3,2,1,0,0,0,0,"-32.733277777778,-60.740361111111",Calle,,SAN LORENZO,San Lorenzo,Asfalto,No existe,XVII,S/D,Urbana,S/D,No existe,Intersección,Bueno,Buena,Diurna,S/D,Lateral,S/D,Colisión,S/D,Faltante,S/D,S/D
2018,8644,2018-11-03,Sabado,0,,,0.0,1,Moto/Ciclomotor,GÁLVEZ Y Santa Fe,2,2,0,0,0,0,0,"-31.58394, -60.93576",S/D,,FRANCK,Las Colonias,Asfalto,No existe,XI,Dentro,Urbana,Ninguna,No existe,Intersección,Bueno,Reducida,"Nocturna,Con luz artificial",Buen Tiempo,S/D,S/D,Colisión,Ninguna,S/D,Ninguna,Sin restricción
2018,8645,2018-11-02,Viernes,0,17:10:00,,0.0,2,"Automóvil,Moto/Ciclomotor",Brigadier Lopez Y Pastor Bresson,3,2,0,0,1,0,0,"-31.449972222222,-60.899083333333",Calle,,ESPERANZA,Las Colonias,Asfalto,Natural,XI,Dentro,Urbana,Ninguna,No existe,Intersección,Bueno,Buena,Diurna,Buen Tiempo,Lateral,S/D,Colisión,Ninguna,Vertical,Ninguna,Sin restricción
2018,8646,2018-11-07,Miercoles,0,19:55:00,,0.0,2,"Moto/Ciclomotor,Pickup/Utilitario",Simon de Iriondo Y Providencia,3,2,0,0,1,0,0,"-31.413833333333,-60.919444444444",Calle,,ESPERANZA,Las Colonias,Asfalto,No existe,XI,Dentro,Urbana,Ninguna,No existe,Intersección,Bueno,Buena,"Nocturna,Con luz artificial",Buen Tiempo,Lateral,S/D,Colisión,Ninguna,Vertical,Ninguna,Sin restricción
2018,8647,2018-09-15,Sabado,0,14:30:00,,0.0,2,"Moto/Ciclomotor,Moto/Ciclomotor",Av. Dante Alighieri Y Bv. Oro?o,3,1,0,0,2,0,0,"-32.961548, -60.657691",Avenida,,ROSARIO,Rosario,Asfalto,No existe,II,Dentro,Urbana,Paso Peatonal,No existe,Intersección,Bueno,Buena,Diurna,Buen Tiempo,Lateral,S/D,Colisión,Ninguna,Horizontal,Línea divisoria pintada,Sin restricción
2018,8648,2018-09-14,Viernes,0,11:20:00,,0.0,2,"Moto/Ciclomotor,Automóvil",Suipacha Y San Luis,2,1,0,0,1,0,0,"-32.944354, -60.664860",Calle,,ROSARIO,Rosario,Asfalto,No existe,II,Dentro,Urbana,Paso Peatonal,No existe,Intersección,Bueno,Buena,Diurna,Buen Tiempo,De alcance,S/D,Colisión,Ninguna,"Horizontal,Vertical",Línea divisoria pintada,Sin restricción
2018,8649,2018-09-14,Viernes,0,14:15:00,,0.0,2,"Moto/Ciclomotor,Automóvil",Pasco Y J.M.de Rosas,3,2,0,0,1,0,0,"-32.960819, -60.634554",Calle,,ROSARIO,Rosario,Asfalto,No existe,II,Dentro,Urbana,Ninguna,No existe,Recta,Bueno,Buena,Diurna,Buen Tiempo,S/D,S/D,Colisión,Ninguna,Faltante,Ninguna,Sin restricción
2018,8650,2018-09-18,Martes,0,15:35:00,,0.0,2,"Moto/Ciclomotor,Automóvil",San Luis Y Bv. Oro?o,2,1,0,0,1,0,0,"-32.946376, -60.653840",Calle,,ROSARIO,Rosario,Asfalto,No existe,II,Dentro,Urbana,Semáforo,Funciona,Intersección,Bueno,Buena,"Nocturna,Con luz artificial",Buen Tiempo,S/D,S/D,Colisión,Ninguna,"Horizontal,Vertical","Cordón divisorio,Vegetación",Sin restricción
2018,8651,2018-09-19,Miercoles,0,21:55:00,,0.0,2,"Taxi/Remis,Taxi/Remis",Pje. Independencia Y Ricchieri,2,1,0,0,1,0,0,"-32.963860, -60.668311",Calle,,ROSARIO,Rosario,Asfalto,No existe,II,Dentro,Urbana,Ninguna,No existe,Intersección,Bueno,Buena,Diurna,Buen Tiempo,S/D,S/D,Colisión,Ninguna,Faltante,Ninguna,Sin restricción
2018,8652,2018-09-03,Lunes,0,18:10:00,,0.0,2,"Moto/Ciclomotor,Automóvil",Laprida Y Cordoba,2,1,0,0,1,0,0,"-31.632416666667,-60.682555555556",Calle,,SANTA FE,La Capital,Asfalto,No existe,I,Dentro,Urbana,Ninguna,No existe,Intersección,Bueno,Buena,Diurna,Buen Tiempo,Lateral,S/D,Colisión,S/D,Faltante,Ninguna,Sin restricción
2018,8653,2018-09-18,Martes,0,10:47:00,,0.0,2,"Pickup/Utilitario,Taxi/Remis",Mendoza 1500,3,1,0,0,2,0,0,"-32.950556, -60.645074",Calle,,ROSARIO,Rosario,Asfalto,No existe,II,Dentro,Urbana,Semáforo,No existe,Recta,Bueno,Buena,Diurna,Buen Tiempo,De alcance,S/D,Colisión,Ninguna,"Horizontal,Vertical",Ninguna,Sin restricción
2018,8654,2018-09-17,Lunes,0,12:30:00,,0.0,2,"Automóvil,Moto/Ciclomotor",Av. Pellegrini Y Sarmiento,3,1,0,0,2,0,0,"-32.957332, -60.640874",Avenida,,ROSARIO,Rosario,Asfalto,No existe,II,Dentro,Urbana,Semáforo,Funciona,Intersección,Bueno,Buena,Diurna,Buen Tiempo,S/D,S/D,Colisión,Ninguna,"Horizontal,Vertical","Cordón divisorio,Vegetación,Línea divisoria pintada",Sin restricción
2018,8655,2018-09-20,Jueves,0,08:20:00,,0.0,2,"Automóvil,Ambulancia",Callao Y Rioja,2,1,0,0,1,0,0,"-32.943638, -60.660361",Calle,,ROSARIO,Rosario,Asfalto,No existe,II,Dentro,Urbana,Semáforo,Funciona,Intersección,Bueno,Buena,Amanecer,Buen Tiempo,S/D,S/D,Colisión,Ninguna,"Horizontal,Vertical",Línea divisoria pintada,Sin restricción
2018,8656,2018-09-12,Miercoles,0,12:00:00,,0.0,2,"Moto/Ciclomotor,Pickup/Utilitario",Combate de San Lorenzo Y Gob Candioti,2,1,0,0,1,0,0,"-30.359378056120, -60.397754461905",Calle,,GOBERNADOR CRESPO,San Justo,Asfalto,No existe,XVI,Dentro,Urbana,Ninguna,No existe,Intersección,Bueno,Buena,Diurna,Buen Tiempo,De alcance,S/D,Colisión,Ninguna,Faltante,Ninguna,Sin restricción
2018,8657,2018-09-08,Sabado,0,16:10:00,,0.0,2,"Moto/Ciclomotor,Moto/Ciclomotor",Av Gral San Martin Y Independencia,2,2,0,0,0,0,0,"-30.363286101311, -60.402386197622",Avenida,,GOBERNADOR CRESPO,San Justo,Asfalto,No existe,XVI,Dentro,Urbana,Ninguna,No existe,Intersección,Bueno,Buena,Diurna,Buen Tiempo,Lateral,S/D,Colisión,Ninguna,Faltante,Ninguna,Sin restricción