anio_acci,nro_acci,fecha,desc_dia,fecha_aprox,hora_aprox,desc_ruta,km,cant_participantes,desc_participante,calle_avenida_km,total,heridos_leves,heridos_graves,heridos_gravisimos,ilesos,fallecidos,sin_datos,posicion_XY,desc_tipo_via,desc_ruta_ori,desc_loc,desc_dpto,desc_tipo_calzada,desc_tipo_banquina,desc_unidad_regional,desc_lugar_calzada,desc_zona,desc_prioridad,desc_estado_semaforo,desc_lugar_via,desc_estado_via,desc_estado_visibilidad,desc_luminosidad,desc_estado_clima,desc_tipo_colision,desc_tipo_atropello,desc_tipo_hecho,desc_pres_calzada,desc_senializacion,desc_separacion_via,desc_restriccion
2018,8658,2018-09-20,Jueves,0,11:00:00,,0.0,2,"Moto/Ciclomotor,Pickup/Utilitario",3 De Febrero Y Paraguay,2,1,0,0,1,0,0,"-32.951766, -60.645300",Calle,,ROSARIO,Rosario,Asfalto,No existe,II,Dentro,Urbana,Paso Peatonal,No existe,Intersección,Bueno,Buena,Diurna,Buen Tiempo,S/D,S/D,Colisión,Ninguna,Horizontal,Ninguna,Sin restricción
2018,8659,2018-09-29,Sabado,0,04:15:00,,0.0,2,"Automóvil,Moto/Ciclomotor",Av 7 Jefes Y Cordoba,2,1,0,0,1,0,0,"-31.632722222222,-60.679888888889",Calle,,SANTA FE,La Capital,Asfalto,No existe,I,Dentro,Urbana,S/D,No existe,Intersección,Bueno,Buena,"Nocturna,Con luz artificial",S/D,Lateral,S/D,Colisión,Ninguna,Faltante,Ninguna,S/D
2018,8660,2018-09-21,Viernes,0,15:30:00,,0.0,2,"Bicicleta,Automóvil",Montevideo Y Entre Rios,2,1,0,0,1,0,0,"-32.955647, -60.643390",Calle,,ROSARIO,Rosario,Asfalto,No existe,II,Dentro,Urbana,Semáforo,Funciona,Recta,Bueno,Buena,Diurna,Buen Tiempo,S/D,Ciclista,Atropello,Ninguna,"Horizontal,Vertical",Línea divisoria pintada,Sin restricción
2018,8661,2018-09-05,Miercoles,0,10:30:00,,0.0,1,Moto/Ciclomotor,Los Lapachos ,1,1,0,0,0,0,0,"-30.313695544033, -61.224249600099",Calle,,SAN CRISTÓBAL,San Cristóbal,Ripio,No existe,XIII,Dentro,Urbana,Ninguna,No existe,Recta,Con baches,Buena,Diurna,Buen Tiempo,Atropello animal,S/D,Colisión,Ninguna,Faltante,Ninguna,Sin restricción
2018,8662,2018-09-24,Lunes,0,09:00:00,,0.0,2,"Moto/Ciclomotor,Automóvil",Laprida Y Mendoza,2,1,0,0,1,0,0,"-32.952234, -60.635322",Calle,,ROSARIO,Rosario,Asfalto,No existe,II,Dentro,Urbana,Ninguna,No existe,Intersección,Bueno,Buena,Diurna,Buen Tiempo,Lateral,S/D,Colisión,Ninguna,Faltante,Ninguna,Sin restricción
2018,8663,2018-09-26,Miercoles,0,01:30:00,,0.0,2,"Automóvil,Moto/Ciclomotor",Av Leandro Alem Y Alberdi,3,2,0,0,1,0,0,"-31.645305555556,-60.694416666667",Avenida,,SANTA FE,La Capital,Asfalto,No existe,I,Dentro,Urbana,Semáforo,Funciona,Intersección,Bueno,Buena,"Nocturna,Con luz artificial",Buen Tiempo,Lateral,S/D,Colisión,Ninguna,Vertical,Cordón divisorio,Sin restricción
2018,8664,2018-09-11,Martes,0,09:00:00,,0.0,1,Moto/Ciclomotor,Sarmiento Y 9 de Julio,1,1,0,0,0,0,0,"-30.306298, -61.238708",Calle,,SAN CRISTÓBAL,San Cristóbal,Asfalto,No existe,XIII,Dentro,Urbana,Ninguna,No existe,Intersección,Bueno,Buena,Diurna,Buen Tiempo,S/D,S/D,Caída ocupante,Ninguna,Faltante,Ninguna,Sin restricción
2018,8665,2018-09-16,Domingo,0,20:40:00,,0.0,2,"Automóvil,Automóvil",Cochabamba Y Gral Alvear,3,2,0,0,1,0,0,"-30.311565, -61.229725",Calle,,SAN CRISTÓBAL,San Cristóbal,Asfalto,No existe,XIII,Dentro,Urbana,Ninguna,No existe,Intersección,Bueno,Reducida,"Nocturna,Con luz artificial",Lluvia,Lateral,S/D,Colisión,Agua,Faltante,Ninguna,Sin restricción
2018,8666,2018-09-22,Sabado,0,21:45:00,,0.0,2,"Taxi/Remis,Peatón",Tucuman Y Entre Rios,2,1,0,0,1,0,0,"-32.941300, -60.639767",Calle,,ROSARIO,Rosario,Asfalto,No existe,II,Dentro,Urbana,Paso Peatonal,No existe,Intersección,Bueno,Buena,"Nocturna,Con luz artificial",Buen Tiempo,S/D,Peatón,Atropello,Ninguna,Horizontal,Línea divisoria pintada,Sin restricción
2018,8667,2018-09-29,Sabado,0,23:30:00,,0.0,1,Moto/Ciclomotor,Bv Rivadavia 1500,1,1,0,0,0,0,0,"-30.303926610156, -61.241616261823",Avenida,,SAN CRISTÓBAL,San Cristóbal,Asfalto,No existe,XIII,Dentro,Urbana,Ninguna,No existe,Recta,Bueno,Reducida,"Nocturna,Con luz artificial",Buen Tiempo,Contra objeto fijo,S/D,Colisión,Ninguna,Faltante,Cordón divisorio,Sin restricción
2018,8668,2018-09-22,Sabado,0,05:40:00,,0.0,2,"Moto/Ciclomotor,Automóvil",Parana Y Av. Eva Peron,4,1,1,0,2,0,0,"-32.936906, -60.691404",Avenida,,ROSARIO,Rosario,Asfalto,No existe,II,Dentro,Urbana,Semáforo,Funciona,Intersección,Bueno,Buena,"Nocturna,Con luz artificial",Buen Tiempo,S/D,S/D,Colisión,Ninguna,"Horizontal,Vertical",Ninguna,Sin restricción
2018,8669,2018-09-23,Domingo,0,08:10:00,,0.0,1,Moto/Ciclomotor,Hipolito Irigoyen 500,1,1,0,0,0,0,0,"-30.306513775485, -61.230694609677",Calle,,SAN CRISTÓBAL,San Cristóbal,Asfalto,No existe,XIII,Dentro,Urbana,Ninguna,No existe,Recta,Bueno,Buena,Amanecer,Buen Tiempo,S/D,S/D,Caída ocupante,Ninguna,Faltante,Ninguna,Sin restricción
2018,8670,2018-09-20,Jueves,0,07:00:00,,0.0,2,"Automóvil,Moto/Ciclomotor",Nicasio Oro?o Y Av Leandro Alem,2,1,0,0,1,0,0,"-31.640372, -60.683179",Avenida,,SANTA FE,La Capital,Hormigón,No existe,I,Dentro,Urbana,Otra Señal,No existe,Intersección,Bueno,Buena,Diurna,S/D,Lateral,S/D,Colisión,Ninguna,Faltante,Cordón divisorio,Sin restricción
2018,8671,2018-09-24,Lunes,0,06:55:00,,0.0,1,Moto/Ciclomotor,Bv Rivadavia Y Sarmiento,1,1,0,0,0,0,0,"-30.307327518864, -61.239095148084",Avenida,,SAN CRISTÓBAL,San Cristóbal,Asfalto,No existe,XIII,Dentro,Urbana,Ninguna,No existe,Recta,Bueno,Buena,"Amanecer,Con luz artificial",Buen Tiempo,Atropello animal,S/D,Colisión,Ninguna,Faltante,Cordón divisorio,Sin restricción
2018,8672,2018-10-10,Miercoles,0,10:00:00,,0.0,2,"Moto/Ciclomotor,Pickup/Utilitario",Sebastian Gaboto Y Reg 12 de Infanteria,2,1,0,0,1,0,0,"-31.593305555556,-60.714305555556",Calle,,SANTA FE,La Capital,Asfalto,No existe,I,S/D,Urbana,Paso Peatonal,No existe,Cruce,Bueno,Buena,Diurna,Buen Tiempo,S/D,S/D,Colisión,Ninguna,Faltante,Línea divisoria pintada,Sin restricción
2018,8673,2018-11-16,Viernes,0,18:00:00,,0.0,2,"Bicicleta,Automóvil",Bv. 27 De Febrero Y Bv. Oro?o,2,1,0,0,0,0,1,"-32.965027777778,-60.658666666667",Calle,,ROSARIO,Rosario,Asfalto,No existe,II,S/D,Urbana,Semáforo,Funciona,Intersección,Bueno,Buena,Atardecer,Buen Tiempo,S/D,Ciclista,Atropello,Ninguna,Vertical,Línea divisoria pintada,Sin restricción
2018,8674,2018-10-15,Lunes,0,18:45:00,,0.0,2,"Moto/Ciclomotor,Pickup/Utilitario",Azopardo Y Don Guanella,2,1,0,0,1,0,0,"-31.595,-60.720444444444",Calle,,SANTA FE,La Capital,Tierra,Ripio,I,Dentro,Urbana,Ninguna,No existe,Recta,Deteriorada,Reducida,Atardecer,Otro,Lateral,S/D,Colisión,Ninguna,Faltante,Vegetación,Accidente Previo
2018,8675,2018-11-10,Sabado,0,14:00:00,,0.0,2,"Automóvil,Automóvil",Ocampo Y Pte.Roca,5,1,0,0,3,0,1,"-32.965194444444,-60.650166666667",Calle,,ROSARIO,Rosario,Asfalto,S/D,II,S/D,Urbana,S/D,S/D,Recta,Bueno,Buena,Diurna,Buen Tiempo,De alcance,S/D,Colisión,S/D,S/D,S/D,Sin restricción
2018,8676,2018-10-14,Domingo,0,18:20:00,,0.0,2,"Moto/Ciclomotor,Pickup/Utilitario",Dr Zavalla Y Reg 12 de Infanteria,2,1,0,0,1,0,0,"-31.5981, -60.69282",Calle,,SANTA FE,La Capital,Asfalto,No existe,I,S/D,Urbana,Ninguna,No existe,Cruce,Ahuellamiento,Reducida,Atardecer,Buen Tiempo,S/D,S/D,Colisión,Ninguna,Faltante,Cordón divisorio,Sin restricción
2018,8677,2018-10-11,Jueves,0,18:30:00,,0.0,2,"Moto/Ciclomotor,Pickup/Utilitario",Florencio Fernandez Y Dr Pio Pandolfo,3,2,0,0,1,0,0,"-31.57625,-60.727333333333",Calle,,SANTA FE,La Capital,Hormigón,No existe,I,S/D,Urbana,Ninguna,No existe,Intersección,Con baches,Buena,Diurna,Buen Tiempo,De alcance,S/D,Colisión,Material Suelto,Faltante,Ninguna,Sin restricción
2018,8678,2018-11-02,Viernes,0,23:20:00,Ruta Nacional 34,246.0,2,"Camión c / Semirremolque,Pickup/Utilitario", ,4,1,0,0,3,0,0,"-30.99465, -61.49585",Ruta,34,ATALIVA,Castellanos,Asfalto,Natural,V,S/D,Rural,Marca Vial,No existe,Recta,Bueno,Buena,Nocturna,Buen Tiempo,De alcance,S/D,"Colisión,Atropello",Ninguna,"Horizontal,Vertical",Línea divisoria pintada,Sin restricción
2018,8679,2018-11-16,Viernes,0,08:20:00,,0.0,2,"Moto/Ciclomotor,Automóvil",Espa?a Y Cerrito,4,1,0,0,3,0,0,"-32.960361111111,-60.650416666667",Calle,,ROSARIO,Rosario,Asfalto,No existe,II,S/D,Urbana,Ninguna,No existe,Intersección,Bueno,Buena,Diurna,Buen Tiempo,Lateral,S/D,Colisión,Ninguna,Faltante,Ninguna,Sin restricción
2018,8680,2018-10-13,Sabado,0,16:30:00,,0.0,2,"Automóvil,Moto/Ciclomotor",Av Blas Parera Y Florencio Fernandez,3,2,0,0,1,0,0,"-31.576194444444,-60.728166666667",Avenida,,SANTA FE,La Capital,Asfalto,No existe,I,S/D,Urbana,Semáforo,Funciona,Intersección,Bueno,Buena,Diurna,Buen Tiempo,Frontal,S/D,Colisión,Ninguna,Vertical,Ninguna,Sin restricción
2018,8681,2018-11-12,Lunes,0,07:45:00,,0.0,2,"Automóvil,Automóvil",Entre Rios Y La Paz,2,1,0,0,1,0,0,"-32.963638888889,-60.645444444444",Calle,,ROSARIO,Rosario,Asfalto,No existe,II,S/D,Urbana,Semáforo,Funciona,Intersección,Bueno,Buena,Diurna,Buen Tiempo,De alcance,S/D,Colisión,Ninguna,Vertical,S/D,Sin restricción
2018,8682,2018-11-07,Miercoles,0,10:40:00,,0.0,2,"Automóvil,Moto/Ciclomotor",25 de Mayo Y Los Andes,2,1,0,0,1,0,0,"-29.227527777778,-61.773777777778",Calle,,TOSTADO,9 de Julio,Asfalto,Pavimento,XII,S/D,Urbana,Ninguna,No existe,Intersección,Bueno,Buena,Diurna,Buen Tiempo,Lateral,S/D,Colisión,Ninguna,Faltante,Ninguna,S/D
2018,8683,2018-11-12,Lunes,0,14:35:00,,0.0,2,"Taxi/Remis,Automóvil",Pte.Roca Y Rioja,2,1,0,0,1,0,0,"-32.946333333333,-60.645416666667",Calle,,ROSARIO,Rosario,S/D,S/D,II,S/D,Urbana,S/D,S/D,Intersección,S/D,S/D,Diurna,S/D,S/D,S/D,Colisión,S/D,S/D,S/D,S/D
2018,8684,2018-11-10,Sabado,0,09:55:00,,0.0,2,"Pickup/Utilitario,Moto/Ciclomotor",Lavalle Y Bordabehere,2,1,0,0,1,0,0,"-32.933583333333,-60.676388888889",Calle,,ROSARIO,Rosario,S/D,S/D,II,S/D,Urbana,S/D,S/D,Intersección,S/D,S/D,Diurna,S/D,S/D,S/D,Colisión,S/D,S/D,S/D,S/D
2018,8685,2018-11-02,Viernes,0,07:45:00,,0.0,2,"Camión Chasis,Moto/Ciclomotor", ,2,0,1,0,1,0,0,"-31.7034, -61.56512",Calle,,SAN VICENTE.,Castellanos,Hormigón,Pavimento,V,S/D,Urbana,Ninguna,No existe,Intersección,Bueno,Buena,Amanecer,Buen Tiempo,Otro,S/D,Colisión,Ninguna,Faltante,Ninguna,Sin restricción
2018,8686,2018-10-18,Jueves,0,,,0.0,2,"Automóvil,Moto/Ciclomotor",Don Guanella Y Estrada,2,1,0,0,1,0,0,"-31.595833333333,-60.7165",Calle,,SANTA FE,La Capital,Ripio,No existe,I,S/D,Urbana,Ninguna,No existe,Intersección,Bueno,Buena,Diurna,Buen Tiempo,Otro,S/D,Colisión,Ninguna,Faltante,Ninguna,Sin restricción
2018,8687,2018-11-08,Jueves,0,07:30:00,,0.0,2,"Moto/Ciclomotor,Automóvil",Belgrano Y Pje J B de Del Coro,3,2,0,0,1,0,0,"-32.847861111111,-61.252194444444",Calle,,CORREA,Iriondo,Hormigón,No existe,X,S/D,Urbana,Ninguna,No existe,Recta,Bueno,Buena,Diurna,Buen Tiempo,Lateral,S/D,Colisión,S/D,S/D,Ninguna,Sin restricción
2018,8688,2018-10-12,Viernes,0,11:00:00,,0.0,2,"Automóvil,Moto/Ciclomotor",Guemes Y Reg 12 de Infanteria,2,1,0,0,1,0,0,"-31.601222222222,-60.678166666667",Calle,,SANTA FE,La Capital,Asfalto,No existe,I,Dentro,Urbana,Ninguna,No existe,Intersección,Bueno,Buena,Diurna,Buen Tiempo,S/D,S/D,Colisión,Otro,Faltante,Ninguna,Sin restricción
2018,8689,2018-11-16,Viernes,0,11:00:00,,0.0,2,"Moto/Ciclomotor,Automóvil",Boulevard Colon Y Suipacha,2,1,0,0,1,0,0,"-32.58776, -61.17913",Calle,,TOTORAS,Iriondo,Asfalto,No existe,X,S/D,Urbana,Ninguna,No existe,Intersección,Bueno,Buena,Diurna,Buen Tiempo,Lateral,S/D,Colisión,S/D,Faltante,Ninguna,Sin restricción
2018,8690,2018-11-13,Martes,0,15:25:00,,0.0,2,"Moto/Ciclomotor,Moto/Ciclomotor",Ayacucho Y 7 de Octubre,3,0,1,0,2,0,0,"-32.821361111111,-61.385111111111",Calle,,CAÑADA DE GÓMEZ,Iriondo,Asfalto,No existe,X,S/D,Urbana,Ninguna,No existe,Intersección,Bueno,Buena,Diurna,Buen Tiempo,Lateral,S/D,Colisión,S/D,S/D,Ninguna,Sin restricción
2018,8691,2018-10-15,Lunes,0,17:30:00,,0.0,2,"Moto/Ciclomotor,Automóvil",CASTELLI Y REP DE SIRIA,2,1,0,0,1,0,0,"-31.607138888889,-60.691166666667",Calle,,SANTA FE,La Capital,Asfalto,No existe,I,S/D,Urbana,Ninguna,No existe,Intersección,Bueno,S/D,Diurna,Buen Tiempo,Lateral,S/D,Colisión,Ninguna,S/D,Ninguna,Sin restricción
2018,8692,2018-11-09,Viernes,0,05:00:00,,0.0,2,"Moto/Ciclomotor,Automóvil",Dorrego 2200,3,0,2,0,1,0,0,"-32.961027777778,-60.653416666667",Calle,,ROSARIO,Rosario,S/D,S/D,II,S/D,Urbana,S/D,S/D,Recta,S/D,S/D,Amanecer,S/D,S/D,S/D,Colisión,S/D,Vertical,S/D,S/D
2018,8693,2018-10-15,Lunes,0,18:20:00,,0.0,2,"Moto/Ciclomotor,Automóvil",Necochea Y Ricardo Aldao,3,2,0,0,1,0,0,"-31.611888888889,-60.686916666667",Calle,,SANTA FE,La Capital,Asfalto,No existe,I,S/D,Urbana,Ninguna,No existe,Intersección,Bueno,Buena,Diurna,Buen Tiempo,Lateral,S/D,Colisión,Ninguna,S/D,Ninguna,Sin restricción
2018,8694,2018-11-09,Viernes,0,20:45:00,,0.0,1,Moto/Ciclomotor,Alberdi 400,2,1,0,0,1,0,0,"-32.814777777778,-61.405416666667",Calle,,CAÑADA DE GÓMEZ,Iriondo,Asfalto,No existe,X,S/D,Urbana,Ninguna,No existe,Recta,Bueno,Buena,Nocturna,Buen Tiempo,Otro,S/D,Caída ocupante,S/D,Faltante,Ninguna,Sin restricción
2018,8695,2018-11-14,Miercoles,0,07:50:00,,0.0,2,"Automóvil,Bicicleta",Derqui Y Pellegrini,2,1,0,0,1,0,0,"-32.811055555556,-61.397444444444",Calle,,CAÑADA DE GÓMEZ,Iriondo,Asfalto,No existe,X,S/D,Urbana,Ninguna,No existe,Intersección,Bueno,Buena,Diurna,Buen Tiempo,Lateral,Ciclista,Atropello,Otro,Vertical,S/D,Sin restricción
2018,8696,2018-09-08,Sabado,0,19:20:00,,0.0,2,"Automóvil,Moto/Ciclomotor",Caseros Y Gral Alvear,7,2,0,0,5,0,0,"-30.310830, -61.233702",Calle,,SAN CRISTÓBAL,San Cristóbal,Asfalto,No existe,XIII,Dentro,Urbana,Semáforo,Funciona,Intersección,Bueno,Buena,"Nocturna,Con luz artificial",Buen Tiempo,Lateral,S/D,Colisión,Ninguna,Vertical,Ninguna,Sin restricción
2018,8697,2018-09-11,Martes,0,10:50:00,,0.0,2,"Moto/Ciclomotor,Pickup/Utilitario",Salta Y E Lopez,2,1,0,0,1,0,0,"-30.318693, -61.230116",Calle,,SAN CRISTÓBAL,San Cristóbal,Ripio,No existe,XIII,Dentro,Urbana,Ninguna,No existe,Intersección,Bueno,Buena,Diurna,Buen Tiempo,Lateral,S/D,Colisión,Ninguna,Faltante,Ninguna,Sin restricción
2018,8698,2018-09-28,Viernes,0,12:00:00,,0.0,2,"Automóvil,Moto/Ciclomotor",Azcuenaga Y Chacabuco,3,2,0,0,1,0,0,"-30.303296, -61.229062",Calle,,SAN CRISTÓBAL,San Cristóbal,Ripio,No existe,XIII,Dentro,Urbana,Ninguna,No existe,Intersección,Con baches,Buena,Diurna,Buen Tiempo,Lateral,S/D,Colisión,Ninguna,Faltante,Ninguna,Sin restricción
2018,8699,2018-08-17,Viernes,0,22:15:00,,0.0,2,"Automóvil,Moto/Ciclomotor",Lucio Victor Mansilla Y Teniente Loza,3,0,0,0,1,2,0,"-31.56388,-60.74799",Calle,,SANTA FE,La Capital,"Asfalto,Tierra",No existe,I,S/D,Urbana,Ninguna,No existe,Intersección,Bueno,S/D,Nocturna,S/D,S/D,S/D,Colisión,S/D,Faltante,"Ninguna,S/D",Sin restricción
2018,8700,2018-09-29,Sabado,0,16:05:00,,0.0,2,"Pickup/Utilitario,Moto/Ciclomotor",Sarmiento Y Azcuenaga,2,1,0,0,1,0,0,"-30.301691, -61.237562",Calle,,SAN CRISTÓBAL,San Cristóbal,Ripio,No existe,XIII,Dentro,Urbana,Ninguna,No existe,Intersección,Con baches,Buena,Diurna,Buen Tiempo,Lateral,S/D,Colisión,Ninguna,Faltante,Vegetación,Sin restricción
2018,8701,2018-09-15,Sabado,0,11:25:00,,0.0,2,"Pickup/Utilitario,Moto/Ciclomotor",Avenida Tristan Malbran Y Lamadrid,2,0,1,0,1,0,0,"-29.877301, -61.950059",Avenida,,CERES,San Cristóbal,Asfalto,No existe,XIII,Dentro,Urbana,Ninguna,No existe,Intersección,Bueno,Buena,Diurna,Buen Tiempo,De alcance,S/D,Colisión,Ninguna,Faltante,Cordón divisorio,Sin restricción
2018,8702,2018-09-24,Lunes,0,09:50:00,,0.0,2,"Automóvil,Moto/Ciclomotor",GÁLVEZ Y Mariano Moreno,2,1,0,0,1,0,0,"-32.966508, -60.656312",Calle,,ROSARIO,Rosario,Asfalto,No existe,II,Dentro,Urbana,Ninguna,No existe,Intersección,Bueno,Buena,Diurna,Buen Tiempo,S/D,S/D,Colisión,Ninguna,Faltante,Ninguna,Sin restricción
2018,8703,2018-09-23,Domingo,0,00:40:00,,0.0,2,"Automóvil,Moto/Ciclomotor",Mariano Moreno Y San Luis,3,2,0,0,1,0,0,"-32.946823, -60.651227",Calle,,ROSARIO,Rosario,Asfalto,No existe,II,Dentro,Urbana,Señal Pare,No existe,Intersección,Bueno,Buena,"Nocturna,Con luz artificial",Buen Tiempo,S/D,S/D,Colisión,Ninguna,"Horizontal,Vertical",Ninguna,Sin restricción
2018,8704,2018-09-15,Sabado,0,16:15:00,,0.0,2,"Automóvil,Moto/Ciclomotor",Av Maipu Y Independencia,4,2,0,0,2,0,0,"-29.880354, -61.952184",Avenida,,CERES,San Cristóbal,Asfalto,No existe,XIII,Dentro,Urbana,Ninguna,No existe,Intersección,Bueno,Buena,Diurna,Buen Tiempo,De alcance,S/D,Colisión,Ninguna,Faltante,Cordón divisorio,Sin restricción
2018,8705,2018-08-18,Sabado,0,03:00:00,,0.0,1,Moto/Ciclomotor,Tucuman Y Uruguay,1,0,0,0,0,1,0,"-31.24634,-61.48313",Calle,,RAFAELA,Castellanos,S/D,S/D,V,Dentro,Urbana,S/D,S/D,S/D,S/D,S/D,Nocturna,S/D,Contra objeto fijo,S/D,Colisión,S/D,S/D,S/D,S/D
2018,8706,2018-09-21,Viernes,0,15:45:00,,0.0,2,"Pickup/Utilitario,Moto/Ciclomotor",Balcarce Y Rueda,2,1,0,0,1,0,0,"-32.968572, -60.658229",Calle,,ROSARIO,Rosario,Asfalto,No existe,II,Dentro,Urbana,Ninguna,No existe,Recta,Bueno,Buena,Diurna,Buen Tiempo,S/D,S/D,Colisión,Ninguna,Faltante,Ninguna,Sin restricción
2018,8707,2018-09-15,Sabado,0,06:15:00,,0.0,1,Pickup/Utilitario, ,1,0,1,0,0,0,0,"-30.545617764563, -61.925801622061",Camino Rural,,SUARDI,San Cristóbal,Tierra,No existe,XIII,Dentro,Rural,Ninguna,No existe,Intersección,Bueno,Reducida,Nocturna,Niebla,S/D,S/D,Despiste,Otro,Faltante,Ninguna,Sin restricción
2018,8708,2018-09-27,Jueves,0,18:30:00,,0.0,2,"Automóvil,Moto/Ciclomotor",Santa Fe Y Alvear,2,1,0,0,1,0,0,"-32.944606, -60.654930",Calle,,ROSARIO,Rosario,Asfalto,No existe,II,Dentro,Urbana,Semáforo,Funciona,Recta,Bueno,Buena,Atardecer,Buen Tiempo,Lateral,S/D,Colisión,Ninguna,"Horizontal,Vertical",Línea divisoria pintada,Sin restricción
2018,8709,2018-09-08,Sabado,0,11:45:00,,0.0,2,"Automóvil,Pickup/Utilitario",25 de Mayo Y Cordoba,6,0,1,0,0,0,5,"-30.539013, -61.961607",Calle,,SUARDI,San Cristóbal,Asfalto,No existe,XIII,Dentro,Urbana,Ninguna,No existe,Intersección,Bueno,Buena,Diurna,Buen Tiempo,Lateral,S/D,Colisión,S/D,Faltante,Ninguna,S/D
2018,8710,2018-09-26,Miercoles,0,14:00:00,,0.0,2,"Moto/Ciclomotor,Taxi/Remis",Virasoro Y Av. Corrientes,2,1,0,0,1,0,0,"-32.969162, -60.648260",Avenida,,ROSARIO,Rosario,Asfalto,No existe,II,Dentro,Urbana,Ninguna,No existe,Intersección,Bueno,Buena,Diurna,Buen Tiempo,Lateral,S/D,Colisión,Ninguna,Faltante,Ninguna,Sin restricción
2018,8711,2018-09-26,Miercoles,0,14:40:00,,0.0,2,"Vehículo Oficial,Peatón",Sarmiento Y Rioja,2,1,0,0,1,0,0,"-32.947667, -60.638495",Calle,,ROSARIO,Rosario,Asfalto,No existe,II,Dentro,Urbana,Paso Peatonal,No existe,Intersección,Bueno,Buena,Diurna,Buen Tiempo,S/D,Peatón,Atropello,Ninguna,Horizontal,Línea divisoria pintada,Sin restricción
2018,8712,2018-09-13,Jueves,0,08:32:00,Ruta Nacional 34,357.0,2,"Automóvil,Tren", ,6,2,0,0,4,0,0,"-30.113231, -61.787726",Ruta,34,LA RUBIA,San Cristóbal,Asfalto,Natural,XIII,Dentro,Urbana,S/D,No existe,Paso a Nivel FFCC,Bueno,Buena,Diurna,Lluvia,Lateral,S/D,Colisión,Agua,Faltante,Ninguna,S/D
2018,8713,2018-09-26,Miercoles,0,14:00:00,,0.0,2,"Taxi/Remis,Automóvil",Ocampo Y Necochea,2,1,0,0,1,0,0,"-32.968956, -60.629195",Calle,,ROSARIO,Rosario,Asfalto,No existe,II,Dentro,Urbana,Señal Pare,No existe,Intersección,Bueno,Buena,Diurna,Buen Tiempo,S/D,S/D,Colisión,Ninguna,"Horizontal,Vertical",Línea divisoria pintada,Sin restricción
2018,8714,2018-09-11,Martes,0,16:45:00,Ruta Nacional 168,0.0,2,"Moto/Ciclomotor,Automóvil", ,2,1,0,0,1,0,0,"-31.640613, -60.682247",Ruta,168,SANTA FE,La Capital,Hormigón,No existe,I,Dentro,Urbana,Ninguna,No existe,Recta,Bueno,Buena,Diurna,Buen Tiempo,Lateral,S/D,Colisión,Ninguna,Faltante,Cordón divisorio,Sin restricción
2018,8715,2018-09-27,Jueves,0,22:55:00,,0.0,2,"Taxi/Remis,Automóvil",Sarmiento Y Montevideo,3,1,0,0,2,0,0,"-32.956161, -60.640586",Calle,,ROSARIO,Rosario,Asfalto,No existe,II,Dentro,Urbana,Paso Peatonal,No existe,Intersección,Bueno,Buena,Nocturna,Buen Tiempo,S/D,S/D,Colisión,Ninguna,Horizontal,Ninguna,Sin restricción
2018,8716,2018-09-27,Jueves,0,09:10:00,,0.0,2,"Moto/Ciclomotor,Automóvil",L.N.Alem Y La Paz,3,2,0,0,1,0,0,"-32.965940, -60.632730",Calle,,ROSARIO,Rosario,Asfalto,No existe,II,Dentro,Urbana,Señal Pare,No existe,Intersección,Bueno,S/D,Diurna,Buen Tiempo,S/D,S/D,Colisión,Ninguna,"Horizontal,Vertical",Línea divisoria pintada,Sin restricción
2018,8717,2018-09-17,Lunes,0,12:10:00,,0.0,2,"Bicicleta,Pickup/Utilitario",Guillermo Benitez Y Belgrano,2,1,0,0,1,0,0,"-32.475077, -61.573185",Calle,,LAS ROSAS,Belgrano,Asfalto,No existe,III,Dentro,Urbana,Ninguna,No existe,Intersección,Bueno,Buena,Diurna,Buen Tiempo,S/D,Ciclista,Atropello,Ninguna,Faltante,Ninguna,Sin restricción
2018,8718,2018-09-27,Jueves,0,11:00:00,,0.0,2,"Automóvil,Moto/Ciclomotor",Ricchieri 700,2,1,0,0,1,0,0,"-32.940906512095, -60.662562522720",Calle,,ROSARIO,Rosario,Asfalto,No existe,II,Dentro,Urbana,Semáforo,Funciona,Recta,Bueno,Buena,Diurna,Buen Tiempo,S/D,S/D,Colisión,Ninguna,"Horizontal,Vertical",Línea divisoria pintada,Sin restricción
2018,8719,2018-09-27,Jueves,0,17:45:00,,0.0,2,"Moto/Ciclomotor,Automóvil",Av. Pellegrini Y Callao,2,1,0,0,1,0,0,"-32.953325, -60.662816",Avenida,,ROSARIO,Rosario,Asfalto,No existe,II,Dentro,Urbana,Semáforo,Funciona,Intersección,Bueno,Buena,Diurna,Buen Tiempo,Lateral,S/D,Colisión,Ninguna,"Horizontal,Vertical","Cordón divisorio,Línea divisoria pintada",Sin restricción