anio_acci,nro_acci,fecha,desc_dia,fecha_aprox,hora_aprox,desc_ruta,km,cant_participantes,desc_participante,calle_avenida_km,total,heridos_leves,heridos_graves,heridos_gravisimos,ilesos,fallecidos,sin_datos,posicion_XY,desc_tipo_via,desc_ruta_ori,desc_loc,desc_dpto,desc_tipo_calzada,desc_tipo_banquina,desc_unidad_regional,desc_lugar_calzada,desc_zona,desc_prioridad,desc_estado_semaforo,desc_lugar_via,desc_estado_via,desc_estado_visibilidad,desc_luminosidad,desc_estado_clima,desc_tipo_colision,desc_tipo_atropello,desc_tipo_hecho,desc_pres_calzada,desc_senializacion,desc_separacion_via,desc_restriccion
2018,8720,2018-09-28,Viernes,0,17:35:00,,0.0,2,"Moto/Ciclomotor,Automóvil",Italia Y Ocampo,4,1,0,0,3,0,0,"-32.964703, -60.652973",Calle,,ROSARIO,Rosario,Asfalto,No existe,II,Dentro,Urbana,Señal Pare,No existe,Intersección,Bueno,Buena,Diurna,Buen Tiempo,S/D,S/D,Colisión,Ninguna,Vertical,Ninguna,Sin restricción
2018,8721,2018-10-11,Jueves,0,21:30:00,,0.0,2,"Bicicleta,Automóvil",Lavaisse Y Piedras,2,1,0,0,1,0,0,"-31.616722222222,-60.676916666667",Calle,,SANTA FE,La Capital,Asfalto,No existe,I,S/D,Urbana,Ninguna,No existe,Intersección,Bueno,Buena,Diurna,Buen Tiempo,Lateral,S/D,Colisión,Ninguna,S/D,Ninguna,Sin restricción
2018,8722,2018-11-10,Sabado,0,19:45:00,Autopista Nacional A008,0.0,2,"Automóvil,Moto/Ciclomotor",Av. Sorrento Y Av. Circunvalacion,3,2,0,0,1,0,0,"-32.90775, -60.72284",Autopista,A008,ROSARIO,Rosario,S/D,S/D,II,S/D,Urbana,S/D,S/D,S/D,S/D,S/D,S/D,S/D,S/D,S/D,Colisión,S/D,S/D,S/D,S/D
2018,8723,2018-10-12,Viernes,0,21:50:00,,0.0,2,"Moto/Ciclomotor,Automóvil",Dorrego Y Regis Martinez,2,1,0,0,1,0,0,"-31.601944444444,-60.675833333333",Calle,,SANTA FE,La Capital,Asfalto,No existe,I,S/D,Urbana,Ninguna,No existe,Intersección,Bueno,Buena,Nocturna,Buen Tiempo,Lateral,S/D,Colisión,Ninguna,S/D,Ninguna,Sin restricción
2018,8724,2018-10-12,Viernes,0,16:30:00,,0.0,2,"Moto/Ciclomotor,Automóvil",Salvador del Carril Y Av Gral Paz,2,1,0,0,1,0,0,"-31.620527777778,-60.686083333333",Avenida,,SANTA FE,La Capital,Asfalto,No existe,I,S/D,Urbana,Ninguna,No existe,Intersección,Bueno,Buena,Diurna,Buen Tiempo,Lateral,S/D,Colisión,Ninguna,S/D,Ninguna,Sin restricción
2018,8725,2018-11-10,Sabado,0,23:25:00,,0.0,2,"Moto/Ciclomotor,Moto/Ciclomotor",Salta Y Gral Obligado,3,2,1,0,0,0,0,"-29.893228365471, -60.289156933098",Calle,,CALCHAQUÍ,Vera,Tierra,No existe,XIX,S/D,Urbana,Ninguna,No existe,Intersección,Bueno,Buena,Con luz artificial,Buen Tiempo,De alcance,S/D,Colisión,Ninguna,Faltante,Ninguna,Sin restricción
2018,8726,2018-10-14,Domingo,0,00:30:00,,0.0,2,"Automóvil,Pickup/Utilitario",Av Facundo Zuviria Y Vieytes,2,1,0,0,1,0,0,"-31.600944444444,-60.701833333333",Avenida,,SANTA FE,La Capital,Asfalto,Pavimento,I,S/D,Urbana,Ninguna,No existe,Intersección,Bueno,Buena,Nocturna,Buen Tiempo,Lateral,S/D,Colisión,S/D,Vertical,Línea divisoria pintada,S/D
2018,8727,2018-11-16,Viernes,0,08:15:00,,0.0,2,"Peatón,Moto/Ciclomotor",Rivadavia Y Alvear,3,2,0,0,1,0,0,"-29.466888888889,-60.211055555556",Calle,,VERA,Vera,Asfalto,No existe,XIX,S/D,Urbana,Ninguna,No existe,Intersección,Bueno,Buena,Diurna,Buen Tiempo,S/D,Peatón,Atropello,Ninguna,Faltante,Ninguna,Sin restricción
2018,8728,2018-10-12,Viernes,0,01:00:00,,0.0,2,"Automóvil,Moto/Ciclomotor",Av A del Valle Y Salvador del Carril,2,1,0,0,1,0,0,"-31.618388888889,-60.698083333333",Avenida,,SANTA FE,La Capital,Asfalto,Pavimento,I,S/D,Urbana,Ninguna,Funciona,Intersección,Bueno,Buena,Nocturna,Buen Tiempo,Lateral,S/D,Colisión,S/D,Vertical,Línea divisoria pintada,Sin restricción
2018,8729,2018-11-04,Domingo,0,16:45:00,,0.0,2,"Moto/Ciclomotor,Bicicleta",J V Gonzalez ,2,0,2,0,0,0,0,"-32.66758, -60.79287",Camino Rural,,TIMBÚES,San Lorenzo,Asfalto,Natural,XVII,Dentro,Rural,Ninguna,No existe,Recta,Bueno,Buena,Diurna,Buen Tiempo,De alcance,Ciclista,Atropello,Ninguna,Vertical,Ninguna,Sin restricción
2018,8730,2018-11-12,Lunes,0,15:20:00,,0.0,2,"Pickup/Utilitario,Automóvil",Espa?a Y GÁLVEZ,3,2,0,0,1,0,0,"-32.96725,-60.652138888889",Calle,,ROSARIO,Rosario,S/D,S/D,II,S/D,Urbana,S/D,S/D,Intersección,S/D,S/D,Diurna,S/D,S/D,S/D,Colisión,S/D,S/D,S/D,S/D
2018,8731,2018-11-12,Lunes,0,13:20:00,,0.0,2,"Bicicleta,Automóvil",Bv. Oro?o Y 3 De Febrero,4,1,0,0,3,0,0,"-32.950083333333,-60.654777777778",Calle,,ROSARIO,Rosario,S/D,S/D,II,S/D,Urbana,S/D,S/D,Recta,S/D,S/D,Diurna,S/D,S/D,Ciclista,Atropello,S/D,S/D,S/D,S/D
2018,8732,2018-10-10,Miercoles,0,14:05:00,,0.0,2,"Automóvil,Automóvil",9 de Julio Y Cordoba,3,1,0,0,2,0,0,"-31.627638888889,-60.703694444444",Calle,,SANTA FE,La Capital,Asfalto,Pavimento,I,S/D,Urbana,Ninguna,S/D,Intersección,Bueno,Buena,Diurna,Buen Tiempo,Lateral,S/D,Colisión,S/D,Vertical,Línea divisoria pintada,Sin restricción
2018,8733,2018-11-03,Sabado,0,06:30:00,,0.0,2,"Automóvil,Moto/Ciclomotor",Leandro N Alem Y Turner S,2,1,0,0,1,0,0,"-33.761166666667,-61.956472222222",Calle,,VENADO TUERTO,General López,Asfalto,S/D,VIII,S/D,Urbana,Ninguna,S/D,Intersección,Bueno,Buena,Con luz artificial,Buen Tiempo,Otro,S/D,Colisión,Ninguna,S/D,Ninguna,Sin restricción
2018,8734,2018-10-12,Viernes,0,13:15:00,,0.0,2,"Automóvil,Moto/Ciclomotor",Av Pe?aloza ,2,0,0,0,0,0,2,"-31.610138888889,-60.713027777778",Avenida,,SANTA FE,La Capital,Asfalto,No existe,I,Dentro,Urbana,Otra Señal,No existe,Intersección,Bueno,Buena,Diurna,Buen Tiempo,Lateral,S/D,Colisión,S/D,Faltante,"Cordón divisorio,Vegetación",Sin restricción
2018,8735,2018-11-12,Lunes,0,17:00:00,,0.0,2,"Automóvil,Moto/Ciclomotor",Rivadavia Y Amenabar,2,1,0,0,1,0,0,"-33.44047, -60.78551",Calle,,SANTA TERESA,Constitución,"Tierra,Ripio",No existe,VI,Dentro,Urbana,Ninguna,No existe,Intersección,Deteriorada,Buena,Diurna,Buen Tiempo,Lateral,S/D,Colisión,Ninguna,Faltante,Ninguna,Sin restricción
2018,8736,2018-10-13,Sabado,0,11:00:00,,0.0,2,"Taxi/Remis,Moto/Ciclomotor",Av Pe?aloza Y Martin Zapata,2,1,0,0,1,0,0,"-31.616972222222,-60.713138888889",Avenida,,SANTA FE,La Capital,Asfalto,No existe,I,Dentro,Urbana,Semáforo,Funciona,Intersección,Bueno,Buena,Diurna,Buen Tiempo,Lateral,S/D,Colisión,S/D,"Horizontal,Vertical",Cordón divisorio,Sin restricción
2018,8737,2018-11-06,Martes,0,12:45:00,,0.0,1,Moto/Ciclomotor,Almte Brown ,1,1,0,0,0,0,0,"-32.89534, -60.90762",Calle,,ROLDÁN,San Lorenzo,Asfalto,No existe,XVII,Dentro,Urbana,Ninguna,No existe,Recta,Bueno,Buena,Diurna,Buen Tiempo,Atropello animal,S/D,Atropello,Ninguna,Faltante,Ninguna,Sin restricción
2018,8738,2018-09-10,Lunes,0,16:10:00,,0.0,2,"Automóvil,Moto/Ciclomotor",Paso de los Andes Y Moreno,2,1,0,0,1,0,0,"-32.471583333333,-61.579138888889",Calle,,LAS ROSAS,Belgrano,Asfalto,No existe,III,Dentro,Urbana,Ninguna,No existe,Intersección,Bueno,Reducida,Diurna,Buen Tiempo,Lateral,S/D,Colisión,Ninguna,Faltante,Ninguna,Sin restricción
2018,8739,2018-10-10,Miercoles,0,12:00:00,,0.0,2,"Pickup/Utilitario,Automóvil",La Rioja Y Francia,2,0,0,0,0,0,2,"-31.643861111111,-60.713944444444",Calle,,SANTA FE,La Capital,Asfalto,Pavimento,I,Dentro,Urbana,Ninguna,Funciona,Recta,Bueno,Buena,Diurna,Buen Tiempo,Otro,S/D,Colisión,Otro,Vertical,Ninguna,Sin restricción
2018,8740,2018-11-07,Miercoles,0,10:00:00,,0.0,2,"Automóvil,Moto/Ciclomotor",GÁLVEZ Y Cordoba,2,1,0,0,1,0,0,"-32.89508, -60.89899",Calle,,ROLDÁN,San Lorenzo,Asfalto,Natural,XVII,Dentro,Urbana,Ninguna,No existe,Intersección,Bueno,Buena,Diurna,Buen Tiempo,Lateral,S/D,Colisión,Ninguna,Faltante,Ninguna,Sin restricción
2018,8741,2018-11-13,Martes,0,19:00:00,,0.0,2,"Automóvil,Moto/Ciclomotor",Independencia Y Bv Pellegrini,2,1,0,0,1,0,0,"-32.89899, -60.90707",Calle,,ROLDÁN,San Lorenzo,Asfalto,Pavimento,XVII,Dentro,Urbana,Ninguna,No existe,Intersección,Bueno,Buena,Diurna,Buen Tiempo,Lateral,S/D,Colisión,Ninguna,Faltante,Ninguna,Sin restricción
2018,8742,2018-10-10,Miercoles,0,19:40:00,,0.0,2,"Pickup/Utilitario,Moto/Ciclomotor",Av Freyre Y Hipolito Yrigoyen,2,1,0,0,1,0,0,"-31.640166666667,-60.71675",Calle,,SANTA FE,La Capital,Asfalto,No existe,I,Dentro,Urbana,Ninguna,Funciona,Recta,Bueno,Buena,Diurna,Buen Tiempo,Otro,S/D,Colisión,Otro,Vertical,Ninguna,Sin restricción
2018,8743,2018-10-14,Domingo,0,14:45:00,,0.0,2,"Moto/Ciclomotor,Automóvil",ANDRADA Y LAMADRID,2,1,0,0,1,0,0,"-31.64949, -60.72962",Calle,,SANTA FE,La Capital,Asfalto,No existe,I,Dentro,Urbana,Ninguna,Funciona,Recta,Bueno,Reducida polvo,Diurna,Buen Tiempo,Otro,S/D,Colisión,Otro,Vertical,Ninguna,Sin restricción
2018,8744,2018-11-07,Miercoles,0,,,0.0,2,"Moto/Ciclomotor,Automóvil",Bv San Martin Y Urquiza,3,2,0,0,1,0,0,"-32.90044, -60.90744",Avenida,,ROLDÁN,San Lorenzo,Asfalto,Pavimento,I,Dentro,Urbana,Ninguna,No existe,Intersección,Bueno,Buena,Diurna,Buen Tiempo,Lateral,S/D,Colisión,Ninguna,Vertical,Cordón divisorio,Sin restricción
2018,8745,2018-11-10,Sabado,0,17:20:00,,0.0,2,"Pickup/Utilitario,Moto/Ciclomotor",Bv Domingo F Sarmiento Y Corrientes,2,1,0,0,1,0,0,"-32.458,-60.888694444444",Calle,,MACIEL,San Jerónimo,Asfalto,No existe,XV,S/D,Urbana,Ninguna,No existe,Intersección,Bueno,Buena,Diurna,Buen Tiempo,"Frontal,Lateral",S/D,Colisión,Ninguna,"Horizontal,Vertical",S/D,Sin restricción
2018,8746,2018-10-12,Viernes,0,14:00:00,,0.0,2,"Moto/Ciclomotor,Automóvil",Av Lopez y Planes Y Candido Pujato,2,1,0,0,1,0,0,"-31.631527777778,-60.713805555556",Calle,,SANTA FE,La Capital,Asfalto,No existe,I,Dentro,Urbana,Ninguna,Funciona,Recta,Bueno,Buena,Diurna,Buen Tiempo,Otro,S/D,Colisión,Ninguna,Vertical,Ninguna,Sin restricción
2018,8747,2018-10-14,Domingo,0,13:00:00,,0.0,2,"Pickup/Utilitario,Moto/Ciclomotor", ,2,1,0,0,1,0,0,"-31.64949, -60.72962",Calle,,SANTA FE,La Capital,Asfalto,No existe,I,Dentro,Urbana,Otra Señal,Funciona,Recta,Bueno,Buena,Diurna,Buen Tiempo,Otro,S/D,Colisión,Otro,Vertical,Ninguna,Sin restricción
2018,8748,2018-11-08,Jueves,0,00:55:00,,0.0,2,"Moto/Ciclomotor,Automóvil",Cordoba Y Reconquista,4,3,0,0,1,0,0,"-32.71632, -60.73851",Calle,,PUERTO SAN MARTÍN,San Lorenzo,Asfalto,No existe,XVII,Dentro,Urbana,Ninguna,No existe,Intersección,Bueno,Buena,Nocturna,Buen Tiempo,De alcance,S/D,Colisión,Ninguna,Faltante,Ninguna,Sin restricción
2018,8749,2018-10-13,Sabado,0,04:50:00,Ruta Nacional 168,472.0,2,"Automóvil,Automóvil",Ruta Nac 168 ,3,2,0,0,1,0,0,"-31.64122, -60.66867",Ruta,168,SANTA FE,La Capital,Asfalto,Natural,I,Dentro,Urbana,S/D,No existe,Recta,Bueno,Reducida,Nocturna,Niebla,De alcance,S/D,Colisión,S/D,Faltante,Ninguna,Sin restricción
2018,8750,2018-10-14,Domingo,0,18:30:00,,0.0,2,"Moto/Ciclomotor,Bicicleta",Laurencio Maradona ,2,2,0,0,0,0,0,"-31.64107, -60.67567",Calle,,SANTA FE,La Capital,Asfalto,Natural,I,Dentro,Urbana,Ninguna,No existe,Recta,Bueno,Buena,Diurna,Buen Tiempo,De alcance,S/D,Colisión,Ninguna,Vertical,Ninguna,Sin restricción
2018,8751,2018-10-10,Miercoles,0,07:50:00,,0.0,2,"Bicicleta,Automóvil",Las Heras Y Bv GÁLVEZ,2,1,0,0,1,0,0,"-31.636888888889,-60.697638888889",Calle,,SANTA FE,La Capital,Asfalto,S/D,I,Dentro,Urbana,S/D,S/D,Intersección,Bueno,Buena,Diurna,Buen Tiempo,S/D,Ciclista,Atropello,Ninguna,S/D,Ninguna,Sin restricción
2018,8752,2018-09-01,Sabado,0,14:30:00,,0.0,2,"Moto/Ciclomotor,Pickup/Utilitario",Luis Braille Y Urquiza,2,1,0,0,0,0,1,"-32.747575, -60.743304",Avenida,,SAN LORENZO,San Lorenzo,Asfalto,No existe,XVII,Dentro,Urbana,Ninguna,No existe,Intersección,S/D,S/D,Diurna,S/D,Otro,S/D,Colisión,S/D,Faltante,Ninguna,S/D
2018,8753,2018-09-02,Domingo,0,18:30:00,,0.0,2,"Automóvil,Moto/Ciclomotor",Sargento Cabral Y Richieri,3,1,0,0,2,0,0,"-32.748807, -60.730769",Calle,,SAN LORENZO,San Lorenzo,Asfalto,No existe,XVII,Dentro,Urbana,Ninguna,No existe,Intersección,Bueno,S/D,Diurna,Otro,Otro,S/D,Colisión,Ninguna,Faltante,Cordón divisorio,Sin restricción
2018,8754,2018-09-05,Miercoles,0,14:20:00,,0.0,2,"Camión Chasis,Moto/Ciclomotor",Bv Oro?o 2899,5,1,0,0,4,0,0,"-32.730384, -60.762680",Avenida,,SAN LORENZO,San Lorenzo,Asfalto,No existe,XVII,Dentro,Urbana,Ninguna,No existe,Recta,S/D,S/D,Diurna,S/D,Otro,S/D,Colisión,S/D,Faltante,S/D,Sin restricción
2018,8755,2018-09-06,Jueves,0,14:23:00,Autopista Nacional A012,0.0,2,"Moto/Ciclomotor,Automóvil", ,2,1,0,0,1,0,0,"-32.765428, -60.748963",Autopista,A012,SAN LORENZO,San Lorenzo,Asfalto,Natural,XVII,Dentro,Urbana,Ninguna,No existe,Recta,S/D,S/D,Diurna,S/D,S/D,S/D,Colisión,S/D,Faltante,Cordón divisorio,S/D
2018,8756,2018-09-08,Sabado,0,20:30:00,,0.0,2,"Moto/Ciclomotor,Moto/Ciclomotor",Republica de Chile Y Cnel Bogado,4,4,0,0,0,0,0,"-32.773344, -60.739816",Calle,,SAN LORENZO,San Lorenzo,Tierra,No existe,XVII,Dentro,Urbana,Ninguna,No existe,Intersección,Otro,S/D,Nocturna,S/D,Otro,S/D,Colisión,S/D,Faltante,Ninguna,Sin restricción
2018,8757,2018-09-09,Domingo,0,05:35:00,Ruta Nacional 11,0.0,1,Automóvil,Av San Martin Y Republica del Pareguay,3,2,1,0,0,0,0,"-32.761741, -60.732886",Ruta,11,SAN LORENZO,San Lorenzo,Asfalto,No existe,XVII,Dentro,Urbana,Ninguna,No existe,Intersección,S/D,S/D,Nocturna,S/D,Contra objeto fijo,S/D,"Colisi?n,Despiste",S/D,Faltante,Cordón divisorio,S/D
2018,8758,2018-09-14,Viernes,0,23:05:00,,0.0,2,"Moto/Ciclomotor,Automóvil",Ing White Y Lavalle,2,2,0,0,0,0,0,"-32.762968, -60.738758",Calle,,SAN LORENZO,San Lorenzo,"Asfalto,Tierra",No existe,XVII,Dentro,Urbana,Ninguna,No existe,Intersección,S/D,S/D,Nocturna,Otro,S/D,S/D,Colisión,S/D,Faltante,Ninguna,Sin restricción
2018,8759,2018-09-27,Jueves,0,11:15:00,,0.0,2,"Automóvil,Peatón",9 De Julio Y Dorrego,2,1,0,0,1,0,0,"-32.951885, -60.651087",Calle,,ROSARIO,Rosario,Asfalto,No existe,II,Dentro,Urbana,Paso Peatonal,No existe,Intersección,Bueno,Buena,Diurna,Buen Tiempo,S/D,Peatón,Atropello,Agua,Horizontal,Ninguna,Sin restricción
2018,8760,2018-09-17,Lunes,0,22:30:00,Ruta Nacional 11,0.0,2,"Moto/Ciclomotor,Automóvil",Santiago del Estero Y Av San Martin,3,2,0,0,0,0,1,"-32.741316, -60.734038",Ruta,11,SAN LORENZO,San Lorenzo,Asfalto,No existe,XVII,Dentro,Urbana,Ninguna,No existe,Intersección,Otro,S/D,Nocturna,Otro,S/D,S/D,Colisión,Ninguna,Faltante,Cordón divisorio,Sin restricción
2018,8761,2018-08-18,Sabado,0,05:40:00,Ruta Nacional 11,891.0,2,"Moto/Ciclomotor,Peatón", ,2,1,0,0,0,1,0,"-28.35331,-59.26385",Ruta,11,FLORENCIA,General Obligado,Asfalto,Pavimento,IX,Dentro,Rural,Ninguna,No existe,Recta,Bueno,S/D,Nocturna,S/D,S/D,Peatón,Atropello,S/D,Faltante,"Ninguna,S/D",Sin restricción
2018,8762,2018-09-18,Martes,0,21:35:00,,0.0,2,"Automóvil,Moto/Ciclomotor",San Luis Y Sargento Cabral,3,2,0,0,0,0,1,"-32.753592, -60.730769",Calle,,SAN LORENZO,San Lorenzo,Asfalto,No existe,XVII,Dentro,Urbana,Ninguna,No existe,Intersección,Otro,S/D,Nocturna,Otro,S/D,S/D,Colisión,S/D,Faltante,Cordón divisorio,S/D
2018,8763,2018-09-30,Domingo,0,03:00:00,,0.0,1,Automóvil,San Martin Y Av. Belgrano,2,2,0,0,0,0,0,"-32.940941, -60.635111",Avenida,,ROSARIO,Rosario,Asfalto,No existe,II,Dentro,Urbana,Semáforo,Funciona,Intersección,Bueno,Buena,"Nocturna,Con luz artificial",Buen Tiempo,Contra objeto fijo,S/D,Colisión,Ninguna,"Horizontal,Vertical",Línea divisoria pintada,Sin restricción
2018,8764,2018-09-29,Sabado,0,02:30:00,,0.0,2,"Automóvil,Moto/Ciclomotor",San Juan Y Bv. Avellaneda,2,1,0,0,1,0,0,"-32.942817, -60.680141",Calle,,ROSARIO,Rosario,Asfalto,No existe,II,Dentro,Urbana,Semáforo,No existe,Intersección,Bueno,Buena,"Nocturna,Con luz artificial",Buen Tiempo,S/D,S/D,Colisión,Ninguna,"Horizontal,Vertical","Cordón divisorio,Vegetación,Línea divisoria pintada",Sin restricción
2018,8765,2018-09-01,Sabado,0,,,0.0,2,"Moto/Ciclomotor,Automóvil", ,2,1,0,0,1,0,0,"-32.749575, -60.739522",S/D,,SAN LORENZO,San Lorenzo,S/D,S/D,XVII,S/D,S/D,S/D,S/D,S/D,S/D,S/D,S/D,S/D,S/D,S/D,Colisión,S/D,S/D,S/D,S/D
2018,8766,2018-09-03,Lunes,0,17:00:00,,0.0,2,"Peatón,Automóvil",San Luis Y Italia,2,1,0,0,1,0,0,"-32.947313, -60.648525",Calle,,ROSARIO,Rosario,Asfalto,No existe,II,Dentro,Urbana,Paso Peatonal,No existe,Intersección,Bueno,Buena,Diurna,Buen Tiempo,S/D,Peatón,Atropello,Ninguna,Horizontal,Ninguna,Sin restricción
2018,8767,2018-09-20,Jueves,0,,,0.0,2,"Pickup/Utilitario,Moto/Ciclomotor",Urquiza Y Av Carlos A Poucel,2,1,0,0,1,0,0,"-32.747725, -60.738402",Avenida,,SAN LORENZO,San Lorenzo,Hormigón,No existe,XVII,Dentro,Urbana,Ninguna,No existe,Intersección,S/D,S/D,S/D,S/D,S/D,S/D,Colisión,S/D,Faltante,Cordón divisorio,Sin restricción
2018,8768,2018-09-14,Viernes,0,20:00:00,,0.0,2,"Bicicleta,Pickup/Utilitario",Santa Fe Y Balcarce,2,1,0,0,1,0,0,"-32.942657, -60.651536",Calle,,ROSARIO,Rosario,Asfalto,No existe,II,Dentro,Urbana,Semáforo,Funciona,Intersección,Bueno,Buena,"Nocturna,Con luz artificial",Buen Tiempo,S/D,Ciclista,Atropello,Ninguna,Vertical,Línea divisoria pintada,Sin restricción
2018,8769,2018-09-22,Sabado,0,02:00:00,,0.0,2,"Automóvil,Moto/Ciclomotor",Rivadavia Y Irigoyen,3,1,0,0,1,0,1,"-32.750561, -60.736382",Calle,,SAN LORENZO,San Lorenzo,Hormigón,No existe,XVII,Dentro,Urbana,Ninguna,No existe,Intersección,S/D,S/D,Nocturna,S/D,S/D,S/D,Colisión,S/D,Faltante,Ninguna,Sin restricción
2018,8770,2018-09-22,Sabado,0,14:30:00,,0.0,2,"Moto/Ciclomotor,Automóvil",General Lopez Y Tucuman,4,1,0,0,3,0,0,"-32.742199, -60.735108",Calle,,SAN LORENZO,San Lorenzo,Asfalto,No existe,XVII,Dentro,Urbana,Ninguna,No existe,Intersección,S/D,S/D,Diurna,S/D,S/D,S/D,Colisión,S/D,Faltante,Ninguna,Sin restricción
2018,8771,2018-09-19,Miercoles,0,18:45:00,,0.0,2,"Peatón,Automóvil",Mitre Y Tucuman,2,1,0,0,1,0,0,"-32.941587, -60.638387",Calle,,ROSARIO,Rosario,Asfalto,No existe,II,Dentro,Urbana,Paso Peatonal,No existe,Recta,Bueno,Buena,Diurna,Buen Tiempo,S/D,Peatón,Atropello,Ninguna,Horizontal,Ninguna,Sin restricción
2018,8772,2018-08-25,Sabado,0,19:40:00,,0.0,2,"Automóvil,Moto/Ciclomotor",Juan B Justo Y Monse?or A Brasca,2,0,0,0,1,1,0,"-31.25592,-61.515",Calle,,RAFAELA,Castellanos,Asfalto,No existe,V,S/D,Urbana,Ninguna,No existe,Intersección,Bueno,S/D,Nocturna,S/D,Lateral,S/D,Colisión,S/D,Faltante,"Ninguna,S/D",Sin restricción
2018,8773,2018-09-03,Lunes,0,19:25:00,,0.0,2,"Moto/Ciclomotor,Peatón",Luis Vila Y Bv. Rondeau,3,3,0,0,0,0,0,"-32.898188, -60.691412",Calle,,ROSARIO,Rosario,Asfalto,No existe,II,Dentro,Urbana,Semáforo,Funciona,Intersección,Bueno,Buena,Diurna,Buen Tiempo,S/D,Peatón,Atropello,Ninguna,"Horizontal,Vertical","Cordón divisorio,Vegetación",Sin restricción
2018,8774,2018-09-15,Sabado,0,15:30:00,,0.0,2,"Automóvil,Automóvil",Gurruchaga Y Bv. Rondeau,3,1,0,0,2,0,0,"-32.905102, -60.689118",Avenida,,ROSARIO,Rosario,Asfalto,No existe,II,Dentro,Urbana,Semáforo,Funciona,Intersección,Bueno,Buena,Diurna,Buen Tiempo,De alcance,S/D,Colisión,Ninguna,"Horizontal,Vertical","Cordón divisorio,Vegetación",Sin restricción
2018,8775,2018-11-14,Miercoles,0,14:20:00,,0.0,2,"Automóvil,Moto/Ciclomotor",Rio De Janeiro Y Urquiza,3,1,0,0,2,0,0,"-32.935361111111,-60.679638888889",Calle,,ROSARIO,Rosario,S/D,S/D,II,S/D,Urbana,S/D,S/D,Intersección,S/D,S/D,Diurna,S/D,S/D,S/D,Colisión,S/D,S/D,S/D,S/D
2018,8776,2018-11-15,Jueves,0,17:30:00,,0.0,2,"Peatón,Automóvil",San Juan Y J.M.de Rosas,2,1,0,0,1,0,0,"-32.9515,-60.632166666667",Calle,,ROSARIO,Rosario,S/D,S/D,II,S/D,Urbana,S/D,S/D,Intersección,S/D,S/D,Atardecer,S/D,S/D,Peatón,Atropello,S/D,S/D,S/D,S/D
2018,8777,2018-10-10,Miercoles,0,19:00:00,Autopista Provincial Brigadier E.López,150.0,1,Automóvil,Acc Aut a Santa Fe Rosario Y Av Circunvalaci?n,1,1,0,0,0,0,0,"-31.62791, -60.73186",Autopista,Brigadier E.López,SANTA FE,La Capital,Asfalto,No existe,I,Dentro,Rural,Ninguna,S/D,Recta,S/D,S/D,Atardecer,S/D,Contra objeto fijo,S/D,Colisión,S/D,S/D,S/D,S/D
2018,8778,2018-11-15,Jueves,0,14:30:00,,0.0,2,"Pickup/Utilitario,Moto/Ciclomotor",Sarmiento Y Maipu,3,2,0,0,1,0,0,"-29.233111111111,-61.776138888889",Calle,,TOSTADO,9 de Julio,Asfalto,No existe,XII,S/D,Urbana,S/D,No existe,Intersección,Bueno,Buena,Diurna,Buen Tiempo,Lateral,S/D,Colisión,Ninguna,Faltante,Ninguna,S/D
2018,8780,2018-11-14,Miercoles,0,20:00:00,,0.0,2,"Bicicleta,Pickup/Utilitario",San Juan Y Gutenberg,2,1,0,0,0,0,1,"-32.941333333333,-60.688222222222",Calle,,ROSARIO,Rosario,S/D,S/D,II,S/D,Urbana,S/D,S/D,Intersección,S/D,S/D,Nocturna,S/D,S/D,Ciclista,Atropello,S/D,S/D,S/D,S/D
2018,8781,2018-11-07,Miercoles,0,13:15:00,,0.0,2,"Moto/Ciclomotor,Moto/Ciclomotor",Rivadavia Y Falucho,3,1,0,0,2,0,0,"-32.71001, -60.73579",Calle,,PUERTO SAN MARTÍN,San Lorenzo,Asfalto,No existe,XVII,Dentro,Urbana,Ninguna,No existe,Intersección,Bueno,Buena,Diurna,Buen Tiempo,Lateral,S/D,Colisión,Ninguna,Faltante,Ninguna,Sin restricción
2018,8782,2018-10-08,Lunes,0,19:15:00,,0.0,2,"Pickup/Utilitario,Moto/Ciclomotor",13 de Mayo Y Juan de Garay,4,0,1,0,3,0,0,"-31.739239965172, -61.090309785714",Calle,,SAN CARLOS CENTRO,Las Colonias,Ripio,Ripio,XI,S/D,Urbana,Ninguna,No existe,Intersección,Bueno,Buena,Nocturna,Buen Tiempo,Lateral,Ciclista,Atropello,Ninguna,Horizontal,Ninguna,Sin restricción
2018,8783,2018-11-15,Jueves,0,16:50:00,,0.0,2,"Moto/Ciclomotor,Automóvil",J.M.de Rosas Y Mendoza,2,1,0,0,1,0,0,"-32.952722222222,-60.6325",Calle,,ROSARIO,Rosario,S/D,S/D,II,S/D,Urbana,S/D,S/D,Intersección,S/D,S/D,Diurna,S/D,S/D,S/D,Colisión,S/D,S/D,S/D,S/D
2018,8784,2018-01-01,Lunes,0,03:30:00,,0.0,2,"Moto/Ciclomotor,Otros",Magallanes Y La Paz,2,1,0,0,1,0,0,"-32.9555,-60.703888888889",Calle,,ROSARIO,Rosario,S/D,S/D,II,S/D,Urbana,S/D,S/D,Intersección,S/D,S/D,S/D,S/D,S/D,S/D,Colisión,S/D,S/D,S/D,S/D