anio_acci,nro_acci,fecha,desc_dia,fecha_aprox,hora_aprox,desc_ruta,km,cant_participantes,desc_participante,calle_avenida_km,total,heridos_leves,heridos_graves,heridos_gravisimos,ilesos,fallecidos,sin_datos,posicion_XY,desc_tipo_via,desc_ruta_ori,desc_loc,desc_dpto,desc_tipo_calzada,desc_tipo_banquina,desc_unidad_regional,desc_lugar_calzada,desc_zona,desc_prioridad,desc_estado_semaforo,desc_lugar_via,desc_estado_via,desc_estado_visibilidad,desc_luminosidad,desc_estado_clima,desc_tipo_colision,desc_tipo_atropello,desc_tipo_hecho,desc_pres_calzada,desc_senializacion,desc_separacion_via,desc_restriccion
2018,8785,2018-10-08,Lunes,0,15:25:00,,0.0,2,"Bicicleta,Automóvil",Bomberos Voluntarios 2200,2,1,0,0,1,0,0,"-33.02675,-60.633055555556",Calle,,VILLA GOBERNADOR GÁLVEZ,Rosario,Asfalto,No existe,II,S/D,S/D,Ninguna,No existe,Recta,Bueno,Buena,Diurna,Buen Tiempo,S/D,Ciclista,Atropello,Ninguna,Faltante,Ninguna,Sin restricción
2018,8786,2018-08-21,Martes,0,01:07:00,,0.0,2,"Moto/Ciclomotor,Otros",Peru 4100,2,0,1,0,0,0,1,"-33.02582, -60.6335",Calle,,VILLA GOBERNADOR GÁLVEZ,Rosario,S/D,S/D,I,Dentro,Urbana,S/D,S/D,S/D,S/D,S/D,S/D,S/D,S/D,S/D,S/D,S/D,S/D,S/D,S/D
2018,8787,2018-01-09,Martes,0,,,0.0,2,"Moto/Ciclomotor,Otros", ,2,0,1,0,0,0,1,"-32.94981, -60.68319",S/D,,ROSARIO,Rosario,S/D,S/D,II,S/D,S/D,S/D,S/D,S/D,S/D,S/D,S/D,S/D,S/D,S/D,Colisión,S/D,S/D,S/D,S/D
2018,8788,2018-09-08,Sabado,0,18:30:00,Ruta Nacional 178,0.0,2,"Moto/Ciclomotor,Automóvil",Calle 10 Y Calle 9,2,1,0,0,1,0,0,"-32.687792, -61.523284",Ruta,178,LAS PAREJAS,Belgrano,Asfalto,No existe,III,Dentro,Urbana,Ninguna,No existe,Intersección,Bueno,Buena,Diurna,Buen Tiempo,Lateral,S/D,Colisión,Ninguna,Faltante,Ninguna,Sin restricción
2018,8789,2018-01-10,Miercoles,0,,,0.0,2,"Peatón,Otros", ,2,1,0,0,0,0,1,"-32.95723, -60.6931",S/D,,ROSARIO,Rosario,S/D,S/D,II,S/D,S/D,S/D,S/D,S/D,S/D,S/D,S/D,S/D,S/D,Peatón,Atropello,S/D,S/D,S/D,S/D
2018,8790,2018-01-10,Miercoles,0,,,0.0,2,"Moto/Ciclomotor,Otros", ,2,0,1,0,0,0,1,"-32.94466, -60.68055",S/D,,ROSARIO,Rosario,S/D,S/D,II,S/D,S/D,S/D,S/D,S/D,S/D,S/D,S/D,S/D,S/D,S/D,Colisión,S/D,S/D,S/D,S/D
2018,8791,2018-10-17,Miercoles,0,17:33:00,,0.0,2,"Moto/Ciclomotor,Otros",Av. Francia Y Lamadrid,2,0,1,0,0,0,1,"-32.998,-60.678055555556",S/D,,ROSARIO,Rosario,S/D,S/D,II,S/D,S/D,S/D,S/D,S/D,S/D,S/D,S/D,S/D,S/D,S/D,S/D,S/D,S/D,S/D,S/D
2018,8792,2018-10-08,Lunes,0,14:35:00,,0.0,1,Moto/Ciclomotor, ,1,1,0,0,0,0,0,"-33.02532, -60.63377",S/D,,VILLA GOBERNADOR GÁLVEZ,Rosario,S/D,S/D,II,S/D,Urbana,S/D,S/D,S/D,S/D,S/D,S/D,S/D,S/D,Ciclista,Atropello,S/D,S/D,S/D,S/D
2018,8793,2018-10-19,Viernes,0,20:41:00,,0.0,2,"Moto/Ciclomotor,Otros",Roullon Y Cerrito,2,0,1,0,0,0,1,"-32.953027777778,-60.701722222222",S/D,,ROSARIO,Rosario,S/D,S/D,II,S/D,S/D,S/D,S/D,S/D,S/D,S/D,S/D,S/D,S/D,S/D,S/D,S/D,S/D,S/D,S/D
2018,8794,2018-11-11,Domingo,0,,,0.0,2,"Moto/Ciclomotor,Otros", ,2,1,0,0,0,0,1,"-32.95846, -60.69045",S/D,,ROSARIO,Rosario,S/D,S/D,II,S/D,S/D,S/D,S/D,S/D,S/D,S/D,S/D,S/D,S/D,S/D,Colisión,S/D,S/D,S/D,S/D
2018,8795,2018-10-21,Domingo,0,07:25:00,,0.0,2,"Automóvil,Otros",Bolivia Y Cordoba,2,1,0,0,0,0,1,"-33.07501, -60.58338",S/D,,PUEBLO ESTHER,Rosario,S/D,S/D,II,S/D,S/D,S/D,S/D,S/D,S/D,S/D,S/D,S/D,S/D,S/D,S/D,S/D,S/D,S/D,S/D
2018,8796,2018-10-08,Lunes,0,10:45:00,,0.0,2,"Moto/Ciclomotor,Automóvil",J.J.Paso Y Bolivia Bis,2,1,0,0,1,0,0,"-32.920325120733, -60.715514326583",Avenida,,ROSARIO,Rosario,Asfalto,No existe,II,Dentro,Urbana,Ninguna,No existe,Intersección,Bueno,Buena,Diurna,Buen Tiempo,De alcance,S/D,Colisión,Ninguna,Faltante,Ninguna,Sin restricción
2018,8797,2018-09-23,Domingo,0,20:15:00,,0.0,2,"Automóvil,Automóvil",Sargento Cabral Y Catamarca,4,1,0,0,3,0,0,"-32.755393, -60.731209",Calle,,SAN LORENZO,San Lorenzo,Asfalto,No existe,XVII,Dentro,Urbana,Semáforo,Funciona,Intersección,S/D,S/D,Nocturna,S/D,Contra objeto fijo,S/D,Colisión,S/D,Vertical,Cordón divisorio,S/D
2018,8798,2018-09-23,Domingo,0,18:15:00,,0.0,2,"Automóvil,Automóvil",Urquiza Y Juan M De Rosas,9,4,0,0,0,0,5,"-32.747548, -60.742923",Calle,,SAN LORENZO,San Lorenzo,Asfalto,No existe,XVII,Dentro,Urbana,Ninguna,No existe,Intersección,S/D,S/D,Diurna,S/D,S/D,S/D,Colisión,S/D,Faltante,Ninguna,S/D
2018,8799,2018-09-26,Miercoles,0,21:40:00,,0.0,2,"Moto/Ciclomotor,Automóvil",Congreso Y C Pelegrini,3,2,0,0,0,0,1,"-32.762861, -60.734482",Calle,,SAN LORENZO,San Lorenzo,Asfalto,No existe,XVII,Dentro,Urbana,Ninguna,No existe,Intersección,S/D,S/D,Nocturna,S/D,S/D,S/D,Colisión,S/D,Faltante,Ninguna,S/D
2018,8800,2018-09-28,Viernes,0,13:30:00,Ruta Nacional 11,0.0,2,"Automóvil,Moto/Ciclomotor",Bv Oro?o Y Ruta Nac 11,2,1,0,0,0,0,1,"-32.733883, -60.742515",Ruta,11,SAN LORENZO,San Lorenzo,Asfalto,No existe,XVII,Dentro,Urbana,Señal Pare,No existe,Intersección,S/D,S/D,Diurna,S/D,S/D,S/D,Colisión,S/D,Vertical,Ninguna,S/D
2018,8801,2018-09-28,Viernes,0,23:30:00,,0.0,2,"Taxi/Remis,Moto/Ciclomotor",Belgrano Y Av Carlos A Poucel,2,0,0,0,0,0,2,"-32.746711, -60.738386",Avenida,,SAN LORENZO,San Lorenzo,Asfalto,No existe,XVII,Dentro,Urbana,Ninguna,No existe,Intersección,S/D,S/D,Nocturna,S/D,S/D,S/D,Colisión,S/D,Faltante,Ninguna,Sin restricción
2018,8802,2018-09-29,Sabado,0,12:20:00,,0.0,2,"Moto/Ciclomotor,Automóvil",Av Carlos A Poucel Y Urquiza,2,2,0,0,0,0,0,"-32.746716, -60.738384",Avenida,,SAN LORENZO,San Lorenzo,Asfalto,No existe,XVII,Dentro,Urbana,Ninguna,No existe,Intersección,S/D,S/D,Diurna,S/D,S/D,S/D,Colisión,S/D,Faltante,Ninguna,S/D
2018,8803,2018-09-17,Lunes,0,09:40:00,,0.0,2,"Moto/Ciclomotor,Automóvil",Av. Casiano Casas Y Av. Sorrento,2,1,0,0,1,0,0,"-32.907294, -60.695672",Avenida,,ROSARIO,Rosario,Asfalto,No existe,II,Dentro,Urbana,Semáforo,Funciona,Intersección,Bueno,Buena,Diurna,Buen Tiempo,De alcance,S/D,Colisión,Ninguna,"Horizontal,Vertical",Cordón divisorio,Sin restricción
2018,8804,2018-09-24,Lunes,0,07:00:00,,0.0,2,"Moto/Ciclomotor,Automóvil",Av. Sorrento Y Darragueira,2,1,0,0,1,0,0,"-32.907195, -60.691264",Avenida,,ROSARIO,Rosario,Asfalto,No existe,II,Dentro,Urbana,Semáforo,Funciona,Intersección,Bueno,Buena,Amanecer,Buen Tiempo,De alcance,S/D,Colisión,Ninguna,Vertical,Ninguna,Sin restricción
2018,8805,2018-09-30,Domingo,0,19:00:00,,0.0,2,"Automóvil,Moto/Ciclomotor",Almte Brown ,2,0,0,0,0,0,2,"-32.823723, -60.727016",Calle,,CAPITÁN BERMÚDEZ,San Lorenzo,S/D,No existe,XVII,Dentro,Urbana,S/D,S/D,S/D,S/D,S/D,Atardecer,S/D,S/D,S/D,Colisión,S/D,S/D,Ninguna,S/D
2018,8806,2018-09-25,Martes,0,10:20:00,,0.0,2,"Peatón,Otros",Av. Casiano Casas Y Washington,2,1,0,0,1,0,0,"-32.903508, -60.700865",Calle,,ROSARIO,Rosario,Asfalto,No existe,II,Dentro,Urbana,Paso Peatonal,No existe,Intersección,Bueno,Buena,Diurna,Buen Tiempo,S/D,Peatón,Atropello,Ninguna,"Horizontal,Vertical",Cordón divisorio,Sin restricción
2018,8807,2018-09-27,Jueves,0,17:00:00,,0.0,1,Moto/Ciclomotor,Uriarte Y Calvo,2,1,0,0,1,0,0,"-32.902510, -60.707138",Calle,,ROSARIO,Rosario,Asfalto,No existe,II,Dentro,Urbana,Ninguna,No existe,Intersección,Bueno,Buena,Diurna,Buen Tiempo,S/D,S/D,Caída ocupante,Ninguna,Faltante,Ninguna,Sin restricción
2018,8808,2018-09-22,Sabado,0,03:40:00,,0.0,2,"Camión Chasis,Moto/Ciclomotor",El Chocon 320,3,1,2,0,0,0,0,"-32.817380, -60.709808",Calle,,CAPITÁN BERMÚDEZ,San Lorenzo,Asfalto,No existe,XVII,Dentro,Urbana,Ninguna,No existe,Curva,Bueno,Buena,Nocturna,Buen Tiempo,Contra objeto fijo,S/D,Colisión,Ninguna,Faltante,Ninguna,Sin restricción
2018,8809,2018-09-27,Jueves,0,16:45:00,,0.0,2,"Automóvil,Moto/Ciclomotor",Albert Sabin Y J.B.Justo,2,1,0,0,1,0,0,"-32.914296, -60.692124",Avenida,,ROSARIO,Rosario,Asfalto,No existe,II,Dentro,Urbana,Semáforo,Funciona,Intersección,Bueno,Buena,Diurna,Buen Tiempo,De alcance,S/D,Colisión,Ninguna,"Horizontal,Vertical","Cordón divisorio,Vegetación,Línea divisoria pintada",Sin restricción
2018,8810,2018-09-21,Viernes,0,01:30:00,,0.0,1,Automóvil,Entre Rios Y Puerto Argentino,1,1,0,0,0,0,0,"-32.820879, -60.713979",Calle,,CAPITÁN BERMÚDEZ,San Lorenzo,Asfalto,No existe,XVII,Dentro,Urbana,Ninguna,No existe,Intersección,Bueno,Buena,Nocturna,Buen Tiempo,Contra objeto fijo,S/D,Colisión,Ninguna,Faltante,Ninguna,Sin restricción
2018,8811,2018-09-03,Lunes,0,14:00:00,,0.0,2,"Moto/Ciclomotor,Automóvil",Jujuy Y Vera Mujica,4,1,0,0,3,0,0,"-32.933133, -60.664848",Calle,,ROSARIO,Rosario,Asfalto,No existe,II,Dentro,Urbana,Ninguna,No existe,Intersección,Bueno,Buena,Diurna,Buen Tiempo,Lateral,S/D,Colisión,Ninguna,Faltante,Ninguna,Sin restricción
2018,8812,2018-09-07,Viernes,0,17:30:00,,0.0,2,"Peatón,Automóvil",Catamarca Y Cafferata,2,1,0,0,1,0,0,"-32.934705, -60.669582",Calle,,ROSARIO,Rosario,Asfalto,No existe,II,Dentro,Urbana,Semáforo,Funciona,Intersección,Bueno,Buena,Diurna,Buen Tiempo,S/D,Peatón,Atropello,Ninguna,"Horizontal,Vertical",Ninguna,Sin restricción
2018,8813,2018-09-20,Jueves,1,21:15:00,Ruta Nacional 11,0.0,2,"Moto/Ciclomotor,Automóvil",Av San Lorenzo Y Chacabuco,2,1,0,0,1,0,0,"-32.810274, -60.718088",Ruta,11,CAPITÁN BERMÚDEZ,San Lorenzo,Asfalto,Pavimento,XVII,Dentro,Urbana,Ninguna,No existe,Intersección,Bueno,Buena,Nocturna,Buen Tiempo,S/D,S/D,Colisión,Ninguna,Faltante,Ninguna,Sin restricción
2018,8814,2018-09-11,Martes,0,07:00:00,,0.0,2,"Taxi/Remis,Automóvil",Vera Mujica Y Tucuman,5,4,0,0,1,0,0,"-32.936634, -60.665757",Calle,,ROSARIO,Rosario,Asfalto,No existe,II,Dentro,Urbana,Ninguna,No existe,Intersección,Bueno,Buena,Diurna,Buen Tiempo,Lateral,S/D,Colisión,Ninguna,Faltante,Ninguna,Sin restricción
2018,8815,2018-09-14,Viernes,0,13:00:00,,0.0,2,"Moto/Ciclomotor,Automóvil",Crespo Y San Lorenzo,4,2,0,0,2,0,0,"-32.938774, -60.667676",Calle,,ROSARIO,Rosario,Asfalto,No existe,II,Dentro,Urbana,S/D,No existe,Intersección,Bueno,Buena,Diurna,Buen Tiempo,Lateral,S/D,Colisión,Ninguna,Faltante,Ninguna,Sin restricción
2018,8816,2018-09-14,Viernes,0,16:05:00,Autopista Provincial Brigadier E.López,0.0,1,Moto/Ciclomotor,Espa?a ,1,1,0,0,0,0,0,"-32.683194736052, -60.798809501238",Autopista,Brigadier E.López,TIMBÚES,San Lorenzo,Asfalto,Natural,XVII,Dentro,Rural,Ninguna,No existe,Curva,Bueno,Buena,Diurna,Buen Tiempo,S/D,S/D,Despiste,Ninguna,Faltante,Línea divisoria pintada,Sin restricción
2018,8817,2018-09-15,Sabado,0,05:30:00,,0.0,2,"Taxi/Remis,Automóvil",Rivadavia Y Pueyrredon Bis,2,1,0,0,1,0,0,"-32.931411, -60.654488",Calle,,ROSARIO,Rosario,Asfalto,No existe,II,Dentro,Urbana,Ninguna,Funciona,Intersección,Bueno,Reducida,Amanecer,Buen Tiempo,Frontal,S/D,Colisión,Ninguna,Vertical,Ninguna,Sin restricción
2018,8818,2018-09-01,Sabado,0,01:05:00,Autopista Nacional A012,0.0,2,"Moto/Ciclomotor,Pickup/Utilitario",Ruta Nacional A012 Y Irigoyen,3,1,0,0,2,0,0,"-32.776050, -60.793429",Autopista,A012,RICARDONE,San Lorenzo,Asfalto,Natural,XVII,Dentro,Urbana,Semáforo,Intermitente,Intersección,Bueno,Buena,"Nocturna,Con luz artificial",Buen Tiempo,Lateral,S/D,Colisión,Ninguna,Vertical,Ninguna,S/D
2018,8819,2018-09-15,Sabado,0,17:00:00,,0.0,2,"Automóvil,Automóvil",Av. Francia Y Jujuy,5,4,0,0,1,0,0,"-32.933357, -60.663569",Avenida,,ROSARIO,Rosario,Asfalto,No existe,II,Dentro,Urbana,Ninguna,No existe,Intersección,Bueno,Buena,Diurna,Buen Tiempo,Lateral,S/D,Colisión,Ninguna,Faltante,Ninguna,Sin restricción
2018,8820,2018-09-27,Jueves,0,19:35:00,Autopista Nacional A012,0.0,2,"Moto/Ciclomotor,Pickup/Utilitario",Bv Caferatta Y Galapeti,2,1,0,0,1,0,0,"-32.769815468602, -60.782163821348",Autopista,A012,RICARDONE,San Lorenzo,"Asfalto,Ripio",Ripio,XVII,Dentro,Urbana,Ninguna,No existe,Intersección,Bueno,Buena,Atardecer,Buen Tiempo,Frontal,S/D,Colisión,Ninguna,Faltante,Ninguna,Sin restricción
2018,8821,2018-09-17,Lunes,0,15:20:00,,0.0,2,"Moto/Ciclomotor,Automóvil",Rodriguez Y San Lorenzo,2,0,1,0,1,0,0,"-32.940444, -60.658145",Calle,,ROSARIO,Rosario,Asfalto,No existe,II,Dentro,Urbana,Ninguna,No existe,Intersección,Bueno,Buena,Diurna,Buen Tiempo,De alcance,S/D,Colisión,Ninguna,Faltante,Ninguna,Sin restricción
2018,8822,2018-09-19,Miercoles,0,00:15:00,,0.0,2,"Automóvil,Taxi/Remis",Urquiza Y Castellanos,2,1,0,0,1,0,0,"-32.936326, -60.674183",Calle,,ROSARIO,Rosario,Asfalto,No existe,II,Dentro,Urbana,Señal Pare,No existe,Intersección,Bueno,Reducida,"Nocturna,Con luz artificial",Lluvia,De alcance,S/D,Colisión,Ninguna,Vertical,Ninguna,Sin restricción
2018,8823,2018-09-20,Jueves,0,23:30:00,,0.0,2,"Moto/Ciclomotor,Automóvil",Jujuy Y Rodriguez,3,1,0,0,2,0,0,"-32.934600, -60.656671",Calle,,ROSARIO,Rosario,Asfalto,No existe,II,Dentro,Urbana,Ninguna,No existe,Intersección,Bueno,Reducida,"Nocturna,Con luz artificial",Buen Tiempo,De alcance,S/D,Colisión,Ninguna,Faltante,Ninguna,Sin restricción
2018,8824,2018-09-22,Sabado,0,09:35:00,,0.0,2,"Taxi/Remis,Automóvil",Catamarca Y San Nicolas,2,2,0,0,0,0,0,"-32.934475, -60.670886",Calle,,ROSARIO,Rosario,Asfalto,No existe,II,Dentro,Urbana,Semáforo,Funciona,Intersección,Bueno,Buena,Diurna,Buen Tiempo,De alcance,S/D,Colisión,Ninguna,"Horizontal,Vertical",Ninguna,Sin restricción
2018,8825,2018-09-23,Domingo,0,05:30:00,,0.0,2,"Automóvil,Automóvil",Av. Del Valle Y Av. Ovidio Lagos Bis,3,1,0,0,2,0,0,"-32.931024, -60.658681",Avenida,,ROSARIO,Rosario,Asfalto,No existe,II,Dentro,Urbana,Semáforo,Funciona,Recta,Bueno,Buena,Amanecer,Buen Tiempo,De alcance,S/D,Colisión,Ninguna,"Horizontal,Vertical",Línea divisoria pintada,Sin restricción
2018,8826,2018-09-24,Lunes,0,18:00:00,,0.0,2,"Moto/Ciclomotor,Automóvil",Av. Francia Y Jujuy,3,1,0,1,1,0,0,"-32.933357, -60.663573",Avenida,,ROSARIO,Rosario,Asfalto,No existe,II,Dentro,Urbana,Ninguna,No existe,Intersección,Bueno,Buena,Diurna,Buen Tiempo,Otro,S/D,Colisión,Ninguna,Faltante,"Cordón divisorio,Vegetación",Sin restricción
2018,8827,2018-09-25,Martes,0,02:15:00,,0.0,1,Moto/Ciclomotor,Tucuman 2600,2,2,0,0,0,0,0,"-32.938087, -60.657648",Calle,,PUEBLO URANGA,Rosario,Asfalto,No existe,II,Dentro,Urbana,Ninguna,No existe,Recta,Bueno,Reducida,"Nocturna,Con luz artificial",Buen Tiempo,S/D,S/D,Caída ocupante,Ninguna,Faltante,Ninguna,Sin restricción
2018,8828,2018-01-12,Viernes,0,,,0.0,2,"Moto/Ciclomotor,Otros", ,2,0,0,1,0,0,1,"-32.95963, -60.68786",S/D,,ROSARIO,Rosario,S/D,S/D,II,S/D,S/D,S/D,S/D,S/D,S/D,S/D,S/D,S/D,S/D,S/D,Colisión,S/D,S/D,S/D,S/D
2018,8829,2018-01-12,Viernes,0,,,0.0,2,"Moto/Ciclomotor,Otros", ,2,0,1,0,0,0,1,"-32.95977, -60.69505",S/D,,ROSARIO,Rosario,S/D,S/D,II,S/D,S/D,S/D,S/D,S/D,S/D,S/D,S/D,S/D,S/D,S/D,Colisión,S/D,S/D,S/D,S/D
2018,8830,2018-01-13,Sabado,0,,,0.0,2,"Moto/Ciclomotor,Otros", ,3,1,0,0,0,0,2,"-32.95921, -60.69425",S/D,,ROSARIO,Rosario,S/D,S/D,II,S/D,S/D,S/D,S/D,S/D,S/D,S/D,S/D,S/D,S/D,S/D,Colisión,S/D,S/D,S/D,S/D
2018,8831,2018-01-13,Sabado,0,,,0.0,2,"Moto/Ciclomotor,Otros", ,2,1,0,0,0,0,1,"-32.95868, -60.69215",S/D,,ROSARIO,Rosario,S/D,S/D,II,S/D,S/D,S/D,S/D,S/D,S/D,S/D,S/D,S/D,S/D,S/D,Colisión,S/D,S/D,S/D,S/D
2018,8832,2018-01-13,Sabado,0,,,0.0,2,"Moto/Ciclomotor,Otros", ,2,0,1,0,0,0,1,"-32.95673, -60.67608",S/D,,ROSARIO,Rosario,S/D,S/D,II,S/D,S/D,S/D,S/D,S/D,S/D,S/D,S/D,S/D,S/D,S/D,Colisión,S/D,S/D,S/D,S/D
2018,8833,2018-01-15,Lunes,0,,,0.0,2,"Bicicleta,Otros", ,2,0,0,1,0,0,1,"-32.95721, -60.67983",S/D,,ROSARIO,Rosario,S/D,S/D,II,S/D,S/D,S/D,S/D,S/D,S/D,S/D,S/D,S/D,S/D,Ciclista,Atropello,S/D,S/D,S/D,S/D
2018,8834,2018-10-08,Lunes,0,04:00:00,,0.0,1,Moto/Ciclomotor,Mendoza Y Ecuador,2,0,2,0,0,0,0,"-32.940222222222,-60.715",Avenida,,ROSARIO,Rosario,Asfalto,No existe,II,Dentro,Urbana,Ninguna,No existe,Intersección,Bueno,S/D,Nocturna,Buen Tiempo,Contra objeto fijo,S/D,Colisión,Ninguna,S/D,Cordón divisorio,Sin restricción
2018,8835,2018-10-08,Lunes,0,16:00:00,,0.0,2,"Peatón,Moto/Ciclomotor",Av. Pte.Peron Y Lavalle,2,1,0,0,1,0,0,"-32.957527777778,-60.682388888889",Avenida,,ROSARIO,Rosario,Asfalto,No existe,II,S/D,Urbana,Semáforo,Funciona,Intersección,Bueno,Buena,Diurna,Buen Tiempo,S/D,Peatón,Atropello,Ninguna,"Horizontal,Vertical",Cordón divisorio,Sin restricción
2018,8836,2018-02-02,Viernes,0,19:00:00,,0.0,2,"Moto/Ciclomotor,Otros",Av. Battle y Ordo?ez ,2,0,1,0,0,0,1,"-33.00925,-60.661666666667",Calle,,ROSARIO,Rosario,S/D,S/D,II,S/D,Urbana,S/D,S/D,Recta,S/D,S/D,S/D,S/D,S/D,S/D,Colisión,S/D,S/D,S/D,S/D
2018,8837,2018-10-08,Lunes,0,13:10:00,,0.0,2,"Peatón,Moto/Ciclomotor",Lavalle 3700,2,1,0,0,1,0,0,"-32.973138888889,-60.686305555556",Calle,,ROSARIO,Rosario,Asfalto,S/D,II,Dentro,Urbana,S/D,S/D,Recta,S/D,Buena,Diurna,Buen Tiempo,S/D,Peatón,Atropello,S/D,S/D,S/D,S/D
2018,8838,2018-02-06,Martes,0,,,0.0,1,Otros, ,1,1,0,0,0,0,0,"-32.95643, -60.69418",S/D,,ROSARIO,Rosario,S/D,S/D,II,S/D,S/D,S/D,S/D,S/D,S/D,S/D,S/D,S/D,S/D,S/D,S/D,S/D,S/D,S/D,S/D
2018,8839,2018-09-08,Sabado,0,19:30:00,,0.0,1,Moto/Ciclomotor,Avenida 18 Y Calle 11,1,0,1,0,0,0,0,"-32.684521, -61.517539",Avenida,,LAS PAREJAS,Belgrano,Asfalto,No existe,III,Dentro,Urbana,Ninguna,No existe,Recta,Con baches,Buena,Nocturna,Buen Tiempo,Contra objeto fijo,S/D,Colisión,Otro,Faltante,Ninguna,Reparación de Vía
2018,8840,2018-10-08,Lunes,0,13:50:00,Autopista Nacional A008,0.0,3,"Camión Chasis,Automóvil,Camión Chasis",Av. Circunvalacion Y Ferrocarril Mitre,3,1,0,0,2,0,0,"-32.983079588471, -60.709346754807",Autopista,A008,ROSARIO,Rosario,S/D,Pavimento,II,S/D,Rural,Ninguna,No existe,Recta,Bueno,Buena,Diurna,Buen Tiempo,De alcance,S/D,Colisión,Ninguna,Faltante,Guardarrail,Sin restricción
2018,8841,2018-09-04,Martes,0,17:00:00,,0.0,1,Moto/Ciclomotor,Calle 25 1200,1,1,0,0,0,0,0,"-32.678433, -61.524992",Calle,,LAS PAREJAS,Belgrano,Asfalto,No existe,III,Dentro,Urbana,Ninguna,No existe,Recta,Deteriorada,Buena,Diurna,Buen Tiempo,S/D,S/D,Vuelco,Otro,Faltante,Ninguna,Sin restricción
2018,8842,2018-10-08,Lunes,0,17:50:00,,0.0,2,"Peatón,Moto/Ciclomotor",Dr.G.Colombres 3000,2,1,0,0,1,0,0,"-32.964888888889,-60.724861111111",Calle,,ROSARIO,Rosario,Asfalto,No existe,II,S/D,Urbana,Ninguna,No existe,Intersección,Bueno,Buena,Diurna,Buen Tiempo,S/D,Peatón,Atropello,Ninguna,Faltante,Ninguna,Sin restricción
2018,8843,2018-02-09,Viernes,0,,Autopista Nacional Gral. Juan Jose Valle,0.0,2,"Pickup/Utilitario,Otros", ,2,0,0,1,0,0,1,"-33.27392, -60.39699",Autopista,Gral. Juan José Valle,EMPALME VILLA CONSTITUCIÓN,Constitución,S/D,S/D,VI,S/D,S/D,S/D,S/D,S/D,S/D,S/D,S/D,S/D,S/D,S/D,Colisión,S/D,S/D,S/D,S/D
2018,8844,2018-10-08,Lunes,0,20:45:00,,0.0,2,"Automóvil,Bicicleta",Montevideo Y Maipu,2,1,0,0,1,0,0,"-32.956611111111,-60.637833333333",Calle,,ROSARIO,Rosario,S/D,S/D,II,S/D,Urbana,S/D,S/D,Intersección,S/D,S/D,"Nocturna,Con luz artificial",S/D,S/D,Ciclista,Atropello,S/D,S/D,S/D,S/D
2018,8845,2018-02-10,Sabado,0,18:00:00,,0.0,2,"Moto/Ciclomotor,Automóvil", ,2,0,0,1,0,0,1,"-32.99638, -60.77177",S/D,,PÉREZ,Rosario,S/D,S/D,II,S/D,S/D,S/D,S/D,S/D,S/D,S/D,S/D,S/D,S/D,S/D,Colisión,S/D,S/D,S/D,S/D
2018,8846,2018-10-08,Lunes,0,16:45:00,,0.0,2,"Peatón,Moto/Ciclomotor",3 De Febrero Y Maipu,2,1,0,0,0,0,1,"-32.953277777778,-60.636916666667",Calle,,ROSARIO,Rosario,S/D,S/D,II,S/D,Urbana,Paso Peatonal,Funciona,Intersección,S/D,S/D,Diurna,S/D,S/D,Peatón,Atropello,S/D,S/D,S/D,S/D
2018,8847,2018-02-13,Martes,0,19:00:00,,0.0,2,"Automóvil,Otros",Bv. Segui Y Garzon,2,1,0,0,0,0,1,"-32.970805555556,-60.7045",Calle,,ROSARIO,Rosario,S/D,S/D,II,S/D,Urbana,S/D,S/D,Intersección,S/D,S/D,S/D,S/D,S/D,S/D,Colisión,S/D,S/D,S/D,S/D
2018,8848,2018-10-08,Lunes,0,14:00:00,,0.0,2,"Moto/Ciclomotor,Automóvil",Av. Kennedy Y Gianneo,2,1,0,0,1,0,0,"-32.889638888889,-60.711861111111",Calle,,ROSARIO,Rosario,Asfalto,No existe,II,Dentro,Urbana,Ninguna,No existe,Intersección,Bueno,Buena,Diurna,Buen Tiempo,S/D,S/D,Colisión,Ninguna,Faltante,Ninguna,Sin restricción
2018,8849,2018-06-06,Miercoles,0,06:15:00,,0.0,2,"Bicicleta,Otros",Godoy Cruz 8000,2,0,0,1,0,0,1,"-32.89052, -60.69718",Calle,,ROSARIO,Rosario,S/D,S/D,II,S/D,Urbana,S/D,S/D,Recta,S/D,S/D,S/D,S/D,S/D,Ciclista,Atropello,S/D,S/D,S/D,S/D
2018,8850,2018-10-08,Lunes,0,15:15:00,,0.0,2,"Bicicleta,Automóvil",J.M.de Rosas Y Cochabamba,2,1,0,0,1,0,0,"-32.959666666667,-60.634277777778",Calle,,ROSARIO,Rosario,Asfalto,S/D,II,Dentro,Urbana,Ninguna,S/D,Intersección,Bueno,Buena,Diurna,Buen Tiempo,Lateral,Ciclista,Atropello,Ninguna,S/D,Ninguna,Sin restricción
2018,8851,2018-10-08,Lunes,0,14:10:00,Ruta Nacional 11,0.0,1,Automóvil, ,4,3,1,0,0,0,0,"-30.58458, -60.46884",Ruta,11,MARCELINO ESCALADA,San Justo,Asfalto,Natural,XVI,Fuera,Rural,Ninguna,No existe,Recta,Bueno,Buena,Diurna,Buen Tiempo,S/D,S/D,Vuelco,Otro,Faltante,Línea divisoria pintada,Sin restricción
2018,8852,2018-10-09,Martes,0,20:45:00,,0.0,2,"Bicicleta,Automóvil",Montevideo Y Maipu,2,1,0,0,1,0,0,"-32.956611111111,-60.637833333333",Calle,,ROSARIO,Rosario,Asfalto,No existe,II,Dentro,Urbana,S/D,S/D,Intersección,Bueno,S/D,Nocturna,S/D,S/D,Ciclista,Atropello,S/D,S/D,S/D,S/D
2018,8853,2018-09-17,Lunes,0,15:10:00,Ruta Nacional 34,16.0,2,"Pickup/Utilitario,Automóvil", ,3,1,1,0,1,0,0,"-32.807636397144, -60.863478984801",Ruta,34,RICARDONE,San Lorenzo,Asfalto,Natural,XVII,Dentro,Urbana,S/D,S/D,Recta,Bueno,Buena,Diurna,Buen Tiempo,Lateral,S/D,Colisión,Ninguna,Vertical,Ninguna,S/D