anio_acci,nro_acci,fecha,desc_dia,fecha_aprox,hora_aprox,desc_ruta,km,cant_participantes,desc_participante,calle_avenida_km,total,heridos_leves,heridos_graves,heridos_gravisimos,ilesos,fallecidos,sin_datos,posicion_XY,desc_tipo_via,desc_ruta_ori,desc_loc,desc_dpto,desc_tipo_calzada,desc_tipo_banquina,desc_unidad_regional,desc_lugar_calzada,desc_zona,desc_prioridad,desc_estado_semaforo,desc_lugar_via,desc_estado_via,desc_estado_visibilidad,desc_luminosidad,desc_estado_clima,desc_tipo_colision,desc_tipo_atropello,desc_tipo_hecho,desc_pres_calzada,desc_senializacion,desc_separacion_via,desc_restriccion
2018,8854,2018-02-22,Jueves,0,17:00:00,,0.0,2,"Vehículo Oficial,Moto/Ciclomotor",GÁLVEZ Y Rio De Janeiro,2,0,0,0,1,1,0,"-32.961166666667,-60.686111111111",Calle,,ROSARIO,Rosario,Asfalto,No existe,II,Dentro,Urbana,Ninguna,No existe,Intersección,Bueno,S/D,Diurna,S/D,S/D,S/D,Colisión,Ninguna,Faltante,Ninguna,Sin restricción
2018,8855,2018-09-27,Jueves,0,11:05:00,,0.0,2,"Moto/Ciclomotor,Automóvil",Urquiza Y Castellanos,4,3,0,0,1,0,0,"-32.936328, -60.674185",Calle,,ROSARIO,Rosario,Asfalto,No existe,II,Dentro,Urbana,Ninguna,No existe,Intersección,Bueno,Buena,Diurna,Buen Tiempo,S/D,S/D,Colisión,Ninguna,Faltante,Ninguna,Sin restricción
2018,8856,2018-09-19,Miercoles,0,19:30:00,,0.0,2,"Moto/Ciclomotor,Automóvil",General Richieri Y Brown,3,2,0,0,1,0,0,"-32.798606, -60.724345",Calle,,FRAY LUIS BELTRÁN,San Lorenzo,Asfalto,No existe,XVII,Dentro,Urbana,Ninguna,No existe,Recta,Bueno,Buena,Atardecer,Buen Tiempo,Lateral,S/D,Colisión,Ninguna,Faltante,Ninguna,Sin restricción
2018,8857,2018-09-18,Martes,0,19:00:00,,0.0,2,"Automóvil,Moto/Ciclomotor",Ayacucho Y Av Gral Savio,2,1,0,0,1,0,0,"-32.783455, -60.731828",Avenida,,FRAY LUIS BELTRÁN,San Lorenzo,Asfalto,No existe,XVII,Dentro,Urbana,Ninguna,No existe,Intersección,Bueno,Buena,Atardecer,Buen Tiempo,Lateral,S/D,Colisión,Ninguna,Faltante,Ninguna,Sin restricción
2018,8858,2018-09-25,Martes,0,13:25:00,,0.0,2,"Moto/Ciclomotor,Automóvil",Catamarca Y Rodriguez,2,1,0,0,1,0,0,"-32.936919, -60.657263",Calle,,ROSARIO,Rosario,Asfalto,No existe,II,Dentro,Urbana,Ninguna,No existe,Intersección,Bueno,Buena,Diurna,Buen Tiempo,De alcance,S/D,Colisión,Ninguna,Faltante,Ninguna,Sin restricción
2018,8859,2018-09-15,Sabado,0,12:30:00,Ruta Nacional 11,0.0,2,"Otros,Otros",Av San Martin Y Pte Peron,2,0,0,0,0,0,2,"-32.792663, -60.723419",Ruta,11,FRAY LUIS BELTRÁN,San Lorenzo,Asfalto,No existe,XVII,Dentro,Urbana,Ninguna,No existe,S/D,S/D,S/D,Diurna,Buen Tiempo,S/D,S/D,Colisión,S/D,Faltante,Ninguna,Sin restricción
2018,8860,2018-09-24,Lunes,0,10:30:00,,0.0,2,"Automóvil,Automóvil",Diaz Velez Bis Y Velez Sarsfield,3,1,0,0,2,0,0,"-32.925102, -60.684697",Calle,,ROSARIO,Rosario,Asfalto,No existe,II,Dentro,Urbana,Ninguna,No existe,Recta,Bueno,Buena,Diurna,Buen Tiempo,Lateral,S/D,Colisión,Ninguna,Faltante,Ninguna,Sin restricción
2018,8861,2018-09-12,Miercoles,0,20:50:00,Ruta Nacional 11,0.0,2,"Moto/Ciclomotor,Automóvil",Av San Martin 1700,3,2,0,0,1,0,0,"-32.785145329771, -60.725691594904",Ruta,11,FRAY LUIS BELTRÁN,San Lorenzo,Asfalto,No existe,XVII,Dentro,Urbana,Ninguna,No existe,Recta,Bueno,Buena,"Nocturna,Con luz artificial",Buen Tiempo,Lateral,S/D,Colisión,Ninguna,Faltante,Ninguna,Sin restricción
2018,8862,2018-09-01,Sabado,0,14:50:00,,0.0,2,"Moto/Ciclomotor,Automóvil",Casilda Y Florida,3,1,0,0,2,0,0,"-32.928302, -60.683225",Calle,,ROSARIO,Rosario,Asfalto,No existe,II,Dentro,Urbana,Ninguna,No existe,Recta,Bueno,Buena,Diurna,Buen Tiempo,S/D,S/D,Colisión,Ninguna,Faltante,Ninguna,Sin restricción
2018,8863,2018-09-09,Domingo,0,20:10:00,Ruta Nacional 11,0.0,2,"Moto/Ciclomotor,Automóvil",Av San Martin Y Maestra Barragan - Ex Bs.As.,3,2,0,0,0,0,1,"-32.788950, -60.724539",Ruta,11,FRAY LUIS BELTRÁN,San Lorenzo,Asfalto,No existe,XVII,Dentro,Urbana,Ninguna,No existe,Recta,Bueno,S/D,Nocturna,Buen Tiempo,Lateral,S/D,Colisión,Ninguna,Faltante,Línea divisoria pintada,Sin restricción
2018,8864,2018-09-04,Martes,0,09:00:00,,0.0,2,"Pickup/Utilitario,Automóvil",Albert Sabin Y Av. Alberdi Bis,2,1,0,0,1,0,0,"-32.929999, -60.673905",Calle,,ROSARIO,Rosario,Asfalto,No existe,II,Dentro,Urbana,Semáforo,Funciona,Recta,Bueno,Buena,Diurna,Buen Tiempo,S/D,S/D,Colisión,Ninguna,"Horizontal,Vertical","Cordón divisorio,Vegetación,Línea divisoria pintada",Sin restricción
2018,8865,2018-09-02,Domingo,0,16:00:00,,0.0,2,"Moto/Ciclomotor,Automóvil",Buenos Aires Y Sgto Cabral,5,2,0,0,3,0,0,"-32.712051, -60.735138",Calle,,PUERTO SAN MARTÍN,San Lorenzo,Asfalto,No existe,XVII,Dentro,Urbana,Ninguna,No existe,Intersección,Bueno,Buena,Diurna,Buen Tiempo,Lateral,S/D,Colisión,Ninguna,Faltante,Ninguna,Sin restricción
2018,8866,2018-09-07,Viernes,0,23:55:00,,0.0,2,"Automóvil,Bicicleta",Mar del Plata Y Humberto I,2,1,0,0,1,0,0,"-32.929631, -60.681830",Calle,,ROSARIO,Rosario,Asfalto,No existe,II,Dentro,Urbana,Ninguna,No existe,Intersección,Bueno,Buena,Nocturna,Buen Tiempo,S/D,Ciclista,Atropello,Ninguna,Faltante,Ninguna,Sin restricción
2018,8867,2018-09-20,Jueves,0,13:00:00,,0.0,2,"Automóvil,Moto/Ciclomotor",Av. Luis Carballo Y Rawson Bis,2,1,0,0,1,0,0,"-32.921931, -60.669417",Avenida,,ROSARIO,Rosario,Asfalto,No existe,II,Dentro,Urbana,Semáforo,Funciona,Intersección,Bueno,Buena,Diurna,Buen Tiempo,De alcance,S/D,Colisión,Ninguna,"Horizontal,Vertical","Cordón divisorio,Vegetación,Línea divisoria pintada",Sin restricción
2018,8868,2018-09-06,Jueves,0,18:05:00,Ruta Nacional 175,0.0,2,"Moto/Ciclomotor,Moto/Ciclomotor",Cordoba Y Reconquista,2,1,0,0,1,0,0,"-32.716206, -60.738477",Ruta,175,PUERTO SAN MARTÍN,San Lorenzo,Asfalto,No existe,XVII,Dentro,Urbana,Paso Peatonal,No existe,Intersección,Bueno,Buena,Diurna,Buen Tiempo,Lateral,S/D,Colisión,Ninguna,Horizontal,Ninguna,Sin restricción
2018,8869,2018-09-21,Viernes,0,01:00:00,,0.0,2,"Automóvil,Moto/Ciclomotor",Albert Sabin Y Velez Sarsfield,4,1,0,0,3,0,0,"-32.925051, -60.682126",Avenida,,ROSARIO,Rosario,Asfalto,No existe,II,Dentro,Urbana,Semáforo,Funciona,Intersección,Bueno,Buena,"Nocturna,Con luz artificial",Buen Tiempo,Lateral,S/D,Colisión,Ninguna,"Horizontal,Vertical","Cordón divisorio,Línea divisoria pintada",Sin restricción
2018,8870,2018-09-17,Lunes,0,18:45:00,,0.0,2,"Moto/Ciclomotor,Pickup/Utilitario",Juana Manzo Y Iguazu,3,2,0,0,1,0,0,"-32.706768, -60.744860",Calle,,PUERTO SAN MARTÍN,San Lorenzo,Asfalto,No existe,XVII,Dentro,Urbana,Ninguna,No existe,Intersección,Bueno,Buena,Atardecer,Buen Tiempo,Lateral,S/D,Colisión,Ninguna,Faltante,Ninguna,Sin restricción
2018,8871,2018-09-18,Martes,0,13:40:00,,0.0,2,"Moto/Ciclomotor,Moto/Ciclomotor",Jujuy Y Sgto Cabral,3,1,0,0,2,0,0,"-32.713000, -60.735356",Calle,,PUERTO SAN MARTÍN,San Lorenzo,Asfalto,No existe,XVII,Dentro,Urbana,Ninguna,No existe,Intersección,Bueno,Buena,Diurna,Buen Tiempo,Lateral,S/D,Colisión,Ninguna,Faltante,Ninguna,Sin restricción
2018,8872,2018-09-22,Sabado,0,20:15:00,,0.0,2,"Automóvil,Moto/Ciclomotor",Pje. Franchini Bis Y Av. Luis Carballo,2,1,0,0,1,0,0,"-32.921885, -60.670244",Avenida,,ROSARIO,Rosario,Asfalto,No existe,II,Dentro,Urbana,Señal Pare,No existe,Intersección,Bueno,Buena,Diurna,Buen Tiempo,De alcance,S/D,Colisión,Ninguna,"Horizontal,Vertical","Cordón divisorio,Vegetación,Línea divisoria pintada",Sin restricción
2018,8873,2018-09-23,Domingo,0,04:30:00,,0.0,2,"Automóvil,Automóvil",Av. Francia Y Albert Sabin,3,1,0,0,2,0,0,"-32.929729, -60.662717",Avenida,,ROSARIO,Rosario,Asfalto,No existe,II,Dentro,Urbana,Ninguna,No existe,Intersección,Bueno,Buena,Amanecer,S/D,De alcance,S/D,Colisión,Ninguna,Faltante,Cordón divisorio,Sin restricción
2018,8874,2018-09-02,Domingo,0,19:40:00,Ruta Nacional 9,336.0,1,Moto/Ciclomotor, ,1,0,1,0,0,0,0,"-32.890177124126, -60.995009527872",Ruta,9,SAN JERÓNIMO SUR,San Lorenzo,Ripio,Ripio,XVII,Fuera,Rural,Ninguna,No existe,Recta,Con baches,Reducida,Nocturna,Buen Tiempo,Otro,S/D,Otro,Ninguna,Faltante,Línea divisoria pintada,Sin restricción
2018,8875,2018-09-27,Jueves,0,10:55:00,Autopista Nacional Rosario -Cordoba,0.0,2,"Pickup/Utilitario,Automóvil", ,3,1,1,0,1,0,0,"-32.901565, -61.026159",Autopista,Rosario -Córdoba,SAN JERÓNIMO SUR,San Lorenzo,Hormigón,Ripio,XVII,Dentro,Rural,Ninguna,No existe,Intersección,Bueno,Buena,Diurna,Buen Tiempo,Lateral,S/D,Colisión,Ninguna,Faltante,Línea divisoria pintada,Sin restricción
2018,8876,2018-09-04,Martes,0,09:20:00,Ruta Secundaria 17-s,22.0,2,"Moto/Ciclomotor,Tractor", ,2,0,0,1,1,0,0,"-33.163151918958, -61.069464410237",Ruta,17-s,FUENTES,San Lorenzo,Asfalto,Natural,XVII,Dentro,Rural,Ninguna,No existe,Recta,Bueno,Reducida,Diurna,Niebla,De alcance,S/D,Colisión,Ninguna,Horizontal,Línea divisoria pintada,Sin restricción
2018,8877,2018-09-01,Sabado,0,17:45:00,,0.0,2,"Moto/Ciclomotor,Automóvil",Jose Ingenieros Y Ferreyra,3,1,0,0,2,0,0,"-32.916141, -60.680321",Calle,,ROSARIO,Rosario,Asfalto,No existe,II,Dentro,Urbana,Ninguna,No existe,Intersección,Bueno,Buena,Diurna,Buen Tiempo,S/D,S/D,Colisión,Ninguna,Faltante,Ninguna,Sin restricción
2018,8878,2018-09-15,Sabado,0,06:20:00,Ruta Nacional 33,760.0,2,"Camión c / Acoplado,Pickup/Utilitario", ,3,1,0,0,2,0,0,"-33.017450296680, -60.993923650696",Ruta,33,PUJATO,San Lorenzo,Asfalto,Natural,XVII,Dentro,Rural,Ninguna,No existe,Recta,Bueno,Reducida,Nocturna,Niebla,Lateral,S/D,Colisión,Agua,Horizontal,Línea divisoria pintada,Sin restricción
2018,8879,2018-09-18,Martes,0,21:00:00,,0.0,2,"Camión Chasis,Peatón",J.J.Paso Y Florida,2,1,0,0,1,0,0,"-32.919364, -60.683612",Calle,,ROSARIO,Rosario,Asfalto,No existe,II,Dentro,Urbana,Ninguna,No existe,Intersección,Bueno,Buena,"Nocturna,Con luz artificial",Buen Tiempo,S/D,Peatón,Atropello,Ninguna,Faltante,Ninguna,Sin restricción
2018,8880,2018-09-24,Lunes,0,16:10:00,,0.0,2,"Automóvil,Moto/Ciclomotor",Av. Luis Carballo Y Gorriti,2,1,0,0,1,0,0,"-32.923029, -60.666114",Avenida,,ROSARIO,Rosario,Hormigón,No existe,II,Dentro,Urbana,Ninguna,No existe,Intersección,Bueno,Buena,Diurna,Buen Tiempo,S/D,S/D,Colisión,Ninguna,Horizontal,"Cordón divisorio,Vegetación,Línea divisoria pintada",Sin restricción
2018,8881,2018-09-17,Lunes,0,11:30:00,,0.0,2,"Moto/Ciclomotor,Pickup/Utilitario",Dorrego Y Silverio Cordoba,2,1,0,0,1,0,0,"-32.736100, -60.736806",Calle,,SAN LORENZO,San Lorenzo,Asfalto,No existe,XVII,Dentro,Urbana,Ninguna,No existe,Intersección,Bueno,Buena,Diurna,Buen Tiempo,Lateral,S/D,Colisión,Ninguna,Faltante,Ninguna,Sin restricción
2018,8882,2018-09-14,Viernes,0,11:00:00,,0.0,2,"Bicicleta,Automóvil",J.B.Justo 1700,2,1,0,0,1,0,0,"-32.914162, -60.687016",Calle,,ROSARIO,Rosario,Asfalto,No existe,II,Dentro,Urbana,Ninguna,No existe,Recta,Bueno,Buena,Nocturna,Buen Tiempo,S/D,Ciclista,Atropello,Ninguna,Faltante,Ninguna,Sin restricción
2018,8883,2018-09-02,Domingo,0,19:15:00,Ruta Nacional 11,0.0,2,"Moto/Ciclomotor,Transporte de Pasajeros",Ruta Nac 11 Y Genaro ROLDÁN,3,2,0,0,1,0,0,"-32.731441, -60.742544",Ruta,11,SAN LORENZO,San Lorenzo,Asfalto,No existe,XVII,Dentro,Urbana,Semáforo,Funciona,Intersección,Bueno,Buena,Atardecer,S/D,Lateral,S/D,Colisión,Ninguna,Vertical,Ninguna,S/D
2018,8884,2018-09-02,Domingo,0,16:30:00,,0.0,2,"Automóvil,Moto/Ciclomotor",Mariano Cabal Bis 969,2,1,0,0,1,0,0,"-32.917119, -60.702733",Calle,,ROSARIO,Rosario,Asfalto,No existe,II,Dentro,Urbana,Ninguna,No existe,Recta,Bueno,Buena,Diurna,Buen Tiempo,De alcance,S/D,Colisión,Ninguna,Faltante,Ninguna,Sin restricción
2018,8885,2018-09-20,Jueves,0,20:10:00,,0.0,2,"Moto/Ciclomotor,Pickup/Utilitario",Pje. Cafayate Bis Y J.B.Justo,3,2,0,0,1,0,0,"-32.914889, -60.711066",Calle,,ROSARIO,Rosario,Asfalto,No existe,II,Dentro,Urbana,Ninguna,No existe,Intersección,Bueno,Buena,"Nocturna,Con luz artificial",Buen Tiempo,S/D,S/D,Colisión,Ninguna,Faltante,Ninguna,Sin restricción
2018,8886,2018-11-16,Viernes,0,15:25:00,,0.0,2,"Taxi/Remis,Bicicleta",Cordoba Y Pueyrredon,2,1,0,0,1,0,0,"-32.942972222222,-60.657388888889",Calle,,ROSARIO,Rosario,S/D,S/D,II,S/D,Urbana,Semáforo,Funciona,Intersección,Bueno,S/D,Diurna,S/D,S/D,Ciclista,Atropello,Ninguna,S/D,S/D,S/D
2018,8887,2018-10-09,Martes,0,,,0.0,1,Moto/Ciclomotor,Colon ,1,1,0,0,0,0,0,"-32.03289, -61.21682",Calle,,GÁLVEZ,San Jerónimo,Asfalto,No existe,XV,S/D,Urbana,S/D,S/D,Intersección,S/D,S/D,S/D,S/D,S/D,S/D,Caída ocupante,S/D,S/D,S/D,Sin restricción
2018,8888,2018-11-16,Viernes,0,20:30:00,,0.0,1,Transporte de Pasajeros Urbano (> 8 asientos), ,2,1,0,0,0,0,1,"-32.95846, -60.69045",S/D,,ROSARIO,Rosario,S/D,S/D,II,S/D,Urbana,S/D,S/D,S/D,S/D,S/D,S/D,S/D,S/D,S/D,Caída ocupante,S/D,S/D,S/D,S/D
2018,8889,2018-10-09,Martes,0,07:15:00,Ruta Nacional 11,485.0,1,Moto/Ciclomotor,Avda. Argentina ,1,1,0,0,0,0,0,"-31.85928, -60.88404",Ruta,11,DESVÍO ARIJÓN,San Jerónimo,Ripio,Natural,XV,S/D,Urbana,Ninguna,No existe,Recta,S/D,S/D,Diurna,S/D,S/D,S/D,"Caída ocupante,Despiste",Material Suelto,S/D,S/D,Sin restricción
2018,8890,2018-11-15,Jueves,0,20:05:00,,0.0,2,"Moto/Ciclomotor,Moto/Ciclomotor",Montevideo Y Balcarce,2,1,0,0,1,0,0,"-32.953666666667,-60.654388888889",Calle,,ROSARIO,Rosario,S/D,S/D,II,S/D,Urbana,S/D,S/D,Intersección,S/D,S/D,"Nocturna,Con luz artificial",S/D,S/D,S/D,Colisión,S/D,S/D,S/D,S/D
2018,8891,2018-10-10,Miercoles,0,,Ruta Nacional 11,447.0,2,"Moto/Ciclomotor,Pickup/Utilitario",Av L de la Torre-Ruta Nac 11 ,2,1,0,0,1,0,0,"-31.9748, -60.92712",Ruta,11,CORONDA,San Jerónimo,Asfalto,S/D,XV,Dentro,S/D,Ninguna,S/D,Recta,S/D,S/D,S/D,S/D,S/D,S/D,Colisión,S/D,S/D,S/D,Sin restricción
2018,8892,2018-11-14,Miercoles,0,11:50:00,Ruta Nacional 178,0.0,2,"Moto/Ciclomotor,Moto/Ciclomotor",RUTA NACIONAL 178 Y BV. 5,2,1,1,0,0,0,0,"-32.69084, -61.52364",Ruta,178,LAS PAREJAS,Belgrano,Asfalto,S/D,III,S/D,Urbana,Ninguna,S/D,Recta,Bueno,S/D,Diurna,Buen Tiempo,Lateral,S/D,Colisión,Ninguna,Horizontal,Ninguna,Sin restricción
2018,8893,2018-10-10,Miercoles,0,15:25:00,Autopista Provincial Brigadier E.López,123.0,1,Pickup/Utilitario, ,1,1,0,0,0,0,0,"-31.86974, -60.89595",Autopista,Brigadier E.López,DESVÍO ARIJÓN,San Jerónimo,Asfalto,Pavimento,XV,Fuera,Rural,Ninguna,No existe,Recta,Bueno,S/D,Diurna,S/D,S/D,S/D,"Vuelco,Despiste",S/D,S/D,Vegetación,Sin restricción
2018,8894,2018-11-09,Viernes,0,04:00:00,,0.0,1,Pickup/Utilitario, ,1,1,0,0,0,0,0,"-32.70949, -61.50389",Camino Rural,,LAS PAREJAS,Belgrano,Tierra,No existe,III,S/D,Rural,Ninguna,No existe,Recta,S/D,Reducida,Nocturna,S/D,Otro,S/D,Vuelco,S/D,Faltante,Ninguna,Sin restricción
2018,8895,2018-10-01,Lunes,0,,,0.0,2,"Automóvil,Moto/Ciclomotor", ,3,2,0,0,1,0,0,"-31.6107, -60.698",S/D,,SANTA FE,La Capital,S/D,S/D,I,S/D,S/D,S/D,S/D,S/D,S/D,S/D,S/D,S/D,S/D,S/D,S/D,S/D,S/D,S/D,S/D
2018,8896,2018-11-14,Miercoles,0,23:10:00,,0.0,2,"Moto/Ciclomotor,Moto/Ciclomotor",Florida Y Velez Sarsfield,2,1,0,0,1,0,0,"-32.925055555556,-60.683305555556",Calle,,ROSARIO,Rosario,S/D,No existe,II,S/D,Urbana,Ninguna,No existe,Recta,Otro,Buena,Nocturna,Buen Tiempo,Otro,S/D,Colisión,Ninguna,Faltante,Ninguna,Sin restricción
2018,8897,2018-10-10,Miercoles,0,,,0.0,1,Pickup/Utilitario,Calle sin nombre ,2,2,0,0,0,0,0,"-31.89431, -61.85915",Camino Rural,,SAN JORGE,San Martín,Tierra,Natural,XVII,Fuera,Rural,Ninguna,No existe,Recta,S/D,S/D,S/D,S/D,S/D,S/D,Despiste,S/D,S/D,S/D,Sin restricción
2018,8898,2018-10-01,Lunes,0,09:00:00,,0.0,2,"Moto/Ciclomotor,Transporte de Pasajeros (H/ 8 asientos)",San Martin Y Obispo Gelabert,2,1,0,0,1,0,0,"-31.636805555556,-60.703583333333",Calle,,SANTA FE,La Capital,Asfalto,No existe,I,S/D,Urbana,Ninguna,No existe,Intersección,Bueno,Buena,S/D,Buen Tiempo,Frontal,S/D,Colisión,Ninguna,Vertical,Ninguna,Sin restricción
2018,8899,2018-11-06,Martes,0,13:35:00,,0.0,2,"Moto/Ciclomotor,Moto/Ciclomotor",Buenos Aires Y Junin,2,1,0,0,0,0,1,"-32.71158, -60.73846",Calle,,PUERTO SAN MARTÍN,San Lorenzo,Asfalto,No existe,XVII,Dentro,Urbana,Ninguna,No existe,Intersección,Bueno,Buena,Diurna,Buen Tiempo,Lateral,S/D,Colisión,Ninguna,Faltante,Ninguna,Sin restricción
2018,8900,2018-11-09,Viernes,0,17:00:00,,0.0,3,"Automóvil,Automóvil,Moto/Ciclomotor",Av. Luis Carballo Y Bv. Avellaneda,4,2,0,0,2,0,0,"-32.921972222222,-60.674722222222",Calle,,ROSARIO,Rosario,Hormigón,S/D,II,S/D,Urbana,Semáforo,Funciona,Intersección,Bueno,Reducida,Diurna,Buen Tiempo,Múltiple,S/D,Colisión,Agua,"Horizontal,Vertical",Ninguna,S/D
2018,8901,2018-10-11,Jueves,0,16:30:00,,0.0,2,"Vehículo Oficial,Moto/Ciclomotor",Junin Y Mar del Plata,2,1,0,0,1,0,0,"-32.92678, -60.6819",Calle,,ROSARIO,Rosario,Asfalto,No existe,II,Dentro,Urbana,S/D,No existe,Intersección,Bueno,S/D,Diurna,S/D,Lateral,S/D,Colisión,S/D,S/D,S/D,Sin restricción
2018,8902,2018-11-06,Martes,0,09:45:00,,0.0,2,"Automóvil,Moto/Ciclomotor",America Y Rosario,2,1,0,0,1,0,0,"-32.70588, -60.74245",Calle,,PUERTO SAN MARTÍN,San Lorenzo,Asfalto,No existe,XVII,Dentro,Urbana,Ninguna,No existe,Intersección,Bueno,Buena,Diurna,Buen Tiempo,Lateral,S/D,Colisión,Ninguna,Faltante,Ninguna,Sin restricción
2018,8903,2018-11-10,Sabado,0,10:00:00,,0.0,2,"Vehículo Oficial,Pickup/Utilitario",GÁLVEZ Y Paraguay,3,1,0,0,2,0,0,"-32.96775,-60.649361111111",Calle,,ROSARIO,Rosario,S/D,S/D,II,S/D,Urbana,S/D,S/D,Intersección,S/D,S/D,S/D,S/D,S/D,S/D,Colisión,S/D,S/D,S/D,S/D
2018,8904,2018-11-09,Viernes,0,14:40:00,,0.0,2,"Automóvil,Moto/Ciclomotor",Alvear Y Jujuy,3,1,0,0,2,0,0,"-32.935305555556,-60.652611111111",Calle,,ROSARIO,Rosario,S/D,S/D,II,S/D,Urbana,S/D,No existe,Intersección,S/D,Buena,Diurna,S/D,S/D,S/D,Colisión,Ninguna,S/D,S/D,S/D
2018,8905,2018-11-05,Lunes,0,18:20:00,,0.0,2,"Automóvil,Moto/Ciclomotor",Bv San Martin Y Cayetano Nerbutti,2,1,0,0,1,0,0,"-32.71841, -60.73137",Calle,,PUERTO SAN MARTÍN,San Lorenzo,Asfalto,No existe,XVII,Dentro,Urbana,Ninguna,No existe,Intersección,Bueno,S/D,Diurna,Buen Tiempo,Lateral,S/D,Colisión,Ninguna,Faltante,Ninguna,Sin restricción
2018,8906,2018-10-09,Martes,0,17:45:00,,0.0,1,Moto/Ciclomotor,Av. Pellegrini ,2,1,1,0,0,0,0,"-32.95216, -60.66992",Calle,,ROSARIO,Rosario,Asfalto,No existe,II,Dentro,Urbana,S/D,S/D,Intersección,S/D,S/D,Diurna,S/D,S/D,S/D,"Caída ocupante,Despiste",S/D,S/D,Línea divisoria pintada,Sin restricción
2018,8907,2018-11-04,Domingo,0,22:30:00,Autopista Provincial Brigadier E.López,59.0,1,Pickup/Utilitario, ,4,4,0,0,0,0,0,"-32.46171, -60.91623",Autopista,Brigadier E.López,MACIEL,San Jerónimo,Asfalto,Natural,XV,Fuera,Rural,Ninguna,No existe,Recta,Bueno,Reducida,Nocturna,Buen Tiempo,Otro,S/D,"Vuelco,Despiste",Ninguna,S/D,Vegetación,S/D
2018,8908,2018-11-09,Viernes,0,20:00:00,,0.0,2,"Moto/Ciclomotor,Automóvil",Av. Battle y Ordo?ez Y Melincue,3,1,0,1,1,0,0,"-33.008916666667,-60.647611111111",Calle,,ROSARIO,Rosario,Asfalto,No existe,II,S/D,Urbana,Ninguna,No existe,Intersección,Bueno,Buena,Nocturna,Buen Tiempo,Lateral,S/D,Colisión,Ninguna,Faltante,Ninguna,Sin restricción
2018,8909,2018-11-02,Viernes,0,18:00:00,,0.0,2,"Pickup/Utilitario,Moto/Ciclomotor",ZONA RURAL DE PROGRESO ,2,1,0,0,1,0,0,"-31.1368, -60.98943",Camino Rural,,PROGRESO,Las Colonias,Ripio,Natural,XI,S/D,Rural,Ninguna,No existe,Intersección,Bueno,Buena,Diurna,Buen Tiempo,Frontal,S/D,Colisión,Ninguna,Faltante,Ninguna,Sin restricción
2018,8910,2018-11-05,Lunes,0,23:40:00,Autov?a Nacional 11,23.0,1,Camión c / Semirremolque, ,1,1,0,0,0,0,0,"-31.6426, -60.93891",Autovía,11,SAN AGUSTÍN,Las Colonias,Asfalto,Natural,XI,S/D,Urbana,Ninguna,No existe,Recta,Bueno,Reducida,Nocturna,Buen Tiempo,Lateral,S/D,Despiste,Fluidos,Faltante,Línea divisoria pintada,Accidente Previo
2018,8912,2018-09-28,Viernes,0,03:10:00,,0.0,2,"Automóvil,Moto/Ciclomotor",GÁLVEZ Y Independencia,4,2,0,0,2,0,0,"-32.893876, -60.905815",Calle,,ROLDÁN,San Lorenzo,Asfalto,No existe,XVII,Dentro,Urbana,Ninguna,No existe,Intersección,Bueno,Buena,"Nocturna,Con luz artificial",Buen Tiempo,Lateral,S/D,Colisión,Ninguna,Faltante,Ninguna,Sin restricción
2018,8913,2018-09-19,Miercoles,0,18:30:00,Ruta Nacional 9,0.0,2,"Automóvil,Pickup/Utilitario",Ruta Nacional 9 Y Belgrano,2,1,0,0,1,0,0,"-32.905754, -60.907388",Ruta,9,ROLDÁN,San Lorenzo,"Asfalto,Ripio",Ripio,XVII,Dentro,Urbana,Ninguna,No existe,Intersección,Bueno,Buena,Diurna,Buen Tiempo,Lateral,S/D,Colisión,Ninguna,Faltante,Línea divisoria pintada,Sin restricción
2018,8914,2018-09-15,Sabado,0,05:15:00,Ruta Nacional 9,0.0,1,Moto/Ciclomotor,Ruta Nacional 9 ,1,1,0,0,0,0,0,"-32.907970, -60.895956",Ruta,9,ROLDÁN,San Lorenzo,Asfalto,Ripio,XVII,Dentro,Urbana,Ninguna,No existe,Intersección,Bueno,Buena,"Nocturna,Con luz artificial",Buen Tiempo,S/D,S/D,Despiste,Ninguna,Faltante,Ninguna,Sin restricción
2018,8915,2018-09-14,Viernes,0,14:05:00,,0.0,1,Moto/Ciclomotor,FRAY LUIS BELTRÁN Y Mendoza,1,1,0,0,0,0,0,"-32.896350, -60.910716",Calle,,ROLDÁN,San Lorenzo,Asfalto,No existe,XVII,Dentro,Urbana,Ninguna,No existe,Intersección,Bueno,Buena,Diurna,Buen Tiempo,S/D,S/D,Despiste,Ninguna,Faltante,Ninguna,Sin restricción
2018,8916,2018-09-12,Miercoles,0,20:40:00,,0.0,2,"Automóvil,Moto/Ciclomotor",Independencia 742,3,2,0,0,1,0,0,"-32.890922, -60.905067",Calle,,ROLDÁN,San Lorenzo,Ripio,No existe,XVII,Dentro,Urbana,Ninguna,No existe,Recta,Bueno,Buena,"Nocturna,Con luz artificial",Buen Tiempo,Lateral,S/D,Colisión,Ninguna,Faltante,Ninguna,Sin restricción
2018,8917,2018-09-08,Sabado,0,22:00:00,Ruta Nacional 9,0.0,2,"Automóvil,Vehículo Oficial",Ruta Nacional 9 Y Docho,9,9,0,0,0,0,0,"-32.910412, -60.881377",Ruta,9,ROLDÁN,San Lorenzo,"Asfalto,Tierra",Ripio,XVII,Dentro,Urbana,Ninguna,No existe,Intersección,Bueno,Buena,"Nocturna,Con luz artificial",Buen Tiempo,Lateral,S/D,Colisión,Ninguna,Faltante,Ninguna,Sin restricción