anio_acci,nro_acci,fecha,desc_dia,fecha_aprox,hora_aprox,desc_ruta,km,cant_participantes,desc_participante,calle_avenida_km,total,heridos_leves,heridos_graves,heridos_gravisimos,ilesos,fallecidos,sin_datos,posicion_XY,desc_tipo_via,desc_ruta_ori,desc_loc,desc_dpto,desc_tipo_calzada,desc_tipo_banquina,desc_unidad_regional,desc_lugar_calzada,desc_zona,desc_prioridad,desc_estado_semaforo,desc_lugar_via,desc_estado_via,desc_estado_visibilidad,desc_luminosidad,desc_estado_clima,desc_tipo_colision,desc_tipo_atropello,desc_tipo_hecho,desc_pres_calzada,desc_senializacion,desc_separacion_via,desc_restriccion
2018,8918,2018-09-08,Sabado,0,14:35:00,,0.0,1,Moto/Ciclomotor,Francisco Ramirez 1300,2,2,0,0,0,0,0,"-32.911837, -60.903461",Calle,,ROLDÁN,San Lorenzo,Ripio,No existe,XVII,Dentro,Urbana,Ninguna,No existe,Recta,Bueno,Buena,Diurna,Buen Tiempo,S/D,S/D,Caída ocupante,Ninguna,Faltante,Ninguna,Sin restricción
2018,8919,2018-09-23,Domingo,0,08:00:00,Ruta Provincial 3,52.0,1,Automóvil, ,1,1,0,0,0,0,0,"-29.003651529576, -60.140853196721",Ruta,3,GARABATO,Vera,Asfalto,Natural,XIX,Dentro,Rural,Ninguna,No existe,Recta,"Bueno,Con baches",Buena,Diurna,Buen Tiempo,S/D,S/D,"Vuelco,Despiste",Ninguna,Faltante,Línea divisoria pintada,Sin restricción
2018,8920,2018-09-21,Viernes,0,20:05:00,Ruta Secundaria 83-s,0.0,2,"Moto/Ciclomotor,Pickup/Utilitario", ,3,0,1,0,2,0,0,"-28.946481174120, -60.255754053666",Ruta,83-s,POZO DE LOS INDIOS,Vera,Tierra,Natural,XIX,Dentro,Urbana,Ninguna,No existe,Recta,Bueno,Reducida polvo,Nocturna,Buen Tiempo,Frontal,S/D,Colisión,Ninguna,Faltante,Ninguna,Sin restricción
2018,8921,2018-09-22,Sabado,0,12:30:00,,0.0,2,"Automóvil,Bicicleta",Mitre Y Ituzaingo,2,1,0,0,1,0,0,"-29.883955898649, -60.289858925562",Calle,,CALCHAQUÍ,Vera,Asfalto,No existe,XIX,Dentro,Urbana,Ninguna,No existe,Intersección,Bueno,Buena,Diurna,Buen Tiempo,S/D,Ciclista,"Colisión,Atropello",Ninguna,Faltante,Ninguna,Sin restricción
2018,8922,2018-09-15,Sabado,0,11:55:00,,0.0,2,"Moto/Ciclomotor,Automóvil",Av. Provincias Unidas Y Jose Ingenieros,2,1,0,0,1,0,0,"-32.917123, -60.713750",Avenida,,ROSARIO,Rosario,Asfalto,No existe,II,Dentro,Urbana,Ninguna,No existe,Intersección,Bueno,Buena,Diurna,Buen Tiempo,Otro,S/D,Colisión,Ninguna,Faltante,Cordón divisorio,Sin restricción
2018,8923,2018-09-26,Miercoles,0,21:30:00,,0.0,2,"Moto/Ciclomotor,Moto/Ciclomotor",Mitre Y Pueyrredon,4,1,0,0,1,0,2,"-29.884588484470, -60.285678130887",Calle,,CALCHAQUÍ,Vera,Asfalto,No existe,XIX,Dentro,Urbana,Ninguna,No existe,Intersección,Bueno,Buena,"Nocturna,Con luz artificial",Buen Tiempo,Lateral,S/D,Colisión,Ninguna,Faltante,Ninguna,Sin restricción
2018,8924,2018-09-23,Domingo,0,18:20:00,,0.0,2,"Moto/Ciclomotor,Moto/Ciclomotor",J.J.Paso Y Olavarria Bis,5,3,0,0,2,0,0,"-32.919967, -60.704413",Avenida,,ROSARIO,Rosario,Asfalto,No existe,II,Dentro,Urbana,Ninguna,Funciona,Intersección,Bueno,Buena,Atardecer,Buen Tiempo,Lateral,S/D,Colisión,Ninguna,"Horizontal,Vertical",Línea divisoria pintada,Sin restricción
2018,8925,2018-09-25,Martes,0,18:15:00,,0.0,2,"Moto/Ciclomotor,Automóvil",Bv Belgrano Y Sarmiento,2,1,0,0,1,0,0,"-29.888299723071, -60.283841488327",Avenida,,CALCHAQUÍ,Vera,Asfalto,No existe,XIX,Dentro,Urbana,Ninguna,No existe,Intersección,Bueno,Buena,Diurna,Buen Tiempo,Otro,S/D,Colisión,Ninguna,Faltante,Ninguna,Sin restricción
2018,8926,2018-09-04,Martes,0,13:20:00,,0.0,2,"Moto/Ciclomotor,Moto/Ciclomotor",L de la Torre 1650,2,1,0,0,0,0,1,"-29.464645, -60.211098",Calle,,VERA,Vera,Asfalto,No existe,XIX,Dentro,Urbana,Ninguna,No existe,Recta,Bueno,Buena,Diurna,Buen Tiempo,Frontal,S/D,Colisión,Ninguna,Faltante,Ninguna,Sin restricción
2018,8927,2018-09-28,Viernes,0,19:05:00,,0.0,2,"Moto/Ciclomotor,Automóvil",Pje. Franklin Y Pje. Jacques Bis,2,1,0,0,1,0,0,"-32.917637, -60.703666",Calle,,ROSARIO,Rosario,Asfalto,No existe,II,Dentro,Urbana,Ninguna,No existe,Recta,Bueno,Buena,Diurna,Buen Tiempo,De alcance,S/D,Colisión,Ninguna,Faltante,Ninguna,Sin restricción
2018,8928,2018-09-27,Jueves,0,19:45:00,,0.0,1,Moto/Ciclomotor,Rivadavia Y A Mendez,1,1,0,0,0,0,0,"-29.451254, -60.207728",Calle,,VERA,Vera,Tierra,No existe,XIX,Dentro,Urbana,Otra Señal,No existe,Recta,Con baches,Buena,Atardecer,S/D,Contra objeto fijo,S/D,Colisión,Ninguna,Vertical,Ninguna,Obra en Construcción
2018,8929,2018-09-29,Sabado,0,07:00:00,,0.0,2,"Automóvil,Moto/Ciclomotor",Av. Provincias Unidas Y Jose Ingenieros,2,1,0,0,1,0,0,"-32.917125, -60.713754",Avenida,,ROSARIO,Rosario,Asfalto,No existe,II,Dentro,Urbana,Ninguna,No existe,Recta,Bueno,Buena,Amanecer,Buen Tiempo,S/D,S/D,Colisión,Ninguna,Faltante,Cordón divisorio,Sin restricción
2018,8930,2018-09-05,Miercoles,0,08:30:00,,0.0,2,"Moto/Ciclomotor,Automóvil",Av. Genova Y Calle 710 Bis,2,0,1,0,1,0,0,"-32.915459, -60.694090",Avenida,,ROSARIO,Rosario,Asfalto,No existe,II,Dentro,Urbana,Ninguna,No existe,Intersección,Bueno,Buena,Diurna,Buen Tiempo,Lateral,S/D,Colisión,Ninguna,Faltante,Ninguna,Sin restricción
2018,8931,2018-09-10,Lunes,0,17:30:00,,0.0,2,"Pickup/Utilitario,Peatón",J.J.Paso Y Rep.Dominicana,2,1,0,0,1,0,0,"-32.919602, -60.690272",Calle,,ROSARIO,Rosario,Asfalto,No existe,II,Dentro,Urbana,Semáforo,No existe,Recta,Bueno,Buena,Atardecer,Buen Tiempo,S/D,Peatón,Atropello,Ninguna,"Horizontal,Vertical",Ninguna,Sin restricción
2018,8932,2018-09-09,Domingo,0,15:55:00,,0.0,2,"Automóvil,Automóvil",Pje. Williams Y Aldrey,4,2,0,0,2,0,0,"-32.881309, -60.694224",Calle,,ROSARIO,Rosario,Asfalto,No existe,II,Dentro,Urbana,Ninguna,No existe,Intersección,Bueno,Buena,Diurna,Buen Tiempo,Frontal,S/D,Colisión,Ninguna,Faltante,Ninguna,Sin restricción
2018,8933,2018-09-17,Lunes,0,15:40:00,,0.0,2,"Pickup/Utilitario,Moto/Ciclomotor",Bv. Rondeau 2400,2,1,0,0,1,0,0,"-32.890538, -60.693535",Avenida,,ROSARIO,Rosario,Asfalto,No existe,II,Dentro,Urbana,Semáforo,Funciona,Recta,Bueno,Buena,Diurna,Buen Tiempo,De alcance,S/D,Colisión,Ninguna,Vertical,"Cordón divisorio,Vegetación",Sin restricción
2018,8934,2018-09-18,Martes,0,17:25:00,,0.0,2,"Peatón,Automóvil",Martin Fierro Y Bv. Rondeau,2,1,0,0,1,0,0,"-32.878020, -60.697360",Avenida,,ROSARIO,Rosario,Asfalto,No existe,II,Dentro,Urbana,Semáforo,Funciona,Intersección,Bueno,Buena,Diurna,Buen Tiempo,S/D,Peatón,Atropello,Ninguna,"Horizontal,Vertical","Cordón divisorio,Vegetación",Sin restricción
2018,8935,2018-11-12,Lunes,0,22:20:00,,0.0,2,"Peatón,Automóvil",San Martin Y Av. Uriburu,2,1,0,0,1,0,0,"-32.990666666667,-60.646805555556",Calle,,ROSARIO,Rosario,Asfalto,No existe,II,S/D,Urbana,Ninguna,Funciona,Recta,Bueno,Buena,Nocturna,Buen Tiempo,S/D,Peatón,Atropello,Ninguna,Vertical,Ninguna,Sin restricción
2018,8936,2018-11-12,Lunes,0,08:00:00,,0.0,2,"Moto/Ciclomotor,Automóvil",Bv. Segui Y Entre Rios,3,2,0,0,1,0,0,"-32.978666666667,-60.649194444444",Calle,,ROSARIO,Rosario,Asfalto,S/D,II,S/D,Urbana,Ninguna,S/D,Intersección,Bueno,S/D,S/D,Buen Tiempo,Lateral,S/D,Colisión,Ninguna,Faltante,Ninguna,Sin restricción
2018,8937,2018-10-12,Viernes,0,,,0.0,1,Moto/Ciclomotor,French Y Las Heras,1,1,0,0,0,0,0,"-31.593972222222,-60.685027777778",Calle,,SANTA FE,La Capital,Asfalto,No existe,I,Dentro,Urbana,Ninguna,No existe,Intersección,S/D,S/D,S/D,S/D,S/D,S/D,Caída ocupante,S/D,S/D,S/D,Sin restricción
2018,8938,2018-10-12,Viernes,0,18:00:00,,0.0,2,"Pickup/Utilitario,Bicicleta",La Republica Y Malabia Bis,2,1,0,0,1,0,0,"-32.91945, -60.75977",Calle,,ROSARIO,Rosario,Asfalto,No existe,II,Dentro,Urbana,S/D,S/D,Curva,S/D,S/D,Atardecer,S/D,S/D,Ciclista,Atropello,S/D,S/D,S/D,Sin restricción
2018,8939,2018-11-12,Lunes,0,18:00:00,,0.0,2,"Peatón,Automóvil",Garay Y San Martin,2,1,0,0,1,0,0,"-32.97475,-60.64375",Calle,,ROSARIO,Rosario,Asfalto,No existe,II,Dentro,Urbana,Ninguna,No existe,Intersección,Bueno,Buena,Diurna,Buen Tiempo,S/D,Peatón,Atropello,Ninguna,Faltante,Ninguna,Sin restricción
2018,8941,2018-10-12,Viernes,0,19:45:00,,0.0,2,"Pickup/Utilitario,Moto/Ciclomotor",Sarmiento Y Santa Clara,3,1,0,0,2,0,0,"-33.11189, -61.69917",Calle,,SAN JOSÉDE LA ESQUINA,Caseros,Asfalto,No existe,IV,Dentro,Urbana,Ninguna,S/D,Recta,S/D,S/D,Diurna,S/D,De alcance,S/D,Colisión,S/D,Faltante,Ninguna,S/D
2018,8942,2018-11-04,Domingo,0,11:30:00,,0.0,2,"Pickup/Utilitario,Bicicleta",Rivadavia Y L Novoro,2,1,0,0,1,0,0,"-31.73004, -61.09085",Calle,,SAN CARLOS CENTRO,Las Colonias,Asfalto,S/D,XI,Dentro,Urbana,Ninguna,No existe,Intersección,Bueno,Buena,Diurna,Buen Tiempo,Lateral,Ciclista,Atropello,Ninguna,Faltante,Cordón divisorio,Sin restricción
2018,8943,2018-11-09,Viernes,0,11:10:00,Autopista Nacional Rosario -Cordoba,312.0,2,"Automóvil,Automóvil", ,2,1,0,0,1,0,0,"-32.92078, -60.9219",Autopista,Rosario -Córdoba,ROLDÁN,San Lorenzo,Asfalto,Natural,XVII,S/D,Urbana,Ninguna,No existe,Recta,Con baches,Buena,Diurna,Buen Tiempo,Lateral,S/D,"Colisi?n,Despiste",Ninguna,Vertical,Vegetación,Obra en Construcción
2018,8944,2018-11-11,Domingo,0,19:50:00,Autopista Nacional Rosario -Cordoba,319.0,1,Automóvil, ,2,2,0,0,0,0,0,"-32.91133, -60.97442",Autopista,Rosario -Córdoba,ROLDÁN,San Lorenzo,Asfalto,Natural,XVII,S/D,Urbana,Marca Vial,No existe,Curva,Con baches,Reducida,Nocturna,Lluvia,Otro,S/D,Vuelco,Agua,Vertical,Vegetación,Obra en Construcción
2018,8945,2018-11-04,Domingo,0,11:05:00,,0.0,2,"Pickup/Utilitario,Moto/Ciclomotor",Moreno Y 1ro de Mayo,3,1,0,0,2,0,0,"-31.73804, -61.09139",Calle,,SAN CARLOS CENTRO,Las Colonias,Ripio,Ripio,XI,S/D,Urbana,Ninguna,No existe,Intersección,Bueno,Buena,Diurna,Buen Tiempo,Lateral,S/D,Colisión,Ninguna,Horizontal,Ninguna,Sin restricción
2018,8946,2018-10-12,Viernes,0,20:00:00,Ruta Provincial 80,60.0,1,Pickup/Utilitario, ,1,0,1,0,0,0,0,"-31.89952, -61.84049",Ruta,80,SAN JORGE,San Martín,S/D,Natural,XVIII,Dentro,Rural,S/D,No existe,Recta,S/D,S/D,Nocturna,S/D,S/D,S/D,Colisión,S/D,S/D,S/D,S/D
2018,8947,2018-11-17,Sabado,0,10:43:00,Ruta Provincial 4,38.0,1,Moto/Ciclomotor, ,1,0,1,0,0,0,0,"-31.12038, -60.91369",Ruta,4,SANTO DOMINGO,Las Colonias,Asfalto,Natural,XI,Dentro,Rural,Ninguna,No existe,Recta,Bueno,Buena,Diurna,Buen Tiempo,S/D,S/D,"Vuelco,Despiste",Ninguna,S/D,Línea divisoria pintada,Sin restricción
2018,8948,2018-11-20,Martes,0,,,0.0,2,"Automóvil,Moto/Ciclomotor",Rivadavia 100,2,1,0,0,1,0,0,"-31.13551,-60.99295",Calle,,PROGRESO,Las Colonias,Asfalto,No existe,XI,Dentro,Urbana,Ninguna,No existe,Recta,Bueno,Buena,Diurna,Buen Tiempo,Lateral,S/D,Colisión,Ninguna,Faltante,Ninguna,Sin restricción
2018,8949,2018-11-19,Lunes,0,11:30:00,,0.0,2,"Automóvil,Moto/Ciclomotor",Santa Fe Y Estrada,2,1,0,0,1,0,0,"-31.1381, -60.9878",Calle,,PROGRESO,Las Colonias,Asfalto,Natural,XI,S/D,Urbana,Ninguna,No existe,Intersección,Bueno,Buena,Diurna,Buen Tiempo,Frontal,S/D,Colisión,Ninguna,Faltante,Ninguna,Sin restricción
2018,8950,2018-11-01,Jueves,0,19:30:00,Autopista Nacional A008,0.0,2,"Moto/Ciclomotor,Automóvil",Av. Circunvalacion Y San Martin,6,1,0,0,5,0,0,"-33.015638888889,-60.652",Autopista,A008,ROSARIO,Rosario,Asfalto,S/D,II,S/D,Urbana,Ninguna,Funciona,Recta,Bueno,Buena,Atardecer,Otro,Lateral,S/D,Colisión,Ninguna,Vertical,Ninguna,Sin restricción
2018,8951,2018-11-12,Lunes,0,03:30:00,,0.0,1,Moto/Ciclomotor,15 de Agosto ,1,1,0,0,0,0,0,"-31.135825287941, -60.991122216136",Calle,,PROGRESO,Las Colonias,Asfalto,Natural,XI,Dentro,Urbana,Ninguna,No existe,Recta,Bueno,Reducida,Nocturna,Otro,Otro,S/D,Caída ocupante,Ninguna,Faltante,Ninguna,Sin restricción
2018,8952,2018-11-01,Jueves,0,08:25:00,Autopista Nacional A008,0.0,3,"Automóvil,Automóvil,Automóvil",Av. Circunvalacion Y J.M.Gutierrez,3,1,0,0,2,0,0,"-33.01565, -60.64585",Autopista,A008,ROSARIO,Rosario,Asfalto,No existe,II,S/D,S/D,Ninguna,No existe,Intersección,Bueno,Buena,Diurna,Buen Tiempo,De alcance,S/D,Colisión,Ninguna,Faltante,Ninguna,Sin restricción
2018,8953,2018-11-10,Sabado,0,12:20:00,,0.0,2,"Automóvil,Pickup/Utilitario",13 de Mayo Y Salta,3,1,0,0,2,0,0,"-31.73636, -61.08957",Calle,,SAN CARLOS CENTRO,Las Colonias,Ripio,No existe,XI,Fuera,Urbana,Ninguna,No existe,Intersección,Bueno,Buena,Diurna,Buen Tiempo,S/D,S/D,"Colisi?n,Despiste",S/D,S/D,Ninguna,Sin restricción
2018,8954,2018-11-15,Jueves,0,18:20:00,,0.0,2,"Pickup/Utilitario,Moto/Ciclomotor",25 de Mayo Y Mitre,3,1,0,0,2,0,0,"-31.72807,-61.09612",Calle,,SAN CARLOS CENTRO,Las Colonias,Asfalto,S/D,XI,Dentro,Urbana,Ninguna,No existe,Intersección,Bueno,Buena,Atardecer,Buen Tiempo,S/D,S/D,Colisión,Ninguna,Faltante,Ninguna,Sin restricción
2018,8955,2018-11-04,Domingo,0,07:10:00,Autopista Nacional A008,0.0,1,Moto/Ciclomotor,Av. Circunvalacion Y Bv. Oro?o,1,0,1,0,0,0,0,"-33.01263, -60.66439",Autopista,A008,ROSARIO,Rosario,Asfalto,Natural,II,S/D,Urbana,S/D,No existe,Distribuidor,S/D,S/D,Amanecer,S/D,S/D,S/D,Caída ocupante,S/D,S/D,"Barrera de hormigón,Cordón divisorio",S/D
2018,8956,2018-09-08,Sabado,0,18:45:00,,0.0,2,"Moto/Ciclomotor,Automóvil",Calle 14 Y Calle 9,2,1,0,0,1,0,0,"-32.686600, -61.519950",Calle,,LAS PAREJAS,Belgrano,Asfalto,No existe,III,Dentro,Urbana,Ninguna,No existe,Intersección,Bueno,Buena,Diurna,Buen Tiempo,Lateral,S/D,Colisión,Ninguna,Faltante,Ninguna,Sin restricción
2018,8957,2018-10-12,Viernes,0,,,0.0,2,"Moto/Ciclomotor,Automóvil",Hipolito Irigoyen Y Urquiza,2,1,0,0,1,0,0,"-31.89764, -61.85664",Calle,,SAN JORGE,San Martín,Asfalto,No existe,XVIII,Dentro,Urbana,Ninguna,S/D,Intersección,S/D,S/D,S/D,S/D,Lateral,S/D,Colisión,S/D,S/D,S/D,S/D
2018,8958,2018-09-03,Lunes,0,11:35:00,,0.0,2,"Automóvil,Moto/Ciclomotor",San Luis Y Bv 14 de Diciembre,2,0,1,0,1,0,0,"-32.780923, -61.607885",Avenida,,ARMSTRONG,Belgrano,Asfalto,No existe,III,Dentro,Urbana,Ninguna,No existe,Cruce,Bueno,Buena,Diurna,Buen Tiempo,Frontal,S/D,Colisión,Ninguna,Faltante,"Cordón divisorio,Vegetación",Sin restricción
2018,8959,2018-10-13,Sabado,0,,Ruta Secundaria 80-s,7.0,2,"Automóvil,Camión", ,5,2,0,0,3,0,0,"-32.06269, -61.04516",Ruta,80-s,AROCENA,San Jerónimo,Asfalto,Natural,XV,Dentro,Rural,Ninguna,No existe,Recta,S/D,S/D,S/D,S/D,De alcance,S/D,Colisión,S/D,S/D,S/D,Sin restricción
2018,8960,2018-09-26,Miercoles,0,14:00:00,Ruta Nacional 178,0.0,2,"Moto/Ciclomotor,Otros",CALLE 25 ,2,1,0,0,0,0,1,"-32.679315, -61.527496",Ruta,178,ARMSTRONG,Belgrano,Asfalto,No existe,III,Dentro,Urbana,Ninguna,No existe,Intersección,Bueno,Buena,Diurna,Buen Tiempo,Lateral,S/D,Colisión,Ninguna,Faltante,Ninguna,Sin restricción
2018,8961,2018-11-04,Domingo,0,00:15:00,,0.0,2,"Automóvil,Moto/Ciclomotor",Bv. Segui Y Bv. Avellaneda,2,1,0,0,1,0,0,"-32.971694444444,-60.687305555556",Avenida,,ROSARIO,Rosario,Asfalto,S/D,II,Dentro,Urbana,S/D,No funciona,Intersección,S/D,S/D,"Nocturna,Con luz artificial",S/D,S/D,S/D,Colisión,S/D,S/D,Cordón divisorio,S/D
2018,8962,2018-11-05,Lunes,0,12:20:00,Autopista Nacional A008,0.0,2,"Bicicleta,Camión c / Acoplado",Av. Circunvalacion Y Av. Ovidio Lagos,2,1,0,0,1,0,0,"-33.009194444444,-60.67725",Autopista,A008,ROSARIO,Rosario,Asfalto,Pavimento,II,Dentro,Urbana,S/D,Funciona,Intersección,S/D,Buena,Diurna,S/D,S/D,Ciclista,Atropello,S/D,"Horizontal,Vertical","Barrera de hormigón,Cordón divisorio",S/D
2018,8963,2018-09-22,Sabado,0,14:00:00,Ruta Secundaria 292-s,0.0,2,"Pickup/Utilitario,Moto/Ciclomotor",Domingo Faustino Sarmiento Y Av Eduardo Minetti,4,0,2,0,2,0,0,"-28.622407, -61.626110",Ruta,292-s,VILLA MINETTI,9 de Julio,Hormigón,Pavimento,XII,Dentro,Urbana,Ninguna,No existe,Intersección,Bueno,Buena,Diurna,Buen Tiempo,Lateral,S/D,Colisión,Ninguna,Faltante,Cordón divisorio,Sin restricción
2018,8964,2018-09-26,Miercoles,0,12:15:00,,0.0,2,"Automóvil,Moto/Ciclomotor",Sarmiento Y Bartolome Mitre,3,2,0,0,1,0,0,"-29.232897, -61.775042",Calle,,TOSTADO,9 de Julio,"Asfalto,Ripio",No existe,XII,Dentro,Urbana,Ninguna,No existe,Intersección,Bueno,Buena,Diurna,Buen Tiempo,Otro,S/D,Colisión,S/D,Faltante,S/D,Sin restricción
2018,8965,2018-09-02,Domingo,0,19:30:00,Ruta Nacional A008,0.0,3,"Vehículo Oficial,Automóvil,Automóvil",Bv. Rondeau Y Av. Circunvalacion Bis,10,1,0,0,9,0,0,"-32.872362, -60.699295",Ruta,A008,ROSARIO,Rosario,Asfalto,No existe,II,Dentro,Urbana,Semáforo,Funciona,Recta,Bueno,Buena,Diurna,Buen Tiempo,"De alcance,Múltiple",S/D,Colisión,Ninguna,"Horizontal,Vertical","Barrera de alto impacto,Línea divisoria pintada",Sin restricción
2018,8966,2018-09-02,Domingo,0,22:10:00,,0.0,1,Moto/Ciclomotor,Eva Peron Y 6 de Caballeria,1,0,1,0,0,0,0,"-29.238158, -61.762146",Calle,,TOSTADO,9 de Julio,Ripio,No existe,XII,Dentro,Urbana,Ninguna,No existe,Recta,Con baches,Reducida,Nocturna,Buen Tiempo,S/D,S/D,Caída ocupante,Ninguna,Faltante,Ninguna,Sin restricción
2018,8967,2018-09-04,Martes,0,08:00:00,,0.0,2,"Automóvil,Automóvil",Art Ramon Villarreal Y Gobernador GÁLVEZ,4,2,0,0,2,0,0,"-29.230136518864, -61.765421556821",Calle,,TOSTADO,9 de Julio,Asfalto,No existe,XII,Dentro,Urbana,Ninguna,No existe,Intersección,Bueno,Buena,Diurna,Buen Tiempo,S/D,S/D,Colisión,Ninguna,Faltante,Ninguna,S/D
2018,8968,2018-09-13,Jueves,0,13:10:00,Ruta Nacional A008,0.0,2,"Automóvil,Moto/Ciclomotor",Av. Circunvalacion Bis ,2,1,0,0,1,0,0,"-32.875156, -60.705172",Ruta,A008,ROSARIO,Rosario,Asfalto,No existe,II,Dentro,Urbana,Marca Vial,No existe,Paso a Nivel FFCC,Bueno,Buena,Diurna,Buen Tiempo,De alcance,S/D,Colisión,Ninguna,Vertical,Barrera de hormigón,Sin restricción
2018,8969,2018-09-06,Jueves,0,19:15:00,,0.0,2,"Moto/Ciclomotor,Automóvil",25 de Mayo Y Los Andes,5,0,1,0,4,0,0,"-29.227468037357, -61.773825051541",Calle,,TOSTADO,9 de Julio,Asfalto,No existe,XII,Dentro,Urbana,Ninguna,No existe,Recta,Bueno,Buena,Nocturna,Buen Tiempo,Lateral,S/D,Colisión,Ninguna,Faltante,Ninguna,Sin restricción
2018,8970,2018-09-21,Viernes,0,16:15:00,,0.0,2,"Bicicleta,Transporte de Pasajeros Urbano (> 8 asientos)",Bv. Rondeau 3060,2,1,0,0,1,0,0,"-32.885948, -60.694957",Avenida,,ROSARIO,Rosario,Asfalto,No existe,II,Dentro,Urbana,Semáforo,Funciona,Recta,Bueno,Buena,Diurna,Buen Tiempo,S/D,Ciclista,Atropello,Ninguna,Vertical,"Cordón divisorio,Vegetación",Sin restricción
2018,8971,2018-09-16,Domingo,0,05:15:00,,0.0,1,Moto/Ciclomotor,Independencia Y Santa Fe,1,0,1,0,0,0,0,"-29.233877625701, -61.768634819338",Calle,,TOSTADO,9 de Julio,Asfalto,No existe,XII,Dentro,Urbana,Ninguna,No existe,Recta,Bueno,Buena,Nocturna,Buen Tiempo,Otro,S/D,Otro,Ninguna,Faltante,Ninguna,Sin restricción
2018,8972,2018-09-22,Sabado,0,23:30:00,,0.0,1,Moto/Ciclomotor,Av. Eudoro Carrasco 2300,2,1,0,0,1,0,0,"-32.888791, -60.686968",Avenida,,ROSARIO,Rosario,Asfalto,No existe,II,Dentro,Urbana,Semáforo,Funciona,Recta,Bueno,Buena,Nocturna,Buen Tiempo,S/D,S/D,Caída ocupante,Ninguna,"Horizontal,Vertical","Cordón divisorio,Vegetación,Línea divisoria pintada",Sin restricción
2018,8973,2018-09-21,Viernes,0,20:25:00,,0.0,2,"Pickup/Utilitario,Moto/Ciclomotor",Carlos Silvestre Begnis Y Islas Malvinas,2,1,0,0,1,0,0,"-29.233520579097, -61.766504765678",Calle,,TOSTADO,9 de Julio,Asfalto,No existe,XII,Dentro,Urbana,Semáforo,Funciona,Recta,Bueno,Buena,Nocturna,Buen Tiempo,Lateral,S/D,Colisión,Ninguna,Vertical,Ninguna,S/D
2018,8974,2018-09-23,Domingo,0,19:00:00,,0.0,2,"Automóvil,Automóvil",Bv. Rondeau 3600,3,1,0,0,2,0,0,"-32.881617, -60.696139",Avenida,,ROSARIO,Rosario,Asfalto,No existe,II,Dentro,Urbana,Semáforo,Funciona,Recta,Bueno,Buena,Atardecer,Buen Tiempo,Frontal,S/D,Colisión,Ninguna,"Horizontal,Vertical","Cordón divisorio,Vegetación",Sin restricción
2018,8975,2018-09-27,Jueves,0,15:30:00,,0.0,2,"Moto/Ciclomotor,Automóvil",Bv. Rondeau Y Tierra del Fuego,2,1,0,0,1,0,0,"-32.878655, -60.697271",Avenida,,ROSARIO,Rosario,Asfalto,No existe,II,Dentro,Urbana,Ninguna,No existe,Intersección,Bueno,Buena,Diurna,Buen Tiempo,Frontal,S/D,Colisión,Ninguna,Faltante,"Cordón divisorio,Vegetación",Sin restricción
2018,8976,2018-09-27,Jueves,0,23:45:00,,0.0,2,"Automóvil,Moto/Ciclomotor",Carlos Silvestre Begnis Y Brig Juan Manuel de Rosas,3,0,1,0,2,0,0,"-29.236235803241, -61.766607232740",Calle,,TOSTADO,9 de Julio,Asfalto,No existe,XII,Dentro,Urbana,Ninguna,No existe,Recta,Bueno,Buena,"Nocturna,Con luz artificial",Buen Tiempo,Frontal,S/D,Colisión,Ninguna,Faltante,Ninguna,Sin restricción
2018,8977,2018-09-28,Viernes,0,17:20:00,,0.0,3,"Automóvil,Moto/Ciclomotor,Automóvil",Ricardo Gutierrez Y Aguero,4,1,0,0,3,0,0,"-32.881088, -60.694741",Calle,,ROSARIO,Rosario,Asfalto,No existe,II,Dentro,Urbana,Ninguna,No existe,Intersección,Bueno,Buena,Diurna,Buen Tiempo,"Lateral,Múltiple",S/D,Colisión,Ninguna,Faltante,Ninguna,Sin restricción
2018,8978,2018-09-20,Jueves,0,14:30:00,Ruta Provincial 90,103.0,1,Automóvil, ,1,1,0,0,0,0,0,"-33.628161826687, -61.367681012510",Ruta,90,CARRERAS,General López,Asfalto,Natural,VIII,Fuera,Rural,Marca Vial,No existe,Recta,Bueno,Buena,Diurna,Buen Tiempo,S/D,S/D,Vuelco,Ninguna,Horizontal,Línea divisoria pintada,Sin restricción
2018,8979,2018-09-16,Domingo,0,14:50:00,,0.0,2,"Automóvil,Moto/Ciclomotor",Caseros Y San Martin,2,0,1,0,1,0,0,"-33.643061, -61.858646",Calle,,MURPHY,General López,Hormigón,No existe,VIII,Dentro,Urbana,Ninguna,No existe,Intersección,Bueno,Buena,Diurna,Buen Tiempo,Lateral,S/D,Colisión,Ninguna,Faltante,Ninguna,Sin restricción