anio_acci,nro_acci,fecha,desc_dia,fecha_aprox,hora_aprox,desc_ruta,km,cant_participantes,desc_participante,calle_avenida_km,total,heridos_leves,heridos_graves,heridos_gravisimos,ilesos,fallecidos,sin_datos,posicion_XY,desc_tipo_via,desc_ruta_ori,desc_loc,desc_dpto,desc_tipo_calzada,desc_tipo_banquina,desc_unidad_regional,desc_lugar_calzada,desc_zona,desc_prioridad,desc_estado_semaforo,desc_lugar_via,desc_estado_via,desc_estado_visibilidad,desc_luminosidad,desc_estado_clima,desc_tipo_colision,desc_tipo_atropello,desc_tipo_hecho,desc_pres_calzada,desc_senializacion,desc_separacion_via,desc_restriccion
2018,8980,2018-09-29,Sabado,0,14:30:00,,0.0,2,"Moto/Ciclomotor,Automóvil",Agrelo Y A.Piaggio,2,1,0,0,1,0,0,"-32.885098, -60.692844",Calle,,ROSARIO,Rosario,Asfalto,No existe,II,Dentro,Urbana,Ninguna,No existe,Intersección,Bueno,Buena,Diurna,Buen Tiempo,Frontal,S/D,Colisión,Ninguna,Faltante,Ninguna,Sin restricción
2018,8981,2018-09-08,Sabado,0,18:15:00,,0.0,2,"Automóvil,Pickup/Utilitario",AV SARMIENTO Y ARMANDO RICORDI,5,2,0,0,3,0,0,"-33.639159, -61.854037",Avenida,,MURPHY,General López,Asfalto,No existe,VIII,Fuera,Urbana,Otra Señal,No existe,Intersección,Bueno,Buena,Diurna,Buen Tiempo,Lateral,S/D,Colisión,Ninguna,Faltante,Ninguna,Sin restricción
2018,8982,2018-09-10,Lunes,0,14:20:00,,0.0,2,"Moto/Ciclomotor,Automóvil",Necochea Y Ocampo,2,1,0,0,1,0,0,"-32.968957, -60.629196",Calle,,ROSARIO,Rosario,Asfalto,No existe,II,Dentro,Urbana,Señal Pare,No existe,Intersección,Bueno,Buena,Diurna,Buen Tiempo,Lateral,S/D,Colisión,Ninguna,"Horizontal,Vertical",Línea divisoria pintada,Sin restricción
2018,8983,2018-09-12,Miercoles,0,15:30:00,,0.0,2,"Moto/Ciclomotor,Automóvil",Bv. Oro?o Y Av. Lugones,2,1,0,0,1,0,0,"-32.958038, -60.656985",Avenida,,ROSARIO,Rosario,Asfalto,No existe,II,Dentro,Urbana,Paso Peatonal,No existe,Rotonda,Bueno,Buena,Diurna,Buen Tiempo,Lateral,S/D,Colisión,Ninguna,Horizontal,Línea divisoria pintada,Sin restricción
2018,8984,2018-10-12,Viernes,0,20:55:00,,0.0,2,"Moto/Ciclomotor,Moto/Ciclomotor",Av Pellegrini Y Tucuman,4,4,0,0,0,0,0,"-31.89249, -61.8588",Calle,,SAN JORGE,San Martín,Asfalto,S/D,XVIII,Dentro,Urbana,S/D,S/D,Intersección,S/D,S/D,Nocturna,S/D,S/D,S/D,Colisión,S/D,S/D,S/D,S/D
2018,8985,2018-11-16,Viernes,0,11:00:00,,0.0,2,"Moto/Ciclomotor,Pickup/Utilitario", ,4,0,1,0,3,0,0,"-31.72671, -61.0872",Calle,,SAN CARLOS CENTRO,Las Colonias,Asfalto,No existe,XI,S/D,Urbana,Ninguna,No existe,Intersección,Bueno,Buena,Diurna,Buen Tiempo,Lateral,S/D,Colisión,Ninguna,Horizontal,Ninguna,Sin restricción
2018,8986,2018-11-15,Jueves,0,09:40:00,,0.0,2,"Moto/Ciclomotor,Pickup/Utilitario",Sarmiento Y A Gaminara,2,1,0,0,1,0,0,"-31.73995, -61.09759",Calle,,SAN CARLOS CENTRO,Las Colonias,Asfalto,S/D,XI,Dentro,Urbana,Ninguna,No existe,Recta,Bueno,Buena,Diurna,Buen Tiempo,Otro,S/D,S/D,Ninguna,S/D,Ninguna,Sin restricción
2018,8987,2018-11-05,Lunes,0,00:58:00,Autov?a Nacional A008,0.0,3,"Automóvil,Moto/Ciclomotor,Moto/Ciclomotor",Av. Circunvalacion ,5,0,0,0,0,0,5,"-32.95107, -60.72133",Autovía,A008,ROSARIO,Rosario,Hormigón,Natural,II,Dentro,S/D,S/D,No existe,Recta,Bueno,Buena,Nocturna,S/D,Múltiple,S/D,Colisión,Ninguna,Horizontal,S/D,S/D
2018,8988,2018-08-01,Miercoles,0,01:00:00,,0.0,1,Moto/Ciclomotor,Brasil Y Av. Pellegrini,1,1,0,0,0,0,0,"-32.94875,-60.719194444444",Avenida,,ROSARIO,Rosario,Asfalto,S/D,II,S/D,Urbana,S/D,S/D,S/D,S/D,S/D,Nocturna,S/D,S/D,S/D,Colisión,S/D,S/D,S/D,S/D
2018,8989,2018-11-11,Domingo,0,20:45:00,,0.0,2,"Automóvil,Moto/Ciclomotor",Bv Bell Ville Y Moreno,2,1,0,0,1,0,0,"-32.790100711526, -61.603058593738",Calle,,ARMSTRONG,Belgrano,Hormigón,S/D,III,Dentro,Urbana,Ninguna,S/D,Intersección,Bueno,Buena,Nocturna,Buen Tiempo,Lateral,S/D,Colisión,Ninguna,S/D,Ninguna,Sin restricción
2018,8990,2018-08-05,Domingo,0,00:00:00,,0.0,1,Moto/Ciclomotor,Pueyrredon Y Av. Uriburu,1,0,1,0,0,0,0,"-32.991388888889,-60.669611111111",Calle,,ROSARIO,Rosario,S/D,S/D,II,S/D,Urbana,S/D,S/D,Intersección,S/D,S/D,Nocturna,S/D,S/D,S/D,Colisión,S/D,S/D,S/D,S/D
2018,8991,2018-08-05,Domingo,0,05:30:00,,0.0,1,Automóvil, ,1,1,0,0,0,0,0,"-33.24098, -60.83701",S/D,,ACEBAL,Rosario,S/D,S/D,II,S/D,S/D,S/D,S/D,S/D,S/D,S/D,Nocturna,S/D,S/D,S/D,Colisión,S/D,S/D,S/D,S/D
2018,8992,2018-11-10,Sabado,0,04:00:00,Ruta Nacional 177,0.0,2,"Camión c / Semirremolque,Automóvil", ,2,0,0,1,1,0,0,"-33.28381, -60.37904",Ruta,177,EMPALME VILLA CONSTITUCIÓN,Constitución,Asfalto,Natural,VI,Dentro,Rural,Ninguna,No existe,Pendiente,Bueno,Reducida,Nocturna,Buen Tiempo,Lateral,S/D,Colisión,Ninguna,Faltante,Línea divisoria pintada,Sin restricción
2018,8993,2018-11-06,Martes,0,22:50:00,Autopista Nacional A008,0.0,2,"Moto/Ciclomotor,Automóvil",Av. Circunvalacion Y Av. Pellegrini,3,2,0,0,1,0,0,"-32.94901, -60.72025",Autopista,A008,ROSARIO,Rosario,S/D,S/D,II,Dentro,Urbana,Ninguna,S/D,Recta,S/D,S/D,S/D,S/D,Otro,S/D,Colisión,S/D,S/D,Guardarrail,Sin restricción
2018,8994,2018-08-08,Miercoles,0,14:00:00,,0.0,1,Bicicleta, ,1,1,0,0,0,0,0,"-32.94337, -60.6506",S/D,,ROSARIO,Rosario,S/D,S/D,II,S/D,S/D,S/D,S/D,S/D,S/D,S/D,Diurna,S/D,S/D,Ciclista,Atropello,S/D,S/D,S/D,S/D
2018,8995,2018-11-10,Sabado,0,05:00:00,Ruta Provincial 1,73.0,2,"Moto/Ciclomotor,Moto/Ciclomotor",Ruta Prov 1 ,2,2,0,0,0,0,0,"-31.19959, -60.15993",Ruta,1,CAYASTA,Garay,Asfalto,Natural,VIII,Fuera,Rural,Ninguna,No existe,Recta,Bueno,Buena,Nocturna,Buen Tiempo,Lateral,S/D,Colisión,Ninguna,Faltante,Línea divisoria pintada,Sin restricción
2018,8996,2018-08-13,Lunes,0,17:30:00,,0.0,1,Moto/Ciclomotor,1 de Mayo Y Biedma,1,1,0,0,0,0,0,"-32.982888888889,-60.638472222222",Calle,,ROSARIO,Rosario,S/D,S/D,II,S/D,Urbana,S/D,S/D,Intersección,S/D,S/D,Atardecer,S/D,S/D,S/D,Colisión,S/D,S/D,S/D,S/D
2018,8997,2018-11-14,Miercoles,0,11:25:00,,0.0,2,"Automóvil,Bicicleta",Lavalle Y Schnaur,2,1,0,0,1,0,0,"-32.820472222222,-61.394138888889",Calle,,CAÑADA DE GÓMEZ,Iriondo,Asfalto,No existe,X,S/D,Urbana,Ninguna,No existe,Recta,Bueno,Buena,Diurna,Buen Tiempo,S/D,Ciclista,Atropello,Otro,Vertical,S/D,Sin restricción
2018,8998,2018-08-15,Miercoles,0,10:00:00,,0.0,1,Moto/Ciclomotor,Av. Pellegrini Y Lima,1,1,0,0,0,0,0,"-32.949222222222,-60.685972222222",Calle,,ROSARIO,Rosario,S/D,S/D,II,S/D,Urbana,S/D,S/D,Intersección,S/D,S/D,Diurna,S/D,S/D,S/D,Colisión,S/D,S/D,S/D,S/D
2018,8999,2018-10-03,Miercoles,0,14:00:00,,0.0,1,Moto/Ciclomotor,Peru Y Derqui,1,1,0,0,0,0,0,"-32.937972222222,-60.7115",Calle,,ROSARIO,Rosario,S/D,S/D,II,S/D,Urbana,S/D,S/D,Intersección,S/D,S/D,Diurna,S/D,S/D,S/D,Colisión,S/D,S/D,S/D,S/D
2018,9000,2018-11-15,Jueves,0,01:10:00,Autov?a Nacional 19,13.5,1,Automóvil, ,5,5,0,0,0,0,0,"-31.64845, -60.90896",Autovía,19,SAN AGUSTÍN,Las Colonias,Asfalto,Natural,XI,Fuera,Rural,Ninguna,No existe,Recta,S/D,Buena,Nocturna,Buen Tiempo,S/D,S/D,Vuelco,S/D,S/D,Vegetación,Sin restricción
2018,9002,2018-10-15,Lunes,0,,,0.0,1,Moto/Ciclomotor,Pje Vias Y Reg 12 de Infanteria,1,1,0,0,0,0,0,"-31.595277777778,-60.705472222222",Calle,,SANTA FE,La Capital,Asfalto,No existe,I,Dentro,Urbana,Ninguna,No existe,Recta,Con baches,S/D,S/D,Buen Tiempo,S/D,S/D,Caída ocupante,Otro,S/D,S/D,Sin restricción
2018,9003,2018-11-13,Martes,0,17:15:00,Ruta Nacional 11,0.0,2,"Moto/Ciclomotor,Automóvil",Av San Martin Y Avda Roque Saenz Pe?a,2,1,0,0,1,0,0,"-32.786465243180, -60.725381590153",Ruta,11,FRAY LUIS BELTRÁN,San Lorenzo,Asfalto,S/D,XVII,S/D,Urbana,Ninguna,S/D,Recta,Bueno,S/D,S/D,Buen Tiempo,De alcance,S/D,Colisión,Ninguna,Vertical,Ninguna,Sin restricción
2018,9004,2018-11-15,Jueves,0,02:30:00,Ruta Nacional 11,0.0,2,"Automóvil,Moto/Ciclomotor",Av San Martin Y Dorrego,2,1,0,0,1,0,0,"-32.78357, -60.72622",Ruta,11,FRAY LUIS BELTRÁN,San Lorenzo,Asfalto,No existe,XVII,S/D,Urbana,Ninguna,No existe,Intersección,Bueno,Reducida,Nocturna,Buen Tiempo,Lateral,S/D,Colisión,Ninguna,Faltante,Ninguna,Sin restricción
2018,9005,2018-11-01,Jueves,0,16:20:00,Ruta Nacional A012,0.0,2,"Moto/Ciclomotor,Automóvil", ,2,1,0,0,0,0,1,"-32.7659, -60.74422",Ruta,A012,SAN LORENZO,San Lorenzo,S/D,S/D,XVII,S/D,S/D,S/D,S/D,Otro,S/D,S/D,S/D,S/D,S/D,S/D,S/D,S/D,S/D,S/D,S/D
2018,9006,2018-11-16,Viernes,0,11:45:00,Ruta Nacional 11,0.0,2,"Moto/Ciclomotor,Automóvil",Avda Granaderos Y Estrada,3,1,0,0,2,0,0,"-32.77853, -60.72772",Ruta,11,FRAY LUIS BELTRÁN,San Lorenzo,Asfalto,No existe,XVII,S/D,Urbana,Ninguna,No existe,Intersección,Bueno,Buena,Diurna,Buen Tiempo,Lateral,S/D,Colisión,Ninguna,Faltante,Ninguna,Sin restricción
2018,9007,2018-10-15,Lunes,0,,,0.0,1,Moto/Ciclomotor,Quintana Y Saavedra,1,0,1,0,0,0,0,"-31.620805555556,-60.708611111111",Calle,,SANTA FE,La Capital,Asfalto,No existe,I,Dentro,Urbana,S/D,No existe,Recta,S/D,S/D,S/D,S/D,S/D,S/D,Caída ocupante,S/D,S/D,S/D,Sin restricción
2018,9008,2018-11-10,Sabado,0,16:30:00,Autopista Provincial Brigadier E.López,0.0,1,Automóvil,Autopista Sta Fe/Rosario ,1,1,0,0,0,0,0,"-32.78189, -60.74553",Autopista,Brigadier E.López,FRAY LUIS BELTRÁN,San Lorenzo,Asfalto,S/D,XVII,S/D,Rural,Ninguna,S/D,Recta,Bueno,S/D,S/D,Buen Tiempo,Otro,S/D,Vuelco,Ninguna,Vertical,Vegetación,Sin restricción
2018,9009,2018-10-07,Domingo,0,06:00:00,Ruta Provincial 2,0.0,1,Pickup/Utilitario, ,1,1,0,0,0,0,0,"-30.29673, -61.22306",Ruta,2,SAN CRISTÓBAL,San Cristóbal,S/D,S/D,XIII,S/D,S/D,S/D,S/D,S/D,S/D,S/D,Amanecer,S/D,S/D,S/D,Vuelco,S/D,S/D,S/D,S/D
2018,9010,2018-10-15,Lunes,0,,,0.0,2,"Automóvil,Bicicleta", ,2,1,0,0,0,0,1,"-33.04453, -61.16436",Calle,,CASILDA,Caseros,S/D,S/D,IV,S/D,S/D,S/D,S/D,Intersección,S/D,S/D,S/D,S/D,Lateral,Ciclista,Atropello,S/D,S/D,S/D,S/D
2018,9011,2018-11-01,Jueves,0,07:15:00,,0.0,2,"Moto/Ciclomotor,Automóvil",Dr Ghio Y Uriburu,2,1,0,0,1,0,0,"-32.749583333333,-60.740583333333",S/D,,SAN LORENZO,San Lorenzo,S/D,S/D,XVII,S/D,S/D,S/D,S/D,S/D,S/D,S/D,S/D,S/D,S/D,S/D,S/D,S/D,S/D,S/D,S/D
2018,9012,2018-10-15,Lunes,0,,,0.0,2,"Moto/Ciclomotor,Automóvil", ,3,2,0,0,1,0,0,"-32.02912, -61.22423",S/D,,GÁLVEZ,San Jerónimo,S/D,S/D,XV,S/D,S/D,S/D,S/D,S/D,S/D,S/D,S/D,S/D,S/D,S/D,Colisión,S/D,S/D,S/D,S/D
2018,9013,2018-11-03,Sabado,0,08:35:00,,0.0,2,"Automóvil,Moto/Ciclomotor",Av Carlos A Poucel Y L N Alem,2,1,0,0,1,0,0,"-32.738583333333,-60.738166666667",Avenida,,SAN LORENZO,San Lorenzo,S/D,S/D,XVII,S/D,Urbana,S/D,S/D,Otro,S/D,S/D,S/D,S/D,S/D,S/D,S/D,S/D,S/D,S/D,S/D
2018,9014,2018-11-10,Sabado,0,19:00:00,,0.0,2,"Moto/Ciclomotor,Automóvil",La Plata Y Moreno,2,2,0,0,0,0,0,"-32.86058, -61.14617",Calle,,CARCARAÑÁ,San Lorenzo,Asfalto,S/D,XVII,S/D,Urbana,S/D,S/D,Intersección,Bueno,Buena,Atardecer,Buen Tiempo,S/D,S/D,Colisión,Ninguna,S/D,S/D,S/D
2018,9015,2018-10-01,Lunes,0,04:30:00,,0.0,1,Automóvil,Av Urquiza 1600,1,1,0,0,0,0,0,"-31.655888888889,-60.716138888889",Avenida,,SANTA FE,La Capital,S/D,S/D,I,Fuera,Urbana,S/D,S/D,S/D,S/D,S/D,Nocturna,S/D,Contra objeto fijo,S/D,Colisión,S/D,S/D,S/D,Reparación de Vía
2018,9017,2018-11-05,Lunes,0,16:40:00,,0.0,2,"Automóvil,Moto/Ciclomotor",J J Passo Y 3 de Febrero,4,0,0,0,0,1,3,"-32.74388,-60.74261",Avenida,,SAN LORENZO,San Lorenzo,Asfalto,No existe,XVII,S/D,Urbana,Ninguna,No existe,Intersección,Bueno,S/D,Diurna,S/D,S/D,S/D,Colisión,Ninguna,Faltante,"Ninguna,S/D",Sin restricción
2018,9018,2018-10-01,Lunes,0,06:15:00,Autopista Nacional Rosario -Cordoba,357.0,2,"Camión,Pickup/Utilitario", ,2,0,0,0,0,0,2,"-32.83437, -61.46566",Autopista,Rosario -Córdoba,CAÑADA DE GÓMEZ,Iriondo,S/D,S/D,X,S/D,Rural,S/D,S/D,S/D,S/D,S/D,Amanecer,S/D,S/D,S/D,Colisión,S/D,S/D,S/D,S/D
2018,9019,2018-10-01,Lunes,0,16:50:00,Ruta Nacional 33,677.0,1,Pickup/Utilitario, ,2,2,0,0,0,0,0,"-33.57141, -61.71116",Ruta,33,CHOVET,General López,S/D,S/D,VIII,S/D,Rural,S/D,S/D,S/D,S/D,S/D,Diurna,S/D,S/D,S/D,Vuelco,S/D,S/D,S/D,S/D
2018,9020,2018-10-02,Martes,0,19:13:00,,0.0,2,"Automóvil,Moto/Ciclomotor",Lisandro de la Torre Y Bartolome Mitre,2,0,0,0,0,0,2,"-33.752722222222,-61.970555555556",Calle,,VENADO TUERTO,General López,S/D,S/D,VIII,S/D,Urbana,S/D,S/D,Intersección,S/D,S/D,Atardecer,S/D,S/D,S/D,Colisión,S/D,S/D,S/D,S/D
2018,9021,2018-09-08,Sabado,0,01:20:00,,0.0,1,Moto/Ciclomotor,Juan Vucetich 338,1,1,0,0,0,0,0,"-33.446276, -61.489658",Calle,,FIRMAT,General López,S/D,No existe,VIII,Fuera,Urbana,S/D,S/D,Intersección,S/D,S/D,Nocturna,S/D,Contra objeto fijo,S/D,Colisión,S/D,S/D,Ninguna,S/D
2018,9022,2018-09-10,Lunes,0,18:30:00,,0.0,1,Moto/Ciclomotor,Cordoba Y Bernardo de Monteagudo,1,0,1,0,0,0,0,"-33.470329, -61.489169",Calle,,FIRMAT,General López,Asfalto,No existe,VIII,Dentro,Urbana,Ninguna,No existe,Intersección,Bueno,S/D,Diurna,S/D,S/D,S/D,Caída ocupante,Ninguna,Faltante,Ninguna,S/D
2018,9023,2018-09-11,Martes,0,13:10:00,,0.0,2,"Automóvil,Moto/Ciclomotor",Bv. Colon Y Perito Moreno,2,1,0,0,1,0,0,"-33.465128664209, -61.486061386474",Avenida,,FIRMAT,General López,Asfalto,No existe,VIII,Dentro,Urbana,Ninguna,No existe,Intersección,Bueno,S/D,Diurna,S/D,S/D,S/D,Colisión,Ninguna,Faltante,S/D,S/D
2018,9024,2018-09-18,Martes,0,19:20:00,,0.0,2,"Pickup/Utilitario,Bicicleta",San Lorenzo Y Lisandro de la Torre,2,1,0,0,1,0,0,"-33.454989, -61.493723",Calle,,FIRMAT,General López,Asfalto,No existe,VIII,Dentro,Urbana,Ninguna,No existe,Intersección,Bueno,S/D,Atardecer,S/D,S/D,Ciclista,Atropello,Ninguna,Faltante,Ninguna,Sin restricción
2018,9025,2018-09-21,Viernes,0,06:45:00,Ruta Provincial 93,0.0,2,"Automóvil,Automóvil",Avda Roque Saenz Pe?a Y 1? de Mayo,4,0,1,0,3,0,0,"-33.467845, -61.494560",Ruta,93,FIRMAT,General López,Asfalto,Natural,VIII,Dentro,Urbana,Ninguna,No existe,Intersección,S/D,S/D,Amanecer,S/D,S/D,S/D,Colisión,S/D,Faltante,Línea divisoria pintada,S/D
2018,9026,2018-09-22,Sabado,0,03:50:00,,0.0,1,Automóvil,Remedios de Escalada ,4,1,0,0,2,0,1,"-33.456549, -61.493552",Calle,,FIRMAT,General López,Asfalto,No existe,VIII,Dentro,Urbana,Ninguna,No existe,Recta,Bueno,S/D,Nocturna,S/D,Contra objeto fijo,S/D,Colisión,Ninguna,Faltante,Ninguna,Sin restricción
2018,9027,2018-09-13,Jueves,0,,,0.0,2,"Moto/Ciclomotor,Automóvil",Av. Dante Alighieri Y Bv. Oro?o,2,1,0,0,1,0,0,"-32.961871, -60.657941",Avenida,,ROSARIO,Rosario,Asfalto,No existe,II,Dentro,Urbana,Paso Peatonal,No existe,Recta,Bueno,Buena,S/D,Buen Tiempo,Lateral,S/D,Colisión,Ninguna,Horizontal,Línea divisoria pintada,Sin restricción
2018,9028,2018-09-26,Miercoles,0,20:54:00,Ruta Nacional 33,0.0,2,"Automóvil,Automóvil",25 de Mayo Y Avda 9 de Julio Ruta Nac 33,3,1,0,0,2,0,0,"-33.453961909077, -61.498430469510",Ruta,33,FIRMAT,General López,Asfalto,Natural,VIII,Dentro,Urbana,Semáforo,Funciona,Recta,Bueno,Buena,Nocturna,Buen Tiempo,De alcance,S/D,Colisión,Ninguna,Vertical,Ninguna,Sin restricción
2018,9029,2018-09-18,Martes,0,16:45:00,,0.0,2,"Moto/Ciclomotor,Automóvil",Cochabamba Y Av. Corrientes,2,1,0,0,1,0,0,"-32.957689, -60.645358",Avenida,,ROSARIO,Rosario,Asfalto,No existe,II,Dentro,Urbana,Paso Peatonal,No existe,Recta,Bueno,Buena,Diurna,Buen Tiempo,De alcance,S/D,Colisión,Ninguna,Horizontal,Línea divisoria pintada,Sin restricción
2018,9030,2018-09-19,Miercoles,0,13:30:00,,0.0,2,"Automóvil,Pickup/Utilitario",Bv. Oro?o Y GÁLVEZ,3,2,0,0,1,0,0,"-32.966078, -60.658841",Avenida,,ROSARIO,Rosario,Asfalto,No existe,II,Dentro,Urbana,Semáforo,Funciona,Recta,Bueno,Buena,Diurna,Buen Tiempo,De alcance,S/D,Colisión,Ninguna,"Horizontal,Vertical","Cordón divisorio,Vegetación,Línea divisoria pintada",Sin restricción
2018,9031,2018-09-27,Jueves,0,23:45:00,,0.0,2,"Automóvil,Automóvil",Bv. Colon Y Independencia,3,1,0,0,2,0,0,"-33.460763, -61.485933",Avenida,,FIRMAT,General López,Asfalto,No existe,VIII,Dentro,Urbana,Ninguna,No existe,Intersección,Bueno,S/D,Nocturna,Buen Tiempo,Lateral,S/D,Colisión,Ninguna,Faltante,Ninguna,S/D
2018,9032,2018-09-20,Jueves,0,06:50:00,,0.0,2,"Peatón,Automóvil",La Paz Y Chacabuco,2,1,0,0,1,0,0,"-32.966921, -60.627239",Calle,,ROSARIO,Rosario,Asfalto,No existe,II,Dentro,Urbana,Ninguna,No existe,Recta,Bueno,Buena,Amanecer,Buen Tiempo,S/D,Peatón,Atropello,Ninguna,Faltante,Ninguna,Sin restricción
2018,9033,2018-09-06,Jueves,0,08:20:00,,0.0,2,"Bicicleta,Automóvil",Riobamba Y Ayacucho,2,1,0,0,1,0,0,"-32.965030, -60.631073",Calle,,ROSARIO,Rosario,Asfalto,No existe,II,Dentro,Urbana,Otra Señal,No existe,Intersección,Bueno,Buena,Diurna,Buen Tiempo,S/D,Ciclista,Atropello,Ninguna,"Horizontal,Vertical",Línea divisoria pintada,Sin restricción
2018,9034,2018-09-16,Domingo,0,16:10:00,,0.0,2,"Automóvil,Moto/Ciclomotor",Esmeralda 4000,2,1,0,0,1,0,0,"-32.986708, -60.630813",Calle,,ROSARIO,Rosario,Asfalto,No existe,II,Dentro,Urbana,Ninguna,No existe,Recta,Con baches,Buena,Diurna,Buen Tiempo,De alcance,S/D,Colisión,Ninguna,Faltante,Ninguna,Sin restricción
2018,9035,2018-09-14,Viernes,0,20:00:00,,0.0,2,"Automóvil,Moto/Ciclomotor",Entre Rios Y Lamadrid,3,2,0,0,1,0,0,"-31.656516, -60.731356",Calle,,SANTA FE,La Capital,Asfalto,No existe,I,Dentro,Urbana,Ninguna,No existe,Intersección,Bueno,Buena,Nocturna,Buen Tiempo,Lateral,S/D,Colisión,Ninguna,Faltante,Ninguna,Sin restricción
2018,9036,2018-09-15,Sabado,0,20:00:00,,0.0,2,"Moto/Ciclomotor,Pickup/Utilitario",Laprida Y Bv. Segui,2,1,0,0,1,0,0,"-32.979710, -60.642430",Avenida,,ROSARIO,Rosario,Asfalto,No existe,II,Dentro,Urbana,Señal Pare,No existe,Intersección,Bueno,Buena,"Nocturna,Con luz artificial",Buen Tiempo,Lateral,S/D,Colisión,Ninguna,"Horizontal,Vertical","Cordón divisorio,Vegetación",Sin restricción
2018,9037,2018-09-26,Miercoles,0,,Autopista Nacional A007,0.0,2,"Moto/Ciclomotor,Automóvil",Av Circunvalaci?n ,2,1,0,0,1,0,0,"-31.646648938356, -60.741901386939",Autopista,A007,SANTA FE,La Capital,Asfalto,Pavimento,I,Dentro,Urbana,Ninguna,No existe,Recta,"Bueno,Otro",Buena,S/D,Buen Tiempo,De alcance,S/D,Colisión,Otro,Faltante,S/D,Obra en Construcción
2018,9038,2018-09-15,Sabado,0,15:40:00,,0.0,2,"Automóvil,Peatón",Abanderado Grandoli Y Bv. Segui,2,1,0,0,1,0,0,"-32.982425, -60.627977",Avenida,,ROSARIO,Rosario,Asfalto,No existe,II,Dentro,Urbana,Ninguna,No existe,Intersección,Con baches,Buena,Diurna,Buen Tiempo,S/D,Peatón,Atropello,Ninguna,Faltante,Ninguna,Sin restricción
2018,9039,2018-09-13,Jueves,0,23:45:00,,0.0,2,"Moto/Ciclomotor,Automóvil",J J Paso Y San Lorenzo,2,1,0,0,1,0,0,"-31.661683, -60.722044",Calle,,SANTA FE,La Capital,Asfalto,No existe,I,Dentro,Urbana,Semáforo,Funciona,Recta,Bueno,Buena,Nocturna,Buen Tiempo,De alcance,S/D,Colisión,Ninguna,Vertical,Cordón divisorio,Sin restricción
2018,9040,2018-09-14,Viernes,0,17:50:00,,0.0,2,"Moto/Ciclomotor,Moto/Ciclomotor",Ayacucho Y Biedma,2,2,0,0,0,0,0,"-32.983353, -60.635848",Calle,,ROSARIO,Rosario,Asfalto,No existe,II,Dentro,Urbana,Ninguna,No existe,Intersección,Con baches,Buena,Diurna,Buen Tiempo,Lateral,S/D,Colisión,Ninguna,Faltante,Ninguna,Sin restricción
2018,9041,2018-09-05,Miercoles,0,18:00:00,,0.0,2,"Moto/Ciclomotor,Automóvil",J J Paso 4100,3,1,0,0,2,0,0,"-31.660287, -60.730838",Calle,,SANTA FE,La Capital,Tierra,No existe,I,Dentro,Urbana,Ninguna,No existe,Recta,Deteriorada,Buena,Diurna,Buen Tiempo,De alcance,S/D,Colisión,Ninguna,Faltante,Ninguna,Sin restricción
2018,9042,2018-09-14,Viernes,0,00:50:00,,0.0,1,Automóvil,Centeno Y Ayacucho,1,1,0,0,0,0,0,"-32.986878, -60.636360",Calle,,ROSARIO,Rosario,Asfalto,No existe,II,Dentro,Urbana,Paso Peatonal,No existe,Intersección,Con baches,Buena,Nocturna,Buen Tiempo,Contra objeto fijo,S/D,Colisión,Ninguna,Horizontal,Ninguna,Sin restricción
2018,9043,2018-09-11,Martes,0,14:10:00,,0.0,2,"Moto/Ciclomotor,Automóvil",Amenabar Y L.N.Alem,3,1,0,0,2,0,0,"-32.973980, -60.634753",Calle,,ROSARIO,Rosario,Asfalto,No existe,II,Dentro,Urbana,Otra Señal,No existe,Intersección,Bueno,Buena,Diurna,Buen Tiempo,Lateral,S/D,Colisión,Ninguna,"Horizontal,Vertical",Línea divisoria pintada,Sin restricción
2018,9044,2018-09-06,Jueves,0,07:00:00,,0.0,2,"Moto/Ciclomotor,Moto/Ciclomotor",Corrientes Y Dr Zavalla,3,2,0,0,1,0,0,"-31.651459, -60.721763",Calle,,SANTA FE,La Capital,Asfalto,No existe,I,Dentro,Urbana,Ninguna,No existe,Intersección,Con baches,Buena,Amanecer,Otro,Lateral,S/D,Colisión,Ninguna,Faltante,Ninguna,Sin restricción
2018,9045,2018-09-10,Lunes,0,17:10:00,,0.0,2,"Moto/Ciclomotor,Automóvil",Buenos Aires Y Bv. Segui,2,1,0,0,1,0,0,"-32.979957, -60.640902",Avenida,,ROSARIO,Rosario,Asfalto,No existe,II,Dentro,Urbana,Paso Peatonal,No existe,Intersección,Bueno,Buena,Diurna,Buen Tiempo,Lateral,S/D,Colisión,Ninguna,Horizontal,"Cordón divisorio,Vegetación",Sin restricción
2018,9046,2018-09-06,Jueves,0,20:10:00,Ruta Nacional 11,0.0,2,"Bicicleta,Pickup/Utilitario",Av Freyre Y Corrientes,2,1,0,0,1,0,0,"-31.651672, -60.720354",Ruta,11,SANTA FE,La Capital,Asfalto,No existe,I,Dentro,Urbana,Semáforo,Funciona,Intersección,Bueno,Buena,Nocturna,Buen Tiempo,S/D,Ciclista,Atropello,Ninguna,Vertical,Cordón divisorio,Sin restricción
2018,9047,2018-09-09,Domingo,0,07:30:00,,0.0,1,Automóvil,Maipu Y Virasoro,1,1,0,0,0,0,0,"-32.970375, -60.641413",Calle,,ROSARIO,Rosario,Asfalto,No existe,II,Dentro,Urbana,Ninguna,No existe,Intersección,Bueno,Buena,Diurna,Buen Tiempo,Contra objeto fijo,S/D,Colisión,Ninguna,Faltante,Ninguna,Sin restricción
2018,9048,2018-09-10,Lunes,0,10:00:00,,0.0,2,"Moto/Ciclomotor,Vehículo Oficial",San Lorenzo Y Monse?or Zaspe,4,2,0,0,1,0,1,"-31.654208, -60.719792",Calle,,SANTA FE,La Capital,Asfalto,No existe,I,Dentro,Urbana,Ninguna,No existe,Intersección,Con baches,Buena,Diurna,Buen Tiempo,De alcance,S/D,Colisión,Ninguna,Faltante,Ninguna,Sin restricción