anio_acci,nro_acci,fecha,desc_dia,fecha_aprox,hora_aprox,desc_ruta,km,cant_participantes,desc_participante,calle_avenida_km,total,heridos_leves,heridos_graves,heridos_gravisimos,ilesos,fallecidos,sin_datos,posicion_XY,desc_tipo_via,desc_ruta_ori,desc_loc,desc_dpto,desc_tipo_calzada,desc_tipo_banquina,desc_unidad_regional,desc_lugar_calzada,desc_zona,desc_prioridad,desc_estado_semaforo,desc_lugar_via,desc_estado_via,desc_estado_visibilidad,desc_luminosidad,desc_estado_clima,desc_tipo_colision,desc_tipo_atropello,desc_tipo_hecho,desc_pres_calzada,desc_senializacion,desc_separacion_via,desc_restriccion
2018,9049,2018-09-07,Viernes,0,20:30:00,,0.0,2,"Moto/Ciclomotor,Automóvil",L.N.Alem Y Bv. Segui,2,1,0,0,1,0,0,"-32.980755, -60.636516",Calle,,ROSARIO,Rosario,Asfalto,No existe,II,Dentro,Urbana,Señal Ceda el Paso,No existe,Intersección,Bueno,Buena,"Nocturna,Con luz artificial",Buen Tiempo,De alcance,S/D,Colisión,Ninguna,Vertical,"Cordón divisorio,Vegetación",Sin restricción
2018,9050,2018-10-11,Jueves,0,23:15:00,Ruta Nacional 11,0.0,2,"Moto/Ciclomotor,Automóvil",Intendente Manuel Irigoyen ,3,2,0,0,1,0,0,"-31.666436, -60.745117",Ruta,11,SANTA FE,La Capital,Asfalto,Pavimento,I,Dentro,Urbana,Ninguna,No existe,Recta,Bueno,Reducida,Nocturna,Buen Tiempo,De alcance,S/D,Colisión,Ninguna,Faltante,Ninguna,Sin restricción
2018,9051,2018-09-11,Martes,0,21:30:00,,0.0,1,Automóvil,San Lorenzo Y Monse?or Zaspe,1,1,0,0,0,0,0,"-31.654215, -60.719788",Calle,,SANTA FE,La Capital,Asfalto,No existe,I,Dentro,Urbana,Ninguna,No existe,Intersección,Otro,Buena,Nocturna,Buen Tiempo,Contra objeto fijo,S/D,Colisión,Agua,Faltante,Ninguna,Sin restricción
2018,9052,2018-09-06,Jueves,0,10:30:00,,0.0,2,"Automóvil,Automóvil",Dean Funes 800,2,1,0,0,1,0,0,"-32.976349, -60.641579",Calle,,ROSARIO,Rosario,Asfalto,No existe,II,Dentro,Urbana,Ninguna,No existe,Intersección,Bueno,Buena,Diurna,Buen Tiempo,Lateral,S/D,Colisión,Ninguna,Faltante,Ninguna,Sin restricción
2018,9053,2018-09-25,Martes,0,00:35:00,,0.0,2,"Moto/Ciclomotor,Automóvil",Gaboto Y Bv. Oro?o,3,2,0,0,1,0,0,"-32.970587, -60.660204",Avenida,,ROSARIO,Rosario,Asfalto,No existe,II,Dentro,Urbana,Semáforo,Intermitente,Intersección,Bueno,Buena,"Nocturna,Con luz artificial",Buen Tiempo,Lateral,S/D,Colisión,Ninguna,"Horizontal,Vertical","Cordón divisorio,Vegetación",Sin restricción
2018,9054,2018-09-25,Martes,0,10:00:00,,0.0,3,"Automóvil,Moto/Ciclomotor,Automóvil",Lamadrid Y San Martin,5,4,0,0,1,0,0,"-32.997082, -60.648001",Calle,,ROSARIO,Rosario,Asfalto,No existe,II,Dentro,Urbana,Semáforo,Funciona,Intersección,Bueno,Buena,Diurna,Buen Tiempo,Múltiple,S/D,Colisión,Ninguna,Vertical,Cordón divisorio,Sin restricción
2018,9055,2018-09-15,Sabado,0,18:45:00,,0.0,2,"Peatón,Automóvil",Av. Arijon Y Espa?a,2,1,0,0,1,0,0,"-33.003293, -60.657608",Avenida,,ROSARIO,Rosario,Asfalto,No existe,II,Dentro,Urbana,Semáforo,Funciona,Intersección,Bueno,Buena,Atardecer,Buen Tiempo,S/D,Peatón,Atropello,Ninguna,"Horizontal,Vertical",Línea divisoria pintada,Sin restricción
2018,9056,2018-11-09,Viernes,0,09:40:00,Ruta Provincial 1,288.0,1,Moto/Ciclomotor, ,2,1,0,0,1,0,0,"-29.368731066389, -59.734605106418",Ruta,1,LOS LAURELES,General Obligado,Asfalto,Natural,IX,S/D,Urbana,Marca Vial,No existe,Recta,Bueno,Buena,Diurna,Buen Tiempo,S/D,S/D,Despiste,Ninguna,Faltante,Línea divisoria pintada,Sin restricción
2018,9057,2018-01-17,Miercoles,0,03:30:00,,0.0,1,Automóvil, ,1,1,0,0,0,0,0,"-32.95826, -60.68911",S/D,,ROSARIO,Rosario,S/D,S/D,II,S/D,S/D,S/D,S/D,S/D,S/D,S/D,Nocturna,S/D,S/D,S/D,Colisión,S/D,S/D,S/D,S/D
2018,9058,2018-11-11,Domingo,0,00:30:00,,0.0,2,"Automóvil,Moto/Ciclomotor",Av. Ovidio Lagos Y Av. Battle y Ordo?ez,2,1,0,0,1,0,0,"-33.009694444444,-60.677361111111",Avenida,,ROSARIO,Rosario,Asfalto,No existe,II,S/D,Urbana,Semáforo,Intermitente,Intersección,S/D,S/D,"Nocturna,Con luz artificial",Lluvia,S/D,S/D,Colisión,S/D,"Horizontal,Vertical",Cordón divisorio,Obra en Construcción
2018,9059,2018-01-17,Miercoles,0,02:00:00,,0.0,1,Automóvil,Espa?a Y Av. Uriburu,2,1,0,0,0,0,1,"-32.991166666667,-60.658111111111",Calle,,ROSARIO,Rosario,Asfalto,No existe,II,Dentro,Urbana,S/D,S/D,Intersección,S/D,S/D,Nocturna,S/D,S/D,S/D,Colisión,S/D,S/D,S/D,Sin restricción
2018,9060,2018-11-21,Miercoles,0,15:40:00,,0.0,2,"Automóvil,Moto/Ciclomotor",Bv. Avellaneda 4800,2,1,0,0,1,0,0,"-32.994083333333,-60.689388888889",Avenida,,ROSARIO,Rosario,Asfalto,No existe,II,Dentro,Urbana,S/D,No existe,Recta,S/D,Buena,Diurna,S/D,S/D,S/D,Colisión,S/D,S/D,Cordón divisorio,S/D
2018,9061,2018-01-19,Viernes,0,01:30:00,Autopista Nacional A008,0.0,1,Moto/Ciclomotor,Av. Circunvalacion ,1,0,1,0,0,0,0,"-32.96509, -60.71934",Autopista,A008,ROSARIO,Rosario,Asfalto,S/D,II,Dentro,Rural,S/D,No existe,Recta,Bueno,S/D,Nocturna,S/D,S/D,S/D,Colisión,S/D,S/D,S/D,Sin restricción
2018,9062,2018-11-09,Viernes,0,15:35:00,,0.0,2,"Camión Chasis,Moto/Ciclomotor",Lamadrid Y Av. Francia,4,2,0,0,2,0,0,"-32.998,-60.678055555556",Avenida,,ROSARIO,Rosario,Asfalto,S/D,II,S/D,Urbana,S/D,Funciona,Intersección,S/D,Buena,Diurna,S/D,S/D,S/D,Colisión,S/D,S/D,Cordón divisorio,S/D
2018,9063,2018-11-08,Jueves,0,23:30:00,,0.0,2,"Automóvil,Moto/Ciclomotor",Urquiza Y Tte. roca,6,1,0,0,5,0,0,"-32.747583333333,-60.739472222222",S/D,,SAN LORENZO,San Lorenzo,S/D,S/D,XVII,S/D,S/D,S/D,S/D,S/D,S/D,S/D,S/D,S/D,S/D,S/D,Colisión,S/D,S/D,S/D,S/D
2018,9064,2018-01-19,Viernes,0,00:00:00,Autopista Nacional A008,0.0,1,Moto/Ciclomotor,Baigorria Y Av. Circunvalacion,1,0,1,0,0,0,0,"-32.89436, -60.72103",Autopista,A008,ROSARIO,Rosario,Asfalto,S/D,II,Dentro,Urbana,Ninguna,No existe,Intersección,S/D,S/D,Nocturna,S/D,S/D,S/D,Colisión,S/D,S/D,S/D,Sin restricción
2018,9065,2018-11-10,Sabado,0,23:10:00,,0.0,2,"Moto/Ciclomotor,Moto/Ciclomotor",Av. Avellaneda B Y Cnel.Winter,3,2,0,0,1,0,0,"-32.985055555556,-60.688527777778",Avenida,,ROSARIO,Rosario,Asfalto,S/D,II,Dentro,Urbana,S/D,S/D,Intersección,S/D,S/D,"Nocturna,Con luz artificial",S/D,S/D,S/D,Colisión,S/D,S/D,Cordón divisorio,S/D
2018,9066,2018-10-02,Martes,0,15:05:00,,0.0,2,"Pickup/Utilitario,Moto/Ciclomotor",Juan B Justo Y R Matassi,2,0,0,0,0,0,2,"-33.763416666667,-61.950972222222",Calle,,VENADO TUERTO,General López,S/D,S/D,VIII,S/D,Urbana,S/D,S/D,Intersección,S/D,S/D,Diurna,S/D,S/D,S/D,Colisión,S/D,S/D,S/D,S/D
2018,9067,2018-01-22,Lunes,0,13:45:00,Autopista Nacional A008,0.0,1,Automóvil,Av. Circunvalacion ,1,0,1,0,0,0,0,"-33.0153, -60.66085",Autopista,A008,ROSARIO,Rosario,Asfalto,S/D,II,S/D,S/D,S/D,No existe,S/D,S/D,S/D,Diurna,Buen Tiempo,S/D,S/D,Colisión,S/D,S/D,S/D,Sin restricción
2018,9068,2018-01-24,Miercoles,0,17:10:00,,0.0,1,Moto/Ciclomotor, ,1,1,0,0,0,0,0,"-32.95883, -60.693",S/D,,ROSARIO,Rosario,S/D,S/D,II,S/D,S/D,S/D,S/D,S/D,S/D,S/D,Diurna,S/D,S/D,S/D,Colisión,S/D,S/D,S/D,S/D
2018,9069,2018-11-14,Miercoles,0,19:40:00,,0.0,2,"Automóvil,Peatón",Av. Arijon Y Pueyrredon,2,1,0,0,1,0,0,"-33.003611111111,-60.669083333333",Avenida,,ROSARIO,Rosario,Asfalto,S/D,II,S/D,Urbana,Semáforo,Funciona,Intersección,Bueno,Buena,Atardecer,S/D,S/D,Peatón,Atropello,S/D,S/D,Ninguna,S/D
2018,9070,2018-11-08,Jueves,0,14:30:00,,0.0,2,"Pickup/Utilitario,Moto/Ciclomotor",Uriburu Y 3 de Febrero,4,0,0,0,0,0,4,"-32.743944444444,-60.740444444444",S/D,,SAN LORENZO,San Lorenzo,S/D,S/D,XVII,S/D,S/D,S/D,S/D,S/D,S/D,S/D,S/D,S/D,S/D,S/D,S/D,S/D,S/D,S/D,S/D
2018,9071,2018-01-31,Miercoles,0,22:45:00,Autopista Provincial Brigadier E.López,0.0,1,Moto/Ciclomotor,Autopista Rosario - Santa Fe ,1,0,1,0,0,0,0,"-32.88418, -60.71095",Autopista,Brigadier E.López,ROSARIO,Rosario,Asfalto,Pavimento,II,S/D,Rural,Ninguna,No existe,Recta,S/D,S/D,Nocturna,S/D,S/D,S/D,Colisión,S/D,S/D,Vegetación,S/D
2018,9072,2018-11-13,Martes,0,13:20:00,,0.0,2,"Automóvil,Automóvil",Sanchez de Bustamante Y Pueyrredon,2,1,0,0,1,0,0,"-33.002611111111,-60.669138888889",Calle,,ROSARIO,Rosario,Asfalto,No existe,II,S/D,Urbana,S/D,No existe,Intersección,"Con baches,Resbaladiza",Buena,Diurna,Lluvia,S/D,S/D,Colisión,Agua,Faltante,S/D,S/D
2018,9073,2018-11-12,Lunes,0,14:30:00,,0.0,2,"Moto/Ciclomotor,Automóvil",Av San Lorenzo Y Carlos Pellegrini,2,1,0,0,1,0,0,"-32.82975,-60.712277777778",Avenida,,CAPITÁN BERMÚDEZ,San Lorenzo,Asfalto,No existe,XVII,Dentro,Urbana,S/D,Funciona,Intersección,Bueno,Buena,Diurna,Buen Tiempo,S/D,S/D,Colisión,Ninguna,Faltante,Ninguna,S/D
2018,9074,2018-10-03,Miercoles,0,12:00:00,,0.0,2,"Pickup/Utilitario,Moto/Ciclomotor",Av Brasil Y Guemes,3,1,0,0,2,0,0,"-31.244083333333,-61.485111111111",Calle,,RAFAELA,Castellanos,S/D,S/D,V,S/D,Urbana,S/D,S/D,Intersección,S/D,S/D,Diurna,S/D,S/D,S/D,Colisión,S/D,S/D,S/D,S/D
2018,9075,2018-11-08,Jueves,0,21:40:00,,0.0,2,"Moto/Ciclomotor,Automóvil",Av San Martin Y Urquiza,2,1,0,0,1,0,0,"-32.747805555556,-60.734111111111",S/D,,SAN LORENZO,San Lorenzo,S/D,S/D,XVII,S/D,S/D,S/D,S/D,S/D,S/D,S/D,S/D,S/D,S/D,S/D,S/D,S/D,S/D,S/D,S/D
2018,9076,2018-11-13,Martes,0,20:00:00,,0.0,2,"Automóvil,Moto/Ciclomotor",R V Pairo Y Eva Peron,2,1,0,0,1,0,0,"-32.832055555556,-60.71525",Calle,,CAPITÁN BERMÚDEZ,San Lorenzo,Asfalto,S/D,XVII,S/D,Urbana,Ninguna,No existe,Intersección,Bueno,Buena,Nocturna,Buen Tiempo,S/D,S/D,Colisión,Ninguna,Faltante,Ninguna,S/D
2018,9077,2018-11-15,Jueves,0,17:30:00,,0.0,2,"Moto/Ciclomotor,Moto/Ciclomotor",Laprida ,3,2,0,0,1,0,0,"-32.80234, -60.72531",Calle,,CAPITÁN BERMÚDEZ,San Lorenzo,Ripio,No existe,XVII,S/D,Urbana,Ninguna,No existe,Intersección,Con baches,Buena,Diurna,Buen Tiempo,De alcance,S/D,Colisión,S/D,S/D,Ninguna,S/D
2018,9078,2018-11-08,Jueves,0,09:10:00,,0.0,2,"Automóvil,Moto/Ciclomotor",Montevideo Y Balcarce,2,1,0,0,1,0,0,"-32.953666666667,-60.654388888889",Calle,,ROSARIO,Rosario,S/D,S/D,II,S/D,Urbana,S/D,S/D,Intersección,S/D,S/D,Diurna,S/D,S/D,S/D,Colisión,S/D,S/D,S/D,S/D
2018,9079,2018-11-10,Sabado,0,02:00:00,,0.0,2,"Moto/Ciclomotor,Automóvil",Colon 260,3,2,0,0,1,0,0,"-32.759611111111,-60.730638888889",Calle,,SAN LORENZO,San Lorenzo,S/D,S/D,XVII,S/D,Urbana,S/D,S/D,Otro,S/D,S/D,S/D,S/D,S/D,S/D,Colisión,S/D,S/D,S/D,S/D
2018,9080,2018-02-17,Sabado,0,20:00:00,,0.0,1,Moto/Ciclomotor,Av. De Las Palmeras ,1,1,0,0,0,0,0,"-32.97917, -60.73598",Avenida,,ROSARIO,Rosario,Asfalto,S/D,II,S/D,Urbana,S/D,S/D,Recta,S/D,S/D,Nocturna,S/D,S/D,S/D,Colisión,S/D,S/D,S/D,S/D
2018,9081,2018-11-08,Jueves,0,10:15:00,,0.0,2,"Peatón,Bicicleta",Dorrego Y Av. Pellegrini,2,2,0,0,0,0,0,"-32.955416666667,-60.651972222222",Avenida,,ROSARIO,Rosario,S/D,S/D,II,S/D,Urbana,S/D,S/D,Intersección,S/D,S/D,Diurna,S/D,S/D,Peatón,Atropello,S/D,S/D,S/D,S/D
2018,9082,2018-10-01,Lunes,0,,,0.0,2,"Automóvil,Moto/Ciclomotor",GÁLVEZ Y Gdor Freyre,2,1,0,0,1,0,0,"-31.590204340923, -60.938295009536",Calle,,FRANCK,Las Colonias,S/D,S/D,XI,S/D,Urbana,S/D,S/D,S/D,S/D,S/D,Atardecer,S/D,S/D,S/D,Colisión,S/D,S/D,S/D,S/D
2018,9083,2018-11-14,Miercoles,0,10:00:00,,0.0,2,"Moto/Ciclomotor,Peatón",Belgrano Y Dorrego,2,1,0,0,0,0,1,"-32.746722222222,-60.737305555556",Calle,,SAN LORENZO,San Lorenzo,S/D,S/D,XVII,S/D,Urbana,S/D,S/D,Paso a Nivel FFCC,S/D,S/D,S/D,S/D,S/D,Peatón,Atropello,S/D,S/D,S/D,S/D
2018,9084,2018-02-18,Domingo,0,15:10:00,,0.0,2,"Moto/Ciclomotor,Otros",Rodriguez Y E.Zeballos,2,0,1,0,0,0,1,"-32.951333333333,-60.660916666667",Calle,,ROSARIO,Rosario,S/D,S/D,II,Dentro,Urbana,S/D,S/D,Intersección,S/D,S/D,Diurna,S/D,S/D,S/D,Colisión,S/D,S/D,S/D,S/D
2018,9085,2018-11-03,Sabado,0,01:50:00,,0.0,2,"Automóvil,Pickup/Utilitario",Av. Ovidio Lagos Y Rioja,4,2,0,0,2,0,0,"-32.943388888889,-60.661722222222",Avenida,,ROSARIO,Rosario,S/D,S/D,II,S/D,Urbana,Semáforo,Funciona,Intersección,S/D,S/D,Nocturna,S/D,S/D,S/D,Colisión,S/D,S/D,S/D,S/D
2018,9086,2018-02-17,Sabado,0,16:00:00,,0.0,2,"Bicicleta,Otros",Roullon 4200,2,0,1,0,0,0,1,"-32.978611111111,-60.700777777778",Calle,,ROSARIO,Rosario,Asfalto,S/D,II,Dentro,Urbana,S/D,S/D,Recta,S/D,S/D,Diurna,S/D,S/D,Ciclista,Atropello,S/D,S/D,S/D,S/D
2018,9087,2018-11-16,Viernes,0,08:30:00,,0.0,2,"Moto/Ciclomotor,Moto/Ciclomotor",General Lopez Y Moreno,2,1,0,0,1,0,0,"-32.752388888889,-60.735333333333",Calle,,SAN LORENZO,San Lorenzo,S/D,S/D,XVII,S/D,Urbana,S/D,S/D,Otro,S/D,S/D,S/D,S/D,S/D,S/D,Colisión,S/D,Vertical,S/D,S/D
2018,9088,2018-02-20,Martes,0,09:15:00,,0.0,2,"Moto/Ciclomotor,Otros", ,2,1,0,0,0,0,1,"-32.9587, -60.69303",S/D,,ROSARIO,Rosario,S/D,S/D,II,S/D,S/D,S/D,S/D,S/D,S/D,S/D,Diurna,S/D,S/D,S/D,Colisión,S/D,S/D,S/D,Sin restricción
2018,9089,2018-10-03,Miercoles,0,,,0.0,2,"Moto/Ciclomotor,Automóvil",Av Irigoyen Y Crespo,3,1,1,0,1,0,0,"-30.944254716741, -61.556492957676",Calle,,SUNCHALES,Castellanos,S/D,S/D,V,S/D,Urbana,S/D,S/D,Intersección,S/D,S/D,S/D,S/D,S/D,S/D,Colisión,S/D,S/D,S/D,S/D
2018,9090,2018-11-09,Viernes,0,16:10:00,,0.0,2,"Automóvil,Bicicleta",Dorrego Y Pasco,2,1,0,0,1,0,0,"-32.957583333333,-60.652527777778",Calle,,ROSARIO,Rosario,S/D,S/D,II,S/D,Urbana,S/D,S/D,Intersección,S/D,S/D,Diurna,S/D,S/D,Ciclista,Atropello,S/D,S/D,S/D,S/D
2018,9091,2018-11-05,Lunes,0,16:00:00,Ruta Provincial 91,0.0,2,"Automóvil,Moto/Ciclomotor",Salta ,2,1,0,0,1,0,0,"-28.624402340751, -61.622080985161",Ruta,91,VILLA MINETTI,9 de Julio,Ripio,No existe,XII,Dentro,Urbana,Ninguna,No existe,Curva,Deteriorada,Buena,Diurna,Buen Tiempo,Lateral,S/D,Colisión,Ninguna,Faltante,Ninguna,Sin restricción
2018,9092,2018-10-03,Miercoles,0,,Ruta Provincial 1,22.0,2,"Moto/Ciclomotor,Pickup/Utilitario", ,3,0,2,0,1,0,0,"-31.50966, -60.4561",Ruta,1,SANTA FE,La Capital,S/D,S/D,I,S/D,S/D,S/D,S/D,S/D,S/D,S/D,S/D,S/D,S/D,S/D,Colisión,S/D,S/D,S/D,S/D
2018,9093,2018-11-10,Sabado,0,12:05:00,,0.0,2,"Moto/Ciclomotor,Automóvil",Av. Pte.Peron Y Av. Ovidio Lagos,2,1,0,0,1,0,0,"-32.955527777778,-60.66475",Calle,,ROSARIO,Rosario,S/D,S/D,II,S/D,Urbana,S/D,S/D,Intersección,S/D,S/D,Diurna,S/D,S/D,S/D,Colisión,S/D,S/D,S/D,S/D
2018,9094,2018-11-05,Lunes,1,16:30:00,Ruta Provincial 32,0.0,1,Otros,CAMINO RURAL ,1,1,0,0,0,0,0,"-28.63153, -61.52327",Ruta,32,SAN BERNARDO,9 de Julio,Tierra,No existe,XVII,S/D,Rural,Ninguna,No existe,Recta,Bueno,Buena,Diurna,Buen Tiempo,S/D,S/D,Vuelco,S/D,Faltante,Ninguna,Sin restricción
2018,9095,2018-02-20,Martes,0,21:00:00,,0.0,1,Moto/Ciclomotor,Santa Fe Y Pueyrredon,1,1,0,0,0,0,0,"-32.941638888889,-60.657055555556",Calle,,ROSARIO,Rosario,Asfalto,S/D,II,Dentro,Urbana,S/D,S/D,Intersección,S/D,S/D,Nocturna,S/D,S/D,S/D,Colisión,S/D,S/D,S/D,S/D
2018,9096,2018-10-04,Jueves,0,,,0.0,2,"Moto/Ciclomotor,Otros",Av. Santa Fe Y Pellegrini,2,1,0,0,0,0,1,"-32.809861111111,-61.397166666667",Calle,,CAÑADA DE GÓMEZ,Iriondo,S/D,S/D,X,S/D,Urbana,S/D,S/D,Intersección,S/D,S/D,S/D,S/D,S/D,S/D,Colisión,S/D,S/D,S/D,S/D
2018,9097,2018-02-23,Viernes,0,02:00:00,,0.0,1,Transporte de Pasajeros Urbano (> 8 asientos),Av. De Las Palmeras Y Av. Uriburu,1,1,0,0,0,0,0,"-32.993, -60.73237",Avenida,,ROSARIO,Rosario,Asfalto,No existe,II,S/D,Urbana,S/D,S/D,Intersección,S/D,S/D,Nocturna,S/D,S/D,S/D,Colisión,S/D,S/D,S/D,S/D
2018,9098,2018-10-04,Jueves,0,,,0.0,2,"Automóvil,Moto/Ciclomotor",Ocampo 900,2,1,0,0,1,0,0,"-32.819055555556,-61.394805555556",Calle,,CAÑADA DE GÓMEZ,Iriondo,S/D,S/D,X,S/D,Urbana,S/D,S/D,S/D,S/D,S/D,S/D,S/D,De alcance,S/D,Colisión,S/D,S/D,S/D,S/D
2018,9099,2018-11-02,Viernes,0,08:00:00,Ruta Provincial 2,0.0,1,Otros, ,3,2,1,0,0,0,0,"-29.23406, -61.78272",Ruta,2,TOSTADO,9 de Julio,S/D,Natural,XII,Fuera,Urbana,Ninguna,No existe,Otro,Bueno,Buena,Diurna,Buen Tiempo,Otro,S/D,Vuelco,Ninguna,S/D,Ninguna,Sin restricción
2018,9100,2018-10-04,Jueves,0,,,0.0,2,"Moto/Ciclomotor,Automóvil",Rivadavia Y Independencia,2,1,0,0,1,0,0,"-32.815722222222,-61.407111111111",Calle,,CAÑADA DE GÓMEZ,Iriondo,S/D,S/D,X,S/D,Urbana,S/D,S/D,Intersección,S/D,S/D,S/D,S/D,S/D,S/D,Colisión,S/D,S/D,S/D,S/D
2018,9101,2018-02-23,Viernes,0,02:00:00,Ruta Nacional Gral. Juan Jose Valle,0.0,2,"Moto/Ciclomotor,Otros", ,2,0,0,1,0,0,1,"-33.16615, -60.53274",Ruta,Gral. Juan José Valle,ARROYO SECO,Rosario,S/D,S/D,II,S/D,S/D,S/D,S/D,S/D,S/D,S/D,Nocturna,S/D,S/D,S/D,Colisión,S/D,S/D,S/D,S/D
2018,9102,2018-11-08,Jueves,0,12:40:00,Ruta Secundaria 292-s,0.0,2,"Camión Chasis,Pickup/Utilitario", ,2,1,0,0,1,0,0,"-28.621355351310, -61.631350699516",Ruta,292-s,VILLA MINETTI,9 de Julio,Tierra,Natural,XII,Dentro,Rural,Ninguna,No existe,Recta,Con baches,Reducida polvo,Diurna,Buen Tiempo,De alcance,S/D,Colisión,Ninguna,Faltante,Ninguna,Sin restricción
2018,9103,2018-10-05,Viernes,0,07:40:00,,0.0,2,"Moto/Ciclomotor,Automóvil",Lisandro de la Torre Y 25 de Mayo,3,1,0,0,2,0,0,"-33.749194444444,-61.973277777778",Calle,,VENADO TUERTO,General López,S/D,S/D,VIII,S/D,Urbana,S/D,S/D,Intersección,S/D,S/D,Amanecer,S/D,S/D,S/D,Colisión,S/D,S/D,S/D,S/D
2018,9104,2018-10-05,Viernes,0,14:00:00,,0.0,2,"Moto/Ciclomotor,Camión",Mariano Moreno Y Colon,2,1,0,0,1,0,0,"-31.439111111111,-60.929277777778",Calle,,ESPERANZA,Las Colonias,S/D,S/D,XI,S/D,Urbana,S/D,S/D,Intersección,S/D,S/D,Diurna,S/D,S/D,S/D,Colisión,S/D,S/D,S/D,S/D
2018,9105,2018-10-04,Jueves,0,08:30:00,,0.0,2,"Moto/Ciclomotor,Automóvil",Pueyrredon Y San Martin,2,1,0,0,1,0,0,"-31.4455,-60.929305555556",Calle,,ESPERANZA,Las Colonias,S/D,S/D,XI,S/D,Urbana,S/D,S/D,Intersección,S/D,S/D,Amanecer,S/D,S/D,S/D,Colisión,S/D,S/D,S/D,S/D
2018,9106,2018-09-11,Martes,0,13:00:00,,0.0,2,"Vehículo Oficial,Moto/Ciclomotor",Hipolito Yrigoyen ,3,1,0,0,2,0,0,"-31.640661425108, -60.713860041957",Calle,,SANTA FE,La Capital,Asfalto,No existe,I,Dentro,Urbana,Ninguna,No existe,Recta,Bueno,Buena,Diurna,Buen Tiempo,De alcance,S/D,Colisión,Ninguna,Faltante,Ninguna,Sin restricción
2018,9108,2018-09-13,Jueves,0,19:00:00,,0.0,2,"Automóvil,Moto/Ciclomotor",Francia Y Av Gral Lopez,2,1,0,0,1,0,0,"-31.655713, -60.717482",Avenida,,SANTA FE,La Capital,Asfalto,No existe,I,Dentro,Urbana,Paso Peatonal,No existe,Intersección,Bueno,Buena,Atardecer,Buen Tiempo,Lateral,S/D,Colisión,Ninguna,Horizontal,Línea divisoria pintada,Sin restricción
2018,9109,2018-09-16,Domingo,0,07:40:00,,0.0,2,"Moto/Ciclomotor,Automóvil",Av Mosconi Y Juan de Garay,2,1,0,0,1,0,0,"-31.648518, -60.730160",Avenida,,SANTA FE,La Capital,Asfalto,No existe,I,Dentro,Urbana,Ninguna,No existe,Recta,Bueno,Buena,Diurna,Buen Tiempo,Lateral,S/D,Colisión,Ninguna,Faltante,Ninguna,Sin restricción
2018,9110,2018-09-17,Lunes,0,01:00:00,,0.0,2,"Moto/Ciclomotor,Automóvil",Uruguay Y Entre Rios,2,1,0,0,1,0,0,"-32.976275, -60.648576",Calle,,ROSARIO,Rosario,Asfalto,No existe,II,Dentro,Urbana,Semáforo,Intermitente,Intersección,Bueno,Buena,"Nocturna,Con luz artificial",Buen Tiempo,Lateral,S/D,Colisión,Ninguna,"Horizontal,Vertical",Línea divisoria pintada,Sin restricción
2018,9111,2018-09-19,Miercoles,0,20:15:00,,0.0,2,"Pickup/Utilitario,Automóvil",24 De Setiembre Y Callao,4,1,0,0,3,0,0,"-32.976296, -60.668598",Calle,,ROSARIO,Rosario,Asfalto,No existe,II,Dentro,Urbana,Ninguna,No existe,Intersección,Bueno,Buena,Nocturna,Buen Tiempo,Lateral,S/D,Colisión,Ninguna,Faltante,Ninguna,Sin restricción
2018,9112,2018-09-21,Viernes,0,13:20:00,Ruta Nacional 11,0.0,2,"Moto/Ciclomotor,Automóvil",Av J J Paso Y Dr Zavalla,2,0,1,0,1,0,0,"-31.661210, -60.724599",Ruta,11,SANTA FE,La Capital,Asfalto,Pavimento,I,Dentro,Urbana,Ninguna,No existe,Intersección,S/D,S/D,Diurna,S/D,S/D,S/D,Colisión,S/D,Faltante,Ninguna,S/D
2018,9113,2018-09-28,Viernes,0,20:00:00,Ruta Nacional 11,0.0,2,"Automóvil,Moto/Ciclomotor",J J Paso Y Dr Zavalla,2,1,0,0,1,0,0,"-31.661210, -60.724599",Ruta,11,SANTA FE,La Capital,Asfalto,Pavimento,I,Dentro,Urbana,Ninguna,No existe,Intersección,S/D,S/D,Nocturna,S/D,S/D,S/D,Colisión,S/D,Faltante,Ninguna,Sin restricción
2018,9114,2018-09-19,Miercoles,0,12:45:00,,0.0,2,"Moto/Ciclomotor,Automóvil",Av. Corrientes A Y Esteban de Luca,2,1,0,0,1,0,0,"-32.995088, -60.653538",Calle,,ROSARIO,Rosario,Asfalto,No existe,II,Dentro,Urbana,Ninguna,No existe,Intersección,Bueno,Buena,Diurna,Buen Tiempo,Lateral,S/D,Colisión,Ninguna,Faltante,Ninguna,Sin restricción
2018,9115,2018-09-10,Lunes,0,10:30:00,,0.0,2,"Moto/Ciclomotor,Automóvil",Av. Corrientes A Y Mr.Ross,3,2,0,0,1,0,0,"-32.987508, -60.652863",Calle,,ROSARIO,Rosario,Asfalto,No existe,II,Dentro,Urbana,Ninguna,No existe,Intersección,Bueno,Buena,Diurna,Buen Tiempo,Lateral,S/D,Colisión,Ninguna,Faltante,Ninguna,Sin restricción
2018,9116,2018-09-16,Domingo,0,23:05:00,,0.0,2,"Moto/Ciclomotor,Automóvil",Bv. Oro?o Y Bv. Segui,2,1,0,0,1,0,0,"-32.976397, -60.661684",Avenida,,ROSARIO,Rosario,Asfalto,No existe,II,Dentro,Urbana,Semáforo,Funciona,Intersección,Bueno,Buena,"Nocturna,Con luz artificial",Buen Tiempo,Lateral,S/D,Colisión,Ninguna,"Horizontal,Vertical","Cordón divisorio,Vegetación,Línea divisoria pintada",Sin restricción
2018,9117,2018-09-06,Jueves,0,19:00:00,,0.0,2,"Moto/Ciclomotor,Automóvil",Patricios 700,3,2,0,0,1,0,0,"-33.010855, -60.645943",Calle,,ROSARIO,Rosario,Asfalto,No existe,II,Dentro,Urbana,Ninguna,No existe,Intersección,Bueno,Buena,Nocturna,Buen Tiempo,Lateral,S/D,Colisión,Ninguna,Faltante,Ninguna,Sin restricción
2018,9118,2018-09-08,Sabado,0,21:20:00,,0.0,2,"Automóvil,Moto/Ciclomotor",Lamadrid 2711,3,2,0,0,1,0,0,"-31.639903, -60.726799",Calle,,SANTA FE,La Capital,Asfalto,No existe,I,Dentro,Urbana,Semáforo,Funciona,Recta,Bueno,Buena,Nocturna,Buen Tiempo,Otro,S/D,Colisión,Ninguna,Vertical,Ninguna,Sin restricción