anio_acci,nro_acci,fecha,desc_dia,fecha_aprox,hora_aprox,desc_ruta,km,cant_participantes,desc_participante,calle_avenida_km,total,heridos_leves,heridos_graves,heridos_gravisimos,ilesos,fallecidos,sin_datos,posicion_XY,desc_tipo_via,desc_ruta_ori,desc_loc,desc_dpto,desc_tipo_calzada,desc_tipo_banquina,desc_unidad_regional,desc_lugar_calzada,desc_zona,desc_prioridad,desc_estado_semaforo,desc_lugar_via,desc_estado_via,desc_estado_visibilidad,desc_luminosidad,desc_estado_clima,desc_tipo_colision,desc_tipo_atropello,desc_tipo_hecho,desc_pres_calzada,desc_senializacion,desc_separacion_via,desc_restriccion
2018,9119,2018-09-10,Lunes,0,14:30:00,,0.0,2,"Bicicleta,Automóvil",Entre Rios 4400,2,1,0,0,1,0,0,"-32.987765, -60.651487",Calle,,ROSARIO,Rosario,Asfalto,No existe,II,Dentro,Urbana,Ninguna,No existe,Intersección,Bueno,Buena,Diurna,Buen Tiempo,S/D,Ciclista,Atropello,Ninguna,Faltante,Ninguna,Sin restricción
2018,9120,2018-09-07,Viernes,0,12:45:00,,0.0,2,"Moto/Ciclomotor,Peatón",Rodriguez Y Av. Uriburu,4,3,1,0,0,0,0,"-32.991370, -60.670983",Avenida,,ROSARIO,Rosario,Asfalto,No existe,II,Dentro,Urbana,Semáforo,No existe,Intersección,Bueno,Buena,Diurna,Buen Tiempo,S/D,Peatón,Atropello,Ninguna,"Horizontal,Vertical","Cordón divisorio,Vegetación",Sin restricción
2018,9121,2018-09-29,Sabado,0,21:00:00,Ruta Nacional 11,0.0,2,"Bicicleta,Automóvil",Hipolito Yrigoyen Y Gdor Freyre,2,1,0,0,1,0,0,"-31.640110, -60.717025",Ruta,11,SANTA FE,La Capital,Asfalto,No existe,I,Dentro,Urbana,Semáforo,Funciona,Recta,Bueno,Buena,Nocturna,Buen Tiempo,S/D,Ciclista,Atropello,Ninguna,Vertical,Ninguna,Sin restricción
2018,9122,2018-09-11,Martes,0,13:40:00,,0.0,2,"Moto/Ciclomotor,Pickup/Utilitario",Bv. Segui Y Entre Rios,3,2,0,0,1,0,0,"-32.978482, -60.649135",Avenida,,ROSARIO,Rosario,Asfalto,No existe,II,Dentro,Urbana,Señal Pare,No existe,Intersección,Bueno,Buena,Diurna,Buen Tiempo,Lateral,S/D,Colisión,Ninguna,Vertical,Ninguna,Sin restricción
2018,9123,2018-09-21,Viernes,0,13:50:00,,0.0,2,"Pickup/Utilitario,Moto/Ciclomotor",Av Pte Peron 3500,2,1,0,0,1,0,0,"-31.632706, -60.717446",Avenida,,SANTA FE,La Capital,Asfalto,No existe,I,Dentro,Urbana,Semáforo,Funciona,Recta,Bueno,Buena,Atardecer,S/D,S/D,S/D,Colisión,Ninguna,Vertical,Cordón divisorio,S/D
2018,9124,2018-09-23,Domingo,0,03:25:00,,0.0,2,"Moto/Ciclomotor,Automóvil",Catamarca Y Francia,2,1,0,0,1,0,0,"-31.643038, -60.713787",Calle,,SANTA FE,La Capital,Asfalto,No existe,I,Dentro,Urbana,Semáforo,Funciona,Recta,Bueno,Buena,Nocturna,Buen Tiempo,Otro,S/D,Colisión,Ninguna,Vertical,Ninguna,Sin restricción
2018,9125,2018-09-26,Miercoles,0,07:45:00,,0.0,2,"Moto/Ciclomotor,Pickup/Utilitario",Bv Pellegrini Y San Lorenzo,2,1,0,0,1,0,0,"-31.633407, -60.713808",Calle,,SANTA FE,La Capital,Asfalto,No existe,I,Dentro,Urbana,Semáforo,Funciona,Recta,Bueno,Buena,Amanecer,Buen Tiempo,Otro,S/D,Colisión,Ninguna,Vertical,Ninguna,Sin restricción
2018,9126,2018-09-06,Jueves,0,18:00:00,,0.0,2,"Automóvil,Moto/Ciclomotor",San Martin Y Olegario V.Andrade,2,1,0,0,1,0,0,"-32.995837, -60.647745",Avenida,,ROSARIO,Rosario,Asfalto,No existe,II,Dentro,Urbana,Semáforo,Funciona,Intersección,Bueno,Buena,Diurna,Buen Tiempo,Lateral,S/D,Colisión,Ninguna,Vertical,Cordón divisorio,Sin restricción
2018,9127,2018-09-28,Viernes,0,08:30:00,Ruta Nacional 11,0.0,2,"Moto/Ciclomotor,Automóvil",Av Lopez y Planes ,2,1,0,0,1,0,0,"-31.624058, -60.713613",Ruta,11,SANTA FE,La Capital,Asfalto,No existe,I,Dentro,Urbana,Semáforo,Funciona,Recta,Bueno,Buena,Diurna,Buen Tiempo,Otro,S/D,Colisión,Ninguna,Vertical,Cordón divisorio,Sin restricción
2018,9128,2018-09-10,Lunes,0,13:00:00,,0.0,2,"Moto/Ciclomotor,Moto/Ciclomotor",San Martin Y Av. Battle y Ordo?ez,2,1,0,0,1,0,0,"-33.009280, -60.650624",Avenida,,ROSARIO,Rosario,Asfalto,No existe,II,Dentro,Urbana,Semáforo,Funciona,Recta,Bueno,Buena,Diurna,Buen Tiempo,Lateral,S/D,Colisión,Ninguna,"Horizontal,Vertical",Línea divisoria pintada,Sin restricción
2018,9129,2018-09-06,Jueves,0,19:50:00,,0.0,2,"Bicicleta,Moto/Ciclomotor",San Martin Y Bv. Segui,2,2,0,0,0,0,0,"-32.979535, -60.644293",Avenida,,ROSARIO,Rosario,Asfalto,No existe,II,Dentro,Urbana,Semáforo,No existe,Intersección,Bueno,Buena,"Nocturna,Con luz artificial",Buen Tiempo,S/D,Ciclista,Atropello,Ninguna,"Horizontal,Vertical","Cordón divisorio,Vegetación",Sin restricción
2018,9130,2018-09-13,Jueves,0,16:00:00,Autopista Nacional A008,0.0,2,"Moto/Ciclomotor,Pickup/Utilitario",Av. Ntra.Sra.del Rosario Y Av. Tte Gral Sanchez,3,2,0,0,1,0,0,"-32.998866, -60.617713",Autopista,A008,ROSARIO,Rosario,Asfalto,Pavimento,II,Dentro,Urbana,Ninguna,No existe,Intersección,Bueno,Buena,Diurna,Buen Tiempo,Lateral,S/D,Colisión,Ninguna,Faltante,Ninguna,Sin restricción
2018,9131,2018-09-13,Jueves,0,13:25:00,,0.0,2,"Automóvil,Moto/Ciclomotor",Av. Uriburu Y Laprida,3,2,0,0,1,0,0,"-32.990572, -60.645168",Calle,,ROSARIO,Rosario,Asfalto,No existe,II,Dentro,Urbana,Semáforo,Funciona,Intersección,Bueno,Buena,Diurna,Buen Tiempo,Lateral,S/D,Colisión,Ninguna,"Horizontal,Vertical","Cordón divisorio,Línea divisoria pintada",Sin restricción
2018,9132,2018-09-13,Jueves,0,13:15:00,,0.0,2,"Automóvil,Moto/Ciclomotor",Bv. Segui 1300,2,1,0,0,1,0,0,"-32.978426, -60.649454",Avenida,,ROSARIO,Rosario,Asfalto,No existe,II,Dentro,Urbana,Señal Pare,No existe,Recta,Bueno,Buena,Diurna,Buen Tiempo,Lateral,S/D,Colisión,Ninguna,"Horizontal,Vertical",Ninguna,Sin restricción
2018,9133,2018-11-10,Sabado,0,22:55:00,,0.0,2,"Moto/Ciclomotor,Automóvil",12 de Octubre Y Hugo Wast,3,2,0,0,1,0,0,"-31.574194444444,-60.740972222222",Calle,,SANTA FE,La Capital,Asfalto,No existe,I,S/D,Urbana,Ninguna,No existe,Intersección,Con baches,Reducida,Nocturna,Buen Tiempo,De alcance,S/D,Colisión,Material Suelto,Faltante,Ninguna,Sin restricción
2018,9134,2018-11-14,Miercoles,0,20:30:00,,0.0,2,"Moto/Ciclomotor,Moto/Ciclomotor",Forest Y Donado,4,4,0,0,0,0,0,"-32.943916666667,-60.726833333333",Calle,,ROSARIO,Rosario,Asfalto,Pavimento,II,Dentro,Urbana,Ninguna,No existe,Intersección,Bueno,S/D,"Nocturna,Con luz artificial",S/D,Otro,S/D,Colisión,S/D,S/D,Ninguna,Sin restricción
2018,9135,2018-02-17,Sabado,0,17:10:00,,0.0,1,Moto/Ciclomotor,Rivarola ,1,0,1,0,0,0,0,"-32.96617, -60.72201",Calle,,ROSARIO,Rosario,S/D,No existe,II,Dentro,Urbana,S/D,S/D,S/D,S/D,S/D,Diurna,S/D,S/D,S/D,Colisión,S/D,S/D,S/D,S/D
2018,9136,2018-11-02,Viernes,0,22:00:00,,0.0,2,"Automóvil,Moto/Ciclomotor",Sarmiento Y 12 de Octubre,2,1,0,0,1,0,0,"-29.231888888889,-61.770888888889",Calle,,TOSTADO,9 de Julio,Asfalto,S/D,XII,S/D,Urbana,Ninguna,S/D,Recta,Bueno,S/D,S/D,Buen Tiempo,Otro,S/D,Colisión,Ninguna,S/D,Ninguna,S/D
2018,9137,2018-11-09,Viernes,0,12:20:00,,0.0,2,"Pickup/Utilitario,Moto/Ciclomotor",Bv. Segui Y Av. Provincias Unidas,2,0,1,0,1,0,0,"-32.971111111111,-60.711388888889",Avenida,,ROSARIO,Rosario,Asfalto,Pavimento,II,Dentro,Urbana,Semáforo,Funciona,Intersección,Bueno,Buena,Diurna,Buen Tiempo,De alcance,S/D,Colisión,Ninguna,Faltante,Barrera de hormigón,Sin restricción
2018,9138,2018-02-26,Lunes,0,22:10:00,,0.0,1,Moto/Ciclomotor,Garay Y Dorrego,1,1,0,0,0,0,0,"-32.9725,-60.656277777778",Calle,,ROSARIO,Rosario,Asfalto,No existe,II,Dentro,Urbana,S/D,S/D,Intersección,S/D,S/D,Nocturna,S/D,S/D,S/D,Colisión,S/D,S/D,S/D,S/D
2018,9139,2018-11-12,Lunes,0,07:30:00,,0.0,2,"Taxi/Remis,Moto/Ciclomotor",Rivarola Y C.Larralde,2,1,0,0,1,0,0,"-32.96625,-60.726027777778",Avenida,,ROSARIO,Rosario,Asfalto,Pavimento,II,Dentro,Urbana,Ninguna,No existe,Intersección,Bueno,Buena,Diurna,Buen Tiempo,Frontal,S/D,Colisión,Ninguna,Faltante,Barrera de hormigón,Sin restricción
2018,9140,2018-11-14,Miercoles,0,12:20:00,,0.0,2,"Peatón,Moto/Ciclomotor",Ocampo Y Garzon,2,1,0,0,0,0,1,"-32.957833333333,-60.704972222222",Calle,,ROSARIO,Rosario,Asfalto,Pavimento,II,S/D,Urbana,Ninguna,No existe,Intersección,Bueno,Buena,Diurna,Buen Tiempo,S/D,Peatón,Atropello,Ninguna,Faltante,Barrera de hormigón,Sin restricción
2018,9141,2018-10-04,Jueves,0,19:30:00,,0.0,2,"Automóvil,Transporte de Pasajeros Urbano (> 8 asientos)",Pueyrredon Y Nicolas Schneider,3,1,0,0,2,0,0,"-31.446944444444,-60.922888888889",Calle,,ESPERANZA,Las Colonias,S/D,S/D,XI,S/D,Urbana,S/D,S/D,Intersección,S/D,S/D,Nocturna,S/D,S/D,S/D,Colisión,S/D,S/D,S/D,S/D
2018,9142,2018-11-12,Lunes,0,15:40:00,,0.0,2,"Vehículo Oficial,Automóvil",Bv. Avellaneda Y Rueda,4,2,0,0,2,0,0,"-32.963722222222,-60.68525",Avenida,,ROSARIO,Rosario,Asfalto,No existe,II,S/D,Urbana,Ninguna,No existe,Intersección,Bueno,Buena,Diurna,Buen Tiempo,Lateral,S/D,Colisión,Ninguna,Faltante,Ninguna,Sin restricción
2018,9143,2018-11-05,Lunes,0,16:10:00,,0.0,2,"Automóvil,Moto/Ciclomotor",La Pampa 2364,2,0,1,0,1,0,0,"-29.222777777778,-61.765944444444",S/D,,TOSTADO,9 de Julio,Ripio,No existe,XII,S/D,Urbana,Ninguna,No existe,Recta,Bueno,Buena,Diurna,Buen Tiempo,Otro,S/D,Colisión,Ninguna,S/D,Ninguna,Sin restricción
2018,9144,2018-10-08,Lunes,0,09:00:00,,0.0,2,"Moto/Ciclomotor,Camión",Italia Y Lopez,2,0,1,0,1,0,0,"-33.739,-61.963722222222",Calle,,VENADO TUERTO,General López,S/D,S/D,VIII,S/D,Urbana,S/D,S/D,Intersección,S/D,S/D,Diurna,S/D,S/D,S/D,Colisión,S/D,S/D,S/D,S/D
2018,9145,2018-11-11,Domingo,0,16:45:00,,0.0,2,"Automóvil,Automóvil",Av Pe?aloza Y Reg 12 de Infanteria,2,0,0,0,0,0,2,"-31.593694444444,-60.712111111111",Calle,,SANTA FE,La Capital,S/D,S/D,I,S/D,Urbana,S/D,S/D,S/D,S/D,S/D,S/D,S/D,S/D,S/D,S/D,S/D,S/D,S/D,S/D
2018,9146,2018-11-12,Lunes,0,19:15:00,,0.0,2,"Automóvil,Automóvil",Av Pe?aloza Y Estanislao Zeballos,2,1,0,0,0,0,1,"-31.6015,-60.712805555556",Avenida,,SANTA FE,La Capital,Asfalto,Pavimento,I,Dentro,Urbana,Semáforo,Funciona,Intersección,Bueno,Buena,Nocturna,Lluvia,Otro,S/D,Colisión,Agua,"Horizontal,Vertical",Ninguna,Sin restricción
2018,9147,2018-11-03,Sabado,0,05:45:00,,0.0,2,"Automóvil,Automóvil",Buenos Aires Y Bv. 27 De Febrero,5,1,0,0,3,0,1,"-32.968722222222,-60.638027777778",Calle,,ROSARIO,Rosario,Asfalto,No existe,II,Dentro,Urbana,Semáforo,Funciona,Recta,Bueno,Buena,Amanecer,Buen Tiempo,De alcance,S/D,Colisión,Ninguna,Vertical,Ninguna,Sin restricción
2018,9148,2018-11-13,Martes,0,10:30:00,,0.0,2,"Pickup/Utilitario,Moto/Ciclomotor",Chiclana Y Risso,2,1,0,0,1,0,0,"-31.59385, -60.72877",Calle,,SANTA FE,La Capital,Asfalto,No existe,I,S/D,Urbana,Ninguna,No existe,Intersección,Con baches,Buena,Diurna,Viento Fuerte,Otro,S/D,Colisión,Agua,Faltante,Ninguna,Desvío Provisorio
2018,9150,2018-10-12,Viernes,0,00:00:00,,0.0,1,Moto/Ciclomotor,Piedras 2000,2,0,1,0,0,0,1,"-33.007305555556,-60.661777777778",Calle,,ROSARIO,Rosario,Asfalto,No existe,II,Dentro,Urbana,S/D,S/D,Recta,S/D,S/D,Nocturna,S/D,S/D,S/D,Colisión,S/D,S/D,S/D,S/D
2018,9151,2018-11-15,Jueves,0,18:30:00,,0.0,2,"Transporte de Pasajeros Urbano (> 8 asientos),Automóvil",Av Blas Parera Y Vieytes,2,1,0,0,1,0,0,"-31.596944444444,-60.722583333333",Avenida,,SANTA FE,La Capital,Asfalto,No existe,I,S/D,Urbana,Ninguna,S/D,Intersección,Bueno,Buena,Diurna,Buen Tiempo,Lateral,S/D,Colisión,Ninguna,Faltante,Cordón divisorio,Sin restricción
2018,9152,2018-11-01,Jueves,0,12:10:00,Ruta Provincial 1,36.0,2,"Automóvil,Moto/Ciclomotor", ,2,1,0,0,1,0,0,"-31.41877, -60.33815",Ruta,1,SANTA ROSA DE CALCHINES,Garay,Asfalto,Natural,VII,Fuera,Urbana,Ninguna,No existe,Recta,Bueno,Buena,Diurna,Buen Tiempo,De alcance,S/D,"Atropello,Despiste",Ninguna,Faltante,Ninguna,Sin restricción
2018,9153,2018-11-12,Lunes,0,09:00:00,Ruta Nacional 11,482.0,2,"Automóvil,Automóvil",Ruta Nacional 11 ,2,2,0,0,0,0,0,"-31.50933, -60.72686",Ruta,11,RECREO,La Capital,Asfalto,No existe,I,S/D,Urbana,Ninguna,No existe,Recta,Otro,Buena,Diurna,Otro,Frontal,S/D,Colisión,Ninguna,Faltante,Ninguna,Sin restricción
2018,9154,2018-10-06,Sabado,0,,Ruta Provincial 13,122.0,1,Automóvil, ,1,1,0,0,0,0,0,"-31.42349, -61.70294",Ruta,13,CLUCELLAS,Castellanos,S/D,S/D,V,S/D,Rural,S/D,S/D,S/D,S/D,S/D,S/D,S/D,S/D,S/D,Vuelco,S/D,S/D,S/D,S/D
2018,9155,2018-11-02,Viernes,0,17:50:00,,0.0,2,"Pickup/Utilitario,Moto/Ciclomotor",San Martin Y Uruguay,2,1,0,0,1,0,0,"-31.42146, -60.33462",Calle,,SANTA ROSA DE CALCHINES,Garay,Asfalto,Pavimento,VII,Dentro,Urbana,Ninguna,No existe,Intersección,Bueno,Buena,Diurna,Buen Tiempo,Lateral,S/D,Colisión,Ninguna,Faltante,Cordón divisorio,Sin restricción
2018,9156,2018-10-13,Sabado,0,09:00:00,,0.0,1,Moto/Ciclomotor,Av. Pellegrini 4100,1,0,1,0,0,0,0,"-32.949805555556,-60.682",Calle,,ROSARIO,Rosario,Asfalto,No existe,II,Dentro,Urbana,S/D,S/D,Recta,S/D,S/D,Diurna,S/D,S/D,S/D,Colisión,Ninguna,S/D,S/D,S/D
2018,9157,2018-11-16,Viernes,0,07:05:00,,0.0,2,"Camión c / Acoplado,Moto/Ciclomotor",Estanislao Zeballos Y Azopardo,2,1,0,0,1,0,0,"-31.59951,-60.72178",Calle,,SANTA FE,La Capital,Asfalto,No existe,I,S/D,Urbana,Semáforo,Funciona,Intersección,Bueno,Buena,Amanecer,Buen Tiempo,Lateral,S/D,Colisión,Ninguna,Horizontal,Ninguna,Sin restricción
2018,9158,2018-09-30,Domingo,0,13:00:00,,0.0,1,Automóvil, ,1,0,1,0,0,0,0,"-32.785254, -61.587642",Camino Rural,,ARMSTRONG,Belgrano,Tierra,Natural,III,Fuera,Rural,Ninguna,No existe,Recta,Deteriorada,Buena,Diurna,Buen Tiempo,S/D,S/D,Vuelco,Otro,Faltante,Vegetación,Sin restricción
2018,9159,2018-10-07,Domingo,0,15:30:00,Ruta Nacional 168,8.9,2,"Automóvil,Automóvil", ,2,0,0,0,1,0,1,"-31.64072, -60.62753",Ruta,168,LA GUARDIA,La Capital,S/D,S/D,I,S/D,Urbana,S/D,S/D,S/D,S/D,S/D,Atardecer,S/D,S/D,S/D,Colisión,S/D,S/D,S/D,S/D
2018,9160,2018-11-09,Viernes,0,19:10:00,,0.0,1,Moto/Ciclomotor,French Y Arzeno,2,2,0,0,0,0,0,"-31.585,-60.729805555556",Calle,,SANTA FE,La Capital,Asfalto,No existe,I,Dentro,Urbana,Ninguna,No existe,Intersección,Bueno,Buena,Diurna,Buen Tiempo,S/D,S/D,Caída ocupante,Ninguna,Faltante,Ninguna,Sin restricción
2018,9161,2018-11-03,Sabado,0,21:30:00,Ruta Provincial 1,33.0,2,"Automóvil,Moto/Ciclomotor", ,3,0,1,0,2,0,0,"-31.41935, -60.33849",Ruta,1,SANTA ROSA DE CALCHINES,Garay,Asfalto,S/D,VII,Fuera,Rural,Ninguna,No existe,Recta,Bueno,Buena,Nocturna,Buen Tiempo,S/D,S/D,Colisión,Ninguna,Faltante,Ninguna,Sin restricción
2018,9163,2018-11-12,Lunes,0,22:30:00,,0.0,2,"Automóvil,Moto/Ciclomotor",Av Gral Paz Y Lavaisse,3,2,0,0,1,0,0,"-31.61575,-60.682583333333",Avenida,,SANTA FE,La Capital,Asfalto,No existe,I,S/D,Urbana,Ninguna,No existe,Intersección,Bueno,Reducida,Nocturna,Buen Tiempo,Lateral,S/D,Colisión,Ninguna,S/D,Ninguna,Sin restricción
2018,9164,2018-10-01,Lunes,0,,,0.0,3,"Moto/Ciclomotor,Automóvil,Bicicleta", ,4,3,0,0,1,0,0,"-30.78865, -60.59351",S/D,,SAN JUSTO,San Justo,S/D,S/D,XVI,S/D,S/D,S/D,S/D,S/D,S/D,S/D,S/D,S/D,S/D,Ciclista,Atropello,S/D,S/D,S/D,S/D
2018,9165,2018-11-02,Viernes,0,07:30:00,,0.0,2,"Moto/Ciclomotor,Automóvil",Chacabuco Y Viamonte,3,2,0,0,1,0,0,"-32.968055555556,-60.627555555556",Calle,,ROSARIO,Rosario,Asfalto,S/D,II,Dentro,Urbana,S/D,S/D,Recta,Con baches,Buena,Diurna,Buen Tiempo,De alcance,S/D,Colisión,S/D,S/D,S/D,Sin restricción
2018,9166,2018-11-01,Jueves,0,12:10:00,,0.0,2,"Peatón,Automóvil",Av. Corrientes Y San Lorenzo,2,1,0,0,1,0,0,"-32.943361111111,-60.641777777778",Calle,,ROSARIO,Rosario,Asfalto,No existe,II,Dentro,Urbana,Semáforo,No existe,Intersección,Bueno,Buena,Diurna,Buen Tiempo,S/D,Peatón,Atropello,Ninguna,Vertical,Ninguna,Sin restricción
2018,9167,2018-10-01,Lunes,0,,,0.0,2,"Pickup/Utilitario,Moto/Ciclomotor", ,3,1,0,0,1,0,1,"-31.61029, -60.69741",S/D,,SANTA FE,La Capital,S/D,S/D,I,S/D,S/D,S/D,S/D,S/D,S/D,S/D,S/D,S/D,S/D,S/D,Colisión,S/D,S/D,S/D,S/D
2018,9168,2018-11-02,Viernes,0,13:20:00,,0.0,2,"Peatón,Moto/Ciclomotor",Salta Y Espa?a,2,1,0,0,1,0,0,"-32.937944444444,-60.64475",Calle,,ROSARIO,Rosario,Asfalto,No existe,II,Dentro,Urbana,Otra Señal,No existe,Recta,Bueno,Buena,Diurna,Buen Tiempo,S/D,Peatón,Atropello,Ninguna,Faltante,Cordón divisorio,Sin restricción
2018,9169,2018-10-06,Sabado,0,20:20:00,,0.0,2,"Moto/Ciclomotor,Automóvil",Nicolas Avellaneda Y 25 de mayo,2,0,1,0,1,0,0,"-31.662444444444,-60.76225",Calle,,SANTO TOMÉ,La Capital,S/D,S/D,I,S/D,Urbana,S/D,S/D,Intersección,S/D,S/D,Nocturna,S/D,Lateral,S/D,Colisión,S/D,S/D,S/D,S/D
2018,9170,2018-11-05,Lunes,0,14:00:00,,0.0,2,"Peatón,Pickup/Utilitario",Dorrego Y Catamarca,2,1,0,0,1,0,0,"-32.938611111111,-60.647777777778",Calle,,ROSARIO,Rosario,Asfalto,No existe,II,Dentro,Urbana,Señal Pare,No existe,Intersección,Bueno,Buena,Diurna,Buen Tiempo,S/D,Peatón,Atropello,Ninguna,Vertical,Ninguna,Sin restricción
2018,9171,2018-11-09,Viernes,0,20:30:00,Autopista Nacional 9,0.0,2,"Automóvil,Moto/Ciclomotor",RUTA S25 Y COLECTORA AUTOPISTA ROSARIO - BUENOS AIRES,2,1,0,0,1,0,0,"-33.08162, -60.63473",Autopista,9,ALVEAR,Rosario,Asfalto,Natural,II,Dentro,Rural,S/D,No existe,Curva,Bueno,Buena,Nocturna,Buen Tiempo,Frontal,S/D,Colisión,S/D,S/D,Ninguna,S/D
2018,9172,2018-10-01,Lunes,0,,,0.0,2,"Moto/Ciclomotor,Pickup/Utilitario", ,2,1,0,0,1,0,0,"-31.61029, -60.69741",S/D,,SANTA FE,La Capital,S/D,S/D,I,S/D,S/D,S/D,S/D,S/D,S/D,S/D,S/D,S/D,S/D,S/D,Colisión,S/D,S/D,S/D,S/D
2018,9173,2018-10-05,Viernes,0,06:41:00,,0.0,1,Moto/Ciclomotor,Casta?aduy Y Vieytes,1,0,1,0,0,0,0,"-31.596111111111,-60.727",Calle,,SANTA FE,La Capital,S/D,S/D,I,S/D,Urbana,S/D,S/D,Intersección,S/D,S/D,Amanecer,S/D,S/D,S/D,Despiste,S/D,S/D,S/D,S/D
2018,9174,2018-10-03,Miercoles,0,,,0.0,2,"Moto/Ciclomotor,Automóvil",Calle 19-Habegger 1130,2,0,1,0,1,0,0,"-29.145916666667,-59.650472222222",Calle,,RECONQUISTA,General Obligado,S/D,S/D,IX,S/D,Urbana,S/D,S/D,S/D,S/D,S/D,S/D,S/D,S/D,S/D,Colisión,S/D,S/D,S/D,S/D
2018,9175,2018-10-01,Lunes,0,,,0.0,2,"Moto/Ciclomotor,Pickup/Utilitario", ,2,1,0,0,1,0,0,"-31.61029, -60.69741",S/D,,SANTA FE,La Capital,S/D,S/D,I,S/D,S/D,S/D,S/D,S/D,S/D,S/D,S/D,S/D,S/D,S/D,Colisión,S/D,S/D,S/D,S/D
2018,9176,2018-10-01,Lunes,0,,,0.0,2,"Moto/Ciclomotor,Automóvil", ,2,1,0,0,1,0,0,"-31.61029, -60.69741",S/D,,SANTA FE,La Capital,S/D,S/D,I,S/D,S/D,S/D,S/D,S/D,S/D,S/D,S/D,S/D,S/D,S/D,Colisión,S/D,S/D,S/D,S/D
2018,9178,2018-10-01,Lunes,0,,,0.0,2,"Automóvil,Moto/Ciclomotor", ,2,1,0,0,1,0,0,"-31.60861, -60.69733",S/D,,SANTA FE,La Capital,S/D,S/D,I,S/D,S/D,S/D,S/D,S/D,S/D,S/D,S/D,S/D,S/D,S/D,Colisión,S/D,S/D,S/D,S/D
2018,9179,2018-10-06,Sabado,0,04:40:00,,0.0,2,"Moto/Ciclomotor,Automóvil",Calle 25 Y Calle 22,2,1,0,0,1,0,0,"-29.1259, -59.6535",Calle,,AVELLANEDA,General Obligado,S/D,S/D,IX,S/D,Urbana,S/D,S/D,Intersección,S/D,S/D,Nocturna,S/D,S/D,S/D,Colisión,S/D,S/D,S/D,S/D
2018,9180,2018-10-05,Viernes,0,20:00:00,,0.0,2,"Bicicleta,Automóvil",Calle 9-Mariano Moreno Y Calle 28 - San Lorenzo,2,1,0,0,1,0,0,"-29.14034, -59.6518",Calle,,RECONQUISTA,General Obligado,S/D,S/D,IX,S/D,Urbana,S/D,S/D,Intersección,S/D,S/D,Nocturna,S/D,S/D,Ciclista,Atropello,S/D,S/D,S/D,S/D
2018,9181,2018-09-12,Miercoles,0,19:50:00,,0.0,2,"Moto/Ciclomotor,Automóvil",Av. Arijon Y Av. Corrientes,3,0,2,0,1,0,0,"-33.003154, -60.653257",Avenida,,ROSARIO,Rosario,Asfalto,No existe,II,Dentro,Urbana,Señal Pare,No existe,Intersección,Bueno,Buena,"Nocturna,Con luz artificial",Buen Tiempo,Lateral,S/D,Colisión,Ninguna,"Horizontal,Vertical",Ninguna,Sin restricción
2018,9182,2018-09-01,Sabado,0,16:10:00,,0.0,2,"Automóvil,Moto/Ciclomotor",Italia Y Dr.Rivas,2,1,0,0,1,0,0,"-32.981922, -60.657243",Calle,,ROSARIO,Rosario,Asfalto,No existe,II,Dentro,Urbana,Ninguna,No existe,Intersección,Bueno,Buena,Nocturna,Buen Tiempo,Lateral,S/D,Colisión,Ninguna,Faltante,Ninguna,Sin restricción
2018,9183,2018-09-01,Sabado,0,21:25:00,,0.0,2,"Moto/Ciclomotor,Automóvil",Callao Y Biedma,3,2,0,0,1,0,0,"-32.977431, -60.668916",Calle,,ROSARIO,Rosario,Asfalto,No existe,II,Dentro,Urbana,Ninguna,No existe,Intersección,Bueno,Buena,Diurna,Buen Tiempo,Lateral,S/D,Colisión,Ninguna,Faltante,Ninguna,Sin restricción
2018,9184,2018-09-28,Viernes,0,17:15:00,,0.0,2,"Bicicleta,Pickup/Utilitario",Hipolito Yrigoyen Y Pje Paraguay,2,1,0,0,1,0,0,"-31.639727, -60.719056",Calle,,SANTA FE,La Capital,Asfalto,No existe,I,Dentro,Urbana,Semáforo,Funciona,Recta,Bueno,Buena,Diurna,Buen Tiempo,S/D,Ciclista,Atropello,Ninguna,Vertical,Ninguna,Sin restricción
2018,9185,2018-09-01,Sabado,0,21:00:00,,0.0,3,"Peatón,Peatón,Automóvil",Callao Y Biedma,3,2,0,0,1,0,0,"-32.977431, -60.668916",Calle,,ROSARIO,Rosario,Asfalto,No existe,II,Dentro,Urbana,Ninguna,No existe,Intersección,Bueno,Buena,Diurna,Buen Tiempo,Lateral,S/D,Colisión,Ninguna,Faltante,Ninguna,Sin restricción
2018,9186,2018-09-28,Viernes,0,19:15:00,,0.0,2,"Automóvil,Moto/Ciclomotor",Gdor Crespo Y Francia,2,1,0,0,1,0,0,"-31.639576, -60.712836",Calle,,SANTA FE,La Capital,Asfalto,No existe,I,Dentro,Urbana,Semáforo,Funciona,Recta,Bueno,Buena,Atardecer,Buen Tiempo,Otro,S/D,Colisión,Ninguna,"Horizontal,Vertical",Ninguna,Sin restricción
2018,9187,2018-09-01,Sabado,0,13:00:00,,0.0,2,"Automóvil,Moto/Ciclomotor",Gaboto Y Dorrego,2,0,1,0,1,0,0,"-32.971352, -60.655993",Calle,,ROSARIO,Rosario,Asfalto,No existe,II,Dentro,Urbana,Paso Peatonal,No existe,Intersección,Bueno,Buena,Diurna,Buen Tiempo,Lateral,S/D,Colisión,Ninguna,Vertical,Ninguna,Sin restricción
2018,9188,2018-09-21,Viernes,0,07:20:00,,0.0,2,"Moto/Ciclomotor,Automóvil",San Lorenzo Y Mariano Comas,2,2,0,0,0,0,0,"-31.630691, -60.713008",Calle,,SANTA FE,La Capital,Asfalto,No existe,I,Dentro,Urbana,Ninguna,S/D,Recta,Bueno,Buena,Amanecer,Buen Tiempo,Otro,S/D,Colisión,Ninguna,Faltante,Ninguna,Sin restricción