anio_acci,nro_acci,fecha,desc_dia,fecha_aprox,hora_aprox,desc_ruta,km,cant_participantes,desc_participante,calle_avenida_km,total,heridos_leves,heridos_graves,heridos_gravisimos,ilesos,fallecidos,sin_datos,posicion_XY,desc_tipo_via,desc_ruta_ori,desc_loc,desc_dpto,desc_tipo_calzada,desc_tipo_banquina,desc_unidad_regional,desc_lugar_calzada,desc_zona,desc_prioridad,desc_estado_semaforo,desc_lugar_via,desc_estado_via,desc_estado_visibilidad,desc_luminosidad,desc_estado_clima,desc_tipo_colision,desc_tipo_atropello,desc_tipo_hecho,desc_pres_calzada,desc_senializacion,desc_separacion_via,desc_restriccion
2018,9189,2018-09-16,Domingo,0,18:30:00,,0.0,2,"Automóvil,Peatón",Espa?a 3200,2,1,0,0,1,0,0,"-32.973157, -60.653603",Calle,,ROSARIO,Rosario,Asfalto,No existe,II,Dentro,Urbana,Ninguna,No existe,Recta,Bueno,Buena,Nocturna,Buen Tiempo,S/D,Peatón,Atropello,Ninguna,Faltante,Ninguna,Sin restricción
2018,9190,2018-09-20,Jueves,0,17:25:00,Ruta Nacional 11,0.0,2,"Moto/Ciclomotor,Moto/Ciclomotor",Av Freyre Y Vera,2,1,0,0,1,0,0,"-31.641257, -60.717140",Ruta,11,SANTA FE,La Capital,Asfalto,No existe,I,Dentro,Urbana,Semáforo,Funciona,Recta,Bueno,Buena,Atardecer,Buen Tiempo,Otro,S/D,Colisión,Ninguna,Vertical,Ninguna,Sin restricción
2018,9191,2018-09-19,Miercoles,0,13:20:00,,0.0,2,"Moto/Ciclomotor,Automóvil",Catamarca Y Av Urquiza,2,1,0,0,1,0,0,"-31.643312, -60.712454",Avenida,,SANTA FE,La Capital,Asfalto,No existe,I,Dentro,Urbana,Semáforo,Funciona,Recta,Bueno,Buena,Diurna,Buen Tiempo,Otro,S/D,Colisión,Ninguna,"Horizontal,Vertical",Ninguna,Sin restricción
2018,9192,2018-09-08,Sabado,0,17:40:00,,0.0,2,"Automóvil,Automóvil",Lamadrid Y Sarmiento,4,3,0,0,1,0,0,"-32.997122, -60.649116",Calle,,ROSARIO,Rosario,Asfalto,No existe,II,Dentro,Urbana,Ninguna,No existe,Intersección,Otro,Buena,Diurna,Buen Tiempo,Lateral,S/D,Colisión,Ninguna,Faltante,Ninguna,Sin restricción
2018,9193,2018-09-19,Miercoles,0,18:30:00,,0.0,2,"Moto/Ciclomotor,Automóvil",Saavedra Y Santiago del Estero,3,2,0,0,1,0,0,"-31.635882, -60.713046",Calle,,SANTA FE,La Capital,Asfalto,No existe,I,Dentro,Urbana,Ninguna,Funciona,Recta,Bueno,Buena,Atardecer,Buen Tiempo,Otro,S/D,Colisión,Ninguna,Vertical,Ninguna,Sin restricción
2018,9194,2018-09-09,Domingo,0,03:35:00,,0.0,2,"Automóvil,Automóvil",Bv. Oro?o Y Av. Uriburu,4,2,0,0,2,0,0,"-32.991302, -60.665180",Calle,,ROSARIO,Rosario,Asfalto,No existe,II,Dentro,Urbana,Semáforo,Funciona,Rotonda,Bueno,Buena,"Nocturna,Con luz artificial",Buen Tiempo,Lateral,S/D,Colisión,Ninguna,Faltante,"Cordón divisorio,Vegetación,Línea divisoria pintada",Sin restricción
2018,9195,2018-09-09,Domingo,0,13:45:00,,0.0,2,"Bicicleta,Automóvil",Gaboto Y Sarmiento,3,2,0,0,1,0,0,"-32.973342, -60.644911",Calle,,ROSARIO,Rosario,Asfalto,No existe,II,Dentro,Urbana,Ninguna,No existe,Recta,Bueno,Buena,Diurna,Buen Tiempo,S/D,Ciclista,Atropello,Ninguna,Faltante,Ninguna,Sin restricción
2018,9196,2018-09-20,Jueves,0,09:45:00,,0.0,2,"Moto/Ciclomotor,Automóvil",Dr Zavalla Y Vera,3,1,0,0,2,0,0,"-31.640921, -60.718733",Calle,,SANTA FE,La Capital,Asfalto,No existe,I,Dentro,Urbana,Ninguna,No existe,Recta,Bueno,Buena,Diurna,Buen Tiempo,Otro,S/D,Colisión,Ninguna,Faltante,Ninguna,Sin restricción
2018,9197,2018-09-04,Martes,0,07:45:00,,0.0,2,"Moto/Ciclomotor,Automóvil",Sarmiento Y Gaboto,2,1,0,0,1,0,0,"-32.973336, -60.644919",Calle,,ROSARIO,Rosario,Asfalto,No existe,II,Dentro,Urbana,Señal Pare,No existe,Intersección,Bueno,Buena,Diurna,Buen Tiempo,Lateral,S/D,Colisión,Ninguna,Vertical,Ninguna,Sin restricción
2018,9198,2018-09-16,Domingo,0,18:00:00,Ruta Nacional 11,0.0,2,"Automóvil,Automóvil",Av Freyre Y Mendoza,2,1,0,0,1,0,0,"-31.646183, -60.718774",Ruta,11,SANTA FE,La Capital,Asfalto,No existe,I,Dentro,Urbana,Semáforo,Funciona,Recta,Bueno,Buena,Atardecer,Buen Tiempo,Otro,S/D,Colisión,Ninguna,Vertical,Ninguna,Sin restricción
2018,9199,2018-09-03,Lunes,0,20:00:00,,0.0,2,"Automóvil,Bicicleta",Paraguay Y Garay,2,1,0,0,1,0,0,"-32.973449, -60.650876",Calle,,ROSARIO,Rosario,Asfalto,No existe,II,Dentro,Urbana,Ninguna,No existe,Recta,Bueno,Buena,"Nocturna,Con luz artificial",Buen Tiempo,S/D,S/D,Colisión,Ninguna,Faltante,Ninguna,Sin restricción
2018,9200,2018-09-16,Domingo,0,20:50:00,,0.0,2,"Automóvil,Moto/Ciclomotor",Vera Y Roque Saenz Pe?a,2,1,0,0,1,0,0,"-31.639854, -60.723942",Calle,,SANTA FE,La Capital,Asfalto,No existe,I,Dentro,Urbana,Semáforo,Funciona,Recta,Bueno,Buena,Nocturna,Buen Tiempo,Otro,S/D,Colisión,Ninguna,Vertical,Ninguna,Sin restricción
2018,9201,2018-09-02,Domingo,0,17:55:00,,0.0,2,"Automóvil,Vehículo Oficial",Buenos Aires Y Mr.Ross,4,2,0,0,2,0,0,"-32.989236, -60.643224",Calle,,ROSARIO,Rosario,Asfalto,No existe,II,Dentro,Urbana,Ninguna,No existe,Recta,Bueno,Buena,Atardecer,Buen Tiempo,Lateral,S/D,Colisión,Ninguna,Faltante,Ninguna,Sin restricción
2018,9202,2018-09-16,Domingo,0,13:20:00,Ruta Nacional 11,0.0,2,"Moto/Ciclomotor,Automóvil",Salvador Caputo Y Av Freyre,2,1,0,0,1,0,0,"-31.637527, -60.716027",Ruta,11,SANTA FE,La Capital,Asfalto,No existe,I,Dentro,Urbana,Semáforo,Funciona,Recta,Bueno,Buena,Diurna,Buen Tiempo,Otro,S/D,Colisión,Ninguna,Vertical,Ninguna,Sin restricción
2018,9203,2018-09-15,Sabado,0,11:05:00,,0.0,2,"Moto/Ciclomotor,Peatón",Saavedra Y Hipolito Yrigoyen,3,1,0,0,2,0,0,"-31.640591, -60.714440",Calle,,SANTA FE,La Capital,Asfalto,No existe,I,Dentro,Urbana,Ninguna,No existe,Recta,Bueno,Buena,Diurna,Buen Tiempo,S/D,Peatón,Atropello,Ninguna,Faltante,Ninguna,Sin restricción
2018,9204,2018-09-02,Domingo,0,17:40:00,,0.0,2,"Taxi/Remis,Automóvil",Sadi Carnot Y Cabildo,2,1,0,0,1,0,0,"-33.007350, -60.648551",Calle,,ROSARIO,Rosario,Asfalto,No existe,II,Dentro,Urbana,Ninguna,No existe,Intersección,Bueno,Buena,Diurna,Buen Tiempo,Lateral,S/D,Colisión,Ninguna,Faltante,Ninguna,Sin restricción
2018,9205,2018-09-14,Viernes,0,09:30:00,,0.0,2,"Moto/Ciclomotor,Automóvil",La Rioja 3455,3,1,0,0,2,0,0,"-31.643116, -60.717146",Calle,,SANTA FE,La Capital,Asfalto,No existe,I,Dentro,Urbana,Ninguna,No existe,Recta,Bueno,Buena,Diurna,Buen Tiempo,Otro,S/D,Colisión,Ninguna,Faltante,Ninguna,Sin restricción
2018,9206,2018-09-03,Lunes,0,07:40:00,Autopista Nacional A008,0.0,2,"Pickup/Utilitario,Moto/Ciclomotor",Av. Ntra.Sra.del Rosario Y Av. Belgrano,2,1,0,0,1,0,0,"-32.998912, -60.618090",Autopista,A008,ROSARIO,Rosario,Asfalto,No existe,II,Dentro,Urbana,Ninguna,No existe,Intersección,Bueno,Buena,Diurna,Buen Tiempo,Lateral,S/D,Colisión,Ninguna,Faltante,Ninguna,Sin restricción
2018,9207,2018-09-12,Miercoles,0,22:50:00,,0.0,2,"Automóvil,Moto/Ciclomotor",Vera Y Santiago de Chile,2,1,0,0,1,0,0,"-31.640145, -60.722563",Calle,,SANTA FE,La Capital,Asfalto,No existe,I,Dentro,Urbana,Ninguna,No existe,Recta,Bueno,Buena,Nocturna,Buen Tiempo,Otro,S/D,Colisión,Ninguna,Faltante,Ninguna,Sin restricción
2018,9208,2018-09-09,Domingo,0,06:40:00,,0.0,2,"Moto/Ciclomotor,Transporte de Pasajeros Urbano (> 8 asientos)",Av Urquiza Y Salta,2,1,0,0,1,0,0,"-31.648962, -60.714020",Avenida,,SANTA FE,La Capital,Asfalto,No existe,I,Dentro,Urbana,Semáforo,Funciona,Intersección,Otro,Buena,Amanecer,Buen Tiempo,Otro,S/D,Colisión,Ninguna,"Horizontal,Vertical",Ninguna,Sin restricción
2018,9209,2018-09-12,Miercoles,0,07:30:00,,0.0,2,"Moto/Ciclomotor,Automóvil",Biedma Y Cafferata,3,2,0,0,1,0,0,"-32.975496, -60.679773",Calle,,ROSARIO,Rosario,Asfalto,No existe,II,Dentro,Urbana,Señal Pare,No existe,Recta,Bueno,Buena,Diurna,Buen Tiempo,De alcance,S/D,Colisión,Ninguna,Vertical,Ninguna,Sin restricción
2018,9210,2018-09-09,Domingo,0,23:00:00,,0.0,2,"Moto/Ciclomotor,Automóvil",Av Pte Peron Y Junin,2,1,0,0,1,0,0,"-31.635828, -60.718175",Avenida,,SANTA FE,La Capital,Asfalto,No existe,I,Dentro,Urbana,Ninguna,No existe,Intersección,Otro,Buena,Nocturna,Buen Tiempo,Otro,S/D,Colisión,Ninguna,Faltante,Ninguna,Sin restricción
2018,9211,2018-09-10,Lunes,0,12:45:00,Ruta Nacional 11,0.0,2,"Pickup/Utilitario,Moto/Ciclomotor",Mendoza Y Av Freyre,2,1,0,0,1,0,0,"-31.646162, -60.718766",Ruta,11,SANTA FE,La Capital,Asfalto,No existe,I,Dentro,Urbana,Semáforo,Funciona,Intersección,Bueno,Buena,Diurna,Buen Tiempo,Otro,S/D,Colisión,Ninguna,Vertical,Ninguna,Sin restricción
2018,9212,2018-09-05,Miercoles,0,18:30:00,,0.0,2,"Moto/Ciclomotor,Pickup/Utilitario",Montecarlo Y Biarritz,2,1,0,0,1,0,0,"-33.027433, -60.684597",Calle,,ROSARIO,Rosario,Asfalto,No existe,II,Dentro,Urbana,Ninguna,No existe,Intersección,Bueno,Buena,Atardecer,Buen Tiempo,Lateral,S/D,Colisión,Ninguna,Faltante,Ninguna,Sin restricción
2018,9213,2018-09-08,Sabado,0,20:15:00,,0.0,2,"Vehículo Oficial,Automóvil",Bv Pellegrini Y Av Urquiza,2,1,0,0,1,0,0,"-31.634069, -60.709848",Avenida,,SANTA FE,La Capital,Asfalto,No existe,I,Dentro,Urbana,Ninguna,Funciona,Intersección,Otro,Buena,Nocturna,Buen Tiempo,Otro,S/D,Colisión,Ninguna,Vertical,Cordón divisorio,Sin restricción
2018,9214,2018-09-08,Sabado,0,09:50:00,,0.0,2,"Automóvil,Moto/Ciclomotor",Santiago del Estero Y Saavedra,2,1,0,0,1,0,0,"-31.635889, -60.713048",Calle,,SANTA FE,La Capital,Asfalto,No existe,I,Dentro,Urbana,Ninguna,No existe,Intersección,Otro,Buena,Diurna,Buen Tiempo,Otro,S/D,Colisión,Ninguna,Faltante,Ninguna,Sin restricción
2018,9215,2018-09-07,Viernes,0,20:40:00,,0.0,2,"Pickup/Utilitario,Moto/Ciclomotor",Salta Y Francia,2,1,0,0,1,0,0,"-31.648710, -60.715335",Avenida,,SANTA FE,La Capital,Asfalto,No existe,I,Dentro,Urbana,Ninguna,No existe,Intersección,Otro,Buena,Nocturna,Buen Tiempo,Otro,S/D,Colisión,Ninguna,Horizontal,Ninguna,Sin restricción
2018,9216,2018-08-28,Martes,0,01:35:00,Autopista Nacional A008,0.0,2,"Automóvil,Camión c / Acoplado",Av. Circunvalacion ,2,0,1,0,1,0,0,"-32.94675, -60.72201",Autopista,A008,ROSARIO,Rosario,Asfalto,Pavimento,XV,Dentro,S/D,S/D,No existe,Recta,S/D,Buena,Nocturna,Buen Tiempo,Lateral,S/D,Colisión,Ninguna,S/D,Guardarrail,S/D
2018,9217,2018-11-09,Viernes,0,13:00:00,,0.0,2,"Moto/Ciclomotor,Automóvil",Moreno Y Av Gral San Martin,2,1,0,0,1,0,0,"-33.024583333333,-60.625861111111",Calle,,VILLA GOBERNADOR GÁLVEZ,Rosario,Asfalto,No existe,II,S/D,Urbana,Ninguna,No existe,Intersección,Bueno,Buena,Diurna,Buen Tiempo,Lateral,S/D,Colisión,Ninguna,Faltante,Ninguna,Sin restricción
2018,9218,2018-11-10,Sabado,0,02:15:00,,0.0,2,"Automóvil,Automóvil",Av Gral San Martin Y Monte Hermoso,3,1,0,0,1,0,1,"-33.043888888889,-60.609055555556",Calle,,VILLA GOBERNADOR GÁLVEZ,Rosario,Asfalto,No existe,II,Dentro,Urbana,Ninguna,No existe,Intersección,Bueno,Buena,"Nocturna,Con luz artificial",Buen Tiempo,Lateral,S/D,Colisión,Ninguna,Faltante,Ninguna,Sin restricción
2018,9219,2018-11-13,Martes,0,09:45:00,,0.0,1,Moto/Ciclomotor,Av Gral San Martin Y I A Edison,1,1,0,0,0,0,0,"-33.016666666667,-60.633833333333",Calle,,VILLA GOBERNADOR GÁLVEZ,Rosario,Asfalto,No existe,II,Dentro,Urbana,Ninguna,S/D,Intersección,Bueno,Buena,Diurna,Buen Tiempo,Otro,S/D,Vuelco,Ninguna,Faltante,Ninguna,Sin restricción
2018,9220,2018-11-21,Miercoles,0,23:15:00,Autopista Nacional A008,0.0,2,"Moto/Ciclomotor,Pickup/Utilitario",Av. Ovidio Lagos Y Av. Circunvalacion,2,1,0,0,1,0,0,"-33.009194444444,-60.67725",Autopista,A008,ROSARIO,Rosario,Asfalto,No existe,II,Dentro,Urbana,Semáforo,Funciona,Intersección,S/D,S/D,Nocturna,S/D,S/D,S/D,Colisión,S/D,"Horizontal,Vertical",Cordón divisorio,S/D
2018,9221,2018-11-14,Miercoles,0,01:30:00,,0.0,2,"Peatón,Moto/Ciclomotor",Bv San diego 200,3,2,1,0,0,0,0,"-33.018416666667,-60.606805555556",Calle,,VILLA GOBERNADOR GÁLVEZ,Rosario,Asfalto,No existe,II,S/D,Urbana,Ninguna,No existe,Recta,Bueno,Buena,"Nocturna,Con luz artificial",Buen Tiempo,S/D,Peatón,Atropello,Ninguna,Faltante,Ninguna,Sin restricción
2018,9222,2018-11-23,Viernes,0,14:50:00,Autopista Nacional A008,0.0,1,Moto/Ciclomotor,Av. Circunvalacion Y Av. Ovidio Lagos,2,1,1,0,0,0,0,"-33.009194444444,-60.67725",Autopista,A008,ROSARIO,Rosario,Asfalto,Natural,II,S/D,Urbana,Semáforo,Funciona,Intersección,S/D,Buena,Diurna,S/D,S/D,S/D,Caída ocupante,S/D,"Horizontal,Vertical","Barrera de hormigón,Cordón divisorio",S/D
2018,9223,2018-11-14,Miercoles,0,10:10:00,,0.0,2,"Moto/Ciclomotor,Automóvil",Rivadavia Y Jaures,2,1,0,0,1,0,0,"-33.020083333333,-60.626805555556",Calle,,VILLA GOBERNADOR GÁLVEZ,Rosario,Asfalto,No existe,II,Dentro,Urbana,Ninguna,No existe,Intersección,Bueno,Buena,Diurna,Buen Tiempo,Lateral,S/D,Colisión,Ninguna,Faltante,Ninguna,Sin restricción
2018,9225,2018-11-15,Jueves,0,15:30:00,,0.0,2,"Automóvil,Bicicleta",Belgrano Y Llerena,2,1,0,0,1,0,0,"-31.614611111111,-60.69225",Calle,,SANTA FE,La Capital,Asfalto,No existe,I,S/D,Urbana,Ninguna,No existe,Intersección,Bueno,Buena,Diurna,Buen Tiempo,Lateral,Ciclista,Atropello,Ninguna,S/D,Ninguna,Sin restricción
2018,9226,2018-11-19,Lunes,0,00:00:00,Ruta Provincial 31,0.0,1,Automóvil, ,2,2,0,0,0,0,0,"-29.09636, -59.64184",Ruta,31,AVELLANEDA,General Obligado,Asfalto,S/D,IX,Dentro,Rural,S/D,No existe,Intersección,S/D,S/D,Nocturna,S/D,S/D,S/D,Colisión,S/D,S/D,Línea divisoria pintada,Sin restricción
2018,9227,2018-11-09,Viernes,0,07:25:00,,0.0,2,"Moto/Ciclomotor,Pickup/Utilitario",Las Heras Y Agustin Delgado,2,1,0,0,1,0,0,"-31.622111111111,-60.693305555556",Calle,,SANTA FE,La Capital,Asfalto,No existe,I,S/D,Urbana,Ninguna,No existe,Intersección,Bueno,Buena,Diurna,Buen Tiempo,Lateral,S/D,Colisión,Ninguna,S/D,Ninguna,Sin restricción
2018,9228,2018-11-10,Sabado,0,18:50:00,,0.0,2,"Automóvil,Moto/Ciclomotor",Pellegrini Y Av Caferata,3,2,0,0,1,0,0,"-33.031777777778,-60.641083333333",Calle,,VILLA GOBERNADOR GÁLVEZ,Rosario,Asfalto,No existe,II,S/D,Urbana,Ninguna,No existe,Intersección,Con baches,Buena,Atardecer,Buen Tiempo,S/D,S/D,Colisión,Ninguna,Faltante,Ninguna,Sin restricción
2018,9229,2018-10-01,Lunes,0,08:15:00,Ruta Nacional 33,780.0,2,"Moto/Ciclomotor,Automóvil",Ruta Nac 33 Y Mitre,2,0,1,0,1,0,0,"-33.00321, -60.78195",Ruta,33,PÉREZ,Rosario,S/D,S/D,II,S/D,Urbana,S/D,S/D,Intersección,S/D,S/D,Amanecer,S/D,S/D,S/D,Colisión,S/D,S/D,S/D,S/D
2018,9230,2018-11-10,Sabado,0,20:10:00,,0.0,1,Moto/Ciclomotor,Av. Arijon Y Av. Francia,2,2,0,0,0,0,0,"-33.003861111111,-60.677555555556",Avenida,,ROSARIO,Rosario,Asfalto,No existe,II,Dentro,Urbana,S/D,No existe,Intersección,S/D,S/D,Diurna,Viento Fuerte,S/D,S/D,Caída ocupante,S/D,S/D,Cordón divisorio,S/D
2018,9231,2018-11-02,Viernes,0,09:30:00,,0.0,2,"Peatón,Moto/Ciclomotor",Cordoba Y Av. Francia,3,2,0,0,1,0,0,"-32.941527777778,-60.665388888889",Calle,,ROSARIO,Rosario,S/D,S/D,II,S/D,Urbana,S/D,S/D,Intersección,S/D,S/D,Diurna,S/D,S/D,Peatón,Atropello,S/D,S/D,S/D,S/D
2018,9232,2018-11-11,Domingo,0,20:10:00,,0.0,2,"Automóvil,Moto/Ciclomotor",Garibaldi Y Crespo,4,3,0,0,1,0,0,"-32.980555555556,-60.678222222222",Calle,,ROSARIO,Rosario,Asfalto,No existe,II,S/D,Urbana,S/D,S/D,Intersección,S/D,S/D,Nocturna,S/D,S/D,S/D,Colisión,S/D,S/D,S/D,S/D
2018,9233,2018-11-17,Sabado,0,09:30:00,Ruta Provincial 23,10.0,1,Automóvil,Ruta Prov Nro 23 ,1,0,1,0,0,0,0,"-30.53672, -61.9524",Ruta,23,SUARDI,San Cristóbal,Asfalto,Natural,XIII,Fuera,Rural,Ninguna,No existe,Recta,Bueno,Buena,Diurna,Buen Tiempo,S/D,S/D,"Vuelco,Despiste",Ninguna,Horizontal,Ninguna,Sin restricción
2018,9234,2018-11-21,Miercoles,0,10:15:00,Ruta Provincial 2,0.0,1,Moto/Ciclomotor,Ruta provincial 2 ,3,2,1,0,0,0,0,"-30.08449, -61.17497",Ruta,2,LA CABRAL,San Cristóbal,Asfalto,Natural,XIII,S/D,S/D,Ninguna,No existe,Recta,Bueno,Buena,Diurna,Buen Tiempo,S/D,S/D,Vuelco,Ninguna,S/D,Línea divisoria pintada,Sin restricción
2018,9235,2018-10-01,Lunes,0,,,0.0,2,"Bicicleta,Automóvil",25 de Mayo Y Belgrano,2,0,1,0,1,0,0,"-31.972361111111,-60.921888888889",Calle,,CORONDA,San Jerónimo,S/D,S/D,XV,S/D,Urbana,S/D,S/D,Intersección,S/D,S/D,S/D,S/D,S/D,Ciclista,Atropello,S/D,S/D,S/D,S/D
2018,9236,2018-11-14,Miercoles,0,07:45:00,,0.0,2,"Bicicleta,Automóvil",Pte.Roca 1600,2,1,0,0,1,0,0,"-32.954888888889,-60.647555555556",Calle,,ROSARIO,Rosario,S/D,S/D,II,S/D,Urbana,S/D,S/D,Recta,S/D,S/D,Diurna,S/D,S/D,Ciclista,Atropello,S/D,S/D,S/D,S/D
2018,9237,2018-11-02,Viernes,0,17:55:00,,0.0,2,"Peatón,Automóvil",Bv. 27 De Febrero Y L.N.Alem,2,1,0,0,1,0,0,"-32.969277777778,-60.633611111111",Avenida,,ROSARIO,Rosario,S/D,S/D,II,S/D,Urbana,S/D,S/D,Intersección,S/D,S/D,Diurna,S/D,S/D,Peatón,Atropello,S/D,S/D,S/D,S/D
2018,9238,2018-11-01,Jueves,0,08:10:00,,0.0,2,"Peatón,Pickup/Utilitario",Balcarce 900,2,1,0,0,1,0,0,"-32.945083333333,-60.652222222222",S/D,,ROSARIO,Rosario,S/D,S/D,II,S/D,Urbana,S/D,S/D,Recta,S/D,S/D,Diurna,S/D,S/D,Peatón,Atropello,S/D,S/D,S/D,S/D
2018,9239,2018-11-17,Sabado,0,14:45:00,,0.0,2,"Moto/Ciclomotor,Moto/Ciclomotor",Moreno Y E Lopez,2,1,1,0,0,0,0,"-30.21098, -61.87534",Calle,,VILLA TRINIDAD,San Cristóbal,Asfalto,No existe,XIII,Dentro,Urbana,Ninguna,No existe,Intersección,Bueno,Buena,Diurna,Buen Tiempo,Lateral,S/D,Colisión,Ninguna,Faltante,Ninguna,Sin restricción
2018,9240,2018-10-01,Lunes,0,07:00:00,Ruta Secundaria 26-s,3.0,1,Automóvil, ,1,1,0,0,0,0,0,"-32.65873, -60.85656",Ruta,26-s,ANDINO,Iriondo,S/D,S/D,X,S/D,Urbana,S/D,S/D,S/D,S/D,S/D,Amanecer,S/D,S/D,S/D,Despiste,S/D,S/D,S/D,S/D
2018,9241,2018-11-10,Sabado,0,05:30:00,,0.0,2,"Automóvil,Moto/Ciclomotor",Buenos Aires Y Dr E Puccio,3,0,1,0,2,0,0,"-31.5178, -60.67774",Calle,,MONTE VERA,La Capital,Hormigón,No existe,I,S/D,Urbana,Ninguna,No existe,Intersección,Bueno,Buena,Con luz artificial,Buen Tiempo,Lateral,S/D,Colisión,Ninguna,Faltante,Ninguna,Sin restricción
2018,9242,2018-11-05,Lunes,0,16:56:00,,0.0,2,"Peatón,Taxi/Remis",Cafferata Y Santa Fe,3,1,0,0,2,0,0,"-32.939166666667,-60.670638888889",S/D,,ROSARIO,Rosario,S/D,S/D,II,S/D,Urbana,S/D,S/D,Intersección,S/D,S/D,Diurna,S/D,S/D,Peatón,Atropello,S/D,S/D,S/D,S/D
2018,9243,2018-11-02,Viernes,0,14:45:00,,0.0,2,"Automóvil,Moto/Ciclomotor",Av. Pellegrini Y San Nicolas,2,1,0,0,1,0,0,"-32.951222222222,-60.675083333333",S/D,,ROSARIO,Rosario,S/D,S/D,II,S/D,S/D,S/D,S/D,Intersección,S/D,S/D,Diurna,S/D,S/D,S/D,Colisión,S/D,S/D,S/D,S/D
2018,9244,2018-11-06,Martes,0,19:20:00,,0.0,2,"Automóvil,Peatón",Av. Corrientes Y Pasco,2,1,0,0,1,0,0,"-32.958833333333,-60.645666666667",S/D,,ROSARIO,Rosario,S/D,S/D,II,S/D,Urbana,Señal Pare,S/D,Intersección,S/D,S/D,"Atardecer,Con luz artificial",S/D,S/D,Peatón,Atropello,S/D,S/D,S/D,S/D
2018,9246,2018-11-03,Sabado,0,17:30:00,,0.0,2,"Moto/Ciclomotor,Automóvil",Ayacucho Y Ituzaingo,2,1,0,0,1,0,0,"-32.962722222222,-60.6305",S/D,,ROSARIO,Rosario,S/D,S/D,II,S/D,S/D,S/D,S/D,Intersección,S/D,S/D,Diurna,S/D,S/D,S/D,Colisión,S/D,S/D,S/D,S/D
2018,9247,2018-11-04,Domingo,0,00:35:00,,0.0,1,Automóvil,Av. Wheelwright Y Italia,2,1,0,0,1,0,0,"-32.934361111111,-60.645277777778",Calle,,ROSARIO,Rosario,S/D,S/D,II,S/D,Urbana,Semáforo,Funciona,Intersección,S/D,S/D,Nocturna,S/D,Contra objeto fijo,S/D,Colisión,S/D,S/D,S/D,S/D
2018,9248,2018-10-01,Lunes,0,,Ruta Provincial 80,0.0,3,"Bicicleta,Bicicleta,Camión", ,3,1,0,0,0,0,2,"-32.07148, -60.99569",Ruta,80,AROCENA,San Jerónimo,S/D,S/D,XV,S/D,Rural,S/D,S/D,S/D,S/D,S/D,S/D,S/D,S/D,Ciclista,Atropello,S/D,S/D,S/D,S/D
2018,9249,2018-11-04,Domingo,0,01:00:00,,0.0,2,"Bicicleta,Automóvil",9 De Julio Y Espa?a,3,2,0,0,1,0,0,"-32.952333333333,-60.648361111111",Calle,,ROSARIO,Rosario,S/D,S/D,II,S/D,Urbana,S/D,S/D,Intersección,S/D,S/D,Nocturna,S/D,S/D,Ciclista,Atropello,S/D,S/D,S/D,S/D
2018,9250,2018-11-01,Jueves,0,12:15:00,,0.0,2,"Peatón,Automóvil",San Lorenzo Y Av. Corrientes,2,1,0,0,1,0,0,"-32.943361111111,-60.641777777778",Calle,,ROSARIO,Rosario,S/D,S/D,II,S/D,Urbana,S/D,S/D,Intersección,S/D,S/D,Diurna,S/D,S/D,Peatón,Atropello,S/D,S/D,S/D,S/D
2018,9251,2018-10-02,Martes,0,09:25:00,Ruta Provincial 15,0.0,1,Automóvil, ,1,1,0,0,0,0,0,"-32.79683, -61.62044",Ruta,15,ARMSTRONG,Belgrano,S/D,S/D,III,S/D,Rural,S/D,S/D,S/D,S/D,S/D,Diurna,S/D,S/D,S/D,Vuelco,S/D,S/D,S/D,S/D
2018,9252,2018-11-04,Domingo,0,21:05:00,,0.0,2,"Peatón,Otros",Entre Rios Y Cochabamba,2,1,0,0,0,0,1,"-32.957916666667,-60.643972222222",Calle,,ROSARIO,Rosario,S/D,S/D,II,S/D,Urbana,S/D,S/D,Intersección,S/D,S/D,S/D,S/D,S/D,S/D,S/D,S/D,S/D,S/D,S/D
2018,9253,2018-11-08,Jueves,0,16:00:00,,0.0,2,"Automóvil,Moto/Ciclomotor",Av. Ovidio Lagos Y GÁLVEZ,2,1,0,0,1,0,0,"-32.964611111111,-60.666944444444",S/D,,ROSARIO,Rosario,S/D,S/D,II,S/D,Urbana,S/D,S/D,Intersección,S/D,S/D,Diurna,S/D,S/D,S/D,Colisión,S/D,S/D,S/D,S/D
2018,9254,2018-10-02,Martes,0,,,0.0,2,"Moto/Ciclomotor,Automóvil",Junin Y Lopez,2,0,1,0,1,0,0,"-33.745111111111,-61.975027777778",Calle,,VENADO TUERTO,General López,S/D,S/D,VIII,S/D,Urbana,S/D,S/D,Intersección,S/D,S/D,S/D,S/D,S/D,S/D,Colisión,S/D,S/D,S/D,S/D
2018,9255,2018-10-02,Martes,0,,,0.0,2,"Moto/Ciclomotor,Automóvil", ,2,1,0,0,1,0,0,"-31.4489, -60.93037",S/D,,ESPERANZA,Las Colonias,S/D,S/D,XI,S/D,S/D,S/D,S/D,S/D,S/D,S/D,S/D,S/D,S/D,S/D,Colisión,S/D,S/D,S/D,S/D
2018,9256,2018-10-02,Martes,0,19:10:00,Ruta Nacional 11,0.0,2,"Moto/Ciclomotor,Automóvil",Av L de la Torre-Ruta Nac 11 Y Jose de San Martin,3,2,0,0,1,0,0,"-31.97271, -60.92673",Ruta,11,CORONDA,San Jerónimo,Asfalto,No existe,XV,S/D,Urbana,Ninguna,No existe,Intersección,Bueno,Buena,Atardecer,Buen Tiempo,Lateral,S/D,Colisión,Ninguna,Faltante,"Cordón divisorio,S/D",Sin restricción