anio_acci,nro_acci,fecha,desc_dia,fecha_aprox,hora_aprox,desc_ruta,km,cant_participantes,desc_participante,calle_avenida_km,total,heridos_leves,heridos_graves,heridos_gravisimos,ilesos,fallecidos,sin_datos,posicion_XY,desc_tipo_via,desc_ruta_ori,desc_loc,desc_dpto,desc_tipo_calzada,desc_tipo_banquina,desc_unidad_regional,desc_lugar_calzada,desc_zona,desc_prioridad,desc_estado_semaforo,desc_lugar_via,desc_estado_via,desc_estado_visibilidad,desc_luminosidad,desc_estado_clima,desc_tipo_colision,desc_tipo_atropello,desc_tipo_hecho,desc_pres_calzada,desc_senializacion,desc_separacion_via,desc_restriccion
2018,9257,2018-10-02,Martes,0,,Ruta Nacional 34,0.0,1,Moto/Ciclomotor, ,2,0,2,0,0,0,0,"-32.13547, -61.53832",Ruta,34,CASAS,San Martín,S/D,S/D,XVIII,S/D,Rural,S/D,S/D,S/D,S/D,S/D,Nocturna,S/D,S/D,S/D,Despiste,S/D,S/D,S/D,S/D
2018,9258,2018-09-05,Miercoles,0,09:10:00,Ruta Nacional 11,0.0,2,"Moto/Ciclomotor,Pickup/Utilitario",Av Lopez y Planes Y Maipu,2,1,0,0,0,0,1,"-31.631017, -60.713915",Ruta,11,SANTA FE,La Capital,Asfalto,No existe,I,Dentro,Urbana,Ninguna,No existe,Intersección,Otro,Buena,Diurna,Buen Tiempo,Otro,S/D,Colisión,Ninguna,Faltante,Ninguna,Sin restricción
2018,9259,2018-09-05,Miercoles,0,00:30:00,,0.0,2,"Peatón,Moto/Ciclomotor",Hollywood Y Punta Del Indio,3,3,0,0,0,0,0,"-33.030678, -60.687606",Calle,,ROSARIO,Rosario,Asfalto,No existe,II,Dentro,Urbana,Ninguna,No existe,Intersección,Bueno,Buena,Nocturna,Buen Tiempo,S/D,Peatón,Atropello,Ninguna,Faltante,Ninguna,Sin restricción
2018,9260,2018-09-04,Martes,0,19:50:00,Ruta Nacional 11,0.0,2,"Automóvil,Otros",Bv Pellegrini Y Av Freyre,2,1,0,0,1,0,0,"-31.633175, -60.714795",Ruta,11,SANTA FE,La Capital,Asfalto,No existe,I,Dentro,Urbana,Ninguna,No existe,Intersección,Bueno,Buena,Atardecer,Buen Tiempo,Otro,S/D,Colisión,Ninguna,Faltante,Ninguna,Sin restricción
2018,9261,2018-09-04,Martes,0,18:50:00,,0.0,2,"Automóvil,Moto/Ciclomotor",Av Pte Peron Y Santiago del Estero,3,2,0,0,1,0,0,"-31.634786, -60.717953",Avenida,,SANTA FE,La Capital,Asfalto,No existe,I,Dentro,Urbana,Ninguna,No existe,Intersección,Bueno,Buena,Atardecer,Buen Tiempo,Otro,S/D,Colisión,Ninguna,Faltante,Ninguna,Sin restricción
2018,9262,2018-09-06,Jueves,0,12:00:00,,0.0,2,"Moto/Ciclomotor,Pickup/Utilitario",Av. Battle y Ordo?ez Y Espa?a,2,1,0,0,1,0,0,"-33.009076, -60.657293",Avenida,,ROSARIO,Rosario,Asfalto,No existe,II,Dentro,Urbana,Semáforo,Funciona,Recta,Bueno,Buena,Diurna,Buen Tiempo,Lateral,S/D,Colisión,Ninguna,"Horizontal,Vertical","Cordón divisorio,Línea divisoria pintada",Sin restricción
2018,9263,2018-09-01,Sabado,0,18:50:00,Ruta Nacional 11,0.0,2,"Automóvil,Moto/Ciclomotor",Salvador Caputo Y Av Freyre,2,1,0,0,1,0,0,"-31.637529, -60.716019",Ruta,11,SANTA FE,La Capital,Asfalto,No existe,I,Dentro,Urbana,Semáforo,Funciona,Intersección,Otro,Buena,Atardecer,Buen Tiempo,Otro,S/D,Colisión,Ninguna,Vertical,Cordón divisorio,Sin restricción
2018,9264,2018-09-15,Sabado,0,14:30:00,,0.0,2,"Pickup/Utilitario,Otros",R.de Pineda Y Patricios,2,0,1,0,1,0,0,"-33.010955, -60.649423",Calle,,ROSARIO,Rosario,Asfalto,No existe,II,Dentro,Urbana,Ninguna,No existe,Recta,Bueno,Buena,Diurna,Buen Tiempo,De alcance,S/D,Colisión,Ninguna,Faltante,Ninguna,Sin restricción
2018,9265,2018-09-15,Sabado,0,17:40:00,,0.0,4,"Peatón,Peatón,Peatón,Moto/Ciclomotor",Av. Battle y Ordo?ez Y Espa?a,4,1,0,0,3,0,0,"-33.009154, -60.657284",Avenida,,ROSARIO,Rosario,Asfalto,No existe,II,Dentro,Urbana,Semáforo,Funciona,Recta,Bueno,Buena,Atardecer,Buen Tiempo,S/D,Peatón,Atropello,Ninguna,"Horizontal,Vertical","Cordón divisorio,Línea divisoria pintada",Sin restricción
2018,9266,2018-09-02,Domingo,0,23:45:00,,0.0,2,"Automóvil,Moto/Ciclomotor",Av Pte Peron Y Peru,2,1,0,0,0,0,1,"-31.621745, -60.718574",Avenida,,SANTA FE,La Capital,Asfalto,No existe,I,Dentro,Urbana,Otra Señal,No existe,Intersección,Bueno,Reducida,Nocturna,Buen Tiempo,Lateral,S/D,Colisión,Otro,Faltante,Cordón divisorio,Sin restricción
2018,9267,2018-09-05,Miercoles,0,13:00:00,,0.0,1,Moto/Ciclomotor,Bv. Avellaneda 4460,2,1,0,0,1,0,0,"-32.982850, -60.688605",Avenida,,ROSARIO,Rosario,Asfalto,No existe,II,Dentro,Urbana,Marca Vial,No existe,Recta,Bueno,Buena,Diurna,Buen Tiempo,Contra objeto fijo,S/D,Colisión,Ninguna,"Horizontal,Vertical",Cordón divisorio,Sin restricción
2018,9268,2018-09-27,Jueves,0,12:10:00,,0.0,2,"Automóvil,Moto/Ciclomotor",Bv. Avellaneda Y Av. Uriburu,2,1,0,0,1,0,0,"-32.991979, -60.688886",Avenida,,ROSARIO,Rosario,Asfalto,No existe,II,Dentro,Urbana,Semáforo,Funciona,Intersección,Bueno,Buena,Diurna,Buen Tiempo,De alcance,S/D,Colisión,Ninguna,"Horizontal,Vertical",Cordón divisorio,Sin restricción
2018,9269,2018-09-05,Miercoles,0,09:00:00,,0.0,2,"Moto/Ciclomotor,Moto/Ciclomotor",Av Pe?aloza Y Llerena,2,0,0,0,0,0,2,"-31.610153, -60.713036",Avenida,,SANTA FE,La Capital,Asfalto,No existe,I,Dentro,Urbana,Otra Señal,No existe,Intersección,Bueno,Buena,Diurna,Buen Tiempo,Lateral,S/D,Colisión,Ninguna,Vertical,Cordón divisorio,Sin restricción
2018,9270,2018-09-03,Lunes,0,17:20:00,Autopista Nacional A007,0.0,2,"Automóvil,Moto/Ciclomotor",Iturri Y Av Circunvalaci?n,2,0,0,0,0,0,2,"-31.628193, -60.730676",Autopista,A007,SANTA FE,La Capital,Hormigón,Pavimento,I,Dentro,Urbana,Otra Señal,No existe,Otro,Bueno,Buena,Diurna,Buen Tiempo,Lateral,S/D,Colisión,S/D,Faltante,"Vegetación,Línea divisoria pintada",Sin restricción
2018,9271,2018-09-26,Miercoles,0,18:25:00,,0.0,2,"Moto/Ciclomotor,Automóvil",Av. Uriburu 2900,2,1,0,0,1,0,0,"-32.991624, -60.675596",Avenida,,ROSARIO,Rosario,Asfalto,No existe,II,Dentro,Urbana,Ninguna,No existe,Recta,Bueno,Buena,Diurna,Buen Tiempo,S/D,S/D,Colisión,Ninguna,Faltante,Cordón divisorio,Sin restricción
2018,9272,2018-09-08,Sabado,0,22:05:00,,0.0,2,"Automóvil,Moto/Ciclomotor",Gdor Freyre Y Gutierrez,2,1,0,0,0,0,1,"-31.621202, -60.711492",Calle,,SANTA FE,La Capital,Asfalto,No existe,I,Dentro,Urbana,Ninguna,No existe,Intersección,Bueno,Reducida,Nocturna,Buen Tiempo,Lateral,S/D,Colisión,Ninguna,Faltante,Ninguna,Sin restricción
2018,9273,2018-09-26,Miercoles,0,10:20:00,,0.0,2,"Automóvil,Moto/Ciclomotor",Bv. Oro?o Y Ombu,2,1,0,0,1,0,0,"-33.006459, -60.664749",Avenida,,ROSARIO,Rosario,Asfalto,No existe,II,Dentro,Urbana,Semáforo,Funciona,Recta,Bueno,Buena,Diurna,Buen Tiempo,S/D,S/D,Colisión,Ninguna,"Horizontal,Vertical","Cordón divisorio,Vegetación,Línea divisoria pintada",Sin restricción
2018,9274,2018-09-12,Miercoles,0,14:35:00,Ruta Nacional 11,0.0,2,"Taxi/Remis,Moto/Ciclomotor",Av Lopez y Planes Y Pje Irala,2,0,0,0,0,0,2,"-31.629922, -60.714029",Ruta,11,SANTA FE,La Capital,"Asfalto,Hormigón",No existe,I,Dentro,Urbana,Semáforo,Funciona,Intersección,Bueno,Buena,Diurna,Buen Tiempo,Lateral,S/D,Colisión,S/D,Vertical,Cordón divisorio,Sin restricción
2018,9275,2018-09-23,Domingo,0,12:50:00,,0.0,2,"Automóvil,Moto/Ciclomotor",Arengreen Y Ombu,3,1,0,0,2,0,0,"-33.006747, -60.674704",Calle,,ROSARIO,Rosario,Asfalto,No existe,II,Dentro,Urbana,Ninguna,No existe,Intersección,Bueno,Buena,Diurna,Buen Tiempo,Lateral,S/D,Colisión,Ninguna,Faltante,Ninguna,Sin restricción
2018,9276,2018-09-17,Lunes,0,11:15:00,,0.0,2,"Automóvil,Moto/Ciclomotor",Bolivia Y La Paz,2,0,0,0,0,0,2,"-31.623411, -60.715030",Calle,,SANTA FE,La Capital,"Asfalto,Hormigón",No existe,I,Dentro,Urbana,Otra Señal,No existe,Intersección,Con baches,Buena,Diurna,Buen Tiempo,Lateral,S/D,Colisión,S/D,Faltante,Ninguna,Sin restricción
2018,9277,2018-09-23,Domingo,0,14:10:00,,0.0,2,"Moto/Ciclomotor,Automóvil",Av. Battle y Ordo?ez Y Bv. Oro?o,3,2,0,0,1,0,0,"-33.009308, -60.664898",Avenida,,ROSARIO,Rosario,Asfalto,No existe,II,Dentro,Urbana,Semáforo,No existe,Rotonda,Bueno,Buena,Diurna,Buen Tiempo,Lateral,S/D,Colisión,Ninguna,"Horizontal,Vertical","Cordón divisorio,Vegetación,Línea divisoria pintada",Sin restricción
2018,9278,2018-09-18,Martes,0,09:35:00,Ruta Nacional 11,0.0,2,"Automóvil,Moto/Ciclomotor",Av Blas Parera 6034,2,0,0,0,0,0,2,"-31.607739, -60.719500",Ruta,11,SANTA FE,La Capital,Asfalto,No existe,I,Dentro,Urbana,Semáforo,Funciona,Intersección,Bueno,Buena,Diurna,Buen Tiempo,Lateral,S/D,Colisión,Ninguna,"Horizontal,Vertical",Cordón divisorio,Sin restricción
2018,9279,2018-09-23,Domingo,0,16:00:00,Autopista Nacional A008,0.0,1,Moto/Ciclomotor,Bv. Avellaneda Y Av. Circunvalacion,1,1,0,0,0,0,0,"-33.000405, -60.689486",Autopista,A008,ROSARIO,Rosario,Asfalto,No existe,II,Dentro,Urbana,Ninguna,No existe,Recta,Bueno,Buena,Diurna,Buen Tiempo,S/D,S/D,Caída ocupante,Ninguna,Horizontal,"Guardarrail,Línea divisoria pintada",Sin restricción
2018,9280,2018-09-18,Martes,0,16:00:00,Ruta Nacional 11,0.0,2,"Automóvil,Moto/Ciclomotor",Av Blas Parera Y Lavaisse,2,1,0,0,0,0,1,"-31.608469, -60.719299",Ruta,11,SANTA FE,La Capital,Asfalto,No existe,I,Dentro,Urbana,Semáforo,Funciona,Intersección,Bueno,Buena,Diurna,Buen Tiempo,Lateral,S/D,Colisión,S/D,"Horizontal,Vertical",Cordón divisorio,Sin restricción
2018,9281,2018-09-22,Sabado,0,17:20:00,,0.0,2,"Peatón,Moto/Ciclomotor",Iriondo Y Biedma,2,0,1,0,1,0,0,"-32.975745, -60.678405",Calle,,ROSARIO,Rosario,Asfalto,No existe,II,Dentro,Urbana,Ninguna,No existe,Intersección,Bueno,Buena,Diurna,Buen Tiempo,S/D,Peatón,Atropello,Ninguna,Faltante,Ninguna,Sin restricción
2018,9282,2018-09-19,Miercoles,0,10:30:00,,0.0,2,"Automóvil,Moto/Ciclomotor",Luciano Molinas Y Brasil,2,0,0,0,0,0,2,"-31.628862, -60.717693",Calle,,SANTA FE,La Capital,Asfalto,No existe,I,Dentro,Urbana,Ninguna,No existe,Intersección,Bueno,Buena,Diurna,Buen Tiempo,Lateral,S/D,Colisión,Ninguna,Faltante,Ninguna,Sin restricción
2018,9283,2018-09-20,Jueves,0,09:00:00,,0.0,2,"Moto/Ciclomotor,Moto/Ciclomotor",Av Pe?aloza Y Huergo,2,0,0,0,0,0,2,"-31.611077, -60.713174",Avenida,,SANTA FE,La Capital,Asfalto,No existe,I,Dentro,Urbana,Ninguna,No existe,Intersección,Bueno,Buena,Diurna,Buen Tiempo,Lateral,S/D,Colisión,S/D,Faltante,Cordón divisorio,Sin restricción
2018,9284,2018-09-21,Viernes,0,08:00:00,,0.0,2,"Moto/Ciclomotor,Automóvil",Av. Uriburu Y Ricchieri,2,1,0,0,1,0,0,"-32.991518, -60.675278",Avenida,,ROSARIO,Rosario,Asfalto,No existe,II,Dentro,Urbana,Ninguna,No existe,Intersección,S/D,Buena,Diurna,Buen Tiempo,S/D,S/D,Colisión,Ninguna,Faltante,Cordón divisorio,Sin restricción
2018,9285,2018-09-29,Sabado,0,13:05:00,Ruta Nacional 11,0.0,2,"Pickup/Utilitario,Pickup/Utilitario",Av Lopez y Planes Y Pedro Centeno,2,0,0,0,0,0,2,"-31.624568, -60.713636",Ruta,11,SANTA FE,La Capital,Asfalto,No existe,I,Dentro,Urbana,Semáforo,Funciona,Intersección,Con baches,Buena,Diurna,Buen Tiempo,Lateral,S/D,Colisión,S/D,Horizontal,Cordón divisorio,Sin restricción
2018,9286,2018-08-26,Domingo,0,00:50:00,,0.0,2,"Automóvil,Moto/Ciclomotor",Avenida San Martin Y Juan de Garay,3,0,1,0,1,1,0,"-28.48842,-59.34922",Avenida,,VILLA OCAMPO,General Obligado,S/D,S/D,IX,S/D,Urbana,S/D,S/D,S/D,S/D,S/D,Nocturna,S/D,Lateral,S/D,Colisión,S/D,S/D,S/D,S/D
2018,9287,2018-09-17,Lunes,0,11:15:00,,0.0,2,"Moto/Ciclomotor,Peatón",Av. Francia Y Bv. Segui,2,2,0,0,0,0,0,"-32.974130, -60.673685",Avenida,,ROSARIO,Rosario,Asfalto,No existe,II,Dentro,Urbana,Semáforo,Funciona,Recta,Bueno,Buena,Diurna,Buen Tiempo,S/D,Peatón,Atropello,Ninguna,"Horizontal,Vertical","Cordón divisorio,Vegetación,Línea divisoria pintada",Sin restricción
2018,9288,2018-09-29,Sabado,0,14:30:00,Autopista Provincial Brigadier E.López,0.0,2,"Automóvil,Moto/Ciclomotor",Av Pte Peron Y Iturraspe,4,1,0,0,3,0,0,"-31.625686, -60.718656",Autopista,Brigadier E.López,SANTA FE,La Capital,Asfalto,No existe,I,Dentro,Urbana,Semáforo,Funciona,Intersección,Bueno,Buena,Diurna,Buen Tiempo,Lateral,S/D,Colisión,Ninguna,"Horizontal,Vertical",Cordón divisorio,Sin restricción
2018,9289,2018-09-18,Martes,0,17:10:00,,0.0,2,"Moto/Ciclomotor,Peatón",Flor De Nacar Y Pje. Violeta,2,1,0,0,1,0,0,"-33.019846, -60.659880",Calle,,ROSARIO,Rosario,Asfalto,No existe,II,Dentro,Urbana,Ninguna,No existe,Recta,Bueno,Buena,Diurna,Buen Tiempo,S/D,Peatón,Atropello,Ninguna,Faltante,Ninguna,Sin restricción
2018,9290,2018-09-19,Miercoles,0,09:20:00,,0.0,2,"Automóvil,Moto/Ciclomotor",24 De Setiembre Y Ricchieri,3,0,2,0,1,0,0,"-32.975807, -60.671305",Calle,,ROSARIO,Rosario,Asfalto,No existe,II,Dentro,Urbana,Ninguna,No existe,Intersección,Bueno,Buena,Diurna,Buen Tiempo,S/D,S/D,Colisión,Ninguna,Faltante,Ninguna,Sin restricción
2018,9291,2018-08-29,Miercoles,0,11:10:00,,0.0,2,"Moto/Ciclomotor,Automóvil",Calle 35-Espa?a Y Calle 50,2,0,0,0,1,1,0,"-29.15269,-59.6678",Calle,,RECONQUISTA,General Obligado,Tierra,No existe,IX,S/D,S/D,Ninguna,No existe,Intersección,Bueno,Buena,Diurna,Buen Tiempo,Lateral,S/D,Colisión,S/D,Faltante,"Ninguna,S/D",Sin restricción
2018,9292,2018-09-11,Martes,0,09:20:00,,0.0,2,"Moto/Ciclomotor,Automóvil",Uruguay Y Av. Ovidio Lagos,2,1,1,0,0,0,0,"-32.972621, -60.668875",Avenida,,ROSARIO,Rosario,Asfalto,No existe,II,Dentro,Urbana,Paso Peatonal,No existe,Intersección,Bueno,Buena,Diurna,Buen Tiempo,S/D,S/D,Colisión,Ninguna,"Horizontal,Vertical","Cordón divisorio,Línea divisoria pintada",Sin restricción
2018,9293,2018-11-10,Sabado,0,17:00:00,,0.0,2,"Automóvil,Moto/Ciclomotor",Alberti ,4,3,0,0,1,0,0,"-31.60597, -60.67458",Calle,,SANTA FE,La Capital,S/D,Natural,I,S/D,Urbana,Ninguna,S/D,Intersección,Otro,Reducida,Diurna,Otro,Otro,S/D,Colisión,Otro,Faltante,Ninguna,Sin restricción
2018,9295,2018-11-22,Jueves,0,20:40:00,Ruta Nacional 34,338.0,3,"Camión c / Acoplado,Camión c / Semirremolque,Automóvil", ,3,1,1,0,1,0,0,"-30.23674, -61.72407",Ruta,34,ARRUFÓ,San Cristóbal,Asfalto,Natural,XIII,S/D,Rural,Ninguna,No existe,Recta,Resbaladiza,Reducida,Nocturna,Lluvia,Múltiple,S/D,Colisión,Agua,Faltante,Línea divisoria pintada,Sin restricción
2018,9296,2018-11-15,Jueves,0,10:00:00,,0.0,2,"Automóvil,Bicicleta",Av Facundo Zuviria Y Larrea,2,1,0,0,1,0,0,"-31.594,-60.699388888889",Calle,,SANTA FE,La Capital,"Asfalto,Ripio",S/D,I,S/D,Urbana,S/D,No existe,Intersección,Bueno,Buena,Diurna,S/D,Lateral,Ciclista,Atropello,Ninguna,Faltante,S/D,S/D
2018,9297,2018-11-22,Jueves,0,03:20:00,,0.0,1,Moto/Ciclomotor,Ituzaingo 500,1,0,1,0,0,0,0,"-30.31362, -61.23157",Calle,,SAN CRISTÓBAL,San Cristóbal,Asfalto,No existe,XIII,Dentro,Urbana,Ninguna,No existe,Recta,Bueno,Buena,Nocturna,Buen Tiempo,Contra objeto fijo,S/D,Colisión,Ninguna,Faltante,S/D,S/D
2018,9298,2018-11-09,Viernes,0,13:55:00,,0.0,2,"Pickup/Utilitario,Moto/Ciclomotor",Av Facundo Zuviria Y Padre Genesio,2,1,0,0,1,0,0,"-31.59825,-60.70075",Calle,,SANTA FE,La Capital,Asfalto,S/D,I,S/D,Urbana,S/D,No existe,Intersección,Bueno,Buena,Diurna,Buen Tiempo,Lateral,S/D,Colisión,Ninguna,Faltante,S/D,S/D
2018,9299,2018-11-22,Jueves,0,12:20:00,,0.0,2,"Peatón,Pickup/Utilitario", ,2,0,1,0,1,0,0,"-29.88172, -61.94605",Avenida,,CERES,San Cristóbal,Ripio,No existe,XIII,Dentro,Urbana,Ninguna,No existe,Recta,Bueno,Buena,Diurna,Buen Tiempo,S/D,Peatón,Atropello,Ninguna,Vertical,Vegetación,Sin restricción
2018,9300,2018-11-07,Miercoles,0,19:00:00,,0.0,2,"Moto/Ciclomotor,Automóvil",Montevideo Y Laprida,2,1,0,0,0,0,1,"-32.956833333333,-60.636666666667",S/D,,ROSARIO,Rosario,S/D,S/D,II,S/D,Urbana,S/D,S/D,Intersección,S/D,S/D,Atardecer,S/D,S/D,S/D,Colisión,S/D,S/D,S/D,S/D
2018,9301,2018-11-14,Miercoles,0,16:45:00,,0.0,2,"Automóvil,Moto/Ciclomotor",Av. Genova 9400,2,1,0,0,1,0,0,"-32.91757,-60.77160",Calle,,ROSARIO,Rosario,Asfalto,S/D,II,S/D,Urbana,S/D,S/D,Intersección,S/D,S/D,S/D,S/D,S/D,S/D,Colisión,S/D,S/D,S/D,S/D
2018,9302,2018-10-03,Miercoles,0,,,0.0,2,"Moto/Ciclomotor,Automóvil", ,2,1,0,0,1,0,0,"-33.04434, -61.16504",S/D,,CASILDA,Caseros,S/D,S/D,IV,S/D,S/D,S/D,S/D,S/D,S/D,S/D,S/D,S/D,S/D,S/D,Colisión,S/D,S/D,S/D,S/D
2018,9303,2018-11-13,Martes,0,18:30:00,,0.0,2,"Moto/Ciclomotor,Automóvil",Bolivia Y J.B.Justo,2,1,0,0,1,0,0,"-32.914972222222,-60.71575",Calle,,ROSARIO,Rosario,Asfalto,No existe,II,Dentro,Urbana,Ninguna,No existe,Intersección,Bueno,Buena,Atardecer,Buen Tiempo,Otro,S/D,Colisión,Ninguna,Faltante,Ninguna,Sin restricción
2018,9304,2018-10-03,Miercoles,0,,,0.0,1,Automóvil, ,4,0,0,0,0,0,4,"-31.44883, -60.93034",S/D,,ESPERANZA,Las Colonias,S/D,S/D,XI,S/D,S/D,S/D,S/D,S/D,S/D,S/D,S/D,S/D,Contra objeto fijo,S/D,Colisión,S/D,S/D,S/D,S/D
2018,9305,2018-11-18,Domingo,0,19:40:00,,0.0,2,"Automóvil,Moto/Ciclomotor",Aaron Castellanos Y R P A Janssen,2,1,0,0,1,0,0,"-31.448111111111,-60.937916666667",Calle,,ESPERANZA,Las Colonias,Asfalto,No existe,XI,S/D,Urbana,Ninguna,No existe,Intersección,Bueno,Buena,Diurna,Buen Tiempo,De alcance,S/D,Colisión,Ninguna,Faltante,Ninguna,Sin restricción
2018,9306,2018-11-15,Jueves,0,14:00:00,,0.0,2,"Moto/Ciclomotor,Automóvil",French Y Bolivia Bis,2,1,0,0,1,0,0,"-32.921833333333,-60.714638888889",Calle,,ROSARIO,Rosario,Asfalto,No existe,II,S/D,Urbana,Ninguna,No existe,Intersección,Bueno,Buena,Diurna,Buen Tiempo,Lateral,S/D,Colisión,Ninguna,Faltante,Ninguna,Sin restricción
2018,9307,2018-11-03,Sabado,0,23:05:00,,0.0,2,"Pickup/Utilitario,Moto/Ciclomotor",Bv. 27 De Febrero Y Ayacucho,3,3,0,0,0,0,0,"-32.969527777778,-60.632194444444",S/D,,ROSARIO,Rosario,S/D,S/D,II,S/D,Urbana,S/D,S/D,Intersección,S/D,S/D,Nocturna,S/D,S/D,S/D,Colisión,S/D,S/D,S/D,S/D
2018,9308,2018-10-03,Miercoles,0,,,0.0,2,"Moto/Ciclomotor,Automóvil", ,2,1,0,0,0,0,1,"-31.44867, -60.9304",S/D,,ESPERANZA,Las Colonias,S/D,S/D,XI,S/D,S/D,S/D,S/D,S/D,S/D,S/D,S/D,S/D,S/D,S/D,Colisión,S/D,S/D,S/D,S/D
2018,9309,2018-11-10,Sabado,0,02:00:00,,0.0,2,"Moto/Ciclomotor,Automóvil",J.B.Justo Y Olavarria Bis,2,0,1,0,1,0,0,"-32.914666666667,-60.704611111111",Calle,,ROSARIO,Rosario,Asfalto,No existe,II,S/D,Urbana,Ninguna,No existe,Intersección,Bueno,Buena,Con luz artificial,Buen Tiempo,Otro,S/D,Colisión,Ninguna,Faltante,Ninguna,Sin restricción
2018,9310,2018-11-18,Domingo,0,07:40:00,,0.0,2,"Moto/Ciclomotor,Transporte de Pasajeros Larga Distancia (Piso  y  1/2)",Aaron Castellanos Y Rivadavia,7,0,2,0,5,0,0,"-31.450222222222,-60.928638888889",Calle,,ESPERANZA,Las Colonias,Asfalto,No existe,XI,Dentro,Urbana,Ninguna,No existe,Intersección,Bueno,Buena,Diurna,Buen Tiempo,Lateral,S/D,Colisión,Ninguna,Faltante,Ninguna,Sin restricción
2018,9311,2018-10-03,Miercoles,0,,,0.0,2,"Moto/Ciclomotor,Automóvil", ,3,2,0,0,1,0,0,"-32.0288, -61.22441",S/D,,GÁLVEZ,San Jerónimo,S/D,S/D,XV,S/D,S/D,S/D,S/D,S/D,S/D,S/D,S/D,S/D,S/D,S/D,Colisión,S/D,S/D,S/D,S/D
2018,9312,2018-11-07,Miercoles,0,12:00:00,,0.0,2,"Peatón,Automóvil",Alvear Y San Luis,2,1,0,0,1,0,0,"-32.946083333333,-60.655305555556",S/D,,ROSARIO,Rosario,S/D,S/D,II,S/D,Urbana,S/D,S/D,Intersección,S/D,S/D,Diurna,S/D,S/D,Peatón,Atropello,S/D,S/D,S/D,S/D
2018,9313,2018-11-12,Lunes,0,13:15:00,,0.0,2,"Automóvil,Moto/Ciclomotor",Benegas Y Sanchez de Loria,2,1,0,0,1,0,0,"-32.930916666667,-60.732055555556",Calle,,ROSARIO,Rosario,Asfalto,No existe,II,Dentro,Urbana,Ninguna,S/D,Intersección,Bueno,Buena,Diurna,Buen Tiempo,Lateral,S/D,Colisión,Ninguna,S/D,Ninguna,Sin restricción
2018,9314,2018-11-07,Miercoles,0,14:40:00,,0.0,2,"Pickup/Utilitario,Moto/Ciclomotor",Sgto Cabral Y Av. Belgrano,2,1,0,0,1,0,0,"-32.943083333333,-60.634305555556",S/D,,ROSARIO,Rosario,S/D,S/D,II,S/D,Urbana,S/D,S/D,S/D,S/D,S/D,S/D,S/D,S/D,S/D,S/D,S/D,S/D,S/D,S/D
2018,9315,2018-11-20,Martes,0,18:15:00,,0.0,2,"Moto/Ciclomotor,Automóvil",25 de Mayo Y General Paz,2,1,1,0,0,0,0,"-31.447416666667,-60.932972222222",Calle,,ESPERANZA,Las Colonias,Asfalto,No existe,X,S/D,Urbana,Ninguna,No existe,Intersección,Bueno,Buena,Diurna,Buen Tiempo,Frontal,S/D,Colisión,Ninguna,Faltante,Ninguna,Sin restricción
2018,9316,2018-11-14,Miercoles,0,18:30:00,,0.0,2,"Automóvil,Bicicleta",9 de Julio Y Javier de la Rosa,2,1,0,0,1,0,0,"-31.598527777778,-60.695194444444",Calle,,SANTA FE,La Capital,Asfalto,S/D,I,S/D,Urbana,S/D,No existe,Intersección,Bueno,Buena,Atardecer,Buen Tiempo,Lateral,Ciclista,Atropello,Ninguna,Faltante,S/D,S/D
2018,9317,2018-10-04,Jueves,0,07:40:00,,0.0,1,Moto/Ciclomotor,Moreno Y Saavedra,2,2,0,0,0,0,0,"-31.653222222222,-60.718138888889",Calle,,SANTA FE,La Capital,S/D,S/D,I,S/D,Urbana,S/D,S/D,Intersección,S/D,S/D,Amanecer,S/D,S/D,S/D,Despiste,S/D,S/D,S/D,S/D
2018,9318,2018-11-22,Jueves,0,12:10:00,,0.0,2,"Moto/Ciclomotor,Moto/Ciclomotor",Simon de Iriondo Y Dr Horacio Cesar Cursack,2,2,0,0,0,0,0,"-31.427972222222,-60.923916666667",Calle,,ESPERANZA,Las Colonias,Asfalto,No existe,XI,Dentro,Urbana,Ninguna,No existe,Intersección,Bueno,Buena,Diurna,Buen Tiempo,Lateral,S/D,Colisión,Ninguna,Vertical,Ninguna,Sin restricción
2018,9319,2018-11-09,Viernes,0,23:55:00,,0.0,2,"Bicicleta,Automóvil",La Republica Y Bv. Wilde,2,1,0,0,1,0,0,"-32.919305555556,-60.739277777778",Calle,,ROSARIO,Rosario,Asfalto,No existe,II,S/D,Urbana,Ninguna,S/D,Intersección,Bueno,Buena,Nocturna,Buen Tiempo,S/D,Ciclista,Atropello,Ninguna,S/D,Ninguna,Sin restricción
2018,9320,2018-10-04,Jueves,0,,,0.0,3,"Automóvil,Automóvil,Automóvil",Av. Provincias Unidas Y Viamonte,3,1,0,0,2,0,0,"-32.956861111111,-60.711888888889",Calle,,ROSARIO,Rosario,S/D,S/D,II,S/D,Urbana,S/D,S/D,Intersección,S/D,S/D,S/D,S/D,Múltiple,S/D,Colisión,S/D,S/D,S/D,S/D
2018,9321,2018-11-07,Miercoles,0,20:00:00,,0.0,2,"Automóvil,Moto/Ciclomotor",Valparaiso Y Montevideo,3,1,0,0,2,0,0,"-32.948305555556,-60.684333333333",S/D,,ROSARIO,Rosario,S/D,S/D,II,S/D,Urbana,S/D,S/D,Intersección,S/D,S/D,Nocturna,S/D,S/D,S/D,Colisión,S/D,S/D,S/D,S/D