anio_acci,nro_acci,fecha,desc_dia,fecha_aprox,hora_aprox,desc_ruta,km,cant_participantes,desc_participante,calle_avenida_km,total,heridos_leves,heridos_graves,heridos_gravisimos,ilesos,fallecidos,sin_datos,posicion_XY,desc_tipo_via,desc_ruta_ori,desc_loc,desc_dpto,desc_tipo_calzada,desc_tipo_banquina,desc_unidad_regional,desc_lugar_calzada,desc_zona,desc_prioridad,desc_estado_semaforo,desc_lugar_via,desc_estado_via,desc_estado_visibilidad,desc_luminosidad,desc_estado_clima,desc_tipo_colision,desc_tipo_atropello,desc_tipo_hecho,desc_pres_calzada,desc_senializacion,desc_separacion_via,desc_restriccion
2018,9322,2018-11-15,Jueves,0,18:30:00,,0.0,2,"Pickup/Utilitario,Moto/Ciclomotor",Juan Del Campillo 3100,3,0,0,0,0,0,3,"-31.628611111111,-60.708277777778",Calle,,SANTA FE,La Capital,Asfalto,S/D,I,S/D,Urbana,Otra Señal,S/D,Recta,Bueno,S/D,S/D,Buen Tiempo,Lateral,S/D,Colisión,Ninguna,Faltante,Cordón divisorio,Sin restricción
2018,9323,2018-11-21,Miercoles,0,20:30:00,,0.0,2,"Pickup/Utilitario,Moto/Ciclomotor",Cno San Roque Y Fco Angeloni,2,1,0,0,1,0,0,"-30.783638888889,-60.586777777778",Calle,,SAN JUSTO,San Justo,Asfalto,No existe,XVI,S/D,Urbana,Ninguna,No existe,Intersección,Bueno,Buena,"Nocturna,Con luz artificial",Buen Tiempo,Lateral,S/D,Caída ocupante,S/D,S/D,Ninguna,Sin restricción
2018,9324,2018-11-09,Viernes,0,14:50:00,,0.0,2,"Automóvil,Moto/Ciclomotor",Av Pte Peron Y Manuel Leiva,2,0,0,0,0,0,2,"-31.627982291971, -60.718556284952",Calle,,SANTA FE,La Capital,"Asfalto,Tierra",No existe,I,Dentro,Urbana,Otra Señal,No existe,Intersección,Bueno,Buena,Diurna,Buen Tiempo,Lateral,S/D,Colisión,S/D,Faltante,"Cordón divisorio,Vegetación",Sin restricción
2018,9325,2018-10-04,Jueves,0,13:00:00,,0.0,2,"Automóvil,Pickup/Utilitario",Ituzaingo Y San Nicolas,3,1,0,0,2,0,0,"-32.954583333333,-60.675944444444",Calle,,ROSARIO,Rosario,S/D,S/D,II,S/D,Urbana,S/D,S/D,Intersección,S/D,S/D,Diurna,S/D,S/D,S/D,Colisión,S/D,S/D,S/D,S/D
2018,9326,2018-11-06,Martes,0,07:05:00,,0.0,2,"Moto/Ciclomotor,Automóvil",Pasco Y Mitre,2,1,0,0,0,0,1,"-32.959305555556,-60.642861111111",S/D,,ROSARIO,Rosario,S/D,S/D,II,S/D,Urbana,S/D,S/D,Intersección,S/D,S/D,S/D,S/D,S/D,S/D,S/D,S/D,S/D,S/D,S/D
2018,9327,2018-11-09,Viernes,0,20:15:00,,0.0,2,"Automóvil,Moto/Ciclomotor",Av Lopez y Planes Y Martin Zapata,2,0,0,0,0,0,2,"-31.61692, -60.71338",Calle,,SANTA FE,La Capital,"Asfalto,Hormigón",No existe,I,S/D,Urbana,Otra Señal,No existe,Intersección,Bueno,Reducida,Nocturna,Buen Tiempo,Lateral,S/D,Colisión,S/D,Faltante,"Cordón divisorio,Vegetación",Sin restricción
2018,9328,2018-11-06,Martes,0,14:50:00,,0.0,2,"Ambulancia,Pickup/Utilitario",Montevideo Y Santiago,4,4,0,0,0,0,0,"-32.952944444444,-60.658472222222",S/D,,ROSARIO,Rosario,S/D,S/D,II,S/D,Urbana,S/D,S/D,Intersección,S/D,S/D,Diurna,S/D,S/D,S/D,Colisión,S/D,S/D,S/D,S/D
2018,9331,2018-11-01,Jueves,0,10:00:00,,0.0,2,"Moto/Ciclomotor,Otros",Calle 6 Y Calle 19,2,1,0,0,1,0,0,"-32.68358, -61.52914",Calle,,LAS PAREJAS,Belgrano,Asfalto,No existe,III,Dentro,Urbana,S/D,S/D,Recta,S/D,S/D,Diurna,Buen Tiempo,Lateral,S/D,Colisión,S/D,S/D,Ninguna,Sin restricción
2018,9332,2018-10-04,Jueves,0,20:35:00,,0.0,2,"Bicicleta,Pickup/Utilitario",Boulevard Lisandro de la Torre 1800,2,0,0,0,0,0,2,"-33.043333333333,-61.162222222222",Calle,,CASILDA,Caseros,S/D,S/D,IV,S/D,Urbana,S/D,S/D,Intersección,S/D,S/D,Nocturna,S/D,S/D,Ciclista,Atropello,S/D,S/D,S/D,S/D
2018,9333,2018-11-23,Viernes,0,18:30:00,Ruta Nacional 11,594.1,2,"Moto/Ciclomotor,Camión",Ruta Nac 11 ,2,1,0,0,1,0,0,"-30.57123, -60.46767",Ruta,11,MARCELINO ESCALADA,San Justo,Asfalto,Ripio,XVI,S/D,Urbana,Marca Vial,No existe,Intersección,Bueno,Buena,Diurna,Buen Tiempo,Lateral,S/D,Colisión,Ninguna,Faltante,Línea divisoria pintada,Sin restricción
2018,9334,2018-11-02,Viernes,0,12:10:00,,0.0,3,"Automóvil,Moto/Ciclomotor,Moto/Ciclomotor",Paso de los Andes Y Guillermo Benitez,3,2,0,0,1,0,0,"-32.473833333333,-61.57975",Calle,,LAS ROSAS,Belgrano,Hormigón,No existe,III,Dentro,Urbana,Ninguna,No existe,Intersección,Bueno,Buena,Diurna,Buen Tiempo,Múltiple,S/D,Colisión,Ninguna,S/D,Ninguna,Sin restricción
2018,9335,2018-10-05,Viernes,0,05:00:00,,0.0,2,"Moto/Ciclomotor,Automóvil",Av. Ntra.Sra.del Rosario ,2,1,0,0,1,0,0,"-32.99978, -60.65079",Calle,,ROSARIO,Rosario,S/D,S/D,II,S/D,Urbana,S/D,S/D,Intersección,S/D,S/D,Amanecer,S/D,S/D,S/D,Colisión,S/D,S/D,S/D,S/D
2018,9336,2018-09-19,Miercoles,0,01:35:00,Autopista Nacional Rosario -Cordoba,372.0,2,"Camión c / Acoplado,Camión c / Semirremolque",A Castellanos ,3,0,1,0,2,0,0,"-32.793011, -61.495376",Autopista,Rosario -Córdoba,ARMSTRONG,Belgrano,Asfalto,Pavimento,III,Dentro,Rural,Ninguna,No existe,Recta,Bueno,Buena,Nocturna,Buen Tiempo,De alcance,S/D,Colisión,Ninguna,Horizontal,Guardarrail,Sin restricción
2018,9337,2018-10-05,Viernes,0,,Ruta Provincial 65,43.7,2,"Automóvil,Camión c / Acoplado", ,2,1,0,0,1,0,0,"-32.38251, -61.35423",Ruta,65,SAN GENARO,San Jerónimo,S/D,S/D,XV,S/D,Rural,S/D,S/D,Intersección,S/D,S/D,S/D,S/D,S/D,S/D,Colisión,S/D,S/D,S/D,S/D
2018,9338,2018-09-01,Sabado,0,21:45:00,,0.0,2,"Automóvil,Moto/Ciclomotor",Av Facundo Zuviria Y Pavon,2,1,0,0,1,0,0,"-31.594695, -60.699841",Avenida,,SANTA FE,La Capital,Asfalto,No existe,I,Dentro,Urbana,Ninguna,No existe,Intersección,Bueno,Buena,"Nocturna,Con luz artificial",Buen Tiempo,Lateral,S/D,Colisión,S/D,Faltante,Cordón divisorio,S/D
2018,9339,2018-09-02,Domingo,0,18:20:00,,0.0,2,"Automóvil,Moto/Ciclomotor",Av Facundo Zuviria Y French,2,1,0,0,1,0,0,"-31.590950, -60.698652",Avenida,,SANTA FE,La Capital,Asfalto,No existe,I,Dentro,Urbana,Ninguna,No existe,Intersección,Bueno,Buena,Atardecer,Buen Tiempo,Lateral,S/D,Colisión,Ninguna,Faltante,Ninguna,S/D
2018,9340,2018-09-04,Martes,0,18:30:00,,0.0,2,"Taxi/Remis,Moto/Ciclomotor",Av A del Valle Y Pavon,2,1,0,0,1,0,0,"-31.596358, -60.691973",Avenida,,SANTA FE,La Capital,Asfalto,No existe,I,Dentro,Urbana,Ninguna,No existe,Intersección,Bueno,Buena,Atardecer,Buen Tiempo,Lateral,S/D,Colisión,Ninguna,Faltante,Cordón divisorio,Sin restricción
2018,9341,2018-09-06,Jueves,0,20:30:00,,0.0,1,Moto/Ciclomotor,Alfonsina Storni 2900,1,1,0,0,0,0,0,"-31.583635, -60.692717",Calle,,SANTA FE,La Capital,Asfalto,No existe,I,Dentro,Urbana,Ninguna,No existe,Recta,Bueno,Buena,Nocturna,Buen Tiempo,Atropello animal,S/D,Colisión,Ninguna,Faltante,Ninguna,Sin restricción
2018,9342,2018-09-07,Viernes,0,13:30:00,,0.0,2,"Automóvil,Moto/Ciclomotor",Av Facundo Zuviria Y French,2,1,0,0,1,0,0,"-31.590963, -60.698643",Avenida,,SANTA FE,La Capital,Asfalto,No existe,I,Dentro,Urbana,Ninguna,No existe,Intersección,Bueno,Buena,Diurna,Buen Tiempo,Lateral,S/D,Colisión,Ninguna,Faltante,Cordón divisorio,Sin restricción
2018,9343,2018-08-29,Miercoles,0,17:30:00,Ruta Provincial 39,22.5,1,Automóvil, ,5,0,3,0,1,1,0,"-30.28245,-60.97749",Ruta,39,SAN CRISTÓBAL,San Cristóbal,Tierra,No existe,XIII,S/D,Rural,S/D,No existe,Recta,S/D,Buena,Diurna,Buen Tiempo,S/D,S/D,Vuelco,S/D,Faltante,S/D,S/D
2018,9344,2018-09-08,Sabado,0,10:40:00,,0.0,2,"Automóvil,Moto/Ciclomotor",Av Facundo Zuviria Y Reg 12 de Infanteria,2,1,0,0,1,0,0,"-31.596501, -60.700424",Avenida,,SANTA FE,La Capital,Asfalto,No existe,I,Dentro,Urbana,Ninguna,No existe,Intersección,Bueno,Buena,Diurna,Buen Tiempo,Lateral,S/D,Colisión,Ninguna,Faltante,Cordón divisorio,S/D
2018,9345,2018-09-08,Sabado,0,19:51:00,,0.0,2,"Automóvil,Moto/Ciclomotor",Reg 12 de Infanteria Y Saavedra,2,1,0,0,1,0,0,"-31.596226, -60.701509",Avenida,,SANTA FE,La Capital,"Asfalto,Tierra",No existe,I,Dentro,Urbana,Ninguna,No existe,Intersección,Deteriorada,Reducida,"Nocturna,Con luz artificial",Buen Tiempo,Lateral,S/D,Colisión,Material Suelto,Faltante,Ninguna,Sin restricción
2018,9346,2018-09-19,Miercoles,0,12:40:00,,0.0,2,"Automóvil,Moto/Ciclomotor",Santiago Y Av. Arijon,3,0,2,0,1,0,0,"-33.003608, -60.667669",Calle,,ROSARIO,Rosario,Asfalto,No existe,II,Dentro,Urbana,Ninguna,No existe,Intersección,Bueno,Buena,Diurna,Buen Tiempo,S/D,S/D,Colisión,Ninguna,Faltante,Ninguna,Sin restricción
2018,9347,2018-09-14,Viernes,0,20:40:00,,0.0,2,"Moto/Ciclomotor,Automóvil",Av. Francia Y Pte.Quintana,3,2,0,0,0,0,1,"-32.977630, -60.674576",Avenida,,ROSARIO,Rosario,Asfalto,No existe,II,Dentro,Urbana,Ninguna,No existe,Intersección,Bueno,Buena,Nocturna,Buen Tiempo,S/D,S/D,Colisión,Ninguna,Faltante,"Cordón divisorio,Vegetación",Sin restricción
2018,9348,2018-09-16,Domingo,0,12:00:00,,0.0,2,"Automóvil,Automóvil",Callao Y Ombu,3,1,0,0,2,0,0,"-33.006646, -60.671167",Calle,,ROSARIO,Rosario,Asfalto,No existe,II,Dentro,Urbana,Ninguna,No existe,Intersección,Bueno,Buena,Diurna,Buen Tiempo,S/D,S/D,Colisión,Ninguna,Horizontal,Ninguna,Sin restricción
2018,9349,2018-09-10,Lunes,0,21:10:00,,0.0,2,"Peatón,Automóvil",Bv. Avellaneda 4460,2,0,1,0,1,0,0,"-32.982706, -60.688603",Avenida,,ROSARIO,Rosario,Asfalto,No existe,II,Dentro,Urbana,Otra Señal,No existe,Recta,Bueno,Buena,"Nocturna,Con luz artificial",Buen Tiempo,S/D,Peatón,Atropello,Ninguna,"Horizontal,Vertical",Cordón divisorio,Sin restricción
2018,9350,2018-09-14,Viernes,0,16:00:00,,0.0,2,"Automóvil,Peatón",Av A del Valle Y La Esmeralda,2,1,0,0,1,0,0,"-31.583183, -60.690040",Avenida,,SANTA FE,La Capital,Asfalto,No existe,I,Dentro,Urbana,Ninguna,No existe,Intersección,Bueno,Buena,Diurna,Buen Tiempo,S/D,Peatón,Atropello,Ninguna,Faltante,"Guardarrail,Vegetación",S/D
2018,9351,2018-09-15,Sabado,0,12:30:00,,0.0,2,"Bicicleta,Moto/Ciclomotor",Av Facundo Zuviria Y French,2,1,0,0,1,0,0,"-31.590995, -60.698500",Avenida,,SANTA FE,La Capital,Asfalto,No existe,I,Dentro,Urbana,Ninguna,No existe,Intersección,Bueno,Buena,Diurna,Buen Tiempo,S/D,Ciclista,Atropello,S/D,Faltante,Cordón divisorio,Sin restricción
2018,9352,2018-09-09,Domingo,0,08:10:00,,0.0,2,"Vehículo Oficial,Automóvil",Lamadrid Y Alvear,7,2,0,0,5,0,0,"-32.997663, -60.666475",Calle,,ROSARIO,Rosario,Asfalto,No existe,II,Dentro,Urbana,Ninguna,No existe,Intersección,Bueno,Buena,Diurna,Buen Tiempo,S/D,S/D,Colisión,Ninguna,Faltante,Ninguna,Sin restricción
2018,9353,2018-09-15,Sabado,0,17:00:00,,0.0,2,"Moto/Ciclomotor,Bicicleta",Av A del Valle Y Azcuenaga,2,1,0,0,1,0,0,"-31.594408, -60.691936",Avenida,,SANTA FE,La Capital,"Asfalto,Tierra",No existe,I,Dentro,Urbana,Ninguna,No existe,Intersección,Bueno,Buena,Atardecer,Buen Tiempo,S/D,Ciclista,Atropello,S/D,Faltante,Cordón divisorio,S/D
2018,9354,2018-09-20,Jueves,0,20:30:00,,0.0,2,"Transporte de Pasajeros Urbano (> 8 asientos),Moto/Ciclomotor",Gorriti Y 1ro de Mayo,2,1,0,0,1,0,0,"-31.590187, -60.694136",Calle,,SANTA FE,La Capital,Asfalto,No existe,I,Dentro,Urbana,Ninguna,No existe,Recta,Bueno,Buena,Diurna,Buen Tiempo,Lateral,S/D,Colisión,Ninguna,Faltante,Cordón divisorio,Sin restricción
2018,9355,2018-09-07,Viernes,0,08:00:00,,0.0,2,"Taxi/Remis,Moto/Ciclomotor",Crespo Y Av. Ntra.Sra.del Rosario,2,1,0,0,1,0,0,"-33.001043, -60.680627",Avenida,,ROSARIO,Rosario,Asfalto,No existe,II,Dentro,Urbana,Ninguna,No existe,Intersección,Bueno,Buena,Diurna,Buen Tiempo,S/D,S/D,Colisión,Ninguna,Faltante,Ninguna,Sin restricción
2018,9356,2018-09-07,Viernes,0,16:55:00,,0.0,2,"Peatón,Automóvil",Centeno Y San Nicolas,3,1,0,0,2,0,0,"-32.978703, -60.682005",Calle,,ROSARIO,Rosario,Asfalto,No existe,II,Dentro,Urbana,Ninguna,No existe,Intersección,Bueno,Buena,Diurna,Buen Tiempo,S/D,Peatón,Atropello,Ninguna,Faltante,Ninguna,Sin restricción
2018,9357,2018-09-08,Sabado,0,00:25:00,,0.0,2,"Moto/Ciclomotor,Automóvil",Av. Francia Y Biedma,2,1,0,0,0,0,1,"-32.976485, -60.674281",Avenida,,ROSARIO,Rosario,Asfalto,No existe,II,Dentro,Urbana,Ninguna,No existe,Intersección,Bueno,Buena,"Nocturna,Con luz artificial",Buen Tiempo,S/D,S/D,Colisión,Ninguna,Faltante,Ninguna,Sin restricción
2018,9358,2018-09-01,Sabado,0,09:40:00,,0.0,2,"Moto/Ciclomotor,Pickup/Utilitario",Av Galicia Y Republica de Siria,2,1,0,0,1,0,0,"-31.605946, -60.690756",Avenida,,SANTA FE,La Capital,Asfalto,No existe,I,Dentro,Urbana,Ninguna,No existe,Intersección,Bueno,Buena,Diurna,Buen Tiempo,Lateral,S/D,Colisión,Ninguna,Faltante,Cordón divisorio,Sin restricción
2018,9359,2018-09-05,Miercoles,0,19:35:00,,0.0,2,"Automóvil,Moto/Ciclomotor",Santiago Y Olegario V.Andrade,2,1,0,0,1,0,0,"-32.996483, -60.667961",Calle,,ROSARIO,Rosario,Asfalto,No existe,II,Dentro,Urbana,Ninguna,No existe,Intersección,Bueno,Buena,"Nocturna,Con luz artificial",Buen Tiempo,Lateral,S/D,Colisión,Ninguna,Faltante,Ninguna,Sin restricción
2018,9360,2018-09-03,Lunes,0,15:00:00,,0.0,2,"Moto/Ciclomotor,Pickup/Utilitario",Salvador del Carril Y Lavalle,2,1,0,0,1,0,0,"-31.620704, -60.684966",Calle,,SANTA FE,La Capital,Asfalto,No existe,I,Dentro,Urbana,Ninguna,No existe,Intersección,Bueno,Buena,Diurna,Buen Tiempo,Lateral,S/D,Colisión,Ninguna,Faltante,Ninguna,Sin restricción
2018,9361,2018-09-05,Miercoles,0,14:45:00,,0.0,1,Moto/Ciclomotor,Espa?a Y Prevision y Hogar,1,1,0,0,0,0,0,"-33.016955, -60.656765",Calle,,ROSARIO,Rosario,Asfalto,No existe,II,Dentro,Urbana,Ninguna,No existe,Intersección,Deteriorada,Buena,Diurna,Buen Tiempo,S/D,S/D,Caída ocupante,Ninguna,Faltante,Ninguna,Sin restricción
2018,9362,2018-09-23,Domingo,0,16:50:00,,0.0,2,"Peatón,Moto/Ciclomotor",Lavalle 100,2,1,0,0,1,0,0,"-33.007855, -60.613989",Calle,,VILLA GOBERNADOR GÁLVEZ,Rosario,Tierra,No existe,II,Dentro,Urbana,Ninguna,No existe,Recta,Bueno,Buena,Diurna,Buen Tiempo,S/D,Peatón,Atropello,Ninguna,Faltante,Ninguna,Sin restricción
2018,9363,2018-09-23,Domingo,0,20:40:00,,0.0,2,"Moto/Ciclomotor,Moto/Ciclomotor",Maipu Y Alvear,4,3,0,0,1,0,0,"-33.012035, -60.611699",Calle,,VILLA GOBERNADOR GÁLVEZ,Rosario,Asfalto,No existe,II,Dentro,Urbana,Ninguna,No existe,Intersección,Bueno,Buena,Nocturna,Buen Tiempo,S/D,S/D,Colisión,Ninguna,Faltante,Ninguna,Sin restricción
2018,9364,2018-09-12,Miercoles,0,07:35:00,,0.0,2,"Moto/Ciclomotor,Automóvil",Av Juan Domingo Peron Y Cordoba,2,1,0,0,1,0,0,"-33.014425, -60.615625",Avenida,,VILLA GOBERNADOR GÁLVEZ,Rosario,Asfalto,No existe,II,Dentro,Urbana,Ninguna,No existe,Intersección,Bueno,Buena,Diurna,Buen Tiempo,S/D,S/D,Colisión,Ninguna,Faltante,Cordón divisorio,Sin restricción
2018,9365,2018-11-09,Viernes,0,21:30:00,,0.0,2,"Moto/Ciclomotor,Bicicleta",Alte G Brown Y Juan B Alberdi,2,1,0,0,1,0,0,"-31.30588, -60.67082",Calle,,LAGUNA PAIVA,La Capital,Tierra,No existe,I,Dentro,Urbana,Ninguna,No existe,Intersección,Bueno,Buena,Nocturna,Buen Tiempo,S/D,Ciclista,Atropello,Ninguna,Faltante,Ninguna,Sin restricción
2018,9366,2018-11-22,Jueves,0,12:40:00,,0.0,2,"Moto/Ciclomotor,Camión Chasis",9 de Julio Y P Gaggero,2,1,0,0,1,0,0,"-30.790083333333,-60.584027777778",Calle,,SAN JUSTO,San Justo,Asfalto,No existe,XVI,Dentro,Urbana,Ninguna,No existe,Intersección,Bueno,Buena,Diurna,Buen Tiempo,De alcance,S/D,Colisión,Ninguna,Faltante,Ninguna,Sin restricción
2018,9367,2018-11-16,Viernes,0,15:35:00,,0.0,2,"Automóvil,Automóvil",Mitre Y Mr.Ross,3,1,0,0,2,0,0,"-32.988,-60.650083333333",Calle,,ROSARIO,Rosario,Asfalto,No existe,II,S/D,Urbana,Ninguna,No existe,Intersección,Bueno,Buena,S/D,Buen Tiempo,Lateral,S/D,Colisión,Ninguna,Faltante,Ninguna,Sin restricción
2018,9368,2018-11-21,Miercoles,0,19:45:00,,0.0,2,"Moto/Ciclomotor,Moto/Ciclomotor",E Lopez Y J Milessi,3,2,0,0,1,0,0,"-30.78725,-60.579666666667",Calle,,SAN JUSTO,San Justo,Tierra,No existe,XVI,S/D,Urbana,Ninguna,No existe,Intersección,Ahuellamiento,Buena,Atardecer,Buen Tiempo,Lateral,S/D,Colisión,Otro,Faltante,S/D,Sin restricción
2018,9369,2018-11-17,Sabado,0,11:10:00,,0.0,1,Moto/Ciclomotor, ,1,1,0,0,0,0,0,"-30.37543, -61.87787",Camino Rural,,SAN GUILLERMO,San Cristóbal,Ripio,Natural,XIII,S/D,Rural,Ninguna,No existe,Recta,Bueno,Reducida polvo,Diurna,Buen Tiempo,Contra objeto fijo,S/D,Colisión,Ninguna,Faltante,Ninguna,Sin restricción
2018,9370,2018-11-17,Sabado,0,06:00:00,,0.0,1,Moto/Ciclomotor,Bv Risso Patron Y Av San Martin,2,0,1,0,1,0,0,"-31.76202, -61.32169",Avenida,,SANTA CLARA DE BUENA VISTA,Las Colonias,Asfalto,No existe,XI,S/D,Urbana,Ninguna,No existe,Intersección,Bueno,Buena,Diurna,Buen Tiempo,De alcance,S/D,Colisión,Ninguna,Faltante,Ninguna,Sin restricción
2018,9371,2018-11-14,Miercoles,0,07:30:00,Ruta Nacional 34,343.0,2,"Camión c / Acoplado,Automóvil", ,2,1,0,0,1,0,0,"-30.2269, -61.71808",Ruta,34,ARRUFÓ,San Cristóbal,Asfalto,Natural,XIII,S/D,Urbana,Ninguna,No existe,Recta,Bueno,Buena,Diurna,Buen Tiempo,Lateral,S/D,Colisión,Ninguna,Faltante,Cordón divisorio,Sin restricción
2018,9372,2018-11-08,Jueves,0,15:30:00,,0.0,2,"Automóvil,Moto/Ciclomotor",Almte Brown B Y Laprida,2,1,0,0,1,0,0,"-32.81525,-61.402666666667",Calle,,CAÑADA DE GÓMEZ,Iriondo,Asfalto,No existe,X,S/D,Urbana,Ninguna,S/D,Intersección,Bueno,S/D,S/D,Buen Tiempo,Lateral,S/D,S/D,Otro,Vertical,Ninguna,Sin restricción
2018,9373,2018-11-14,Miercoles,0,18:50:00,,0.0,2,"Automóvil,Moto/Ciclomotor",Salva Y Rui Barbosa,3,2,0,0,1,0,0,"-33.006055555556,-60.640055555556",Calle,,ROSARIO,Rosario,Asfalto,No existe,II,Dentro,Urbana,Ninguna,No existe,Intersección,Bueno,Buena,Diurna,Buen Tiempo,Lateral,S/D,Colisión,Ninguna,Faltante,Ninguna,Sin restricción
2018,9374,2018-11-04,Domingo,0,15:35:00,Ruta Provincial 65,15.0,1,Automóvil, ,2,2,0,0,0,0,0,"-32.46942, -61.56659",Ruta,65,LAS ROSAS,Belgrano,Asfalto,Natural,III,Fuera,Rural,Ninguna,No existe,Recta,Con baches,Buena,Diurna,Buen Tiempo,Otro,S/D,Vuelco,Ninguna,Faltante,Línea divisoria pintada,Sin restricción
2018,9375,2018-11-21,Miercoles,0,,Ruta Nacional 34,183.0,3,"Camión c / Acoplado,Camión c / Acoplado,Camión c / Semirremolque", ,3,1,0,0,2,0,0,"-31.57189, -61.53652",Ruta,34,ANGÉLICA,Castellanos,Asfalto,Natural,V,Dentro,Rural,Ninguna,No existe,Recta,Bueno,Buena,Diurna,Buen Tiempo,De alcance,S/D,Colisión,Ninguna,Horizontal,Línea divisoria pintada,Sin restricción
2018,9376,2018-11-14,Miercoles,0,16:55:00,,0.0,2,"Moto/Ciclomotor,Automóvil",Ameghino Y Laprida,2,1,0,0,1,0,0,"-32.987805555556,-60.6445",Calle,,ROSARIO,Rosario,Asfalto,No existe,II,Dentro,Urbana,Ninguna,No existe,Intersección,Bueno,Buena,Diurna,Buen Tiempo,Lateral,S/D,Colisión,Ninguna,Faltante,Ninguna,Sin restricción
2018,9377,2018-11-02,Viernes,0,19:10:00,,0.0,2,"Moto/Ciclomotor,Automóvil",Av. Illia Y Sarmiento,2,1,0,0,1,0,0,"-32.93986, -60.63652",S/D,,ROSARIO,Rosario,S/D,S/D,II,S/D,Urbana,S/D,S/D,Intersección,S/D,S/D,Atardecer,S/D,S/D,S/D,Colisión,S/D,S/D,S/D,S/D
2018,9378,2018-11-28,Miercoles,0,22:00:00,,0.0,2,"Moto/Ciclomotor,Automóvil",Ayacucho Y Av. Battle y Ordo?ez,3,2,0,0,1,0,0,"-33.008472222222,-60.635777777778",Calle,,ROSARIO,Rosario,Asfalto,No existe,II,S/D,Urbana,Ninguna,Funciona,Recta,Bueno,Buena,Diurna,Buen Tiempo,Lateral,S/D,Colisión,Ninguna,Vertical,Ninguna,Sin restricción
2018,9379,2018-10-05,Viernes,0,15:35:00,,0.0,1,Automóvil,Ruta Nac 11 Av Peron Y Genaro ROLDÁN,1,1,0,0,0,0,0,"-32.731472222222,-60.742472222222",Calle,,SAN LORENZO,San Lorenzo,S/D,S/D,XVII,S/D,Urbana,S/D,S/D,Intersección,S/D,S/D,Atardecer,S/D,S/D,S/D,Despiste,S/D,S/D,S/D,S/D
2018,9380,2018-11-10,Sabado,0,02:30:00,,0.0,2,"Automóvil,Bicicleta",Centenario ,3,2,0,0,1,0,0,"-33.00411, -60.64247",Calle,,ROSARIO,Rosario,Asfalto,No existe,II,S/D,Urbana,Ninguna,No existe,Intersección,Bueno,Buena,Nocturna,Buen Tiempo,S/D,Ciclista,Atropello,Ninguna,Faltante,Ninguna,Sin restricción
2018,9381,2018-10-06,Sabado,0,07:35:00,,0.0,2,"Automóvil,Moto/Ciclomotor",Estanislao Zeballos Y Estrada,2,1,0,0,1,0,0,"-31.600361111111,-60.717833333333",Calle,,SANTA FE,La Capital,S/D,S/D,I,S/D,Urbana,S/D,S/D,Intersección,S/D,S/D,Amanecer,S/D,S/D,S/D,Colisión,S/D,S/D,S/D,S/D
2018,9382,2018-11-20,Martes,0,13:20:00,,0.0,2,"Pickup/Utilitario,Camión c / Acoplado", ,3,0,1,0,2,0,0,"-32.96513, -61.54093",Camino Rural,,VILLA ELOÍSA,Iriondo,Tierra,Natural,X,Dentro,Rural,Ninguna,No existe,Recta,Bueno,Reducida polvo,Diurna,Buen Tiempo,De alcance,S/D,Colisión,S/D,S/D,Ninguna,Sin restricción
2018,9383,2018-11-03,Sabado,0,13:45:00,,0.0,2,"Moto/Ciclomotor,Automóvil",Entre Rios 900,4,1,0,0,3,0,0,"-32.478,-61.571888888889",Calle,,LAS ROSAS,Belgrano,Asfalto,No existe,III,S/D,Urbana,Ninguna,No existe,Intersección,Bueno,Buena,Diurna,Buen Tiempo,Lateral,S/D,Colisión,Ninguna,Faltante,Ninguna,Sin restricción
2018,9384,2018-11-10,Sabado,0,08:15:00,,0.0,2,"Bicicleta,Automóvil",San Martin ,2,1,0,0,1,0,0,"-32.9929, -60.64711",Calle,,ROSARIO,Rosario,Asfalto,No existe,II,S/D,Urbana,Ninguna,No existe,Intersección,Bueno,Buena,Diurna,Buen Tiempo,S/D,Ciclista,Atropello,Ninguna,Faltante,Ninguna,Sin restricción
2018,9385,2018-11-12,Lunes,0,01:40:00,,0.0,2,"Bicicleta,Automóvil",Mu?oz Y Pje. Conscripto Bernardi,2,1,0,0,1,0,0,"-33.00825,-60.64575",Calle,,ROSARIO,Rosario,Asfalto,No existe,II,Dentro,Urbana,Ninguna,No existe,Intersección,Resbaladiza,Buena,Nocturna,Lluvia,S/D,Ciclista,Atropello,Agua,Faltante,Ninguna,Sin restricción
2018,9386,2018-10-06,Sabado,0,,,0.0,2,"Automóvil,Pickup/Utilitario",San Juan Y Vera Mujica,5,2,0,0,3,0,0,"-32.945,-60.667833333333",Calle,,ROSARIO,Rosario,S/D,S/D,II,S/D,Urbana,S/D,S/D,Intersección,S/D,S/D,S/D,S/D,Contra objeto fijo,S/D,Colisión,S/D,S/D,S/D,S/D