anio_acci,nro_acci,fecha,desc_dia,fecha_aprox,hora_aprox,desc_ruta,km,cant_participantes,desc_participante,calle_avenida_km,total,heridos_leves,heridos_graves,heridos_gravisimos,ilesos,fallecidos,sin_datos,posicion_XY,desc_tipo_via,desc_ruta_ori,desc_loc,desc_dpto,desc_tipo_calzada,desc_tipo_banquina,desc_unidad_regional,desc_lugar_calzada,desc_zona,desc_prioridad,desc_estado_semaforo,desc_lugar_via,desc_estado_via,desc_estado_visibilidad,desc_luminosidad,desc_estado_clima,desc_tipo_colision,desc_tipo_atropello,desc_tipo_hecho,desc_pres_calzada,desc_senializacion,desc_separacion_via,desc_restriccion
2018,9388,2018-11-18,Domingo,0,15:20:00,Ruta Nacional 9,343.0,2,"Moto/Ciclomotor,Pickup/Utilitario", ,3,2,0,0,1,0,0,"-32.88777, -61.008",Ruta,9,SAN JERÓNIMO SUR,San Lorenzo,Hormigón,Natural,XVII,Dentro,Rural,Ninguna,No existe,Recta,Bueno,Buena,Diurna,Buen Tiempo,Lateral,S/D,Colisión,Ninguna,Vertical,Ninguna,Sin restricción
2018,9389,2018-11-09,Viernes,0,18:30:00,,0.0,2,"Moto/Ciclomotor,Pickup/Utilitario",Combate de Rincon Y Silvia Guzman,2,1,0,0,1,0,0,"-31.60561, -60.5668",Calle,,SAN JOSÉ DEL RINCÓN,La Capital,Tierra,Natural,I,S/D,Urbana,Ninguna,No existe,Intersección,Deteriorada,Buena,Atardecer,Buen Tiempo,Otro,S/D,Colisión,Ninguna,Faltante,Ninguna,Accidente Previo
2018,9390,2018-11-10,Sabado,0,20:55:00,,0.0,2,"Automóvil,Moto/Ciclomotor",3 de febrero Y Aritobulo del Valle,2,1,0,0,1,0,0,"-31.673805555556,-60.782222222222",Calle,,SANTO TOMÉ,La Capital,Ripio,No existe,I,S/D,Urbana,Ninguna,No existe,Intersección,Con baches,Buena,Con luz artificial,Buen Tiempo,Lateral,S/D,Colisión,Ninguna,Faltante,Ninguna,Sin restricción
2018,9391,2018-10-06,Sabado,0,,,0.0,2,"Moto/Ciclomotor,Automóvil", ,2,1,0,0,1,0,0,"-33.0443, -61.16495",S/D,,CASILDA,Caseros,S/D,S/D,IV,S/D,S/D,S/D,S/D,S/D,S/D,S/D,S/D,S/D,Contra objeto fijo,S/D,Colisión,S/D,S/D,S/D,S/D
2018,9392,2018-11-13,Martes,0,20:50:00,,0.0,2,"Moto/Ciclomotor,Automóvil",Juan Bautista Alberdi Y Mariano Moreno,2,1,0,0,1,0,0,"-31.681083333333,-60.769805555556",Calle,,SANTO TOMÉ,La Capital,Asfalto,No existe,I,Dentro,Urbana,Ninguna,No existe,Intersección,Bueno,Buena,Nocturna,Buen Tiempo,De alcance,S/D,Colisión,Ninguna,S/D,Ninguna,Sin restricción
2018,9393,2018-11-01,Jueves,0,01:15:00,,0.0,2,"Automóvil,Automóvil",Av. Pellegrini Y Colon,4,2,0,0,2,0,0,"-32.959444444444,-60.62825",Avenida,,ROSARIO,Rosario,S/D,S/D,II,S/D,Urbana,S/D,S/D,Recta,S/D,S/D,Nocturna,S/D,S/D,S/D,Colisión,S/D,S/D,S/D,S/D
2018,9394,2018-10-06,Sabado,0,,,0.0,2,"Moto/Ciclomotor,Automóvil", ,2,1,0,0,1,0,0,"-33.04437, -61.16495",S/D,,CASILDA,Caseros,S/D,S/D,IV,S/D,S/D,S/D,S/D,S/D,S/D,S/D,S/D,S/D,Lateral,S/D,Colisión,S/D,S/D,S/D,S/D
2018,9395,2018-11-10,Sabado,0,09:20:00,,0.0,2,"Automóvil,Moto/Ciclomotor",Juan Jose Paso Y Pres Domingo Faustino Sarmient,2,1,0,0,1,0,0,"-31.659611111111,-60.774527777778",Calle,,SANTO TOMÉ,La Capital,Asfalto,No existe,I,Dentro,Urbana,Ninguna,No existe,Recta,Bueno,Buena,Diurna,Buen Tiempo,S/D,S/D,Colisión,Ninguna,Faltante,Ninguna,Sin restricción
2018,9396,2018-11-17,Sabado,0,13:00:00,,0.0,1,Automóvil,Estanislao Zeballos Y Gdor Luciano Leiva,1,1,0,0,0,0,0,"-31.600694444444,-60.7165",Calle,,SANTA FE,La Capital,Asfalto,No existe,I,S/D,Urbana,Ninguna,No existe,Intersección,Bueno,Buena,Diurna,Buen Tiempo,Lateral,S/D,Colisión,Ninguna,Faltante,Cordón divisorio,Sin restricción
2018,9397,2018-11-03,Sabado,0,15:55:00,,0.0,2,"Moto/Ciclomotor,Automóvil",Av. Genova Y Ferreyra,2,0,1,0,1,0,0,"-32.915055555556,-60.680361111111",Calle,,ROSARIO,Rosario,Asfalto,Pavimento,II,Dentro,Urbana,S/D,S/D,Intersección,Bueno,S/D,S/D,S/D,S/D,S/D,S/D,S/D,S/D,Ninguna,S/D
2018,9398,2018-10-06,Sabado,0,,,0.0,1,Moto/Ciclomotor, ,1,1,0,0,0,0,0,"-31.44839, -60.93034",S/D,,ESPERANZA,Las Colonias,S/D,S/D,XI,S/D,S/D,S/D,S/D,S/D,S/D,S/D,S/D,S/D,Atropello animal,S/D,Atropello,S/D,S/D,S/D,S/D
2018,9400,2018-11-22,Jueves,0,00:15:00,Ruta Nacional 11,330.1,2,"Moto/Ciclomotor,Moto/Ciclomotor",Bv Oro?o Y Av San Martin,2,2,0,0,0,0,0,"-32.735416666667,-60.733833333333",Ruta,11,SAN LORENZO,San Lorenzo,Asfalto,S/D,XVII,S/D,Urbana,Ninguna,Funciona,Intersección,S/D,S/D,"Nocturna,Con luz artificial",S/D,Lateral,S/D,Colisión,S/D,S/D,S/D,Sin restricción
2018,9401,2018-11-07,Miercoles,0,21:10:00,,0.0,2,"Automóvil,Moto/Ciclomotor",Albert Sabin Y Bv. Avellaneda,2,1,0,0,1,0,0,"-32.928833333333,-60.676694444444",Calle,,ROSARIO,Rosario,Asfalto,No existe,II,S/D,Urbana,Semáforo,Funciona,Recta,Otro,Buena,Nocturna,Buen Tiempo,Otro,S/D,Colisión,Ninguna,Horizontal,Ninguna,Sin restricción
2018,9402,2018-10-07,Domingo,0,14:00:00,,0.0,2,"Moto/Ciclomotor,Automóvil",Peru Y Zuviria,3,0,1,0,2,0,0,"-32.936888888889,-60.711555555556",Calle,,ROSARIO,Rosario,S/D,S/D,II,S/D,Urbana,S/D,S/D,Intersección,S/D,S/D,Diurna,S/D,S/D,S/D,Colisión,S/D,S/D,S/D,S/D
2018,9403,2018-11-06,Martes,0,08:00:00,,0.0,2,"Automóvil,Moto/Ciclomotor",Colon Y Viamonte,2,1,0,0,1,0,0,"-32.967555555556,-60.630277777778",Calle,,ROSARIO,Rosario,S/D,S/D,II,S/D,Urbana,S/D,S/D,Intersección,Bueno,S/D,Diurna,S/D,S/D,S/D,Colisión,S/D,S/D,S/D,S/D
2018,9404,2018-10-07,Domingo,0,,,0.0,2,"Taxi/Remis,Automóvil", ,2,1,0,0,1,0,0,"-33.04429, -61.16509",S/D,,CASILDA,Caseros,S/D,S/D,IV,S/D,S/D,S/D,S/D,S/D,S/D,S/D,S/D,S/D,De alcance,S/D,Colisión,S/D,S/D,S/D,S/D
2018,9405,2018-11-07,Miercoles,0,13:00:00,,0.0,2,"Automóvil,Automóvil",Bv. Oro?o Y Tucuman,3,1,0,0,2,0,0,"-32.939083333333,-60.652",Calle,,ROSARIO,Rosario,S/D,S/D,II,S/D,Urbana,S/D,No existe,Intersección,Bueno,Buena,S/D,S/D,S/D,S/D,Colisión,S/D,S/D,S/D,S/D
2018,9406,2018-11-23,Viernes,0,22:45:00,,0.0,2,"Camión c / Acoplado,Moto/Ciclomotor",Cordoba Y Pte Hipolito Irigoyen,2,1,0,0,1,0,0,"-32.71437764167782,-60.748933553695",Calle,,PUERTO SAN MARTÍN,San Lorenzo,Asfalto,No existe,XVII,S/D,Urbana,Ninguna,No existe,Intersección,Bueno,Buena,Nocturna,Buen Tiempo,De alcance,S/D,Colisión,Ninguna,Faltante,Ninguna,Sin restricción
2018,9407,2018-11-06,Martes,0,22:00:00,,0.0,2,"Moto/Ciclomotor,Pickup/Utilitario",3 De Febrero 400,2,1,0,0,1,0,0,"-32.954444444444,-60.629888888889",Calle,,ROSARIO,Rosario,S/D,S/D,II,Dentro,Urbana,S/D,S/D,Recta,S/D,S/D,S/D,S/D,S/D,S/D,Colisión,S/D,S/D,S/D,S/D
2018,9408,2018-10-08,Lunes,0,11:05:00,,0.0,2,"Moto/Ciclomotor,Automóvil",J.M.de Rosas Y Bv. Segui,2,1,0,0,1,0,0,"-32.980416666667,-60.639527777778",Calle,,ROSARIO,Rosario,S/D,S/D,II,S/D,Urbana,S/D,S/D,Intersección,S/D,S/D,Diurna,S/D,S/D,S/D,Colisión,S/D,S/D,S/D,S/D
2018,9409,2018-10-08,Lunes,0,,,0.0,2,"Automóvil,Automóvil",Dorrego Y San Juan,2,1,0,0,1,0,0,"-31.89963, -61.85604",Calle,,SAN JORGE,San Martín,S/D,S/D,XVIII,S/D,Urbana,S/D,S/D,Intersección,S/D,S/D,S/D,S/D,S/D,S/D,Colisión,S/D,S/D,S/D,S/D
2018,9410,2018-10-03,Miercoles,0,,,0.0,2,"Peatón,Automóvil",Bv. 27 De Febrero Y Magallanes,2,0,1,0,1,0,0,"-32.95925,-60.70375",Calle,,ROSARIO,Rosario,S/D,S/D,II,S/D,Urbana,S/D,S/D,Intersección,S/D,S/D,S/D,S/D,S/D,Peatón,Atropello,S/D,S/D,S/D,S/D
2018,9411,2018-09-05,Miercoles,0,17:00:00,,0.0,2,"Moto/Ciclomotor,Automóvil",Candioti Y Regis Martinez,2,1,0,0,1,0,0,"-31.620810, -60.690668",Calle,,SANTA FE,La Capital,Asfalto,No existe,I,Dentro,Urbana,Ninguna,No existe,Intersección,Bueno,Buena,Diurna,Buen Tiempo,Lateral,S/D,Colisión,Ninguna,Faltante,Ninguna,Sin restricción
2018,9412,2018-09-06,Jueves,0,08:00:00,,0.0,2,"Bicicleta,Pickup/Utilitario",J M Zuviria Y Candioti,2,1,0,0,1,0,0,"-31.618968, -60.690121",Calle,,SANTA FE,La Capital,Asfalto,No existe,I,Dentro,Urbana,Ninguna,No existe,Intersección,Bueno,Buena,Diurna,Buen Tiempo,S/D,Ciclista,Atropello,Ninguna,Faltante,Ninguna,Sin restricción
2018,9413,2018-09-06,Jueves,0,11:45:00,,0.0,2,"Moto/Ciclomotor,Automóvil",Quintana Y Guemes,2,1,0,0,1,0,0,"-31.625823, -60.685345",Calle,,SANTA FE,La Capital,Asfalto,No existe,I,Dentro,Urbana,Ninguna,No existe,Intersección,Bueno,Buena,Diurna,Buen Tiempo,Lateral,S/D,Colisión,Ninguna,Faltante,Ninguna,Sin restricción
2018,9414,2018-09-08,Sabado,0,14:40:00,,0.0,2,"Moto/Ciclomotor,Automóvil",Republica de Siria Y Av Galicia,2,1,0,0,1,0,0,"-31.605836, -60.690730",Avenida,,SANTA FE,La Capital,Asfalto,No existe,I,Dentro,Urbana,Ninguna,No existe,Intersección,Bueno,Buena,Diurna,Buen Tiempo,Lateral,S/D,Colisión,Ninguna,Faltante,Cordón divisorio,Sin restricción
2018,9415,2018-09-08,Sabado,0,19:20:00,,0.0,2,"Moto/Ciclomotor,Automóvil",Necochea Y J P Lopez,2,1,0,0,1,0,0,"-31.610124, -60.686363",Calle,,SANTA FE,La Capital,Asfalto,No existe,I,Dentro,Urbana,Ninguna,No existe,Intersección,Bueno,Buena,Diurna,Buen Tiempo,Lateral,S/D,Colisión,Ninguna,Faltante,Ninguna,Sin restricción
2018,9416,2018-09-09,Domingo,0,22:10:00,,0.0,2,"Moto/Ciclomotor,Taxi/Remis",Sarmiento Y Regis Martinez,2,1,0,0,1,0,0,"-31.621226, -60.688518",Calle,,SANTA FE,La Capital,Asfalto,No existe,I,Dentro,Urbana,Ninguna,No existe,Intersección,Bueno,Buena,Nocturna,Buen Tiempo,Lateral,S/D,Colisión,Ninguna,Faltante,Ninguna,Sin restricción
2018,9417,2018-09-08,Sabado,0,06:00:00,,0.0,2,"Automóvil,Moto/Ciclomotor",Av Juan Domingo Peron Y Santiago del Estero,3,2,0,0,0,0,1,"-33.010710, -60.614922",Avenida,,VILLA GOBERNADOR GÁLVEZ,Rosario,Asfalto,No existe,II,Dentro,Urbana,Ninguna,No existe,Intersección,Bueno,Buena,Diurna,Buen Tiempo,Lateral,S/D,Colisión,Agua,Faltante,Ninguna,Sin restricción
2018,9418,2018-09-10,Lunes,0,16:20:00,,0.0,2,"Moto/Ciclomotor,Pickup/Utilitario",Las Heras Y Quintana,2,1,0,0,1,0,0,"-31.623972, -60.693843",Calle,,SANTA FE,La Capital,Asfalto,No existe,I,Dentro,Urbana,Ninguna,No existe,Intersección,Bueno,Buena,Diurna,Buen Tiempo,Lateral,S/D,Colisión,Ninguna,Faltante,Ninguna,Sin restricción
2018,9419,2018-09-13,Jueves,0,16:40:00,,0.0,2,"Moto/Ciclomotor,Ambulancia",Pedro Ferre Y Las Heras,2,1,0,0,1,0,0,"-31.627609, -60.694895",Calle,,SANTA FE,La Capital,Asfalto,No existe,I,Dentro,Urbana,Ninguna,No existe,Intersección,Bueno,Buena,Diurna,Buen Tiempo,Lateral,S/D,Colisión,Ninguna,Faltante,Ninguna,Sin restricción
2018,9420,2018-09-07,Viernes,0,17:35:00,,0.0,2,"Moto/Ciclomotor,Automóvil",Magallanes Y Pueyrredon,3,1,0,0,2,0,0,"-33.032619898926, -60.635000424685",Calle,,VILLA GOBERNADOR GÁLVEZ,Rosario,Tierra,No existe,II,Dentro,Urbana,Ninguna,No existe,Intersección,Deteriorada,Buena,Diurna,Buen Tiempo,S/D,S/D,Colisión,Ninguna,Faltante,Ninguna,Sin restricción
2018,9422,2018-09-20,Jueves,0,17:40:00,,0.0,2,"Automóvil,Moto/Ciclomotor",Balcarce Y Urquiza,3,2,0,0,1,0,0,"-33.023443, -60.631787",Calle,,VILLA GOBERNADOR GÁLVEZ,Rosario,Asfalto,No existe,II,Dentro,Urbana,Ninguna,No existe,Intersección,Bueno,Buena,Diurna,Buen Tiempo,S/D,S/D,Colisión,Ninguna,Faltante,Ninguna,Sin restricción
2018,9423,2018-09-13,Jueves,0,21:15:00,,0.0,2,"Moto/Ciclomotor,Pickup/Utilitario",Rivadavia Y Derqui,2,1,0,0,1,0,0,"-31.616825, -60.695437",Calle,,SANTA FE,La Capital,Asfalto,No existe,I,Dentro,Urbana,Ninguna,No existe,Intersección,Bueno,Buena,Diurna,Buen Tiempo,Lateral,S/D,Colisión,Ninguna,Faltante,Ninguna,Sin restricción
2018,9424,2018-09-19,Miercoles,0,09:50:00,,0.0,2,"Peatón,Moto/Ciclomotor",Regis Martinez Y Las Heras,2,1,0,0,1,0,0,"-31.620340, -60.692755",Calle,,SANTA FE,La Capital,Asfalto,No existe,I,Dentro,Urbana,Ninguna,No existe,Intersección,Bueno,Buena,Diurna,Buen Tiempo,S/D,Peatón,Atropello,Ninguna,Faltante,Ninguna,Sin restricción
2018,9425,2018-09-23,Domingo,0,00:00:00,,0.0,2,"Moto/Ciclomotor,Automóvil",Mitre Y Avellaneda,2,1,0,0,1,0,0,"-33.024422, -60.630330",Calle,,VILLA GOBERNADOR GÁLVEZ,Rosario,Asfalto,No existe,II,Dentro,Urbana,Ninguna,No existe,Intersección,Bueno,Buena,Nocturna,Buen Tiempo,Lateral,S/D,Colisión,Ninguna,Faltante,Ninguna,Sin restricción
2018,9426,2018-09-21,Viernes,0,16:40:00,,0.0,2,"Moto/Ciclomotor,Automóvil",Candioti Y Huergo,2,1,0,0,1,0,0,"-31.616264, -60.689305",Calle,,SANTA FE,La Capital,Asfalto,No existe,I,Dentro,Urbana,Ninguna,No existe,Intersección,Bueno,Buena,Diurna,Buen Tiempo,Lateral,S/D,Colisión,Ninguna,Faltante,Ninguna,Sin restricción
2018,9427,2018-09-22,Sabado,0,06:10:00,,0.0,2,"Moto/Ciclomotor,Automóvil",Velez Sarsfield Y Salvador del Carril,2,1,0,0,1,0,0,"-31.621460, -60.680869",Calle,,SANTA FE,La Capital,Asfalto,No existe,I,Dentro,Urbana,Ninguna,No existe,Intersección,Bueno,Buena,Diurna,Buen Tiempo,Lateral,S/D,Colisión,Ninguna,Faltante,Ninguna,Sin restricción
2018,9428,2018-09-07,Viernes,0,21:10:00,Ruta Provincial 21,2.0,3,"Pickup/Utilitario,Automóvil,Automóvil", ,4,3,0,0,1,0,0,"-33.053939, -60.600795",Ruta,21,ALVEAR,Rosario,Asfalto,Natural,II,Dentro,Urbana,Semáforo,Funciona,Recta,Bueno,Buena,Nocturna,Buen Tiempo,Múltiple,S/D,Colisión,Ninguna,Vertical,Ninguna,Sin restricción
2018,9429,2018-09-23,Domingo,0,21:30:00,,0.0,2,"Automóvil,Pickup/Utilitario",Av Gral Paz Y Huergo,2,1,0,0,1,0,0,"-31.617420, -60.683839",Avenida,,SANTA FE,La Capital,Asfalto,No existe,I,Dentro,Urbana,Semáforo,Funciona,Intersección,Bueno,Buena,Diurna,Buen Tiempo,Lateral,S/D,Colisión,Ninguna,Vertical,Ninguna,Sin restricción
2018,9430,2018-09-26,Miercoles,0,07:40:00,,0.0,2,"Moto/Ciclomotor,Automóvil",Lavalle Y Pje Calcena,2,1,0,0,1,0,0,"-31.625013, -60.686249",Calle,,SANTA FE,La Capital,Asfalto,No existe,I,Dentro,Urbana,Ninguna,No existe,Intersección,Bueno,Buena,Diurna,Buen Tiempo,Lateral,S/D,Colisión,Ninguna,Faltante,Ninguna,Sin restricción
2018,9431,2018-09-18,Martes,0,07:15:00,Ruta Provincial 16,0.0,2,"Automóvil,Automóvil", ,2,2,0,0,0,0,0,"-33.085526, -60.571818",Ruta,16,ROSARIO,Rosario,Asfalto,Natural,II,Dentro,Urbana,Otra Señal,No existe,Recta,Bueno,Buena,Atardecer,Buen Tiempo,S/D,S/D,Colisión,Ninguna,Vertical,Ninguna,Sin restricción
2018,9432,2018-09-27,Jueves,0,16:00:00,,0.0,2,"Moto/Ciclomotor,Camión Chasis",Agustin Delgado Y Candioti,2,1,0,0,1,0,0,"-31.622621, -60.691184",Calle,,SANTA FE,La Capital,Asfalto,No existe,I,Dentro,Urbana,Ninguna,No existe,Intersección,Bueno,Buena,Diurna,Buen Tiempo,Lateral,S/D,Colisión,Ninguna,Faltante,Ninguna,Sin restricción
2018,9433,2018-09-29,Sabado,0,,,0.0,2,"Moto/Ciclomotor,Automóvil",Avellaneda Y Regis Martinez,2,1,0,0,1,0,0,"-31.622371, -60.683192",Calle,,SANTA FE,La Capital,Asfalto,No existe,I,Dentro,Urbana,Ninguna,No existe,Intersección,Bueno,Buena,Diurna,Buen Tiempo,Lateral,S/D,Colisión,Ninguna,Faltante,Ninguna,Sin restricción
2018,9434,2018-10-04,Jueves,0,18:15:00,,0.0,1,Moto/Ciclomotor,BV AVISPONES Y P. BRUHN,1,0,0,0,0,1,0,"-28.85112,-59.49858",Calle,,LAS GARZAS,General Obligado,Tierra,Natural,IX,Dentro,Urbana,Ninguna,No existe,Recta,Bueno,Buena,Diurna,Buen Tiempo,S/D,S/D,Caída ocupante,Ninguna,Faltante,Ninguna,Sin restricción
2018,9435,2018-09-19,Miercoles,0,18:00:00,Ruta Secundaria 22-s,0.0,2,"Automóvil,Transporte de Pasajeros Urbano (> 8 asientos)",A F Temporelli ,4,3,0,0,1,0,0,"-33.036816, -60.656674",Ruta,22-s,VILLA GOBERNADOR GÁLVEZ,Rosario,Asfalto,No existe,II,Dentro,Urbana,Ninguna,No existe,Intersección,Bueno,Buena,Atardecer,Buen Tiempo,Lateral,S/D,Colisión,Ninguna,Faltante,Ninguna,Sin restricción
2018,9436,2018-10-04,Jueves,0,02:45:00,,0.0,2,"Transporte de Pasajeros Urbano (> 8 asientos),Moto/Ciclomotor",San Juan Y Laprida,2,0,0,0,1,1,0,"-32.95099,-60.63495",Calle,,ROSARIO,Rosario,Asfalto,No existe,II,Dentro,Urbana,Ninguna,No existe,Intersección,Bueno,Buena,"Nocturna,Con luz artificial",Buen Tiempo,Lateral,S/D,Colisión,Ninguna,Horizontal,Ninguna,Sin restricción
2018,9437,2018-09-03,Lunes,0,20:00:00,,0.0,2,"Moto/Ciclomotor,Automóvil",Av A del Valle Y Pavon,2,1,0,0,1,0,0,"-31.596362, -60.691968",Avenida,,SANTA FE,La Capital,Asfalto,No existe,I,Dentro,Urbana,Ninguna,No existe,Intersección,Bueno,Buena,Nocturna,Buen Tiempo,Lateral,S/D,Colisión,Ninguna,Faltante,Cordón divisorio,Sin restricción
2018,9438,2018-10-07,Domingo,0,04:40:00,,0.0,2,"Automóvil,Moto/Ciclomotor",Estanislao Zeballos Y San Jeronimo,2,0,0,0,1,1,0,"-31.60519,-60.69582",Calle,,SANTA FE,La Capital,Asfalto,Pavimento,I,Dentro,Urbana,Ninguna,No existe,Intersección,Bueno,Buena,Nocturna,Lluvia,Lateral,S/D,Colisión,Agua,Horizontal,Línea divisoria pintada,Sin restricción
2018,9439,2018-09-04,Martes,0,08:40:00,,0.0,2,"Moto/Ciclomotor,Automóvil",Tacuari Y Estanislao Zeballos,2,1,0,0,1,0,0,"-31.609462, -60.675969",Calle,,SANTA FE,La Capital,Asfalto,No existe,I,Dentro,Urbana,Ninguna,No existe,Intersección,Bueno,Buena,Diurna,Buen Tiempo,S/D,S/D,Colisión,Ninguna,Faltante,Ninguna,Sin restricción
2018,9440,2018-10-07,Domingo,0,08:45:00,Autopista Nacional A008,0.0,2,"Moto/Ciclomotor,Pickup/Utilitario",Av. Circunvalacion Y Ayacucho,3,0,1,0,0,1,1,"-33.01571,-60.63469",Autopista,A008,ROSARIO,Rosario,Asfalto,Pavimento,II,Fuera,Urbana,Ninguna,No existe,Recta,Bueno,Buena,Diurna,Buen Tiempo,De alcance,S/D,Colisión,Ninguna,Faltante,Ninguna,Sin restricción
2018,9441,2018-09-03,Lunes,0,06:30:00,,0.0,2,"Bicicleta,Automóvil",Soldado Aguirre Y Marcos Paz,2,0,1,0,1,0,0,"-33.029620, -60.646656",Avenida,,VILLA GOBERNADOR GÁLVEZ,Rosario,Asfalto,No existe,II,Dentro,Urbana,Ninguna,No existe,Intersección,Bueno,Buena,Amanecer,Buen Tiempo,S/D,Ciclista,Atropello,Ninguna,Faltante,Cordón divisorio,Sin restricción
2018,9442,2018-10-14,Domingo,0,06:35:00,,0.0,3,"Automóvil,Moto/Ciclomotor,Moto/Ciclomotor",Roverano Y Juan Jose Paso,3,0,1,0,1,1,0,"-31.69227,-60.78297",Calle,,SANTO TOMÉ,La Capital,Tierra,No existe,I,Dentro,Urbana,Ninguna,No existe,Intersección,Bueno,Buena,Diurna,Buen Tiempo,Múltiple,S/D,Colisión,Ninguna,Faltante,Ninguna,Sin restricción
2018,9443,2018-10-15,Lunes,0,10:40:00,Autopista Provincial Brigadier E.López,37.0,2,"Camión c / Acoplado,Automóvil", ,7,3,2,0,1,1,0,"-32.60867,-60.84545",Autopista,Brigadier E.López,OLIVEROS,Iriondo,Asfalto,Natural,X,Dentro,Rural,Ninguna,No existe,Curva,Bueno,Buena,Diurna,Buen Tiempo,De alcance,S/D,Colisión,Ninguna,"Horizontal,Vertical",Vegetación,Sin restricción
2018,9444,2018-09-04,Martes,0,09:00:00,,0.0,2,"Automóvil,Automóvil",Av Gral Paz 7300,2,1,0,0,1,0,0,"-31.604940, -60.675377",Avenida,,SANTA FE,La Capital,Asfalto,No existe,I,Dentro,Urbana,Ninguna,No existe,Recta,Bueno,Buena,Diurna,Buen Tiempo,De alcance,S/D,Colisión,Ninguna,Horizontal,Cordón divisorio,Sin restricción
2018,9445,2018-10-15,Lunes,0,17:30:00,Autopista Nacional A012,0.0,2,"Automóvil,Automóvil",Ruta Provincial 14 ,5,2,0,0,2,1,0,"-33.09196,-60.79084",Autopista,A012,PIÑERO,Rosario,Asfalto,No existe,II,Dentro,Rural,Señal Ceda el Paso,No existe,Cruce,Bueno,Buena,Diurna,Buen Tiempo,Lateral,S/D,Colisión,Ninguna,"Horizontal,Vertical",Cordón divisorio,Sin restricción
2018,9446,2018-09-27,Jueves,0,21:30:00,,0.0,1,Moto/Ciclomotor,Pellegrini Y Marcos Paz,1,1,0,0,0,0,0,"-33.031986, -60.646818",Calle,,VILLA GOBERNADOR GÁLVEZ,Rosario,Asfalto,No existe,II,Dentro,Urbana,Ninguna,No existe,Rotonda,Bueno,Buena,Nocturna,Buen Tiempo,Contra objeto fijo,S/D,Colisión,Ninguna,Faltante,Ninguna,Sin restricción
2018,9447,2018-10-16,Martes,0,07:55:00,,0.0,2,"Camión Chasis,Moto/Ciclomotor",Angel Marino Gervaso 600,2,0,0,0,1,1,0,"-32.82047,-60.73223",Calle,,CAPITÁN BERMÚDEZ,San Lorenzo,Asfalto,Pavimento,XVII,Dentro,Urbana,Ninguna,No existe,Recta,Bueno,Buena,Diurna,Buen Tiempo,De alcance,S/D,Colisión,Ninguna,Faltante,Ninguna,Sin restricción
2018,9448,2018-10-18,Jueves,0,16:25:00,Ruta Provincial 39,41.0,2,"Pickup/Utilitario,Moto/Ciclomotor", ,3,0,0,0,1,2,0,"-30.34187,-60.5529",Ruta,39,GOBERNADOR CRESPO,San Justo,Asfalto,Natural,XVI,Dentro,Rural,Ninguna,No existe,Curva,Bueno,Buena,Diurna,Viento Fuerte,Frontal,S/D,Colisión,Ninguna,Faltante,Línea divisoria pintada,Sin restricción
2018,9449,2018-09-18,Martes,0,17:00:00,,0.0,2,"Bicicleta,Moto/Ciclomotor",Nahuel Huapi Y Pellegrini,2,0,1,0,1,0,0,"-33.032149, -60.651472",Calle,,VILLA GOBERNADOR GÁLVEZ,Rosario,Asfalto,No existe,II,Dentro,Urbana,Ninguna,No existe,Recta,Bueno,Buena,Atardecer,Buen Tiempo,S/D,Ciclista,Atropello,Ninguna,Faltante,Ninguna,Sin restricción
2018,9450,2018-09-22,Sabado,0,17:00:00,,0.0,2,"Moto/Ciclomotor,Automóvil",Soldado Aguirre Y Montecaseros,2,1,0,0,0,0,1,"-33.029815, -60.652224",Avenida,,VILLA GOBERNADOR GÁLVEZ,Rosario,Asfalto,No existe,II,Dentro,Urbana,Ninguna,No existe,Intersección,Bueno,Buena,Amanecer,Buen Tiempo,Lateral,S/D,Colisión,Material Suelto,Faltante,Cordón divisorio,Sin restricción
2018,9452,2018-09-01,Sabado,0,18:00:00,,0.0,2,"Moto/Ciclomotor,Automóvil",12 de Octubre Y Fornieles,2,1,0,0,1,0,0,"-33.021517, -60.615832",Calle,,VILLA GOBERNADOR GÁLVEZ,Rosario,Asfalto,No existe,II,Dentro,Urbana,Ninguna,No existe,Intersección,Bueno,Buena,Atardecer,Buen Tiempo,Lateral,S/D,Colisión,Ninguna,Faltante,Ninguna,Sin restricción
2018,9453,2018-10-20,Sabado,0,02:50:00,,0.0,1,Moto/Ciclomotor,Av. Uriburu Y Buenos Aires,1,0,0,0,0,1,0,"-32.99063,-60.64358",Calle,,ROSARIO,Rosario,Asfalto,No existe,II,Dentro,Urbana,Ninguna,Funciona,Intersección,Bueno,S/D,Nocturna,Buen Tiempo,S/D,S/D,Caída ocupante,Ninguna,"Horizontal,Vertical",Ninguna,Sin restricción
2018,9454,2018-10-25,Jueves,0,19:15:00,Ruta Provincial 3,78.0,1,Automóvil, ,1,0,0,0,0,1,0,"-28.84693,-60.11222",Ruta,3,DV.KM. 320,Vera,Asfalto,Natural,XIX,Dentro,Rural,Ninguna,No existe,Recta,Bueno,Buena,Atardecer,Buen Tiempo,Atropello animal,S/D,"Colisión,Vuelco",Ninguna,Faltante,Ninguna,Sin restricción
2018,9455,2018-09-01,Sabado,0,21:30:00,Ruta Provincial 21,0.0,2,"Moto/Ciclomotor,Automóvil",Av Gral San Martin Y J F Kennedy,2,1,0,0,1,0,0,"-33.030462, -60.619579",Ruta,21,VILLA GOBERNADOR GÁLVEZ,Rosario,Asfalto,No existe,II,Dentro,Urbana,Ninguna,No existe,Intersección,Bueno,Buena,"Nocturna,Con luz artificial",Buen Tiempo,Lateral,S/D,Colisión,Ninguna,Faltante,Ninguna,Sin restricción