anio_acci,nro_acci,fecha,desc_dia,fecha_aprox,hora_aprox,desc_ruta,km,cant_participantes,desc_participante,calle_avenida_km,total,heridos_leves,heridos_graves,heridos_gravisimos,ilesos,fallecidos,sin_datos,posicion_XY,desc_tipo_via,desc_ruta_ori,desc_loc,desc_dpto,desc_tipo_calzada,desc_tipo_banquina,desc_unidad_regional,desc_lugar_calzada,desc_zona,desc_prioridad,desc_estado_semaforo,desc_lugar_via,desc_estado_via,desc_estado_visibilidad,desc_luminosidad,desc_estado_clima,desc_tipo_colision,desc_tipo_atropello,desc_tipo_hecho,desc_pres_calzada,desc_senializacion,desc_separacion_via,desc_restriccion
2018,9456,2018-10-25,Jueves,0,06:50:00,,0.0,2,"Tren,Automóvil",San Lorenzo ,3,0,0,0,2,1,0,"-32.90117,-60.89918",Calle,,ROLDÁN,San Lorenzo,Asfalto,No existe,XVII,Dentro,Urbana,Ninguna,No existe,Paso a Nivel FFCC,Bueno,Buena,Diurna,Buen Tiempo,Lateral,S/D,Colisión,Ninguna,Horizontal,Ninguna,Sin restricción
2018,9457,2018-09-07,Viernes,0,14:55:00,,0.0,2,"Moto/Ciclomotor,Automóvil",Bv San diego Y 17 de Octubre,3,2,0,0,1,0,0,"-33.018525, -60.609111",Avenida,,VILLA GOBERNADOR GÁLVEZ,Rosario,Asfalto,No existe,II,Dentro,Urbana,Semáforo,No existe,Intersección,Bueno,Buena,Diurna,Buen Tiempo,Lateral,S/D,Colisión,Ninguna,Vertical,Ninguna,Sin restricción
2018,9458,2018-10-28,Domingo,0,12:40:00,,0.0,2,"Moto/Ciclomotor,Pickup/Utilitario",Javier de la Rosa Y Belgrano,2,1,0,0,0,1,0,"-31.60013,-60.68795",Calle,,SANTA FE,La Capital,Asfalto,No existe,I,Dentro,Urbana,Ninguna,No existe,Intersección,Bueno,Buena,Diurna,S/D,De alcance,S/D,Colisión,Ninguna,Faltante,Ninguna,Sin restricción
2018,9459,2018-10-02,Martes,0,13:10:00,Autopista Nacional A009,1.5,2,"Pickup/Utilitario,Pickup/Utilitario", ,3,0,0,0,2,1,0,"-29.2234,-59.59264",Autopista,A009,RECONQUISTA,General Obligado,Asfalto,Natural,IX,Dentro,Rural,Ninguna,No existe,Recta,Bueno,S/D,Diurna,S/D,Lateral,S/D,Colisión,Ninguna,Faltante,Línea divisoria pintada,Sin restricción
2018,9460,2018-11-09,Viernes,0,02:00:00,,0.0,2,"Pickup/Utilitario,Moto/Ciclomotor",Pres Domingo Faustino Sarmient Y Centenario,2,1,0,0,1,0,0,"-31.661694444444,-60.761",Calle,,SANTO TOMÉ,La Capital,Asfalto,No existe,I,Dentro,Urbana,Ninguna,No existe,Intersección,Bueno,Buena,Con luz artificial,Buen Tiempo,Lateral,S/D,Colisión,Ninguna,Faltante,Ninguna,Sin restricción
2018,9461,2018-11-16,Viernes,0,12:20:00,,0.0,2,"Moto/Ciclomotor,Bicicleta",Lamadrid Y Vera Mujica,3,3,0,0,0,0,0,"-32.998027777778,-60.679277777778",Calle,,ROSARIO,Rosario,Asfalto,S/D,II,S/D,Urbana,S/D,S/D,Intersección,S/D,Buena,Diurna,S/D,S/D,Ciclista,Atropello,S/D,S/D,S/D,S/D
2018,9462,2018-11-18,Domingo,0,17:20:00,,0.0,2,"Automóvil,Moto/Ciclomotor",Rivadavia Y Rioja,3,2,0,0,1,0,0,"-32.70912, -60.74007",Calle,,PUERTO SAN MARTÍN,San Lorenzo,Asfalto,No existe,XVII,Dentro,Urbana,Ninguna,No existe,Intersección,Bueno,Buena,Diurna,Buen Tiempo,Lateral,S/D,Colisión,Ninguna,Faltante,Ninguna,Sin restricción
2018,9463,2018-11-15,Jueves,0,07:20:00,,0.0,1,Automóvil,Av. Ovidio Lagos Y Av. Uriburu,1,1,0,0,0,0,0,"-32.9915,-60.673388888889",Avenida,,ROSARIO,Rosario,Asfalto,S/D,II,S/D,Urbana,Semáforo,Funciona,Intersección,S/D,Buena,Diurna,S/D,S/D,S/D,Caída ocupante,S/D,S/D,Cordón divisorio,S/D
2018,9464,2018-11-15,Jueves,0,09:15:00,,0.0,2,"Moto/Ciclomotor,Moto/Ciclomotor",9 de Julio Y Angel Cassanello,2,1,0,0,0,0,1,"-31.608527777778,-60.698111111111",Calle,,SANTA FE,La Capital,Asfalto,Pavimento,I,S/D,Urbana,Otra Señal,S/D,Recta,Bueno,Buena,Diurna,Buen Tiempo,S/D,S/D,Colisión,S/D,Horizontal,S/D,S/D
2018,9465,2018-11-21,Miercoles,0,23:30:00,,0.0,2,"Automóvil,Moto/Ciclomotor",Rivadavia Y L Novoro,4,2,1,0,1,0,0,"-31.73001, -61.09088",Calle,,SAN CARLOS CENTRO,Las Colonias,Asfalto,No existe,XI,Dentro,Urbana,Ninguna,No existe,Intersección,Bueno,Buena,Nocturna,Buen Tiempo,Frontal,S/D,Colisión,Ninguna,S/D,Ninguna,Sin restricción
2018,9466,2018-11-09,Viernes,0,14:00:00,,0.0,2,"Moto/Ciclomotor,Pickup/Utilitario",Av A del Valle Y Pedro de Vega,3,2,0,0,0,0,1,"-31.611388888889,-60.694777777778",Calle,,SANTA FE,La Capital,Asfalto,S/D,I,S/D,Urbana,S/D,Funciona,Recta,S/D,Buena,S/D,S/D,S/D,S/D,S/D,S/D,S/D,S/D,S/D
2018,9467,2018-11-17,Sabado,0,05:30:00,,0.0,1,Moto/Ciclomotor,Rivadavia 123,2,1,1,0,0,0,0,"-31.72629, -61.08991",Calle,,SAN CARLOS CENTRO,Las Colonias,Asfalto,No existe,XI,Dentro,Urbana,Ninguna,No existe,Recta,Bueno,Buena,Amanecer,S/D,S/D,S/D,Despiste,Ninguna,S/D,Ninguna,Sin restricción
2018,9468,2018-11-13,Martes,0,16:00:00,,0.0,2,"Moto/Ciclomotor,Automóvil",1ro de Mayo Y J P Lopez,3,0,2,0,0,0,1,"-31.607388888889,-60.699027777778",Calle,,SANTA FE,La Capital,Asfalto,S/D,I,S/D,Urbana,Ninguna,S/D,Intersección,Bueno,S/D,S/D,Buen Tiempo,Lateral,S/D,Colisión,S/D,S/D,Ninguna,Sin restricción
2018,9469,2018-11-09,Viernes,0,16:10:00,,0.0,2,"Moto/Ciclomotor,Pickup/Utilitario",Yapeyu Y Leandro Alem,4,1,0,0,3,0,0,"-33.0001, -60.7712",Calle,,PÉREZ,Rosario,Asfalto,No existe,II,S/D,Urbana,Ninguna,No existe,Intersección,Otro,Buena,Atardecer,Otro,Lateral,S/D,Colisión,Ninguna,Faltante,Ninguna,Sin restricción
2018,9470,2018-11-08,Jueves,0,12:00:00,,0.0,2,"Automóvil,Peatón",San Luis Y Mitre,2,0,1,0,1,0,0,"-32.948777777778,-60.640222222222",S/D,,ROSARIO,Rosario,S/D,S/D,II,S/D,Urbana,S/D,S/D,Intersección,S/D,S/D,Diurna,S/D,S/D,Peatón,Atropello,S/D,S/D,S/D,S/D
2018,9471,2018-11-20,Martes,0,07:55:00,,0.0,2,"Moto/Ciclomotor,Automóvil",Saavedra Y Lopez y Planes,2,1,0,0,1,0,0,"-31.74716, -61.10223",Calle,,SAN CARLOS SUR,Las Colonias,Asfalto,No existe,XI,Dentro,Urbana,S/D,No existe,Intersección,Bueno,Buena,Diurna,Buen Tiempo,Lateral,S/D,Colisión,Ninguna,S/D,Ninguna,Sin restricción
2018,9472,2018-11-15,Jueves,0,23:40:00,Ruta Secundaria 50-s,0.0,2,"Moto/Ciclomotor,Bicicleta", ,2,2,0,0,0,0,0,"-31.56734, -61.06789",Ruta,50-s,SAN JERÓNIMO NORTE,Las Colonias,Asfalto,Natural,XI,Dentro,Rural,Ninguna,No existe,Recta,Bueno,Reducida,Nocturna,Buen Tiempo,De alcance,S/D,Colisión,Ninguna,Faltante,Ninguna,Sin restricción
2018,9473,2018-11-14,Miercoles,0,20:10:00,,0.0,2,"Automóvil,Moto/Ciclomotor",Chubut Y Pavon,2,1,0,0,1,0,0,"-33.033583333333,-60.625666666667",Calle,,VILLA GOBERNADOR GÁLVEZ,Rosario,Asfalto,No existe,II,S/D,Urbana,Ninguna,Funciona,Intersección,Bueno,Buena,"Nocturna,Con luz artificial",Buen Tiempo,S/D,S/D,Colisión,Ninguna,Faltante,Ninguna,Obra en Construcción
2018,9474,2018-11-06,Martes,0,13:00:00,,0.0,2,"Automóvil,Pickup/Utilitario",Rueda Y Pueyrredon,4,3,0,0,0,0,1,"-32.967638888889,-60.663611111111",S/D,,ROSARIO,Rosario,S/D,S/D,II,S/D,S/D,S/D,S/D,Intersección,Bueno,S/D,Diurna,S/D,S/D,S/D,Colisión,S/D,S/D,S/D,S/D
2018,9475,2018-11-21,Miercoles,0,17:00:00,,0.0,2,"Moto/Ciclomotor,Automóvil",Pte Peron Y Av San Martin,2,1,0,0,1,0,0,"-32.79267, -60.7234",Avenida,,FRAY LUIS BELTRÁN,San Lorenzo,Asfalto,No existe,XVII,S/D,Urbana,Ninguna,No existe,Intersección,Bueno,Buena,Diurna,Buen Tiempo,De alcance,S/D,Colisión,Ninguna,Faltante,Ninguna,Sin restricción
2018,9477,2018-11-07,Miercoles,0,14:40:00,,0.0,2,"Bicicleta,Taxi/Remis",Entre Rios Y Cordoba,2,1,0,0,1,0,0,"-32.945916666667,-60.640972222222",Calle,,ROSARIO,Rosario,S/D,S/D,II,S/D,Urbana,S/D,S/D,Intersección,S/D,S/D,Diurna,S/D,S/D,Ciclista,Atropello,S/D,S/D,S/D,S/D
2018,9478,2018-11-23,Viernes,0,11:30:00,,0.0,2,"Camión Chasis,Moto/Ciclomotor",Av San Martin Y Guido Spano,2,1,0,0,1,0,0,"-32.7819, -60.72668",Avenida,,FRAY LUIS BELTRÁN,San Lorenzo,Asfalto,No existe,XVII,S/D,Urbana,Ninguna,No existe,Intersección,Bueno,Buena,Diurna,Buen Tiempo,S/D,S/D,Otro,Ninguna,Faltante,Ninguna,Sin restricción
2018,9479,2018-11-10,Sabado,0,14:30:00,,0.0,2,"Moto/Ciclomotor,Taxi/Remis",Gaboto Y Bv. Avellaneda,2,0,0,0,1,1,0,"-32.966,-60.685805555556",Calle,,ROSARIO,Rosario,Asfalto,No existe,II,S/D,Urbana,S/D,S/D,Intersección,S/D,Buena,Diurna,S/D,S/D,S/D,Colisión,S/D,S/D,Cordón divisorio,S/D
2018,9480,2018-11-06,Martes,0,10:30:00,,0.0,2,"Pickup/Utilitario,Moto/Ciclomotor",Lavalle Y San Lorenzo,2,1,0,0,1,0,0,"-32.937055555556,-60.677222222222",Calle,,ROSARIO,Rosario,S/D,S/D,II,S/D,Urbana,S/D,S/D,Intersección,S/D,S/D,Diurna,S/D,S/D,S/D,Colisión,S/D,S/D,S/D,S/D
2018,9481,2018-11-26,Lunes,0,20:30:00,Autopista Nacional A008,0.0,2,"Automóvil,Camión c / Acoplado",J.J.Paso Y Av. Circunvalacion Bis,3,2,0,0,1,0,0,"-32.920527777778,-60.722972222222",Autopista,A008,ROSARIO,Rosario,Asfalto,No existe,II,S/D,Urbana,Ninguna,S/D,Recta,Bueno,Buena,Diurna,Buen Tiempo,S/D,S/D,Colisión,Ninguna,S/D,Cordón divisorio,Sin restricción
2018,9482,2018-11-07,Miercoles,0,15:30:00,,0.0,2,"Moto/Ciclomotor,Automóvil",Av. Corrientes Y Viamonte,3,2,0,0,1,0,0,"-32.964555555556,-60.647111111111",S/D,,ROSARIO,Rosario,S/D,S/D,II,S/D,S/D,Señal Pare,No existe,Intersección,Bueno,S/D,Diurna,S/D,S/D,S/D,Colisión,S/D,S/D,S/D,S/D
2018,9483,2018-11-11,Domingo,0,20:45:00,Autopista Nacional Gral. Juan Jose Valle,0.0,2,"Pickup/Utilitario,Moto/Ciclomotor",RENE FAVAROLO Y AUTOPISTA JUAN JOSE VALLE,2,1,0,0,1,0,0,"-33.16774, -60.52944",Autopista,Gral. Juan José Valle,ARROYO SECO,Rosario,Asfalto,Natural,II,Dentro,Urbana,Ninguna,Intermitente,Intersección,"Bueno,Ahuellamiento",Reducida,"Nocturna,Con luz artificial",Buen Tiempo,Frontal,S/D,Colisión,Ninguna,"Horizontal,Vertical",Ninguna,Sin restricción
2018,9484,2018-11-23,Viernes,0,12:30:00,Ruta Nacional 9,800.0,2,"Automóvil,Moto/Ciclomotor",Chacabuco Y Ruta Nac 9,2,1,0,0,1,0,0,"-32.86105, -61.15874",Ruta,9,CARCARAÑÁ,San Lorenzo,Asfalto,Pavimento,XVII,S/D,Urbana,S/D,No existe,Intersección,Bueno,Buena,Diurna,Buen Tiempo,Lateral,S/D,Colisión,Ninguna,S/D,S/D,S/D
2018,9485,2018-11-05,Lunes,0,22:00:00,,0.0,2,"Vehículo Oficial,Automóvil",Av. Corrientes Y 9 De Julio,2,1,0,0,0,0,1,"-32.953083333333,-60.644222222222",S/D,,ROSARIO,Rosario,S/D,S/D,II,S/D,Urbana,S/D,S/D,Intersección,S/D,S/D,Nocturna,S/D,S/D,S/D,Colisión,S/D,S/D,S/D,S/D
2018,9486,2018-11-10,Sabado,0,19:00:00,Ruta Provincial 70,0.0,3,"Moto/Ciclomotor,Automóvil,Automóvil",Ruta Prov 70 Y Av Ignacio Crespo,5,3,0,0,2,0,0,"-31.50146, -60.73553",Ruta,70,RECREO,La Capital,Asfalto,Pavimento,I,Dentro,Urbana,Ninguna,No existe,Intersección,Bueno,Reducida,Atardecer,Otro,S/D,S/D,Colisión,Ninguna,Faltante,Ninguna,Sin restricción
2018,9487,2018-11-19,Lunes,0,02:10:00,Ruta Nacional 11,320.0,2,"Automóvil,Moto/Ciclomotor",Av San Lorenzo Y Urquiza,2,0,0,0,0,0,2,"-32.8127, -60.71735",Ruta,11,CAPITÁN BERMÚDEZ,San Lorenzo,Asfalto,No existe,XVII,Dentro,Urbana,Ninguna,S/D,Intersección,S/D,S/D,Nocturna,Buen Tiempo,S/D,S/D,Colisión,Ninguna,Vertical,Ninguna,S/D
2018,9488,2018-11-29,Jueves,0,13:35:00,Autopista Nacional A008,0.0,2,"Automóvil,Taxi/Remis",Av. Uriburu Y Av. Circunvalacion,3,3,0,0,0,0,0,"-32.991944444444,-60.69775",Autopista,A008,ROSARIO,Rosario,Asfalto,Pavimento,II,S/D,Urbana,Ninguna,No existe,Intersección,Bueno,Buena,Diurna,S/D,S/D,S/D,Colisión,Ninguna,Faltante,Guardarrail,S/D
2018,9489,2018-11-06,Martes,0,11:10:00,,0.0,2,"Vehículo Oficial,Pickup/Utilitario",Montevideo Y Francia F,3,2,0,0,1,0,0,"-32.951277777778,-60.667833333333",S/D,,ROSARIO,Rosario,S/D,S/D,II,S/D,Urbana,S/D,Funciona,Intersección,S/D,S/D,Diurna,S/D,S/D,S/D,Colisión,S/D,S/D,S/D,S/D
2018,9490,2018-11-23,Viernes,0,20:50:00,,0.0,2,"Automóvil,Moto/Ciclomotor",Catamarca Y J V Gonzalez,2,1,0,0,1,0,0,"-32.830861111111,-60.718472222222",Calle,,CAPITÁN BERMÚDEZ,San Lorenzo,Ripio,No existe,XVII,S/D,Rural,Ninguna,No existe,Intersección,S/D,Buena,Nocturna,S/D,De alcance,S/D,Colisión,S/D,Faltante,Ninguna,S/D
2018,9491,2018-11-02,Viernes,0,17:30:00,,0.0,2,"Peatón,Automóvil",Cordoba 2100,2,1,0,0,1,0,0,"-32.943916666667,-60.651916666667",Calle,,ROSARIO,Rosario,S/D,S/D,II,S/D,Urbana,S/D,S/D,Recta,S/D,S/D,Diurna,S/D,S/D,Peatón,Atropello,S/D,S/D,S/D,Obra en Construcción
2018,9492,2018-11-29,Jueves,0,19:20:00,Autopista Nacional A008,0.0,2,"Automóvil,Automóvil",Av. Pellegrini Y Av. Circunvalacion,4,1,0,0,3,0,0,"-32.948861111111,-60.722666666667",Autopista,A008,ROSARIO,Rosario,Asfalto,Natural,II,Dentro,Urbana,Ninguna,No existe,Recta,S/D,S/D,"Nocturna,Con luz artificial",S/D,Otro,S/D,Colisión,S/D,S/D,Barrera de alto impacto,Sin restricción
2018,9493,2018-11-02,Viernes,0,05:50:00,,0.0,2,"Automóvil,Automóvil",3 De Febrero Y Valparaiso,4,4,0,0,0,0,0,"-32.944944444444,-60.683472222222",Calle,,ROSARIO,Rosario,S/D,S/D,II,S/D,Urbana,S/D,S/D,Intersección,S/D,S/D,Amanecer,S/D,S/D,S/D,Colisión,S/D,S/D,S/D,S/D
2018,9494,2018-11-12,Lunes,0,03:40:00,Autopista Nacional Gral. Juan Jose Valle,0.0,2,"Camión c / Acoplado,Pickup/Utilitario", ,3,1,0,0,1,0,1,"-33.17042, -60.5275",Autopista,Gral. Juan José Valle,ARROYO SECO,Rosario,Asfalto,Natural,II,S/D,Urbana,Ninguna,No existe,Recta,Bueno,Reducida,Nocturna,Lluvia,De alcance,S/D,Colisión,Agua,"Horizontal,Vertical",Vegetación,Sin restricción
2018,9495,2018-11-05,Lunes,0,20:30:00,,0.0,2,"Moto/Ciclomotor,Automóvil",San Martin Y Dragones de Rosario,2,1,0,0,1,0,0,"-32.91617, -60.67653",Avenida,,ROSARIO,Rosario,Asfalto,S/D,II,Dentro,Urbana,S/D,Funciona,Intersección,Bueno,Buena,Nocturna,S/D,S/D,S/D,S/D,Ninguna,Vertical,Línea divisoria pintada,S/D
2018,9496,2018-11-10,Sabado,0,15:00:00,Ruta Provincial 21,0.0,2,"Moto/Ciclomotor,Pickup/Utilitario",LIBERTAD Y RUTA 21,3,2,0,0,0,0,1,"-33.15081, -60.50825",Ruta,21,ARROYO SECO,Rosario,Asfalto,Natural,II,Dentro,S/D,Ninguna,Funciona,Intersección,"Con baches,Ahuellamiento",Buena,Diurna,Buen Tiempo,Lateral,S/D,Colisión,Ninguna,Faltante,Ninguna,Sin restricción
2018,9497,2018-11-18,Domingo,0,17:30:00,,0.0,3,"Moto/Ciclomotor,Peatón,Peatón",Rivadavia Y Alamo,3,1,0,0,2,0,0,"-32.75075,-60.741777777778",Avenida,,SAN LORENZO,San Lorenzo,S/D,No existe,XVII,S/D,Urbana,Ninguna,S/D,Otro,S/D,S/D,Diurna,S/D,S/D,S/D,Colisión,S/D,Vertical,S/D,Sin restricción
2018,9498,2018-11-02,Viernes,0,12:35:00,,0.0,2,"Moto/Ciclomotor,Automóvil",Callao Y Comodoro Rivadavia,3,2,0,0,1,0,0,"-32.9901, -60.67212",S/D,,ROSARIO,Rosario,Asfalto,No existe,II,S/D,S/D,Ninguna,No existe,Intersección,Bueno,Buena,Diurna,Buen Tiempo,Lateral,S/D,Colisión,Ninguna,Faltante,Ninguna,Sin restricción
2018,9499,2018-11-30,Viernes,0,17:20:00,,0.0,2,"Automóvil,Moto/Ciclomotor",Correo Argentino Y Alberdi,2,1,0,0,1,0,0,"-32.929375577682, -60.674523331111",Calle,,ROSARIO,Rosario,Asfalto,No existe,II,S/D,Urbana,Semáforo,Funciona,Recta,Otro,S/D,Diurna,Buen Tiempo,Otro,S/D,Colisión,Ninguna,Vertical,Ninguna,Sin restricción
2018,9500,2018-11-09,Viernes,0,22:30:00,,0.0,2,"Pickup/Utilitario,Moto/Ciclomotor",Caseros 880,2,0,1,0,1,0,0,"-31.30943,-60.65552",Calle,,LAGUNA PAIVA,La Capital,Ripio,No existe,I,Dentro,Urbana,Ninguna,No existe,Recta,Bueno,Buena,Nocturna,Buen Tiempo,Frontal,S/D,Colisión,Ninguna,Faltante,Ninguna,Sin restricción
2018,9501,2018-11-07,Miercoles,0,18:00:00,,0.0,2,"Moto/Ciclomotor,Moto/Ciclomotor",Bv. Oro?o Y Biedma,2,2,0,0,0,0,0,"-32.978666666667,-60.662027777778",S/D,,ROSARIO,Rosario,Asfalto,No existe,II,S/D,S/D,Ninguna,Funciona,Intersección,Bueno,Buena,Diurna,Buen Tiempo,Lateral,S/D,Colisión,Ninguna,Vertical,Ninguna,Sin restricción
2018,9502,2018-11-08,Jueves,0,09:10:00,,0.0,2,"Bicicleta,Automóvil",Balcarce Y Gaboto,2,1,0,0,1,0,0,"-32.970861111111,-60.658694444444",S/D,,ROSARIO,Rosario,Asfalto,No existe,II,S/D,S/D,S/D,No existe,Intersección,Bueno,Buena,Diurna,Buen Tiempo,Lateral,Ciclista,Atropello,Ninguna,Faltante,Ninguna,Sin restricción
2018,9503,2018-11-08,Jueves,0,17:30:00,,0.0,2,"Bicicleta,Automóvil",Garay Y Gaboto,2,1,0,0,1,0,0,"-32.9739, -60.64792",S/D,,ROSARIO,Rosario,Asfalto,No existe,II,S/D,Urbana,Ninguna,No existe,Intersección,Bueno,Buena,Diurna,Buen Tiempo,Lateral,Ciclista,Atropello,Ninguna,Faltante,S/D,Sin restricción
2018,9504,2018-11-06,Martes,0,17:45:00,,0.0,2,"Peatón,Automóvil",Biedma Y San Martin,2,0,1,0,1,0,0,"-32.981722222222,-60.644916666667",Calle,,ROSARIO,Rosario,Asfalto,No existe,II,Dentro,Urbana,Ninguna,No existe,Intersección,Bueno,Buena,Diurna,Buen Tiempo,S/D,Peatón,Atropello,Ninguna,Faltante,Ninguna,Sin restricción
2018,9505,2018-11-24,Sabado,0,09:45:00,,0.0,2,"Moto/Ciclomotor,Automóvil",Calle 111 600,2,1,0,0,1,0,0,"-29.116027777778,-59.672361111111",Calle,,AVELLANEDA,General Obligado,S/D,S/D,IX,Dentro,Urbana,S/D,S/D,Intersección,S/D,S/D,Diurna,S/D,Lateral,S/D,Colisión,S/D,S/D,S/D,S/D
2018,9506,2018-11-18,Domingo,0,20:20:00,,0.0,2,"Moto/Ciclomotor,Pickup/Utilitario",Sargento Cabral Y Catamarca,2,1,0,0,1,0,0,"-32.755472222222,-60.731222222222",Avenida,,SAN LORENZO,San Lorenzo,S/D,S/D,XVII,Dentro,Urbana,S/D,S/D,Otro,S/D,S/D,S/D,S/D,S/D,S/D,Colisión,S/D,S/D,S/D,S/D
2018,9507,2018-11-08,Jueves,0,07:30:00,,0.0,2,"Automóvil,Camión Chasis",Santiago Y San Luis,2,0,0,0,0,0,2,"-32.945833333333,-60.656666666667",S/D,,ROSARIO,Rosario,S/D,S/D,II,S/D,Urbana,S/D,S/D,Intersección,S/D,S/D,Diurna,S/D,S/D,S/D,Colisión,S/D,S/D,S/D,S/D
2018,9508,2018-11-24,Sabado,0,02:45:00,,0.0,1,Moto/Ciclomotor,Mariano Moreno 2200,2,1,1,0,0,0,0,"-31.447638888889,-60.932055555556",Calle,,ESPERANZA,Las Colonias,Asfalto,No existe,XI,Dentro,Urbana,Ninguna,Intermitente,Recta,Bueno,Buena,Nocturna,Buen Tiempo,Otro,S/D,Despiste,Ninguna,Faltante,Ninguna,Sin restricción
2018,9509,2018-09-07,Viernes,0,12:00:00,,0.0,2,"Moto/Ciclomotor,Automóvil",Av Gral Paz Y Matheu,2,1,0,0,1,0,0,"-31.597441, -60.673265",Avenida,,SANTA FE,La Capital,Asfalto,No existe,I,Dentro,Urbana,Ninguna,No existe,Intersección,Bueno,Buena,Diurna,Buen Tiempo,De alcance,S/D,Colisión,Ninguna,Faltante,Ninguna,Sin restricción
2018,9510,2018-09-07,Viernes,0,10:05:00,,0.0,2,"Moto/Ciclomotor,Automóvil",Belgrano Y Larrea,2,1,0,0,1,0,0,"-31.596484, -60.686893",Calle,,SANTA FE,La Capital,Asfalto,No existe,I,Dentro,Urbana,Ninguna,No existe,Intersección,Bueno,Buena,Diurna,Buen Tiempo,Lateral,S/D,Colisión,Ninguna,Faltante,Ninguna,Sin restricción
2018,9511,2018-09-09,Domingo,0,15:45:00,,0.0,2,"Moto/Ciclomotor,Pickup/Utilitario",Rivadavia 8200,2,1,0,0,1,0,0,"-31.593233, -60.688528",Calle,,SANTA FE,La Capital,Asfalto,No existe,I,Dentro,Urbana,Ninguna,No existe,Intersección,Bueno,Buena,Diurna,Buen Tiempo,De alcance,S/D,Colisión,Ninguna,Faltante,Ninguna,Sin restricción
2018,9512,2018-09-09,Domingo,0,16:00:00,,0.0,1,Automóvil,Av A del Valle Y Pje Chubut,2,1,0,0,1,0,0,"-31.580808, -60.689329",Avenida,,SANTA FE,La Capital,Asfalto,No existe,I,Dentro,Urbana,Ninguna,No existe,Intersección,Bueno,Buena,Diurna,Buen Tiempo,Contra objeto fijo,S/D,Colisión,Ninguna,Faltante,Guardarrail,Sin restricción
2018,9513,2018-09-09,Domingo,0,06:00:00,Ruta Provincial 21,0.0,1,Automóvil,Av Gral San Martin Y Juan B Justo,3,3,0,0,0,0,0,"-33.026148, -60.623808",Ruta,21,VILLA GOBERNADOR GÁLVEZ,Rosario,Asfalto,No existe,II,Dentro,Urbana,Ninguna,Funciona,Intersección,Bueno,Buena,"Amanecer,Con luz artificial",Buen Tiempo,Contra objeto fijo,S/D,Colisión,Ninguna,"Horizontal,Vertical",Cordón divisorio,Sin restricción
2018,9514,2018-09-12,Miercoles,0,15:30:00,,0.0,2,"Automóvil,Moto/Ciclomotor",Av A del Valle Y Vieytes,2,2,0,0,0,0,0,"-31.603066, -60.692183",Avenida,,SANTA FE,La Capital,Asfalto,No existe,I,Dentro,Urbana,Ninguna,No existe,Intersección,S/D,Reducida,Diurna,Otro,Otro,S/D,Otro,S/D,Faltante,Cordón divisorio,Sin restricción
2018,9515,2018-09-09,Domingo,0,03:15:00,Ruta Provincial 21,0.0,1,Automóvil,Av Leandro Alem Y Av Gral San Martin,4,4,0,0,0,0,0,"-33.028167, -60.621127",Ruta,21,VILLA GOBERNADOR GÁLVEZ,Rosario,Asfalto,No existe,II,Dentro,Urbana,Ninguna,No existe,Rotonda,Bueno,Buena,"Nocturna,Con luz artificial",Buen Tiempo,Contra objeto fijo,S/D,Colisión,Ninguna,Faltante,"Cordón divisorio,Vegetación",Sin restricción
2018,9516,2018-09-12,Miercoles,0,17:45:00,,0.0,2,"Automóvil,Peatón",Candioti Y Espora,3,2,0,0,0,0,1,"-31.605816, -60.685704",Calle,,SANTA FE,La Capital,Asfalto,No existe,I,Dentro,Urbana,Ninguna,No existe,Intersección,Otro,Reducida,Atardecer,Otro,S/D,Peatón,Atropello,Otro,Faltante,Ninguna,Sin restricción
2018,9517,2018-09-15,Sabado,0,13:00:00,,0.0,2,"Automóvil,Moto/Ciclomotor",Alvear Y Padre Genesio,2,0,0,0,0,0,2,"-31.601480, -60.686043",Calle,,SANTA FE,La Capital,Asfalto,No existe,I,Dentro,Urbana,Ninguna,No existe,Intersección,Otro,Reducida,Diurna,Otro,S/D,S/D,Colisión,Ninguna,Faltante,Ninguna,Sin restricción
2018,9518,2018-09-10,Lunes,0,17:55:00,Ruta Provincial 21,0.0,3,"Moto/Ciclomotor,Automóvil,Automóvil",Av Gral San Martin 2400,4,2,0,0,2,0,0,"-33.027730, -60.621955",Ruta,21,VILLA GOBERNADOR GÁLVEZ,Rosario,Asfalto,No existe,II,Dentro,Urbana,Semáforo,Funciona,Recta,Bueno,Buena,Diurna,Buen Tiempo,Múltiple,S/D,Colisión,Ninguna,"Horizontal,Vertical",Cordón divisorio,Sin restricción
2018,9519,2018-09-15,Sabado,0,12:50:00,,0.0,2,"Automóvil,Moto/Ciclomotor",Rivadavia Y Espora,2,1,0,0,1,0,0,"-31.604142, -60.691681",Calle,,SANTA FE,La Capital,Asfalto,No existe,I,Dentro,Urbana,Ninguna,No existe,Intersección,Otro,Reducida,Diurna,Otro,Otro,S/D,Colisión,Otro,Faltante,Ninguna,Sin restricción
2018,9520,2018-10-04,Jueves,0,09:30:00,,0.0,2,"Moto/Ciclomotor,Bicicleta",Calle 11 Y Calle 26,2,0,1,0,0,1,0,"-29.11853,-59.64991",Calle,,AVELLANEDA,General Obligado,Asfalto,S/D,IX,Dentro,Urbana,S/D,S/D,Intersección,Bueno,Buena,Diurna,Buen Tiempo,S/D,Ciclista,Atropello,S/D,S/D,S/D,S/D