anio_acci,nro_acci,fecha,desc_dia,fecha_aprox,hora_aprox,desc_ruta,km,cant_participantes,desc_participante,calle_avenida_km,total,heridos_leves,heridos_graves,heridos_gravisimos,ilesos,fallecidos,sin_datos,posicion_XY,desc_tipo_via,desc_ruta_ori,desc_loc,desc_dpto,desc_tipo_calzada,desc_tipo_banquina,desc_unidad_regional,desc_lugar_calzada,desc_zona,desc_prioridad,desc_estado_semaforo,desc_lugar_via,desc_estado_via,desc_estado_visibilidad,desc_luminosidad,desc_estado_clima,desc_tipo_colision,desc_tipo_atropello,desc_tipo_hecho,desc_pres_calzada,desc_senializacion,desc_separacion_via,desc_restriccion
2018,9521,2018-09-11,Martes,0,09:10:00,,0.0,2,"Automóvil,Pickup/Utilitario",Iglesias Y Av Juan Domingo Peron,2,1,0,0,1,0,0,"-33.023280, -60.622896",Avenida,,VILLA GOBERNADOR GÁLVEZ,Rosario,Asfalto,No existe,II,Dentro,Urbana,Ninguna,No existe,Intersección,Bueno,Buena,Diurna,Buen Tiempo,Lateral,S/D,Colisión,Ninguna,Faltante,Ninguna,Sin restricción
2018,9522,2018-10-05,Viernes,0,18:00:00,Ruta Provincial 5,0.0,2,"Automóvil,Bicicleta",Ruta Nacional 11 ,2,0,0,0,1,1,0,"-31.53138,-60.72208",Ruta,5,RECREO,La Capital,Asfalto,Pavimento,I,Dentro,Rural,Ninguna,No existe,Cruce,Bueno,S/D,Diurna,S/D,S/D,Ciclista,Atropello,Ninguna,Faltante,Ninguna,Sin restricción
2018,9523,2018-09-16,Domingo,0,14:30:00,,0.0,2,"Taxi/Remis,Moto/Ciclomotor",Las Heras Y Azcuenaga,2,0,0,0,0,0,2,"-31.595871, -60.685603",Calle,,SANTA FE,La Capital,Asfalto,No existe,I,Dentro,Urbana,Ninguna,No existe,Intersección,Otro,Reducida,Diurna,Otro,Otro,S/D,Colisión,Ninguna,Faltante,Ninguna,Sin restricción
2018,9524,2018-09-12,Miercoles,0,11:15:00,,0.0,2,"Bicicleta,Automóvil",Espora 313,3,2,0,0,1,0,0,"-33.023690, -60.609239",Calle,,VILLA GOBERNADOR GÁLVEZ,Rosario,Asfalto,No existe,II,Dentro,Urbana,Ninguna,No existe,Recta,Bueno,Buena,Diurna,Buen Tiempo,S/D,Ciclista,Atropello,Ninguna,Faltante,Ninguna,Sin restricción
2018,9525,2018-10-10,Miercoles,0,08:10:00,Ruta Provincial 1,195.0,1,Automóvil, ,2,0,1,0,0,1,0,"-30.25124,-59.96972",Ruta,1,COLONIA TERESA,San Javier,Asfalto,Natural,XIV,Dentro,Rural,Ninguna,No existe,Recta,Bueno,S/D,Diurna,S/D,S/D,S/D,Vuelco,Ninguna,Faltante,Línea divisoria pintada,Sin restricción
2018,9526,2018-09-17,Lunes,0,13:00:00,,0.0,2,"Moto/Ciclomotor,Automóvil",Fornieles 400,2,1,0,0,1,0,0,"-33.021388, -60.612036",Calle,,VILLA GOBERNADOR GÁLVEZ,Rosario,Asfalto,No existe,II,Dentro,Urbana,Ninguna,No existe,Recta,Bueno,Buena,Diurna,Buen Tiempo,Lateral,S/D,Colisión,Ninguna,Faltante,Ninguna,Sin restricción
2018,9527,2018-08-25,Sabado,0,13:45:00,Ruta Nacional 34,0.0,2,"Moto/Ciclomotor,Automóvil",Falucho Y Viamonte,2,1,0,0,1,0,0,"-31.256722, -61.496161",Ruta,34,RAFAELA,Castellanos,Asfalto,No existe,I,Dentro,Urbana,Paso Peatonal,No existe,Intersección,S/D,S/D,Diurna,S/D,Lateral,S/D,Colisión,S/D,Horizontal,Ninguna,Sin restricción
2018,9528,2018-09-16,Domingo,0,15:10:00,,0.0,2,"Automóvil,Otros",Mitre Y Ayacucho,2,0,0,0,0,0,2,"-31.599904, -60.679963",Calle,,SANTA FE,La Capital,Asfalto,No existe,I,Dentro,Urbana,Ninguna,No existe,Intersección,Otro,Buena,Diurna,Otro,Otro,S/D,Colisión,Otro,Faltante,Ninguna,Sin restricción
2018,9529,2018-09-22,Sabado,0,21:30:00,,0.0,2,"Moto/Ciclomotor,Automóvil",Andreu 1800,2,1,0,0,1,0,0,"-33.021921, -60.613516",Calle,,VILLA GOBERNADOR GÁLVEZ,Rosario,Asfalto,No existe,II,Dentro,Urbana,Ninguna,No existe,Recta,Con baches,Reducida,"Nocturna,Con luz artificial",Buen Tiempo,Lateral,S/D,Colisión,Ninguna,Faltante,Ninguna,Sin restricción
2018,9530,2018-09-14,Viernes,0,16:50:00,Ruta Nacional 9,0.0,2,"Automóvil,Moto/Ciclomotor",Elorza Y Ruta Nacional 9,2,1,0,0,1,0,0,"-32.920841, -60.814718",Ruta,9,FUNES,Rosario,Asfalto,No existe,II,Dentro,Urbana,Semáforo,Funciona,Intersección,Bueno,Buena,Diurna,Buen Tiempo,S/D,S/D,Colisión,Ninguna,"Horizontal,Vertical",Línea divisoria pintada,Sin restricción
2018,9531,2018-09-17,Lunes,0,07:00:00,,0.0,2,"Transporte de Pasajeros Urbano (> 8 asientos),Moto/Ciclomotor",Av A del Valle Y French,2,1,0,0,1,0,0,"-31.592394, -60.691988",Avenida,,SANTA FE,La Capital,Asfalto,No existe,I,Dentro,Urbana,Semáforo,Funciona,Intersección,Otro,Reducida,Diurna,Otro,Frontal,S/D,Colisión,Otro,Vertical,Cordón divisorio,Sin restricción
2018,9532,2018-09-15,Sabado,0,17:45:00,,0.0,2,"Automóvil,Bicicleta",Gral Paz Y Elorza,2,1,0,0,1,0,0,"-32.914192, -60.813042",Calle,,FUNES,Rosario,Asfalto,No existe,II,Dentro,Urbana,Ninguna,No existe,Intersección,Bueno,Buena,Diurna,Buen Tiempo,S/D,Ciclista,Atropello,Ninguna,Faltante,Ninguna,Sin restricción
2018,9533,2018-09-17,Lunes,0,15:00:00,,0.0,2,"Automóvil,Moto/Ciclomotor",Tacuari 6400,2,0,0,0,0,0,2,"-31.613108, -60.676980",Calle,,SANTA FE,La Capital,Asfalto,No existe,I,Dentro,Urbana,Paso Peatonal,No existe,Intersección,Bueno,Reducida,Diurna,Otro,Otro,S/D,Colisión,Ninguna,Horizontal,Ninguna,Sin restricción
2018,9534,2018-10-12,Viernes,0,10:50:00,Ruta Provincial 80,18.0,2,"Automóvil,Camión c / Acoplado", ,4,2,0,0,1,1,0,"-32.04279,-61.15708",Ruta,80,GÁLVEZ,San Jerónimo,Asfalto,Natural,XV,Dentro,Rural,Ninguna,No existe,Recta,Bueno,Reducida,Diurna,Niebla,Frontal,S/D,Colisión,Agua,Faltante,Ninguna,Sin restricción
2018,9535,2018-09-17,Lunes,0,15:00:00,,0.0,2,"Transporte de Pasajeros Urbano (> 8 asientos),Automóvil",Av Gral Paz Y Ayacucho,2,0,0,0,0,0,2,"-31.601324, -60.674326",Avenida,,SANTA FE,La Capital,Asfalto,No existe,I,Dentro,Urbana,Ninguna,No existe,Intersección,Bueno,Reducida,Diurna,Otro,Otro,S/D,Colisión,Ninguna,Faltante,Ninguna,Sin restricción
2018,9536,2018-09-21,Viernes,0,22:00:00,Ruta Secundaria 33-s,0.0,2,"Moto/Ciclomotor,Automóvil",Peron Y Gral Paz,2,1,0,0,1,0,0,"-32.915226, -60.806909",Ruta,33-s,FUNES,Rosario,Asfalto,No existe,II,Dentro,Urbana,Ninguna,No existe,Intersección,Bueno,Reducida,"Nocturna,Con luz artificial",Buen Tiempo,S/D,S/D,Colisión,Ninguna,Faltante,Ninguna,Sin restricción
2018,9537,2018-09-18,Martes,0,01:20:00,,0.0,2,"Pickup/Utilitario,Moto/Ciclomotor",Neuquen 2100,2,0,0,0,0,0,2,"-31.583468176688, -60.681477825051",Calle,,SANTA FE,La Capital,Asfalto,No existe,I,Dentro,Urbana,Ninguna,No existe,Intersección,Otro,Buena,Nocturna,Otro,Otro,S/D,Colisión,Otro,Faltante,Ninguna,Sin restricción
2018,9538,2018-10-08,Lunes,0,14:00:00,,0.0,2,"Pickup/Utilitario,Moto/Ciclomotor",Mariano Comas Y San Jeronimo,2,0,0,0,0,1,1,"-31.63264,-60.7039",Calle,,SANTA FE,La Capital,Asfalto,No existe,I,Dentro,Urbana,Ninguna,No existe,Intersección,Bueno,S/D,Diurna,S/D,Lateral,S/D,Colisión,Ninguna,Faltante,Ninguna,Sin restricción
2018,9539,2018-09-19,Miercoles,0,08:00:00,,0.0,2,"Otros,Otros",Av Almte Brown Y Espora,2,0,0,0,0,0,2,"-31.609214, -60.666960",Avenida,,SANTA FE,La Capital,Asfalto,No existe,I,Dentro,Urbana,Paso Peatonal,No existe,Intersección,Otro,Buena,Diurna,Otro,Otro,S/D,Colisión,Otro,Horizontal,Ninguna,Sin restricción
2018,9540,2018-09-07,Viernes,0,13:50:00,Ruta Nacional 9,0.0,2,"Pickup/Utilitario,Moto/Ciclomotor",Cochet Y Ruta Nacional 9,2,1,0,0,1,0,0,"-32.922420, -60.806051",Ruta,9,FUNES,Rosario,Asfalto,No existe,II,Dentro,Urbana,Ninguna,No existe,Intersección,Bueno,Buena,Diurna,Buen Tiempo,S/D,S/D,Colisión,Ninguna,Horizontal,Línea divisoria pintada,Sin restricción
2018,9541,2018-09-27,Jueves,0,19:20:00,,0.0,2,"Automóvil,Moto/Ciclomotor",Av A del Valle Y Callejon Funes,2,0,0,0,0,0,2,"-31.584989, -60.690725",Avenida,,SANTA FE,La Capital,Asfalto,No existe,I,Dentro,Urbana,Ninguna,No existe,Intersección,Otro,Reducida,Diurna,Otro,Otro,S/D,Colisión,Otro,Faltante,Cordón divisorio,Sin restricción
2018,9542,2018-10-14,Domingo,0,03:00:00,Ruta Nacional 11,369.4,2,"Automóvil,Automóvil", ,3,1,1,0,0,1,0,"-32.42031,-60.91138",Ruta,11,MACIEL,San Jerónimo,Asfalto,Natural,XV,Dentro,Urbana,Ninguna,No existe,Recta,Bueno,S/D,Nocturna,S/D,Frontal,S/D,Colisión,Ninguna,Faltante,Ninguna,Sin restricción
2018,9543,2018-09-27,Jueves,0,15:00:00,,0.0,2,"Automóvil,Moto/Ciclomotor",Candioti Y Reg 12 de Infanteria,4,0,0,0,0,0,4,"-31.599886, -60.684491",Calle,,SANTA FE,La Capital,Asfalto,No existe,I,Dentro,Urbana,Ninguna,No existe,Intersección,Otro,Reducida,Diurna,Otro,Otro,S/D,Colisión,Otro,Faltante,Ninguna,Sin restricción
2018,9544,2018-09-10,Lunes,0,14:35:00,Ruta Secundaria 34-s,0.0,3,"Automóvil,Automóvil,Automóvil",Galindo Y Av Fuerza Aerea,3,1,0,0,2,0,0,"-32.929382, -60.820160",Ruta,34-s,FUNES,Rosario,Asfalto,No existe,II,Dentro,Urbana,Ninguna,No existe,Intersección,Bueno,Buena,Diurna,Buen Tiempo,Múltiple,S/D,Colisión,Ninguna,Faltante,Ninguna,Sin restricción
2018,9545,2018-09-27,Jueves,0,14:10:00,,0.0,2,"Pickup/Utilitario,Bicicleta",Av A del Valle 7800,2,0,0,0,0,0,2,"-31.595398866719, -60.691845148084",Avenida,,SANTA FE,La Capital,Asfalto,No existe,I,Dentro,Urbana,Ninguna,No existe,Recta,Otro,Buena,Diurna,Otro,S/D,Ciclista,Atropello,Otro,Faltante,Ninguna,Sin restricción
2018,9546,2018-10-26,Viernes,0,18:15:00,Ruta Nacional 34,0.0,2,"Moto/Ciclomotor,Camión",Calle 5 ,2,0,0,0,0,1,1,"-31.21291,-61.4973",Ruta,34,RAFAELA,Castellanos,Asfalto,Natural,V,Dentro,Urbana,Ninguna,No existe,Recta,Bueno,S/D,Diurna,S/D,S/D,S/D,Colisión,Ninguna,Faltante,Ninguna,Sin restricción
2018,9547,2018-09-20,Jueves,0,14:00:00,,0.0,2,"Automóvil,Moto/Ciclomotor",Reg 12 de Infanteria Y Riobamba,2,0,0,0,0,0,2,"-31.603811, -60.666561",Calle,,SANTA FE,La Capital,Asfalto,No existe,I,Dentro,Urbana,Ninguna,No existe,Intersección,Otro,Buena,Diurna,Otro,Otro,S/D,Colisión,Otro,Faltante,Ninguna,Sin restricción
2018,9548,2018-09-14,Viernes,0,09:10:00,Ruta Nacional 9,0.0,4,"Moto/Ciclomotor,Automóvil,Automóvil,Automóvil",Cochet Y Ruta Nacional 9,6,1,0,0,5,0,0,"-32.922418, -60.806048",Ruta,9,FUNES,Rosario,Asfalto,No existe,II,Dentro,Urbana,Ninguna,No existe,Intersección,Bueno,Buena,Diurna,Buen Tiempo,Múltiple,S/D,Colisión,Ninguna,Horizontal,Línea divisoria pintada,Sin restricción
2018,9550,2018-09-20,Jueves,0,18:45:00,,0.0,2,"Automóvil,Moto/Ciclomotor",Ayacucho Y Avellaneda,2,2,0,0,0,0,0,"-33.011629, -60.635638",Calle,,SANTA FE,La Capital,Asfalto,No existe,I,Dentro,Urbana,Ninguna,No existe,Intersección,Bueno,Buena,Diurna,Otro,Otro,S/D,Colisión,Otro,Faltante,Ninguna,Sin restricción
2018,9551,2018-10-17,Miercoles,0,18:35:00,Ruta Nacional 8,0.0,2,"Camión,Bicicleta",Nicolas Avellaneda Y Bv 12 de octubre,2,0,0,0,1,1,0,"-33.7444,-61.9823",Ruta,8,VENADO TUERTO,General López,Asfalto,No existe,VIII,Dentro,Urbana,Ninguna,Funciona,Intersección,Bueno,S/D,S/D,S/D,S/D,Ciclista,Atropello,Ninguna,"Horizontal,Vertical",Cordón divisorio,Sin restricción
2018,9552,2018-09-04,Martes,0,19:30:00,Ruta Secundaria 34-s,0.0,2,"Bicicleta,Automóvil",Peron Y Montevideo,3,1,0,0,2,0,0,"-32.914204, -60.806640",Ruta,34-s,FUNES,Rosario,Asfalto,No existe,II,Dentro,Urbana,Ninguna,No existe,Intersección,Bueno,Reducida,"Nocturna,Con luz artificial",Buen Tiempo,S/D,Ciclista,Atropello,Ninguna,Faltante,Ninguna,Sin restricción
2018,9553,2018-10-16,Martes,0,01:10:00,Ruta Provincial 39,0.0,1,Pickup/Utilitario, ,5,4,0,0,0,1,0,"-30.28893,-61.29705",Ruta,39,SAN CRISTÓBAL,San Cristóbal,Asfalto,Natural,XIII,Dentro,Rural,Ninguna,No existe,Recta,Bueno,S/D,Nocturna,S/D,S/D,S/D,Vuelco,Ninguna,Faltante,Ninguna,Sin restricción
2018,9554,2018-10-28,Domingo,0,00:30:00,Ruta Nacional 11,922.0,2,"Moto/Ciclomotor,Moto/Ciclomotor", ,2,1,0,0,0,1,0,"-28.07407,-59.22916",Ruta,11,FLORENCIA,General Obligado,Asfalto,Natural,IX,Dentro,Rural,Ninguna,No existe,Curva,Bueno,S/D,Nocturna,S/D,Frontal,S/D,Colisión,Ninguna,Faltante,Ninguna,Sin restricción
2018,9555,2018-10-19,Viernes,0,15:45:00,,0.0,2,"Tren,Peatón",Av. Francia 4300,2,0,0,0,1,1,0,"-32.98215,-60.67578",Calle,,ROSARIO,Rosario,Asfalto,No existe,II,Dentro,Urbana,Marca Vial,No existe,Paso a Nivel FFCC,Bueno,S/D,Diurna,S/D,S/D,Peatón,Atropello,Ninguna,Faltante,Ninguna,Sin restricción
2018,9556,2018-11-14,Miercoles,0,19:00:00,,0.0,2,"Automóvil,Automóvil",Humberto Primo Y Gral Manuel Belgrano,3,1,0,0,2,0,0,"-33.15983, -60.50895",Calle,,ARROYO SECO,Rosario,Asfalto,S/D,II,S/D,Urbana,Ninguna,No existe,Intersección,"Con baches,Ahuellamiento",Reducida,Atardecer,Buen Tiempo,Lateral,S/D,Colisión,Ninguna,Faltante,Ninguna,Sin restricción
2018,9557,2018-11-09,Viernes,0,09:00:00,Ruta Secundaria 26-s,9.0,1,Automóvil, ,1,1,0,0,0,0,0,"-33.19649, -60.58301",Ruta,26-s,ALBARELLOS,Rosario,Asfalto,Natural,II,Fuera,Rural,Ninguna,No existe,Curva,Bueno,Buena,Con luz artificial,Buen Tiempo,Lateral,S/D,Vuelco,Ninguna,Horizontal,Ninguna,Reparación de Vía
2018,9558,2018-11-10,Sabado,0,12:55:00,,0.0,2,"Moto/Ciclomotor,Automóvil",Av 9 de Julio Y Av Belgrano,2,1,0,0,1,0,0,"-32.99704, -60.77046",Avenida,,PÉREZ,Rosario,Asfalto,No existe,II,S/D,Urbana,Ninguna,No existe,Intersección,Otro,Buena,Diurna,Otro,Lateral,S/D,Colisión,Ninguna,Faltante,Ninguna,Sin restricción
2018,9559,2018-11-16,Viernes,0,20:20:00,,0.0,2,"Moto/Ciclomotor,Automóvil",Yapeyu Y Rivadavia,2,0,1,0,1,0,0,"-32.99846, -60.768",Calle,,PÉREZ,Rosario,Asfalto,Natural,II,Dentro,Urbana,Ninguna,No existe,Recta,Bueno,Buena,"Nocturna,Con luz artificial",Buen Tiempo,Frontal,S/D,Colisión,Ninguna,Horizontal,Ninguna,Sin restricción
2018,9560,2018-11-20,Martes,0,07:50:00,,0.0,2,"Automóvil,Automóvil",3 de Febrero Y Morris W,2,1,0,0,1,0,0,"-32.743861111111,-60.74475",Calle,,SAN LORENZO,San Lorenzo,S/D,S/D,XVII,Dentro,Urbana,Ninguna,S/D,Intersección,S/D,S/D,Diurna,Buen Tiempo,S/D,S/D,Colisión,S/D,S/D,S/D,Sin restricción
2018,9561,2018-11-09,Viernes,0,10:50:00,,0.0,2,"Bicicleta,Automóvil",Salvador Caputo Y Dr Zavalla,2,0,0,0,0,0,2,"-31.637138888889,-60.717611111111",Calle,,SANTA FE,La Capital,Asfalto,No existe,I,Dentro,Urbana,Ninguna,Funciona,Recta,Bueno,Buena,Diurna,Buen Tiempo,S/D,Ciclista,Atropello,Ninguna,Vertical,Ninguna,Sin restricción
2018,9562,2018-11-15,Jueves,0,00:20:00,,0.0,2,"Moto/Ciclomotor,Moto/Ciclomotor",Dr Zavalla Y Salvador Caputo,2,0,0,0,0,0,2,"-31.637153163299, -60.717621269426",Calle,,SANTA FE,La Capital,Asfalto,No existe,I,Dentro,Urbana,Ninguna,Funciona,Recta,Bueno,Buena,Nocturna,Buen Tiempo,Otro,S/D,Colisión,Ninguna,Vertical,Ninguna,Sin restricción
2018,9563,2018-11-12,Lunes,0,00:30:00,,0.0,2,"Automóvil,Bicicleta",Mendoza 4200,2,0,0,0,0,0,2,"-31.643833333333,-60.727944444444",Calle,,SANTA FE,La Capital,Asfalto,No existe,I,S/D,Urbana,Ninguna,Funciona,Recta,Bueno,Buena,Nocturna,Buen Tiempo,S/D,Ciclista,Atropello,Ninguna,Vertical,Ninguna,Sin restricción
2018,9564,2018-11-09,Viernes,0,22:20:00,,0.0,2,"Moto/Ciclomotor,Automóvil",Bv Pellegrini Y Av Lopez y Planes,2,0,0,0,0,0,2,"-31.633138888889,-60.715027777778",Calle,,SANTA FE,La Capital,Asfalto,No existe,I,Dentro,Urbana,Ninguna,Funciona,Recta,Bueno,Buena,Nocturna,Buen Tiempo,Otro,S/D,Colisión,Ninguna,Vertical,Ninguna,Sin restricción
2018,9565,2018-11-02,Viernes,0,16:00:00,,0.0,2,"Automóvil,Automóvil",Italia Y Coulin,2,1,0,0,1,0,0,"-32.98999, -60.6593",Calle,,ROSARIO,Rosario,Asfalto,S/D,II,Dentro,Urbana,Ninguna,S/D,Intersección,Bueno,Buena,Diurna,Buen Tiempo,Otro,S/D,Colisión,Ninguna,Faltante,Ninguna,Sin restricción
2018,9566,2018-11-24,Sabado,0,20:30:00,Ruta Nacional A012,41.0,2,"Automóvil,Automóvil", ,3,3,0,0,0,0,0,"-32.91271, -60.89612",Ruta,A012,ROLDÁN,San Lorenzo,"Asfalto,Tierra",Natural,XVII,S/D,Urbana,S/D,No existe,Intersección,Bueno,Buena,"Nocturna,Con luz artificial",Buen Tiempo,Lateral,S/D,Colisión,Ninguna,Faltante,Ninguna,Sin restricción
2018,9567,2018-11-09,Viernes,0,19:20:00,Ruta Nacional 9,0.0,2,"Automóvil,Moto/Ciclomotor",Ruta Nacional 9 Y Echeverria,4,2,0,0,2,0,0,"-32.92327, -60.79347",Ruta,9,FUNES,Rosario,Asfalto,S/D,II,S/D,Urbana,S/D,S/D,Intersección,S/D,S/D,S/D,Buen Tiempo,S/D,S/D,Colisión,S/D,S/D,S/D,S/D
2018,9568,2018-11-22,Jueves,0,17:15:00,Autopista Provincial Brigadier E.López,15.0,1,Pickup/Utilitario, ,1,1,0,0,0,0,0,"-32.7503, -60.7583",Autopista,Brigadier E.López,SAN LORENZO,San Lorenzo,Asfalto,Ripio,XVII,S/D,Rural,S/D,No existe,Recta,S/D,S/D,Diurna,S/D,S/D,S/D,Despiste,S/D,S/D,S/D,S/D
2018,9569,2018-11-05,Lunes,0,20:15:00,,0.0,2,"Moto/Ciclomotor,Automóvil",Av. Bermudez Y Av. Battle y Ordo?ez,3,2,0,0,1,0,0,"-33.00875,-60.642305555556",Calle,,ROSARIO,Rosario,Asfalto,No existe,II,Dentro,Urbana,Ninguna,No existe,Intersección,Bueno,Buena,Nocturna,Buen Tiempo,Lateral,S/D,Colisión,Ninguna,Faltante,Ninguna,Sin restricción
2018,9570,2018-11-13,Martes,0,13:20:00,,0.0,2,"Pickup/Utilitario,Moto/Ciclomotor",Hipolito Irigoyen Y Rioja,2,1,0,0,1,0,0,"-32.93044, -60.81212",Calle,,FUNES,Rosario,Asfalto,No existe,II,Dentro,Urbana,S/D,S/D,Intersección,Bueno,Buena,Diurna,Buen Tiempo,S/D,S/D,Colisión,Ninguna,S/D,S/D,Sin restricción
2018,9571,2018-11-23,Viernes,0,17:10:00,,0.0,2,"Moto/Ciclomotor,Automóvil",G Araoz de Lamadrid Y D Gurel,2,1,0,0,1,0,0,"-32.775388888889,-60.734055555556",Calle,,SAN LORENZO,San Lorenzo,S/D,S/D,XVII,S/D,Urbana,S/D,S/D,Otro,S/D,S/D,Diurna,Otro,S/D,S/D,Colisión,S/D,Faltante,S/D,S/D
2018,9572,2018-11-24,Sabado,0,14:20:00,,0.0,2,"Automóvil,Moto/Ciclomotor",9 de Julio Y Islas Malvinas,5,0,0,0,0,0,5,"-32.737194444444,-60.741722222222",Calle,,SAN LORENZO,San Lorenzo,S/D,S/D,XVII,S/D,Urbana,S/D,S/D,S/D,S/D,S/D,S/D,S/D,S/D,S/D,Colisión,S/D,S/D,S/D,S/D
2018,9573,2018-11-14,Miercoles,0,15:50:00,,0.0,2,"Pickup/Utilitario,Automóvil",Alberdi 2700,2,1,0,0,1,0,0,"-32.92685,-60.81782",Calle,,FUNES,Rosario,Asfalto,No existe,II,Dentro,Urbana,S/D,S/D,Recta,Bueno,Buena,Diurna,Buen Tiempo,S/D,S/D,Colisión,Ninguna,S/D,S/D,Sin restricción
2018,9574,2018-11-03,Sabado,0,12:50:00,,0.0,2,"Moto/Ciclomotor,Moto/Ciclomotor",Ayacucho Y Caupolican,2,1,0,0,1,0,0,"-33.009527777778,-60.63575",Calle,,ROSARIO,Rosario,Asfalto,No existe,II,Dentro,Urbana,Ninguna,No existe,Intersección,Bueno,Buena,Diurna,Buen Tiempo,Lateral,S/D,Colisión,Ninguna,Faltante,Ninguna,Sin restricción
2018,9575,2018-11-01,Jueves,0,10:00:00,,0.0,2,"Moto/Ciclomotor,Pickup/Utilitario",Ayacucho Y Riobamba,3,1,0,0,2,0,0,"-32.965027777778,-60.631055555556",Calle,,ROSARIO,Rosario,Asfalto,No existe,II,Dentro,Urbana,Ninguna,No existe,Intersección,Bueno,Buena,Diurna,Buen Tiempo,Lateral,S/D,Colisión,Ninguna,Faltante,Ninguna,Sin restricción
2018,9576,2018-11-16,Viernes,0,08:10:00,,0.0,2,"Pickup/Utilitario,Automóvil",Jorge Newbery Y Pedro Rios,6,2,0,0,4,0,0,"-32.92155, -60.78184",Calle,,FUNES,Rosario,Asfalto,S/D,II,Dentro,Urbana,S/D,S/D,Intersección,Bueno,Buena,Diurna,Buen Tiempo,S/D,S/D,Colisión,Ninguna,S/D,S/D,Sin restricción
2018,9577,2018-11-20,Martes,0,19:00:00,,0.0,2,"Automóvil,Moto/Ciclomotor",Av. Belgrano ,2,1,0,0,1,0,0,"-32.9526, -60.62656",Calle,,ROSARIO,Rosario,Asfalto,S/D,II,Dentro,Urbana,Semáforo,No existe,S/D,S/D,S/D,Atardecer,S/D,S/D,S/D,Colisión,S/D,S/D,S/D,S/D
2018,9578,2018-11-24,Sabado,0,02:50:00,,0.0,2,"Moto/Ciclomotor,Automóvil",Av. Pellegrini Y J.M.de Rosas,2,1,0,0,0,0,1,"-32.958638888889,-60.634027777778",Avenida,,ROSARIO,Rosario,S/D,S/D,II,S/D,Urbana,S/D,Funciona,Intersección,S/D,S/D,"Nocturna,Con luz artificial",S/D,S/D,S/D,Colisión,S/D,S/D,S/D,S/D
2018,9579,2018-11-15,Jueves,0,20:00:00,,0.0,2,"Moto/Ciclomotor,Moto/Ciclomotor",Nicolas Rodriguez Pe?a Y Islas Malvinas,2,2,0,0,0,0,0,"-31.666416666667,-60.727777777778",Calle,,SANTA FE,La Capital,Asfalto,No existe,I,Dentro,Urbana,Ninguna,No existe,Recta,Bueno,Buena,Nocturna,Buen Tiempo,Frontal,S/D,Colisión,Ninguna,S/D,Ninguna,Sin restricción
2018,9580,2018-11-04,Domingo,0,16:00:00,,0.0,2,"Moto/Ciclomotor,Automóvil",Bv. Segui Y Espa?a,3,1,1,0,1,0,0,"-32.977527777778,-60.654722222222",Calle,,ROSARIO,Rosario,Asfalto,Pavimento,II,S/D,Urbana,S/D,Funciona,Intersección,Bueno,Buena,Diurna,Buen Tiempo,Lateral,S/D,Colisión,Ninguna,Vertical,Ninguna,Sin restricción
2018,9581,2018-11-15,Jueves,0,14:00:00,,0.0,2,"Bicicleta,Transporte de Pasajeros Urbano (> 8 asientos)",Nicolas Rodriguez Pe?a Y Islas Malvinas,2,1,0,0,1,0,0,"-31.666416666667,-60.727777777778",Calle,,SANTA FE,La Capital,Asfalto,No existe,I,Dentro,Urbana,Ninguna,No existe,Recta,Bueno,Buena,Diurna,Buen Tiempo,S/D,Ciclista,Atropello,Ninguna,Faltante,Ninguna,Sin restricción
2018,9582,2018-11-03,Sabado,0,16:54:00,,0.0,2,"Moto/Ciclomotor,Automóvil",Laprida Y Garibaldi,2,2,0,0,0,0,0,"-32.986666666667,-60.644194444444",S/D,,ROSARIO,Rosario,Asfalto,No existe,II,S/D,S/D,Ninguna,No existe,Intersección,Bueno,Buena,Diurna,Buen Tiempo,Lateral,S/D,Colisión,Ninguna,Faltante,Ninguna,Sin restricción
2018,9583,2018-11-09,Viernes,0,20:30:00,Ruta Provincial 14,23.0,2,"Pickup/Utilitario,Camión c / Acoplado",9 de Julio - Ruta Pcial 14 ,3,1,0,0,2,0,0,"-33.18035, -60.90491",Ruta,14,PUEBLO MUÑOZ,Rosario,Asfalto,Natural,II,S/D,Rural,S/D,No existe,Recta,Bueno,Reducida,Nocturna,S/D,De alcance,S/D,Colisión,S/D,S/D,Ninguna,S/D
2018,9584,2018-11-05,Lunes,0,12:20:00,,0.0,2,"Automóvil,Moto/Ciclomotor",Callao Y Sarmiento,2,1,0,0,1,0,0,"-32.94983, -60.6391",S/D,,ROSARIO,Rosario,Asfalto,No existe,II,S/D,S/D,Ninguna,No existe,Intersección,Bueno,Buena,Diurna,Buen Tiempo,Lateral,S/D,Colisión,Ninguna,Faltante,Ninguna,Sin restricción
2018,9585,2018-11-10,Sabado,0,01:50:00,,0.0,1,Moto/Ciclomotor,Av 7 Jefes Y Pedro Centeno,1,1,0,0,0,0,0,"-31.631916666667,-60.679472222222",Avenida,,SANTA FE,La Capital,Asfalto,No existe,I,Dentro,Urbana,S/D,No existe,Intersección,Bueno,S/D,Nocturna,S/D,Contra objeto fijo,S/D,Colisión,S/D,S/D,S/D,S/D