anio_acci,nro_acci,fecha,desc_dia,fecha_aprox,hora_aprox,desc_ruta,km,cant_participantes,desc_participante,calle_avenida_km,total,heridos_leves,heridos_graves,heridos_gravisimos,ilesos,fallecidos,sin_datos,posicion_XY,desc_tipo_via,desc_ruta_ori,desc_loc,desc_dpto,desc_tipo_calzada,desc_tipo_banquina,desc_unidad_regional,desc_lugar_calzada,desc_zona,desc_prioridad,desc_estado_semaforo,desc_lugar_via,desc_estado_via,desc_estado_visibilidad,desc_luminosidad,desc_estado_clima,desc_tipo_colision,desc_tipo_atropello,desc_tipo_hecho,desc_pres_calzada,desc_senializacion,desc_separacion_via,desc_restriccion
2018,9586,2018-11-13,Martes,0,,,0.0,2,"Automóvil,Automóvil",Bv GÁLVEZ Y Avellaneda,2,0,0,0,1,0,1,"-31.638916666667,-60.688055555556",Avenida,,SANTA FE,La Capital,Asfalto,No existe,I,Dentro,Urbana,S/D,Funciona,Intersección,Bueno,S/D,S/D,S/D,Lateral,S/D,Colisión,S/D,S/D,S/D,S/D
2018,9587,2018-11-24,Sabado,0,13:35:00,Ruta Provincial 21,34.0,2,"Moto/Ciclomotor,Transporte de Pasajeros Urbano (> 8 asientos)", ,4,0,1,0,3,0,0,"-33.25388, -60.3757",Ruta,21,EMPALME VILLA CONSTITUCIÓN,Constitución,Asfalto,Natural,VI,Dentro,Urbana,Ninguna,No existe,Intersección,Bueno,Buena,Diurna,Buen Tiempo,De alcance,S/D,Colisión,Ninguna,Faltante,Línea divisoria pintada,Sin restricción
2018,9588,2018-11-06,Martes,0,09:20:00,,0.0,2,"Automóvil,Moto/Ciclomotor",Bv. Segui Y Av. Corrientes,2,1,0,0,1,0,0,"-32.97825,-60.650583333333",S/D,,ROSARIO,Rosario,Asfalto,No existe,II,S/D,S/D,Ninguna,No existe,Intersección,Bueno,Buena,Diurna,Buen Tiempo,Lateral,S/D,Colisión,Ninguna,Faltante,Ninguna,Sin restricción
2018,9589,2018-11-13,Martes,0,,,0.0,2,"Automóvil,Moto/Ciclomotor",Alberdi Y Maipu,3,2,0,0,1,0,0,"-31.636027777778,-60.691666666667",Calle,,SANTA FE,La Capital,Asfalto,No existe,I,Dentro,Urbana,S/D,No existe,Intersección,Bueno,S/D,S/D,S/D,Lateral,S/D,Colisión,S/D,S/D,S/D,S/D
2018,9590,2018-11-06,Martes,0,20:45:00,Ruta Provincial 2,0.0,2,"Automóvil,Moto/Ciclomotor",Ruta Provincial 5 ,2,1,0,0,1,0,0,"-31.5396, -60.68852",Ruta,2,MONTE VERA,La Capital,Hormigón,Natural,I,S/D,Rural,Ninguna,No existe,Recta,Bueno,Buena,"Nocturna,Con luz artificial",Buen Tiempo,Lateral,S/D,Colisión,S/D,S/D,Guardarrail,Sin restricción
2018,9591,2018-11-23,Viernes,0,14:30:00,,0.0,2,"Automóvil,Pickup/Utilitario",San Juan Y Carriego,12,3,4,0,5,0,0,"-32.941111111111,-60.689611111111",Calle,,ROSARIO,Rosario,S/D,S/D,II,Dentro,Urbana,Semáforo,Funciona,Intersección,Bueno,S/D,Diurna,S/D,S/D,S/D,Colisión,S/D,S/D,S/D,S/D
2018,9592,2018-11-24,Sabado,0,19:30:00,,0.0,2,"Moto/Ciclomotor,Moto/Ciclomotor",Iriondo Y Rawson,3,3,0,0,0,0,0,"-32.827166666667,-61.394972222222",Calle,,CAÑADA DE GÓMEZ,Iriondo,Asfalto,No existe,X,S/D,Urbana,Ninguna,No existe,Recta,Bueno,Buena,Atardecer,Buen Tiempo,Lateral,S/D,Colisión,Ninguna,Vertical,Ninguna,Sin restricción
2018,9593,2018-11-13,Martes,0,00:20:00,Ruta Provincial 2,0.0,1,Camión c / Acoplado,Ruta 2 ,1,1,0,0,0,0,0,"-30.27022, -61.21746",Ruta,2,SAN CRISTÓBAL,San Cristóbal,Hormigón,Natural,I,Dentro,Rural,Ninguna,No existe,Recta,Bueno,Reducida,Nocturna,Lluvia,Lateral,S/D,Vuelco,Agua,Faltante,Ninguna,Sin restricción
2018,9594,2018-11-11,Domingo,0,08:50:00,,0.0,2,"Moto/Ciclomotor,Pickup/Utilitario",4 de Enero Y Eva Peron,2,0,1,0,1,0,0,"-31.643527777778,-60.711083333333",Calle,,SANTA FE,La Capital,Asfalto,No existe,I,S/D,Urbana,Policía de tránsito,No existe,Intersección,Bueno,Buena,Nocturna,Otro,S/D,S/D,Colisión,Ninguna,Vertical,Ninguna,Sin restricción
2018,9595,2018-11-01,Jueves,0,15:55:00,Ruta Provincial 2,0.0,2,"Automóvil,Moto/Ciclomotor",Ruta Provincial 5 ,3,2,0,0,1,0,0,"-31.5396, -60.68852",Ruta,2,MONTE VERA,La Capital,Hormigón,Natural,I,Dentro,Rural,Ninguna,No existe,Cruce,Bueno,Buena,Diurna,Buen Tiempo,De alcance,S/D,Colisión,Ninguna,S/D,Guardarrail,Sin restricción
2018,9596,2018-11-24,Sabado,0,20:30:00,,0.0,2,"Moto/Ciclomotor,Moto/Ciclomotor",Nicaragua Y Bolivia,3,0,3,0,0,0,0,"-32.823638888889,-61.404694444444",Calle,,CAÑADA DE GÓMEZ,Iriondo,Asfalto,No existe,X,S/D,Urbana,S/D,No existe,Intersección,Bueno,Buena,Nocturna,Buen Tiempo,S/D,S/D,Colisión,Ninguna,Horizontal,Ninguna,Sin restricción
2018,9597,2018-11-04,Domingo,0,20:00:00,Ruta Provincial 1,0.0,1,Automóvil,Calle 112 ,3,2,0,0,1,0,0,"-31.52753, -60.48179",Ruta,1,ARROYO LEYES,La Capital,Tierra,Natural,I,Dentro,Rural,Marca Vial,No existe,Recta,Bueno,Buena,Nocturna,Buen Tiempo,Atropello animal,S/D,Despiste,Ninguna,Faltante,Línea divisoria pintada,Sin restricción
2018,9598,2018-11-24,Sabado,0,23:40:00,,0.0,1,Moto/Ciclomotor,Av. Santa Fe Y R. Rojas,2,1,0,0,1,0,0,"-32.807944444444,-61.408361111111",Calle,,CAÑADA DE GÓMEZ,Iriondo,Asfalto,Pavimento,X,Dentro,Urbana,S/D,No existe,Intersección,Bueno,Buena,Nocturna,Buen Tiempo,S/D,S/D,Despiste,S/D,S/D,Ninguna,Sin restricción
2018,9599,2018-11-07,Miercoles,0,23:55:00,Ruta Nacional 168,0.0,2,"Moto/Ciclomotor,Moto/Ciclomotor", ,2,1,0,0,1,0,0,"-31.62281, -60.59815",Ruta,168,COLASTINE,La Capital,Asfalto,Natural,I,Dentro,Urbana,Ninguna,No existe,Recta,Bueno,Buena,Nocturna,Buen Tiempo,Lateral,S/D,Colisión,Ninguna,Vertical,Línea divisoria pintada,Sin restricción
2018,9600,2018-11-27,Martes,0,16:00:00,,0.0,2,"Automóvil,Moto/Ciclomotor",Bv. Balcarce Y Alvear,2,0,1,0,1,0,0,"-32.819888888889,-61.405222222222",Calle,,CAÑADA DE GÓMEZ,Iriondo,Asfalto,No existe,X,Dentro,Urbana,Ninguna,No existe,Intersección,Bueno,Buena,Diurna,Buen Tiempo,Lateral,S/D,Colisión,S/D,Vertical,Cordón divisorio,Sin restricción
2018,9601,2018-11-05,Lunes,0,18:10:00,,0.0,2,"Automóvil,Moto/Ciclomotor",Av. Eudoro Carrasco Y Ricardo Nu?ez,2,1,0,0,1,0,0,"-32.884361111111,-60.688083333333",Avenida,,ROSARIO,Rosario,Asfalto,No existe,II,Dentro,Urbana,Ninguna,No existe,Recta,Bueno,Buena,Diurna,Buen Tiempo,Lateral,S/D,Colisión,Ninguna,S/D,S/D,Sin restricción
2018,9602,2018-11-24,Sabado,0,13:10:00,,0.0,2,"Moto/Ciclomotor,Automóvil",Av. Ovidio Lagos Y Cordoba,2,1,0,0,0,0,1,"-32.94225,-60.661444444444",Calle,,ROSARIO,Rosario,S/D,S/D,II,S/D,Urbana,S/D,S/D,Intersección,S/D,S/D,Diurna,S/D,S/D,S/D,Colisión,S/D,S/D,S/D,S/D
2018,9603,2018-11-05,Lunes,0,11:05:00,,0.0,2,"Peatón,Taxi/Remis",Av. Irigoyen Y Darragueira,2,1,0,0,1,0,0,"-32.884527777778,-60.697027777778",Calle,,ROSARIO,Rosario,Asfalto,No existe,II,Dentro,Urbana,Señal Pare,No existe,Intersección,Bueno,Buena,Diurna,Buen Tiempo,S/D,Peatón,Atropello,Ninguna,Vertical,Ninguna,Sin restricción
2018,9604,2018-11-22,Jueves,0,16:00:00,,0.0,2,"Automóvil,Peatón",Av. Pellegrini Y Necochea,3,1,0,0,2,0,0,"-32.959694444444,-60.626888888889",Calle,,ROSARIO,Rosario,S/D,S/D,II,S/D,Urbana,S/D,S/D,Intersección,S/D,S/D,Diurna,S/D,S/D,Peatón,Atropello,S/D,S/D,S/D,S/D
2018,9605,2018-11-01,Jueves,0,07:50:00,,0.0,2,"Automóvil,Moto/Ciclomotor",Av. Irigoyen Y Varela,2,1,0,0,1,0,0,"-32.884611111111,-60.700416666667",Calle,,ROSARIO,Rosario,Asfalto,No existe,II,Dentro,Urbana,Ninguna,No existe,Intersección,Bueno,Buena,Diurna,Buen Tiempo,Lateral,S/D,Colisión,Ninguna,Faltante,Ninguna,Sin restricción
2018,9606,2018-11-24,Sabado,0,14:10:00,,0.0,2,"Moto/Ciclomotor,Moto/Ciclomotor",Soldado Gomez Y 25 de Mayo,2,2,0,0,0,0,0,"-29.458694444444,-60.221694444444",Calle,,VERA,Vera,Asfalto,No existe,XIX,S/D,Urbana,Ninguna,No existe,Intersección,S/D,Buena,Diurna,Buen Tiempo,Frontal,S/D,Colisión,S/D,Faltante,Ninguna,Sin restricción
2018,9607,2018-11-24,Sabado,0,05:30:00,,0.0,2,"Moto/Ciclomotor,Pickup/Utilitario",Av. Luis Carballo Y Bv. Avellaneda Bis,5,1,0,0,4,0,0,"-32.921972222222,-60.674722222222",Calle,,ROSARIO,Rosario,Asfalto,No existe,II,S/D,Urbana,Semáforo,Funciona,Recta,Bueno,Buena,Amanecer,Buen Tiempo,Otro,S/D,Colisión,Ninguna,Horizontal,Ninguna,Sin restricción
2018,9608,2018-09-20,Jueves,0,18:45:00,,0.0,2,"Automóvil,Moto/Ciclomotor",Ayacucho Y Avellaneda,2,2,0,0,0,0,0,"-31.600562, -60.676803",Calle,,SANTA FE,La Capital,Asfalto,No existe,I,Dentro,Urbana,Ninguna,No existe,Intersección,Otro,Buena,Diurna,Otro,Otro,S/D,Colisión,Otro,Faltante,Ninguna,Sin restricción
2018,9609,2018-09-24,Lunes,0,07:23:00,,0.0,2,"Automóvil,Automóvil",Reg 12 de Infanteria Y Defensa,5,5,0,0,0,0,0,"-31.603610, -60.667619",Calle,,SANTA FE,La Capital,Asfalto,No existe,I,Dentro,Urbana,Ninguna,No existe,Intersección,Otro,Reducida,Diurna,Otro,Lateral,S/D,"Colisión,Vuelco",Ninguna,Faltante,Ninguna,Sin restricción
2018,9610,2018-10-14,Domingo,0,21:20:00,Ruta Provincial 23,30.0,2,"Moto/Ciclomotor,Pickup/Utilitario", ,3,0,0,0,2,1,0,"-30.36555,-61.91131",Ruta,23,SAN GUILLERMO,San Cristóbal,Asfalto,Natural,XIII,Dentro,Urbana,Ninguna,No existe,Recta,Bueno,S/D,Nocturna,S/D,Frontal,S/D,Colisión,Ninguna,Faltante,Línea divisoria pintada,Sin restricción
2018,9611,2018-09-22,Sabado,0,11:25:00,,0.0,2,"Automóvil,Moto/Ciclomotor",Matheu Y 25 de Mayo,2,2,0,0,0,0,0,"-31.593836, -60.690211",Calle,,SANTA FE,La Capital,Asfalto,No existe,I,Dentro,Urbana,Ninguna,No existe,Intersección,Otro,Reducida,Diurna,Otro,Otro,S/D,Colisión,Otro,Faltante,Ninguna,Sin restricción
2018,9612,2018-09-06,Jueves,0,18:00:00,Ruta Nacional 178,0.0,1,Moto/Ciclomotor,Avenida 21 Y Calle 10,1,1,0,0,0,0,0,"-32.681429, -61.526418",Ruta,178,LAS PAREJAS,Belgrano,Asfalto,No existe,III,Dentro,Urbana,Semáforo,Funciona,Intersección,Bueno,Buena,Diurna,Buen Tiempo,S/D,S/D,Vuelco,Ninguna,Vertical,Ninguna,Sin restricción
2018,9613,2018-09-22,Sabado,0,13:40:00,,0.0,2,"Automóvil,Moto/Ciclomotor",Av Gral Paz Y Pje Koch,3,3,0,0,0,0,0,"-31.606023, -60.675960",Avenida,,SANTA FE,La Capital,Asfalto,No existe,I,Dentro,Urbana,Ninguna,No existe,Intersección,Otro,Reducida,Diurna,Otro,Otro,S/D,Colisión,Ninguna,Faltante,Línea divisoria pintada,Sin restricción
2018,9615,2018-10-14,Domingo,0,04:35:00,,0.0,2,"Moto/Ciclomotor,Automóvil",Antonio Podio Y Chacabuco,3,0,0,0,2,1,0,"-31.25128,-61.51227",Calle,,RAFAELA,Castellanos,Asfalto,No existe,V,Dentro,Urbana,Ninguna,No existe,Intersección,Bueno,S/D,Nocturna,S/D,Lateral,S/D,Colisión,Ninguna,Faltante,Ninguna,Sin restricción
2018,9616,2018-09-22,Sabado,0,15:30:00,,0.0,2,"Automóvil,Moto/Ciclomotor",Av A del Valle Y Vieytes,2,2,0,0,0,0,0,"-31.603053, -60.692197",Avenida,,SANTA FE,La Capital,Asfalto,No existe,I,Dentro,Urbana,Ninguna,No existe,Intersección,S/D,Reducida,Diurna,Otro,Otro,S/D,Colisión,Otro,Faltante,Ninguna,Sin restricción
2018,9617,2018-09-04,Martes,0,08:30:00,,0.0,2,"Automóvil,Transporte de Pasajeros Urbano (> 8 asientos)",Av Fuerza Aerea Y Hernandez,2,1,0,0,1,0,0,"-32.930148, -60.842855",Calle,,FUNES,Rosario,Asfalto,No existe,II,Dentro,Urbana,Ninguna,No existe,Intersección,Bueno,Buena,Diurna,Buen Tiempo,De alcance,S/D,Colisión,Ninguna,Faltante,Cordón divisorio,Sin restricción
2018,9618,2018-09-24,Lunes,0,10:55:00,,0.0,2,"Bicicleta,Automóvil",Alvear Y Piedrabuena,2,1,0,0,1,0,0,"-31.588166, -60.682493",Calle,,SANTA FE,La Capital,Asfalto,No existe,I,Dentro,Urbana,Otra Señal,No existe,Intersección,Otro,Buena,Diurna,Otro,S/D,Ciclista,Atropello,Otro,Faltante,Ninguna,Sin restricción
2018,9619,2018-09-22,Sabado,0,21:30:00,,0.0,2,"Automóvil,Moto/Ciclomotor",Matheu ,4,3,0,0,1,0,0,"-31.590264, -60.706271",Calle,,SANTA FE,La Capital,Asfalto,No existe,I,Dentro,Urbana,Ninguna,No existe,Intersección,Bueno,Buena,Diurna,Otro,Otro,S/D,Colisión,Agua,Faltante,Ninguna,Sin restricción
2018,9620,2018-09-05,Miercoles,0,13:40:00,,0.0,2,"Bicicleta,Transporte de Pasajeros Urbano (> 8 asientos)",Santa Fe Y Independencia,2,1,0,0,1,0,0,"-32.895903, -60.906330",Calle,,ROLDÁN,San Lorenzo,Asfalto,No existe,XVII,Dentro,Urbana,Ninguna,No existe,Recta,Bueno,Buena,Diurna,Buen Tiempo,S/D,Ciclista,Atropello,Ninguna,S/D,Ninguna,Sin restricción
2018,9621,2018-09-24,Lunes,0,19:50:00,,0.0,2,"Automóvil,Moto/Ciclomotor",Av Gral Paz Y Pavon,3,1,0,0,2,0,0,"-31.600402, -60.674069",Avenida,,SANTA FE,La Capital,Asfalto,No existe,I,Dentro,Urbana,Ninguna,No existe,Intersección,Otro,Reducida,Atardecer,Otro,Otro,S/D,Colisión,Ninguna,Faltante,Ninguna,Sin restricción
2018,9622,2018-09-06,Jueves,0,10:45:00,Ruta Nacional 9,0.0,2,"Automóvil,Moto/Ciclomotor",Ruta Nacional 9 Y Gral Lopez,3,2,0,0,1,0,0,"-32.920202, -60.818417",Ruta,9,FUNES,Rosario,Asfalto,Pavimento,II,Dentro,Urbana,Ninguna,No existe,Intersección,Bueno,Buena,Diurna,Buen Tiempo,S/D,S/D,Colisión,Ninguna,Horizontal,Línea divisoria pintada,Sin restricción
2018,9623,2018-09-29,Sabado,0,19:00:00,,0.0,2,"Automóvil,Moto/Ciclomotor",Tacuari Y Pavon,3,0,0,0,2,0,1,"-31.600505, -60.673542",Calle,,SANTA FE,La Capital,Asfalto,No existe,I,Dentro,Urbana,Policía de tránsito,No existe,Intersección,Otro,Reducida,Diurna,Otro,Otro,S/D,Otro,Otro,Faltante,Ninguna,Sin restricción
2018,9624,2018-09-07,Viernes,0,08:30:00,,0.0,2,"Automóvil,Automóvil",La Rastra Y Leloir,2,2,0,0,0,0,0,"-32.927570, -60.852620",Calle,,FUNES,Rosario,Asfalto,No existe,II,Dentro,Urbana,Ninguna,No existe,Intersección,Bueno,Buena,Diurna,Buen Tiempo,S/D,S/D,Colisión,Ninguna,Faltante,Ninguna,Sin restricción
2018,9625,2018-09-03,Lunes,0,08:00:00,Ruta Nacional 11,0.0,2,"Peatón,Automóvil",Av Blas Parera Y Diez de Andino,2,1,0,0,1,0,0,"-31.566139, -60.730323",Ruta,11,SANTA FE,La Capital,Asfalto,Natural,I,Dentro,Urbana,Ninguna,No existe,Curva,Bueno,Buena,Diurna,Lluvia,S/D,Peatón,Atropello,Ninguna,Faltante,Guardarrail,Sin restricción
2018,9626,2018-09-05,Miercoles,0,20:05:00,Ruta Nacional 11,0.0,2,"Automóvil,Transporte de Pasajeros Urbano (> 8 asientos)",Av Blas Parera Y Teniente Loza,3,2,0,0,0,0,1,"-31.567727, -60.730107",Ruta,11,SANTA FE,La Capital,Asfalto,Natural,I,Dentro,Urbana,Semáforo,Funciona,Intersección,Con baches,Reducida,Nocturna,Buen Tiempo,De alcance,S/D,Colisión,Otro,Vertical,Guardarrail,Sin restricción
2018,9627,2018-09-07,Viernes,0,11:05:00,,0.0,2,"Automóvil,Moto/Ciclomotor",Bv. Wilde Y Mendoza,2,1,0,0,1,0,0,"-32.939094, -60.738523",Calle,,ROSARIO,Rosario,Asfalto,No existe,II,Dentro,Urbana,Semáforo,Funciona,Recta,Bueno,Buena,Diurna,Buen Tiempo,Frontal,S/D,Colisión,Ninguna,"Horizontal,Vertical",Cordón divisorio,Sin restricción
2018,9628,2018-09-12,Miercoles,0,09:00:00,Ruta Nacional 11,476.0,2,"Moto/Ciclomotor,Pickup/Utilitario",Av Blas Parera ,2,0,1,0,1,0,0,"-31.602674, -60.720780",Ruta,11,SANTA FE,La Capital,Asfalto,Natural,I,Dentro,Urbana,Ninguna,No existe,Intersección,Bueno,Buena,Diurna,Buen Tiempo,De alcance,S/D,Colisión,Otro,Faltante,Ninguna,Sin restricción
2018,9629,2018-09-24,Lunes,0,21:00:00,,0.0,2,"Pickup/Utilitario,Automóvil",Estanislao Zeballos 4400,2,1,0,0,0,0,1,"-31.600415, -60.717835",Calle,,SANTA FE,La Capital,Asfalto,No existe,I,Dentro,Urbana,Ninguna,No existe,Recta,Bueno,Buena,Nocturna,Buen Tiempo,Lateral,S/D,Colisión,Ninguna,Faltante,Ninguna,Sin restricción
2018,9630,2018-09-06,Jueves,0,23:40:00,Autopista Nacional Rosario -Cordoba,300.0,1,Automóvil, ,2,1,0,0,1,0,0,"-32.926302, -60.903170",Autopista,Rosario -Córdoba,ROSARIO,Rosario,Asfalto,Natural,II,Dentro,Urbana,Ninguna,No existe,Recta,Bueno,Buena,Diurna,Buen Tiempo,S/D,S/D,Despiste,Ninguna,Horizontal,"Guardarrail,Línea divisoria pintada",Sin restricción
2018,9631,2018-09-09,Domingo,0,,,0.0,2,"Moto/Ciclomotor,Otros",Javier de la Rosa ,3,1,1,0,0,0,1,"-31.595085, -60.710875",Calle,,SANTA FE,La Capital,"Asfalto,Ripio",No existe,I,Dentro,Urbana,Ninguna,No existe,Intersección,Bueno,Buena,Diurna,Buen Tiempo,Lateral,S/D,Colisión,Ninguna,Faltante,Ninguna,Sin restricción
2018,9632,2018-09-10,Lunes,0,20:55:00,,0.0,2,"Bicicleta,Automóvil",Brasil Y Mendoza,2,1,0,0,1,0,0,"-32.940381, -60.719582",Avenida,,ROSARIO,Rosario,Asfalto,No existe,II,Dentro,Urbana,Semáforo,Funciona,Recta,Bueno,Buena,"Nocturna,Con luz artificial",Buen Tiempo,S/D,Ciclista,Atropello,Ninguna,"Horizontal,Vertical","Cordón divisorio,Línea divisoria pintada",Sin restricción
2018,9633,2018-09-10,Lunes,0,22:45:00,,0.0,2,"Moto/Ciclomotor,Moto/Ciclomotor",Chiclana ,3,1,0,0,1,0,1,"-31.579586, -60.725097",Calle,,SANTA FE,La Capital,Ripio,No existe,I,Dentro,Urbana,Ninguna,No existe,Intersección,Con baches,Buena,Nocturna,Buen Tiempo,Lateral,S/D,Colisión,Ninguna,Faltante,Ninguna,Sin restricción
2018,9634,2018-09-17,Lunes,0,14:00:00,,0.0,2,"Bicicleta,Automóvil",Av. San Jose De Calasanz 8900,2,1,0,0,1,0,0,"-32.940641, -60.752101",Avenida,,ROSARIO,Rosario,Asfalto,No existe,II,Dentro,Urbana,Ninguna,No existe,Recta,Bueno,Buena,Diurna,Buen Tiempo,S/D,Ciclista,Atropello,Ninguna,Faltante,Ninguna,Sin restricción
2018,9635,2018-09-08,Sabado,0,06:00:00,Ruta Nacional 11,0.0,1,Automóvil,Av Blas Parera Y Estanislao Zeballos,2,1,0,0,1,0,0,"-31.599552, -60.721775",Ruta,11,SANTA FE,La Capital,Asfalto,Pavimento,I,Dentro,Urbana,Semáforo,Funciona,Intersección,Bueno,Buena,Amanecer,Buen Tiempo,Contra objeto fijo,S/D,Colisión,Ninguna,"Horizontal,Vertical",Cordón divisorio,Sin restricción
2018,9636,2018-09-24,Lunes,0,15:00:00,,0.0,2,"Peatón,Moto/Ciclomotor",Ituzaingo Y Brasil,2,1,0,0,1,0,0,"-32.952395, -60.719061",Calle,,ROSARIO,Rosario,Asfalto,No existe,II,Dentro,Urbana,Ninguna,No existe,Recta,Bueno,Buena,Diurna,Buen Tiempo,S/D,Peatón,Atropello,Ninguna,Faltante,Ninguna,Sin restricción
2018,9637,2018-09-06,Jueves,0,12:30:00,,0.0,2,"Moto/Ciclomotor,Automóvil",Gorriti 4400,2,1,0,0,1,0,0,"-31.585660, -60.713475",Calle,,SANTA FE,La Capital,Asfalto,No existe,I,Dentro,Urbana,Ninguna,No existe,Recta,Bueno,Buena,Diurna,Buen Tiempo,Otro,S/D,Colisión,Ninguna,Faltante,Cordón divisorio,Sin restricción
2018,9638,2018-09-22,Sabado,0,13:20:00,,0.0,2,"Bicicleta,Automóvil",Donado Y Forest,2,1,0,0,1,0,0,"-32.943917, -60.726844",Calle,,ROSARIO,Rosario,Asfalto,No existe,II,Dentro,Urbana,Ninguna,No existe,Recta,Bueno,Buena,Diurna,Buen Tiempo,S/D,Ciclista,Atropello,Ninguna,Faltante,Ninguna,Sin restricción
2018,9639,2018-09-20,Jueves,0,21:00:00,,0.0,2,"Moto/Ciclomotor,Pickup/Utilitario",Brasil Y Av. Pellegrini,2,1,0,0,1,0,0,"-32.948723, -60.719217",Avenida,,ROSARIO,Rosario,Asfalto,No existe,II,Dentro,Urbana,Ninguna,No existe,Recta,Bueno,Buena,"Nocturna,Con luz artificial",Buen Tiempo,De alcance,S/D,Colisión,Ninguna,Horizontal,Línea divisoria pintada,Sin restricción
2018,9640,2018-09-19,Miercoles,0,20:15:00,,0.0,1,Moto/Ciclomotor,Donado 1200,3,1,0,0,2,0,0,"-32.938615, -60.727076",Calle,,ROSARIO,Rosario,Asfalto,No existe,II,Dentro,Urbana,Ninguna,No existe,Recta,Bueno,Buena,"Nocturna,Con luz artificial",Buen Tiempo,S/D,S/D,Caída ocupante,Ninguna,Faltante,Ninguna,Sin restricción
2018,9641,2018-09-21,Viernes,0,22:30:00,,0.0,1,Otros,Sarratea Bis Y J.J.Paso,1,1,0,0,0,0,0,"-32.921025, -60.741335",Calle,,ROSARIO,Rosario,Asfalto,No existe,II,Dentro,Urbana,Semáforo,Funciona,Intersección,Bueno,Buena,"Nocturna,Con luz artificial",Buen Tiempo,S/D,S/D,Colisión,Ninguna,Vertical,Ninguna,Sin restricción
2018,9642,2018-11-17,Sabado,0,14:50:00,,0.0,2,"Moto/Ciclomotor,Automóvil",Virasoro Y Entre Rios,2,2,0,0,0,0,0,"-32.969416666667,-60.646861111111",Calle,,ROSARIO,Rosario,Asfalto,S/D,II,S/D,Urbana,Semáforo,No funciona,Intersección,Bueno,Buena,Diurna,S/D,S/D,S/D,Colisión,S/D,S/D,S/D,S/D
2018,9643,2018-11-24,Sabado,0,10:00:00,Ruta Provincial 1,9.0,2,"Moto/Ciclomotor,Automóvil", ,2,1,0,0,1,0,0,"-31.58173, -60.55342",Ruta,1,ARROYO LEYES,La Capital,Asfalto,Pavimento,I,Dentro,Urbana,Ninguna,No existe,Recta,Bueno,Buena,Diurna,Buen Tiempo,Otro,S/D,Colisión,S/D,Vertical,Línea divisoria pintada,Accidente Previo
2018,9644,2018-11-02,Viernes,0,18:50:00,,0.0,2,"Automóvil,Moto/Ciclomotor",B. FERNANDEZ MORENO Y COLECTORA DE CIRCUNVALACION,2,1,0,0,1,0,0,"-32.88998, -60.71749",Calle,,ROSARIO,Rosario,Asfalto,No existe,II,Dentro,Urbana,Señal Pare,No existe,Intersección,Bueno,Buena,Diurna,Buen Tiempo,S/D,S/D,Colisión,Ninguna,Vertical,Ninguna,Sin restricción
2018,9645,2018-11-09,Viernes,0,07:30:00,,0.0,2,"Automóvil,Peatón",9 De Julio Y Mitre,2,1,0,0,1,0,0,"-32.953555555556,-60.641416666667",Calle,,ROSARIO,Rosario,S/D,S/D,II,S/D,Urbana,S/D,S/D,Intersección,S/D,S/D,Diurna,S/D,S/D,Peatón,Atropello,S/D,S/D,S/D,S/D
2018,9646,2018-11-24,Sabado,0,12:15:00,Ruta Provincial 1,6.0,2,"Automóvil,Automóvil", ,2,1,0,0,0,0,1,"-31.6023, -60.57386",Ruta,1,SAN JOSÉ DEL RINCÓN,La Capital,Asfalto,S/D,I,Dentro,Urbana,Señal Ceda el Paso,S/D,Recta,Bueno,S/D,S/D,Buen Tiempo,De alcance,S/D,Colisión,Ninguna,"Horizontal,Vertical",Línea divisoria pintada,Accidente Previo
2018,9647,2018-11-04,Domingo,0,18:45:00,,0.0,2,"Automóvil,Moto/Ciclomotor",Mariano Candioti Y Avenida Del Trabajo,3,2,0,0,1,0,0,"-31.67394, -60.75569",Avenida,,SANTO TOMÉ,La Capital,Asfalto,No existe,I,Dentro,Urbana,Ninguna,No existe,Intersección,Bueno,Buena,Atardecer,Buen Tiempo,Lateral,S/D,Colisión,Ninguna,Faltante,Ninguna,Sin restricción
2018,9648,2018-11-21,Miercoles,0,19:00:00,,0.0,2,"Automóvil,Moto/Ciclomotor",Pueyrredon Y Rioja,3,2,0,0,1,0,0,"-32.944111111111,-60.657666666667",Calle,,ROSARIO,Rosario,S/D,S/D,II,S/D,Urbana,S/D,S/D,Intersección,S/D,S/D,Atardecer,S/D,S/D,S/D,Colisión,S/D,S/D,S/D,S/D
2018,9649,2018-11-05,Lunes,0,,,0.0,1,Moto/Ciclomotor,Bv. Oro?o Y Padre R. Giaccone,1,0,1,0,0,0,0,"-33.00836, -60.66449",Avenida,,ROSARIO,Rosario,Asfalto,S/D,II,Dentro,Urbana,S/D,S/D,Intersección,S/D,S/D,S/D,S/D,S/D,S/D,Caída ocupante,S/D,S/D,Cordón divisorio,S/D