anio_acci,nro_acci,fecha,desc_dia,fecha_aprox,hora_aprox,desc_ruta,km,cant_participantes,desc_participante,calle_avenida_km,total,heridos_leves,heridos_graves,heridos_gravisimos,ilesos,fallecidos,sin_datos,posicion_XY,desc_tipo_via,desc_ruta_ori,desc_loc,desc_dpto,desc_tipo_calzada,desc_tipo_banquina,desc_unidad_regional,desc_lugar_calzada,desc_zona,desc_prioridad,desc_estado_semaforo,desc_lugar_via,desc_estado_via,desc_estado_visibilidad,desc_luminosidad,desc_estado_clima,desc_tipo_colision,desc_tipo_atropello,desc_tipo_hecho,desc_pres_calzada,desc_senializacion,desc_separacion_via,desc_restriccion
2018,9650,2018-11-01,Jueves,0,21:45:00,,0.0,1,Moto/Ciclomotor,Av. Battle y Ordo?ez Y Mariano Moreno,1,1,0,0,0,0,0,"-33.00942, -60.66164",Calle,,ROSARIO,Rosario,Asfalto,S/D,II,Dentro,Urbana,S/D,S/D,Intersección,S/D,S/D,"Nocturna,Con luz artificial",S/D,S/D,S/D,Caída ocupante,S/D,S/D,S/D,S/D
2018,9651,2018-11-20,Martes,0,08:00:00,,0.0,2,"Taxi/Remis,Automóvil",Av. Francia Y Tucuman,2,1,0,0,1,0,0,"-32.93687, -60.66428",Avenida,,ROSARIO,Rosario,Asfalto,No existe,II,Dentro,Urbana,Ninguna,No existe,Intersección,Bueno,Buena,Diurna,Buen Tiempo,Lateral,S/D,Colisión,Ninguna,Faltante,Ninguna,Sin restricción
2018,9652,2018-09-06,Jueves,0,00:05:00,Autopista Nacional Rosario -Cordoba,390.0,2,"Camión c / Semirremolque,Camión c / Acoplado", ,2,1,0,0,1,0,0,"-32.773134, -61.815640",Autopista,Rosario -Córdoba,TORTUGAS,Belgrano,Hormigón,Pavimento,III,Dentro,Rural,Marca Vial,No existe,Recta,Bueno,Buena,Nocturna,Buen Tiempo,De alcance,S/D,Colisión,Ninguna,Horizontal,Vegetación,Sin restricción
2018,9653,2018-11-24,Sabado,0,,Autopista Provincial Brigadier E.López,152.0,2,"Automóvil,Moto/Ciclomotor", ,2,1,0,0,1,0,0,"-31.62291, -60.75633",Autopista,Brigadier E.López,SANTO TOMÉ,La Capital,Ripio,No existe,I,S/D,Rural,Ninguna,No existe,Recta,Bueno,Buena,Diurna,Buen Tiempo,Lateral,S/D,Colisión,Ninguna,Faltante,Ninguna,Sin restricción
2018,9654,2018-11-08,Jueves,0,13:30:00,,0.0,2,"Pickup/Utilitario,Moto/Ciclomotor",Espa?a Y Quiroga,2,1,0,0,1,0,0,"-31.49757, -60.73112",Calle,,RECREO,La Capital,Tierra,No existe,I,S/D,Urbana,Ninguna,No existe,Intersección,Otro,Buena,Diurna,Otro,Otro,S/D,Colisión,Ninguna,Faltante,Ninguna,Sin restricción
2018,9655,2018-11-05,Lunes,0,18:00:00,,0.0,2,"Bicicleta,Automóvil",Bv. Segui Y Castellanos,2,1,0,0,1,0,0,"-32.97258, -60.68337",Avenida,,ROSARIO,Rosario,Asfalto,No existe,II,Dentro,Urbana,Ninguna,No existe,Intersección,Bueno,Buena,Atardecer,Buen Tiempo,S/D,Ciclista,Atropello,Ninguna,S/D,Cordón divisorio,Sin restricción
2018,9656,2018-11-24,Sabado,0,20:10:00,,0.0,2,"Automóvil,Moto/Ciclomotor",Tomas Lubary Y 13 de diciembre,3,2,0,0,1,0,0,"-31.69301, -60.789",Calle,,SANTO TOMÉ,La Capital,Ripio,Ripio,I,S/D,Urbana,Ninguna,No existe,Intersección,Bueno,Buena,"Nocturna,Con luz artificial",Buen Tiempo,De alcance,S/D,Colisión,Ninguna,Faltante,Ninguna,Sin restricción
2018,9657,2018-11-21,Miercoles,0,18:30:00,,0.0,2,"Moto/Ciclomotor,Pickup/Utilitario",Virasoro Y San Martin,2,1,0,0,1,0,0,"-32.970138888889,-60.642638888889",Calle,,ROSARIO,Rosario,Asfalto,S/D,II,Dentro,Urbana,S/D,S/D,Recta,Bueno,Buena,Atardecer,Buen Tiempo,Lateral,S/D,Colisión,Ninguna,S/D,S/D,Sin restricción
2018,9658,2018-11-19,Lunes,0,06:10:00,Ruta Provincial 1,84.0,1,Moto/Ciclomotor,Boulevard Ocampo ,1,0,1,0,0,0,0,"-31.10322, -60.09496",Ruta,1,HELVECIA,Garay,Hormigón,No existe,VII,S/D,Urbana,Ninguna,No existe,Intersección,Bueno,Buena,Amanecer,Buen Tiempo,Otro,S/D,Caída ocupante,Ninguna,Faltante,Ninguna,Accidente Previo
2018,9659,2018-11-24,Sabado,0,08:45:00,,0.0,2,"Moto/Ciclomotor,Automóvil",Av. Provincias Unidas 1000,2,1,0,0,1,0,0,"-32.939111111111,-60.712777777778",Avenida,,ROSARIO,Rosario,Asfalto,No existe,II,Dentro,Urbana,Semáforo,Funciona,Intersección,Bueno,Buena,Diurna,Buen Tiempo,Lateral,S/D,Colisión,Ninguna,S/D,Cordón divisorio,Sin restricción
2018,9660,2018-11-02,Viernes,0,14:00:00,,0.0,2,"Moto/Ciclomotor,Automóvil",Av. Eva Peron Y Av. Provincias Unidas,2,0,1,0,0,0,1,"-32.932944444444,-60.713055555556",Avenida,,ROSARIO,Rosario,Asfalto,No existe,II,Dentro,Urbana,Semáforo,Funciona,Intersección,Bueno,Buena,Diurna,Buen Tiempo,Lateral,S/D,Colisión,Ninguna,S/D,Cordón divisorio,Sin restricción
2018,9661,2018-11-21,Miercoles,1,09:50:00,,0.0,2,"Moto/Ciclomotor,Pickup/Utilitario",Cesar M Pittier Y Domingo Faustino Sarmiento,4,1,0,0,3,0,0,"-31.432694444444,-60.926416666667",Calle,,ESPERANZA,Las Colonias,Asfalto,No existe,XI,Dentro,Urbana,Ninguna,No existe,Intersección,S/D,Buena,Diurna,Buen Tiempo,De alcance,S/D,Colisión,Ninguna,Faltante,Ninguna,Sin restricción
2018,9662,2018-11-24,Sabado,0,08:05:00,,0.0,2,"Moto/Ciclomotor,Transporte de Pasajeros Urbano (> 8 asientos)",Estrada Y Don Guanella,2,0,0,1,1,0,0,"-31.595833333333,-60.7165",Calle,,SANTA FE,La Capital,Asfalto,Pavimento,I,Dentro,Urbana,Ninguna,No existe,Intersección,Bueno,Buena,Diurna,Buen Tiempo,Lateral,S/D,Colisión,Ninguna,Faltante,Ninguna,Sin restricción
2018,9663,2018-11-07,Miercoles,0,10:30:00,,0.0,2,"Automóvil,Moto/Ciclomotor",Neuquen Y Ulrico Schmild,3,2,0,0,1,0,0,"-31.56925,-60.747166666667",Calle,,SANTA FE,La Capital,Tierra,No existe,I,S/D,Urbana,Ninguna,No existe,Recta,Otro,Buena,Diurna,Buen Tiempo,De alcance,S/D,Colisión,Ninguna,Faltante,Ninguna,Sin restricción
2018,9664,2018-11-24,Sabado,0,13:20:00,,0.0,2,"Moto/Ciclomotor,Automóvil",Angel Cassanello 900,2,1,0,0,1,0,0,"-31.613055555556,-60.677",Calle,,SANTA FE,La Capital,Asfalto,No existe,I,S/D,Urbana,Ninguna,No existe,Recta,Bueno,Buena,Diurna,Buen Tiempo,Lateral,S/D,Colisión,Ninguna,S/D,Ninguna,Sin restricción
2018,9665,2018-11-21,Miercoles,0,09:15:00,,0.0,2,"Automóvil,Bicicleta",Moreno ,2,0,1,0,1,0,0,"-31.30488, -60.66973",Calle,,LAGUNA PAIVA,La Capital,Asfalto,No existe,I,Dentro,Urbana,Ninguna,No existe,Intersección,Bueno,Buena,Diurna,Buen Tiempo,S/D,Ciclista,Atropello,Ninguna,Faltante,Ninguna,Sin restricción
2018,9666,2018-11-24,Sabado,0,16:30:00,,0.0,2,"Pickup/Utilitario,Moto/Ciclomotor",Av Argentina Y Acapulco,2,1,0,0,1,0,0,"-32.91551, -60.85571",Calle,,FUNES,Rosario,Asfalto,S/D,II,S/D,Urbana,S/D,S/D,Intersección,Bueno,Buena,Diurna,Buen Tiempo,De alcance,S/D,Colisión,S/D,S/D,S/D,S/D
2018,9667,2018-11-21,Miercoles,0,,Autopista Nacional Rosario -Cordoba,317.0,1,Pickup/Utilitario, ,1,1,0,0,0,0,0,"-32.92268, -60.91695",Autopista,Rosario -Córdoba,ROLDÁN,San Lorenzo,Asfalto,Natural,XVII,Dentro,Rural,Ninguna,No existe,Recta,Con baches,Buena,Nocturna,Buen Tiempo,Contra objeto fijo,S/D,"Colisión,Vuelco",Ninguna,Faltante,Vegetación,Reparación de Vía
2018,9668,2018-11-24,Sabado,0,20:30:00,Ruta Nacional 9,294.0,2,"Automóvil,Moto/Ciclomotor", ,2,1,0,0,1,0,0,"-32.92263, -60.80485",Ruta,9,FUNES,Rosario,Asfalto,Ripio,II,Dentro,Urbana,Semáforo,Funciona,Intersección,Bueno,Buena,Atardecer,Buen Tiempo,Contra objeto fijo,S/D,Colisión,Ninguna,Faltante,Línea divisoria pintada,S/D
2018,9669,2018-11-24,Sabado,0,08:05:00,,0.0,2,"Automóvil,Moto/Ciclomotor",La Rioja Y Av Freyre,2,0,0,0,0,0,2,"-31.643,-60.717555555556",Calle,,SANTA FE,La Capital,Asfalto,Pavimento,I,Dentro,Urbana,Ninguna,Funciona,Recta,Bueno,Buena,Diurna,Buen Tiempo,Otro,S/D,Colisión,Ninguna,Vertical,Ninguna,Sin restricción
2018,9670,2018-11-24,Sabado,0,18:30:00,,0.0,2,"Peatón,Moto/Ciclomotor",Nicolas Rodriguez Pe?a Y Independencia,2,0,1,0,1,0,0,"-31.665444444444,-60.726694444444",Calle,,SANTA FE,La Capital,Asfalto,Pavimento,I,Dentro,Urbana,S/D,No existe,Recta,Con baches,Buena,Atardecer,Buen Tiempo,S/D,Peatón,Atropello,Ninguna,S/D,S/D,Sin restricción
2018,9671,2018-09-12,Miercoles,0,13:10:00,,0.0,2,"Moto/Ciclomotor,Moto/Ciclomotor",Av Pe?aloza Y Espora,3,2,1,0,0,0,0,"-31.599653, -60.712419",Avenida,,SANTA FE,La Capital,Asfalto,No existe,I,Dentro,Urbana,Ninguna,No existe,Intersección,Bueno,Buena,Diurna,Buen Tiempo,Lateral,S/D,Colisión,Ninguna,Faltante,Cordón divisorio,Sin restricción
2018,9672,2018-09-08,Sabado,0,18:20:00,Ruta Nacional 11,0.0,2,"Moto/Ciclomotor,Automóvil",Av Blas Parera Y Beruti,2,1,0,0,1,0,0,"-31.584858, -60.725929",Ruta,11,SANTA FE,La Capital,Asfalto,Pavimento,I,Dentro,Urbana,Semáforo,Funciona,Recta,Bueno,Buena,Atardecer,Buen Tiempo,De alcance,S/D,Colisión,Ninguna,Vertical,Cordón divisorio,Sin restricción
2018,9673,2018-09-18,Martes,0,13:40:00,Ruta Nacional 11,0.0,2,"Automóvil,Moto/Ciclomotor",Av Blas Parera Y Beruti,2,1,0,0,1,0,0,"-31.584863, -60.726034",Ruta,11,SANTA FE,La Capital,Asfalto,No existe,I,Dentro,Urbana,Semáforo,Funciona,Recta,Bueno,Buena,Diurna,Buen Tiempo,De alcance,S/D,Colisión,Ninguna,Vertical,Cordón divisorio,Sin restricción
2018,9674,2018-09-25,Martes,0,10:00:00,Ruta Nacional 11,0.0,2,"Automóvil,Moto/Ciclomotor",Av Blas Parera Y Callejon Mendez,2,0,0,1,1,0,0,"-31.577292, -60.727952",Ruta,11,SANTA FE,La Capital,Asfalto,No existe,I,Dentro,Urbana,Semáforo,Funciona,Intersección,Bueno,Buena,Diurna,Buen Tiempo,De alcance,S/D,Colisión,Ninguna,Vertical,Cordón divisorio,Sin restricción
2018,9675,2018-09-18,Martes,0,02:00:00,,0.0,2,"Moto/Ciclomotor,Automóvil",Florencio Fernandez Y Bernardo de Irigoyen,3,1,2,0,0,0,0,"-31.577484, -60.719421",Calle,,SANTA FE,La Capital,Asfalto,No existe,I,Dentro,Urbana,S/D,S/D,Intersección,S/D,S/D,Nocturna,S/D,Lateral,S/D,Colisión,S/D,S/D,Ninguna,S/D
2018,9676,2018-09-15,Sabado,0,19:00:00,,0.0,2,"Moto/Ciclomotor,Moto/Ciclomotor",Callejon Aguirre 4600,5,3,0,0,2,0,0,"-31.582322, -60.715341",Calle,,SANTA FE,La Capital,Ripio,No existe,I,Dentro,Urbana,Ninguna,No existe,Recta,Bueno,Buena,Atardecer,Buen Tiempo,S/D,S/D,Colisión,Ninguna,Faltante,Ninguna,Sin restricción
2018,9678,2018-09-15,Sabado,0,10:15:00,,0.0,2,"Automóvil,Moto/Ciclomotor",Av. Provincias Unidas Y Casilda,3,1,0,0,2,0,0,"-32.929515, -60.713167",Calle,,ROSARIO,Rosario,Asfalto,No existe,II,Dentro,Urbana,Ninguna,No existe,Recta,Bueno,Buena,Diurna,Buen Tiempo,Lateral,S/D,Colisión,Ninguna,Faltante,Cordón divisorio,Sin restricción
2018,9679,2018-09-01,Sabado,0,19:30:00,,0.0,2,"Moto/Ciclomotor,Automóvil",Azopardo ,3,1,0,0,2,0,0,"-31.586446, -60.718509",Calle,,SANTA FE,La Capital,Asfalto,No existe,I,Dentro,Urbana,Ninguna,No existe,Intersección,Bueno,Reducida,Atardecer,Buen Tiempo,S/D,S/D,Colisión,Ninguna,Faltante,Ninguna,Sin restricción
2018,9680,2018-09-26,Miercoles,0,19:20:00,,0.0,2,"Automóvil,Automóvil",Colombia Bis Y Velez Sarsfield,2,1,0,0,1,0,0,"-32.926147, -60.716762",Calle,,ROSARIO,Rosario,Asfalto,No existe,II,Dentro,Urbana,Ninguna,No existe,Intersección,Bueno,Buena,Diurna,Buen Tiempo,S/D,S/D,Colisión,Ninguna,Faltante,Ninguna,Sin restricción
2018,9681,2018-09-17,Lunes,0,20:25:00,Ruta Nacional 9,0.0,1,Moto/Ciclomotor,Av. Eva Peron ,1,1,0,0,0,0,0,"-32.931294, -60.721791",Ruta,9,ROSARIO,Rosario,Asfalto,No existe,II,Dentro,Urbana,Semáforo,Funciona,Intersección,Bueno,Buena,"Nocturna,Con luz artificial",Buen Tiempo,S/D,S/D,Caída ocupante,Ninguna,Vertical,Cordón divisorio,Sin restricción
2018,9682,2018-09-01,Sabado,0,21:30:00,,0.0,2,"Automóvil,Moto/Ciclomotor",La Pampa Y Calles s/n,4,1,0,0,3,0,0,"-31.577038, -60.713242",Calle,,SANTA FE,La Capital,Asfalto,No existe,I,Dentro,Urbana,Ninguna,No existe,Intersección,Bueno,Reducida,Con luz artificial,Buen Tiempo,S/D,S/D,Colisión,Ninguna,Faltante,Ninguna,Sin restricción
2018,9683,2018-09-21,Viernes,0,14:10:00,Autopista Nacional 9,0.0,3,"Automóvil,Pickup/Utilitario,Automóvil",Av. Eva Peron Y Bv. Wilde,3,1,0,0,1,0,1,"-32.928396, -60.738321",Autopista,9,ROSARIO,Rosario,Asfalto,No existe,II,Dentro,Urbana,Ninguna,No existe,Recta,Bueno,Buena,Diurna,Buen Tiempo,Múltiple,S/D,Colisión,Ninguna,Horizontal,Ninguna,Sin restricción
2018,9684,2018-09-03,Lunes,0,11:25:00,,0.0,2,"Moto/Ciclomotor,Otros",Aguado Y La Pampa,2,1,0,0,0,0,1,"-31.577002, -60.713781",Calle,,SANTA FE,La Capital,Asfalto,No existe,I,Dentro,Urbana,Ninguna,No existe,Intersección,Bueno,Buena,Diurna,Buen Tiempo,Lateral,S/D,Colisión,Ninguna,Faltante,Ninguna,Sin restricción
2018,9685,2018-09-03,Lunes,0,17:00:00,,0.0,1,Moto/Ciclomotor,Gorriti 4500,1,1,0,0,0,0,0,"-31.585367, -60.714907",Calle,,SANTA FE,La Capital,Asfalto,No existe,I,Dentro,Urbana,Ninguna,No existe,Recta,Bueno,Buena,Atardecer,Buen Tiempo,S/D,S/D,Caída ocupante,Ninguna,Faltante,Ninguna,Sin restricción
2018,9686,2018-09-23,Domingo,0,16:15:00,,0.0,3,"Taxi/Remis,Moto/Ciclomotor,Pickup/Utilitario",Bv. Wilde Bis Y Av. Genova,3,0,1,0,1,0,1,"-32.916720, -60.739420",Avenida,,ROSARIO,Rosario,Asfalto,No existe,II,Dentro,Urbana,Ninguna,No existe,Intersección,Bueno,Buena,Diurna,Buen Tiempo,Múltiple,S/D,Colisión,Ninguna,Faltante,Ninguna,Sin restricción
2018,9687,2018-09-05,Miercoles,0,,,0.0,2,"Moto/Ciclomotor,Pickup/Utilitario",La Pampa Y Calles s/n,2,1,0,0,1,0,0,"-31.577044, -60.713249",Calle,,SANTA FE,La Capital,"Asfalto,Ripio",No existe,I,Dentro,Urbana,Ninguna,No existe,Intersección,Con baches,Buena,S/D,Buen Tiempo,S/D,S/D,Colisión,Ninguna,Faltante,Ninguna,Sin restricción
2018,9688,2018-09-11,Martes,0,10:30:00,,0.0,2,"Moto/Ciclomotor,Automóvil",Callejon Funes Y Aguado,2,1,0,0,1,0,0,"-31.579800, -60.713971",Calle,,SANTA FE,La Capital,Asfalto,No existe,I,Dentro,Urbana,Ninguna,No existe,Recta,Bueno,Buena,Diurna,Buen Tiempo,S/D,S/D,Colisión,Ninguna,Faltante,Ninguna,Sin restricción
2018,9689,2018-09-05,Miercoles,0,22:50:00,,0.0,2,"Automóvil,Transporte de Pasajeros Urbano (> 8 asientos)",Donado Bis Y Bv. Argentino,8,4,0,0,4,0,0,"-32.924181, -60.727637",Avenida,,ROSARIO,Rosario,Asfalto,No existe,II,Dentro,Urbana,Ninguna,No existe,Intersección,Bueno,Buena,Nocturna,Buen Tiempo,S/D,S/D,Colisión,Ninguna,Faltante,Ninguna,Sin restricción
2018,9690,2018-09-21,Viernes,0,00:10:00,Ruta Nacional 11,0.0,2,"Moto/Ciclomotor,Otros",Av Blas Parera Y Millan Medina,2,1,0,0,0,0,1,"-31.593300, -60.723679",Ruta,11,SANTA FE,La Capital,Asfalto,Pavimento,I,Dentro,Urbana,Semáforo,Funciona,Intersección,Bueno,Buena,"Nocturna,Con luz artificial",Buen Tiempo,S/D,S/D,Colisión,Ninguna,Vertical,Cordón divisorio,Sin restricción
2018,9691,2018-09-11,Martes,0,09:00:00,,0.0,2,"Automóvil,Bicicleta",Donado Y Bv. Argentino,3,1,0,0,2,0,0,"-32.924181, -60.727637",Calle,,ROSARIO,Rosario,Asfalto,No existe,II,Dentro,Urbana,Ninguna,No existe,Intersección,Bueno,Buena,Diurna,Buen Tiempo,S/D,Ciclista,Atropello,Ninguna,Faltante,Ninguna,Sin restricción
2018,9692,2018-09-13,Jueves,0,21:25:00,Ruta Nacional 11,0.0,2,"Moto/Ciclomotor,Pickup/Utilitario",Av Blas Parera Y Millan Medina,4,3,0,0,1,0,0,"-31.593251238407, -60.723578547773",Ruta,11,SANTA FE,La Capital,Asfalto,Pavimento,I,Dentro,Urbana,Semáforo,Funciona,Intersección,Bueno,Buena,Con luz artificial,Buen Tiempo,Lateral,S/D,Colisión,Ninguna,Vertical,Cordón divisorio,Sin restricción
2018,9693,2018-09-02,Domingo,0,11:35:00,,0.0,2,"Automóvil,Peatón",Bv. Wilde 436,2,1,0,0,1,0,0,"-32.925543, -60.739045",Avenida,,ROSARIO,Rosario,Asfalto,No existe,II,Dentro,Urbana,Ninguna,No existe,Recta,Bueno,Buena,Diurna,Buen Tiempo,S/D,Peatón,Atropello,Ninguna,Faltante,Ninguna,Sin restricción
2018,9694,2018-08-18,Sabado,0,02:30:00,,0.0,2,"Tren,Peatón",Solis ,2,0,0,0,1,1,0,"-32.937919,-60.703477",Calle,,ROSARIO,Rosario,Asfalto,No existe,II,S/D,Urbana,Ninguna,No existe,Paso a Nivel FFCC,Bueno,S/D,Nocturna,S/D,S/D,Peatón,Atropello,Ninguna,S/D,"Ninguna,S/D",Sin restricción
2018,9695,2018-09-19,Miercoles,0,11:20:00,Ruta Nacional 11,0.0,2,"Automóvil,Transporte de Pasajeros Urbano (> 8 asientos)",Av Blas Parera Y Millan Medina,6,4,0,0,2,0,0,"-31.593275, -60.723662",Ruta,11,SANTA FE,La Capital,Asfalto,No existe,I,Dentro,Urbana,Semáforo,Funciona,Intersección,Bueno,Buena,Diurna,Buen Tiempo,Lateral,S/D,Colisión,Ninguna,Horizontal,Cordón divisorio,Sin restricción
2018,9696,2018-09-03,Lunes,0,05:00:00,,0.0,1,Moto/Ciclomotor,Casilda Y Av. Provincias Unidas,2,1,0,0,1,0,0,"-32.929516, -60.713171",Avenida,,ROSARIO,Rosario,Asfalto,No existe,II,Dentro,Urbana,Paso Peatonal,No existe,Recta,Bueno,Buena,"Nocturna,Con luz artificial",Buen Tiempo,S/D,S/D,Caída ocupante,Ninguna,Horizontal,Ninguna,Sin restricción
2018,9697,2018-09-03,Lunes,0,17:00:00,,0.0,2,"Automóvil,Moto/Ciclomotor",Bv. Wilde Bis Y La Republica,3,2,0,0,1,0,0,"-32.919350, -60.739287",Calle,,ROSARIO,Rosario,Asfalto,No existe,II,Dentro,Urbana,Ninguna,No existe,Intersección,Bueno,Buena,Diurna,Buen Tiempo,S/D,S/D,Colisión,Ninguna,Faltante,Ninguna,Sin restricción
2018,9698,2018-09-16,Domingo,0,21:10:00,,0.0,2,"Moto/Ciclomotor,Taxi/Remis",Tte.Agneta Bis Y Junin,6,4,0,0,2,0,0,"-32.927248, -60.700324",Calle,,ROSARIO,Rosario,Asfalto,No existe,II,Dentro,Urbana,Semáforo,Intermitente,Intersección,Bueno,Buena,"Nocturna,Con luz artificial",Buen Tiempo,Lateral,S/D,Colisión,Ninguna,Vertical,Ninguna,Sin restricción
2018,9699,2018-11-12,Lunes,0,18:00:00,,0.0,2,"Automóvil,Moto/Ciclomotor",Candioti Y R de Castro,2,1,0,0,1,0,0,"-31.643305555556,-60.69725",Calle,,SANTA FE,La Capital,Asfalto,No existe,I,Dentro,Urbana,S/D,No existe,Intersección,Bueno,S/D,S/D,S/D,Lateral,S/D,Colisión,S/D,S/D,S/D,S/D
2018,9700,2018-11-16,Viernes,0,11:15:00,Ruta Provincial 13,0.0,1,Automóvil,Ruta Prov 13 ,3,1,0,0,2,0,0,"-31.01133, -61.42702",Ruta,13,ATALIVA,Castellanos,Asfalto,Natural,V,Dentro,Rural,Ninguna,No existe,Recta,Bueno,Buena,Diurna,Buen Tiempo,S/D,S/D,Vuelco,Ninguna,Horizontal,Línea divisoria pintada,Sin restricción
2018,9701,2018-11-09,Viernes,0,18:00:00,,0.0,2,"Bicicleta,Otros",La Rioja Y Avenida General Bartolome Mitr,2,1,0,0,0,0,1,"-31.676305555556,-60.754944444444",Calle,,SANTO TOMÉ,La Capital,Ripio,No existe,I,Dentro,Urbana,Ninguna,No existe,Recta,Bueno,Buena,Diurna,Buen Tiempo,Lateral,Ciclista,Atropello,Ninguna,Faltante,Ninguna,Sin restricción
2018,9702,2018-11-23,Viernes,0,19:30:00,,0.0,2,"Taxi/Remis,Automóvil",Salta Y Dorrego,2,1,0,0,1,0,0,"-32.937444444444,-60.647472222222",Calle,,ROSARIO,Rosario,Asfalto,No existe,II,Dentro,Urbana,Señal Pare,No existe,Intersección,Bueno,Buena,Atardecer,Buen Tiempo,De alcance,S/D,Colisión,Ninguna,Vertical,Línea divisoria pintada,Sin restricción
2018,9703,2018-11-21,Miercoles,0,17:30:00,Ruta Provincial 90,8.0,1,Automóvil, ,3,1,1,0,1,0,0,"-33.28532, -60.37989",Ruta,90,EMPALME VILLA CONSTITUCIÓN,Constitución,Asfalto,Pavimento,VI,S/D,Urbana,Ninguna,No existe,Recta,Bueno,Buena,Diurna,Buen Tiempo,Contra objeto fijo,S/D,Colisión,Material Suelto,Faltante,Línea divisoria pintada,Reparación de Vía
2018,9704,2018-11-20,Martes,0,18:25:00,,0.0,2,"Bicicleta,Moto/Ciclomotor",Riobamba Y Ayacucho,2,1,0,0,1,0,0,"-32.965027777778,-60.631055555556",Calle,,ROSARIO,Rosario,S/D,S/D,II,S/D,Urbana,S/D,S/D,Intersección,S/D,S/D,Atardecer,S/D,S/D,Ciclista,Atropello,S/D,S/D,S/D,S/D
2018,9705,2018-11-06,Martes,0,18:20:00,,0.0,2,"Automóvil,Moto/Ciclomotor",JUAN PABLO II Y MENDOZA,3,1,1,0,1,0,0,"-32.94059, -60.72181",Avenida,,ROSARIO,Rosario,Asfalto,No existe,II,Dentro,Urbana,Ninguna,No existe,Recta,Bueno,S/D,Diurna,S/D,Otro,S/D,Colisión,S/D,S/D,Ninguna,Sin restricción
2018,9706,2018-11-21,Miercoles,0,18:00:00,,0.0,2,"Automóvil,Moto/Ciclomotor",Mendoza Y San Juan,2,1,0,0,1,0,0,"-32.940722222222,-60.699833333333",Calle,,ROSARIO,Rosario,S/D,S/D,II,S/D,Urbana,Ninguna,S/D,Intersección,S/D,S/D,Diurna,S/D,S/D,S/D,Colisión,S/D,S/D,S/D,S/D
2018,9707,2018-11-07,Miercoles,0,19:00:00,,0.0,2,"Peatón,Automóvil",Chubut Y Ricardo Rojas,2,1,0,0,1,0,0,"-32.945916666667,-60.725222222222",Calle,,ROSARIO,Rosario,Tierra,No existe,II,Dentro,Urbana,Ninguna,No existe,Otro,Otro,S/D,"Nocturna,Con luz artificial",Otro,S/D,Peatón,Atropello,S/D,S/D,Ninguna,Sin restricción
2018,9708,2018-11-17,Sabado,0,05:35:00,,0.0,2,"Moto/Ciclomotor,Pickup/Utilitario",Rueda Y Av. Corrientes,3,2,0,0,1,0,0,"-32.970277777778,-60.648555555556",Avenida,,ROSARIO,Rosario,Asfalto,No existe,II,Dentro,Urbana,Ninguna,S/D,Intersección,S/D,S/D,Amanecer,S/D,S/D,S/D,Colisión,S/D,S/D,S/D,Sin restricción
2018,9709,2018-11-08,Jueves,0,17:00:00,,0.0,2,"Automóvil,Taxi/Remis",Mendoza Y Brasil,2,1,0,0,1,0,0,"-32.940361111111,-60.719555555556",S/D,,ROSARIO,Rosario,Asfalto,Pavimento,II,S/D,S/D,Semáforo,Funciona,Recta,Bueno,S/D,"Diurna,Con luz artificial",S/D,Contra objeto fijo,S/D,Colisión,S/D,Vertical,Cordón divisorio,Sin restricción
2018,9710,2018-11-25,Domingo,0,06:00:00,Autov?a Nacional 19,10.0,1,Automóvil, ,1,1,0,0,0,0,0,"-31.65384, -60.87209",Autovía,19,SAN AGUSTÍN,Las Colonias,Asfalto,Natural,XI,Fuera,Urbana,Ninguna,No existe,Recta,Bueno,Buena,Diurna,Buen Tiempo,Lateral,S/D,Despiste,Ninguna,Vertical,Línea divisoria pintada,Sin restricción
2018,9711,2018-11-02,Viernes,0,19:30:00,,0.0,2,"Moto/Ciclomotor,Otros",Azopardo Y La Esmeralda,2,1,0,0,1,0,0,"-31.56567, -60.71193",S/D,,SANTA FE,La Capital,S/D,S/D,I,S/D,Urbana,S/D,S/D,S/D,S/D,S/D,S/D,S/D,S/D,S/D,S/D,S/D,S/D,S/D,S/D
2018,9712,2018-11-22,Jueves,0,11:35:00,,0.0,2,"Bicicleta,Automóvil",PJE MORCILLO 2200,2,1,0,0,1,0,0,"-32.95569, -60.65681",Calle,,ROSARIO,Rosario,Asfalto,S/D,II,Dentro,Urbana,Ninguna,No existe,Recta,S/D,Reducida,Diurna,Lluvia,S/D,Ciclista,Atropello,S/D,S/D,S/D,S/D
2018,9713,2018-11-25,Domingo,0,09:00:00,,0.0,2,"Moto/Ciclomotor,Automóvil",9 de Julio 600,2,0,1,0,1,0,0,"-30.307638888889,-61.2315",Calle,,SAN CRISTÓBAL,San Cristóbal,Asfalto,No existe,XIII,Dentro,Urbana,Ninguna,No existe,Recta,Bueno,Buena,Diurna,Buen Tiempo,De alcance,S/D,Colisión,Ninguna,Faltante,Ninguna,Sin restricción