anio_acci,nro_acci,fecha,desc_dia,fecha_aprox,hora_aprox,desc_ruta,km,cant_participantes,desc_participante,calle_avenida_km,total,heridos_leves,heridos_graves,heridos_gravisimos,ilesos,fallecidos,sin_datos,posicion_XY,desc_tipo_via,desc_ruta_ori,desc_loc,desc_dpto,desc_tipo_calzada,desc_tipo_banquina,desc_unidad_regional,desc_lugar_calzada,desc_zona,desc_prioridad,desc_estado_semaforo,desc_lugar_via,desc_estado_via,desc_estado_visibilidad,desc_luminosidad,desc_estado_clima,desc_tipo_colision,desc_tipo_atropello,desc_tipo_hecho,desc_pres_calzada,desc_senializacion,desc_separacion_via,desc_restriccion
2018,9714,2018-11-04,Domingo,0,16:35:00,,0.0,2,"Moto/Ciclomotor,Automóvil",Av Blas Parera Y Florencio Fernandez,3,2,0,0,1,0,0,"-31.576194444444,-60.728166666667",S/D,,SANTA FE,La Capital,Asfalto,S/D,I,S/D,Urbana,S/D,S/D,Intersección,Con baches,S/D,S/D,S/D,S/D,S/D,S/D,S/D,Vertical,S/D,S/D
2018,9715,2018-11-04,Domingo,0,19:30:00,,0.0,2,"Moto/Ciclomotor,Automóvil",Gorriti Y Estrada,2,1,0,0,1,0,0,"-31.585805555556,-60.7135",S/D,,SANTA FE,La Capital,S/D,S/D,I,S/D,Urbana,S/D,S/D,Intersección,S/D,S/D,S/D,S/D,S/D,S/D,S/D,S/D,S/D,S/D,S/D
2018,9716,2018-09-02,Domingo,0,07:10:00,Ruta Provincial 65,0.0,1,Camión c / Semirremolque, ,1,1,0,0,0,0,0,"-32.423906, -61.904772",Ruta,65,BOUQUET,Belgrano,Asfalto,Natural,III,Fuera,Rural,Ninguna,No existe,Recta,Bueno,Reducida,Diurna,Niebla,S/D,S/D,Vuelco,Ninguna,Faltante,Vegetación,Sin restricción
2018,9717,2018-11-04,Domingo,0,19:30:00,,0.0,2,"Moto/Ciclomotor,Automóvil",Don Guanella Y Estrada,2,1,0,0,1,0,0,"-31.595833333333,-60.7165",Avenida,,SANTA FE,La Capital,S/D,S/D,I,Dentro,S/D,S/D,S/D,S/D,S/D,S/D,S/D,S/D,S/D,S/D,S/D,S/D,S/D,S/D,S/D
2018,9718,2018-11-03,Sabado,0,16:00:00,,0.0,2,"Bicicleta,Moto/Ciclomotor",Gorriti Y Av Pe?aloza,2,1,0,0,1,0,0,"-31.586305555556,-60.711694444444",Avenida,,SANTA FE,La Capital,S/D,S/D,I,Dentro,S/D,S/D,S/D,Curva,S/D,S/D,S/D,S/D,S/D,Ciclista,Atropello,S/D,S/D,S/D,S/D
2018,9719,2018-11-17,Sabado,0,06:10:00,,0.0,2,"Automóvil,Moto/Ciclomotor",Ocampo 1250,2,0,1,0,1,0,0,"-32.818194444444,-61.399888888889",Calle,,CAÑADA DE GÓMEZ,Iriondo,Asfalto,No existe,X,S/D,Urbana,Ninguna,No existe,Recta,Bueno,Buena,Diurna,Buen Tiempo,De alcance,S/D,Atropello,S/D,S/D,Ninguna,Sin restricción
2018,9720,2018-09-10,Lunes,0,18:00:00,Ruta Provincial 15,0.0,2,"Automóvil,Automóvil",Conrado Schaer ,4,3,0,0,1,0,0,"-32.790167, -61.618584",Ruta,15,ARMSTRONG,Belgrano,Asfalto,Ripio,III,Dentro,Urbana,Ninguna,No existe,Cruce,Bueno,Buena,Diurna,Buen Tiempo,Frontal,S/D,Colisión,Ninguna,Faltante,Línea divisoria pintada,Sin restricción
2018,9721,2018-11-04,Domingo,0,23:00:00,,0.0,2,"Bicicleta,Automóvil",Fernandez Diaz 3100,2,1,0,0,1,0,0,"-32.9655,-60.728527777778",Calle,,ROSARIO,Rosario,Hormigón,Pavimento,II,Dentro,Urbana,Ninguna,No existe,Recta,Bueno,Buena,Nocturna,Buen Tiempo,De alcance,S/D,Colisión,Ninguna,Faltante,Ninguna,Sin restricción
2018,9722,2018-11-25,Domingo,0,00:55:00,,0.0,1,Moto/Ciclomotor,Calle 121 620,1,0,1,0,0,0,0,"-29.121361111111,-59.673361111111",Calle,,AVELLANEDA,General Obligado,Asfalto,S/D,IX,S/D,Urbana,S/D,S/D,Recta,S/D,S/D,Nocturna,S/D,S/D,S/D,Despiste,S/D,S/D,S/D,S/D
2018,9723,2018-11-19,Lunes,0,18:30:00,,0.0,2,"Pickup/Utilitario,Moto/Ciclomotor",Quintana Y Av. Argentina,2,1,0,0,1,0,0,"-32.803083333333,-61.396361111111",Calle,,CAÑADA DE GÓMEZ,Iriondo,Ripio,No existe,X,S/D,Urbana,Ninguna,No existe,Intersección,Bueno,Buena,Diurna,Buen Tiempo,De alcance,S/D,Colisión,S/D,S/D,Ninguna,Sin restricción
2018,9724,2018-11-06,Martes,0,11:10:00,Autopista Nacional A008,0.0,2,"Moto/Ciclomotor,Pickup/Utilitario",RIVAROLA Y CIRCUNVALACION,2,1,0,0,1,0,0,"-32.96595, -60.71937",Autopista,A008,ROSARIO,Rosario,Asfalto,No existe,II,S/D,Urbana,Semáforo,Funciona,Intersección,Bueno,Buena,Diurna,Buen Tiempo,Lateral,S/D,Colisión,Ninguna,Faltante,Ninguna,Sin restricción
2018,9725,2018-11-17,Sabado,0,16:05:00,,0.0,2,"Automóvil,Moto/Ciclomotor",7 de Octubre Y Nicasio Oro?o,2,1,0,0,1,0,0,"-32.820444444444,-61.390527777778",Calle,,CAÑADA DE GÓMEZ,Iriondo,Asfalto,No existe,X,S/D,Urbana,Ninguna,No existe,Intersección,Bueno,Buena,Diurna,Buen Tiempo,Lateral,S/D,Colisión,Otro,Vertical,Ninguna,Sin restricción
2018,9726,2018-11-08,Jueves,0,07:45:00,,0.0,2,"Moto/Ciclomotor,Automóvil",Av Pe?aloza Y Padre Genesio,2,1,0,0,1,0,0,"-31.59575,-60.712083333333",Avenida,,SANTA FE,La Capital,S/D,S/D,I,S/D,S/D,S/D,S/D,S/D,S/D,S/D,S/D,S/D,S/D,S/D,S/D,S/D,S/D,S/D,S/D
2018,9727,2018-11-06,Martes,0,06:55:00,,0.0,2,"Pickup/Utilitario,Moto/Ciclomotor",P.L.Funes Y Virasoro,2,0,1,0,1,0,0,"-32.961277777778,-60.700361111111",Calle,,ROSARIO,Rosario,Asfalto,No existe,II,S/D,Urbana,Ninguna,No existe,Intersección,Bueno,Buena,Diurna,Buen Tiempo,Lateral,S/D,Colisión,Ninguna,Faltante,Ninguna,Sin restricción
2018,9728,2018-09-19,Miercoles,0,19:45:00,Ruta Nacional 11,0.0,2,"Pickup/Utilitario,Moto/Ciclomotor",Avenida Nuestra Se?ora del Luj 4500,2,1,0,0,0,0,1,"-31.686057, -60.779323",Ruta,11,SANTO TOMÉ,La Capital,Asfalto,Natural,I,Dentro,Urbana,Ninguna,No existe,Recta,Bueno,Reducida,Nocturna,Buen Tiempo,De alcance,S/D,Colisión,Ninguna,Faltante,Ninguna,Sin restricción
2018,9729,2018-09-01,Sabado,0,16:15:00,,0.0,2,"Peatón,Automóvil",Juan Jose Paso Y Batalla de Maipu,2,1,0,0,1,0,0,"-31.689313, -60.781660",Calle,,SANTO TOMÉ,La Capital,Ripio,No existe,I,Dentro,Urbana,Ninguna,No existe,Intersección,Bueno,Buena,Diurna,Buen Tiempo,S/D,Peatón,Atropello,Ninguna,Faltante,Ninguna,Sin restricción
2018,9730,2018-09-21,Viernes,0,11:20:00,,0.0,1,Automóvil,Carlos Chapearouge Y Mariano Moreno,2,1,0,0,1,0,0,"-31.692678, -60.771336",Calle,,SANTO TOMÉ,La Capital,Tierra,No existe,I,Dentro,Urbana,Ninguna,No existe,Intersección,Bueno,Buena,Diurna,Buen Tiempo,Contra objeto fijo,S/D,Colisión,Ninguna,Faltante,Ninguna,Sin restricción
2018,9731,2018-09-27,Jueves,0,07:20:00,Ruta Nacional 11,0.0,2,"Peatón,Moto/Ciclomotor",Ruta Nac 11 Y Calle 18,2,1,0,0,0,0,1,"-31.702100, -60.800549",Ruta,11,SAUCE VIEJO,La Capital,Asfalto,Natural,I,Dentro,Urbana,Ninguna,No existe,Recta,Bueno,Buena,Diurna,Buen Tiempo,S/D,Peatón,Atropello,Ninguna,Faltante,Línea divisoria pintada,Sin restricción
2018,9732,2018-09-14,Viernes,0,09:00:00,Autopista Provincial Brigadier E.López,143.0,2,"Automóvil,Automóvil", ,7,4,0,0,3,0,0,"-31.689342, -60.814575",Autopista,Brigadier E.López,SAUCE VIEJO,La Capital,Asfalto,Natural,I,Dentro,Rural,Ninguna,No existe,Recta,Bueno,Reducida,Diurna,Buen Tiempo,Frontal,S/D,Colisión,Ninguna,Faltante,Línea divisoria pintada,Sin restricción
2018,9733,2018-09-24,Lunes,0,17:30:00,,0.0,2,"Moto/Ciclomotor,Automóvil",Pje. Ghandi Y Solis Bis,2,1,0,0,1,0,0,"-32.925218, -60.704008",Calle,,ROSARIO,Rosario,Asfalto,No existe,II,Dentro,Urbana,Ninguna,No existe,Intersección,Deteriorada,Buena,Atardecer,Buen Tiempo,Lateral,S/D,Colisión,Ninguna,Faltante,Ninguna,Sin restricción
2018,9734,2018-09-26,Miercoles,0,09:00:00,,0.0,2,"Automóvil,Moto/Ciclomotor",Calle 29 Y Calle s/n,2,1,0,0,0,0,1,"-31.792697770086, -60.842375494345",Calle,,SAUCE VIEJO,La Capital,Ripio,No existe,I,Dentro,Urbana,Ninguna,No existe,Intersección,Bueno,Buena,Diurna,Buen Tiempo,Lateral,S/D,Colisión,Ninguna,Faltante,Ninguna,Sin restricción
2018,9735,2018-09-02,Domingo,0,18:40:00,,0.0,2,"Automóvil,Moto/Ciclomotor",Pje. Alemania Y Rep.Dominicana,4,1,0,0,3,0,0,"-32.927741, -60.689924",Calle,,ROSARIO,Rosario,Asfalto,Pavimento,II,Dentro,Urbana,Ninguna,No existe,Intersección,Bueno,Buena,Atardecer,Buen Tiempo,Lateral,S/D,Colisión,Ninguna,Faltante,Ninguna,Sin restricción
2018,9736,2018-09-29,Sabado,0,08:25:00,,0.0,2,"Moto/Ciclomotor,Pickup/Utilitario",4 de enero Y Roque Saenz Pe?a,2,1,0,0,1,0,0,"-31.658189, -60.776484",Calle,,SANTO TOMÉ,La Capital,Tierra,No existe,I,Dentro,Urbana,Ninguna,No existe,Intersección,Bueno,Buena,Diurna,Buen Tiempo,Lateral,S/D,Colisión,Ninguna,Faltante,Ninguna,Sin restricción
2018,9737,2018-09-25,Martes,0,18:20:00,,0.0,2,"Moto/Ciclomotor,Automóvil",Obispo Gelabert Y Genaro Almaraz,3,2,0,0,1,0,0,"-31.659293, -60.784603",Calle,,SANTO TOMÉ,La Capital,Ripio,No existe,I,Dentro,Urbana,Ninguna,No existe,Intersección,Bueno,Buena,Diurna,Buen Tiempo,S/D,S/D,Colisión,Ninguna,Faltante,Ninguna,Sin restricción
2018,9738,2018-09-14,Viernes,0,18:45:00,,0.0,2,"Moto/Ciclomotor,Automóvil",Juan B.De La Salle Y Solis Bis,3,2,0,0,1,0,0,"-32.922250, -60.704108",Calle,,ROSARIO,Rosario,Asfalto,No existe,II,Dentro,Urbana,Ninguna,No existe,Intersección,Bueno,Buena,Nocturna,Buen Tiempo,Lateral,S/D,Colisión,Ninguna,Faltante,Ninguna,Sin restricción
2018,9739,2018-09-22,Sabado,0,01:10:00,,0.0,1,Moto/Ciclomotor,Cornelio de Saavedra ,2,0,1,0,1,0,0,"-31.647410, -60.761367",Camino Rural,,SANTO TOMÉ,La Capital,Asfalto,Natural,I,Dentro,Rural,Ninguna,No existe,Recta,Bueno,Reducida,"Nocturna,Con luz artificial",Buen Tiempo,S/D,S/D,Caída ocupante,Ninguna,Faltante,Ninguna,Sin restricción
2018,9740,2018-09-04,Martes,0,16:15:00,,0.0,2,"Automóvil,Moto/Ciclomotor",Urquiza Y Lima,2,1,0,0,1,0,0,"-32.934878, -60.682345",Calle,,ROSARIO,Rosario,Asfalto,No existe,II,Dentro,Urbana,Ninguna,No existe,Intersección,Bueno,Buena,Atardecer,Buen Tiempo,Lateral,S/D,Colisión,Ninguna,Faltante,Ninguna,Sin restricción
2018,9741,2018-09-10,Lunes,0,15:30:00,,0.0,2,"Moto/Ciclomotor,Automóvil",Pres Domingo Faustino Sarmient Y Juan Jose Paso,2,1,0,0,1,0,0,"-31.659609, -60.774528",Calle,,SANTO TOMÉ,La Capital,"Asfalto,Tierra",No existe,I,Dentro,Urbana,Ninguna,No existe,Intersección,Bueno,Buena,Diurna,Buen Tiempo,Lateral,S/D,Colisión,Ninguna,Faltante,Ninguna,Sin restricción
2018,9742,2018-09-06,Jueves,0,12:30:00,,0.0,2,"Pickup/Utilitario,Moto/Ciclomotor",Velez Sarsfield Y Cullen Bis,3,2,0,0,1,0,0,"-32.927500, -60.709666",Calle,,ROSARIO,Rosario,Asfalto,No existe,II,Dentro,Urbana,Ninguna,No existe,Intersección,Deteriorada,Buena,Diurna,Buen Tiempo,Lateral,S/D,Colisión,Ninguna,Faltante,Ninguna,Sin restricción
2018,9743,2018-09-21,Viernes,0,06:00:00,,0.0,2,"Moto/Ciclomotor,Automóvil",Pres Domingo Faustino Sarmient Y Juan Jose Paso,2,1,0,0,1,0,0,"-31.659609, -60.774528",Calle,,SANTO TOMÉ,La Capital,Asfalto,No existe,I,Dentro,Urbana,Ninguna,No existe,Intersección,Bueno,Buena,"Amanecer,Con luz artificial",Buen Tiempo,Lateral,S/D,Colisión,Ninguna,Faltante,Ninguna,Sin restricción
2018,9744,2018-09-01,Sabado,0,14:40:00,,0.0,2,"Automóvil,Moto/Ciclomotor",BERNINI Y JUAN PABLO II,2,1,0,0,1,0,0,"-32.889035, -60.715373",Calle,,ROSARIO,Rosario,Asfalto,No existe,II,Dentro,Urbana,Ninguna,No existe,Intersección,Bueno,Buena,Diurna,Buen Tiempo,Lateral,S/D,Colisión,Ninguna,Faltante,Ninguna,Sin restricción
2018,9745,2018-09-15,Sabado,0,18:45:00,Ruta Provincial 1,0.0,1,Moto/Ciclomotor,Antiguo camino a Santa Rosa ,1,1,0,0,0,0,0,"-31.561605, -60.525251",Ruta,1,ARROYO LEYES,La Capital,Tierra,Natural,I,Dentro,Urbana,Marca Vial,No existe,Recta,Bueno,Buena,Diurna,Buen Tiempo,S/D,S/D,Caída ocupante,Ninguna,Faltante,Línea divisoria pintada,Sin restricción
2018,9746,2018-09-21,Viernes,0,11:20:00,,0.0,2,"Transporte de Pasajeros Urbano (> 8 asientos),Moto/Ciclomotor",Casiano Casas Y Baigorria,2,1,0,0,1,0,0,"-32.893913, -60.716343",Calle,,ROSARIO,Rosario,Asfalto,No existe,II,Dentro,Urbana,Ninguna,Funciona,Intersección,Bueno,Buena,Diurna,Buen Tiempo,S/D,S/D,Colisión,Ninguna,"Horizontal,Vertical",Ninguna,Sin restricción
2018,9747,2018-09-03,Lunes,0,14:50:00,Ruta Provincial 2,14.0,2,"Automóvil,Moto/Ciclomotor", ,2,0,1,0,1,0,0,"-31.454599590290, -60.671472349671",Ruta,2,MONTE VERA,La Capital,Hormigón,Natural,I,Dentro,Rural,Ninguna,No existe,Recta,Bueno,Buena,Diurna,Buen Tiempo,De alcance,S/D,Colisión,Ninguna,S/D,Línea divisoria pintada,Sin restricción
2018,9748,2018-09-22,Sabado,0,21:00:00,,0.0,2,"Peatón,Pickup/Utilitario",Irala Y Berna,3,1,0,0,2,0,0,"-32.874546, -60.730205",Calle,,ROSARIO,Rosario,Asfalto,No existe,II,Dentro,Urbana,Ninguna,No existe,Intersección,Deteriorada,Buena,Atardecer,Buen Tiempo,S/D,Peatón,Atropello,Ninguna,Faltante,Ninguna,Sin restricción
2018,9749,2018-09-28,Viernes,0,16:15:00,,0.0,2,"Moto/Ciclomotor,Pickup/Utilitario",Formosa Y Brigadier Estanislao Lopez,4,2,1,0,1,0,0,"-31.511225, -60.678459",Calle,,MONTE VERA,La Capital,Ripio,No existe,I,Dentro,Urbana,Ninguna,No existe,Intersección,Bueno,Buena,Diurna,Buen Tiempo,Lateral,S/D,Colisión,Ninguna,Faltante,Ninguna,Sin restricción
2018,9750,2018-09-12,Miercoles,0,10:00:00,,0.0,2,"Camión,Moto/Ciclomotor",Bv. Bouchard 3800,2,1,0,0,1,0,0,"-32.890583, -60.739474",Avenida,,ROSARIO,Rosario,Asfalto,No existe,II,Dentro,Urbana,Ninguna,No existe,Intersección,Deteriorada,Buena,Diurna,Buen Tiempo,S/D,S/D,Colisión,Ninguna,Faltante,Ninguna,Sin restricción
2018,9751,2018-09-05,Miercoles,0,21:00:00,Ruta Provincial 2,0.0,2,"Pickup/Utilitario,Pickup/Utilitario",AV LOS QUINTEROS Y RUTA PROVINCIAL 2,3,1,0,0,2,0,0,"-31.554169685566, -60.686945327164",Ruta,2,ÁNGEL GALLARDO,La Capital,Hormigón,Natural,I,Dentro,Urbana,Ninguna,No existe,Cruce,Bueno,Buena,"Nocturna,Con luz artificial",Buen Tiempo,Frontal,S/D,Colisión,Ninguna,Faltante,Ninguna,Sin restricción
2018,9752,2018-09-20,Jueves,0,20:00:00,,0.0,2,"Pickup/Utilitario,Moto/Ciclomotor",Schweitzer Y Calle 1426 Bis,2,1,0,0,1,0,0,"-32.914824, -60.771719",Calle,,ROSARIO,Rosario,Asfalto,No existe,II,Dentro,Urbana,Señal Pare,No existe,Intersección,Bueno,Buena,Atardecer,Buen Tiempo,S/D,S/D,Colisión,Ninguna,Vertical,Ninguna,Sin restricción
2018,9753,2018-09-12,Miercoles,0,13:00:00,,0.0,2,"Transporte de Pasajeros,Moto/Ciclomotor",Vieytes Y Av. J.Suarez,2,1,0,0,1,0,0,"-32.888005, -60.730679",Calle,,ROSARIO,Rosario,Asfalto,No existe,II,Dentro,Urbana,Ninguna,No existe,Intersección,Deteriorada,Buena,Diurna,Buen Tiempo,De alcance,S/D,Colisión,Ninguna,Faltante,Ninguna,Sin restricción
2018,9754,2018-09-23,Domingo,0,21:20:00,,0.0,2,"Automóvil,Peatón",Alvarado ,2,1,0,0,1,0,0,"-33.191728, -60.464241",Calle,,FIGHIERA,Rosario,Asfalto,No existe,II,Dentro,Urbana,Ninguna,No existe,Recta,Bueno,Buena,Nocturna,Buen Tiempo,S/D,Peatón,Atropello,Ninguna,Faltante,Ninguna,Sin restricción
2018,9755,2018-09-18,Martes,0,11:00:00,Autopista Provincial Brigadier E.López,260.0,2,"Camión c / Acoplado,Automóvil", ,3,0,1,0,2,0,0,"-33.119332, -60.589264",Autopista,Brigadier E.López,GENERAL LAGOS,Rosario,Asfalto,Pavimento,II,Dentro,Rural,Otra Señal,No existe,Recta,Bueno,Buena,Diurna,Buen Tiempo,De alcance,S/D,Colisión,Ninguna,"Horizontal,Vertical",Línea divisoria pintada,Sin restricción
2018,9756,2018-11-18,Domingo,0,11:55:00,,0.0,2,"Moto/Ciclomotor,Pickup/Utilitario",Rivadavia Y Independencia,2,1,0,0,1,0,0,"-32.815722222222,-61.407111111111",Calle,,CAÑADA DE GÓMEZ,Iriondo,Asfalto,No existe,X,Dentro,Urbana,Ninguna,No existe,Intersección,Bueno,Buena,Diurna,Buen Tiempo,Lateral,S/D,Colisión,S/D,"Horizontal,Vertical",Ninguna,Sin restricción
2018,9757,2018-11-18,Domingo,0,22:10:00,,0.0,2,"Bicicleta,Automóvil",Almte. Brown Y Maipu,2,1,0,0,1,0,0,"-32.815472222222,-61.401333333333",Calle,,CAÑADA DE GÓMEZ,Iriondo,Asfalto,No existe,X,Dentro,Urbana,Ninguna,No existe,Intersección,Bueno,Reducida,Nocturna,Buen Tiempo,Lateral,S/D,Colisión,S/D,"Horizontal,Vertical",Ninguna,Sin restricción
2018,9758,2018-11-06,Martes,0,13:00:00,,0.0,2,"Bicicleta,Automóvil",Bv. 27 De Febrero Y Magallanes,2,1,0,0,1,0,0,"-32.95925,-60.70375",Avenida,,ROSARIO,Rosario,Asfalto,Pavimento,II,Dentro,Urbana,Ninguna,No existe,Recta,Bueno,Buena,Diurna,Buen Tiempo,"Frontal,Lateral",Ciclista,Atropello,Ninguna,Faltante,Barrera de hormigón,Sin restricción
2018,9759,2018-11-25,Domingo,0,10:00:00,Autopista Nacional Rosario -Cordoba,332.0,1,Moto/Ciclomotor, ,2,2,0,0,0,0,0,"-32.87136, -61.1981",Autopista,Rosario -Córdoba,SAN JERÓNIMO SUR,San Lorenzo,Asfalto,Natural,XVII,Fuera,Rural,Ninguna,No existe,Recta,Bueno,Buena,Diurna,Buen Tiempo,Lateral,S/D,Despiste,Ninguna,"Horizontal,Vertical",Vegetación,Sin restricción
2018,9760,2018-11-20,Martes,0,11:15:00,,0.0,1,Automóvil,H Irigoyen Y A. Capdevila,1,1,0,0,0,0,0,"-32.808027777778,-61.392138888889",Calle,,CAÑADA DE GÓMEZ,Iriondo,Tierra,No existe,X,S/D,Urbana,Ninguna,No existe,Intersección,Ahuellamiento,Buena,Diurna,Buen Tiempo,S/D,S/D,Caída ocupante,Otro,Faltante,S/D,Sin restricción
2018,9761,2018-11-05,Lunes,0,22:50:00,,0.0,2,"Moto/Ciclomotor,Automóvil",Av de los inmigrantes Y Bv. 27 De Febrero,4,3,0,0,1,0,0,"-32.95925,-60.711944444444",Avenida,,ROSARIO,Rosario,Asfalto,Pavimento,II,Dentro,Urbana,S/D,Funciona,Intersección,Bueno,Buena,Nocturna,Buen Tiempo,Frontal,S/D,Colisión,Ninguna,Faltante,Barrera de hormigón,Sin restricción
2018,9762,2018-11-25,Domingo,0,09:15:00,Ruta Provincial 10,204.0,1,Automóvil, ,3,2,0,0,1,0,0,"-31.1966, -61.21433",Ruta,10,FELICIA,Las Colonias,Asfalto,Natural,XI,S/D,Rural,Ninguna,No existe,Recta,Bueno,Buena,Diurna,Buen Tiempo,Lateral,S/D,Vuelco,Ninguna,S/D,Línea divisoria pintada,Sin restricción
2018,9763,2018-11-20,Martes,0,17:50:00,,0.0,2,"Automóvil,Moto/Ciclomotor",Almte. Brown Y San Martin,4,2,0,0,2,0,0,"-32.816166666667,-61.397277777778",Calle,,CAÑADA DE GÓMEZ,Iriondo,Asfalto,No existe,X,S/D,Urbana,Ninguna,No existe,Intersección,Bueno,Buena,Diurna,Buen Tiempo,Lateral,S/D,Colisión,Otro,Vertical,Ninguna,Sin restricción
2018,9764,2018-11-05,Lunes,0,18:00:00,,0.0,3,"Moto/Ciclomotor,Automóvil,Peatón",BV. FEBRERO Y JUAN PABLO II,4,2,0,0,2,0,0,"-32.95964, -60.72033",Avenida,,ROSARIO,Rosario,Asfalto,Pavimento,II,Dentro,Urbana,Semáforo,Funciona,Intersección,Bueno,Buena,Amanecer,Buen Tiempo,Frontal,Peatón,Atropello,Ninguna,S/D,Barrera de hormigón,Sin restricción
2018,9765,2018-11-20,Martes,0,22:20:00,,0.0,2,"Automóvil,Bicicleta",Guemes Y Ovidio Lagos,2,1,0,0,1,0,0,"-32.822194444444,-61.398722222222",Calle,,CAÑADA DE GÓMEZ,Iriondo,S/D,No existe,X,Dentro,Urbana,Ninguna,No existe,Intersección,Bueno,Buena,Nocturna,Buen Tiempo,Lateral,S/D,Colisión,Ninguna,Vertical,Ninguna,Sin restricción
2018,9766,2018-11-25,Domingo,0,22:30:00,,0.0,2,"Automóvil,Moto/Ciclomotor",Av San Martin Y Las Heras,2,1,0,0,1,0,0,"-32.8007, -60.72097",Avenida,,FRAY LUIS BELTRÁN,San Lorenzo,Asfalto,No existe,XVII,S/D,Urbana,Ninguna,No existe,Intersección,Bueno,Buena,Nocturna,Buen Tiempo,Lateral,S/D,Colisión,Ninguna,Faltante,Ninguna,Sin restricción
2018,9767,2018-11-05,Lunes,0,14:35:00,,0.0,2,"Moto/Ciclomotor,Taxi/Remis",Garibaldi Y Pje. Patagones,3,2,0,0,1,0,0,"-32.98059, -60.67819",Calle,,ROSARIO,Rosario,Hormigón,No existe,II,Dentro,Urbana,Ninguna,No existe,Intersección,Bueno,Buena,Diurna,Buen Tiempo,De alcance,S/D,Colisión,Ninguna,Faltante,Ninguna,Sin restricción
2018,9768,2018-11-02,Viernes,0,01:00:00,,0.0,1,Automóvil,Av. Pte.Peron 7700,2,2,0,0,0,0,0,"-32.973805555556,-60.723194444444",Avenida,,ROSARIO,Rosario,Asfalto,Pavimento,II,S/D,Urbana,Semáforo,Funciona,Recta,Bueno,Buena,Nocturna,Buen Tiempo,Contra objeto fijo,S/D,Despiste,Ninguna,Faltante,Barrera de hormigón,Sin restricción
2018,9769,2018-11-04,Domingo,0,02:00:00,,0.0,2,"Moto/Ciclomotor,Transporte de Pasajeros Larga Distancia (> 8 asientos)",Bv. 27 De Febrero Y Av. Provincias Unidas,2,1,0,0,1,0,0,"-32.95925,-60.711944444444",Avenida,,ROSARIO,Rosario,Asfalto,Pavimento,II,Dentro,Urbana,Semáforo,Funciona,Intersección,Bueno,Buena,Nocturna,Buen Tiempo,Frontal,S/D,Colisión,Ninguna,Faltante,Barrera de hormigón,Sin restricción
2018,9770,2018-11-04,Domingo,0,18:50:00,,0.0,1,Moto/Ciclomotor,Ecuador 2400,2,2,0,0,0,0,0,"-32.956944444444,-60.714305555556",Calle,,ROSARIO,Rosario,Asfalto,Pavimento,II,Dentro,Urbana,Ninguna,No existe,Recta,Bueno,Buena,Diurna,Buen Tiempo,Atropello animal,S/D,Colisión,Ninguna,Faltante,Ninguna,Sin restricción
2018,9771,2018-11-21,Miercoles,0,10:00:00,,0.0,2,"Moto/Ciclomotor,Automóvil",Ituzaingo Y San Martin,3,1,1,0,1,0,0,"-32.813,-61.3965",Calle,,CAÑADA DE GÓMEZ,Iriondo,Asfalto,No existe,X,Dentro,Urbana,Ninguna,No existe,Intersección,Bueno,Buena,Diurna,Buen Tiempo,Lateral,S/D,Colisión,S/D,"Horizontal,Vertical",Ninguna,Sin restricción
2018,9772,2018-11-25,Domingo,0,16:15:00,,0.0,2,"Moto/Ciclomotor,Camión",Gdor Saavedra - Ruta 12 Y Vilcapujio,2,1,0,0,1,0,0,"-32.766861111111,-60.740777777778",Calle,,SAN LORENZO,San Lorenzo,S/D,S/D,XVII,S/D,Urbana,S/D,S/D,S/D,S/D,S/D,S/D,S/D,S/D,S/D,Colisión,S/D,S/D,S/D,S/D
2018,9773,2018-11-04,Domingo,0,19:45:00,,0.0,2,"Moto/Ciclomotor,Automóvil",Bv. Avellaneda Y Av. Uriburu,5,2,0,0,3,0,0,"-32.991888888889,-60.689333333333",Avenida,,ROSARIO,Rosario,Asfalto,Pavimento,II,Dentro,Urbana,Ninguna,Funciona,Recta,Bueno,Buena,Nocturna,Buen Tiempo,Frontal,S/D,Colisión,Ninguna,Faltante,Barrera de hormigón,Sin restricción
2018,9774,2018-11-25,Domingo,0,05:30:00,,0.0,2,"Automóvil,Moto/Ciclomotor",Av San Lorenzo Y La Pampa,3,0,2,0,1,0,0,"-32.808166666667,-60.718722222222",Avenida,,CAPITÁN BERMÚDEZ,San Lorenzo,Asfalto,Pavimento,XVII,Dentro,Urbana,Ninguna,No existe,Recta,Bueno,Buena,Nocturna,S/D,De alcance,S/D,Colisión,Ninguna,Faltante,Ninguna,S/D
2018,9775,2018-11-04,Domingo,0,04:00:00,,0.0,2,"Moto/Ciclomotor,Automóvil",Soldado Aguirre Y San Lorenzo,3,2,0,0,1,0,0,"-33.029555555556,-60.645277777778",Calle,,VILLA GOBERNADOR GÁLVEZ,Rosario,"Asfalto,Tierra",Ripio,II,S/D,Urbana,Ninguna,No existe,Intersección,Bueno,Buena,Nocturna,Buen Tiempo,Lateral,S/D,Colisión,Material Suelto,Faltante,Cordón divisorio,Sin restricción