anio_acci,nro_acci,fecha,desc_dia,fecha_aprox,hora_aprox,desc_ruta,km,cant_participantes,desc_participante,calle_avenida_km,total,heridos_leves,heridos_graves,heridos_gravisimos,ilesos,fallecidos,sin_datos,posicion_XY,desc_tipo_via,desc_ruta_ori,desc_loc,desc_dpto,desc_tipo_calzada,desc_tipo_banquina,desc_unidad_regional,desc_lugar_calzada,desc_zona,desc_prioridad,desc_estado_semaforo,desc_lugar_via,desc_estado_via,desc_estado_visibilidad,desc_luminosidad,desc_estado_clima,desc_tipo_colision,desc_tipo_atropello,desc_tipo_hecho,desc_pres_calzada,desc_senializacion,desc_separacion_via,desc_restriccion
2018,9776,2018-11-06,Martes,0,11:30:00,,0.0,2,"Transporte de Pasajeros Urbano (> 8 asientos),Automóvil",Av Blas Parera Y Alberti,4,2,0,0,2,0,0,"-31.595388888889,-60.723055555556",Calle,,SANTA FE,La Capital,Asfalto,Pavimento,I,Dentro,Urbana,Ninguna,No existe,Intersección,Bueno,Buena,Diurna,Buen Tiempo,Lateral,S/D,Colisión,Ninguna,Horizontal,Ninguna,Sin restricción
2018,9777,2018-11-25,Domingo,0,00:15:00,Ruta Secundaria 292-s,9.0,1,Moto/Ciclomotor, ,1,1,0,0,0,0,0,"-28.625221486320, -61.612066233503",Ruta,292-s,VILLA MINETTI,9 de Julio,Asfalto,No existe,XII,S/D,Urbana,Ninguna,No existe,Recta,Bueno,Reducida,Nocturna,Buen Tiempo,S/D,S/D,Vuelco,Ninguna,Faltante,S/D,Sin restricción
2018,9778,2018-11-06,Martes,0,10:00:00,,0.0,2,"Camión Chasis,Moto/Ciclomotor",Av Blas Parera Y Azcuenaga,2,1,0,0,1,0,0,"-31.587777777778,-60.725416666667",S/D,,SANTA FE,La Capital,Asfalto,No existe,I,S/D,Urbana,S/D,Funciona,Intersección,Bueno,Buena,Diurna,S/D,S/D,S/D,S/D,Ninguna,Horizontal,S/D,S/D
2018,9779,2018-11-25,Domingo,0,18:30:00,,0.0,2,"Moto/Ciclomotor,Moto/Ciclomotor",9 de Julio Y Domingo Faustino Sarmiento,2,2,0,0,0,0,0,"-28.623569245567, -61.626357043135",Calle,,VILLA MINETTI,9 de Julio,Asfalto,No existe,XII,Dentro,Urbana,Ninguna,No existe,Intersección,Con baches,Buena,Atardecer,Buen Tiempo,Lateral,S/D,Colisión,Ninguna,Faltante,Ninguna,Sin restricción
2018,9780,2018-11-06,Martes,0,12:30:00,,0.0,2,"Moto/Ciclomotor,Automóvil",Gorriti Y Estrada,2,1,0,0,1,0,0,"-31.585805555556,-60.7135",S/D,,SANTA FE,La Capital,Asfalto,No existe,I,S/D,Urbana,Ninguna,No existe,Intersección,Bueno,Buena,Diurna,Buen Tiempo,Lateral,S/D,Colisión,Ninguna,Faltante,Ninguna,Sin restricción
2018,9781,2018-11-25,Domingo,0,20:45:00,,0.0,1,Moto/Ciclomotor,L.del Desierto 3500,1,0,1,0,0,0,0,"-32.9825,-60.681444444444",Calle,,ROSARIO,Rosario,Asfalto,No existe,II,S/D,Urbana,S/D,S/D,Recta,S/D,S/D,Nocturna,S/D,Contra objeto fijo,S/D,Colisión,S/D,S/D,Ninguna,S/D
2018,9782,2018-09-06,Jueves,0,11:00:00,Ruta Provincial 2,0.0,2,"Moto/Ciclomotor,Automóvil",Entre Rios Y Ruta pcial 2 Av San Martin,3,1,1,0,1,0,0,"-31.516978, -60.681126",Ruta,2,MONTE VERA,La Capital,"Hormigón,Ripio",Ripio,I,Dentro,Urbana,Ninguna,No existe,Intersección,Bueno,Buena,Diurna,Buen Tiempo,De alcance,S/D,Colisión,Ninguna,Faltante,Línea divisoria pintada,Sin restricción
2018,9783,2018-09-08,Sabado,0,08:50:00,Ruta Provincial 2,17.0,2,"Automóvil,Moto/Ciclomotor", ,2,1,0,0,1,0,0,"-31.427532227022, -60.672973935005",Ruta,2,ARROYO AGUIAR,La Capital,Hormigón,Natural,I,Dentro,Rural,Ninguna,No existe,Recta,Bueno,Buena,Diurna,Buen Tiempo,De alcance,S/D,Colisión,Ninguna,Faltante,Línea divisoria pintada,Sin restricción
2018,9784,2018-09-08,Sabado,0,18:30:00,Ruta Provincial 2,0.0,2,"Moto/Ciclomotor,Automóvil", ,3,2,0,0,1,0,0,"-31.539585801219, -60.688524766069",Ruta,2,MONTE VERA,La Capital,Hormigón,Natural,I,Dentro,Rural,Ninguna,No existe,Cruce,Bueno,Buena,Diurna,Buen Tiempo,De alcance,S/D,Colisión,Ninguna,Faltante,Ninguna,Sin restricción
2018,9785,2018-09-12,Miercoles,0,07:00:00,Ruta Provincial 5,0.0,2,"Automóvil,Moto/Ciclomotor", ,2,0,1,0,1,0,0,"-31.538289222444, -60.693936847058",Ruta,5,MONTE VERA,La Capital,Hormigón,Natural,I,Dentro,Urbana,Ninguna,No existe,Recta,Bueno,Buena,Amanecer,Buen Tiempo,Lateral,S/D,Colisión,Ninguna,Faltante,Ninguna,Sin restricción
2018,9786,2018-09-14,Viernes,0,11:15:00,Ruta Provincial 5,0.0,1,Moto/Ciclomotor, ,2,2,0,0,0,0,0,"-31.536503743090, -60.701403369303",Ruta,5,RECREO,La Capital,Hormigón,Natural,I,Dentro,Rural,Ninguna,No existe,Recta,Bueno,Buena,Diurna,Buen Tiempo,S/D,S/D,Caída ocupante,Ninguna,Faltante,Ninguna,Sin restricción
2018,9787,2018-09-06,Jueves,0,18:15:00,,0.0,1,Moto/Ciclomotor,Av del Rosario Y Entre Rios,1,1,0,0,0,0,0,"-32.990024, -60.774607",Avenida,,PÉREZ,Rosario,Asfalto,No existe,II,Dentro,Urbana,Ninguna,No existe,Intersección,Deteriorada,Buena,Diurna,Buen Tiempo,S/D,S/D,Despiste,Ninguna,Faltante,Ninguna,Sin restricción
2018,9788,2018-09-15,Sabado,0,00:50:00,Ruta Provincial 2,0.0,2,"Bicicleta,Moto/Ciclomotor",Ruta pcial 2 Av San Martin ,2,2,0,0,0,0,0,"-31.508421561334, -60.678132415740",Ruta,2,MONTE VERA,La Capital,Hormigón,Ripio,I,Dentro,Rural,Ninguna,No existe,Recta,Bueno,Buena,"Nocturna,Con luz artificial",Buen Tiempo,S/D,Ciclista,Atropello,Ninguna,Faltante,Línea divisoria pintada,Sin restricción
2018,9789,2018-09-18,Martes,0,08:20:00,Ruta Provincial 2,0.0,2,"Moto/Ciclomotor,Automóvil",Ruta pcial 2 Av San Martin 5800,2,1,0,0,1,0,0,"-31.517509, -60.681289",Ruta,2,MONTE VERA,La Capital,Hormigón,Ripio,I,Dentro,Urbana,Marca Vial,No existe,Intersección,Bueno,Buena,Diurna,Buen Tiempo,De alcance,S/D,Colisión,Ninguna,Faltante,Línea divisoria pintada,Sin restricción
2018,9790,2018-09-24,Lunes,0,11:45:00,,0.0,2,"Automóvil,Moto/Ciclomotor",Rio Negro Y Dr E Puccio,2,1,0,0,1,0,0,"-31.521057, -60.678106",Calle,,MONTE VERA,La Capital,Ripio,No existe,I,Dentro,Urbana,Ninguna,No existe,Intersección,Bueno,Buena,Diurna,Buen Tiempo,Lateral,S/D,Colisión,Ninguna,Faltante,Ninguna,Sin restricción
2018,9791,2018-09-18,Martes,0,20:30:00,Ruta Provincial 21,0.0,2,"Pickup/Utilitario,Moto/Ciclomotor",Lisandro de la Torre 700,2,1,0,0,1,0,0,"-33.154221, -60.504213",Ruta,21,ARROYO SECO,Rosario,Asfalto,Pavimento,II,Dentro,Urbana,Ninguna,No existe,Intersección,Ahuellamiento,Buena,"Nocturna,Con luz artificial",Buen Tiempo,Lateral,S/D,Colisión,Ninguna,Faltante,Ninguna,Sin restricción
2018,9792,2018-09-02,Domingo,0,21:20:00,,0.0,2,"Automóvil,Bicicleta",Av San Martin Y Boassi,2,1,0,0,1,0,0,"-31.308030, -60.659407",Avenida,,LAGUNA PAIVA,La Capital,Asfalto,No existe,I,Dentro,Urbana,Semáforo,Funciona,Intersección,Bueno,Buena,Nocturna,Buen Tiempo,S/D,Ciclista,Atropello,Ninguna,"Horizontal,Vertical",Cordón divisorio,Sin restricción
2018,9793,2018-09-07,Viernes,0,23:40:00,,0.0,2,"Pickup/Utilitario,Moto/Ciclomotor",Independencia Y Libertad,2,1,0,0,1,0,0,"-33.153666, -60.511593",Avenida,,ARROYO SECO,Rosario,Asfalto,No existe,II,Dentro,Urbana,Otra Señal,No existe,Intersección,"Con baches,Deteriorada",Buena,Diurna,Buen Tiempo,Lateral,S/D,Colisión,Ninguna,Vertical,Cordón divisorio,Sin restricción
2018,9794,2018-09-02,Domingo,0,23:30:00,,0.0,2,"Pickup/Utilitario,Moto/Ciclomotor",Juan B Alberdi Y 9 de Julio,2,1,0,0,1,0,0,"-31.306422, -60.664280",Calle,,LAGUNA PAIVA,La Capital,Asfalto,No existe,I,Dentro,Urbana,Ninguna,No existe,Intersección,Bueno,Buena,Nocturna,Buen Tiempo,Lateral,S/D,Colisión,Ninguna,Faltante,Ninguna,Sin restricción
2018,9795,2018-09-06,Jueves,0,16:30:00,,0.0,2,"Automóvil,Automóvil",Hipolito Irigoyen Y Mariano Moreno,2,1,0,0,1,0,0,"-33.157238, -60.513949",Calle,,ARROYO SECO,Rosario,Asfalto,No existe,II,Dentro,Urbana,Ninguna,No existe,Intersección,Bueno,Buena,Diurna,Buen Tiempo,Lateral,S/D,Colisión,Ninguna,Faltante,Ninguna,Sin restricción
2018,9796,2018-09-04,Martes,0,09:50:00,,0.0,2,"Automóvil,Moto/Ciclomotor",Maipu Y Colono,2,1,0,0,1,0,0,"-31.310580, -60.660819",Calle,,LAGUNA PAIVA,La Capital,Hormigón,No existe,I,Dentro,Urbana,Ninguna,No existe,Intersección,Bueno,Buena,Diurna,Buen Tiempo,Lateral,S/D,Colisión,Ninguna,Faltante,Ninguna,Sin restricción
2018,9797,2018-09-06,Jueves,0,22:00:00,Ruta Provincial 2,0.0,2,"Automóvil,Moto/Ciclomotor",Av L de la Torre Y San Juan,2,1,0,0,1,0,0,"-31.299179, -60.656658",Ruta,2,LAGUNA PAIVA,La Capital,Asfalto,No existe,I,Dentro,Urbana,Ninguna,No existe,Intersección,Bueno,Buena,Nocturna,Buen Tiempo,Lateral,S/D,Colisión,Ninguna,Faltante,Ninguna,Sin restricción
2018,9798,2018-09-15,Sabado,0,06:40:00,,0.0,1,Automóvil,CAMINO RURAL ,1,1,0,0,0,0,0,"-33.261475, -60.626905",Camino Rural,,ALBARELLOS,Rosario,Ripio,No existe,II,Dentro,Urbana,Ninguna,No existe,Recta,Con baches,Buena,"Amanecer,Con luz artificial",Buen Tiempo,S/D,S/D,Despiste,Material Suelto,Faltante,Ninguna,Sin restricción
2018,9799,2018-09-12,Miercoles,0,23:00:00,Ruta Provincial 18,4.0,2,"Automóvil,Automóvil", ,3,3,0,0,0,0,0,"-33.08788, -60.69934",Ruta,18,LA CAROLINA,Rosario,Asfalto,Ripio,II,Dentro,Rural,Otra Señal,No existe,Recta,Bueno,Buena,"Nocturna,Con luz artificial",Buen Tiempo,De alcance,S/D,Colisión,Ninguna,"Horizontal,Vertical",Línea divisoria pintada,Sin restricción
2018,9800,2018-09-06,Jueves,0,00:30:00,Ruta Provincial 18,1.0,2,"Automóvil,Automóvil", ,2,1,0,0,1,0,0,"-33.038242, -60.684673",Ruta,18,LA CAROLINA,Rosario,Asfalto,Ripio,II,Dentro,Rural,Otra Señal,No existe,Recta,Deteriorada,Reducida,"Nocturna,Con luz artificial",Buen Tiempo,De alcance,S/D,Colisión,Ninguna,"Horizontal,Vertical",Línea divisoria pintada,Sin restricción
2018,9801,2018-09-30,Domingo,0,06:30:00,Ruta Secundaria 26-s,3.0,1,Automóvil, ,2,0,1,0,1,0,0,"-32.659815222835, -60.857748474370",Ruta,26-s,ANDINO,Iriondo,Asfalto,Natural,X,Fuera,Rural,Ninguna,No existe,Curva,Bueno,Reducida,Amanecer,Buen Tiempo,S/D,S/D,Despiste,Ninguna,Faltante,Línea divisoria pintada,Sin restricción
2018,9802,2018-09-28,Viernes,0,13:10:00,,0.0,2,"Automóvil,Moto/Ciclomotor",Buenos Aires Y Entre Rios,2,0,0,1,1,0,0,"-32.740427247699, -61.290943113691",Calle,,BUSTINZA,Iriondo,Ripio,No existe,X,Dentro,Urbana,Ninguna,No existe,Curva,Bueno,Buena,Diurna,Buen Tiempo,S/D,S/D,Colisión,Material Suelto,Faltante,Ninguna,Sin restricción
2018,9803,2018-09-07,Viernes,0,18:45:00,,0.0,2,"Automóvil,Bicicleta",Montevideo Y Constitucion,2,1,0,0,1,0,0,"-32.949766, -60.676141",Calle,,ROSARIO,Rosario,Asfalto,No existe,II,Dentro,Urbana,Ninguna,No existe,Intersección,Con baches,Buena,Atardecer,Buen Tiempo,S/D,Ciclista,Atropello,Ninguna,Faltante,Ninguna,Sin restricción
2018,9804,2018-09-23,Domingo,0,01:10:00,,0.0,1,Automóvil,Gral Roca Y Santa Fe,2,1,0,0,1,0,0,"-32.570100, -60.853665",Calle,,OLIVEROS,Iriondo,Asfalto,No existe,X,Dentro,Urbana,Ninguna,No existe,Intersección,Bueno,Buena,Nocturna,Buen Tiempo,Contra objeto fijo,S/D,Colisión,S/D,Faltante,Ninguna,Sin restricción
2018,9805,2018-09-15,Sabado,0,15:45:00,,0.0,2,"Moto/Ciclomotor,Automóvil",Constitucion Y Av. Pte.Peron,2,0,1,0,1,0,0,"-32.956971, -60.677941",Avenida,,ROSARIO,Rosario,Asfalto,No existe,II,Dentro,Urbana,Semáforo,Funciona,Intersección,Bueno,Buena,Diurna,Buen Tiempo,Lateral,S/D,Colisión,Ninguna,"Horizontal,Vertical","Cordón divisorio,Línea divisoria pintada",Sin restricción
2018,9806,2018-09-27,Jueves,0,21:45:00,,0.0,2,"Moto/Ciclomotor,Automóvil",Av. Pellegrini Y P.L.Funes,3,2,0,0,1,0,0,"-32.948196002116,-60.700868528971",Avenida,,ROSARIO,Rosario,Asfalto,No existe,II,Dentro,Urbana,Semáforo,Funciona,Intersección,Bueno,Buena,Nocturna,Buen Tiempo,Lateral,S/D,Colisión,Ninguna,Vertical,"Cordón divisorio,Línea divisoria pintada",Sin restricción
2018,9807,2018-09-21,Viernes,0,01:50:00,,0.0,2,"Automóvil,Automóvil",Garzon Y Av. Eva Peron,2,1,0,0,1,0,0,"-32.934288, -60.705948",Avenida,,ROSARIO,Rosario,Asfalto,No existe,II,Dentro,Urbana,Semáforo,Funciona,Intersección,Bueno,Buena,"Nocturna,Con luz artificial",Buen Tiempo,Lateral,S/D,Colisión,Ninguna,"Horizontal,Vertical","Cordón divisorio,Vegetación,Línea divisoria pintada",Sin restricción
2018,9808,2018-09-19,Miercoles,0,,,0.0,2,"Moto/Ciclomotor,Pickup/Utilitario",Tte.Agneta Y Av. Eva Peron,3,2,0,0,1,0,0,"-32.935360, -60.700033",Avenida,,ROSARIO,Rosario,Asfalto,No existe,II,Dentro,Urbana,Paso Peatonal,No existe,Intersección,Bueno,Buena,S/D,Buen Tiempo,Lateral,S/D,Colisión,Ninguna,Horizontal,Cordón divisorio,Sin restricción
2018,9809,2018-11-22,Jueves,0,18:45:00,,0.0,2,"Automóvil,Moto/Ciclomotor",Necochea 520,2,0,1,0,1,0,0,"-32.816472222222,-61.388416666667",Calle,,CAÑADA DE GÓMEZ,Iriondo,Asfalto,No existe,X,S/D,Urbana,Ninguna,No existe,Recta,Bueno,Buena,Diurna,Buen Tiempo,De alcance,S/D,Colisión,S/D,S/D,Ninguna,Sin restricción
2018,9810,2018-11-23,Viernes,0,18:55:00,,0.0,1,Bicicleta,Ituzaingo Y Moreno,1,1,0,0,0,0,0,"-32.81325,-61.395166666667",Calle,,CAÑADA DE GÓMEZ,Iriondo,Asfalto,No existe,X,Fuera,Urbana,Ninguna,No existe,Intersección,Bueno,Buena,Atardecer,Buen Tiempo,Lateral,S/D,Colisión,Otro,Vertical,Ninguna,Sin restricción
2018,9811,2018-11-23,Viernes,0,15:50:00,,0.0,2,"Automóvil,Moto/Ciclomotor",Necochea Y E.Zeballos,2,1,0,0,1,0,0,"-32.957527777778,-60.626361111111",Calle,,ROSARIO,Rosario,S/D,S/D,II,S/D,Urbana,Ninguna,No existe,Intersección,S/D,S/D,Diurna,S/D,S/D,S/D,Colisión,S/D,S/D,S/D,Sin restricción
2018,9812,2018-11-25,Domingo,0,07:15:00,,0.0,2,"Moto/Ciclomotor,Automóvil",San Nicolas Y Catamarca,2,1,0,0,1,0,0,"-32.934472222222,-60.670861111111",Calle,,ROSARIO,Rosario,S/D,S/D,II,S/D,Urbana,S/D,S/D,Intersección,S/D,S/D,Diurna,S/D,S/D,S/D,Colisión,S/D,S/D,S/D,S/D
2018,9814,2018-11-23,Viernes,0,17:50:00,,0.0,2,"Automóvil,Moto/Ciclomotor",Necochea Y La Paz,3,2,0,0,1,0,0,"-32.966666666667,-60.628611111111",Calle,,ROSARIO,Rosario,Asfalto,S/D,II,S/D,Urbana,Ninguna,S/D,Intersección,S/D,S/D,Diurna,S/D,S/D,S/D,Colisión,S/D,S/D,S/D,Sin restricción
2018,9815,2018-11-25,Domingo,0,06:15:00,,0.0,2,"Moto/Ciclomotor,Moto/Ciclomotor",Bv Belgrano Y Sgto Cabral,3,3,0,0,0,0,0,"-32.943083333333,-60.634305555556",Calle,,CALCHAQUÍ,Vera,Asfalto,No existe,XIX,S/D,Urbana,Ninguna,No existe,Intersección,Bueno,Buena,Diurna,Buen Tiempo,S/D,S/D,Colisión,Ninguna,Faltante,Ninguna,Sin restricción
2018,9816,2018-11-01,Jueves,0,18:15:00,,0.0,2,"Moto/Ciclomotor,Automóvil",12 de Octubre Y Bv San diego,2,1,0,0,1,0,0,"-33.01875,-60.615972222222",Calle,,VILLA GOBERNADOR GÁLVEZ,Rosario,Asfalto,No existe,II,Dentro,Urbana,Ninguna,No existe,Intersección,Bueno,Buena,Diurna,Buen Tiempo,Lateral,S/D,Colisión,Ninguna,Faltante,Ninguna,Sin restricción
2018,9817,2018-11-25,Domingo,0,19:30:00,,0.0,2,"Automóvil,Automóvil",L de la Torre Y Mitre B,3,1,0,0,2,0,0,"-29.464083333333,-60.215194444444",Calle,,VERA,Vera,Asfalto,No existe,XIX,Dentro,Urbana,Ninguna,No existe,Intersección,Bueno,Buena,Atardecer,Buen Tiempo,Frontal,S/D,Colisión,Agua,Faltante,Ninguna,Sin restricción
2018,9818,2018-11-23,Viernes,0,15:45:00,,0.0,2,"Moto/Ciclomotor,Automóvil",Pte.Roca Y GÁLVEZ,3,2,0,0,1,0,0,"-32.9675,-60.65075",Calle,,ROSARIO,Rosario,Asfalto,No existe,II,S/D,Urbana,S/D,S/D,Intersección,S/D,Buena,Diurna,S/D,S/D,S/D,Colisión,S/D,S/D,S/D,Sin restricción
2018,9819,2018-11-25,Domingo,0,22:55:00,,0.0,2,"Moto/Ciclomotor,Automóvil",Cordoba Y Av. Ovidio Lagos,2,1,0,0,1,0,0,"-32.94225,-60.661444444444",Calle,,ROSARIO,Rosario,S/D,S/D,II,S/D,Urbana,S/D,S/D,Intersección,S/D,S/D,Nocturna,S/D,S/D,S/D,Colisión,S/D,S/D,S/D,S/D
2018,9820,2018-11-03,Sabado,0,13:55:00,,0.0,2,"Automóvil,Automóvil",CAMINO DEL INMIGRANTE Y ECUADOR,4,2,0,0,2,0,0,"-33.03226, -60.60217",Calle,,VILLA GOBERNADOR GÁLVEZ,Rosario,Asfalto,No existe,II,Dentro,Urbana,Ninguna,No existe,Intersección,Bueno,Buena,Diurna,Buen Tiempo,Lateral,S/D,Colisión,Ninguna,Faltante,Ninguna,Sin restricción
2018,9821,2018-11-05,Lunes,0,11:50:00,,0.0,2,"Moto/Ciclomotor,Automóvil",Bv San diego 900,2,1,0,0,1,0,0,"-33.019027777778,-60.624583333333",Calle,,VILLA GOBERNADOR GÁLVEZ,Rosario,Asfalto,S/D,II,Dentro,Urbana,Ninguna,No existe,Recta,Bueno,Buena,Diurna,Buen Tiempo,Lateral,S/D,Colisión,Ninguna,Faltante,Ninguna,Sin restricción
2018,9822,2018-11-25,Domingo,0,11:30:00,,0.0,2,"Moto/Ciclomotor,Automóvil",Av Pe?aloza Y Callejon Aguirre,2,1,0,0,1,0,0,"-31.583027777778,-60.711333333333",Avenida,,SANTA FE,La Capital,S/D,S/D,I,S/D,Urbana,S/D,S/D,S/D,S/D,S/D,S/D,S/D,S/D,S/D,Colisión,S/D,S/D,S/D,S/D
2018,9823,2018-11-06,Martes,0,18:50:00,,0.0,2,"Moto/Ciclomotor,Automóvil",17 de Octubre Y Bv San diego,3,2,0,0,1,0,0,"-33.0185,-60.609083333333",Calle,,VILLA GOBERNADOR GÁLVEZ,Rosario,Asfalto,No existe,II,Dentro,Urbana,Ninguna,No existe,Intersección,Bueno,Buena,Atardecer,Buen Tiempo,Lateral,S/D,Colisión,Ninguna,Faltante,Ninguna,Sin restricción
2018,9824,2018-11-25,Domingo,0,02:00:00,,0.0,2,"Moto/Ciclomotor,Moto/Ciclomotor",Av Blas Parera Y French,6,2,0,0,3,0,1,"-31.585805555556,-60.725638888889",Calle,,SANTA FE,La Capital,Asfalto,Pavimento,I,S/D,Urbana,Semáforo,Funciona,Intersección,Bueno,Buena,Nocturna,Buen Tiempo,Lateral,S/D,Colisión,Ninguna,"Horizontal,Vertical",Cordón divisorio,Sin restricción
2018,9825,2018-11-07,Miercoles,0,10:00:00,,0.0,2,"Moto/Ciclomotor,Camión Chasis",Av Gral San Martin Y Av Pe?aloza,2,1,0,0,1,0,0,"-33.039722222222,-60.612388888889",Calle,,VILLA GOBERNADOR GÁLVEZ,Rosario,Asfalto,No existe,II,Dentro,Urbana,Ninguna,No existe,Intersección,Bueno,Buena,Diurna,Buen Tiempo,Lateral,S/D,Colisión,Ninguna,Faltante,Ninguna,Sin restricción
2018,9826,2018-11-25,Domingo,0,22:20:00,,0.0,2,"Automóvil,Moto/Ciclomotor",J P Lopez Y Guemes,2,1,0,0,1,0,0,"-31.611222222222,-60.681083333333",Calle,,SANTA FE,La Capital,Asfalto,No existe,I,S/D,Urbana,Ninguna,No existe,Intersección,Bueno,Reducida,Nocturna,Buen Tiempo,Lateral,S/D,Colisión,Ninguna,S/D,Ninguna,Sin restricción
2018,9827,2018-09-05,Miercoles,0,10:00:00,Ruta Provincial 14,0.0,3,"Automóvil,Automóvil,Automóvil",Ruta Prov 14 Y Santa Fe,3,1,0,0,2,0,0,"-33.001836, -60.752217",Ruta,14,PÉREZ,Rosario,Asfalto,Ripio,II,Dentro,Urbana,S/D,No existe,Recta,Deteriorada,Buena,Diurna,S/D,Múltiple,S/D,Colisión,Otro,Faltante,Ninguna,S/D
2018,9828,2018-09-12,Miercoles,0,11:30:00,Ruta Nacional 33,0.0,2,"Camión c / Acoplado,Moto/Ciclomotor",Av San Martin Y Morelli,4,2,0,0,2,0,0,"-32.999665, -60.772969",Ruta,33,PÉREZ,Rosario,Asfalto,No existe,II,Dentro,Urbana,Semáforo,Funciona,Curva,Bueno,Buena,Diurna,Buen Tiempo,Lateral,S/D,Colisión,Ninguna,Vertical,Ninguna,Sin restricción
2018,9829,2018-09-13,Jueves,0,10:30:00,,0.0,2,"Automóvil,Automóvil",Av 9 de Julio Y 25 de Mayo,2,1,0,0,1,0,0,"-32.995222, -60.771724",Avenida,,PÉREZ,Rosario,Asfalto,No existe,II,Dentro,Urbana,Ninguna,No existe,Intersección,Bueno,Buena,Diurna,Buen Tiempo,Lateral,S/D,Colisión,Ninguna,Faltante,Ninguna,Sin restricción
2018,9830,2018-09-22,Sabado,0,06:00:00,Ruta Nacional 33,0.0,2,"Automóvil,Camión Chasis",Ruta Nac 33 Y D F Sarmiento,7,4,0,0,3,0,0,"-32.999420, -60.774952",Ruta,33,PÉREZ,Rosario,Asfalto,No existe,II,Dentro,Urbana,Ninguna,No existe,Curva,Otro,Buena,Amanecer,Buen Tiempo,Lateral,S/D,Colisión,Ninguna,Faltante,Ninguna,Sin restricción
2018,9831,2018-09-04,Martes,0,20:00:00,,0.0,2,"Moto/Ciclomotor,Automóvil",Cerrito Y Liniers,2,1,0,0,1,0,0,"-32.952965, -60.698063",Calle,,ROSARIO,Rosario,Asfalto,No existe,II,Dentro,Urbana,Ninguna,No existe,Intersección,Bueno,Buena,Nocturna,Buen Tiempo,Lateral,S/D,Colisión,Ninguna,Faltante,Ninguna,Sin restricción
2018,9832,2018-09-21,Viernes,0,19:15:00,,0.0,1,Moto/Ciclomotor,Gral Roca Y Santa Fe,1,0,1,0,0,0,0,"-32.570104, -60.853661",Calle,,OLIVEROS,Iriondo,Asfalto,No existe,X,Dentro,Urbana,Ninguna,No existe,Recta,S/D,S/D,Atardecer,S/D,S/D,S/D,Caída ocupante,S/D,Faltante,Ninguna,S/D
2018,9833,2018-09-03,Lunes,0,12:56:00,,0.0,2,"Moto/Ciclomotor,Automóvil",Mendoza Y Colombia,3,1,0,0,2,0,0,"-32.940280, -60.716148",Calle,,ROSARIO,Rosario,Asfalto,No existe,II,Dentro,Urbana,Paso Peatonal,No existe,Intersección,Bueno,Buena,Diurna,Buen Tiempo,Lateral,S/D,Colisión,Ninguna,Horizontal,"Cordón divisorio,Línea divisoria pintada",Sin restricción
2018,9834,2018-09-10,Lunes,0,00:25:00,Ruta Nacional 9,356.0,1,Camión c / Acoplado, ,1,1,0,0,0,0,0,"-32.855131803377, -61.216577618882",Ruta,9,CORREA,Iriondo,Asfalto,Pavimento,X,Dentro,Rural,Ninguna,No existe,Recta,Con baches,Reducida,Nocturna,Buen Tiempo,S/D,S/D,"Vuelco,Despiste",S/D,Faltante,Línea divisoria pintada,Sin restricción
2018,9835,2018-09-05,Miercoles,0,07:45:00,,0.0,2,"Moto/Ciclomotor,Automóvil",Mendoza Y Magallanes,2,1,0,0,1,0,0,"-32.940040, -60.704520",Avenida,,ROSARIO,Rosario,Asfalto,No existe,II,Dentro,Urbana,Semáforo,Funciona,Intersección,Bueno,Buena,Amanecer,Buen Tiempo,Lateral,S/D,Colisión,Ninguna,"Horizontal,Vertical",Cordón divisorio,Sin restricción
2018,9836,2018-09-28,Viernes,0,14:10:00,,0.0,2,"Moto/Ciclomotor,Moto/Ciclomotor",Belgrano Y Santa Fe,2,1,0,0,1,0,0,"-32.849742, -61.252525",Calle,,CORREA,Iriondo,Asfalto,No existe,X,Dentro,Urbana,Ninguna,No existe,Intersección,S/D,S/D,Diurna,Buen Tiempo,Lateral,S/D,Colisión,S/D,Faltante,Ninguna,Sin restricción
2018,9837,2018-09-01,Sabado,0,22:40:00,,0.0,2,"Moto/Ciclomotor,Otros",Cullen Y Cerrito,2,1,0,0,0,0,1,"-32.953253, -60.708576",Calle,,ROSARIO,Rosario,Asfalto,No existe,II,Dentro,Urbana,Ninguna,No existe,Intersección,Bueno,Buena,Nocturna,Buen Tiempo,Lateral,S/D,Colisión,Ninguna,Faltante,Ninguna,Sin restricción
2018,9838,2018-09-21,Viernes,0,12:15:00,,0.0,2,"Automóvil,Moto/Ciclomotor",Manuel Belgrano Y Las Heras,2,0,1,0,1,0,0,"-32.585821, -61.173697",Calle,,TOTORAS,Iriondo,Asfalto,No existe,X,Dentro,Urbana,Otra Señal,No existe,Intersección,Bueno,Buena,Diurna,Buen Tiempo,Lateral,S/D,Colisión,S/D,Vertical,Ninguna,Sin restricción