anio_acci,nro_acci,fecha,desc_dia,fecha_aprox,hora_aprox,desc_ruta,km,cant_participantes,desc_participante,calle_avenida_km,total,heridos_leves,heridos_graves,heridos_gravisimos,ilesos,fallecidos,sin_datos,posicion_XY,desc_tipo_via,desc_ruta_ori,desc_loc,desc_dpto,desc_tipo_calzada,desc_tipo_banquina,desc_unidad_regional,desc_lugar_calzada,desc_zona,desc_prioridad,desc_estado_semaforo,desc_lugar_via,desc_estado_via,desc_estado_visibilidad,desc_luminosidad,desc_estado_clima,desc_tipo_colision,desc_tipo_atropello,desc_tipo_hecho,desc_pres_calzada,desc_senializacion,desc_separacion_via,desc_restriccion
2018,9839,2018-09-30,Domingo,0,03:30:00,,0.0,2,"Automóvil,Bicicleta",25 de Mayo Y Balcarce,2,1,0,0,1,0,0,"-32.581556, -61.165311",Calle,,TOTORAS,Iriondo,Asfalto,No existe,X,Dentro,Urbana,Ninguna,No existe,Intersección,Bueno,S/D,"Nocturna,Con luz artificial",Buen Tiempo,S/D,Ciclista,Atropello,S/D,Faltante,Ninguna,Sin restricción
2018,9840,2018-09-29,Sabado,0,20:15:00,,0.0,2,"Automóvil,Moto/Ciclomotor",Riobamba Y Pascual Rosas,2,0,1,0,1,0,0,"-32.953887, -60.689998",Calle,,ROSARIO,Rosario,Asfalto,No existe,II,Dentro,Urbana,Ninguna,No existe,Intersección,Bueno,Buena,Nocturna,Buen Tiempo,S/D,S/D,Colisión,Ninguna,Faltante,Ninguna,Sin restricción
2018,9841,2018-09-16,Domingo,0,17:00:00,,0.0,2,"Moto/Ciclomotor,Moto/Ciclomotor",Urquiza 755,2,2,0,0,0,0,0,"-32.829599, -61.394920",Calle,,CAÑADA DE GÓMEZ,Iriondo,Hormigón,No existe,X,Dentro,Urbana,S/D,S/D,Recta,Bueno,Buena,Diurna,Buen Tiempo,S/D,S/D,Colisión,S/D,S/D,Ninguna,S/D
2018,9842,2018-09-25,Martes,0,17:10:00,,0.0,2,"Moto/Ciclomotor,Automóvil",Viamonte Y Av. Francia,4,1,1,0,2,0,0,"-32.960431, -60.670215",Avenida,,ROSARIO,Rosario,Asfalto,No existe,II,Dentro,Urbana,Otra Señal,No existe,Intersección,Bueno,Buena,Diurna,Buen Tiempo,S/D,S/D,Colisión,Ninguna,"Horizontal,Vertical","Cordón divisorio,Vegetación,Línea divisoria pintada",Sin restricción
2018,9843,2018-09-28,Viernes,0,00:30:00,,0.0,2,"Automóvil,Moto/Ciclomotor",Urquiza 755,2,1,0,0,1,0,0,"-32.829599, -61.394920",Calle,,CAÑADA DE GÓMEZ,Iriondo,Hormigón,No existe,X,Dentro,Urbana,S/D,S/D,Recta,Bueno,Buena,Diurna,S/D,S/D,S/D,Colisión,S/D,S/D,Ninguna,S/D
2018,9844,2018-09-26,Miercoles,0,14:15:00,,0.0,2,"Automóvil,Moto/Ciclomotor",Ocampo Y Fraga,5,2,0,0,3,0,0,"-32.957965, -60.709563",Calle,,ROSARIO,Rosario,Asfalto,No existe,II,Dentro,Urbana,Ninguna,No existe,Recta,Bueno,Buena,Diurna,Buen Tiempo,S/D,S/D,Colisión,Ninguna,Faltante,Ninguna,Sin restricción
2018,9845,2018-09-08,Sabado,0,06:00:00,,0.0,2,"Moto/Ciclomotor,Moto/Ciclomotor",Necochea 1135,3,2,0,0,1,0,0,"-32.814931, -61.397523",Calle,,CAÑADA DE GÓMEZ,Iriondo,Asfalto,No existe,X,Dentro,Urbana,Ninguna,No existe,Recta,Bueno,Buena,Nocturna,Buen Tiempo,Frontal,S/D,Colisión,Ninguna,Faltante,Ninguna,Sin restricción
2018,9846,2018-09-24,Lunes,0,12:10:00,,0.0,2,"Moto/Ciclomotor,Automóvil",Valparaiso Y La Paz,2,2,0,0,0,0,0,"-32.956329, -60.686372",Calle,,ROSARIO,Rosario,Asfalto,No existe,II,Dentro,Urbana,Ninguna,No existe,Intersección,Bueno,Buena,Diurna,Buen Tiempo,Lateral,S/D,Colisión,Ninguna,Faltante,Ninguna,Sin restricción
2018,9847,2018-09-12,Miercoles,0,11:25:00,Ruta Provincial 91,0.0,2,"Automóvil,Bicicleta",Bv. Balcarce Y San Martin,2,1,0,0,0,0,1,"-32.821010, -61.398434",Ruta,91,CAÑADA DE GÓMEZ,Iriondo,Asfalto,No existe,X,Dentro,Urbana,Ninguna,No existe,Intersección,Bueno,Buena,Diurna,Buen Tiempo,S/D,Ciclista,Atropello,Otro,Faltante,Cordón divisorio,Sin restricción
2018,9848,2018-09-23,Domingo,0,19:15:00,,0.0,2,"Moto/Ciclomotor,Automóvil",Rivarola 6900,3,3,0,0,0,0,0,"-32.965814, -60.714317",Avenida,,ROSARIO,Rosario,Asfalto,No existe,II,Dentro,Urbana,Ninguna,No existe,Recta,Bueno,Buena,Nocturna,Buen Tiempo,S/D,S/D,Colisión,Ninguna,Faltante,Ninguna,Sin restricción
2018,9849,2018-09-12,Miercoles,0,15:15:00,,0.0,2,"Moto/Ciclomotor,Moto/Ciclomotor",Bv. Balcarce Y Espa?a,2,1,0,0,1,0,0,"-32.821812, -61.393687",Avenida,,CAÑADA DE GÓMEZ,Iriondo,Asfalto,No existe,X,Dentro,Urbana,Señal Pare,No existe,Intersección,Bueno,Buena,Diurna,Buen Tiempo,Lateral,S/D,Colisión,Material Suelto,Vertical,Ninguna,Sin restricción
2018,9850,2018-09-12,Miercoles,0,18:00:00,,0.0,2,"Automóvil,Moto/Ciclomotor",Moreno Y Bv. Balcarce,2,1,0,0,1,0,0,"-32.821227, -61.397071",Avenida,,CAÑADA DE GÓMEZ,Iriondo,Asfalto,No existe,X,Dentro,Urbana,Ninguna,No existe,Intersección,Bueno,Buena,Diurna,Buen Tiempo,De alcance,S/D,Colisión,Ninguna,Faltante,Ninguna,Sin restricción
2018,9851,2018-09-23,Domingo,0,06:50:00,,0.0,1,Moto/Ciclomotor,Saavedra Y Calle 1825,1,1,0,0,0,0,0,"-32.969674, -60.711374",Calle,,ROSARIO,Rosario,Asfalto,No existe,II,Dentro,Urbana,Paso Peatonal,No existe,Intersección,Bueno,Buena,Amanecer,Buen Tiempo,Atropello animal,S/D,Colisión,Ninguna,"Horizontal,Vertical",Cordón divisorio,Sin restricción
2018,9852,2018-09-21,Viernes,0,20:35:00,,0.0,2,"Automóvil,Moto/Ciclomotor",Gutenberg Y Pje. De Nito,3,1,0,0,2,0,0,"-32.950188, -60.690479",Calle,,ROSARIO,Rosario,Asfalto,No existe,II,Dentro,Urbana,Ninguna,No existe,Recta,Bueno,Buena,Nocturna,Buen Tiempo,S/D,S/D,Colisión,Ninguna,Faltante,Ninguna,Sin restricción
2018,9853,2018-09-20,Jueves,0,16:20:00,,0.0,2,"Pickup/Utilitario,Moto/Ciclomotor",7 de Octubre Y Laprida,3,1,0,0,1,0,1,"-32.818257, -61.403382",Calle,,CAÑADA DE GÓMEZ,Iriondo,Asfalto,No existe,X,Dentro,Urbana,Ninguna,No existe,Intersección,Bueno,Buena,Diurna,Buen Tiempo,Lateral,S/D,Colisión,S/D,Faltante,Ninguna,Sin restricción
2018,9854,2018-09-26,Miercoles,0,14:05:00,,0.0,2,"Automóvil,Moto/Ciclomotor",Independencia Y Rivadavia,2,1,0,0,1,0,0,"-32.815703, -61.407125",Calle,,CAÑADA DE GÓMEZ,Iriondo,Asfalto,No existe,X,Dentro,Urbana,Ninguna,No existe,Intersección,Bueno,Buena,Diurna,Buen Tiempo,Lateral,S/D,Colisión,S/D,Faltante,Ninguna,Sin restricción
2018,9855,2018-09-18,Martes,0,14:30:00,Autopista Nacional 33,0.0,2,"Automóvil,Vehículo Oficial",Av. Pte.Peron Y Av. Circunvalacion,4,1,0,0,3,0,0,"-32.970368, -60.716109",Autopista,33,ROSARIO,Rosario,Asfalto,No existe,II,Dentro,Urbana,Semáforo,Funciona,Intersección,Bueno,Buena,Diurna,Buen Tiempo,S/D,S/D,Colisión,Ninguna,Vertical,Cordón divisorio,Sin restricción
2018,9856,2018-09-26,Miercoles,0,,,0.0,2,"Moto/Ciclomotor,Automóvil",Quintana Y Almte. Brown,2,1,0,0,1,0,0,"-32.815713, -61.400003",Calle,,CAÑADA DE GÓMEZ,Iriondo,Asfalto,No existe,X,Dentro,Urbana,Ninguna,No existe,Intersección,Bueno,Buena,Diurna,Buen Tiempo,S/D,S/D,Colisión,S/D,Faltante,Ninguna,Sin restricción
2018,9857,2018-09-26,Miercoles,0,10:25:00,,0.0,2,"Automóvil,Moto/Ciclomotor",Almte. Brown Y Laprida,2,1,0,0,1,0,0,"-32.815282, -61.402696",Calle,,CAÑADA DE GÓMEZ,Iriondo,Asfalto,No existe,X,Dentro,Urbana,Ninguna,No existe,Intersección,Bueno,Buena,Diurna,Buen Tiempo,Lateral,S/D,Colisión,Ninguna,Faltante,Ninguna,Obra en Construcción
2018,9858,2018-09-17,Lunes,0,09:30:00,,0.0,2,"Moto/Ciclomotor,Automóvil",Viamonte Y Gutenberg,2,1,0,0,1,0,0,"-32.956497, -60.692047",Calle,,ROSARIO,Rosario,Asfalto,No existe,II,Dentro,Urbana,Ninguna,No existe,Recta,Bueno,Buena,Diurna,Buen Tiempo,S/D,S/D,Colisión,Ninguna,Faltante,Ninguna,Sin restricción
2018,9859,2018-09-29,Sabado,0,21:20:00,,0.0,2,"Automóvil,Bicicleta",Boulevard Centenario Y Laprida,2,1,0,0,1,0,0,"-32.812986, -61.402132",Calle,,CAÑADA DE GÓMEZ,Iriondo,Asfalto,No existe,X,Dentro,Urbana,Ninguna,Funciona,Intersección,Bueno,S/D,Nocturna,Buen Tiempo,Lateral,S/D,Colisión,S/D,Faltante,Ninguna,Sin restricción
2018,9860,2018-09-30,Domingo,0,03:20:00,,0.0,2,"Automóvil,Moto/Ciclomotor",Bv. Balcarce 1441,3,2,0,0,1,0,0,"-32.820198, -61.403136",Avenida,,CAÑADA DE GÓMEZ,Iriondo,Asfalto,No existe,X,Dentro,Urbana,Ninguna,No existe,Recta,Bueno,Buena,Con luz artificial,Buen Tiempo,De alcance,S/D,Colisión,S/D,Faltante,Cordón divisorio,Sin restricción
2018,9861,2018-09-21,Viernes,0,11:30:00,,0.0,2,"Moto/Ciclomotor,Camión c / Acoplado",Amenabar Y Av. Provincias Unidas,3,1,0,0,2,0,0,"-32.963967, -60.711579",Avenida,,ROSARIO,Rosario,Asfalto,No existe,II,Dentro,Urbana,Ninguna,No existe,Intersección,Bueno,Buena,Diurna,Buen Tiempo,Lateral,S/D,Colisión,Ninguna,Faltante,Ninguna,Sin restricción
2018,9862,2018-09-18,Martes,0,13:00:00,,0.0,2,"Moto/Ciclomotor,Taxi/Remis",Iriondo Y GÁLVEZ,2,1,0,0,1,0,0,"-32.963134, -60.675249",Calle,,ROSARIO,Rosario,Asfalto,No existe,II,Dentro,Urbana,Ninguna,No existe,Intersección,Bueno,Buena,Diurna,Buen Tiempo,S/D,S/D,Colisión,Ninguna,Faltante,Ninguna,Sin restricción
2018,9863,2018-09-15,Sabado,0,14:50:00,,0.0,2,"Moto/Ciclomotor,Automóvil",Pje. Volta Y Colombia,2,2,0,0,0,0,0,"-32.958724, -60.715158",Calle,,ROSARIO,Rosario,Asfalto,No existe,II,Dentro,Urbana,Ninguna,No existe,Recta,Bueno,Buena,Diurna,Buen Tiempo,Lateral,S/D,Colisión,Ninguna,Faltante,Ninguna,Sin restricción
2018,9864,2018-09-15,Sabado,0,21:00:00,,0.0,2,"Automóvil,Bicicleta",Av. Provincias Unidas 2800,2,0,1,0,1,0,0,"-32.960356, -60.711731",Avenida,,ROSARIO,Rosario,Asfalto,No existe,II,Dentro,Urbana,Ninguna,No existe,Recta,Bueno,Buena,Nocturna,Buen Tiempo,S/D,Ciclista,Atropello,Ninguna,Faltante,Ninguna,Sin restricción
2018,9865,2018-11-09,Viernes,0,,,0.0,2,"Automóvil,Bicicleta",Junin 1900,3,1,0,0,2,0,0,"-32.926916666667,-60.688583333333",Calle,,ROSARIO,Rosario,S/D,S/D,II,S/D,Urbana,S/D,S/D,Recta,S/D,S/D,S/D,S/D,S/D,Ciclista,Atropello,S/D,S/D,S/D,S/D
2018,9866,2018-11-23,Viernes,0,16:50:00,,0.0,2,"Pickup/Utilitario,Moto/Ciclomotor",3 De Febrero Y Iriondo,2,1,0,0,1,0,0,"-32.947166666667,-60.671222222222",Calle,,ROSARIO,Rosario,Asfalto,S/D,II,S/D,Urbana,Ninguna,S/D,Intersección,S/D,S/D,Diurna,S/D,S/D,S/D,Colisión,S/D,S/D,Ninguna,Sin restricción
2018,9867,2018-11-22,Jueves,0,17:30:00,,0.0,3,"Automóvil,Automóvil,Bicicleta",Cordoba 3200,3,1,0,0,2,0,0,"-32.941277777778,-60.666888888889",Calle,,ROSARIO,Rosario,S/D,S/D,II,S/D,Urbana,S/D,S/D,Recta,S/D,S/D,Diurna,S/D,S/D,Ciclista,Atropello,S/D,S/D,S/D,S/D
2018,9868,2018-11-03,Sabado,0,16:00:00,,0.0,2,"Moto/Ciclomotor,Automóvil",Rivadavia Y Hernandarias,3,2,0,0,1,0,0,"-31.60775,-60.692777777778",Calle,,SANTA FE,La Capital,Asfalto,No existe,I,S/D,Urbana,Ninguna,No existe,Intersección,Bueno,Buena,Diurna,Buen Tiempo,Lateral,S/D,Colisión,Ninguna,S/D,Ninguna,Sin restricción
2018,9869,2018-11-09,Viernes,0,,,0.0,2,"Automóvil,Moto/Ciclomotor",Bv. Segui Y Callao,2,1,0,0,1,0,0,"-32.97525,-60.668361111111",Calle,,ROSARIO,Rosario,S/D,S/D,II,S/D,Urbana,S/D,S/D,Intersección,S/D,S/D,S/D,S/D,S/D,S/D,Colisión,S/D,S/D,S/D,S/D
2018,9870,2018-11-19,Lunes,0,22:45:00,,0.0,1,Transporte de Pasajeros Urbano (> 8 asientos),Cafferata 700,2,1,0,0,1,0,0,"-32.939166666667,-60.670638888889",Calle,,ROSARIO,Rosario,S/D,S/D,II,S/D,Urbana,S/D,S/D,Intersección,S/D,S/D,"Nocturna,Con luz artificial",S/D,S/D,S/D,Caída ocupante,S/D,S/D,S/D,S/D
2018,9871,2018-11-09,Viernes,0,,,0.0,2,"Moto/Ciclomotor,Moto/Ciclomotor",Bolivia Y Bv. 27 De Febrero,2,1,0,0,1,0,0,"-32.959305555556,-60.713083333333",Calle,,ROSARIO,Rosario,S/D,S/D,II,S/D,Urbana,S/D,S/D,Intersección,S/D,S/D,S/D,S/D,S/D,S/D,Colisión,S/D,S/D,S/D,S/D
2018,9872,2018-11-25,Domingo,0,18:45:00,,0.0,2,"Pickup/Utilitario,Moto/Ciclomotor",Alberdi Y Emilio Zola,5,4,0,0,1,0,0,"-33.030567240453, -60.623972121013",Calle,,VILLA GOBERNADOR GÁLVEZ,Rosario,Asfalto,No existe,II,S/D,Urbana,Ninguna,No existe,Intersección,Bueno,Buena,Atardecer,Buen Tiempo,S/D,S/D,Colisión,Ninguna,Faltante,Ninguna,Sin restricción
2018,9873,2018-11-04,Domingo,0,16:20:00,,0.0,2,"Moto/Ciclomotor,Pickup/Utilitario",Sarmiento Y Llerena,3,1,0,0,2,0,0,"-31.61575,-60.686916666667",Calle,,SANTA FE,La Capital,Asfalto,No existe,I,S/D,Urbana,Ninguna,No existe,Intersección,Bueno,Buena,Diurna,Buen Tiempo,Lateral,S/D,Colisión,Ninguna,S/D,Ninguna,Sin restricción
2018,9874,2018-11-19,Lunes,0,19:30:00,,0.0,2,"Automóvil,Moto/Ciclomotor",Bv. Oro?o Y Mariano Moreno A,2,1,0,0,1,0,0,"-32.97526, -60.66113",Calle,,ROSARIO,Rosario,Asfalto,S/D,II,S/D,Urbana,S/D,S/D,Intersección,S/D,S/D,Atardecer,S/D,S/D,S/D,Colisión,S/D,S/D,S/D,S/D
2018,9875,2018-11-09,Viernes,0,,,0.0,2,"Moto/Ciclomotor,Moto/Ciclomotor",Balcarce Y Corrientes,2,2,0,0,0,0,0,"-32.0301, -61.21177",Calle,,GÁLVEZ,San Jerónimo,S/D,S/D,XV,S/D,Urbana,S/D,S/D,Intersección,S/D,S/D,S/D,S/D,S/D,S/D,Colisión,S/D,S/D,S/D,S/D
2018,9876,2018-11-04,Domingo,0,19:40:00,,0.0,2,"Peatón,Pickup/Utilitario",Av Almte Brown Y Pedro de Vega,3,2,0,0,1,0,0,"-31.615888888889,-60.672972222222",Calle,,SANTA FE,La Capital,Asfalto,No existe,I,S/D,Urbana,Ninguna,No existe,Intersección,Bueno,Buena,Diurna,Buen Tiempo,S/D,Peatón,Atropello,Ninguna,S/D,Ninguna,Sin restricción
2018,9877,2018-11-25,Domingo,0,14:30:00,,0.0,2,"Automóvil,Automóvil",Av A del Valle Y Padre Genesio,2,1,0,0,1,0,0,"-31.600277777778,-60.691722222222",Calle,,SANTA FE,La Capital,Asfalto,S/D,I,Dentro,Urbana,S/D,Funciona,Intersección,Bueno,Buena,Diurna,Buen Tiempo,Lateral,S/D,Colisión,Ninguna,Vertical,S/D,S/D
2018,9878,2018-11-10,Sabado,0,,,0.0,2,"Moto/Ciclomotor,Automóvil",Calvo Y Av. Sorrento,2,1,0,0,1,0,0,"-32.907416666667,-60.702722222222",Calle,,ROSARIO,Rosario,S/D,S/D,II,S/D,Urbana,S/D,S/D,Intersección,S/D,S/D,S/D,S/D,S/D,S/D,Colisión,S/D,S/D,S/D,S/D
2018,9879,2018-09-09,Domingo,0,12:50:00,,0.0,2,"Moto/Ciclomotor,Automóvil",El Boyero Y Las Casuarinas,2,1,0,0,1,0,0,"-32.967270, -60.736464",Calle,,PÉREZ,Rosario,Asfalto,No existe,II,Dentro,Urbana,Ninguna,No existe,Intersección,Bueno,Buena,Diurna,Buen Tiempo,Lateral,S/D,Colisión,Ninguna,Faltante,Ninguna,Sin restricción
2018,9880,2018-11-05,Lunes,0,18:20:00,,0.0,2,"Moto/Ciclomotor,Automóvil",Mariano Comas Y Ricardo Aldao,2,1,0,0,1,0,0,"-31.611666666667,-60.687944444444",Calle,,SANTA FE,La Capital,Asfalto,No existe,I,S/D,Urbana,Ninguna,No existe,Intersección,Bueno,Buena,Diurna,Buen Tiempo,Lateral,S/D,Colisión,Ninguna,S/D,Ninguna,Sin restricción
2018,9881,2018-11-25,Domingo,0,00:35:00,,0.0,2,"Automóvil,Transporte de Pasajeros Larga Distancia (> 8 asientos)",4 de Enero Y Mendoza,3,1,0,0,2,0,0,"-31.647805555556,-60.712333333333",Calle,,SANTA FE,La Capital,Asfalto,No existe,I,Dentro,Urbana,Ninguna,No existe,Intersección,Bueno,Buena,"Nocturna,Con luz artificial",Buen Tiempo,Lateral,S/D,Colisión,Ninguna,Horizontal,Ninguna,Sin restricción
2018,9882,2018-11-09,Viernes,0,,,0.0,2,"Automóvil,Moto/Ciclomotor",Maipu Y Cullen,2,1,0,0,1,0,0,"-31.454805555556,-60.920333333333",S/D,,ESPERANZA,Las Colonias,S/D,S/D,XI,S/D,S/D,S/D,S/D,Intersección,S/D,S/D,S/D,S/D,S/D,S/D,Colisión,S/D,S/D,S/D,S/D
2018,9883,2018-11-07,Miercoles,0,16:00:00,,0.0,2,"Moto/Ciclomotor,Automóvil",Hernandarias Y Rivadavia,2,1,0,0,1,0,0,"-31.60775,-60.692777777778",Calle,,SANTA FE,La Capital,Asfalto,No existe,II,S/D,Urbana,Ninguna,No existe,Intersección,Bueno,Buena,Diurna,Buen Tiempo,Lateral,S/D,Colisión,Ninguna,S/D,Ninguna,Sin restricción
2018,9884,2018-11-10,Sabado,0,,,0.0,1,Moto/Ciclomotor, ,2,1,0,0,1,0,0,"-31.44858, -60.93196",Calle,,ESPERANZA,Las Colonias,S/D,S/D,XI,S/D,Urbana,S/D,S/D,S/D,S/D,S/D,S/D,S/D,Atropello animal,S/D,"Caída ocupante,Atropello",S/D,S/D,S/D,S/D
2018,9885,2018-11-20,Martes,0,07:40:00,,0.0,2,"Bicicleta,Automóvil",Ayacucho Y Ocampo,2,1,0,0,1,0,0,"-32.968472222222,-60.631944444444",Calle,,ROSARIO,Rosario,Asfalto,No existe,II,Dentro,Urbana,Ninguna,S/D,Intersección,S/D,S/D,Diurna,S/D,S/D,Ciclista,Atropello,S/D,S/D,S/D,Sin restricción
2018,9886,2018-11-10,Sabado,0,,,0.0,2,"Automóvil,Moto/Ciclomotor",Jose de San Martin Y G Brown,3,1,0,0,2,0,0,"-31.973055555556,-60.924111111111",Calle,,CORONDA,San Jerónimo,S/D,S/D,XV,S/D,Urbana,S/D,S/D,Intersección,S/D,S/D,S/D,S/D,S/D,S/D,Colisión,S/D,S/D,S/D,S/D
2018,9887,2018-11-26,Lunes,0,21:20:00,,0.0,2,"Moto/Ciclomotor,Automóvil",C Murrieta Y Gonzalez,2,1,0,0,1,0,0,"-30.315916666667,-61.225472222222",Calle,,SAN CRISTÓBAL,San Cristóbal,"Tierra,Ripio",Natural,XIII,Dentro,Urbana,Ninguna,No existe,Intersección,Deteriorada,Reducida,"Nocturna,Con luz artificial",Buen Tiempo,Lateral,S/D,Colisión,Ninguna,Faltante,Ninguna,Sin restricción
2018,9888,2018-11-22,Jueves,0,12:10:00,,0.0,2,"Pickup/Utilitario,Moto/Ciclomotor",Sarmiento Y Cochabamba,3,2,0,0,1,0,0,"-32.958416666667,-60.641194444444",Calle,,ROSARIO,Rosario,Asfalto,S/D,II,Dentro,Urbana,S/D,S/D,Intersección,S/D,S/D,Diurna,S/D,S/D,S/D,Colisión,S/D,S/D,S/D,S/D
2018,9889,2018-11-08,Jueves,0,19:30:00,,0.0,2,"Bicicleta,Pickup/Utilitario",Hernandarias Y Necochea,2,1,0,0,1,0,0,"-31.609166666667,-60.686111111111",S/D,,SANTA FE,La Capital,Asfalto,No existe,I,S/D,S/D,Ninguna,No existe,Intersección,Bueno,Buena,Diurna,Buen Tiempo,Lateral,Ciclista,Atropello,Ninguna,S/D,Ninguna,Sin restricción
2018,9890,2018-11-08,Jueves,0,08:30:00,,0.0,2,"Moto/Ciclomotor,Pickup/Utilitario",Las Heras Y Pedro Diaz Colodrero,2,1,0,0,1,0,0,"-31.626666666667,-60.694611111111",Calle,,SANTA FE,La Capital,Asfalto,No existe,I,S/D,Urbana,Ninguna,No existe,Intersección,Con baches,Reducida,Diurna,Otro,Lateral,S/D,Colisión,Ninguna,Vertical,Ninguna,Sin restricción
2018,9891,2018-11-09,Viernes,0,,Ruta Nacional 11,0.0,1,Moto/Ciclomotor,25 DE MAYO Y RUTA 11,1,1,0,0,0,0,0,"-32.13823, -60.98127",Ruta,11,SAN FABIÁN,San Jerónimo,S/D,S/D,XV,S/D,Urbana,S/D,S/D,Recta,S/D,S/D,S/D,S/D,S/D,S/D,Caída ocupante,S/D,S/D,S/D,S/D
2018,9892,2018-11-06,Martes,0,14:25:00,,0.0,2,"Automóvil,Moto/Ciclomotor",Javier de la Rosa Y Necochea,2,1,0,0,1,0,0,"-31.601,-60.683722222222",Calle,,SANTA FE,La Capital,S/D,Pavimento,I,Dentro,Urbana,Ninguna,No existe,Intersección,Otro,Reducida,S/D,Otro,Otro,S/D,Colisión,Otro,Faltante,Ninguna,Sin restricción
2018,9893,2018-11-11,Domingo,0,,,0.0,1,Otros,Ciudadela Y Pje. Pozos,1,1,0,0,0,0,0,"-32.892444444444,-60.728555555556",Calle,,ROSARIO,Rosario,S/D,S/D,II,S/D,Urbana,S/D,S/D,Intersección,S/D,S/D,S/D,S/D,S/D,S/D,Caída ocupante,S/D,S/D,S/D,S/D
2018,9894,2018-11-26,Lunes,0,18:50:00,,0.0,2,"Automóvil,Automóvil",Cullen Y Gobernador Pujol,4,2,0,0,2,0,0,"-31.454527777778,-60.921555555556",Calle,,ESPERANZA,Las Colonias,Asfalto,No existe,XI,S/D,Urbana,Ninguna,No existe,Intersección,Bueno,Buena,Diurna,Buen Tiempo,Otro,S/D,Colisión,Ninguna,Faltante,Ninguna,Sin restricción
2018,9896,2018-11-12,Lunes,0,,,0.0,2,"Automóvil,Automóvil", ,2,1,0,0,1,0,0,"-31.45024, -60.93077",Calle,,ESPERANZA,Las Colonias,S/D,S/D,XI,S/D,Urbana,S/D,S/D,S/D,S/D,S/D,S/D,S/D,S/D,S/D,Colisión,S/D,S/D,S/D,S/D
2018,9897,2018-11-22,Jueves,0,08:05:00,,0.0,3,"Automóvil,Automóvil,Automóvil",Crespo Y Av. Pellegrini,3,1,0,0,2,0,0,"-32.951805555556,-60.670944444444",Avenida,,ROSARIO,Rosario,S/D,No existe,II,S/D,Urbana,Ninguna,S/D,Intersección,S/D,S/D,Diurna,S/D,S/D,S/D,Colisión,S/D,S/D,Ninguna,Sin restricción
2018,9898,2018-11-08,Jueves,0,19:15:00,,0.0,2,"Moto/Ciclomotor,Automóvil",French Y Alvear,2,1,0,0,1,0,0,"-31.594194444444,-60.684",Calle,,SANTA FE,La Capital,S/D,Pavimento,I,Dentro,Urbana,Ninguna,No existe,Intersección,Otro,Reducida,Atardecer,Otro,Otro,S/D,Colisión,Otro,Faltante,Ninguna,Sin restricción
2018,9899,2018-11-26,Lunes,0,20:30:00,,0.0,2,"Automóvil,Bicicleta",Mitre Y 9 de Julio,2,1,0,0,1,0,0,"-31.729997692826, -61.096585413028",Calle,,SAN CARLOS CENTRO,Las Colonias,Hormigón,Pavimento,XI,S/D,Urbana,Ninguna,No existe,Intersección,Bueno,Buena,Nocturna,Buen Tiempo,Otro,Ciclista,Atropello,Ninguna,Vertical,Ninguna,Sin restricción
2018,9900,2018-11-08,Jueves,0,20:00:00,,0.0,2,"Pickup/Utilitario,Moto/Ciclomotor",Av A del Valle 6400,2,0,0,0,0,0,2,"-31.609416666667,-60.694055555556",Calle,,SANTA FE,La Capital,S/D,S/D,I,Dentro,Urbana,Ninguna,No existe,Intersección,Otro,S/D,S/D,Otro,Otro,S/D,Colisión,Otro,Faltante,Ninguna,Sin restricción
2018,9901,2018-11-26,Lunes,0,18:30:00,Ruta Nacional 95,138.0,1,Camión c / Acoplado, ,1,1,0,0,0,0,0,"-28.72047, -61.54013",Ruta,95,VILLA MINETTI,9 de Julio,Asfalto,No existe,XII,Dentro,Rural,S/D,No existe,Recta,Con baches,Buena,Diurna,S/D,S/D,S/D,S/D,Ninguna,Faltante,S/D,S/D
2018,9902,2018-11-26,Lunes,0,22:55:00,,0.0,2,"Moto/Ciclomotor,Pickup/Utilitario",Av. Pellegrini Y Ricchieri,2,1,0,0,1,0,0,"-32.952777777778,-60.665555555556",Avenida,,ROSARIO,Rosario,S/D,S/D,II,S/D,Urbana,Semáforo,Funciona,Intersección,S/D,S/D,Nocturna,S/D,S/D,S/D,Colisión,S/D,S/D,S/D,S/D
2018,9903,2018-11-26,Lunes,0,15:30:00,,0.0,2,"Bicicleta,Automóvil",Cochabamba 1700,2,1,0,0,1,0,0,"-32.956916666667,-60.649527777778",Calle,,ROSARIO,Rosario,Asfalto,S/D,II,Dentro,Urbana,S/D,No existe,Recta,Bueno,Buena,Diurna,Buen Tiempo,S/D,Ciclista,Atropello,S/D,S/D,S/D,Sin restricción
2018,9904,2018-09-16,Domingo,0,19:45:00,,0.0,2,"Moto/Ciclomotor,Pickup/Utilitario",Bv. 27 De Febrero Y Bv. Avellaneda,2,0,1,0,1,0,0,"-32.960230, -60.684435",Avenida,,ROSARIO,Rosario,Asfalto,Pavimento,II,Dentro,Urbana,Semáforo,Funciona,Recta,Bueno,Buena,Nocturna,Buen Tiempo,S/D,S/D,Colisión,Ninguna,Vertical,Cordón divisorio,Sin restricción
2018,9905,2018-09-14,Viernes,0,21:30:00,,0.0,1,Moto/Ciclomotor,BV 27 DE FEBRERO Y JUAN PABLO II,2,1,0,0,1,0,0,"-32.959621, -60.720340",Avenida,,ROSARIO,Rosario,Asfalto,Pavimento,II,Dentro,Urbana,Ninguna,No existe,Recta,Bueno,Buena,Nocturna,Buen Tiempo,S/D,S/D,"Caída ocupante,Despiste",Ninguna,Faltante,Guardarrail,Sin restricción