anio_acci,nro_acci,fecha,desc_dia,fecha_aprox,hora_aprox,desc_ruta,km,cant_participantes,desc_participante,calle_avenida_km,total,heridos_leves,heridos_graves,heridos_gravisimos,ilesos,fallecidos,sin_datos,posicion_XY,desc_tipo_via,desc_ruta_ori,desc_loc,desc_dpto,desc_tipo_calzada,desc_tipo_banquina,desc_unidad_regional,desc_lugar_calzada,desc_zona,desc_prioridad,desc_estado_semaforo,desc_lugar_via,desc_estado_via,desc_estado_visibilidad,desc_luminosidad,desc_estado_clima,desc_tipo_colision,desc_tipo_atropello,desc_tipo_hecho,desc_pres_calzada,desc_senializacion,desc_separacion_via,desc_restriccion
2018,9906,2018-09-16,Domingo,0,12:30:00,Ruta Nacional 33,0.0,2,"Pickup/Utilitario,Automóvil",Av. Pte.Peron Y Biedma,3,2,0,0,0,0,1,"-32.973701, -60.722715",Ruta,33,ROSARIO,Rosario,Asfalto,No existe,II,Dentro,Urbana,Semáforo,Funciona,Intersección,Bueno,Buena,Diurna,Buen Tiempo,De alcance,S/D,Colisión,Ninguna,Vertical,Cordón divisorio,Sin restricción
2018,9907,2018-09-07,Viernes,0,02:30:00,Autopista Nacional A008,13.0,1,Taxi/Remis,Av. Circunvalacion ,1,1,0,0,0,0,0,"-32.979394, -60.711897",Autopista,A008,ROSARIO,Rosario,Asfalto,Natural,II,Dentro,Urbana,Ninguna,No existe,Recta,Bueno,Buena,"Nocturna,Con luz artificial",Buen Tiempo,Contra objeto fijo,S/D,Colisión,Ninguna,Horizontal,"Guardarrail,Barrera de alto impacto,Cordón divisorio,Línea divisoria pintada",Sin restricción
2018,9908,2018-09-04,Martes,0,13:35:00,Autopista Nacional 33,0.0,2,"Automóvil,Moto/Ciclomotor",Av. Pte.Peron Y Biedma,2,1,0,0,1,0,0,"-32.973697, -60.722712",Autopista,33,ROSARIO,Rosario,Asfalto,No existe,II,Dentro,Urbana,Semáforo,Funciona,Intersección,Bueno,Buena,Diurna,Buen Tiempo,S/D,S/D,Colisión,Ninguna,Vertical,Cordón divisorio,Sin restricción
2018,9909,2018-09-07,Viernes,0,15:30:00,Ruta Nacional 33,0.0,2,"Moto/Ciclomotor,Automóvil",Av. Pte.Peron 8110,2,1,0,0,1,0,0,"-32.976931, -60.729423",Ruta,33,ROSARIO,Rosario,Asfalto,No existe,II,Dentro,Urbana,Semáforo,Funciona,Recta,Bueno,Buena,Diurna,Buen Tiempo,De alcance,S/D,Colisión,Ninguna,"Horizontal,Vertical",Cordón divisorio,Sin restricción
2018,9910,2018-09-23,Domingo,0,08:15:00,,0.0,2,"Moto/Ciclomotor,Pickup/Utilitario",Larrea Y Dean Funes,2,1,0,0,1,0,0,"-32.967060, -60.696261",Calle,,ROSARIO,Rosario,Asfalto,No existe,II,Dentro,Urbana,Ninguna,No existe,Intersección,Bueno,Buena,Diurna,Buen Tiempo,S/D,S/D,Colisión,Ninguna,Faltante,Ninguna,Sin restricción
2018,9911,2018-09-11,Martes,0,01:30:00,,0.0,2,"Automóvil,Automóvil",Bv. Segui Y Roullon,6,4,0,0,2,0,0,"-32.970795, -60.701126",Avenida,,ROSARIO,Rosario,Asfalto,No existe,II,Dentro,Urbana,Ninguna,Intermitente,Recta,Deteriorada,Buena,Nocturna,Buen Tiempo,Lateral,S/D,Colisión,Ninguna,Faltante,Línea divisoria pintada,Sin restricción
2018,9912,2018-09-15,Sabado,0,20:15:00,,0.0,2,"Moto/Ciclomotor,Automóvil",Rivarola Y Danieri,3,1,0,0,2,0,0,"-32.966132, -60.723581",Avenida,,ROSARIO,Rosario,Hormigón,No existe,II,Dentro,Urbana,Paso Peatonal,No existe,Intersección,Bueno,Buena,Nocturna,Buen Tiempo,S/D,S/D,Colisión,Ninguna,Horizontal,Cordón divisorio,Sin restricción
2018,9913,2018-09-14,Viernes,0,13:25:00,,0.0,2,"Moto/Ciclomotor,Automóvil",Bv. Segui Y Garzon,2,0,1,0,1,0,0,"-32.970776, -60.704482",Avenida,,ROSARIO,Rosario,Hormigón,No existe,II,Dentro,Urbana,Semáforo,Funciona,Intersección,Bueno,Buena,Diurna,Buen Tiempo,S/D,S/D,Colisión,Ninguna,"Horizontal,Vertical","Cordón divisorio,Línea divisoria pintada",Sin restricción
2018,9914,2018-09-13,Jueves,0,16:00:00,,0.0,2,"Moto/Ciclomotor,Pickup/Utilitario",Roullon Y Gaboto,2,1,0,0,1,0,0,"-32.964848, -60.701234",Calle,,ROSARIO,Rosario,Asfalto,No existe,II,Dentro,Urbana,Ninguna,No existe,Recta,Bueno,Buena,Diurna,Buen Tiempo,Lateral,S/D,Colisión,Ninguna,Faltante,Ninguna,Sin restricción
2018,9915,2018-09-11,Martes,0,21:20:00,,0.0,2,"Automóvil,Bicicleta",Pje. J.Velez Y Bv. Avellaneda,2,1,0,0,1,0,0,"-32.952826, -60.682554",Avenida,,ROSARIO,Rosario,Asfalto,No existe,II,Dentro,Urbana,Ninguna,No existe,Recta,S/D,Buena,Nocturna,Buen Tiempo,S/D,Ciclista,Atropello,S/D,Faltante,Cordón divisorio,Sin restricción
2018,9916,2018-09-11,Martes,0,08:00:00,,0.0,1,Moto/Ciclomotor,Bv. 27 De Febrero Y Brasil,2,1,0,0,1,0,0,"-32.959596, -60.718780",Avenida,,ROSARIO,Rosario,Asfalto,No existe,II,Dentro,Urbana,Ninguna,No existe,Recta,Bueno,Buena,Diurna,Buen Tiempo,S/D,S/D,Despiste,Ninguna,Faltante,Ninguna,Sin restricción
2018,9917,2018-09-01,Sabado,0,22:30:00,,0.0,2,"Pickup/Utilitario,Moto/Ciclomotor",Amenabar Y Garzon,4,3,0,0,1,0,0,"-32.963792, -60.704731",Calle,,ROSARIO,Rosario,Asfalto,No existe,II,Dentro,Urbana,Ninguna,No existe,Intersección,Bueno,Buena,Diurna,Buen Tiempo,S/D,S/D,Colisión,Ninguna,Faltante,Ninguna,Sin restricción
2018,9918,2018-09-10,Lunes,0,18:30:00,Ruta Nacional 33,0.0,3,"Moto/Ciclomotor,Automóvil,Camión c / Acoplado",Av. Pte.Peron 8400,4,1,1,0,2,0,0,"-32.979199, -60.733955",Ruta,33,ROSARIO,Rosario,Asfalto,No existe,II,Dentro,Urbana,Ninguna,No existe,Recta,Bueno,Buena,Diurna,S/D,"De alcance,Lateral",S/D,Colisión,Ninguna,Faltante,Cordón divisorio,S/D
2018,9919,2018-09-07,Viernes,0,23:00:00,Autopista Nacional A008,0.0,2,"Moto/Ciclomotor,Automóvil",Av. Circunvalacion 2800,2,0,1,0,1,0,0,"-32.977658, -60.624659",Autopista,A008,ROSARIO,Rosario,Asfalto,No existe,II,Dentro,Urbana,Ninguna,No existe,Recta,Bueno,Buena,Nocturna,Buen Tiempo,Lateral,S/D,Colisión,Ninguna,Faltante,"Guardarrail,Barrera de alto impacto,Cordón divisorio,Línea divisoria pintada",Sin restricción
2018,9920,2018-09-08,Sabado,0,04:10:00,,0.0,2,"Peatón,Automóvil",Bv. Avellaneda 3200,2,1,0,0,1,0,0,"-32.967183, -60.686312",Avenida,,ROSARIO,Rosario,Asfalto,No existe,II,Dentro,Urbana,Ninguna,No existe,Recta,Bueno,Buena,"Nocturna,Con luz artificial",Buen Tiempo,S/D,Peatón,Atropello,Ninguna,Faltante,Cordón divisorio,Sin restricción
2018,9921,2018-09-10,Lunes,0,22:00:00,,0.0,2,"Automóvil,Bicicleta",BV 27 DE FEBRERO Y JUAN PABLO II,3,1,0,0,2,0,0,"-32.959626, -60.720341",Avenida,,ROSARIO,Rosario,Asfalto,No existe,II,Dentro,Urbana,Ninguna,No existe,Recta,Bueno,Buena,Nocturna,Buen Tiempo,S/D,Ciclista,Atropello,Ninguna,Faltante,Ninguna,Sin restricción
2018,9922,2018-09-08,Sabado,0,00:10:00,,0.0,1,Otros,F.More Y GÁLVEZ,1,1,0,0,0,0,0,"-32.959904, -60.692998",Calle,,ROSARIO,Rosario,Asfalto,No existe,II,Dentro,Urbana,Ninguna,No existe,Intersección,Bueno,Buena,Nocturna,Buen Tiempo,S/D,S/D,S/D,Ninguna,Faltante,Ninguna,Sin restricción
2018,9923,2018-09-10,Lunes,0,12:50:00,,0.0,2,"Moto/Ciclomotor,Pickup/Utilitario",Av. Provincias Unidas Y Ocampo,3,1,1,0,1,0,0,"-32.958029, -60.711948",Avenida,,ROSARIO,Rosario,Asfalto,No existe,II,Dentro,Urbana,Ninguna,No existe,Recta,Bueno,Buena,Diurna,Buen Tiempo,S/D,Ciclista,Atropello,Ninguna,Faltante,Ninguna,Sin restricción
2018,9924,2018-09-04,Martes,0,17:30:00,,0.0,2,"Bicicleta,Pickup/Utilitario",Rivarola Y Calle 1724,2,1,0,0,1,0,0,"-32.966345, -60.729716",Avenida,,ROSARIO,Rosario,Hormigón,No existe,II,Dentro,Urbana,Ninguna,No existe,Recta,Bueno,Buena,Diurna,Buen Tiempo,S/D,Ciclista,Atropello,Ninguna,Faltante,Ninguna,Sin restricción
2018,9925,2018-09-10,Lunes,0,15:45:00,,0.0,2,"Moto/Ciclomotor,Pickup/Utilitario",Castellanos Y Ocampo,2,1,0,0,1,0,0,"-32.959838, -60.680126",Calle,,ROSARIO,Rosario,Asfalto,No existe,II,Dentro,Urbana,Ninguna,No existe,Recta,Bueno,Buena,Diurna,Buen Tiempo,S/D,S/D,Colisión,Ninguna,Faltante,Ninguna,Sin restricción
2018,9926,2018-09-02,Domingo,0,00:40:00,,0.0,1,Automóvil,Av Belgrano Y Estanislao Lopez,2,2,0,0,0,0,0,"-32.994764, -60.765850",Avenida,,PÉREZ,Rosario,Asfalto,No existe,II,Dentro,Urbana,Ninguna,No existe,Curva,Bueno,Buena,Nocturna,Buen Tiempo,S/D,S/D,Vuelco,Ninguna,Faltante,Ninguna,Sin restricción
2018,9927,2018-09-08,Sabado,0,04:15:00,,0.0,1,Moto/Ciclomotor,Av. Pte.Peron Y Liniers,2,1,1,0,0,0,0,"-32.961063, -60.697751",Avenida,,ROSARIO,Rosario,Asfalto,No existe,II,Dentro,Urbana,Semáforo,Funciona,Recta,Bueno,Buena,Nocturna,Buen Tiempo,Contra objeto fijo,S/D,Colisión,Ninguna,Vertical,Barrera de hormigón,Sin restricción
2018,9928,2018-09-09,Domingo,0,11:30:00,,0.0,2,"Moto/Ciclomotor,Automóvil",Av. Provincias Unidas Y Av. Pte.Peron,2,1,0,0,1,0,0,"-32.967907, -60.711431",Avenida,,ROSARIO,Rosario,Asfalto,No existe,II,Dentro,Urbana,Semáforo,Funciona,Intersección,Bueno,Buena,Diurna,Buen Tiempo,S/D,S/D,Colisión,Ninguna,"Horizontal,Vertical","Cordón divisorio,Línea divisoria pintada",Sin restricción
2018,9929,2018-09-15,Sabado,0,21:00:00,Ruta Nacional 33,0.0,2,"Bicicleta,Automóvil",7 Paraguay Y Brig Lopez,2,1,0,0,1,0,0,"-33.007755, -60.791822",Ruta,33,SOLDINI,Rosario,Asfalto,Pavimento,II,Dentro,Urbana,Ninguna,No existe,Intersección,Bueno,Buena,"Nocturna,Con luz artificial",Buen Tiempo,S/D,Ciclista,Atropello,Ninguna,Faltante,Ninguna,Sin restricción
2018,9930,2018-09-25,Martes,0,22:45:00,,0.0,1,Moto/Ciclomotor,13 Antartida Argentina Y 14 Domingo Aron,1,1,0,0,0,0,0,"-33.021192, -60.752932",Calle,,SOLDINI,Rosario,Asfalto,No existe,II,Dentro,Urbana,Ninguna,No existe,Intersección,Bueno,Buena,Nocturna,Buen Tiempo,Contra objeto fijo,S/D,Colisión,Ninguna,Faltante,Ninguna,Sin restricción
2018,9931,2018-09-28,Viernes,0,01:00:00,Ruta Provincial 18,0.0,2,"Pickup/Utilitario,Camión Chasis", ,2,0,1,0,1,0,0,"-33.246052, -60.765007",Ruta,18,CARMEN DEL SAUCE,Rosario,Asfalto,Ripio,II,Dentro,Urbana,Ninguna,No existe,Recta,Bueno,Buena,Diurna,Buen Tiempo,Frontal,S/D,Colisión,Ninguna,Horizontal,Línea divisoria pintada,Sin restricción
2018,9932,2018-11-21,Miercoles,0,19:45:00,,0.0,2,"Automóvil,Moto/Ciclomotor",9 De Julio Y Alsina,2,1,0,0,1,0,0,"-32.946972222222,-60.678305555556",Calle,,ROSARIO,Rosario,Asfalto,No existe,II,S/D,Urbana,Ninguna,S/D,Intersección,S/D,S/D,Atardecer,S/D,S/D,S/D,Colisión,S/D,S/D,S/D,S/D
2018,9933,2018-11-26,Lunes,0,11:00:00,,0.0,2,"Pickup/Utilitario,Moto/Ciclomotor",San Nicolas Y San Lorenzo,3,1,0,0,2,0,0,"-32.938,-60.67175",Calle,,ROSARIO,Rosario,S/D,S/D,II,S/D,Urbana,S/D,S/D,Intersección,S/D,S/D,Diurna,S/D,S/D,S/D,Colisión,S/D,S/D,S/D,S/D
2018,9934,2018-11-21,Miercoles,0,12:25:00,,0.0,2,"Pickup/Utilitario,Moto/Ciclomotor",Av. Pellegrini Y Lima,2,1,0,0,1,0,0,"-32.949222222222,-60.685972222222",Avenida,,ROSARIO,Rosario,Asfalto,S/D,II,S/D,Urbana,Ninguna,S/D,Intersección,S/D,S/D,Diurna,S/D,S/D,S/D,Colisión,S/D,Faltante,S/D,Sin restricción
2018,9935,2018-11-05,Lunes,0,11:50:00,,0.0,2,"Pickup/Utilitario,Automóvil",Av Juan Domingo Peron Y G Lopez,3,1,0,0,2,0,0,"-33.016888888889,-60.6165",Avenida,,VILLA GOBERNADOR GÁLVEZ,Rosario,S/D,Pavimento,II,Fuera,Urbana,Ninguna,No existe,Intersección,Bueno,Buena,Diurna,Buen Tiempo,Otro,S/D,Colisión,Ninguna,Faltante,Cordón divisorio,Sin restricción
2018,9936,2018-11-26,Lunes,0,10:40:00,,0.0,2,"Peatón,Pickup/Utilitario",Av. Corrientes Y Av. Battle y Ordo?ez,2,1,0,0,0,0,1,"-33.008972222222,-60.653027777778",Calle,,ROSARIO,Rosario,Asfalto,No existe,II,Dentro,Urbana,S/D,S/D,Intersección,S/D,Buena,Diurna,S/D,S/D,Peatón,Atropello,S/D,S/D,Ninguna,S/D
2018,9937,2018-09-18,Martes,0,,Ruta Nacional 33,0.0,3,"Moto/Ciclomotor,Moto/Ciclomotor,Moto/Ciclomotor",Dante Alighieri Y Ruta Nac 33,5,2,0,0,3,0,0,"-32.985310, -60.745347",Ruta,33,PÉREZ,Rosario,Asfalto,Natural,II,Dentro,Urbana,Marca Vial,No existe,Recta,Bueno,Buena,Nocturna,Buen Tiempo,Múltiple,S/D,Colisión,Ninguna,Horizontal,Línea divisoria pintada,Sin restricción
2018,9938,2018-11-26,Lunes,0,,,0.0,2,"Pickup/Utilitario,Automóvil",Benito Juarez Y Rodriguez,2,1,0,0,1,0,0,"-32.993583333333,-60.670861111111",Calle,,ROSARIO,Rosario,Asfalto,No existe,II,S/D,Urbana,S/D,S/D,Intersección,S/D,S/D,S/D,S/D,S/D,S/D,Colisión,S/D,S/D,S/D,S/D
2018,9939,2018-11-10,Sabado,0,,,0.0,2,"Moto/Ciclomotor,Automóvil",Av Pe?aloza 8400,3,1,0,0,2,0,0,"-31.586194444444,-60.711555555556",Calle,,SANTA FE,La Capital,S/D,S/D,I,S/D,Urbana,S/D,S/D,Recta,S/D,S/D,S/D,S/D,S/D,S/D,Colisión,S/D,S/D,S/D,S/D
2018,9940,2018-11-06,Martes,0,18:20:00,,0.0,2,"Bicicleta,Moto/Ciclomotor",Balcarce Y Iriondo,3,2,0,0,1,0,0,"-33.023527777778,-60.635916666667",S/D,,VILLA GOBERNADOR GÁLVEZ,Rosario,Asfalto,No existe,II,S/D,Urbana,Ninguna,No existe,Intersección,Bueno,Buena,Diurna,Buen Tiempo,S/D,Ciclista,Atropello,Ninguna,Faltante,Ninguna,Sin restricción
2018,9941,2018-09-02,Domingo,0,,Ruta Nacional 11,0.0,1,Moto/Ciclomotor,Avenida Nuestra Se?ora del Luj Y Vicente Lopez y Planes,1,1,0,0,0,0,0,"-31.677723, -60.772825",Ruta,11,SANTO TOMÉ,La Capital,Asfalto,Pavimento,I,Dentro,Urbana,Semáforo,Funciona,Intersección,S/D,S/D,S/D,S/D,S/D,S/D,Caída ocupante,S/D,Vertical,Línea divisoria pintada,S/D
2018,9942,2018-09-02,Domingo,0,,Autopista Nacional A008,0.0,3,"Automóvil,Moto/Ciclomotor,Pickup/Utilitario",Av de Circunvalacion ,5,1,0,0,4,0,0,"-33.011983, -60.618135",Autopista,A008,VILLA GOBERNADOR GÁLVEZ,Rosario,Asfalto,No existe,II,Dentro,Urbana,Ninguna,No existe,Recta,S/D,S/D,S/D,S/D,Múltiple,S/D,Colisión,S/D,Faltante,Guardarrail,Sin restricción
2018,9944,2018-09-30,Domingo,0,,,0.0,2,"Moto/Ciclomotor,Camión Chasis",Dorrego Y Bv Pte Peron,2,1,0,0,1,0,0,"-31.892340, -61.854270",Avenida,,SAN JORGE,San Martín,Asfalto,No existe,XVIII,Dentro,Urbana,Otra Señal,No existe,Intersección,Bueno,S/D,S/D,S/D,Lateral,S/D,Colisión,Ninguna,Vertical,Ninguna,Sin restricción
2018,9945,2018-11-11,Domingo,0,,,0.0,2,"Moto/Ciclomotor,Bicicleta",Avda 9 de Julio Y D Velez Sarsfield,2,2,0,0,0,0,0,"-32.026805555556,-61.22925",Calle,,GÁLVEZ,San Jerónimo,S/D,S/D,XV,S/D,Urbana,S/D,S/D,Intersección,S/D,S/D,S/D,S/D,S/D,Ciclista,Atropello,S/D,S/D,S/D,S/D
2018,9946,2018-11-01,Jueves,0,03:15:00,,0.0,2,"Automóvil,Moto/Ciclomotor",Martinez Estrada Y J.Colombres,2,0,0,0,0,0,2,"-32.911166666667,-60.730638888889",S/D,,ROSARIO,Rosario,S/D,S/D,II,S/D,Urbana,S/D,S/D,Intersección,S/D,S/D,S/D,S/D,S/D,S/D,S/D,S/D,S/D,S/D,S/D
2018,9947,2018-11-26,Lunes,0,09:45:00,Autopista Nacional 9,286.0,2,"Camión c / Acoplado,Pickup/Utilitario", ,4,1,0,0,3,0,0,"-32.94981, -60.73475",Autopista,9,VILLA GOBERNADOR GÁLVEZ,Rosario,Hormigón,Ripio,II,S/D,S/D,Ninguna,No existe,Recta,Bueno,Buena,Diurna,Buen Tiempo,Lateral,S/D,Colisión,Ninguna,"Horizontal,Vertical",Vegetación,Sin restricción
2018,9948,2018-11-11,Domingo,0,,,0.0,2,"Moto/Ciclomotor,Moto/Ciclomotor",Ameghino Florentino Y Gdor Vera,4,2,0,0,2,0,0,"-32.039305555556,-61.211805555556",Calle,,GÁLVEZ,San Jerónimo,S/D,S/D,XV,S/D,Urbana,S/D,S/D,Intersección,S/D,S/D,S/D,S/D,S/D,S/D,Colisión,S/D,S/D,S/D,S/D
2018,9949,2018-09-02,Domingo,0,05:40:00,,0.0,2,"Automóvil,Moto/Ciclomotor",Santiago Y Olegario V.Andrade,3,0,2,0,1,0,0,"-32.996465, -60.667961",Calle,,ROSARIO,Rosario,Asfalto,No existe,II,Dentro,Urbana,Ninguna,No existe,Intersección,S/D,S/D,Nocturna,S/D,S/D,S/D,Colisión,S/D,Faltante,Ninguna,Sin restricción
2018,9950,2018-11-17,Sabado,0,05:35:00,,0.0,2,"Moto/Ciclomotor,Pickup/Utilitario",Av. Corrientes Y Rueda,3,2,0,0,1,0,0,"-32.970277777778,-60.648555555556",Avenida,,ROSARIO,Rosario,S/D,S/D,II,Dentro,Urbana,S/D,S/D,Intersección,S/D,S/D,"Nocturna,Con luz artificial",S/D,S/D,S/D,Colisión,S/D,S/D,S/D,S/D
2018,9951,2018-11-06,Martes,0,14:15:00,,0.0,2,"Automóvil,Moto/Ciclomotor",Av. Jorge Newbery Y Donado,2,1,0,0,1,0,0,"-32.908277777778,-60.728388888889",Calle,,ROSARIO,Rosario,Asfalto,S/D,II,S/D,Urbana,S/D,S/D,Intersección,S/D,S/D,S/D,S/D,S/D,S/D,S/D,S/D,S/D,S/D,S/D
2018,9952,2018-11-03,Sabado,0,15:30:00,,0.0,2,"Moto/Ciclomotor,Automóvil",Gorriti Y San Lorenzo,2,1,0,0,1,0,0,"-31.58878, -60.70078",Avenida,,SANTA FE,La Capital,"Asfalto,Tierra",S/D,I,S/D,Urbana,S/D,No existe,Intersección,"Bueno,Con baches",Buena,Diurna,Buen Tiempo,Lateral,S/D,Colisión,Ninguna,Faltante,Cordón divisorio,S/D
2018,9953,2018-11-26,Lunes,0,09:50:00,,0.0,2,"Automóvil,Automóvil",Alvear Y Derqui,2,1,0,0,1,0,0,"-31.617833333333,-60.690888888889",Calle,,SANTA FE,La Capital,Asfalto,No existe,I,S/D,Urbana,Ninguna,S/D,Intersección,Con baches,Buena,Diurna,Otro,Lateral,S/D,Colisión,Ninguna,Vertical,Ninguna,Sin restricción
2018,9954,2018-11-06,Martes,0,17:30:00,,0.0,1,Moto/Ciclomotor,Av. Provincias Unidas Y Junin,1,1,0,0,0,0,0,"-32.927583333333,-60.713138888889",S/D,,ROSARIO,Rosario,Asfalto,No existe,II,S/D,Urbana,Ninguna,S/D,Recta,Bueno,Buena,Diurna,Buen Tiempo,S/D,S/D,Colisión,Ninguna,S/D,Cordón divisorio,Sin restricción
2018,9955,2018-09-03,Lunes,0,,Autopista Nacional A008,0.0,2,"Automóvil,Automóvil",Dorrego Y Pte.Quintana,3,1,0,0,2,0,0,"-32.980442661879, -60.658333298579",Autopista,A008,ROSARIO,Rosario,Asfalto,No existe,II,Dentro,Urbana,Ninguna,No existe,Intersección,S/D,S/D,Nocturna,S/D,S/D,S/D,Colisión,S/D,Faltante,Ninguna,S/D
2018,9956,2018-11-01,Jueves,0,19:20:00,,0.0,2,"Moto/Ciclomotor,Automóvil",Av. Provincias Unidas Y Av. Genova,3,2,0,0,1,0,0,"-32.916027777778,-60.713694444444",Avenida,,ROSARIO,Rosario,Asfalto,No existe,II,Dentro,Urbana,Ninguna,Funciona,Intersección,Bueno,Buena,Atardecer,Buen Tiempo,Otro,S/D,Colisión,Ninguna,Faltante,Ninguna,Sin restricción
2018,9957,2018-11-22,Jueves,0,16:45:00,,0.0,2,"Pickup/Utilitario,Pickup/Utilitario",Valentin Gomez ,2,1,0,0,1,0,0,"-32.88921, -60.69898",Calle,,ROSARIO,Rosario,Asfalto,S/D,II,S/D,Urbana,S/D,S/D,S/D,S/D,S/D,Diurna,S/D,S/D,S/D,Colisión,S/D,S/D,S/D,S/D
2018,9958,2018-11-06,Martes,0,10:15:00,,0.0,2,"Pickup/Utilitario,Automóvil",Av. Sorrento Y Av. Provincias Unidas,3,1,0,0,2,0,0,"-32.907833333333,-60.714027777778",S/D,,ROSARIO,Rosario,Asfalto,Natural,II,S/D,S/D,S/D,No existe,Rotonda,Bueno,Buena,Diurna,Buen Tiempo,Otro,S/D,Colisión,Ninguna,Faltante,Ninguna,Sin restricción
2018,9959,2018-11-11,Domingo,0,,Ruta Secundaria 20-s,0.0,1,Automóvil,RUTA PROVINCIAL 40S Y RUTA SECUNDARIA 20S,2,0,2,0,0,0,0,"-32.127688990400, -61.975821521757",Ruta,20-s,PIAMONTE,San Martín,S/D,S/D,XVIII,S/D,Urbana,S/D,S/D,Intersección,S/D,S/D,S/D,S/D,Contra objeto fijo,S/D,Colisión,S/D,S/D,S/D,S/D
2018,9960,2018-09-03,Lunes,0,,Ruta Nacional 11,0.0,2,"Automóvil,Automóvil",Av San Lorenzo Y Pte Peron,2,1,0,0,1,0,0,"-32.822103, -60.714517",Ruta,11,CAPITÁN BERMÚDEZ,San Lorenzo,Asfalto,Pavimento,XVII,Dentro,Urbana,Ninguna,No existe,Intersección,S/D,S/D,S/D,S/D,S/D,S/D,Colisión,S/D,Faltante,Ninguna,S/D
2018,9961,2018-11-26,Lunes,0,13:00:00,,0.0,2,"Moto/Ciclomotor,Pickup/Utilitario",Guemes Y Pje Calcena,3,1,0,0,1,0,1,"-31.625166666667,-60.685138888889",Calle,,SANTA FE,La Capital,Asfalto,No existe,I,S/D,Urbana,Ninguna,No existe,Intersección,Con baches,Reducida,Diurna,Otro,Lateral,S/D,Colisión,Ninguna,Vertical,Ninguna,Sin restricción
2018,9962,2018-11-11,Domingo,0,,,0.0,1,Automóvil,Av. Eva Peron ,1,1,0,0,0,0,0,"-32.93163, -60.72074",Calle,,ROSARIO,Rosario,S/D,S/D,II,S/D,Urbana,S/D,S/D,Recta,S/D,S/D,S/D,S/D,S/D,S/D,"Vuelco,Despiste",S/D,S/D,S/D,S/D
2018,9963,2018-11-02,Viernes,0,20:30:00,,0.0,2,"Automóvil,Moto/Ciclomotor",Av A del Valle Y Padre Genesio,2,1,0,0,1,0,0,"-31.600277777778,-60.691722222222",Avenida,,SANTA FE,La Capital,Asfalto,No existe,I,S/D,Urbana,Semáforo,Funciona,Intersección,Bueno,Buena,Nocturna,Buen Tiempo,Lateral,S/D,Colisión,Ninguna,Vertical,Ninguna,S/D
2018,9964,2018-09-30,Domingo,0,,Ruta Nacional 11,373.0,2,"Otros,Automóvil", ,2,1,0,0,0,0,1,"-32.394926, -60.926229",Ruta,11,MACIEL,San Jerónimo,Asfalto,Natural,XV,Dentro,Rural,Ninguna,No existe,Recta,Bueno,Buena,S/D,Buen Tiempo,S/D,S/D,Colisión,Ninguna,Horizontal,Línea divisoria pintada,Sin restricción
2018,9965,2018-09-03,Lunes,0,16:30:00,Ruta Nacional 9,0.0,2,"Moto/Ciclomotor,Automóvil",Ruta Nac 9 Y Tala,2,0,1,0,1,0,0,"-32.860020, -61.164202",Ruta,9,CARCARAÑÁ,San Lorenzo,Asfalto,Pavimento,XVII,Dentro,Urbana,Ninguna,No existe,Intersección,S/D,S/D,Diurna,S/D,S/D,S/D,Colisión,S/D,Faltante,Línea divisoria pintada,Sin restricción
2018,9966,2018-11-26,Lunes,0,16:40:00,,0.0,2,"Automóvil,Moto/Ciclomotor",Av. Jorge Newbery Y Bv. Wilde Bis,2,1,0,0,0,0,1,"-32.908555555556,-60.739833333333",Avenida,,ROSARIO,Rosario,S/D,S/D,II,S/D,S/D,S/D,S/D,S/D,S/D,S/D,S/D,S/D,Lateral,S/D,Colisión,S/D,S/D,S/D,S/D
2018,9967,2018-09-30,Domingo,0,,Ruta Provincial 64,0.0,2,"Moto/Ciclomotor,Moto/Ciclomotor",CAMINO RURAL ,2,1,1,0,0,0,0,"-31.964874, -60.944160",Ruta,64,CORONDA,San Jerónimo,Asfalto,Ripio,XV,Dentro,Rural,Ninguna,No existe,Intersección,Bueno,Buena,S/D,Buen Tiempo,S/D,S/D,Colisión,Ninguna,Horizontal,Línea divisoria pintada,Sin restricción
2018,9968,2018-09-04,Martes,0,05:45:00,,0.0,1,Moto/Ciclomotor, ,1,1,0,0,0,0,0,"-33.053018, -61.170444",Calle,,CASILDA,Caseros,Asfalto,No existe,IV,Dentro,Urbana,S/D,S/D,Intersección,S/D,S/D,Nocturna,S/D,Atropello animal,S/D,Colisión,S/D,S/D,S/D,S/D
2018,9969,2018-11-26,Lunes,0,10:00:00,,0.0,2,"Automóvil,Bicicleta",Francia Y Cordoba,2,0,0,0,0,0,2,"-31.6265,-60.709138888889",Calle,,SANTA FE,La Capital,Asfalto,No existe,I,Dentro,Urbana,S/D,No existe,Intersección,Bueno,Buena,Diurna,Buen Tiempo,S/D,Ciclista,Atropello,S/D,Faltante,"Cordón divisorio,Vegetación",Sin restricción
2018,9970,2018-09-04,Martes,0,,Ruta Nacional 11,0.0,2,"Moto/Ciclomotor,Automóvil", ,3,2,0,0,1,0,0,"-32.352710, -60.942439",Ruta,11,MONJE,San Jerónimo,Asfalto,Pavimento,XV,Dentro,Rural,Ninguna,No existe,Cruce,S/D,S/D,S/D,S/D,S/D,S/D,Colisión,S/D,Faltante,Línea divisoria pintada,S/D