anio_acci,nro_acci,fecha,desc_dia,fecha_aprox,hora_aprox,desc_ruta,km,cant_participantes,desc_participante,calle_avenida_km,total,heridos_leves,heridos_graves,heridos_gravisimos,ilesos,fallecidos,sin_datos,posicion_XY,desc_tipo_via,desc_ruta_ori,desc_loc,desc_dpto,desc_tipo_calzada,desc_tipo_banquina,desc_unidad_regional,desc_lugar_calzada,desc_zona,desc_prioridad,desc_estado_semaforo,desc_lugar_via,desc_estado_via,desc_estado_visibilidad,desc_luminosidad,desc_estado_clima,desc_tipo_colision,desc_tipo_atropello,desc_tipo_hecho,desc_pres_calzada,desc_senializacion,desc_separacion_via,desc_restriccion
2018,9971,2018-09-30,Domingo,0,,,0.0,2,"Vehículo Oficial,Moto/Ciclomotor", ,2,2,0,0,0,0,0,"-33.052175, -61.168775",Calle,,CASILDA,Caseros,S/D,S/D,IV,Dentro,Urbana,S/D,S/D,S/D,S/D,S/D,S/D,S/D,S/D,S/D,S/D,S/D,S/D,S/D,S/D
2018,9972,2018-11-26,Lunes,0,14:05:00,,0.0,2,"Moto/Ciclomotor,Automóvil",Domingo Silva Y San Martin,3,2,0,0,1,0,0,"-31.630916666667,-60.701888888889",Calle,,SANTA FE,La Capital,Asfalto,No existe,I,Dentro,Urbana,Señal Ceda el Paso,No existe,Intersección,Bueno,Buena,Diurna,Buen Tiempo,Lateral,S/D,Colisión,S/D,S/D,Ninguna,Sin restricción
2018,9973,2018-09-02,Domingo,0,11:35:00,,0.0,2,"Moto/Ciclomotor,Automóvil",Sarmiento D Y 25 de Mayo,3,1,0,0,0,0,2,"-29.459652, -60.215582",Calle,,VERA,Vera,Asfalto,No existe,XIX,Dentro,Urbana,S/D,S/D,Intersección,S/D,S/D,Diurna,S/D,S/D,S/D,Colisión,S/D,S/D,Ninguna,S/D
2018,9974,2018-09-30,Domingo,0,,,0.0,1,Moto/Ciclomotor, ,1,1,0,0,0,0,0,"-33.087899, -61.793569",Calle,,ARTEAGA,Caseros,S/D,S/D,IV,Dentro,Urbana,S/D,S/D,S/D,S/D,S/D,S/D,Buen Tiempo,S/D,S/D,Caída ocupante,S/D,S/D,S/D,Sin restricción
2018,9975,2018-09-30,Domingo,0,,,0.0,2,"Moto/Ciclomotor,Pickup/Utilitario", ,2,1,0,0,1,0,0,"-33.044256, -61.170530",Calle,,CASILDA,Caseros,S/D,S/D,IV,Dentro,Urbana,S/D,S/D,S/D,S/D,S/D,S/D,S/D,S/D,S/D,Colisión,S/D,S/D,S/D,S/D
2018,9976,2018-09-03,Lunes,0,18:10:00,Ruta Secundaria 87-s,0.0,1,Camión Chasis, ,1,1,0,0,0,0,0,"-29.688179526138, -60.285946321747",Ruta,87-s,MARGARITA,Vera,Asfalto,S/D,XIX,Dentro,Urbana,Ninguna,No existe,Recta,S/D,S/D,Atardecer,S/D,S/D,S/D,Despiste,S/D,Faltante,S/D,S/D
2018,9977,2018-09-29,Sabado,0,,,0.0,2,"Automóvil,Moto/Ciclomotor", ,2,1,0,0,1,0,0,"-33.044256, -61.170530",Calle,,CASILDA,Caseros,S/D,S/D,IV,Dentro,Urbana,S/D,S/D,S/D,S/D,Buena,S/D,Buen Tiempo,S/D,S/D,Colisión,S/D,S/D,S/D,Sin restricción
2018,9978,2018-09-06,Jueves,0,17:55:00,,0.0,2,"Automóvil,Moto/Ciclomotor",Bv. 27 De Febrero Y Paraguay,2,0,1,0,1,0,0,"-32.966653, -60.649113",Avenida,,ROSARIO,Rosario,Asfalto,No existe,II,Dentro,Urbana,Semáforo,Funciona,Intersección,S/D,S/D,Diurna,S/D,S/D,S/D,Colisión,S/D,"Horizontal,Vertical",Cordón divisorio,S/D
2018,9979,2018-09-29,Sabado,0,21:10:00,Ruta Provincial 64,105.0,1,Pickup/Utilitario, ,1,1,0,0,0,0,0,"-31.748060, -61.942913",Ruta,64,SASTRE,San Martín,Asfalto,Ripio,XVIII,Dentro,Rural,S/D,No existe,Recta,Bueno,Buena,Nocturna,Buen Tiempo,S/D,S/D,Despiste,Ninguna,S/D,S/D,Sin restricción
2018,9980,2018-09-29,Sabado,0,,Ruta Secundaria 80-s,0.0,2,"Otros,Moto/Ciclomotor", ,2,1,0,0,0,0,1,"-32.014266, -61.262091",Ruta,80-s,GÁLVEZ,San Jerónimo,S/D,Natural,XV,Dentro,Rural,S/D,S/D,Recta,S/D,Buena,S/D,Buen Tiempo,De alcance,S/D,Colisión,Ninguna,S/D,S/D,Sin restricción
2018,9981,2018-09-06,Jueves,0,,,0.0,1,Pickup/Utilitario,Almte Brown 300,1,0,1,0,0,0,0,"-32.045190, -61.787883",Calle,,CARLOS PELLEGRINI,San Martín,Asfalto,No existe,XVIII,Dentro,Urbana,Ninguna,No existe,Recta,S/D,S/D,S/D,S/D,Contra objeto fijo,S/D,Colisión,S/D,Faltante,Ninguna,S/D
2018,9982,2018-09-07,Viernes,0,11:50:00,,0.0,2,"Pickup/Utilitario,Bicicleta",Vera Mujica 486,2,1,0,0,1,0,0,"-32.937617, -60.665970",Calle,,ROSARIO,Rosario,Asfalto,No existe,II,Dentro,Urbana,Ninguna,No existe,Recta,S/D,S/D,Diurna,S/D,S/D,Ciclista,Atropello,S/D,Faltante,Ninguna,S/D
2018,9983,2018-09-28,Viernes,0,,,0.0,2,"Pickup/Utilitario,Moto/Ciclomotor", ,2,1,0,0,1,0,0,"-29.163373, -59.647895",S/D,,RECONQUISTA,General Obligado,S/D,S/D,IX,S/D,S/D,S/D,S/D,S/D,S/D,S/D,S/D,S/D,S/D,S/D,Colisión,S/D,S/D,S/D,S/D
2018,9984,2018-09-07,Viernes,0,,,0.0,2,"Automóvil,Moto/Ciclomotor",JUAN PABLO II Y PJE ESTUDIANTE AGUILAR,2,1,0,0,1,0,0,"-32.956347, -60.721071",Calle,,ROSARIO,Rosario,Asfalto,No existe,II,Dentro,Urbana,Ninguna,No existe,Intersección,S/D,S/D,S/D,S/D,S/D,S/D,Colisión,S/D,Faltante,Ninguna,S/D
2018,9985,2018-09-27,Jueves,0,,,0.0,2,"Bicicleta,Automóvil", ,2,1,0,0,1,0,0,"-31.457980, -60.938052",S/D,,ESPERANZA,Las Colonias,S/D,S/D,XI,S/D,S/D,S/D,S/D,S/D,S/D,S/D,S/D,S/D,S/D,Ciclista,Atropello,S/D,S/D,S/D,S/D
2018,9986,2018-09-26,Miercoles,0,18:50:00,,0.0,2,"Moto/Ciclomotor,Automóvil",Boulevard Villada Y Mariano Moreno,2,0,1,0,1,0,0,"-33.041877, -61.175287",Avenida,,CASILDA,Caseros,Hormigón,No existe,IV,Dentro,Urbana,Ninguna,No existe,Intersección,Bueno,Buena,Diurna,Buen Tiempo,S/D,S/D,Colisión,Ninguna,Faltante,"Cordón divisorio,Vegetación",Sin restricción
2018,9987,2018-09-26,Miercoles,0,11:45:00,,0.0,2,"Moto/Ciclomotor,Automóvil",Boulevard 25 de Mayo Y Boulevard Genova,2,1,0,0,1,0,0,"-33.049992, -61.173529",Avenida,,CASILDA,Caseros,Hormigón,No existe,IV,Dentro,Urbana,Otra Señal,No existe,Intersección,Bueno,Buena,Diurna,Buen Tiempo,Lateral,S/D,Colisión,Ninguna,Vertical,Ninguna,Sin restricción
2018,9988,2018-09-26,Miercoles,0,06:40:00,Ruta Nacional 11,692.0,2,"Moto/Ciclomotor,Bicicleta", ,2,2,0,0,0,0,0,"-29.733353, -60.259123",Ruta,11,CALCHAQUÍ,Vera,Asfalto,Natural,XIX,Dentro,Rural,Ninguna,No existe,Recta,Bueno,Buena,Diurna,Buen Tiempo,S/D,Ciclista,Atropello,Ninguna,Horizontal,Línea divisoria pintada,Sin restricción
2018,9989,2018-09-26,Miercoles,0,,,0.0,2,"Automóvil,Moto/Ciclomotor",ENTRE RIOS Y 25 DE MAYO,2,1,0,0,1,0,0,"-32.361662, -61.338485",Calle,,SAN GENARO NORTE,San Jerónimo,Hormigón,No existe,XV,Dentro,Urbana,Ninguna,No existe,Intersección,Deteriorada,Buena,Diurna,Buen Tiempo,S/D,S/D,Colisión,Ninguna,Faltante,Ninguna,Sin restricción
2018,9990,2018-11-12,Lunes,0,,,0.0,2,"Moto/Ciclomotor,Automóvil", ,2,1,0,0,1,0,0,"-33.04545, -61.16586",Calle,,CASILDA,Caseros,S/D,S/D,IV,S/D,Urbana,S/D,S/D,S/D,S/D,S/D,S/D,S/D,S/D,S/D,Colisión,S/D,S/D,S/D,S/D
2018,9991,2018-11-20,Martes,0,11:05:00,,0.0,2,"Peatón,Automóvil",Rioja Y Santiago,2,1,0,0,1,0,0,"-32.944361111111,-60.656305555556",Calle,,ROSARIO,Rosario,Asfalto,S/D,II,S/D,Urbana,Ninguna,S/D,Intersección,S/D,S/D,Diurna,S/D,S/D,Peatón,Atropello,S/D,S/D,S/D,Sin restricción
2018,9992,2018-09-30,Domingo,0,,Ruta Nacional 11,483.0,1,Automóvil, ,2,1,0,0,1,0,0,"-31.502188, -60.728354",Ruta,11,SANTA FE,La Capital,Asfalto,Ripio,I,Fuera,Urbana,Otra Señal,No existe,Recta,Bueno,S/D,S/D,S/D,Contra objeto fijo,S/D,Colisión,Ninguna,Vertical,Línea divisoria pintada,Sin restricción
2018,9993,2018-11-11,Domingo,0,04:45:00,Ruta Secundaria 40-s,0.0,2,"Automóvil,Transporte de Pasajeros", ,11,6,0,0,5,0,0,"-29.140272353392, -59.764473683080",Ruta,40-s,LA POTASA,General Obligado,S/D,S/D,IX,S/D,Urbana,S/D,S/D,Recta,S/D,S/D,S/D,S/D,S/D,S/D,Colisión,S/D,S/D,S/D,S/D
2018,9994,2018-11-05,Lunes,0,15:15:00,,0.0,2,"Automóvil,Moto/Ciclomotor",J.Colombres Y Av. Eva Peron,2,1,0,0,1,0,0,"-32.930111111111,-60.72975",Calle,,ROSARIO,Rosario,Asfalto,No existe,II,S/D,Urbana,Ninguna,S/D,Intersección,Bueno,S/D,Diurna,Buen Tiempo,S/D,S/D,Colisión,Ninguna,S/D,Ninguna,Sin restricción
2018,9995,2018-11-18,Domingo,0,01:50:00,,0.0,2,"Moto/Ciclomotor,Automóvil",San Martin Y Luis Chiarra,2,1,0,0,1,0,0,"-29.88619, -60.2872",Calle,,CALCHAQUÍ,Vera,Asfalto,No existe,XIX,S/D,Urbana,Ninguna,No existe,Intersección,Bueno,Buena,"Nocturna,Con luz artificial",Buen Tiempo,Frontal,S/D,Colisión,Ninguna,Faltante,Ninguna,Sin restricción
2018,9996,2018-11-01,Jueves,0,05:10:00,,0.0,1,Moto/Ciclomotor,Av. Eva Peron Y Bv. Wilde,1,1,0,0,0,0,0,"-32.928416666667,-60.738972222222",Calle,,ROSARIO,Rosario,Asfalto,No existe,II,S/D,Urbana,Ninguna,Funciona,Intersección,Bueno,Buena,Nocturna,Buen Tiempo,S/D,S/D,S/D,Ninguna,S/D,Ninguna,Sin restricción
2018,9997,2018-11-12,Lunes,0,,Ruta Nacional 34,0.0,2,"Camión c / Semirremolque,Pickup/Utilitario",Ruta Nac 34 Y Ruta Prov 65,3,2,0,0,1,0,0,"-32.38205, -61.35421",Ruta,34,SAN GENARO,San Jerónimo,S/D,S/D,XV,S/D,Urbana,S/D,S/D,Intersección,S/D,S/D,S/D,S/D,S/D,S/D,Colisión,S/D,S/D,S/D,S/D
2018,9998,2018-11-03,Sabado,0,15:35:00,,0.0,2,"Moto/Ciclomotor,Automóvil",Tucuman Y Roullon,2,1,0,0,1,0,0,"-32.93225,-60.702611111111",S/D,,ROSARIO,Rosario,Asfalto,No existe,II,S/D,S/D,Ninguna,No existe,Intersección,S/D,Buena,Diurna,S/D,Lateral,S/D,Colisión,S/D,Faltante,Ninguna,Sin restricción
2018,9999,2018-11-13,Martes,0,,,0.0,2,"Moto/Ciclomotor,Pickup/Utilitario",Chaco Bis Y Av. Genova,2,1,0,0,1,0,0,"-32.915527777778,-60.6965",Calle,,ROSARIO,Rosario,S/D,S/D,II,S/D,Urbana,S/D,S/D,Intersección,S/D,S/D,S/D,S/D,S/D,S/D,Colisión,S/D,S/D,S/D,S/D
2018,10000,2018-11-18,Domingo,0,13:50:00,,0.0,2,"Moto/Ciclomotor,Moto/Ciclomotor",Bv Belgrano Y Sarmiento,2,1,0,0,0,0,1,"-29.88849, -60.28401",Calle,,CALCHAQUÍ,Vera,Asfalto,No existe,XIX,Dentro,Urbana,Ninguna,No existe,Intersección,Bueno,Buena,Diurna,Buen Tiempo,Otro,S/D,Colisión,Ninguna,Faltante,Ninguna,Sin restricción
2018,10001,2018-09-26,Miercoles,0,11:25:00,,0.0,2,"Bicicleta,Automóvil",Sarmiento Y Dr Brarda,2,1,0,0,0,0,1,"-32.025548, -61.223951",Calle,,GÁLVEZ,San Jerónimo,Asfalto,No existe,XV,Dentro,Urbana,S/D,S/D,Intersección,Bueno,Buena,Diurna,Buen Tiempo,S/D,Ciclista,Atropello,S/D,S/D,Ninguna,Sin restricción
2018,10002,2018-11-13,Martes,0,,,0.0,2,"Automóvil,Bicicleta",Brasil Y Marcos Paz,2,1,0,0,1,0,0,"-32.939277777778,-60.719611111111",Calle,,ROSARIO,Rosario,S/D,S/D,II,S/D,Urbana,S/D,S/D,Intersección,S/D,S/D,S/D,S/D,S/D,Ciclista,Atropello,S/D,S/D,S/D,S/D
2018,10003,2018-11-05,Lunes,0,19:00:00,,0.0,1,Moto/Ciclomotor,Casilda Y Campbell,1,1,0,0,0,0,0,"-32.929,-60.7085",Calle,,ROSARIO,Rosario,Asfalto,No existe,II,S/D,Urbana,Ninguna,No existe,Curva,S/D,S/D,Atardecer,S/D,Atropello animal,S/D,Atropello,S/D,Faltante,Ninguna,Sin restricción
2018,10004,2018-11-20,Martes,0,11:30:00,,0.0,2,"Moto/Ciclomotor,Pickup/Utilitario",25 de Mayo Y San Martin,4,2,0,0,2,0,0,"-29.88684, -60.28729",Calle,,CALCHAQUÍ,Vera,Asfalto,No existe,XIX,Dentro,Urbana,Ninguna,No existe,Intersección,Bueno,Buena,Diurna,Buen Tiempo,De alcance,S/D,Colisión,Ninguna,Faltante,Ninguna,Sin restricción
2018,10005,2018-09-26,Miercoles,0,11:00:00,,0.0,2,"Moto/Ciclomotor,Moto/Ciclomotor",Calle 15-Patricio Diez Y Calle 4 - Ledesma,2,1,0,0,0,0,1,"-29.144977, -59.639064",Calle,,RECONQUISTA,General Obligado,Asfalto,No existe,IX,Dentro,Urbana,Ninguna,No existe,Intersección,Bueno,Buena,Diurna,Buen Tiempo,Lateral,S/D,Colisión,Ninguna,Faltante,Ninguna,Sin restricción
2018,10006,2018-11-21,Miercoles,0,17:25:00,,0.0,2,"Moto/Ciclomotor,Automóvil",Lavalle Y Buenos Aires,2,1,1,0,0,0,0,"-29.462138888889,-60.221083333333",Calle,,VERA,Vera,Asfalto,No existe,XIX,Dentro,Urbana,S/D,No existe,Intersección,Bueno,Buena,Diurna,Buen Tiempo,Frontal,S/D,Colisión,Ninguna,Faltante,Ninguna,Sin restricción
2018,10007,2018-11-03,Sabado,0,02:05:00,,0.0,2,"Automóvil,Moto/Ciclomotor",Av Lopez y Planes ,2,0,1,0,1,0,0,"-31.62483, -60.71358",Calle,,SANTA FE,La Capital,Asfalto,No existe,I,Dentro,Urbana,Otra Señal,S/D,Recta,Bueno,Reducida,Nocturna,Buen Tiempo,Lateral,S/D,Colisión,S/D,"Horizontal,Vertical","Vegetación,Línea divisoria pintada",Sin restricción
2018,10008,2018-11-08,Jueves,0,16:35:00,,0.0,1,Moto/Ciclomotor,Iturraspe Y Pje Gaboto,2,0,0,0,0,0,2,"-31.625361111111,-60.721305555556",Calle,,SANTA FE,La Capital,"Asfalto,Tierra",No existe,I,Dentro,Urbana,Otra Señal,No existe,Intersección,Bueno,Buena,Diurna,Buen Tiempo,Otro,S/D,Caída ocupante,S/D,Faltante,"Guardarrail,Vegetación",Sin restricción
2018,10009,2018-09-26,Miercoles,0,08:10:00,,0.0,2,"Automóvil,Moto/Ciclomotor",Paraguay Y Santa Fe,2,1,0,0,1,0,0,"-32.944089, -60.643356",Calle,,ROSARIO,Rosario,Asfalto,No existe,II,Dentro,Urbana,Semáforo,Funciona,Intersección,Bueno,Buena,Diurna,S/D,Lateral,S/D,Colisión,Ninguna,Vertical,Ninguna,Sin restricción
2018,10010,2018-11-14,Miercoles,0,,,0.0,2,"Automóvil,Moto/Ciclomotor",Gdor Freyre Y Hernandarias,3,1,0,0,2,0,0,"-31.604777777778,-60.70675",Calle,,SANTA FE,La Capital,S/D,S/D,I,S/D,Urbana,S/D,S/D,S/D,S/D,S/D,S/D,S/D,S/D,S/D,Colisión,S/D,S/D,S/D,S/D
2018,10011,2018-11-20,Martes,0,07:05:00,Ruta Nacional 178,0.0,2,"Moto/Ciclomotor,Moto/Ciclomotor",Calle 10 Y Calle 5,2,1,0,0,1,0,0,"-32.69005, -61.5219",Ruta,178,LAS PAREJAS,Belgrano,Asfalto,No existe,III,Dentro,Urbana,S/D,S/D,Intersección,Bueno,Buena,Diurna,S/D,Lateral,S/D,Colisión,S/D,S/D,Cordón divisorio,Sin restricción
2018,10012,2018-11-03,Sabado,0,13:50:00,,0.0,2,"Moto/Ciclomotor,Automóvil",Estanislao Zeballos Y 9 de Julio,2,1,0,0,0,0,1,"-31.604916666667,-60.697055555556",S/D,,SANTA FE,La Capital,Asfalto,S/D,I,S/D,Urbana,S/D,S/D,Cruce,S/D,Reducida humo,S/D,S/D,S/D,S/D,S/D,Fluidos,S/D,S/D,S/D
2018,10014,2018-11-07,Miercoles,0,21:20:00,,0.0,2,"Automóvil,Moto/Ciclomotor",Av Freyre 3400,2,0,0,0,0,0,2,"-31.63425,-60.715055555556",S/D,,SANTA FE,La Capital,Asfalto,No existe,I,S/D,S/D,Ninguna,Funciona,Recta,Bueno,Buena,Diurna,Buen Tiempo,Otro,S/D,Colisión,Ninguna,Vertical,Ninguna,Sin restricción
2018,10015,2018-11-15,Jueves,0,,,0.0,2,"Automóvil,Moto/Ciclomotor",Esmeralda Y Viamonte,2,1,0,0,1,0,0,"-32.968277777778,-60.626194444444",Calle,,ROSARIO,Rosario,S/D,S/D,II,S/D,Urbana,S/D,S/D,Intersección,S/D,S/D,S/D,S/D,S/D,S/D,Colisión,S/D,S/D,S/D,S/D
2018,10016,2018-11-15,Jueves,0,,,0.0,2,"Pickup/Utilitario,Moto/Ciclomotor",Camilo Aldao Y Sanguinetti,3,2,0,0,1,0,0,"-32.971805555556,-60.694777777778",Calle,,ROSARIO,Rosario,S/D,S/D,II,S/D,Urbana,S/D,S/D,Intersección,S/D,S/D,S/D,S/D,S/D,S/D,Colisión,S/D,S/D,S/D,S/D
2018,10017,2018-11-19,Lunes,0,19:05:00,,0.0,2,"Moto/Ciclomotor,Taxi/Remis",Av. Avellaneda B Y Pje. Granaderos,3,1,0,0,2,0,0,"-32.97012, -60.68702",Calle,,ROSARIO,Rosario,Asfalto,No existe,II,Dentro,Urbana,Semáforo,Funciona,Recta,Bueno,Buena,Diurna,Buen Tiempo,De alcance,S/D,Colisión,Ninguna,"Horizontal,Vertical",Cordón divisorio,Sin restricción
2018,10018,2018-11-15,Jueves,0,,,0.0,2,"Pickup/Utilitario,Bicicleta", ,2,1,0,0,1,0,0,"-33.04292, -61.16535",Calle,,CASILDA,Caseros,S/D,S/D,IV,S/D,Urbana,S/D,S/D,S/D,S/D,S/D,S/D,S/D,S/D,Ciclista,Atropello,S/D,S/D,S/D,S/D
2018,10019,2018-11-07,Miercoles,0,07:30:00,,0.0,2,"Automóvil,Automóvil",Av Freyre Y Primera Junta,2,0,0,0,0,0,2,"-31.645027777778,-60.718166666667",Calle,,SANTA FE,La Capital,Asfalto,No existe,I,Dentro,Urbana,Ninguna,Funciona,Recta,Bueno,Buena,Diurna,Buen Tiempo,Otro,S/D,Colisión,Ninguna,Vertical,Ninguna,Sin restricción
2018,10020,2018-11-16,Viernes,0,,,0.0,2,"Taxi/Remis,Moto/Ciclomotor",Alsina Y Uruguay,3,2,0,0,1,0,0,"-32.969916666667,-60.684083333333",Calle,,ROSARIO,Rosario,S/D,S/D,II,S/D,Urbana,S/D,S/D,Intersección,S/D,S/D,S/D,S/D,S/D,S/D,Colisión,S/D,S/D,S/D,S/D
2018,10021,2018-11-06,Martes,0,18:35:00,,0.0,2,"Automóvil,Moto/Ciclomotor",Vera Y Dr Zavalla,2,0,0,0,0,0,2,"-31.640916666667,-60.718694444444",S/D,,SANTA FE,La Capital,Asfalto,No existe,I,S/D,S/D,Ninguna,Funciona,Recta,Bueno,Buena,Diurna,Buen Tiempo,Otro,S/D,Colisión,Ninguna,Vertical,Ninguna,Sin restricción
2018,10022,2018-11-19,Lunes,0,16:00:00,,0.0,1,Moto/Ciclomotor,Antelo Bis Y Jose Ingenieros,1,1,0,0,0,0,0,"-32.916305555556,-60.686666666667",Calle,,ROSARIO,Rosario,Asfalto,No existe,II,Dentro,Urbana,Ninguna,No existe,Intersección,Bueno,Buena,Diurna,Buen Tiempo,Lateral,S/D,Colisión,Ninguna,Faltante,S/D,Sin restricción
2018,10023,2018-11-05,Lunes,0,12:00:00,,0.0,2,"Peatón,Automóvil",Francia Y Mendoza,2,0,0,0,0,0,2,"-31.647138888889,-60.714916666667",Calle,,SANTA FE,La Capital,Asfalto,No existe,I,Dentro,Urbana,Ninguna,Funciona,Recta,Bueno,Buena,Diurna,Buen Tiempo,Otro,Peatón,Atropello,Ninguna,Vertical,Ninguna,Sin restricción
2018,10024,2018-11-05,Lunes,0,17:50:00,,0.0,2,"Automóvil,Moto/Ciclomotor",Lamadrid Y Salta,2,0,0,0,0,0,2,"-31.646055555556,-60.728638888889",S/D,,SANTA FE,La Capital,Asfalto,No existe,I,S/D,S/D,Ninguna,Funciona,Recta,Bueno,Buena,Diurna,Buen Tiempo,Otro,S/D,Colisión,Ninguna,Vertical,Ninguna,Sin restricción
2018,10025,2018-11-22,Jueves,0,11:00:00,,0.0,2,"Automóvil,Moto/Ciclomotor",Santa Maria De Oro Bis Y Velez Sarsfield,2,1,0,0,1,0,0,"-32.924833333333,-60.673583333333",Calle,,ROSARIO,Rosario,Asfalto,No existe,II,S/D,Urbana,Semáforo,Funciona,Recta,Otro,Buena,Diurna,Buen Tiempo,Otro,S/D,Colisión,Ninguna,Vertical,Ninguna,Sin restricción
2018,10026,2018-09-07,Viernes,0,,Ruta Secundaria 22-s,0.0,2,"Automóvil,Peatón",Ruta Prov 22 S Y Av la Plata,2,0,1,0,1,0,0,"-33.034609, -60.656214",Ruta,22-s,VILLA GOBERNADOR GÁLVEZ,Rosario,"Asfalto,Tierra",No existe,II,Dentro,Urbana,Ninguna,No existe,Intersección,S/D,S/D,S/D,S/D,S/D,Peatón,Atropello,S/D,Faltante,Ninguna,S/D
2018,10027,2018-09-02,Domingo,0,06:30:00,,0.0,2,"Peatón,Automóvil",Boulevard Ovidio Lagos ,3,2,0,0,1,0,0,"-33.040457, -61.167548",Avenida,,CASILDA,Caseros,Asfalto,No existe,IV,Dentro,Urbana,S/D,S/D,Recta,S/D,S/D,Amanecer,S/D,S/D,Peatón,Atropello,S/D,S/D,Cordón divisorio,S/D
2018,10028,2018-03-20,Martes,0,07:20:00,,0.0,2,"Moto/Ciclomotor,Tren",Av 9 de Julio Y Jolly Medrano,2,1,0,0,0,0,1,"-32.996104, -60.771153",Avenida,,PÉREZ,Rosario,Asfalto,No existe,II,Dentro,Urbana,Señal Pare,No existe,Intersección,S/D,S/D,Diurna,S/D,S/D,S/D,Colisión,S/D,Vertical,Ninguna,S/D
2018,10029,2018-07-03,Martes,0,12:44:00,,0.0,2,"Otros,Moto/Ciclomotor",Av. Francia ,2,1,0,0,0,0,1,"-32.979408, -60.675024",Avenida,,ROSARIO,Rosario,Asfalto,No existe,II,Dentro,Urbana,S/D,S/D,Recta,Bueno,Buena,Diurna,Buen Tiempo,S/D,S/D,Colisión,Ninguna,S/D,"Cordón divisorio,Vegetación",Sin restricción
2018,10030,2018-03-03,Sabado,0,20:15:00,Ruta Provincial 14,0.0,2,"Moto/Ciclomotor,Otros", ,2,1,0,0,0,0,1,"-32.994553, -60.752523",Ruta,14,PÉREZ,Rosario,Asfalto,Ripio,II,Dentro,Urbana,S/D,S/D,Recta,S/D,S/D,Nocturna,S/D,S/D,S/D,Colisión,S/D,S/D,Ninguna,S/D
2018,10031,2018-03-06,Martes,0,,,0.0,1,Otros, ,1,1,0,0,0,0,0,"-32.945247, -60.687789",Calle,,ROSARIO,Rosario,S/D,S/D,II,Dentro,Urbana,S/D,S/D,S/D,S/D,S/D,S/D,S/D,S/D,S/D,S/D,S/D,S/D,S/D,S/D
2018,10032,2018-03-29,Jueves,0,06:25:00,Autopista Nacional A008,0.0,2,"Otros,Moto/Ciclomotor",Av. Circunvalacion ,2,2,0,0,0,0,0,"-32.977407, -60.713093",Autopista,A008,ROSARIO,Rosario,Asfalto,No existe,II,Dentro,Urbana,S/D,S/D,Recta,Bueno,Buena,Diurna,Buen Tiempo,S/D,S/D,Colisión,Ninguna,Horizontal,"Guardarrail,Línea divisoria pintada",Sin restricción
2018,10033,2018-03-07,Miercoles,0,07:45:00,,0.0,2,"Moto/Ciclomotor,Otros",Ocampo Y Suipacha,2,1,0,0,0,0,1,"-32.961794, -60.669218",Calle,,ROSARIO,Rosario,Asfalto,No existe,II,Dentro,Urbana,Ninguna,No existe,Intersección,S/D,S/D,Diurna,S/D,S/D,S/D,Colisión,S/D,Faltante,Ninguna,S/D
2018,10034,2018-03-07,Miercoles,0,21:30:00,,0.0,2,"Moto/Ciclomotor,Otros",Av. Francia Y Acevedo Bis,2,1,0,0,0,0,1,"-32.984200, -60.676939",Avenida,,ROSARIO,Rosario,Asfalto,No existe,II,Dentro,Urbana,Semáforo,Funciona,Intersección,S/D,S/D,Nocturna,S/D,S/D,S/D,Colisión,S/D,Vertical,Cordón divisorio,S/D
2018,10035,2018-03-29,Jueves,0,13:10:00,,0.0,2,"Otros,Moto/Ciclomotor",Roullon Y Calle 1807,2,0,1,0,0,0,1,"-32.973130, -60.700902",Avenida,,ROSARIO,Rosario,Hormigón,No existe,II,Dentro,Urbana,S/D,No existe,Intersección,Deteriorada,Buena,Diurna,Buen Tiempo,S/D,S/D,Colisión,Ninguna,Faltante,Cordón divisorio,Sin restricción
2018,10036,2018-03-10,Sabado,0,13:00:00,,0.0,2,"Bicicleta,Otros",La Paz Y Valparaiso,2,1,0,0,0,0,1,"-32.956317, -60.686356",Calle,,ROSARIO,Rosario,Asfalto,No existe,II,Dentro,Urbana,S/D,S/D,Intersección,S/D,S/D,Diurna,S/D,S/D,Ciclista,Atropello,S/D,S/D,Ninguna,S/D
2018,10037,2018-03-29,Jueves,0,10:00:00,,0.0,2,"Otros,Moto/Ciclomotor",Cordoba Y Castellanos,2,0,1,0,0,0,1,"-32.939803, -60.675050",Calle,,ROSARIO,Rosario,Hormigón,No existe,II,Dentro,Urbana,Semáforo,Funciona,Intersección,Bueno,Buena,Diurna,Buen Tiempo,S/D,S/D,Colisión,Ninguna,"Horizontal,Vertical",Ninguna,Sin restricción
2018,10038,2018-03-14,Miercoles,0,02:00:00,Ruta Provincial 18,0.0,1,Otros,Av. Ovidio Lagos Y Copacabana,1,0,1,0,0,0,0,"-33.028149, -60.681751",Ruta,18,ROSARIO,Rosario,Asfalto,No existe,II,Dentro,Urbana,Ninguna,No existe,Intersección,S/D,S/D,Nocturna,S/D,S/D,S/D,S/D,S/D,Faltante,Ninguna,S/D
2018,10039,2018-03-15,Jueves,0,04:30:00,Autopista Nacional A008,0.0,2,"Moto/Ciclomotor,Otros",Av. Circunvalacion ,2,0,1,0,0,0,1,"-32.997115, -60.695735",Autopista,A008,ROSARIO,Rosario,Asfalto,Pavimento,II,Dentro,Urbana,S/D,S/D,Recta,S/D,S/D,Nocturna,S/D,S/D,S/D,Colisión,S/D,S/D,Guardarrail,S/D
2018,10040,2018-03-24,Sabado,0,16:12:00,,0.0,1,Otros,Bv. Segui Y Iriondo,2,0,1,0,0,0,1,"-32.973385, -60.677804",Avenida,,ROSARIO,Rosario,Hormigón,No existe,II,Dentro,Urbana,Paso Peatonal,No existe,Intersección,Bueno,Buena,Diurna,Buen Tiempo,S/D,S/D,Colisión,Ninguna,Horizontal,"Cordón divisorio,Línea divisoria pintada",Sin restricción
2018,10041,2018-03-18,Domingo,0,16:30:00,,0.0,2,"Moto/Ciclomotor,Otros",Soldado Aguirre ,3,2,0,0,0,0,1,"-33.029548, -60.646598",Calle,,VILLA GOBERNADOR GÁLVEZ,Rosario,Asfalto,No existe,II,Dentro,Urbana,S/D,S/D,Recta,S/D,S/D,Diurna,S/D,S/D,S/D,Colisión,S/D,Faltante,Cordón divisorio,S/D