anio_acci,nro_acci,fecha,desc_dia,fecha_aprox,hora_aprox,desc_ruta,km,cant_participantes,desc_participante,calle_avenida_km,total,heridos_leves,heridos_graves,heridos_gravisimos,ilesos,fallecidos,sin_datos,posicion_XY,desc_tipo_via,desc_ruta_ori,desc_loc,desc_dpto,desc_tipo_calzada,desc_tipo_banquina,desc_unidad_regional,desc_lugar_calzada,desc_zona,desc_prioridad,desc_estado_semaforo,desc_lugar_via,desc_estado_via,desc_estado_visibilidad,desc_luminosidad,desc_estado_clima,desc_tipo_colision,desc_tipo_atropello,desc_tipo_hecho,desc_pres_calzada,desc_senializacion,desc_separacion_via,desc_restriccion
2018,10110,2018-09-10,Lunes,0,,,0.0,2,"Moto/Ciclomotor,Automóvil",Alvear Y Belgrano,2,0,1,0,1,0,0,"-29.236940545030, -61.771922423875",Calle,,TOSTADO,9 de Julio,Asfalto,No existe,XII,Dentro,Urbana,S/D,S/D,Intersección,S/D,S/D,S/D,S/D,Lateral,S/D,Colisión,S/D,S/D,Ninguna,S/D
2018,10111,2018-09-25,Martes,0,12:00:00,,0.0,2,"Bicicleta,Automóvil",Bv. Wilde Y Urquiza,2,1,0,0,1,0,0,"-32.934112, -60.738686",Avenida,,ROSARIO,Rosario,Asfalto,No existe,II,Dentro,Urbana,Paso Peatonal,No existe,Intersección,Bueno,Buena,Diurna,Buen Tiempo,S/D,Ciclista,Atropello,Ninguna,"Horizontal,Vertical",Cordón divisorio,Sin restricción
2018,10112,2018-09-10,Lunes,0,,,0.0,2,"Moto/Ciclomotor,Automóvil",Av San Martin Y San Juan,3,2,0,0,1,0,0,"-31.898867, -61.860333",Avenida,,SAN JORGE,San Martín,Hormigón,No existe,XVIII,Dentro,Urbana,Ninguna,No existe,Intersección,S/D,S/D,S/D,S/D,S/D,S/D,Colisión,S/D,Faltante,Ninguna,Sin restricción
2018,10113,2018-09-24,Lunes,0,,,0.0,1,Pickup/Utilitario, ,2,2,0,0,0,0,0,"-31.825568, -61.647750",Camino Rural,,CRISPI,San Martín,Tierra,No existe,XVIII,Dentro,Rural,Ninguna,No existe,Recta,Otro,Buena,S/D,Buen Tiempo,Contra objeto fijo,S/D,Colisión,Material Suelto,Faltante,Ninguna,Sin restricción
2018,10114,2018-09-10,Lunes,0,,Ruta Provincial 10,0.0,1,Moto/Ciclomotor,Avda. Jorge Newbery Y Luisa de Larrechea,1,1,0,0,0,0,0,"-32.036290, -61.209195",Ruta,10,GÁLVEZ,San Jerónimo,Asfalto,No existe,XV,Dentro,Urbana,Policía de tránsito,S/D,Intersección,S/D,S/D,S/D,S/D,S/D,S/D,Caída ocupante,S/D,S/D,S/D,S/D
2018,10115,2018-11-11,Domingo,0,01:15:00,,0.0,1,Moto/Ciclomotor,Ayacucho 200,1,1,0,0,0,0,0,"-33.75751, -61.96662",Calle,,VENADO TUERTO,General López,S/D,S/D,VIII,S/D,Urbana,S/D,S/D,Recta,S/D,S/D,S/D,S/D,S/D,S/D,Caída ocupante,S/D,S/D,S/D,S/D
2018,10116,2018-11-11,Domingo,0,03:20:00,,0.0,1,Moto/Ciclomotor,Ayacucho ,1,1,0,0,0,0,0,"-33.76303, -61.96234",Calle,,VENADO TUERTO,General López,S/D,S/D,VIII,S/D,Urbana,S/D,S/D,S/D,S/D,S/D,S/D,S/D,S/D,S/D,Caída ocupante,S/D,S/D,S/D,S/D
2018,10117,2018-11-13,Martes,0,09:00:00,,0.0,2,"Automóvil,Automóvil",Alvear Y Paz,3,2,0,0,1,0,0,"-33.75447, -61.97611",Calle,,VENADO TUERTO,General López,S/D,S/D,VIII,S/D,Urbana,S/D,S/D,Intersección,S/D,S/D,S/D,S/D,"Contra objeto fijo,Otro",S/D,Colisión,S/D,S/D,S/D,S/D
2018,10118,2018-11-17,Sabado,0,15:00:00,Ruta Nacional 168,477.0,1,Automóvil, ,3,2,0,0,1,0,0,"-31.63961, -60.6347",Ruta,168,SANTA FE,La Capital,Asfalto,Natural,I,Dentro,Urbana,Ninguna,No existe,Recta,Bueno,Buena,Diurna,Lluvia,Otro,S/D,Vuelco,Agua,Horizontal,Línea divisoria pintada,Sin restricción
2018,10119,2018-11-18,Domingo,0,14:15:00,,0.0,2,"Tren,Peatón",Martin Fierro ,3,1,0,0,2,0,0,"-32.879, -60.70368",Calle,,ROSARIO,Rosario,Asfalto,No existe,II,Dentro,Urbana,Ninguna,No existe,Paso a Nivel FFCC,Bueno,Buena,Diurna,Buen Tiempo,S/D,Peatón,Atropello,Ninguna,Faltante,Ninguna,Sin restricción
2018,10120,2018-11-13,Martes,0,07:00:00,,0.0,1,Moto/Ciclomotor,Juan B Justo Y Uruguay,2,2,0,0,0,0,0,"-33.75617, -61.95667",Calle,,VENADO TUERTO,General López,S/D,S/D,VIII,S/D,Urbana,S/D,S/D,Intersección,S/D,S/D,S/D,S/D,S/D,S/D,Caída ocupante,S/D,S/D,S/D,S/D
2018,10121,2018-11-13,Martes,0,16:20:00,,0.0,2,"Moto/Ciclomotor,Transporte de Pasajeros",Juan Lavalle Y Quintana,2,1,0,0,0,0,1,"-33.73736, -61.97809",Calle,,VENADO TUERTO,General López,S/D,S/D,VIII,S/D,Urbana,S/D,S/D,Intersección,S/D,S/D,S/D,S/D,S/D,S/D,Colisión,S/D,S/D,S/D,S/D
2018,10122,2018-11-27,Martes,0,11:00:00,,0.0,2,"Automóvil,Automóvil",Olavarria Bis Y J.B.Justo,2,1,0,0,0,0,1,"-32.914733246431, -60.704627973313",Calle,,ROSARIO,Rosario,Asfalto,No existe,II,Dentro,Urbana,Ninguna,No existe,Intersección,Bueno,Buena,Diurna,Buen Tiempo,S/D,S/D,Colisión,Ninguna,Faltante,Ninguna,Sin restricción
2018,10123,2018-11-17,Sabado,0,17:55:00,,0.0,2,"Automóvil,Automóvil",Salvat Y Pje. 1349,3,1,0,0,2,0,0,"-32.88337, -60.72309",Calle,,ROSARIO,Rosario,Asfalto,Natural,II,Dentro,Urbana,Ninguna,No existe,Intersección,Bueno,Buena,Atardecer,Buen Tiempo,S/D,S/D,Colisión,S/D,S/D,Ninguna,S/D
2018,10124,2018-11-27,Martes,0,22:35:00,,0.0,2,"Automóvil,Automóvil",Pedro Alejandro Vittori Y Salvador del Carril,2,1,0,0,0,0,1,"-31.618502449310, -60.697478650130",Calle,,SANTA FE,La Capital,Asfalto,No existe,I,S/D,Urbana,S/D,Funciona,S/D,Bueno,Buena,S/D,S/D,S/D,S/D,S/D,S/D,S/D,S/D,S/D
2018,10125,2018-11-13,Martes,0,,,0.0,2,"Automóvil,Moto/Ciclomotor",San Martin Y Las Heras,2,0,1,0,0,0,1,"-31.45989, -60.93368",Calle,,ESPERANZA,Las Colonias,S/D,S/D,XI,S/D,Urbana,S/D,S/D,Intersección,S/D,S/D,S/D,S/D,S/D,S/D,Colisión,S/D,S/D,S/D,S/D
2018,10126,2018-11-22,Jueves,0,18:35:00,,0.0,2,"Bicicleta,Automóvil",4 de enero Y Tucuman,2,1,0,0,1,0,0,"-31.65655, -60.7764",Calle,,SANTO TOMÉ,La Capital,Asfalto,No existe,I,Dentro,Urbana,Ninguna,No existe,Intersección,Bueno,Buena,Diurna,Buen Tiempo,Lateral,S/D,Colisión,Ninguna,S/D,Ninguna,Sin restricción
2018,10127,2018-11-27,Martes,0,11:10:00,,0.0,2,"Moto/Ciclomotor,Automóvil",Av Pte Peron 3400,2,0,0,0,0,0,2,"-31.633638345382, -60.717724971720",Calle,,SANTA FE,La Capital,Asfalto,No existe,I,Dentro,Urbana,Ninguna,Funciona,Recta,Bueno,Buena,Diurna,Buen Tiempo,Otro,S/D,Colisión,Ninguna,Vertical,Ninguna,Sin restricción
2018,10128,2018-11-21,Miercoles,0,10:20:00,Autopista Provincial Brigadier E.López,0.0,2,"Camión c / Acoplado,Pickup/Utilitario", ,2,1,0,0,1,0,0,"-32.87491, -60.71633",Autopista,Brigadier E.López,ROSARIO,Rosario,Asfalto,Natural,II,Dentro,Rural,Ninguna,No existe,Recta,Bueno,Buena,Diurna,Buen Tiempo,De alcance,S/D,Colisión,Ninguna,Faltante,"Guardarrail,Vegetación",Sin restricción
2018,10129,2018-11-10,Sabado,0,05:00:00,,0.0,2,"Moto/Ciclomotor,Automóvil",Servando Bayo ,2,0,1,0,0,0,1,"-32.94798, -60.68706",Calle,,ROSARIO,Rosario,S/D,S/D,II,S/D,Urbana,S/D,S/D,Recta,S/D,S/D,S/D,S/D,S/D,S/D,Colisión,S/D,S/D,S/D,S/D
2018,10130,2018-11-27,Martes,0,21:30:00,,0.0,1,Bicicleta,Sarmiento Y Bv GÁLVEZ,1,1,0,0,0,0,0,"-31.637758218429, -60.693413429209",Calle,,SANTA FE,La Capital,Asfalto,S/D,I,Dentro,Urbana,S/D,S/D,Intersección,Bueno,S/D,Nocturna,S/D,S/D,Ciclista,Atropello,S/D,S/D,S/D,S/D
2018,10131,2018-11-27,Martes,0,21:30:00,,0.0,2,"Automóvil,Moto/Ciclomotor",San Ignacio de Loyola Y 4 de Enero,2,0,1,0,1,0,0,"-31.663850747725, -60.717403106638",Calle,,SANTA FE,La Capital,Asfalto,S/D,I,Dentro,Urbana,Ninguna,S/D,Recta,Otro,S/D,S/D,Buen Tiempo,Frontal,S/D,Colisión,Ninguna,Horizontal,Ninguna,Sin restricción
2018,10132,2018-11-17,Sabado,0,01:30:00,,0.0,2,"Peatón,Otros",Baldaccini 5500,2,1,0,0,1,0,0,"-31.51405, -60.67601",Calle,,MONTE VERA,La Capital,Ripio,No existe,I,Dentro,Urbana,Ninguna,No existe,Intersección,Bueno,Buena,"Nocturna,Con luz artificial",Buen Tiempo,S/D,Peatón,Atropello,Ninguna,S/D,Ninguna,Sin restricción
2018,10133,2018-11-15,Jueves,0,06:15:00,Autopista Nacional A007,0.0,1,Automóvil,Av Circunvalaci?n ,1,1,0,0,0,0,0,"-31.67159, -60.72859",Autopista,A007,SANTA FE,La Capital,S/D,S/D,I,S/D,Urbana,S/D,S/D,Recta,S/D,S/D,S/D,S/D,S/D,S/D,Vuelco,S/D,S/D,S/D,S/D
2018,10134,2018-11-27,Martes,0,21:05:00,,0.0,2,"Bicicleta,Automóvil",La Rioja Y Av Leandro Alem,2,1,0,0,1,0,0,"-31.646876857228, -60.702072347561",Calle,,SANTA FE,La Capital,Hormigón,No existe,I,Dentro,Urbana,Ninguna,Funciona,Intersección,Bueno,Buena,"Nocturna,Con luz artificial",Buen Tiempo,S/D,Ciclista,Atropello,Ninguna,"Horizontal,Vertical",Ninguna,Sin restricción
2018,10135,2018-11-09,Viernes,0,16:30:00,,0.0,2,"Moto/Ciclomotor,Automóvil",Espa?a Y Khantuta,2,0,1,0,0,0,1,"-33.01218, -60.65699",Calle,,ROSARIO,Rosario,S/D,S/D,II,S/D,Urbana,S/D,S/D,Intersección,S/D,S/D,S/D,S/D,S/D,S/D,Colisión,S/D,S/D,S/D,S/D
2018,10136,2018-09-24,Lunes,0,18:20:00,,0.0,2,"Automóvil,Moto/Ciclomotor",Washington Y  General Juan Las Heras,3,1,0,0,2,0,0,"-33.044189, -61.174959",Calle,,CASILDA,Caseros,Asfalto,No existe,II,Dentro,Urbana,Ninguna,No existe,Intersección,Bueno,Buena,Diurna,Buen Tiempo,Lateral,S/D,Colisión,Ninguna,Faltante,Ninguna,Sin restricción
2018,10137,2018-11-21,Miercoles,0,01:27:00,Ruta Provincial 2,0.0,1,Moto/Ciclomotor,Ruta pcial 2 Av San Martin ,1,1,0,0,0,0,0,"-31.5298, -60.68526",Ruta,2,MONTE VERA,La Capital,Ripio,No existe,II,Dentro,Rural,Ninguna,No existe,Recta,Bueno,Buena,"Nocturna,Con luz artificial",Buen Tiempo,S/D,S/D,Caída ocupante,Ninguna,S/D,Ninguna,Sin restricción
2018,10138,2018-11-28,Miercoles,0,16:30:00,,0.0,2,"Pickup/Utilitario,Moto/Ciclomotor",Neuquen Y Congreso,2,1,0,0,0,0,1,"-32.762684905877, -60.735660339420",Calle,,SAN LORENZO,San Lorenzo,S/D,S/D,XVII,S/D,S/D,S/D,S/D,Otro,S/D,S/D,Diurna,S/D,S/D,S/D,Colisión,S/D,S/D,S/D,S/D
2018,10140,2018-11-15,Jueves,0,,,0.0,2,"Pickup/Utilitario,Bicicleta",Soler Y Saavedra,2,1,0,0,1,0,0,"-31.4595, -60.93949",Calle,,ESPERANZA,Las Colonias,S/D,S/D,XI,S/D,Urbana,S/D,S/D,Intersección,S/D,S/D,S/D,S/D,S/D,Ciclista,Atropello,S/D,S/D,S/D,S/D
2018,10143,2018-11-21,Miercoles,0,11:30:00,,0.0,2,"Moto/Ciclomotor,Pickup/Utilitario", ,3,2,0,0,1,0,0,"-31.67277, -60.76891",Calle,,SANTO TOMÉ,La Capital,Hormigón,No existe,I,S/D,Urbana,Ninguna,No existe,S/D,Bueno,Buena,Diurna,Buen Tiempo,Lateral,S/D,Atropello,Ninguna,Faltante,Ninguna,Sin restricción
2018,10144,2018-11-28,Miercoles,0,19:00:00,,0.0,2,"Automóvil,Moto/Ciclomotor",Entre Rios Y 10 de Febrero,2,1,0,0,1,0,0,"-32.821586215844, -60.713730598514",Calle,,CAPITÁN BERMÚDEZ,San Lorenzo,S/D,No existe,XVII,S/D,Urbana,Ninguna,No existe,Intersección,Bueno,Buena,Nocturna,S/D,De alcance,S/D,Colisión,S/D,Faltante,Ninguna,S/D
2018,10145,2018-11-21,Miercoles,0,07:15:00,,0.0,2,"Automóvil,Moto/Ciclomotor", ,2,1,0,0,1,0,0,"-31.67277, -60.76891",S/D,,SANTO TOMÉ,La Capital,Asfalto,No existe,I,S/D,Urbana,Ninguna,No existe,S/D,Bueno,Buena,Diurna,Buen Tiempo,Frontal,S/D,Colisión,Ninguna,Faltante,Ninguna,Sin restricción
2018,10146,2018-11-01,Jueves,0,23:30:00,Autopista Provincial Brigadier E.López,0.0,2,"Automóvil,Automóvil", ,2,2,0,0,0,0,0,"-32.8078, -60.74163",Autopista,Brigadier E.López,GRANADERO BAIGORRIA,Rosario,S/D,S/D,V,S/D,S/D,S/D,S/D,S/D,S/D,S/D,S/D,S/D,S/D,S/D,S/D,S/D,S/D,S/D,S/D
2018,10147,2018-11-28,Miercoles,0,09:45:00,,0.0,2,"Moto/Ciclomotor,Pickup/Utilitario",25 de Mayo 600,2,1,0,0,1,0,0,"-32.841241443505, -60.714545990054",Calle,,GRANADERO BAIGORRIA,Rosario,Asfalto,S/D,II,Dentro,Urbana,Ninguna,No existe,Recta,Bueno,Buena,"Diurna,Con luz artificial",S/D,De alcance,S/D,Colisión,S/D,S/D,Línea divisoria pintada,Sin restricción
2018,10148,2018-11-14,Miercoles,0,19:45:00,Ruta Nacional 11,0.0,2,"Automóvil,Bicicleta",Calle 17-Bartolome Mitre Y Ruta Nacional 11,2,1,0,0,1,0,0,"-29.14422, -59.65604",Ruta,11,RECONQUISTA,General Obligado,S/D,S/D,V,S/D,Urbana,S/D,S/D,Recta,S/D,S/D,S/D,S/D,S/D,Ciclista,Atropello,S/D,S/D,S/D,S/D
2018,10149,2018-11-05,Lunes,0,,Ruta Nacional 19,0.0,2,"Bicicleta,Automóvil",Calle 5 ,3,0,1,0,2,0,0,"-31.42047, -62.06061",Ruta,19,FRONTERA,Castellanos,S/D,S/D,V,S/D,S/D,S/D,S/D,S/D,S/D,S/D,S/D,S/D,S/D,Ciclista,Atropello,S/D,S/D,S/D,S/D
2018,10150,2018-11-28,Miercoles,0,15:30:00,,0.0,2,"Moto/Ciclomotor,Pickup/Utilitario",Cochabamba Y Espa?a,2,1,0,0,1,0,0,"-32.956941211572, -60.649572158878",Calle,,ROSARIO,Rosario,S/D,S/D,II,S/D,Urbana,S/D,S/D,Intersección,S/D,S/D,Diurna,S/D,S/D,S/D,Colisión,S/D,S/D,S/D,S/D
2018,10151,2018-11-19,Lunes,0,04:45:00,,0.0,1,Moto/Ciclomotor,Av. Ovidio Lagos Y Lamadrid,1,1,0,0,0,0,0,"-32.99793, -60.6748",Avenida,,ROSARIO,Rosario,Asfalto,S/D,II,Dentro,Urbana,Ninguna,S/D,Intersección,S/D,Buena,"Nocturna,Con luz artificial",Buen Tiempo,S/D,S/D,Caída ocupante,Ninguna,S/D,Cordón divisorio,S/D
2018,10152,2018-11-28,Miercoles,0,13:00:00,,0.0,2,"Moto/Ciclomotor,Moto/Ciclomotor",Cordoba Y Callao,2,1,0,0,1,0,0,"-32.942478740563, -60.660107875888",Calle,,ROSARIO,Rosario,S/D,S/D,II,S/D,Urbana,S/D,S/D,Recta,S/D,S/D,Diurna,S/D,S/D,S/D,Colisión,S/D,S/D,S/D,S/D
2018,10153,2018-11-17,Sabado,0,12:30:00,,0.0,2,"Automóvil,Moto/Ciclomotor",Bv. Oro?o Y Av. Battle y Ordo?ez,2,1,0,0,1,0,0,"-33.00976, -60.67629",Avenida,,ROSARIO,Rosario,Asfalto,S/D,II,Dentro,Urbana,S/D,Funciona,Intersección,S/D,Buena,Diurna,S/D,S/D,S/D,Colisión,S/D,S/D,Cordón divisorio,Sin restricción
2018,10154,2018-09-24,Lunes,0,,,0.0,2,"Moto/Ciclomotor,Automóvil",GÁLVEZ Y Entre Rios,2,1,0,0,1,0,0,"-32.968312, -60.646405",Calle,,ROSARIO,Rosario,Asfalto,No existe,II,Dentro,Urbana,S/D,No existe,Intersección,Bueno,S/D,S/D,S/D,Lateral,S/D,Colisión,Ninguna,Faltante,Ninguna,Sin restricción
2018,10155,2018-11-28,Miercoles,0,14:15:00,,0.0,2,"Moto/Ciclomotor,Automóvil",Carlos Pellegrini 1400,2,1,0,0,1,0,0,"-32.584543311944, -61.173933292453",Calle,,TOTORAS,Iriondo,Hormigón,No existe,X,S/D,Urbana,Ninguna,No existe,Recta,S/D,Buena,Diurna,Buen Tiempo,De alcance,S/D,Colisión,S/D,S/D,Ninguna,Sin restricción
2018,10156,2018-11-28,Miercoles,0,14:30:00,,0.0,2,"Pickup/Utilitario,Moto/Ciclomotor",Av. Santa Fe Y Marconi,3,1,0,0,2,0,0,"-32.812810027947, -61.380120063846",Avenida,,CAÑADA DE GÓMEZ,Iriondo,Asfalto,Pavimento,X,S/D,Urbana,Ninguna,No funciona,Intersección,Bueno,Buena,Diurna,Buen Tiempo,Lateral,S/D,Colisión,S/D,Horizontal,Guardarrail,Sin restricción
2018,10157,2018-11-28,Miercoles,0,12:00:00,,0.0,2,"Moto/Ciclomotor,Automóvil",Av. Battle y Ordo?ez Y San Martin,2,1,0,0,0,0,1,"-33.008961300309, -60.650718669242",Avenida,,ROSARIO,Rosario,Asfalto,No existe,II,Dentro,Urbana,Ninguna,Funciona,Recta,Bueno,Buena,Diurna,Otro,De alcance,S/D,Colisión,Ninguna,Vertical,Cordón divisorio,Sin restricción
2018,10158,2018-11-28,Miercoles,0,20:45:00,,0.0,2,"Pickup/Utilitario,Moto/Ciclomotor",Cafferata Y Bv. Segui,2,0,1,0,1,0,0,"-32.973305737921, -60.679251611385",Avenida,,ROSARIO,Rosario,Asfalto,S/D,II,S/D,Urbana,Semáforo,Funciona,Intersección,S/D,S/D,"Nocturna,Con luz artificial",S/D,S/D,S/D,Colisión,S/D,S/D,Cordón divisorio,S/D
2018,10159,2018-09-24,Lunes,0,18:00:00,Ruta Nacional 9,0.0,2,"Automóvil,Automóvil",Ruta Nacional 9 Y Candelaria,3,1,0,0,2,0,0,"-32.921146, -60.813470",Ruta,9,FUNES,Rosario,Asfalto,No existe,II,Dentro,Urbana,Ninguna,No existe,Intersección,Bueno,Buena,Diurna,Buen Tiempo,Lateral,S/D,Colisión,Ninguna,Faltante,Ninguna,Sin restricción
2018,10160,2018-09-11,Martes,0,08:00:00,Ruta Nacional 11,0.0,2,"Automóvil,Bicicleta",Avenida Nuestra Se?ora del Luj Y 12 de septiembre,2,1,0,0,1,0,0,"-31.679446, -60.774120",Ruta,11,SANTO TOMÉ,La Capital,"Asfalto,Tierra",No existe,I,Dentro,Urbana,Ninguna,No existe,Intersección,S/D,S/D,Diurna,S/D,S/D,Ciclista,Atropello,S/D,Faltante,Ninguna,Sin restricción
2018,10161,2018-09-10,Lunes,0,19:45:00,,0.0,2,"Moto/Ciclomotor,Bicicleta", ,2,1,0,0,1,0,0,"-33.149100, -61.472418",Calle,,AREQUITO,Caseros,S/D,S/D,IV,Dentro,Urbana,S/D,S/D,S/D,S/D,S/D,Nocturna,S/D,S/D,Ciclista,Atropello,S/D,S/D,"Ninguna,S/D",S/D
2018,10162,2018-09-22,Sabado,0,01:30:00,,0.0,2,"Automóvil,Moto/Ciclomotor",Amenabar Y Camilo Aldao,3,0,1,0,1,1,0,"-32.96349, -60.69506",Calle,,ROSARIO,Rosario,Asfalto,No existe,II,Dentro,Urbana,Ninguna,S/D,Recta,Bueno,Buena,Nocturna,Buen Tiempo,De alcance,S/D,Colisión,Ninguna,S/D,Ninguna,Sin restricción
2018,10163,2018-09-01,Sabado,0,04:00:00,Ruta Nacional 11,0.0,1,Moto/Ciclomotor, ,2,1,0,0,0,1,0,"-32.57472,-60.85084",Ruta,11,OLIVEROS,Iriondo,Asfalto,No existe,X,Dentro,Rural,Ninguna,No existe,Puente,Bueno,Buena,Nocturna,Buen Tiempo,Contra objeto fijo,S/D,Colisión,S/D,"Horizontal,Vertical",Línea divisoria pintada,Sin restricción
2018,10164,2018-09-11,Martes,0,,Autopista Provincial Brigadier E.López,76.0,1,Pickup/Utilitario, ,1,1,0,0,0,0,0,"-32.233499, -60.995618",Autopista,Brigadier E.López,BARRANCAS,San Jerónimo,Asfalto,Natural,XV,Dentro,Rural,Ninguna,No existe,Recta,S/D,S/D,S/D,S/D,S/D,S/D,Despiste,S/D,Faltante,Vegetación,S/D
2018,10165,2018-09-02,Domingo,0,18:50:00,,0.0,2,"Peatón,Tren",Esperanza Y Magallanes,3,0,0,0,2,1,0,"-33.03326,-60.63432",Calle,,VILLA GOBERNADOR GÁLVEZ,Rosario,S/D,Natural,II,S/D,Urbana,Marca Vial,No existe,Paso a Nivel FFCC,Bueno,Buena,Atardecer,Buen Tiempo,S/D,Peatón,Atropello,Ninguna,S/D,S/D,Sin restricción
2018,10166,2018-09-11,Martes,0,20:35:00,,0.0,2,"Moto/Ciclomotor,Peatón",Perdriel 1200,2,1,0,0,1,0,0,"-32.757563, -60.743021",Calle,,SAN LORENZO,San Lorenzo,Asfalto,No existe,XVII,Dentro,Urbana,Ninguna,No existe,Recta,S/D,S/D,Nocturna,S/D,S/D,Peatón,Atropello,S/D,Faltante,Ninguna,Sin restricción
2018,10167,2018-09-04,Martes,0,19:40:00,Ruta Provincial 38,1.5,1,Pickup/Utilitario, ,1,0,0,0,0,1,0,"-29.99712, -61.82047",Ruta,38,HERSILIA,San Cristóbal,Ripio,Natural,XIII,S/D,Rural,Ninguna,No existe,Recta,Resbaladiza,Reducida polvo,Nocturna,Buen Tiempo,S/D,S/D,Vuelco,Ninguna,Faltante,Ninguna,Sin restricción
2018,10168,2018-09-07,Viernes,0,22:30:00,Ruta Provincial 2,0.0,1,Moto/Ciclomotor, ,1,0,0,0,0,1,0,"-30.29967,-61.22369",Ruta,2,SAN CRISTÓBAL,San Cristóbal,Asfalto,Ripio,XIII,S/D,Urbana,Ninguna,No existe,Recta,Bueno,Buena,"Nocturna,Con luz artificial",Buen Tiempo,Contra objeto fijo,S/D,Colisión,Ninguna,Horizontal,Línea divisoria pintada,Sin restricción
2018,10169,2018-09-09,Domingo,0,09:05:00,Ruta Secundaria 95-s,27.0,1,Automóvil, ,2,2,0,0,0,0,0,"-29.906403578802, -60.835888569815",Ruta,95-s,LOS TÁBANOS,Vera,Asfalto,S/D,XIX,Dentro,Rural,S/D,S/D,Recta,S/D,S/D,Diurna,S/D,S/D,S/D,Despiste,S/D,S/D,S/D,Sin restricción
2018,10170,2018-09-08,Sabado,0,01:40:00,Autopista Nacional A008,0.0,2,"Automóvil,Peatón",Av. Circunvalacion Y Espa?a,2,0,0,0,0,2,0,"-33.01611,-60.65688",Autopista,A008,ROSARIO,Rosario,Asfalto,Pavimento,II,Fuera,Urbana,Ninguna,No existe,Recta,Bueno,S/D,"Nocturna,Con luz artificial",S/D,Contra objeto fijo,Peatón,"Colisión,Atropello",S/D,Horizontal,Barrera de hormigón,Sin restricción
2018,10171,2018-09-22,Sabado,0,14:00:00,,0.0,2,"Moto/Ciclomotor,Automóvil",Marcos Avellaneda Y General Paz,2,1,0,0,1,0,0,"-31.453376, -60.934765",Calle,,ESPERANZA,Las Colonias,Hormigón,No existe,XI,Dentro,Urbana,Ninguna,No existe,Intersección,Bueno,Buena,Diurna,Buen Tiempo,Lateral,S/D,Colisión,Ninguna,Faltante,"Ninguna,S/D",Sin restricción
2018,10172,2018-09-11,Martes,0,17:05:00,,0.0,1,Bicicleta, ,1,1,0,0,0,0,0,"-33.052130, -61.171121",S/D,,CASILDA,Caseros,S/D,S/D,IV,Dentro,Urbana,S/D,S/D,S/D,S/D,S/D,Diurna,S/D,S/D,S/D,Caída ocupante,S/D,S/D,S/D,S/D
2018,10173,2018-09-12,Miercoles,0,,,0.0,2,"Bicicleta,Moto/Ciclomotor", ,2,1,0,0,1,0,0,"-31.455712, -60.932430",Calle,,ESPERANZA,Las Colonias,S/D,S/D,XI,Dentro,Urbana,S/D,S/D,S/D,S/D,S/D,S/D,S/D,S/D,Ciclista,Atropello,S/D,S/D,S/D,S/D
2018,10174,2018-09-24,Lunes,0,11:10:00,,0.0,2,"Pickup/Utilitario,Moto/Ciclomotor",Av. Casiano Casas Y Baigorria,2,1,0,0,1,0,0,"-32.893914, -60.716341",Avenida,,ROSARIO,Rosario,Asfalto,No existe,II,Dentro,Urbana,Semáforo,No existe,Intersección,Deteriorada,Buena,Diurna,Buen Tiempo,S/D,S/D,Colisión,Ninguna,"Horizontal,Vertical",Ninguna,Sin restricción
2018,10175,2018-09-12,Miercoles,0,,,0.0,2,"Automóvil,Moto/Ciclomotor", ,2,1,0,0,1,0,0,"-31.455712, -60.932430",S/D,,ESPERANZA,Las Colonias,S/D,S/D,XI,S/D,S/D,S/D,S/D,S/D,S/D,S/D,S/D,S/D,S/D,S/D,Colisión,S/D,S/D,S/D,S/D
2018,10176,2018-09-12,Miercoles,0,,,0.0,2,"Automóvil,Moto/Ciclomotor", ,2,1,0,0,1,0,0,"-31.455712, -60.932430",S/D,,ESPERANZA,Las Colonias,S/D,S/D,XI,Dentro,Urbana,S/D,S/D,S/D,S/D,S/D,S/D,S/D,S/D,S/D,Colisión,S/D,S/D,S/D,S/D
2018,10177,2018-09-12,Miercoles,0,,,0.0,1,Moto/Ciclomotor,Sarmiento Y Reconquista,1,1,0,0,0,0,0,"-32.018936, -61.228103",Calle,,GÁLVEZ,San Jerónimo,S/D,No existe,XV,Dentro,Urbana,S/D,S/D,Recta,S/D,S/D,S/D,S/D,S/D,S/D,Caída ocupante,S/D,S/D,S/D,S/D
2018,10178,2018-09-24,Lunes,0,09:50:00,,0.0,2,"Moto/Ciclomotor,Automóvil",Milan Y Av. Corrientes,2,1,0,0,1,0,0,"-32.989800, -60.653482",Calle,,ROSARIO,Rosario,Asfalto,No existe,II,Dentro,Urbana,Ninguna,No existe,Intersección,Bueno,Buena,Diurna,Buen Tiempo,S/D,S/D,Colisión,Ninguna,Faltante,Ninguna,Sin restricción
2018,10179,2018-09-12,Miercoles,0,00:00:00,,0.0,1,Automóvil, ,1,1,0,0,0,0,0,"-31.907161, -61.400371",S/D,,COLONIA BELGRANO,San Martín,S/D,S/D,XVIII,Dentro,Urbana,S/D,S/D,Recta,S/D,S/D,Nocturna,S/D,Contra objeto fijo,S/D,Colisión,S/D,S/D,S/D,S/D
2018,10180,2018-09-24,Lunes,0,12:20:00,,0.0,2,"Bicicleta,Pickup/Utilitario",Juan Bautista Alberdi Y Mariano Moreno,2,1,0,0,1,0,0,"-31.681105, -60.769823",Calle,,SANTO TOMÉ,La Capital,Asfalto,No existe,I,Dentro,Urbana,Ninguna,No existe,Intersección,Bueno,Buena,Diurna,Buen Tiempo,S/D,Ciclista,Atropello,Ninguna,Faltante,Ninguna,Sin restricción
2018,10181,2018-09-12,Miercoles,0,23:00:00,,0.0,2,"Automóvil,Moto/Ciclomotor",Juan F. Segui Y Emilia Bertole,2,1,0,0,1,0,0,"-32.197554, -61.701282",Calle,,EL TRÉBOL,San Martín,Asfalto,No existe,XVIII,Dentro,Urbana,Ninguna,No existe,Intersección,S/D,S/D,Nocturna,S/D,Lateral,S/D,Colisión,S/D,Faltante,Ninguna,Sin restricción