anio_acci,nro_acci,fecha,desc_dia,fecha_aprox,hora_aprox,desc_ruta,km,cant_participantes,desc_participante,calle_avenida_km,total,heridos_leves,heridos_graves,heridos_gravisimos,ilesos,fallecidos,sin_datos,posicion_XY,desc_tipo_via,desc_ruta_ori,desc_loc,desc_dpto,desc_tipo_calzada,desc_tipo_banquina,desc_unidad_regional,desc_lugar_calzada,desc_zona,desc_prioridad,desc_estado_semaforo,desc_lugar_via,desc_estado_via,desc_estado_visibilidad,desc_luminosidad,desc_estado_clima,desc_tipo_colision,desc_tipo_atropello,desc_tipo_hecho,desc_pres_calzada,desc_senializacion,desc_separacion_via,desc_restriccion
2018,10182,2018-09-23,Domingo,0,20:15:00,,0.0,1,Otros,Azcuenaga Y Rivadavia,3,2,0,0,1,0,0,"-31.595208, -60.689085",Calle,,SANTA FE,La Capital,Asfalto,No existe,I,Dentro,Urbana,S/D,No existe,Intersección,Bueno,Buena,Nocturna,Buen Tiempo,S/D,S/D,Caída ocupante,Ninguna,Faltante,Ninguna,Sin restricción
2018,10183,2018-09-23,Domingo,0,19:00:00,,0.0,1,Moto/Ciclomotor,BV EVA PERON 342,1,0,1,0,0,0,0,"-32.194849, -61.704885",Avenida,,EL TRÉBOL,San Martín,Asfalto,No existe,XVIII,Dentro,Urbana,Ninguna,No existe,Recta,Bueno,Buena,Atardecer,Buen Tiempo,S/D,S/D,Caída ocupante,Ninguna,Faltante,"Cordón divisorio,Vegetación",Sin restricción
2018,10184,2018-11-16,Viernes,0,11:30:00,,0.0,2,"Camión Chasis,Moto/Ciclomotor",Francia F Y Acevedo Bis,2,0,1,0,1,0,0,"-32.98421, -60.67691",Avenida,,ROSARIO,Rosario,Asfalto,No existe,II,S/D,Urbana,S/D,S/D,Intersección,S/D,Buena,Diurna,S/D,S/D,S/D,Colisión,S/D,S/D,Cordón divisorio,S/D
2018,10185,2018-11-15,Jueves,0,19:20:00,,0.0,2,"Moto/Ciclomotor,Moto/Ciclomotor",Calle 47-Islas Malvinas Y Calle 22- 25 de Mayo,2,2,0,0,0,0,0,"-29.16111, -59.65075",Calle,,RECONQUISTA,General Obligado,S/D,S/D,IX,S/D,Urbana,S/D,S/D,Intersección,S/D,S/D,S/D,S/D,S/D,S/D,Colisión,S/D,S/D,S/D,S/D
2018,10186,2018-11-15,Jueves,0,19:15:00,Ruta Nacional 11,0.0,2,"Automóvil,Moto/Ciclomotor",Calle 29-Alte Brown Y Ruta Nacional 11,2,0,1,0,1,0,0,"-29.15069, -59.65695",Ruta,11,RECONQUISTA,General Obligado,Asfalto,Pavimento,IX,S/D,Urbana,Ninguna,No existe,Recta,Bueno,Buena,Atardecer,Buen Tiempo,Lateral,S/D,Colisión,Ninguna,Horizontal,"Guardarrail,Cordón divisorio,S/D",Sin restricción
2018,10187,2018-11-20,Martes,0,14:00:00,,0.0,2,"Automóvil,Moto/Ciclomotor",General Manuel Belgrano Y Hernandarias,3,2,0,0,1,0,0,"-31.67384, -60.76302",Calle,,SANTO TOMÉ,La Capital,Asfalto,No existe,I,Dentro,Urbana,Ninguna,No existe,Intersección,Bueno,Buena,Diurna,Buen Tiempo,Lateral,S/D,Colisión,Ninguna,Horizontal,Línea divisoria pintada,Sin restricción
2018,10188,2018-11-14,Miercoles,0,,,0.0,2,"Moto/Ciclomotor,Automóvil",Av Brasil Y Av Italia,2,0,0,1,1,0,0,"-31.24556, -61.47595",Avenida,,RAFAELA,Castellanos,S/D,S/D,V,S/D,Urbana,S/D,S/D,Recta,S/D,S/D,S/D,S/D,S/D,S/D,Colisión,S/D,S/D,S/D,S/D
2018,10189,2018-09-23,Domingo,0,15:50:00,Ruta Nacional 11,0.0,2,"Peatón,Moto/Ciclomotor",Av San Martin Y Pte Illia -Ex. Entre Rios,2,1,0,0,0,0,1,"-32.791454, -60.723837",Ruta,11,FRAY LUIS BELTRÁN,San Lorenzo,Asfalto,No existe,XVII,Dentro,Urbana,Ninguna,Funciona,Intersección,Bueno,Buena,Diurna,Buen Tiempo,S/D,Peatón,Atropello,Ninguna,Vertical,Ninguna,Sin restricción
2018,10190,2018-11-01,Jueves,0,14:10:00,,0.0,2,"Peatón,Automóvil",Pje. Mamboreta Bis 928,2,1,0,0,1,0,0,"-32.91831, -60.71682",S/D,,ROSARIO,Rosario,S/D,S/D,II,S/D,S/D,S/D,S/D,S/D,S/D,S/D,S/D,S/D,S/D,Peatón,Atropello,S/D,S/D,S/D,S/D
2018,10191,2018-11-28,Miercoles,0,17:50:00,Ruta Provincial 21,7.0,2,"Moto/Ciclomotor,Moto/Ciclomotor", ,2,1,0,0,1,0,0,"-33.06319, -60.59135",Ruta,21,ALVEAR,Rosario,Asfalto,Natural,II,Dentro,Rural,S/D,Funciona,Recta,Bueno,Buena,Diurna,Buen Tiempo,Lateral,S/D,Colisión,S/D,S/D,Línea divisoria pintada,S/D
2018,10192,2018-11-15,Jueves,0,,,0.0,2,"Moto/Ciclomotor,Pickup/Utilitario",3 de Febrero Y Carlos Pellegrini,2,1,0,0,1,0,0,"-31.24763, -61.49375",Calle,,RAFAELA,Castellanos,S/D,S/D,V,S/D,Urbana,S/D,S/D,Intersección,S/D,S/D,S/D,S/D,S/D,S/D,Colisión,S/D,S/D,S/D,S/D
2018,10193,2018-11-28,Miercoles,0,13:00:00,,0.0,2,"Taxi/Remis,Pickup/Utilitario",Av Gral Paz 5300,3,1,0,0,2,0,0,"-31.62154, -60.68678",Avenida,,SANTA FE,La Capital,Asfalto,No existe,I,S/D,Urbana,Semáforo,Funciona,Recta,Con baches,Buena,Diurna,Otro,De alcance,S/D,Colisión,Ninguna,Vertical,Ninguna,Sin restricción
2018,10194,2018-10-30,Martes,0,20:35:00,,0.0,2,"Peatón,Moto/Ciclomotor",Espa?a ,2,1,0,0,1,0,0,"-33.05512, -61.16132",S/D,,CASILDA,Caseros,S/D,S/D,IV,S/D,S/D,S/D,S/D,S/D,S/D,S/D,S/D,S/D,S/D,Peatón,Atropello,S/D,S/D,S/D,S/D
2018,10195,2018-11-14,Miercoles,0,,,0.0,2,"Automóvil,Automóvil",Almirante Brown Y Lavalle,2,1,0,0,1,0,0,"-31.25014, -61.48986",Calle,,RAFAELA,Castellanos,S/D,S/D,V,S/D,Urbana,S/D,S/D,Intersección,S/D,S/D,S/D,S/D,S/D,S/D,Colisión,S/D,S/D,S/D,S/D
2018,10196,2018-11-21,Miercoles,0,18:20:00,,0.0,1,Moto/Ciclomotor,Roverano 1400,1,1,0,0,0,0,0,"-31.69605, -60.76144",Calle,,SANTO TOMÉ,La Capital,Ripio,Natural,I,Dentro,Urbana,S/D,No existe,Recta,Con baches,Buena,Diurna,Buen Tiempo,Lateral,S/D,Caída ocupante,Ninguna,Faltante,Vegetación,Sin restricción
2018,10197,2018-11-16,Viernes,0,16:15:00,Ruta Nacional 11,0.0,2,"Automóvil,Moto/Ciclomotor",Calle 44-27 de Abril Y Ruta Nacional 11,2,1,0,0,1,0,0,"-29.16938, -59.66584",Ruta,11,RECONQUISTA,General Obligado,S/D,S/D,IX,S/D,Urbana,S/D,S/D,Intersección,S/D,S/D,S/D,S/D,S/D,S/D,Colisión,S/D,S/D,S/D,S/D
2018,10198,2018-11-23,Viernes,0,,,0.0,2,"Automóvil,Automóvil",Juan Jose Paso ,4,3,0,0,1,0,0,"-31.65999, -60.77462",Calle,,SANTO TOMÉ,La Capital,Asfalto,Natural,I,S/D,Urbana,Ninguna,No existe,S/D,Bueno,Buena,Con luz artificial,Buen Tiempo,Lateral,S/D,Colisión,Ninguna,Faltante,Ninguna,Sin restricción
2018,10199,2018-11-01,Jueves,0,20:15:00,,0.0,2,"Pickup/Utilitario,Moto/Ciclomotor",General Jose de San Martin Y  General Martin Miguel de Guem,2,1,0,0,1,0,0,"-33.04221, -61.17358",S/D,,CASILDA,Caseros,S/D,S/D,IV,S/D,S/D,S/D,S/D,S/D,S/D,S/D,S/D,S/D,S/D,S/D,S/D,S/D,S/D,S/D,S/D
2018,10200,2018-09-23,Domingo,0,,Ruta Nacional 11,0.0,1,Moto/Ciclomotor,Av San Lorenzo ,2,2,0,0,0,0,0,"-32.807081, -60.719109",Ruta,11,CAPITÁN BERMÚDEZ,San Lorenzo,Asfalto,No existe,XVII,Dentro,Urbana,Ninguna,No existe,Recta,Bueno,S/D,S/D,S/D,S/D,S/D,Caída ocupante,Ninguna,Vertical,Ninguna,Sin restricción
2018,10201,2018-11-28,Miercoles,0,09:30:00,,0.0,2,"Pickup/Utilitario,Moto/Ciclomotor",Iturraspe Y Av Urquiza,2,0,0,0,0,0,2,"-31.627714627584, -60.707987049404",Calle,,SANTA FE,La Capital,Asfalto,No existe,I,S/D,Urbana,Otra Señal,No existe,Intersección,Bueno,Buena,Diurna,Buen Tiempo,Lateral,S/D,Colisión,S/D,Faltante,"Cordón divisorio,Vegetación",Sin restricción
2018,10202,2018-11-28,Miercoles,0,19:00:00,,0.0,2,"Automóvil,Moto/Ciclomotor",Av Pueyrredon Y 1 de Mayo,2,1,0,0,1,0,0,"-33.005640500387, -60.788968303981",Calle,,PÉREZ,Rosario,Asfalto,No existe,II,Dentro,Urbana,Ninguna,No existe,Recta,Bueno,Buena,Atardecer,Buen Tiempo,Frontal,S/D,Colisión,Ninguna,Horizontal,Ninguna,Sin restricción
2018,10203,2018-09-21,Viernes,0,19:30:00,,0.0,1,Moto/Ciclomotor, ,2,2,0,0,0,0,0,"-28.671500, -59.843721",Calle,,TARTAGAL,Vera,Asfalto,No existe,XIX,Dentro,Urbana,Ninguna,S/D,Recta,Bueno,Buena,Atardecer,Buen Tiempo,S/D,S/D,Caída ocupante,Ninguna,S/D,Ninguna,Sin restricción
2018,10204,2018-11-28,Miercoles,0,11:50:00,,0.0,2,"Moto/Ciclomotor,Pickup/Utilitario",La Rioja Y 4 de Enero,2,1,0,0,1,0,0,"-31.644451611837, -60.711398819271",Calle,,SANTA FE,La Capital,Asfalto,No existe,I,Dentro,Urbana,Ninguna,No existe,Intersección,Bueno,Buena,Diurna,Buen Tiempo,Lateral,S/D,Colisión,Ninguna,Horizontal,Ninguna,Sin restricción
2018,10205,2018-11-18,Domingo,0,22:30:00,,0.0,2,"Moto/Ciclomotor,Automóvil",Av. Eva Peron Y Campbell,2,1,0,0,1,0,0,"-32.93396, -60.70822",Calle,,ROSARIO,Rosario,Asfalto,No existe,II,Dentro,Urbana,Semáforo,Funciona,Intersección,Bueno,Buena,Nocturna,Buen Tiempo,Lateral,S/D,Colisión,Ninguna,S/D,Cordón divisorio,Sin restricción
2018,10206,2018-11-02,Viernes,0,,,0.0,3,"Peatón,Moto/Ciclomotor,Automóvil",Albert Sabin Y J.J.Paso,3,2,0,0,1,0,0,"-32.91951, -60.68874",S/D,,ROSARIO,Rosario,S/D,S/D,II,S/D,S/D,S/D,S/D,S/D,S/D,S/D,S/D,S/D,S/D,Peatón,Atropello,S/D,S/D,S/D,S/D
2018,10207,2018-11-23,Viernes,0,13:00:00,,0.0,2,"Moto/Ciclomotor,Automóvil",Bernardo de Irigoyen Y Misiones,2,1,0,0,1,0,0,"-31.57469, -60.71911",Calle,,SANTA FE,La Capital,Asfalto,No existe,I,S/D,Urbana,S/D,No existe,Intersección,S/D,S/D,Diurna,S/D,S/D,S/D,Colisión,S/D,S/D,S/D,S/D
2018,10208,2018-11-02,Viernes,0,,,0.0,2,"Moto/Ciclomotor,Automóvil", ,2,1,0,0,1,0,0,"-31.44985, -60.93",S/D,,ESPERANZA,Las Colonias,S/D,S/D,XI,S/D,S/D,S/D,S/D,S/D,S/D,S/D,S/D,S/D,S/D,S/D,S/D,S/D,S/D,S/D,S/D
2018,10209,2018-11-29,Jueves,0,20:50:00,,0.0,2,"Moto/Ciclomotor,Transporte de Pasajeros (H/ 8 asientos)",Av Blas Parera Y Callejon Aguirre,2,1,0,0,1,0,0,"-31.580281571514, -60.726881277357",Avenida,,SANTA FE,La Capital,S/D,S/D,I,S/D,Urbana,S/D,S/D,Intersección,S/D,S/D,Nocturna,S/D,S/D,S/D,S/D,S/D,S/D,S/D,S/D
2018,10210,2018-11-18,Domingo,0,21:30:00,Ruta Secundaria 22-s,1.8,2,"Automóvil,Moto/Ciclomotor",Pellegrini Y Ruta Prov 22 S,2,0,1,0,1,0,0,"-33.03229, -60.65568",Ruta,22-s,VILLA GOBERNADOR GÁLVEZ,Rosario,Hormigón,Ripio,II,Dentro,Urbana,Ninguna,No existe,Curva,Bueno,Buena,Nocturna,Buen Tiempo,Lateral,S/D,Colisión,Ninguna,Vertical,Línea divisoria pintada,Sin restricción
2018,10211,2018-11-29,Jueves,0,20:45:00,,0.0,2,"Automóvil,Moto/Ciclomotor",Ruta Nacional 9 Y Catedral,2,1,0,0,1,0,0,"-32.91257, -60.86921",Calle,,ROLDÁN,San Lorenzo,"Asfalto,Tierra",Natural,XVII,Dentro,Urbana,Ninguna,No existe,Intersección,Bueno,Buena,"Nocturna,Con luz artificial",Buen Tiempo,Frontal,S/D,Colisión,Ninguna,Faltante,Ninguna,Sin restricción
2018,10212,2018-11-29,Jueves,0,20:00:00,,0.0,2,"Automóvil,Moto/Ciclomotor",Ruta Nacional 9 Y Sgto. J Cabral,3,1,0,0,2,0,0,"-32.90479, -60.91281",Calle,,ROLDÁN,San Lorenzo,Asfalto,Pavimento,XVII,Dentro,Urbana,Ninguna,No existe,Intersección,Bueno,Buena,Con luz artificial,Buen Tiempo,Lateral,S/D,Colisión,Ninguna,Faltante,Ninguna,Sin restricción
2018,10213,2018-11-29,Jueves,0,19:30:00,,0.0,2,"Moto/Ciclomotor,Automóvil",Av San Martin Y Santa Fe,2,1,0,0,1,0,0,"-32.790193080713, -60.724240242421",Avenida,,FRAY LUIS BELTRÁN,San Lorenzo,Asfalto,S/D,XVII,S/D,Urbana,Ninguna,S/D,Intersección,Bueno,S/D,S/D,Buen Tiempo,Lateral,S/D,Colisión,Ninguna,Vertical,Ninguna,Sin restricción
2018,10214,2018-11-29,Jueves,0,17:45:00,,0.0,2,"Peatón,Moto/Ciclomotor",San Lorenzo Y Bv. Avellaneda,2,1,0,0,0,0,1,"-32.936727523615, -60.678792892872",Calle,,ROSARIO,Rosario,S/D,S/D,II,S/D,Urbana,S/D,S/D,Intersección,S/D,S/D,Diurna,S/D,S/D,Peatón,Atropello,S/D,S/D,Ninguna,S/D
2018,10216,2018-09-13,Jueves,0,,,0.0,2,"Moto/Ciclomotor,Moto/Ciclomotor", ,2,1,0,0,1,0,0,"-31.449801, -60.930649",S/D,,LA ORILLA,Las Colonias,S/D,S/D,XI,S/D,S/D,S/D,S/D,S/D,S/D,S/D,S/D,S/D,S/D,S/D,Colisión,S/D,S/D,S/D,S/D
2018,10217,2018-09-14,Viernes,0,14:30:00,Autopista Nacional 7,0.0,1,Moto/Ciclomotor,Av Circunvalaci?n ,1,1,0,0,0,0,0,"-31.663122, -60.708232",Autopista,7,SANTA FE,La Capital,Asfalto,Natural,I,Dentro,Rural,Ninguna,No existe,Recta,S/D,S/D,Diurna,S/D,S/D,S/D,Caída ocupante,S/D,Faltante,Guardarrail,Sin restricción
2018,10218,2018-09-14,Viernes,0,06:15:00,,0.0,2,"Transporte de Pasajeros Urbano (> 8 asientos),Moto/Ciclomotor",Albert Sabin Y Av. Genova,2,1,0,0,1,0,0,"-32.915321, -60.691103",Avenida,,ROSARIO,Rosario,Asfalto,No existe,II,Dentro,Urbana,Semáforo,Funciona,Intersección,S/D,S/D,Amanecer,S/D,S/D,S/D,Colisión,S/D,"Horizontal,Vertical",Cordón divisorio,Sin restricción
2018,10219,2018-09-14,Viernes,0,,,0.0,2,"Moto/Ciclomotor,Bicicleta", ,2,0,1,0,1,0,0,"-31.452755, -60.929413",Calle,,ESPERANZA,Las Colonias,S/D,S/D,XI,Dentro,Urbana,S/D,S/D,S/D,S/D,S/D,S/D,S/D,S/D,Ciclista,Atropello,S/D,S/D,S/D,S/D
2018,10220,2018-09-14,Viernes,0,10:45:00,,0.0,2,"Bicicleta,Automóvil",Washington Y Buenos Aires,2,1,0,0,1,0,0,"-33.047691, -61.172236",Calle,,CASILDA,Caseros,Asfalto,No existe,IV,Dentro,Urbana,Ninguna,No existe,Intersección,S/D,S/D,Diurna,S/D,S/D,Ciclista,Atropello,S/D,Faltante,Ninguna,Sin restricción
2018,10221,2018-09-15,Sabado,0,,,0.0,2,"Automóvil,Moto/Ciclomotor",Avda 25 de Mayo Y Sarmiento,2,1,0,0,1,0,0,"-32.029495, -61.220987",Avenida,,GÁLVEZ,San Jerónimo,Asfalto,No existe,XV,Dentro,Urbana,S/D,S/D,Intersección,S/D,S/D,S/D,S/D,Lateral,S/D,Colisión,S/D,S/D,S/D,S/D
2018,10222,2018-09-16,Domingo,0,17:00:00,,0.0,2,"Moto/Ciclomotor,Bicicleta",Av A del Valle Y Azcuenaga,2,1,0,0,1,0,0,"-31.594403, -60.691938",Avenida,,SANTA FE,La Capital,Asfalto,No existe,I,Dentro,Urbana,Ninguna,No existe,Intersección,S/D,S/D,Diurna,S/D,S/D,Ciclista,Atropello,S/D,Faltante,Cordón divisorio,Sin restricción
2018,10223,2018-09-23,Domingo,0,,,0.0,2,"Moto/Ciclomotor,Automóvil",Bv Almirante Brown Y Padre Tibaldo,3,2,0,0,1,0,0,"-28.479582, -59.354223",Avenida,,VILLA OCAMPO,General Obligado,Ripio,No existe,IX,Dentro,Urbana,Ninguna,No existe,Intersección,Bueno,Buena,S/D,Buen Tiempo,S/D,S/D,Colisión,Ninguna,Faltante,Ninguna,Sin restricción
2018,10224,2018-09-14,Viernes,0,21:15:00,,0.0,1,Automóvil, ,2,1,0,0,1,0,0,"-32.076482, -61.116484",Calle,,SAN EUGENIO,San Jerónimo,S/D,S/D,XV,Dentro,Urbana,S/D,S/D,S/D,S/D,S/D,Nocturna,S/D,S/D,S/D,Vuelco,S/D,S/D,S/D,S/D
2018,10225,2018-09-23,Domingo,0,19:45:00,Ruta Nacional 11,0.0,2,"Automóvil,Moto/Ciclomotor",Calle 45-Islas Georgias del S Y Ruta Nacional 11,2,1,0,0,1,0,0,"-29.159673, -59.658291",Ruta,11,RECONQUISTA,General Obligado,Asfalto,Ripio,IX,Dentro,Urbana,Ninguna,No existe,Intersección,Bueno,Buena,S/D,Buen Tiempo,S/D,S/D,Colisión,Ninguna,Horizontal,"Guardarrail,Línea divisoria pintada",Sin restricción
2018,10226,2018-09-11,Martes,0,,,0.0,1,Moto/Ciclomotor, ,1,1,0,0,0,0,0,"-33.112151, -61.709185",Calle,,SAN JOSÉDE LA ESQUINA,Caseros,S/D,S/D,IV,Dentro,Urbana,S/D,S/D,Recta,S/D,S/D,S/D,S/D,S/D,S/D,Caída ocupante,S/D,S/D,S/D,S/D
2018,10227,2018-09-23,Domingo,0,23:30:00,,0.0,2,"Bicicleta,Moto/Ciclomotor", ,3,3,0,0,0,0,0,"-33.047314, -61.182873",Calle,,CASILDA,Caseros,S/D,S/D,IV,Dentro,Urbana,S/D,S/D,S/D,S/D,S/D,S/D,S/D,S/D,Ciclista,Atropello,S/D,S/D,S/D,S/D
2018,10228,2018-09-17,Lunes,0,,,0.0,1,Moto/Ciclomotor,Segui 4000,1,1,0,0,0,0,0,"-31.643231, -60.695039",Calle,,SANTA FE,La Capital,Asfalto,No existe,I,Dentro,Urbana,Ninguna,No existe,Intersección,S/D,S/D,S/D,S/D,S/D,S/D,Caída ocupante,S/D,Horizontal,Ninguna,Sin restricción
2018,10229,2018-09-17,Lunes,0,,,0.0,2,"Moto/Ciclomotor,Automóvil", ,3,2,0,0,1,0,0,"-31.458012, -60.930991",Calle,,ESPERANZA,Las Colonias,S/D,S/D,XI,Dentro,Urbana,S/D,S/D,S/D,S/D,S/D,S/D,S/D,S/D,S/D,Colisión,S/D,S/D,S/D,S/D
2018,10230,2018-09-23,Domingo,0,13:40:00,,0.0,2,"Automóvil,Moto/Ciclomotor",Laprida Y Lamadrid,3,2,0,0,1,0,0,"-32.997046, -60.646812",Calle,,ROSARIO,Rosario,Asfalto,No existe,II,Dentro,Urbana,Ninguna,No existe,Intersección,Bueno,Buena,Diurna,Buen Tiempo,S/D,S/D,Colisión,Ninguna,Faltante,Ninguna,Sin restricción
2018,10231,2018-09-22,Sabado,0,19:30:00,,0.0,2,"Moto/Ciclomotor,Moto/Ciclomotor",Calle 17-Bartolome Mitre Y Calle 4 - Ledesma,2,2,0,0,0,0,0,"-29.146185, -59.637631",Calle,,RECONQUISTA,General Obligado,Asfalto,No existe,IX,Dentro,Urbana,Ninguna,No existe,Intersección,Bueno,Buena,Diurna,Buen Tiempo,S/D,S/D,Colisión,Ninguna,Faltante,Ninguna,Sin restricción
2018,10232,2018-09-15,Sabado,0,23:15:00,Ruta Provincial 64,0.0,1,Moto/Ciclomotor,Av. Peron Y Av Santa Fe,1,0,1,0,0,0,0,"-31.966490493115, -60.935874921837",Ruta,64,CORONDA,San Jerónimo,Asfalto,S/D,XV,Dentro,Urbana,S/D,S/D,Intersección,S/D,S/D,S/D,S/D,Contra objeto fijo,S/D,Colisión,S/D,S/D,S/D,S/D
2018,10233,2018-09-21,Viernes,0,10:15:00,,0.0,2,"Automóvil,Moto/Ciclomotor", ,2,1,0,0,1,0,0,"-32.232225, -60.981535",Avenida,,BARRANCAS,San Jerónimo,Hormigón,No existe,XV,Dentro,Urbana,Ninguna,No existe,Intersección,Bueno,Buena,Diurna,Buen Tiempo,S/D,S/D,Colisión,Ninguna,Faltante,"Cordón divisorio,Vegetación",Sin restricción
2018,10234,2018-11-19,Lunes,1,22:40:00,,0.0,2,"Pickup/Utilitario,Moto/Ciclomotor",Soldado Aguirre Y 9 de Julio,2,1,0,0,1,0,0,"-33.02966, -60.64801",Avenida,,VILLA GOBERNADOR GÁLVEZ,Rosario,Asfalto,No existe,II,S/D,Urbana,Ninguna,No existe,Intersección,Deteriorada,Buena,Nocturna,Buen Tiempo,Lateral,S/D,Colisión,Material Suelto,Faltante,Ninguna,Sin restricción
2018,10235,2018-11-29,Jueves,0,08:00:00,,0.0,2,"Moto/Ciclomotor,Pickup/Utilitario",9 De Julio 3800,2,1,0,0,1,0,0,"-32.947255157955, -60.676875870598",Calle,,ROSARIO,Rosario,S/D,S/D,II,S/D,Urbana,S/D,S/D,Intersección,S/D,S/D,Diurna,S/D,S/D,S/D,Colisión,S/D,S/D,S/D,S/D
2018,10236,2018-11-18,Domingo,0,16:00:00,,0.0,2,"Moto/Ciclomotor,Automóvil",French Y Ignacio Crespo,2,1,0,0,1,0,0,"-31.58551, -60.72769",Calle,,SANTA FE,La Capital,Asfalto,No existe,I,S/D,Urbana,Ninguna,No existe,Cruce,Bueno,Buena,Diurna,Buen Tiempo,Lateral,S/D,Colisión,Ninguna,Faltante,Ninguna,Sin restricción
2018,10237,2018-11-29,Jueves,0,02:35:00,,0.0,2,"Moto/Ciclomotor,Taxi/Remis",9 De Julio Y Callao,3,1,1,0,1,0,0,"-32.949894451626, -60.662005703820",Calle,,ROSARIO,Rosario,S/D,S/D,II,S/D,Urbana,S/D,S/D,Intersección,Bueno,S/D,Nocturna,S/D,S/D,S/D,Colisión,S/D,S/D,S/D,S/D
2018,10238,2018-11-03,Sabado,0,11:05:00,,0.0,2,"Automóvil,Moto/Ciclomotor",Cordoba Y Libertad,3,1,0,0,2,0,0,"-33.46168, -61.48847",Calle,,FIRMAT,General López,Asfalto,S/D,VII,Dentro,Urbana,S/D,No existe,Intersección,Bueno,Buena,Diurna,S/D,S/D,S/D,Colisión,Ninguna,S/D,S/D,Sin restricción
2018,10239,2018-11-29,Jueves,0,13:20:00,,0.0,2,"Automóvil,Moto/Ciclomotor",Bernardino Rivadavia Y Av. L. N. Alem,3,1,0,0,2,0,0,"-32.814904236324, -61.411543648614",Calle,,CAÑADA DE GÓMEZ,Iriondo,Asfalto,No existe,X,S/D,Urbana,Ninguna,No existe,Intersección,Bueno,Buena,Diurna,Buen Tiempo,Frontal,S/D,Colisión,S/D,Vertical,Ninguna,Sin restricción
2018,10240,2018-11-22,Jueves,0,22:00:00,Ruta Provincial 21,8.0,2,"Automóvil,Moto/Ciclomotor", ,4,1,0,0,3,0,0,"-33.07908, -60.57451",Ruta,21,PUEBLO ESTHER,Rosario,Asfalto,Natural,II,S/D,Urbana,S/D,No existe,Intersección,S/D,S/D,Nocturna,S/D,De alcance,S/D,Colisión,S/D,S/D,S/D,S/D
2018,10241,2018-09-20,Jueves,0,,,0.0,2,"Pickup/Utilitario,Moto/Ciclomotor",Dr Guena L G Y Calle proyectada s/n,2,1,0,0,1,0,0,"-32.241272, -60.975222",Calle,,BARRANCAS,San Jerónimo,Asfalto,No existe,XV,Dentro,Urbana,Ninguna,S/D,Intersección,Bueno,S/D,S/D,Buen Tiempo,Lateral,S/D,Colisión,S/D,S/D,Ninguna,Sin restricción
2018,10242,2018-11-02,Viernes,0,,,0.0,2,"Moto/Ciclomotor,Automóvil", ,2,1,0,0,1,0,0,"-29.45968, -60.21518",S/D,,VERA,Vera,S/D,S/D,XIX,S/D,S/D,S/D,S/D,S/D,S/D,S/D,S/D,S/D,S/D,S/D,S/D,S/D,S/D,S/D,S/D
2018,10243,2018-11-17,Sabado,0,18:00:00,Ruta Provincial 21,2.0,2,"Moto/Ciclomotor,Automóvil",Av Gral San Martin Y Lisandro de la Torre,2,1,0,0,1,0,0,"-33.02927, -60.62057",Ruta,21,VILLA GOBERNADOR GÁLVEZ,Rosario,Asfalto,No existe,II,Dentro,Urbana,Ninguna,No existe,Intersección,Bueno,Buena,Atardecer,Buen Tiempo,Lateral,S/D,Colisión,Ninguna,Faltante,Ninguna,Sin restricción
2018,10244,2018-11-29,Jueves,0,09:35:00,,0.0,2,"Moto/Ciclomotor,Pickup/Utilitario",Bv 14 de Diciembre Y San Luis,2,0,1,0,1,0,0,"-32.780807995327, -61.607924263848",Calle,,ARMSTRONG,Belgrano,Hormigón,Pavimento,III,Dentro,Urbana,Ninguna,No existe,Intersección,Bueno,Buena,Diurna,Buen Tiempo,Lateral,S/D,Colisión,Ninguna,Vertical,Cordón divisorio,Sin restricción
2018,10245,2018-11-03,Sabado,0,,,0.0,2,"Moto/Ciclomotor,Automóvil", ,2,0,1,0,1,0,0,"-32.93657, -60.68561",S/D,,ROSARIO,Rosario,S/D,S/D,II,S/D,S/D,S/D,S/D,S/D,S/D,S/D,S/D,S/D,S/D,S/D,S/D,S/D,S/D,S/D,S/D
2018,10247,2018-11-29,Jueves,0,10:00:00,,0.0,2,"Automóvil,Moto/Ciclomotor",Italia Y Cordoba,3,1,0,0,2,0,0,"-32.475358032711, -61.584406655205",Calle,,LAS ROSAS,Belgrano,Hormigón,No existe,III,S/D,Urbana,Ninguna,No existe,Recta,Bueno,Buena,Diurna,Buen Tiempo,S/D,S/D,Colisión,Ninguna,Faltante,Ninguna,Sin restricción
2018,10248,2018-11-03,Sabado,0,05:40:00,,0.0,1,Moto/Ciclomotor, ,1,1,0,0,0,0,0,"-33.04509, -61.16543",S/D,,CASILDA,Caseros,S/D,S/D,IV,S/D,S/D,S/D,S/D,S/D,S/D,S/D,S/D,S/D,S/D,S/D,Despiste,S/D,S/D,S/D,S/D
2018,10249,2018-11-03,Sabado,0,,,0.0,2,"Moto/Ciclomotor,Automóvil", ,2,1,0,0,1,0,0,"-31.44985, -60.93",S/D,,ESPERANZA,Las Colonias,S/D,S/D,XI,S/D,S/D,S/D,S/D,S/D,S/D,S/D,S/D,S/D,S/D,S/D,S/D,S/D,S/D,S/D,S/D
2018,10250,2018-11-16,Viernes,0,17:50:00,,0.0,1,Moto/Ciclomotor,Sarmiento Y Cno San Roque,2,2,0,0,0,0,0,"-30.78452, -60.58161",Calle,,SAN JUSTO,San Justo,Ripio,Ripio,XVI,S/D,Urbana,Ninguna,No existe,Intersección,Deteriorada,Buena,Diurna,Buen Tiempo,Atropello animal,S/D,Atropello,Ninguna,Faltante,Ninguna,Sin restricción
2018,10251,2018-11-29,Jueves,0,20:05:00,,0.0,2,"Automóvil,Moto/Ciclomotor",Ruta 11 Avenida Richieri Y Monteagudo,3,1,0,0,2,0,0,"-31.685983292720, -60.780873856780",Avenida,,SANTO TOMÉ,La Capital,Asfalto,Natural,I,Dentro,Urbana,Ninguna,No existe,Intersección,Bueno,Buena,Diurna,Buen Tiempo,Lateral,S/D,Colisión,Ninguna,S/D,Ninguna,Sin restricción