anio_acci,nro_acci,fecha,desc_dia,fecha_aprox,hora_aprox,desc_ruta,km,cant_participantes,desc_participante,calle_avenida_km,total,heridos_leves,heridos_graves,heridos_gravisimos,ilesos,fallecidos,sin_datos,posicion_XY,desc_tipo_via,desc_ruta_ori,desc_loc,desc_dpto,desc_tipo_calzada,desc_tipo_banquina,desc_unidad_regional,desc_lugar_calzada,desc_zona,desc_prioridad,desc_estado_semaforo,desc_lugar_via,desc_estado_via,desc_estado_visibilidad,desc_luminosidad,desc_estado_clima,desc_tipo_colision,desc_tipo_atropello,desc_tipo_hecho,desc_pres_calzada,desc_senializacion,desc_separacion_via,desc_restriccion
2018,10252,2018-11-11,Domingo,0,22:15:00,,0.0,2,"Automóvil,Moto/Ciclomotor",Cordoba Y Avda Santa Fe,2,1,0,0,1,0,0,"-33.45855, -61.48818",Calle,,FIRMAT,General López,Asfalto,S/D,VIII,Dentro,Urbana,Ninguna,No existe,Intersección,Bueno,Buena,Nocturna,Buen Tiempo,Lateral,S/D,Colisión,Ninguna,S/D,S/D,Sin restricción
2018,10253,2018-11-03,Sabado,0,,,0.0,1,Moto/Ciclomotor, ,1,1,0,0,0,0,0,"-31.44985, -60.93",S/D,,ESPERANZA,Las Colonias,S/D,S/D,XI,S/D,S/D,S/D,S/D,S/D,S/D,S/D,S/D,S/D,S/D,S/D,Despiste,S/D,S/D,S/D,S/D
2018,10255,2018-11-20,Martes,0,18:20:00,Ruta Provincial 21,7.0,2,"Automóvil,Camión Chasis", ,2,1,0,0,1,0,0,"-33.05216, -60.60216",Ruta,21,ALVEAR,Rosario,Asfalto,Natural,II,Dentro,Rural,Ninguna,No existe,Recta,Bueno,S/D,Diurna,Buen Tiempo,Lateral,S/D,Colisión,S/D,S/D,Línea divisoria pintada,S/D
2018,10256,2018-11-04,Domingo,0,,,0.0,2,"Automóvil,Moto/Ciclomotor",Av Gral San Martin 2200,3,1,0,0,2,0,0,"-33.02633, -60.62402",S/D,,VILLA GOBERNADOR GÁLVEZ,Rosario,S/D,S/D,II,S/D,S/D,S/D,S/D,S/D,S/D,S/D,S/D,S/D,S/D,S/D,S/D,S/D,S/D,S/D,S/D
2018,10257,2018-11-29,Jueves,0,08:00:00,,0.0,2,"Moto/Ciclomotor,Moto/Ciclomotor",Garibaldi 5900,3,3,0,0,0,0,0,"-32.97888, -60.68755",Calle,,ROSARIO,Rosario,Hormigón,Pavimento,II,Dentro,Urbana,Ninguna,No existe,Recta,Bueno,Buena,Diurna,Buen Tiempo,Frontal,S/D,Colisión,Ninguna,Faltante,Ninguna,Sin restricción
2018,10259,2018-11-20,Martes,0,06:45:00,,0.0,2,"Pickup/Utilitario,Pickup/Utilitario",Avenida San Martin Y Entre Rios,2,1,0,0,1,0,0,"-33.11445, -60.55997",Calle,,GENERAL LAGOS,Rosario,Asfalto,No existe,II,Dentro,Urbana,Ninguna,No existe,Intersección,Bueno,Buena,Diurna,Buen Tiempo,Frontal,S/D,Colisión,Ninguna,Faltante,Ninguna,Sin restricción
2018,10260,2018-11-04,Domingo,0,,,0.0,1,Moto/Ciclomotor, ,2,2,0,0,0,0,0,"-33.37538, -61.71156",S/D,,LOS QUIRQUINCHOS,Caseros,S/D,S/D,IV,S/D,S/D,S/D,S/D,S/D,S/D,S/D,S/D,S/D,Atropello animal,S/D,S/D,S/D,S/D,S/D,S/D
2018,10261,2018-11-04,Domingo,0,11:30:00,,0.0,2,"Moto/Ciclomotor,Pickup/Utilitario",Rivadavia Y Moreno,3,2,0,0,1,0,0,"-28.48625, -59.35663",S/D,,VILLA OCAMPO,General Obligado,S/D,S/D,IX,S/D,S/D,S/D,S/D,S/D,S/D,S/D,S/D,S/D,S/D,S/D,S/D,S/D,S/D,S/D,S/D
2018,10262,2018-11-21,Miercoles,0,18:30:00,,0.0,2,"Pickup/Utilitario,Moto/Ciclomotor",Alvear Y Luciano Torrent,3,2,0,0,1,0,0,"-31.62603, -60.69332",Calle,,SANTA FE,La Capital,Asfalto,No existe,I,S/D,Urbana,Ninguna,No existe,Recta,Bueno,Buena,Diurna,Buen Tiempo,De alcance,S/D,Colisión,Ninguna,S/D,Ninguna,Sin restricción
2018,10263,2018-11-29,Jueves,0,21:40:00,,0.0,2,"Moto/Ciclomotor,Automóvil",Biedma Y Pje. J.Casals,3,0,1,0,2,0,0,"-32.97301, -60.69748",Calle,,ROSARIO,Rosario,Asfalto,Pavimento,II,Dentro,Urbana,Ninguna,No existe,Intersección,Bueno,Buena,Nocturna,Buen Tiempo,S/D,S/D,Colisión,Ninguna,Faltante,Ninguna,Sin restricción
2018,10264,2018-11-29,Jueves,0,00:10:00,,0.0,2,"Moto/Ciclomotor,Automóvil",Av A del Valle Y Av Galicia,4,3,0,0,1,0,0,"-31.605569460901, -60.692825271531",Avenida,,SANTA FE,La Capital,Asfalto,No existe,I,S/D,Urbana,Semáforo,Funciona,Intersección,Otro,Reducida,"Nocturna,Con luz artificial",Otro,Lateral,S/D,Colisión,Ninguna,Vertical,Ninguna,Sin restricción
2018,10265,2018-11-08,Jueves,0,00:30:00,Ruta Nacional 19,96.0,1,Camión, ,1,0,0,0,0,0,1,"-31.48696, -61.71695",Ruta,19,RAFAELA,Castellanos,S/D,S/D,V,S/D,S/D,S/D,S/D,S/D,S/D,S/D,S/D,S/D,S/D,S/D,S/D,S/D,S/D,S/D,S/D
2018,10266,2018-11-29,Jueves,0,20:00:00,,0.0,2,"Moto/Ciclomotor,Pickup/Utilitario",Salvador del Carril Y Avellaneda,2,1,0,0,1,0,0,"-31.621110217977, -60.682896385741",Calle,,SANTA FE,La Capital,Asfalto,No existe,I,S/D,Urbana,Ninguna,No existe,Intersección,Bueno,Reducida,Nocturna,Buen Tiempo,Lateral,S/D,Colisión,Ninguna,S/D,Ninguna,Sin restricción
2018,10267,2018-11-22,Jueves,0,11:50:00,,0.0,2,"Bicicleta,Moto/Ciclomotor",Av Gral Paz 5800,2,2,0,0,0,0,0,"-31.61731, -60.68377",Avenida,,SANTA FE,La Capital,Asfalto,No existe,I,S/D,Urbana,Ninguna,No existe,Recta,Con baches,Buena,Diurna,Otro,De alcance,S/D,Colisión,Ninguna,Vertical,Línea divisoria pintada,Sin restricción
2018,10268,2018-11-29,Jueves,0,,,0.0,2,"Moto/Ciclomotor,Automóvil",Av A del Valle 5600,2,1,0,0,1,0,0,"-31.616325258360, -60.697609115948",Avenida,,SANTA FE,La Capital,Asfalto,No existe,I,S/D,Urbana,Ninguna,No existe,Recta,Bueno,Buena,Diurna,Buen Tiempo,Lateral,S/D,Colisión,Ninguna,S/D,Ninguna,Sin restricción
2018,10269,2018-11-08,Jueves,0,08:50:00,Ruta Nacional 11,0.0,1,Pickup/Utilitario, ,1,1,0,0,0,0,0,"-29.12112, -59.65142",Ruta,11,RECONQUISTA,General Obligado,S/D,S/D,IX,S/D,S/D,S/D,S/D,S/D,S/D,S/D,S/D,S/D,S/D,S/D,Despiste,S/D,S/D,S/D,S/D
2018,10270,2018-11-29,Jueves,0,17:20:00,,0.0,2,"Automóvil,Moto/Ciclomotor",Av Pe?aloza Y Fray C Rodriguez,3,0,0,0,0,0,3,"-31.618733882056, -60.713278581013",Avenida,,SANTA FE,La Capital,Asfalto,No existe,I,Dentro,Urbana,Semáforo,Funciona,Intersección,Bueno,Buena,Diurna,Buen Tiempo,Otro,S/D,Colisión,S/D,"Horizontal,Vertical","Cordón divisorio,Vegetación",Sin restricción
2018,10271,2018-11-07,Miercoles,0,,,0.0,2,"Moto/Ciclomotor,Moto/Ciclomotor", ,2,2,0,0,0,0,0,"-31.44985, -60.93",S/D,,ESPERANZA,Las Colonias,S/D,S/D,XI,S/D,S/D,S/D,S/D,S/D,S/D,S/D,S/D,S/D,S/D,S/D,S/D,S/D,S/D,S/D,S/D
2018,10272,2018-11-07,Miercoles,0,,,0.0,2,"Moto/Ciclomotor,Automóvil", ,2,1,0,0,1,0,0,"-31.44985, -60.93",S/D,,ESPERANZA,Las Colonias,S/D,S/D,XI,S/D,S/D,S/D,S/D,S/D,S/D,S/D,S/D,S/D,S/D,S/D,S/D,S/D,S/D,S/D,S/D
2018,10273,2018-11-29,Jueves,0,11:30:00,,0.0,2,"Pickup/Utilitario,Moto/Ciclomotor",Fray C Rodriguez Y Av Pe?aloza,2,0,0,0,0,0,2,"-31.618798255072, -60.713300038685",Calle,,SANTA FE,La Capital,"Asfalto,Hormigón",S/D,I,S/D,S/D,Semáforo,S/D,Intersección,Bueno,S/D,Diurna,Buen Tiempo,Lateral,S/D,Colisión,S/D,"Horizontal,Vertical","Cordón divisorio,Vegetación",Sin restricción
2018,10274,2018-11-29,Jueves,0,21:00:00,,0.0,2,"Moto/Ciclomotor,Camión c / Semirremolque",Av Belgrano Y D F Sarmiento,2,1,0,0,1,0,0,"-32.999363421545, -60.775098134388",Avenida,,PÉREZ,Rosario,Asfalto,No existe,II,Dentro,Urbana,Ninguna,No existe,Recta,Bueno,Buena,"Nocturna,Con luz artificial",Buen Tiempo,Lateral,S/D,Colisión,Ninguna,Horizontal,Línea divisoria pintada,Sin restricción
2018,10275,2018-11-22,Jueves,0,18:30:00,,0.0,2,"Automóvil,Automóvil",Ricardo Aldao Y P Cullen,2,1,0,0,1,0,0,"-31.61466, -60.67407",Calle,,SANTA FE,La Capital,Asfalto,No existe,I,Dentro,Urbana,Ninguna,No existe,Intersección,Con baches,Reducida,Diurna,Otro,Lateral,S/D,Colisión,Ninguna,Vertical,Ninguna,Sin restricción
2018,10276,2018-09-18,Martes,0,,Ruta Nacional 11,0.0,2,"Automóvil,Automóvil",Av Blas Parera Y Estado de Israel,4,2,0,0,2,0,0,"-31.602850, -60.720884",Ruta,11,SANTA FE,La Capital,Asfalto,No existe,I,Dentro,Urbana,Semáforo,Funciona,Intersección,S/D,S/D,S/D,S/D,Lateral,S/D,Colisión,S/D,"Horizontal,Vertical",Cordón divisorio,Sin restricción
2018,10277,2018-09-18,Martes,0,,Ruta Nacional 11,0.0,2,"Moto/Ciclomotor,Moto/Ciclomotor",Av Lopez y Planes Y Pedro Centeno,3,2,1,0,0,0,0,"-31.625049, -60.713561",Ruta,11,SANTA FE,La Capital,Asfalto,No existe,I,Dentro,Urbana,Semáforo,Funciona,Intersección,S/D,S/D,S/D,S/D,S/D,S/D,Colisión,S/D,"Horizontal,Vertical",Cordón divisorio,S/D
2018,10278,2018-09-19,Miercoles,0,,,0.0,2,"Automóvil,Camión", ,2,1,0,0,1,0,0,"-33.049319, -61.184275",S/D,,CASILDA,Caseros,S/D,S/D,IV,S/D,S/D,S/D,S/D,S/D,S/D,S/D,S/D,S/D,S/D,S/D,Colisión,S/D,S/D,S/D,S/D
2018,10279,2018-09-18,Martes,0,,,0.0,2,"Automóvil,Otros",Orlando Y Rosario,2,1,0,0,0,0,1,"-32.169485, -61.160958",Avenida,,BERNARDO DE IRIGOYEN,San Jerónimo,S/D,No existe,XV,Dentro,Urbana,S/D,S/D,Intersección,S/D,S/D,S/D,S/D,S/D,S/D,S/D,S/D,S/D,S/D,S/D
2018,10280,2018-09-20,Jueves,0,18:00:00,,0.0,1,Bicicleta,Mendoza 7700,1,1,0,0,0,0,0,"-32.940579, -60.725945",Avenida,,ROSARIO,Rosario,Asfalto,No existe,II,Dentro,Urbana,Ninguna,No existe,Recta,Bueno,Buena,Diurna,Buen Tiempo,S/D,S/D,Caída ocupante,Ninguna,Faltante,Cordón divisorio,Sin restricción
2018,10281,2018-09-18,Martes,0,,,0.0,2,"Automóvil,Moto/Ciclomotor",Santa Cruz Y San Jose,3,1,1,0,1,0,0,"-32.757929, -60.736678",Calle,,SAN LORENZO,San Lorenzo,Asfalto,No existe,XVII,Dentro,Urbana,Ninguna,No existe,Intersección,S/D,S/D,S/D,S/D,Lateral,S/D,Colisión,S/D,Faltante,Ninguna,Sin restricción
2018,10282,2018-09-19,Miercoles,0,,,0.0,2,"Pickup/Utilitario,Moto/Ciclomotor",E Ortiz Y Belgrano,2,1,0,0,1,0,0,"-31.903322, -61.864774",Calle,,SAN JORGE,San Martín,Hormigón,No existe,XVIII,Dentro,Urbana,Ninguna,No existe,Intersección,Bueno,Buena,S/D,Buen Tiempo,S/D,S/D,Colisión,Ninguna,Faltante,Ninguna,Sin restricción
2018,10283,2018-09-18,Martes,0,10:30:00,,0.0,2,"Automóvil,Bicicleta", ,2,1,0,0,1,0,0,"-33.049303, -61.184270",S/D,,CASILDA,Caseros,S/D,S/D,IV,S/D,S/D,S/D,S/D,S/D,S/D,S/D,Diurna,S/D,S/D,Ciclista,Atropello,S/D,S/D,S/D,S/D
2018,10284,2018-09-19,Miercoles,0,08:30:00,,0.0,2,"Bicicleta,Moto/Ciclomotor",Buenos Aires Y Bv. Am?rica,2,1,0,0,1,0,0,"-32.204021, -61.701422",Avenida,,EL TRÉBOL,San Martín,Hormigón,No existe,XVIII,Dentro,Urbana,Ninguna,No existe,Intersección,Bueno,Buena,Diurna,Buen Tiempo,S/D,Ciclista,Atropello,Ninguna,Faltante,Ninguna,Sin restricción
2018,10285,2018-09-22,Sabado,0,,,0.0,2,"Moto/Ciclomotor,Automóvil",Calle 2106 Y Pje. 2105,2,1,0,0,1,0,0,"-33.019911, -60.687330",Calle,,ROSARIO,Rosario,Asfalto,No existe,II,Dentro,Urbana,S/D,S/D,Intersección,Bueno,Buena,S/D,Buen Tiempo,Lateral,S/D,Colisión,Ninguna,S/D,Ninguna,Sin restricción
2018,10286,2018-09-11,Martes,0,,,0.0,2,"Automóvil,Moto/Ciclomotor",Sarmiento 100,2,0,1,0,1,0,0,"-31.251014, -61.490128",Calle,,RAFAELA,Castellanos,Asfalto,No existe,V,Dentro,Urbana,Paso Peatonal,No existe,Intersección,S/D,S/D,S/D,S/D,Lateral,S/D,Colisión,S/D,Horizontal,Ninguna,S/D
2018,10288,2018-09-03,Lunes,0,18:40:00,Ruta Nacional 11,0.0,2,"Automóvil,Automóvil",Los Paraisos Y Juan de Garay,2,1,0,0,1,0,0,"-31.521487, -60.724338",Ruta,11,RECREO,La Capital,Asfalto,Ripio,I,Dentro,Urbana,Ninguna,No existe,Intersección,Bueno,Buena,Diurna,Buen Tiempo,Lateral,S/D,Colisión,Ninguna,Horizontal,Línea divisoria pintada,Sin restricción
2018,10289,2018-09-18,Martes,0,01:30:00,Ruta Nacional 11,0.0,1,Camión c / Acoplado, ,1,1,0,0,0,0,0,"-31.436007, -60.742084",Ruta,11,CANDIOTI,La Capital,Asfalto,Ripio,I,Dentro,Urbana,Ninguna,No existe,Recta,S/D,S/D,Nocturna,S/D,S/D,S/D,Despiste,S/D,Faltante,Cordón divisorio,Sin restricción
2018,10290,2018-11-23,Viernes,0,10:40:00,,0.0,2,"Moto/Ciclomotor,Automóvil",Lavaisse Y Belgrano,2,1,0,0,1,0,0,"-31.61373, -60.69193",Calle,,SANTA FE,La Capital,Asfalto,No existe,I,S/D,Urbana,Ninguna,No existe,Intersección,Con baches,Reducida,Diurna,Otro,Lateral,S/D,Colisión,Ninguna,Vertical,Ninguna,Sin restricción
2018,10291,2018-11-17,Sabado,0,17:00:00,,0.0,2,"Moto/Ciclomotor,Taxi/Remis",Belgrano Y J M Zuviria,3,2,0,0,1,0,0,"-31.61827, -60.69327",Calle,,SANTA FE,La Capital,Asfalto,No existe,I,Dentro,Urbana,Ninguna,No existe,Intersección,Con baches,Buena,Diurna,Otro,Lateral,S/D,Colisión,Ninguna,Vertical,Ninguna,Sin restricción
2018,10292,2018-11-29,Jueves,0,18:00:00,,0.0,2,"Bicicleta,Camión Chasis",4 de Enero Y Gdor Crespo,2,1,0,0,1,0,0,"-31.640120895946, -60.710141513146",Calle,,SANTA FE,La Capital,Asfalto,No existe,I,Dentro,Urbana,Ninguna,No existe,Intersección,Bueno,Buena,Atardecer,Buen Tiempo,S/D,Ciclista,Atropello,Ninguna,Horizontal,Ninguna,Sin restricción
2018,10293,2018-11-02,Viernes,0,22:00:00,,0.0,2,"Moto/Ciclomotor,Automóvil",Padre Tibaldo Y Caseros,2,1,0,0,1,0,0,"-28.49178, -59.35413",S/D,,VILLA OCAMPO,General Obligado,S/D,S/D,IX,S/D,S/D,S/D,S/D,S/D,S/D,S/D,S/D,S/D,S/D,S/D,S/D,S/D,S/D,S/D,S/D
2018,10294,2018-11-30,Viernes,0,11:20:00,,0.0,2,"Pickup/Utilitario,Automóvil",Bv San Martin Y Pueyrredon,2,0,1,0,1,0,0,"-30.308715256298, -61.231734607018",Calle,,SAN CRISTÓBAL,San Cristóbal,Asfalto,Pavimento,XIII,Dentro,Urbana,Ninguna,No existe,Intersección,Bueno,Buena,Diurna,Buen Tiempo,Lateral,S/D,Colisión,Ninguna,Faltante,Ninguna,Sin restricción
2018,10295,2018-11-05,Lunes,0,17:10:00,,0.0,2,"Automóvil,Moto/Ciclomotor",Pte.Quintana Y Av. Francia,3,2,0,0,1,0,0,"-32.97767, -60.67455",S/D,,ROSARIO,Rosario,S/D,S/D,II,S/D,S/D,S/D,S/D,S/D,S/D,S/D,S/D,S/D,S/D,S/D,S/D,S/D,S/D,S/D,S/D
2018,10296,2018-11-30,Viernes,0,13:00:00,,0.0,2,"Automóvil,Moto/Ciclomotor",Bv C Pellegrini Y Fco Angeloni,3,2,0,0,1,0,0,"-30.794445942339, -60.589249215760",Calle,,SAN JUSTO,San Justo,Asfalto,No existe,XVI,S/D,Urbana,S/D,No existe,Intersección,Bueno,Buena,Diurna,Buen Tiempo,Lateral,S/D,Colisión,Ninguna,Vertical,Barrera de hormigón,Sin restricción
2018,10298,2018-11-05,Lunes,0,20:20:00,Ruta Nacional 9,0.0,2,"Peatón,Automóvil",Av. Eva Peron Y Bv. Wilde,2,1,0,0,1,0,0,"-32.92867, -60.73885",Ruta,9,ROSARIO,Rosario,S/D,S/D,II,S/D,S/D,S/D,S/D,S/D,S/D,S/D,S/D,S/D,S/D,Peatón,Atropello,S/D,S/D,S/D,S/D
2018,10299,2018-11-30,Viernes,0,07:50:00,Ruta Nacional 11,306.0,2,"Moto/Ciclomotor,Automóvil",Ruta Nacional 11 Y 1ro de Mayo,2,0,1,0,1,0,0,"-30.783, -60.59769",Ruta,11,SAN JUSTO,San Justo,Asfalto,S/D,XVI,S/D,Urbana,Otra Señal,S/D,Otro,Bueno,S/D,Amanecer,Buen Tiempo,Otro,S/D,Colisión,Ninguna,Vertical,Línea divisoria pintada,Sin restricción
2018,10300,2018-11-05,Lunes,0,,,0.0,2,"Moto/Ciclomotor,Moto/Ciclomotor",Av. Pellegrini Y Camilo Aldao,3,3,0,0,0,0,0,"-32.94821, -60.6957",S/D,,ROSARIO,Rosario,S/D,S/D,II,S/D,S/D,S/D,S/D,S/D,S/D,S/D,S/D,S/D,S/D,S/D,S/D,S/D,S/D,S/D,S/D
2018,10301,2018-11-19,Lunes,0,20:20:00,,0.0,2,"Moto/Ciclomotor,Automóvil",Pje Calcena Y Av Almte Brown,2,1,0,0,1,0,0,"-31.62622, -60.67913",Avenida,,SANTA FE,La Capital,Asfalto,No existe,I,S/D,Urbana,Ninguna,No existe,Intersección,Con baches,Buena,"Nocturna,Con luz artificial",Otro,Lateral,S/D,Colisión,Ninguna,Vertical,Ninguna,Sin restricción
2018,10302,2018-11-30,Viernes,0,17:00:00,,0.0,2,"Automóvil,Pickup/Utilitario",Espa?a 1500,2,1,0,0,1,0,0,"-32.953522694576, -60.648685758974",Calle,,ROSARIO,Rosario,Asfalto,S/D,II,Dentro,Urbana,S/D,S/D,Recta,Bueno,S/D,S/D,Buen Tiempo,De alcance,S/D,Colisión,Ninguna,Vertical,Ninguna,Sin restricción
2018,10303,2018-11-30,Viernes,0,19:25:00,,0.0,2,"Automóvil,Moto/Ciclomotor",Av San Martin Y Falucho,2,1,0,0,1,0,0,"-32.797353756893, -60.722135370638",Avenida,,FRAY LUIS BELTRÁN,San Lorenzo,Asfalto,S/D,XVII,S/D,Urbana,Ninguna,S/D,Intersección,Bueno,S/D,S/D,Buen Tiempo,De alcance,S/D,Colisión,Ninguna,Faltante,Ninguna,Sin restricción
2018,10304,2018-09-08,Sabado,0,,Ruta Nacional 11,479.0,1,Moto/Ciclomotor, ,1,1,0,0,0,0,0,"-29.131394, -59.654417",Ruta,11,SANTA FE,La Capital,Asfalto,Natural,I,Fuera,Rural,Ninguna,No existe,Recta,Bueno,S/D,S/D,Buen Tiempo,S/D,S/D,Caída ocupante,Ninguna,Faltante,Línea divisoria pintada,Sin restricción
2018,10305,2018-11-30,Viernes,0,14:15:00,,0.0,3,"Bicicleta,Pickup/Utilitario,Automóvil",Av San Martin Y Fray L Beltran,3,1,0,0,2,0,0,"-32.590480339992, -61.177252596284",Calle,,TOTORAS,Iriondo,Asfalto,S/D,X,S/D,Urbana,S/D,S/D,Intersección,Bueno,S/D,S/D,Buen Tiempo,S/D,Ciclista,Atropello,S/D,S/D,Ninguna,S/D
2018,10306,2018-11-05,Lunes,0,,,0.0,2,"Moto/Ciclomotor,Automóvil",Derqui Y Av. Provincias Unidas,2,1,0,0,1,0,0,"-32.93803, -60.71269",S/D,,ROSARIO,Rosario,S/D,S/D,II,S/D,S/D,S/D,S/D,S/D,S/D,S/D,S/D,S/D,S/D,S/D,S/D,S/D,S/D,S/D,S/D
2018,10307,2018-11-19,Lunes,0,23:00:00,,0.0,2,"Moto/Ciclomotor,Automóvil",R Godoy Y Las Heras,2,1,0,0,1,0,0,"-31.6167, -60.69166",Calle,,SANTA FE,La Capital,Asfalto,No existe,I,Dentro,Urbana,Ninguna,No existe,Intersección,Con baches,Reducida,"Nocturna,Con luz artificial",Otro,Lateral,S/D,Colisión,Ninguna,Vertical,Ninguna,Sin restricción
2018,10308,2018-11-30,Viernes,0,13:15:00,,0.0,2,"Automóvil,Moto/Ciclomotor",Rivadavia Y Espa?a,3,2,0,0,1,0,0,"-32.818146241177, -61.392902201082",Calle,,CAÑADA DE GÓMEZ,Iriondo,Asfalto,No existe,X,Dentro,Urbana,Ninguna,No existe,Intersección,Bueno,Buena,Diurna,Buen Tiempo,Lateral,S/D,Colisión,S/D,Faltante,Ninguna,Sin restricción
2018,10309,2018-11-03,Sabado,0,12:05:00,Ruta Secundaria 40-s,0.0,2,"Peatón,Automóvil",Calle 92 ,3,0,1,0,2,0,0,"-29.15121, -59.69168",Ruta,40-s,RECONQUISTA,General Obligado,S/D,S/D,IX,S/D,S/D,S/D,S/D,S/D,S/D,S/D,S/D,S/D,S/D,Peatón,Atropello,S/D,S/D,S/D,S/D
2018,10310,2018-09-15,Sabado,0,20:20:00,Ruta Nacional 11,824.0,1,Moto/Ciclomotor, ,1,1,0,0,0,0,0,"-28.855490, -59.512695",Ruta,11,LAS GARZAS,General Obligado,Asfalto,Natural,IX,Dentro,Rural,Ninguna,No existe,Recta,Bueno,Buena,Diurna,Buen Tiempo,S/D,S/D,Caída ocupante,Ninguna,Faltante,Ninguna,Sin restricción
2018,10311,2018-11-05,Lunes,0,,Ruta Nacional 11,433.0,1,Automóvil, ,1,1,0,0,0,0,0,"-31.87048, -60.88745",Ruta,11,DESVÍO ARIJÓN,San Jerónimo,S/D,S/D,XV,S/D,S/D,S/D,S/D,S/D,S/D,S/D,S/D,S/D,S/D,S/D,Despiste,S/D,S/D,S/D,S/D
2018,10312,2018-11-30,Viernes,0,21:00:00,Ruta Provincial 40,61.0,1,Moto/Ciclomotor, ,2,2,0,0,0,0,0,"-29.093, -60.26113",Ruta,40,FORTÍN OLMOS,Vera,Asfalto,Natural,XIX,Dentro,Rural,Ninguna,No existe,Recta,Bueno,Reducida,Nocturna,Buen Tiempo,Atropello animal,S/D,Colisión,Ninguna,Faltante,Ninguna,Sin restricción
2018,10313,2018-11-06,Martes,0,20:25:00,,0.0,3,"Automóvil,Automóvil,Automóvil", ,3,0,0,0,0,0,3,"-31.59927, -60.69189",S/D,,SANTA FE,La Capital,S/D,S/D,I,S/D,S/D,S/D,S/D,S/D,S/D,S/D,S/D,S/D,S/D,S/D,S/D,S/D,S/D,S/D,S/D
2018,10314,2018-09-15,Sabado,0,05:45:00,,0.0,1,Otros,Av Lopez y Planes Y Bv Pellegrini,1,1,0,0,0,0,0,"-31.633116, -60.714747",Avenida,,SANTA FE,La Capital,Asfalto,No existe,I,Dentro,Urbana,Marca Vial,No existe,Rotonda,Bueno,Buena,Nocturna,Buen Tiempo,S/D,S/D,S/D,Ninguna,Horizontal,Cordón divisorio,Sin restricción
2018,10315,2018-11-30,Viernes,0,12:50:00,,0.0,2,"Automóvil,Moto/Ciclomotor",Neuquen Y Baldaccini,2,1,0,0,1,0,0,"-31.520094707079, -60.676711138775",Calle,,MONTE VERA,La Capital,Ripio,No existe,I,Dentro,Urbana,Ninguna,No existe,Intersección,Bueno,Buena,Diurna,Buen Tiempo,Lateral,S/D,Colisión,Ninguna,S/D,Ninguna,Sin restricción
2018,10316,2018-11-08,Jueves,0,,,0.0,1,Moto/Ciclomotor,Av Blas Parera Y Azcuenaga,1,1,0,0,0,0,0,"-31.58775, -60.72548",S/D,,SANTA FE,La Capital,S/D,S/D,I,S/D,S/D,S/D,S/D,S/D,S/D,S/D,S/D,S/D,S/D,S/D,Despiste,S/D,S/D,S/D,S/D
2018,10317,2018-11-30,Viernes,0,16:30:00,,0.0,2,"Moto/Ciclomotor,Pickup/Utilitario",Buenos Aires 1100,2,1,0,0,1,0,0,"-31.517531755868, -60.681160165260",Calle,,MONTE VERA,La Capital,Hormigón,Ripio,I,Dentro,Urbana,Ninguna,No existe,Intersección,Bueno,Buena,Diurna,Buen Tiempo,Lateral,S/D,Colisión,Ninguna,S/D,Línea divisoria pintada,Sin restricción
2018,10318,2018-11-08,Jueves,0,16:40:00,,0.0,2,"Automóvil,Moto/Ciclomotor",Av. Ntra.Sra.del Rosario Y Bv. Avellaneda,2,0,1,0,1,0,0,"-33.00063, -60.64955",S/D,,ROSARIO,Rosario,S/D,S/D,II,S/D,S/D,S/D,S/D,S/D,S/D,S/D,S/D,S/D,S/D,S/D,S/D,S/D,S/D,S/D,S/D
2018,10319,2018-11-30,Viernes,0,09:00:00,,0.0,2,"Automóvil,Moto/Ciclomotor",Obrero 1525,2,1,0,0,1,0,0,"-31.302902979825, -60.664372300326",Calle,,LAGUNA PAIVA,La Capital,Ripio,No existe,I,Dentro,Urbana,Ninguna,No existe,Recta,Bueno,Buena,Diurna,Buen Tiempo,De alcance,S/D,Colisión,Ninguna,Faltante,Ninguna,Sin restricción
2018,10320,2018-11-08,Jueves,0,,,0.0,1,Moto/Ciclomotor, ,1,1,0,0,0,0,0,"-32.03091, -61.22373",S/D,,GÁLVEZ,San Jerónimo,S/D,S/D,XV,S/D,S/D,S/D,S/D,S/D,S/D,S/D,S/D,S/D,S/D,S/D,Caída ocupante,S/D,S/D,S/D,S/D
2018,10321,2018-11-18,Domingo,0,00:50:00,,0.0,2,"Moto/Ciclomotor,Moto/Ciclomotor",Larrea Y Belgrano,4,1,0,0,3,0,0,"-31.59656, -60.6869",Calle,,SANTA FE,La Capital,S/D,No existe,I,Fuera,Rural,Ninguna,No existe,Otro,S/D,S/D,"Nocturna,Con luz artificial",Otro,Otro,S/D,Colisión,Otro,Faltante,Ninguna,Sin restricción
2018,10322,2018-11-30,Viernes,0,20:50:00,,0.0,2,"Automóvil,Bicicleta", ,2,1,0,0,1,0,0,"-31.66163, -60.7618",Calle,,SANTO TOMÉ,La Capital,Ripio,No existe,I,S/D,Urbana,Ninguna,No existe,Recta,Bueno,Reducida,Nocturna,Lluvia,S/D,Ciclista,Atropello,Ninguna,Faltante,Ninguna,Sin restricción
2018,10323,2018-11-06,Martes,0,14:10:00,,0.0,2,"Moto/Ciclomotor,Automóvil",San Lorenzo Y 2 de Abril,2,1,0,0,1,0,0,"-28.49458, -59.3605",S/D,,VILLA OCAMPO,General Obligado,S/D,S/D,IX,S/D,S/D,S/D,S/D,S/D,S/D,S/D,S/D,S/D,S/D,S/D,S/D,S/D,S/D,S/D,S/D
2018,10324,2018-11-08,Jueves,0,18:45:00,,0.0,2,"Automóvil,Automóvil",Matienzo Y Av. Pellegrini,3,1,0,0,2,0,0,"-32.94794, -60.69372",S/D,,ROSARIO,Rosario,S/D,S/D,II,S/D,S/D,S/D,S/D,S/D,S/D,S/D,S/D,S/D,S/D,S/D,S/D,S/D,S/D,S/D,S/D
2018,10325,2018-11-08,Jueves,0,,,0.0,2,"Moto/Ciclomotor,Automóvil", ,2,1,0,0,1,0,0,"-33.04509, -61.16543",S/D,,CASILDA,Caseros,S/D,S/D,IV,S/D,S/D,S/D,S/D,S/D,S/D,S/D,S/D,S/D,S/D,S/D,S/D,S/D,S/D,S/D,S/D