anio_acci,nro_acci,fecha,desc_dia,fecha_aprox,hora_aprox,desc_ruta,km,cant_participantes,desc_participante,calle_avenida_km,total,heridos_leves,heridos_graves,heridos_gravisimos,ilesos,fallecidos,sin_datos,posicion_XY,desc_tipo_via,desc_ruta_ori,desc_loc,desc_dpto,desc_tipo_calzada,desc_tipo_banquina,desc_unidad_regional,desc_lugar_calzada,desc_zona,desc_prioridad,desc_estado_semaforo,desc_lugar_via,desc_estado_via,desc_estado_visibilidad,desc_luminosidad,desc_estado_clima,desc_tipo_colision,desc_tipo_atropello,desc_tipo_hecho,desc_pres_calzada,desc_senializacion,desc_separacion_via,desc_restriccion
2018,10326,2018-11-30,Viernes,0,17:00:00,,0.0,2,"Moto/Ciclomotor,Automóvil",Avenida Ejercito Argentino 3280,2,1,0,0,1,0,0,"-31.671288294766, -60.778076504885",Avenida,,SANTO TOMÉ,La Capital,Asfalto,Pavimento,I,Dentro,Urbana,Ninguna,No existe,Recta,Bueno,Buena,Atardecer,Buen Tiempo,Frontal,S/D,Colisión,Ninguna,"Horizontal,Vertical",Línea divisoria pintada,Sin restricción
2018,10327,2018-11-30,Viernes,0,13:00:00,,0.0,2,"Automóvil,Moto/Ciclomotor",7 de marzo Y J Macia,2,2,0,0,0,0,0,"-31.667425913785, -60.756575917422",Avenida,,SANTO TOMÉ,La Capital,Asfalto,No existe,I,Dentro,Urbana,Semáforo,Funciona,Intersección,Bueno,Buena,Diurna,Buen Tiempo,Lateral,S/D,Colisión,Ninguna,"Horizontal,Vertical",Línea divisoria pintada,Sin restricción
2018,10328,2018-09-15,Sabado,0,,Ruta Nacional 177,0.0,1,Automóvil,RUTA NACIONAL 177 Y AV 25 DE MAYO,4,4,0,0,0,0,0,"-33.269366, -60.363284",Ruta,177,EMPALME VILLA CONSTITUCIÓN,Constitución,Asfalto,Natural,V,Dentro,Rural,Ninguna,No existe,Recta,S/D,S/D,Diurna,S/D,S/D,S/D,Vuelco,S/D,Faltante,Línea divisoria pintada,Sin restricción
2018,10329,2018-09-01,Sabado,0,07:50:00,,0.0,1,Automóvil,Caseros 500,1,1,0,0,0,0,0,"-33.743039, -61.956346",Calle,,VENADO TUERTO,General López,Asfalto,No existe,VIII,Dentro,Urbana,Ninguna,No existe,Recta,S/D,S/D,Diurna,S/D,Contra objeto fijo,S/D,Colisión,S/D,Faltante,Ninguna,Sin restricción
2018,10330,2018-09-01,Sabado,0,08:20:00,,0.0,2,"Automóvil,Moto/Ciclomotor",4 de Enero Y Obispo Gelabert,2,0,1,0,0,0,1,"-31.635632193101,-60.708894573879",Calle,,SANTA FE,La Capital,Asfalto,No existe,I,Dentro,Urbana,Paso Peatonal,No existe,Intersección,S/D,S/D,Diurna,S/D,Lateral,S/D,Colisión,S/D,Horizontal,Ninguna,Sin restricción
2018,10331,2018-09-10,Lunes,0,20:55:00,Ruta Nacional 11,452.0,1,Automóvil, ,2,2,0,0,0,0,0,"-31.732566, -60.815414",Ruta,11,SANTO TOMÉ,La Capital,Asfalto,Ripio,I,Dentro,Urbana,Ninguna,No existe,Recta,Bueno,Buena,"Nocturna,Con luz artificial",Buen Tiempo,S/D,S/D,Vuelco,Ninguna,Horizontal,Línea divisoria pintada,Sin restricción
2018,10332,2018-09-03,Lunes,0,,Autov?a Nacional 19,33.0,2,"Pickup/Utilitario,Moto/Ciclomotor", ,3,1,0,0,2,0,0,"-31.618212721048, -61.104815329880",Autovía,19,SAN CARLOS NORTE,Las Colonias,Asfalto,Natural,XI,Dentro,Rural,Ninguna,No existe,Recta,S/D,S/D,Diurna,S/D,S/D,S/D,Colisión,S/D,Faltante,Vegetación,Sin restricción
2018,10333,2018-09-04,Martes,0,18:00:00,,0.0,2,"Automóvil,Moto/Ciclomotor",Italia Y Dentesano,4,3,0,0,1,0,0,"-30.942027, -61.560453",Calle,,SUNCHALES,Castellanos,Hormigón,No existe,V,Dentro,Urbana,Ninguna,No existe,Recta,Bueno,Buena,Diurna,Buen Tiempo,Lateral,S/D,Colisión,Ninguna,Faltante,Ninguna,Sin restricción
2018,10334,2018-09-05,Miercoles,0,,,0.0,2,"Automóvil,Moto/Ciclomotor", ,3,2,0,0,1,0,0,"-33.740418, -61.981385",Calle,,VENADO TUERTO,General López,S/D,No existe,VIII,Dentro,Urbana,S/D,S/D,S/D,S/D,S/D,S/D,S/D,S/D,S/D,Colisión,S/D,S/D,S/D,Sin restricción
2018,10335,2018-09-05,Miercoles,0,13:00:00,Ruta Secundaria 36-s,19.0,1,Automóvil, ,1,1,0,0,0,0,0,"-31.764875, -61.093982",Ruta,36-s,SAN CARLOS SUR,Las Colonias,Asfalto,No existe,XI,Dentro,Urbana,Ninguna,No existe,Recta,Bueno,Buena,Diurna,Buen Tiempo,S/D,S/D,Despiste,Ninguna,Horizontal,Línea divisoria pintada,Sin restricción
2018,10336,2018-09-06,Jueves,0,,,0.0,2,"Automóvil,Moto/Ciclomotor",Arturo Illia Y Uruguay,2,1,0,0,1,0,0,"-31.661364, -60.710926",Calle,,SANTA FE,La Capital,Asfalto,No existe,I,Dentro,Urbana,Semáforo,Funciona,Intersección,S/D,S/D,Diurna,S/D,Lateral,S/D,Colisión,S/D,"Horizontal,Vertical",Ninguna,Sin restricción
2018,10337,2018-09-07,Viernes,0,,Ruta Provincial 70,0.0,2,"Moto/Ciclomotor,Moto/Ciclomotor",Av Luis Fanti Y Maestro Cossettini,4,4,0,0,0,0,0,"-31.260603, -61.501801",Ruta,70,RAFAELA,Castellanos,Asfalto,No existe,V,Dentro,Urbana,Ninguna,No existe,Intersección,S/D,S/D,Diurna,S/D,Lateral,S/D,Colisión,S/D,Faltante,Ninguna,Sin restricción
2018,10338,2018-09-07,Viernes,0,05:00:00,Ruta Nacional 11,0.0,1,Moto/Ciclomotor, ,1,0,1,0,0,0,0,"-31.666711, -60.746714",Ruta,11,SANTA FE,La Capital,Asfalto,Pavimento,I,Dentro,Urbana,S/D,No existe,Recta,S/D,S/D,Nocturna,S/D,S/D,S/D,Caída ocupante,S/D,Faltante,S/D,Sin restricción
2018,10339,2018-09-06,Jueves,0,,,0.0,2,"Moto/Ciclomotor,Moto/Ciclomotor",J.M.Gutierrez Bis 500,2,2,0,0,0,0,0,"-32.993369, -60.620248",Calle,,ROSARIO,Rosario,Hormigón,No existe,II,Dentro,Urbana,Ninguna,No existe,Recta,Bueno,Buena,S/D,Buen Tiempo,Lateral,S/D,Colisión,Ninguna,Faltante,Ninguna,Sin restricción
2018,10340,2018-09-07,Viernes,0,,,0.0,2,"Automóvil,Moto/Ciclomotor",General Manuel Belgrano Y Berutti,2,1,0,0,1,0,0,"-31.446592, -60.928600",Calle,,ESPERANZA,Las Colonias,Asfalto,S/D,XI,Dentro,Urbana,S/D,S/D,Intersección,S/D,S/D,Diurna,S/D,Lateral,S/D,Colisión,S/D,S/D,S/D,S/D
2018,10341,2018-09-10,Lunes,0,00:05:00,,0.0,2,"Automóvil,Pickup/Utilitario",Saavedra Y Belgrano,2,1,0,0,1,0,0,"-31.253909, -61.489851",Calle,,RAFAELA,Castellanos,Asfalto,No existe,V,Dentro,Urbana,Paso Peatonal,No existe,Intersección,Bueno,Buena,"Nocturna,Con luz artificial",Buen Tiempo,Lateral,S/D,Colisión,Ninguna,Horizontal,Ninguna,Sin restricción
2018,10342,2018-09-07,Viernes,0,21:00:00,,0.0,2,"Automóvil,Moto/Ciclomotor",J M Estrada Y G Lehmann,2,1,0,0,1,0,0,"-31.448755, -60.939147",Calle,,ESPERANZA,Las Colonias,Asfalto,S/D,XI,Dentro,Urbana,S/D,S/D,Intersección,S/D,S/D,Nocturna,S/D,Lateral,S/D,Colisión,S/D,S/D,S/D,Sin restricción
2018,10343,2018-09-07,Viernes,0,,,0.0,1,Moto/Ciclomotor, ,1,1,0,0,0,0,0,"-31.449204, -60.941177",Calle,,ESPERANZA,Las Colonias,Asfalto,No existe,XI,Dentro,Urbana,S/D,S/D,Recta,S/D,S/D,S/D,S/D,Contra objeto fijo,S/D,Colisión,S/D,S/D,S/D,Sin restricción
2018,10344,2018-09-11,Martes,0,16:30:00,Ruta Provincial 94,17.0,1,Automóvil, ,3,3,0,0,0,0,0,"-34.072587, -61.550027",Ruta,94,VILLA CAÑAS,General López,Hormigón,Natural,VIII,Dentro,Urbana,Ninguna,No existe,Recta,Bueno,Buena,Diurna,Buen Tiempo,S/D,S/D,Despiste,Ninguna,Horizontal,Línea divisoria pintada,Sin restricción
2018,10345,2018-09-11,Martes,0,19:25:00,,0.0,1,Moto/Ciclomotor,25 de Mayo Y Lisandro de la Torre,3,3,0,0,0,0,0,"-33.749214, -61.973305",Calle,,VENADO TUERTO,General López,Asfalto,No existe,VIII,Dentro,Urbana,Ninguna,No existe,Intersección,S/D,S/D,Nocturna,S/D,Atropello animal,S/D,Colisión,S/D,Faltante,S/D,Sin restricción
2018,10346,2018-09-11,Martes,0,08:45:00,Ruta Nacional 33,0.0,2,"Moto/Ciclomotor,Camión c / Acoplado",Ruta Nac 33 Y Bernardo de Monteagudo,2,0,1,0,1,0,0,"-33.724582, -62.000634",Ruta,33,VENADO TUERTO,General López,Asfalto,Ripio,VIII,Dentro,Urbana,Ninguna,No existe,Intersección,Bueno,Buena,Diurna,Buen Tiempo,S/D,S/D,Colisión,Ninguna,Horizontal,Línea divisoria pintada,Sin restricción
2018,10347,2018-09-11,Martes,0,,,0.0,2,"Moto/Ciclomotor,Pickup/Utilitario",Av Independencia Y 1ro de Mayo,2,0,1,0,1,0,0,"-30.945502, -61.562854",Avenida,,SUNCHALES,Castellanos,Asfalto,No existe,V,Dentro,Urbana,Ninguna,No existe,Intersección,S/D,S/D,S/D,S/D,Lateral,S/D,Colisión,S/D,Faltante,Cordón divisorio,Sin restricción
2018,10348,2018-09-14,Viernes,0,16:45:00,Ruta Nacional 11,0.0,2,"Automóvil,Moto/Ciclomotor",Calle 13-Iturraspe Y Ruta Nacional 11,2,1,0,0,1,0,0,"-29.142096, -59.655939",Ruta,11,RECONQUISTA,General Obligado,Asfalto,No existe,IX,Dentro,Urbana,Paso Peatonal,No existe,Intersección,Bueno,Buena,Diurna,Buen Tiempo,S/D,S/D,Colisión,Ninguna,"Horizontal,Vertical","Cordón divisorio,Vegetación,Línea divisoria pintada",Sin restricción
2018,10349,2018-09-16,Domingo,0,,Ruta Nacional 33,0.0,2,"Automóvil,Moto/Ciclomotor",Santa Fe Y Ruta Nac 33,3,3,0,0,0,0,0,"-33.713819, -61.980816",Ruta,33,VENADO TUERTO,General López,Asfalto,Ripio,VII,Dentro,Urbana,Ninguna,No existe,Intersección,S/D,S/D,Diurna,S/D,Lateral,S/D,Colisión,S/D,Faltante,Ninguna,Sin restricción
2018,10350,2018-09-17,Lunes,0,08:15:00,Ruta Nacional 8,0.0,1,Moto/Ciclomotor,Las Calandrias Y Ruta Nac 8,1,1,0,0,0,0,0,"-33.715651, -62.004817",Ruta,8,VENADO TUERTO,General López,Asfalto,Ripio,VIII,Dentro,Urbana,Ninguna,No existe,Intersección,Bueno,Buena,Amanecer,Buen Tiempo,S/D,S/D,Despiste,Ninguna,Horizontal,Línea divisoria pintada,Sin restricción
2018,10351,2018-09-16,Domingo,0,11:20:00,Ruta Nacional 8,364.0,2,"Automóvil,Moto/Ciclomotor", ,5,1,0,0,4,0,0,"-33.796359354994, -61.941921605464",Ruta,8,VENADO TUERTO,General López,Asfalto,Ripio,VIII,Dentro,Rural,Ninguna,No existe,Recta,S/D,S/D,Diurna,S/D,S/D,S/D,Colisión,S/D,Faltante,Línea divisoria pintada,Sin restricción
2018,10352,2018-11-30,Viernes,0,10:35:00,,0.0,2,"Automóvil,Moto/Ciclomotor",Av Pte Peron Y Pje Irala,2,0,0,0,0,0,2,"-31.630412671481, -60.717782117644",Avenida,,SANTA FE,La Capital,Asfalto,No existe,I,Dentro,Urbana,Otra Señal,No existe,Intersección,Bueno,Buena,Diurna,Buen Tiempo,Lateral,S/D,Colisión,S/D,Faltante,"Cordón divisorio,Vegetación",Sin restricción
2018,10353,2018-11-30,Viernes,0,10:45:00,,0.0,2,"Automóvil,Moto/Ciclomotor",Av Pte Peron Y Artigas,2,0,0,0,0,0,2,"-31.620580021062, -60.718348164426",Avenida,,SANTA FE,La Capital,"Asfalto,Hormigón",S/D,I,Dentro,Urbana,Semáforo,S/D,Intersección,Bueno,S/D,S/D,Buen Tiempo,Lateral,S/D,Colisión,S/D,"Horizontal,Vertical","Cordón divisorio,Vegetación",Sin restricción
2018,10354,2018-11-30,Viernes,0,16:35:00,,0.0,2,"Bicicleta,Moto/Ciclomotor",Luciano Torrent 2953,4,4,0,0,0,0,0,"-31.623603457417, -60.704653312845",Calle,,SANTA FE,La Capital,Asfalto,S/D,I,S/D,Urbana,S/D,Funciona,Recta,Bueno,S/D,Diurna,Buen Tiempo,S/D,Ciclista,Atropello,S/D,Horizontal,S/D,S/D
2018,10355,2018-11-20,Martes,0,11:30:00,,0.0,2,"Pickup/Utilitario,Bicicleta",Av A del Valle Y French,2,1,0,0,1,0,0,"-31.59243, -60.69211",Avenida,,SANTA FE,La Capital,Asfalto,No existe,I,S/D,S/D,Ninguna,No existe,Intersección,Otro,Reducida,Diurna,Otro,S/D,Ciclista,Atropello,Otro,Faltante,Ninguna,Sin restricción
2018,10356,2018-11-30,Viernes,0,10:45:00,,0.0,2,"Moto/Ciclomotor,Moto/Ciclomotor",San martin Y 9 de Julio,2,2,0,0,0,0,0,"-28.040043467488, -59.218537857217",Calle,,FLORENCIA,General Obligado,Asfalto,Pavimento,IX,Dentro,Urbana,Ninguna,No existe,Intersección,Bueno,Buena,Diurna,Buen Tiempo,Lateral,S/D,Colisión,Ninguna,S/D,Ninguna,Sin restricción
2018,10358,2018-11-30,Viernes,0,,,0.0,2,"Peatón,Moto/Ciclomotor",Carlota Garrido de la Pe?a Y Pujato Crespo,2,1,0,0,1,0,0,"-31.665413811473, -60.728053515531",Calle,,SANTA FE,La Capital,S/D,No existe,I,S/D,Urbana,Otra Señal,S/D,Otro,Bueno,S/D,S/D,Buen Tiempo,Frontal,Peatón,Atropello,S/D,S/D,S/D,Sin restricción
2018,10359,2018-11-17,Sabado,0,03:30:00,,0.0,2,"Automóvil,Moto/Ciclomotor",Soldado Aguirre Y Bomberos Voluntarios,3,2,0,0,1,0,0,"-33.029114, -60.632919",Calle,,VILLA GOBERNADOR GÁLVEZ,Rosario,Asfalto,No existe,II,S/D,Urbana,Ninguna,No existe,Intersección,Bueno,Reducida,"Nocturna,Con luz artificial",Buen Tiempo,S/D,S/D,Colisión,Ninguna,Faltante,Cordón divisorio,Sin restricción
2018,10360,2018-11-30,Viernes,0,11:58:00,,0.0,2,"Automóvil,Moto/Ciclomotor",Mariano Comas Y 1ro de Mayo,2,1,0,0,1,0,0,"-31.632086714645, -60.706270758830",Calle,,SANTA FE,La Capital,Asfalto,No existe,I,Dentro,Urbana,Ninguna,No existe,Intersección,Bueno,Buena,Diurna,Buen Tiempo,De alcance,S/D,Atropello,Ninguna,Horizontal,Ninguna,Sin restricción
2018,10361,2018-11-17,Sabado,0,09:10:00,,0.0,1,Moto/Ciclomotor,Soldado Aguirre Y San Nicolas,1,1,0,0,0,0,0,"-33.02939, -60.63968",Calle,,VILLA GOBERNADOR GÁLVEZ,Rosario,Asfalto,No existe,II,S/D,Urbana,Ninguna,No existe,Intersección,Con baches,Buena,Diurna,Buen Tiempo,S/D,S/D,Colisión,Ninguna,Faltante,Ninguna,Sin restricción
2018,10362,2018-11-30,Viernes,0,09:15:00,,0.0,1,Transporte de Pasajeros Urbano (> 8 asientos),9 de Julio Y Salta,2,0,1,0,1,0,0,"-31.649596175094, -60.710218970500",Calle,,SANTA FE,La Capital,Asfalto,No existe,I,Dentro,Urbana,Ninguna,No existe,Intersección,Bueno,Buena,Diurna,Buen Tiempo,S/D,S/D,Caída ocupante,Ninguna,Horizontal,Ninguna,Sin restricción
2018,10363,2018-11-17,Sabado,0,16:25:00,,0.0,2,"Moto/Ciclomotor,Automóvil",Iriondo Y Balcarce,2,1,0,0,1,0,0,"-33.02356, -60.63591",Calle,,VILLA GOBERNADOR GÁLVEZ,Rosario,Asfalto,Pavimento,II,S/D,Urbana,Ninguna,No existe,Intersección,Bueno,Buena,Diurna,Buen Tiempo,S/D,S/D,Colisión,Ninguna,Faltante,Ninguna,Sin restricción
2018,10364,2018-11-01,Jueves,1,13:00:00,Ruta Nacional 168,3.0,2,"Moto/Ciclomotor,Automóvil",Nicasio Oro?o ,2,1,0,0,0,0,1,"-31.64081, -60.68136",Ruta,168,SANTA FE,La Capital,Hormigón,No existe,I,Dentro,Urbana,S/D,No existe,Puente,Bueno,S/D,Diurna,S/D,Lateral,S/D,Colisión,S/D,S/D,Ninguna,S/D
2018,10365,2018-11-01,Jueves,1,,,0.0,2,"Automóvil,Peatón",Guemes Y Lehman,2,1,0,0,0,0,1,"-31.488620718856, -60.738028113566",Calle,,RECREO,La Capital,Tierra,No existe,I,S/D,Urbana,Ninguna,No existe,Intersección,Otro,Buena,Diurna,Otro,S/D,Peatón,Atropello,Otro,Faltante,Ninguna,Sin restricción
2018,10366,2018-11-20,Martes,0,16:15:00,,0.0,1,Bicicleta,Caseros Y Esperanza,1,1,0,0,0,0,0,"-33.03938, -60.62964",Calle,,VILLA GOBERNADOR GÁLVEZ,Rosario,Asfalto,No existe,II,S/D,Urbana,Ninguna,No existe,Intersección,Bueno,Buena,Diurna,Buen Tiempo,S/D,Ciclista,Atropello,Ninguna,Faltante,Ninguna,Sin restricción
2018,10367,2018-11-17,Sabado,0,20:30:00,,0.0,2,"Pickup/Utilitario,Moto/Ciclomotor",Donado Y Martinez Estrada,2,1,0,0,1,0,0,"-32.91112, -60.72822",Calle,,ROSARIO,Rosario,Asfalto,No existe,II,S/D,Urbana,Ninguna,S/D,Intersección,S/D,S/D,Nocturna,S/D,S/D,S/D,Colisión,S/D,S/D,S/D,Sin restricción
2018,10368,2018-09-18,Martes,0,20:00:00,,0.0,2,"Automóvil,Pickup/Utilitario",Leandro N Alem Y Pueyrredon,2,2,0,0,0,0,0,"-31.248778, -61.487232",Calle,,RAFAELA,Castellanos,Ripio,No existe,V,Dentro,Urbana,Ninguna,No existe,Intersección,S/D,S/D,Nocturna,S/D,Lateral,S/D,Colisión,S/D,Faltante,Ninguna,Sin restricción
2018,10369,2018-09-18,Martes,0,,,0.0,2,"Pickup/Utilitario,Moto/Ciclomotor",Mitre Bartolome Y Jose Ingenieros,2,0,1,0,1,0,0,"-30.943853, -61.564420",Calle,,SUNCHALES,Castellanos,Asfalto,No existe,V,Dentro,Urbana,Ninguna,No existe,Intersección,S/D,S/D,S/D,S/D,Lateral,S/D,Colisión,S/D,Faltante,Ninguna,Sin restricción
2018,10370,2018-09-19,Miercoles,0,13:20:00,,0.0,2,"Automóvil,Moto/Ciclomotor",Avenida Guillermo Lehmann Y Laprida,4,1,2,0,1,0,0,"-31.353060, -61.515211",Avenida,,SUSANA,Castellanos,S/D,No existe,V,Dentro,Urbana,S/D,S/D,Intersección,S/D,S/D,Diurna,S/D,Lateral,S/D,Colisión,S/D,S/D,S/D,Sin restricción
2018,10371,2018-09-19,Miercoles,0,,,0.0,2,"Moto/Ciclomotor,Moto/Ciclomotor",Mariano Moreno Y Soler,2,2,0,0,0,0,0,"-31.460284, -60.935847",Calle,,ESPERANZA,Las Colonias,Asfalto,No existe,V,Dentro,Urbana,Ninguna,S/D,Intersección,Bueno,Buena,S/D,Buen Tiempo,Lateral,S/D,Colisión,Ninguna,Faltante,"Ninguna,S/D",Sin restricción
2018,10372,2018-09-19,Miercoles,0,01:50:00,Autopista Nacional Rosario -Cordoba,378.0,2,"Automóvil,Automóvil", ,3,0,1,0,0,0,2,"-32.846842, -61.390047",Autopista,Rosario -Córdoba,CAÑADA DE GÓMEZ,Iriondo,Asfalto,Natural,X,Dentro,Rural,Ninguna,No existe,Recta,S/D,S/D,Nocturna,S/D,De alcance,S/D,Colisión,S/D,Faltante,Guardarrail,Sin restricción
2018,10373,2018-09-20,Jueves,0,,,0.0,1,Automóvil,Gdor Freyre Y Pje Koch,3,2,0,0,1,0,0,"-31.600687, -60.705491",Calle,,SANTA FE,La Capital,Tierra,No existe,I,Dentro,Urbana,Ninguna,No existe,Intersección,S/D,S/D,Nocturna,S/D,Contra objeto fijo,S/D,Colisión,S/D,Faltante,Ninguna,Sin restricción
2018,10374,2018-09-20,Jueves,0,,,0.0,2,"Peatón,Automóvil", ,2,1,0,0,1,0,0,"-32.985603, -60.656744",Calle,,ROSARIO,Rosario,Asfalto,No existe,II,Dentro,Urbana,S/D,S/D,Recta,S/D,S/D,S/D,S/D,S/D,Peatón,Atropello,S/D,S/D,S/D,S/D
2018,10375,2018-09-20,Jueves,0,10:10:00,,0.0,2,"Automóvil,Moto/Ciclomotor",Dr Jose Andres Valdez Y Miguel de Azcuenaga,2,1,0,0,1,0,0,"-33.730642, -61.984877",Calle,,VENADO TUERTO,General López,Tierra,No existe,VIII,Dentro,Urbana,Ninguna,No existe,Distribuidor,Resbaladiza,Buena,Diurna,Buen Tiempo,Lateral,S/D,Colisión,Material Suelto,Faltante,Ninguna,Sin restricción
2018,10377,2018-09-23,Domingo,0,21:30:00,Ruta Secundaria 83-s,0.0,1,Automóvil, ,5,5,0,0,0,0,0,"-29.292773182838, -60.396864204952",Ruta,83-s,SANTA LUCÍA,Vera,Asfalto,S/D,XIX,Dentro,Rural,S/D,S/D,Recta,S/D,S/D,Nocturna,S/D,S/D,S/D,Vuelco,S/D,S/D,S/D,Sin restricción
2018,10378,2018-09-22,Sabado,0,,,0.0,2,"Bicicleta,Automóvil",Castelli Y Italia,2,1,0,0,1,0,0,"-31.449014, -60.942099",Calle,,ESPERANZA,Las Colonias,Asfalto,No existe,XI,Dentro,Urbana,S/D,S/D,Intersección,S/D,S/D,Diurna,S/D,S/D,Ciclista,Atropello,S/D,S/D,Ninguna,Sin restricción
2018,10379,2018-09-26,Miercoles,0,18:30:00,Ruta Nacional 34,0.0,2,"Moto/Ciclomotor,Camión Chasis",Luis Maggi Y Ruta Nac 34 Gral Guemes,2,0,1,0,1,0,0,"-31.236288, -61.502451",Ruta,34,RAFAELA,Castellanos,Hormigón,No existe,V,Dentro,Urbana,Semáforo,Funciona,Intersección,Bueno,Buena,Diurna,Buen Tiempo,S/D,S/D,Colisión,Ninguna,"Horizontal,Vertical","Cordón divisorio,Línea divisoria pintada",Sin restricción
2018,10380,2018-09-19,Miercoles,0,,,0.0,2,"Peatón,Moto/Ciclomotor",Av A del Valle Y Angel Cassanello,2,0,0,1,1,0,0,"-31.609467, -60.694023",Avenida,,SANTA FE,La Capital,Asfalto,No existe,I,Dentro,Urbana,Semáforo,Funciona,Intersección,S/D,S/D,S/D,S/D,S/D,Peatón,Atropello,S/D,Vertical,Ninguna,Sin restricción
2018,10381,2018-09-27,Jueves,0,19:50:00,Ruta Provincial 70,0.0,2,"Moto/Ciclomotor,Pickup/Utilitario",Nicolas Schneider Y Ruta provincial 70,3,0,1,0,2,0,0,"-31.444441, -60.922078",Ruta,70,ESPERANZA,Las Colonias,Asfalto,No existe,XI,Dentro,Urbana,Semáforo,Funciona,Intersección,Bueno,Buena,"Nocturna,Con luz artificial",Buen Tiempo,S/D,S/D,Colisión,Ninguna,"Horizontal,Vertical",Línea divisoria pintada,Sin restricción
2018,10382,2018-09-28,Viernes,0,02:40:00,,0.0,1,Automóvil,Guillermo Dimmer 1000,2,1,0,0,1,0,0,"-33.733008, -61.979777",Calle,,VENADO TUERTO,General López,Asfalto,No existe,VIII,Dentro,Urbana,Ninguna,No existe,Recta,S/D,S/D,Nocturna,S/D,Contra objeto fijo,S/D,Colisión,S/D,Faltante,Ninguna,Sin restricción
2018,10383,2018-09-28,Viernes,0,18:00:00,,0.0,1,Moto/Ciclomotor,Sarmiento Y Pueyrredon,1,1,0,0,0,0,0,"-31.251389, -61.487987",Calle,,RAFAELA,Castellanos,Asfalto,No existe,V,Dentro,Urbana,Paso Peatonal,No existe,Intersección,S/D,S/D,Diurna,S/D,S/D,S/D,Caída ocupante,S/D,Horizontal,Ninguna,Sin restricción
2018,10384,2018-09-28,Viernes,0,17:42:00,,0.0,2,"Moto/Ciclomotor,Moto/Ciclomotor",Mariano Moreno Y Velez Sarsfield,2,1,0,0,1,0,0,"-33.737696, -61.976380",Calle,,VENADO TUERTO,General López,Hormigón,No existe,VIII,Dentro,Urbana,Ninguna,No existe,Intersección,Bueno,Buena,Diurna,Buen Tiempo,S/D,S/D,Colisión,Ninguna,Faltante,Ninguna,Sin restricción
2018,10385,2018-09-28,Viernes,0,19:14:00,,0.0,2,"Moto/Ciclomotor,Automóvil",Nicolas Avellaneda Y Almafuerte,3,1,1,0,1,0,0,"-33.736248, -61.967258",Calle,,VENADO TUERTO,General López,Hormigón,No existe,IX,Dentro,Urbana,Ninguna,No existe,Intersección,Bueno,Buena,Atardecer,Buen Tiempo,S/D,S/D,Colisión,Ninguna,Faltante,Ninguna,Sin restricción
2018,10386,2018-09-28,Viernes,0,,Ruta Nacional 19,177.0,1,Automóvil, ,1,1,0,0,0,0,0,"-31.431476004515, -62.011075660844",Ruta,19,JOSEFINA,Castellanos,Asfalto,Natural,V,Dentro,Rural,Ninguna,No existe,Recta,S/D,S/D,Nocturna,S/D,S/D,S/D,Vuelco,S/D,Faltante,Línea divisoria pintada,Sin restricción
2018,10387,2018-09-29,Sabado,0,18:00:00,Ruta Nacional 11,0.0,1,Moto/Ciclomotor,Saavedra Lamas Y Ruta Nacional 11,1,0,1,0,0,0,0,"-31.505624, -60.727615",Ruta,11,RECREO,La Capital,Asfalto,Ripio,I,Dentro,Urbana,Ninguna,No existe,Intersección,Bueno,Buena,Diurna,Buen Tiempo,S/D,S/D,Caída ocupante,Ninguna,Horizontal,Línea divisoria pintada,Sin restricción
2018,10388,2018-11-21,Miercoles,0,19:30:00,,0.0,2,"Pickup/Utilitario,Moto/Ciclomotor",Jose Ingenieros Y Barra,4,3,0,0,1,0,0,"-32.91697, -60.70808",Calle,,ROSARIO,Rosario,Asfalto,No existe,II,Dentro,Urbana,Ninguna,No existe,Intersección,Bueno,Buena,Atardecer,Buen Tiempo,Lateral,S/D,Colisión,Ninguna,Faltante,Ninguna,Sin restricción
2018,10389,2018-11-22,Jueves,0,07:15:00,,0.0,2,"Moto/Ciclomotor,Pickup/Utilitario",Gorriti 3100,2,1,0,0,1,0,0,"-31.58953, -60.69692",Avenida,,SANTA FE,La Capital,Asfalto,Pavimento,I,Dentro,Urbana,S/D,No existe,Recta,Bueno,Buena,Diurna,Buen Tiempo,Lateral,S/D,Colisión,Ninguna,Faltante,S/D,S/D
2018,10390,2018-09-29,Sabado,0,,,0.0,2,"Moto/Ciclomotor,Moto/Ciclomotor",Av Cordoba Y Bartolome Mitre,3,1,2,0,0,0,0,"-31.447422, -60.936767",Avenida,,ESPERANZA,Las Colonias,Asfalto,No existe,XI,Dentro,Urbana,S/D,S/D,Intersección,Bueno,S/D,Nocturna,S/D,Lateral,S/D,Colisión,Ninguna,S/D,Cordón divisorio,Sin restricción
2018,10391,2018-11-02,Viernes,0,09:30:00,,0.0,1,Moto/Ciclomotor,Calle 1 - Independencia Y Calle 20 9 de Julio,1,0,1,0,0,0,0,"-29.13658, -59.64631",S/D,,RECONQUISTA,General Obligado,S/D,S/D,IX,S/D,S/D,S/D,S/D,S/D,S/D,S/D,S/D,S/D,Atropello animal,S/D,Atropello,S/D,S/D,S/D,S/D