anio_acci,nro_acci,fecha,desc_dia,fecha_aprox,hora_aprox,desc_ruta,km,cant_participantes,desc_participante,calle_avenida_km,total,heridos_leves,heridos_graves,heridos_gravisimos,ilesos,fallecidos,sin_datos,posicion_XY,desc_tipo_via,desc_ruta_ori,desc_loc,desc_dpto,desc_tipo_calzada,desc_tipo_banquina,desc_unidad_regional,desc_lugar_calzada,desc_zona,desc_prioridad,desc_estado_semaforo,desc_lugar_via,desc_estado_via,desc_estado_visibilidad,desc_luminosidad,desc_estado_clima,desc_tipo_colision,desc_tipo_atropello,desc_tipo_hecho,desc_pres_calzada,desc_senializacion,desc_separacion_via,desc_restriccion
2018,10392,2018-11-19,Lunes,0,19:15:00,,0.0,2,"Bicicleta,Pickup/Utilitario",Jose Ingenieros Y Sanchez de Loria,2,1,0,0,1,0,0,"-32.91768, -60.73278",Calle,,ROSARIO,Rosario,Asfalto,No existe,II,Dentro,Urbana,Ninguna,S/D,Intersección,Bueno,Buena,Atardecer,Buen Tiempo,S/D,Ciclista,Atropello,Ninguna,S/D,Ninguna,Sin restricción
2018,10393,2018-11-02,Viernes,0,07:50:00,,0.0,2,"Moto/Ciclomotor,Automóvil",Av. Ovidio Lagos Y Av. Pte.Peron,2,1,0,0,1,0,0,"-32.95553, -60.66479",S/D,,ROSARIO,Rosario,S/D,S/D,II,S/D,S/D,S/D,S/D,S/D,S/D,S/D,S/D,S/D,S/D,S/D,S/D,S/D,S/D,S/D,S/D
2018,10394,2018-11-20,Martes,0,00:25:00,,0.0,2,"Automóvil,Automóvil",Santa Fe Y F.More,4,2,0,0,2,0,0,"-32.93518, -60.69363",Calle,,ROSARIO,Rosario,Asfalto,No existe,II,Dentro,Urbana,Semáforo,Funciona,Intersección,S/D,S/D,Nocturna,S/D,Frontal,S/D,Colisión,S/D,Vertical,Ninguna,Sin restricción
2018,10395,2018-09-30,Domingo,0,02:45:00,,0.0,2,"Moto/Ciclomotor,Camión",Calle 18-Belgrano Y Calle 7-Sarmiento,3,2,0,0,1,0,0,"-29.139924, -59.645507",Calle,,RECONQUISTA,General Obligado,Asfalto,No existe,IX,Dentro,Urbana,Ninguna,No existe,Intersección,Bueno,Buena,"Nocturna,Con luz artificial",Buen Tiempo,Lateral,S/D,Colisión,Ninguna,Faltante,Ninguna,Sin restricción
2018,10396,2018-11-03,Sabado,0,05:18:00,,0.0,1,Moto/Ciclomotor,Av Estrugamou Y Quintana,2,2,0,0,0,0,0,"-33.73624, -61.97603",S/D,,VENADO TUERTO,General López,S/D,S/D,VIII,S/D,S/D,S/D,S/D,S/D,S/D,S/D,S/D,S/D,S/D,S/D,Despiste,S/D,S/D,S/D,S/D
2018,10397,2018-11-03,Sabado,0,06:25:00,,0.0,2,"Moto/Ciclomotor,Automóvil",Leandro N Alem Y Turner S,3,0,2,0,1,0,0,"-33.76119, -61.95645",S/D,,VENADO TUERTO,General López,S/D,S/D,VIII,S/D,S/D,S/D,S/D,S/D,S/D,S/D,S/D,S/D,S/D,S/D,S/D,S/D,S/D,S/D,S/D
2018,10398,2018-11-18,Domingo,0,21:10:00,,0.0,2,"Moto/Ciclomotor,Moto/Ciclomotor",Av Pte Peron Y Pedro Centeno,3,0,0,0,0,0,3,"-31.6243, -60.71847",Calle,,SANTA FE,La Capital,Asfalto,No existe,I,Dentro,Urbana,Semáforo,Funciona,Intersección,Con baches,Reducida,Nocturna,Buen Tiempo,Lateral,S/D,Colisión,S/D,"Horizontal,Vertical",Cordón divisorio,Sin restricción
2018,10399,2018-11-03,Sabado,0,12:30:00,,0.0,2,"Automóvil,Moto/Ciclomotor",AV.PRES PERON Y J.B. JUSTO,3,0,2,0,1,0,0,"-33.75797, -61.95523",S/D,,VENADO TUERTO,General López,S/D,S/D,VIII,S/D,S/D,S/D,S/D,S/D,S/D,S/D,S/D,S/D,S/D,S/D,S/D,S/D,S/D,S/D,S/D
2018,10400,2018-11-03,Sabado,0,06:45:00,Ruta Provincial 94,0.0,1,Pickup/Utilitario, ,1,0,1,0,0,0,0,"-34.17598, -61.52381",Ruta,94,TEODELINA,General López,S/D,S/D,VIII,S/D,S/D,S/D,S/D,S/D,S/D,S/D,S/D,S/D,Otro,S/D,Vuelco,S/D,S/D,S/D,S/D
2018,10401,2018-11-05,Lunes,0,20:45:00,Autopista Provincial Brigadier E.López,59.0,1,Automóvil, ,4,4,0,0,0,0,0,"-32.46121, -60.91631",Autopista,Brigadier E.López,MACIEL,San Jerónimo,S/D,S/D,XV,S/D,S/D,S/D,S/D,S/D,S/D,S/D,S/D,S/D,S/D,S/D,Vuelco,S/D,S/D,S/D,S/D
2018,10402,2018-11-20,Martes,0,17:45:00,,0.0,2,"Automóvil,Moto/Ciclomotor",M De Polonia ,2,1,0,0,1,0,0,"-31.612989865236,-60.720457402342",Calle,,SANTA FE,La Capital,Asfalto,No existe,I,Dentro,Urbana,Otra Señal,No existe,S/D,Bueno,S/D,Diurna,Buen Tiempo,S/D,S/D,Colisión,Ninguna,S/D,Cordón divisorio,Sin restricción
2018,10403,2018-11-05,Lunes,0,17:00:00,,0.0,2,"Automóvil,Moto/Ciclomotor",Brigadier Lopez ,3,2,0,0,1,0,0,"-31.44736, -60.91198",S/D,,ESPERANZA,Las Colonias,S/D,S/D,XI,S/D,S/D,S/D,S/D,S/D,S/D,S/D,S/D,S/D,S/D,S/D,S/D,S/D,S/D,S/D,S/D
2018,10404,2018-11-05,Lunes,0,11:00:00,,0.0,2,"Pickup/Utilitario,Moto/Ciclomotor",1ro de Mayo Y Moreno,3,1,0,0,2,0,0,"-31.73804, -61.09139",S/D,,SAN CARLOS CENTRO,Las Colonias,S/D,S/D,XI,S/D,S/D,S/D,S/D,S/D,S/D,S/D,S/D,S/D,S/D,S/D,S/D,S/D,S/D,S/D,S/D
2018,10405,2018-11-21,Miercoles,0,08:25:00,,0.0,2,"Automóvil,Moto/Ciclomotor",Av Lopez y Planes Y Juan Del Campillo,2,1,0,0,1,0,0,"-31.62768, -60.71374",Calle,,SANTA FE,La Capital,Asfalto,No existe,I,Dentro,Urbana,Otra Señal,No existe,Intersección,Bueno,Buena,Diurna,Buen Tiempo,Lateral,S/D,Colisión,S/D,Faltante,Cordón divisorio,Sin restricción
2018,10406,2018-11-05,Lunes,0,11:30:00,,0.0,2,"Bicicleta,Pickup/Utilitario",L Novoro Y Rivadavia,2,1,0,0,1,0,0,"-31.73004, -61.09085",S/D,,SAN CARLOS CENTRO,Las Colonias,S/D,S/D,XI,S/D,S/D,S/D,S/D,S/D,S/D,S/D,S/D,S/D,S/D,Ciclista,Atropello,S/D,S/D,S/D,S/D
2018,10407,2018-11-05,Lunes,0,18:10:00,,0.0,2,"Moto/Ciclomotor,Pickup/Utilitario",ZONA RURAL DE PROGRESO ,2,0,1,0,1,0,0,"-31.13268, -60.98674",S/D,,PROGRESO,Las Colonias,S/D,S/D,XI,S/D,Rural,S/D,S/D,S/D,S/D,S/D,S/D,S/D,S/D,S/D,S/D,S/D,S/D,S/D,S/D
2018,10408,2018-09-28,Viernes,0,,,0.0,2,"Moto/Ciclomotor,Pickup/Utilitario",R Balbin 800,3,0,1,0,1,0,1,"-30.948607, -61.571456",Calle,,SUNCHALES,Castellanos,Tierra,No existe,V,Dentro,Urbana,Ninguna,No existe,Recta,S/D,S/D,S/D,S/D,S/D,S/D,Colisión,S/D,Faltante,Ninguna,Sin restricción
2018,10409,2018-09-26,Miercoles,0,18:30:00,,0.0,3,"Moto/Ciclomotor,Automóvil,Automóvil",Pasteur Y Juan B Justo,4,1,1,0,2,0,0,"-33.027075, -60.624828",Calle,,VILLA GOBERNADOR GÁLVEZ,Rosario,Asfalto,No existe,II,Dentro,Urbana,Ninguna,No existe,Intersección,S/D,S/D,Diurna,S/D,Múltiple,S/D,Colisión,S/D,Faltante,Ninguna,Sin restricción
2018,10410,2018-10-01,Lunes,0,05:00:00,Ruta Nacional 11,0.0,2,"Pickup/Utilitario,Bicicleta", ,2,1,0,0,1,0,0,"-29.196897, -59.694580",Ruta,11,RECONQUISTA,General Obligado,Asfalto,Natural,IX,Dentro,Urbana,Ninguna,No existe,Recta,S/D,S/D,Nocturna,S/D,S/D,Ciclista,Atropello,S/D,Faltante,Línea divisoria pintada,Sin restricción
2018,10411,2018-10-01,Lunes,0,,,0.0,2,"Automóvil,Moto/Ciclomotor",E Zeballos Y Brasil,3,2,0,0,1,0,0,"-30.944741, -61.550760",Calle,,SUNCHALES,Castellanos,Asfalto,No existe,V,Dentro,Urbana,Ninguna,No existe,Intersección,S/D,S/D,S/D,S/D,S/D,S/D,Colisión,S/D,Faltante,Ninguna,Sin restricción
2018,10412,2018-09-06,Jueves,0,05:15:00,,0.0,2,"Peatón,Otros",Bv. Oro?o Y Av. Pellegrini,2,0,1,0,0,0,1,"-32.954367, -60.656094",Avenida,,ROSARIO,Rosario,Asfalto,No existe,II,Dentro,Urbana,Semáforo,Funciona,Intersección,S/D,S/D,Nocturna,S/D,S/D,Peatón,Atropello,S/D,"Horizontal,Vertical",Cordón divisorio,Sin restricción
2018,10413,2018-09-08,Sabado,0,17:15:00,,0.0,2,"Otros,Automóvil",Bv. Segui Y Ayacucho,2,1,0,0,0,0,1,"-32.981090, -60.635510",Avenida,,ROSARIO,Rosario,Asfalto,No existe,II,Dentro,Urbana,Ninguna,No existe,Intersección,S/D,S/D,Diurna,S/D,S/D,S/D,Colisión,S/D,Faltante,Cordón divisorio,Sin restricción
2018,10414,2018-09-10,Lunes,0,13:00:00,,0.0,1,Moto/Ciclomotor,Av. Provincias Unidas Y Ocampo,1,0,1,0,0,0,0,"-32.958027, -60.711965",Avenida,,ROSARIO,Rosario,Asfalto,No existe,II,Dentro,Urbana,Ninguna,No existe,Intersección,S/D,S/D,Diurna,S/D,S/D,S/D,Colisión,S/D,Faltante,Cordón divisorio,Sin restricción
2018,10415,2018-09-30,Domingo,0,05:30:00,Ruta Provincial 18,5.0,1,Automóvil, ,1,1,0,0,0,0,0,"-33.073795, -60.695236",Ruta,18,LA CAROLINA,Rosario,Asfalto,Natural,II,Dentro,Rural,Ninguna,No existe,Recta,Bueno,Buena,Diurna,Buen Tiempo,S/D,S/D,Colisión,Ninguna,Horizontal,Línea divisoria pintada,Sin restricción
2018,10416,2018-11-02,Viernes,0,16:00:00,,0.0,2,"Automóvil,Moto/Ciclomotor",Cullen Y General Paz,2,1,0,0,1,0,0,"-31.45172, -60.93428",S/D,,ESPERANZA,Las Colonias,S/D,S/D,XI,S/D,S/D,S/D,S/D,S/D,S/D,S/D,S/D,S/D,S/D,S/D,S/D,S/D,S/D,S/D,S/D
2018,10417,2018-11-04,Domingo,0,18:45:00,,0.0,2,"Automóvil,Moto/Ciclomotor",CAlle 37-Bvard. lovato Y Calle 10-Ludue?a,6,5,0,0,1,0,0,"-29.15617, -59.64281",S/D,,RECONQUISTA,General Obligado,S/D,S/D,IX,S/D,S/D,S/D,S/D,S/D,S/D,S/D,S/D,S/D,S/D,S/D,S/D,S/D,S/D,S/D,S/D
2018,10418,2018-12-28,Viernes,0,20:00:00,,0.0,2,"Automóvil,Moto/Ciclomotor",Varela Y Av. Irigoyen,2,1,0,0,1,0,0,"-32.884593, -60.700415",Calle,,ROSARIO,Rosario,Asfalto,No existe,II,Dentro,Urbana,Otra Señal,No existe,Intersección,Bueno,Buena,"Nocturna,Con luz artificial",Buen Tiempo,Lateral,S/D,Colisión,Ninguna,Vertical,Ninguna,Sin restricción
2018,10419,2018-12-26,Miercoles,0,03:20:00,,0.0,1,Moto/Ciclomotor,Av. Eudoro Carrasco 2400,1,1,0,0,0,0,0,"-32.889150, -60.686864",Avenida,,ROSARIO,Rosario,Asfalto,No existe,II,Dentro,Urbana,Semáforo,Intermitente,Recta,Bueno,Buena,"Nocturna,Con luz artificial",Buen Tiempo,Contra objeto fijo,S/D,Colisión,Ninguna,Vertical,Cordón divisorio,Sin restricción
2018,10420,2018-11-08,Jueves,0,07:30:00,,0.0,2,"Automóvil,Camión",San Luis Y Santiago,3,2,0,0,1,0,0,"-32.9459, -60.65667",S/D,,ROSARIO,Rosario,S/D,S/D,II,S/D,S/D,S/D,S/D,S/D,S/D,S/D,S/D,S/D,S/D,S/D,S/D,S/D,S/D,S/D,S/D
2018,10421,2018-12-04,Martes,0,23:15:00,,0.0,1,Moto/Ciclomotor,Bv. Rondeau Y Salvat,2,1,0,0,0,0,1,"-32.882253, -60.696320",Avenida,,ROSARIO,Rosario,Asfalto,No existe,II,Dentro,Urbana,Semáforo,Intermitente,Intersección,Bueno,Buena,Nocturna,Buen Tiempo,Atropello animal,S/D,Colisión,Ninguna,Vertical,Cordón divisorio,Sin restricción
2018,10422,2018-11-06,Martes,0,10:00:00,,0.0,2,"Moto/Ciclomotor,Moto/Ciclomotor",A Gabarret Y General Manuel Belgrano,2,2,0,0,0,0,0,"-31.4365, -60.92553",S/D,,ESPERANZA,Las Colonias,S/D,S/D,XI,S/D,S/D,S/D,S/D,S/D,S/D,S/D,S/D,S/D,S/D,S/D,S/D,S/D,S/D,S/D,S/D
2018,10423,2018-11-06,Martes,0,13:50:00,,0.0,2,"Automóvil,Moto/Ciclomotor",Lopez y Planes Y W Maradona,2,1,0,0,1,0,0,"-31.45311, -60.94423",S/D,,ESPERANZA,Las Colonias,S/D,S/D,XI,S/D,S/D,S/D,S/D,S/D,S/D,S/D,S/D,S/D,S/D,S/D,S/D,S/D,S/D,S/D,S/D
2018,10424,2018-11-07,Miercoles,0,23:00:00,Ruta Nacional 8,0.0,2,"Camión,Moto/Ciclomotor",Ovidio Lagos Av Y 2 de Abril,3,1,1,0,1,0,0,"-33.76189, -61.96859",Ruta,8,VENADO TUERTO,General López,S/D,S/D,VIII,S/D,S/D,S/D,S/D,S/D,S/D,S/D,S/D,S/D,S/D,S/D,S/D,S/D,S/D,S/D,S/D
2018,10425,2018-11-07,Miercoles,0,22:20:00,,0.0,2,"Moto/Ciclomotor,Moto/Ciclomotor",Leoncio de la Barrera Y Santa Fe,2,0,1,0,0,0,1,"-33.73477, -61.97718",S/D,,VENADO TUERTO,General López,S/D,S/D,VIII,S/D,S/D,S/D,S/D,S/D,S/D,S/D,S/D,S/D,S/D,S/D,S/D,S/D,S/D,S/D,S/D
2018,10426,2018-11-07,Miercoles,0,15:45:00,Ruta Nacional 8,0.0,2,"Automóvil,Moto/Ciclomotor",Los Teros ,2,1,0,0,1,0,0,"-33.71486, -62.00539",Ruta,8,VENADO TUERTO,General López,S/D,S/D,VIII,S/D,S/D,S/D,S/D,S/D,S/D,S/D,S/D,S/D,S/D,S/D,S/D,S/D,S/D,S/D,S/D
2018,10427,2018-11-07,Miercoles,0,,Ruta Nacional 168,0.0,2,"Moto/Ciclomotor,Moto/Ciclomotor", ,3,3,0,0,0,0,0,"-31.64193, -60.66917",Ruta,168,SANTA FE,La Capital,S/D,S/D,I,S/D,S/D,S/D,S/D,S/D,S/D,Reducida,S/D,S/D,S/D,S/D,S/D,S/D,S/D,S/D,S/D
2018,10428,2018-12-03,Lunes,0,21:00:00,Autopista Nacional A008,0.0,2,"Moto/Ciclomotor,Automóvil",Av. Circunvalacion Y Av. Jorge Newbery,4,3,0,0,1,0,0,"-32.908420, -60.724342",Autopista,A008,ROSARIO,Rosario,Asfalto,Pavimento,II,Dentro,Urbana,Ninguna,No existe,Recta,Bueno,Buena,Diurna,Buen Tiempo,Lateral,S/D,Colisión,Ninguna,"Horizontal,Vertical",Línea divisoria pintada,Sin restricción
2018,10429,2018-12-06,Jueves,0,22:50:00,Autopista Nacional Rosario -Cordoba,0.0,2,"Moto/Ciclomotor,Automóvil",Av. Circunvalacion Y Av. Pellegrini,3,2,0,0,1,0,0,"-32.948807, -60.722770",Autopista,Rosario -Córdoba,ROSARIO,Rosario,Asfalto,No existe,II,Dentro,Urbana,Ninguna,No existe,Recta,Bueno,Buena,"Nocturna,Con luz artificial",Buen Tiempo,Lateral,S/D,Colisión,Ninguna,"Horizontal,Vertical","Guardarrail,Línea divisoria pintada",Sin restricción
2018,10430,2018-12-06,Jueves,0,16:20:00,Autopista Nacional A008,0.0,1,Automóvil,Av. Circunvalacion Y Velez Sarsfield,1,1,0,0,0,0,0,"-32.926338, -60.723433",Autopista,A008,ROSARIO,Rosario,Asfalto,No existe,II,Dentro,Urbana,Ninguna,No existe,Recta,Bueno,Buena,Diurna,Buen Tiempo,S/D,S/D,Vuelco,Ninguna,Horizontal,"Barrera de alto impacto,Línea divisoria pintada",Sin restricción
2018,10431,2018-11-21,Miercoles,0,08:25:00,,0.0,2,"Moto/Ciclomotor,Taxi/Remis",Av Pte Peron Y Padre Catena,2,1,0,0,0,0,1,"-31.62994, -60.71796",Calle,,SANTA FE,La Capital,Asfalto,No existe,I,Dentro,Urbana,Otra Señal,No existe,Intersección,Bueno,Buena,Diurna,Buen Tiempo,Lateral,S/D,Colisión,S/D,Faltante,"Cordón divisorio,Vegetación",Sin restricción
2018,10432,2018-11-21,Miercoles,0,13:15:00,,0.0,2,"Automóvil,Moto/Ciclomotor",4 de Enero Y Pje Irala,3,2,0,0,1,0,0,"-31.63046, -60.70741",Calle,,SANTA FE,La Capital,Asfalto,No existe,I,Dentro,Urbana,Ninguna,No existe,Intersección,Bueno,Buena,Diurna,Buen Tiempo,Lateral,S/D,Colisión,Ninguna,Faltante,Línea divisoria pintada,Sin restricción
2018,10433,2018-11-23,Viernes,0,16:00:00,,0.0,2,"Pickup/Utilitario,Moto/Ciclomotor",Av Pte Peron Y Bv Pellegrini,3,2,0,0,1,0,0,"-31.63265, -60.71735",Avenida,,SANTA FE,La Capital,Asfalto,No existe,I,Dentro,Urbana,Semáforo,Funciona,Intersección,Bueno,Buena,Diurna,Buen Tiempo,Lateral,S/D,Colisión,S/D,"Horizontal,Vertical","Cordón divisorio,Vegetación",Sin restricción
2018,10434,2018-11-08,Jueves,0,,,0.0,2,"Moto/Ciclomotor,Automóvil",Calle 31-Newbery Y Calle 6-Ituzaingo,2,1,0,0,1,0,0,"-29.15359, -59.63979",S/D,,RECONQUISTA,General Obligado,S/D,S/D,IX,S/D,S/D,S/D,S/D,S/D,S/D,S/D,S/D,S/D,S/D,S/D,S/D,S/D,S/D,S/D,S/D
2018,10435,2018-11-08,Jueves,0,17:15:00,,0.0,2,"Automóvil,Automóvil",Calle 50 Y Calle 35-Espa?a,2,1,0,0,1,0,0,"-29.15275, -59.6677",S/D,,RECONQUISTA,General Obligado,S/D,S/D,IX,S/D,S/D,S/D,S/D,S/D,S/D,S/D,S/D,S/D,S/D,S/D,S/D,S/D,S/D,S/D,S/D
2018,10436,2018-11-08,Jueves,0,08:20:00,,0.0,2,"Automóvil,Moto/Ciclomotor",Guemes Y San Luis,2,1,0,0,1,0,0,"-33.74634, -61.94743",S/D,,VENADO TUERTO,General López,S/D,S/D,VIII,S/D,S/D,S/D,S/D,S/D,S/D,S/D,S/D,S/D,S/D,S/D,S/D,S/D,S/D,S/D,S/D
2018,10437,2018-11-08,Jueves,0,09:20:00,,0.0,2,"Automóvil,Peatón",Gral Jose de San Martin Y Bartolome Mitre,2,1,0,0,1,0,0,"-33.7487, -61.9632",S/D,,VENADO TUERTO,General López,S/D,S/D,VIII,S/D,S/D,S/D,S/D,S/D,S/D,S/D,S/D,S/D,S/D,Peatón,Atropello,S/D,S/D,S/D,S/D
2018,10438,2018-11-08,Jueves,0,09:30:00,,0.0,2,"Pickup/Utilitario,Moto/Ciclomotor",Domingo Faustino Sarmiento Y 3 de Febrero,2,1,0,0,1,0,0,"-33.75706, -61.96347",S/D,,VENADO TUERTO,General López,S/D,S/D,VIII,S/D,S/D,S/D,S/D,S/D,S/D,S/D,S/D,S/D,S/D,S/D,S/D,S/D,S/D,S/D,S/D
2018,10439,2018-12-21,Viernes,0,12:50:00,,0.0,2,"Automóvil,Moto/Ciclomotor",Av. Alberdi Bis Y French,5,0,1,0,1,0,3,"-32.920838, -60.681182",Calle,,ROSARIO,Rosario,Asfalto,No existe,II,Dentro,Urbana,Semáforo,Funciona,Intersección,Bueno,Buena,Diurna,Buen Tiempo,Lateral,S/D,Colisión,Ninguna,"Horizontal,Vertical",Línea divisoria pintada,Sin restricción
2018,10440,2018-12-20,Jueves,0,22:00:00,,0.0,2,"Moto/Ciclomotor,Peatón",Av. Alberdi Bis Y Del Valle Iberlucea,2,0,1,0,1,0,0,"-32.918740, -60.682807",Avenida,,ROSARIO,Rosario,Asfalto,No existe,II,Dentro,Urbana,Ninguna,No existe,Intersección,Bueno,Buena,Nocturna,Buen Tiempo,S/D,Peatón,Atropello,Ninguna,Faltante,Línea divisoria pintada,Sin restricción
2018,10441,2018-11-22,Jueves,0,02:10:00,Autopista Nacional Gral. Juan Jose Valle,28.0,2,"Camión c / Semirremolque,Camión c / Semirremolque", ,2,1,0,0,1,0,0,"-33.19938, -60.49621",Autopista,Gral. Juan José Valle,FIGHIERA,Rosario,Asfalto,Natural,II,Dentro,Rural,S/D,No existe,Recta,Bueno,S/D,Nocturna,S/D,S/D,S/D,Colisión,S/D,S/D,S/D,Sin restricción
2018,10442,2018-12-02,Domingo,0,13:25:00,,0.0,3,"Automóvil,Automóvil,Otros",Av. Avellaneda B Y French,4,2,0,0,1,0,1,"-32.920667, -60.674520",Avenida,,ROSARIO,Rosario,Asfalto,No existe,II,Dentro,Urbana,Señal Pare,Funciona,Intersección,Bueno,Buena,Diurna,Buen Tiempo,Múltiple,S/D,Colisión,Ninguna,Vertical,Cordón divisorio,Sin restricción
2018,10443,2018-12-03,Lunes,0,01:45:00,,0.0,2,"Vehículo Oficial,Moto/Ciclomotor",Av. Avellaneda B Y Av. Genova,4,1,1,0,2,0,0,"-32.914948, -60.672974",Avenida,,ROSARIO,Rosario,Hormigón,No existe,II,Dentro,Urbana,Semáforo,Intermitente,Intersección,Bueno,Buena,Nocturna,Buen Tiempo,Frontal,S/D,Colisión,Ninguna,"Horizontal,Vertical",Cordón divisorio,Sin restricción
2018,10444,2018-12-01,Sabado,0,15:45:00,,0.0,2,"Automóvil,Moto/Ciclomotor",Echeverria Bis Y Pje. Corvalan,3,1,1,0,1,0,0,"-32.924052, -60.672179",Calle,,ROSARIO,Rosario,Asfalto,No existe,II,Dentro,Urbana,Ninguna,No existe,Recta,Bueno,Buena,Diurna,Buen Tiempo,Lateral,S/D,Colisión,Ninguna,Faltante,Ninguna,Sin restricción
2018,10445,2018-12-08,Sabado,0,12:30:00,Autopista Nacional A008,0.0,2,"Moto/Ciclomotor,Automóvil",Av. Circunvalacion Y J.M.Gutierrez,3,2,0,0,1,0,0,"-32.993280, -60.619452",Autopista,A008,ROSARIO,Rosario,Asfalto,Pavimento,II,Dentro,Urbana,Ninguna,No existe,Recta,Bueno,Buena,Diurna,Buen Tiempo,Lateral,S/D,Colisión,Ninguna,Horizontal,"Guardarrail,Barrera de alto impacto,Línea divisoria pintada",Sin restricción
2018,10446,2018-12-10,Lunes,0,18:00:00,Autopista Nacional A008,0.0,1,Moto/Ciclomotor,Av de Circunvalacion Y Cordoba,2,1,1,0,0,0,0,"-33.011944, -60.618131",Autopista,A008,VILLA GOBERNADOR GÁLVEZ,Rosario,Asfalto,No existe,II,Dentro,Urbana,Ninguna,No existe,Intersección,Bueno,Buena,Atardecer,Buen Tiempo,S/D,S/D,Explosión,Ninguna,Horizontal,"Guardarrail,Cordón divisorio,Línea divisoria pintada",Sin restricción
2018,10447,2018-12-04,Martes,0,14:30:00,,0.0,2,"Automóvil,Moto/Ciclomotor",J.C.Paz 800,2,1,0,0,1,0,0,"-32.906921, -60.685976",Calle,,ROSARIO,Rosario,Hormigón,No existe,II,Dentro,Urbana,Ninguna,No existe,Recta,Bueno,Buena,Diurna,Buen Tiempo,S/D,S/D,Colisión,Ninguna,Faltante,Ninguna,Sin restricción
2018,10448,2018-12-28,Viernes,0,14:30:00,,0.0,2,"Automóvil,Automóvil",Bv. Avellaneda Y Av. Uriburu,2,1,0,0,1,0,0,"-32.991980, -60.688714",Avenida,,ROSARIO,Rosario,Asfalto,No existe,II,Dentro,Urbana,Semáforo,Funciona,Intersección,Bueno,Buena,Diurna,Buen Tiempo,De alcance,S/D,Colisión,Ninguna,"Horizontal,Vertical",Cordón divisorio,Sin restricción
2018,10449,2018-12-20,Jueves,0,19:10:00,,0.0,2,"Automóvil,Moto/Ciclomotor",J.M.de Rosas 7400,7,1,1,0,5,0,0,"-32.990417, -60.642004",Calle,,ROSARIO,Rosario,Asfalto,No existe,II,Dentro,Urbana,Paso Peatonal,No existe,Recta,Bueno,Buena,Atardecer,Buen Tiempo,Frontal,S/D,Colisión,Ninguna,"Horizontal,Vertical","Cordón divisorio,Línea divisoria pintada",Sin restricción
2018,10450,2018-12-21,Viernes,0,15:50:00,,0.0,1,Moto/Ciclomotor,Bv. Segui Y Barra,1,1,0,0,0,0,0,"-32.970836, -60.705620",Avenida,,ROSARIO,Rosario,Asfalto,No existe,II,Dentro,Urbana,Paso Peatonal,No existe,Recta,Bueno,Buena,Diurna,Buen Tiempo,S/D,S/D,Caída ocupante,Ninguna,Horizontal,"Cordón divisorio,Línea divisoria pintada",Sin restricción
2018,10451,2018-12-18,Martes,0,21:30:00,,0.0,2,"Pickup/Utilitario,Moto/Ciclomotor",Av. Pte.Peron Y Liniers,3,0,1,0,2,0,0,"-32.961152, -60.697751",Avenida,,ROSARIO,Rosario,Asfalto,No existe,II,Dentro,Urbana,Semáforo,Funciona,Recta,Bueno,Buena,"Nocturna,Con luz artificial",Buen Tiempo,S/D,S/D,Colisión,Ninguna,"Horizontal,Vertical",Cordón divisorio,Sin restricción
2018,10452,2018-12-12,Miercoles,0,07:10:00,,0.0,2,"Pickup/Utilitario,Moto/Ciclomotor",J.M.de Rosas Y Av. Uriburu,2,1,0,0,1,0,0,"-32.990460, -60.642012",Avenida,,ROSARIO,Rosario,Asfalto,No existe,II,Dentro,Urbana,Paso Peatonal,No existe,Recta,Bueno,Buena,Diurna,Buen Tiempo,S/D,S/D,Colisión,Ninguna,"Horizontal,Vertical","Cordón divisorio,Línea divisoria pintada",Sin restricción
2018,10453,2018-11-17,Sabado,0,07:15:00,,0.0,2,"Moto/Ciclomotor,Pickup/Utilitario",Av A del Valle Y J M Zuviria,2,1,0,0,1,0,0,"-31.6173, -60.69777",Avenida,,SANTA FE,La Capital,Asfalto,No existe,I,Dentro,Urbana,Semáforo,Funciona,Intersección,Bueno,Buena,Diurna,Buen Tiempo,Lateral,S/D,Colisión,S/D,S/D,Ninguna,Sin restricción
2018,10454,2018-11-21,Miercoles,0,06:40:00,,0.0,2,"Moto/Ciclomotor,Automóvil",Regis Martinez Y San Jeronimo,2,1,0,0,1,0,0,"-31.61884, -60.69983",Calle,,SANTA FE,La Capital,Asfalto,No existe,I,S/D,Urbana,Señal Ceda el Paso,No existe,Intersección,Bueno,Buena,Diurna,Buen Tiempo,Lateral,S/D,Colisión,S/D,Faltante,Ninguna,Sin restricción
2018,10455,2018-11-18,Domingo,0,,,0.0,1,Moto/Ciclomotor,Av A del Valle ,1,1,0,0,0,0,0,"-31.60025, -60.69187",Calle,,SANTA FE,La Capital,Asfalto,No existe,I,S/D,Urbana,S/D,Funciona,Intersección,S/D,S/D,S/D,S/D,Contra objeto fijo,S/D,Colisión,S/D,S/D,S/D,Sin restricción
2018,10456,2018-12-02,Domingo,0,10:00:00,,0.0,2,"Moto/Ciclomotor,Pickup/Utilitario",ALBERT SABIN  Y DON ORIONE ,2,0,1,0,1,0,0,"-32.923114, -60.684627",Avenida,,ROSARIO,Rosario,Asfalto,No existe,II,Dentro,Urbana,Semáforo,Funciona,Intersección,Bueno,Buena,Diurna,Buen Tiempo,De alcance,S/D,Colisión,Ninguna,"Horizontal,Vertical",Cordón divisorio,Sin restricción
2018,10457,2018-11-18,Domingo,0,17:00:00,Ruta Nacional 9,319.0,2,"Automóvil,Moto/Ciclomotor", ,5,3,0,0,2,0,0,"-32.92239, -60.80603",Ruta,9,FUNES,Rosario,Asfalto,S/D,II,S/D,Urbana,Ninguna,S/D,Intersección,S/D,S/D,Diurna,S/D,De alcance,S/D,Colisión,S/D,S/D,S/D,Sin restricción