anio_acci,nro_acci,fecha,desc_dia,fecha_aprox,hora_aprox,desc_ruta,km,cant_participantes,desc_participante,calle_avenida_km,total,heridos_leves,heridos_graves,heridos_gravisimos,ilesos,fallecidos,sin_datos,posicion_XY,desc_tipo_via,desc_ruta_ori,desc_loc,desc_dpto,desc_tipo_calzada,desc_tipo_banquina,desc_unidad_regional,desc_lugar_calzada,desc_zona,desc_prioridad,desc_estado_semaforo,desc_lugar_via,desc_estado_via,desc_estado_visibilidad,desc_luminosidad,desc_estado_clima,desc_tipo_colision,desc_tipo_atropello,desc_tipo_hecho,desc_pres_calzada,desc_senializacion,desc_separacion_via,desc_restriccion
2018,10458,2018-12-06,Jueves,0,13:25:00,,0.0,2,"Moto/Ciclomotor,Automóvil",Pje. Polonia Y Florida,2,1,0,0,1,0,0,"-32.926229, -60.683296",Calle,,ROSARIO,Rosario,Asfalto,No existe,II,Dentro,Urbana,Ninguna,No existe,Recta,Bueno,Buena,Diurna,Buen Tiempo,Lateral,S/D,Colisión,Ninguna,Faltante,Ninguna,Sin restricción
2018,10459,2018-11-18,Domingo,0,00:15:00,Ruta Nacional 9,319.0,2,"Pickup/Utilitario,Moto/Ciclomotor",Candelaria Y Ruta Nacional 9,2,1,0,0,1,0,0,"-32.92105, -60.81346",Ruta,9,FUNES,Rosario,Asfalto,Ripio,II,Dentro,Urbana,S/D,No existe,Intersección,Bueno,Buena,"Nocturna,Con luz artificial",Buen Tiempo,S/D,S/D,Colisión,Ninguna,S/D,S/D,Sin restricción
2018,10460,2018-12-12,Miercoles,0,16:40:00,,0.0,2,"Moto/Ciclomotor,Automóvil",Albert Sabin Y Casilda,2,1,0,0,1,0,0,"-32.928196, -60.678036",Avenida,,ROSARIO,Rosario,Asfalto,No existe,II,Dentro,Urbana,Semáforo,Funciona,Recta,Bueno,Buena,Diurna,Buen Tiempo,De alcance,S/D,Colisión,Ninguna,Vertical,Ninguna,Sin restricción
2018,10461,2018-11-20,Martes,0,17:10:00,,0.0,2,"Automóvil,Peatón",Mitre 2000,2,0,1,0,1,0,0,"-32.92273, -60.80072",Calle,,FUNES,Rosario,Asfalto,No existe,II,Dentro,Urbana,S/D,S/D,Recta,Bueno,Buena,Diurna,Buen Tiempo,S/D,S/D,Colisión,Ninguna,S/D,S/D,Sin restricción
2018,10462,2018-11-17,Sabado,0,11:20:00,,0.0,2,"Pickup/Utilitario,Moto/Ciclomotor",Lamadrid Y Pje Falucho,2,1,0,0,1,0,0,"-31.64321, -60.72781",Calle,,SANTA FE,La Capital,Asfalto,Pavimento,I,Dentro,Urbana,Ninguna,Funciona,Recta,Bueno,Buena,Diurna,Buen Tiempo,Otro,S/D,Colisión,Ninguna,Vertical,Ninguna,Sin restricción
2018,10463,2018-11-21,Miercoles,0,,,0.0,2,"Automóvil,Moto/Ciclomotor",Av Lopez y Planes Y Candido Pujato,2,1,0,0,1,0,0,"-31.63155, -60.71393",Calle,,SANTA FE,La Capital,Asfalto,Pavimento,I,Dentro,Urbana,Ninguna,Funciona,Recta,Bueno,Buena,S/D,Buen Tiempo,Otro,S/D,Colisión,Ninguna,Vertical,Ninguna,Sin restricción
2018,10464,2018-11-23,Viernes,0,07:30:00,,0.0,2,"Moto/Ciclomotor,Automóvil",Av Pte Peron Y Santiago del Estero,2,1,0,0,1,0,0,"-31.63477, -60.71797",Calle,,SANTA FE,La Capital,Asfalto,Pavimento,I,Dentro,Urbana,Ninguna,Funciona,Recta,Bueno,Buena,Diurna,Buen Tiempo,Otro,S/D,Colisión,Ninguna,Vertical,Ninguna,Sin restricción
2018,10465,2018-11-24,Sabado,0,,,0.0,3,"Bicicleta,Bicicleta,Automóvil", ,3,2,0,0,1,0,0,"-33.2453, -61.35698",S/D,,CHABAS,Caseros,S/D,S/D,IV,S/D,S/D,S/D,S/D,S/D,S/D,S/D,S/D,S/D,S/D,Ciclista,Atropello,S/D,S/D,S/D,S/D
2018,10466,2018-11-23,Viernes,0,15:30:00,,0.0,2,"Automóvil,Automóvil",Tucuman Y Dr Zavalla,2,0,0,0,0,0,2,"-31.64365, -60.71944",Calle,,SANTA FE,La Capital,Asfalto,Pavimento,I,Dentro,Urbana,Ninguna,Funciona,Recta,Bueno,Buena,Diurna,Buen Tiempo,Otro,S/D,Colisión,Ninguna,Vertical,Ninguna,Sin restricción
2018,10467,2018-11-17,Sabado,0,06:10:00,,0.0,2,"Automóvil,Moto/Ciclomotor",Bv GÁLVEZ 1200,2,1,0,0,1,0,0,"-31.63876, -60.68805",Avenida,,SANTA FE,La Capital,Asfalto,No existe,I,Dentro,Urbana,Ninguna,Funciona,Recta,Bueno,S/D,Amanecer,Buen Tiempo,Lateral,S/D,Colisión,S/D,S/D,S/D,S/D
2018,10468,2018-11-24,Sabado,0,,,0.0,2,"Moto/Ciclomotor,Automóvil", ,4,0,0,0,0,0,4,"-31.979585724383,-60.933842642327",S/D,,CORONDA,San Jerónimo,S/D,S/D,XV,S/D,S/D,S/D,S/D,S/D,S/D,S/D,S/D,S/D,De alcance,S/D,Colisión,S/D,S/D,S/D,S/D
2018,10469,2018-12-01,Sabado,0,00:40:00,,0.0,2,"Automóvil,Moto/Ciclomotor",Tte. roca Y Tucuman,6,2,0,0,1,0,3,"-32.742077831385,-60.73933108118",Calle,,SAN LORENZO,San Lorenzo,Asfalto,No existe,XVII,Dentro,Urbana,Ninguna,No existe,Intersección,Otro,S/D,Nocturna,S/D,S/D,S/D,Colisión,Otro,Faltante,Ninguna,Sin restricción
2018,10470,2018-12-01,Sabado,0,20:30:00,Ruta Nacional A012,0.0,2,"Moto/Ciclomotor,Pickup/Utilitario", ,2,0,0,0,1,0,1,"-32.76494, -60.75205",Ruta,A012,SAN LORENZO,San Lorenzo,Asfalto,Natural,XVII,Dentro,Rural,Ninguna,No existe,Recta,S/D,S/D,Nocturna,S/D,S/D,S/D,Colisión,S/D,Faltante,Vegetación,Sin restricción
2018,10471,2018-12-05,Miercoles,0,08:50:00,,0.0,2,"Automóvil,Moto/Ciclomotor",San Carlos Y Buenos aires,2,1,0,0,1,0,0,"-32.756966421096,-60.732880740842",Calle,,SAN LORENZO,San Lorenzo,Asfalto,No existe,XVII,Dentro,Urbana,Ninguna,No existe,Intersección,S/D,S/D,Diurna,S/D,S/D,S/D,Colisión,S/D,Faltante,Ninguna,Sin restricción
2018,10472,2018-12-07,Viernes,0,08:30:00,,0.0,2,"Automóvil,Moto/Ciclomotor",Neuquen Y Congreso,2,1,0,0,1,0,0,"-32.76268041331,-60.735643498513",Calle,,SAN LORENZO,San Lorenzo,Asfalto,No existe,XVII,Dentro,Urbana,Ninguna,No existe,Intersección,S/D,S/D,Diurna,S/D,S/D,S/D,Colisión,S/D,Faltante,Ninguna,Sin restricción
2018,10473,2018-12-07,Viernes,0,09:15:00,Ruta Nacional 11,0.0,2,"Automóvil,Moto/Ciclomotor",Avda del Combate Y Av San Martin,2,1,0,0,0,0,1,"-32.744899414342,-60.734078281028",Ruta,11,SAN LORENZO,San Lorenzo,Asfalto,No existe,XVII,Dentro,Urbana,Semáforo,Funciona,Intersección,S/D,S/D,Diurna,S/D,S/D,S/D,Colisión,S/D,"Horizontal,Vertical",Cordón divisorio,S/D
2018,10474,2018-12-12,Miercoles,0,18:30:00,,0.0,2,"Bicicleta,Automóvil",Tte. roca Y Jose Ingenieros,2,1,0,0,0,0,1,"-32.740013298128,-60.739276690555",Calle,,SAN LORENZO,San Lorenzo,Asfalto,No existe,XVII,Dentro,Urbana,Ninguna,No existe,Intersección,S/D,S/D,Diurna,S/D,S/D,Ciclista,Atropello,S/D,Faltante,Ninguna,Sin restricción
2018,10475,2018-12-14,Viernes,0,23:25:00,,0.0,1,Moto/Ciclomotor,Luis Braille Y Urquiza,1,1,0,0,0,0,0,"-32.747522316806,-60.743425270707",Calle,,SAN LORENZO,San Lorenzo,Asfalto,No existe,XVII,Dentro,Urbana,Ninguna,No existe,Intersección,S/D,S/D,Nocturna,S/D,S/D,S/D,Caída ocupante,S/D,Faltante,Ninguna,Sin restricción
2018,10476,2018-12-15,Sabado,0,06:10:00,Ruta Nacional 11,0.0,2,"Automóvil,Moto/Ciclomotor",Av San Martin Y Julian Cervera,5,1,0,0,0,0,4,"-32.760974294736,-60.732897566059",Ruta,11,SAN LORENZO,San Lorenzo,Asfalto,No existe,XVII,Dentro,Urbana,Ninguna,No existe,Rotonda,S/D,S/D,Diurna,S/D,S/D,S/D,Colisión,S/D,Faltante,Cordón divisorio,Sin restricción
2018,10477,2018-12-15,Sabado,0,21:25:00,,0.0,2,"Taxi/Remis,Automóvil",Jose Rucci Y San Juan,5,1,0,0,0,0,4,"-32.751488492033,-60.745149467763",Calle,,SAN LORENZO,San Lorenzo,Asfalto,No existe,XVII,Dentro,Urbana,Ninguna,No existe,Intersección,S/D,S/D,Nocturna,S/D,S/D,S/D,Colisión,S/D,Faltante,Ninguna,Sin restricción
2018,10478,2018-12-27,Jueves,0,21:20:00,,0.0,1,Moto/Ciclomotor,Congreso Y Ayohuma,1,1,0,0,0,0,0,"-32.761699925176,-60.740603053725",Calle,,SAN LORENZO,San Lorenzo,Asfalto,No existe,XVII,Dentro,Urbana,Ninguna,No existe,Intersección,S/D,S/D,Nocturna,S/D,S/D,S/D,Caída ocupante,S/D,Faltante,Ninguna,Sin restricción
2018,10479,2018-12-27,Jueves,0,11:45:00,,0.0,1,Moto/Ciclomotor,Ayohuma 589,3,1,0,0,0,0,2,"-32.761072647065,-60.740444363463",Calle,,SAN LORENZO,San Lorenzo,Asfalto,No existe,XVII,Dentro,Urbana,Ninguna,No existe,Recta,S/D,S/D,Diurna,S/D,S/D,S/D,Caída ocupante,S/D,Faltante,Ninguna,Sin restricción
2018,10480,2018-11-20,Martes,0,18:00:00,,0.0,2,"Taxi/Remis,Automóvil",1ro de Mayo Y Av Gral Lopez,2,1,0,0,1,0,0,"-31.65641, -60.71354",Avenida,,SANTA FE,La Capital,Asfalto,No existe,I,Dentro,Urbana,Ninguna,No existe,Intersección,Bueno,Buena,Nocturna,Otro,Frontal,S/D,Colisión,Ninguna,Vertical,Ninguna,Sin restricción
2018,10481,2018-11-23,Viernes,0,11:40:00,,0.0,2,"Pickup/Utilitario,Moto/Ciclomotor",Av Gral Lopez Y Av Urquiza,2,1,0,0,1,0,0,"-31.65593, -60.71616",Avenida,,SANTA FE,La Capital,Asfalto,No existe,I,Dentro,Urbana,Ninguna,Funciona,Intersección,Bueno,Buena,Diurna,Buen Tiempo,Frontal,S/D,Colisión,Ninguna,Vertical,Ninguna,Sin restricción
2018,10482,2018-11-19,Lunes,0,16:00:00,Ruta Secundaria 20-s,1.0,1,Moto/Ciclomotor, ,2,2,0,0,0,0,0,"-33.10047, -60.78813",Ruta,20-s,PIÑERO,Rosario,Asfalto,Natural,II,Dentro,Rural,S/D,No existe,Recta,Bueno,Buena,Atardecer,Buen Tiempo,S/D,S/D,"Caída ocupante,Despiste",Ninguna,S/D,Línea divisoria pintada,Sin restricción
2018,10483,2018-11-24,Sabado,0,,,0.0,1,Moto/Ciclomotor,Av Blas Parera Y Estanislao Zeballos,1,1,0,0,0,0,0,"-31.59953, -60.72184",Calle,,SANTA FE,La Capital,S/D,S/D,I,S/D,Urbana,S/D,S/D,Intersección,S/D,S/D,S/D,S/D,S/D,S/D,Despiste,S/D,Faltante,S/D,S/D
2018,10484,2018-11-25,Domingo,0,17:45:00,,0.0,2,"Peatón,Moto/Ciclomotor",F.More 3800,2,0,1,0,1,0,0,"-32.9729, -60.69253",Calle,,ROSARIO,Rosario,S/D,S/D,II,S/D,Urbana,S/D,S/D,S/D,S/D,S/D,Atardecer,S/D,S/D,Peatón,Atropello,S/D,S/D,S/D,S/D
2018,10485,2018-11-20,Martes,0,07:05:00,Ruta Provincial 18,0.0,2,"Moto/Ciclomotor,Automóvil",RUTA A012 Y RUTA 18,3,2,0,0,1,0,0,"-33.08966, -60.69994",Ruta,18,PIÑERO,Rosario,Asfalto,Natural,II,Dentro,Rural,Semáforo,S/D,Intersección,Bueno,S/D,Diurna,Buen Tiempo,Lateral,S/D,Colisión,S/D,"Horizontal,Vertical",S/D,Sin restricción
2018,10486,2018-11-25,Domingo,0,19:10:00,,0.0,1,Moto/Ciclomotor,Liniers Y Ituzaingo,2,0,1,0,1,0,0,"-32.95178, -60.69811",Calle,,ROSARIO,Rosario,S/D,S/D,II,S/D,Urbana,S/D,S/D,Intersección,S/D,S/D,Nocturna,S/D,S/D,S/D,Caída ocupante,S/D,S/D,S/D,S/D
2018,10487,2018-11-25,Domingo,0,19:10:00,,0.0,2,"Automóvil,Moto/Ciclomotor",Barra Y Pje. Asuncion,2,0,1,0,1,0,0,"-32.95477, -60.70625",Calle,,ROSARIO,Rosario,S/D,S/D,II,S/D,Urbana,S/D,S/D,Intersección,S/D,S/D,Nocturna,S/D,S/D,S/D,Colisión,S/D,S/D,S/D,S/D
2018,10488,2018-11-25,Domingo,0,11:15:00,,0.0,2,"Moto/Ciclomotor,Automóvil",Av. Arijon Y Serrano,2,1,0,0,1,0,0,"-33.00247, -60.63176",Calle,,ROSARIO,Rosario,S/D,S/D,II,S/D,Urbana,S/D,S/D,Intersección,S/D,S/D,Diurna,S/D,S/D,S/D,Colisión,S/D,S/D,S/D,S/D
2018,10489,2018-11-18,Domingo,0,19:00:00,Autopista Provincial Brigadier E.López,80.0,1,Automóvil, ,2,0,2,0,0,0,0,"-32.23701, -60.99545",Autopista,Brigadier E.López,BARRANCAS,San Jerónimo,Asfalto,Natural,XV,Fuera,Rural,Ninguna,No existe,Recta,S/D,S/D,Atardecer,S/D,S/D,S/D,Vuelco,S/D,S/D,Vegetación,Sin restricción
2018,10490,2018-11-25,Domingo,0,,,0.0,3,"Bicicleta,Moto/Ciclomotor,Moto/Ciclomotor", ,3,0,0,0,0,0,3,"-31.44839, -60.93034",S/D,,ESPERANZA,Las Colonias,S/D,S/D,XI,S/D,S/D,S/D,S/D,S/D,S/D,S/D,S/D,S/D,S/D,Ciclista,Atropello,S/D,S/D,S/D,S/D
2018,10491,2018-11-25,Domingo,0,,,0.0,2,"Moto/Ciclomotor,Automóvil",Rivadavia Y Garay,2,1,0,0,1,0,0,"-31.891153603034,-61.856260899778",Calle,,SAN JORGE,San Martín,S/D,S/D,XVIII,S/D,S/D,S/D,S/D,Intersección,S/D,S/D,S/D,S/D,S/D,S/D,Colisión,S/D,S/D,S/D,S/D
2018,10492,2018-11-25,Domingo,1,,,0.0,1,Moto/Ciclomotor,Lavaisse Y Las Heras,1,1,0,0,0,0,0,"-31.61396, -60.69087",Calle,,SANTA FE,La Capital,S/D,S/D,I,S/D,Urbana,S/D,S/D,Intersección,S/D,S/D,S/D,S/D,Atropello animal,S/D,Atropello,S/D,S/D,S/D,S/D
2018,10493,2018-11-26,Lunes,0,19:00:00,,0.0,2,"Moto/Ciclomotor,Automóvil",Boulevard Lisandro de la Torre Y Maipu,2,1,0,0,0,0,1,"-33.05239, -61.1789",Calle,,CASILDA,Caseros,S/D,S/D,IV,S/D,Urbana,S/D,S/D,Intersección,S/D,S/D,Atardecer,S/D,S/D,S/D,Colisión,S/D,S/D,S/D,S/D
2018,10494,2018-11-26,Lunes,0,,,0.0,1,Moto/Ciclomotor,Mills Enrique ,2,2,0,0,0,0,0,"-32.03168, -61.19845",Calle,,GÁLVEZ,San Jerónimo,S/D,S/D,XV,S/D,Rural,S/D,S/D,S/D,S/D,S/D,S/D,S/D,S/D,S/D,Caída ocupante,S/D,S/D,S/D,S/D
2018,10495,2018-11-26,Lunes,0,,,0.0,1,Moto/Ciclomotor,Mills Enrique Y Avda. Jorge Newbery,1,1,0,0,0,0,0,"-32.03665, -61.19968",Calle,,GÁLVEZ,San Jerónimo,S/D,S/D,XV,S/D,Urbana,S/D,S/D,Intersección,S/D,S/D,S/D,S/D,S/D,S/D,Caída ocupante,S/D,S/D,S/D,S/D
2018,10496,2018-11-26,Lunes,0,,,0.0,2,"Bicicleta,Moto/Ciclomotor",Av Roque Saenz Pe?a 1400,2,0,0,0,0,0,2,"-32.36881, -61.35345",Calle,,SAN GENARO,San Jerónimo,S/D,S/D,XV,S/D,Urbana,S/D,S/D,S/D,S/D,S/D,S/D,S/D,S/D,Ciclista,Atropello,S/D,S/D,S/D,S/D
2018,10497,2018-11-27,Martes,0,00:15:00,,0.0,2,"Moto/Ciclomotor,Automóvil",J.J.Paso Y Chaco Bis,2,1,0,0,1,0,0,"-32.91966, -60.69382",Calle,,ROSARIO,Rosario,S/D,S/D,II,S/D,Urbana,S/D,S/D,Intersección,S/D,S/D,Nocturna,S/D,S/D,S/D,Colisión,S/D,S/D,S/D,S/D
2018,10498,2018-11-28,Miercoles,0,12:00:00,Autopista Nacional A008,0.0,1,Automóvil,Av. Pellegrini Y Av. Circunvalacion,1,1,0,0,0,0,0,"-32.94882, -60.7219",Autopista,A008,ROSARIO,Rosario,S/D,S/D,II,S/D,Urbana,S/D,S/D,Intersección,S/D,S/D,S/D,S/D,S/D,S/D,Vuelco,S/D,S/D,S/D,S/D
2018,10499,2018-11-28,Miercoles,0,05:15:00,,0.0,1,Moto/Ciclomotor,Av. Pte.Peron Y Lima,1,1,0,0,0,0,0,"-32.95813, -60.68822",Calle,,ROSARIO,Rosario,S/D,S/D,II,S/D,Urbana,S/D,S/D,Intersección,S/D,S/D,Nocturna,S/D,S/D,S/D,Caída ocupante,S/D,S/D,S/D,S/D
2018,10500,2018-11-28,Miercoles,0,20:00:00,,0.0,2,"Automóvil,Peatón",Tarragona Y Av. Jorge Newbery,2,1,0,0,1,0,0,"-32.908527936307,-60.735431928476",Calle,,ROSARIO,Rosario,S/D,S/D,II,S/D,Urbana,S/D,S/D,Intersección,S/D,S/D,Nocturna,S/D,S/D,Peatón,Atropello,S/D,S/D,S/D,S/D
2018,10501,2018-11-29,Jueves,0,22:00:00,Ruta Nacional 19,6.0,2,"Automóvil,Camión c / Acoplado", ,2,1,0,0,1,0,0,"-31.65921, -60.84137",Ruta,19,SANTO TOMÉ,La Capital,S/D,S/D,I,S/D,S/D,S/D,S/D,Recta,S/D,S/D,Nocturna,S/D,De alcance,S/D,Colisión,S/D,S/D,S/D,S/D
2018,10502,2018-11-29,Jueves,0,19:30:00,Autopista Nacional A008,0.0,2,"Pickup/Utilitario,Pickup/Utilitario",Av. Circunvalacion Y Bv. Avellaneda,4,3,0,0,1,0,0,"-33.00071, -60.68935",Autopista,A008,ROSARIO,Rosario,S/D,S/D,II,S/D,Urbana,S/D,S/D,Intersección,S/D,S/D,Nocturna,S/D,De alcance,S/D,Colisión,S/D,S/D,S/D,S/D
2018,10503,2018-11-29,Jueves,0,,Ruta Nacional 95,187.0,1,Camión c / Acoplado, ,1,1,0,0,0,0,0,"-28.42561, -61.48273",Ruta,95,VILLA MINETTI,9 de Julio,S/D,S/D,XII,S/D,Rural,S/D,S/D,Recta,Deteriorada,S/D,S/D,S/D,S/D,S/D,Vuelco,Material Suelto,S/D,S/D,S/D
2018,10504,2018-06-18,Lunes,0,,,0.0,2,"Bicicleta,Pickup/Utilitario", ,2,1,0,0,0,0,1,"-32.45661, -60.88767",S/D,,MACIEL,San Jerónimo,S/D,S/D,XV,S/D,S/D,S/D,S/D,S/D,S/D,S/D,S/D,S/D,S/D,Ciclista,Atropello,S/D,S/D,S/D,S/D
2018,10505,2018-11-29,Jueves,0,,,0.0,3,"Automóvil,Pickup/Utilitario,Automóvil",Urquiza Y Zabala,3,0,0,0,2,0,1,"-31.93623, -61.04806",Calle,,LARRECHEA,San Jerónimo,S/D,S/D,XV,S/D,Urbana,S/D,S/D,Intersección,S/D,S/D,S/D,S/D,Contra objeto fijo,S/D,Colisión,S/D,S/D,S/D,S/D
2018,10506,2018-12-22,Sabado,0,,Ruta Nacional 11,0.0,1,Moto/Ciclomotor,Ruta Nac 11 Y Bv Oro?o,1,1,0,0,0,0,0,"-32.73389, -60.74249",Ruta,11,SAN LORENZO,San Lorenzo,Asfalto,No existe,XVII,Dentro,Urbana,Ninguna,No existe,Intersección,S/D,S/D,S/D,S/D,S/D,S/D,Caída ocupante,S/D,Faltante,Ninguna,S/D
2018,10507,2018-12-25,Martes,0,20:50:00,,0.0,2,"Automóvil,Automóvil",Urquiza 2100,4,1,0,0,0,0,3,"-32.747328959842,-60.751396220989",Calle,,SAN LORENZO,San Lorenzo,Asfalto,No existe,XVII,Dentro,Urbana,Ninguna,No existe,Recta,S/D,S/D,Nocturna,S/D,S/D,S/D,Colisión,S/D,Faltante,Ninguna,Sin restricción
2018,10508,2018-12-21,Viernes,0,18:46:00,,0.0,2,"Taxi/Remis,Moto/Ciclomotor",General Lopez Y Jose Ingenieros,3,2,0,0,1,0,0,"-32.74045, -60.73506",Calle,,SAN LORENZO,San Lorenzo,Asfalto,No existe,XVII,Dentro,Urbana,Ninguna,No existe,Intersección,S/D,S/D,Diurna,Otro,S/D,S/D,Colisión,S/D,Faltante,Ninguna,Sin restricción
2018,10509,2018-12-18,Martes,0,10:45:00,Ruta Nacional 11,0.0,2,"Moto/Ciclomotor,Automóvil",Av San Martin Y Belgrano,2,1,0,0,0,0,1,"-32.746756635381,-60.734120186834",Ruta,11,SAN LORENZO,San Lorenzo,Asfalto,No existe,XVII,Dentro,Urbana,Paso Peatonal,No existe,Intersección,S/D,S/D,Diurna,S/D,S/D,S/D,Colisión,S/D,Horizontal,Cordón divisorio,Sin restricción
2018,10510,2018-11-29,Jueves,0,12:00:00,,0.0,2,"Moto/Ciclomotor,Automóvil", ,5,4,0,0,1,0,0,"-29.26547, -60.17239",Calle,,EL TOBA,Vera,S/D,S/D,XIX,S/D,Urbana,S/D,S/D,S/D,S/D,S/D,Diurna,S/D,S/D,S/D,Colisión,S/D,S/D,S/D,S/D
2018,10511,2018-11-29,Jueves,0,,,0.0,2,"Pickup/Utilitario,Moto/Ciclomotor",L de la Torre Y Mitre B,3,0,1,0,2,0,0,"-29.464092850685134,-60.21520078182",Calle,,VERA,Vera,S/D,S/D,XIX,S/D,Urbana,S/D,S/D,Intersección,S/D,S/D,S/D,S/D,S/D,S/D,Colisión,S/D,S/D,S/D,S/D
2018,10512,2018-11-24,Sabado,0,18:30:00,Ruta Nacional 33,600.0,1,Automóvil, ,1,1,0,0,0,0,0,"-33.87683, -62.22551",Ruta,33,VENADO TUERTO,General López,S/D,S/D,VIII,S/D,Rural,S/D,S/D,Recta,S/D,S/D,Atardecer,S/D,S/D,S/D,Vuelco,S/D,S/D,S/D,S/D
2018,10513,2018-11-24,Sabado,0,05:05:00,,0.0,2,"Moto/Ciclomotor,Camión Chasis",Calle 25-Rivadavia Y Calle 6-Ituzaingo,2,0,1,0,0,0,1,"-29.15034, -59.63946",Calle,,RECONQUISTA,General Obligado,Hormigón,No existe,IX,S/D,Urbana,Ninguna,No existe,Recta,Bueno,Buena,Nocturna,Buen Tiempo,Lateral,S/D,Colisión,Ninguna,Horizontal,"Ninguna,S/D",Sin restricción
2018,10514,2018-11-26,Lunes,0,08:00:00,Ruta Nacional 9,273.0,1,Pickup/Utilitario, ,3,3,0,0,0,0,0,"-33.02669, -60.66366",Ruta,9,ROSARIO,Rosario,S/D,S/D,II,S/D,S/D,S/D,S/D,Recta,S/D,S/D,S/D,S/D,De alcance,S/D,Colisión,S/D,S/D,S/D,S/D
2018,10515,2018-11-26,Lunes,0,17:00:00,,0.0,1,Automóvil,Francisco Beltramino ,1,0,0,0,0,0,1,"-31.26889, -61.48104",Calle,,RAFAELA,Castellanos,S/D,S/D,V,S/D,Urbana,S/D,S/D,Intersección,S/D,S/D,Atardecer,S/D,S/D,S/D,Vuelco,S/D,S/D,S/D,S/D
2018,10516,2018-11-27,Martes,0,13:13:00,,0.0,1,Moto/Ciclomotor,Gral Manuel Belgrano Y Maipu,1,1,0,0,0,0,0,"-33.74665, -61.96632",Calle,,VENADO TUERTO,General López,S/D,S/D,VIII,S/D,Urbana,S/D,S/D,Intersección,S/D,S/D,Diurna,S/D,S/D,S/D,Caída ocupante,S/D,S/D,S/D,S/D
2018,10517,2018-11-27,Martes,0,14:00:00,,0.0,2,"Bicicleta,Pickup/Utilitario",Ayacucho Y Iturbide,2,1,0,0,1,0,0,"-33.763, -61.96234",Calle,,VENADO TUERTO,General López,S/D,S/D,VIII,S/D,Urbana,S/D,S/D,Intersección,S/D,S/D,Atardecer,S/D,S/D,Ciclista,Atropello,S/D,S/D,S/D,S/D
2018,10518,2018-12-19,Miercoles,0,23:30:00,,0.0,2,"Pickup/Utilitario,Moto/Ciclomotor",Irigoyen Y Moreno,2,1,0,0,1,0,0,"-32.752306444082,-60.736433183855",Calle,,SAN LORENZO,San Lorenzo,Asfalto,No existe,XVII,Dentro,Urbana,Ninguna,No existe,Intersección,S/D,S/D,Nocturna,S/D,S/D,S/D,Colisión,S/D,Faltante,Ninguna,Sin restricción
2018,10519,2018-12-18,Martes,0,18:20:00,Ruta Nacional 11,0.0,2,"Automóvil,Moto/Ciclomotor",N Pe?a Y Ruta Nac 11,2,0,0,0,0,0,2,"-32.772905626644,-60.729446598105",Ruta,11,SAN LORENZO,San Lorenzo,Asfalto,No existe,XVII,Dentro,Urbana,Semáforo,Funciona,Intersección,S/D,S/D,Diurna,S/D,S/D,S/D,Colisión,S/D,Vertical,Cordón divisorio,Sin restricción
2018,10520,2018-12-20,Jueves,0,04:00:00,Autopista Nacional A012,0.0,2,"Moto/Ciclomotor,Automóvil", ,3,0,0,0,0,0,3,"-32.7661, -60.74528",Autopista,A012,SAN LORENZO,San Lorenzo,Asfalto,Pavimento,XVII,Dentro,Urbana,S/D,S/D,Intersección,Otro,S/D,Nocturna,Otro,S/D,S/D,Colisión,S/D,S/D,Línea divisoria pintada,Sin restricción
2018,10521,2018-12-20,Jueves,0,,,0.0,2,"Pickup/Utilitario,Moto/Ciclomotor",3 de Febrero Y Morris W,3,1,0,0,0,0,2,"-32.743799526276,-60.744749370188",Calle,,SAN LORENZO,San Lorenzo,"Asfalto,Ripio",No existe,XVII,Dentro,Urbana,Ninguna,No existe,Intersección,S/D,S/D,S/D,S/D,S/D,S/D,Colisión,S/D,Faltante,Ninguna,Sin restricción
2018,10522,2018-12-20,Jueves,0,23:30:00,,0.0,2,"Pickup/Utilitario,Moto/Ciclomotor",Jujuy Y G Mistral,2,1,0,0,0,0,1,"-32.755518996639,-60.742872796178",Calle,,SAN LORENZO,San Lorenzo,Asfalto,No existe,XVII,Dentro,Urbana,Ninguna,No existe,Intersección,Otro,S/D,Nocturna,S/D,S/D,S/D,Colisión,S/D,Faltante,Ninguna,Sin restricción
2018,10523,2018-12-21,Viernes,0,13:15:00,,0.0,2,"Moto/Ciclomotor,Pickup/Utilitario",Av Carlos A Poucel Y Falucho,2,1,0,0,0,0,1,"-32.736937548371,-60.737917717371",Avenida,,SAN LORENZO,San Lorenzo,Asfalto,No existe,XVII,Dentro,Urbana,Ninguna,No existe,Intersección,S/D,S/D,Diurna,S/D,S/D,S/D,Colisión,S/D,Faltante,Ninguna,Sin restricción
2018,10524,2018-12-17,Lunes,0,21:50:00,Ruta Nacional 11,0.0,2,"Automóvil,Moto/Ciclomotor",Av San Martin Y Rivadavia,3,2,0,0,0,0,1,"-32.750511649446,-60.734204338831",Ruta,11,SAN LORENZO,San Lorenzo,Asfalto,No existe,XVII,Dentro,Urbana,Paso Peatonal,No existe,Intersección,S/D,S/D,Nocturna,S/D,S/D,S/D,Colisión,S/D,Horizontal,Cordón divisorio,Sin restricción
2018,10525,2018-12-11,Martes,0,12:24:00,Autopista Provincial Brigadier E.López,14.0,2,"Camión,Camión Chasis", ,3,1,0,0,0,0,2,"-32.764736, -60.752138",Autopista,Brigadier E.López,SAN LORENZO,San Lorenzo,Asfalto,Natural,XVII,Dentro,Rural,S/D,S/D,Recta,S/D,S/D,Diurna,S/D,S/D,S/D,Colisión,S/D,S/D,S/D,Sin restricción
2018,10526,2018-12-14,Viernes,0,20:00:00,,0.0,2,"Pickup/Utilitario,Moto/Ciclomotor",Av San Lorenzo 2500,3,2,0,0,1,0,0,"-32.80817810004,-60.718726462802",Avenida,,CAPITÁN BERMÚDEZ,San Lorenzo,Asfalto,Pavimento,XVII,Dentro,Urbana,Ninguna,No existe,Intersección,Bueno,Buena,Nocturna,Buen Tiempo,S/D,S/D,Colisión,Ninguna,Faltante,Cordón divisorio,Sin restricción
2018,10527,2018-12-21,Viernes,0,18:50:00,Ruta Nacional 11,0.0,3,"Moto/Ciclomotor,Automóvil,Peatón",Av San Lorenzo Y Martin Fierro,3,2,0,0,1,0,0,"-32.802302081047,-60.720574243509",Ruta,11,CAPITÁN BERMÚDEZ,San Lorenzo,Asfalto,Pavimento,XVII,Dentro,Urbana,Ninguna,No existe,Intersección,Bueno,Buena,Atardecer,Buen Tiempo,S/D,S/D,Atropello,S/D,Faltante,Ninguna,Sin restricción