anio_acci,nro_acci,fecha,desc_dia,fecha_aprox,hora_aprox,desc_ruta,km,cant_participantes,desc_participante,calle_avenida_km,total,heridos_leves,heridos_graves,heridos_gravisimos,ilesos,fallecidos,sin_datos,posicion_XY,desc_tipo_via,desc_ruta_ori,desc_loc,desc_dpto,desc_tipo_calzada,desc_tipo_banquina,desc_unidad_regional,desc_lugar_calzada,desc_zona,desc_prioridad,desc_estado_semaforo,desc_lugar_via,desc_estado_via,desc_estado_visibilidad,desc_luminosidad,desc_estado_clima,desc_tipo_colision,desc_tipo_atropello,desc_tipo_hecho,desc_pres_calzada,desc_senializacion,desc_separacion_via,desc_restriccion
2018,10528,2018-02-22,Jueves,0,19:40:00,Ruta Nacional 11,0.0,2,"Moto/Ciclomotor,Camión Chasis",Av San Lorenzo Y Av Gral Lopez,2,1,0,0,1,0,0,"-32.811312096639,-60.717822745243",Ruta,11,CAPITÁN BERMÚDEZ,San Lorenzo,Asfalto,Ripio,XVII,Dentro,Urbana,Semáforo,Funciona,Intersección,Bueno,Buena,Diurna,Buen Tiempo,S/D,S/D,Colisión,Ninguna,Vertical,Ninguna,Sin restricción
2018,10529,2018-12-22,Sabado,0,16:25:00,,0.0,2,"Moto/Ciclomotor,Automóvil",Martin Fierro Y Falucho,2,1,0,0,1,0,0,"-32.802077818058,-60.721939015332",Calle,,CAPITÁN BERMÚDEZ,San Lorenzo,Asfalto,No existe,XVII,Dentro,Urbana,Ninguna,No existe,Intersección,Bueno,Buena,Diurna,Buen Tiempo,S/D,S/D,Colisión,S/D,Faltante,Ninguna,Sin restricción
2018,10530,2018-12-28,Viernes,0,17:50:00,Ruta Nacional 11,0.0,2,"Automóvil,Moto/Ciclomotor",Av San Lorenzo Y Misiones,2,1,0,0,1,0,0,"-32.813484226313,-60.717194203481",Ruta,11,CAPITÁN BERMÚDEZ,San Lorenzo,Asfalto,Pavimento,XVII,Dentro,Urbana,Ninguna,No existe,Intersección,Bueno,Buena,Diurna,Buen Tiempo,S/D,S/D,Colisión,Ninguna,Faltante,Ninguna,Sin restricción
2018,10531,2018-12-03,Lunes,0,08:30:00,Ruta Nacional 9,0.0,2,"Automóvil,Moto/Ciclomotor",Ruta Nac 9 Y Juan Semino,2,1,0,0,1,0,0,"-32.86131, -61.1574",Ruta,9,CARCARAÑÁ,San Lorenzo,Asfalto,Pavimento,XVII,Dentro,Urbana,Ninguna,No existe,Recta,Bueno,Buena,Diurna,S/D,Lateral,S/D,Colisión,Ninguna,Faltante,Línea divisoria pintada,Sin restricción
2018,10532,2018-12-23,Domingo,0,23:00:00,Ruta Secundaria 26-s,0.0,2,"Automóvil,Moto/Ciclomotor", ,4,1,1,0,2,0,0,"-32.88401, -61.12749",Ruta,26-s,CARCARAÑÁ,San Lorenzo,Asfalto,Pavimento,XVII,Dentro,Urbana,Ninguna,No existe,Recta,Bueno,S/D,Nocturna,S/D,S/D,S/D,Colisión,Ninguna,Faltante,Línea divisoria pintada,S/D
2018,10533,2018-12-12,Miercoles,0,15:20:00,Ruta Secundaria 26-s,95.0,1,Automóvil, ,1,0,1,0,0,0,0,"-32.92831, -61.15163",Ruta,26-s,CARCARAÑÁ,San Lorenzo,Asfalto,Natural,XVII,Dentro,Urbana,S/D,No existe,Curva,Bueno,Buena,Diurna,S/D,S/D,S/D,Despiste,Ninguna,S/D,Línea divisoria pintada,S/D
2018,10534,2018-11-27,Martes,0,17:27:00,,0.0,1,Moto/Ciclomotor,Dean Funes Y Cornelio Saavedra,1,1,0,0,0,0,0,"-33.73777, -61.96806",Calle,,VENADO TUERTO,General López,S/D,S/D,VIII,S/D,Urbana,S/D,S/D,Intersección,S/D,S/D,Atardecer,S/D,Atropello animal,S/D,Atropello,S/D,S/D,S/D,S/D
2018,10535,2018-11-27,Martes,0,14:00:00,Autopista Nacional A008,0.0,2,"Moto/Ciclomotor,Automóvil",Av. Circunvalacion Y Av. Pellegrini,3,1,1,0,0,0,1,"-32.94882, -60.7219",Autopista,A008,ROSARIO,Rosario,S/D,S/D,II,S/D,Urbana,S/D,S/D,Intersección,S/D,S/D,Diurna,S/D,S/D,S/D,Colisión,S/D,S/D,S/D,S/D
2018,10536,2018-11-27,Martes,0,,,0.0,2,"Moto/Ciclomotor,Automóvil",Bv. Rondeau Y Baigorria,2,1,0,0,1,0,0,"-32.8915, -60.69335",Calle,,ROSARIO,Rosario,S/D,S/D,II,S/D,Urbana,S/D,S/D,Intersección,S/D,S/D,Nocturna,S/D,Lateral,S/D,Colisión,S/D,S/D,S/D,S/D
2018,10537,2018-11-28,Miercoles,0,11:00:00,Ruta Provincial 6,56.0,3,"Automóvil,Pickup/Utilitario,Pickup/Utilitario", ,5,3,1,0,1,0,0,"-31.4402, -60.91374",Ruta,6,ESPERANZA,Las Colonias,S/D,S/D,XI,S/D,Urbana,S/D,S/D,Intersección,S/D,S/D,Diurna,S/D,Múltiple,S/D,Colisión,S/D,S/D,S/D,S/D
2018,10538,2018-11-28,Miercoles,0,,,0.0,2,"Moto/Ciclomotor,Automóvil",2 de Julio Y San Martin,2,0,1,0,1,0,0,"-29.34138, -59.96667",Calle,,MALABRIGO,General Obligado,S/D,S/D,IX,S/D,Urbana,S/D,S/D,Intersección,S/D,S/D,Atardecer,S/D,Contra objeto fijo,S/D,Colisión,S/D,S/D,S/D,S/D
2018,10539,2018-11-27,Martes,0,,,0.0,2,"Bicicleta,Moto/Ciclomotor",9 de julio Y Sarmiento,2,1,0,0,1,0,0,"-29.34939, -59.96949",Calle,,MALABRIGO,General Obligado,S/D,S/D,IX,S/D,Urbana,S/D,S/D,Intersección,S/D,S/D,Diurna,S/D,S/D,Ciclista,Atropello,S/D,S/D,S/D,S/D
2018,10540,2018-11-27,Martes,0,,,0.0,2,"Moto/Ciclomotor,Automóvil",Calle 22- 25 de Mayo Y Calle 131-Raul Carussi,2,1,0,0,1,0,0,"-29.19406, -59.65577",Calle,,RECONQUISTA,General Obligado,S/D,S/D,IX,S/D,Urbana,S/D,S/D,Intersección,S/D,S/D,Diurna,S/D,S/D,S/D,Colisión,S/D,S/D,S/D,S/D
2018,10541,2018-11-29,Jueves,0,04:40:00,,0.0,2,"Moto/Ciclomotor,Camión c / Acoplado",Juan Lavalle Y Guillermo Brown,3,0,0,0,2,1,0,"-33.74222, -61.97429",Calle,,VENADO TUERTO,General López,Asfalto,No existe,VIII,S/D,Urbana,Ninguna,No existe,Intersección,Bueno,S/D,Nocturna,S/D,Lateral,S/D,Colisión,Ninguna,Faltante,"Ninguna,S/D",Sin restricción
2018,10543,2018-11-17,Sabado,0,15:30:00,,0.0,1,Pickup/Utilitario,Av Circunvalaci?n ,2,2,0,0,0,0,0,"-31.58109, -60.75343",Avenida,,SANTA FE,La Capital,Asfalto,Natural,I,S/D,Urbana,Ninguna,No existe,Recta,S/D,S/D,Diurna,S/D,S/D,S/D,Vuelco,S/D,S/D,Ninguna,Sin restricción
2018,10544,2018-11-29,Jueves,0,15:30:00,,0.0,2,"Moto/Ciclomotor,Pickup/Utilitario",Junin Y Velez Sarsfield,3,1,0,0,2,0,0,"-33.73941, -61.97948",Calle,,VENADO TUERTO,General López,S/D,S/D,VIII,S/D,Urbana,S/D,S/D,Intersección,S/D,S/D,Atardecer,S/D,S/D,S/D,Colisión,S/D,S/D,S/D,S/D
2018,10545,2018-11-17,Sabado,0,06:15:00,Ruta Nacional 11,788.0,2,"Moto/Ciclomotor,Moto/Ciclomotor",Ruta Nacional 11 ,2,1,0,1,0,0,0,"-29.14665, -59.65649",Ruta,11,RECONQUISTA,General Obligado,Asfalto,S/D,IX,Dentro,Urbana,Ninguna,S/D,Recta,S/D,S/D,Amanecer,S/D,S/D,S/D,Colisión,S/D,S/D,S/D,Sin restricción
2018,10546,2018-11-29,Jueves,0,,Ruta Nacional 11,0.0,2,"Moto/Ciclomotor,Moto/Ciclomotor",Pasaje 55-57 Y Ruta Nacional 11,2,1,0,0,1,0,0,"-29.16348, -59.65971",Ruta,11,RECONQUISTA,General Obligado,S/D,S/D,IX,S/D,Urbana,S/D,S/D,Intersección,S/D,S/D,Nocturna,S/D,S/D,S/D,Colisión,S/D,S/D,S/D,S/D
2018,10547,2018-11-29,Jueves,0,18:30:00,,0.0,2,"Automóvil,Automóvil",Calle 12 San Martin 700,3,2,0,0,1,0,0,"-29.15735, -59.64359",Calle,,RECONQUISTA,General Obligado,S/D,S/D,IX,S/D,Urbana,S/D,S/D,Intersección,S/D,S/D,Atardecer,S/D,Contra objeto fijo,S/D,Colisión,S/D,S/D,S/D,S/D
2018,10548,2018-11-18,Domingo,0,06:00:00,Ruta Nacional 11,495.0,2,"Camión c / Semirremolque,Automóvil",Ruta Nacional 11 ,4,2,0,1,1,0,0,"-31.39322, -60.74732",Ruta,11,CANDIOTI,La Capital,Asfalto,Ripio,I,Dentro,Rural,Ninguna,No existe,Recta,S/D,S/D,Amanecer,S/D,S/D,S/D,Colisión,S/D,S/D,S/D,Sin restricción
2018,10549,2018-11-29,Jueves,0,17:40:00,,0.0,2,"Peatón,Moto/Ciclomotor",Calle 12 San Martin Y Calle 79,3,0,3,0,0,0,0,"-29.17427, -59.64645",Calle,,RECONQUISTA,General Obligado,S/D,S/D,IX,S/D,Urbana,S/D,S/D,Intersección,S/D,S/D,Atardecer,S/D,S/D,Peatón,Atropello,S/D,S/D,S/D,S/D
2018,10550,2018-11-30,Viernes,0,,,0.0,2,"Automóvil,Pickup/Utilitario",Dr Zavalla Y J Castelli,2,1,0,0,1,0,0,"-31.60351, -60.7078",Calle,,SANTA FE,La Capital,S/D,S/D,I,S/D,Urbana,S/D,S/D,Intersección,S/D,S/D,Atardecer,S/D,Contra objeto fijo,S/D,Colisión,S/D,S/D,S/D,S/D
2018,10551,2018-11-30,Viernes,0,,,0.0,2,"Automóvil,Camión",Av. Sorrento Y Jose Hernandez,2,1,0,0,1,0,0,"-32.9067, -60.6816",Avenida,,ROSARIO,Rosario,S/D,S/D,II,S/D,Urbana,S/D,S/D,S/D,S/D,S/D,Diurna,S/D,Frontal,S/D,Colisión,S/D,S/D,S/D,S/D
2018,10552,2018-12-04,Martes,0,08:40:00,,0.0,2,"Moto/Ciclomotor,Automóvil",Sarmiento Y Juan de Garay,2,1,0,0,1,0,0,"-32.788265440663,-60.726390870268",Calle,,FRAY LUIS BELTRÁN,San Lorenzo,Asfalto,No existe,XVII,Dentro,Urbana,Ninguna,No existe,Intersección,Bueno,S/D,Diurna,Buen Tiempo,Lateral,S/D,Colisión,Ninguna,Faltante,Ninguna,Sin restricción
2018,10553,2018-12-07,Viernes,0,19:22:00,Ruta Nacional 11,0.0,2,"Automóvil,Moto/Ciclomotor",Av San Martin Y Las Heras,2,1,0,0,1,0,0,"-32.800726271576,-60.720988581051",Ruta,11,FRAY LUIS BELTRÁN,San Lorenzo,Asfalto,No existe,XVII,Dentro,Urbana,Ninguna,No existe,Intersección,Bueno,S/D,Atardecer,Buen Tiempo,Lateral,S/D,Colisión,Ninguna,Faltante,Ninguna,Sin restricción
2018,10554,2018-12-11,Martes,0,11:00:00,,0.0,2,"Pickup/Utilitario,Moto/Ciclomotor",Quiroga Y Artigas,2,1,0,0,1,0,0,"-32.795392179125,-60.726566241271",Calle,,FRAY LUIS BELTRÁN,San Lorenzo,Asfalto,No existe,XVII,Dentro,Urbana,Ninguna,No existe,Intersección,Bueno,Buena,Diurna,Buen Tiempo,De alcance,S/D,Colisión,Ninguna,Faltante,Ninguna,Sin restricción
2018,10555,2018-12-13,Jueves,0,06:30:00,Ruta Nacional 11,0.0,2,"Pickup/Utilitario,Automóvil",Av San Martin ,3,2,0,0,1,0,0,"-32.79366, -60.72313",Ruta,11,FRAY LUIS BELTRÁN,San Lorenzo,Asfalto,No existe,XVII,Dentro,Urbana,Ninguna,No existe,Intersección,Bueno,Buena,Amanecer,Buen Tiempo,Lateral,S/D,Colisión,Ninguna,Faltante,Ninguna,Sin restricción
2018,10556,2018-12-17,Lunes,0,11:55:00,,0.0,2,"Moto/Ciclomotor,Automóvil",Av San Martin Y Avellaneda,2,1,0,0,1,0,0,"-32.785312284529,-60.725641007923",Avenida,,FRAY LUIS BELTRÁN,San Lorenzo,Asfalto,No existe,XVII,Dentro,Urbana,Ninguna,No existe,Intersección,Bueno,Buena,Diurna,Buen Tiempo,Lateral,S/D,Colisión,Ninguna,Faltante,Ninguna,Sin restricción
2018,10557,2018-12-22,Sabado,0,02:20:00,Ruta Nacional 11,0.0,2,"Automóvil,Moto/Ciclomotor",AV SAN MARTIN  Y LELEU,2,0,1,0,1,0,0,"-32.79677, -60.72219",Ruta,11,PUERTO SAN MARTÍN,San Lorenzo,Asfalto,No existe,XVII,Dentro,Urbana,Ninguna,No existe,Intersección,Bueno,S/D,Nocturna,Buen Tiempo,Lateral,S/D,Colisión,Ninguna,Faltante,Ninguna,Sin restricción
2018,10558,2018-12-27,Jueves,0,15:05:00,Ruta Nacional 11,0.0,2,"Automóvil,Moto/Ciclomotor",Av San Martin 2125,2,1,0,0,1,0,0,"-32.781763089172,-60.726685709008",Ruta,11,FRAY LUIS BELTRÁN,San Lorenzo,Asfalto,No existe,XVII,Dentro,Urbana,Semáforo,Funciona,Recta,S/D,S/D,Diurna,Buen Tiempo,Otro,S/D,Colisión,Ninguna,Vertical,Ninguna,Sin restricción
2018,10559,2018-12-02,Domingo,0,15:50:00,Ruta Nacional 175,0.0,2,"Moto/Ciclomotor,Automóvil",Cordoba Y Reconquista,2,1,0,0,1,0,0,"-32.716236382047,-60.738424505081",Ruta,175,PUERTO SAN MARTÍN,San Lorenzo,Asfalto,No existe,XVII,Dentro,Urbana,Paso Peatonal,No existe,Intersección,Bueno,Buena,Diurna,Buen Tiempo,Lateral,S/D,Colisión,Ninguna,Horizontal,Ninguna,Sin restricción
2018,10560,2018-12-13,Jueves,0,20:20:00,Ruta Nacional 175,0.0,2,"Automóvil,Moto/Ciclomotor",Cordoba Y San Luis,2,0,1,0,1,0,0,"-32.715853939767,-60.740586574074",Ruta,175,PUERTO SAN MARTÍN,San Lorenzo,Asfalto,No existe,XVII,Dentro,Urbana,Paso Peatonal,No existe,Intersección,Bueno,Buena,Nocturna,Buen Tiempo,Lateral,S/D,Colisión,Ninguna,Horizontal,Ninguna,Sin restricción
2018,10561,2018-12-17,Lunes,0,06:20:00,Ruta Nacional 11,0.0,2,"Moto/Ciclomotor,Moto/Ciclomotor",Cordoba Y Ruta Nac 11,2,1,0,0,1,0,0,"-32.713195197249,-60.756243306555",Ruta,11,PUERTO SAN MARTÍN,San Lorenzo,Asfalto,Ripio,XVII,Dentro,Urbana,Ninguna,No existe,Cruce,Bueno,Buena,Amanecer,Buen Tiempo,Lateral,S/D,Colisión,Ninguna,Faltante,Ninguna,Sin restricción
2018,10562,2018-12-25,Martes,0,04:10:00,,0.0,1,Moto/Ciclomotor,America Y Rosario,1,0,1,0,0,0,0,"-32.705788701174,-60.742519081477",Calle,,PUERTO SAN MARTÍN,San Lorenzo,Asfalto,No existe,XVII,Dentro,Urbana,Ninguna,No existe,Intersección,S/D,Buena,Nocturna,Buen Tiempo,S/D,S/D,Caída ocupante,Ninguna,Faltante,Ninguna,Sin restricción
2018,10563,2018-11-19,Lunes,0,11:30:00,,0.0,2,"Automóvil,Moto/Ciclomotor",9 de Julio Y Cornelio Saavedra,2,1,0,0,1,0,0,"-33.7423, -61.96523",Calle,,VENADO TUERTO,General López,Asfalto,No existe,VIII,S/D,Urbana,S/D,S/D,Intersección,S/D,S/D,Diurna,S/D,S/D,S/D,Colisión,S/D,S/D,S/D,Accidente Previo
2018,10564,2018-11-19,Lunes,0,00:30:00,,0.0,2,"Automóvil,Moto/Ciclomotor",PJE IGUALDAD Y ITURRASPE,2,0,1,0,1,0,0,"-31.24041, -61.50698",Calle,,RAFAELA,Castellanos,S/D,S/D,V,S/D,S/D,S/D,S/D,Intersección,S/D,S/D,Nocturna,S/D,S/D,S/D,Colisión,S/D,S/D,S/D,S/D
2018,10565,2018-11-20,Martes,0,13:25:00,Ruta Nacional 168,13.0,1,Bicicleta,Ruta Nac 168 ,1,1,0,0,0,0,0,"-31.63948, -60.63443",Ruta,168,SANTA FE,La Capital,Asfalto,Pavimento,I,Fuera,Rural,Ninguna,No existe,Recta,Bueno,S/D,Nocturna,S/D,Contra objeto fijo,S/D,Colisión,S/D,S/D,S/D,Sin restricción
2018,10566,2018-11-21,Miercoles,0,23:30:00,,0.0,1,Pickup/Utilitario,Espa?a ,1,1,0,0,0,0,0,"-32.66725, -60.79511",Calle,,TIMBÚES,San Lorenzo,S/D,S/D,XVII,S/D,Urbana,S/D,S/D,Recta,S/D,S/D,Nocturna,S/D,S/D,S/D,Vuelco,S/D,S/D,S/D,S/D
2018,10567,2018-12-18,Martes,0,18:30:00,,0.0,2,"Automóvil,Bicicleta",Jujuy ,2,1,0,0,1,0,0,"-32.71299, -60.73536",Calle,,PUERTO SAN MARTÍN,San Lorenzo,Asfalto,No existe,XVII,Dentro,Urbana,Ninguna,No existe,Intersección,Otro,Buena,Diurna,Buen Tiempo,S/D,Ciclista,Atropello,Ninguna,Faltante,Ninguna,Sin restricción
2018,10568,2018-12-19,Miercoles,0,14:50:00,,0.0,2,"Moto/Ciclomotor,Moto/Ciclomotor",Sarmiento Y San Luis,2,2,0,0,0,0,0,"-32.713179807158,-60.73992986133",Calle,,PUERTO SAN MARTÍN,San Lorenzo,Asfalto,No existe,XVII,Dentro,Urbana,Ninguna,No existe,Intersección,Bueno,Buena,Diurna,Buen Tiempo,Lateral,S/D,Colisión,Ninguna,Faltante,Ninguna,Sin restricción
2018,10569,2018-12-20,Jueves,0,19:00:00,Ruta Nacional 11,0.0,2,"Moto/Ciclomotor,Automóvil",Ruta Nac 11 Y Ruta 18 S,3,1,0,0,2,0,0,"-32.713087165105,-60.756962334003",Ruta,11,PUERTO SAN MARTÍN,San Lorenzo,Asfalto,Ripio,XVII,Dentro,Urbana,Ninguna,No existe,Intersección,Bueno,Buena,Diurna,Buen Tiempo,Lateral,S/D,Colisión,Ninguna,Faltante,Ninguna,Sin restricción
2018,10570,2018-12-22,Sabado,0,20:00:00,Ruta Nacional 11,0.0,2,"Moto/Ciclomotor,Camión c / Acoplado",Ruta Nac 11 Y Pte Juan D Peron,2,1,0,0,1,0,0,"-32.690777014404,-60.774346793694",Ruta,11,PUERTO SAN MARTÍN,San Lorenzo,Asfalto,Pavimento,XVII,Dentro,Urbana,Ninguna,No existe,Intersección,Con baches,Buena,Atardecer,Buen Tiempo,Lateral,S/D,Colisión,Ninguna,Faltante,Ninguna,Sin restricción
2018,10571,2018-12-28,Viernes,0,07:45:00,,0.0,2,"Automóvil,Bicicleta",9 de Julio Y Buenos Aires,2,1,0,0,1,0,0,"-32.712534782273,-60.732303880184",Calle,,PUERTO SAN MARTÍN,San Lorenzo,Asfalto,No existe,XVII,Dentro,Urbana,Ninguna,No existe,Intersección,Bueno,Buena,Diurna,Buen Tiempo,S/D,Ciclista,Atropello,Ninguna,Faltante,Ninguna,Sin restricción
2018,10572,2018-12-30,Domingo,0,13:30:00,Ruta Nacional 175,0.0,2,"Pickup/Utilitario,Moto/Ciclomotor",Cordoba Y 9 de Julio,2,1,0,0,1,0,0,"-32.717159177924,-60.733290967518",Ruta,175,PUERTO SAN MARTÍN,San Lorenzo,Asfalto,No existe,XVII,Dentro,Urbana,Paso Peatonal,No existe,Intersección,S/D,S/D,Diurna,Buen Tiempo,Lateral,S/D,Colisión,S/D,Horizontal,Ninguna,Sin restricción
2018,10573,2018-12-28,Viernes,0,03:35:00,Autopista Nacional Rosario -Cordoba,315.0,2,"Automóvil,Automóvil", ,6,5,1,0,0,0,0,"-32.90619, -61.00225",Autopista,Rosario -Córdoba,ROLDÁN,San Lorenzo,Asfalto,Natural,XVII,Dentro,Urbana,Ninguna,No existe,Recta,Con baches,Buena,Nocturna,Buen Tiempo,De alcance,S/D,Colisión,Ninguna,Faltante,Vegetación,Sin restricción
2018,10574,2018-12-25,Martes,0,02:15:00,,0.0,1,Automóvil,GÁLVEZ Y Hernandez,2,2,0,0,0,0,0,"-32.893395291848,-60.90850348729",Calle,,ROLDÁN,San Lorenzo,Asfalto,No existe,XVII,Dentro,Urbana,Ninguna,No existe,Intersección,Bueno,Buena,"Nocturna,Con luz artificial",Buen Tiempo,Contra objeto fijo,S/D,Colisión,Ninguna,Faltante,Ninguna,Sin restricción
2018,10575,2018-12-24,Lunes,0,02:30:00,Ruta Nacional 9,0.0,2,"Pickup/Utilitario,Moto/Ciclomotor",Catamarca 1900,3,0,1,0,2,0,0,"-32.90331, -60.92103",Ruta,9,ROLDÁN,San Lorenzo,Asfalto,Ripio,XVII,Dentro,Urbana,Ninguna,No existe,Recta,Bueno,Buena,Con luz artificial,Buen Tiempo,Frontal,S/D,Colisión,Ninguna,Faltante,Ninguna,Sin restricción
2018,10576,2018-12-22,Sabado,0,01:00:00,Ruta Nacional 9,0.0,2,"Automóvil,Moto/Ciclomotor", ,3,1,0,0,2,0,0,"-32.90173, -60.92986",Ruta,9,ROLDÁN,San Lorenzo,Asfalto,Ripio,XVII,Dentro,Urbana,Ninguna,No existe,Intersección,Bueno,Buena,"Nocturna,Con luz artificial",Buen Tiempo,Lateral,S/D,Colisión,Ninguna,Faltante,Ninguna,Sin restricción
2018,10577,2018-12-21,Viernes,0,08:00:00,Autopista Nacional Rosario -Cordoba,321.0,2,"Camión Chasis,Pickup/Utilitario", ,5,1,0,0,4,0,0,"-32.89534, -61.06476",Autopista,Rosario -Córdoba,ROLDÁN,San Lorenzo,Asfalto,Natural,XVII,Dentro,Rural,Ninguna,No existe,Recta,Ahuellamiento,Buena,Diurna,Buen Tiempo,Lateral,S/D,Colisión,Ninguna,Faltante,Ninguna,Sin restricción
2018,10578,2018-12-16,Domingo,0,18:45:00,Ruta Nacional 9,325.0,1,Moto/Ciclomotor, ,1,1,0,0,0,0,0,"-32.86917, -61.11282",Ruta,9,ROLDÁN,San Lorenzo,Asfalto,Natural,XVII,Dentro,Urbana,Ninguna,No existe,Recta,Bueno,Buena,Diurna,Buen Tiempo,S/D,S/D,Despiste,Ninguna,Faltante,Ninguna,Sin restricción
2018,10579,2018-12-14,Viernes,0,16:55:00,Autopista Nacional Rosario -Cordoba,333.0,2,"Automóvil,Transporte de Pasajeros Larga Distancia (Piso  y  1/2)", ,3,2,0,0,1,0,0,"-32.87817, -61.15892",Autopista,Rosario -Córdoba,ROLDÁN,San Lorenzo,Asfalto,Natural,XVII,Dentro,Rural,Ninguna,No existe,Recta,Deteriorada,Buena,Diurna,Buen Tiempo,De alcance,S/D,Colisión,Ninguna,Faltante,Ninguna,Sin restricción
2018,10580,2018-12-14,Viernes,0,07:15:00,Autopista Nacional A012,0.0,1,Moto/Ciclomotor, ,1,1,0,0,0,0,0,"-32.90802, -60.89491",Autopista,A012,ROLDÁN,San Lorenzo,Asfalto,Pavimento,XVII,Dentro,Urbana,Ninguna,No funciona,Cruce,Ahuellamiento,Buena,Diurna,Buen Tiempo,S/D,S/D,Caída ocupante,Ninguna,Vertical,Ninguna,Sin restricción
2018,10581,2018-12-09,Domingo,0,15:25:00,Ruta Nacional A012,0.0,2,"Automóvil,Automóvil",AV DE LAS LIBERTADES Y RUTA A012,5,5,0,0,0,0,0,"-32.93095, -60.90109",Ruta,A012,ROLDÁN,San Lorenzo,Asfalto,Ripio,XVII,Dentro,Urbana,Ninguna,No existe,Intersección,Ahuellamiento,Buena,Diurna,Buen Tiempo,Lateral,S/D,Colisión,Ninguna,Faltante,Ninguna,Sin restricción
2018,10582,2018-12-08,Sabado,0,16:00:00,Ruta Nacional 9,0.0,2,"Pickup/Utilitario,Moto/Ciclomotor",Ruta Nacional 9 Y 1 de Mayo,2,1,0,0,1,0,0,"-32.905059123777,-60.911455048927",Ruta,9,ROLDÁN,San Lorenzo,Asfalto,Ripio,XVII,Dentro,Urbana,Ninguna,No existe,Intersección,Bueno,Buena,Diurna,Buen Tiempo,Lateral,S/D,Colisión,Ninguna,Faltante,Ninguna,Sin restricción
2018,10583,2018-12-06,Jueves,0,08:50:00,,0.0,2,"Pickup/Utilitario,Moto/Ciclomotor",Laprida Y Bv Estanislao Lopez,2,1,0,0,1,0,0,"-32.898405639585,-60.902665683775",Avenida,,ROLDÁN,San Lorenzo,Asfalto,No existe,XVII,Dentro,Urbana,Ninguna,No existe,Intersección,Bueno,Buena,Diurna,Buen Tiempo,Lateral,S/D,Colisión,Ninguna,Faltante,Ninguna,Sin restricción
2018,10584,2018-12-07,Viernes,0,18:55:00,Autopista Nacional Rosario -Cordoba,0.0,1,Automóvil, ,1,1,0,0,0,0,0,"-32.90897, -60.98429",Autopista,Rosario -Córdoba,ROLDÁN,San Lorenzo,Asfalto,Natural,XVII,Dentro,Rural,Ninguna,No existe,Recta,"Con baches,Ahuellamiento",Buena,Nocturna,Buen Tiempo,S/D,S/D,Vuelco,Otro,Faltante,Ninguna,Sin restricción
2018,10585,2018-12-08,Sabado,0,17:20:00,Autopista Nacional A012,0.0,2,"Automóvil,Camión c / Acoplado", ,4,2,0,0,2,0,0,"-32.92683, -60.90003",Autopista,A012,ROLDÁN,San Lorenzo,Asfalto,Pavimento,XVII,Dentro,Urbana,Ninguna,No funciona,Intersección,Ahuellamiento,Buena,Diurna,Buen Tiempo,Lateral,S/D,Colisión,Ninguna,Vertical,Ninguna,Sin restricción
2018,10586,2018-12-05,Miercoles,0,09:00:00,Autopista Nacional A012,0.0,2,"Automóvil,Moto/Ciclomotor", ,2,1,0,0,1,0,0,"-32.92685, -60.90003",Autopista,A012,ROLDÁN,San Lorenzo,Asfalto,Pavimento,XVII,Dentro,Urbana,Ninguna,No funciona,Intersección,"Con baches,Ahuellamiento",Buena,Diurna,Buen Tiempo,Lateral,S/D,Colisión,Ninguna,Vertical,Ninguna,Sin restricción
2018,10587,2018-12-04,Martes,0,07:40:00,Ruta Nacional 9,0.0,2,"Pickup/Utilitario,Moto/Ciclomotor",Catamarca 247,3,2,0,0,1,0,0,"-32.906573452389,-60.902555394578",Ruta,9,ROLDÁN,San Lorenzo,Asfalto,Ripio,XVII,Dentro,Urbana,Ninguna,No existe,Recta,Bueno,Buena,Diurna,Buen Tiempo,Lateral,S/D,Colisión,Ninguna,Faltante,Línea divisoria pintada,Sin restricción
2018,10588,2018-12-12,Miercoles,0,16:00:00,Ruta Nacional 11,0.0,2,"Moto/Ciclomotor,Automóvil",Bv Oro?o Y General Lopez,2,0,1,0,1,0,0,"-32.735192483293,-60.734900177427",Ruta,11,SAN LORENZO,San Lorenzo,Asfalto,No existe,XVII,Dentro,Urbana,Ninguna,No existe,Recta,Bueno,Buena,Diurna,Buen Tiempo,S/D,S/D,Colisión,S/D,Faltante,Cordón divisorio,Sin restricción
2018,10589,2018-12-16,Domingo,0,00:00:00,,0.0,2,"Bicicleta,Automóvil",Del Bajo Y Clemente Albelo,2,1,0,0,1,0,0,"-32.719653576035,-60.738457999178",Calle,,SAN LORENZO,San Lorenzo,"Asfalto,Ripio",No existe,XVII,Dentro,Urbana,Ninguna,No existe,Intersección,Bueno,S/D,Nocturna,S/D,S/D,Ciclista,Atropello,S/D,Faltante,Ninguna,Sin restricción
2018,10590,2018-12-24,Lunes,0,11:15:00,Autopista Nacional Rosario -Cordoba,329.0,1,Automóvil, ,2,2,0,0,0,0,0,"-32.88446, -61.12495",Autopista,Rosario -Córdoba,SAN JERÓNIMO SUR,San Lorenzo,Asfalto,Ripio,XVII,Fuera,Rural,Ninguna,No existe,Recta,Con baches,Buena,Diurna,Buen Tiempo,S/D,S/D,"Vuelco,Despiste",Ninguna,Faltante,Vegetación,Sin restricción