anio_acci,nro_acci,fecha,desc_dia,fecha_aprox,hora_aprox,desc_ruta,km,cant_participantes,desc_participante,calle_avenida_km,total,heridos_leves,heridos_graves,heridos_gravisimos,ilesos,fallecidos,sin_datos,posicion_XY,desc_tipo_via,desc_ruta_ori,desc_loc,desc_dpto,desc_tipo_calzada,desc_tipo_banquina,desc_unidad_regional,desc_lugar_calzada,desc_zona,desc_prioridad,desc_estado_semaforo,desc_lugar_via,desc_estado_via,desc_estado_visibilidad,desc_luminosidad,desc_estado_clima,desc_tipo_colision,desc_tipo_atropello,desc_tipo_hecho,desc_pres_calzada,desc_senializacion,desc_separacion_via,desc_restriccion
2018,10591,2018-12-21,Viernes,0,00:55:00,Ruta Nacional 9,338.0,2,"Automóvil,Camión c / Acoplado", ,3,1,0,0,2,0,0,"-32.85049, -61.26672",Ruta,9,SAN JERÓNIMO SUR,San Lorenzo,Hormigón,Natural,XVII,Dentro,Rural,Ninguna,No existe,Recta,Bueno,Buena,Nocturna,Buen Tiempo,Lateral,S/D,Colisión,Ninguna,Faltante,Línea divisoria pintada,Sin restricción
2018,10592,2018-12-14,Viernes,0,10:00:00,Autopista Provincial Brigadier E.López,28.0,2,"Automóvil,Pickup/Utilitario", ,4,1,0,0,3,0,0,"-32.67122, -60.81043",Autopista,Brigadier E.López,TIMBÚES,San Lorenzo,Asfalto,Ripio,XVII,Dentro,Rural,Ninguna,No existe,Recta,Bueno,Buena,Diurna,Buen Tiempo,De alcance,S/D,Colisión,Ninguna,Faltante,Vegetación,Sin restricción
2018,10593,2018-12-03,Lunes,0,13:20:00,Ruta Nacional 11,0.0,2,"Pickup/Utilitario,Moto/Ciclomotor",Ruta Nac 11 Y Padre O Madesma,2,0,1,0,1,0,0,"-32.67463, -60.78687",Ruta,11,TIMBÚES,San Lorenzo,Asfalto,Ripio,XVII,Dentro,Urbana,Ninguna,No existe,Intersección,Bueno,Buena,Diurna,Buen Tiempo,Lateral,S/D,Colisión,Ninguna,Faltante,Ninguna,Sin restricción
2018,10594,2018-12-30,Domingo,0,03:30:00,Autopista Nacional A012,0.0,2,"Camión c / Acoplado,Automóvil", ,3,0,1,0,1,0,1,"-32.763194, -60.770043",Autopista,A012,RICARDONE,San Lorenzo,Asfalto,Natural,XVII,Dentro,Rural,Ninguna,No existe,Recta,Bueno,Reducida,Nocturna,Lluvia,Lateral,S/D,Colisión,Agua,Faltante,Cordón divisorio,Sin restricción
2018,10595,2018-12-21,Viernes,0,15:00:00,Autopista Nacional A012,0.0,2,"Automóvil,Pickup/Utilitario", ,6,1,0,0,5,0,0,"-32.82018, -60.84046",Autopista,A012,RICARDONE,San Lorenzo,Asfalto,Natural,XVII,Dentro,Rural,Ninguna,No existe,Recta,Bueno,Buena,Diurna,Buen Tiempo,Lateral,S/D,Colisión,Ninguna,Faltante,Línea divisoria pintada,Sin restricción
2018,10596,2018-12-27,Jueves,0,05:35:00,Ruta Nacional 33,762.0,2,"Camión c / Semirremolque,Camión c / Semirremolque", ,2,2,0,0,0,0,0,"-33.01795, -60.9464",Ruta,33,PUJATO,San Lorenzo,Asfalto,Natural,XVII,Dentro,Rural,Ninguna,No existe,Recta,Bueno,Buena,Amanecer,Buen Tiempo,S/D,S/D,Colisión,Material Suelto,Faltante,Línea divisoria pintada,Sin restricción
2018,10597,2018-11-17,Sabado,0,,Ruta Nacional 11,424.0,2,"Moto/Ciclomotor,Camión c / Acoplado", ,2,1,0,0,1,0,0,"-31.95094, -60.92559",Ruta,11,CORONDA,San Jerónimo,Asfalto,Ripio,XV,Dentro,Rural,Ninguna,No existe,Recta,S/D,S/D,S/D,S/D,S/D,S/D,Colisión,S/D,S/D,Línea divisoria pintada,S/D
2018,10598,2018-11-18,Domingo,0,20:45:00,,0.0,2,"Pickup/Utilitario,Automóvil",Roullon Y Godoy Cruz,3,1,0,0,2,0,0,"-32.952, -60.70179",Calle,,ROSARIO,Rosario,Asfalto,No existe,II,Dentro,Urbana,Ninguna,S/D,Intersección,S/D,Buena,Nocturna,S/D,S/D,S/D,Colisión,S/D,S/D,S/D,Sin restricción
2018,10599,2018-11-17,Sabado,0,,,0.0,2,"Moto/Ciclomotor,Moto/Ciclomotor", ,2,2,0,0,0,0,0,"-33.40219, -61.84419",S/D,,GODEKEN,Caseros,S/D,S/D,IV,S/D,S/D,S/D,S/D,S/D,S/D,S/D,S/D,S/D,S/D,S/D,Colisión,S/D,S/D,S/D,S/D
2018,10600,2018-11-17,Sabado,0,00:50:00,,0.0,2,"Automóvil,Moto/Ciclomotor",Bme Mitre Y Alberti,4,2,0,0,1,0,1,"-32.02586, -61.22177",Calle,,GÁLVEZ,San Jerónimo,S/D,S/D,XV,Dentro,Urbana,S/D,S/D,Intersección,S/D,S/D,Nocturna,S/D,S/D,S/D,Colisión,S/D,S/D,S/D,Sin restricción
2018,10601,2018-11-18,Domingo,0,17:00:00,,0.0,1,Moto/Ciclomotor,Bv. Rondeau 2700,1,1,0,0,0,0,0,"-32.88839, -60.69411",Avenida,,ROSARIO,Rosario,Asfalto,No existe,II,Dentro,Urbana,S/D,S/D,Recta,S/D,S/D,Diurna,S/D,S/D,S/D,Caída ocupante,S/D,S/D,S/D,Sin restricción
2018,10602,2018-11-18,Domingo,0,,,0.0,1,Moto/Ciclomotor,Av A del Valle Y Larrea,2,2,0,0,0,0,0,"-31.59539, -60.69186",Avenida,,SANTA FE,La Capital,Asfalto,No existe,I,Dentro,Urbana,S/D,Funciona,Intersección,Bueno,S/D,S/D,S/D,Contra objeto fijo,S/D,"Caída ocupante,Colisión",S/D,S/D,S/D,Sin restricción
2018,10603,2018-11-18,Domingo,0,19:00:00,Autopista Provincial Brigadier E.López,80.0,1,Automóvil, ,2,2,0,0,0,0,0,"-32.22688, -60.99579",Autopista,Brigadier E.López,BARRANCAS,San Jerónimo,Asfalto,Ripio,II,Dentro,Rural,S/D,No existe,Recta,Bueno,S/D,Atardecer,S/D,S/D,S/D,Vuelco,S/D,S/D,S/D,Sin restricción
2018,10604,2018-11-21,Miercoles,0,,,0.0,2,"Moto/Ciclomotor,Moto/Ciclomotor",Gabriel Maggi Y Perusia,4,2,2,0,0,0,0,"-31.23477, -61.48323",Calle,,RAFAELA,Castellanos,Asfalto,No existe,V,Dentro,Urbana,S/D,S/D,Intersección,S/D,S/D,S/D,S/D,S/D,S/D,Colisión,S/D,S/D,S/D,Sin restricción
2018,10605,2018-11-21,Miercoles,0,19:40:00,,0.0,1,Moto/Ciclomotor,Libertad ,1,1,0,0,0,0,0,"-32.35686, -60.94196",Calle,,MONJE,San Jerónimo,Asfalto,No existe,XV,S/D,Urbana,Ninguna,No existe,Recta,S/D,S/D,Atardecer,S/D,S/D,S/D,"Caída ocupante,Despiste",S/D,S/D,S/D,S/D
2018,10606,2018-12-16,Domingo,0,14:15:00,,0.0,2,"Pickup/Utilitario,Moto/Ciclomotor",Pje. Sugasti Y Iriondo,3,2,0,0,1,0,0,"-32.964807, -60.675716",Calle,,ROSARIO,Rosario,Asfalto,Pavimento,II,Dentro,Urbana,Ninguna,No existe,Recta,Bueno,Buena,Diurna,Buen Tiempo,S/D,S/D,Colisión,Ninguna,Faltante,Ninguna,Sin restricción
2018,10607,2018-03-16,Viernes,0,07:00:00,Autopista Nacional A008,0.0,1,Moto/Ciclomotor,Av. Circunvalacion Y Av. Uriburu,1,1,0,0,0,0,0,"-32.992226865483,-60.702743948963",Autopista,A008,ROSARIO,Rosario,Asfalto,No existe,II,Dentro,Urbana,Otra Señal,No existe,Intersección,Bueno,Buena,Diurna,Buen Tiempo,S/D,S/D,Colisión,Ninguna,"Horizontal,Vertical","Guardarrail,Cordón divisorio,Línea divisoria pintada",Sin restricción
2018,10608,2018-12-04,Martes,0,19:00:00,,0.0,2,"Automóvil,Pickup/Utilitario",Matias Mussetto Y Manuel Dorrego,2,1,0,0,1,0,0,"-33.464328962637,-61.494355894007",Calle,,FIRMAT,General López,Asfalto,No existe,VIII,Dentro,Urbana,S/D,S/D,Distribuidor,S/D,S/D,Diurna,S/D,S/D,S/D,Colisión,S/D,S/D,S/D,S/D
2018,10609,2018-12-25,Martes,0,08:20:00,Ruta Nacional 33,0.0,1,Automóvil, ,4,4,0,0,0,0,0,"-33.45642, -61.50334",Ruta,33,FIRMAT,General López,Asfalto,Natural,VIII,Dentro,Rural,Ninguna,No existe,Cruce,Ahuellamiento,Buena,Diurna,Buen Tiempo,S/D,S/D,Despiste,Ninguna,Faltante,Línea divisoria pintada,S/D
2018,10610,2018-04-03,Martes,0,22:00:00,,0.0,2,"Bicicleta,Otros",Bv. Avellaneda 3000,2,1,0,0,0,0,1,"-32.96499788761141,-60.685633420944",Avenida,,ROSARIO,Rosario,Asfalto,No existe,II,Dentro,Urbana,Ninguna,No existe,Recta,Bueno,Buena,Atardecer,Buen Tiempo,S/D,Ciclista,Atropello,Ninguna,Faltante,Cordón divisorio,Sin restricción
2018,10611,2018-04-03,Martes,0,21:20:00,,0.0,2,"Bicicleta,Otros",Velez Sarsfield Y Iguazu,2,1,0,0,0,0,1,"-32.92515233159065,-60.686470940709",Calle,,ROSARIO,Rosario,Asfalto,No existe,II,Dentro,Urbana,Semáforo,Funciona,Intersección,Bueno,Buena,"Nocturna,Con luz artificial",Buen Tiempo,S/D,Ciclista,Atropello,Ninguna,Vertical,Ninguna,Sin restricción
2018,10612,2018-12-01,Sabado,0,17:30:00,,0.0,2,"Otros,Otros",Juan G. de Las Heras Y Belisario ROLDÁN,2,1,0,0,1,0,0,"-33.44937556937,-61.481393538897",Calle,,FIRMAT,General López,"Asfalto,Ripio",No existe,VIII,Dentro,Urbana,Ninguna,No existe,Intersección,Bueno,Buena,Diurna,Buen Tiempo,De alcance,S/D,Colisión,Ninguna,Faltante,Ninguna,Sin restricción
2018,10613,2018-04-02,Lunes,0,23:00:00,,0.0,1,Moto/Ciclomotor,Pje. Newbery Y Mendoza,1,1,0,0,0,0,0,"-32.94239, -60.69062",Calle,,ROSARIO,Rosario,Asfalto,No existe,II,Dentro,Urbana,Paso Peatonal,No existe,Intersección,Bueno,Buena,"Nocturna,Con luz artificial",Buen Tiempo,S/D,S/D,Colisión,Ninguna,Horizontal,Línea divisoria pintada,Sin restricción
2018,10614,2018-12-08,Sabado,0,19:40:00,,0.0,2,"Otros,Otros",Cuyo Y Rafael Obligado,4,1,0,0,3,0,0,"-33.444091277896,-61.47395917173",Calle,,FIRMAT,General López,Asfalto,No existe,VIII,Dentro,Urbana,Ninguna,No existe,Intersección,Bueno,Buena,Diurna,Buen Tiempo,Lateral,S/D,Colisión,Ninguna,Faltante,Ninguna,Sin restricción
2018,10615,2018-04-06,Viernes,0,09:20:00,,0.0,1,Automóvil,Rueda Y Peru,1,1,0,0,0,0,0,"-32.962740283422,-60.710502205436",Calle,,ROSARIO,Rosario,Asfalto,No existe,II,Dentro,Urbana,Ninguna,No existe,Intersección,Bueno,Buena,Diurna,Buen Tiempo,S/D,S/D,Colisión,Ninguna,Faltante,Ninguna,Sin restricción
2018,10616,2018-12-16,Domingo,0,21:45:00,,0.0,2,"Otros,Otros",Dean Funes Y Vicente Lopez y Planes,2,2,0,0,0,0,0,"-33.443372528815,-61.477162233422",Calle,,FIRMAT,General López,Asfalto,No existe,VIII,Dentro,Urbana,Ninguna,No existe,Intersección,Bueno,Buena,Nocturna,Buen Tiempo,Frontal,S/D,Colisión,Ninguna,Faltante,Ninguna,Sin restricción
2018,10617,2018-12-03,Lunes,0,12:18:00,,0.0,2,"Bicicleta,Otros",San Juan Y Paula Albarracin,2,1,0,0,1,0,0,"-33.452564909507,-61.481178916845",Calle,,FIRMAT,General López,Ripio,No existe,VIII,Dentro,Urbana,Ninguna,No existe,Intersección,Bueno,Buena,Diurna,Buen Tiempo,S/D,Ciclista,Atropello,Ninguna,Faltante,Ninguna,Sin restricción
2018,10618,2018-12-18,Martes,0,12:15:00,,0.0,2,"Bicicleta,Otros",San Juan 1530,2,1,0,0,1,0,0,"-33.453205121036,-61.481234776318",Calle,,FIRMAT,General López,Asfalto,No existe,VIII,Dentro,Urbana,Ninguna,No existe,Recta,Bueno,Buena,Diurna,Buen Tiempo,S/D,Ciclista,Atropello,Ninguna,Horizontal,Ninguna,Sin restricción
2018,10619,2018-04-06,Viernes,0,10:00:00,Autopista Nacional 9,0.0,1,Automóvil, ,1,1,0,0,0,0,0,"-33.02126241847873,-60.664137359708",Autopista,9,ROSARIO,Rosario,Asfalto,Natural,II,Dentro,Urbana,Ninguna,No existe,Recta,Bueno,Buena,Diurna,Buen Tiempo,S/D,S/D,Colisión,Ninguna,Horizontal,"Guardarrail,Línea divisoria pintada",Sin restricción
2018,10620,2018-12-17,Lunes,0,12:20:00,,0.0,1,Otros,Boulevard Solis Y Jose G. Artigas,1,1,0,0,0,0,0,"-33.468254956974,-61.485355730148",Avenida,,FIRMAT,General López,Ripio,No existe,VIII,Dentro,Urbana,Ninguna,No existe,Recta,Deteriorada,Buena,Diurna,Buen Tiempo,S/D,S/D,Vuelco,Ninguna,Faltante,Ninguna,Sin restricción
2018,10621,2018-12-20,Jueves,0,21:10:00,,0.0,2,"Otros,Otros",Misiones Y Hilario Ascasubi,3,2,0,0,1,0,0,"-33.447448409994,-61.473279332604",Calle,,FIRMAT,General López,Asfalto,No existe,VIII,Dentro,Urbana,Ninguna,No existe,Intersección,Bueno,Buena,Nocturna,Buen Tiempo,Frontal,S/D,Colisión,Ninguna,Faltante,Ninguna,Sin restricción
2018,10623,2018-12-25,Martes,0,21:30:00,Ruta Secundaria 4-s,0.0,2,"Moto/Ciclomotor,Automóvil",Av La Amistad Y Juan Demarchi,2,1,1,0,0,0,0,"-34.008180222738,-62.246509812623",Ruta,4-s,SANCTI SPÍRITU,General López,Asfalto,No existe,VIII,Dentro,Urbana,Ninguna,No existe,Curva,Bueno,Buena,Nocturna,Buen Tiempo,Lateral,S/D,Colisión,Ninguna,Faltante,Ninguna,Sin restricción
2018,10624,2018-12-23,Domingo,0,23:00:00,,0.0,2,"Automóvil,Automóvil",Aristobulo del Valle Y Castelli,3,2,0,0,1,0,0,"-34.005029437138,-62.241124125024",Calle,,SANCTI SPÍRITU,General López,Asfalto,No existe,VIII,Dentro,Urbana,Ninguna,No existe,Intersección,Bueno,Buena,Nocturna,Buen Tiempo,Frontal,S/D,Colisión,Ninguna,Faltante,Ninguna,Sin restricción
2018,10625,2018-04-13,Viernes,0,23:20:00,,0.0,1,Moto/Ciclomotor,Av. Provincias Unidas Y White,1,1,0,0,0,0,0,"-32.941357899973,-60.7124790807",Avenida,,ROSARIO,Rosario,Asfalto,No existe,II,Dentro,Urbana,Semáforo,Funciona,Intersección,Bueno,Buena,"Nocturna,Con luz artificial",Buen Tiempo,S/D,S/D,Colisión,Ninguna,"Horizontal,Vertical","Cordón divisorio,Vegetación",Sin restricción
2018,10626,2018-04-13,Viernes,0,01:45:00,,0.0,1,Moto/Ciclomotor,Urquiza Y San Nicolas,1,1,0,0,0,0,0,"-32.936837751586,-60.671438929649",Calle,,ROSARIO,Rosario,Asfalto,No existe,II,Dentro,Urbana,Señal Pare,No existe,Intersección,Bueno,Buena,"Nocturna,Con luz artificial",Buen Tiempo,S/D,S/D,Colisión,Ninguna,"Horizontal,Vertical",Ninguna,Sin restricción
2018,10627,2018-12-15,Sabado,0,,Ruta Secundaria 9-s,0.0,2,"Moto/Ciclomotor,Automóvil",AV SAN MARTIN 420,3,0,1,0,2,0,0,"-33.792502691923,-61.211841906891",Ruta,9-s,WHEELWRIGHT,General López,Hormigón,No existe,VIII,Dentro,Urbana,Ninguna,No existe,Recta,Bueno,Buena,Nocturna,Buen Tiempo,De alcance,S/D,Colisión,Ninguna,Faltante,Ninguna,Sin restricción
2018,10628,2018-04-18,Miercoles,0,17:00:00,,0.0,1,Moto/Ciclomotor,Dr.Rivas Y Castellanos,1,1,0,0,0,0,0,"-32.97708, -60.68445",Calle,,ROSARIO,Rosario,Asfalto,No existe,II,Dentro,Urbana,Ninguna,No existe,Intersección,Bueno,Buena,Diurna,Buen Tiempo,S/D,S/D,Colisión,Ninguna,Faltante,Ninguna,Sin restricción
2018,10629,2018-12-10,Lunes,0,12:00:00,,0.0,2,"Moto/Ciclomotor,Camión c / Semirremolque",Chile Y Los Andes,2,0,0,1,1,0,0,"-33.76262400612,-61.966254482045",Calle,,VENADO TUERTO,General López,Asfalto,No existe,VIII,Dentro,Urbana,Ninguna,No existe,Intersección,Bueno,Buena,Diurna,Buen Tiempo,S/D,S/D,Colisión,S/D,Faltante,Ninguna,Sin restricción
2018,10630,2018-04-21,Sabado,0,17:30:00,,0.0,1,Moto/Ciclomotor,J.J.Paso Y Av. Alberdi Bis,1,1,0,0,0,0,0,"-32.919323556125164,-60.68240974098",Avenida,,ROSARIO,Rosario,Asfalto,No existe,II,Dentro,Urbana,Ninguna,Funciona,Intersección,Bueno,Buena,Diurna,Buen Tiempo,S/D,S/D,Colisión,Ninguna,"Horizontal,Vertical",Línea divisoria pintada,Sin restricción
2018,10631,2018-12-15,Sabado,0,,,0.0,2,"Bicicleta,Camión c / Acoplado",Uruguay Y 3 de Febrero,2,1,0,0,1,0,0,"-33.758970988487,-61.961881435577",Calle,,VENADO TUERTO,General López,Asfalto,No existe,VIII,Dentro,Urbana,Semáforo,Funciona,Intersección,S/D,S/D,S/D,S/D,S/D,Ciclista,Atropello,S/D,Vertical,Ninguna,S/D
2018,10632,2018-04-25,Miercoles,0,15:15:00,Autopista Nacional A008,0.0,1,Automóvil,Av. Uriburu Y Av. Circunvalacion,1,1,0,0,0,0,0,"-32.992226865483,-60.702743948963",Autopista,A008,ROSARIO,Rosario,Asfalto,No existe,II,Dentro,Urbana,Ninguna,No existe,Intersección,Bueno,Buena,Diurna,Buen Tiempo,S/D,S/D,Colisión,Ninguna,Faltante,"Guardarrail,Cordón divisorio",Sin restricción
2018,10633,2018-12-17,Lunes,0,12:15:00,Ruta Nacional 8,363.0,2,"Pickup/Utilitario,Camión Chasis", ,3,0,1,0,2,0,0,"-33.77512, -61.95834",Ruta,8,VENADO TUERTO,General López,Asfalto,Pavimento,VIII,Dentro,Rural,Ninguna,No existe,Recta,Bueno,Buena,Diurna,Buen Tiempo,Frontal,S/D,Colisión,Ninguna,Faltante,Guardarrail,Sin restricción
2018,10634,2018-01-06,Sabado,0,,,0.0,2,"Moto/Ciclomotor,Otros",Machain Y Baigorria,2,0,1,0,0,0,1,"-32.89305, -60.70009",Calle,,ROSARIO,Rosario,S/D,S/D,II,S/D,Urbana,S/D,S/D,Intersección,S/D,S/D,S/D,S/D,S/D,S/D,Colisión,S/D,S/D,S/D,S/D
2018,10635,2018-05-12,Sabado,0,14:00:00,,0.0,2,"Moto/Ciclomotor,Otros",Anchorena ,2,1,0,0,0,0,1,"-32.99732, -60.63409",Calle,,ROSARIO,Rosario,S/D,S/D,II,S/D,Urbana,S/D,S/D,Intersección,S/D,S/D,S/D,S/D,S/D,S/D,Colisión,S/D,S/D,S/D,S/D
2018,10636,2018-05-09,Miercoles,0,17:00:00,,0.0,2,"Moto/Ciclomotor,Otros",Casilda ,2,1,0,0,0,0,1,"-32.9288, -60.70164",Calle,,ROSARIO,Rosario,S/D,S/D,II,S/D,Urbana,S/D,S/D,Intersección,S/D,S/D,S/D,S/D,S/D,S/D,Colisión,S/D,S/D,S/D,S/D
2018,10637,2018-05-12,Sabado,0,03:45:00,,0.0,2,"Moto/Ciclomotor,Otros",Rio De Janeiro ,2,0,1,0,0,0,1,"-32.94291,-60.68150",Calle,,ROSARIO,Rosario,S/D,S/D,II,S/D,Urbana,S/D,S/D,Recta,S/D,S/D,S/D,S/D,S/D,S/D,Colisión,S/D,S/D,S/D,S/D
2018,10638,2018-06-02,Sabado,0,04:00:00,,0.0,1,Moto/Ciclomotor, ,1,0,1,0,0,0,0,"-32.71605, -60.73145",S/D,,PUERTO SAN MARTÍN,San Lorenzo,S/D,S/D,XVII,S/D,S/D,S/D,S/D,S/D,S/D,S/D,Nocturna,S/D,S/D,S/D,Colisión,S/D,S/D,S/D,S/D
2018,10639,2018-05-13,Domingo,0,10:00:00,,0.0,2,"Moto/Ciclomotor,Otros",Peru ,2,0,1,0,0,0,1,"-32.95829,-60.71067",Calle,,ROSARIO,Rosario,S/D,S/D,II,S/D,Urbana,S/D,S/D,Recta,S/D,S/D,S/D,S/D,S/D,S/D,Colisión,S/D,S/D,S/D,S/D
2018,10640,2018-06-23,Sabado,0,04:30:00,,0.0,1,Moto/Ciclomotor, ,1,0,1,0,0,0,0,"-32.95891, -60.69653",S/D,,ROSARIO,Rosario,S/D,S/D,II,S/D,S/D,S/D,S/D,S/D,S/D,S/D,S/D,S/D,S/D,S/D,Caída ocupante,S/D,S/D,S/D,S/D
2018,10641,2018-05-15,Martes,0,21:00:00,,0.0,2,"Automóvil,Otros", ,2,1,0,0,0,0,1,"-32.9587, -60.69303",S/D,,ROSARIO,Rosario,S/D,S/D,II,S/D,S/D,S/D,S/D,S/D,S/D,S/D,S/D,S/D,S/D,S/D,Colisión,S/D,S/D,S/D,S/D
2018,10642,2018-06-05,Martes,0,02:30:00,,0.0,2,"Peatón,Otros",Bv. 27 De Febrero Y Rodriguez,2,0,1,0,0,0,1,"-32.96402, -60.66407",Avenida,,ROSARIO,Rosario,S/D,S/D,II,S/D,Urbana,S/D,S/D,Intersección,S/D,S/D,S/D,S/D,S/D,Peatón,Atropello,S/D,S/D,S/D,S/D
2018,10643,2018-06-15,Viernes,0,22:00:00,,0.0,1,Otros, ,1,0,1,0,0,0,0,"-32.9587, -60.69303",S/D,,ROSARIO,Rosario,S/D,S/D,II,S/D,S/D,S/D,S/D,S/D,S/D,S/D,Nocturna,S/D,S/D,S/D,S/D,S/D,S/D,S/D,S/D
2018,10644,2018-10-26,Viernes,0,16:00:00,,0.0,2,"Moto/Ciclomotor,Otros",Tucuman Y F.More,2,0,1,0,0,0,1,"-32.93202,-60.69375",Calle,,ROSARIO,Rosario,S/D,S/D,II,S/D,Urbana,S/D,S/D,Intersección,S/D,S/D,S/D,S/D,S/D,S/D,Colisión,S/D,S/D,S/D,S/D
2018,10645,2018-10-27,Sabado,0,20:30:00,,0.0,2,"Moto/Ciclomotor,Otros",Calle 1821 ,2,0,1,0,0,0,1,"-32.9827, -60.70733",Calle,,ROSARIO,Rosario,S/D,S/D,II,S/D,Urbana,S/D,S/D,Recta,S/D,S/D,S/D,S/D,S/D,S/D,Colisión,S/D,S/D,S/D,S/D
2018,10646,2018-10-21,Domingo,0,21:30:00,,0.0,1,Moto/Ciclomotor,Copacabana Y Punta Del Indio,1,1,0,0,0,0,0,"-33.02836, -60.68727",S/D,,ROSARIO,Rosario,S/D,S/D,II,S/D,S/D,S/D,S/D,S/D,S/D,S/D,S/D,S/D,S/D,S/D,Despiste,S/D,S/D,S/D,S/D
2018,10647,2018-09-30,Domingo,0,23:45:00,,0.0,1,Moto/Ciclomotor,Av. Provincias Unidas Y Av. Sorrento,1,0,1,0,0,0,0,"-32.90803, -60.71426",Calle,,ROSARIO,Rosario,S/D,S/D,II,S/D,Urbana,S/D,S/D,Intersección,S/D,S/D,Nocturna,S/D,S/D,S/D,Colisión,S/D,S/D,S/D,S/D
2018,10648,2018-11-02,Viernes,0,22:00:00,Autopista Nacional A008,0.0,1,Moto/Ciclomotor,San Martin Y Av. Circunvalacion,1,0,1,0,0,0,0,"-33.01589, -60.65178",Autopista,A008,ROSARIO,Rosario,S/D,S/D,II,S/D,S/D,S/D,S/D,S/D,S/D,S/D,S/D,S/D,S/D,S/D,S/D,S/D,S/D,S/D,S/D
2018,10649,2018-11-03,Sabado,0,10:00:00,,0.0,2,"Moto/Ciclomotor,Otros",Francia F Y La Paz,2,0,1,0,1,0,0,"-32.95925, -60.66997",S/D,,ROSARIO,Rosario,S/D,S/D,II,S/D,S/D,S/D,S/D,S/D,S/D,S/D,S/D,S/D,S/D,S/D,S/D,S/D,S/D,S/D,S/D
2018,10650,2018-10-02,Martes,0,00:00:00,,0.0,1,Moto/Ciclomotor, ,1,0,1,0,0,0,0,"-32.9587, -60.69303",Calle,,ROSARIO,Rosario,S/D,S/D,II,S/D,S/D,S/D,S/D,S/D,S/D,S/D,Nocturna,S/D,S/D,S/D,S/D,S/D,S/D,S/D,S/D
2018,10651,2018-10-03,Miercoles,0,16:00:00,,0.0,1,Moto/Ciclomotor,Valparaiso Y Rueda,1,0,1,0,0,0,0,"-32.96318, -60.68807",Calle,,ROSARIO,Rosario,S/D,S/D,II,S/D,Urbana,S/D,S/D,Intersección,S/D,S/D,Atardecer,S/D,S/D,S/D,Colisión,S/D,S/D,S/D,S/D
2018,10652,2018-10-05,Viernes,0,18:00:00,,0.0,1,Peatón, ,1,0,1,0,0,0,0,"-32.96577, -60.72487",Calle,,ROSARIO,Rosario,S/D,S/D,II,S/D,Urbana,S/D,S/D,S/D,S/D,S/D,Atardecer,S/D,S/D,Peatón,Atropello,S/D,S/D,S/D,S/D
2018,10653,2018-11-26,Lunes,0,00:00:00,,0.0,1,Peatón,Av. Battle y Ordo?ez ,1,1,0,0,0,0,0,"-33.0097, -60.67634",Calle,,ROSARIO,Rosario,S/D,S/D,II,S/D,Urbana,S/D,S/D,S/D,S/D,S/D,Nocturna,S/D,S/D,Peatón,Atropello,S/D,S/D,S/D,S/D
2018,10654,2018-11-28,Miercoles,0,18:00:00,,0.0,1,Otros,Minetti 1900,1,1,0,0,0,0,0,"-32.91612, -60.83114",Calle,,FUNES,Rosario,S/D,S/D,II,S/D,Urbana,S/D,S/D,S/D,S/D,S/D,Atardecer,S/D,S/D,S/D,S/D,S/D,S/D,S/D,S/D
2018,10655,2018-11-29,Jueves,0,13:15:00,Autopista Nacional A008,0.0,1,Peatón,Av. Circunvalacion Y Av. Uriburu,1,0,1,0,0,0,0,"-32.99225, -60.7028",Autopista,A008,ROSARIO,Rosario,S/D,S/D,II,S/D,Urbana,S/D,S/D,Intersección,S/D,S/D,Diurna,S/D,S/D,Peatón,Atropello,S/D,S/D,S/D,S/D
2018,10656,2018-11-29,Jueves,0,12:15:00,,0.0,1,Bicicleta, ,1,1,0,0,0,0,0,"-32.9587, -60.69303",S/D,,ROSARIO,Rosario,S/D,S/D,II,S/D,S/D,S/D,S/D,S/D,S/D,S/D,Diurna,S/D,S/D,Ciclista,Atropello,S/D,S/D,S/D,S/D
2018,10657,2018-12-05,Miercoles,0,17:30:00,,0.0,2,"Peatón,Automóvil",Salta 1700,2,0,1,0,1,0,0,"-32.9379363,-60.6470854",Calle,,ROSARIO,Rosario,Asfalto,No existe,II,Dentro,Urbana,Ninguna,No existe,Recta,Bueno,Buena,Diurna,Buen Tiempo,S/D,Peatón,Atropello,Ninguna,Faltante,Ninguna,Sin restricción
2018,10658,2018-12-20,Jueves,0,14:30:00,Ruta Provincial 15,0.0,2,"Pickup/Utilitario,Moto/Ciclomotor",RUTA PROV15 Y BRIGADIER ESTANISLAO LOPEZ,4,0,2,0,2,0,0,"-33.44653, -62.08075",Ruta,15,CAFFERATA,General López,"Asfalto,Ripio",Natural,VIII,Dentro,Urbana,Señal Pare,No existe,Intersección,Bueno,Buena,Diurna,Buen Tiempo,Lateral,S/D,Colisión,Ninguna,Vertical,S/D,S/D
2018,10659,2018-12-04,Martes,0,12:45:00,,0.0,2,"Peatón,Automóvil",Av. Belgrano 600,2,1,0,0,1,0,0,"-32.944106,-60.6339657",Avenida,,ROSARIO,Rosario,Asfalto,No existe,II,Dentro,Urbana,Ninguna,No existe,Recta,Bueno,Buena,Diurna,Buen Tiempo,S/D,Peatón,Atropello,Ninguna,Faltante,Cordón divisorio,Sin restricción
2018,10660,2018-12-07,Viernes,0,18:35:00,,0.0,1,Moto/Ciclomotor,Chaco 309,2,0,1,0,1,0,0,"-33.638342025234,-61.860504210406",Calle,,MURPHY,General López,Asfalto,S/D,VIII,Dentro,Urbana,Ninguna,No existe,Recta,Bueno,Buena,Atardecer,Buen Tiempo,Contra objeto fijo,S/D,Colisión,Ninguna,Faltante,Ninguna,Sin restricción
2018,10661,2018-12-03,Lunes,0,16:30:00,,0.0,2,"Taxi/Remis,Taxi/Remis",Pte.Roca Y Jujuy,2,1,0,0,1,0,0,"-32.9372478,-60.643624",S/D,,ROSARIO,Rosario,Asfalto,No existe,II,Dentro,Urbana,Otra Señal,No existe,Intersección,Bueno,Buena,Diurna,Buen Tiempo,De alcance,S/D,Colisión,Ninguna,Faltante,Ninguna,Sin restricción