anio_acci,nro_acci,fecha,desc_dia,fecha_aprox,hora_aprox,desc_ruta,km,cant_participantes,desc_participante,calle_avenida_km,total,heridos_leves,heridos_graves,heridos_gravisimos,ilesos,fallecidos,sin_datos,posicion_XY,desc_tipo_via,desc_ruta_ori,desc_loc,desc_dpto,desc_tipo_calzada,desc_tipo_banquina,desc_unidad_regional,desc_lugar_calzada,desc_zona,desc_prioridad,desc_estado_semaforo,desc_lugar_via,desc_estado_via,desc_estado_visibilidad,desc_luminosidad,desc_estado_clima,desc_tipo_colision,desc_tipo_atropello,desc_tipo_hecho,desc_pres_calzada,desc_senializacion,desc_separacion_via,desc_restriccion
2018,10662,2018-12-22,Sabado,0,20:25:00,,0.0,2,"Moto/Ciclomotor,Automóvil",Gral Jose de San Martin Y Nicolas Avellaneda,2,0,1,0,1,0,0,"-33.738419039971,-61.971268933202",Calle,,VENADO TUERTO,General López,Asfalto,No existe,VIII,Dentro,Urbana,Ninguna,No existe,Intersección,Bueno,Buena,Nocturna,Buen Tiempo,Lateral,S/D,Colisión,Ninguna,Faltante,Ninguna,Sin restricción
2018,10663,2018-12-14,Viernes,0,19:00:00,,0.0,2,"Bicicleta,Automóvil",Balcarce 238,2,1,0,0,1,0,0,"-32.937459,-60.6509467",Calle,,ROSARIO,Rosario,Asfalto,No existe,II,Dentro,Urbana,Ninguna,No existe,Recta,Bueno,Buena,"Atardecer,Con luz artificial",Buen Tiempo,S/D,Ciclista,Atropello,Ninguna,Faltante,Ninguna,Sin restricción
2018,10664,2018-12-09,Domingo,0,12:40:00,,0.0,2,"Automóvil,Automóvil",Pringles Y Liniers Santiago,7,1,1,0,5,0,0,"-33.746876747195,-61.951803213336",Calle,,VENADO TUERTO,General López,Asfalto,No existe,VIII,Dentro,Urbana,Otra Señal,No existe,Intersección,Bueno,Buena,Diurna,Buen Tiempo,Lateral,S/D,Colisión,Ninguna,Vertical,Ninguna,Sin restricción
2018,10665,2018-12-21,Viernes,0,09:30:00,,0.0,2,"Moto/Ciclomotor,Automóvil",Salta Y Alvear,2,0,1,0,1,0,0,"-32.9365853,-60.6528489",Calle,,ROSARIO,Rosario,Asfalto,No existe,II,Dentro,Urbana,Semáforo,Funciona,Intersección,Bueno,Buena,Diurna,Buen Tiempo,Lateral,S/D,Colisión,Ninguna,Vertical,Ninguna,Sin restricción
2018,10666,2018-12-24,Lunes,0,17:50:00,Ruta Nacional 8,336.0,1,Automóvil, ,5,1,2,0,2,0,0,"-33.84862, -61.68554",Ruta,8,SANTA ISABEL,General López,Asfalto,Natural,VIII,Fuera,Rural,Ninguna,No existe,Recta,Bueno,Buena,Atardecer,Buen Tiempo,S/D,S/D,Despiste,Ninguna,Faltante,Línea divisoria pintada,Sin restricción
2018,10667,2018-12-21,Viernes,0,12:10:00,,0.0,1,Moto/Ciclomotor,San Martin 350,1,0,1,0,0,0,0,"-33.732734738034,-61.758448236765",Calle,,CARMEN,General López,Asfalto,No existe,VIII,Dentro,Urbana,Ninguna,No existe,Paso a Nivel FFCC,Bueno,Buena,Diurna,Buen Tiempo,Contra objeto fijo,S/D,Colisión,Ninguna,Faltante,Ninguna,Sin restricción
2018,10668,2018-12-03,Lunes,0,17:30:00,,0.0,2,"Moto/Ciclomotor,Automóvil",Bv. Oro?o Y Cochabamba,2,1,0,0,1,0,0,"-32.955585,-60.6569672",Avenida,,ROSARIO,Rosario,Asfalto,No existe,II,Dentro,Urbana,Señal Ceda el Paso,No existe,Rotonda,Bueno,Buena,Diurna,Buen Tiempo,Lateral,S/D,Colisión,Ninguna,Vertical,Cordón divisorio,Sin restricción
2018,10669,2018-12-02,Domingo,0,01:30:00,,0.0,2,"Moto/Ciclomotor,Moto/Ciclomotor",Bv San Martin Y H Irigoyen,5,2,2,0,1,0,0,"-34.2615, -62.70966",Calle,,RUFINO,General López,Asfalto,No existe,VIII,Dentro,Urbana,Ninguna,No existe,Recta,Bueno,Buena,"Nocturna,Con luz artificial",Buen Tiempo,Otro,S/D,Colisión,S/D,S/D,Ninguna,Sin restricción
2018,10670,2018-12-04,Martes,0,07:50:00,,0.0,2,"Moto/Ciclomotor,Automóvil",Av. Pellegrini Y Av. Ovidio Lagos,2,1,0,0,1,0,0,"-32.953066,-60.6647282",Avenida,,ROSARIO,Rosario,Asfalto,S/D,V,Dentro,Urbana,Semáforo,S/D,Recta,Bueno,Buena,Diurna,Buen Tiempo,De alcance,S/D,Colisión,S/D,Vertical,Cordón divisorio,Sin restricción
2018,10671,2018-12-12,Miercoles,0,15:30:00,,0.0,2,"Moto/Ciclomotor,Pickup/Utilitario",Ituzaingo Y Mitre,2,1,0,0,1,0,0,"-32.960471819529,-60.643137685641",Calle,,ROSARIO,Rosario,Asfalto,No existe,II,Dentro,Urbana,Ninguna,No existe,Recta,Bueno,Buena,Diurna,Buen Tiempo,Lateral,S/D,Colisión,Ninguna,Faltante,Ninguna,Sin restricción
2018,10672,2018-12-13,Jueves,0,08:50:00,,0.0,2,"Peatón,Bicicleta",Salta 3508,2,1,0,0,1,0,0,"-32.933549041402,-60.669299444673",S/D,,ROSARIO,Rosario,Asfalto,No existe,II,S/D,S/D,Ninguna,No existe,Intersección,Bueno,Buena,Diurna,Buen Tiempo,De alcance,Peatón,Atropello,Ninguna,Faltante,Ninguna,Sin restricción
2018,10673,2018-12-14,Viernes,0,08:45:00,,0.0,2,"Moto/Ciclomotor,Automóvil",Bv. Oro?o Y Virasoro,2,0,1,0,0,0,1,"-32.967226,-60.659103",Calle,,ROSARIO,Rosario,Asfalto,No existe,II,Dentro,Urbana,Semáforo,No existe,Intersección,Bueno,Buena,Diurna,Buen Tiempo,S/D,S/D,Colisión,Ninguna,"Horizontal,Vertical","Cordón divisorio,Vegetación,Línea divisoria pintada,S/D",Sin restricción
2018,10674,2018-12-08,Sabado,0,02:30:00,Ruta Provincial 6,61.0,1,Moto/Ciclomotor, ,1,1,0,0,0,0,0,"-31.39787, -60.90102",Ruta,6,ESPERANZA,Las Colonias,Asfalto,Natural,XI,Dentro,Rural,Ninguna,No existe,Recta,Bueno,Buena,Nocturna,Buen Tiempo,S/D,S/D,Caída ocupante,Ninguna,Faltante,Vegetación,Sin restricción
2018,10675,2018-04-26,Jueves,0,15:00:00,,0.0,1,Moto/Ciclomotor,Nahuel Huapi ,1,1,0,0,0,0,0,"-32.982788206909,-60.685853766286",Calle,,ROSARIO,Rosario,Ripio,No existe,II,Dentro,Urbana,Ninguna,No existe,Recta,Bueno,Buena,Diurna,Buen Tiempo,S/D,S/D,Colisión,Ninguna,Faltante,Ninguna,Sin restricción
2018,10676,2018-04-27,Viernes,0,20:50:00,,0.0,1,Moto/Ciclomotor,Mendoza Y Santiago,1,0,1,0,0,0,0,"-32.948359508472,-60.657299870086",Calle,,ROSARIO,Rosario,Asfalto,No existe,II,Dentro,Urbana,Semáforo,Funciona,Intersección,Bueno,Buena,"Nocturna,Con luz artificial",Buen Tiempo,S/D,S/D,Colisión,Ninguna,"Horizontal,Vertical",Línea divisoria pintada,Sin restricción
2018,10677,2018-12-21,Viernes,0,05:15:00,,0.0,2,"Pickup/Utilitario,Moto/Ciclomotor",Aristobulo del Valle Y Mariano Moreno,2,1,0,0,1,0,0,"-31.437451383419,-60.92874611856",Calle,,ESPERANZA,Las Colonias,Asfalto,No existe,XI,Dentro,Urbana,Ninguna,No existe,Intersección,Bueno,Buena,Diurna,Buen Tiempo,Lateral,S/D,Colisión,Ninguna,Faltante,Ninguna,Sin restricción
2018,10678,2018-12-14,Viernes,0,03:05:00,,0.0,2,"Automóvil,Automóvil",Av. Illia 1100,2,1,0,0,1,0,0,"-32.939764,-60.6372578",Calle,,ROSARIO,Rosario,Asfalto,No existe,II,Dentro,Urbana,Semáforo,Funciona,Recta,Bueno,Buena,"Nocturna,Con luz artificial",Buen Tiempo,S/D,S/D,Colisión,Ninguna,"Horizontal,Vertical","Ninguna,S/D",Sin restricción
2018,10679,2018-04-29,Domingo,0,14:15:00,,0.0,1,Moto/Ciclomotor,Gral.Mosconi Y Bv. Avellaneda,1,1,0,0,0,0,0,"-32.98355609178543,-60.688457116484",Avenida,,ROSARIO,Rosario,Asfalto,No existe,II,Dentro,Urbana,Paso Peatonal,No existe,Intersección,Bueno,Buena,Diurna,Buen Tiempo,S/D,S/D,Colisión,Ninguna,Horizontal,"Cordón divisorio,Vegetación",Sin restricción
2018,10680,2018-12-26,Miercoles,0,,,0.0,2,"Moto/Ciclomotor,Automóvil",Cullen Y San Martin,2,1,0,0,1,0,0,"-31.452339666777,-60.931391514747",Calle,,ESPERANZA,Las Colonias,Asfalto,No existe,XI,Dentro,Urbana,Ninguna,No existe,Intersección,Bueno,Buena,Diurna,Buen Tiempo,Lateral,S/D,Colisión,Ninguna,Faltante,Ninguna,Sin restricción
2018,10681,2018-04-30,Lunes,0,12:30:00,,0.0,2,"Otros,Bicicleta",Bv. J.Granel Y Bv. Bouchard,2,1,0,0,0,0,1,"-32.890146, -60.724103",Avenida,,ROSARIO,Rosario,Asfalto,No existe,II,Dentro,Urbana,Semáforo,Funciona,Intersección,Bueno,Buena,Diurna,Buen Tiempo,S/D,Ciclista,Atropello,Ninguna,"Horizontal,Vertical","Cordón divisorio,Vegetación",Sin restricción
2018,10682,2018-12-11,Martes,0,,,0.0,2,"Automóvil,Moto/Ciclomotor",San Martin Y Las Heras,2,0,1,0,0,0,1,"-31.45985793361,-60.933675319232",Calle,,ESPERANZA,Las Colonias,Asfalto,No existe,XI,Dentro,Urbana,Ninguna,No existe,Intersección,Bueno,Buena,Diurna,S/D,De alcance,S/D,Colisión,Ninguna,Faltante,Ninguna,S/D
2018,10683,2018-12-14,Viernes,0,09:10:00,,0.0,2,"Bicicleta,Transporte de Pasajeros Urbano (> 8 asientos)",San Lorenzo Y Mitre,2,1,0,0,1,0,0,"-32.94386583427,-60.638975077389",S/D,,ROSARIO,Rosario,Asfalto,No existe,II,S/D,S/D,Ninguna,Funciona,Recta,Bueno,Buena,Diurna,Buen Tiempo,Otro,Ciclista,Atropello,Ninguna,Vertical,Ninguna,Sin restricción
2018,10684,2018-12-15,Sabado,0,11:00:00,,0.0,2,"Moto/Ciclomotor,Automóvil",Cullen Y R G Videla,4,1,0,0,3,0,0,"-31.450252577043,-60.940554690451",Calle,,ESPERANZA,Las Colonias,Asfalto,No existe,XI,Dentro,Urbana,Ninguna,No existe,Intersección,Bueno,Buena,Diurna,Buen Tiempo,De alcance,S/D,Colisión,Ninguna,Faltante,Ninguna,Sin restricción
2018,10685,2018-05-16,Miercoles,0,22:40:00,,0.0,1,Moto/Ciclomotor,Bv. Avellaneda Y Cordoba,1,1,0,0,0,0,0,"-32.93907, -60.67903",Calle,,ROSARIO,Rosario,Asfalto,Natural,II,Dentro,Urbana,Ninguna,No existe,Recta,Bueno,Reducida,Nocturna,Otro,Atropello animal,S/D,Atropello,Ninguna,Faltante,Línea divisoria pintada,Sin restricción
2018,10686,2018-05-19,Sabado,0,07:20:00,,0.0,1,Peatón,Suipacha Y Jujuy,1,0,1,0,0,0,0,"-32.9336, -60.66213",Calle,,ROSARIO,Rosario,Asfalto,S/D,II,Dentro,Urbana,S/D,S/D,Intersección,S/D,S/D,Diurna,S/D,S/D,Peatón,Atropello,S/D,S/D,S/D,Sin restricción
2018,10687,2018-05-26,Sabado,0,00:00:00,,0.0,1,Moto/Ciclomotor,Sol de Mayo ,1,0,1,0,0,0,0,"-32.928965, -60.685110",Calle,,ROSARIO,Rosario,Asfalto,No existe,II,S/D,Urbana,Ninguna,S/D,Recta,S/D,S/D,Nocturna,S/D,Contra objeto fijo,S/D,Colisión,S/D,S/D,S/D,Sin restricción
2018,10688,2018-05-28,Lunes,0,19:00:00,Autopista Nacional A008,0.0,1,Moto/Ciclomotor,Av. Circunvalacion ,1,0,1,0,0,0,0,"-33.009913, -60.617891",Autopista,A008,ROSARIO,Rosario,Asfalto,No existe,II,Dentro,Urbana,S/D,No existe,Recta,S/D,S/D,Diurna,S/D,Contra objeto fijo,S/D,Colisión,S/D,S/D,S/D,S/D
2018,10689,2018-12-20,Jueves,0,18:00:00,,0.0,2,"Moto/Ciclomotor,Automóvil",Albert Sabin Y Alberdi,2,1,0,0,1,0,0,"-32.55065, -61.24941",Avenida,,ROSARIO,Rosario,Asfalto,No existe,II,Dentro,Urbana,Semáforo,Funciona,Recta,Bueno,Buena,Diurna,Buen Tiempo,De alcance,S/D,Colisión,Ninguna,Vertical,Ninguna,Sin restricción
2018,10690,2018-12-22,Sabado,0,21:50:00,,0.0,2,"Automóvil,Moto/Ciclomotor",Albert Sabin Y Don Bosco,2,1,0,0,1,0,0,"-32.92642, -60.68047",Avenida,,ROSARIO,Rosario,Asfalto,No existe,II,Dentro,Urbana,Ninguna,No existe,Intersección,Bueno,Buena,Nocturna,Buen Tiempo,Lateral,S/D,Colisión,Ninguna,Faltante,Ninguna,Sin restricción
2018,10691,2018-12-14,Viernes,0,15:30:00,,0.0,2,"Automóvil,Moto/Ciclomotor",Nicolas Laguna Y Grandoli,2,1,0,0,1,0,0,"-32.886917, -60.724143",Calle,,ROSARIO,Rosario,Asfalto,No existe,II,Dentro,Urbana,Ninguna,No existe,Recta,Bueno,Buena,Diurna,Buen Tiempo,Frontal,S/D,Colisión,Ninguna,Faltante,Ninguna,Sin restricción
2018,10692,2018-10-13,Sabado,0,17:30:00,,0.0,1,Automóvil,San Martin ,2,2,0,0,0,0,0,"-33.23994, -60.83671",Calle,,ACEBAL,Rosario,Asfalto,S/D,II,S/D,Urbana,S/D,No existe,Recta,S/D,S/D,Diurna,S/D,Contra objeto fijo,S/D,Colisión,S/D,S/D,S/D,S/D
2018,10693,2018-12-02,Domingo,0,15:00:00,,0.0,2,"Moto/Ciclomotor,Pickup/Utilitario",Villa del Parque 4200,2,1,0,0,1,0,0,"-32.880817, -60.728402",Calle,,ROSARIO,Rosario,Asfalto,No existe,II,Dentro,Urbana,Ninguna,No existe,Recta,Bueno,Buena,Diurna,Buen Tiempo,Lateral,S/D,Colisión,Ninguna,Faltante,Ninguna,Sin restricción
2018,10694,2018-12-19,Miercoles,0,06:25:00,,0.0,2,"Pickup/Utilitario,Moto/Ciclomotor",F.Netri Y Pavlov,2,1,0,0,1,0,0,"-32.906070, -60.700644",Calle,,ROSARIO,Rosario,Asfalto,No existe,II,Dentro,Urbana,Ninguna,No existe,Intersección,Bueno,Buena,Diurna,Buen Tiempo,Lateral,S/D,Colisión,Ninguna,Faltante,Ninguna,Sin restricción
2018,10695,2018-12-01,Sabado,0,03:20:00,,0.0,1,Moto/Ciclomotor,General Manuel Belgrano Y Santiago Denner,2,2,0,0,0,0,0,"-31.432325778511,-60.92418867698",Calle,,ESPERANZA,Las Colonias,Ripio,No existe,XI,Dentro,Urbana,Ninguna,No existe,Intersección,Bueno,Buena,Nocturna,Buen Tiempo,S/D,S/D,Caída ocupante,Ninguna,Faltante,Ninguna,Sin restricción
2018,10696,2018-12-05,Miercoles,0,17:50:00,,0.0,2,"Pickup/Utilitario,Moto/Ciclomotor",Estanislao Zeballos Y Domingo Faustino Sarmiento,5,2,1,0,2,0,0,"-31.438478716534,-60.928230322727",Calle,,ESPERANZA,Las Colonias,Asfalto,No existe,XI,Dentro,Urbana,Ninguna,No existe,Intersección,Bueno,Buena,Diurna,Buen Tiempo,Lateral,S/D,Colisión,Ninguna,Faltante,Ninguna,Sin restricción
2018,10697,2018-12-06,Jueves,0,12:15:00,,0.0,2,"Moto/Ciclomotor,Automóvil",Mariano Moreno Y 3 de Febrero,2,0,1,0,1,0,0,"-31.446772516238,-60.931772991242",Calle,,ESPERANZA,Las Colonias,Asfalto,No existe,XI,Dentro,Urbana,Ninguna,No existe,Intersección,Bueno,Buena,Diurna,Buen Tiempo,De alcance,S/D,Colisión,Ninguna,Faltante,Ninguna,Sin restricción
2018,10698,2018-12-06,Jueves,0,08:30:00,,0.0,1,Bicicleta,Dr Romang Y Castelli,1,1,0,0,0,0,0,"-31.45339152384,-60.922501824952",Calle,,ESPERANZA,Las Colonias,Asfalto,No existe,XI,Dentro,Urbana,Ninguna,No existe,Intersección,Bueno,Buena,Diurna,Buen Tiempo,S/D,S/D,Caída ocupante,Ninguna,Vertical,Ninguna,Sin restricción
2018,10699,2018-12-07,Viernes,0,22:15:00,,0.0,2,"Automóvil,Moto/Ciclomotor",Bartolome Mitre Y Marcos Avellaneda,4,1,0,0,3,0,0,"-31.45256414827,-60.938321227038",Calle,,ESPERANZA,Las Colonias,Hormigón,No existe,XI,Dentro,Urbana,Ninguna,No existe,Intersección,Bueno,Reducida,Nocturna,Buen Tiempo,Lateral,S/D,Colisión,Ninguna,Faltante,Ninguna,Sin restricción
2018,10700,2018-12-12,Miercoles,0,12:25:00,,0.0,2,"Moto/Ciclomotor,Automóvil",G Lehmann Y Nicolas Schneider,2,1,0,0,1,0,0,"-31.452033041986,-60.924545183001",Calle,,ESPERANZA,Las Colonias,Asfalto,No existe,XI,Dentro,Urbana,Ninguna,No existe,Intersección,Bueno,Buena,Diurna,Buen Tiempo,Lateral,S/D,Colisión,Ninguna,Faltante,Ninguna,Sin restricción
2018,10701,2018-12-12,Miercoles,0,16:30:00,Ruta Provincial 70,0.0,2,"Automóvil,Moto/Ciclomotor",Ruta provincial 70 Y Dr Romang,4,1,0,0,0,0,3,"-31.44497, -60.91984",Ruta,70,ESPERANZA,Las Colonias,Asfalto,No existe,XI,Dentro,Urbana,Semáforo,Funciona,Intersección,Bueno,Buena,Diurna,Buen Tiempo,Lateral,S/D,Colisión,Ninguna,Vertical,Línea divisoria pintada,Sin restricción
2018,10702,2018-12-15,Sabado,0,12:10:00,,0.0,2,"Moto/Ciclomotor,Automóvil",Cullen Y Maipu,2,0,1,0,1,0,0,"-31.454814043599,-60.92032752944",Calle,,ESPERANZA,Las Colonias,Asfalto,No existe,XI,Dentro,Urbana,Ninguna,No existe,Intersección,Bueno,Buena,Diurna,Buen Tiempo,Lateral,S/D,Colisión,Ninguna,Faltante,Ninguna,Sin restricción
2018,10703,2018-12-20,Jueves,0,18:05:00,,0.0,2,"Automóvil,Moto/Ciclomotor",Colon Y Simon de Iriondo,2,1,0,0,1,0,0,"-31.439557054544,-60.927520423085",Calle,,ESPERANZA,Las Colonias,Asfalto,No existe,XI,Dentro,Urbana,Ninguna,No existe,Intersección,"Bueno,Resbaladiza",Reducida,Diurna,Lluvia,De alcance,S/D,Colisión,Agua,Faltante,Cordón divisorio,Sin restricción
2018,10704,2018-07-15,Domingo,0,,,0.0,1,Moto/Ciclomotor, ,1,1,0,0,0,0,0,"-33.022244, -60.875544",Calle,,ZAVALLA,Rosario,S/D,S/D,II,Dentro,Urbana,S/D,S/D,S/D,S/D,S/D,S/D,S/D,S/D,S/D,Colisión,S/D,S/D,S/D,S/D
2018,10705,2018-07-24,Martes,0,07:00:00,,0.0,1,Moto/Ciclomotor, ,1,1,0,0,0,0,0,"-33.000990, -60.770580",Calle,,PÉREZ,Rosario,S/D,S/D,II,Dentro,Urbana,S/D,S/D,S/D,S/D,S/D,S/D,S/D,S/D,S/D,Colisión,S/D,S/D,S/D,S/D
2018,10706,2018-12-21,Viernes,0,12:20:00,,0.0,2,"Moto/Ciclomotor,Automóvil",Lopez y Planes Y Juan Jose Paso,3,1,0,0,2,0,0,"-31.453413180469,-60.942443087556",Calle,,ESPERANZA,Las Colonias,Ripio,No existe,XI,Dentro,Urbana,Ninguna,No existe,Intersección,Bueno,Buena,Diurna,Buen Tiempo,Lateral,S/D,Colisión,Ninguna,Faltante,Ninguna,Sin restricción
2018,10707,2018-07-31,Martes,0,00:01:00,,0.0,1,Moto/Ciclomotor,Cerrito Y Av. Corrientes,1,0,1,0,0,0,0,"-32.961117746746,-60.646234134679",Calle,,ROSARIO,Rosario,Asfalto,No existe,II,Dentro,Urbana,Paso Peatonal,No existe,Intersección,Bueno,Buena,"Nocturna,Con luz artificial",Buen Tiempo,S/D,S/D,Colisión,Ninguna,Horizontal,Línea divisoria pintada,Sin restricción
2018,10708,2018-12-21,Viernes,0,17:45:00,,0.0,2,"Bicicleta,Pickup/Utilitario",Rivadavia Y 3 de Febrero,2,1,0,0,0,0,1,"-31.447630596274,-60.927862946784",Calle,,ESPERANZA,Las Colonias,Asfalto,No existe,XI,Dentro,Urbana,Ninguna,No existe,Recta,Bueno,Buena,Diurna,Buen Tiempo,S/D,Ciclista,Atropello,Ninguna,Faltante,Ninguna,Sin restricción
2018,10709,2018-12-21,Viernes,0,21:35:00,,0.0,2,"Automóvil,Moto/Ciclomotor",Castelli Y Dr Romang,3,1,0,0,0,0,2,"-31.4534, -60.92249",Calle,,ESPERANZA,Las Colonias,Asfalto,No existe,XI,Dentro,Urbana,S/D,S/D,Intersección,Bueno,Buena,Nocturna,Buen Tiempo,S/D,S/D,Colisión,S/D,Vertical,S/D,Sin restricción
2018,10710,2018-12-08,Sabado,0,23:15:00,,0.0,2,"Ambulancia,Automóvil",Bv. 27 De Febrero Y Av. Provincias Unidas,2,2,0,0,0,0,0,"-32.9593712836504,-60.7118050754070",Avenida,,ROSARIO,Rosario,Asfalto,No existe,II,Dentro,Urbana,Semáforo,Funciona,Intersección,Bueno,Buena,Atardecer,Buen Tiempo,Lateral,S/D,Colisión,Ninguna,"Horizontal,Vertical","Cordón divisorio,Línea divisoria pintada",Sin restricción
2018,10711,2018-12-22,Sabado,0,18:30:00,,0.0,2,"Bicicleta,Automóvil",Cullen Y 1 de Mayo,2,1,0,0,1,0,0,"-31.453962745683,-60.923953962251",Calle,,ESPERANZA,Las Colonias,Hormigón,No existe,XI,Dentro,Urbana,Ninguna,No existe,Intersección,Bueno,Buena,Diurna,Buen Tiempo,S/D,Ciclista,Atropello,Ninguna,Faltante,Ninguna,Sin restricción
2018,10712,2018-12-23,Domingo,0,12:55:00,,0.0,2,"Automóvil,Moto/Ciclomotor",Cullen Y Mariano Moreno,5,1,0,0,4,0,0,"-31.451887754452,-60.933385849712",Calle,,ESPERANZA,Las Colonias,Asfalto,No existe,XI,Dentro,Urbana,Ninguna,No existe,Intersección,Bueno,Buena,Diurna,Buen Tiempo,De alcance,S/D,Colisión,Ninguna,Faltante,Cordón divisorio,Sin restricción
2018,10713,2018-12-10,Lunes,0,19:15:00,,0.0,2,"Automóvil,Moto/Ciclomotor",Bv. 27 De Febrero Y Barra,4,2,0,0,2,0,0,"-32.959109089808,-60.706058776348",Avenida,,ROSARIO,Rosario,Asfalto,No existe,II,Dentro,Urbana,Ninguna,No existe,Recta,Bueno,Buena,Atardecer,Buen Tiempo,S/D,S/D,Colisión,Ninguna,Horizontal,"Cordón divisorio,Línea divisoria pintada",Sin restricción
2018,10714,2018-01-24,Miercoles,0,17:30:00,,0.0,2,"Automóvil,Automóvil",Domingo Faustino Sarmiento Y Soler,2,1,0,0,1,0,0,"-31.46049, -60.93494",Calle,,ESPERANZA,Las Colonias,Asfalto,S/D,XI,Dentro,Urbana,Ninguna,No existe,Intersección,Bueno,Buena,Diurna,Buen Tiempo,Lateral,S/D,Colisión,Ninguna,Vertical,Ninguna,Sin restricción
2018,10715,2018-12-23,Domingo,0,13:55:00,,0.0,2,"Automóvil,Moto/Ciclomotor",F.Netri Y Esquivel,3,1,0,0,2,0,0,"-32.906651, -60.701202",Calle,,ROSARIO,Rosario,Asfalto,No existe,II,Dentro,Urbana,Ninguna,No existe,Intersección,Bueno,Buena,Diurna,Buen Tiempo,Lateral,S/D,Colisión,Ninguna,Faltante,Ninguna,Sin restricción
2018,10716,2018-12-23,Domingo,0,19:05:00,,0.0,2,"Bicicleta,Moto/Ciclomotor",Av. Eudoro Carrasco 2200,3,3,0,0,0,0,0,"-32.890086, -60.686395",Avenida,,ROSARIO,Rosario,Asfalto,No existe,II,Dentro,Urbana,Ninguna,No existe,Recta,Bueno,Buena,Diurna,Buen Tiempo,S/D,Ciclista,Atropello,Ninguna,Faltante,Ninguna,Sin restricción
2018,10717,2018-12-31,Lunes,0,20:00:00,,0.0,2,"Moto/Ciclomotor,Automóvil",Calle 13 Y Calle 8,2,1,0,0,1,0,0,"-32.686197, -61.525324",Calle,,LAS PAREJAS,Belgrano,Asfalto,Natural,III,Dentro,Urbana,Ninguna,No existe,Intersección,Resbaladiza,Buena,Atardecer,Buen Tiempo,De alcance,S/D,Colisión,Ninguna,Faltante,Ninguna,Sin restricción
2018,10718,2018-12-24,Lunes,0,19:20:00,,0.0,2,"Moto/Ciclomotor,Automóvil",Rivadavia Y Leandro N Alem,3,1,0,0,2,0,0,"-31.437529969017,-60.924739368413",Calle,,ESPERANZA,Las Colonias,"Asfalto,Ripio",No existe,XI,Dentro,Urbana,Ninguna,No existe,Recta,Otro,Buena,Atardecer,Buen Tiempo,De alcance,S/D,Colisión,Ninguna,Faltante,Ninguna,Sin restricción
2018,10719,2018-12-28,Viernes,0,18:00:00,,0.0,2,"Automóvil,Moto/Ciclomotor",Av Los Colonizadores Y Nicolas Schneider,4,1,0,0,3,0,0,"-31.450345885222,-60.924018397717",Avenida,,ESPERANZA,Las Colonias,Asfalto,No existe,XI,Dentro,Urbana,Ninguna,No existe,Intersección,Bueno,Buena,Diurna,Buen Tiempo,De alcance,S/D,Colisión,Ninguna,Vertical,Ninguna,Sin restricción
2018,10720,2018-12-05,Miercoles,0,10:20:00,,0.0,2,"Moto/Ciclomotor,Bicicleta",Belgrano Manuel 500,4,3,0,0,1,0,0,"-31.726914112882,-61.091567470532",Calle,,SAN CARLOS CENTRO,Las Colonias,Hormigón,No existe,XI,Dentro,Urbana,Paso Peatonal,No existe,Recta,Bueno,Buena,Diurna,Buen Tiempo,S/D,Ciclista,Atropello,Ninguna,Horizontal,Cordón divisorio,Sin restricción
2018,10721,2018-12-13,Jueves,0,09:50:00,,0.0,2,"Automóvil,Moto/Ciclomotor",Belgrano Manuel 1900,2,1,0,0,1,0,0,"-31.740398432586,-61.094938773008",Calle,,SAN CARLOS CENTRO,Las Colonias,Asfalto,No existe,XI,Dentro,Urbana,Ninguna,No existe,Recta,Bueno,Buena,Diurna,Buen Tiempo,Otro,S/D,Colisión,Ninguna,Vertical,Ninguna,Sin restricción
2018,10722,2018-12-28,Viernes,0,18:20:00,,0.0,2,"Moto/Ciclomotor,Automóvil",J M Lheritier Y Moreno,5,1,0,0,4,0,0,"-31.727410964264,-61.088830081871",Calle,,SAN CARLOS CENTRO,Las Colonias,Asfalto,No existe,XI,Dentro,Urbana,Ninguna,No existe,Intersección,Bueno,Buena,Diurna,Buen Tiempo,Lateral,S/D,Colisión,Ninguna,Faltante,Ninguna,Sin restricción
2018,10723,2018-12-20,Jueves,0,12:30:00,,0.0,2,"Moto/Ciclomotor,Automóvil",Juan de Garay 700,2,1,0,0,1,0,0,"-31.550382469861,-61.079381652123",Calle,,SAN JERÓNIMO NORTE,Las Colonias,Hormigón,No existe,XI,Dentro,Urbana,Ninguna,No existe,Recta,Bueno,S/D,Diurna,S/D,Lateral,S/D,Colisión,Ninguna,Faltante,Ninguna,Sin restricción