anio_acci,nro_acci,fecha,desc_dia,fecha_aprox,hora_aprox,desc_ruta,km,cant_participantes,desc_participante,calle_avenida_km,total,heridos_leves,heridos_graves,heridos_gravisimos,ilesos,fallecidos,sin_datos,posicion_XY,desc_tipo_via,desc_ruta_ori,desc_loc,desc_dpto,desc_tipo_calzada,desc_tipo_banquina,desc_unidad_regional,desc_lugar_calzada,desc_zona,desc_prioridad,desc_estado_semaforo,desc_lugar_via,desc_estado_via,desc_estado_visibilidad,desc_luminosidad,desc_estado_clima,desc_tipo_colision,desc_tipo_atropello,desc_tipo_hecho,desc_pres_calzada,desc_senializacion,desc_separacion_via,desc_restriccion
2018,10724,2018-12-11,Martes,0,,,0.0,2,"Moto/Ciclomotor,Peatón", ,2,1,0,0,1,0,0,"-31.5871, -60.93682",S/D,,FRANCK,Las Colonias,S/D,S/D,XI,Dentro,Urbana,S/D,S/D,S/D,S/D,S/D,S/D,S/D,S/D,Peatón,Atropello,S/D,S/D,S/D,S/D
2018,10725,2018-12-19,Miercoles,0,23:15:00,Ruta Provincial 6,0.0,2,"Moto/Ciclomotor,Automóvil",Islas Malvinas Y San Martin,2,1,0,0,1,0,0,"-31.579510975793,-60.936451555928",Ruta,6,FRANCK,Las Colonias,Asfalto,Pavimento,XI,Dentro,Urbana,Semáforo,Funciona,Intersección,Bueno,Buena,Nocturna,Buen Tiempo,Lateral,S/D,Colisión,Ninguna,Vertical,Línea divisoria pintada,Sin restricción
2018,10726,2018-12-21,Viernes,0,17:00:00,Ruta Secundaria 67-s,0.0,2,"Automóvil,Moto/Ciclomotor",Mariano Moreno Y 9 de Julio,2,1,0,0,1,0,0,"-31.583697363451,-60.93987509452",Ruta,67-s,FRANCK,Las Colonias,Asfalto,No existe,XI,Dentro,Urbana,Ninguna,No existe,Intersección,Bueno,Buena,Diurna,Buen Tiempo,De alcance,S/D,Colisión,Ninguna,Faltante,Cordón divisorio,Sin restricción
2018,10727,2018-12-10,Lunes,0,21:00:00,Ruta Secundaria 67-s,0.0,2,"Moto/Ciclomotor,Moto/Ciclomotor",9 de Julio Y Mariano Moreno,2,2,0,0,0,0,0,"-31.583697363451,-60.93987509452",Ruta,67-s,FRANCK,Las Colonias,Asfalto,Pavimento,XI,Dentro,Urbana,Ninguna,No existe,Intersección,Bueno,Reducida,"Nocturna,Con luz artificial",Buen Tiempo,S/D,S/D,Colisión,Ninguna,Faltante,Ninguna,Sin restricción
2018,10728,2018-12-02,Domingo,0,04:30:00,,0.0,1,Moto/Ciclomotor,Sarmiento 2135,1,0,1,0,0,0,0,"-31.405481558325,-61.085064962995",Calle,,HUMBOLDT,Las Colonias,Hormigón,No existe,XI,Dentro,Urbana,Ninguna,No existe,Recta,Bueno,Buena,"Nocturna,Con luz artificial",Buen Tiempo,Contra objeto fijo,S/D,Colisión,Ninguna,Vertical,Ninguna,Sin restricción
2018,10729,2018-12-19,Miercoles,0,15:00:00,Autopista Nacional A008,0.0,2,"Moto/Ciclomotor,Automóvil",Bv. 27 De Febrero Y Av. Circunvalacion,5,2,0,0,3,0,0,"-32.959528888958,-60.720865736847",Autopista,A008,ROSARIO,Rosario,Asfalto,Pavimento,II,Dentro,Urbana,Semáforo,Funciona,Intersección,Bueno,Buena,Diurna,Buen Tiempo,S/D,S/D,Colisión,Ninguna,"Horizontal,Vertical","Barrera de hormigón,Línea divisoria pintada",Sin restricción
2018,10730,2018-12-04,Martes,0,10:50:00,,0.0,2,"Pickup/Utilitario,Bicicleta",Av San Martin Y Moreno,2,1,0,0,1,0,0,"-31.39903, -61.08197",Avenida,,HUMBOLDT,Las Colonias,Hormigón,Pavimento,XI,Dentro,Urbana,Ninguna,No existe,Intersección,Bueno,Buena,Diurna,Buen Tiempo,S/D,Ciclista,Atropello,Ninguna,Faltante,Ninguna,Sin restricción
2018,10731,2018-12-28,Viernes,0,13:30:00,,0.0,2,"Transporte de Pasajeros Urbano (> 8 asientos),Moto/Ciclomotor",Palmero Pje Y Rivadavia,2,1,0,0,1,0,0,"-31.394583624573,-61.079392810336",Calle,,HUMBOLDT,Las Colonias,Asfalto,No existe,XI,Dentro,Urbana,Ninguna,No existe,Intersección,Bueno,Buena,Diurna,Buen Tiempo,Lateral,S/D,Colisión,Ninguna,Faltante,Ninguna,Sin restricción
2018,10732,2018-12-19,Miercoles,0,07:25:00,,0.0,2,"Automóvil,Bicicleta",Av. Provincias Unidas Y Rivarola,2,1,0,0,1,0,0,"-32.965748199166,-60.711500266972",Avenida,,ROSARIO,Rosario,Asfalto,No existe,II,Dentro,Urbana,Semáforo,Funciona,Intersección,Bueno,Buena,Diurna,Buen Tiempo,S/D,Ciclista,Atropello,Ninguna,"Horizontal,Vertical",Cordón divisorio,Sin restricción
2018,10733,2018-12-12,Miercoles,0,23:55:00,,0.0,2,"Moto/Ciclomotor,Bicicleta", ,2,2,0,0,0,0,0,"-31.24759, -61.19444",Camino Rural,,FELICIA,Las Colonias,Tierra,No existe,XI,Dentro,Rural,Ninguna,No existe,Recta,Otro,Reducida,Nocturna,Lluvia,S/D,Ciclista,Atropello,Ninguna,Faltante,Ninguna,Sin restricción
2018,10734,2018-12-11,Martes,0,15:40:00,,0.0,2,"Pickup/Utilitario,Moto/Ciclomotor",Camilo Aldao Y Amenabar,3,2,0,0,1,0,0,"-32.963528, -60.695078",Calle,,ROSARIO,Rosario,Asfalto,No existe,II,Dentro,Urbana,Ninguna,No existe,Recta,Bueno,Buena,Diurna,Buen Tiempo,S/D,S/D,Colisión,Ninguna,Faltante,Ninguna,Sin restricción
2018,10735,2018-12-07,Viernes,0,15:40:00,,0.0,2,"Pickup/Utilitario,Moto/Ciclomotor",Av. Pte.Peron Y Castellanos,2,1,0,0,1,0,0,"-32.957152296197,-60.679413388315",Avenida,,ROSARIO,Rosario,Asfalto,No existe,II,Dentro,Urbana,Semáforo,Funciona,Intersección,Bueno,Buena,Diurna,Buen Tiempo,S/D,S/D,Colisión,Ninguna,"Horizontal,Vertical","Cordón divisorio,Vegetación,Línea divisoria pintada",Sin restricción
2018,10736,2018-12-07,Viernes,0,12:40:00,,0.0,2,"Automóvil,Moto/Ciclomotor",Bv. 27 De Febrero Y Vera Mujica,3,2,0,0,1,0,0,"-32.96253113938,-60.672245640321",Avenida,,ROSARIO,Rosario,Asfalto,Pavimento,II,Dentro,Urbana,Semáforo,Funciona,Recta,Bueno,Buena,Diurna,Buen Tiempo,S/D,S/D,Colisión,Ninguna,"Horizontal,Vertical","Cordón divisorio,Línea divisoria pintada",Sin restricción
2018,10737,2018-12-14,Viernes,0,05:20:00,Ruta Nacional 19,47.0,2,"Camión c / Acoplado,Moto/Ciclomotor", ,2,1,0,0,1,0,0,"-31.59474, -61.25751",Ruta,19,SA PEREIRA,Las Colonias,Asfalto,Natural,XI,Dentro,Urbana,Ninguna,No existe,Recta,Bueno,Buena,Amanecer,Buen Tiempo,De alcance,S/D,Colisión,Ninguna,Faltante,Guardarrail,Sin restricción
2018,10738,2018-12-15,Sabado,0,,,0.0,1,Moto/Ciclomotor,SAN LUIS Y SAN JUAN,1,1,0,0,0,0,0,"-31.13763, -60.99155",Calle,,PROGRESO,Las Colonias,Ripio,No existe,XI,Dentro,Urbana,Ninguna,No existe,Intersección,Bueno,Buena,Atardecer,Buen Tiempo,Atropello animal,S/D,Colisión,Ninguna,Faltante,Ninguna,Sin restricción
2018,10739,2018-12-27,Jueves,0,20:30:00,Ruta Provincial 6,30.0,2,"Moto/Ciclomotor,Bicicleta", ,2,1,1,0,0,0,0,"-31.73245, -61.09432",Ruta,6,SAN CARLOS SUR,Las Colonias,Asfalto,Natural,XI,Dentro,Urbana,Ninguna,No existe,Recta,Bueno,Buena,Nocturna,Buen Tiempo,S/D,Ciclista,Atropello,Ninguna,Faltante,Línea divisoria pintada,Sin restricción
2018,10740,2018-12-29,Sabado,0,21:00:00,,0.0,2,"Moto/Ciclomotor,Pickup/Utilitario",Avenida 25 De Mayo Y Sarmiento,3,1,0,0,2,0,0,"-31.118120039125,-60.892091960136",Avenida,,SANTO DOMINGO,Las Colonias,Ripio,No existe,XI,Dentro,Urbana,Ninguna,No existe,Intersección,Bueno,Reducida,Nocturna,Buen Tiempo,Lateral,S/D,Colisión,Material Suelto,Faltante,Ninguna,Sin restricción
2018,10741,2018-03-06,Martes,0,02:00:00,Ruta Secundaria 91-s,0.0,1,Moto/Ciclomotor, ,1,0,0,0,0,1,0,"-28.61120,-61.62011",Ruta,91-s,VILLA MINETTI,9 de Julio,Asfalto,S/D,XII,Dentro,Urbana,S/D,S/D,Recta,S/D,S/D,Diurna,S/D,S/D,S/D,Caída ocupante,S/D,S/D,S/D,S/D
2018,10742,2018-12-27,Jueves,0,15:15:00,Ruta Provincial 6,0.0,1,Moto/Ciclomotor, ,1,1,0,0,0,0,0,"-31.63906, -60.95509",Ruta,6,SAN AGUSTÍN,Las Colonias,Asfalto,Natural,XI,Dentro,Urbana,Señal Pare,No existe,Cruce,Bueno,Buena,Diurna,Lluvia,S/D,S/D,"Caída ocupante,Despiste",Ninguna,Vertical,Línea divisoria pintada,Sin restricción
2018,10743,2018-12-18,Martes,0,10:10:00,Autov?a Nacional 19,14.0,1,Automóvil, ,1,1,0,0,0,0,0,"-31.65015, -60.89832",Autovía,19,SAN AGUSTÍN,Las Colonias,Asfalto,Natural,XI,Fuera,Urbana,Ninguna,No existe,Recta,Bueno,Buena,Diurna,Lluvia,S/D,S/D,Despiste,Ninguna,Faltante,Línea divisoria pintada,Accidente Previo
2018,10744,2018-12-07,Viernes,0,18:10:00,,0.0,2,"Automóvil,Moto/Ciclomotor",Rivarola Y Campodonico,2,1,0,0,1,0,0,"-32.96625993895,-60.72720949026",Calle,,ROSARIO,Rosario,Asfalto,No existe,II,Dentro,Urbana,Ninguna,No existe,Recta,Bueno,Buena,Diurna,Buen Tiempo,S/D,S/D,Colisión,Ninguna,Faltante,Ninguna,Sin restricción
2018,10745,2018-12-04,Martes,0,14:10:00,Ruta Nacional 19,35.0,1,Automóvil, ,1,1,0,0,0,0,0,"-31.61573, -61.11993",Ruta,19,SAN JERÓNIMO DEL SAUCE,Las Colonias,Asfalto,Natural,XI,Dentro,Rural,Ninguna,No existe,Recta,Bueno,Buena,Diurna,Buen Tiempo,S/D,S/D,Vuelco,Ninguna,Faltante,Vegetación,Sin restricción
2018,10746,2018-12-03,Lunes,0,21:10:00,,0.0,2,"Moto/Ciclomotor,Moto/Ciclomotor",Av. Pte.Peron Y Alsina,3,3,0,0,0,0,0,"-32.957206835181,-60.680856249925",Avenida,,ROSARIO,Rosario,Asfalto,No existe,II,Dentro,Urbana,Semáforo,Funciona,Recta,Bueno,Buena,Nocturna,Buen Tiempo,S/D,S/D,Colisión,Ninguna,"Horizontal,Vertical","Cordón divisorio,Vegetación,Línea divisoria pintada",Sin restricción
2018,10747,2018-12-15,Sabado,0,07:00:00,Ruta Nacional 19,35.0,1,Camión Chasis, ,1,1,0,0,0,0,0,"-31.61583, -61.12244",Ruta,19,SAN JERÓNIMO DEL SAUCE,Las Colonias,Asfalto,Natural,XI,Fuera,Rural,Ninguna,No existe,Recta,Bueno,Buena,Diurna,Buen Tiempo,S/D,S/D,"Vuelco,Despiste",Ninguna,Faltante,Vegetación,Sin restricción
2018,10748,2018-12-10,Lunes,0,11:20:00,Ruta Provincial 70,0.0,2,"Moto/Ciclomotor,Peatón",Brigadier Lopez Y Alfonsina Storni,2,2,0,0,0,0,0,"-31.448381568959,-60.905468722098",Ruta,70,ESPERANZA,Las Colonias,Asfalto,Pavimento,XI,Dentro,Urbana,Paso Peatonal,No existe,Intersección,Bueno,Buena,Diurna,Buen Tiempo,S/D,Peatón,Atropello,Ninguna,Vertical,Línea divisoria pintada,Sin restricción
2018,10749,2018-12-25,Martes,0,15:35:00,,0.0,2,"Moto/Ciclomotor,Moto/Ciclomotor",Santa Fe 7500,5,4,0,0,1,0,0,"-32.935994583361,-60.723618164391",Calle,,ROSARIO,Rosario,Asfalto,No existe,II,Dentro,Urbana,Señal Pare,No existe,Intersección,Bueno,Buena,Diurna,Buen Tiempo,S/D,S/D,Colisión,Ninguna,"Horizontal,Vertical",Línea divisoria pintada,Sin restricción
2018,10750,2018-12-05,Miercoles,0,01:25:00,,0.0,1,Moto/Ciclomotor,Simon de Iriondo Y Humboldt,1,1,0,0,0,0,0,"-31.420489925572,-60.921559135276",Calle,,ESPERANZA,Las Colonias,Asfalto,No existe,XI,Dentro,Urbana,Ninguna,No existe,Intersección,Bueno,Buena,"Nocturna,Con luz artificial",Buen Tiempo,Atropello animal,S/D,Colisión,Ninguna,Faltante,Ninguna,Sin restricción
2018,10751,2018-12-22,Sabado,0,18:15:00,,0.0,2,"Automóvil,Moto/Ciclomotor",General Manuel Belgrano Y Juan Ramb,4,1,0,0,3,0,0,"-31.425685236702,-60.922093732491",Calle,,ESPERANZA,Las Colonias,Tierra,No existe,XI,Dentro,Urbana,Ninguna,No existe,Intersección,Deteriorada,Buena,Diurna,Buen Tiempo,Lateral,S/D,Colisión,Ninguna,Faltante,Ninguna,Sin restricción
2018,10752,2018-12-21,Viernes,0,06:50:00,,0.0,1,Automóvil,Lavalle Y Bv. 27 De Febrero,2,2,0,0,0,0,0,"-32.960427680364,-60.68309555209",Calle,,ROSARIO,Rosario,Asfalto,No existe,II,Dentro,Urbana,Semáforo,Funciona,Intersección,Bueno,Buena,Amanecer,Buen Tiempo,S/D,S/D,Colisión,Ninguna,Vertical,Cordón divisorio,Sin restricción
2018,10753,2018-12-25,Martes,0,01:55:00,,0.0,1,Moto/Ciclomotor,Simon de Iriondo 5300,3,3,0,0,0,0,0,"-31.422145768823,-60.922053838906",Calle,,ESPERANZA,Las Colonias,Asfalto,No existe,XI,Dentro,Urbana,Ninguna,No existe,Recta,Bueno,Reducida,Con luz artificial,Buen Tiempo,Atropello animal,S/D,Colisión,Ninguna,Faltante,Ninguna,Sin restricción
2018,10754,2018-12-04,Martes,0,16:00:00,,0.0,2,"Automóvil,Moto/Ciclomotor",Bv. 27 De Febrero Y Roullon,3,2,0,0,1,0,0,"-32.959032, -60.701523",Avenida,,ROSARIO,Rosario,Asfalto,No existe,II,Dentro,Urbana,Semáforo,Funciona,Recta,Bueno,Buena,Diurna,Buen Tiempo,S/D,S/D,Colisión,Ninguna,Vertical,Barrera de hormigón,Sin restricción
2018,10755,2018-12-15,Sabado,0,11:30:00,,0.0,2,"Pickup/Utilitario,Moto/Ciclomotor",Simon de Iriondo Y Juan Gauna,2,1,0,0,1,0,0,"-31.426352184451,-60.923404391809",Calle,,ESPERANZA,Las Colonias,Asfalto,No existe,XI,Dentro,Urbana,Ninguna,No existe,Intersección,Bueno,Buena,Diurna,Buen Tiempo,S/D,S/D,Colisión,Ninguna,Faltante,Ninguna,Sin restricción
2018,10756,2018-12-25,Martes,0,06:15:00,,0.0,2,"Moto/Ciclomotor,Bicicleta",Simon de Iriondo 5800,3,2,0,0,1,0,0,"-31.41798851662,-60.920761731052",Calle,,ESPERANZA,Las Colonias,Asfalto,No existe,XI,Dentro,Urbana,Ninguna,No existe,Recta,Bueno,Buena,Diurna,Buen Tiempo,S/D,Ciclista,Atropello,Ninguna,Faltante,Ninguna,Sin restricción
2018,10757,2018-12-25,Martes,0,01:50:00,,0.0,2,"Automóvil,Moto/Ciclomotor",Av. Pte.Peron Y Cafferata,2,0,1,0,1,0,0,"-32.956525407357,-60.674982896756",Avenida,,ROSARIO,Rosario,Asfalto,No existe,II,Dentro,Urbana,Semáforo,Funciona,Intersección,Bueno,Buena,"Nocturna,Con luz artificial",Buen Tiempo,S/D,S/D,Colisión,Ninguna,"Horizontal,Vertical",Ninguna,Sin restricción
2018,10758,2018-12-01,Sabado,0,,,0.0,2,"Pickup/Utilitario,Moto/Ciclomotor", ,2,0,1,0,1,0,0,"-31.58863, -60.98089",Camino Rural,,LAS TUNAS,Las Colonias,Tierra,No existe,XI,Dentro,Rural,Ninguna,No existe,Intersección,Con baches,Buena,Diurna,Buen Tiempo,Otro,S/D,Colisión,Ninguna,Faltante,Ninguna,Sin restricción
2018,10759,2018-12-12,Miercoles,0,20:45:00,,0.0,2,"Bicicleta,Automóvil",Urquiza 3500,2,1,0,0,1,0,0,"-32.937082198669,-60.670077035394",Calle,,ROSARIO,Rosario,Asfalto,No existe,II,Dentro,Urbana,Ninguna,Funciona,Recta,Bueno,Buena,Nocturna,Buen Tiempo,S/D,Ciclista,Atropello,Ninguna,"Horizontal,Vertical",Línea divisoria pintada,Sin restricción
2018,10760,2018-12-25,Martes,0,07:30:00,Autov?a Nacional 19,6.0,1,Moto/Ciclomotor, ,1,1,0,0,0,0,0,"-31.65946, -60.83993",Autovía,19,COLONIA SAN JOSÉ,Las Colonias,Hormigón,Pavimento,XI,Dentro,Rural,Ninguna,No existe,Puente,Bueno,Buena,Diurna,Buen Tiempo,Contra objeto fijo,S/D,Colisión,Ninguna,Faltante,Cordón divisorio,Sin restricción
2018,10761,2018-12-12,Miercoles,0,15:50:00,,0.0,2,"Automóvil,Moto/Ciclomotor",Rodriguez Y Urquiza,2,1,0,0,1,0,0,"-32.93927717825,-60.65784665917",Calle,,ROSARIO,Rosario,Asfalto,No existe,II,Dentro,Urbana,Semáforo,Funciona,Recta,Bueno,Buena,Diurna,Buen Tiempo,S/D,S/D,Colisión,Ninguna,Vertical,Ninguna,Sin restricción
2018,10762,2018-12-12,Miercoles,0,06:30:00,,0.0,2,"Automóvil,Moto/Ciclomotor",Av. Corrientes Y Viamonte,2,1,0,0,1,0,0,"-32.964552149398,-60.647107971038",Avenida,,ROSARIO,Rosario,Asfalto,No existe,II,Dentro,Urbana,Señal Pare,No existe,Intersección,Bueno,Buena,Diurna,Buen Tiempo,Lateral,S/D,Colisión,Ninguna,"Horizontal,Vertical",Línea divisoria pintada,Sin restricción
2018,10763,2018-12-11,Martes,0,21:00:00,,0.0,2,"Peatón,Taxi/Remis",Bv. Oro?o Y San Lorenzo,2,1,0,0,1,0,0,"-32.941445092436,-60.652609893138",Avenida,,ROSARIO,Rosario,Asfalto,No existe,II,Dentro,Urbana,Señal Pare,No existe,Intersección,Bueno,Buena,"Nocturna,Con luz artificial",Buen Tiempo,S/D,Peatón,Atropello,Ninguna,"Horizontal,Vertical","Cordón divisorio,Vegetación",Sin restricción
2018,10764,2018-12-07,Viernes,0,01:15:00,,0.0,2,"Moto/Ciclomotor,Automóvil",9 De Julio Y Bv. Oro?o,2,1,0,0,1,0,0,"-32.951151697535,-60.655047341368",Calle,,ROSARIO,Rosario,Asfalto,No existe,II,Dentro,Urbana,Semáforo,Funciona,Intersección,Bueno,Buena,"Nocturna,Con luz artificial",Buen Tiempo,Lateral,S/D,Colisión,Ninguna,"Horizontal,Vertical","Cordón divisorio,Vegetación",Sin restricción
2018,10765,2018-12-13,Jueves,0,15:20:00,,0.0,2,"Automóvil,Moto/Ciclomotor",Ocampo Y Necochea,2,1,0,0,1,0,0,"-32.968949392001,-60.629206775418",Calle,,ROSARIO,Rosario,Asfalto,No existe,II,Dentro,Urbana,Semáforo,Funciona,Recta,Bueno,Buena,Diurna,Buen Tiempo,Lateral,S/D,Colisión,Ninguna,"Horizontal,Vertical",Línea divisoria pintada,Sin restricción
2018,10766,2018-12-17,Lunes,0,15:30:00,,0.0,2,"Moto/Ciclomotor,Moto/Ciclomotor",Mitre Y Montevideo,2,2,0,0,0,0,0,"-32.95588549548,-60.641986949184",Calle,,ROSARIO,Rosario,Asfalto,No existe,II,Dentro,Urbana,Paso Peatonal,No existe,Intersección,Bueno,Buena,Diurna,Buen Tiempo,S/D,S/D,Colisión,Ninguna,Horizontal,Ninguna,Sin restricción
2018,10767,2018-12-01,Sabado,0,,,0.0,2,"Automóvil,Otros", ,2,0,0,0,0,0,2,"-31.4457, -60.93244",S/D,,ESPERANZA,Las Colonias,S/D,S/D,XI,S/D,S/D,S/D,S/D,S/D,S/D,S/D,S/D,S/D,S/D,S/D,Colisión,S/D,S/D,S/D,S/D
2018,10768,2018-12-23,Domingo,0,20:45:00,,0.0,2,"Automóvil,Moto/Ciclomotor",Carlos Gardel Y Costa Rica,3,1,1,0,1,0,0,"-29.238922656861,-61.775901165346",Calle,,TOSTADO,9 de Julio,Ripio,No existe,XII,Dentro,Urbana,Ninguna,No existe,Intersección,Con baches,Reducida,Nocturna,Buen Tiempo,Frontal,S/D,Colisión,S/D,S/D,Ninguna,Sin restricción
2018,10769,2018-12-25,Martes,0,21:45:00,Ruta Nacional 95,904.0,1,Automóvil, ,2,2,0,0,0,0,0,"-28.08821, -61.27848",Ruta,95,GATO COLORADO,9 de Julio,Asfalto,Natural,XII,Dentro,Rural,Ninguna,No existe,Recta,Bueno,Buena,Nocturna,Buen Tiempo,Atropello animal,S/D,Colisión,Ninguna,Horizontal,Línea divisoria pintada,Sin restricción
2018,10770,2018-12-21,Viernes,0,23:30:00,Ruta Nacional 95,0.0,1,Pickup/Utilitario, ,5,1,0,0,4,0,0,"-28.35632, -61.46909",Ruta,95,SANTA MARGARITA,9 de Julio,Asfalto,Natural,XII,Dentro,Urbana,Ninguna,No existe,Recta,Resbaladiza,Reducida,Nocturna,Lluvia,S/D,S/D,Despiste,Agua,Faltante,Ninguna,Sin restricción
2018,10771,2018-12-07,Viernes,0,02:30:00,,0.0,1,Moto/Ciclomotor,6 de Caballeria Y Elmo Perezlindo,1,0,1,0,0,0,0,"-29.238082836344,-61.774616602386",Calle,,TOSTADO,9 de Julio,Ripio,No existe,XII,Dentro,Urbana,S/D,No existe,Intersección,Con baches,Reducida,Nocturna,Buen Tiempo,S/D,S/D,Caída ocupante,Ninguna,S/D,Ninguna,S/D
2018,10772,2018-12-20,Jueves,0,21:30:00,Ruta Nacional 98,0.0,1,Moto/Ciclomotor,Reconquista Y 25 de Mayo,1,0,1,0,0,0,0,"-29.220150698538,-61.773659564376",Ruta,98,TOSTADO,9 de Julio,Asfalto,No existe,XII,Dentro,Urbana,Ninguna,No existe,Recta,Bueno,Buena,Nocturna,Buen Tiempo,Atropello animal,S/D,Colisión,Ninguna,Faltante,Ninguna,S/D
2018,10773,2018-12-17,Lunes,0,11:30:00,,0.0,2,"Transporte de Pasajeros Larga Distancia (Doble Piso),Moto/Ciclomotor",9 De Julio Y Castellanos,3,2,0,0,1,0,0,"-32.947229207716,-60.676901945036",Calle,,ROSARIO,Rosario,Asfalto,No existe,II,Dentro,Urbana,Semáforo,Funciona,Intersección,Bueno,Buena,Diurna,Buen Tiempo,S/D,S/D,Colisión,Ninguna,Vertical,Ninguna,Sin restricción
2018,10774,2018-12-24,Lunes,0,16:00:00,,0.0,2,"Automóvil,Moto/Ciclomotor",Avenida San Martin Y Moreno,3,0,2,0,1,0,0,"-29.235591588681,-61.771010332634",Avenida,,TOSTADO,9 de Julio,Asfalto,No existe,XII,Dentro,Urbana,Ninguna,No existe,Intersección,Bueno,Buena,Diurna,Buen Tiempo,Frontal,S/D,Colisión,Ninguna,Faltante,S/D,Sin restricción
2018,10775,2018-12-18,Martes,0,09:05:00,,0.0,2,"Automóvil,Moto/Ciclomotor",Amenabar Y Mitre,2,1,0,0,1,0,0,"-32.971939734376,-60.646022193477",Calle,,ROSARIO,Rosario,Asfalto,No existe,II,Dentro,Urbana,Señal Pare,No existe,Intersección,Bueno,Buena,Diurna,Buen Tiempo,Lateral,S/D,Colisión,Ninguna,Vertical,Ninguna,Sin restricción
2018,10776,2018-12-18,Martes,0,10:30:00,,0.0,3,"Automóvil,Automóvil,Moto/Ciclomotor",Santiago Y 9 De Julio,4,4,0,0,0,0,0,"-32.950644342283,-60.657877054503",Calle,,ROSARIO,Rosario,Asfalto,No existe,II,Dentro,Urbana,Señal Pare,No existe,Intersección,Bueno,Buena,Diurna,Buen Tiempo,Múltiple,S/D,Colisión,Ninguna,Vertical,Ninguna,Sin restricción
2018,10777,2018-12-13,Jueves,0,20:00:00,,0.0,1,Pickup/Utilitario, ,2,1,1,0,0,0,0,"-28.71791, -59.47061",Camino Rural,,ARROYO CEIBAL,General Obligado,Tierra,No existe,IX,Dentro,Rural,Ninguna,No existe,Recta,"Con baches,Ahuellamiento",Buena,Atardecer,Buen Tiempo,S/D,S/D,Vuelco,Ninguna,Faltante,Ninguna,Sin restricción
2018,10778,2018-12-24,Lunes,0,16:25:00,,0.0,2,"Automóvil,Moto/Ciclomotor",Calle 21 Y Calle 20,2,1,0,0,1,0,0,"-29.123439128918,-59.654614828788",Calle,,AVELLANEDA,General Obligado,Asfalto,No existe,IX,Dentro,Urbana,S/D,No existe,Intersección,S/D,S/D,Diurna,S/D,De alcance,S/D,Colisión,S/D,S/D,Ninguna,S/D
2018,10779,2018-12-15,Sabado,0,17:30:00,,0.0,2,"Taxi/Remis,Moto/Ciclomotor",Ayacucho Y 3 De Febrero,2,1,0,0,1,0,0,"-32.95465731822,-60.628515878296",Calle,,ROSARIO,Rosario,Asfalto,No existe,II,Dentro,Urbana,Paso Peatonal,No existe,Intersección,Bueno,Buena,Diurna,Buen Tiempo,S/D,S/D,Colisión,Ninguna,Horizontal,Ninguna,Sin restricción
2018,10780,2018-12-18,Martes,0,09:45:00,,0.0,2,"Pickup/Utilitario,Moto/Ciclomotor",3 De Febrero Y Pueyrredon,2,1,0,0,1,0,0,"-32.949344003597,-60.658965390033",Calle,,ROSARIO,Rosario,Asfalto,No existe,II,Dentro,Urbana,Ninguna,No existe,Intersección,Bueno,Buena,Diurna,Buen Tiempo,S/D,S/D,Colisión,Ninguna,Faltante,Ninguna,Sin restricción
2018,10781,2018-12-07,Viernes,0,16:30:00,,0.0,2,"Moto/Ciclomotor,Automóvil",Calle 122 ,3,2,0,0,1,0,0,"-29.1187, -59.67983",Calle,,AVELLANEDA,General Obligado,Asfalto,No existe,IX,Dentro,Urbana,S/D,S/D,Intersección,S/D,S/D,Diurna,S/D,Lateral,S/D,Colisión,S/D,S/D,S/D,S/D
2018,10782,2018-12-22,Sabado,0,21:20:00,,0.0,2,"Moto/Ciclomotor,Automóvil",Calle 8 Y Calle 19,2,1,0,0,1,0,0,"-29.121540320875,-59.661828935772",Calle,,AVELLANEDA,General Obligado,Asfalto,No existe,IX,Dentro,Urbana,S/D,S/D,Intersección,S/D,S/D,Nocturna,S/D,Lateral,S/D,Colisión,S/D,S/D,S/D,S/D
2018,10783,2018-12-11,Martes,0,18:30:00,,0.0,2,"Automóvil,Moto/Ciclomotor",Pascual Rosas Y E.Zeballos,3,1,0,0,2,0,0,"-32.946430382751,-60.688085070992",Calle,,ROSARIO,Rosario,Asfalto,No existe,II,Dentro,Urbana,Otra Señal,No existe,Intersección,Bueno,Buena,Diurna,Lluvia,S/D,S/D,Colisión,Agua,Vertical,Ninguna,Sin restricción
2018,10784,2018-12-10,Lunes,0,18:30:00,,0.0,2,"Moto/Ciclomotor,Moto/Ciclomotor",Calle 24 ,3,2,0,0,1,0,0,"-29.12071, -59.65148",Calle,,AVELLANEDA,General Obligado,Asfalto,No existe,IX,Dentro,Urbana,S/D,S/D,Intersección,S/D,S/D,Diurna,S/D,Lateral,S/D,Colisión,S/D,S/D,S/D,S/D