anio_acci,nro_acci,fecha,desc_dia,fecha_aprox,hora_aprox,desc_ruta,km,cant_participantes,desc_participante,calle_avenida_km,total,heridos_leves,heridos_graves,heridos_gravisimos,ilesos,fallecidos,sin_datos,posicion_XY,desc_tipo_via,desc_ruta_ori,desc_loc,desc_dpto,desc_tipo_calzada,desc_tipo_banquina,desc_unidad_regional,desc_lugar_calzada,desc_zona,desc_prioridad,desc_estado_semaforo,desc_lugar_via,desc_estado_via,desc_estado_visibilidad,desc_luminosidad,desc_estado_clima,desc_tipo_colision,desc_tipo_atropello,desc_tipo_hecho,desc_pres_calzada,desc_senializacion,desc_separacion_via,desc_restriccion
2018,10785,2018-12-17,Lunes,0,09:30:00,,0.0,2,"Moto/Ciclomotor,Pickup/Utilitario",9 De Julio Y Rodriguez,2,1,0,0,1,0,0,"-32.950156895759,-60.660595769652",Calle,,ROSARIO,Rosario,Asfalto,No existe,II,Dentro,Urbana,Semáforo,Funciona,Recta,Bueno,Buena,Diurna,Buen Tiempo,S/D,Ciclista,Atropello,S/D,Vertical,Ninguna,Sin restricción
2018,10786,2018-12-16,Domingo,0,15:30:00,,0.0,2,"Pickup/Utilitario,Taxi/Remis",San Luis ,4,4,0,0,0,0,0,"-32.939401958993,-60.694091914043",Calle,,ROSARIO,Rosario,S/D,No existe,II,Dentro,Urbana,S/D,S/D,S/D,S/D,Buena,Diurna,S/D,S/D,S/D,Colisión,Ninguna,S/D,Ninguna,Sin restricción
2018,10787,2018-12-17,Lunes,0,03:30:00,,0.0,2,"Automóvil,Taxi/Remis",Av. Ovidio Lagos 914,3,0,2,0,1,0,0,"-32.943597652238,-60.661779277891",Calle,,ROSARIO,Rosario,Asfalto,No existe,II,Dentro,Urbana,Semáforo,Funciona,Recta,Bueno,Buena,"Nocturna,Con luz artificial",Buen Tiempo,Frontal,S/D,Colisión,Ninguna,"Horizontal,Vertical",Línea divisoria pintada,Sin restricción
2018,10788,2018-12-16,Domingo,0,13:10:00,,0.0,2,"Pickup/Utilitario,Moto/Ciclomotor",Montevideo Y Bv. Avellaneda,4,0,2,0,2,0,0,"-32.94877844437,-60.681676778126",Calle,,ROSARIO,Rosario,Asfalto,No existe,II,Dentro,Urbana,Ninguna,Funciona,Recta,Bueno,Buena,Diurna,Buen Tiempo,S/D,S/D,Colisión,Ninguna,"Horizontal,Vertical","Cordón divisorio,Línea divisoria pintada",Sin restricción
2018,10789,2018-12-15,Sabado,0,21:00:00,,0.0,2,"Bicicleta,Taxi/Remis",Mendoza Y Mariano Moreno,2,1,0,0,1,0,0,"-32.949315332297,-60.651866619123",Calle,,ROSARIO,Rosario,Asfalto,No existe,II,Dentro,Urbana,Paso Peatonal,No existe,Recta,Bueno,Buena,"Nocturna,Con luz artificial",Buen Tiempo,S/D,Ciclista,Atropello,Ninguna,Horizontal,Ninguna,Sin restricción
2018,10790,2018-12-29,Sabado,0,10:30:00,,0.0,2,"Moto/Ciclomotor,Automóvil",CALLE 16 Y AV SAN MARTIN,2,1,0,0,1,0,0,"-29.1189, -59.65631",Avenida,,AVELLANEDA,General Obligado,Asfalto,No existe,IX,Dentro,Urbana,S/D,S/D,Intersección,S/D,S/D,Diurna,S/D,Lateral,S/D,Colisión,S/D,S/D,S/D,S/D
2018,10791,2018-12-15,Sabado,0,23:40:00,,0.0,2,"Automóvil,Moto/Ciclomotor",Cordoba Y Alvear,2,1,0,0,1,0,0,"-32.943469151583,-60.654641865893",Calle,,ROSARIO,Rosario,Asfalto,No existe,II,Dentro,Urbana,Semáforo,Funciona,Recta,Bueno,Buena,"Nocturna,Con luz artificial",Buen Tiempo,S/D,S/D,Colisión,Ninguna,"Horizontal,Vertical",Línea divisoria pintada,Sin restricción
2018,10792,2018-12-25,Martes,0,20:10:00,,0.0,2,"Moto/Ciclomotor,Automóvil", ,4,3,0,0,1,0,0,"-29.09243, -59.72997",Camino Rural,,AVELLANEDA,General Obligado,Tierra,No existe,IX,Dentro,Rural,Semáforo,No existe,Recta,S/D,S/D,Nocturna,S/D,Lateral,S/D,Colisión,S/D,Faltante,Ninguna,Sin restricción
2018,10793,2018-12-04,Martes,0,21:50:00,,0.0,2,"Moto/Ciclomotor,Moto/Ciclomotor",Calle 21 Y Calle 114,2,2,0,0,0,0,0,"-29.121285, -59.673951",Calle,,AVELLANEDA,General Obligado,S/D,No existe,IX,Dentro,Urbana,S/D,S/D,Intersección,S/D,S/D,Nocturna,S/D,Lateral,S/D,Colisión,S/D,S/D,S/D,Sin restricción
2018,10795,2018-12-02,Domingo,0,20:10:00,,0.0,2,"Moto/Ciclomotor,Automóvil",25 De Mayo Y Iglesias J.M,2,1,0,0,1,0,0,"-30.231880276856,-61.731481006028",Calle,,ARRUFÓ,San Cristóbal,Asfalto,No existe,XIII,Dentro,Urbana,Semáforo,No existe,Intersección,Bueno,Buena,Nocturna,Buen Tiempo,Lateral,S/D,Colisión,Ninguna,Faltante,Ninguna,Sin restricción
2018,10796,2018-12-18,Martes,0,15:30:00,,0.0,2,"Moto/Ciclomotor,Peatón",Av. Corrientes Y 9 De Julio,3,2,0,0,1,0,0,"-32.953068805853,-60.644210099725",Calle,,ROSARIO,Rosario,Asfalto,No existe,II,Dentro,Urbana,Semáforo,No existe,Intersección,Bueno,Buena,Diurna,Buen Tiempo,S/D,Peatón,Atropello,Ninguna,"Horizontal,Vertical",Línea divisoria pintada,Sin restricción
2018,10797,2018-12-24,Lunes,0,21:55:00,,0.0,1,Moto/Ciclomotor,Mauricio Stucky ,2,2,0,0,0,0,0,"-30.01315, -61.57491",Calle,,AMBROSETTI,San Cristóbal,Ripio,Ripio,XIII,Dentro,Urbana,Ninguna,No existe,Recta,Bueno,Buena,Nocturna,Buen Tiempo,Atropello animal,S/D,Colisión,Ninguna,Faltante,Cordón divisorio,Sin restricción
2018,10798,2018-12-18,Martes,0,17:20:00,,0.0,2,"Transporte de Pasajeros (H/ 8 asientos),Automóvil",Lima Y Mendoza,2,1,0,0,1,0,0,"-32.943472659147,-60.684492592575",Calle,,ROSARIO,Rosario,Asfalto,No existe,II,Dentro,Urbana,Semáforo,No existe,Intersección,Bueno,Buena,Diurna,Buen Tiempo,S/D,S/D,Colisión,Ninguna,"Horizontal,Vertical",Línea divisoria pintada,Sin restricción
2018,10799,2018-12-18,Martes,0,,Ruta Nacional 34,393.0,1,Camión c / Semirremolque, ,1,1,0,0,0,0,0,"-29.89967, -61.92833",Ruta,34,CERES,San Cristóbal,Asfalto,Natural,XIII,Fuera,Rural,Ninguna,No existe,Recta,Resbaladiza,Reducida,Nocturna,Lluvia,S/D,S/D,Vuelco,Agua,Faltante,Ninguna,Sin restricción
2018,10800,2018-12-27,Jueves,0,09:30:00,Ruta Secundaria 101-s,0.0,2,"Moto/Ciclomotor,Otros",Avenida Italia 265,4,2,0,0,2,0,0,"-29.884172452361,-61.949741784202",Ruta,101-s,CERES,San Cristóbal,Asfalto,Natural,XIII,Dentro,Urbana,Ninguna,No existe,Recta,Bueno,Buena,Diurna,Buen Tiempo,S/D,S/D,Colisión,Ninguna,Faltante,S/D,Sin restricción
2018,10801,2018-12-18,Martes,0,12:30:00,,0.0,2,"Moto/Ciclomotor,Automóvil",3 De Febrero Y Mariano Moreno,2,1,0,0,1,0,0,"-32.950549174901,-60.652175543379",Calle,,ROSARIO,Rosario,Asfalto,No existe,II,Dentro,Urbana,Paso Peatonal,No existe,Intersección,Bueno,Buena,Diurna,Buen Tiempo,S/D,S/D,Colisión,Ninguna,Horizontal,Ninguna,Sin restricción
2018,10802,2018-12-22,Sabado,0,12:40:00,,0.0,2,"Moto/Ciclomotor,Automóvil",Av. Corrientes Y San Luis,3,1,0,0,2,0,0,"-32.948275619703,-60.64301171465",Calle,,ROSARIO,Rosario,Asfalto,No existe,II,Dentro,Urbana,Semáforo,Funciona,Recta,Bueno,Buena,Diurna,Buen Tiempo,S/D,S/D,Colisión,Ninguna,"Horizontal,Vertical",Ninguna,Sin restricción
2018,10803,2018-12-15,Sabado,0,09:55:00,,0.0,2,"Automóvil,Moto/Ciclomotor",J B Justo Y Sarmiento,3,1,0,0,2,0,0,"-30.31438, -61.24064",Calle,,SAN CRISTÓBAL,San Cristóbal,Asfalto,No existe,XIII,Dentro,Urbana,Ninguna,No existe,Intersección,Bueno,Buena,Diurna,Buen Tiempo,Lateral,S/D,Colisión,Ninguna,Faltante,Cordón divisorio,Sin restricción
2018,10804,2018-12-19,Miercoles,0,22:20:00,,0.0,1,Otros,Santa Fe 4500,1,1,0,0,0,0,0,"-32.936755669185,-60.684210846858",Calle,,ROSARIO,Rosario,Asfalto,No existe,II,Dentro,Urbana,Semáforo,Funciona,Recta,Bueno,Buena,"Nocturna,Con luz artificial",Buen Tiempo,S/D,S/D,Colisión,Ninguna,"Horizontal,Vertical",Ninguna,Sin restricción
2018,10805,2018-12-20,Jueves,0,14:30:00,,0.0,2,"Peatón,Taxi/Remis",9 De Julio Y Laprida,2,1,0,0,1,0,0,"-32.954616007476,-60.636036811862",Calle,,ROSARIO,Rosario,Asfalto,No existe,II,Dentro,Urbana,Señal Pare,No existe,Recta,Bueno,Buena,Diurna,Buen Tiempo,S/D,Peatón,Atropello,Ninguna,"Horizontal,Vertical",Línea divisoria pintada,Sin restricción
2018,10806,2018-12-21,Viernes,0,17:50:00,,0.0,2,"Automóvil,Automóvil",Rio De Janeiro Y Urquiza,4,4,0,0,0,0,0,"-32.935365524532,-60.6795944814",Calle,,ROSARIO,Rosario,Asfalto,No existe,II,Dentro,Urbana,Ninguna,No existe,Intersección,Bueno,Buena,Diurna,Buen Tiempo,S/D,S/D,Colisión,Ninguna,Faltante,Ninguna,Sin restricción
2018,10807,2018-12-19,Miercoles,0,23:20:00,,0.0,2,"Bicicleta,Taxi/Remis",Entre Rios Y San Lorenzo,2,1,0,0,1,0,0,"-32.943604097427,-60.640380989915",Calle,,ROSARIO,Rosario,Asfalto,No existe,II,Dentro,Urbana,Paso Peatonal,No existe,Intersección,Bueno,Buena,"Nocturna,Con luz artificial",Buen Tiempo,S/D,Ciclista,Atropello,Ninguna,"Horizontal,Vertical",Línea divisoria pintada,Sin restricción
2018,10808,2018-12-23,Domingo,0,05:30:00,,0.0,2,"Automóvil,Moto/Ciclomotor",Cerrito Y Paraguay,2,1,0,0,1,0,0,"-32.960870307346,-60.647614197511",Calle,,ROSARIO,Rosario,Asfalto,No existe,II,Dentro,Urbana,Señal Pare,No existe,Recta,Bueno,Buena,Amanecer,Buen Tiempo,S/D,S/D,Colisión,Ninguna,Vertical,Ninguna,Sin restricción
2018,10809,2018-12-24,Lunes,0,09:20:00,,0.0,2,"Taxi/Remis,Peatón",Entre Rios Y Riobamba,2,1,0,0,1,0,0,"-32.962515624267,-60.645128317218",Calle,,ROSARIO,Rosario,Asfalto,No existe,II,Dentro,Urbana,Señal Pare,No existe,Recta,Bueno,Buena,Diurna,Buen Tiempo,S/D,Peatón,Atropello,Ninguna,"Horizontal,Vertical",Línea divisoria pintada,Sin restricción
2018,10810,2018-12-24,Lunes,0,17:00:00,,0.0,2,"Bicicleta,Automóvil",Montevideo Y Buenos Aires,2,1,0,0,1,0,0,"-32.957106986683,-60.635140545392",Calle,,ROSARIO,Rosario,Asfalto,No existe,II,Dentro,Urbana,Paso Peatonal,No existe,Recta,Bueno,Buena,Diurna,Buen Tiempo,S/D,Ciclista,Atropello,Ninguna,Horizontal,Línea divisoria pintada,Sin restricción
2018,10811,2018-12-23,Domingo,0,18:40:00,,0.0,2,"Automóvil,Moto/Ciclomotor",Av. Francia 1900,3,1,0,0,2,0,0,"-32.954597653004,-60.668926958048",Avenida,,ROSARIO,Rosario,Asfalto,No existe,II,Dentro,Urbana,Paso Peatonal,No existe,Recta,Bueno,Buena,Diurna,Buen Tiempo,S/D,S/D,Colisión,Ninguna,Horizontal,"Cordón divisorio,Vegetación,Línea divisoria pintada",Sin restricción
2018,10812,2018-12-24,Lunes,0,11:30:00,,0.0,2,"Automóvil,Automóvil",Garay Y Entre Rios,3,1,0,0,2,0,0,"-32.973980078356,-60.64802681995",Calle,,ROSARIO,Rosario,Asfalto,No existe,II,Dentro,Urbana,Señal Pare,No existe,Recta,Bueno,Buena,Diurna,Buen Tiempo,S/D,S/D,Colisión,Ninguna,"Horizontal,Vertical",Línea divisoria pintada,Sin restricción
2018,10813,2018-12-11,Martes,0,09:25:00,Ruta Provincial 39,0.0,2,"Pickup/Utilitario,Automóvil",Ruta Provincial 39 Y Dho Jose,3,1,0,0,2,0,0,"-30.29588, -61.22806",Ruta,39,SAN CRISTÓBAL,San Cristóbal,Asfalto,Natural,XIII,Dentro,Urbana,Ninguna,No existe,Intersección,Bueno,Buena,Diurna,Buen Tiempo,Lateral,S/D,Colisión,Ninguna,Faltante,Línea divisoria pintada,Sin restricción
2018,10814,2018-12-28,Viernes,0,15:30:00,,0.0,2,"Bicicleta,Transporte de Pasajeros Urbano (> 8 asientos)",San Luis 1400,2,1,0,0,1,0,0,"-32.948275619703,-60.64301171465",Calle,,ROSARIO,Rosario,Asfalto,No existe,II,Dentro,Urbana,Semáforo,Funciona,Recta,Bueno,Buena,Diurna,Buen Tiempo,S/D,Ciclista,Atropello,Ninguna,"Horizontal,Vertical","Cordón divisorio,Línea divisoria pintada",Sin restricción
2018,10815,2018-12-09,Domingo,0,23:00:00,Ruta Provincial 13,0.0,2,"Pickup/Utilitario,Moto/Ciclomotor",La Paz Y Ruta 13,5,2,1,1,1,0,0,"-30.32172, -61.23971",Ruta,13,SAN CRISTÓBAL,San Cristóbal,Asfalto,Natural,XIII,Dentro,Urbana,Ninguna,No existe,Intersección,Bueno,Buena,"Nocturna,Con luz artificial",Buen Tiempo,Lateral,S/D,Colisión,Ninguna,Faltante,Línea divisoria pintada,Sin restricción
2018,10816,2018-12-30,Domingo,0,23:40:00,,0.0,2,"Taxi/Remis,Moto/Ciclomotor",Mitre Y Pje. Ricardone,2,1,0,0,1,0,0,"-32.947939335824,-60.639984271338",Calle,,ROSARIO,Rosario,Asfalto,No existe,II,Dentro,Urbana,Paso Peatonal,No existe,Intersección,Bueno,Buena,Nocturna,Buen Tiempo,S/D,S/D,Colisión,Ninguna,Horizontal,Línea divisoria pintada,Sin restricción
2018,10817,2018-12-30,Domingo,0,22:35:00,,0.0,2,"Automóvil,Moto/Ciclomotor",Rivadavia Y Bv. Oro?o,3,1,0,0,2,0,0,"-32.932066102776,-60.650480971933",Avenida,,ROSARIO,Rosario,Asfalto,No existe,II,Dentro,Urbana,Semáforo,Funciona,Recta,Bueno,Buena,"Nocturna,Con luz artificial",Buen Tiempo,S/D,S/D,Colisión,Ninguna,"Horizontal,Vertical","Cordón divisorio,Vegetación,Línea divisoria pintada",Sin restricción
2018,10818,2018-12-31,Lunes,0,10:20:00,,0.0,2,"Moto/Ciclomotor,Automóvil",Bv San Martin Y Gral Alvear,3,1,0,0,2,0,0,"-30.310589185543,-61.234757863358",Calle,,SAN CRISTÓBAL,San Cristóbal,Asfalto,No existe,XIII,Dentro,Urbana,Ninguna,No existe,Recta,Bueno,Buena,Diurna,Buen Tiempo,Contra objeto fijo,S/D,Colisión,Ninguna,Faltante,Ninguna,Sin restricción
2018,10819,2018-12-13,Jueves,0,17:55:00,,0.0,2,"Automóvil,Moto/Ciclomotor",Av. Corrientes Y Rueda,2,1,0,0,1,0,0,"-32.970287982922,-60.648545816266",Avenida,,ROSARIO,Rosario,Asfalto,No existe,II,Dentro,Urbana,Ninguna,No existe,Intersección,Bueno,Buena,Diurna,Buen Tiempo,S/D,S/D,Colisión,Ninguna,Faltante,Ninguna,Sin restricción
2018,10820,2018-12-22,Sabado,0,14:20:00,,0.0,2,"Moto/Ciclomotor,Bicicleta",Gral Alvear Y Laprida,3,2,1,0,0,0,0,"-30.308946000841,-61.243500517655",Calle,,SAN CRISTÓBAL,San Cristóbal,Ripio,No existe,XIII,Dentro,Urbana,Ninguna,No existe,Intersección,Resbaladiza,Buena,Diurna,Buen Tiempo,S/D,Ciclista,Atropello,Material Suelto,Faltante,Ninguna,Sin restricción
2018,10821,2018-12-18,Martes,0,17:30:00,,0.0,2,"Moto/Ciclomotor,Automóvil",Ricchieri Y Ocampo,4,1,0,0,3,0,0,"-32.962049528914,-60.667848321358",Calle,,ROSARIO,Rosario,Asfalto,No existe,II,Dentro,Urbana,Ninguna,No existe,Intersección,Bueno,Buena,Diurna,Buen Tiempo,S/D,S/D,Colisión,Ninguna,Faltante,Ninguna,Sin restricción
2018,10822,2018-12-05,Miercoles,0,16:10:00,,0.0,2,"Moto/Ciclomotor,Pickup/Utilitario",Guemes Y L de la Torre,3,2,0,0,1,0,0,"-30.315465411477,-61.2279264428",Calle,,SAN CRISTÓBAL,San Cristóbal,Ripio,No existe,XIII,Dentro,Urbana,Ninguna,No existe,Intersección,Bueno,Buena,Diurna,Buen Tiempo,Otro,S/D,Colisión,S/D,Faltante,Ninguna,Sin restricción
2018,10823,2018-12-17,Lunes,0,02:50:00,,0.0,2,"Automóvil,Automóvil",Sarmiento Y Av. Illia,6,4,0,0,2,0,0,"-32.939695566114,-60.636499701679",Avenida,,ROSARIO,Rosario,Asfalto,No existe,II,Dentro,Urbana,Semáforo,Funciona,Curva,Bueno,Buena,"Nocturna,Con luz artificial",Buen Tiempo,Frontal,S/D,Colisión,Ninguna,"Horizontal,Vertical",Línea divisoria pintada,Sin restricción
2018,10824,2018-11-17,Sabado,0,11:35:00,,0.0,2,"Transporte de Pasajeros Urbano (> 8 asientos),Taxi/Remis",Salta 2200,2,1,0,0,1,0,0,"-32.93666, -60.65195",Calle,,ROSARIO,Rosario,S/D,S/D,II,S/D,Urbana,Semáforo,Funciona,Recta,Bueno,Buena,Diurna,S/D,S/D,S/D,Colisión,Ninguna,S/D,S/D,S/D
2018,10825,2018-12-07,Viernes,0,11:30:00,,0.0,2,"Moto/Ciclomotor,Automóvil",Bv. Avellaneda Y San Luis,4,2,0,0,2,0,0,"-32.941697043561,-60.679682155107",Avenida,,ROSARIO,Rosario,Asfalto,No existe,II,Dentro,Urbana,Semáforo,Funciona,Intersección,Bueno,Buena,Diurna,Buen Tiempo,S/D,Ciclista,Atropello,Ninguna,"Horizontal,Vertical","Cordón divisorio,Línea divisoria pintada",Sin restricción
2018,10826,2018-12-28,Viernes,0,16:50:00,,0.0,2,"Automóvil,Taxi/Remis",Av. Pellegrini Y Gutenberg,2,1,0,0,1,0,0,"-32.948397575216,-60.690005981998",Avenida,,ROSARIO,Rosario,Asfalto,No existe,II,Dentro,Urbana,Semáforo,Funciona,Intersección,Bueno,Buena,Diurna,Buen Tiempo,De alcance,S/D,Colisión,Ninguna,"Horizontal,Vertical","Cordón divisorio,Línea divisoria pintada",Sin restricción
2018,10827,2018-12-27,Jueves,0,03:30:00,,0.0,2,"Automóvil,Automóvil",San Luis Y Buenos Aires,2,1,0,0,1,0,0,"-32.949994901147,-60.633357425025",Calle,,ROSARIO,Rosario,Asfalto,No existe,II,Dentro,Urbana,Señal Pare,No existe,Intersección,Bueno,Buena,"Nocturna,Con luz artificial",Buen Tiempo,Lateral,S/D,Colisión,Ninguna,"Horizontal,Vertical",Línea divisoria pintada,Sin restricción
2018,10828,2018-12-27,Jueves,0,11:20:00,,0.0,1,Moto/Ciclomotor,J B Justo Y Juan D Peron,2,2,0,0,0,0,0,"-30.31407, -61.24203",Calle,,SAN CRISTÓBAL,San Cristóbal,Tierra,No existe,XIII,Dentro,Urbana,Ninguna,No existe,Intersección,Bueno,Buena,Diurna,Buen Tiempo,S/D,S/D,Caída ocupante,Ninguna,Faltante,Ninguna,Sin restricción
2018,10829,2018-12-26,Miercoles,0,18:25:00,,0.0,2,"Moto/Ciclomotor,Automóvil",Av. Pellegrini Y Carriego,2,1,0,0,1,0,0,"-32.948305644033,-60.691418050749",Avenida,,ROSARIO,Rosario,Asfalto,No existe,II,Dentro,Urbana,Paso Peatonal,No existe,Intersección,Bueno,Buena,Diurna,Buen Tiempo,Lateral,S/D,Colisión,Ninguna,Horizontal,"Cordón divisorio,Línea divisoria pintada",Sin restricción
2018,10830,2018-12-08,Sabado,0,13:15:00,,0.0,2,"Moto/Ciclomotor,Automóvil",Hipolito Irigoyen Y Juan D Peron,2,1,0,0,1,0,0,"-30.30491, -61.23976",Calle,,SAN CRISTÓBAL,San Cristóbal,Asfalto,No existe,XIII,Dentro,Urbana,Ninguna,No existe,Intersección,Bueno,Buena,Diurna,Buen Tiempo,De alcance,S/D,Colisión,Ninguna,Faltante,Ninguna,Sin restricción
2018,10831,2018-12-31,Lunes,0,12:10:00,,0.0,2,"Moto/Ciclomotor,Automóvil",L.N.Alem Y San Juan,3,2,0,0,1,0,0,"-32.952048033736,-60.629315218598",Calle,,ROSARIO,Rosario,Asfalto,No existe,II,Dentro,Urbana,Señal Pare,No existe,Intersección,Bueno,Buena,"Nocturna,Con luz artificial",Buen Tiempo,Lateral,S/D,Colisión,Ninguna,"Horizontal,Vertical",Ninguna,Sin restricción
2018,10832,2018-12-10,Lunes,0,19:15:00,,0.0,3,"Automóvil,Automóvil,Bicicleta",Buenos Aires Y Av. Belgrano,3,1,0,0,2,0,0,"-32.945324179003,-60.631919611872",Avenida,,ROSARIO,Rosario,S/D,No existe,II,Dentro,Urbana,Paso Peatonal,No existe,Intersección,Bueno,Buena,Diurna,Buen Tiempo,S/D,Ciclista,Atropello,Ninguna,"Horizontal,Vertical","Cordón divisorio,Vegetación,Línea divisoria pintada",Sin restricción
2018,10833,2018-12-21,Viernes,0,20:50:00,Ruta Nacional 11,436.0,2,"Moto/Ciclomotor,Automóvil", ,5,4,1,0,0,0,0,"-31.85288, -60.8821",Ruta,11,DESVÍO ARIJÓN,San Jerónimo,Asfalto,Natural,XV,Dentro,Rural,Ninguna,No existe,Recta,Bueno,Buena,Nocturna,Buen Tiempo,Frontal,S/D,Colisión,Ninguna,Faltante,Línea divisoria pintada,Sin restricción
2018,10834,2018-12-27,Jueves,0,22:00:00,,0.0,3,"Automóvil,Bicicleta,Bicicleta",Catamarca Y Rodriguez,3,2,0,0,1,0,0,"-32.936921735493,-60.657253100264",Calle,,ROSARIO,Rosario,Asfalto,No existe,II,Dentro,Urbana,Ninguna,No existe,Recta,Bueno,Buena,"Nocturna,Con luz artificial",Buen Tiempo,S/D,Ciclista,Atropello,Ninguna,Faltante,Ninguna,Sin restricción
2018,10835,2018-12-28,Viernes,0,07:00:00,Ruta Nacional 11,0.0,1,Moto/Ciclomotor,Ruta Nacional 11 Y Mariano Moreno,1,1,0,0,0,0,0,"-31.86889, -60.88693",Ruta,11,DESVÍO ARIJÓN,San Jerónimo,Asfalto,Natural,XV,Dentro,Urbana,Ninguna,No existe,Recta,Bueno,Buena,Diurna,Buen Tiempo,Atropello animal,S/D,Colisión,Ninguna,Faltante,Línea divisoria pintada,Sin restricción
2018,10836,2018-12-16,Domingo,0,22:00:00,Ruta Nacional 11,433.0,2,"Moto/Ciclomotor,Automóvil", ,2,1,0,0,1,0,0,"-31.87902, -60.88996",Ruta,11,DESVÍO ARIJÓN,San Jerónimo,Asfalto,Natural,XV,Dentro,Rural,Ninguna,No existe,Recta,Bueno,Reducida,Nocturna,Buen Tiempo,Lateral,S/D,Colisión,Ninguna,Faltante,Línea divisoria pintada,Sin restricción
2018,10837,2018-12-29,Sabado,0,15:50:00,,0.0,2,"Moto/Ciclomotor,Automóvil",Bv. Oro?o Y Cochabamba,2,1,0,0,1,0,0,"-32.955598481272,-60.656168029535",Avenida,,ROSARIO,Rosario,Asfalto,No existe,II,Dentro,Urbana,Paso Peatonal,No existe,Recta,Bueno,Buena,Diurna,Buen Tiempo,S/D,S/D,Colisión,Ninguna,"Horizontal,Vertical",Línea divisoria pintada,Sin restricción
2018,10838,2018-12-28,Viernes,0,23:50:00,,0.0,2,"Automóvil,Moto/Ciclomotor",Garay Y Cnel Rodriguez,3,2,0,0,1,0,0,"-31.97018, -60.91889",Calle,,CORONDA,San Jerónimo,Asfalto,No existe,XV,Dentro,Urbana,Ninguna,No existe,Intersección,Bueno,Buena,Nocturna,Buen Tiempo,Lateral,S/D,Colisión,Ninguna,Faltante,Ninguna,Sin restricción
2018,10839,2018-12-28,Viernes,0,17:25:00,,0.0,2,"Automóvil,Moto/Ciclomotor",Av. Pellegrini 3800,3,1,1,0,1,0,0,"-32.950597889504,-60.67775097215",Avenida,,ROSARIO,Rosario,Asfalto,No existe,II,Dentro,Urbana,Semáforo,Funciona,Recta,Bueno,Buena,Diurna,Buen Tiempo,Lateral,S/D,Colisión,Ninguna,"Horizontal,Vertical","Cordón divisorio,Vegetación,Línea divisoria pintada",Sin restricción
2018,10840,2018-12-08,Sabado,0,20:45:00,Ruta Provincial 65,0.0,1,Moto/Ciclomotor, ,1,1,0,0,0,0,0,"-32.4058, -61.36008",Ruta,65,SAN GENARO,San Jerónimo,Asfalto,Natural,XV,Dentro,Rural,Ninguna,No existe,Recta,Bueno,Buena,Nocturna,Buen Tiempo,S/D,S/D,Caída ocupante,S/D,Faltante,Ninguna,Sin restricción
2018,10841,2018-12-11,Martes,0,12:30:00,,0.0,2,"Bicicleta,Pickup/Utilitario",Belgrano ,3,1,0,0,2,0,0,"-32.36487, -61.34054",Calle,,SAN GENARO,San Jerónimo,Asfalto,No existe,XV,Dentro,Urbana,Ninguna,No existe,Recta,Bueno,Buena,Diurna,Buen Tiempo,S/D,Ciclista,Atropello,Ninguna,Faltante,Ninguna,Sin restricción
2018,10842,2018-12-29,Sabado,0,10:05:00,,0.0,2,"Bicicleta,Moto/Ciclomotor",Ituzaingo Y J.M.de Rosas,2,1,0,0,1,0,0,"-32.96195089817049,-60.634875297546",Calle,,ROSARIO,Rosario,Asfalto,No existe,II,Dentro,Urbana,Señal Pare,No existe,Recta,Bueno,Buena,Diurna,Buen Tiempo,S/D,S/D,Atropello,Ninguna,Vertical,Ninguna,Sin restricción
2018,10843,2018-12-22,Sabado,0,20:25:00,,0.0,2,"Peatón,Automóvil",Bv San Martin Y Sarmiento,2,1,0,0,1,0,0,"-32.299089040615,-61.411769577384",Avenida,,CENTENO,San Jerónimo,Asfalto,No existe,XV,Dentro,Urbana,Ninguna,No existe,Recta,Bueno,Buena,Nocturna,Buen Tiempo,S/D,Peatón,Atropello,Ninguna,Faltante,Ninguna,Sin restricción
2018,10844,2018-12-22,Sabado,0,08:30:00,Ruta Secundaria 65-s,0.0,1,Automóvil, ,1,1,0,0,0,0,0,"-32.35825, -60.95246",Ruta,65-s,MONJE,San Jerónimo,Tierra,Natural,XV,Fuera,Rural,Ninguna,No existe,Curva,Bueno,Buena,Diurna,Buen Tiempo,S/D,S/D,Despiste,Ninguna,Faltante,Vegetación,Sin restricción