anio_acci,nro_acci,fecha,desc_dia,fecha_aprox,hora_aprox,desc_ruta,km,cant_participantes,desc_participante,calle_avenida_km,total,heridos_leves,heridos_graves,heridos_gravisimos,ilesos,fallecidos,sin_datos,posicion_XY,desc_tipo_via,desc_ruta_ori,desc_loc,desc_dpto,desc_tipo_calzada,desc_tipo_banquina,desc_unidad_regional,desc_lugar_calzada,desc_zona,desc_prioridad,desc_estado_semaforo,desc_lugar_via,desc_estado_via,desc_estado_visibilidad,desc_luminosidad,desc_estado_clima,desc_tipo_colision,desc_tipo_atropello,desc_tipo_hecho,desc_pres_calzada,desc_senializacion,desc_separacion_via,desc_restriccion
2018,10845,2018-12-06,Jueves,0,14:30:00,,0.0,2,"Transporte de Pasajeros Urbano (> 8 asientos),Transporte de Pasajeros Urbano (> 8 asientos)",Santa Fe 1070,5,2,0,0,3,0,0,"-32.945263736806,-60.637459053216",Calle,,ROSARIO,Rosario,Asfalto,No existe,II,Dentro,Urbana,Semáforo,Funciona,Recta,Bueno,Buena,Diurna,Buen Tiempo,De alcance,S/D,Colisión,Ninguna,Vertical,Ninguna,Sin restricción
2018,10846,2018-12-09,Domingo,0,20:50:00,Ruta Nacional 11,406.0,1,Automóvil, ,2,1,1,0,0,0,0,"-32.09947, -60.98108",Ruta,11,SAN FABIÁN,San Jerónimo,Asfalto,Natural,XV,Fuera,Rural,Ninguna,No existe,Recta,Bueno,S/D,Nocturna,Buen Tiempo,Contra objeto fijo,S/D,Colisión,Ninguna,Faltante,Línea divisoria pintada,Sin restricción
2018,10847,2018-12-06,Jueves,0,13:30:00,,0.0,2,"Automóvil,Bicicleta",Av. Dante Alighieri Y Bv. Oro?o,2,1,0,0,1,0,0,"-32.961988769427,-60.658043363926",Avenida,,ROSARIO,Rosario,Asfalto,No existe,II,Dentro,Urbana,Paso Peatonal,No existe,Intersección,Bueno,Buena,Diurna,Buen Tiempo,S/D,S/D,Atropello,Ninguna,Horizontal,Línea divisoria pintada,Sin restricción
2018,10848,2018-12-08,Sabado,0,22:10:00,Ruta Nacional 11,428.0,4,"Moto/Ciclomotor,Moto/Ciclomotor,Automóvil,Automóvil", ,7,7,0,0,0,0,0,"-31.92782, -60.9108",Ruta,11,CORONDA,San Jerónimo,Asfalto,Pavimento,XV,Dentro,Rural,Ninguna,No existe,Recta,Bueno,Buena,Nocturna,Buen Tiempo,Múltiple,S/D,Colisión,Ninguna,Faltante,Línea divisoria pintada,Sin restricción
2018,10849,2018-12-13,Jueves,0,14:10:00,,0.0,2,"Automóvil,Moto/Ciclomotor",Esmeralda Y Viamonte,3,1,0,0,2,0,0,"-32.968289199736,-60.626192113042",Calle,,ROSARIO,Rosario,Asfalto,No existe,II,Dentro,Urbana,Señal Pare,No existe,Recta,Bueno,Buena,Diurna,Buen Tiempo,S/D,Ciclista,Atropello,Ninguna,Vertical,Ninguna,Sin restricción
2018,10850,2018-12-23,Domingo,0,18:50:00,Ruta Nacional 11,0.0,2,"Moto/Ciclomotor,Automóvil",Mariano Moreno Y Av L de la Torre-Ruta Nac 11,3,2,0,0,1,0,0,"-31.9755, -60.9273",Ruta,11,CORONDA,San Jerónimo,Asfalto,Pavimento,XV,Dentro,Urbana,Ninguna,No existe,Recta,Bueno,Buena,Diurna,Buen Tiempo,Lateral,S/D,Colisión,Ninguna,Faltante,Ninguna,Sin restricción
2018,10851,2018-12-28,Viernes,0,18:40:00,,0.0,2,"Automóvil,Peatón",25 de Mayo Y Belgrano,2,0,1,0,1,0,0,"-31.972350726286,-60.921889170923",Calle,,CORONDA,San Jerónimo,Asfalto,No existe,XV,Dentro,Urbana,Semáforo,Funciona,Intersección,Bueno,Buena,Diurna,Buen Tiempo,S/D,Peatón,Atropello,S/D,Vertical,Ninguna,Sin restricción
2018,10852,2018-12-03,Lunes,0,12:20:00,,0.0,2,"Bicicleta,Automóvil",Rioja Y Vera Mujica,2,1,0,0,1,0,0,"-32.942428119002,-60.667166431584",Calle,,ROSARIO,Rosario,Asfalto,No existe,II,Dentro,Urbana,Señal Pare,No existe,Intersección,Bueno,Buena,Diurna,Buen Tiempo,S/D,Ciclista,Atropello,Ninguna,"Horizontal,Vertical",Línea divisoria pintada,Sin restricción
2018,10853,2018-12-04,Martes,0,10:45:00,,0.0,2,"Peatón,Automóvil",Salta Y Mariano Moreno,2,1,0,0,1,0,0,"-32.937217035008,-60.648832439986",Calle,,ROSARIO,Rosario,Asfalto,No existe,II,Dentro,Urbana,Paso Peatonal,No existe,Recta,Bueno,Buena,Diurna,Buen Tiempo,S/D,Peatón,Atropello,Ninguna,Faltante,Línea divisoria pintada,Sin restricción
2018,10854,2018-12-02,Domingo,0,12:15:00,,0.0,2,"Automóvil,Automóvil",Bv. 27 De Febrero Y Bv. Oro?o,3,1,0,0,2,0,0,"-32.964828473776,-60.658500919693",Avenida,,ROSARIO,Rosario,Asfalto,No existe,II,Dentro,Urbana,Semáforo,Funciona,Recta,Bueno,Buena,Diurna,Buen Tiempo,S/D,Ciclista,Atropello,Ninguna,"Horizontal,Vertical","Cordón divisorio,Vegetación,Línea divisoria pintada",Sin restricción
2018,10855,2018-12-03,Lunes,0,22:45:00,Ruta Nacional 11,0.0,2,"Automóvil,Moto/Ciclomotor",Bv Domingo F Sarmiento Y Mendoza,3,0,1,0,2,0,0,"-32.455769768345,-60.889126137789",Ruta,11,MACIEL,San Jerónimo,Asfalto,No existe,XV,Dentro,Urbana,Ninguna,No existe,Intersección,Bueno,Buena,Nocturna,Buen Tiempo,Lateral,S/D,Colisión,Ninguna,Faltante,Línea divisoria pintada,Sin restricción
2018,10856,2018-12-04,Martes,0,07:30:00,,0.0,2,"Automóvil,Automóvil",Av. Pellegrini Y Constitucion,2,1,0,0,1,0,0,"-32.950995906208,-60.676432084009",Calle,,ROSARIO,Rosario,Asfalto,No existe,II,Dentro,Urbana,Semáforo,Funciona,Recta,Bueno,Buena,Diurna,Buen Tiempo,S/D,Ciclista,Atropello,Ninguna,"Horizontal,Vertical",Línea divisoria pintada,Sin restricción
2018,10857,2018-12-20,Jueves,0,21:50:00,,0.0,1,Moto/Ciclomotor,Gaboto Y 3 de Febrero,1,0,1,0,0,0,0,"-32.45300184419,-60.885881906524",Calle,,MACIEL,San Jerónimo,Ripio,No existe,XV,Dentro,Urbana,Ninguna,No existe,Recta,Bueno,Buena,Nocturna,Buen Tiempo,Atropello animal,S/D,Colisión,Ninguna,Faltante,Ninguna,Sin restricción
2018,10858,2018-12-30,Domingo,0,01:00:00,Ruta Nacional 11,408.0,1,Moto/Ciclomotor, ,1,1,0,0,0,0,0,"-32.08238, -60.97648",Ruta,11,AROCENA,San Jerónimo,Asfalto,Natural,XV,Dentro,Urbana,Marca Vial,No existe,Recta,Bueno,Reducida,Nocturna,Buen Tiempo,Contra objeto fijo,S/D,Colisión,S/D,Horizontal,Ninguna,Sin restricción
2018,10859,2018-12-01,Sabado,0,13:00:00,,0.0,2,"Automóvil,Moto/Ciclomotor",Rioja Y Castellanos,3,2,0,0,1,0,0,"-32.940962656847,-60.675322513118",Calle,,ROSARIO,Rosario,Asfalto,No existe,II,Dentro,Urbana,Ninguna,No existe,Intersección,Bueno,Buena,Diurna,Buen Tiempo,S/D,S/D,Colisión,Ninguna,Faltante,Ninguna,Sin restricción
2018,10860,2018-12-05,Miercoles,0,20:40:00,Ruta Nacional 11,0.0,2,"Moto/Ciclomotor,Moto/Ciclomotor", ,2,1,0,0,1,0,0,"-31.96041, -60.95042",Ruta,11,CORONDA,San Jerónimo,Asfalto,Ripio,XV,Dentro,Urbana,Marca Vial,No existe,Intersección,Bueno,Buena,Nocturna,Buen Tiempo,Frontal,S/D,Colisión,Ninguna,Horizontal,Línea divisoria pintada,Sin restricción
2018,10861,2018-12-03,Lunes,0,07:45:00,,0.0,2,"Peatón,Automóvil",Buenos Aires Y Montevideo,2,1,0,0,1,0,0,"-32.957106986683,-60.635140545392",Calle,,ROSARIO,Rosario,Asfalto,No existe,II,Dentro,Urbana,Paso Peatonal,No existe,Recta,Bueno,Buena,Diurna,Buen Tiempo,S/D,Peatón,Atropello,Ninguna,Horizontal,Ninguna,Sin restricción
2018,10862,2018-12-10,Lunes,0,20:40:00,Ruta Nacional 11,0.0,1,Moto/Ciclomotor,Av L de la Torre-Ruta Nac 11 Y Pte. Roca,2,2,0,0,0,0,0,"-31.97363, -60.92695",Ruta,11,CORONDA,San Jerónimo,Asfalto,Ripio,XV,Dentro,Urbana,Marca Vial,No existe,Intersección,Bueno,Buena,Nocturna,Buen Tiempo,S/D,S/D,Caída ocupante,Ninguna,Horizontal,Línea divisoria pintada,Sin restricción
2018,10863,2018-12-03,Lunes,0,18:25:00,,0.0,2,"Automóvil,Moto/Ciclomotor",San Juan Y Ayacucho,2,1,0,0,1,0,0,"-32.952296528653,-60.627953962343",Calle,,ROSARIO,Rosario,Asfalto,No existe,II,Dentro,Urbana,Paso Peatonal,No existe,Intersección,Bueno,Buena,Diurna,Buen Tiempo,S/D,S/D,Colisión,Ninguna,Horizontal,Línea divisoria pintada,Sin restricción
2018,10864,2018-12-10,Lunes,0,03:20:00,Autopista Provincial Brigadier E.López,65.0,1,Automóvil, ,1,1,0,0,0,0,0,"-32.36503, -60.95279",Autopista,Brigadier E.López,MONJE,San Jerónimo,Asfalto,Natural,XV,Fuera,Rural,Ninguna,No existe,Recta,Bueno,Buena,Nocturna,Buen Tiempo,S/D,S/D,Vuelco,Ninguna,Faltante,Línea divisoria pintada,Sin restricción
2018,10865,2018-12-04,Martes,0,02:40:00,,0.0,2,"Moto/Ciclomotor,Automóvil",Mendoza Y Bv. Avellaneda,4,2,0,0,2,0,0,"-32.944223291523,-60.680315504898",Avenida,,ROSARIO,Rosario,Asfalto,No existe,II,Dentro,Urbana,Semáforo,Funciona,Recta,Bueno,Buena,Diurna,Buen Tiempo,S/D,Ciclista,Atropello,Ninguna,"Horizontal,Vertical","Cordón divisorio,Línea divisoria pintada",Sin restricción
2018,10866,2018-12-02,Domingo,0,19:00:00,,0.0,2,"Bicicleta,Pickup/Utilitario",San Juan Y Iriondo,2,1,0,0,1,0,0,"-32.944523565496,-60.670537271639",Calle,,ROSARIO,Rosario,Asfalto,No existe,II,Dentro,Urbana,Señal Pare,No existe,Recta,Bueno,Buena,Atardecer,Buen Tiempo,S/D,Ciclista,Atropello,Ninguna,"Horizontal,Vertical",Ninguna,Sin restricción
2018,10867,2018-12-06,Jueves,0,08:30:00,,0.0,2,"Pickup/Utilitario,Bicicleta",Mitre Y Mendoza,2,1,0,0,1,0,0,"-32.951252156343,-60.640823270042",Calle,,ROSARIO,Rosario,Asfalto,No existe,II,Dentro,Urbana,Paso Peatonal,No existe,Recta,Bueno,Buena,Diurna,Buen Tiempo,S/D,Ciclista,Atropello,Ninguna,Horizontal,Ninguna,Sin restricción
2018,10868,2018-12-07,Viernes,0,12:00:00,,0.0,2,"Moto/Ciclomotor,Automóvil",San Luis Y Italia,3,2,0,0,1,0,0,"-32.947291065777,-60.648530129045",Calle,,ROSARIO,Rosario,Asfalto,No existe,II,Dentro,Urbana,Paso Peatonal,No existe,Recta,Bueno,Buena,Diurna,Buen Tiempo,S/D,Ciclista,Atropello,Ninguna,Horizontal,Ninguna,Sin restricción
2018,10869,2018-12-06,Jueves,0,21:05:00,,0.0,2,"Automóvil,Moto/Ciclomotor",Sgto Cabral Y Av. Belgrano,4,1,0,0,3,0,0,"-32.942946609593,-60.634015072323",Calle,,ROSARIO,Rosario,Asfalto,No existe,II,Dentro,Urbana,Semáforo,Funciona,Intersección,Bueno,Buena,"Nocturna,Con luz artificial",Buen Tiempo,Lateral,S/D,Colisión,Ninguna,"Horizontal,Vertical","Cordón divisorio,Vegetación,Línea divisoria pintada",Sin restricción
2018,10870,2018-12-18,Martes,0,15:30:00,,0.0,2,"Automóvil,Automóvil",Maipu Y Mendoza,3,1,0,0,2,0,0,"-32.951999927889,-60.636550338909",Calle,,ROSARIO,Rosario,Asfalto,No existe,II,Dentro,Urbana,Semáforo,Funciona,Intersección,Bueno,Buena,Diurna,Buen Tiempo,S/D,S/D,Colisión,Ninguna,"Horizontal,Vertical",Línea divisoria pintada,Sin restricción
2018,10871,2018-12-05,Miercoles,0,09:10:00,,0.0,2,"Automóvil,Moto/Ciclomotor",Salta Y Callao,2,1,0,0,1,0,0,"-32.935521002407,-60.658315409325",Calle,,ROSARIO,Rosario,Asfalto,No existe,II,Dentro,Urbana,Semáforo,Funciona,Recta,Bueno,Buena,Diurna,Buen Tiempo,S/D,S/D,Colisión,Ninguna,"Horizontal,Vertical",Línea divisoria pintada,Sin restricción
2018,10872,2018-12-02,Domingo,0,08:30:00,,0.0,1,Moto/Ciclomotor,A. Capdevila Y Nicasio Oro?o,2,1,0,0,1,0,0,"-32.80878, -61.38774",Calle,,CAÑADA DE GÓMEZ,Iriondo,Asfalto,No existe,X,Dentro,Urbana,Ninguna,No existe,Intersección,Bueno,Buena,Diurna,Buen Tiempo,S/D,S/D,Caída ocupante,Otro,Horizontal,Ninguna,Sin restricción
2018,10873,2018-12-06,Jueves,0,19:00:00,,0.0,1,Moto/Ciclomotor,Dorrego 621,3,3,0,0,0,0,0,"-32.814312198945,-61.392395601104",Calle,,CAÑADA DE GÓMEZ,Iriondo,Asfalto,No existe,X,Dentro,Urbana,Ninguna,No existe,Recta,Bueno,Buena,Diurna,Buen Tiempo,Contra objeto fijo,S/D,Colisión,S/D,Faltante,Ninguna,Sin restricción
2018,10874,2018-12-09,Domingo,0,11:50:00,,0.0,1,Automóvil,La Plata S/N,1,0,1,0,0,0,0,"-32.79793, -61.39616",Calle,,CAÑADA DE GÓMEZ,Iriondo,Tierra,No existe,X,Dentro,Urbana,Ninguna,No existe,Recta,Otro,Buena,Diurna,Buen Tiempo,S/D,S/D,Vuelco,S/D,Faltante,Ninguna,Sin restricción
2018,10875,2018-12-19,Miercoles,0,15:40:00,,0.0,2,"Pickup/Utilitario,Moto/Ciclomotor",Quintana Y Lavalle,3,1,0,0,2,0,0,"-32.819304790685,-61.400849232314",Calle,,CAÑADA DE GÓMEZ,Iriondo,Asfalto,No existe,X,Dentro,Urbana,Ninguna,No existe,Intersección,Bueno,Buena,Diurna,Buen Tiempo,De alcance,S/D,Colisión,Material Suelto,Faltante,Ninguna,Sin restricción
2018,10876,2018-12-28,Viernes,0,18:15:00,,0.0,2,"Automóvil,Bicicleta",Sarmiento Y Nicolas Avellaneda,3,1,0,0,2,0,0,"-32.809358719207,-61.389253472591",Calle,,CAÑADA DE GÓMEZ,Iriondo,Asfalto,No existe,X,Dentro,Urbana,Ninguna,No existe,Intersección,Bueno,Buena,Diurna,Buen Tiempo,S/D,Ciclista,Atropello,S/D,Faltante,Ninguna,Sin restricción
2018,10877,2018-12-10,Lunes,0,20:10:00,,0.0,2,"Moto/Ciclomotor,Peatón",Urquiza Y Libertad,2,2,0,0,0,0,0,"-32.829742940506,-61.39418939412",Avenida,,CAÑADA DE GÓMEZ,Iriondo,Asfalto,No existe,X,Dentro,Urbana,Ninguna,No existe,Recta,Bueno,Buena,Atardecer,Buen Tiempo,S/D,Peatón,Atropello,Ninguna,Faltante,Ninguna,Sin restricción
2018,10878,2018-12-23,Domingo,0,12:30:00,,0.0,2,"Moto/Ciclomotor,Pickup/Utilitario",Chile Y Urquiza,3,0,1,0,2,0,0,"-32.827961470174,-61.404343541587",Calle,,CAÑADA DE GÓMEZ,Iriondo,Asfalto,No existe,X,Dentro,Urbana,Ninguna,No existe,Intersección,Bueno,Buena,Diurna,Buen Tiempo,Lateral,S/D,Colisión,Ninguna,Faltante,Ninguna,Sin restricción
2018,10879,2018-12-05,Miercoles,0,11:20:00,,0.0,2,"Automóvil,Moto/Ciclomotor",Pje 24 de Setiembre Y L de la Torre,2,1,0,0,1,0,0,"-32.848514914512656,-61.25667572021",Calle,,CORREA,Iriondo,S/D,No existe,X,Dentro,Urbana,Ninguna,No existe,Intersección,S/D,Buena,Diurna,Buen Tiempo,S/D,S/D,Colisión,S/D,Faltante,Ninguna,Sin restricción
2018,10880,2018-12-22,Sabado,0,13:00:00,Ruta Provincial 91,66.0,1,Moto/Ciclomotor, ,1,0,1,0,0,0,0,"-32.80265, -61.33134",Ruta,91,BUSTINZA,Iriondo,Asfalto,Natural,X,Fuera,Rural,Ninguna,No existe,Recta,Bueno,Buena,Diurna,Buen Tiempo,S/D,S/D,Despiste,Ninguna,Faltante,Línea divisoria pintada,Sin restricción
2018,10881,2018-12-17,Lunes,0,23:45:00,,0.0,1,Moto/Ciclomotor,San Juan 100,2,1,0,0,1,0,0,"-32.578463888451,-60.845393442976",Calle,,OLIVEROS,Iriondo,"Asfalto,Tierra",No existe,X,Dentro,Urbana,Ninguna,No existe,Recta,Con baches,Buena,Nocturna,Buen Tiempo,S/D,S/D,Caída ocupante,S/D,Faltante,Ninguna,Sin restricción
2018,10882,2018-12-09,Domingo,0,21:00:00,Ruta Nacional 11,352.0,2,"Moto/Ciclomotor,Automóvil", ,2,1,0,0,1,0,0,"-32.56501, -60.85464",Ruta,11,OLIVEROS,Iriondo,Asfalto,Natural,X,Dentro,Rural,Ninguna,No existe,Recta,Resbaladiza,Reducida,"Nocturna,Con luz artificial",Lluvia,De alcance,S/D,Colisión,Agua,Faltante,Línea divisoria pintada,Sin restricción
2018,10883,2018-12-01,Sabado,0,15:30:00,,0.0,2,"Pickup/Utilitario,Moto/Ciclomotor",Bv. Lopez Y Patagonia,2,0,1,0,1,0,0,"-32.824008265933,-61.391403568711",Avenida,,CAÑADA DE GÓMEZ,Iriondo,Asfalto,No existe,X,Dentro,Urbana,Ninguna,No existe,Recta,Otro,Buena,Diurna,Buen Tiempo,Otro,S/D,Colisión,Ninguna,Faltante,S/D,Sin restricción
2018,10884,2018-12-03,Lunes,0,23:10:00,Ruta Secundaria 83-s,0.0,1,Moto/Ciclomotor, ,1,1,0,0,0,0,0,"-28.94588470458981,-60.255396366119",Ruta,83-s,POZO DE LOS INDIOS,Vera,Tierra,Natural,XIX,Dentro,Rural,Ninguna,No existe,Intersección,Ahuellamiento,Buena,Nocturna,Buen Tiempo,S/D,S/D,Caída ocupante,Ninguna,Faltante,Ninguna,Sin restricción
2018,10885,2018-12-25,Martes,0,07:20:00,,0.0,1,Moto/Ciclomotor,Saavedra 0,1,1,0,0,0,0,0,"-29.047802446472,-60.415269867557",Calle,,FORTÍN OLMOS,Vera,Ripio,No existe,XIX,Dentro,Urbana,Ninguna,No existe,Recta,Con baches,Buena,Diurna,Buen Tiempo,S/D,S/D,Caída ocupante,Ninguna,S/D,Ninguna,Sin restricción
2018,10886,2018-12-25,Martes,0,07:15:00,Ruta Secundaria 40-s,0.0,1,Moto/Ciclomotor,RUTA SECUNDARIA 40-S Y CALLE S/N,1,1,0,0,0,0,0,"-29.05494868755342,-60.408529043197",Ruta,40-s,FORTÍN OLMOS,Vera,Tierra,No existe,XIX,Dentro,Urbana,Ninguna,No existe,Recta,Otro,Buena,Diurna,Buen Tiempo,S/D,S/D,Caída ocupante,Ninguna,Faltante,Ninguna,Sin restricción
2018,10887,2018-12-06,Jueves,0,12:20:00,,0.0,2,"Automóvil,Bicicleta",Mendoza Y Mariano Moreno,2,1,0,0,1,0,0,"-32.949315332297,-60.651866619123",Calle,,ROSARIO,Rosario,Asfalto,No existe,II,Dentro,Urbana,Paso Peatonal,No existe,Intersección,Bueno,Buena,Diurna,Buen Tiempo,S/D,Ciclista,Atropello,Ninguna,Horizontal,Ninguna,Sin restricción
2018,10888,2018-12-05,Miercoles,0,23:30:00,,0.0,2,"Automóvil,Automóvil",Bv. Oro?o 800,4,2,0,0,2,0,0,"-32.943459749221766,-60.65325379371",Avenida,,ROSARIO,Rosario,Asfalto,No existe,II,Dentro,Urbana,Semáforo,Funciona,Recta,Bueno,Buena,"Nocturna,Con luz artificial",Buen Tiempo,S/D,S/D,Colisión,Ninguna,"Horizontal,Vertical","Cordón divisorio,Vegetación,Línea divisoria pintada",Sin restricción
2018,10889,2018-12-04,Martes,0,18:40:00,,0.0,2,"Bicicleta,Automóvil",Cordoba Y Bv. Avellaneda,2,1,0,0,1,0,0,"-32.93909101176,-60.679028985658",Avenida,,ROSARIO,Rosario,Asfalto,No existe,II,Dentro,Urbana,S/D,Funciona,Recta,Bueno,Buena,Diurna,Buen Tiempo,S/D,Ciclista,Atropello,Ninguna,"Horizontal,Vertical","Cordón divisorio,Línea divisoria pintada",Sin restricción
2018,10890,2018-12-05,Miercoles,0,08:30:00,,0.0,4,"Moto/Ciclomotor,Taxi/Remis,Pickup/Utilitario,Moto/Ciclomotor",Av. Pellegrini Y Rodriguez,4,1,0,0,3,0,0,"-32.953523422712,-60.661447508599",Avenida,,ROSARIO,Rosario,Asfalto,No existe,II,Dentro,Urbana,Semáforo,Funciona,Recta,Bueno,Buena,Diurna,Buen Tiempo,Múltiple,S/D,Colisión,Ninguna,"Horizontal,Vertical","Cordón divisorio,Vegetación,Línea divisoria pintada",Sin restricción
2018,10891,2018-09-09,Domingo,0,07:00:00,,0.0,1,Automóvil, ,1,0,0,0,0,1,0,"-30.39464, -62.01257",Camino Rural,,COLONIA ROSA,San Cristóbal,Tierra,Natural,XIII,Fuera,Rural,Ninguna,No existe,Recta,Bueno,Buena,Amanecer,Buen Tiempo,S/D,S/D,Vuelco,Ninguna,Faltante,Ninguna,Sin restricción
2018,10892,2018-09-09,Domingo,0,14:20:00,,0.0,2,"Automóvil,Moto/Ciclomotor",Ruta 11 Avenida Richieri Y Fidela Valdez,4,0,1,0,2,1,0,"-31.68436,-60.7899",Calle,,SANTO TOMÉ,La Capital,Ripio,Ripio,I,Dentro,Urbana,Ninguna,No existe,Intersección,Ahuellamiento,Buena,Diurna,Buen Tiempo,Frontal,S/D,Colisión,Ninguna,Faltante,Ninguna,Sin restricción
2018,10893,2018-12-05,Miercoles,0,06:55:00,,0.0,2,"Taxi/Remis,Bicicleta",Laprida Y 3 De Febrero,2,1,0,0,1,0,0,"-32.953482792396,-60.635701759234",Calle,,ROSARIO,Rosario,Asfalto,No existe,II,Dentro,Urbana,Señal Pare,Funciona,Intersección,Bueno,Buena,Diurna,Buen Tiempo,S/D,Ciclista,Atropello,Ninguna,"Horizontal,Vertical",Línea divisoria pintada,Sin restricción
2018,10894,2018-09-13,Jueves,0,09:00:00,,0.0,2,"Bicicleta,Pickup/Utilitario",Irurtia Y Benitez,3,1,0,0,0,1,1,"-32.96688,-60.72018",Calle,,ROSARIO,Rosario,Asfalto,No existe,II,Dentro,Urbana,Ninguna,S/D,Recta,Con baches,S/D,Diurna,Buen Tiempo,S/D,Ciclista,Atropello,Ninguna,S/D,Ninguna,Sin restricción
2018,10895,2018-12-06,Jueves,0,08:25:00,,0.0,2,"Taxi/Remis,Automóvil",Tucuman Y Pueyrredon,3,1,0,0,2,0,0,"-32.938355285041,-60.656189824152",Calle,,ROSARIO,Rosario,Asfalto,No existe,II,Dentro,Urbana,Ninguna,No existe,Recta,Bueno,Buena,Diurna,Buen Tiempo,S/D,S/D,Colisión,Ninguna,Faltante,Ninguna,Sin restricción
2018,10896,2018-09-14,Viernes,0,16:00:00,,0.0,2,"Transporte de Pasajeros Urbano (> 8 asientos),Bicicleta",Urquiza Y Mariano Moreno,2,0,0,0,1,1,0,"-32.940609,-60.650377",Calle,,ROSARIO,Rosario,Asfalto,No existe,II,S/D,Urbana,Ninguna,No existe,Recta,Bueno,S/D,Diurna,S/D,S/D,Ciclista,Atropello,S/D,Faltante,"Ninguna,S/D",Sin restricción
2018,10897,2018-12-09,Domingo,0,12:10:00,,0.0,2,"Automóvil,Automóvil",Bv. Avellaneda Y Montevideo,5,2,0,0,3,0,0,"-32.94877844437,-60.681676778126",Calle,,ROSARIO,Rosario,Asfalto,No existe,II,Dentro,Urbana,Semáforo,Funciona,Intersección,Bueno,Buena,Diurna,Buen Tiempo,Lateral,S/D,Colisión,Ninguna,"Horizontal,Vertical","Cordón divisorio,Línea divisoria pintada",Sin restricción
2018,10898,2018-09-15,Sabado,0,19:35:00,Ruta Provincial 39,0.0,2,"Moto/Ciclomotor,Camión c / Semirremolque",Gral Belgrano ,3,0,0,0,2,1,0,"-30.29609,-61.23143",Ruta,39,SAN CRISTÓBAL,San Cristóbal,Asfalto,Natural,XIII,Dentro,Urbana,Ninguna,No existe,Recta,Bueno,Buena,Nocturna,Buen Tiempo,De alcance,S/D,Colisión,Ninguna,Vertical,Línea divisoria pintada,S/D
2018,10899,2018-12-10,Lunes,0,19:30:00,,0.0,2,"Automóvil,Moto/Ciclomotor",San Juan Y Balcarce,2,1,0,0,1,0,0,"-32.94768443126,-60.652881161563",Calle,,ROSARIO,Rosario,Asfalto,No existe,II,Dentro,Urbana,Ninguna,No existe,Intersección,Bueno,Buena,Diurna,Buen Tiempo,S/D,Ciclista,Atropello,Ninguna,Horizontal,Ninguna,Sin restricción
2018,10900,2018-09-19,Miercoles,0,20:55:00,Ruta Nacional 11,0.0,2,"Peatón,Pickup/Utilitario",Sarmiento ,2,0,0,0,1,1,0,"-32.57236,-60.85162",Ruta,11,OLIVEROS,Iriondo,Asfalto,No existe,X,Dentro,Urbana,Ninguna,No existe,Recta,Bueno,Buena,Nocturna,Buen Tiempo,S/D,Peatón,Atropello,S/D,Horizontal,Línea divisoria pintada,Sin restricción
2018,10901,2018-12-07,Viernes,0,11:10:00,,0.0,2,"Automóvil,Automóvil",9 De Julio 2400,4,2,0,0,2,0,0,"-32.950644342283,-60.657877054503",Calle,,ROSARIO,Rosario,Asfalto,No existe,II,Dentro,Urbana,Señal Pare,No existe,Recta,Bueno,Buena,Diurna,Buen Tiempo,S/D,S/D,Colisión,Ninguna,"Horizontal,Vertical",Ninguna,Sin restricción
2018,10902,2018-09-19,Miercoles,0,06:40:00,Ruta Nacional 33,0.0,2,"Moto/Ciclomotor,Moto/Ciclomotor",Estanislao Lopez ,2,0,1,0,0,1,0,"-32.99571,-60.7653",Ruta,33,PÉREZ,Rosario,Asfalto,Pavimento,II,S/D,Urbana,Ninguna,No existe,Curva,Bueno,S/D,Amanecer,S/D,S/D,S/D,Colisión,Ninguna,Faltante,"Ninguna,S/D",Sin restricción
2018,10903,2018-12-10,Lunes,0,10:10:00,,0.0,1,Transporte de Pasajeros Urbano (> 8 asientos),Av. Corrientes Y Cordoba,3,2,0,0,1,0,0,"-32.945675708464,-60.642357472848",Calle,,ROSARIO,Rosario,Asfalto,No existe,II,Dentro,Urbana,Semáforo,Funciona,Intersección,Bueno,Buena,Diurna,Buen Tiempo,S/D,S/D,Caída ocupante,Ninguna,"Horizontal,Vertical",Línea divisoria pintada,Sin restricción