anio_acci,nro_acci,fecha,desc_dia,fecha_aprox,hora_aprox,desc_ruta,km,cant_participantes,desc_participante,calle_avenida_km,total,heridos_leves,heridos_graves,heridos_gravisimos,ilesos,fallecidos,sin_datos,posicion_XY,desc_tipo_via,desc_ruta_ori,desc_loc,desc_dpto,desc_tipo_calzada,desc_tipo_banquina,desc_unidad_regional,desc_lugar_calzada,desc_zona,desc_prioridad,desc_estado_semaforo,desc_lugar_via,desc_estado_via,desc_estado_visibilidad,desc_luminosidad,desc_estado_clima,desc_tipo_colision,desc_tipo_atropello,desc_tipo_hecho,desc_pres_calzada,desc_senializacion,desc_separacion_via,desc_restriccion
2018,10904,2018-09-20,Jueves,0,12:05:00,,0.0,2,"Moto/Ciclomotor,Camión c / Semirremolque",Av. Provincias Unidas Y Av. Pte.Peron,2,0,0,0,1,1,0,"-32.99571,-60.7653",Avenida,,ROSARIO,Rosario,Asfalto,No existe,II,S/D,Urbana,Ninguna,S/D,Intersección,Bueno,Buena,Diurna,Buen Tiempo,S/D,S/D,Colisión,Ninguna,S/D,Cordón divisorio,Sin restricción
2018,10905,2018-09-23,Domingo,0,20:05:00,Autopista Nacional Rosario -Cordoba,304.0,3,"Automóvil,Automóvil,Automóvil", ,7,0,0,0,6,1,0,"-32.94066,-60.8139",Autopista,Rosario -Córdoba,FUNES,Rosario,Asfalto,Ripio,II,Dentro,Rural,Ninguna,No existe,Recta,Deteriorada,Buena,Nocturna,Buen Tiempo,Múltiple,S/D,Colisión,Ninguna,Horizontal,Vegetación,Sin restricción
2018,10906,2018-12-09,Domingo,0,09:00:00,,0.0,2,"Automóvil,Automóvil",Av. Pellegrini 4300,3,1,0,0,2,0,0,"-32.949373819461,-60.684560740972",Avenida,,ROSARIO,Rosario,Asfalto,No existe,II,Dentro,Urbana,Paso Peatonal,No existe,Recta,Bueno,Buena,Diurna,Buen Tiempo,De alcance,S/D,Colisión,Ninguna,"Horizontal,Vertical","Cordón divisorio,Línea divisoria pintada",Sin restricción
2018,10907,2018-09-23,Domingo,0,20:15:00,Autopista Provincial Brigadier E.López,3.0,2,"Automóvil,Automóvil", ,3,0,1,0,0,2,0,"-32.86292,-60.73102",Autopista,Brigadier E.López,GRANADERO BAIGORRIA,Rosario,Asfalto,Natural,II,Dentro,Urbana,Ninguna,No existe,Recta,Bueno,Reducida,Nocturna,Buen Tiempo,Frontal,S/D,Colisión,Ninguna,Vertical,Vegetación,Sin restricción
2018,10908,2018-12-08,Sabado,0,03:00:00,,0.0,2,"Bicicleta,Automóvil",Ituzaingo Y Av. Corrientes,2,0,0,1,1,0,0,"-32.959969804256,-60.645945558074",Calle,,ROSARIO,Rosario,Asfalto,No existe,II,Dentro,Urbana,Semáforo,Funciona,Intersección,Bueno,Buena,"Nocturna,Con luz artificial",Buen Tiempo,S/D,Ciclista,Atropello,Ninguna,"Horizontal,Vertical",Línea divisoria pintada,Sin restricción
2018,10909,2018-12-11,Martes,0,09:10:00,,0.0,2,"Peatón,Automóvil",Dorrego Y 3 De Febrero,2,1,0,0,1,0,0,"-32.950788364481,-60.650830884511",Calle,,ROSARIO,Rosario,Asfalto,No existe,II,Dentro,Urbana,Señal Pare,No existe,Recta,Bueno,Buena,Diurna,Buen Tiempo,S/D,Peatón,Atropello,Ninguna,"Horizontal,Vertical",Ninguna,Sin restricción
2018,10910,2018-09-23,Domingo,0,02:00:00,,0.0,1,Moto/Ciclomotor,Buenos Aires Y A F Temporelli,2,0,1,0,0,1,0,"-33.03341,-60.63826",Calle,,VILLA GOBERNADOR GÁLVEZ,Rosario,Asfalto,No existe,II,Fuera,Urbana,Ninguna,No existe,Intersección,Bueno,Reducida,Nocturna,Otro,Contra objeto fijo,S/D,Colisión,Ninguna,Faltante,Ninguna,Obra en Construcción
2018,10911,2018-12-10,Lunes,0,22:50:00,,0.0,2,"Moto/Ciclomotor,Moto/Ciclomotor",3 De Febrero Y Cafferata,3,2,0,0,0,0,1,"-32.94690483846,-60.672552108146",Calle,,ROSARIO,Rosario,Asfalto,No existe,II,Dentro,Urbana,Semáforo,Funciona,Recta,Bueno,Buena,"Nocturna,Con luz artificial",Buen Tiempo,S/D,S/D,Colisión,Ninguna,"Horizontal,Vertical",Ninguna,Sin restricción
2018,10912,2018-09-24,Lunes,0,01:30:00,Autopista Provincial Brigadier E.López,14.0,2,"Camión c / Acoplado,Camión Chasis", ,2,1,0,0,0,1,0,"-32.73003,-60.76416",Autopista,Brigadier E.López,SAN LORENZO,San Lorenzo,Asfalto,Natural,XVIII,S/D,Rural,Ninguna,No existe,Recta,Bueno,S/D,Nocturna,S/D,De alcance,S/D,"Colisión,Incendio",Ninguna,Faltante,"Vegetación,S/D",Sin restricción
2018,10913,2018-09-29,Sabado,0,06:40:00,Autopista Provincial Brigadier E.López,3.0,2,"Automóvil,Automóvil", ,2,0,0,0,1,1,0,"-32.86289, -60.73109",Autopista,Brigadier E.López,GRANADERO BAIGORRIA,Rosario,Asfalto,Natural,II,S/D,Rural,Ninguna,No existe,Recta,Bueno,Buena,Diurna,Buen Tiempo,Frontal,S/D,"Colisión,Vuelco",Ninguna,Vertical,Vegetación,Sin restricción
2018,10914,2018-12-09,Domingo,0,23:00:00,,0.0,2,"Peatón,Moto/Ciclomotor",Montevideo Y Mariano Moreno,2,1,1,0,0,0,0,"-32.95392175454,-60.653019205069",Calle,,ROSARIO,Rosario,Asfalto,No existe,II,Dentro,Urbana,Señal Pare,No existe,Intersección,Bueno,Buena,"Nocturna,Con luz artificial",Buen Tiempo,S/D,Peatón,Atropello,Ninguna,"Horizontal,Vertical",Ninguna,Sin restricción
2018,10915,2018-12-11,Martes,0,11:20:00,,0.0,2,"Moto/Ciclomotor,Peatón",Av. Corrientes 1100,2,1,0,0,1,0,0,"-32.949403761022,-60.643295256947",Avenida,,ROSARIO,Rosario,Asfalto,No existe,II,Dentro,Urbana,Semáforo,Funciona,Recta,Bueno,Buena,Diurna,Buen Tiempo,S/D,Peatón,Atropello,Ninguna,"Horizontal,Vertical",Línea divisoria pintada,Sin restricción
2018,10916,2018-12-10,Lunes,0,00:10:00,,0.0,2,"Pickup/Utilitario,Automóvil",Santa Fe Y Av. Ovidio Lagos,4,3,0,0,1,0,0,"-32.940905191235,-60.66109766176",Avenida,,ROSARIO,Rosario,Asfalto,No existe,II,Dentro,Urbana,Semáforo,Funciona,Recta,Bueno,Buena,"Nocturna,Con luz artificial",Buen Tiempo,S/D,S/D,Colisión,Ninguna,"Horizontal,Vertical",Línea divisoria pintada,Sin restricción
2018,10917,2018-12-31,Lunes,0,13:00:00,,0.0,1,Moto/Ciclomotor,J.J.Paso Y Argerich Bis,1,0,1,0,0,0,0,"-32.919496823816,-60.688246244613",Calle,,ROSARIO,Rosario,Asfalto,No existe,II,Dentro,Urbana,Ninguna,No existe,Intersección,Bueno,Buena,Diurna,Buen Tiempo,S/D,S/D,Despiste,Ninguna,Faltante,Ninguna,Sin restricción
2018,10918,2018-12-18,Martes,0,11:40:00,,0.0,2,"Camión Chasis,Moto/Ciclomotor",Pje. Boedo Y Superi,2,1,0,0,1,0,0,"-32.896635502364,-60.706244153495",Calle,,ROSARIO,Rosario,Asfalto,No existe,II,Dentro,Urbana,Semáforo,Funciona,Intersección,Bueno,Buena,Diurna,Buen Tiempo,Lateral,S/D,Colisión,Ninguna,Vertical,Ninguna,Sin restricción
2018,10919,2018-12-25,Martes,0,12:50:00,Autopista Nacional A008,0.0,2,"Bicicleta,Otros",Av. Circunvalacion 3400,2,1,0,0,1,0,0,"-32.98054933547975,-60.624876022338",Autopista,A008,ROSARIO,Rosario,Asfalto,No existe,II,Dentro,Urbana,Ninguna,No existe,Recta,Bueno,Buena,Diurna,Buen Tiempo,S/D,Ciclista,Atropello,Ninguna,Horizontal,"Guardarrail,Cordón divisorio,Línea divisoria pintada",Sin restricción
2018,10920,2018-12-31,Lunes,0,19:00:00,,0.0,2,"Moto/Ciclomotor,Automóvil",Homero Manzi Y Bufano,2,1,0,0,1,0,0,"-32.88702607154846,-60.718218237161",Calle,,ROSARIO,Rosario,Asfalto,No existe,II,Dentro,Urbana,Ninguna,No existe,Intersección,Bueno,Buena,Diurna,Buen Tiempo,Lateral,S/D,Colisión,Ninguna,Faltante,Ninguna,Sin restricción
2018,10921,2018-12-13,Jueves,0,15:45:00,,0.0,2,"Automóvil,Moto/Ciclomotor",Baigorria Y Darragueira,2,1,0,0,1,0,0,"-32.892081029713154,-60.69582883268",Calle,,ROSARIO,Rosario,Asfalto,No existe,II,Dentro,Urbana,Ninguna,No existe,Intersección,Deteriorada,Buena,Diurna,Buen Tiempo,S/D,S/D,Colisión,Ninguna,Faltante,Ninguna,Sin restricción
2018,10922,2018-10-14,Domingo,0,15:20:00,,0.0,2,"Moto/Ciclomotor,Pickup/Utilitario",Zelaya Y Washington,3,1,0,0,2,0,0,"-32.90199464187026,-60.693960171192",Calle,,ROSARIO,Rosario,Asfalto,No existe,II,Dentro,Urbana,Ninguna,No existe,Intersección,Bueno,Buena,Diurna,Buen Tiempo,S/D,S/D,Colisión,Ninguna,Faltante,Ninguna,Sin restricción
2018,10923,2018-10-14,Domingo,0,19:20:00,,0.0,2,"Pickup/Utilitario,Pickup/Utilitario",Casiano Casas Y Washington,4,1,0,0,3,0,0,"-32.903481271483,-60.700895837684",Avenida,,ROSARIO,Rosario,Asfalto,No existe,II,Dentro,Urbana,Semáforo,Funciona,Intersección,Deteriorada,Buena,Diurna,Buen Tiempo,De alcance,S/D,Colisión,Ninguna,"Horizontal,Vertical","Cordón divisorio,Línea divisoria pintada",Sin restricción
2018,10924,2018-11-01,Jueves,0,11:20:00,Ruta Nacional 9,374.0,1,Pickup/Utilitario,Marconi ,1,0,0,0,0,1,0,"-32.81283,-61.37999",Ruta,9,CAÑADA DE GÓMEZ,Iriondo,Asfalto,Pavimento,X,Dentro,Urbana,Ninguna,No existe,Curva,Bueno,Buena,Diurna,Buen Tiempo,S/D,S/D,Vuelco,Ninguna,Horizontal,Línea divisoria pintada,Sin restricción
2018,10925,2018-11-02,Viernes,0,14:20:00,Ruta Provincial 5,0.0,3,"Bicicleta,Bicicleta,Automóvil",Ruta pcial 2 Av San Martin ,3,0,1,0,1,1,0,"-31.5396,-60.68852",Ruta,5,MONTE VERA,La Capital,Hormigón,Ripio,I,Dentro,Rural,Ninguna,No existe,Recta,Con baches,Buena,Diurna,Buen Tiempo,S/D,Ciclista,Atropello,Ninguna,S/D,Ninguna,Sin restricción
2018,10926,2018-11-02,Viernes,0,23:45:00,Autopista Nacional A008,0.0,1,Moto/Ciclomotor,J.B.Justo ,1,0,0,0,0,1,0,"-32.91518,-60.72321",Autopista,A008,ROSARIO,Rosario,Asfalto,No existe,II,Dentro,Urbana,Semáforo,Intermitente,Intersección,Bueno,Buena,"Nocturna,Con luz artificial",Buen Tiempo,S/D,S/D,Caída ocupante,Ninguna,Vertical,Ninguna,Sin restricción
2018,10927,2018-12-11,Martes,0,18:00:00,,0.0,2,"Bicicleta,Moto/Ciclomotor",Dr.Rivas Y Chacabuco,2,1,0,0,1,0,0,"-32.98640803433955,-60.632159225642",Calle,,ROSARIO,Rosario,Asfalto,No existe,II,Dentro,Urbana,Ninguna,No existe,Recta,Con baches,Buena,Diurna,Lluvia,S/D,Ciclista,Atropello,Agua,Faltante,Ninguna,Sin restricción
2018,10928,2018-12-03,Lunes,0,10:50:00,,0.0,2,"Moto/Ciclomotor,Pickup/Utilitario",Virasoro Y Laprida,3,1,0,0,2,0,0,"-32.970591508134,-60.640151540198",Calle,,ROSARIO,Rosario,Asfalto,No existe,II,Dentro,Urbana,Señal Ceda el Paso,No existe,Intersección,Bueno,Buena,Diurna,Buen Tiempo,Lateral,S/D,Colisión,Ninguna,Vertical,Ninguna,Sin restricción
2018,10929,2018-11-03,Sabado,0,19:55:00,,0.0,3,"Automóvil,Pickup/Utilitario,Peatón",Juan Martin de Pueyrredon Y Larrea,4,1,0,0,2,1,0,"-32.90694,-60.9117",Calle,,ROLDÁN,San Lorenzo,Tierra,No existe,XVII,Dentro,Urbana,Ninguna,No existe,Recta,Ahuellamiento,Buena,"Atardecer,Con luz artificial",Buen Tiempo,S/D,Peatón,Atropello,Ninguna,Faltante,Ninguna,Sin restricción
2018,10930,2018-11-08,Jueves,0,11:20:00,,0.0,2,"Moto/Ciclomotor,Camión Chasis",Avenida 13 Y Calle 14,5,1,0,0,3,1,0,"-32.68458,-61.52103",Calle,,LAS PAREJAS,Belgrano,Asfalto,No existe,III,Dentro,Urbana,Ninguna,No existe,Intersección,Bueno,Buena,Diurna,Buen Tiempo,Lateral,S/D,Colisión,Ninguna,S/D,Ninguna,Sin restricción
2018,10931,2018-12-14,Viernes,0,10:30:00,,0.0,2,"Automóvil,Peatón",Mitre 1690,3,1,1,0,1,0,0,"-32.956862852769,-60.642234363103",Calle,,ROSARIO,Rosario,Asfalto,No existe,II,Dentro,Urbana,Semáforo,Funciona,Recta,Bueno,Buena,Diurna,Buen Tiempo,S/D,Peatón,Atropello,Ninguna,Vertical,Ninguna,Sin restricción
2018,10932,2018-12-11,Martes,0,18:20:00,,0.0,2,"Moto/Ciclomotor,Transporte de Pasajeros Urbano (> 8 asientos)",Lima Y Montevideo,2,1,0,0,1,0,0,"-32.94806079454,-60.685651564469",Calle,,ROSARIO,Rosario,Asfalto,No existe,II,Dentro,Urbana,Ninguna,No existe,Recta,Bueno,Buena,Diurna,Buen Tiempo,S/D,S/D,Colisión,Ninguna,Faltante,Ninguna,Sin restricción
2018,10933,2018-12-15,Sabado,0,02:00:00,,0.0,2,"Automóvil,Taxi/Remis",Buenos Aires Y Pasco,4,1,0,0,3,0,0,"-32.960544862617,-60.636003775271",Calle,,ROSARIO,Rosario,Asfalto,No existe,II,Dentro,Urbana,Paso Peatonal,No existe,Intersección,Bueno,Buena,"Nocturna,Con luz artificial",Buen Tiempo,S/D,S/D,Colisión,Ninguna,Horizontal,Línea divisoria pintada,Sin restricción
2018,10934,2018-12-18,Martes,0,14:30:00,,0.0,2,"Taxi/Remis,Automóvil",Av. Corrientes 3300,4,1,0,0,3,0,0,"-32.974878710355,-60.649702364765",Avenida,,ROSARIO,Rosario,Asfalto,No existe,II,Dentro,Urbana,Señal Pare,No existe,Intersección,Bueno,Buena,Diurna,Buen Tiempo,Lateral,S/D,Colisión,Ninguna,Vertical,Ninguna,Sin restricción
2018,10935,2018-12-17,Lunes,0,22:45:00,,0.0,3,"Taxi/Remis,Peatón,Peatón",Bv. Segui Y Ayacucho,3,2,0,0,1,0,0,"-32.981117209799,-60.63548645965",Avenida,,ROSARIO,Rosario,Asfalto,No existe,II,Dentro,Urbana,Otra Señal,No existe,Recta,Bueno,Buena,"Nocturna,Con luz artificial",Buen Tiempo,S/D,Peatón,Atropello,Ninguna,Vertical,"Cordón divisorio,Vegetación",Sin restricción
2018,10936,2018-12-18,Martes,0,06:35:00,,0.0,2,"Automóvil,Moto/Ciclomotor",Bv. Segui Y Entre Rios,2,1,0,0,1,0,0,"-32.978461451284,-60.649145899938",Calle,,ROSARIO,Rosario,Asfalto,No existe,II,Dentro,Urbana,Señal Pare,No existe,Intersección,Bueno,Buena,Diurna,Buen Tiempo,Lateral,S/D,Colisión,Ninguna,"Horizontal,Vertical","Cordón divisorio,Vegetación,Línea divisoria pintada",Sin restricción
2018,10937,2018-12-11,Martes,0,12:30:00,,0.0,2,"Pickup/Utilitario,Moto/Ciclomotor",Ameghino Y Laprida,2,1,0,0,1,0,0,"-32.987800885297,-60.644482286443",Calle,,ROSARIO,Rosario,Asfalto,No existe,II,Dentro,Urbana,Ninguna,No existe,Intersección,Bueno,Buena,Diurna,Buen Tiempo,Lateral,S/D,Colisión,Ninguna,Faltante,Ninguna,Sin restricción
2018,10938,2018-12-18,Martes,0,15:50:00,,0.0,2,"Pickup/Utilitario,Moto/Ciclomotor",Bv. Segui Y Sarmiento,4,2,0,0,2,0,0,"-32.978962429421,-60.646343767061",Avenida,,ROSARIO,Rosario,Asfalto,No existe,II,Dentro,Urbana,Señal Pare,No existe,Intersección,Bueno,Buena,Diurna,Buen Tiempo,Lateral,S/D,Colisión,Ninguna,Vertical,"Cordón divisorio,Vegetación",Sin restricción
2018,10939,2018-11-09,Viernes,0,15:50:00,,0.0,2,"Camión c / Semirremolque,Moto/Ciclomotor",Las Baleares ,2,0,0,0,1,1,0,"-31.6849,-60.80985",Calle,,SANTO TOMÉ,La Capital,Tierra,S/D,I,Dentro,Rural,S/D,No existe,Intersección,S/D,Reducida polvo,Diurna,Buen Tiempo,Lateral,S/D,Colisión,S/D,Faltante,Ninguna,Sin restricción
2018,10940,2018-12-08,Sabado,0,10:50:00,,0.0,2,"Automóvil,Peatón",Italia Y Saavedra,2,1,0,0,1,0,0,"-32.976183147372,-60.655807071628",Avenida,,ROSARIO,Rosario,Asfalto,No existe,II,Dentro,Urbana,Paso Peatonal,No existe,Intersección,Bueno,Buena,Diurna,Buen Tiempo,S/D,Peatón,Atropello,Ninguna,Horizontal,Ninguna,Sin restricción
2018,10941,2018-12-12,Miercoles,0,08:00:00,,0.0,2,"Automóvil,Camión Chasis",Av. Uriburu Y Grandoli,2,1,0,0,1,0,0,"-32.990006389483,-60.628410024844",Avenida,,ROSARIO,Rosario,Asfalto,No existe,II,Dentro,Urbana,Semáforo,Funciona,Recta,Bueno,Buena,Diurna,Buen Tiempo,De alcance,S/D,Colisión,Ninguna,"Horizontal,Vertical",Cordón divisorio,Sin restricción
2018,10942,2018-11-10,Sabado,0,23:30:00,Ruta Nacional 11,341.0,2,"Pickup/Utilitario,Moto/Ciclomotor", ,2,0,0,0,0,1,1,"-32.65263,-60.80391",Ruta,11,TIMBÚES,San Lorenzo,Asfalto,Natural,XVII,Dentro,Urbana,Ninguna,No existe,Recta,Bueno,Reducida,Nocturna,Lluvia,De alcance,S/D,Colisión,Agua,Vertical,Ninguna,Sin restricción
2018,10943,2018-12-08,Sabado,0,15:05:00,,0.0,2,"Moto/Ciclomotor,Automóvil",Av. Arijon Y Ayacucho,2,1,0,0,1,0,0,"-33.0026229637,-60.635980351083",Avenida,,ROSARIO,Rosario,Asfalto,No existe,II,Dentro,Urbana,Semáforo,Funciona,Intersección,Bueno,Buena,Diurna,Buen Tiempo,Lateral,S/D,Colisión,Ninguna,"Horizontal,Vertical",Línea divisoria pintada,Sin restricción
2018,10944,2018-12-08,Sabado,0,20:00:00,,0.0,2,"Moto/Ciclomotor,Automóvil",Laprida Y Amenabar,2,1,0,0,1,0,0,"-32.972886248306,-60.64072776133",Calle,,ROSARIO,Rosario,Asfalto,No existe,II,Dentro,Urbana,Ninguna,No existe,Intersección,Bueno,Buena,"Nocturna,Con luz artificial",Buen Tiempo,Lateral,S/D,Colisión,Ninguna,Faltante,Ninguna,Sin restricción
2018,10945,2018-11-11,Domingo,0,20:50:00,Ruta Provincial 21,0.0,3,"Automóvil,Pickup/Utilitario,Moto/Ciclomotor",RUBINI ,3,1,0,0,1,1,0,"-33.05391,-60.60078",Ruta,21,ALVEAR,Rosario,Asfalto,Natural,II,Dentro,Rural,Semáforo,Funciona,Recta,Bueno,Buena,Nocturna,Buen Tiempo,Múltiple,S/D,Colisión,Ninguna,Vertical,Línea divisoria pintada,Sin restricción
2018,10946,2018-12-08,Sabado,0,10:43:00,,0.0,2,"Automóvil,Peatón",Balcarce Y Milan,2,0,0,0,1,1,0,"-32.988080331332,-60.663058747726",Calle,,ROSARIO,Rosario,Asfalto,No existe,II,Dentro,Urbana,Ninguna,No existe,Recta,Bueno,Buena,Diurna,Buen Tiempo,S/D,Peatón,Atropello,Ninguna,Faltante,Ninguna,Sin restricción
2018,10947,2018-12-11,Martes,0,12:20:00,,0.0,2,"Automóvil,Automóvil",Pueyrredon Y Garay,3,1,0,0,2,0,0,"-32.971049009301,-60.664441950876",Calle,,ROSARIO,Rosario,Asfalto,No existe,II,Dentro,Urbana,Ninguna,No existe,Intersección,Bueno,Buena,Diurna,Buen Tiempo,Lateral,S/D,Colisión,Ninguna,Faltante,Ninguna,Sin restricción
2018,10948,2018-11-11,Domingo,0,08:57:00,Autov?a Nacional 19,6.0,1,Automóvil, ,2,0,1,0,0,1,0,"-31.6592,-60.84135",Autovía,19,COLONIA SAN JOSÉ,Las Colonias,Asfalto,Pavimento,XI,Dentro,Rural,Ninguna,No existe,Curva,Bueno,Reducida,Diurna,Viento Fuerte,Contra objeto fijo,S/D,Colisión,Agua,S/D,Cordón divisorio,Sin restricción
2018,10949,2018-11-15,Jueves,0,15:20:00,Autopista Nacional A008,0.0,1,Moto/Ciclomotor,Av. Pellegrini ,1,0,0,0,0,1,0,"-32.94888,-60.72197",Autopista,A008,ROSARIO,Rosario,Asfalto,Natural,II,Dentro,Urbana,Ninguna,No existe,Recta,S/D,S/D,Diurna,S/D,Contra objeto fijo,S/D,Colisión,S/D,S/D,Barrera de alto impacto,Sin restricción
2018,10950,2018-12-07,Viernes,0,22:30:00,,0.0,2,"Moto/Ciclomotor,Pickup/Utilitario",Bv. Segui Y Mariano Moreno,2,1,0,0,1,0,0,"-32.976948473758,-60.658821927415",Avenida,,ROSARIO,Rosario,Asfalto,No existe,II,Dentro,Urbana,Paso Peatonal,No existe,Intersección,Deteriorada,Buena,"Nocturna,Con luz artificial",Buen Tiempo,Lateral,S/D,Colisión,Ninguna,Horizontal,"Cordón divisorio,Vegetación",Sin restricción
2018,10951,2018-12-01,Sabado,0,14:50:00,,0.0,2,"Vehículo Oficial,Automóvil",Pje. Humboldt Y Estado de Israel,3,2,0,0,1,0,0,"-32.99179349094629,-60.647736825048",Calle,,ROSARIO,Rosario,Asfalto,No existe,II,Dentro,Urbana,Ninguna,No existe,Intersección,Bueno,Buena,Diurna,Buen Tiempo,Lateral,S/D,Colisión,Ninguna,Faltante,Ninguna,Sin restricción
2018,10952,2018-11-16,Viernes,0,22:00:00,Ruta Nacional 33,780.0,2,"Camión c / Acoplado,Taxi/Remis",CAMINO DIFUNTA CORREA ,2,0,0,0,1,1,0,"-33.01546,-60.82413",Ruta,33,ZAVALLA,Rosario,Asfalto,No existe,II,Dentro,Rural,Ninguna,No existe,Recta,S/D,S/D,Nocturna,S/D,De alcance,S/D,Colisión,Ninguna,Faltante,Línea divisoria pintada,Sin restricción
2018,10953,2018-12-10,Lunes,0,06:50:00,,0.0,2,"Bicicleta,Automóvil",San Martin Y Lamadrid,2,1,0,0,1,0,0,"-32.997072393776,-60.648162290107",Avenida,,ROSARIO,Rosario,Asfalto,No existe,II,Dentro,Urbana,Semáforo,Funciona,Intersección,Bueno,Buena,Amanecer,Buen Tiempo,S/D,Ciclista,Atropello,Ninguna,"Horizontal,Vertical","Cordón divisorio,Línea divisoria pintada",Sin restricción
2018,10954,2018-11-17,Sabado,0,23:40:00,,0.0,2,"Moto/Ciclomotor,Automóvil",Reg 12 de Infanteria Y Rivadavia,2,0,0,0,1,1,0,"-31.59871,-60.6901",Calle,,SANTA FE,La Capital,Asfalto,No existe,I,Dentro,Urbana,Otra Señal,No existe,Intersección,Bueno,Reducida,Nocturna,S/D,Lateral,S/D,Colisión,Ninguna,Faltante,Ninguna,Sin restricción
2018,10955,2018-12-03,Lunes,0,02:05:00,,0.0,2,"Bicicleta,Moto/Ciclomotor",Leiva Y F.Frias,2,1,0,0,1,0,0,"-33.011628288906,-60.637540862443",Calle,,ROSARIO,Rosario,Asfalto,No existe,II,Dentro,Urbana,Ninguna,No existe,Intersección,Bueno,Buena,Nocturna,Buen Tiempo,S/D,Ciclista,Atropello,Ninguna,Faltante,Ninguna,Sin restricción
2018,10956,2018-12-08,Sabado,0,20:11:00,,0.0,2,"Automóvil,Moto/Ciclomotor",Anchorena Y Cepeda,5,2,0,0,3,0,0,"-32.997034920897,-60.625044319828",Calle,,ROSARIO,Rosario,Asfalto,No existe,II,Dentro,Urbana,Ninguna,No existe,Intersección,Bueno,Buena,Nocturna,Buen Tiempo,Lateral,S/D,Colisión,Ninguna,Faltante,Ninguna,Sin restricción
2018,10957,2018-11-01,Jueves,0,16:00:00,Ruta Nacional 34,228.0,2,"Peatón,Camión c / Semirremolque", ,2,0,0,0,1,1,0,"-31.19044,-61.49098",Ruta,34,RAFAELA,Castellanos,Asfalto,Natural,V,Dentro,Rural,Ninguna,No existe,Recta,Bueno,S/D,Diurna,S/D,S/D,Peatón,Atropello,Ninguna,Faltante,Línea divisoria pintada,Sin restricción
2018,10958,2018-12-07,Viernes,0,06:25:00,,0.0,2,"Moto/Ciclomotor,Taxi/Remis",Av. Uriburu Y San Martin,2,0,1,0,1,0,0,"-32.990590194545,-60.646584929451",Avenida,,ROSARIO,Rosario,Asfalto,No existe,II,Dentro,Urbana,Semáforo,Funciona,Intersección,Bueno,Buena,Diurna,Buen Tiempo,Lateral,S/D,Colisión,Ninguna,"Horizontal,Vertical","Cordón divisorio,Vegetación,Línea divisoria pintada",Sin restricción
2018,10959,2018-12-04,Martes,0,19:20:00,,0.0,2,"Automóvil,Automóvil",Laprida Y Bv. Segui,2,2,0,0,0,0,0,"-32.979867334251,-60.642481809167",Calle,,ROSARIO,Rosario,Asfalto,No existe,II,Dentro,Urbana,Señal Pare,No existe,Intersección,Bueno,Buena,Diurna,Buen Tiempo,Lateral,S/D,Colisión,Ninguna,Vertical,"Cordón divisorio,Vegetación",Sin restricción
2018,10960,2018-12-01,Sabado,0,21:10:00,,0.0,1,Moto/Ciclomotor,Av. Bermudez Y Cabildo,1,1,0,0,0,0,0,"-33.007138747611,-60.642365911408",Avenida,,ROSARIO,Rosario,Asfalto,No existe,II,Dentro,Urbana,Ninguna,No existe,Intersección,Bueno,Buena,Nocturna,Buen Tiempo,S/D,S/D,Caída ocupante,Ninguna,Faltante,Ninguna,Sin restricción
2018,10961,2018-12-01,Sabado,0,22:00:00,,0.0,1,Moto/Ciclomotor,Biedma 100,1,1,0,0,0,0,0,"-32.983805537223816,-60.63323378562",Calle,,ROSARIO,Rosario,Asfalto,No existe,II,Dentro,Urbana,Señal Pare,No existe,Recta,Bueno,Buena,Nocturna,Buen Tiempo,S/D,S/D,Caída ocupante,Ninguna,Vertical,Ninguna,Sin restricción
2018,10962,2018-09-02,Domingo,0,20:20:00,,0.0,2,"Automóvil,Peatón",Pte Hipolito Irigoyen Y Pte Juan D Peron,2,0,0,0,0,1,1,"-32.6996,-60.74536",Calle,,PUERTO SAN MARTÍN,San Lorenzo,Asfalto,No existe,XVII,S/D,Urbana,Ninguna,No existe,S/D,Bueno,S/D,Nocturna,S/D,S/D,Peatón,Atropello,S/D,Faltante,"Ninguna,S/D",Sin restricción