anio_acci,nro_acci,fecha,desc_dia,fecha_aprox,hora_aprox,desc_ruta,km,cant_participantes,desc_participante,calle_avenida_km,total,heridos_leves,heridos_graves,heridos_gravisimos,ilesos,fallecidos,sin_datos,posicion_XY,desc_tipo_via,desc_ruta_ori,desc_loc,desc_dpto,desc_tipo_calzada,desc_tipo_banquina,desc_unidad_regional,desc_lugar_calzada,desc_zona,desc_prioridad,desc_estado_semaforo,desc_lugar_via,desc_estado_via,desc_estado_visibilidad,desc_luminosidad,desc_estado_clima,desc_tipo_colision,desc_tipo_atropello,desc_tipo_hecho,desc_pres_calzada,desc_senializacion,desc_separacion_via,desc_restriccion
2018,10963,2018-12-05,Miercoles,0,22:15:00,Ruta Provincial 22,0.0,2,"Moto/Ciclomotor,Moto/Ciclomotor",San Martin 7400,4,3,0,0,1,0,0,"-33.02486479282379,-60.654028952121",Ruta,22,ROSARIO,Rosario,Asfalto,No existe,II,Dentro,Urbana,Ninguna,No existe,Recta,Bueno,Buena,Nocturna,Buen Tiempo,Lateral,S/D,Colisión,Ninguna,Faltante,Guardarrail,Sin restricción
2018,10964,2018-09-01,Sabado,0,03:30:00,Ruta Nacional 11,559.3,1,Transporte de Pasajeros Larga Distancia (> 8 asientos), ,49,0,21,0,26,1,1,"-30.84813,-60.60692",Ruta,11,SAN JUSTO,San Justo,Asfalto,Pavimento,XVI,Fuera,Rural,Ninguna,No existe,Recta,Bueno,S/D,Nocturna,S/D,S/D,S/D,Vuelco,Ninguna,Faltante,"Ninguna,S/D",Sin restricción
2018,10965,2018-12-04,Martes,0,15:10:00,,0.0,2,"Moto/Ciclomotor,Automóvil",Mitre Y Garibaldi,5,3,0,0,2,0,0,"-32.985706578132,-60.649482755457",Calle,,ROSARIO,Rosario,Asfalto,No existe,II,Dentro,Urbana,Señal Pare,No existe,Intersección,Bueno,Buena,Diurna,Buen Tiempo,Lateral,S/D,Colisión,Ninguna,Vertical,Ninguna,Sin restricción
2018,10966,2018-12-04,Martes,0,15:15:00,,0.0,2,"Moto/Ciclomotor,Automóvil",Laprida Y Amenabar,2,1,0,0,1,0,0,"-32.972886248306,-60.64072776133",Calle,,ROSARIO,Rosario,Asfalto,No existe,II,Dentro,Urbana,Ninguna,No existe,Intersección,Bueno,Buena,Diurna,Buen Tiempo,Lateral,S/D,Colisión,Ninguna,Faltante,Ninguna,Sin restricción
2018,10967,2018-12-12,Miercoles,0,18:40:00,,0.0,2,"Moto/Ciclomotor,Moto/Ciclomotor",Cullen 500,2,2,0,0,0,0,0,"-32.92971879243851,-60.709582865238",Calle,,ROSARIO,Rosario,Asfalto,No existe,II,Dentro,Urbana,Ninguna,No existe,Recta,Deteriorada,Buena,Diurna,Buen Tiempo,Lateral,S/D,Colisión,Ninguna,Faltante,Ninguna,Sin restricción
2018,10968,2018-09-01,Sabado,0,05:30:00,Autov?a Nacional 19,126.0,2,"Moto/Ciclomotor,Automóvil", ,3,1,0,0,0,1,1,"-31.42124,-62.0593",Autovía,19,FRONTERA,Castellanos,Asfalto,Natural,V,Dentro,Urbana,Ninguna,No existe,Recta,Bueno,S/D,Diurna,S/D,De alcance,S/D,Colisión,Ninguna,Faltante,"Ninguna,S/D",Sin restricción
2018,10969,2018-09-02,Domingo,0,23:45:00,,0.0,1,Moto/Ciclomotor,Juan B Alberdi Y 9 de Julio,1,0,0,0,0,1,0,"-31.30643,-60.66426",Calle,,LAGUNA PAIVA,La Capital,Tierra,No existe,I,S/D,Urbana,Ninguna,No existe,Intersección,Bueno,S/D,Nocturna,S/D,S/D,S/D,Caída ocupante,S/D,Faltante,"Ninguna,S/D",Sin restricción
2018,10970,2018-12-15,Sabado,0,22:50:00,,0.0,2,"Moto/Ciclomotor,Taxi/Remis",Junin Y Solis,2,0,1,0,1,0,0,"-32.92733250866,-60.703921037058",Calle,,ROSARIO,Rosario,Asfalto,No existe,II,Dentro,Urbana,Semáforo,Funciona,Intersección,Deteriorada,Buena,Nocturna,Buen Tiempo,S/D,S/D,Colisión,Ninguna,Vertical,Ninguna,Sin restricción
2018,10971,2018-12-15,Sabado,0,22:00:00,,0.0,2,"Automóvil,Moto/Ciclomotor",Barra Y Bielsa,2,0,1,0,1,0,0,"-32.923617513053,-60.707494061048",Calle,,ROSARIO,Rosario,Asfalto,No existe,II,Dentro,Urbana,Ninguna,No existe,Intersección,Deteriorada,Buena,Nocturna,Buen Tiempo,Lateral,S/D,Colisión,Ninguna,Faltante,Ninguna,Sin restricción
2018,10972,2018-09-06,Jueves,0,01:10:00,,0.0,1,Moto/Ciclomotor,Calle 47-Islas Malvinas Y Calle 54,2,0,0,0,1,1,0,"-29.15902,-59.67084",Calle,,RECONQUISTA,General Obligado,S/D,S/D,IX,Dentro,Urbana,S/D,S/D,S/D,S/D,S/D,Nocturna,S/D,S/D,S/D,Caída ocupante,S/D,S/D,S/D,S/D
2018,10973,2018-12-15,Sabado,0,21:15:00,,0.0,2,"Automóvil,Moto/Ciclomotor",Matienzo Y San Lorenzo,3,0,2,0,1,0,0,"-32.934027198211,-60.694922420211",Calle,,ROSARIO,Rosario,Asfalto,No existe,II,Dentro,Urbana,Ninguna,No existe,Intersección,Bueno,Buena,Nocturna,Buen Tiempo,Lateral,S/D,Colisión,Ninguna,Faltante,Ninguna,Sin restricción
2018,10974,2018-12-19,Miercoles,0,21:30:00,,0.0,2,"Bicicleta,Automóvil",Santa Fe 4400,2,1,0,0,1,0,0,"-32.936998865759,-60.682855717227",Calle,,ROSARIO,Rosario,Asfalto,No existe,II,Dentro,Urbana,Semáforo,Funciona,Recta,Bueno,Buena,Nocturna,Buen Tiempo,S/D,Ciclista,Atropello,Ninguna,"Horizontal,Vertical",Ninguna,Sin restricción
2018,10975,2018-12-07,Viernes,0,21:00:00,,0.0,2,"Moto/Ciclomotor,Moto/Ciclomotor",Av. Provincias Unidas Y Santa Fe,3,3,0,0,0,0,0,"-32.935693856647,-60.712781809218",Avenida,,ROSARIO,Rosario,Asfalto,No existe,II,Dentro,Urbana,Paso Peatonal,No existe,Recta,Bueno,Buena,Nocturna,Buen Tiempo,Lateral,S/D,Colisión,Ninguna,Horizontal,Cordón divisorio,Sin restricción
2018,10976,2018-09-08,Sabado,0,09:35:00,Ruta Provincial 90,15.0,1,Automóvil, ,1,0,0,0,0,1,0,"-33.38572,-60.48961",Ruta,90,GODOY,Constitución,Asfalto,Pavimento,VI,S/D,Rural,Ninguna,No existe,Recta,Bueno,S/D,Diurna,S/D,Contra objeto fijo,S/D,"Colisión,Incendio",Ninguna,Faltante,"Ninguna,S/D",Sin restricción
2018,10977,2018-09-17,Lunes,0,19:00:00,,0.0,2,"Pickup/Utilitario,Peatón",URQUIZA 661,2,0,0,0,1,1,0,"-31.90947,-61.4032",Calle,,COLONIA BELGRANO,San Martín,S/D,S/D,XVIII,S/D,Urbana,S/D,S/D,S/D,S/D,S/D,Diurna,S/D,S/D,Peatón,Atropello,S/D,S/D,S/D,S/D
2018,10978,2018-12-10,Lunes,0,18:00:00,,0.0,2,"Peatón,Pickup/Utilitario",Tte.Agneta Y Marcos Paz,2,1,0,0,1,0,0,"-32.938723816817,-60.699887904384",Calle,,ROSARIO,Rosario,Asfalto,No existe,II,Dentro,Urbana,Ninguna,No existe,Recta,Deteriorada,Buena,Diurna,Buen Tiempo,S/D,Peatón,Atropello,Ninguna,Faltante,Ninguna,Sin restricción
2018,10979,2018-09-18,Martes,0,11:40:00,,0.0,2,"Peatón,Pickup/Utilitario",Uruguay Y 27 de Febrero,2,0,0,0,0,1,1,"-32.82281,-60.72825",Calle,,CAPITÁN BERMÚDEZ,San Lorenzo,S/D,S/D,XVII,S/D,Urbana,S/D,S/D,Intersección,S/D,S/D,Diurna,S/D,S/D,Peatón,Atropello,S/D,S/D,S/D,S/D
2018,10980,2018-12-22,Sabado,0,11:25:00,,0.0,2,"Bicicleta,Automóvil",Av. Pellegrini Y Roullon,2,1,0,0,1,0,0,"-32.948224653304,-60.70193237729",Avenida,,ROSARIO,Rosario,Asfalto,No existe,II,Dentro,Urbana,Semáforo,Funciona,Intersección,Bueno,Buena,Diurna,Buen Tiempo,S/D,Ciclista,Atropello,Ninguna,"Horizontal,Vertical","Cordón divisorio,Línea divisoria pintada",Sin restricción
2018,10981,2018-12-29,Sabado,0,06:10:00,,0.0,2,"Moto/Ciclomotor,Moto/Ciclomotor",Pje. Cuba Y Av. Eva Peron,2,2,0,0,0,0,0,"-32.935160774892,-60.701215422325",Avenida,,ROSARIO,Rosario,Asfalto,No existe,II,Dentro,Urbana,Semáforo,Funciona,Intersección,Bueno,Buena,Diurna,Buen Tiempo,Lateral,S/D,Colisión,Ninguna,"Horizontal,Vertical","Cordón divisorio,Línea divisoria pintada",Sin restricción
2018,10982,2018-09-18,Martes,0,10:30:00,Autopista Nacional 11,0.0,2,"Automóvil,Camión", ,2,1,0,0,0,1,0,"-31.60155,-60.73858",Autopista,11,SANTA FE,La Capital,Asfalto,Natural,I,Dentro,Urbana,Ninguna,No existe,Recta,Bueno,S/D,Diurna,S/D,De alcance,S/D,Colisión,Ninguna,Faltante,"Guardarrail,S/D",Sin restricción
2018,10983,2018-09-19,Miercoles,0,20:00:00,,0.0,2,"Peatón,Automóvil",Av A del Valle Y Angel Cassanello,2,0,0,0,1,1,0,"-31.60947,-60.69402",Avenida,,SANTA FE,La Capital,Asfalto,No existe,I,S/D,Urbana,Semáforo,Funciona,Intersección,Bueno,S/D,Nocturna,S/D,S/D,Peatón,Atropello,Ninguna,Vertical,"Ninguna,S/D",Sin restricción
2018,10984,2018-12-12,Miercoles,0,14:00:00,,0.0,2,"Moto/Ciclomotor,Moto/Ciclomotor",Pje. J.Kay Y San Lorenzo,3,2,0,0,1,0,0,"-32.93501338921487,-60.730739124119",Calle,,ROSARIO,Rosario,Asfalto,No existe,II,Dentro,Urbana,Ninguna,No existe,Recta,Deteriorada,Buena,"Nocturna,Con luz artificial",Buen Tiempo,S/D,S/D,Colisión,Ninguna,Faltante,Ninguna,Sin restricción
2018,10985,2018-09-23,Domingo,0,18:22:00,,0.0,2,"Moto/Ciclomotor,Moto/Ciclomotor",Brigadier Estanislao Lopez Y B Manera,2,1,0,0,0,1,0,"-31.23387,-61.47622",Calle,,RAFAELA,Castellanos,Asfalto,No existe,V,S/D,Urbana,Ninguna,No existe,Intersección,Bueno,S/D,Diurna,S/D,S/D,S/D,Colisión,Ninguna,Faltante,"Ninguna,S/D",Sin restricción
2018,10986,2018-12-12,Miercoles,0,08:30:00,,0.0,2,"Moto/Ciclomotor,Automóvil",Bv. Wilde Y San Lorenzo,2,1,0,0,1,0,0,"-32.935264348659,-60.738747603763",Calle,,ROSARIO,Rosario,Asfalto,No existe,II,Dentro,Urbana,Señal Pare,Funciona,Intersección,Bueno,Buena,Diurna,Buen Tiempo,Lateral,S/D,Colisión,Ninguna,Horizontal,"Cordón divisorio,Línea divisoria pintada",Sin restricción
2018,10987,2018-12-17,Lunes,0,00:15:00,,0.0,2,"Automóvil,Taxi/Remis",Brasil Y Mendoza,4,2,0,0,2,0,0,"-32.940354706822,-60.719561462437",Calle,,ROSARIO,Rosario,Asfalto,No existe,II,Dentro,Urbana,Semáforo,Funciona,Recta,Bueno,Buena,"Nocturna,Con luz artificial",Buen Tiempo,De alcance,S/D,Colisión,Ninguna,"Horizontal,Vertical","Cordón divisorio,Línea divisoria pintada",Sin restricción
2018,10988,2018-09-23,Domingo,0,22:00:00,Autopista Provincial Brigadier E.López,1.5,1,Moto/Ciclomotor, ,1,0,0,0,0,1,0,"-32.87208,-60.71918",Autopista,Brigadier E.López,ROSARIO,Rosario,Asfalto,Natural,II,S/D,Rural,Ninguna,No existe,Recta,Bueno,S/D,Nocturna,S/D,Contra objeto fijo,S/D,Colisión,Ninguna,Faltante,"Vegetación,S/D",Accidente Previo
2018,10989,2018-09-26,Miercoles,0,13:30:00,Autov?a Nacional 19,3.0,2,"Bicicleta,Camión c / Semirremolque", ,2,0,0,0,1,1,0,"-31.66727,-60.79958",Autovía,19,SANTO TOMÉ,La Capital,Asfalto,Natural,I,S/D,Rural,Ninguna,No existe,S/D,Bueno,S/D,Diurna,S/D,S/D,Ciclista,Atropello,Ninguna,Faltante,"Ninguna,S/D",Sin restricción
2018,10990,2018-09-27,Jueves,0,04:50:00,,0.0,1,Moto/Ciclomotor,Av. Provincias Unidas Y Pasco,1,0,0,0,0,1,0,"-32.951,-60.71208",Avenida,,ROSARIO,Rosario,Asfalto,S/D,II,S/D,Urbana,S/D,S/D,S/D,S/D,S/D,Nocturna,S/D,S/D,S/D,Caída ocupante,S/D,S/D,S/D,S/D
2018,10991,2018-09-30,Domingo,0,04:00:00,,0.0,1,Moto/Ciclomotor,Aaron Castellanos 1210,1,0,0,0,0,1,0,"-31.45043,-60.92775",Calle,,ESPERANZA,Las Colonias,S/D,S/D,XI,S/D,Urbana,S/D,S/D,S/D,S/D,S/D,Nocturna,S/D,Contra objeto fijo,S/D,Colisión,S/D,S/D,S/D,S/D
2018,10992,2018-09-30,Domingo,0,07:20:00,,0.0,1,Moto/Ciclomotor,Calle s/n ,1,0,0,0,0,1,0,"-31.41567,-60.33711",Camino Rural,,SANTA ROSA DE CALCHINES,Garay,S/D,S/D,VII,S/D,Urbana,S/D,S/D,S/D,S/D,S/D,Diurna,S/D,S/D,S/D,Caída ocupante,S/D,S/D,S/D,S/D
2018,10993,2018-12-18,Martes,0,01:05:00,,0.0,2,"Automóvil,Moto/Ciclomotor",Derqui Y Nicaragua,2,1,0,0,1,0,0,"-32.938227954031,-60.720815713178",Calle,,ROSARIO,Rosario,Asfalto,No existe,II,Dentro,Urbana,Señal Pare,No existe,Recta,Bueno,Buena,"Nocturna,Con luz artificial",Buen Tiempo,S/D,S/D,Colisión,Ninguna,Vertical,Ninguna,Sin restricción
2018,10994,2018-11-18,Domingo,0,04:26:00,,0.0,1,Moto/Ciclomotor,Av Almte Brown 4300,1,0,0,0,0,1,0,"-31.63305,-60.67957",Calle,,SANTA FE,La Capital,Asfalto,No existe,I,Dentro,Urbana,Ninguna,No existe,Recta,Bueno,S/D,Nocturna,S/D,Contra objeto fijo,S/D,Colisión,Ninguna,Horizontal,Línea divisoria pintada,Sin restricción
2018,10995,2018-12-28,Viernes,0,21:40:00,,0.0,2,"Automóvil,Automóvil",Urquiza Y Muniagurria,2,2,0,0,0,0,0,"-32.933980553381,-60.733131747899",Calle,,ROSARIO,Rosario,Asfalto,No existe,II,Dentro,Urbana,Ninguna,No existe,Recta,Bueno,Buena,"Nocturna,Con luz artificial",Buen Tiempo,De alcance,S/D,Colisión,Ninguna,Faltante,Ninguna,Sin restricción
2018,10996,2018-11-20,Martes,0,14:20:00,,0.0,2,"Pickup/Utilitario,Moto/Ciclomotor",Jose Hernandez Y Rivadavia,2,0,0,0,1,1,0,"-33.79456,-61.33806",Calle,,HUGHES,General López,Tierra,Natural,VIII,Dentro,Urbana,Ninguna,No existe,Intersección,Bueno,Reducida,Diurna,Buen Tiempo,Lateral,S/D,Colisión,Ninguna,Faltante,Vegetación,Sin restricción
2018,10997,2018-11-21,Miercoles,0,12:30:00,Ruta Secundaria 71-s,0.0,2,"Tractor,Pickup/Utilitario", ,2,0,0,0,1,1,0,"-30.36581,-61.87937",Ruta,71-s,SAN GUILLERMO,San Cristóbal,Ripio,Natural,XIII,Dentro,Rural,Ninguna,No existe,Recta,Deteriorada,Reducida polvo,Diurna,S/D,Frontal,S/D,Colisión,Material Suelto,Faltante,Ninguna,Sin restricción
2018,10998,2018-12-24,Lunes,0,09:45:00,Autopista Nacional 9,0.0,2,"Automóvil,Moto/Ciclomotor",Av. Eva Peron 8800,2,1,0,0,1,0,0,"-32.92622119188309,-60.754775404930",Autopista,9,ROSARIO,Rosario,Asfalto,Ripio,II,Dentro,Urbana,Otra Señal,No existe,Recta,Bueno,Buena,Diurna,Buen Tiempo,S/D,S/D,Colisión,Ninguna,"Horizontal,Vertical","Guardarrail,Línea divisoria pintada",Sin restricción
2018,10999,2018-11-23,Viernes,0,12:05:00,,0.0,3,"Vehículo Oficial,Vehículo Oficial,Camión Chasis",Av. Provincias Unidas Y Arevalo,4,1,0,0,2,1,0,"-32.93071,-60.71313",Calle,,ROSARIO,Rosario,Asfalto,No existe,II,Dentro,Urbana,Semáforo,Funciona,Recta,Bueno,Buena,Diurna,S/D,De alcance,S/D,"Caída ocupante,Colisión",Ninguna,Vertical,Ninguna,Sin restricción
2018,11000,2018-12-26,Miercoles,0,13:00:00,,0.0,2,"Moto/Ciclomotor,Automóvil",Comenius Y Bv. Wilde,2,1,0,0,1,0,0,"-32.926907520179,-60.738993218345",Avenida,,ROSARIO,Rosario,Asfalto,No existe,II,Dentro,Urbana,Señal Pare,No existe,Intersección,Bueno,Buena,Diurna,Buen Tiempo,Lateral,S/D,Colisión,Ninguna,"Horizontal,Vertical",Línea divisoria pintada,Sin restricción
2018,11001,2018-12-22,Sabado,0,12:10:00,,0.0,2,"Automóvil,Peatón",La Republica Y Donado,2,1,0,0,1,0,0,"-32.918993269608,-60.727968470793",Calle,,ROSARIO,Rosario,Asfalto,No existe,II,Dentro,Urbana,Ninguna,No existe,Recta,Bueno,Buena,Diurna,Buen Tiempo,S/D,Peatón,Atropello,Ninguna,Faltante,Ninguna,Sin restricción
2018,11002,2018-12-22,Sabado,0,10:55:00,,0.0,2,"Pickup/Utilitario,Moto/Ciclomotor",Av. Provincias Unidas Bis 300,2,1,0,0,1,0,0,"-32.92845815420151,-60.713168978691",Avenida,,ROSARIO,Rosario,Asfalto,No existe,II,Dentro,Urbana,Paso Peatonal,No existe,Recta,Bueno,Buena,Diurna,Buen Tiempo,S/D,S/D,Colisión,Ninguna,"Horizontal,Vertical",Cordón divisorio,Sin restricción
2018,11003,2018-12-27,Jueves,0,12:40:00,,0.0,2,"Automóvil,Camión Chasis",Av. Provincias Unidas Y French,4,2,0,0,2,0,0,"-32.921775630043,-60.713327045529",Avenida,,ROSARIO,Rosario,Asfalto,No existe,II,Dentro,Urbana,Paso Peatonal,No existe,Recta,Bueno,Buena,Diurna,Buen Tiempo,S/D,S/D,Colisión,Ninguna,Horizontal,Cordón divisorio,Sin restricción
2018,11004,2018-11-23,Viernes,0,18:47:00,Ruta Secundaria 4-s,0.0,2,"Pickup/Utilitario,Moto/Ciclomotor", ,2,1,0,0,0,1,0,"-33.816,-62.02955",Ruta,4-s,VENADO TUERTO,General López,Asfalto,Pavimento,VIII,Dentro,Rural,S/D,No existe,Puente,Bueno,S/D,Diurna,S/D,Lateral,S/D,Colisión,Ninguna,Horizontal,Guardarrail,S/D
2018,11005,2018-11-24,Sabado,0,05:35:00,Ruta Nacional 8,294.0,1,Moto/Ciclomotor, ,2,1,0,0,0,1,0,"-33.81347,-61.2488",Ruta,8,WHEELWRIGHT,General López,Asfalto,Natural,VIII,Dentro,Rural,Señal Ceda el Paso,No existe,Rotonda,Bueno,Buena,Diurna,Buen Tiempo,Contra objeto fijo,S/D,Colisión,Ninguna,Vertical,Guardarrail,Sin restricción
2018,11006,2018-11-25,Domingo,0,22:10:00,Ruta Provincial 1,22.0,2,"Automóvil,Moto/Ciclomotor", ,2,0,0,0,1,1,0,"-31.51227,-60.45994",Ruta,1,ARROYO LEYES,La Capital,Asfalto,No existe,I,Dentro,Rural,Marca Vial,No existe,Puente,Bueno,Reducida,Nocturna,Buen Tiempo,S/D,S/D,Colisión,Ninguna,S/D,Línea divisoria pintada,Sin restricción
2018,11007,2018-12-07,Viernes,0,18:40:00,,0.0,2,"Automóvil,Moto/Ciclomotor",J.Colombres Y Jose Ingenieros,3,2,0,0,1,0,0,"-32.91753829383,-60.730374373199",Calle,,ROSARIO,Rosario,Asfalto,No existe,II,Dentro,Urbana,Ninguna,No existe,Intersección,Bueno,Buena,Diurna,Buen Tiempo,Frontal,S/D,Colisión,Ninguna,Faltante,Ninguna,Sin restricción
2018,11008,2018-12-08,Sabado,0,18:50:00,Autopista Nacional A008,0.0,1,Moto/Ciclomotor,Av. Eva Peron 7300,2,2,0,0,0,0,0,"-32.931403081976,-60.721464953047",Autopista,A008,ROSARIO,Rosario,Asfalto,No existe,II,Dentro,Urbana,Semáforo,Funciona,Intersección,Bueno,Buena,Diurna,Buen Tiempo,S/D,S/D,Caída ocupante,Ninguna,"Horizontal,Vertical","Cordón divisorio,Línea divisoria pintada",Sin restricción
2018,11009,2018-12-10,Lunes,0,17:00:00,,0.0,2,"Moto/Ciclomotor,Moto/Ciclomotor",Velez Sarsfield Y Nicaragua,2,2,0,0,0,0,0,"-32.92624734342098,-60.721354242414",Calle,,ROSARIO,Rosario,Asfalto,No existe,II,Dentro,Urbana,Ninguna,No existe,Intersección,Deteriorada,Buena,Diurna,Buen Tiempo,S/D,S/D,Colisión,Ninguna,Faltante,Ninguna,Sin restricción
2018,11010,2018-12-12,Miercoles,0,09:45:00,,0.0,2,"Pickup/Utilitario,Moto/Ciclomotor",French 7400,4,3,0,0,1,0,0,"-32.921996063193,-60.721515185771",Calle,,ROSARIO,Rosario,Asfalto,No existe,II,Dentro,Urbana,Ninguna,No existe,Intersección,Bueno,Buena,Diurna,Buen Tiempo,S/D,S/D,Colisión,Ninguna,Faltante,Ninguna,Sin restricción
2018,11011,2018-12-18,Martes,0,19:00:00,Autopista Nacional 9,0.0,2,"Pickup/Utilitario,Moto/Ciclomotor",Juarez Celman Y Av. Eva Peron,3,2,0,0,1,0,0,"-32.926193038582,-60.754507800935",Autopista,9,ROSARIO,Rosario,Asfalto,No existe,II,Dentro,Urbana,Ninguna,S/D,Recta,Bueno,Buena,Diurna,Buen Tiempo,S/D,S/D,Colisión,Ninguna,Faltante,Ninguna,Sin restricción
2018,11012,2018-12-04,Martes,0,13:50:00,,0.0,2,"Moto/Ciclomotor,Moto/Ciclomotor",Av. Genova 6100,3,2,0,0,1,0,0,"-32.915804409506,-60.706320769752",Avenida,,ROSARIO,Rosario,Asfalto,No existe,II,Dentro,Urbana,Ninguna,No existe,Intersección,Bueno,Buena,Diurna,Buen Tiempo,S/D,S/D,Colisión,Ninguna,Faltante,Ninguna,Sin restricción
2018,11013,2018-12-13,Jueves,0,18:50:00,,0.0,2,"Moto/Ciclomotor,Automóvil",Av. Sorrento Y Av. Provincias Unidas,2,1,0,0,1,0,0,"-32.907949730894,-60.713804056287",Avenida,,ROSARIO,Rosario,Asfalto,No existe,II,Dentro,Urbana,Ninguna,No existe,Rotonda,Bueno,Buena,Diurna,Buen Tiempo,De alcance,S/D,Colisión,Ninguna,Faltante,Ninguna,Sin restricción
2018,11014,2018-12-13,Jueves,0,03:00:00,,0.0,1,Otros,Av. Provincias Unidas Y Av. Genova,1,1,0,0,0,0,0,"-32.916009521782,-60.713752328791",Calle,,ROSARIO,Rosario,Asfalto,No existe,II,Dentro,Urbana,Ninguna,Intermitente,Recta,Bueno,Buena,Nocturna,Buen Tiempo,S/D,S/D,Colisión,Ninguna,Vertical,"Cordón divisorio,Vegetación",Sin restricción
2018,11015,2018-12-19,Miercoles,0,19:23:00,,0.0,2,"Automóvil,Moto/Ciclomotor",Colombia 1300,4,1,0,0,3,0,0,"-32.913217932263,-60.717682136558",Calle,,ROSARIO,Rosario,Asfalto,No existe,II,Dentro,Urbana,Ninguna,No existe,Recta,Bueno,Buena,Atardecer,Buen Tiempo,Lateral,S/D,Colisión,Ninguna,Faltante,Ninguna,Sin restricción
2018,11016,2018-12-26,Miercoles,0,18:20:00,,0.0,2,"Peatón,Automóvil",J.J.Paso 2320,2,1,0,0,1,0,0,"-32.91960820555688,-60.692608505487",Calle,,ROSARIO,Rosario,Asfalto,No existe,II,Dentro,Urbana,Ninguna,No existe,Recta,Bueno,Buena,Diurna,Buen Tiempo,S/D,Peatón,Atropello,Ninguna,Faltante,Línea divisoria pintada,Sin restricción
2018,11017,2018-12-03,Lunes,0,12:30:00,,0.0,2,"Camión Chasis,Moto/Ciclomotor",Tarragona Bis 1400,2,1,0,0,1,0,0,"-32.912519956642,-60.735276264369",Calle,,ROSARIO,Rosario,Asfalto,No existe,II,Dentro,Urbana,Otra Señal,No existe,Recta,Bueno,Buena,Diurna,Buen Tiempo,S/D,S/D,Colisión,Ninguna,Vertical,Ninguna,Sin restricción
2018,11018,2018-12-21,Viernes,0,16:30:00,,0.0,2,"Automóvil,Moto/Ciclomotor",J.B.Justo Y Bv. Wilde,2,1,0,0,1,0,0,"-32.915610125906,-60.739433181785",Calle,,ROSARIO,Rosario,Asfalto,No existe,II,Dentro,Urbana,Ninguna,No existe,Intersección,Bueno,Buena,Diurna,Buen Tiempo,Lateral,S/D,Colisión,Ninguna,Faltante,Ninguna,Sin restricción
2018,11019,2018-12-30,Domingo,0,20:00:00,,0.0,1,Moto/Ciclomotor,Ayala Gauna 7762,3,2,0,0,1,0,0,"-32.912363152136,-60.729515875775",Calle,,ROSARIO,Rosario,Asfalto,No existe,II,Dentro,Urbana,Ninguna,No existe,Recta,Bueno,Buena,"Amanecer,Con luz artificial",Buen Tiempo,S/D,S/D,Colisión,Ninguna,Faltante,Ninguna,Sin restricción
2018,11020,2018-12-11,Martes,0,23:00:00,,0.0,2,"Moto/Ciclomotor,Automóvil",G Lopez Y Av Juan Domingo Peron,2,1,0,0,1,0,0,"-33.016895741752,-60.616506651695",Calle,,VILLA GOBERNADOR GÁLVEZ,Rosario,Asfalto,No existe,II,Dentro,Urbana,Ninguna,No existe,Recta,Bueno,Buena,"Nocturna,Con luz artificial",Buen Tiempo,De alcance,S/D,Colisión,Ninguna,Faltante,Ninguna,Sin restricción
2018,11021,2018-12-05,Miercoles,0,18:50:00,,0.0,2,"Pickup/Utilitario,Moto/Ciclomotor",I A Edison Y Alvear,2,2,0,0,0,0,0,"-33.01582469993,-60.611533376855",Calle,,VILLA GOBERNADOR GÁLVEZ,Rosario,Asfalto,No existe,II,Dentro,Urbana,Ninguna,No existe,Recta,Deteriorada,Buena,Diurna,Buen Tiempo,De alcance,S/D,Colisión,Ninguna,Faltante,Ninguna,Sin restricción
2018,11022,2018-12-10,Lunes,0,08:00:00,,0.0,2,"Moto/Ciclomotor,Automóvil",Alvear Y Corrientes,2,1,0,0,1,0,0,"-33.009926534478,-60.611808361439",Calle,,VILLA GOBERNADOR GÁLVEZ,Rosario,Asfalto,No existe,II,Dentro,Urbana,Ninguna,No existe,Recta,Bueno,Buena,Diurna,Buen Tiempo,De alcance,S/D,Colisión,Ninguna,Faltante,Ninguna,Sin restricción
2018,11023,2018-12-08,Sabado,0,01:20:00,,0.0,2,"Moto/Ciclomotor,Automóvil",Av Juan Domingo Peron Y Corrientes,3,2,0,0,1,0,0,"-33.010003160108,-60.614564526283",Calle,,VILLA GOBERNADOR GÁLVEZ,Rosario,Hormigón,No existe,II,Dentro,Urbana,Ninguna,No existe,Recta,Deteriorada,Buena,Nocturna,Buen Tiempo,De alcance,S/D,Colisión,Ninguna,Faltante,Ninguna,Sin restricción
2018,11024,2018-12-08,Sabado,0,19:40:00,,0.0,2,"Bicicleta,Automóvil",Lavalle 407,2,1,0,0,1,0,0,"-33.007800651301,-60.61205280657",Calle,,VILLA GOBERNADOR GÁLVEZ,Rosario,Asfalto,No existe,II,Dentro,Urbana,Ninguna,No existe,Recta,Bueno,Buena,Atardecer,Buen Tiempo,S/D,Ciclista,Atropello,Ninguna,Faltante,Ninguna,Sin restricción