anio_acci,nro_acci,fecha,desc_dia,fecha_aprox,hora_aprox,desc_ruta,km,cant_participantes,desc_participante,calle_avenida_km,total,heridos_leves,heridos_graves,heridos_gravisimos,ilesos,fallecidos,sin_datos,posicion_XY,desc_tipo_via,desc_ruta_ori,desc_loc,desc_dpto,desc_tipo_calzada,desc_tipo_banquina,desc_unidad_regional,desc_lugar_calzada,desc_zona,desc_prioridad,desc_estado_semaforo,desc_lugar_via,desc_estado_via,desc_estado_visibilidad,desc_luminosidad,desc_estado_clima,desc_tipo_colision,desc_tipo_atropello,desc_tipo_hecho,desc_pres_calzada,desc_senializacion,desc_separacion_via,desc_restriccion
2018,11025,2018-12-24,Lunes,0,17:50:00,,0.0,2,"Camión Chasis,Moto/Ciclomotor",PIEDRABUENA Y MONTE FLORES,3,2,0,0,1,0,0,"-33.062462, -60.610070",Calle,,ALVEAR,Rosario,Ripio,No existe,II,Dentro,Urbana,Ninguna,No existe,Intersección,Resbaladiza,Buena,Diurna,Buen Tiempo,Lateral,S/D,Colisión,Ninguna,Faltante,Ninguna,Sin restricción
2018,11026,2018-12-14,Viernes,0,17:25:00,Ruta Provincial 21,0.0,3,"Automóvil,Automóvil,Camión c / Acoplado",Lisandro de la Torre ,3,1,0,0,2,0,0,"-33.109944462776205,-60.54807364940",Ruta,21,GENERAL LAGOS,Rosario,Asfalto,Ripio,II,Dentro,Urbana,Semáforo,Funciona,Intersección,Bueno,Buena,Atardecer,Buen Tiempo,"De alcance,Múltiple",S/D,Colisión,Ninguna,Vertical,Ninguna,Sin restricción
2018,11027,2018-12-01,Sabado,0,23:50:00,,0.0,2,"Transporte de Pasajeros Urbano (> 8 asientos),Moto/Ciclomotor",Av del Libertador Y Las heras,2,1,0,0,1,0,0,"-33.032992638611,-60.627777923024",Calle,,VILLA GOBERNADOR GÁLVEZ,Rosario,Asfalto,No existe,II,Dentro,Urbana,Ninguna,No existe,Intersección,Bueno,Buena,Nocturna,Buen Tiempo,S/D,S/D,Colisión,Ninguna,Faltante,Cordón divisorio,Sin restricción
2018,11028,2018-12-07,Viernes,0,16:15:00,,0.0,2,"Tracción animal / Carro,Pickup/Utilitario",Buenos Aires Y Mitre,5,2,0,0,3,0,0,"-33.024630010022,-60.638405829248",Calle,,VILLA GOBERNADOR GÁLVEZ,Rosario,Asfalto,No existe,II,Dentro,Urbana,Ninguna,No existe,Intersección,Bueno,Buena,Diurna,Buen Tiempo,S/D,S/D,Colisión,Ninguna,Faltante,Ninguna,Sin restricción
2018,11029,2018-12-10,Lunes,0,12:25:00,,0.0,2,"Automóvil,Moto/Ciclomotor",Eva Peron Y Entre Rios,3,1,0,0,2,0,0,"-33.031476492917,-60.628050830442",Calle,,VILLA GOBERNADOR GÁLVEZ,Rosario,Asfalto,No existe,II,Dentro,Urbana,Ninguna,No existe,Intersección,Bueno,Buena,Diurna,Buen Tiempo,S/D,S/D,Colisión,Ninguna,Faltante,Ninguna,Sin restricción
2018,11030,2018-12-11,Martes,0,22:35:00,,0.0,2,"Automóvil,Moto/Ciclomotor",Soldado Aguirre Y San Nicolas,3,0,1,0,2,0,0,"-33.029374733645,-60.639767310616",Calle,,VILLA GOBERNADOR GÁLVEZ,Rosario,Asfalto,No existe,II,Dentro,Urbana,Ninguna,No existe,Intersección,Con baches,Buena,Nocturna,Buen Tiempo,S/D,S/D,Colisión,Ninguna,Faltante,Ninguna,Sin restricción
2018,11031,2018-12-12,Miercoles,0,13:35:00,,0.0,1,Moto/Ciclomotor,Almte Brown Y Belgrano,1,1,0,0,0,0,0,"-33.03078442811967,-60.625574737787",Calle,,VILLA GOBERNADOR GÁLVEZ,Rosario,Asfalto,No existe,II,Dentro,Urbana,Ninguna,No existe,Intersección,Bueno,Buena,Diurna,Buen Tiempo,S/D,S/D,Caída ocupante,Ninguna,Faltante,Ninguna,Sin restricción
2018,11032,2018-12-14,Viernes,0,18:20:00,,0.0,2,"Automóvil,Moto/Ciclomotor",Balcarce Y Iriondo,2,1,0,0,1,0,0,"-33.023529162833,-60.63592012309",Calle,,VILLA GOBERNADOR GÁLVEZ,Rosario,Asfalto,No existe,II,Dentro,Urbana,Ninguna,No existe,Intersección,Bueno,Buena,Diurna,Buen Tiempo,S/D,S/D,Colisión,Ninguna,Faltante,Ninguna,Sin restricción
2018,11033,2018-12-14,Viernes,0,21:35:00,,0.0,2,"Automóvil,Moto/Ciclomotor",San Francisco de Asis Y Av Filipini,2,1,0,0,1,0,0,"-33.02512228488924,-60.637230277061",Calle,,VILLA GOBERNADOR GÁLVEZ,Rosario,Asfalto,No existe,II,Dentro,Urbana,Ninguna,No existe,Intersección,Bueno,Buena,Nocturna,Buen Tiempo,S/D,S/D,Colisión,Ninguna,Faltante,Ninguna,Sin restricción
2018,11034,2018-12-15,Sabado,0,22:00:00,,0.0,2,"Pickup/Utilitario,Moto/Ciclomotor",Lavalle Y San Nicolas,2,1,0,0,1,0,0,"-33.026962223414,-60.639883674052",Calle,,VILLA GOBERNADOR GÁLVEZ,Rosario,Asfalto,No existe,II,Dentro,Urbana,Ninguna,No existe,Intersección,Bueno,Buena,Nocturna,Buen Tiempo,S/D,S/D,Colisión,Ninguna,Faltante,Ninguna,Sin restricción
2018,11035,2018-12-17,Lunes,0,19:55:00,,0.0,2,"Automóvil,Moto/Ciclomotor",Ing Mosconi Y Falucho,3,2,0,0,1,0,0,"-33.025493856619,-60.628982402821",Calle,,VILLA GOBERNADOR GÁLVEZ,Rosario,Asfalto,No existe,II,Dentro,Urbana,Ninguna,No existe,Intersección,Bueno,Buena,Atardecer,Buen Tiempo,S/D,S/D,Colisión,Ninguna,Faltante,Ninguna,Sin restricción
2018,11036,2018-12-17,Lunes,0,21:35:00,,0.0,2,"Automóvil,Moto/Ciclomotor",Bv San diego Y P Opicci,2,1,0,0,1,0,0,"-33.019384455417,-60.634466917636",Avenida,,VILLA GOBERNADOR GÁLVEZ,Rosario,Asfalto,No existe,II,Dentro,Urbana,Ninguna,No existe,Intersección,Bueno,Buena,Nocturna,Buen Tiempo,S/D,S/D,Colisión,Ninguna,Faltante,Ninguna,Sin restricción
2018,11037,2018-12-21,Viernes,0,14:00:00,Autopista Nacional A008,0.0,2,"Pickup/Utilitario,Bicicleta",I A Edison Y Av de Circunvalacion,2,1,0,0,1,0,0,"-33.01655262708664,-60.634894073009",Autopista,A008,VILLA GOBERNADOR GÁLVEZ,Rosario,Asfalto,No existe,II,Dentro,Urbana,Ninguna,No existe,Intersección,Bueno,Buena,Diurna,Buen Tiempo,S/D,Ciclista,Atropello,Ninguna,Faltante,Ninguna,Sin restricción
2018,11038,2018-12-27,Jueves,0,23:35:00,,0.0,2,"Automóvil,Moto/Ciclomotor",Mitre Y Avellaneda,3,2,0,0,1,0,0,"-33.024382217812,-60.630392684346",Calle,,VILLA GOBERNADOR GÁLVEZ,Rosario,Asfalto,No existe,II,Dentro,Urbana,Ninguna,No existe,Intersección,Bueno,Buena,Nocturna,Buen Tiempo,S/D,S/D,Colisión,Ninguna,Faltante,Ninguna,Sin restricción
2018,11039,2018-01-18,Jueves,0,,,0.0,2,"Automóvil,Otros",Montevideo Y Rodriguez,2,0,1,0,0,0,1,"-32.95247, -60.6612",Calle,,ROSARIO,Rosario,S/D,S/D,II,S/D,Urbana,S/D,S/D,Intersección,S/D,S/D,S/D,S/D,S/D,S/D,Colisión,S/D,S/D,S/D,S/D
2018,11040,2018-01-20,Sabado,0,,,0.0,2,"Moto/Ciclomotor,Otros",Av. Battle y Ordo?ez Y Av. Bermudez,2,0,1,0,0,0,1,"-33.00873, -60.64228",Avenida,,ROSARIO,Rosario,S/D,S/D,II,S/D,Urbana,S/D,S/D,Intersección,S/D,S/D,S/D,S/D,S/D,S/D,Colisión,S/D,S/D,S/D,S/D
2018,11041,2018-02-20,Martes,0,,,0.0,2,"Moto/Ciclomotor,Otros",Av. Ntra.Sra.del Rosario 600,2,0,1,0,0,0,1,"-32.99856, -60.61914",Avenida,,ROSARIO,Rosario,S/D,S/D,II,S/D,Urbana,S/D,S/D,Recta,S/D,S/D,S/D,S/D,S/D,S/D,Colisión,S/D,S/D,S/D,S/D
2018,11042,2018-12-09,Domingo,0,02:45:00,,0.0,2,"Moto/Ciclomotor,Automóvil",25 de Mayo Y San Martin,2,1,0,0,1,0,0,"-29.460331258414,-60.21070744513",Calle,,VERA,Vera,Asfalto,No existe,XIX,Dentro,Urbana,Semáforo,No existe,Intersección,Bueno,Buena,"Nocturna,Con luz artificial",Buen Tiempo,S/D,S/D,Colisión,Ninguna,"Horizontal,Vertical",Ninguna,Sin restricción
2018,11043,2018-12-06,Jueves,0,21:50:00,,0.0,2,"Moto/Ciclomotor,Automóvil",Colon Y Lavalle,2,1,0,0,1,0,0,"-29.455679441136,-60.21977432511",Calle,,VERA,Vera,Asfalto,No existe,XIX,Dentro,Urbana,Ninguna,No existe,Intersección,Deteriorada,Buena,Nocturna,Buen Tiempo,Otro,S/D,Colisión,Ninguna,Faltante,Ninguna,Sin restricción
2018,11044,2018-12-18,Martes,0,19:00:00,,0.0,2,"Moto/Ciclomotor,Automóvil",J M Estrada Y Jujuy,2,1,0,0,1,0,0,"-33.026452491575,-60.618483749041",Calle,,VILLA GOBERNADOR GÁLVEZ,Rosario,Asfalto,No existe,II,Dentro,Urbana,Ninguna,No existe,Intersección,Bueno,Buena,Atardecer,Buen Tiempo,Lateral,S/D,Colisión,Agua,Faltante,Ninguna,Sin restricción
2018,11045,2018-12-17,Lunes,0,,Ruta Provincial 21,0.0,2,"Bicicleta,Automóvil",Av Gral San Martin Y Libertad,2,1,0,0,1,0,0,"-33.021076761072,-60.629678825064",Ruta,21,VILLA GOBERNADOR GÁLVEZ,Rosario,Asfalto,No existe,II,Dentro,Urbana,Paso Peatonal,No existe,Intersección,Bueno,Buena,Diurna,Buen Tiempo,S/D,Ciclista,Atropello,Ninguna,Horizontal,"Cordón divisorio,Línea divisoria pintada",Sin restricción
2018,11046,2018-12-11,Martes,0,12:00:00,,0.0,2,"Moto/Ciclomotor,Automóvil",Colon Y Soldado Gomez,2,1,0,0,1,0,0,"-29.45547437994,-60.221026343662",Calle,,VERA,Vera,Asfalto,No existe,XIX,Dentro,Urbana,Ninguna,No existe,Intersección,Deteriorada,Buena,Diurna,Buen Tiempo,S/D,S/D,Colisión,Ninguna,Faltante,Ninguna,Sin restricción
2018,11047,2018-12-15,Sabado,0,20:35:00,,0.0,2,"Bicicleta,Automóvil",chile Y J M Estrada,2,1,0,0,1,0,0,"-33.026421170813,-60.617525568997",Calle,,VILLA GOBERNADOR GÁLVEZ,Rosario,Asfalto,No existe,II,Dentro,Urbana,Ninguna,No existe,Intersección,Bueno,Buena,"Nocturna,Con luz artificial",Buen Tiempo,S/D,Ciclista,Atropello,Ninguna,Faltante,Ninguna,Sin restricción
2018,11048,2018-12-17,Lunes,0,13:05:00,,0.0,2,"Moto/Ciclomotor,Automóvil",Sarmiento D Y Buenos Aires,2,1,0,0,1,0,0,"-29.462812403869,-60.216222766639",Calle,,VERA,Vera,Asfalto,No existe,XIX,Dentro,Urbana,Ninguna,No existe,Intersección,Bueno,Buena,Diurna,Buen Tiempo,Frontal,S/D,Colisión,Ninguna,Faltante,Ninguna,Sin restricción
2018,11049,2018-12-11,Martes,0,14:45:00,Ruta Provincial 21,0.0,2,"Moto/Ciclomotor,Automóvil",Av Gral San Martin Y Libertad,2,1,0,0,0,0,1,"-33.021076761072,-60.629678825064",Ruta,21,VILLA GOBERNADOR GÁLVEZ,Rosario,Asfalto,No existe,II,Dentro,Urbana,Paso Peatonal,No existe,Intersección,Bueno,Buena,Diurna,Buen Tiempo,Lateral,S/D,Colisión,Ninguna,Horizontal,"Cordón divisorio,Línea divisoria pintada",Sin restricción
2018,11050,2018-12-21,Viernes,0,11:50:00,,0.0,2,"Moto/Ciclomotor,Automóvil",Soldado Gomez Y A Mendez,2,1,0,0,1,0,0,"-29.449494797976,-60.21993107491",Calle,,VERA,Vera,"Asfalto,Ripio",No existe,XIX,Dentro,Urbana,Ninguna,No existe,Intersección,Bueno,Buena,Diurna,Buen Tiempo,Lateral,S/D,Colisión,Ninguna,Faltante,Ninguna,Accidente Previo
2018,11051,2018-12-13,Jueves,0,15:40:00,Ruta Provincial 21,0.0,2,"Moto/Ciclomotor,Automóvil",Av Gral San Martin Y Libertad,3,2,0,0,1,0,0,"-33.021076761072,-60.629678825064",Ruta,21,VILLA GOBERNADOR GÁLVEZ,Rosario,Asfalto,No existe,II,Dentro,Urbana,Paso Peatonal,No existe,Intersección,Bueno,Buena,Diurna,Buen Tiempo,Lateral,S/D,Colisión,Ninguna,Horizontal,"Cordón divisorio,Línea divisoria pintada",Sin restricción
2018,11052,2018-12-22,Sabado,0,06:20:00,Ruta Nacional 11,0.0,2,"Transporte de Pasajeros Urbano (> 8 asientos),Moto/Ciclomotor",Corrientes Y Ruta Nacional 11,4,0,1,0,3,0,0,"-29.467676174175,-60.198144969226",Ruta,11,VERA,Vera,Asfalto,Ripio,XIX,Dentro,Urbana,Ninguna,No existe,Intersección,Bueno,Buena,Diurna,Buen Tiempo,Frontal,S/D,Colisión,Ninguna,Horizontal,Ninguna,Accidente Previo
2018,11053,2018-12-10,Lunes,0,07:50:00,,0.0,2,"Automóvil,Automóvil",Bv San diego Y Andreu,2,1,0,0,1,0,0,"-33.018667961489,-60.613666758142",Calle,,VILLA GOBERNADOR GÁLVEZ,Rosario,Asfalto,No existe,II,Dentro,Urbana,Ninguna,No existe,Intersección,Bueno,Buena,Diurna,Buen Tiempo,Lateral,S/D,Colisión,Ninguna,Faltante,Ninguna,Sin restricción
2018,11054,2018-12-30,Domingo,0,,,0.0,2,"Automóvil,Moto/Ciclomotor",Hna Carmelina Y Caramarca,2,1,0,0,1,0,0,"-29.470611462709,-60.207852248569",Calle,,VERA,Vera,Tierra,No existe,XIX,Dentro,Urbana,Ninguna,No existe,Intersección,Deteriorada,Buena,Diurna,Buen Tiempo,S/D,S/D,Colisión,Ninguna,Faltante,Ninguna,Sin restricción
2018,11055,2018-12-10,Lunes,0,15:00:00,,0.0,2,"Moto/Ciclomotor,Automóvil",20 de Junio Y Alvear,3,2,0,0,1,0,0,"-33.024451000664,-60.611127346205",Calle,,VILLA GOBERNADOR GÁLVEZ,Rosario,Asfalto,No existe,II,Dentro,Urbana,Ninguna,No existe,Intersección,Bueno,Buena,Diurna,Buen Tiempo,S/D,S/D,Colisión,Ninguna,Faltante,Ninguna,Sin restricción
2018,11056,2018-12-05,Miercoles,0,17:40:00,Ruta Provincial 21,0.0,2,"Moto/Ciclomotor,Automóvil",Av Gral San Martin Y Los Paraisos,2,1,0,0,1,0,0,"-33.044541478157065,-60.60854673385",Ruta,21,VILLA GOBERNADOR GÁLVEZ,Rosario,Asfalto,No existe,II,Dentro,Urbana,Ninguna,No existe,Intersección,Bueno,Buena,Diurna,Buen Tiempo,Lateral,S/D,Colisión,Ninguna,Faltante,Ninguna,Sin restricción
2018,11057,2018-12-29,Sabado,0,16:00:00,Ruta Nacional 34,194.0,1,Automóvil, ,4,0,1,0,3,0,0,"-31.48093, -61.53031",Ruta,34,ANGÉLICA,Castellanos,Asfalto,Natural,V,Fuera,Rural,Ninguna,No existe,Recta,Bueno,Buena,Diurna,Buen Tiempo,S/D,S/D,Despiste,Ninguna,Faltante,Ninguna,Sin restricción
2018,11058,2018-12-09,Domingo,0,12:00:00,Ruta Nacional 34,0.0,1,Pickup/Utilitario,Iturraspe ,3,0,1,0,2,0,0,"-31.5514, -61.53165",Ruta,34,ANGÉLICA,Castellanos,Hormigón,Natural,V,Dentro,Urbana,Ninguna,No existe,Recta,Bueno,Buena,Diurna,Buen Tiempo,Contra objeto fijo,S/D,Colisión,Ninguna,Faltante,Ninguna,Sin restricción
2018,11059,2018-12-27,Jueves,0,09:31:00,Ruta Nacional 11,0.0,2,"Moto/Ciclomotor,Automóvil",Avenida Nuestra Se?ora del Luj Y Vicente Lopez y Planes,2,1,0,0,1,0,0,"-31.677733054799,-60.772815144244",Ruta,11,SANTO TOMÉ,La Capital,Asfalto,No existe,I,Dentro,Urbana,Ninguna,No existe,Intersección,S/D,Buena,Diurna,Buen Tiempo,Otro,S/D,Colisión,Ninguna,Faltante,Ninguna,Sin restricción
2018,11060,2018-12-28,Viernes,0,01:35:00,,0.0,2,"Automóvil,Moto/Ciclomotor",Av Pe?aloza Y Estanislao Zeballos,2,1,0,0,1,0,0,"-31.601525656539,-60.712735005069",Avenida,,SANTA FE,La Capital,Asfalto,No existe,I,Dentro,Urbana,Semáforo,Funciona,Intersección,Bueno,Buena,Nocturna,Buen Tiempo,Otro,S/D,Colisión,Ninguna,Vertical,Cordón divisorio,Sin restricción
2018,11061,2018-12-31,Lunes,0,08:00:00,,0.0,2,"Pickup/Utilitario,Moto/Ciclomotor",Av Blas Parera Y Estanislao Zeballos,2,1,0,0,1,0,0,"-31.599530703319,-60.721902686167",Avenida,,SANTA FE,La Capital,Asfalto,No existe,I,Dentro,Urbana,Semáforo,Funciona,Intersección,Bueno,Buena,Diurna,Buen Tiempo,Contra objeto fijo,S/D,Colisión,Otro,Vertical,Cordón divisorio,Sin restricción
2018,11062,2018-12-07,Viernes,0,22:30:00,Ruta Provincial 21,0.0,2,"Bicicleta,Automóvil",Av Gral San Martin Y Santa Rosa,2,2,0,0,0,0,0,"-33.04028213024141,-60.611953139305",Ruta,21,VILLA GOBERNADOR GÁLVEZ,Rosario,Asfalto,No existe,II,Dentro,Urbana,Ninguna,No existe,Intersección,Bueno,Buena,"Nocturna,Con luz artificial",Buen Tiempo,S/D,Ciclista,Atropello,Ninguna,Faltante,Ninguna,Sin restricción
2018,11063,2018-12-08,Sabado,0,19:45:00,,0.0,2,"Automóvil,Moto/Ciclomotor",Estanislao Lopez 846,2,1,0,0,1,0,0,"-29.884767510738,-60.28065174718",Calle,,VERA,Vera,S/D,No existe,XIX,Dentro,Urbana,S/D,S/D,Recta,S/D,S/D,Nocturna,S/D,Frontal,S/D,Colisión,S/D,S/D,S/D,S/D
2018,11064,2018-12-07,Viernes,0,22:30:00,Ruta Provincial 21,0.0,3,"Automóvil,Peatón,Peatón",Santa Rosa Y Av Gral San Martin,3,3,0,0,0,0,0,"-33.040260672569275,-60.61196655035",Ruta,21,VILLA GOBERNADOR GÁLVEZ,Rosario,Asfalto,No existe,II,Dentro,Urbana,Ninguna,No existe,Intersección,Bueno,Buena,"Nocturna,Con luz artificial",Buen Tiempo,S/D,Peatón,Atropello,Ninguna,Faltante,Ninguna,Accidente Previo
2018,11065,2018-12-23,Domingo,0,05:00:00,,0.0,2,"Moto/Ciclomotor,Moto/Ciclomotor",25 de Mayo Y Pueyrredon,3,2,1,0,0,0,0,"-29.886767038348,-60.286068239153",Calle,,CALCHAQUÍ,Vera,Asfalto,No existe,XIX,Dentro,Urbana,S/D,S/D,Intersección,Bueno,S/D,Nocturna,S/D,S/D,S/D,Colisión,Ninguna,S/D,S/D,S/D
2018,11066,2018-12-04,Martes,0,06:50:00,Ruta Provincial 21,0.0,2,"Moto/Ciclomotor,Automóvil",Av de Circunvalaci?n bis Y Av Gral San Martin,2,1,0,0,1,0,0,"-33.0167430639267,-60.6339848041534",Ruta,21,VILLA GOBERNADOR GÁLVEZ,Rosario,Asfalto,No existe,II,Dentro,Urbana,Semáforo,Funciona,Intersección,Bueno,Buena,Diurna,Buen Tiempo,Lateral,S/D,Colisión,Ninguna,Vertical,Cordón divisorio,Sin restricción
2018,11067,2018-12-24,Lunes,0,09:00:00,,0.0,2,"Moto/Ciclomotor,Automóvil",Santa Fe Y Moreno,2,1,0,0,1,0,0,"-29.88931137145,-60.292069677279",Calle,,VERA,Vera,Tierra,No existe,XIX,Dentro,Urbana,S/D,S/D,Intersección,S/D,S/D,Diurna,S/D,S/D,S/D,Colisión,S/D,S/D,S/D,S/D
2018,11068,2018-12-03,Lunes,0,22:15:00,,0.0,2,"Moto/Ciclomotor,Automóvil",Laprida Y Av Juan Domingo Peron,2,1,0,0,1,0,0,"-33.024109626563,-60.623631678738",Calle,,VILLA GOBERNADOR GÁLVEZ,Rosario,Asfalto,No existe,II,Dentro,Urbana,Paso Peatonal,No existe,Intersección,Bueno,Buena,"Nocturna,Con luz artificial",Buen Tiempo,Lateral,S/D,Colisión,Ninguna,"Horizontal,Vertical",Cordón divisorio,Sin restricción
2018,11069,2018-12-02,Domingo,0,09:00:00,Ruta Provincial 21,0.0,1,Moto/Ciclomotor,Av Leandro Alem Y Av Gral San Martin,2,2,0,0,0,0,0,"-33.028064999513,-60.621497392707",Ruta,21,VILLA GOBERNADOR GÁLVEZ,Rosario,Asfalto,No existe,II,Dentro,Urbana,Semáforo,Funciona,Recta,Bueno,Buena,Diurna,Buen Tiempo,Contra objeto fijo,S/D,Colisión,Ninguna,"Horizontal,Vertical",Cordón divisorio,Sin restricción
2018,11070,2018-12-28,Viernes,0,21:15:00,Ruta Provincial 21,0.0,2,"Moto/Ciclomotor,Peatón",SAN MARTIN  Y ALBERDI,2,2,0,0,0,0,0,"-33.073807146064,-60.578060908924",Ruta,21,PUEBLO ESTHER,Rosario,Asfalto,Pavimento,II,Dentro,Urbana,Ninguna,No existe,Recta,Bueno,Buena,"Nocturna,Con luz artificial",Buen Tiempo,S/D,Peatón,Atropello,Ninguna,Faltante,Ninguna,Sin restricción
2018,11071,2018-12-25,Martes,0,21:10:00,Ruta Provincial 21,0.0,2,"Moto/Ciclomotor,Automóvil", ,2,1,0,0,1,0,0,"-33.07554513216019,-60.577107220888",Ruta,21,PUEBLO ESTHER,Rosario,Asfalto,No existe,II,Dentro,Urbana,Ninguna,S/D,Recta,Otro,Reducida,Nocturna,Buen Tiempo,Lateral,S/D,Colisión,Ninguna,Faltante,Ninguna,Sin restricción
2018,11072,2018-12-01,Sabado,0,21:30:00,Ruta Provincial 16,0.0,2,"Moto/Ciclomotor,Automóvil",MAGALLANES ,2,1,0,0,1,0,0,"-33.08585822582246,-60.574981570243",Ruta,16,PUEBLO ESTHER,Rosario,Asfalto,Natural,II,Dentro,Urbana,Ninguna,No existe,Recta,Bueno,Reducida,Nocturna,Buen Tiempo,De alcance,S/D,Colisión,Ninguna,Faltante,Ninguna,Sin restricción
2018,11073,2018-12-02,Domingo,0,21:30:00,Ruta Provincial 21,0.0,2,"Moto/Ciclomotor,Automóvil",J.D. PERON Y ALBERDI,2,1,0,0,1,0,0,"-33.072813054353,-60.578552382315",Ruta,21,PUEBLO ESTHER,Rosario,Asfalto,Ripio,II,Dentro,Urbana,Semáforo,Funciona,Intersección,Bueno,Buena,Nocturna,Buen Tiempo,De alcance,S/D,Colisión,Otro,"Horizontal,Vertical",Línea divisoria pintada,Sin restricción
2018,11074,2018-12-22,Sabado,0,23:20:00,,0.0,1,Pickup/Utilitario, ,1,1,0,0,0,0,0,"-32.24393, -60.96734",Camino Rural,,BARRANCAS,San Jerónimo,Tierra,No existe,XV,Dentro,Rural,Ninguna,No existe,Recta,Deteriorada,Reducida,Nocturna,Buen Tiempo,S/D,S/D,"Vuelco,Despiste",Ninguna,Faltante,Ninguna,Sin restricción
2018,11075,2018-12-04,Martes,0,17:15:00,,0.0,2,"Moto/Ciclomotor,Moto/Ciclomotor",Alvear Y Oyarzabal,4,3,0,0,1,0,0,"-28.93372356891634,-61.707040071487",Calle,,POZO BORRADO,9 de Julio,Ripio,No existe,XII,Dentro,Urbana,Ninguna,No existe,Intersección,S/D,Buena,Diurna,Buen Tiempo,Lateral,S/D,Colisión,S/D,Faltante,S/D,S/D
2018,11076,2018-12-24,Lunes,0,14:00:00,Ruta Nacional 95,800.0,2,"Otros,Pickup/Utilitario", ,2,1,0,0,1,0,0,"-29.04341, -61.65357",Ruta,95,POZO BORRADO,9 de Julio,Asfalto,Natural,XII,Dentro,Rural,S/D,No existe,Recta,Bueno,S/D,Diurna,Buen Tiempo,De alcance,S/D,Colisión,S/D,Vertical,Ninguna,Sin restricción
2018,11077,2018-12-31,Lunes,0,14:40:00,,0.0,2,"Moto/Ciclomotor,Pickup/Utilitario",Chile Y Ayacucho,3,0,2,0,0,0,1,"-33.761235552784,-61.963729873384",Calle,,VENADO TUERTO,General López,Asfalto,No existe,VIII,Dentro,Urbana,Policía de tránsito,No existe,Intersección,Bueno,Buena,Diurna,Buen Tiempo,Frontal,S/D,Colisión,Ninguna,Faltante,Ninguna,Sin restricción
2018,11078,2018-12-31,Lunes,0,15:00:00,,0.0,2,"Moto/Ciclomotor,Automóvil",Runciman Y Uruguay,2,0,1,0,1,0,0,"-33.756811527268,-61.957952788663",Calle,,VENADO TUERTO,General López,Asfalto,No existe,VIII,Dentro,Urbana,Ninguna,No existe,Recta,Bueno,Buena,Diurna,Buen Tiempo,Otro,S/D,Colisión,Ninguna,Faltante,Ninguna,Sin restricción
2018,11079,2018-12-27,Jueves,0,17:00:00,,0.0,2,"Automóvil,Moto/Ciclomotor",Dr Fernandez Y Bargellini,3,2,0,0,1,0,0,"-30.537241595611,-61.958624295024",Calle,,SUARDI,San Cristóbal,Asfalto,No existe,XIII,Dentro,Urbana,Ninguna,No existe,Intersección,Bueno,Buena,Diurna,Buen Tiempo,Lateral,S/D,Colisión,Ninguna,Faltante,Ninguna,Sin restricción
2018,11080,2018-12-23,Domingo,0,18:10:00,Ruta Provincial 39,0.0,1,Moto/Ciclomotor, ,2,2,0,0,0,0,0,"-30.382, -60.36982",Ruta,39,GOBERNADOR CRESPO,San Justo,Asfalto,Natural,XVI,Dentro,Rural,Ninguna,No existe,Recta,Bueno,Buena,Atardecer,Buen Tiempo,S/D,S/D,Caída ocupante,Ninguna,Faltante,Ninguna,Sin restricción
2018,11081,2018-11-27,Martes,0,08:00:00,Autopista Nacional Rosario -Cordoba,358.0,2,"Camión c / Acoplado,Automóvil", ,2,0,0,0,1,1,0,"-32.8547,-61.34292",Autopista,Rosario -Córdoba,CAÑADA DE GÓMEZ,Iriondo,Asfalto,Pavimento,X,Dentro,Rural,Ninguna,No existe,Recta,Resbaladiza,Reducida,Diurna,Lluvia,De alcance,S/D,Colisión,Agua,Faltante,Vegetación,Sin restricción
2018,11082,2018-12-31,Lunes,0,21:00:00,,0.0,2,"Automóvil,Moto/Ciclomotor",Cayasta Y Los Constituyentes,3,1,0,0,2,0,0,"-30.356406112874,-60.405647865598",Calle,,GOBERNADOR CRESPO,San Justo,Ripio,No existe,XVI,Dentro,Urbana,Ninguna,No existe,Intersección,Bueno,Buena,Con luz artificial,Buen Tiempo,Lateral,S/D,Colisión,Ninguna,Faltante,Ninguna,Sin restricción
2018,11083,2018-11-19,Lunes,0,19:00:00,Autopista Nacional Rosario -Cordoba,334.0,1,Pickup/Utilitario, ,3,2,0,0,0,1,0,"-32.875913,-61.171478",Autopista,Rosario -Córdoba,CARCARAÑÁ,San Lorenzo,Asfalto,Natural,XVII,Dentro,Rural,S/D,No existe,Recta,Deteriorada,Buena,Atardecer,Buen Tiempo,S/D,S/D,Vuelco,S/D,Faltante,Vegetación,Sin restricción