anio_acci,nro_acci,fecha,desc_dia,fecha_aprox,hora_aprox,desc_ruta,km,cant_participantes,desc_participante,calle_avenida_km,total,heridos_leves,heridos_graves,heridos_gravisimos,ilesos,fallecidos,sin_datos,posicion_XY,desc_tipo_via,desc_ruta_ori,desc_loc,desc_dpto,desc_tipo_calzada,desc_tipo_banquina,desc_unidad_regional,desc_lugar_calzada,desc_zona,desc_prioridad,desc_estado_semaforo,desc_lugar_via,desc_estado_via,desc_estado_visibilidad,desc_luminosidad,desc_estado_clima,desc_tipo_colision,desc_tipo_atropello,desc_tipo_hecho,desc_pres_calzada,desc_senializacion,desc_separacion_via,desc_restriccion
2018,11084,2018-12-04,Martes,0,20:00:00,,0.0,2,"Bicicleta,Automóvil",Zeballos Y Independencia,2,0,1,0,1,0,0,"-30.359860, -60.401625",Calle,,GOBERNADOR CRESPO,San Justo,Asfalto,No existe,XVI,Dentro,Urbana,Ninguna,No existe,Recta,Bueno,Buena,Con luz artificial,Buen Tiempo,S/D,Ciclista,Atropello,Ninguna,Faltante,Ninguna,Sin restricción
2018,11086,2018-12-17,Lunes,0,16:00:00,,0.0,1,Pickup/Utilitario, ,2,1,1,0,0,0,0,"-30.359086990356413,-60.52406787872",Camino Rural,,LA PENCA Y CARAGUATAY,San Justo,Tierra,No existe,XVI,Dentro,Rural,Ninguna,No existe,Recta,Resbaladiza,Reducida,Diurna,Lluvia,S/D,S/D,Vuelco,Agua,Faltante,Ninguna,Sin restricción
2018,11087,2018-12-24,Lunes,0,11:00:00,,0.0,2,"Automóvil,Moto/Ciclomotor",Av Gral San Martin 325,2,1,0,0,1,0,0,"-30.363327854308,-60.40202310103",Avenida,,GOBERNADOR CRESPO,San Justo,Asfalto,No existe,XVI,Dentro,Urbana,Ninguna,No existe,Recta,Bueno,Buena,Diurna,Buen Tiempo,Lateral,S/D,Colisión,Ninguna,Faltante,Cordón divisorio,Sin restricción
2018,11088,2018-12-04,Martes,0,15:30:00,Ruta Provincial 21,0.0,2,"Automóvil,Moto/Ciclomotor",J. D. PERON ,2,1,0,0,1,0,0,"-33.07280994951725,-60.578537508845",Ruta,21,PUEBLO ESTHER,Rosario,Asfalto,Ripio,II,Dentro,Urbana,Semáforo,Funciona,Intersección,Bueno,Buena,Diurna,Buen Tiempo,S/D,S/D,Colisión,Ninguna,"Horizontal,Vertical",Línea divisoria pintada,Sin restricción
2018,11089,2018-12-06,Jueves,0,09:30:00,,0.0,2,"Moto/Ciclomotor,Automóvil",CORDOBA Y COLOMBIA,2,1,0,0,1,0,0,"-33.074821753765,-60.578977840544",Calle,,PUEBLO ESTHER,Rosario,Hormigón,No existe,II,Dentro,Urbana,S/D,S/D,Recta,Otro,Buena,Amanecer,Buen Tiempo,S/D,S/D,Colisión,Ninguna,S/D,Ninguna,Sin restricción
2018,11090,2018-12-06,Jueves,0,03:00:00,,0.0,2,"Moto/Ciclomotor,Automóvil",Soldado Aguirre Y Nahuel Huapi,2,1,0,0,1,0,0,"-33.029745878511,-60.650816372829",Avenida,,VILLA GOBERNADOR GÁLVEZ,Rosario,Asfalto,No existe,II,Dentro,Urbana,Ninguna,No existe,Intersección,Bueno,Buena,"Nocturna,Con luz artificial",Buen Tiempo,S/D,S/D,Colisión,Ninguna,Faltante,Cordón divisorio,Sin restricción
2018,11091,2018-12-25,Martes,0,07:30:00,,0.0,1,Automóvil, ,5,5,0,0,0,0,0,"-30.34955, -60.31246",S/D,,SAN MARTÍN NORTE,San Justo,Asfalto,Natural,XVI,Dentro,Rural,Ninguna,No existe,Recta,Bueno,Buena,Diurna,Buen Tiempo,S/D,S/D,Vuelco,Ninguna,Faltante,Línea divisoria pintada,Sin restricción
2018,11092,2018-12-10,Lunes,0,07:05:00,Autopista Nacional Gral. Juan Jose Valle,0.0,1,Pickup/Utilitario, ,1,1,0,0,0,0,0,"-33.049867674708366,-60.65964080393",Autopista,Gral. Juan José Valle,VILLA GOBERNADOR GÁLVEZ,Rosario,Asfalto,Pavimento,II,Dentro,Urbana,Ninguna,No existe,Intersección,Bueno,Buena,Amanecer,Buen Tiempo,Contra objeto fijo,S/D,Colisión,Ninguna,Horizontal,"Guardarrail,Línea divisoria pintada",Sin restricción
2018,11093,2018-12-28,Viernes,0,10:45:00,,0.0,2,"Automóvil,Bicicleta",9 de Julio Y P Gaggero,2,1,0,0,1,0,0,"-30.790079188131,-60.58401820215",Calle,,SAN JUSTO,San Justo,Asfalto,No existe,XVI,Dentro,Urbana,Ninguna,No existe,Intersección,Bueno,Buena,Diurna,Buen Tiempo,S/D,Ciclista,Atropello,Ninguna,Faltante,Ninguna,Sin restricción
2018,11094,2018-12-12,Miercoles,0,20:00:00,,0.0,2,"Moto/Ciclomotor,Automóvil",Ing Mosconi Y Rosario,4,1,0,0,3,0,0,"-33.025892866258,-60.642690939691",Calle,,VILLA GOBERNADOR GÁLVEZ,Rosario,"Asfalto,Tierra",No existe,II,Dentro,Urbana,Ninguna,No existe,Intersección,Deteriorada,Reducida,Nocturna,Buen Tiempo,Lateral,S/D,Colisión,Material Suelto,Faltante,Ninguna,Sin restricción
2018,11095,2018-12-08,Sabado,0,12:00:00,,0.0,2,"Automóvil,Tren",P Millan 1900,5,1,0,0,4,0,0,"-30.785263806884,-60.576712666775",Calle,,SAN JUSTO,San Justo,Ripio,No existe,XVI,Dentro,Urbana,Otra Señal,No existe,Paso a Nivel FFCC,Bueno,Buena,Diurna,Buen Tiempo,Lateral,S/D,Colisión,S/D,Vertical,Ninguna,Sin restricción
2018,11096,2018-12-15,Sabado,0,12:00:00,,0.0,2,"Peatón,Automóvil",Balcarce Y Marcos Paz,2,1,0,0,1,0,0,"-33.023878561327,-60.646882658666",Calle,,VILLA GOBERNADOR GÁLVEZ,Rosario,Tierra,No existe,II,Dentro,Urbana,Ninguna,No existe,Recta,Deteriorada,Buena,Diurna,Buen Tiempo,S/D,Peatón,Atropello,Material Suelto,Faltante,Ninguna,Sin restricción
2018,11097,2018-12-23,Domingo,0,19:40:00,Autopista Nacional Gral. Juan Jose Valle,0.0,3,"Automóvil,Moto/Ciclomotor,Moto/Ciclomotor",Ing Jacobacci Y Bordabhere,5,1,2,0,2,0,0,"-33.0288076400757,-60.6635266542435",Autopista,Gral. Juan José Valle,VILLA GOBERNADOR GÁLVEZ,Rosario,Asfalto,Ripio,II,Dentro,Urbana,Otra Señal,No existe,Intersección,Bueno,Buena,Nocturna,Buen Tiempo,"Lateral,Múltiple",S/D,Colisión,Ninguna,"Horizontal,Vertical","Guardarrail,Vegetación,Línea divisoria pintada",Sin restricción
2018,11098,2018-06-30,Sabado,0,07:00:00,,0.0,1,Moto/Ciclomotor,Pbro D Segundo Y Berutti,1,0,0,0,0,1,0,"-33.227224,-60.340739",Calle,,VILLA CONSTITUCIÓN,Constitución,Asfalto,No existe,VI,Dentro,Urbana,Ninguna,No existe,Intersección,Bueno,S/D,Diurna,S/D,S/D,S/D,Caída ocupante,Ninguna,Faltante,Cordón divisorio,Sin restricción
2018,11099,2018-12-04,Martes,0,21:00:00,,0.0,2,"Moto/Ciclomotor,Automóvil",Belgrano Y Independencia,2,0,1,0,0,0,1,"-30.790109932422638,-60.59126794338",Calle,,SAN JUSTO,San Justo,Asfalto,No existe,XVI,Dentro,Urbana,Ninguna,No existe,Intersección,Bueno,Buena,Diurna,Buen Tiempo,Lateral,S/D,Colisión,Ninguna,Faltante,Ninguna,Sin restricción
2018,11100,2018-12-24,Lunes,0,10:15:00,,0.0,2,"Moto/Ciclomotor,Automóvil",B de Tucuman Y Bv R S Pe?a,2,1,0,0,1,0,0,"-30.78634, -60.59803",Calle,,SAN JUSTO,San Justo,Asfalto,No existe,XVI,Dentro,Urbana,Ninguna,No existe,Intersección,Bueno,Buena,Diurna,Buen Tiempo,Frontal,S/D,Colisión,Ninguna,Faltante,Ninguna,Sin restricción
2018,11101,2018-12-25,Martes,0,21:00:00,Ruta Provincial 22,0.0,1,Moto/Ciclomotor,Ruta Prov 22 S Y Av la Plata,1,1,0,0,0,0,0,"-33.034652173519135,-60.65618544816",Ruta,22,VILLA GOBERNADOR GÁLVEZ,Rosario,Hormigón,No existe,II,Dentro,Urbana,Ninguna,No existe,Intersección,Bueno,Buena,Nocturna,Buen Tiempo,S/D,S/D,Caída ocupante,Material Suelto,Faltante,Cordón divisorio,Sin restricción
2018,11102,2018-12-10,Lunes,0,08:15:00,,0.0,2,"Peatón,Moto/Ciclomotor",Lisandro de la Torre Y Humberto Primo,2,1,0,0,1,0,0,"-33.15895378589632,-60.507931709289",Calle,,ARROYO SECO,Rosario,Asfalto,No existe,II,Dentro,Urbana,Policía de tránsito,Funciona,Intersección,Deteriorada,Buena,Diurna,Buen Tiempo,S/D,Peatón,Atropello,Ninguna,"Horizontal,Vertical",Ninguna,Sin restricción
2018,11103,2018-12-08,Sabado,0,15:40:00,Ruta Provincial 26,0.0,2,"Vehículo Oficial,Automóvil",Bernardino Rivadavia Y Libertad,4,2,0,0,2,0,0,"-33.157224846345,-60.515947334083",Ruta,26,ARROYO SECO,Rosario,Asfalto,No existe,II,Dentro,Urbana,Ninguna,No existe,Intersección,Deteriorada,Buena,Diurna,Buen Tiempo,Lateral,S/D,Colisión,Ninguna,Faltante,Ninguna,Sin restricción
2018,11104,2018-12-02,Domingo,0,12:00:00,,0.0,2,"Moto/Ciclomotor,Automóvil",San Nicolas Y Gral Jose de San Martin,4,2,0,0,2,0,0,"-33.161521033682,-60.504979190068",Calle,,ARROYO SECO,Rosario,Asfalto,No existe,II,Dentro,Urbana,Semáforo,Intermitente,Intersección,Bueno,Buena,Diurna,Buen Tiempo,Lateral,S/D,Colisión,Ninguna,Vertical,Ninguna,Sin restricción
2018,11105,2018-12-22,Sabado,0,16:50:00,Autopista Nacional 9,248.0,3,"Automóvil,Camión c / Acoplado,Camión c / Acoplado", ,5,1,0,0,4,0,0,"-33.22691559791565,-60.460619218647",Autopista,9,FIGHIERA,Rosario,Asfalto,Natural,II,Dentro,Rural,Ninguna,No existe,Recta,Bueno,Buena,Diurna,Buen Tiempo,Múltiple,S/D,Colisión,Ninguna,Horizontal,Línea divisoria pintada,Sin restricción
2018,11106,2018-12-08,Sabado,0,21:00:00,,0.0,2,"Moto/Ciclomotor,Automóvil",San Patricio Y Aristobulo del Valle,2,0,1,0,1,0,0,"-33.243891796176,-60.831092867958",Avenida,,ACEBAL,Rosario,Asfalto,No existe,II,Dentro,Urbana,Ninguna,No existe,Intersección,Bueno,Buena,"Nocturna,Con luz artificial",Buen Tiempo,Lateral,S/D,Colisión,Ninguna,Faltante,Ninguna,Sin restricción
2018,11107,2018-12-05,Miercoles,0,18:15:00,,0.0,2,"Moto/Ciclomotor,Automóvil",Mariano Moreno Y Bv Centenario,3,0,1,0,2,0,0,"-33.243762896525,-60.834857768826",Avenida,,ACEBAL,Rosario,Asfalto,No existe,II,Dentro,Urbana,Ninguna,No existe,Intersección,Bueno,Buena,Atardecer,Otro,S/D,S/D,Colisión,Ninguna,Faltante,"Cordón divisorio,Vegetación",Sin restricción
2018,11108,2018-12-15,Sabado,0,,Ruta Nacional 9,0.0,2,"Moto/Ciclomotor,Pickup/Utilitario", ,4,1,2,0,1,0,0,"-32.768729, -61.636598",Ruta,9,ARMSTRONG,Belgrano,Asfalto,Pavimento,III,Dentro,Rural,Ninguna,No existe,Recta,Con baches,Reducida,Nocturna,Buen Tiempo,De alcance,S/D,Colisión,Ninguna,Faltante,Ninguna,Sin restricción
2018,11109,2018-12-26,Miercoles,0,19:15:00,,0.0,2,"Automóvil,Bicicleta",Bv C Pellegrini Y Belgrano,2,1,0,0,1,0,0,"-30.79406953842,-60.592160486376",Avenida,,SAN JUSTO,San Justo,Asfalto,No existe,XVI,Dentro,Urbana,Ninguna,No existe,Intersección,Bueno,Buena,Diurna,Buen Tiempo,S/D,Ciclista,Atropello,Ninguna,Faltante,Barrera de hormigón,Sin restricción
2018,11110,2018-12-10,Lunes,0,19:10:00,,0.0,2,"Pickup/Utilitario,Moto/Ciclomotor",Juncal Y Necochea,3,1,0,0,2,0,0,"-33.13407706071,-60.797055436983",Calle,,ÁLVAREZ,Rosario,Ripio,No existe,II,Dentro,Urbana,Ninguna,No existe,Intersección,Bueno,Buena,Atardecer,Buen Tiempo,Lateral,S/D,Colisión,Ninguna,Faltante,Ninguna,Sin restricción
2018,11111,2018-12-23,Domingo,0,20:30:00,,0.0,2,"Pickup/Utilitario,Moto/Ciclomotor",Italia Y Gdor Cabal,2,1,0,0,0,0,1,"-30.792149974268,-60.594760690176",Calle,,SAN JUSTO,San Justo,Asfalto,No existe,XVI,Dentro,Urbana,Ninguna,No existe,Intersección,Bueno,Buena,Nocturna,Buen Tiempo,Frontal,S/D,Colisión,Ninguna,Faltante,Ninguna,Sin restricción
2018,11112,2018-12-16,Domingo,0,21:10:00,,0.0,2,"Otros,Peatón",Independencia Y Av Iriondo,4,4,0,0,0,0,0,"-30.78985512256624,-60.592748522758",Avenida,,SAN JUSTO,San Justo,Asfalto,No existe,XVI,Dentro,Urbana,Ninguna,No existe,Intersección,Bueno,Buena,Nocturna,Buen Tiempo,S/D,Peatón,Atropello,Ninguna,Faltante,Ninguna,Sin restricción
2018,11113,2018-12-09,Domingo,0,19:45:00,Ruta Provincial 18,5.0,2,"Automóvil,Automóvil", ,6,2,0,0,4,0,0,"-33.07329475879669,-60.695044957101",Ruta,18,LA CAROLINA,Rosario,Asfalto,Natural,II,Dentro,Rural,Otra Señal,No existe,Recta,Bueno,Buena,Atardecer,Lluvia,Lateral,S/D,Colisión,Agua,"Horizontal,Vertical",Línea divisoria pintada,Sin restricción
2018,11114,2018-12-12,Miercoles,0,19:40:00,,0.0,2,"Moto/Ciclomotor,Automóvil",Av Iriondo Y E Lopez,2,0,1,0,1,0,0,"-30.784827129796,-60.591555378273",Avenida,,SAN JUSTO,San Justo,Asfalto,No existe,XVI,Dentro,Urbana,Ninguna,No existe,Intersección,Bueno,Buena,Atardecer,Buen Tiempo,Lateral,S/D,Colisión,Ninguna,Faltante,Ninguna,Sin restricción
2018,11115,2018-12-09,Domingo,0,06:20:00,,0.0,2,"Peatón,Moto/Ciclomotor",9 de Julio Y Gral Urquiza,2,1,0,0,1,0,0,"-30.789107347647,-60.589492069535",Calle,,SAN JUSTO,San Justo,Asfalto,No existe,XVI,Dentro,Urbana,Otra Señal,No existe,Recta,Bueno,S/D,Diurna,Buen Tiempo,S/D,Peatón,Atropello,Ninguna,Vertical,Ninguna,Sin restricción
2018,11116,2018-12-08,Sabado,0,10:00:00,,0.0,2,"Bicicleta,Automóvil",Cno San Roque 2300,2,0,1,0,1,0,0,"-30.783334646513,-60.588521858683",Calle,,SAN JUSTO,San Justo,Asfalto,No existe,XVI,Dentro,Urbana,Ninguna,No existe,Recta,Bueno,Buena,Diurna,Buen Tiempo,S/D,Ciclista,Atropello,Ninguna,Faltante,Ninguna,Sin restricción
2018,11117,2018-12-10,Lunes,0,21:30:00,Ruta Secundaria 20-s,6.0,2,"Bicicleta,Moto/Ciclomotor", ,2,1,0,0,1,0,0,"-33.14194321632385,-60.807561278343",Ruta,20-s,ÁLVAREZ,Rosario,Asfalto,Natural,II,Dentro,Urbana,Ninguna,No existe,Recta,Bueno,Buena,Nocturna,Buen Tiempo,S/D,Ciclista,Atropello,Ninguna,Faltante,Línea divisoria pintada,Sin restricción
2018,11118,2018-12-06,Jueves,0,20:00:00,,0.0,2,"Moto/Ciclomotor,Automóvil",Regis Martinez Y San Jeronimo,2,1,0,0,0,0,1,"-31.618808722652,-60.699829899646",Calle,,SANTA FE,La Capital,Asfalto,No existe,I,Dentro,Urbana,Ninguna,No existe,Recta,Bueno,Buena,Atardecer,Buen Tiempo,Lateral,S/D,Colisión,S/D,Faltante,Ninguna,S/D
2018,11119,2018-12-16,Domingo,0,06:45:00,Autopista Nacional A012,8.0,1,Automóvil, ,1,1,0,0,0,0,0,"-33.08970183134079,-60.699857175350",Autopista,A012,LA CAROLINA,Rosario,Asfalto,Natural,II,Dentro,Rural,Semáforo,Funciona,Intersección,Bueno,Buena,Amanecer,Buen Tiempo,S/D,S/D,Vuelco,Ninguna,"Horizontal,Vertical","Cordón divisorio,Línea divisoria pintada",Sin restricción
2018,11120,2018-11-03,Sabado,0,19:30:00,,0.0,2,"Moto/Ciclomotor,Automóvil",Bv G L Lhemann Y Eduardo D'Agostino,4,0,0,0,3,1,0,"-31.22468,-61.48514",Calle,,RAFAELA,Castellanos,Asfalto,No existe,V,Dentro,Urbana,Ninguna,No existe,Intersección,Bueno,S/D,Diurna,S/D,Lateral,S/D,Colisión,Ninguna,Horizontal,Cordón divisorio,Sin restricción
2018,11123,2018-12-17,Lunes,0,19:40:00,Ruta Provincial 18,6.0,2,"Moto/Ciclomotor,Automóvil", ,2,1,0,0,1,0,0,"-33.081617653369904,-60.69746464490",Ruta,18,PIÑERO,Rosario,Asfalto,Natural,II,Dentro,Rural,Ninguna,No existe,Recta,Bueno,Buena,Atardecer,Buen Tiempo,De alcance,S/D,Colisión,Ninguna,Horizontal,Línea divisoria pintada,Sin restricción
2018,11124,2018-11-05,Lunes,0,22:30:00,Ruta Nacional 11,784.0,3,"Bicicleta,Automóvil,Automóvil", ,6,3,2,0,0,1,0,"-29.18077,-59.67856",Ruta,11,RECONQUISTA,General Obligado,Asfalto,Natural,IX,Dentro,Rural,Ninguna,No existe,Recta,Bueno,S/D,Nocturna,S/D,Múltiple,Ciclista,Atropello,Ninguna,Faltante,Ninguna,Sin restricción
2018,11125,2018-12-01,Sabado,0,22:25:00,,0.0,2,"Moto/Ciclomotor,Automóvil",J J Paso Y 4 de Enero,2,0,1,0,1,0,0,"-31.662646605703,-60.716997076777",Calle,,SANTA FE,La Capital,Asfalto,No existe,I,Dentro,Urbana,Ninguna,No existe,Intersección,Bueno,Buena,"Nocturna,Con luz artificial",Buen Tiempo,De alcance,S/D,Colisión,Ninguna,Horizontal,Ninguna,Sin restricción
2018,11126,2018-12-24,Lunes,0,11:35:00,Autopista Nacional A012,15.0,2,"Pickup/Utilitario,Automóvil", ,2,1,0,0,1,0,0,"-33.09192462824285,-60.790833095088",Autopista,A012,PIÑERO,Rosario,Asfalto,Ripio,II,Dentro,Urbana,Señal Pare,No existe,Intersección,Bueno,Buena,Diurna,Buen Tiempo,Lateral,S/D,Colisión,Ninguna,"Horizontal,Vertical","Barrera de hormigón,Cordón divisorio,Línea divisoria pintada",Sin restricción
2018,11127,2018-12-04,Martes,0,,,0.0,2,"Bicicleta,Automóvil",San Jeronimo 3200,2,1,0,0,1,0,0,"-31.638594420258,-60.705696686168",Calle,,SANTA FE,La Capital,Asfalto,No existe,I,Dentro,Urbana,Ninguna,No existe,Recta,Bueno,Buena,Diurna,Buen Tiempo,S/D,Ciclista,Atropello,Ninguna,Horizontal,Ninguna,Sin restricción
2018,11128,2018-12-06,Jueves,0,01:20:00,Ruta Provincial 18,25.0,2,"Camión c / Acoplado,Camión c / Acoplado", ,2,0,1,0,1,0,0,"-33.24765443801876,-60.765327215194",Ruta,18,CARMEN DEL SAUCE,Rosario,Asfalto,Natural,II,Dentro,Urbana,Semáforo,Funciona,Recta,Bueno,Reducida,Nocturna,Buen Tiempo,Lateral,S/D,Colisión,Ninguna,"Horizontal,Vertical",Línea divisoria pintada,Sin restricción
2018,11129,2018-12-09,Domingo,0,10:35:00,,0.0,2,"Transporte de Pasajeros Urbano (> 8 asientos),Peatón",Rivadavia Y Junin,2,1,0,0,1,0,0,"-31.639398750101,-60.702118695143",Calle,,SANTA FE,La Capital,Asfalto,No existe,I,Dentro,Urbana,Semáforo,Funciona,Intersección,Bueno,Buena,Diurna,Buen Tiempo,S/D,Peatón,Atropello,Ninguna,"Horizontal,Vertical",Ninguna,Sin restricción
2018,11130,2018-12-09,Domingo,0,19:30:00,,0.0,2,"Moto/Ciclomotor,Automóvil",San Martin Y Uruguay,2,1,0,0,1,0,0,"-31.661341118697,-60.710966519849",Calle,,SANTA FE,La Capital,Asfalto,No existe,I,Dentro,Urbana,Ninguna,Funciona,Intersección,Bueno,Buena,"Atardecer,Con luz artificial",Buen Tiempo,Lateral,S/D,Colisión,Ninguna,"Horizontal,Vertical",Ninguna,Sin restricción
2018,11131,2018-12-03,Lunes,0,11:30:00,Ruta Secundaria 34-s,0.0,2,"Moto/Ciclomotor,Automóvil",Calle nro. 13 Y Av Silvestre Begnis,2,1,0,0,1,0,0,"-32.850736453605,-60.713311638574",Ruta,34-s,GRANADERO BAIGORRIA,Rosario,Asfalto,Pavimento,II,Dentro,Urbana,Semáforo,Funciona,Intersección,Bueno,Buena,Diurna,Buen Tiempo,Lateral,S/D,Colisión,Ninguna,Vertical,Línea divisoria pintada,Sin restricción
2018,11132,2018-12-13,Jueves,0,,,0.0,2,"Moto/Ciclomotor,Automóvil",4 de Enero Y Tucuman,2,1,0,0,1,0,0,"-31.645568563662,-60.711668732912",Calle,,SANTA FE,La Capital,Asfalto,No existe,I,Dentro,Urbana,Ninguna,No existe,Intersección,Bueno,Buena,Diurna,Buen Tiempo,Lateral,S/D,Colisión,Ninguna,Horizontal,Ninguna,Sin restricción
2018,11133,2018-12-03,Lunes,0,12:45:00,Ruta Nacional 11,0.0,2,"Automóvil,Vehículo Oficial",Av San Martin 1089,3,1,0,0,2,0,0,"-32.860412254179,-60.702647572526",Ruta,11,GRANADERO BAIGORRIA,Rosario,Asfalto,Pavimento,II,Dentro,Urbana,Semáforo,Funciona,Recta,Bueno,Buena,Diurna,Buen Tiempo,S/D,S/D,Colisión,Ninguna,"Horizontal,Vertical","Guardarrail,Cordón divisorio,Vegetación,Línea divisoria pintada",Sin restricción
2018,11134,2018-12-15,Sabado,0,12:45:00,,0.0,2,"Moto/Ciclomotor,Automóvil",4 de Enero Y Av Gral Lopez,2,1,0,0,1,0,0,"-31.656173, -60.714890",Avenida,,SANTA FE,La Capital,Asfalto,No existe,I,Dentro,Urbana,Ninguna,No existe,Intersección,Bueno,Buena,Diurna,Buen Tiempo,Lateral,S/D,Colisión,Ninguna,Horizontal,Ninguna,Sin restricción
2018,11135,2018-12-23,Domingo,0,18:00:00,Ruta Nacional 34,0.0,1,Moto/Ciclomotor, ,2,1,0,0,1,0,0,"-32.8640127182007,-60.7689267396927",Ruta,34,IBARLUCEA,Rosario,Asfalto,Natural,II,Dentro,Urbana,Ninguna,No existe,Recta,Bueno,Buena,Diurna,Buen Tiempo,S/D,S/D,Despiste,Ninguna,Faltante,Ninguna,Sin restricción
2018,11136,2018-12-17,Lunes,0,08:25:00,,0.0,2,"Bicicleta,Automóvil",Primera Junta Y 1ro de Mayo,2,1,0,0,1,0,0,"-31.646984962844,-60.710767621891",Calle,,SANTA FE,La Capital,Asfalto,No existe,I,Dentro,Urbana,Semáforo,Funciona,Intersección,Bueno,Buena,Diurna,Buen Tiempo,S/D,Ciclista,Atropello,Ninguna,"Horizontal,Vertical",Ninguna,Sin restricción
2018,11137,2018-12-25,Martes,0,18:45:00,,0.0,1,Bicicleta,Calle 5 Y Calle nro. 7,1,1,0,0,0,0,0,"-32.843483582977,-60.709953070967",Calle,,GRANADERO BAIGORRIA,Rosario,Ripio,No existe,II,Dentro,Urbana,Ninguna,No existe,Intersección,Bueno,Buena,Diurna,Buen Tiempo,S/D,Ciclista,Atropello,Ninguna,Faltante,Ninguna,Sin restricción
2018,11138,2018-12-21,Viernes,0,08:25:00,,0.0,2,"Automóvil,Bicicleta",4 de Enero 3200,2,1,0,0,1,0,0,"-31.637748296997,-60.70947457963",Calle,,SANTA FE,La Capital,Asfalto,No existe,I,Dentro,Urbana,Semáforo,Funciona,Recta,Bueno,Buena,Diurna,Buen Tiempo,S/D,Ciclista,Atropello,Ninguna,"Horizontal,Vertical",Ninguna,Sin restricción
2018,11139,2018-12-07,Viernes,0,07:15:00,Ruta Nacional 11,0.0,2,"Camión Chasis,Pickup/Utilitario",Av San Martin Y Viamonte,2,2,0,0,0,0,0,"-32.869313179849,-60.700126112003",Ruta,11,GRANADERO BAIGORRIA,Rosario,Asfalto,Pavimento,II,Dentro,Urbana,Semáforo,Funciona,Intersección,Bueno,Buena,Diurna,Buen Tiempo,S/D,S/D,Colisión,Ninguna,"Horizontal,Vertical","Guardarrail,Cordón divisorio,Vegetación,Línea divisoria pintada",Sin restricción
2018,11140,2018-12-01,Sabado,0,19:45:00,Ruta Nacional 34,4.0,2,"Automóvil,Moto/Ciclomotor", ,4,3,0,0,1,0,0,"-32.872112,-60.755593",Ruta,34,IBARLUCEA,Rosario,Asfalto,Natural,II,Dentro,Urbana,Ninguna,No existe,Recta,Bueno,Buena,Atardecer,Buen Tiempo,S/D,S/D,Colisión,Ninguna,Horizontal,Línea divisoria pintada,Sin restricción
2018,11141,2018-12-20,Jueves,0,21:45:00,,0.0,2,"Moto/Ciclomotor,Taxi/Remis",Av Urquiza Y Irigoyen Freyre,2,1,0,0,1,0,0,"-31.642184310769,-60.712090974255",Avenida,,SANTA FE,La Capital,Asfalto,No existe,I,Dentro,Urbana,Semáforo,Intermitente,Intersección,Bueno,Buena,"Nocturna,Con luz artificial",Buen Tiempo,Lateral,S/D,Colisión,Ninguna,"Horizontal,Vertical",Ninguna,Sin restricción
2018,11142,2018-12-23,Domingo,0,02:36:00,,0.0,2,"Automóvil,Moto/Ciclomotor",Candido Pujato Y 1ro de Mayo,2,1,0,0,1,0,0,"-31.633385621607,-60.706632366902",Calle,,SANTA FE,La Capital,Asfalto,No existe,I,Dentro,Urbana,Ninguna,No existe,Intersección,Bueno,Buena,"Nocturna,Con luz artificial",Buen Tiempo,Lateral,S/D,Colisión,Ninguna,Horizontal,Ninguna,Sin restricción
2018,11143,2018-12-22,Sabado,0,19:15:00,,0.0,2,"Automóvil,Bicicleta",1ro de Mayo Y Salta,2,1,0,0,1,0,0,"-31.649397765629,-60.711508142653",Calle,,SANTA FE,La Capital,Asfalto,No existe,I,Dentro,Urbana,Ninguna,No existe,Distribuidor,Bueno,Buena,Diurna,Buen Tiempo,S/D,Ciclista,Atropello,Ninguna,Horizontal,Ninguna,Sin restricción
2018,11144,2018-12-07,Viernes,0,16:20:00,Ruta Nacional 9,0.0,2,"Automóvil,Moto/Ciclomotor",Yatay ,3,0,2,0,1,0,0,"-32.923994958400726,-60.78278571367",Ruta,9,FUNES,Rosario,Asfalto,Ripio,II,Dentro,Urbana,Ninguna,No existe,Intersección,Bueno,Buena,Diurna,Buen Tiempo,De alcance,S/D,Colisión,Ninguna,Horizontal,"Guardarrail,Línea divisoria pintada",Sin restricción