anio_acci,nro_acci,fecha,desc_dia,fecha_aprox,hora_aprox,desc_ruta,km,cant_participantes,desc_participante,calle_avenida_km,total,heridos_leves,heridos_graves,heridos_gravisimos,ilesos,fallecidos,sin_datos,posicion_XY,desc_tipo_via,desc_ruta_ori,desc_loc,desc_dpto,desc_tipo_calzada,desc_tipo_banquina,desc_unidad_regional,desc_lugar_calzada,desc_zona,desc_prioridad,desc_estado_semaforo,desc_lugar_via,desc_estado_via,desc_estado_visibilidad,desc_luminosidad,desc_estado_clima,desc_tipo_colision,desc_tipo_atropello,desc_tipo_hecho,desc_pres_calzada,desc_senializacion,desc_separacion_via,desc_restriccion
2018,11145,2018-12-12,Miercoles,0,17:30:00,,0.0,1,Moto/Ciclomotor,Calle 23 Y Calle 8,2,1,1,0,0,0,0,"-32.68092, -61.52857",Calle,,LAS PAREJAS,Belgrano,Ripio,No existe,III,Dentro,Urbana,Ninguna,No existe,Recta,Bueno,Buena,Diurna,Buen Tiempo,S/D,S/D,Caída ocupante,Ninguna,Faltante,Ninguna,Sin restricción
2018,11146,2018-02-20,Martes,0,,,0.0,2,"Bicicleta,Otros",Bv. Segui Y Espa?a,2,0,0,1,0,0,1,"-32.97752, -60.65468",Calle,,ROSARIO,Rosario,S/D,S/D,II,S/D,Urbana,S/D,S/D,Intersección,S/D,S/D,S/D,S/D,S/D,Ciclista,Atropello,S/D,S/D,S/D,S/D
2018,11147,2018-02-21,Miercoles,0,,,0.0,2,"Moto/Ciclomotor,Otros",Bv. 27 De Febrero Y Campbell,2,0,1,0,0,0,1,"-32.95932, -60.70719",Calle,,ROSARIO,Rosario,S/D,S/D,II,S/D,Urbana,S/D,S/D,Intersección,S/D,S/D,S/D,S/D,S/D,S/D,Colisión,S/D,S/D,S/D,S/D
2018,11148,2018-02-23,Viernes,0,,,0.0,2,"Moto/Ciclomotor,Otros",Santa Fe Y Rio De Janeiro,2,0,1,0,0,0,1,"-32.9375, -60.68016",Calle,,ROSARIO,Rosario,S/D,S/D,II,S/D,Urbana,S/D,S/D,Intersección,S/D,S/D,S/D,S/D,S/D,S/D,Colisión,S/D,S/D,S/D,S/D
2018,11149,2018-02-23,Viernes,0,,,0.0,2,"Bicicleta,Otros",Av. Pellegrini Y Av. Corrientes,2,0,1,0,0,0,1,"-32.95659, -60.64507",Calle,,ROSARIO,Rosario,S/D,S/D,II,S/D,Urbana,S/D,S/D,Intersección,S/D,S/D,S/D,S/D,S/D,Ciclista,Atropello,S/D,S/D,S/D,S/D
2018,11150,2018-02-25,Domingo,0,,,0.0,2,"Moto/Ciclomotor,Otros", ,2,0,0,1,0,0,1,"-32.9587, -60.69303",S/D,,ROSARIO,Rosario,S/D,S/D,II,S/D,Urbana,S/D,S/D,S/D,S/D,S/D,S/D,S/D,S/D,S/D,Colisión,S/D,S/D,S/D,S/D
2018,11151,2018-02-28,Miercoles,0,,,0.0,2,"Moto/Ciclomotor,Otros",Cordoba 6400,2,0,1,0,0,0,1,"-32.91387, -60.86262",Calle,,ROLDÁN,San Lorenzo,S/D,S/D,II,S/D,Urbana,S/D,S/D,Recta,S/D,S/D,S/D,S/D,S/D,S/D,Colisión,S/D,S/D,S/D,S/D
2018,11152,2018-02-21,Miercoles,0,,,0.0,1,Otros, ,1,0,1,0,0,0,0,"-32.9587, -60.69303",Calle,,ROSARIO,Rosario,S/D,S/D,II,S/D,Urbana,S/D,S/D,S/D,S/D,S/D,S/D,S/D,S/D,S/D,S/D,S/D,S/D,S/D,S/D
2018,11153,2018-12-02,Domingo,0,12:00:00,Ruta Nacional 9,317.0,2,"Moto/Ciclomotor,Pickup/Utilitario", ,2,1,0,0,1,0,0,"-32.923744171857834,-60.78676342964",Ruta,9,FUNES,Rosario,Asfalto,Ripio,II,Dentro,Urbana,Semáforo,Funciona,Recta,Bueno,Buena,Diurna,Buen Tiempo,De alcance,S/D,Colisión,Ninguna,"Horizontal,Vertical",Línea divisoria pintada,Sin restricción
2018,11154,2018-12-05,Miercoles,0,00:15:00,,0.0,1,Moto/Ciclomotor,Independencia Y Santa Fe,1,1,0,0,0,0,0,"-32.89588138461113,-60.906282663345",Calle,,ROLDÁN,San Lorenzo,Asfalto,No existe,II,Dentro,Urbana,Ninguna,No existe,Recta,Bueno,Buena,Nocturna,Buen Tiempo,Contra objeto fijo,S/D,Colisión,Ninguna,Faltante,Ninguna,Sin restricción
2018,11155,2018-12-10,Lunes,0,12:40:00,,0.0,2,"Automóvil,Bicicleta",Candelaria Y Velez Sarfield,2,1,0,0,1,0,0,"-32.910776455606,-60.81121597265",Calle,,FUNES,Rosario,Asfalto,No existe,II,Dentro,Urbana,Ninguna,No existe,Intersección,Bueno,Buena,Diurna,Buen Tiempo,S/D,Ciclista,Atropello,Ninguna,Faltante,Ninguna,Sin restricción
2018,11156,2018-12-13,Jueves,0,16:50:00,Ruta Secundaria 34-s,0.0,2,"Pickup/Utilitario,Moto/Ciclomotor",San Jose Y Hipolito Irigoyen,2,1,0,0,1,0,0,"-32.920436182776,-60.810748189024",Ruta,34-s,FUNES,Rosario,Asfalto,No existe,II,Dentro,Urbana,Ninguna,No existe,Recta,Bueno,Buena,Diurna,Buen Tiempo,Lateral,S/D,Colisión,Ninguna,Faltante,Ninguna,Sin restricción
2018,11157,2018-12-13,Jueves,0,18:40:00,,0.0,2,"Camión c / Acoplado,Moto/Ciclomotor",Mitre Y Urquiza,2,1,0,0,1,0,0,"-32.911538850644,-60.797829043479",Calle,,FUNES,Rosario,Asfalto,No existe,II,Dentro,Urbana,Ninguna,No existe,Intersección,Bueno,Buena,Atardecer,Buen Tiempo,De alcance,S/D,Colisión,Ninguna,Faltante,"Cordón divisorio,Vegetación",Sin restricción
2018,11158,2018-12-15,Sabado,0,14:00:00,Ruta Nacional 9,0.0,2,"Automóvil,Moto/Ciclomotor",Los Tizones Y Ruta Nacional 9,2,1,0,0,1,0,0,"-32.91562110185623,-60.848832428455",Ruta,9,FUNES,Rosario,Asfalto,Ripio,II,Dentro,Urbana,Ninguna,No existe,Recta,Bueno,Buena,Diurna,Buen Tiempo,De alcance,S/D,Colisión,Ninguna,Horizontal,Línea divisoria pintada,Sin restricción
2018,11159,2018-12-25,Martes,0,06:55:00,,0.0,1,Moto/Ciclomotor,J J Paso Y 1ro de Mayo,2,2,0,0,0,0,0,"-31.662740620719,-60.715511095969",Avenida,,SANTA FE,La Capital,Asfalto,No existe,I,Dentro,Urbana,Paso Peatonal,No existe,Recta,Bueno,Buena,Diurna,Buen Tiempo,Contra objeto fijo,S/D,Colisión,Ninguna,Horizontal,Cordón divisorio,Sin restricción
2018,11160,2018-12-14,Viernes,0,00:05:00,,0.0,2,"Moto/Ciclomotor,Taxi/Remis",Primera Junta Y 1ro de Mayo,6,1,1,0,4,0,0,"-31.646984962844,-60.710767621891",Calle,,SANTA FE,La Capital,Asfalto,No existe,I,Dentro,Urbana,Semáforo,Funciona,Intersección,Bueno,Buena,Nocturna,Buen Tiempo,Frontal,S/D,Colisión,Ninguna,"Horizontal,Vertical",Ninguna,Sin restricción
2018,11161,2018-12-16,Domingo,0,21:55:00,,0.0,2,"Automóvil,Peatón",Pedro Rios Y Jorge Newbery,3,1,0,0,2,0,0,"-32.9203149676323,-60.7906794548034",Calle,,FUNES,Rosario,Asfalto,No existe,II,Dentro,Urbana,Ninguna,No existe,Recta,Bueno,Reducida,Diurna,Buen Tiempo,S/D,Peatón,Atropello,Ninguna,Faltante,Ninguna,Sin restricción
2018,11162,2018-12-13,Jueves,0,11:30:00,,0.0,2,"Automóvil,Peatón",Suipacha Y Rivadavia,2,1,0,0,1,0,0,"-31.640564672148,-60.702475325938",Calle,,SANTA FE,La Capital,Asfalto,No existe,I,Dentro,Urbana,Semáforo,Funciona,Intersección,Otro,Buena,Diurna,Buen Tiempo,S/D,Peatón,Atropello,Material Suelto,"Horizontal,Vertical",Ninguna,Sin restricción
2018,11163,2018-12-22,Sabado,0,11:30:00,,0.0,1,Transporte de Pasajeros (H/ 8 asientos),Mendoza Y 1ro de Mayo,2,1,0,0,1,0,0,"-31.646984962844,-60.710767621891",Calle,,SANTA FE,La Capital,Asfalto,No existe,I,Dentro,Urbana,Paso Peatonal,No existe,Recta,Bueno,Buena,Diurna,Buen Tiempo,S/D,S/D,Caída ocupante,Ninguna,Horizontal,Ninguna,Sin restricción
2018,11164,2018-12-27,Jueves,0,,,0.0,2,"Moto/Ciclomotor,Automóvil",Salta Y 4 de Enero,2,1,0,0,1,0,0,"-31.649215150859,-60.712719135495",Calle,,SANTA FE,La Capital,Asfalto,No existe,I,Dentro,Urbana,Paso Peatonal,No existe,Intersección,Otro,Buena,Diurna,Buen Tiempo,De alcance,S/D,Colisión,Ninguna,Horizontal,Ninguna,Sin restricción
2018,11165,2018-12-17,Lunes,0,15:25:00,Autopista Nacional Rosario -Cordoba,305.0,2,"Moto/Ciclomotor,Camión c / Acoplado", ,3,1,0,0,2,0,0,"-32.94065147638321,-60.815804041922",Autopista,Rosario -Córdoba,FUNES,Rosario,Asfalto,Natural,II,Dentro,Urbana,Ninguna,No existe,Recta,Bueno,Buena,Diurna,Buen Tiempo,De alcance,S/D,Colisión,Ninguna,Horizontal,"Guardarrail,Línea divisoria pintada",Sin restricción
2018,11166,2018-12-19,Miercoles,0,00:30:00,,0.0,2,"Bicicleta,Pickup/Utilitario",Avila Y Rondeau,2,1,0,0,1,0,0,"-32.905413798176,-60.809488941464",Calle,,FUNES,Rosario,Asfalto,No existe,II,Dentro,Urbana,Ninguna,No existe,Intersección,Bueno,Buena,"Nocturna,Con luz artificial",Buen Tiempo,S/D,Ciclista,Atropello,Ninguna,Faltante,Ninguna,Sin restricción
2018,11167,2018-12-01,Sabado,0,22:20:00,,0.0,2,"Pickup/Utilitario,Moto/Ciclomotor",Las Heras Y Domingo Silva,2,1,0,0,1,0,0,"-31.632139493558,-60.696251041328",Calle,,SANTA FE,La Capital,Asfalto,No existe,I,Dentro,Urbana,Paso Peatonal,No existe,Intersección,Bueno,S/D,Nocturna,S/D,Lateral,S/D,Colisión,S/D,Horizontal,Ninguna,S/D
2018,11168,2018-12-21,Viernes,0,06:15:00,Ruta Nacional 9,0.0,3,"Pickup/Utilitario,Automóvil,Moto/Ciclomotor",Ruta Nacional 9 Y Elorza,3,0,1,0,2,0,0,"-32.92086951434612,-60.814724117517",Ruta,9,FUNES,Rosario,Asfalto,No existe,II,Dentro,Urbana,Semáforo,Funciona,Recta,Bueno,Buena,Amanecer,Buen Tiempo,Múltiple,S/D,Colisión,Ninguna,"Horizontal,Vertical",Línea divisoria pintada,Sin restricción
2018,11169,2018-12-02,Domingo,0,,,0.0,2,"Bicicleta,Automóvil",Guemes Y Maipu,2,1,0,0,1,0,0,"-31.636699642597,-60.688521511947",Calle,,SANTA FE,La Capital,Asfalto,No existe,I,Dentro,Urbana,Paso Peatonal,No existe,Intersección,Bueno,S/D,S/D,S/D,S/D,Ciclista,Atropello,S/D,Horizontal,Ninguna,S/D
2018,11170,2018-12-24,Lunes,0,12:30:00,,0.0,2,"Automóvil,Moto/Ciclomotor",San Sebastian Y Coronel Diaz,2,1,0,0,1,0,0,"-32.910107734924,-60.867178739661",Calle,,FUNES,Rosario,Asfalto,No existe,II,Dentro,Urbana,Ninguna,No existe,Intersección,Bueno,Buena,Diurna,Buen Tiempo,S/D,S/D,Colisión,Ninguna,Faltante,Ninguna,Sin restricción
2018,11171,2018-12-01,Sabado,0,14:00:00,,0.0,2,"Automóvil,Automóvil",Velez Sarsfield Y Gdor Candioti,2,1,0,0,1,0,0,"-31.642056979078,-60.686774173609",Calle,,SANTA FE,La Capital,Asfalto,No existe,I,Dentro,Urbana,Ninguna,No existe,Intersección,Bueno,S/D,Diurna,S/D,Lateral,S/D,Colisión,Ninguna,Faltante,Ninguna,S/D
2018,11172,2018-12-28,Viernes,0,14:00:00,Ruta Nacional 9,0.0,2,"Automóvil,Moto/Ciclomotor",Ruta Nacional 9 Y Alberdi,2,1,0,0,1,0,0,"-32.92042091488838,-60.817172974348",Ruta,9,FUNES,Rosario,Asfalto,Ripio,II,Dentro,Urbana,Ninguna,No existe,Intersección,Bueno,Buena,Diurna,Buen Tiempo,S/D,S/D,Colisión,Ninguna,Faltante,Ninguna,Sin restricción
2018,11173,2018-12-21,Viernes,0,02:40:00,,0.0,1,Automóvil,Juan XXIII Y Juan Bautista Alberdi,1,1,0,0,0,0,0,"-33.003377659046,-60.768848392106",Calle,,PÉREZ,Rosario,Asfalto,No existe,II,Dentro,Urbana,Otra Señal,No existe,Intersección,Bueno,Buena,"Nocturna,Con luz artificial",Buen Tiempo,Contra objeto fijo,S/D,Colisión,Ninguna,Vertical,Ninguna,Sin restricción
2018,11174,2018-12-01,Sabado,0,06:40:00,,0.0,2,"Peatón,Pickup/Utilitario",Av 7 Jefes 4537,2,0,1,0,1,0,0,"-31.63070429695,-60.678901814165",Avenida,,SANTA FE,La Capital,Asfalto,No existe,I,Dentro,Urbana,Ninguna,No existe,Recta,Bueno,S/D,Amanecer,S/D,S/D,Peatón,Atropello,S/D,Faltante,Cordón divisorio,S/D
2018,11175,2018-01-01,Lunes,0,,,0.0,2,"Pickup/Utilitario,Pickup/Utilitario",Alvear Y Maipu,2,1,0,0,1,0,0,"-31.635080960525,-60.695983080202",Calle,,SANTA FE,La Capital,Asfalto,No existe,I,Dentro,Urbana,Ninguna,No existe,Intersección,Bueno,S/D,S/D,S/D,Lateral,S/D,Colisión,S/D,Faltante,Ninguna,Sin restricción
2018,11176,2018-12-28,Viernes,0,15:00:00,,0.0,2,"Moto/Ciclomotor,Automóvil",Juan XXIII Y Av Pellegrini,2,1,0,0,1,0,0,"-32.999439975805,-60.761083426627",Avenida,,PÉREZ,Rosario,Asfalto,No existe,II,Dentro,Urbana,Ninguna,No existe,Recta,Bueno,Buena,Diurna,Buen Tiempo,Lateral,S/D,Colisión,Ninguna,Faltante,Ninguna,Sin restricción
2018,11177,2018-12-08,Sabado,0,23:20:00,Ruta Secundaria 34-s,0.0,2,"Moto/Ciclomotor,Peatón",Av del Rosario 300,2,1,1,0,0,0,0,"-32.991093374908,-60.774583551065",Ruta,34-s,PÉREZ,Rosario,Asfalto,No existe,II,Dentro,Urbana,Ninguna,No existe,Recta,Bueno,Buena,Nocturna,Buen Tiempo,S/D,Peatón,Atropello,Ninguna,Faltante,Ninguna,Sin restricción
2018,11178,2018-07-01,Domingo,1,,Ruta Provincial 31,0.0,1,Otros, ,1,0,0,0,0,1,0,"-28.83109,-59.69712",Ruta,31,LANTERI,General Obligado,S/D,S/D,IX,S/D,Rural,S/D,S/D,Cruce,S/D,S/D,S/D,S/D,S/D,S/D,S/D,S/D,S/D,S/D,S/D
2018,11179,2018-12-16,Domingo,0,17:00:00,Ruta Nacional 168,0.0,2,"Moto/Ciclomotor,Automóvil",Velez Sarsfield Y Av Leandro Alem,2,1,0,0,1,0,0,"-31.642781883777,-60.686974524989",Ruta,168,SANTA FE,La Capital,Asfalto,No existe,I,Dentro,Urbana,Semáforo,Funciona,Intersección,Bueno,S/D,Diurna,S/D,Lateral,S/D,Colisión,S/D,"Horizontal,Vertical",Cordón divisorio,Sin restricción
2018,11180,2018-12-14,Viernes,0,18:15:00,,0.0,2,"Automóvil,Moto/Ciclomotor",Bv GÁLVEZ Y Avellaneda,2,1,0,0,1,0,0,"-31.638907202263,-60.688047606013",Avenida,,SANTA FE,La Capital,Asfalto,No existe,I,Dentro,Urbana,Semáforo,Funciona,Intersección,Bueno,S/D,Atardecer,S/D,Lateral,S/D,Colisión,S/D,"Horizontal,Vertical",Cordón divisorio,Sin restricción
2018,11181,2018-12-08,Sabado,0,16:30:00,,0.0,2,"Automóvil,Moto/Ciclomotor",Gdor Candioti Y Candioti,2,1,0,0,1,0,0,"-31.640018820762634,-60.69631934165",Calle,,SANTA FE,La Capital,Asfalto,No existe,I,Dentro,Urbana,Paso Peatonal,No existe,Intersección,S/D,S/D,Diurna,S/D,Lateral,S/D,Colisión,S/D,Horizontal,Ninguna,Sin restricción
2018,11182,2018-12-09,Domingo,0,16:00:00,Ruta Nacional 168,3.0,2,"Automóvil,Taxi/Remis", ,6,6,0,0,0,0,0,"-31.64089, -60.68024",Ruta,168,SANTA FE,La Capital,Asfalto,Natural,I,Dentro,Urbana,Ninguna,No existe,Recta,Bueno,Buena,Diurna,Buen Tiempo,De alcance,S/D,Colisión,Ninguna,Faltante,Guardarrail,Sin restricción
2018,11183,2018-12-19,Miercoles,0,16:00:00,,0.0,2,"Moto/Ciclomotor,Automóvil",Laurencio Maradona ,2,1,0,0,1,0,0,"-31.641, -60.67669",Calle,,SANTA FE,La Capital,Asfalto,No existe,I,Dentro,Urbana,Ninguna,No existe,Curva,Bueno,Buena,Diurna,Buen Tiempo,De alcance,S/D,Colisión,Ninguna,Faltante,Ninguna,Sin restricción
2018,11184,2018-12-24,Lunes,0,08:50:00,,0.0,2,"Automóvil,Moto/Ciclomotor",LUIS JIMENEZ DE ASUA ,2,1,0,0,1,0,0,"-31.63615, -60.66137",Calle,,SANTA FE,La Capital,Asfalto,No existe,I,Dentro,Urbana,Ninguna,No existe,Recta,Bueno,Buena,Diurna,Buen Tiempo,Lateral,S/D,Colisión,Ninguna,Faltante,Ninguna,Sin restricción
2018,11185,2018-12-03,Lunes,0,14:30:00,Ruta Nacional 11,0.0,2,"Moto/Ciclomotor,Automóvil", ,3,2,0,0,0,0,1,"-31.664015, -60.733971",Ruta,11,SANTA FE,La Capital,Asfalto,Natural,I,Dentro,Urbana,Ninguna,No existe,Recta,Bueno,Buena,Diurna,Buen Tiempo,Frontal,S/D,Colisión,Ninguna,Faltante,Ninguna,Sin restricción
2018,11186,2018-12-10,Lunes,0,13:40:00,,0.0,2,"Automóvil,Moto/Ciclomotor",Islas Malvinas 3200,2,1,0,0,1,0,0,"-31.66859382264,-60.725046148819",Calle,,SANTA FE,La Capital,Asfalto,No existe,I,Dentro,Urbana,Ninguna,No existe,Recta,Bueno,Buena,Diurna,Buen Tiempo,Lateral,S/D,Colisión,Ninguna,Faltante,Ninguna,Sin restricción
2018,11187,2018-12-01,Sabado,0,,,0.0,2,"Moto/Ciclomotor,Automóvil", ,2,1,0,0,0,0,1,"-31.60519, -60.70479",S/D,,SANTA FE,La Capital,S/D,S/D,I,S/D,S/D,S/D,S/D,S/D,S/D,S/D,S/D,S/D,S/D,S/D,Colisión,S/D,S/D,S/D,S/D
2018,11188,2018-12-01,Sabado,0,,,0.0,2,"Automóvil,Moto/Ciclomotor", ,2,1,0,0,0,0,1,"-31.58981, -60.70391",S/D,,SANTA FE,La Capital,S/D,S/D,I,S/D,S/D,S/D,S/D,S/D,S/D,S/D,S/D,S/D,S/D,S/D,Colisión,S/D,S/D,S/D,S/D
2018,11189,2018-01-01,Lunes,0,,,0.0,2,"Pickup/Utilitario,Moto/Ciclomotor", ,2,0,0,0,0,0,2,"-31.64967, -60.7239",S/D,,SANTA FE,La Capital,S/D,S/D,I,S/D,S/D,S/D,S/D,S/D,S/D,S/D,S/D,S/D,S/D,S/D,Colisión,S/D,S/D,S/D,S/D
2018,11190,2018-01-01,Lunes,0,,,0.0,2,"Moto/Ciclomotor,Automóvil", ,2,1,0,0,0,0,1,"-31.64925, -60.72959",S/D,,SANTA FE,La Capital,S/D,S/D,I,S/D,S/D,S/D,S/D,S/D,S/D,S/D,S/D,S/D,S/D,S/D,Colisión,S/D,S/D,S/D,S/D
2018,11191,2018-12-01,Sabado,0,,,0.0,2,"Moto/Ciclomotor,Automóvil", ,2,0,0,0,0,0,2,"-31.62101268768307,-60.703067779540",S/D,,SANTA FE,La Capital,S/D,S/D,I,S/D,S/D,S/D,S/D,S/D,S/D,S/D,S/D,S/D,S/D,S/D,Colisión,S/D,S/D,S/D,S/D
2018,11192,2018-12-21,Viernes,0,02:25:00,,0.0,1,Automóvil,Italia 770,4,0,2,0,2,0,0,"-32.99799077272,-60.777754457157",Calle,,PÉREZ,Rosario,Asfalto,No existe,II,Dentro,Urbana,Ninguna,No existe,Intersección,Bueno,Buena,Nocturna,Buen Tiempo,Contra objeto fijo,S/D,Colisión,Ninguna,Faltante,Ninguna,Sin restricción
2018,11193,2018-12-03,Lunes,0,12:50:00,,0.0,2,"Pickup/Utilitario,Moto/Ciclomotor",Mendoza 3400,2,1,1,0,0,0,0,"-31.646505660789,-60.717452976108",Calle,,SANTA FE,La Capital,Asfalto,No existe,I,Dentro,Urbana,Ninguna,Funciona,Recta,Bueno,Buena,Diurna,Buen Tiempo,Otro,S/D,Colisión,Ninguna,"Horizontal,Vertical",Ninguna,Sin restricción
2018,11194,2018-12-09,Domingo,0,20:50:00,Ruta Provincial 14,1.0,2,"Moto/Ciclomotor,Automóvil",Ruta Prov 14 Y Carnevale,2,0,1,0,1,0,0,"-32.99801588058473,-60.752345323562",Ruta,14,PÉREZ,Rosario,Asfalto,Ripio,II,Dentro,Urbana,Ninguna,No existe,Recta,Bueno,Buena,"Nocturna,Con luz artificial",Buen Tiempo,S/D,S/D,Colisión,Ninguna,Horizontal,Ninguna,Sin restricción
2018,11195,2018-12-01,Sabado,0,12:55:00,,0.0,1,Moto/Ciclomotor,Morelli Y Av Belgrano,2,1,0,0,1,0,0,"-32.99865942012,-60.773654558581",Avenida,,PÉREZ,Rosario,Asfalto,No existe,II,Dentro,Urbana,Semáforo,Funciona,Intersección,Bueno,Buena,Diurna,Buen Tiempo,Contra objeto fijo,S/D,Colisión,Ninguna,Faltante,"Cordón divisorio,Vegetación",Sin restricción
2018,11196,2018-12-04,Martes,0,14:00:00,,0.0,2,"Automóvil,Moto/Ciclomotor",Lisandro de la Torre ,2,1,0,0,1,0,0,"-31.6478, -60.72685",S/D,,SANTA FE,La Capital,Asfalto,No existe,I,S/D,S/D,Semáforo,Funciona,Recta,Bueno,Buena,Diurna,Buen Tiempo,Otro,S/D,Colisión,Ninguna,Vertical,Ninguna,Sin restricción
2018,11197,2018-12-04,Martes,0,12:25:00,,0.0,2,"Moto/Ciclomotor,Automóvil",El Algarrobo Y El Boyero,2,0,1,0,1,0,0,"-32.967227876489,-60.734863407783",Calle,,PÉREZ,Rosario,Asfalto,No existe,II,Dentro,Urbana,Ninguna,No existe,Intersección,Bueno,Buena,Diurna,Buen Tiempo,Lateral,S/D,Colisión,Ninguna,Faltante,Ninguna,Sin restricción
2018,11198,2018-12-06,Jueves,0,11:50:00,,0.0,2,"Moto/Ciclomotor,Automóvil",La Rioja Y Av Freyre,2,1,0,0,1,0,0,"-31.642878113739,-60.717836245617",Avenida,,SANTA FE,La Capital,Asfalto,No existe,I,Dentro,Urbana,Semáforo,Funciona,Recta,Bueno,Buena,Diurna,Buen Tiempo,Otro,S/D,Colisión,Ninguna,Vertical,Ninguna,Sin restricción
2018,11199,2018-12-08,Sabado,0,19:50:00,,0.0,2,"Automóvil,Moto/Ciclomotor",Maipu Y Av Lopez y Planes,2,1,0,0,1,0,0,"-31.630987214505,-60.713839688197",Avenida,,SANTA FE,La Capital,Asfalto,No existe,I,Dentro,Urbana,Ninguna,No existe,Recta,Bueno,Buena,Atardecer,Buen Tiempo,Otro,S/D,Colisión,Ninguna,Faltante,Cordón divisorio,Sin restricción
2018,11200,2018-12-10,Lunes,0,16:00:00,,0.0,2,"Moto/Ciclomotor,Automóvil",Av Pte Peron 3400,2,1,0,0,1,0,0,"-31.633698225831,-60.717686673141",Avenida,,SANTA FE,La Capital,Asfalto,No existe,I,Dentro,Urbana,Ninguna,No existe,Recta,Bueno,Buena,Atardecer,Buen Tiempo,Otro,S/D,Colisión,Ninguna,Faltante,Cordón divisorio,Sin restricción
2018,11201,2018-12-03,Lunes,0,16:25:00,,0.0,2,"Automóvil,Moto/Ciclomotor",La Paz Y Bolivia,2,0,0,0,0,0,2,"-31.623441035099,-60.71505208483",Calle,,SANTA FE,La Capital,Asfalto,No existe,I,Dentro,Urbana,Ninguna,No existe,Intersección,Bueno,Buena,Diurna,Buen Tiempo,Lateral,S/D,Colisión,Ninguna,Faltante,Ninguna,Sin restricción
2018,11202,2018-12-12,Miercoles,0,18:30:00,,0.0,2,"Moto/Ciclomotor,Automóvil",Av Freyre 2900,2,0,0,0,0,0,2,"-31.640124320178,-60.71679783969",Avenida,,SANTA FE,La Capital,Asfalto,No existe,I,Dentro,Urbana,Ninguna,No existe,Recta,Bueno,Buena,Diurna,Buen Tiempo,Otro,S/D,Colisión,Ninguna,Faltante,Cordón divisorio,Sin restricción
2018,11203,2018-12-06,Jueves,0,16:30:00,,0.0,2,"Pickup/Utilitario,Moto/Ciclomotor",Fray C Rodriguez Y Av Pte Peron,2,0,1,0,0,0,1,"-31.617989304914,-60.718282738076",Calle,,SANTA FE,La Capital,Asfalto,No existe,I,Dentro,Urbana,Semáforo,Funciona,Intersección,Bueno,Buena,Diurna,Buen Tiempo,Lateral,S/D,Colisión,Ninguna,"Horizontal,Vertical","Cordón divisorio,Vegetación,Línea divisoria pintada",Sin restricción
2018,11204,2018-12-11,Martes,0,21:30:00,,0.0,2,"Bicicleta,Automóvil",Vera Y Roque Saenz Pe?a,2,0,0,0,0,0,2,"-31.639849553911,-60.723937532593",Calle,,SANTA FE,La Capital,Asfalto,No existe,I,Dentro,Urbana,Ninguna,No existe,Recta,Bueno,Buena,Nocturna,Buen Tiempo,S/D,Ciclista,Atropello,Ninguna,Faltante,Ninguna,Sin restricción
2018,11205,2018-12-13,Jueves,0,20:30:00,,0.0,2,"Automóvil,Moto/Ciclomotor",Av Lopez y Planes Y Candido Pujato,2,0,0,0,0,0,2,"-31.631541764169,-60.713854463889",Avenida,,SANTA FE,La Capital,Asfalto,No existe,I,Dentro,Urbana,Ninguna,No existe,Recta,Bueno,Buena,Nocturna,Buen Tiempo,Otro,S/D,Colisión,Ninguna,Faltante,Cordón divisorio,Sin restricción
2018,11206,2018-12-13,Jueves,0,10:20:00,,0.0,2,"Automóvil,Moto/Ciclomotor",Av Lopez y Planes Y Artigas,2,0,0,0,0,0,2,"-31.621280538539,-60.713544249493",Avenida,,SANTA FE,La Capital,Asfalto,No existe,II,Dentro,Urbana,Otra Señal,No existe,Intersección,Bueno,Buena,Diurna,Buen Tiempo,Lateral,S/D,Colisión,Ninguna,"Horizontal,Vertical","Cordón divisorio,Línea divisoria pintada",Sin restricción
2018,11207,2018-12-18,Martes,0,20:40:00,,0.0,2,"Pickup/Utilitario,Moto/Ciclomotor",Dr Zavalla Y Mendoza,2,0,0,0,0,0,2,"-31.645850692029,-60.720057111104",Calle,,SANTA FE,La Capital,Asfalto,No existe,I,Dentro,Urbana,Ninguna,No existe,Recta,Bueno,Buena,Nocturna,Buen Tiempo,Otro,S/D,Colisión,Ninguna,Faltante,Ninguna,Sin restricción
2018,11208,2018-12-19,Miercoles,0,09:10:00,,0.0,2,"Automóvil,Bicicleta", ,2,0,0,0,0,0,2,"-31.61986, -60.70433",Calle,,SANTA FE,La Capital,Asfalto,No existe,I,Dentro,Urbana,Ninguna,S/D,Recta,Bueno,Buena,Diurna,Buen Tiempo,S/D,Ciclista,Atropello,Ninguna,S/D,Ninguna,Sin restricción
2018,11209,2018-12-19,Miercoles,0,22:40:00,,0.0,2,"Automóvil,Moto/Ciclomotor",Av Lopez y Planes Y Candido Pujato,2,0,0,0,0,0,2,"-31.631541764169,-60.713854463889",Avenida,,SANTA FE,La Capital,Asfalto,No existe,I,Dentro,Urbana,Ninguna,No existe,Recta,Bueno,Buena,Diurna,Buen Tiempo,Otro,S/D,Colisión,Ninguna,Faltante,Ninguna,Sin restricción