anio_acci,nro_acci,fecha,desc_dia,fecha_aprox,hora_aprox,desc_ruta,km,cant_participantes,desc_participante,calle_avenida_km,total,heridos_leves,heridos_graves,heridos_gravisimos,ilesos,fallecidos,sin_datos,posicion_XY,desc_tipo_via,desc_ruta_ori,desc_loc,desc_dpto,desc_tipo_calzada,desc_tipo_banquina,desc_unidad_regional,desc_lugar_calzada,desc_zona,desc_prioridad,desc_estado_semaforo,desc_lugar_via,desc_estado_via,desc_estado_visibilidad,desc_luminosidad,desc_estado_clima,desc_tipo_colision,desc_tipo_atropello,desc_tipo_hecho,desc_pres_calzada,desc_senializacion,desc_separacion_via,desc_restriccion
2018,11210,2018-12-19,Miercoles,0,09:20:00,,0.0,2,"Taxi/Remis,Bicicleta",Bolivia Y Pje Publico,2,0,0,0,0,0,2,"-31.622919738292694,-60.71915566921",Calle,,SANTA FE,La Capital,Tierra,No existe,I,Dentro,Urbana,Ninguna,No existe,Intersección,Ahuellamiento,Buena,Diurna,Buen Tiempo,S/D,Ciclista,Atropello,S/D,Faltante,Ninguna,Sin restricción
2018,11211,2018-12-20,Jueves,0,18:50:00,,0.0,2,"Moto/Ciclomotor,Automóvil",Mendoza Y Pje Gaboto,2,0,0,0,0,0,2,"-31.643521197619,-60.72927905534",Calle,,SANTA FE,La Capital,Asfalto,No existe,I,Dentro,Urbana,Ninguna,No existe,Recta,Bueno,Buena,Diurna,Buen Tiempo,Otro,S/D,Colisión,Ninguna,Faltante,Ninguna,Sin restricción
2018,11212,2018-12-09,Domingo,0,18:45:00,,0.0,2,"Automóvil,Moto/Ciclomotor",4 de Enero Y Juan Del Campillo,3,2,0,0,1,0,0,"-31.628879214467,-60.70694085494",Calle,,SANTA FE,La Capital,Asfalto,No existe,II,Dentro,Urbana,Ninguna,No existe,Intersección,Bueno,Reducida,Atardecer,Buen Tiempo,Lateral,S/D,Colisión,Ninguna,Faltante,Ninguna,Sin restricción
2018,11213,2018-12-21,Viernes,0,19:45:00,,0.0,2,"Moto/Ciclomotor,Automóvil",Primera Junta Y Av Freyre,2,1,0,0,1,0,0,"-31.644989721279,-60.718405925172",Avenida,,SANTA FE,La Capital,Asfalto,No existe,I,Dentro,Urbana,Ninguna,No existe,Intersección,Bueno,Buena,Nocturna,Buen Tiempo,Otro,S/D,Colisión,Ninguna,Faltante,Ninguna,Sin restricción
2018,11214,2018-12-20,Jueves,0,11:00:00,,0.0,2,"Pickup/Utilitario,Moto/Ciclomotor",Artigas Y Av Lopez y Planes,2,0,0,0,0,0,2,"-31.621280538539,-60.713544249493",Calle,,SANTA FE,La Capital,Asfalto,No existe,I,Dentro,Urbana,Otra Señal,No existe,Intersección,Bueno,Buena,Diurna,Buen Tiempo,Lateral,S/D,Colisión,Ninguna,Horizontal,"Cordón divisorio,Línea divisoria pintada",Sin restricción
2018,11215,2018-12-21,Viernes,0,17:00:00,,0.0,2,"Automóvil,Moto/Ciclomotor",Av Pte Peron Y Domingo Silva,2,1,0,0,1,0,0,"-31.627581878038,-60.718820194731",Avenida,,SANTA FE,La Capital,Asfalto,No existe,I,Dentro,Urbana,Ninguna,No existe,Intersección,Ahuellamiento,Buena,Diurna,Buen Tiempo,Lateral,S/D,Colisión,Ninguna,Faltante,"Cordón divisorio,Vegetación",Sin restricción
2018,11216,2018-05-02,Miercoles,0,00:00:00,,0.0,2,"Moto/Ciclomotor,Automóvil",Italia Y Bv. Segui,2,1,0,0,1,0,0,"-32.97747, -60.65613",S/D,,ROSARIO,Rosario,S/D,S/D,II,S/D,S/D,S/D,S/D,S/D,S/D,S/D,S/D,S/D,S/D,S/D,S/D,S/D,S/D,S/D,S/D
2018,11217,2018-12-22,Sabado,0,01:30:00,,0.0,2,"Automóvil,Moto/Ciclomotor",Juan Del Campillo Y 4 de Enero,2,0,0,0,0,0,2,"-31.628879214467,-60.70694085494",Calle,,SANTA FE,La Capital,Hormigón,No existe,I,Dentro,Urbana,Ninguna,No existe,Intersección,Bueno,Reducida,Nocturna,Buen Tiempo,Lateral,S/D,Colisión,Ninguna,Faltante,Ninguna,Sin restricción
2018,11218,2018-12-21,Viernes,0,15:00:00,,0.0,2,"Pickup/Utilitario,Moto/Ciclomotor",Francia 2327,2,1,0,0,1,0,0,"-31.646816373948,-60.714824605944",Calle,,SANTA FE,La Capital,Asfalto,No existe,I,Dentro,Urbana,Semáforo,Funciona,Recta,Bueno,Buena,Diurna,Buen Tiempo,Otro,S/D,Colisión,Ninguna,"Horizontal,Vertical",Ninguna,Sin restricción
2018,11219,2018-12-23,Domingo,0,22:15:00,,0.0,2,"Pickup/Utilitario,Automóvil",Gdor Freyre Y Bv Pellegrini,2,1,0,0,1,0,0,"-31.633126957609,-60.715026042808",Avenida,,SANTA FE,La Capital,Asfalto,No existe,I,Dentro,Urbana,Ninguna,Funciona,Intersección,Bueno,Buena,Nocturna,Buen Tiempo,Otro,S/D,Colisión,Ninguna,Faltante,Ninguna,Sin restricción
2018,11220,2018-12-23,Domingo,0,09:05:00,,0.0,2,"Peatón,Pickup/Utilitario",Martin Zapata Y Santiago de Chile,2,1,0,0,1,0,0,"-31.616402802673,-60.715741249991",Calle,,SANTA FE,La Capital,Asfalto,No existe,I,Dentro,Urbana,Ninguna,No existe,Intersección,Con baches,Buena,Diurna,Buen Tiempo,S/D,S/D,Colisión,Ninguna,Faltante,Ninguna,Sin restricción
2018,11221,2018-12-27,Jueves,0,09:10:00,,0.0,2,"Camión Chasis,Pickup/Utilitario",Av Lopez y Planes Y Candido Pujato,2,1,0,0,1,0,0,"-31.631541764169,-60.713854463889",Avenida,,SANTA FE,La Capital,Asfalto,No existe,I,Dentro,Urbana,Ninguna,No existe,Intersección,Bueno,Buena,Diurna,Buen Tiempo,Otro,S/D,Colisión,Ninguna,Faltante,Ninguna,Sin restricción
2018,11222,2018-12-23,Domingo,0,15:30:00,Autopista Provincial Brigadier E.López,0.0,2,"Automóvil,Moto/Ciclomotor",Av Pte Peron Y Iturraspe,2,0,0,0,0,0,2,"-31.625458459958,-60.718745899026",Autopista,Brigadier E.López,SANTA FE,La Capital,Asfalto,No existe,I,Dentro,Urbana,Policía de tránsito,Funciona,Intersección,Bueno,Buena,Diurna,Buen Tiempo,Lateral,S/D,Colisión,Ninguna,"Horizontal,Vertical","Cordón divisorio,Línea divisoria pintada",Sin restricción
2018,11223,2018-11-03,Sabado,0,11:50:00,,0.0,2,"Bicicleta,Automóvil",Quintana Y Av Facundo Zuviria,2,1,0,0,0,0,1,"-31.621487860946,-60.705446345949",Avenida,,SANTA FE,La Capital,Asfalto,No existe,I,Dentro,Urbana,Semáforo,Funciona,Intersección,S/D,S/D,Diurna,S/D,S/D,Ciclista,Atropello,S/D,Vertical,Cordón divisorio,S/D
2018,11224,2018-12-26,Miercoles,0,07:50:00,,0.0,2,"Pickup/Utilitario,Moto/Ciclomotor",Av Pe?aloza Y Huergo,2,0,0,0,0,0,2,"-31.611069041181,-60.713208159823",Avenida,,SANTA FE,La Capital,Asfalto,No existe,I,Dentro,Urbana,Ninguna,No existe,Intersección,Bueno,Buena,Diurna,Buen Tiempo,Lateral,S/D,Colisión,Ninguna,Faltante,Ninguna,Sin restricción
2018,11225,2018-12-03,Lunes,0,,,0.0,2,"Taxi/Remis,Moto/Ciclomotor",Av A del Valle Y Quintana,4,2,1,0,0,0,1,"-31.622797537868,-60.699343317909",Avenida,,SANTA FE,La Capital,Asfalto,No existe,I,Dentro,Urbana,Semáforo,Funciona,Intersección,Bueno,S/D,S/D,S/D,S/D,S/D,Colisión,S/D,Vertical,Cordón divisorio,S/D
2018,11226,2018-12-28,Viernes,0,22:15:00,,0.0,2,"Automóvil,Moto/Ciclomotor",Av Blas Parera Y Lavaisse,2,0,0,0,0,0,2,"-31.608466655015945,-60.71941517293",Calle,,SANTA FE,La Capital,Asfalto,No existe,I,Dentro,Urbana,Semáforo,Funciona,Intersección,Bueno,Buena,"Nocturna,Con luz artificial",Buen Tiempo,Lateral,S/D,Colisión,Ninguna,"Horizontal,Vertical","Cordón divisorio,Vegetación,Línea divisoria pintada",Sin restricción
2018,11227,2018-12-03,Lunes,0,,,0.0,2,"Automóvil,Automóvil",Pedro Alejandro Vittori Y Pedro Centeno,2,1,0,0,0,0,1,"-31.6278029573,-60.6984848555",Calle,,SANTA FE,La Capital,Asfalto,No existe,I,Dentro,Urbana,Semáforo,Funciona,Intersección,S/D,S/D,S/D,S/D,S/D,S/D,Colisión,S/D,Vertical,Ninguna,S/D
2018,11228,2018-12-24,Lunes,0,17:00:00,,0.0,2,"Moto/Ciclomotor,Vehículo Oficial",4 de Enero Y Ayacucho,3,2,0,0,1,0,0,"-31.596116952252,-60.697600293579",Calle,,SANTA FE,La Capital,Tierra,No existe,I,Dentro,Urbana,Ninguna,No existe,Intersección,Con baches,Buena,Diurna,Buen Tiempo,S/D,S/D,Colisión,Ninguna,Faltante,Ninguna,Sin restricción
2018,11229,2018-12-10,Lunes,0,07:05:00,,0.0,2,"Moto/Ciclomotor,Transporte de Pasajeros Urbano (> 8 asientos)",Alberti Y 9 de Julio,2,1,0,0,0,0,1,"-31.601270688769,-60.696005462964",Calle,,SANTA FE,La Capital,Asfalto,No existe,I,Dentro,Urbana,Ninguna,No existe,Recta,Bueno,Buena,Diurna,S/D,S/D,S/D,Colisión,S/D,Faltante,Ninguna,S/D
2018,11230,2018-12-23,Domingo,0,23:30:00,,0.0,2,"Transporte de Pasajeros Urbano (> 8 asientos),Moto/Ciclomotor",Av A del Valle Y Gorriti,2,1,0,0,1,0,0,"-31.590685250378,-60.692270799516",Avenida,,SANTA FE,La Capital,Asfalto,No existe,I,Dentro,Urbana,Semáforo,Funciona,Intersección,Bueno,Buena,"Nocturna,Con luz artificial",Buen Tiempo,Lateral,S/D,Colisión,Ninguna,Vertical,"Cordón divisorio,Vegetación",Sin restricción
2018,11231,2018-12-12,Miercoles,0,13:40:00,,0.0,2,"Peatón,Automóvil",Av Santa Fe ,2,1,0,0,0,0,1,"-31.563098104509,-60.740467624605",Avenida,,SANTA FE,La Capital,Asfalto,No existe,I,Dentro,Urbana,Semáforo,Funciona,S/D,S/D,S/D,Diurna,S/D,S/D,Peatón,Atropello,S/D,Vertical,S/D,S/D
2018,11232,2018-12-23,Domingo,0,09:45:00,,0.0,2,"Automóvil,Moto/Ciclomotor",Reg 12 de Infanteria Y Av Facundo Zuviria,2,1,0,0,1,0,0,"-31.596462169363,-60.700437194472",Avenida,,SANTA FE,La Capital,Asfalto,No existe,I,Dentro,Urbana,Ninguna,No existe,Intersección,Bueno,Buena,Diurna,Buen Tiempo,Lateral,S/D,Colisión,Ninguna,Horizontal,"Cordón divisorio,Vegetación,Línea divisoria pintada",Sin restricción
2018,11233,2018-12-12,Miercoles,0,19:40:00,,0.0,2,"Automóvil,Bicicleta",Angel Cassanello 2700,2,1,0,0,0,0,1,"-31.608800655149,-60.696915050665",Calle,,SANTA FE,La Capital,Asfalto,No existe,I,Dentro,Urbana,Ninguna,No existe,Intersección,S/D,S/D,Atardecer,S/D,S/D,Ciclista,Atropello,S/D,Faltante,Ninguna,S/D
2018,11234,2018-12-23,Domingo,0,22:30:00,,0.0,2,"Moto/Ciclomotor,Automóvil",Av Facundo Zuviria Y Reg 12 de Infanteria,2,1,0,0,1,0,0,"-31.596462169363,-60.700437194472",Avenida,,SANTA FE,La Capital,Asfalto,No existe,I,Dentro,Urbana,Ninguna,No existe,Intersección,Bueno,Buena,"Nocturna,Con luz artificial",Buen Tiempo,Lateral,S/D,Colisión,Ninguna,Faltante,"Cordón divisorio,Línea divisoria pintada",Sin restricción
2018,11235,2018-12-24,Lunes,0,16:45:00,,0.0,2,"Bicicleta,Pickup/Utilitario",Av A del Valle Y Quintana,2,1,0,0,0,0,1,"-31.622797537868,-60.699343317909",Avenida,,SANTA FE,La Capital,Asfalto,No existe,I,Dentro,Urbana,Ninguna,No existe,Intersección,S/D,S/D,Diurna,S/D,S/D,Ciclista,Atropello,S/D,Faltante,Cordón divisorio,S/D
2018,11236,2018-12-21,Viernes,0,09:00:00,,0.0,2,"Transporte de Pasajeros Larga Distancia (Doble Piso),Moto/Ciclomotor",Av A del Valle Y Pje Publico,2,1,0,0,1,0,0,"-31.58978909254074,-60.691884309053",Avenida,,SANTA FE,La Capital,Asfalto,No existe,I,Dentro,Urbana,Ninguna,No existe,Intersección,Bueno,Buena,Diurna,Buen Tiempo,Lateral,S/D,Colisión,Ninguna,Faltante,"Cordón divisorio,Vegetación",Sin restricción
2018,11237,2018-12-24,Lunes,0,16:45:00,,0.0,2,"Peatón,Automóvil",J M Zuviria Y San Martin,2,1,0,0,0,0,1,"-31.617124469283,-60.698605326647",Calle,,SANTA FE,La Capital,Asfalto,No existe,I,Dentro,Urbana,Ninguna,No existe,Intersección,S/D,S/D,Diurna,S/D,S/D,Peatón,Atropello,S/D,Faltante,Ninguna,S/D
2018,11238,2018-12-06,Jueves,0,21:00:00,,0.0,2,"Moto/Ciclomotor,Camión Chasis",1ro de Mayo 9100,2,1,0,0,1,0,0,"-31.583639579035,-60.692682252781",Calle,,SANTA FE,La Capital,Ripio,No existe,I,Dentro,Urbana,Ninguna,No existe,Recta,Bueno,Buena,"Nocturna,Con luz artificial",Buen Tiempo,Lateral,S/D,Colisión,Ninguna,Faltante,Ninguna,Sin restricción
2018,11239,2018-12-21,Viernes,0,19:45:00,,0.0,2,"Moto/Ciclomotor,Taxi/Remis",San Martin Y Domingo Silva,2,1,0,0,1,0,0,"-31.630940694681,-60.701897046927",Calle,,SANTA FE,La Capital,Asfalto,Pavimento,I,Dentro,Urbana,Otra Señal,No existe,Recta,Bueno,Buena,Atardecer,Buen Tiempo,Lateral,S/D,Colisión,Otro,Vertical,Ninguna,S/D
2018,11241,2018-12-01,Sabado,0,09:50:00,,0.0,2,"Moto/Ciclomotor,Pickup/Utilitario",Las Heras Y Quintana,2,1,0,0,1,0,0,"-31.623954893009,-60.693834475769",Calle,,SANTA FE,La Capital,Asfalto,No existe,I,Dentro,Urbana,Ninguna,No existe,Intersección,Bueno,Buena,Diurna,Buen Tiempo,Lateral,S/D,Colisión,Ninguna,Faltante,Ninguna,Sin restricción
2018,11242,2018-12-04,Martes,0,19:00:00,,0.0,2,"Peatón,Automóvil",Belgrano 5500,2,1,0,0,1,0,0,"-31.618267146341,-60.693302209513",Calle,,SANTA FE,La Capital,Asfalto,No existe,I,Dentro,Urbana,Ninguna,No existe,Recta,Bueno,Buena,Diurna,Buen Tiempo,S/D,Peatón,Atropello,Ninguna,Faltante,Ninguna,Sin restricción
2018,11243,2018-12-18,Martes,0,19:40:00,,0.0,2,"Moto/Ciclomotor,Automóvil",J P Lopez Y San Jeronimo,2,1,0,0,1,0,0,"-31.607904820833,-60.696639662692",Calle,,SANTA FE,La Capital,Asfalto,No existe,I,Dentro,Urbana,Otra Señal,No existe,Recta,Bueno,Buena,Atardecer,Buen Tiempo,Lateral,S/D,Colisión,S/D,Faltante,Ninguna,S/D
2018,11244,2018-12-06,Jueves,0,10:00:00,,0.0,2,"Moto/Ciclomotor,Moto/Ciclomotor",Av Galicia 1300,2,1,0,0,1,0,0,"-31.607750740172,-60.680046722278",Avenida,,SANTA FE,La Capital,Asfalto,No existe,I,Dentro,Urbana,Ninguna,No existe,Intersección,Bueno,Buena,Diurna,Buen Tiempo,Lateral,S/D,Colisión,Ninguna,Faltante,"Cordón divisorio,Vegetación",Sin restricción
2018,11245,2018-12-24,Lunes,0,06:53:00,,0.0,2,"Automóvil,Moto/Ciclomotor",Av Facundo Zuviria Y Juan Del Campillo,2,0,1,0,1,0,0,"-31.629277189069,-60.705099325245",Avenida,,SANTA FE,La Capital,Asfalto,No existe,I,Dentro,Urbana,Semáforo,Funciona,Intersección,Bueno,Buena,Diurna,Buen Tiempo,Lateral,S/D,Colisión,S/D,Vertical,Cordón divisorio,S/D
2018,11246,2018-12-07,Viernes,0,02:30:00,,0.0,2,"Moto/Ciclomotor,Automóvil",J Castelli Y Av A del Valle,2,1,0,0,1,0,0,"-31.606756552092,-60.693032488461",Avenida,,SANTA FE,La Capital,Asfalto,No existe,I,Dentro,Urbana,Semáforo,No existe,Intersección,Bueno,Buena,Nocturna,Buen Tiempo,Lateral,S/D,Colisión,Ninguna,"Horizontal,Vertical","Cordón divisorio,Línea divisoria pintada",Sin restricción
2018,11247,2018-12-06,Jueves,0,01:30:00,,0.0,2,"Automóvil,Automóvil",Av Facundo Zuviria Y Pedro Centeno,2,1,0,0,1,0,0,"-31.626345246727,-60.705272199027",Avenida,,SANTA FE,La Capital,Asfalto,No existe,I,Dentro,Urbana,Semáforo,Intermitente,Intersección,Bueno,Buena,Nocturna,Buen Tiempo,Lateral,S/D,Colisión,S/D,Vertical,Cordón divisorio,Sin restricción
2018,11248,2018-12-17,Lunes,0,17:45:00,,0.0,2,"Moto/Ciclomotor,Pickup/Utilitario",Padilla 2900,2,1,0,0,1,0,0,"-31.621032318018,-60.703013601006",Calle,,SANTA FE,La Capital,Asfalto,No existe,I,Dentro,Urbana,Ninguna,No existe,Recta,Bueno,Buena,Diurna,Buen Tiempo,Frontal,S/D,Colisión,S/D,Faltante,Ninguna,Sin restricción
2018,11249,2018-12-07,Viernes,0,12:50:00,,0.0,2,"Moto/Ciclomotor,Automóvil",Lavalle Y Regis Martinez,2,1,0,0,1,0,0,"-31.621904002358,-60.685335031057",Calle,,SANTA FE,La Capital,Asfalto,No existe,II,Dentro,Urbana,Ninguna,No existe,Intersección,Bueno,Buena,Diurna,Buen Tiempo,Lateral,S/D,Colisión,Ninguna,Faltante,Ninguna,Sin restricción
2018,11250,2018-12-31,Lunes,0,10:40:00,,0.0,2,"Moto/Ciclomotor,Pickup/Utilitario",Av Santa Fe ,2,1,0,0,0,0,1,"-31.563098104509,-60.740467624605",Avenida,,SANTA FE,La Capital,Asfalto,No existe,I,Dentro,Urbana,S/D,S/D,Intersección,S/D,S/D,Diurna,S/D,S/D,S/D,Colisión,S/D,S/D,Cordón divisorio,S/D
2018,11251,2018-12-09,Domingo,0,13:00:00,,0.0,2,"Bicicleta,Automóvil",J M Zuviria Y Necochea,2,1,0,0,1,0,0,"-31.619192083111,-60.689035460338",Calle,,SANTA FE,La Capital,Asfalto,No existe,I,Dentro,Urbana,Ninguna,No existe,Intersección,Bueno,Buena,Diurna,Buen Tiempo,S/D,Ciclista,Atropello,Ninguna,Faltante,Ninguna,Sin restricción
2018,11252,2018-12-28,Viernes,0,19:10:00,,0.0,2,"Moto/Ciclomotor,Pickup/Utilitario",Av Facundo Zuviria Y Padilla,2,1,0,0,0,0,1,"-31.620468762302,-60.705449196787",Avenida,,SANTA FE,La Capital,Asfalto,No existe,I,Dentro,Urbana,Semáforo,Funciona,Recta,Bueno,S/D,Atardecer,Buen Tiempo,De alcance,S/D,Colisión,S/D,"Horizontal,Vertical",Cordón divisorio,Sin restricción
2018,11253,2018-12-13,Jueves,0,10:00:00,,0.0,2,"Moto/Ciclomotor,Automóvil",J M Zuviria Y Las Heras,2,1,0,0,1,0,0,"-31.618493834771,-60.692244718276",Calle,,SANTA FE,La Capital,Asfalto,No existe,I,Dentro,Urbana,Ninguna,No existe,Intersección,Bueno,Buena,Diurna,Buen Tiempo,Lateral,S/D,Colisión,Ninguna,Faltante,Ninguna,Sin restricción
2018,11254,2018-12-10,Lunes,0,22:20:00,,0.0,2,"Moto/Ciclomotor,Automóvil",Av Pe?aloza Y Gorriti,2,1,0,0,0,0,1,"-31.586340218022,-60.71162906314",Avenida,,SANTA FE,La Capital,Asfalto,No existe,I,Dentro,Urbana,Semáforo,Funciona,Recta,S/D,S/D,Nocturna,Buen Tiempo,S/D,S/D,Colisión,S/D,Vertical,Cordón divisorio,S/D
2018,11255,2018-12-04,Martes,0,13:15:00,,0.0,3,"Automóvil,Automóvil,Automóvil",Reg 12 de Infanteria 4000,4,2,0,0,1,0,1,"-31.594118824713,-60.71078734307",Calle,,SANTA FE,La Capital,Asfalto,No existe,I,Dentro,Urbana,Otra Señal,No existe,Intersección,S/D,S/D,Diurna,Buen Tiempo,Múltiple,S/D,Colisión,S/D,Vertical,Ninguna,Sin restricción
2018,11256,2018-12-27,Jueves,0,19:45:00,Ruta Nacional 11,0.0,2,"Automóvil,Moto/Ciclomotor",Av Blas Parera Y Reg 12 de Infanteria,2,0,0,0,1,0,1,"-31.591828944623,-60.72429290452",Ruta,11,SANTA FE,La Capital,Asfalto,No existe,I,Dentro,Urbana,Ninguna,No existe,Recta,S/D,S/D,Atardecer,Buen Tiempo,S/D,S/D,Colisión,S/D,Horizontal,Cordón divisorio,Reparación de Vía
2018,11257,2018-12-11,Martes,0,12:45:00,,0.0,2,"Moto/Ciclomotor,Moto/Ciclomotor",Chiclana Y Beruti,3,3,0,0,0,0,0,"-31.584442848249,-60.725083848269",Calle,,SANTA FE,La Capital,Hormigón,No existe,I,Dentro,Urbana,Ninguna,No existe,Intersección,Con baches,Buena,Diurna,Buen Tiempo,Otro,S/D,Colisión,Ninguna,Faltante,Ninguna,Sin restricción
2018,11258,2018-12-04,Martes,0,11:10:00,,0.0,2,"Moto/Ciclomotor,Automóvil",Parana Y Estanislao Zeballos,3,1,0,0,2,0,0,"-31.600845448872,-60.715838243145",Calle,,SANTA FE,La Capital,Asfalto,No existe,I,Dentro,Urbana,Ninguna,No existe,Intersección,Bueno,S/D,Diurna,Buen Tiempo,Lateral,S/D,Colisión,Ninguna,Faltante,Ninguna,Sin restricción
2018,11259,2018-12-25,Martes,0,18:50:00,Ruta Nacional 11,0.0,2,"Moto/Ciclomotor,Automóvil",Av Blas Parera Y French,3,1,0,0,1,0,1,"-31.585765275004,-60.725662994922",Ruta,11,SANTA FE,La Capital,Asfalto,No existe,I,Dentro,Urbana,Semáforo,Funciona,Intersección,Bueno,Buena,Diurna,Buen Tiempo,Lateral,S/D,Colisión,Ninguna,Vertical,Cordón divisorio,Sin restricción
2018,11260,2018-12-25,Martes,0,20:00:00,Ruta Nacional 11,0.0,2,"Moto/Ciclomotor,Automóvil",Av Blas Parera Y Gorriti,4,2,0,0,2,0,0,"-31.583146564061,-60.726253732054",Ruta,11,SANTA FE,La Capital,Asfalto,No existe,I,Dentro,Urbana,Semáforo,Funciona,Intersección,Bueno,Buena,Diurna,Buen Tiempo,Lateral,S/D,Colisión,Ninguna,"Horizontal,Vertical",Cordón divisorio,Sin restricción
2018,11261,2018-12-20,Jueves,0,,Ruta Nacional 11,0.0,2,"Bicicleta,Otros",Av Blas Parera Y Larrea,2,1,0,0,0,0,1,"-31.588998227182,-60.724897876846",Ruta,11,SANTA FE,La Capital,Hormigón,No existe,I,Dentro,Urbana,Semáforo,Funciona,Intersección,Bueno,Reducida,"Nocturna,Con luz artificial",Viento Fuerte,S/D,Ciclista,Atropello,Agua,"Horizontal,Vertical",Cordón divisorio,Sin restricción
2018,11262,2018-12-08,Sabado,0,18:55:00,Ruta Nacional 11,0.0,2,"Pickup/Utilitario,Moto/Ciclomotor",Av Blas Parera 7355,4,2,0,0,2,0,0,"-31.59377400133,-60.723726333294",Ruta,11,SANTA FE,La Capital,Hormigón,No existe,I,Dentro,Urbana,Ninguna,No existe,Recta,Bueno,Buena,Diurna,Buen Tiempo,Lateral,S/D,Colisión,Ninguna,Faltante,Cordón divisorio,Sin restricción
2018,11263,2018-12-26,Miercoles,0,23:55:00,,0.0,2,"Moto/Ciclomotor,Pickup/Utilitario",Don Guanella Y Parana,2,1,0,0,1,0,0,"-31.596298755457,-60.71447586836",Calle,,SANTA FE,La Capital,Hormigón,No existe,I,Dentro,Urbana,Ninguna,No existe,Intersección,Bueno,Buena,Nocturna,Buen Tiempo,Lateral,S/D,Colisión,Ninguna,Faltante,Ninguna,Sin restricción
2018,11264,2018-12-17,Lunes,0,12:30:00,,0.0,2,"Moto/Ciclomotor,Automóvil",Av Blas Parera Y Beruti,3,1,0,0,2,0,0,"-31.584870302163,-60.726040594037",Avenida,,SANTA FE,La Capital,Asfalto,No existe,I,Dentro,Urbana,Semáforo,Funciona,Intersección,Bueno,Buena,Diurna,Lluvia,Lateral,S/D,Colisión,Agua,"Horizontal,Vertical",Cordón divisorio,Sin restricción
2018,11265,2018-12-05,Miercoles,0,09:50:00,Ruta Nacional 11,0.0,2,"Camión Chasis,Moto/Ciclomotor",Av Blas Parera Y Reg 12 de Infanteria,2,1,0,0,1,0,0,"-31.591828944623,-60.72429290452",Ruta,11,SANTA FE,La Capital,Asfalto,No existe,I,Dentro,Urbana,Ninguna,No existe,Intersección,Bueno,Buena,Diurna,Buen Tiempo,Lateral,S/D,Colisión,Ninguna,Faltante,Línea divisoria pintada,Sin restricción
2018,11266,2018-12-06,Jueves,0,14:40:00,Ruta Nacional 11,0.0,2,"Moto/Ciclomotor,Moto/Ciclomotor",Av Blas Parera Y Vieytes,3,2,0,0,0,0,1,"-31.596409990632,-60.722758413431",Ruta,11,SANTA FE,La Capital,Asfalto,No existe,I,Dentro,Urbana,Semáforo,Funciona,Intersección,Bueno,Buena,Diurna,Buen Tiempo,Lateral,S/D,Colisión,Ninguna,"Horizontal,Vertical",Ninguna,Sin restricción
2018,11267,2018-12-06,Jueves,0,13:10:00,,0.0,2,"Automóvil,Moto/Ciclomotor",Edmundo Rosas Y Beruti,2,1,0,0,1,0,0,"-31.584175279938,-60.73089189611",Calle,,SANTA FE,La Capital,Asfalto,No existe,I,Dentro,Urbana,Paso Peatonal,No existe,Intersección,Bueno,Buena,Diurna,Buen Tiempo,S/D,S/D,Colisión,S/D,Horizontal,Ninguna,S/D
2018,11268,2018-12-13,Jueves,0,12:00:00,,0.0,2,"Moto/Ciclomotor,Pickup/Utilitario",Mitre Y Gorostiaga,2,1,0,0,1,0,0,"-31.614424432163,-60.684263247395",Calle,,SANTA FE,La Capital,Asfalto,No existe,I,Dentro,Urbana,Ninguna,No existe,Intersección,Bueno,Buena,Diurna,Buen Tiempo,Lateral,S/D,Colisión,Ninguna,Faltante,Ninguna,Sin restricción
2018,11269,2018-12-13,Jueves,0,18:10:00,,0.0,2,"Moto/Ciclomotor,Pickup/Utilitario",Avellaneda Y Huergo,2,1,0,0,1,0,0,"-31.61783727806,-60.681853718051",Calle,,SANTA FE,La Capital,Asfalto,No existe,I,Dentro,Urbana,Ninguna,No existe,Intersección,Bueno,Buena,Diurna,Buen Tiempo,Lateral,S/D,Colisión,Ninguna,S/D,Ninguna,Sin restricción