anio_acci,nro_acci,fecha,desc_dia,fecha_aprox,hora_aprox,desc_ruta,km,cant_participantes,desc_participante,calle_avenida_km,total,heridos_leves,heridos_graves,heridos_gravisimos,ilesos,fallecidos,sin_datos,posicion_XY,desc_tipo_via,desc_ruta_ori,desc_loc,desc_dpto,desc_tipo_calzada,desc_tipo_banquina,desc_unidad_regional,desc_lugar_calzada,desc_zona,desc_prioridad,desc_estado_semaforo,desc_lugar_via,desc_estado_via,desc_estado_visibilidad,desc_luminosidad,desc_estado_clima,desc_tipo_colision,desc_tipo_atropello,desc_tipo_hecho,desc_pres_calzada,desc_senializacion,desc_separacion_via,desc_restriccion
2018,11270,2018-12-14,Viernes,0,22:00:00,,0.0,2,"Moto/Ciclomotor,Automóvil",Pedro de Vega Y J M Zuviria,3,2,0,0,1,0,0,"-31.609166242327,-60.704252197251",Calle,,SANTA FE,La Capital,Asfalto,No existe,I,Dentro,Urbana,Semáforo,Funciona,Intersección,Bueno,Buena,Diurna,Buen Tiempo,Lateral,S/D,Colisión,Ninguna,"Horizontal,Vertical","Cordón divisorio,Vegetación,Línea divisoria pintada",Sin restricción
2018,11271,2018-12-15,Sabado,0,13:30:00,,0.0,2,"Moto/Ciclomotor,Pickup/Utilitario",Rivadavia Y Av Galicia,3,2,0,0,1,0,0,"-31.605697043846,-60.692171096315",Calle,,SANTA FE,La Capital,Asfalto,No existe,I,Dentro,Urbana,Ninguna,No existe,Intersección,Bueno,Buena,Diurna,Buen Tiempo,Lateral,S/D,Colisión,Ninguna,Faltante,Ninguna,Sin restricción
2018,11272,2018-12-17,Lunes,0,13:50:00,,0.0,2,"Bicicleta,Pickup/Utilitario",Javier de la Rosa Y Av Almte Brown,2,0,1,0,1,0,0,"-31.605143470199,-60.665670374847",Avenida,,SANTA FE,La Capital,Asfalto,No existe,I,Dentro,Urbana,Ninguna,No existe,Intersección,Bueno,Buena,Diurna,Buen Tiempo,S/D,Ciclista,Atropello,Ninguna,Horizontal,"Cordón divisorio,Vegetación,Línea divisoria pintada",Sin restricción
2018,11273,2018-12-19,Miercoles,0,08:30:00,,0.0,2,"Moto/Ciclomotor,Automóvil",Necochea Y Hernandarias,2,1,0,0,1,0,0,"-31.609210751177,-60.686132484803",Calle,,SANTA FE,La Capital,Asfalto,No existe,I,Dentro,Urbana,Ninguna,No existe,Intersección,Bueno,Buena,Diurna,Buen Tiempo,Lateral,S/D,Colisión,Ninguna,Faltante,Ninguna,Sin restricción
2018,11274,2018-12-20,Jueves,0,12:20:00,,0.0,2,"Moto/Ciclomotor,Pickup/Utilitario",Av A del Valle Y Diagonal Martinez,2,1,0,0,1,0,0,"-31.619109483175,-60.698430451977",Calle,,SANTA FE,La Capital,Asfalto,No existe,I,Dentro,Urbana,Ninguna,No existe,Intersección,Bueno,Buena,Diurna,Buen Tiempo,Lateral,S/D,Colisión,Ninguna,Faltante,"Cordón divisorio,Vegetación",Sin restricción
2018,11275,2018-12-22,Sabado,0,18:40:00,,0.0,2,"Moto/Ciclomotor,Automóvil",Velez Sarsfield Y Pje Calcena,3,2,0,0,1,0,0,"-31.625756689864,-60.68162689479",Calle,,SANTA FE,La Capital,Asfalto,No existe,I,Dentro,Urbana,Ninguna,No existe,Intersección,Bueno,Buena,Diurna,Buen Tiempo,Lateral,S/D,Colisión,Ninguna,Faltante,"Cordón divisorio,Vegetación",Sin restricción
2018,11276,2018-12-23,Domingo,0,13:15:00,,0.0,2,"Automóvil,Moto/Ciclomotor",R Godoy Y Av A del Valle,2,1,0,0,1,0,0,"-31.615491097033,-60.697144057309",Calle,,SANTA FE,La Capital,Asfalto,No existe,I,Dentro,Urbana,Ninguna,No existe,Intersección,Bueno,Buena,Diurna,Buen Tiempo,Lateral,S/D,Colisión,Ninguna,Horizontal,Línea divisoria pintada,Sin restricción
2018,11277,2018-12-23,Domingo,0,01:55:00,,0.0,3,"Moto/Ciclomotor,Moto/Ciclomotor,Automóvil",Mitre Y Gorostiaga,5,4,0,0,1,0,0,"-31.614424432163,-60.684263247395",Calle,,SANTA FE,La Capital,Asfalto,No existe,I,Dentro,Urbana,Ninguna,No existe,Intersección,Bueno,Buena,Nocturna,Buen Tiempo,Múltiple,S/D,Colisión,Ninguna,Faltante,Ninguna,Sin restricción
2018,11278,2018-12-26,Miercoles,0,02:00:00,,0.0,2,"Moto/Ciclomotor,Automóvil",Republica de Siria Y J Castelli,2,1,0,0,1,0,0,"-31.607154436096,-60.691170254719",Calle,,SANTA FE,La Capital,Asfalto,No existe,I,Dentro,Urbana,Ninguna,No existe,Intersección,Bueno,Buena,Nocturna,Buen Tiempo,Lateral,S/D,Colisión,Ninguna,Faltante,Ninguna,Sin restricción
2018,11279,2018-12-10,Lunes,0,19:00:00,,0.0,2,"Moto/Ciclomotor,Transporte de Pasajeros Urbano (> 8 asientos)",Av Blas Parera Y Callejon Mendez,3,2,0,0,1,0,0,"-31.577315149394,-60.728009887786",Calle,,SANTA FE,La Capital,Asfalto,No existe,I,Dentro,Urbana,Semáforo,Funciona,Intersección,Bueno,Buena,Diurna,Buen Tiempo,S/D,S/D,Colisión,Ninguna,Faltante,"Cordón divisorio,Línea divisoria pintada",Sin restricción
2018,11280,2018-12-18,Martes,0,20:00:00,,0.0,2,"Moto/Ciclomotor,Moto/Ciclomotor",Av Pe?aloza Y Callejon Aguirre,2,2,0,0,0,0,0,"-31.583036552103,-60.711340581583",Avenida,,SANTA FE,La Capital,Asfalto,No existe,I,Dentro,Urbana,Ninguna,No existe,Intersección,Bueno,Buena,Diurna,Buen Tiempo,S/D,S/D,Colisión,Ninguna,Faltante,Ninguna,Sin restricción
2018,11281,2018-12-12,Miercoles,0,11:50:00,,0.0,2,"Automóvil,Peatón",J Castelli 5030,2,1,0,0,1,0,0,"-31.59978493252,-60.726325508326",Calle,,SANTA FE,La Capital,Asfalto,No existe,I,Dentro,Urbana,Ninguna,No existe,Recta,Bueno,Buena,Diurna,Buen Tiempo,S/D,Peatón,Atropello,Ninguna,Faltante,Ninguna,S/D
2018,11282,2018-12-21,Viernes,0,20:30:00,,0.0,2,"Moto/Ciclomotor,Pickup/Utilitario",Pje Chubut Y Av Pe?aloza,2,1,0,0,1,0,0,"-31.576334053479,-60.710847238551",Calle,,SANTA FE,La Capital,Tierra,No existe,I,Dentro,Urbana,Ninguna,No existe,Intersección,Bueno,Buena,Diurna,Buen Tiempo,S/D,S/D,Colisión,Ninguna,Faltante,Ninguna,Sin restricción
2018,11283,2018-12-17,Lunes,0,06:50:00,,0.0,2,"Automóvil,Moto/Ciclomotor",Azopardo Y Matheu,3,2,0,0,1,0,0,"-31.587799107241,-60.718451380034",Calle,,SANTA FE,La Capital,Asfalto,No existe,I,Dentro,Urbana,Ninguna,No existe,Intersección,Bueno,S/D,Diurna,Buen Tiempo,Lateral,S/D,Colisión,Ninguna,Faltante,Ninguna,S/D
2018,11284,2018-12-23,Domingo,0,23:00:00,,0.0,2,"Moto/Ciclomotor,Automóvil",Bernardo de Irigoyen Y Florencio Fernandez,4,2,0,0,1,0,1,"-31.577476906885,-60.719351890612",Calle,,SANTA FE,La Capital,Hormigón,No existe,I,Dentro,Urbana,S/D,S/D,Intersección,Bueno,Buena,"Nocturna,Con luz artificial",Buen Tiempo,S/D,S/D,Colisión,Ninguna,S/D,Ninguna,Sin restricción
2018,11285,2018-12-12,Miercoles,0,13:35:00,Ruta Nacional 11,0.0,2,"Automóvil,Moto/Ciclomotor",Av Blas Parera Y Alberti,2,1,0,0,1,0,0,"-31.595402688671,-60.723066726897",Ruta,11,SANTA FE,La Capital,Asfalto,Pavimento,I,Dentro,Urbana,Otra Señal,No existe,Intersección,Bueno,Buena,Diurna,Buen Tiempo,Lateral,S/D,Colisión,Ninguna,"Horizontal,Vertical",Cordón divisorio,Sin restricción
2018,11286,2018-12-26,Miercoles,0,18:00:00,,0.0,2,"Pickup/Utilitario,Moto/Ciclomotor",Gdor Luciano Leiva Y Gorriti,2,1,0,0,1,0,0,"-31.583826708404,-60.722408432818",Calle,,SANTA FE,La Capital,Asfalto,No existe,I,Dentro,Urbana,Ninguna,No existe,Intersección,Bueno,Buena,Diurna,Buen Tiempo,S/D,S/D,Colisión,Ninguna,Faltante,"Cordón divisorio,Vegetación",Sin restricción
2018,11287,2018-12-01,Sabado,0,20:25:00,,0.0,2,"Moto/Ciclomotor,Automóvil",Estanislao Zeballos Y Lamadrid,2,1,0,0,1,0,0,"-31.60098888781,-60.715186044661",Calle,,SANTA FE,La Capital,Asfalto,No existe,I,Dentro,Urbana,Ninguna,No existe,Intersección,Bueno,Buena,Nocturna,Buen Tiempo,Lateral,S/D,Colisión,Ninguna,Faltante,Cordón divisorio,Sin restricción
2018,11288,2018-12-01,Sabado,0,06:20:00,,0.0,1,Automóvil,Cafferata 8384,1,0,0,0,0,1,0,"-31.58357,-60.73201",Calle,,SANTA FE,La Capital,Asfalto,No existe,I,Dentro,Urbana,Ninguna,No existe,Recta,Con baches,Buena,Amanecer,Buen Tiempo,Contra objeto fijo,S/D,Colisión,Ninguna,Faltante,Ninguna,Sin restricción
2018,11289,2018-12-12,Miercoles,0,15:00:00,,0.0,2,"Transporte de Pasajeros Urbano (> 8 asientos),Moto/Ciclomotor",Estanislao Zeballos Y Estrada,2,1,0,0,1,0,0,"-31.6003968393,-60.717836833897",Calle,,SANTA FE,La Capital,Asfalto,No existe,I,Dentro,Urbana,Ninguna,No existe,Intersección,Bueno,Buena,Diurna,Buen Tiempo,S/D,S/D,Colisión,Ninguna,Faltante,Ninguna,S/D
2018,11290,2018-12-15,Sabado,0,10:20:00,,0.0,2,"Pickup/Utilitario,Moto/Ciclomotor",Juan Diaz de Solis Y Gorostiaga,3,1,0,0,2,0,0,"-31.607582943652,-60.715710647891",Calle,,SANTA FE,La Capital,Tierra,No existe,I,Dentro,Urbana,Ninguna,No existe,Intersección,Con baches,Buena,Diurna,Buen Tiempo,De alcance,S/D,Colisión,Ninguna,Faltante,Ninguna,Sin restricción
2018,11291,2018-12-06,Jueves,0,13:00:00,,0.0,2,"Pickup/Utilitario,Moto/Ciclomotor",Diag Pedro de Mendoza Y Cafferata,2,2,0,0,0,0,0,"-31.578731590788,-60.733435633575",Calle,,SANTA FE,La Capital,Asfalto,No existe,I,Dentro,Urbana,Ninguna,No existe,Intersección,Con baches,Buena,Diurna,Buen Tiempo,Frontal,S/D,Colisión,Ninguna,Faltante,Ninguna,Sin restricción
2018,11292,2018-12-24,Lunes,0,11:05:00,,0.0,2,"Automóvil,Moto/Ciclomotor",Av Pe?aloza Y Estanislao Zeballos,2,1,0,0,1,0,0,"-31.601525656539,-60.712735005069",Avenida,,SANTA FE,La Capital,Asfalto,No existe,I,Dentro,Urbana,Semáforo,Funciona,Intersección,Bueno,S/D,Diurna,Buen Tiempo,S/D,S/D,Colisión,Ninguna,Vertical,Cordón divisorio,Sin restricción
2018,11293,2018-12-07,Viernes,0,20:00:00,,0.0,2,"Moto/Ciclomotor,Peatón",Neuquen 7000,2,1,0,0,1,0,0,"-31.56922785956,-60.74714948643",Calle,,SANTA FE,La Capital,Tierra,No existe,I,Dentro,Urbana,Ninguna,No existe,Recta,Deteriorada,Reducida,Nocturna,Buen Tiempo,S/D,Peatón,Atropello,Otro,Faltante,Ninguna,Sin restricción
2018,11294,2018-12-24,Lunes,0,19:15:00,,0.0,2,"Otros,Otros",Javier de la Rosa Y Echague,2,0,0,0,0,0,2,"-31.604083271778,-60.670083281735",Calle,,SANTA FE,La Capital,Asfalto,No existe,I,Dentro,Urbana,Otra Señal,No existe,Intersección,Otro,Reducida,Atardecer,Otro,Otro,S/D,Colisión,Otro,Vertical,Ninguna,Sin restricción
2018,11295,2018-12-09,Domingo,0,04:10:00,Ruta Nacional 11,0.0,2,"Automóvil,Moto/Ciclomotor",Av Blas Parera 8400,2,1,0,0,1,0,0,"-31.582979460352,-60.726299843557",Ruta,11,SANTA FE,La Capital,Asfalto,No existe,I,Dentro,Urbana,Semáforo,Funciona,Recta,Bueno,Buena,"Nocturna,Con luz artificial",Buen Tiempo,Frontal,S/D,Colisión,Ninguna,"Horizontal,Vertical","Cordón divisorio,Línea divisoria pintada",Sin restricción
2018,11296,2018-12-22,Sabado,0,23:40:00,,0.0,2,"Moto/Ciclomotor,Moto/Ciclomotor",French Y San Martin,2,0,0,0,0,0,2,"-31.59269854148,-60.691037157762",Calle,,SANTA FE,La Capital,Asfalto,No existe,I,Dentro,Urbana,Ninguna,No existe,Intersección,Otro,S/D,Nocturna,Otro,S/D,S/D,Colisión,Otro,Faltante,Ninguna,Sin restricción
2018,11297,2018-12-16,Domingo,0,09:00:00,,0.0,2,"Moto/Ciclomotor,Automóvil",Cafferata 8800,3,2,0,0,1,0,0,"-31.576224481691,-60.734216603116",Calle,,SANTA FE,La Capital,Asfalto,No existe,I,Dentro,Urbana,Ninguna,No existe,Recta,Con baches,Buena,Diurna,Buen Tiempo,De alcance,S/D,Colisión,Ninguna,Faltante,Ninguna,Sin restricción
2018,11299,2018-12-15,Sabado,0,15:00:00,,0.0,2,"Moto/Ciclomotor,Moto/Ciclomotor",Mitre Y Pje Koch,3,0,0,0,2,0,1,"-31.604794260377,-60.681442526087",Calle,,SANTA FE,La Capital,Asfalto,No existe,I,Dentro,Urbana,Ninguna,No existe,Intersección,Otro,S/D,Diurna,Otro,S/D,S/D,Colisión,Otro,Faltante,Ninguna,Sin restricción
2018,11300,2018-12-15,Sabado,0,18:55:00,Ruta Provincial 1,11.0,2,"Automóvil,Moto/Ciclomotor",Ruta Nac 1 Y Calle 10,2,1,0,0,1,0,0,"-31.57123088836672,-60.542913079261",Ruta,1,ARROYO LEYES,La Capital,Asfalto,Natural,I,Dentro,Urbana,Marca Vial,No existe,Recta,Bueno,Buena,Diurna,Buen Tiempo,Lateral,S/D,Colisión,Ninguna,Horizontal,Línea divisoria pintada,Sin restricción
2018,11301,2018-12-08,Sabado,0,10:00:00,,0.0,2,"Moto/Ciclomotor,Automóvil",Rivadavia Y Azcuenaga,3,0,0,0,2,0,1,"-31.5950898539,-60.689105579532",Calle,,SANTA FE,La Capital,Asfalto,No existe,I,Dentro,Urbana,Ninguna,No existe,Intersección,Otro,Reducida,Diurna,Otro,Otro,S/D,Colisión,Otro,Faltante,Ninguna,S/D
2018,11302,2018-11-24,Sabado,0,18:52:00,,0.0,2,"Moto/Ciclomotor,Camión",Carlos Chapearouge Y Hipolito Irigoyen,2,0,0,0,1,1,0,"-31.69314,-60.76888",Calle,,SANTO TOMÉ,La Capital,Tierra,No existe,I,Dentro,Urbana,Ninguna,No existe,Intersección,Bueno,S/D,Diurna,S/D,Lateral,S/D,Colisión,Ninguna,Faltante,Ninguna,Sin restricción
2018,11303,2018-12-12,Miercoles,0,16:25:00,Ruta Provincial 2,3.0,2,"Automóvil,Automóvil", ,3,1,0,0,2,0,0,"-31.53960202820599,-60.688525345176",Ruta,2,MONTE VERA,La Capital,Hormigón,Ripio,I,Dentro,Rural,Ninguna,No existe,Recta,Bueno,Buena,Diurna,Lluvia,De alcance,S/D,Colisión,Agua,Faltante,Ninguna,Sin restricción
2018,11304,2018-11-18,Domingo,0,23:50:00,Ruta Nacional 11,0.0,1,Moto/Ciclomotor, ,1,0,0,0,0,1,0,"-31.60926,-60.72762",Ruta,11,SANTA FE,La Capital,Asfalto,Natural,I,S/D,Rural,Ninguna,No existe,Recta,Bueno,Reducida,Nocturna,S/D,Contra objeto fijo,S/D,Colisión,Ninguna,Faltante,Guardarrail,Sin restricción
2018,11305,2018-11-26,Lunes,0,22:15:00,Ruta Nacional 11,0.0,2,"Automóvil,Moto/Ciclomotor",Ruta 11 Avenida Richieri Y Juan Bautista Alberdi,2,1,0,0,1,0,0,"-31.68027, -60.7748",Ruta,11,SANTO TOMÉ,La Capital,Asfalto,No existe,I,Dentro,Urbana,Semáforo,Funciona,Intersección,Bueno,Buena,"Nocturna,Con luz artificial",Buen Tiempo,Frontal,S/D,Colisión,Ninguna,Vertical,Ninguna,Sin restricción
2018,11307,2018-12-08,Sabado,0,13:30:00,,0.0,2,"Moto/Ciclomotor,Automóvil",Lisandro de la Torre Y Azcuenaga,3,2,0,0,1,0,0,"-31.678062577889,-60.777210141203",Calle,,SANTA FE,La Capital,Asfalto,No existe,I,Dentro,Urbana,Ninguna,No existe,Intersección,Bueno,Buena,Diurna,Buen Tiempo,Lateral,S/D,Colisión,Ninguna,Faltante,Ninguna,Sin restricción
2018,11308,2018-12-19,Miercoles,0,19:45:00,Ruta Provincial 2,16.0,1,Bicicleta, ,1,1,0,0,0,0,0,"-31.425447463989222,-60.67200779914",Ruta,2,ARROYO AGUIAR,La Capital,Hormigón,Natural,I,Dentro,Urbana,Ninguna,No existe,Recta,Bueno,Buena,Diurna,Buen Tiempo,S/D,S/D,Caída ocupante,Ninguna,Horizontal,Línea divisoria pintada,Sin restricción
2018,11309,2018-12-09,Domingo,0,03:30:00,Ruta Nacional 11,0.0,2,"Taxi/Remis,Moto/Ciclomotor",Ruta 11 Avenida Richieri Y 13 de diciembre,2,1,0,0,1,0,0,"-31.684889109572,-60.786822079602",Ruta,11,SANTO TOMÉ,La Capital,Asfalto,Ripio,I,Dentro,Urbana,Semáforo,Intermitente,Intersección,Bueno,Buena,"Nocturna,Con luz artificial",Buen Tiempo,Frontal,S/D,Colisión,Ninguna,Vertical,Ninguna,Sin restricción
2018,11310,2018-11-13,Martes,0,21:00:00,,0.0,1,Moto/Ciclomotor,Calle 112 600,2,1,0,0,0,1,0,"-31.44856,-62.06419",Calle,,FRONTERA,Castellanos,S/D,S/D,V,Dentro,Urbana,S/D,S/D,Recta,S/D,S/D,Nocturna,S/D,S/D,S/D,Caída ocupante,S/D,S/D,S/D,S/D
2018,11311,2018-12-20,Jueves,0,22:25:00,Ruta Provincial 2,0.0,1,Transporte de Pasajeros Larga Distancia (> 8 asientos),Av A del Valle ,2,1,0,0,1,0,0,"-31.56953036785126,-60.689600408077",Ruta,2,SANTA FE,La Capital,Hormigón,Natural,I,Dentro,Urbana,Ninguna,No existe,Recta,Bueno,Buena,"Nocturna,Con luz artificial",Buen Tiempo,S/D,S/D,Caída ocupante,Ninguna,Faltante,"Guardarrail,Cordón divisorio",Sin restricción
2018,11312,2018-12-11,Martes,0,15:00:00,,0.0,2,"Camión Chasis,Moto/Ciclomotor",Lisandro de La Torre Y Mendoza,2,0,1,0,1,0,0,"-31.678529855232,-60.774519604526",Calle,,SANTO TOMÉ,La Capital,Asfalto,No existe,I,Dentro,Urbana,Ninguna,No existe,Intersección,Bueno,Buena,Diurna,Lluvia,Lateral,S/D,Colisión,Ninguna,Faltante,Ninguna,Sin restricción
2018,11313,2018-12-27,Jueves,0,13:45:00,Ruta Provincial 2,1.0,1,Moto/Ciclomotor, ,1,1,0,0,0,0,0,"-31.554791629314423,-60.68653464317",Ruta,2,ÁNGEL GALLARDO,La Capital,Hormigón,Natural,I,Dentro,Urbana,Otra Señal,No existe,Recta,Bueno,Buena,Nocturna,Buen Tiempo,Atropello animal,S/D,Colisión,Ninguna,Vertical,Ninguna,Sin restricción
2018,11314,2018-12-08,Sabado,0,15:30:00,,0.0,2,"Automóvil,Moto/Ciclomotor",Falucho Y Roverano,2,1,0,0,1,0,0,"-31.696018443558,-60.761432767136",Calle,,SANTO TOMÉ,La Capital,Ripio,No existe,I,Dentro,Urbana,Ninguna,No existe,Intersección,Con baches,Buena,Diurna,Buen Tiempo,Lateral,S/D,Colisión,Material Suelto,Faltante,Ninguna,Sin restricción
2018,11315,2018-12-31,Lunes,0,14:50:00,,0.0,1,Pickup/Utilitario,Brigadier Estanislao Lopez Y Santa Fe,2,1,0,0,1,0,0,"-31.515520025321,-60.678846208503",Calle,,MONTE VERA,La Capital,Hormigón,No existe,I,Dentro,Urbana,Ninguna,No existe,Intersección,Bueno,Buena,Diurna,Buen Tiempo,Lateral,S/D,Colisión,Ninguna,Faltante,Ninguna,Sin restricción
2018,11316,2018-12-26,Miercoles,0,17:00:00,,0.0,2,"Moto/Ciclomotor,Moto/Ciclomotor",Cordoba Y Necochea,3,1,0,0,2,0,0,"-31.659060653929,-60.766835253039",Calle,,SANTO TOMÉ,La Capital,Asfalto,No existe,I,Dentro,Urbana,Ninguna,No existe,Intersección,Bueno,Buena,Atardecer,Buen Tiempo,Lateral,S/D,Colisión,Ninguna,Faltante,Ninguna,Sin restricción
2018,11317,2018-12-15,Sabado,0,06:30:00,,0.0,2,"Automóvil,Automóvil",Los Constituyentes Bis Y Entre Rios,2,2,0,0,0,0,0,"-31.305643191909,-60.65482654795",Calle,,LAGUNA PAIVA,La Capital,Asfalto,No existe,I,Dentro,Urbana,Ninguna,No existe,Intersección,Bueno,Buena,Diurna,Buen Tiempo,Frontal,S/D,Colisión,Ninguna,Faltante,Ninguna,Sin restricción
2018,11318,2018-12-15,Sabado,0,07:00:00,Ruta Nacional 11,0.0,2,"Moto/Ciclomotor,Automóvil",Av 7 de marzo Y J Macia,2,1,0,0,1,0,0,"-31.667418970276,-60.756538699996",Ruta,11,SANTO TOMÉ,La Capital,Asfalto,No existe,I,Dentro,Urbana,Semáforo,Funciona,Intersección,Bueno,Buena,Diurna,Buen Tiempo,Lateral,S/D,Colisión,Ninguna,"Horizontal,Vertical",Línea divisoria pintada,Sin restricción
2018,11319,2018-12-12,Miercoles,0,11:20:00,,0.0,2,"Bicicleta,Moto/Ciclomotor",Avenida 13 Y Calle 16,2,1,0,0,1,0,0,"-32.684142, -61.519860",Avenida,,LAS PAREJAS,Belgrano,Asfalto,No existe,III,Dentro,Urbana,Semáforo,Funciona,Rotonda,Bueno,Buena,Diurna,Buen Tiempo,S/D,Ciclista,Atropello,Ninguna,"Horizontal,Vertical",Cordón divisorio,Sin restricción
2018,11320,2018-12-12,Miercoles,0,12:00:00,,0.0,2,"Pickup/Utilitario,Moto/Ciclomotor",Avenida 18 Y Avenida 21,3,2,0,0,1,0,0,"-32.679139, -61.520228",Avenida,,LAS PAREJAS,Belgrano,Asfalto,No existe,III,Dentro,Urbana,Ninguna,No existe,Rotonda,Bueno,Buena,Diurna,Buen Tiempo,De alcance,S/D,Colisión,Ninguna,Horizontal,Cordón divisorio,Sin restricción
2018,11321,2018-12-17,Lunes,0,12:30:00,Ruta Provincial 4,0.0,2,"Pickup/Utilitario,Moto/Ciclomotor",Av Candioti Y Av L de la Torre,2,1,0,0,1,0,0,"-31.302778646349907,-60.65689623355",Ruta,4,LAGUNA PAIVA,La Capital,Asfalto,No existe,I,Dentro,Urbana,Ninguna,No existe,Intersección,Bueno,Buena,Diurna,Buen Tiempo,De alcance,S/D,Colisión,Ninguna,Faltante,"Cordón divisorio,Vegetación",Sin restricción
2018,11322,2018-12-13,Jueves,0,10:30:00,Ruta Nacional 11,0.0,2,"Automóvil,Moto/Ciclomotor",Av 7 de marzo Y Mariano Candioti,2,1,0,0,1,0,0,"-31.66765192674,-60.754510771036",Ruta,11,SANTO TOMÉ,La Capital,Asfalto,No existe,I,Dentro,Urbana,Ninguna,No existe,Intersección,Bueno,Buena,Diurna,Buen Tiempo,Lateral,S/D,Colisión,Ninguna,Horizontal,Ninguna,Sin restricción
2018,11323,2018-12-03,Lunes,0,08:30:00,,0.0,2,"Pickup/Utilitario,Moto/Ciclomotor",Avenida 13 Y Calle 28,2,1,0,0,1,0,0,"-32.683467, -61.518052",Avenida,,LAS PAREJAS,Belgrano,Asfalto,No existe,III,Dentro,Urbana,Ninguna,No existe,Intersección,Deteriorada,Buena,Diurna,Buen Tiempo,De alcance,S/D,Colisión,Ninguna,Faltante,Ninguna,Sin restricción
2018,11324,2018-12-08,Sabado,0,18:50:00,,0.0,2,"Moto/Ciclomotor,Automóvil",Grl Brig Estanislao Lopez Y General Manuel Belgrano,2,1,0,0,1,0,0,"-31.671621941655,-60.762525394795",Calle,,SANTO TOMÉ,La Capital,Asfalto,No existe,I,Dentro,Urbana,Ninguna,No existe,Intersección,Bueno,Buena,"Nocturna,Con luz artificial",Buen Tiempo,Frontal,S/D,Colisión,Ninguna,Faltante,Ninguna,Sin restricción
2018,11325,2018-12-22,Sabado,0,16:30:00,,0.0,2,"Automóvil,Moto/Ciclomotor",San Lorenzo Y Chacabuco,2,1,0,0,1,0,0,"-31.308211980319,-60.654256072594",Calle,,LAGUNA PAIVA,La Capital,Asfalto,No existe,I,Dentro,Urbana,Ninguna,No existe,Intersección,Bueno,Buena,Diurna,Buen Tiempo,Lateral,S/D,Colisión,Ninguna,Faltante,Ninguna,Sin restricción
2018,11326,2018-12-04,Martes,0,17:40:00,,0.0,2,"Automóvil,Peatón",Grl Brig Estanislao Lopez Y J Macia,2,0,1,0,1,0,0,"-31.672409122134,-60.757549296726",Calle,,SANTO TOMÉ,La Capital,Asfalto,No existe,I,Dentro,Urbana,Paso Peatonal,No existe,Intersección,Bueno,Buena,Diurna,Buen Tiempo,S/D,Peatón,Atropello,Ninguna,Horizontal,Ninguna,Sin restricción
2018,11327,2018-12-23,Domingo,0,12:25:00,,0.0,2,"Automóvil,Automóvil",Av Pte Peron 2100 RUTA 38-S ,2,1,0,0,1,0,0,"-31.309152438351,-60.65818073612",Avenida,,LAGUNA PAIVA,La Capital,Asfalto,No existe,I,Dentro,Urbana,Otra Señal,No existe,Recta,Bueno,Buena,Diurna,Buen Tiempo,De alcance,S/D,Colisión,Ninguna,Vertical,Ninguna,Sin restricción
2018,11328,2018-12-07,Viernes,0,12:30:00,,0.0,2,"Automóvil,Moto/Ciclomotor",Salta 765,3,1,0,0,2,0,0,"-32.476226, -61.586003",Calle,,LAS ROSAS,Belgrano,Ripio,No existe,III,Dentro,Urbana,Ninguna,No existe,Recta,Bueno,Buena,Diurna,Buen Tiempo,Lateral,S/D,Colisión,Ninguna,Faltante,Ninguna,Sin restricción
2018,11329,2018-12-05,Miercoles,0,20:54:00,Ruta Nacional 19,0.0,2,"Automóvil,Pickup/Utilitario",Estados Unidos de Mexico Y Avenida Ejercito Argentino,2,1,0,0,1,0,0,"-31.670117428101,-60.784583291945",Ruta,19,SANTO TOMÉ,La Capital,Hormigón,No existe,I,Dentro,Urbana,Ninguna,No existe,Paso a Nivel FFCC,Bueno,Buena,Con luz artificial,Buen Tiempo,Frontal,S/D,Colisión,Ninguna,Faltante,Ninguna,Sin restricción