anio_acci,nro_acci,fecha,desc_dia,fecha_aprox,hora_aprox,desc_ruta,km,cant_participantes,desc_participante,calle_avenida_km,total,heridos_leves,heridos_graves,heridos_gravisimos,ilesos,fallecidos,sin_datos,posicion_XY,desc_tipo_via,desc_ruta_ori,desc_loc,desc_dpto,desc_tipo_calzada,desc_tipo_banquina,desc_unidad_regional,desc_lugar_calzada,desc_zona,desc_prioridad,desc_estado_semaforo,desc_lugar_via,desc_estado_via,desc_estado_visibilidad,desc_luminosidad,desc_estado_clima,desc_tipo_colision,desc_tipo_atropello,desc_tipo_hecho,desc_pres_calzada,desc_senializacion,desc_separacion_via,desc_restriccion
2018,11330,2018-12-03,Lunes,0,19:40:00,Ruta Nacional 11,0.0,2,"Pickup/Utilitario,Moto/Ciclomotor",30 de Abril Y Juan de Garay,2,1,0,0,1,0,0,"-31.496658738345,-60.732610065304",Ruta,11,RECREO,La Capital,Asfalto,Natural,I,Dentro,Urbana,Ninguna,No existe,Intersección,Bueno,Buena,Diurna,Buen Tiempo,S/D,S/D,Colisión,Ninguna,Horizontal,Línea divisoria pintada,Sin restricción
2018,11331,2018-12-08,Sabado,0,17:20:00,,0.0,2,"Pickup/Utilitario,Automóvil",Balcarce Y 3 de febrero,2,0,0,1,1,0,0,"-31.674860551318,-60.782461387726",Calle,,SANTO TOMÉ,La Capital,Ripio,No existe,I,Dentro,Urbana,Ninguna,No existe,Intersección,Ahuellamiento,Buena,Atardecer,Buen Tiempo,Lateral,S/D,Colisión,Ninguna,Faltante,Ninguna,Sin restricción
2018,11332,2018-12-18,Martes,0,18:00:00,Ruta Provincial 70,3.0,1,Automóvil, ,3,2,0,0,1,0,0,"-31.496158875525,-60.75855731964111",Ruta,70,RECREO,La Capital,Asfalto,Natural,I,Dentro,Rural,Otra Señal,No existe,Recta,Bueno,Buena,"Nocturna,Con luz artificial",Buen Tiempo,Contra objeto fijo,S/D,Colisión,Ninguna,"Horizontal,Vertical","Guardarrail,Línea divisoria pintada",Sin restricción
2018,11333,2018-12-29,Sabado,0,06:40:00,,0.0,2,"Automóvil,Automóvil",Rivadavia Y Buenos Aires,4,2,0,0,2,0,0,"-32.473683, -61.574251",Calle,,LAS ROSAS,Belgrano,Asfalto,No existe,III,Dentro,Urbana,Ninguna,No existe,Intersección,Bueno,Buena,Amanecer,Buen Tiempo,Lateral,S/D,Colisión,Ninguna,Faltante,Ninguna,Sin restricción
2018,11334,2018-12-19,Miercoles,0,22:20:00,,0.0,2,"Moto/Ciclomotor,Automóvil",Azcuenaga Y Lisandro de La Torre,2,1,0,0,1,0,0,"-31.678062577889,-60.777210141203",Calle,,SANTO TOMÉ,La Capital,Asfalto,No existe,I,Dentro,Urbana,Ninguna,No existe,Intersección,Bueno,Buena,"Nocturna,Con luz artificial",Buen Tiempo,Lateral,S/D,Colisión,Ninguna,Faltante,Ninguna,Sin restricción
2018,11335,2018-12-22,Sabado,0,14:20:00,,0.0,2,"Moto/Ciclomotor,Pickup/Utilitario",Calle 6 Y Calle 27,3,1,0,0,2,0,0,"-31.79146, -60.84477",Calle,,SAUCE VIEJO,La Capital,Ripio,No existe,I,Dentro,Urbana,Ninguna,No existe,Intersección,Bueno,Buena,Diurna,Buen Tiempo,Lateral,S/D,Colisión,Ninguna,Faltante,Ninguna,Sin restricción
2018,11336,2018-12-21,Viernes,0,23:30:00,Ruta Nacional 11,480.0,2,"Moto/Ciclomotor,Automóvil",9 de Julio Y Ruta Nacional 11,4,2,0,0,2,0,0,"-31.531311571598053,-60.72228178381",Ruta,11,RECREO,La Capital,Asfalto,No existe,I,Dentro,Urbana,Ninguna,No existe,Intersección,Bueno,Buena,"Nocturna,Con luz artificial",Buen Tiempo,Lateral,S/D,Colisión,Ninguna,Horizontal,"Guardarrail,Cordón divisorio,Línea divisoria pintada",Sin restricción
2018,11337,2018-12-22,Sabado,0,23:00:00,Autopista Provincial Brigadier E.López,143.0,2,"Moto/Ciclomotor,Pickup/Utilitario", ,5,1,0,0,4,0,0,"-31.69034, -60.81533",Autopista,Brigadier E.López,SANTA FE,La Capital,Asfalto,Natural,I,Dentro,Urbana,Ninguna,No existe,Recta,Bueno,Buena,Nocturna,Buen Tiempo,Lateral,S/D,Colisión,Ninguna,Horizontal,Línea divisoria pintada,Sin restricción
2018,11338,2018-12-12,Miercoles,0,08:40:00,,0.0,2,"Automóvil,Moto/Ciclomotor",Rivadavia 486,2,1,0,0,1,0,0,"-32.473243, -61.576771",Calle,,LAS ROSAS,Belgrano,Hormigón,No existe,III,Dentro,Urbana,Ninguna,No existe,Recta,Bueno,Reducida,Diurna,Buen Tiempo,De alcance,S/D,Colisión,Ninguna,Faltante,Cordón divisorio,Sin restricción
2018,11339,2018-12-24,Lunes,0,23:30:00,Ruta Nacional 11,0.0,2,"Moto/Ciclomotor,Automóvil",Ruta Nacional 11 Y Salvador del Carril,2,1,0,0,1,0,0,"-31.50317654013634,-60.728110224008",Ruta,11,RECREO,La Capital,Asfalto,Natural,I,Dentro,Urbana,Otra Señal,No existe,Intersección,Bueno,Buena,Nocturna,Buen Tiempo,Lateral,S/D,Colisión,Ninguna,"Horizontal,Vertical","Guardarrail,Línea divisoria pintada",Sin restricción
2018,11340,2018-12-19,Miercoles,0,08:00:00,Ruta Provincial 70,0.0,2,"Moto/Ciclomotor,Transporte de Pasajeros Urbano (> 8 asientos)",Ruta Prov 70 Y Lugones,2,1,0,0,1,0,0,"-31.502307504415516,-60.73192700743",Ruta,70,RECREO,La Capital,Tierra,Natural,I,Dentro,Urbana,Otra Señal,No existe,Recta,Bueno,Buena,Diurna,Buen Tiempo,Lateral,S/D,Colisión,Ninguna,"Horizontal,Vertical",Línea divisoria pintada,Sin restricción
2018,11341,2018-12-22,Sabado,0,17:25:00,Ruta Nacional 11,480.0,1,Automóvil,Av de Circunvalacion ,2,2,0,0,0,0,0,"-31.520830336958173,-60.74814540334",Ruta,11,RECREO,La Capital,Hormigón,Natural,I,Dentro,Urbana,Otra Señal,No existe,Recta,Bueno,Buena,Diurna,Buen Tiempo,S/D,S/D,Despiste,Ninguna,"Horizontal,Vertical","Guardarrail,Línea divisoria pintada",Sin restricción
2018,11342,2018-12-21,Viernes,0,23:30:00,,0.0,2,"Moto/Ciclomotor,Moto/Ciclomotor",Juan Jose Paso Y Carlos Chapearouge,3,1,0,0,0,0,2,"-31.69059, -60.78256",Calle,,SANTO TOMÉ,La Capital,Ripio,No existe,I,Dentro,Urbana,Ninguna,No existe,Intersección,Bueno,Buena,Nocturna,Buen Tiempo,Otro,S/D,Colisión,Ninguna,Faltante,Ninguna,Sin restricción
2018,11343,2018-12-28,Viernes,0,22:45:00,,0.0,2,"Moto/Ciclomotor,Automóvil",CALLE S/N Y KARL MENEGER,2,1,0,0,1,0,0,"-31.506657376885418,-60.73908112943",Calle,,RECREO,La Capital,Ripio,No existe,I,Dentro,Urbana,Ninguna,No existe,Intersección,Bueno,Buena,"Nocturna,Con luz artificial",Buen Tiempo,Lateral,S/D,Colisión,Ninguna,Faltante,Ninguna,Sin restricción
2018,11344,2018-12-28,Viernes,0,22:30:00,,0.0,2,"Bicicleta,Automóvil",Cordoba Y Sarmiento,2,1,0,0,1,0,0,"-31.499846814303,-60.732608609806",Calle,,RECREO,La Capital,Asfalto,No existe,I,Dentro,Urbana,Ninguna,No existe,Recta,Bueno,Buena,"Nocturna,Con luz artificial",Buen Tiempo,S/D,Ciclista,Atropello,Ninguna,Horizontal,Línea divisoria pintada,Sin restricción
2018,11345,2018-12-10,Lunes,0,22:30:00,,0.0,2,"Moto/Ciclomotor,Automóvil",Juan Bautista Alberdi 1500,2,1,0,0,1,0,0,"-31.682662137337,-60.759957988334",Calle,,SANTO TOMÉ,La Capital,Asfalto,No existe,I,Dentro,Urbana,Ninguna,No existe,Recta,Bueno,Buena,Con luz artificial,Buen Tiempo,S/D,S/D,Colisión,Ninguna,Faltante,Ninguna,Sin restricción
2018,11346,2018-12-04,Martes,0,13:00:00,,0.0,2,"Moto/Ciclomotor,Pickup/Utilitario",Hipolito Irigoyen 3135,2,1,0,0,1,0,0,"-31.676767164786,-60.765429261027",Calle,,SANTO TOMÉ,La Capital,Asfalto,No existe,I,Dentro,Urbana,Ninguna,No existe,Recta,Bueno,Buena,Diurna,Buen Tiempo,De alcance,S/D,Colisión,Ninguna,Faltante,Ninguna,Sin restricción
2018,11347,2018-12-27,Jueves,0,04:20:00,,0.0,1,Moto/Ciclomotor,Pres Domingo Faustino Sarmient Y Juan Jose Paso,1,1,0,0,0,0,0,"-31.65960043234,-60.774520683393",Calle,,SANTO TOMÉ,La Capital,Asfalto,No existe,I,Dentro,Urbana,Ninguna,No existe,Intersección,Bueno,Reducida p/ objetos,"Nocturna,Con luz artificial",Buen Tiempo,S/D,S/D,Colisión,Ninguna,Faltante,Ninguna,Sin restricción
2018,11348,2018-12-12,Miercoles,0,12:05:00,,0.0,2,"Moto/Ciclomotor,Automóvil",J Macia Y Lisandro de La Torre,3,2,0,0,1,0,0,"-31.680856254435,-60.759574166625",Calle,,SANTO TOMÉ,La Capital,Asfalto,No existe,I,Dentro,Urbana,Ninguna,No existe,Intersección,Bueno,Buena,Diurna,Buen Tiempo,De alcance,S/D,Colisión,Ninguna,Faltante,Ninguna,Sin restricción
2018,11349,2018-12-03,Lunes,0,18:30:00,,0.0,1,Moto/Ciclomotor,4 de enero ,1,1,0,0,0,0,0,"-31.656246185302752,-60.77641010284",Calle,,SANTO TOMÉ,La Capital,Tierra,No existe,I,Dentro,Urbana,Ninguna,No existe,Paso a Nivel FFCC,Con baches,Buena,Atardecer,Buen Tiempo,S/D,S/D,Caída ocupante,Ninguna,Faltante,Ninguna,Sin restricción
2018,11350,2018-12-17,Lunes,0,06:25:00,,0.0,2,"Bicicleta,Automóvil",Aritobulo del Valle Y Salta,2,1,0,0,1,0,0,"-31.67726, -60.75989",Calle,,SANTO TOMÉ,La Capital,"Asfalto,Ripio",No existe,I,Dentro,Urbana,Ninguna,No existe,Intersección,Bueno,Buena,Diurna,Buen Tiempo,S/D,Ciclista,Atropello,Ninguna,Faltante,Ninguna,Sin restricción
2018,11351,2018-12-24,Lunes,0,21:40:00,Ruta Nacional 11,0.0,2,"Automóvil,Moto/Ciclomotor",Avenida Nuestra Se?ora del Luj Y Balcarce,3,1,0,0,2,0,0,"-31.676337514646,-60.771691038079",Ruta,11,SANTO TOMÉ,La Capital,Asfalto,No existe,I,Dentro,Urbana,Semáforo,Funciona,Recta,Bueno,Buena,Nocturna,Buen Tiempo,Otro,S/D,Colisión,Ninguna,"Horizontal,Vertical",Ninguna,Sin restricción
2018,11352,2018-12-30,Domingo,0,18:20:00,,0.0,2,"Automóvil,Moto/Ciclomotor",Juan Bautista Alberdi Y General Manuel Belgrano,2,1,0,0,0,0,1,"-31.681969395508,-60.764207702508",Calle,,SANTO TOMÉ,La Capital,Asfalto,No existe,I,Dentro,Urbana,Semáforo,Funciona,Recta,Bueno,Buena,Diurna,Buen Tiempo,Otro,S/D,Colisión,S/D,Vertical,Ninguna,Sin restricción
2018,11353,2018-12-27,Jueves,0,11:00:00,,0.0,2,"Pickup/Utilitario,Moto/Ciclomotor",Juan Antonio Alvarez de Arenal Y Simon de Iriondo,2,1,0,0,1,0,0,"-31.67864, -60.76136",Calle,,SANTO TOMÉ,La Capital,Tierra,No existe,I,Dentro,Urbana,Ninguna,No existe,Intersección,Bueno,Buena,Diurna,Buen Tiempo,Lateral,S/D,Colisión,S/D,Faltante,Ninguna,Sin restricción
2018,11354,2018-12-08,Sabado,0,12:35:00,Ruta Secundaria 28-s,0.0,1,Automóvil, ,1,1,0,0,0,0,0,"-32.60830163955685,-61.549261808395",Ruta,28-s,LAS PAREJAS,Belgrano,Asfalto,Natural,III,Dentro,Urbana,Ninguna,No existe,Recta,Bueno,Buena,Diurna,Buen Tiempo,S/D,S/D,Vuelco,S/D,Faltante,Ninguna,Sin restricción
2018,11355,2018-12-18,Martes,0,21:15:00,,0.0,1,Moto/Ciclomotor,Tucuman 2500,1,1,0,0,0,0,0,"-31.65687918663027,-60.766952633857",Calle,,SANTO TOMÉ,La Capital,Asfalto,No existe,I,Dentro,Urbana,Ninguna,No existe,Recta,Bueno,Buena,Nocturna,Buen Tiempo,S/D,S/D,Caída ocupante,Ninguna,Horizontal,Ninguna,Sin restricción
2018,11356,2018-12-06,Jueves,0,12:30:00,,0.0,2,"Moto/Ciclomotor,Automóvil",Jose De San Martin Y Martin de Pueyrredon,2,1,0,0,1,0,0,"-31.659945003881,-60.788936649937",Calle,,SANTO TOMÉ,La Capital,Ripio,No existe,I,Dentro,Urbana,Ninguna,No existe,Intersección,Bueno,Buena,Diurna,Buen Tiempo,Frontal,S/D,Colisión,Ninguna,Faltante,Ninguna,Sin restricción
2018,11357,2018-12-23,Domingo,0,20:30:00,,0.0,2,"Moto/Ciclomotor,Peatón",Calle 9 ,2,1,0,0,1,0,0,"-31.69236, -60.79175",Calle,,SANTO TOMÉ,La Capital,Tierra,No existe,I,Dentro,Urbana,Ninguna,No existe,Recta,Con baches,Buena,Diurna,Buen Tiempo,S/D,Peatón,Atropello,Ninguna,Faltante,Ninguna,Sin restricción
2018,11358,2018-12-01,Sabado,0,,,0.0,2,"Pickup/Utilitario,Moto/Ciclomotor",Av A del Valle ,2,1,0,0,1,0,0,"-31.607199707212,-60.693217547338",Avenida,,SANTA FE,La Capital,Asfalto,No existe,I,Dentro,Urbana,S/D,S/D,S/D,S/D,S/D,S/D,S/D,S/D,S/D,Colisión,S/D,S/D,Cordón divisorio,S/D
2018,11359,2018-12-01,Sabado,0,,,0.0,2,"Moto/Ciclomotor,Automóvil", ,3,2,0,0,1,0,0,"-31.973471045494097,-60.92063784599",S/D,,CORONDA,San Jerónimo,S/D,S/D,XV,S/D,S/D,S/D,S/D,S/D,S/D,S/D,S/D,S/D,S/D,S/D,Colisión,S/D,S/D,S/D,S/D
2018,11360,2018-12-31,Lunes,0,,Ruta Nacional 11,696.0,1,Automóvil, ,2,1,0,0,1,0,0,"-29.69652771949768,-60.249353349208",Ruta,11,MARGARITA,Vera,Asfalto,Natural,XIX,Dentro,Urbana,Otra Señal,No existe,Recta,Bueno,Buena,S/D,Buen Tiempo,S/D,S/D,Vuelco,Ninguna,"Horizontal,Vertical",Línea divisoria pintada,Sin restricción
2018,11361,2018-12-02,Domingo,0,20:30:00,,0.0,2,"Taxi/Remis,Moto/Ciclomotor",J J Paso Y Formosa,2,1,0,0,1,0,0,"-32.919589725409,-60.691605822777",Calle,,SANTA FE,La Capital,Asfalto,No existe,I,Dentro,Urbana,Marca Vial,No existe,Intersección,S/D,S/D,Nocturna,S/D,S/D,S/D,Colisión,S/D,Horizontal,Línea divisoria pintada,S/D
2018,11362,2018-12-29,Sabado,0,,Ruta Nacional 11,0.0,2,"Pickup/Utilitario,Moto/Ciclomotor",Bv San Martin Y Benavidez,2,1,0,0,1,0,0,"-32.231141072609,-60.981722112809",Ruta,11,BARRANCAS,San Jerónimo,"Asfalto,Hormigón",No existe,XV,Dentro,Urbana,Ninguna,No existe,Intersección,Bueno,Buena,S/D,Buen Tiempo,S/D,S/D,Colisión,Ninguna,Faltante,"Cordón divisorio,Vegetación",Sin restricción
2018,11363,2018-12-31,Lunes,0,,,0.0,1,Moto/Ciclomotor, ,2,1,1,0,0,0,0,"-32.02990316193605,-61.224353612259",Calle,,GÁLVEZ,San Jerónimo,S/D,S/D,XV,Dentro,Urbana,S/D,S/D,S/D,S/D,Buena,S/D,Buen Tiempo,S/D,S/D,Despiste,S/D,S/D,S/D,Sin restricción
2018,11364,2018-12-02,Domingo,0,20:15:00,Autopista Nacional A008,0.0,2,"Automóvil,Automóvil",Av. Circunvalacion ,8,4,0,0,2,0,2,"-32.97987, -60.71132",Autopista,A008,ROSARIO,Rosario,Asfalto,Pavimento,II,Dentro,Urbana,Marca Vial,No existe,Recta,S/D,S/D,Nocturna,S/D,S/D,S/D,Colisión,S/D,Horizontal,Guardarrail,S/D
2018,11365,2018-12-02,Domingo,0,06:50:00,Ruta Provincial 14,0.0,1,Moto/Ciclomotor,Ruta Prov 14 Y Libertad,1,1,0,0,0,0,0,"-33.37702810764314,-61.181965470314",Ruta,14,BIGAND,Caseros,Asfalto,No existe,IV,Dentro,Urbana,Marca Vial,No existe,Recta,S/D,S/D,Diurna,S/D,S/D,S/D,Caída ocupante,S/D,Horizontal,Línea divisoria pintada,Sin restricción
2018,11366,2018-12-30,Domingo,0,06:15:00,Ruta Provincial 80,26.0,1,Moto/Ciclomotor, ,1,0,1,0,0,0,0,"-32.00772285461426,-61.209297180175",Ruta,80,GÁLVEZ,San Jerónimo,Asfalto,No existe,XV,Dentro,Urbana,Ninguna,No existe,Recta,Bueno,Buena,Diurna,Buen Tiempo,S/D,S/D,Despiste,Ninguna,Horizontal,Línea divisoria pintada,Sin restricción
2018,11367,2018-12-29,Sabado,0,18:20:00,,0.0,2,"Moto/Ciclomotor,Automóvil",Calle 12 Y Calle 31,5,1,0,0,4,0,0,"-28.347841516351,-59.25764227876",Calle,,LAS TOSCAS,General Obligado,Ripio,No existe,IX,Dentro,Urbana,Ninguna,No existe,Intersección,Bueno,Buena,Diurna,Buen Tiempo,S/D,S/D,Colisión,Ninguna,S/D,Ninguna,Sin restricción
2018,11368,2018-12-30,Domingo,0,02:30:00,,0.0,2,"Moto/Ciclomotor,Automóvil",Calle 9 Y Calle 20,2,1,0,0,1,0,0,"-29.116935985035,-59.653562886945",Calle,,AVELLANEDA,General Obligado,Hormigón,No existe,IX,Dentro,Urbana,Ninguna,No existe,Intersección,Bueno,Buena,"Nocturna,Con luz artificial",Buen Tiempo,S/D,S/D,Colisión,Ninguna,Faltante,Ninguna,Sin restricción
2018,11369,2018-12-29,Sabado,0,23:50:00,,0.0,2,"Moto/Ciclomotor,Moto/Ciclomotor",Av Colonia Ausonia Y Calle 119,2,2,0,0,0,0,0,"-29.120032203143,-59.675863893553",Avenida,,AVELLANEDA,General Obligado,S/D,No existe,IX,Dentro,Urbana,S/D,S/D,Intersección,S/D,Buena,Nocturna,Buen Tiempo,S/D,S/D,Colisión,Ninguna,S/D,Cordón divisorio,Sin restricción
2018,11370,2018-12-31,Lunes,0,18:45:00,,0.0,2,"Otros,Moto/Ciclomotor",J.M.Gutierrez 268,3,3,0,0,0,0,0,"-32.8798753861338,-60.6891259085387",Calle,,ROSARIO,Rosario,Asfalto,No existe,II,Dentro,Urbana,Ninguna,No existe,Recta,Bueno,Buena,Diurna,Buen Tiempo,S/D,S/D,Colisión,Ninguna,Faltante,Ninguna,Sin restricción
2018,11371,2018-12-30,Domingo,0,,,0.0,2,"Moto/Ciclomotor,Automóvil", ,2,1,0,0,1,0,0,"-29.585183808935938,-60.37948761060",Calle,,LA GALLARETA,Vera,S/D,S/D,XIX,Dentro,Urbana,S/D,S/D,Intersección,S/D,S/D,S/D,Buen Tiempo,S/D,S/D,Colisión,S/D,S/D,S/D,Sin restricción
2018,11372,2018-12-30,Domingo,0,,,0.0,2,"Bicicleta,Automóvil", ,2,1,0,0,1,0,0,"-29.6925772548335,-60.2521464990524",Calle,,MARGARITA,Vera,S/D,No existe,XIX,Dentro,Urbana,S/D,S/D,Intersección,Bueno,Buena,S/D,Buen Tiempo,S/D,Ciclista,Atropello,Ninguna,S/D,S/D,Sin restricción
2018,11373,2018-12-30,Domingo,0,,,0.0,2,"Pickup/Utilitario,Moto/Ciclomotor", ,2,1,0,0,1,0,0,"-33.090030113191624,-61.79073706180",Calle,,ARTEAGA,Caseros,S/D,No existe,IV,Dentro,Urbana,S/D,S/D,S/D,S/D,Buena,S/D,Buen Tiempo,S/D,S/D,Colisión,S/D,S/D,S/D,Sin restricción
2018,11374,2018-11-09,Viernes,0,00:30:00,Autopista Provincial Brigadier E.López,147.0,1,Pickup/Utilitario, ,1,0,0,0,0,1,0,"-31.65913,-60.79505",Autopista,Brigadier E.López,SANTO TOMÉ,La Capital,Asfalto,Natural,I,Dentro,Rural,Ninguna,No existe,Recta,Bueno,S/D,Nocturna,S/D,Contra objeto fijo,S/D,Colisión,Ninguna,Faltante,Línea divisoria pintada,Sin restricción
2018,11375,2018-11-30,Viernes,0,21:30:00,,0.0,2,"Moto/Ciclomotor,Automóvil",A Lezama Y L de la Torre,3,2,0,0,1,0,0,"-29.46508, -60.20805",Calle,,VERA,Vera,Asfalto,No existe,XIX,Dentro,Urbana,S/D,S/D,Intersección,S/D,S/D,Nocturna,S/D,S/D,S/D,Colisión,S/D,S/D,Ninguna,S/D
2018,11376,2018-12-30,Domingo,0,19:55:00,,0.0,2,"Bicicleta,Moto/Ciclomotor",Av Filipini Y Fray Justo Santa Maria de Oro,2,1,0,0,1,0,0,"-33.022617101669276,-60.63731074333",Calle,,VILLA GOBERNADOR GÁLVEZ,Rosario,Asfalto,No existe,II,Dentro,Urbana,Ninguna,No existe,Intersección,Bueno,Buena,Atardecer,Buen Tiempo,S/D,Ciclista,Atropello,Ninguna,Faltante,Ninguna,Sin restricción
2018,11377,2018-11-10,Sabado,0,05:30:00,Ruta Nacional 8,295.0,2,"Moto/Ciclomotor,Camión c / Semirremolque", ,2,1,0,0,0,1,0,"-33.81443,-61.24865",Ruta,8,WHEELWRIGHT,General López,Asfalto,Natural,VIII,Dentro,Rural,Ninguna,S/D,Recta,S/D,S/D,Nocturna,S/D,Frontal,S/D,Colisión,Ninguna,Faltante,Ninguna,Sin restricción
2018,11378,2018-12-03,Lunes,0,,,0.0,2,"Automóvil,Moto/Ciclomotor",Bv Pte Peron Y Lavalle,2,0,1,0,1,0,0,"-31.8907820602,-61.862858312259",Avenida,,SAN JORGE,San Martín,Hormigón,No existe,XVIII,Dentro,Urbana,Ninguna,No existe,Intersección,S/D,S/D,S/D,S/D,S/D,S/D,Colisión,S/D,Faltante,Ninguna,S/D
2018,11379,2018-11-10,Sabado,0,02:30:00,,0.0,2,"Automóvil,Moto/Ciclomotor",Velez Sarfield Y Castellanos,2,0,0,0,0,1,1,"-33.11193,-61.70487",Calle,,SAN JOSÉDE LA ESQUINA,Caseros,Asfalto,No existe,IV,Dentro,Urbana,Ninguna,No existe,Intersección,Bueno,S/D,Nocturna,S/D,S/D,S/D,Colisión,Ninguna,Faltante,Ninguna,Sin restricción
2018,11380,2018-12-30,Domingo,0,05:00:00,Autopista Nacional A012,28.0,1,Camión c / Acoplado, ,1,1,0,0,0,0,0,"-33.03215847350657,-60.902125155553",Autopista,A012,ZAVALLA,Rosario,Asfalto,Natural,II,Dentro,Urbana,Ninguna,No existe,Recta,Bueno,Buena,Nocturna,Buen Tiempo,S/D,S/D,Vuelco,Ninguna,Horizontal,Línea divisoria pintada,Sin restricción
2018,11381,2018-12-04,Martes,0,12:45:00,,0.0,2,"Bicicleta,Moto/Ciclomotor",Av. Francia Y Amenabar,2,2,0,0,0,0,0,"-32.967260028427,-60.671899170774",Avenida,,ROSARIO,Rosario,Asfalto,No existe,II,Dentro,Urbana,Ninguna,No existe,Intersección,S/D,S/D,Diurna,S/D,S/D,Ciclista,Atropello,S/D,Faltante,Cordón divisorio,S/D
2018,11382,2018-12-04,Martes,0,,,0.0,1,Moto/Ciclomotor,Aristobulo del Valle Y General Paz,2,1,0,0,0,0,1,"-32.23796904087069,-60.979099273681",Calle,,BARRANCAS,San Jerónimo,Asfalto,No existe,XV,Dentro,Urbana,S/D,S/D,Intersección,S/D,S/D,S/D,S/D,S/D,S/D,Caída ocupante,S/D,S/D,Ninguna,S/D
2018,11383,2018-12-30,Domingo,0,,,0.0,1,Moto/Ciclomotor, ,4,3,0,0,1,0,0,"-31.6244477760916,-60.6988397800237",Calle,,SANTA FE,La Capital,S/D,S/D,I,Dentro,Urbana,S/D,S/D,S/D,S/D,S/D,S/D,S/D,S/D,S/D,Colisión,S/D,S/D,S/D,S/D
2018,11384,2018-11-05,Lunes,0,22:40:00,Ruta Nacional 11,806.0,2,"Moto/Ciclomotor,Pickup/Utilitario", ,4,1,0,0,2,1,0,"-29.00885,-59.59595",Ruta,11,GUADALUPE NORTE,General Obligado,Asfalto,Natural,IX,Dentro,Rural,Ninguna,No existe,Recta,Bueno,S/D,Nocturna,S/D,"Atropello animal,De alcance",S/D,Colisión,Ninguna,Faltante,Línea divisoria pintada,Sin restricción
2018,11385,2018-12-27,Jueves,0,11:25:00,Ruta Provincial 3,0.0,2,"Moto/Ciclomotor,Moto/Ciclomotor",Ruta Provincial 3 Y Santa Fe,3,2,0,0,0,1,0,"-28.67562,-60.06921",Ruta,3,INTIYACO,Vera,Asfalto,Natural,XIX,Dentro,Urbana,S/D,S/D,Intersección,Bueno,Buena,Diurna,Buen Tiempo,S/D,S/D,Colisión,Ninguna,S/D,S/D,Sin restricción
2018,11386,2018-12-03,Lunes,0,,Ruta Provincial 66,53.0,1,Automóvil, ,2,2,0,0,0,0,0,"-32.06245, -61.59461",Ruta,66,CAÑADA ROSQUIN,San Martín,Asfalto,Ripio,XVIII,Dentro,Rural,Ninguna,No existe,Recta,S/D,S/D,S/D,S/D,S/D,S/D,Vuelco,S/D,Faltante,Ninguna,S/D
2018,11387,2018-11-11,Domingo,0,20:10:00,,0.0,1,Moto/Ciclomotor, ,1,0,0,0,0,1,0,"-28.35437,-59.25991",Calle,,LAS TOSCAS,General Obligado,S/D,S/D,IX,S/D,Urbana,S/D,S/D,S/D,S/D,S/D,Atardecer,S/D,S/D,S/D,Caída ocupante,S/D,S/D,S/D,S/D
2018,11388,2018-12-05,Miercoles,0,,,0.0,2,"Automóvil,Automóvil",Bv. Oro?o Y Av. Arijon,2,1,0,0,1,0,0,"-33.003533657294,-60.66479024171",Avenida,,ROSARIO,Rosario,Asfalto,No existe,II,Dentro,Urbana,Semáforo,Funciona,Intersección,S/D,S/D,S/D,S/D,S/D,S/D,Colisión,S/D,"Horizontal,Vertical",Cordón divisorio,S/D
2018,11389,2018-11-27,Martes,0,10:00:00,Ruta Provincial 6,0.0,3,"Pickup/Utilitario,Pickup/Utilitario,Automóvil",Justo Jose de Urquiza Y Leandro N Alem,5,3,0,0,1,1,0,"-31.4402,-60.91371",Ruta,6,ESPERANZA,Las Colonias,Asfalto,Pavimento,XI,Dentro,Urbana,Ninguna,No existe,Intersección,Bueno,S/D,Diurna,S/D,Múltiple,S/D,Colisión,Ninguna,Faltante,Ninguna,Sin restricción
2018,11390,2018-12-29,Sabado,0,,,0.0,1,Bicicleta,Rivadavia Y Ituzaingo,1,0,1,0,0,0,0,"-32.23333544987,-60.984212314432",Calle,,BARRANCAS,San Jerónimo,Hormigón,No existe,XV,Dentro,Urbana,S/D,S/D,Intersección,Bueno,Buena,S/D,Buen Tiempo,S/D,S/D,Caída ocupante,Agua,S/D,S/D,Sin restricción
2018,11391,2018-12-05,Miercoles,0,,,0.0,2,"Automóvil,Moto/Ciclomotor",BV 27 DE FEBRERO Y JUAN PABLO II,2,0,1,0,1,0,0,"-32.95963, -60.72035",Avenida,,ROSARIO,Rosario,Asfalto,No existe,II,Dentro,Urbana,Semáforo,Funciona,Intersección,S/D,S/D,S/D,S/D,S/D,S/D,Colisión,S/D,Vertical,Ninguna,S/D