anio_acci,nro_acci,fecha,desc_dia,fecha_aprox,hora_aprox,desc_ruta,km,cant_participantes,desc_participante,calle_avenida_km,total,heridos_leves,heridos_graves,heridos_gravisimos,ilesos,fallecidos,sin_datos,posicion_XY,desc_tipo_via,desc_ruta_ori,desc_loc,desc_dpto,desc_tipo_calzada,desc_tipo_banquina,desc_unidad_regional,desc_lugar_calzada,desc_zona,desc_prioridad,desc_estado_semaforo,desc_lugar_via,desc_estado_via,desc_estado_visibilidad,desc_luminosidad,desc_estado_clima,desc_tipo_colision,desc_tipo_atropello,desc_tipo_hecho,desc_pres_calzada,desc_senializacion,desc_separacion_via,desc_restriccion
2018,11392,2018-12-29,Sabado,0,,,0.0,2,"Automóvil,Camión",Servando Bayo Y Montevideo,3,2,0,0,1,0,0,"-32.947817081629,-60.687012945881",Calle,,ROSARIO,Rosario,Asfalto,No existe,II,Dentro,Urbana,Ninguna,No existe,Intersección,Bueno,Buena,S/D,Buen Tiempo,S/D,S/D,Colisión,Ninguna,Faltante,Ninguna,Sin restricción
2018,11394,2018-12-05,Miercoles,0,,,0.0,2,"Transporte de Pasajeros Urbano (> 8 asientos),Bicicleta",San Luis Y Entre Rios,2,1,0,0,1,0,0,"-32.94870096594,-60.641654934785",Calle,,ROSARIO,Rosario,Asfalto,No existe,II,Dentro,Urbana,Semáforo,Funciona,Intersección,S/D,S/D,S/D,S/D,S/D,Ciclista,Atropello,S/D,"Horizontal,Vertical",Ninguna,S/D
2018,11395,2018-12-29,Sabado,0,21:45:00,,0.0,3,"Moto/Ciclomotor,Peatón,Peatón",Carriego Y Av. Pellegrini,5,2,0,0,3,0,0,"-32.948305644033,-60.691418050749",Avenida,,ROSARIO,Rosario,Asfalto,No existe,II,Dentro,Urbana,Paso Peatonal,No existe,Intersección,Bueno,Buena,Diurna,Buen Tiempo,S/D,Peatón,Atropello,Ninguna,Horizontal,"Cordón divisorio,Línea divisoria pintada",Sin restricción
2018,11396,2018-12-03,Lunes,0,12:10:00,,0.0,2,"Moto/Ciclomotor,Automóvil",Esteban Echeverria Y General Jose de San Martin,2,1,0,0,1,0,0,"-33.037333528607,-61.177446924251",Calle,,CASILDA,Caseros,Hormigón,No existe,IV,Dentro,Urbana,Ninguna,No existe,Intersección,S/D,S/D,Diurna,S/D,S/D,S/D,Colisión,S/D,Faltante,Cordón divisorio,S/D
2018,11397,2018-12-29,Sabado,0,,,0.0,2,"Moto/Ciclomotor,Automóvil",Amenabar Y Av. Francia,4,2,0,0,2,0,0,"-32.967260028427,-60.671899170774",Avenida,,ROSARIO,Rosario,Asfalto,No existe,II,Dentro,Urbana,Ninguna,No existe,Intersección,Bueno,Buena,S/D,Buen Tiempo,S/D,S/D,Colisión,Ninguna,Faltante,"Cordón divisorio,Vegetación",Sin restricción
2018,11398,2018-12-04,Martes,0,07:45:00,,0.0,2,"Moto/Ciclomotor,Automóvil",Calle 47-Islas Malvinas Y Calle 20-9 de Julio,2,1,0,0,1,0,0,"-29.161224395294,-59.64970884582",Calle,,RECONQUISTA,General Obligado,S/D,No existe,IX,Dentro,Urbana,S/D,S/D,Recta,S/D,S/D,Diurna,S/D,S/D,S/D,Colisión,S/D,S/D,Ninguna,S/D
2018,11399,2018-12-06,Jueves,0,,,0.0,2,"Automóvil,Moto/Ciclomotor",Juan Jose Castelli Y Eduardo Huhn,2,1,0,0,1,0,0,"-33.724391068178,-61.980731960089",Calle,,VENADO TUERTO,General López,Tierra,No existe,VIII,Dentro,Urbana,Ninguna,No existe,Intersección,S/D,S/D,S/D,S/D,S/D,S/D,Colisión,S/D,Faltante,Ninguna,S/D
2018,11400,2018-12-26,Miercoles,0,21:20:00,Ruta Nacional 11,714.0,1,Camión c / Acoplado, ,1,0,1,0,0,0,0,"-29.537665843963637,-60.22075831890",Ruta,11,ESPÍN,Vera,Asfalto,Ripio,XIX,Dentro,Rural,Ninguna,No existe,Recta,Bueno,Buena,Nocturna,Buen Tiempo,S/D,S/D,Vuelco,Ninguna,Horizontal,Línea divisoria pintada,Sin restricción
2018,11401,2018-12-06,Jueves,0,06:00:00,Ruta Nacional 34,0.0,2,"Camión c / Acoplado,Camión c / Acoplado", ,2,2,0,0,0,0,0,"-32.57759, -61.19979",Ruta,34,TOTORAS,Iriondo,Asfalto,Natural,X,Dentro,Rural,Marca Vial,No existe,Cruce,S/D,S/D,Amanecer,S/D,S/D,S/D,"Colisión,Vuelco",S/D,Horizontal,Línea divisoria pintada,S/D
2018,11402,2018-11-29,Jueves,0,09:30:00,Ruta Provincial 10,0.0,2,"Pickup/Utilitario,Automóvil", ,2,1,0,0,0,0,1,"-32.0072, -61.21802",Ruta,10,GÁLVEZ,San Jerónimo,Asfalto,Natural,XV,Dentro,Rural,Ninguna,No existe,Recta,S/D,S/D,Diurna,S/D,De alcance,S/D,Colisión,S/D,Faltante,Ninguna,S/D
2018,11403,2018-12-07,Viernes,0,18:40:00,,0.0,2,"Moto/Ciclomotor,Automóvil",Avenida Carlos Pellegrini Y Dante,2,1,0,0,1,0,0,"-33.115904595908,-61.709198144471",Avenida,,SAN JOSÉDE LA ESQUINA,Caseros,Asfalto,No existe,IV,Dentro,Urbana,Ninguna,No existe,Intersección,S/D,S/D,Diurna,S/D,Lateral,S/D,Colisión,S/D,Faltante,Cordón divisorio,S/D
2018,11404,2018-12-28,Viernes,0,14:00:00,,0.0,2,"Moto/Ciclomotor,Automóvil",Bv. Avellaneda Y Montevideo,2,1,0,0,1,0,0,"-32.94877844437,-60.681676778126",Avenida,,ROSARIO,Rosario,Asfalto,No existe,II,Dentro,Urbana,Semáforo,Funciona,Intersección,Bueno,Buena,Diurna,Buen Tiempo,Lateral,S/D,Colisión,Ninguna,"Horizontal,Vertical","Cordón divisorio,Línea divisoria pintada",Sin restricción
2018,11406,2018-12-28,Viernes,0,08:50:00,,0.0,2,"Automóvil,Moto/Ciclomotor",Bv. Oro?o Y Cochabamba,2,1,0,0,1,0,0,"-32.955598481272,-60.656168029535",Avenida,,ROSARIO,Rosario,Asfalto,No existe,II,Dentro,Urbana,Señal Ceda el Paso,No existe,Intersección,Bueno,Buena,Diurna,Buen Tiempo,Lateral,S/D,Colisión,Ninguna,"Horizontal,Vertical","Cordón divisorio,Vegetación,Línea divisoria pintada",Sin restricción
2018,11407,2018-12-07,Viernes,0,,,0.0,2,"Moto/Ciclomotor,Tractor", ,2,0,1,0,1,0,0,"-32.0272, -61.16642",Camino Rural,,GÁLVEZ,San Jerónimo,Tierra,No existe,XV,Dentro,Rural,Ninguna,No existe,Recta,S/D,Reducida polvo,S/D,S/D,De alcance,S/D,Colisión,S/D,Faltante,Ninguna,S/D
2018,11408,2018-12-08,Sabado,0,17:00:00,,0.0,2,"Pickup/Utilitario,Moto/Ciclomotor",Baigorria Y Zelaya,2,1,0,0,1,0,0,"-32.892308839134,-60.696895886867",Calle,,ROSARIO,Rosario,Asfalto,No existe,II,Dentro,Urbana,Semáforo,Intermitente,Intersección,S/D,S/D,Diurna,S/D,S/D,S/D,Colisión,S/D,Vertical,Ninguna,S/D
2018,11409,2018-12-06,Jueves,0,21:00:00,,0.0,2,"Automóvil,Moto/Ciclomotor",Avda 25 de Mayo Y Lisandro de la Torre,2,1,0,0,1,0,0,"-32.031085910729,-61.22369362641",Avenida,,GÁLVEZ,San Jerónimo,Asfalto,No existe,XV,Dentro,Urbana,Ninguna,No existe,Intersección,S/D,S/D,Nocturna,S/D,S/D,S/D,Colisión,S/D,Faltante,Cordón divisorio,S/D
2018,11410,2018-12-03,Lunes,0,16:00:00,,0.0,2,"Tractor,Pickup/Utilitario", ,2,1,0,0,1,0,0,"-29.50913, -61.69031",Camino Rural,,LOGROÑO,9 de Julio,Tierra,No existe,XII,Dentro,Rural,Ninguna,No existe,Recta,S/D,S/D,Diurna,S/D,Lateral,S/D,Colisión,S/D,Faltante,Ninguna,S/D
2018,11411,2018-12-08,Sabado,0,,Ruta Secundaria 32-s,0.0,2,"Automóvil,Bicicleta",Belgrano Y Buenos Aires,2,1,0,0,1,0,0,"-32.054760587219,-61.597567652123",Ruta,32-s,CAÑADA ROSQUIN,San Martín,Asfalto,No existe,XVIII,Dentro,Urbana,Ninguna,No existe,Intersección,S/D,S/D,S/D,S/D,S/D,Ciclista,Atropello,S/D,Faltante,Ninguna,S/D
2018,11412,2018-12-28,Viernes,0,11:00:00,,0.0,2,"Pickup/Utilitario,Automóvil",L.N.Alem Y Bv. Segui,2,1,0,0,1,0,0,"-32.980929003529,-60.636536935752",Avenida,,ROSARIO,Rosario,Asfalto,No existe,II,Dentro,Urbana,Señal Ceda el Paso,No existe,Intersección,Deteriorada,Buena,Diurna,Buen Tiempo,S/D,S/D,Colisión,Ninguna,Vertical,"Cordón divisorio,Vegetación",Sin restricción
2018,11413,2018-12-09,Domingo,0,03:10:00,,0.0,1,Moto/Ciclomotor,Rivadavia 6970,2,1,0,0,0,0,1,"-31.604340919343,-60.691773879798",Calle,,SANTA FE,La Capital,Asfalto,No existe,I,Dentro,Urbana,Ninguna,No existe,Intersección,S/D,S/D,Nocturna,S/D,S/D,S/D,Caída ocupante,S/D,Faltante,Ninguna,S/D
2018,11414,2018-12-27,Jueves,0,,,0.0,2,"Moto/Ciclomotor,Peatón", ,2,1,0,0,1,0,0,"-29.463665107086896,-60.21463630487",Calle,,VERA,Vera,S/D,S/D,XIX,Dentro,Urbana,S/D,S/D,Recta,S/D,S/D,S/D,S/D,S/D,Peatón,Atropello,S/D,S/D,S/D,Sin restricción
2018,11415,2018-12-09,Domingo,0,03:35:00,,0.0,1,Moto/Ciclomotor,Av. Provincias Unidas Y Amenabar,5,3,0,0,2,0,0,"-32.96396, -60.71158",Avenida,,ROSARIO,Rosario,Asfalto,No existe,II,Dentro,Urbana,Ninguna,No existe,Intersección,S/D,S/D,Nocturna,S/D,Contra objeto fijo,S/D,Colisión,S/D,Faltante,Cordón divisorio,S/D
2018,11416,2018-12-09,Domingo,0,02:20:00,Ruta Provincial 14,0.0,1,Automóvil, ,5,1,0,0,4,0,0,"-33.39437, -61.2127",Ruta,14,BIGAND,Caseros,Asfalto,Natural,IV,Dentro,Rural,Marca Vial,No existe,Recta,S/D,S/D,Nocturna,S/D,S/D,S/D,"Vuelco,Despiste",S/D,Horizontal,Línea divisoria pintada,S/D
2018,11417,2018-12-27,Jueves,0,,,0.0,1,Moto/Ciclomotor,PUENTE COLGANTE INGENIERO CANDIOTI ,1,1,0,0,0,0,0,"-31.640072, -60.681211",Calle,,SANTA FE,La Capital,Asfalto,No existe,I,Dentro,Urbana,Ninguna,No existe,Recta,Bueno,Buena,S/D,Buen Tiempo,S/D,S/D,Despiste,Ninguna,Faltante,Guardarrail,Sin restricción
2018,11418,2018-12-07,Viernes,0,,Ruta Secundaria 50-s,0.0,2,"Moto/Ciclomotor,Automóvil",25 de Mayo Y Rivadavia,2,1,0,0,1,0,0,"-31.13602137666,-60.989208908697",Ruta,50-s,PROGRESO,Las Colonias,S/D,S/D,XI,Dentro,Urbana,S/D,S/D,Intersección,S/D,S/D,Diurna,S/D,S/D,S/D,Colisión,S/D,S/D,S/D,S/D
2018,11419,2018-12-24,Lunes,0,19:45:00,,0.0,2,"Moto/Ciclomotor,Moto/Ciclomotor",Pellegrini Y Lavalle,3,2,0,0,1,0,0,"-29.582075505766,-60.381702167244",Calle,,LA GALLARETA,Vera,S/D,No existe,XIX,Dentro,Urbana,S/D,S/D,Intersección,S/D,Buena,Atardecer,Buen Tiempo,S/D,S/D,Colisión,S/D,S/D,S/D,Sin restricción
2018,11420,2018-12-04,Martes,0,11:30:00,,0.0,1,Bicicleta,J B Alberdi Y Sarmiento,1,1,0,0,0,0,0,"-32.026555305016,-61.223167649181",Calle,,GÁLVEZ,San Jerónimo,S/D,No existe,XV,Dentro,Urbana,S/D,S/D,Intersección,S/D,S/D,Diurna,S/D,S/D,S/D,Caída ocupante,S/D,S/D,Ninguna,S/D
2018,11422,2018-12-26,Miercoles,0,04:00:00,Ruta Nacional 11,0.0,1,Pickup/Utilitario,Av Circunvalaci?n Y Monse?or Rodriguez,1,1,0,0,0,0,0,"-31.556829297044,-60.749146521494",Ruta,11,SANTA FE,La Capital,Asfalto,Natural,I,Dentro,Urbana,Ninguna,No existe,Intersección,Bueno,Buena,Nocturna,Buen Tiempo,S/D,S/D,Vuelco,Ninguna,Horizontal,"Guardarrail,Barrera de alto impacto,Línea divisoria pintada",Sin restricción
2018,11423,2018-12-08,Sabado,0,18:30:00,,0.0,2,"Transporte de Pasajeros Urbano (> 8 asientos),Peatón",San Martin Y Olegario V.Andrade,3,1,0,0,2,0,0,"-32.995824104568,-60.64789198271",Calle,,ROSARIO,Rosario,Asfalto,No existe,II,Dentro,Urbana,Semáforo,Funciona,Intersección,S/D,S/D,Diurna,S/D,S/D,Peatón,Atropello,S/D,"Horizontal,Vertical",Cordón divisorio,S/D
2018,11424,2018-12-08,Sabado,0,20:30:00,Autopista Nacional A008,0.0,2,"Automóvil,Automóvil",Av. Circunvalacion Y Av. Pellegrini,6,1,0,0,5,0,0,"-32.94967979192734,-60.720904469490",Autopista,A008,ROSARIO,Rosario,Asfalto,Pavimento,II,Dentro,Urbana,Ninguna,No existe,Curva,S/D,S/D,Nocturna,S/D,S/D,S/D,Colisión,S/D,Faltante,Guardarrail,S/D
2018,11425,2018-12-25,Martes,0,03:45:00,Autopista Nacional A008,0.0,1,Automóvil,Av. Circunvalacion Y Av. Eva Peron,2,2,0,0,0,0,0,"-32.93129324913021,-60.721789598464",Autopista,A008,ROSARIO,Rosario,Asfalto,No existe,II,Dentro,Urbana,Semáforo,Funciona,Intersección,Bueno,Buena,"Nocturna,Con luz artificial",Buen Tiempo,Contra objeto fijo,S/D,Colisión,Ninguna,"Horizontal,Vertical","Cordón divisorio,Línea divisoria pintada",Sin restricción
2018,11426,2018-12-10,Lunes,0,15:20:00,,0.0,2,"Automóvil,Pickup/Utilitario",Cereseto Y Hilarion de la Quintana,3,2,0,0,1,0,0,"-33.001781593378,-60.673916467973",Calle,,ROSARIO,Rosario,Asfalto,No existe,II,Dentro,Urbana,Ninguna,No existe,Intersección,S/D,S/D,Diurna,S/D,S/D,S/D,Colisión,S/D,Faltante,Ninguna,S/D
2018,11427,2018-12-25,Martes,0,,,0.0,1,Moto/Ciclomotor,San Martin Y Belgrano,2,2,0,0,0,0,0,"-32.032245335967,-61.22081393316",Calle,,GÁLVEZ,San Jerónimo,Hormigón,No existe,XV,Dentro,Urbana,S/D,S/D,Recta,Bueno,Buena,S/D,Buen Tiempo,S/D,S/D,Caída ocupante,S/D,S/D,S/D,Sin restricción
2018,11428,2018-12-24,Lunes,0,,,0.0,1,Moto/Ciclomotor,Avda 25 de Mayo Y Sarmiento,1,1,0,0,0,0,0,"-32.029525298227,-61.220952498653",Avenida,,GÁLVEZ,San Jerónimo,Asfalto,No existe,XV,Dentro,Urbana,S/D,S/D,Intersección,Bueno,Buena,S/D,Buen Tiempo,S/D,S/D,Despiste,Ninguna,S/D,"Cordón divisorio,Vegetación",Sin restricción
2018,11429,2018-12-24,Lunes,0,06:00:00,,0.0,2,"Vehículo Oficial,Automóvil", Remedios de Escalada de San M 1750,9,4,0,0,5,0,0,"-33.039616130688,-61.164374980982",Calle,,CASILDA,Caseros,Hormigón,No existe,IV,Dentro,Urbana,Ninguna,No existe,Recta,Bueno,Buena,Amanecer,Buen Tiempo,S/D,S/D,Colisión,Ninguna,Faltante,Ninguna,Sin restricción
2018,11430,2018-12-10,Lunes,0,,,0.0,2,"Automóvil,Moto/Ciclomotor", ,2,1,0,0,1,0,0,"-31.45012, -60.93286",S/D,,LA ORILLA,Las Colonias,S/D,S/D,XI,S/D,S/D,S/D,S/D,S/D,S/D,S/D,S/D,S/D,S/D,S/D,Colisión,S/D,S/D,S/D,S/D
2018,11432,2018-12-11,Martes,0,21:20:00,,0.0,2,"Moto/Ciclomotor,Automóvil",Salta Y Paraguay,3,1,0,0,2,0,0,"-32.938446989112,-60.641954802778",Calle,,ROSARIO,Rosario,Asfalto,No existe,II,Dentro,Urbana,Paso Peatonal,No existe,Intersección,S/D,S/D,Nocturna,S/D,S/D,S/D,Colisión,S/D,Horizontal,Ninguna,S/D
2018,11433,2018-12-24,Lunes,0,23:15:00,,0.0,2,"Automóvil,Automóvil",Gral.Mosconi 3300,3,1,0,0,2,0,0,"-32.98468842827,-60.679340842106",Calle,,ROSARIO,Rosario,Hormigón,No existe,II,Dentro,Urbana,S/D,S/D,Intersección,Bueno,Buena,"Nocturna,Con luz artificial",Buen Tiempo,S/D,S/D,Colisión,Ninguna,S/D,Ninguna,Sin restricción
2018,11434,2018-12-11,Martes,0,,,0.0,2,"Automóvil,Moto/Ciclomotor",Sarmiento Y Colon,3,1,0,0,2,0,0,"-32.033498654832,-61.218009508429",Calle,,GÁLVEZ,San Jerónimo,Asfalto,No existe,XV,Dentro,Urbana,S/D,S/D,Intersección,S/D,S/D,S/D,S/D,S/D,S/D,Colisión,S/D,S/D,Ninguna,S/D
2018,11435,2018-12-24,Lunes,0,21:25:00,,0.0,2,"Moto/Ciclomotor,Automóvil",Crespo Y Garibaldi,2,1,0,0,1,0,0,"-32.980561541884,-60.678216232693",Calle,,ROSARIO,Rosario,Asfalto,No existe,II,Dentro,Urbana,Ninguna,No existe,Intersección,Bueno,Buena,Nocturna,Buen Tiempo,S/D,S/D,Colisión,Ninguna,Faltante,Ninguna,Sin restricción
2018,11436,2018-12-11,Martes,0,,,0.0,2,"Automóvil,Bicicleta", ,2,1,0,0,1,0,0,"-32.02939, -61.22593",S/D,,GÁLVEZ,San Jerónimo,S/D,S/D,XV,S/D,S/D,S/D,S/D,S/D,S/D,S/D,S/D,S/D,S/D,Ciclista,Atropello,S/D,S/D,S/D,S/D
2018,11437,2018-05-09,Miercoles,0,,,0.0,2,"Automóvil,Peatón", ,2,0,0,0,0,1,1,"-33.455060,-61.320494",S/D,,BOMBAL,Constitución,S/D,S/D,VI,S/D,S/D,S/D,S/D,S/D,S/D,S/D,S/D,S/D,S/D,Peatón,Atropello,S/D,S/D,S/D,S/D
2018,11438,2018-12-12,Miercoles,0,,,0.0,2,"Moto/Ciclomotor,Automóvil",I Doratto Y Sarmiento,2,1,0,0,1,0,0,"-32.034534166119,-61.21722399777",Calle,,GÁLVEZ,San Jerónimo,Asfalto,No existe,XV,Dentro,Urbana,S/D,S/D,Intersección,S/D,S/D,S/D,S/D,S/D,S/D,Colisión,S/D,S/D,S/D,S/D
2018,11439,2018-12-23,Domingo,0,03:45:00,Ruta Provincial 21,17.0,1,Automóvil, ,1,0,0,0,0,1,0,"-33.13951,-60.51613",Ruta,21,ARROYO SECO,Rosario,Asfalto,Ripio,II,Dentro,Urbana,Semáforo,Funciona,Recta,Bueno,Buena,Diurna,Buen Tiempo,Contra objeto fijo,S/D,Colisión,Ninguna,"Horizontal,Vertical",Línea divisoria pintada,Sin restricción
2018,11440,2018-12-14,Viernes,0,00:40:00,Ruta Nacional 11,0.0,2,"Vehículo Oficial,Moto/Ciclomotor",Av San Martin Y Santa Fe,4,2,0,0,2,0,0,"-32.790167130474,-60.724201943842",Ruta,11,FRAY LUIS BELTRÁN,San Lorenzo,Asfalto,Pavimento,XVII,Dentro,Urbana,Ninguna,No existe,Intersección,S/D,S/D,Nocturna,S/D,S/D,S/D,Colisión,S/D,Faltante,Ninguna,S/D
2018,11441,2018-12-23,Domingo,0,,,0.0,2,"Moto/Ciclomotor,Automóvil",BROW RUTA SECUNDARIA 38-2 ,2,1,0,0,1,0,0,"-29.584926366806,-60.36803841590875",Calle,,LA GALLARETA,Vera,Asfalto,Ripio,XIX,Dentro,Urbana,S/D,S/D,Intersección,Bueno,Buena,S/D,Buen Tiempo,Lateral,S/D,Colisión,Ninguna,Horizontal,"Línea divisoria pintada,S/D",Sin restricción
2018,11442,2018-12-15,Sabado,0,,,0.0,2,"Pickup/Utilitario,Moto/Ciclomotor",Paraguay Y Lamadrid,3,2,0,0,1,0,0,"-32.997264960076,-60.654957082045",Calle,,ROSARIO,Rosario,Asfalto,No existe,II,Dentro,Urbana,Ninguna,No existe,Intersección,S/D,S/D,S/D,Lluvia,S/D,S/D,Colisión,Agua,Faltante,Ninguna,S/D
2018,11443,2018-12-23,Domingo,0,,,0.0,2,"Moto/Ciclomotor,Pickup/Utilitario",CAPITÁN BERMÚDEZ Y Dorrego,2,1,0,0,1,0,0,"-32.022999586464,-61.22206724943",Calle,,GÁLVEZ,San Jerónimo,Hormigón,No existe,XV,Dentro,Urbana,S/D,S/D,Intersección,Bueno,Buena,S/D,Buen Tiempo,Lateral,S/D,Colisión,Ninguna,S/D,"Cordón divisorio,Vegetación",Sin restricción
2018,11444,2018-12-23,Domingo,0,,,0.0,1,Moto/Ciclomotor, ,1,1,0,0,0,0,0,"-31.448825188884307,-60.93028956909",Calle,,ESPERANZA,Las Colonias,S/D,No existe,XI,Dentro,Urbana,S/D,S/D,S/D,S/D,Buena,S/D,Buen Tiempo,Atropello animal,S/D,Colisión,Ninguna,S/D,S/D,Sin restricción
2018,11445,2018-12-15,Sabado,0,20:05:00,Ruta Provincial 18,0.0,2,"Automóvil,Moto/Ciclomotor",Av. Ovidio Lagos Y Copacabana,3,2,0,0,1,0,0,"-33.028145678693,-60.681644702986",Ruta,18,ROSARIO,Rosario,Asfalto,No existe,II,Dentro,Urbana,Ninguna,No existe,Intersección,S/D,S/D,Nocturna,S/D,S/D,S/D,Colisión,S/D,Faltante,Cordón divisorio,S/D
2018,11446,2018-12-23,Domingo,0,,,0.0,1,Moto/Ciclomotor,Bv. 27 De Febrero Y Necochea,1,1,0,0,0,0,0,"-32.970159943586,-60.629514116451",Avenida,,ROSARIO,Rosario,Asfalto,No existe,II,Dentro,Urbana,Semáforo,Funciona,Intersección,Bueno,Buena,S/D,Buen Tiempo,S/D,S/D,Caída ocupante,Ninguna,"Horizontal,Vertical","Cordón divisorio,Línea divisoria pintada",Sin restricción
2018,11447,2018-12-23,Domingo,0,,,0.0,1,Moto/Ciclomotor,Lisandro de La Torre Y Huergo Delfin,2,1,0,0,1,0,0,"-31.675075292587284,-60.79774037003",Calle,,SANTO TOMÉ,La Capital,Asfalto,No existe,I,Dentro,Urbana,Ninguna,No existe,Intersección,Bueno,Buena,S/D,Buen Tiempo,Contra objeto fijo,S/D,Colisión,Ninguna,Faltante,Ninguna,Reparación de Vía
2018,11448,2018-12-15,Sabado,0,21:50:00,Ruta Nacional 11,339.0,2,"Moto/Ciclomotor,Bicicleta",Ruta Nac 11 ,2,2,0,0,0,0,0,"-32.66706, -60.79274",Ruta,11,TIMBÚES,San Lorenzo,Asfalto,No existe,XVII,Dentro,Urbana,S/D,S/D,Recta,S/D,S/D,Nocturna,S/D,S/D,Ciclista,Atropello,S/D,S/D,S/D,S/D
2018,11449,2018-12-23,Domingo,0,08:40:00,,0.0,2,"Pickup/Utilitario,Moto/Ciclomotor",Av A del Valle Y Risso,2,1,0,0,1,0,0,"-31.60118005661,-60.691937479327",Avenida,,SANTA FE,La Capital,Asfalto,No existe,I,Dentro,Urbana,Ninguna,No existe,Intersección,Bueno,Buena,Diurna,Buen Tiempo,Lateral,S/D,Colisión,Ninguna,Faltante,"Cordón divisorio,Vegetación",Sin restricción
2018,11450,2018-12-13,Jueves,0,11:50:00,Ruta Secundaria 87-s,0.0,2,"Moto/Ciclomotor,Moto/Ciclomotor",San Martin Y Pe?aloza,2,1,0,0,1,0,0,"-29.691456281671,-60.253364421795",Ruta,87-s,MARGARITA,Vera,Asfalto,S/D,XIX,Dentro,Urbana,S/D,S/D,Intersección,S/D,S/D,Diurna,S/D,S/D,S/D,Colisión,S/D,S/D,S/D,S/D
2018,11451,2018-12-22,Sabado,0,19:50:00,,0.0,2,"Moto/Ciclomotor,Peatón",Calle 1818 3861,2,1,0,0,1,0,0,"-32.973724144053,-60.709500624086",Calle,,ROSARIO,Rosario,Asfalto,No existe,II,Dentro,Urbana,Ninguna,No existe,Recta,Bueno,Buena,Diurna,Buen Tiempo,S/D,Peatón,Atropello,Ninguna,Faltante,Ninguna,Sin restricción
2018,11452,2018-12-14,Viernes,0,09:40:00,Ruta Secundaria 83-s,0.0,2,"Automóvil,Moto/Ciclomotor",Ruta Provincial 83-s Y Alberdi,2,1,0,0,1,0,0,"-29.583778381347674,-60.37616014480",Ruta,83-s,LA GALLARETA,Vera,Asfalto,S/D,XIX,Dentro,Urbana,S/D,S/D,Intersección,S/D,S/D,Diurna,S/D,S/D,S/D,Colisión,S/D,S/D,S/D,S/D
2018,11453,2018-12-22,Sabado,0,13:00:00,,0.0,2,"Automóvil,Moto/Ciclomotor",Gral.Mosconi Y Bv. Avellaneda,2,1,0,0,1,0,0,"-32.983566034537,-60.688611261775",Avenida,,ROSARIO,Rosario,Asfalto,No existe,II,Dentro,Urbana,Paso Peatonal,No existe,Intersección,Bueno,Buena,Diurna,Buen Tiempo,S/D,S/D,Colisión,Ninguna,Horizontal,Cordón divisorio,Sin restricción
2018,11454,2018-12-16,Domingo,0,19:30:00,,0.0,2,"Moto/Ciclomotor,Pickup/Utilitario",Av. Ntra.Sra.del Rosario Y Dinamarca Bis,2,1,0,0,1,0,0,"-32.998832, -60.618493",Avenida,,ROSARIO,Rosario,Asfalto,No existe,II,Dentro,Urbana,Paso Peatonal,No existe,Otro,Bueno,Buena,Atardecer,Buen Tiempo,Lateral,S/D,Colisión,Ninguna,Horizontal,Cordón divisorio,Sin restricción
2018,11455,2018-12-14,Viernes,0,,Ruta Provincial 92,0.0,1,Automóvil, ,3,1,0,0,2,0,0,"-33.104258, -61.720229",Ruta,92,SAN JOSÉDE LA ESQUINA,Caseros,Asfalto,Natural,IV,Dentro,Rural,Ninguna,No existe,Recta,Bueno,S/D,S/D,Buen Tiempo,Atropello animal,S/D,Atropello,Ninguna,Horizontal,Línea divisoria pintada,Sin restricción
2018,11456,2018-12-16,Domingo,0,,,0.0,2,"Automóvil,Moto/Ciclomotor",Bv General Obligado Y Avenida San Martin,3,2,0,0,1,0,0,"-28.488319, -59.347809",Avenida,,VILLA OCAMPO,General Obligado,Asfalto,No existe,IX,Dentro,Urbana,S/D,S/D,Cruce,Bueno,S/D,S/D,S/D,Lateral,S/D,Colisión,Ninguna,S/D,S/D,Sin restricción
2018,11457,2018-12-16,Domingo,0,,,0.0,2,"Moto/Ciclomotor,Pickup/Utilitario", ,2,1,0,0,1,0,0,"-32.025569, -61.223925",Calle,,GÁLVEZ,San Jerónimo,S/D,S/D,XV,Dentro,Urbana,S/D,S/D,S/D,S/D,S/D,S/D,S/D,S/D,S/D,Colisión,S/D,S/D,S/D,Sin restricción
2018,11458,2018-11-09,Viernes,0,,,0.0,2,"Vehículo Oficial,Bicicleta", ,2,1,0,0,1,0,0,"-32.024996, -61.225663",Calle,,GÁLVEZ,San Jerónimo,Asfalto,No existe,XV,Dentro,Urbana,S/D,No existe,Intersección,Bueno,S/D,S/D,S/D,S/D,Ciclista,Atropello,Ninguna,S/D,S/D,Sin restricción
2018,11459,2018-12-16,Domingo,0,11:30:00,,0.0,1,Moto/Ciclomotor,Juan XXIII 843,2,2,0,0,0,0,0,"-32.201615, -61.705069",Calle,,EL TRÉBOL,San Martín,Asfalto,No existe,XVIII,Dentro,Urbana,Ninguna,No existe,Recta,Bueno,Buena,Diurna,Buen Tiempo,Atropello animal,S/D,Atropello,Ninguna,Faltante,Ninguna,Sin restricción
2018,11460,2018-12-17,Lunes,0,,,0.0,2,"Moto/Ciclomotor,Moto/Ciclomotor",Av. Pellegrini Y Liniers,3,3,0,0,0,0,0,"-32.948315, -60.698277",Avenida,,ROSARIO,Rosario,Asfalto,No existe,II,Dentro,Urbana,Semáforo,Funciona,Intersección,Bueno,Buena,Diurna,Buen Tiempo,Lateral,S/D,Colisión,Ninguna,"Horizontal,Vertical",Ninguna,Sin restricción