anio_acci,nro_acci,fecha,desc_dia,fecha_aprox,hora_aprox,desc_ruta,km,cant_participantes,desc_participante,calle_avenida_km,total,heridos_leves,heridos_graves,heridos_gravisimos,ilesos,fallecidos,sin_datos,posicion_XY,desc_tipo_via,desc_ruta_ori,desc_loc,desc_dpto,desc_tipo_calzada,desc_tipo_banquina,desc_unidad_regional,desc_lugar_calzada,desc_zona,desc_prioridad,desc_estado_semaforo,desc_lugar_via,desc_estado_via,desc_estado_visibilidad,desc_luminosidad,desc_estado_clima,desc_tipo_colision,desc_tipo_atropello,desc_tipo_hecho,desc_pres_calzada,desc_senializacion,desc_separacion_via,desc_restriccion
2018,11461,2018-12-17,Lunes,0,08:00:00,Ruta Provincial 93,0.0,1,Automóvil, ,1,1,0,0,0,0,0,"-33.342887, -61.867982",Ruta,93,BERABEVÚ,Caseros,Asfalto,No existe,IV,Fuera,Rural,Ninguna,No existe,Recta,Bueno,Buena,Diurna,Buen Tiempo,S/D,S/D,Despiste,Ninguna,Faltante,Línea divisoria pintada,Sin restricción
2018,11463,2018-12-17,Lunes,0,20:15:00,,0.0,2,"Moto/Ciclomotor,Pickup/Utilitario",Ayacucho Y Buenos Aires,2,1,0,0,1,0,0,"-33.052141823925,-61.180347242709",Calle,,CASILDA,Caseros,Asfalto,No existe,IV,Dentro,Urbana,Ninguna,No existe,Intersección,S/D,S/D,Nocturna,S/D,S/D,S/D,Colisión,S/D,Faltante,Ninguna,S/D
2018,11464,2018-08-19,Domingo,0,04:00:00,,0.0,2,"Peatón,Automóvil", ,2,0,0,0,0,1,1,"-33.003590,-60.666874",S/D,,ROSARIO,Rosario,S/D,S/D,II,S/D,S/D,S/D,S/D,S/D,S/D,S/D,S/D,S/D,S/D,Peatón,"Atropello,Otro",S/D,S/D,S/D,S/D
2018,11465,2018-08-19,Domingo,0,01:30:00,,0.0,1,Moto/Ciclomotor,Av Blas Parera Y Combatientes de Malvinas,1,0,0,0,0,1,0,"-31.648540,-60.719200",Avenida,,SANTA FE,La Capital,S/D,S/D,I,Dentro,Urbana,S/D,S/D,S/D,S/D,S/D,S/D,S/D,S/D,S/D,Caída ocupante,S/D,S/D,S/D,S/D
2018,11466,2018-12-17,Lunes,0,,Ruta Provincial 10,0.0,1,Moto/Ciclomotor, ,1,1,0,0,0,0,0,"-32.05184, -61.20928",Ruta,10,GÁLVEZ,San Jerónimo,Asfalto,S/D,XV,Dentro,Rural,S/D,S/D,Intersección,S/D,S/D,S/D,S/D,S/D,S/D,Caída ocupante,S/D,S/D,S/D,S/D
2018,11467,2018-12-18,Martes,0,21:45:00,,0.0,1,Bicicleta,Buenos Aires 2300,1,1,0,0,0,0,0,"-32.965139173001,-60.63715485983",Calle,,ROSARIO,Rosario,Asfalto,No existe,II,Dentro,Urbana,Señal Pare,No existe,Recta,S/D,S/D,Nocturna,S/D,S/D,S/D,Caída ocupante,S/D,Vertical,Ninguna,S/D
2018,11468,2018-12-18,Martes,0,02:30:00,,0.0,1,Moto/Ciclomotor,Calle 47-Islas Malvinas Y Roca Pte,1,1,0,0,0,0,0,"-29.161598468708,-59.646145983643",Calle,,RECONQUISTA,General Obligado,Asfalto,No existe,IX,Dentro,Urbana,S/D,S/D,Intersección,S/D,S/D,Nocturna,S/D,S/D,S/D,Caída ocupante,S/D,S/D,S/D,S/D
2018,11469,2018-12-19,Miercoles,0,,,0.0,2,"Moto/Ciclomotor,Pickup/Utilitario",Avda 25 de Mayo Y Pte peron,3,1,0,0,2,0,0,"-32.030577558717,-61.22310997071",Avenida,,GÁLVEZ,San Jerónimo,Asfalto,No existe,XV,Dentro,Urbana,Ninguna,No existe,Intersección,S/D,S/D,S/D,S/D,S/D,S/D,Colisión,S/D,Faltante,Cordón divisorio,S/D
2018,11470,2018-12-18,Martes,0,,,0.0,2,"Moto/Ciclomotor,Moto/Ciclomotor",Moreno Y Colon,3,1,0,0,2,0,0,"-31.889592274685,-61.860372088993",Calle,,SAN JORGE,San Martín,Asfalto,No existe,XVIII,Dentro,Urbana,Ninguna,No existe,Intersección,S/D,S/D,S/D,S/D,S/D,S/D,Colisión,S/D,Faltante,Ninguna,S/D
2018,11471,2018-12-19,Miercoles,0,12:00:00,,0.0,1,Moto/Ciclomotor, ,2,2,0,0,0,0,0,"-29.45745, -60.21514",Calle,,VERA,Vera,S/D,S/D,XIX,Dentro,Urbana,S/D,S/D,S/D,S/D,S/D,Diurna,S/D,S/D,S/D,Caída ocupante,S/D,S/D,S/D,S/D
2018,11472,2018-12-20,Jueves,0,,,0.0,2,"Automóvil,Moto/Ciclomotor",Ayacucho Y Belgrano,4,3,0,0,1,0,0,"-31.598286871014,-60.687437969587",Calle,,SANTA FE,La Capital,Hormigón,No existe,I,Dentro,Urbana,Ninguna,No existe,Intersección,S/D,S/D,S/D,S/D,S/D,S/D,Colisión,S/D,Faltante,Ninguna,S/D
2018,11473,2018-12-20,Jueves,0,14:00:00,,0.0,2,"Automóvil,Peatón",J.J.Paso Y Rep.Dominicana Bis,2,0,1,0,1,0,0,"-32.91957467794418,-60.690260231494",Calle,,ROSARIO,Rosario,Asfalto,No existe,II,Dentro,Urbana,Ninguna,No existe,Intersección,S/D,S/D,Diurna,S/D,S/D,Peatón,Atropello,S/D,Faltante,Ninguna,Sin restricción
2018,11474,2018-12-21,Viernes,0,,,0.0,1,Otros,25 de Mayo Y Matheu,2,2,0,0,0,0,0,"-31.593803024054,-60.690255093022",Calle,,SANTA FE,La Capital,Asfalto,No existe,I,Dentro,Urbana,S/D,S/D,Intersección,S/D,S/D,S/D,S/D,S/D,S/D,S/D,S/D,S/D,Ninguna,Sin restricción
2018,11475,2018-12-21,Viernes,0,15:50:00,Autopista Provincial Brigadier E.López,78.0,2,"Automóvil,Automóvil", ,3,1,0,0,2,0,0,"-32.23407, -60.99559",Autopista,Brigadier E.López,BARRANCAS,San Jerónimo,Asfalto,Natural,XV,Dentro,Rural,Ninguna,No existe,Recta,S/D,S/D,S/D,S/D,S/D,S/D,"Colisión,Vuelco",S/D,Faltante,Vegetación,Sin restricción
2018,11477,2018-12-22,Sabado,0,,,0.0,2,"Automóvil,Moto/Ciclomotor",L.N.Alem Y Dean Funes,2,1,0,0,1,0,0,"-32.977391009686,-60.635648151647",Calle,,ROSARIO,Rosario,Asfalto,No existe,II,Dentro,Urbana,Ninguna,No existe,Intersección,S/D,S/D,S/D,S/D,S/D,S/D,Colisión,S/D,Faltante,Ninguna,Sin restricción
2018,11478,2018-12-22,Sabado,0,,,0.0,2,"Moto/Ciclomotor,Pickup/Utilitario",Primera Junta Y L.N.Alem,2,0,1,0,1,0,0,"-32.035209210274,-61.214533556487",Calle,,ROSARIO,Rosario,Asfalto,No existe,II,Dentro,Urbana,S/D,S/D,Intersección,S/D,S/D,S/D,S/D,S/D,S/D,Colisión,S/D,S/D,Ninguna,Sin restricción
2018,11479,2018-12-30,Domingo,0,,,0.0,1,Moto/Ciclomotor, ,1,1,0,0,0,0,0,"-33.11319, -61.70303",S/D,,SAN JOSÉDE LA ESQUINA,Caseros,S/D,S/D,IV,S/D,S/D,S/D,S/D,S/D,S/D,S/D,S/D,S/D,Atropello animal,S/D,Colisión,S/D,S/D,S/D,S/D
2018,11480,2018-12-18,Martes,0,23:30:00,Ruta Nacional 11,735.0,1,Camión, ,1,1,0,0,0,0,0,"-29.95892, -60.30128",Ruta,11,CALCHAQUÍ,Vera,Asfalto,Natural,XIX,Dentro,Rural,Ninguna,No existe,Recta,S/D,Buena,Nocturna,S/D,S/D,S/D,Vuelco,S/D,Faltante,Ninguna,Sin restricción
2018,11481,2018-12-08,Sabado,0,23:45:00,Autopista Nacional A008,0.0,1,Moto/Ciclomotor,25 de Mayo 3900,1,1,0,0,0,0,0,"-32.87320196628571,-60.700126737356",Autopista,A008,GRANADERO BAIGORRIA,Rosario,Asfalto,Natural,II,Dentro,Urbana,Señal Ceda el Paso,No existe,Recta,Bueno,Buena,Diurna,Buen Tiempo,S/D,S/D,Caída ocupante,Ninguna,Vertical,Ninguna,Sin restricción
2018,11482,2018-06-16,Sabado,0,04:15:00,,0.0,2,"Peatón,Automóvil",Av. Pellegrini Y Espa?a,2,1,0,0,1,0,0,"-32.95594, -60.64926",S/D,,ROSARIO,Rosario,S/D,S/D,II,S/D,S/D,S/D,S/D,S/D,S/D,S/D,S/D,S/D,S/D,S/D,Atropello,S/D,S/D,S/D,S/D
2018,11483,2018-06-16,Sabado,0,10:00:00,,0.0,2,"Moto/Ciclomotor,Automóvil",Godoy Cruz 7900,2,1,0,0,1,0,0,"-32.89059, -60.69749",S/D,,ROSARIO,Rosario,S/D,S/D,II,Dentro,Urbana,S/D,S/D,S/D,S/D,S/D,S/D,S/D,S/D,S/D,Colisión,S/D,S/D,S/D,S/D
2018,11484,2018-06-17,Domingo,0,,,0.0,2,"Moto/Ciclomotor,Automóvil",Av. Arijon Y Av. Ovidio Lagos,2,0,1,0,1,0,0,"-33.00393, -60.67621",S/D,,ROSARIO,Rosario,S/D,S/D,II,S/D,S/D,S/D,S/D,S/D,S/D,S/D,S/D,S/D,S/D,S/D,S/D,S/D,S/D,S/D,S/D
2018,11485,2018-06-18,Lunes,0,11:15:00,,0.0,2,"Moto/Ciclomotor,Automóvil", ,2,1,0,0,1,0,0,"-32.95643, -60.69418",S/D,,ROSARIO,Rosario,S/D,S/D,II,S/D,S/D,S/D,S/D,S/D,S/D,S/D,S/D,S/D,S/D,S/D,S/D,S/D,S/D,S/D,S/D
2018,11486,2018-06-20,Miercoles,0,21:00:00,,0.0,2,"Bicicleta,Automóvil",Cambay Y Garay,2,1,0,0,1,0,0,"-32.97026, -60.66873",Calle,,ROSARIO,Rosario,S/D,S/D,II,Dentro,Urbana,S/D,S/D,S/D,S/D,S/D,S/D,S/D,S/D,Ciclista,Atropello,S/D,S/D,S/D,S/D
2018,11487,2018-06-28,Jueves,0,00:05:00,Autopista Nacional A008,0.0,2,"Automóvil,Otros",Bv. Oro?o Y Av. Circunvalacion,2,0,0,0,1,1,0,"-33.01393,-60.66444",Autopista,A008,ROSARIO,Rosario,Asfalto,S/D,II,Dentro,Urbana,S/D,S/D,S/D,S/D,S/D,S/D,S/D,S/D,S/D,S/D,S/D,S/D,S/D,S/D
2018,11488,2018-06-30,Sabado,0,11:30:00,,0.0,2,"Peatón,Otros",Garcia del Cossio Bis ,2,1,0,0,1,0,0,"-32.89701, -60.71273",S/D,,ROSARIO,Rosario,S/D,S/D,II,S/D,S/D,S/D,S/D,S/D,S/D,S/D,S/D,S/D,S/D,"Ciclista,Peatón",Atropello,S/D,S/D,S/D,S/D
2018,11489,2018-11-04,Domingo,0,06:00:00,,0.0,2,"Moto/Ciclomotor,Otros",Chaco Bis Y Av. Genova,2,0,1,0,1,0,0,"-32.91558, -60.69636",S/D,,ROSARIO,Rosario,S/D,S/D,II,S/D,S/D,S/D,S/D,S/D,S/D,S/D,S/D,S/D,S/D,S/D,S/D,S/D,S/D,S/D,S/D
2018,11490,2018-11-07,Miercoles,0,17:00:00,,0.0,2,"Moto/Ciclomotor,Otros",Cerrito 6800,2,1,0,0,1,0,0,"-32.9534, -60.71335",S/D,,ROSARIO,Rosario,S/D,S/D,II,S/D,S/D,S/D,S/D,S/D,S/D,S/D,S/D,S/D,S/D,S/D,S/D,S/D,S/D,S/D,S/D
2018,11491,2018-05-19,Sabado,0,11:30:00,,0.0,1,Moto/Ciclomotor,Cordoba Y Donado,1,1,0,0,0,0,0,"-32.93044, -60.72738",Calle,,ROSARIO,Rosario,S/D,No existe,II,Dentro,Urbana,S/D,S/D,Intersección,S/D,S/D,Diurna,S/D,S/D,S/D,S/D,S/D,S/D,S/D,S/D
2018,11492,2018-05-28,Lunes,0,23:00:00,,0.0,2,"Otros,Peatón",Colon Y Riobamba,2,0,1,0,1,0,0,"-32.96525, -60.62967",Calle,,ROSARIO,Rosario,Asfalto,No existe,II,S/D,Urbana,S/D,S/D,Intersección,S/D,S/D,Nocturna,S/D,S/D,Peatón,Atropello,S/D,S/D,S/D,Sin restricción
2018,11493,2018-08-28,Martes,0,14:30:00,,0.0,1,Moto/Ciclomotor,Dorrego Y Montevideo,1,0,1,0,0,0,0,"-32.95411, -60.65165",Calle,,ROSARIO,Rosario,S/D,S/D,II,Dentro,Urbana,S/D,S/D,Intersección,S/D,S/D,Diurna,S/D,S/D,S/D,Caída ocupante,S/D,S/D,S/D,S/D
2018,11494,2018-08-29,Miercoles,0,00:00:00,,0.0,1,Moto/Ciclomotor,Av de Circunvalacion ,1,0,1,0,0,0,0,"-33.00517, -60.61823",Avenida,,VILLA GOBERNADOR GÁLVEZ,Rosario,Asfalto,No existe,II,S/D,S/D,S/D,No existe,Recta,S/D,S/D,Nocturna,S/D,S/D,S/D,Caída ocupante,S/D,S/D,S/D,S/D
2018,11495,2018-12-11,Martes,0,11:00:00,Ruta Provincial 1,0.0,1,Pickup/Utilitario, ,1,1,0,0,0,0,0,"-31.63854, -60.62706",Ruta,1,COLASTINE,La Capital,Asfalto,Pavimento,I,Dentro,Urbana,Ninguna,No existe,Recta,S/D,S/D,Diurna,S/D,Contra objeto fijo,S/D,Colisión,S/D,Faltante,Ninguna,Sin restricción
2018,11496,2018-12-11,Martes,0,13:45:00,Autopista Provincial Brigadier E.López,143.0,1,Moto/Ciclomotor, ,1,1,0,0,0,0,0,"-31.69037, -60.81538",Autopista,Brigadier E.López,SAUCE VIEJO,La Capital,Asfalto,Natural,I,Dentro,Rural,Ninguna,No existe,Recta,S/D,S/D,Diurna,S/D,S/D,S/D,Caída ocupante,S/D,Faltante,Vegetación,Sin restricción
2018,11497,2018-12-15,Sabado,0,21:30:00,Ruta Nacional 11,773.0,1,Moto/Ciclomotor, ,1,1,0,0,0,0,0,"-29.25512, -59.74378",Ruta,11,RECONQUISTA,General Obligado,Asfalto,Natural,IX,Dentro,Rural,Ninguna,No existe,Recta,S/D,S/D,Nocturna,S/D,S/D,S/D,Caída ocupante,S/D,Faltante,Ninguna,Sin restricción
2018,11498,2018-12-27,Jueves,0,21:30:00,Autopista Provincial Brigadier E.López,143.0,1,Camión, ,1,1,0,0,0,0,0,"-31.69047, -60.81545",Autopista,Brigadier E.López,SAUCE VIEJO,La Capital,Asfalto,Natural,I,Dentro,Urbana,Ninguna,No existe,Recta,S/D,S/D,S/D,S/D,S/D,S/D,Vuelco,S/D,Faltante,Vegetación,S/D
2018,11499,2018-12-16,Domingo,0,07:15:00,Ruta Nacional 11,0.0,1,Pickup/Utilitario,Av Circunvalaci?n ,5,5,0,0,0,0,0,"-31.624447256326675,-60.72924211621",Ruta,11,SANTA FE,La Capital,Asfalto,Natural,I,Dentro,Urbana,Ninguna,No existe,Recta,Bueno,Buena,Amanecer,Buen Tiempo,Contra objeto fijo,S/D,Colisión,Ninguna,Horizontal,"Guardarrail,Línea divisoria pintada",Sin restricción
2018,11500,2018-12-23,Domingo,0,23:50:00,Ruta Nacional 11,777.0,1,Moto/Ciclomotor, ,2,2,0,0,0,0,0,"-29.22535, -59.7186",Ruta,11,RECONQUISTA,General Obligado,Asfalto,No existe,IX,Dentro,Rural,Ninguna,No existe,Recta,S/D,S/D,Nocturna,S/D,S/D,S/D,Caída ocupante,S/D,Faltante,Ninguna,Sin restricción
2018,11501,2018-12-20,Jueves,0,16:50:00,Ruta Nacional 34,236.0,2,"Camión c / Acoplado,Automóvil", ,2,2,0,0,0,0,0,"-31.123011298477653,-61.47334489971",Ruta,34,LEHMANN,Castellanos,Asfalto,No existe,V,Dentro,Urbana,Ninguna,No existe,Recta,Bueno,Buena,Diurna,Buen Tiempo,S/D,S/D,Colisión,Ninguna,Horizontal,"Guardarrail,Línea divisoria pintada",Sin restricción
2018,11502,2018-12-22,Sabado,0,,Ruta Nacional 19,91.0,1,Automóvil, ,4,1,0,0,0,0,3,"-31.48812, -61.71238",Ruta,19,CLUCELLAS,Castellanos,Asfalto,Natural,V,Dentro,Rural,S/D,No existe,Recta,S/D,S/D,S/D,S/D,Contra objeto fijo,S/D,"Colisi?n,Despiste",S/D,Faltante,Ninguna,Sin restricción
2018,11503,2018-12-02,Domingo,0,20:36:00,,0.0,2,"Automóvil,Moto/Ciclomotor",Dante Alighieri Y 3 de Febrero,4,2,0,0,2,0,0,"-33.756123461295,-61.964098863656",Calle,,VENADO TUERTO,General López,Hormigón,No existe,VIII,Dentro,Urbana,Ninguna,No existe,Intersección,Bueno,Buena,Nocturna,Buen Tiempo,S/D,S/D,Colisión,Ninguna,Faltante,Ninguna,Sin restricción
2018,11504,2018-12-02,Domingo,0,,,0.0,2,"Pickup/Utilitario,Automóvil",Suipacha Y San Jeronimo,5,4,0,0,1,0,0,"-31.639751342967,-60.706048019515",Calle,,SANTA FE,La Capital,Asfalto,No existe,I,Dentro,Urbana,Semáforo,Funciona,Intersección,Bueno,Buena,Amanecer,Buen Tiempo,S/D,S/D,Colisión,Ninguna,"Horizontal,Vertical",Línea divisoria pintada,Sin restricción
2018,11505,2018-11-18,Domingo,0,00:00:00,,0.0,1,Moto/Ciclomotor,Guatemala Y Pasco,1,0,1,0,0,0,0,"-32.95107, -60.71683",Calle,,ROSARIO,Rosario,Asfalto,No existe,II,Dentro,Urbana,S/D,S/D,Intersección,S/D,S/D,Nocturna,S/D,S/D,S/D,Colisión,S/D,S/D,S/D,S/D
2018,11506,2018-11-24,Sabado,0,11:15:00,,0.0,1,Moto/Ciclomotor,Forest Y Bolivia,1,0,1,0,0,0,0,"-32.94352, -60.71366",Calle,,ROSARIO,Rosario,Asfalto,No existe,II,Dentro,Urbana,S/D,No existe,Intersección,S/D,S/D,Diurna,S/D,S/D,S/D,Caída ocupante,S/D,S/D,S/D,S/D
2018,11507,2018-11-28,Miercoles,0,18:00:00,,0.0,2,"Bicicleta,Otros",Tte.Agneta ,2,0,1,0,0,0,1,"-32.98003, -60.69828",Calle,,ROSARIO,Rosario,S/D,No existe,II,S/D,Urbana,S/D,S/D,Intersección,S/D,S/D,Atardecer,S/D,S/D,Ciclista,Atropello,S/D,S/D,S/D,S/D
2018,11508,2018-11-28,Miercoles,0,11:20:00,,0.0,1,Moto/Ciclomotor,Av. Corrientes Y San Juan,1,0,1,0,0,0,0,"-32.94939, -60.64327",Calle,,ROSARIO,Rosario,Asfalto,No existe,II,S/D,Urbana,Ninguna,S/D,Intersección,S/D,S/D,Diurna,S/D,S/D,S/D,Colisión,S/D,S/D,S/D,S/D
2018,11509,2018-12-02,Domingo,0,18:30:00,Autopista Nacional Rosario -Cordoba,0.0,1,Moto/Ciclomotor, ,2,1,0,0,1,0,0,"-32.85433, -61.34162",Autopista,Rosario -Córdoba,CAÑADA DE GÓMEZ,Iriondo,Asfalto,Natural,X,Dentro,Rural,Marca Vial,No existe,Curva,S/D,S/D,Diurna,S/D,Contra objeto fijo,S/D,Colisión,S/D,Horizontal,Guardarrail,S/D
2018,11510,2018-12-03,Lunes,0,,,0.0,2,"Moto/Ciclomotor,Automóvil",A Marini Y Ramon y Cajal,3,0,1,0,2,0,0,"-31.241964126221,-61.481065815081",Calle,,RAFAELA,Castellanos,Asfalto,No existe,V,Dentro,Urbana,Ninguna,No existe,Intersección,S/D,S/D,S/D,S/D,S/D,S/D,Colisión,S/D,Faltante,Ninguna,S/D
2018,11511,2018-12-03,Lunes,0,,,0.0,2,"Moto/Ciclomotor,Pickup/Utilitario",B I Iturraspe Y Luis Maggi,2,1,0,0,1,0,0,"-31.235678998066,-61.505877571266",Calle,,RAFAELA,Castellanos,Asfalto,No existe,V,Dentro,Urbana,Ninguna,No existe,Intersección,S/D,S/D,S/D,S/D,Lateral,S/D,Colisión,S/D,Faltante,Ninguna,S/D
2018,11512,2018-12-03,Lunes,0,,,0.0,2,"Moto/Ciclomotor,Peatón",Bv G L Lhemann Y Soldano,2,1,0,0,1,0,0,"-31.242401211043,-61.489285555643",Avenida,,RAFAELA,Castellanos,Asfalto,No existe,V,Dentro,Urbana,Paso Peatonal,No existe,Intersección,S/D,S/D,S/D,S/D,S/D,Peatón,Atropello,S/D,"Horizontal,Vertical",Cordón divisorio,S/D
2018,11513,2018-11-12,Lunes,0,09:15:00,Ruta Provincial 64,0.0,2,"Bicicleta,Pickup/Utilitario",Av. Peron ,2,0,0,0,1,1,0,"-31.96404,-60.94878",Ruta,64,CORONDA,San Jerónimo,Asfalto,Natural,XV,S/D,Rural,S/D,No existe,Recta,Resbaladiza,S/D,Diurna,Lluvia,S/D,Ciclista,Atropello,Agua,Faltante,Línea divisoria pintada,Sin restricción
2018,11514,2018-12-03,Lunes,0,,Ruta Nacional 34,0.0,2,"Pickup/Utilitario,Camión c / Semirremolque", ,4,3,0,0,1,0,0,"-31.03267, -61.45496",Ruta,34,ATALIVA,Castellanos,Asfalto,Pavimento,V,Dentro,Rural,Marca Vial,No existe,Recta,S/D,S/D,S/D,S/D,S/D,S/D,Colisión,S/D,Horizontal,Línea divisoria pintada,S/D
2018,11515,2018-12-03,Lunes,0,,,0.0,2,"Automóvil,Moto/Ciclomotor",J J Paso Y B n Donato,3,2,0,0,1,0,0,"-30.947595002863,-61.567954045363",Calle,,SUNCHALES,Castellanos,Asfalto,No existe,V,Dentro,Urbana,Ninguna,No existe,Intersección,S/D,S/D,S/D,S/D,S/D,S/D,Colisión,S/D,Faltante,Ninguna,S/D
2018,11516,2018-11-12,Lunes,0,00:55:00,Ruta Nacional 34,270.0,2,"Camión c / Semirremolque,Camión c / Semirremolque", ,2,0,1,0,0,1,0,"-30.84465,-61.58245",Ruta,34,TACURAL,Castellanos,Asfalto,Natural,V,S/D,Rural,Ninguna,No existe,Recta,Resbaladiza,S/D,Nocturna,Lluvia,Frontal,S/D,Colisión,Agua,Faltante,Línea divisoria pintada,Sin restricción
2018,11517,2018-12-03,Lunes,0,,Ruta Provincial 10,0.0,1,Automóvil, ,3,3,0,0,0,0,0,"-31.30013, -61.22493",Ruta,10,FELICIA,Las Colonias,Asfalto,Natural,XI,Dentro,Rural,Ninguna,No existe,Recta,S/D,S/D,S/D,S/D,S/D,S/D,Vuelco,S/D,Faltante,Ninguna,S/D
2018,11518,2018-12-02,Domingo,0,14:00:00,,0.0,2,"Moto/Ciclomotor,Bicicleta",Calle 12 San Martin Y Calle 79,2,1,0,0,1,0,0,"-29.174307147739,-59.646575278086",Calle,,RECONQUISTA,General Obligado,Asfalto,No existe,IX,Dentro,Urbana,Ninguna,No existe,Intersección,S/D,S/D,Diurna,S/D,S/D,Ciclista,Atropello,S/D,Faltante,Ninguna,S/D
2018,11519,2018-12-31,Lunes,0,00:01:00,,0.0,1,Moto/Ciclomotor,San Martin Y Lamadrid,1,0,1,0,0,0,0,"-32.997072393776,-60.648162290107",Calle,,ROSARIO,Rosario,Asfalto,No existe,II,Dentro,Urbana,Semáforo,Funciona,Intersección,Bueno,Buena,"Nocturna,Con luz artificial",Buen Tiempo,S/D,S/D,Colisión,Ninguna,"Horizontal,Vertical","Cordón divisorio,Línea divisoria pintada",Sin restricción
2018,11520,2018-12-01,Sabado,0,23:30:00,,0.0,1,Moto/Ciclomotor,9 DE JULIO  Y PRES COMUNAL DON DAVID NAGEL,1,1,0,0,0,0,0,"-29.34792, -59.97619",Calle,,MALABRIGO,General Obligado,Asfalto,No existe,IX,Dentro,Urbana,S/D,S/D,Intersección,S/D,S/D,Nocturna,S/D,Atropello animal,S/D,Colisión,S/D,S/D,Ninguna,S/D
2018,11521,2018-12-31,Lunes,0,17:00:00,Ruta Nacional 9,379.0,1,Moto/Ciclomotor, ,1,1,0,0,0,0,0,"-32.75620300322772,-61.708740927279",Ruta,9,ARMSTRONG,Belgrano,Asfalto,Pavimento,III,Dentro,Urbana,Ninguna,No existe,Recta,Bueno,Buena,Diurna,Buen Tiempo,S/D,S/D,Colisión,Ninguna,Horizontal,Línea divisoria pintada,Sin restricción
2018,11522,2018-12-03,Lunes,0,20:10:00,,0.0,2,"Moto/Ciclomotor,Automóvil",Calle 1 - Independencia Y Calle 20-9 de Julio,3,2,0,0,1,0,0,"-29.136567201222,-59.646319099554",Calle,,RECONQUISTA,General Obligado,Asfalto,No existe,IX,Dentro,Urbana,Ninguna,No existe,Intersección,S/D,S/D,Nocturna,S/D,Lateral,S/D,Colisión,S/D,Faltante,Ninguna,S/D
2018,11523,2018-12-29,Sabado,0,06:05:00,,0.0,1,Moto/Ciclomotor,LEY 1420 Y MORENO,1,1,0,0,0,0,0,"-29.115748802694803,-59.65904537003",Calle,,AVELLANEDA,General Obligado,S/D,No existe,IX,Dentro,Urbana,S/D,No existe,Intersección,S/D,S/D,S/D,S/D,S/D,S/D,Caída ocupante,S/D,S/D,S/D,S/D
2018,11524,2018-11-30,Viernes,0,19:30:00,Ruta Secundaria 32-s,0.0,2,"Peatón,Moto/Ciclomotor", ,2,1,0,0,1,0,0,"-28.4912, -59.38811",Ruta,32-s,VILLA OCAMPO,General Obligado,Asfalto,S/D,IX,Dentro,Rural,S/D,No existe,Recta,S/D,S/D,Diurna,S/D,S/D,Peatón,Atropello,S/D,S/D,S/D,S/D
2018,11525,2018-12-29,Sabado,0,23:50:00,,0.0,2,"Moto/Ciclomotor,Moto/Ciclomotor",Av Colonia Ausonia Y Calle 119,2,2,0,0,0,0,0,"-29.120032203143,-59.675863893553",Avenida,,AVELLANEDA,General Obligado,Asfalto,No existe,IX,Dentro,Urbana,S/D,S/D,Intersección,Bueno,Buena,Nocturna,Buen Tiempo,S/D,S/D,Colisión,Ninguna,S/D,Cordón divisorio,Sin restricción
2018,11526,2018-11-30,Viernes,0,19:10:00,,0.0,2,"Moto/Ciclomotor,Automóvil",Calle 27-Gdor Freyre Y Calle 42 - Misiones,2,1,0,0,1,0,0,"-29.149190430643,-59.660798027206",Calle,,RECONQUISTA,General Obligado,Asfalto,No existe,IX,Dentro,Urbana,Ninguna,No existe,Intersección,S/D,S/D,Atardecer,S/D,S/D,S/D,Colisión,S/D,Faltante,Ninguna,S/D
2018,11527,2018-12-01,Sabado,0,,,0.0,2,"Moto/Ciclomotor,Automóvil",General Manuel Belgrano Y Laprida,2,0,1,0,1,0,0,"-31.444014609494,-60.927806272371",Calle,,ESPERANZA,Las Colonias,Asfalto,No existe,XI,Dentro,Urbana,S/D,S/D,Intersección,S/D,S/D,Diurna,S/D,Lateral,S/D,Colisión,S/D,S/D,Ninguna,S/D
2018,11528,2018-12-31,Lunes,0,07:35:00,Ruta Nacional 8,0.0,2,"Automóvil,Moto/Ciclomotor",Marcos Ciani Y Quintana,2,1,0,0,1,0,0,"-33.741084463671,-61.984929685806",Ruta,8,VENADO TUERTO,General López,Asfalto,No existe,VIII,Dentro,Urbana,Semáforo,Funciona,Intersección,Bueno,Buena,Diurna,Buen Tiempo,S/D,S/D,Colisión,Ninguna,"Horizontal,Vertical",Línea divisoria pintada,Sin restricción
2018,11529,2018-12-31,Lunes,0,10:05:00,Ruta Nacional 8,0.0,2,"Automóvil,Vehículo Oficial",Roque Saenz Pe?a Y Bv 12 de octubre,3,1,0,0,2,0,0,"-33.74288722609,-61.983525449126",Ruta,8,VENADO TUERTO,General López,Asfalto,No existe,VIII,Dentro,Urbana,Semáforo,Funciona,Intersección,Bueno,Buena,Diurna,Buen Tiempo,S/D,S/D,Colisión,Ninguna,"Horizontal,Vertical",Línea divisoria pintada,Sin restricción
2018,11530,2018-11-30,Viernes,0,17:00:00,,0.0,2,"Automóvil,Moto/Ciclomotor",Saavedra Lamas Y Laprida,2,1,0,0,1,0,0,"-31.440332408239,-60.943605953427",Calle,,ESPERANZA,Las Colonias,Asfalto,No existe,XI,Dentro,Urbana,S/D,S/D,Intersección,S/D,S/D,Diurna,S/D,Lateral,S/D,Colisión,S/D,S/D,Ninguna,S/D
2018,11531,2018-12-31,Lunes,0,10:05:00,,0.0,2,"Moto/Ciclomotor,Automóvil",Lisandro de la Torre Y Quintana,4,2,0,0,2,0,0,"-33.738874170078,-61.980843713518",Calle,,VENADO TUERTO,General López,Asfalto,No existe,VIII,Dentro,Urbana,Ninguna,No existe,Intersección,Bueno,Buena,Diurna,Buen Tiempo,S/D,S/D,Colisión,Ninguna,Faltante,Ninguna,Sin restricción
2018,11532,2018-12-29,Sabado,0,,,0.0,1,Moto/Ciclomotor,Jancinto Vi?as Y Gorriti,1,0,1,0,0,0,0,"-31.581389045337,-60.733956847866",Calle,,SANTA FE,La Capital,Asfalto,No existe,I,Dentro,Urbana,S/D,S/D,Recta,Deteriorada,Buena,Nocturna,Buen Tiempo,Contra objeto fijo,S/D,Colisión,Ninguna,S/D,S/D,Sin restricción