anio_acci,nro_acci,fecha,desc_dia,fecha_aprox,hora_aprox,desc_ruta,km,cant_participantes,desc_participante,calle_avenida_km,total,heridos_leves,heridos_graves,heridos_gravisimos,ilesos,fallecidos,sin_datos,posicion_XY,desc_tipo_via,desc_ruta_ori,desc_loc,desc_dpto,desc_tipo_calzada,desc_tipo_banquina,desc_unidad_regional,desc_lugar_calzada,desc_zona,desc_prioridad,desc_estado_semaforo,desc_lugar_via,desc_estado_via,desc_estado_visibilidad,desc_luminosidad,desc_estado_clima,desc_tipo_colision,desc_tipo_atropello,desc_tipo_hecho,desc_pres_calzada,desc_senializacion,desc_separacion_via,desc_restriccion
2018,11533,2018-12-29,Sabado,0,17:20:00,Ruta Provincial 14,92.0,1,Pickup/Utilitario, ,2,2,0,0,0,0,0,"-33.518254458904266,-61.44210755825",Ruta,14,FIRMAT,General López,Asfalto,Natural,VIII,Dentro,Rural,Otra Señal,No existe,Recta,Bueno,Buena,Diurna,Buen Tiempo,S/D,S/D,Vuelco,Agua,"Horizontal,Vertical","Guardarrail,Línea divisoria pintada",Sin restricción
2018,11534,2018-12-29,Sabado,0,04:30:00,,0.0,2,"Vehículo Oficial,Automóvil",Juan Lavalle Y Carlos Pellegrini,4,3,1,0,0,0,0,"-33.751766234636314,-61.96680497378",Calle,,VENADO TUERTO,General López,Asfalto,No existe,VIII,Dentro,Urbana,Ninguna,No existe,Intersección,Bueno,Buena,"Nocturna,Con luz artificial",Buen Tiempo,De alcance,S/D,Colisión,Ninguna,Faltante,Ninguna,Sin restricción
2018,11535,2018-12-31,Lunes,0,,,0.0,2,"Moto/Ciclomotor,Moto/Ciclomotor",Gorostiaga Y Gdor Freyre,3,2,0,0,0,0,1,"-31.609310, -60.708105",Calle,,SANTA FE,La Capital,Asfalto,S/D,I,Dentro,Urbana,Ninguna,No existe,Intersección,Bueno,Buena,Diurna,Buen Tiempo,Lateral,S/D,Colisión,Ninguna,Faltante,Ninguna,Sin restricción
2018,11536,2018-12-31,Lunes,0,,,0.0,2,"Pickup/Utilitario,Automóvil",Padre Genesio 2300,2,2,0,0,0,0,0,"-31.600060, -60.692781",Calle,,SANTA FE,La Capital,Ripio,No existe,I,Dentro,Urbana,Ninguna,No existe,Recta,Bueno,Buena,Diurna,Buen Tiempo,De alcance,S/D,Colisión,Ninguna,Faltante,Ninguna,Sin restricción
2018,11537,2018-12-31,Lunes,0,,,0.0,1,Automóvil,Candioti Y Angel Cassanello,2,2,0,0,0,0,0,"-31.610809, -60.687692",Calle,,SANTA FE,La Capital,Asfalto,No existe,I,Dentro,Urbana,Ninguna,No existe,Recta,Bueno,Buena,Diurna,Buen Tiempo,S/D,S/D,Vuelco,Ninguna,Faltante,S/D,Sin restricción
2018,11538,2018-12-28,Viernes,0,,Autopista Provincial Brigadier E.López,133.0,1,Camión, ,1,1,0,0,0,0,0,"-31.889671, -60.901957",Autopista,Brigadier E.López,SANTA FE,La Capital,Asfalto,Natural,I,Dentro,Rural,Ninguna,No existe,Recta,Bueno,Buena,Nocturna,Buen Tiempo,S/D,S/D,Vuelco,Ninguna,Faltante,Vegetación,Sin restricción
2018,11539,2018-12-01,Sabado,0,,Ruta Nacional 19,0.0,2,"Camión,Moto/Ciclomotor", ,3,1,0,0,2,0,0,"-31.65662, -60.85687",Ruta,19,COLONIA SAN JOSÉ,Las Colonias,Asfalto,Natural,XI,Dentro,Rural,Ninguna,No existe,Recta,S/D,S/D,Diurna,S/D,S/D,S/D,Colisión,S/D,Faltante,Cordón divisorio,S/D
2018,11540,2018-12-03,Lunes,0,16:30:00,,0.0,1,Moto/Ciclomotor,Calle 13-Iturraspe 863,1,1,0,0,0,0,0,"-29.143039669987,-59.646765472135",Calle,,RECONQUISTA,General Obligado,Asfalto,No existe,IX,Dentro,Urbana,Ninguna,No existe,Recta,S/D,S/D,Diurna,S/D,S/D,S/D,Caída ocupante,S/D,Faltante,Ninguna,Sin restricción
2018,11541,2018-12-04,Martes,0,03:00:00,Ruta Nacional 33,683.0,2,"Camión,Camión", ,2,2,0,0,0,0,0,"-33.46132, -61.51243",Ruta,33,FIRMAT,General López,Asfalto,Pavimento,VIII,Dentro,Rural,Marca Vial,No existe,Recta,S/D,S/D,Nocturna,S/D,S/D,S/D,Colisión,S/D,Horizontal,Línea divisoria pintada,S/D
2018,11542,2018-12-04,Martes,0,11:00:00,Ruta Secundaria 280-s,0.0,1,Camión, ,1,1,0,0,0,0,0,"-30.97493, -61.74904",Ruta,280-s,COLONIA ALDAO,Castellanos,Asfalto,S/D,V,Dentro,Urbana,S/D,S/D,Recta,S/D,S/D,Diurna,S/D,Contra objeto fijo,S/D,Colisión,S/D,S/D,S/D,S/D
2018,11543,2018-12-02,Domingo,0,23:45:00,Ruta Provincial 66,0.0,1,Automóvil, ,2,2,0,0,0,0,0,"-32.06151, -61.61324",Ruta,66,CAÑADA ROSQUIN,San Martín,Asfalto,Pavimento,XVIII,Dentro,Urbana,Ninguna,No existe,Recta,S/D,S/D,Nocturna,S/D,S/D,S/D,Vuelco,S/D,Faltante,Ninguna,S/D
2018,11544,2018-12-27,Jueves,0,09:10:00,,0.0,1,Automóvil,Leandro N Alem 2220,1,1,0,0,0,0,0,"-33.772122859954834,-61.94798156619",Avenida,,VENADO TUERTO,General López,Asfalto,No existe,VIII,Dentro,Urbana,Ninguna,No existe,Recta,Bueno,Buena,Diurna,Buen Tiempo,Contra objeto fijo,S/D,Colisión,Ninguna,Horizontal,Línea divisoria pintada,Sin restricción
2018,11545,2018-12-27,Jueves,0,12:00:00,,0.0,2,"Moto/Ciclomotor,Pickup/Utilitario",CAlle 37-Bvard. lovato Y Calle 24 - Olessio,3,2,0,0,1,0,0,"-29.15535595279,-59.651594244035",Avenida,,RECONQUISTA,General Obligado,Asfalto,No existe,IX,Dentro,Urbana,Semáforo,Funciona,Intersección,Bueno,Buena,Diurna,Buen Tiempo,Lateral,S/D,Colisión,Ninguna,"Horizontal,Vertical","Cordón divisorio,Vegetación,Línea divisoria pintada",Sin restricción
2018,11546,2018-12-05,Miercoles,0,18:00:00,,0.0,2,"Camión,Bicicleta",Leandro N Alem Y Cordoba,2,0,1,0,1,0,0,"-34.01666, -62.23388",Calle,,SANCTI SPÍRITU,General López,Asfalto,No existe,VIII,Dentro,Urbana,S/D,S/D,S/D,S/D,S/D,Diurna,S/D,S/D,Ciclista,Atropello,S/D,S/D,Ninguna,S/D
2018,11547,2018-12-06,Jueves,0,10:00:00,,0.0,2,"Moto/Ciclomotor,Moto/Ciclomotor",Calle 20-9 de Julio Y Calle 13-Iturraspe,2,1,0,0,1,0,0,"-29.142973423004165,-59.64722156524",Calle,,RECONQUISTA,General Obligado,Asfalto,No existe,IX,Dentro,Urbana,Ninguna,No existe,Intersección,S/D,S/D,Diurna,S/D,Lateral,S/D,Colisión,S/D,Faltante,Ninguna,S/D
2018,11548,2018-12-06,Jueves,0,,,0.0,2,"Automóvil,Moto/Ciclomotor",9 de Julio Y Av Irigoyen,2,1,0,0,1,0,0,"-30.944460332393646,-61.55863612890",Avenida,,SUNCHALES,Castellanos,Asfalto,No existe,V,Dentro,Urbana,Paso Peatonal,No existe,Intersección,S/D,S/D,S/D,S/D,Lateral,S/D,Colisión,S/D,Horizontal,Cordón divisorio,S/D
2018,11549,2018-12-26,Miercoles,0,18:00:00,Ruta Nacional 9,387.0,1,Pickup/Utilitario, ,2,2,0,0,0,0,0,"-32.79112100601193,-61.505005359649",Ruta,9,CAÑADA DE GÓMEZ,Iriondo,Asfalto,Pavimento,X,Dentro,Rural,Ninguna,No existe,Recta,Bueno,Buena,Diurna,Buen Tiempo,S/D,S/D,Vuelco,Ninguna,Horizontal,Línea divisoria pintada,Sin restricción
2018,11550,2018-12-26,Miercoles,0,,,0.0,2,"Automóvil,Peatón",La Rioja Y San Lorenzo,2,1,0,0,1,0,0,"-31.643192039899,-60.716536747368",Calle,,SANTA FE,La Capital,S/D,No existe,I,Dentro,Urbana,Ninguna,No existe,Intersección,Bueno,Buena,S/D,Buen Tiempo,S/D,Peatón,Atropello,Ninguna,Faltante,Ninguna,Sin restricción
2018,11551,2018-12-02,Domingo,0,02:00:00,,0.0,2,"Moto/Ciclomotor,Moto/Ciclomotor",Bv San Martin Y Espa?a,5,3,2,0,0,0,0,"-34.26133096218109,-62.711202800273",Calle,,RUFINO,General López,Asfalto,No existe,VIII,Dentro,Urbana,S/D,S/D,Recta,S/D,S/D,Nocturna,S/D,S/D,S/D,Colisión,S/D,S/D,Cordón divisorio,S/D
2018,11552,2018-12-06,Jueves,0,16:55:00,,0.0,2,"Moto/Ciclomotor,Camión",Chacabuco 1600,2,1,0,0,1,0,0,"-33.751939996313,-61.973774290849",Calle,,VENADO TUERTO,General López,Asfalto,No existe,VIII,Dentro,Urbana,Ninguna,No existe,Recta,S/D,S/D,Diurna,S/D,Lateral,S/D,Colisión,S/D,Faltante,Ninguna,Sin restricción
2018,11553,2018-12-24,Lunes,0,13:30:00,,0.0,2,"Automóvil,Moto/Ciclomotor",Calle 12 Y Calle s/n,3,1,1,0,1,0,0,"-28.342256247997284,-59.25772458314",Calle,,LAS TOSCAS,General Obligado,S/D,No existe,IX,Dentro,Urbana,S/D,No existe,Intersección,S/D,Buena,Diurna,Buen Tiempo,Lateral,S/D,Colisión,Ninguna,S/D,Ninguna,Sin restricción
2018,11554,2018-12-06,Jueves,0,17:20:00,,0.0,2,"Moto/Ciclomotor,Automóvil",DOMINGO FAUSTINO SARMIENTO Y AV EVA PERON,3,2,0,0,1,0,0,"-33.75071346759798,-61.951909661293",Calle,,VENADO TUERTO,General López,Asfalto,No existe,VIII,Dentro,Urbana,Ninguna,No existe,Intersección,S/D,S/D,Diurna,S/D,S/D,S/D,Colisión,S/D,Faltante,Ninguna,Sin restricción
2018,11555,2018-12-26,Miercoles,0,18:30:00,Ruta Provincial 70,0.0,2,"Automóvil,Moto/Ciclomotor",Bv Santa Fe Y Gaboto,2,1,0,0,1,0,0,"-31.255122168004,-61.477455527996",Ruta,70,RAFAELA,Castellanos,Asfalto,No existe,I,Dentro,Urbana,Ninguna,No existe,Intersección,Bueno,Buena,Diurna,Buen Tiempo,Frontal,S/D,Colisión,Ninguna,Faltante,Ninguna,Sin restricción
2018,11556,2018-12-07,Viernes,0,04:30:00,Autopista Provincial Brigadier E.López,103.0,1,Camión, ,2,2,0,0,0,0,0,"-32.01264, -60.99",Autopista,Brigadier E.López,CORONDA,San Jerónimo,Asfalto,Natural,XV,Dentro,Rural,Ninguna,No existe,Recta,S/D,S/D,Nocturna,S/D,S/D,S/D,Vuelco,S/D,Faltante,Vegetación,S/D
2018,11557,2018-12-26,Miercoles,0,09:30:00,,0.0,2,"Automóvil,Pickup/Utilitario",Gobernador Crespo Y Santiago Shine,2,1,0,0,1,0,0,"-31.25226303493,-61.46647326091",Calle,,RAFAELA,Castellanos,Hormigón,No existe,V,Dentro,Urbana,Ninguna,No existe,Intersección,Deteriorada,Buena,Diurna,Buen Tiempo,S/D,S/D,"Colisión,Vuelco",Ninguna,Faltante,Ninguna,Sin restricción
2018,11558,2018-12-07,Viernes,0,17:30:00,,0.0,2,"Automóvil,Moto/Ciclomotor",Calle 63-Gral Urquiza Y Calle 6-Ituzaingo,2,1,0,0,1,0,0,"-29.168518781662,-59.64261353015903",Calle,,RECONQUISTA,General Obligado,Asfalto,No existe,IX,Dentro,Urbana,S/D,S/D,Intersección,S/D,S/D,Diurna,S/D,S/D,S/D,Colisión,S/D,S/D,Ninguna,S/D
2018,11559,2018-12-26,Miercoles,0,,,0.0,1,Automóvil,Av Pe?aloza 6400,1,1,0,0,0,0,0,"-31.605343926046,-60.712922152486",Avenida,,SANTA FE,La Capital,Hormigón,No existe,I,Dentro,Urbana,Ninguna,No existe,Recta,Bueno,Buena,Diurna,Buen Tiempo,Contra objeto fijo,S/D,Colisión,Ninguna,Faltante,"Cordón divisorio,Vegetación",Sin restricción
2018,11560,2018-12-07,Viernes,0,18:00:00,,0.0,2,"Moto/Ciclomotor,Moto/Ciclomotor",Calle 6-Ituzaingo Y Calle 63-Gral Urquiza,3,3,0,0,0,0,0,"-29.168518781662,-59.64261353015903",Calle,,RECONQUISTA,General Obligado,Asfalto,No existe,IX,Dentro,Urbana,S/D,S/D,Intersección,S/D,S/D,Diurna,S/D,Lateral,S/D,Colisión,S/D,S/D,Ninguna,S/D
2018,11561,2018-12-24,Lunes,0,,,0.0,1,Moto/Ciclomotor,Sarmiento 3100,1,0,1,0,0,0,0,"-30.800131873026,-60.5849618953",Calle,,SAN JUSTO,San Justo,S/D,No existe,XVI,Dentro,Urbana,S/D,S/D,Recta,Bueno,Buena,S/D,Buen Tiempo,S/D,S/D,Caída ocupante,Ninguna,S/D,S/D,Sin restricción
2018,11562,2018-12-24,Lunes,0,01:00:00,,0.0,2,"Automóvil,Moto/Ciclomotor",Ocampo Y Maipu,3,2,0,0,1,0,0,"-32.8178321593,-61.401925881944",Calle,,CAÑADA DE GÓMEZ,Iriondo,Hormigón,No existe,X,Dentro,Urbana,Ninguna,No existe,Intersección,Bueno,Buena,"Nocturna,Con luz artificial",Buen Tiempo,Lateral,S/D,Colisión,Ninguna,Faltante,Ninguna,Sin restricción
2018,11563,2018-12-24,Lunes,0,19:30:00,,0.0,2,"Automóvil,Automóvil",Saavedra Y Entre Rios,2,1,0,0,1,0,0,"-31.744268412193,-61.101585035662",Calle,,SAN CARLOS CENTRO,Las Colonias,Hormigón,No existe,XI,Dentro,Urbana,S/D,No existe,Intersección,Bueno,Buena,Atardecer,Buen Tiempo,S/D,S/D,"Colisión,Vuelco",Ninguna,S/D,Ninguna,Sin restricción
2018,11564,2018-12-24,Lunes,0,21:10:00,Ruta Nacional 8,0.0,1,Moto/Ciclomotor,Bv 12 de octubre Y Quintana,2,1,0,0,0,0,1,"-33.741084463671,-61.984929685806",Ruta,8,VENADO TUERTO,General López,Asfalto,No existe,VIII,Dentro,Urbana,Semáforo,Funciona,Intersección,Bueno,Buena,"Nocturna,Con luz artificial",Buen Tiempo,S/D,S/D,Despiste,Ninguna,Faltante,Línea divisoria pintada,Sin restricción
2018,11565,2018-12-25,Martes,0,04:20:00,,0.0,1,Moto/Ciclomotor,Lisandro de la Torre Y Manuel Vicente Manzano,1,1,0,0,0,0,0,"-33.729951400165,-61.988368034183",Calle,,VENADO TUERTO,General López,"Asfalto,Ripio",No existe,VIII,Dentro,Urbana,Ninguna,No existe,Intersección,Deteriorada,Buena,Diurna,Buen Tiempo,S/D,S/D,Despiste,Ninguna,Faltante,Ninguna,Sin restricción
2018,11566,2018-12-24,Lunes,0,07:30:00,,0.0,2,"Automóvil,Moto/Ciclomotor",Mariano Moreno Y Maipu,2,1,0,0,1,0,0,"-33.747806977787,-61.968430208644",Calle,,VENADO TUERTO,General López,Asfalto,No existe,VIII,Dentro,Urbana,Ninguna,No existe,Intersección,Bueno,Buena,Diurna,Buen Tiempo,S/D,S/D,Colisión,Ninguna,Faltante,Ninguna,Sin restricción
2018,11567,2018-12-24,Lunes,0,09:10:00,,0.0,1,Moto/Ciclomotor,Santiago Derqui Y Correa Llobet,1,1,0,0,0,0,0,"-33.753320416273,-61.946451359968",Calle,,VENADO TUERTO,General López,Asfalto,No existe,VIII,Dentro,Urbana,Ninguna,No existe,Intersección,Deteriorada,Buena,Diurna,Buen Tiempo,Contra objeto fijo,S/D,Colisión,Ninguna,Faltante,Ninguna,Sin restricción
2018,11568,2018-12-21,Viernes,0,19:50:00,,0.0,2,"Automóvil,Moto/Ciclomotor",Calle 15-Patricio Diez Y Calle 22- 25 de Mayo,3,2,0,0,1,0,0,"-29.143930642191,-59.648575382477",Calle,,RECONQUISTA,General Obligado,Asfalto,No existe,IX,Dentro,Urbana,Ninguna,No existe,Intersección,Bueno,Buena,Diurna,Buen Tiempo,Lateral,S/D,Colisión,Ninguna,Faltante,Ninguna,Sin restricción
2018,11569,2018-12-22,Sabado,0,19:30:00,,0.0,2,"Moto/Ciclomotor,Automóvil",Av 18 de Junio Y San Martin,2,1,0,0,1,0,0,"-29.353386, -59.969007",Avenida,,MALABRIGO,General Obligado,Asfalto,No existe,IX,Dentro,Urbana,Ninguna,No existe,Recta,Bueno,Buena,Atardecer,Buen Tiempo,Lateral,S/D,Colisión,Ninguna,S/D,Ninguna,Sin restricción
2018,11570,2018-12-22,Sabado,0,02:35:00,,0.0,1,Moto/Ciclomotor,Calle 21-Gdor. iriondo ,1,1,0,0,0,0,0,"-29.147682, -59.644114",Calle,,RECONQUISTA,General Obligado,Asfalto,S/D,IX,Dentro,Urbana,Ninguna,No funciona,Recta,Bueno,Buena,Nocturna,Buen Tiempo,S/D,S/D,Caída ocupante,Ninguna,S/D,Ninguna,Sin restricción
2018,11571,2018-07-01,Domingo,1,,,0.0,1,Moto/Ciclomotor, ,1,0,0,0,0,1,0,"-31.249430,-61.494190",S/D,,RAFAELA,Castellanos,S/D,S/D,V,S/D,S/D,S/D,S/D,S/D,S/D,S/D,S/D,S/D,Contra objeto fijo,S/D,Colisión,S/D,S/D,S/D,S/D
2018,11573,2018-12-08,Sabado,0,02:30:00,,0.0,2,"Peatón,Pickup/Utilitario",Av Almte Brown ,2,0,1,0,1,0,0,"-31.61534, -60.67199",Avenida,,SANTA FE,La Capital,Asfalto,No existe,I,Dentro,Urbana,S/D,S/D,Recta,S/D,S/D,Nocturna,S/D,S/D,Peatón,Atropello,S/D,S/D,Cordón divisorio,S/D
2018,11574,2018-12-23,Domingo,0,00:55:00,,0.0,2,"Moto/Ciclomotor,Automóvil",Calle 57-Prof Roberto Roveda Y Calle 30-Lucas Funes,3,2,0,0,1,0,0,"-29.164805511249,-59.656429493487",Calle,,RECONQUISTA,General Obligado,Asfalto,No existe,IX,Dentro,Urbana,Ninguna,No existe,Intersección,Bueno,Buena,Nocturna,Buen Tiempo,S/D,S/D,Colisión,Ninguna,Faltante,Ninguna,Sin restricción
2018,11575,2018-12-07,Viernes,0,,,0.0,2,"Moto/Ciclomotor,Automóvil",Av Irigoyen Y Brasil,2,0,1,0,1,0,0,"-30.942926640965,-61.551263090723",Avenida,,SUNCHALES,Castellanos,Asfalto,No existe,V,Dentro,Urbana,Ninguna,No existe,Intersección,S/D,S/D,S/D,S/D,S/D,S/D,Colisión,S/D,Faltante,Ninguna,S/D
2018,11576,2018-12-23,Domingo,0,18:00:00,,0.0,2,"Automóvil,Automóvil",Calle 30-Lucas Funes Y Calle 31-Newbery,3,1,0,0,2,0,0,"-29.152030231835,-59.654657978738",Calle,,RECONQUISTA,General Obligado,Hormigón,No existe,IX,Dentro,Urbana,Ninguna,No existe,Intersección,Deteriorada,Buena,Diurna,Buen Tiempo,S/D,S/D,Colisión,Ninguna,Faltante,Ninguna,Sin restricción
2018,11577,2018-12-07,Viernes,0,07:25:00,,0.0,2,"Pickup/Utilitario,Pickup/Utilitario",Calle 18 - Gral Belgrano Y Calle 33-Pueyrredon,2,1,0,0,1,0,0,"-29.153924237007,-59.647487874562",Calle,,RECONQUISTA,General Obligado,Asfalto,No existe,IX,Dentro,Urbana,Ninguna,No existe,Intersección,S/D,S/D,Diurna,S/D,Lateral,S/D,"Colisión,Vuelco",S/D,Faltante,Ninguna,S/D
2018,11578,2018-12-24,Lunes,0,,,0.0,2,"Moto/Ciclomotor,Bicicleta",Bv Jaime Ferre Y Alvear,2,1,0,0,1,0,0,"-31.239204295436,-61.486175981573",Avenida,,RAFAELA,Castellanos,Asfalto,No existe,V,Dentro,Urbana,Ninguna,No existe,Intersección,Bueno,Buena,Diurna,Buen Tiempo,S/D,S/D,Colisión,Ninguna,Faltante,Ninguna,Sin restricción
2018,11579,2018-12-08,Sabado,0,,,0.0,1,Automóvil, ,3,1,2,0,0,0,0,"-31.14341, -61.44978",Camino Rural,,LEHMANN,Castellanos,Tierra,No existe,V,Dentro,Rural,Ninguna,No existe,Recta,S/D,S/D,Nocturna,S/D,S/D,S/D,Vuelco,S/D,Faltante,Ninguna,S/D
2018,11580,2018-12-24,Lunes,0,,,0.0,1,Moto/Ciclomotor,500 Millas Argentinas 300,2,2,0,0,0,0,0,"-31.26580908894539,-61.515066325664",Calle,,RAFAELA,Castellanos,Hormigón,No existe,V,Dentro,Urbana,Ninguna,No existe,Recta,Bueno,Buena,S/D,Buen Tiempo,S/D,S/D,Despiste,Ninguna,Faltante,Cordón divisorio,Sin restricción
2018,11581,2018-12-24,Lunes,0,,Ruta Provincial 70,0.0,2,"Automóvil,Moto/Ciclomotor",Bv Santa Fe 400,2,1,0,0,1,0,0,"-31.253418967205,-61.487516584246",Ruta,70,RAFAELA,Castellanos,Asfalto,No existe,V,Dentro,Urbana,Paso Peatonal,No existe,Recta,Bueno,Buena,Diurna,Buen Tiempo,S/D,S/D,Colisión,Ninguna,Horizontal,"Cordón divisorio,Vegetación,Línea divisoria pintada",Sin restricción
2018,11582,2018-12-24,Lunes,0,,,0.0,2,"Camión,Moto/Ciclomotor",C Bolliger Y J Abele,2,1,0,0,1,0,0,"-31.239910447404,-61.476153364957",Calle,,RAFAELA,Castellanos,Asfalto,No existe,V,Dentro,Urbana,Paso Peatonal,No existe,Intersección,Bueno,Buena,S/D,Buen Tiempo,S/D,S/D,Colisión,Ninguna,Horizontal,Ninguna,Sin restricción
2018,11583,2018-12-08,Sabado,0,,,0.0,2,"Moto/Ciclomotor,Pickup/Utilitario",Av Luis Fanti Y Corrientes,4,1,0,2,1,0,0,"-31.260147352933,-61.504465654455",Avenida,,RAFAELA,Castellanos,Asfalto,No existe,V,Dentro,Urbana,Ninguna,No existe,Intersección,S/D,S/D,Diurna,S/D,S/D,S/D,Colisión,S/D,Faltante,Ninguna,Sin restricción
2018,11584,2018-12-24,Lunes,0,03:30:00,Autopista Nacional A008,0.0,1,Moto/Ciclomotor,Av. Eva Peron Y Av. Circunvalacion,1,0,1,0,0,0,0,"-32.930939663003,-60.724560656901",Autopista,A008,ROSARIO,Rosario,Asfalto,No existe,II,Dentro,Urbana,Semáforo,Funciona,Intersección,Bueno,Buena,Nocturna,Buen Tiempo,S/D,S/D,Despiste,Material Suelto,"Horizontal,Vertical","Cordón divisorio,Línea divisoria pintada",Sin restricción
2018,11585,2018-12-08,Sabado,0,11:30:00,,0.0,1,Moto/Ciclomotor,Luis Maggi 500,1,1,0,0,0,0,0,"-31.237993725733,-61.492978934362",Calle,,RAFAELA,Castellanos,Asfalto,No existe,V,Dentro,Urbana,Paso Peatonal,No existe,Recta,S/D,S/D,Diurna,S/D,S/D,S/D,Caída ocupante,S/D,Horizontal,Ninguna,Sin restricción
2018,11586,2018-12-23,Domingo,0,,,0.0,2,"Pickup/Utilitario,Tracción animal / Carro",Martin Zapata Y Pje Paraguay,2,1,0,0,1,0,0,"-31.617111008905,-60.71246908908",Calle,,SANTA FE,La Capital,Asfalto,No existe,I,Dentro,Urbana,Ninguna,No existe,Intersección,Bueno,Buena,S/D,Buen Tiempo,S/D,S/D,Colisión,Ninguna,Faltante,Ninguna,Sin restricción
2018,11587,2018-12-22,Sabado,0,05:40:00,,0.0,1,Automóvil,Estados Unidos Y San Lorenzo,1,1,0,0,0,0,0,"-33.755845552641,-61.951504726922",Calle,,VENADO TUERTO,General López,Asfalto,No existe,VIII,Dentro,Urbana,Ninguna,No existe,Intersección,Bueno,Buena,Diurna,Buen Tiempo,Contra objeto fijo,S/D,Colisión,Ninguna,Faltante,Ninguna,Sin restricción
2018,11588,2018-12-22,Sabado,0,06:35:00,,0.0,1,Automóvil,Alberdi Juan Bautista Y 3 de Febrero,2,2,0,0,0,0,0,"-33.755229026742,-61.964796059844",Calle,,VENADO TUERTO,General López,Asfalto,No existe,VIII,Dentro,Urbana,Ninguna,No existe,Intersección,Bueno,Buena,Diurna,Buen Tiempo,Contra objeto fijo,S/D,Colisión,Ninguna,Faltante,Ninguna,Sin restricción
2018,11589,2018-12-08,Sabado,0,13:00:00,,0.0,2,"Automóvil,Moto/Ciclomotor",Simon de Iriondo 4600,3,1,0,0,2,0,0,"-31.427980850595,-60.92391467083",Calle,,ESPERANZA,Las Colonias,Asfalto,No existe,XI,Dentro,Urbana,Ninguna,S/D,Intersección,S/D,S/D,S/D,S/D,S/D,S/D,Colisión,S/D,S/D,Ninguna,S/D
2018,11590,2018-12-20,Jueves,0,11:00:00,Ruta Provincial 70,0.0,2,"Moto/Ciclomotor,Automóvil",Bv Santa Fe Y Pueyrredon,2,1,0,0,1,0,0,"-31.253059995498,-61.488534404046",Ruta,70,RAFAELA,Castellanos,Asfalto,No existe,V,Dentro,Urbana,Paso Peatonal,No existe,Intersección,Bueno,Buena,Diurna,Buen Tiempo,S/D,S/D,Colisión,Ninguna,Horizontal,"Cordón divisorio,Vegetación",Sin restricción
2018,11591,2018-12-09,Domingo,0,,Ruta Nacional 11,495.0,1,Automóvil, ,1,1,0,0,0,0,0,"-31.3979, -60.74756",Ruta,11,CANDIOTI,La Capital,Asfalto,Pavimento,I,Dentro,Urbana,Marca Vial,No existe,Recta,S/D,S/D,Diurna,S/D,S/D,S/D,Vuelco,S/D,Horizontal,Línea divisoria pintada,S/D
2018,11592,2018-12-20,Jueves,0,14:05:00,,0.0,2,"Moto/Ciclomotor,Pickup/Utilitario",2 de Abril Y Los Andes,2,1,0,0,1,0,0,"-33.761218617066,-61.967339322998",Calle,,VENADO TUERTO,General López,Asfalto,No existe,VIII,Dentro,Urbana,Ninguna,No existe,Intersección,Bueno,Buena,Diurna,Buen Tiempo,S/D,S/D,Colisión,Ninguna,Faltante,Ninguna,Sin restricción
2018,11593,2018-12-07,Viernes,0,10:15:00,,0.0,2,"Automóvil,Bicicleta",Calle 111 Y Calle 22- 25 de Mayo,2,1,0,0,1,0,0,"-29.18538, -59.6543",Calle,,RECONQUISTA,General Obligado,Asfalto,No existe,IX,Dentro,Urbana,S/D,S/D,Intersección,S/D,S/D,Diurna,S/D,S/D,Ciclista,Atropello,S/D,S/D,Ninguna,S/D
2018,11594,2018-12-20,Jueves,0,07:40:00,,0.0,2,"Moto/Ciclomotor,Pickup/Utilitario",Bernardo de Monteagudo Y 9 de Julio,2,0,1,0,1,0,0,"-33.750624088912,-61.980520486074",Calle,,VENADO TUERTO,General López,Hormigón,No existe,VIII,Dentro,Urbana,Ninguna,No existe,Intersección,Bueno,Buena,Diurna,Buen Tiempo,S/D,S/D,Colisión,Ninguna,Faltante,Ninguna,Sin restricción
2018,11595,2018-12-08,Sabado,0,21:30:00,,0.0,1,Moto/Ciclomotor, ,1,1,0,0,0,0,0,"-29.13337, -59.65606",Calle,,RECONQUISTA,General Obligado,S/D,No existe,IX,Dentro,Urbana,S/D,S/D,S/D,S/D,S/D,Nocturna,S/D,S/D,S/D,Caída ocupante,S/D,S/D,Ninguna,S/D