anio_acci,nro_acci,fecha,desc_dia,fecha_aprox,hora_aprox,desc_ruta,km,cant_participantes,desc_participante,calle_avenida_km,total,heridos_leves,heridos_graves,heridos_gravisimos,ilesos,fallecidos,sin_datos,posicion_XY,desc_tipo_via,desc_ruta_ori,desc_loc,desc_dpto,desc_tipo_calzada,desc_tipo_banquina,desc_unidad_regional,desc_lugar_calzada,desc_zona,desc_prioridad,desc_estado_semaforo,desc_lugar_via,desc_estado_via,desc_estado_visibilidad,desc_luminosidad,desc_estado_clima,desc_tipo_colision,desc_tipo_atropello,desc_tipo_hecho,desc_pres_calzada,desc_senializacion,desc_separacion_via,desc_restriccion
2018,11596,2018-12-10,Lunes,0,18:22:00,,0.0,2,"Automóvil,Bicicleta",Calle 25-Rivadavia Y Roca Pte,2,1,0,0,1,0,0,"-29.149869703959,-59.64440816059",Calle,,RECONQUISTA,General Obligado,Asfalto,No existe,IX,Dentro,Urbana,Paso Peatonal,No existe,Intersección,S/D,S/D,Diurna,S/D,S/D,Ciclista,Atropello,S/D,Horizontal,S/D,Sin restricción
2018,11597,2018-12-10,Lunes,0,20:40:00,,0.0,1,Automóvil,Calle 44-27 de Abril Y Calle 99,3,3,0,0,0,0,0,"-29.17953, -59.6674",Calle,,RECONQUISTA,General Obligado,Tierra,No existe,IX,Dentro,Urbana,S/D,S/D,Intersección,Resbaladiza,S/D,Nocturna,S/D,Contra objeto fijo,S/D,Colisión,Material Suelto,S/D,Ninguna,Sin restricción
2018,11598,2018-12-12,Miercoles,0,13:55:00,,0.0,2,"Moto/Ciclomotor,Bicicleta",Falucho Y Garibaldi,2,1,0,0,1,0,0,"-33.75192837725,-61.95639041296",Calle,,VENADO TUERTO,General López,Asfalto,No existe,VIII,Dentro,Urbana,Ninguna,No existe,Intersección,S/D,S/D,Diurna,S/D,S/D,Ciclista,Atropello,S/D,Faltante,Ninguna,Sin restricción
2018,11599,2018-12-12,Miercoles,0,16:35:00,,0.0,2,"Bicicleta,Pickup/Utilitario",Iturraspe Y Casey,2,1,0,0,1,0,0,"-33.7513867145,-61.964104116081",Calle,,VENADO TUERTO,General López,Asfalto,No existe,VIII,Dentro,Urbana,Ninguna,No existe,Intersección,S/D,S/D,Diurna,S/D,S/D,Ciclista,Atropello,S/D,Faltante,Ninguna,Sin restricción
2018,11600,2018-12-12,Miercoles,0,18:00:00,,0.0,2,"Automóvil,Moto/Ciclomotor",25 de Mayo Y Salta,5,3,0,0,2,0,0,"-31.650528915875,-60.706756766519",Calle,,SANTA FE,La Capital,Asfalto,No existe,I,Dentro,Urbana,Paso Peatonal,No existe,Intersección,S/D,S/D,Diurna,S/D,Lateral,S/D,Colisión,S/D,Horizontal,Ninguna,Sin restricción
2018,11601,2018-12-12,Miercoles,0,,,0.0,2,"Moto/Ciclomotor,Moto/Ciclomotor",Av Cordoba Y Almirante Brown,2,2,0,0,0,0,0,"-31.45010232925417,-60.925170779228",Avenida,,ESPERANZA,Las Colonias,Asfalto,No existe,XI,Dentro,Urbana,S/D,S/D,Intersección,S/D,S/D,Diurna,S/D,S/D,S/D,Colisión,S/D,S/D,S/D,Sin restricción
2018,11602,2018-12-13,Jueves,0,07:50:00,,0.0,2,"Moto/Ciclomotor,Moto/Ciclomotor",Av Dr Luis Chapuis Y Dr Jose Andres Valdez,2,1,0,0,0,0,1,"-33.728909320928,-61.981704201808",Calle,,VENADO TUERTO,General López,Asfalto,No existe,VIII,Dentro,Urbana,Ninguna,No existe,Intersección,S/D,S/D,Diurna,S/D,S/D,S/D,Colisión,S/D,Faltante,Ninguna,Sin restricción
2018,11603,2018-12-13,Jueves,0,08:15:00,Ruta Secundaria 7-s,0.0,2,"Automóvil,Moto/Ciclomotor",Santa Fe Y Lopez,2,1,0,0,1,0,0,"-33.73795151710512,-61.961871385574",Ruta,7-s,VENADO TUERTO,General López,Asfalto,No existe,VIII,Dentro,Urbana,Paso Peatonal,No existe,Intersección,S/D,S/D,Diurna,S/D,S/D,S/D,Colisión,S/D,Horizontal,Ninguna,Sin restricción
2018,11604,2018-12-14,Viernes,0,,Autopista Provincial Brigadier E.López,7.0,1,Camión, ,1,1,0,0,0,0,0,"-32.82779, -60.741",Autopista,Brigadier E.López,CAPITÁN BERMÚDEZ,San Lorenzo,Asfalto,Pavimento,XVII,Dentro,Rural,Ninguna,No existe,Recta,Deteriorada,S/D,Diurna,S/D,S/D,S/D,Vuelco,Agua,Faltante,Vegetación,Sin restricción
2018,11605,2018-12-14,Viernes,0,02:55:00,,0.0,2,"Moto/Ciclomotor,Pickup/Utilitario",Hipolito Irigoyen Y Domingo Faustino Sarmiento,3,0,2,0,1,0,0,"-31.45379304885861,-60.932922363281",Calle,,ESPERANZA,Las Colonias,Asfalto,No existe,XI,Dentro,Urbana,S/D,S/D,Intersección,S/D,S/D,Nocturna,S/D,Lateral,S/D,Colisión,S/D,S/D,S/D,Sin restricción
2018,11606,2018-12-14,Viernes,0,,,0.0,2,"Moto/Ciclomotor,Automóvil",Av Lisandro de la Torre Y Tucuman Bis,2,0,1,0,1,0,0,"-30.941641886328,-61.567307550228",Avenida,,SUNCHALES,Castellanos,Asfalto,No existe,V,Dentro,Urbana,Paso Peatonal,No existe,Intersección,S/D,S/D,S/D,S/D,S/D,S/D,Colisión,S/D,Horizontal,Ninguna,Sin restricción
2018,11607,2018-12-14,Viernes,0,20:10:00,Ruta Nacional 33,0.0,2,"Automóvil,Moto/Ciclomotor",Ruta Nac 33 Y Av Dr Luis Chapuis,2,1,0,0,1,0,0,"-33.71858596801759,-61.989734172821",Ruta,33,VENADO TUERTO,General López,Asfalto,No existe,VIII,Dentro,Urbana,Señal Pare,No existe,Intersección,S/D,S/D,Nocturna,S/D,S/D,S/D,Colisión,S/D,"Horizontal,Vertical","Cordón divisorio,Línea divisoria pintada",Sin restricción
2018,11608,2018-12-19,Miercoles,0,14:45:00,Ruta Nacional 8,0.0,2,"Moto/Ciclomotor,Moto/Ciclomotor",Bartolome Long Y Marcos Ciani,2,2,0,0,0,0,0,"-33.728400520821,-61.994826361172",Ruta,8,VENADO TUERTO,General López,Asfalto,No existe,VIII,Dentro,Urbana,Ninguna,No existe,Intersección,Bueno,Buena,Diurna,Buen Tiempo,S/D,S/D,Colisión,Ninguna,Horizontal,Línea divisoria pintada,Sin restricción
2018,11609,2018-12-15,Sabado,0,00:50:00,,0.0,2,"Moto/Ciclomotor,Moto/Ciclomotor",AV EVA PERON Y DOMINGO FAUSTINO SARMIENTO,2,1,0,0,1,0,0,"-33.750737888402,-61.951879933881",Avenida,,VENADO TUERTO,General López,Asfalto,No existe,VIII,Dentro,Urbana,Ninguna,No existe,Intersección,S/D,S/D,Nocturna,S/D,S/D,S/D,Colisión,S/D,Faltante,Ninguna,S/D
2018,11610,2018-12-18,Martes,0,17:30:00,,0.0,2,"Moto/Ciclomotor,Automóvil",Calle 13-Iturraspe Y Calle 32 - Amenabar,2,1,0,0,1,0,0,"-29.142204907345,-59.654546958563",Calle,,RECONQUISTA,General Obligado,Asfalto,No existe,IX,Dentro,Urbana,Ninguna,No existe,Intersección,Deteriorada,Buena,Diurna,Buen Tiempo,S/D,S/D,Colisión,Ninguna,Faltante,Ninguna,Sin restricción
2018,11611,2018-12-15,Sabado,0,,Ruta Provincial 31,0.0,1,Automóvil, ,1,1,0,0,0,0,0,"-28.67132, -59.91736",Ruta,31,TARTAGAL,Vera,Tierra,S/D,XIX,Dentro,Rural,S/D,No existe,Recta,S/D,Reducida,S/D,Lluvia,S/D,S/D,Despiste,Agua,S/D,S/D,S/D
2018,11612,2018-12-18,Martes,0,,Ruta Provincial 70,93.0,1,Automóvil, ,1,1,0,0,0,0,0,"-31.238851547241175,-61.62677764892",Ruta,70,PRESIDENTE ROCA,Castellanos,Asfalto,Natural,V,Dentro,Rural,Señal Ceda el Paso,No existe,Rotonda,Bueno,Buena,Nocturna,Buen Tiempo,Contra objeto fijo,S/D,Colisión,Ninguna,"Horizontal,Vertical",Línea divisoria pintada,Sin restricción
2018,11613,2018-12-16,Domingo,0,06:00:00,,0.0,1,Moto/Ciclomotor,Lavalle Y Belgrano,3,0,2,0,0,0,1,"-32.821540203506,-61.387948192552",Calle,,CAÑADA DE GÓMEZ,Iriondo,Asfalto,No existe,X,Dentro,Urbana,Ninguna,No existe,Intersección,S/D,S/D,Nocturna,S/D,Contra objeto fijo,S/D,Colisión,S/D,Faltante,Ninguna,Sin restricción
2018,11614,2018-12-15,Sabado,0,12:00:00,,0.0,2,"Pickup/Utilitario,Moto/Ciclomotor",San martin Y 25 de Mayo,2,1,0,0,1,0,0,"-28.040208291433,-59.217321191993",Calle,,FLORENCIA,General Obligado,Asfalto,No existe,IX,Dentro,Urbana,S/D,S/D,Intersección,Bueno,Buena,Diurna,Buen Tiempo,S/D,S/D,Colisión,Ninguna,S/D,Ninguna,Sin restricción
2018,11615,2018-12-17,Lunes,0,00:00:00,,0.0,2,"Pickup/Utilitario,Moto/Ciclomotor",Calle 27-Gdor Freyre Y Calle 28 - San Lorenzo,2,1,0,0,1,0,0,"-29.149982901937,-59.653174572371",Calle,,RECONQUISTA,General Obligado,Hormigón,No existe,IX,Dentro,Urbana,Ninguna,No existe,Intersección,Deteriorada,Buena,"Nocturna,Con luz artificial",Buen Tiempo,S/D,S/D,Colisión,Ninguna,Faltante,Ninguna,Sin restricción
2018,11616,2018-12-17,Lunes,0,17:17:00,,0.0,1,Automóvil,Nicolas Avellaneda Y Espa?a,3,2,0,0,1,0,0,"-33.736711844776,-61.968106557329",Calle,,VENADO TUERTO,General López,Hormigón,No existe,VIII,Dentro,Urbana,Señal Pare,No existe,Recta,Bueno,Buena,Diurna,Buen Tiempo,Contra objeto fijo,S/D,Colisión,Ninguna,Vertical,Ninguna,Sin restricción
2018,11617,2018-12-17,Lunes,0,04:52:00,,0.0,1,Moto/Ciclomotor,Roca Y Juan Lavalle,1,0,1,0,0,0,0,"-33.753296078692,-61.96561521044",Calle,,VENADO TUERTO,General López,Hormigón,No existe,VIII,Dentro,Urbana,Ninguna,No existe,Intersección,Bueno,Buena,"Nocturna,Con luz artificial",Buen Tiempo,Contra objeto fijo,S/D,Colisión,Ninguna,Faltante,Ninguna,Sin restricción
2018,11618,2018-12-17,Lunes,0,12:57:00,,0.0,2,"Moto/Ciclomotor,Automóvil",Dr Jose Andres Valdez Y Gral Jose de San Martin,2,1,0,0,1,0,0,"-33.727753266499,-61.979601025986",Calle,,VENADO TUERTO,General López,Asfalto,No existe,VIII,Dentro,Urbana,Otra Señal,No existe,Intersección,Deteriorada,Buena,Diurna,Buen Tiempo,S/D,S/D,Colisión,Ninguna,Vertical,Ninguna,Sin restricción
2018,11619,2018-12-17,Lunes,0,09:40:00,Ruta Nacional 33,0.0,1,Automóvil,Roberta Cavanagh Y Ruta Nac 33,1,1,0,0,0,0,0,"-33.706784248352015,-61.96789026260",Ruta,33,VENADO TUERTO,General López,Asfalto,Ripio,VIII,Dentro,Urbana,Ninguna,No existe,Recta,Bueno,Buena,Diurna,Buen Tiempo,S/D,S/D,"Inmersión,Despiste",Ninguna,Horizontal,Línea divisoria pintada,Sin restricción
2018,11620,2018-12-01,Sabado,0,,Ruta Nacional 19,0.0,2,"Pickup/Utilitario,Tractor",Ruta Nac. 19 ,3,1,1,0,1,0,0,"-31.454770, -62.039150",Ruta,19,FRONTERA,Castellanos,Asfalto,Ripio,V,Dentro,Urbana,S/D,No existe,Recta,Bueno,Buena,Diurna,Buen Tiempo,S/D,S/D,Colisión,Ninguna,Horizontal,Línea divisoria pintada,Sin restricción
2018,11621,2018-11-30,Viernes,0,22:00:00,,0.0,2,"Transporte de Pasajeros Urbano (> 8 asientos),Bicicleta",Estanislao Zeballos Y Dr Zavalla,2,0,0,0,0,1,1,"-31.60264,-60.70752",Calle,,SANTA FE,La Capital,Asfalto,No existe,I,Dentro,Urbana,Ninguna,No existe,Intersección,Bueno,S/D,Nocturna,S/D,S/D,Ciclista,Atropello,Ninguna,Faltante,Ninguna,Sin restricción
2018,11623,2018-08-01,Miercoles,1,,,0.0,1,Otros, ,1,0,0,0,0,1,0,"-32.927777,-60.781667",S/D,,FUNES,Rosario,S/D,S/D,II,S/D,S/D,S/D,S/D,S/D,S/D,S/D,S/D,S/D,S/D,S/D,Otro,S/D,S/D,S/D,S/D
2018,11624,2018-12-05,Miercoles,0,10:00:00,,0.0,1,Moto/Ciclomotor,BLANCA BIS 200,1,0,1,0,0,0,0,"-32.915011095959,-60.731073317495",Calle,,ROSARIO,Rosario,S/D,S/D,II,Dentro,Urbana,S/D,S/D,S/D,S/D,S/D,S/D,S/D,S/D,S/D,Colisión,S/D,S/D,S/D,S/D
2018,11625,2018-12-05,Miercoles,0,22:00:00,,0.0,1,Moto/Ciclomotor,ECUADOR Y CORDOBA,1,1,0,0,0,0,0,"-33.074922346336,-60.581580878395",Calle,,PUEBLO ESTHER,Rosario,Asfalto,No existe,II,Dentro,Urbana,S/D,No existe,Intersección,Bueno,Buena,"Nocturna,Con luz artificial",Buen Tiempo,S/D,S/D,Colisión,Ninguna,S/D,Ninguna,Sin restricción
2018,11626,2018-12-06,Jueves,0,16:00:00,,0.0,2,"Moto/Ciclomotor,Moto/Ciclomotor",Pje. Cagancha Y Bv. Avellaneda,2,0,2,0,0,0,0,"-32.98165440559389,-60.688642859458",Avenida,,ROSARIO,Rosario,Asfalto,No existe,II,Dentro,Urbana,Ninguna,No existe,Intersección,Bueno,Buena,Diurna,Buen Tiempo,S/D,S/D,Colisión,Material Suelto,Faltante,Cordón divisorio,Sin restricción
2018,11627,2018-12-06,Jueves,0,19:00:00,,0.0,1,Moto/Ciclomotor,Aurora Y Av. Francia,1,1,0,0,0,0,0,"-32.999478281669,-60.677954429046",Avenida,,ROSARIO,Rosario,Hormigón,No existe,II,Dentro,Urbana,Ninguna,No existe,Intersección,Bueno,Buena,Diurna,Buen Tiempo,S/D,S/D,Colisión,Ninguna,Faltante,"Cordón divisorio,Vegetación",Sin restricción
2018,11628,2018-12-07,Viernes,0,00:30:00,,0.0,1,Otros,Av. Francia Y Av. Ing.Acevedo,1,0,1,0,0,0,0,"-32.98421524465084,-60.677057728171",Avenida,,ROSARIO,Rosario,Asfalto,No existe,II,Dentro,Urbana,Semáforo,Funciona,Intersección,Bueno,Buena,"Nocturna,Con luz artificial",Buen Tiempo,S/D,S/D,S/D,Ninguna,"Horizontal,Vertical","Cordón divisorio,Vegetación,Línea divisoria pintada",Sin restricción
2018,11629,2018-12-08,Sabado,0,03:30:00,,0.0,1,Moto/Ciclomotor,Bv. Avellaneda 4200,1,1,0,0,0,0,0,"-32.978698611259475,-60.68887889385",Avenida,,ROSARIO,Rosario,Asfalto,No existe,I,Dentro,Urbana,Ninguna,S/D,Recta,Bueno,Buena,Nocturna,Buen Tiempo,S/D,S/D,Colisión,Ninguna,Faltante,Cordón divisorio,Sin restricción
2018,11630,2018-12-11,Martes,0,13:00:00,,0.0,1,Moto/Ciclomotor,Pte.Quintana Y Pueyrredon,1,0,1,0,0,0,0,"-32.979065492108,-60.666481385088",Calle,,ROSARIO,Rosario,Asfalto,No existe,II,Dentro,Urbana,Ninguna,No existe,Intersección,Bueno,Buena,Diurna,Buen Tiempo,S/D,S/D,Colisión,Ninguna,Faltante,Ninguna,S/D
2018,11631,2018-12-30,Domingo,0,19:00:00,,0.0,1,Moto/Ciclomotor,Av. Ntra.Sra.del Rosario ,1,0,1,0,0,0,0,"-32.999941706657424,-60.65187513828",Avenida,,ROSARIO,Rosario,S/D,S/D,II,Dentro,Urbana,S/D,S/D,S/D,S/D,Buena,Atardecer,Buen Tiempo,S/D,S/D,Colisión,S/D,Faltante,S/D,Sin restricción
2018,11632,2018-12-26,Miercoles,0,10:00:00,,0.0,1,Moto/Ciclomotor,Campbell 3400,1,1,0,0,0,0,0,"-32.968482920844,-60.70686208856",Calle,,ROSARIO,Rosario,Asfalto,No existe,II,Dentro,Urbana,Ninguna,No existe,Intersección,Deteriorada,Buena,Diurna,Buen Tiempo,S/D,S/D,Colisión,Material Suelto,Faltante,Ninguna,Sin restricción
2018,11633,2018-12-25,Martes,0,09:00:00,,0.0,2,"Otros,Peatón",Nicaragua Y San Lorenzo,2,1,0,0,0,0,1,"-32.934740731292,-60.720998919441",Calle,,ROSARIO,Rosario,Asfalto,No existe,II,Dentro,Urbana,Ninguna,No existe,Intersección,Bueno,Buena,Diurna,Buen Tiempo,S/D,Peatón,Atropello,Ninguna,Faltante,Ninguna,Sin restricción
2018,11634,2018-12-21,Viernes,0,11:30:00,,0.0,2,"Otros,Bicicleta",San Juan Y Pueyrredon,2,0,1,0,0,0,1,"-32.946719716122,-60.658299478306",Calle,,ROSARIO,Rosario,Asfalto,No existe,II,Dentro,Urbana,Paso Peatonal,No existe,Intersección,Bueno,Buena,"Nocturna,Con luz artificial",Buen Tiempo,S/D,Ciclista,Atropello,Ninguna,Horizontal,Ninguna,Sin restricción
2018,11635,2018-12-16,Domingo,0,02:00:00,,0.0,1,Moto/Ciclomotor,Av. Luis Carballo Y Florida Bis,1,0,1,0,0,0,0,"-32.92225420475007,-60.683447420597",Avenida,,ROSARIO,Rosario,Asfalto,No existe,II,Dentro,Urbana,Paso Peatonal,No existe,Intersección,Bueno,Buena,"Nocturna,Con luz artificial",Buen Tiempo,S/D,S/D,Colisión,Ninguna,Horizontal,Cordón divisorio,Sin restricción
2018,11636,2018-12-15,Sabado,0,02:50:00,,0.0,1,Otros,Av. Provincias Unidas Y Neuquen,1,0,1,0,0,0,0,"-32.944576404085,-60.712503504111",Avenida,,ROSARIO,Rosario,Asfalto,No existe,II,Dentro,Urbana,Semáforo,Funciona,Intersección,Bueno,Buena,"Nocturna,Con luz artificial",Buen Tiempo,S/D,S/D,S/D,Ninguna,"Horizontal,Vertical",Cordón divisorio,Sin restricción
2018,11637,2018-12-15,Sabado,0,00:01:00,Ruta Provincial 18,0.0,1,Moto/Ciclomotor,Av. Ovidio Lagos Y Av. Battle y Ordo?ez,1,0,1,0,0,0,0,"-33.00975089704,-60.677419074977",Ruta,18,ROSARIO,Rosario,Asfalto,No existe,II,Dentro,Urbana,Semáforo,Funciona,Intersección,Deteriorada,Buena,"Nocturna,Con luz artificial",Buen Tiempo,S/D,S/D,Colisión,Ninguna,Vertical,Cordón divisorio,Sin restricción
2018,11638,2018-12-14,Viernes,0,22:00:00,,0.0,1,Moto/Ciclomotor,Bolivia Y Riobamba,1,0,1,0,0,0,0,"-32.954554398859,-60.71324556053",Calle,,ROSARIO,Rosario,Asfalto,No existe,II,Dentro,Urbana,Ninguna,No existe,Intersección,Deteriorada,Buena,Diurna,Buen Tiempo,S/D,S/D,Colisión,Ninguna,Faltante,Ninguna,Sin restricción
2018,11640,2018-12-14,Viernes,0,20:30:00,,0.0,1,Moto/Ciclomotor,Pueyrredon Y Garibaldi,1,0,1,0,0,0,0,"-32.982514795754,-60.667338011257",Calle,,ROSARIO,Rosario,Asfalto,No existe,II,Dentro,Urbana,Ninguna,No existe,Intersección,Bueno,Buena,Nocturna,Buen Tiempo,S/D,S/D,Colisión,Ninguna,Faltante,Ninguna,Sin restricción
2018,11641,2018-12-13,Jueves,0,18:30:00,,0.0,1,Moto/Ciclomotor,Junin Y Av. Provincias Unidas,1,0,1,0,0,0,0,"-32.927589637852,-60.713260369799",Avenida,,ROSARIO,Rosario,Asfalto,No existe,II,Dentro,Urbana,Semáforo,Funciona,Intersección,Bueno,Buena,Diurna,Buen Tiempo,S/D,S/D,Colisión,Ninguna,"Horizontal,Vertical","Cordón divisorio,Vegetación,Línea divisoria pintada",Sin restricción
2018,11642,2018-09-14,Viernes,0,11:30:00,,0.0,2,"Otros,Peatón",Av. Uriburu ,2,0,1,0,1,0,0,"-32.991997733477,-60.695591022524",Avenida,,ROSARIO,Rosario,Asfalto,No existe,II,Dentro,Urbana,S/D,S/D,S/D,S/D,S/D,Diurna,S/D,S/D,Peatón,Atropello,S/D,S/D,S/D,S/D
2018,11643,2018-09-16,Domingo,0,08:00:00,,0.0,1,Moto/Ciclomotor,Av Juan Domingo Peron Y I A Edison,1,0,1,0,0,0,0,"-33.015890121459975,-60.61552584171",Avenida,,VILLA GOBERNADOR GÁLVEZ,Rosario,Asfalto,No existe,II,Dentro,Urbana,Ninguna,No existe,Intersección,S/D,S/D,Diurna,S/D,S/D,S/D,Caída ocupante,S/D,Faltante,Ninguna,S/D
2018,11644,2018-12-01,Sabado,0,01:15:00,,0.0,2,"Automóvil,Peatón",San Martin Y Anchorena,2,0,0,0,0,1,1,"-32.99775,-60.64825",Calle,,ROSARIO,Rosario,Asfalto,No existe,II,Dentro,Urbana,Semáforo,Intermitente,Intersección,Bueno,Buena,Nocturna,Buen Tiempo,S/D,Peatón,Atropello,Ninguna,"Horizontal,Vertical",Cordón divisorio,Sin restricción
2018,11645,2018-12-02,Domingo,0,10:20:00,,0.0,1,Moto/Ciclomotor,Belgrano Manuel Y E Lopez,1,0,0,0,0,1,0,"-31.74434,-61.09579",Calle,,SAN CARLOS CENTRO,Las Colonias,Hormigón,Pavimento,XI,Dentro,Urbana,Paso Peatonal,No existe,Intersección,Bueno,Buena,Diurna,Buen Tiempo,S/D,S/D,Caída ocupante,Ninguna,Horizontal,Cordón divisorio,Sin restricción
2018,11646,2018-09-15,Sabado,0,09:15:00,Autopista Nacional Rosario -Cordoba,205.0,2,"Automóvil,Otros", ,2,1,0,0,0,0,1,"-32.94176, -60.79511",Autopista,Rosario -Córdoba,ROSARIO,Rosario,Asfalto,Natural,II,Dentro,Rural,Ninguna,No existe,Recta,S/D,S/D,Diurna,S/D,S/D,S/D,Colisión,S/D,Faltante,Vegetación,S/D
2018,11647,2018-09-20,Jueves,0,18:30:00,Autopista Nacional A012,38.0,2,"Automóvil,Otros", ,2,0,1,0,0,0,1,"-32.87596, -60.88736",Autopista,A012,ROLDÁN,San Lorenzo,Asfalto,Pavimento,XVII,Dentro,Rural,Marca Vial,No existe,Recta,S/D,S/D,Diurna,S/D,S/D,S/D,Colisión,S/D,Horizontal,Línea divisoria pintada,S/D
2018,11648,2018-09-23,Domingo,0,00:00:00,,0.0,2,"Moto/Ciclomotor,Otros", ,2,0,1,0,0,0,1,"-32.79220461845394,-60.729471445083",Calle,,FRAY LUIS BELTRÁN,San Lorenzo,S/D,S/D,XVII,Dentro,Urbana,S/D,S/D,S/D,S/D,S/D,Nocturna,S/D,S/D,S/D,Colisión,S/D,S/D,S/D,S/D
2018,11649,2018-09-25,Martes,0,19:30:00,,0.0,2,"Moto/Ciclomotor,Otros",Velez Sarsfield ,2,0,1,0,0,0,1,"-32.92478084564209,-60.672898292541",Calle,,ROSARIO,Rosario,Asfalto,No existe,II,Dentro,Urbana,S/D,S/D,S/D,S/D,S/D,Nocturna,S/D,S/D,S/D,Colisión,S/D,S/D,Ninguna,S/D
2018,11650,2018-09-28,Viernes,0,13:47:00,,0.0,2,"Moto/Ciclomotor,Otros",Ituzaingo Y Buenos Aires,2,0,1,0,0,0,1,"-32.961694243248,-60.636297904533",Calle,,ROSARIO,Rosario,Asfalto,No existe,II,Dentro,Urbana,Señal Pare,No existe,Intersección,S/D,S/D,Diurna,S/D,S/D,S/D,Colisión,S/D,Vertical,Ninguna,Sin restricción
2018,11651,2018-09-29,Sabado,0,13:00:00,,0.0,2,"Moto/Ciclomotor,Otros",Av. Belgrano ,2,0,1,0,0,0,1,"-32.943642139434836,-60.63375413417",Avenida,,ROSARIO,Rosario,Asfalto,No existe,II,Dentro,Urbana,S/D,S/D,S/D,S/D,S/D,Diurna,S/D,S/D,S/D,Colisión,S/D,S/D,S/D,S/D
2018,11652,2018-09-30,Domingo,0,06:30:00,,0.0,2,"Moto/Ciclomotor,Otros",Saavedra ,2,1,0,0,0,0,1,"-32.979401350021384,-60.63785254955",Calle,,ROSARIO,Rosario,S/D,No existe,II,Dentro,Urbana,S/D,S/D,S/D,S/D,S/D,S/D,S/D,S/D,S/D,Colisión,S/D,S/D,S/D,S/D
2018,11653,2018-12-03,Lunes,0,15:40:00,,0.0,2,"Automóvil,Moto/Ciclomotor",Av. Jorge Newbery Y Alvarez Condarco Bis,2,0,0,0,1,1,0,"-32.909070,-60.755905",Calle,,ROSARIO,Rosario,Asfalto,No existe,II,Dentro,Urbana,Señal Pare,No existe,Intersección,Bueno,S/D,Diurna,S/D,S/D,S/D,Colisión,Ninguna,Vertical,Ninguna,Sin restricción
2018,11654,2018-12-05,Miercoles,0,06:40:00,,0.0,2,"Moto/Ciclomotor,Automóvil",Peru Y Velez Sarsfield,2,0,0,0,1,1,0,"-32.92598, -60.712",Calle,,ROSARIO,Rosario,Asfalto,No existe,II,Dentro,Urbana,Ninguna,No existe,Intersección,S/D,S/D,Diurna,S/D,Lateral,S/D,Colisión,Ninguna,Faltante,Ninguna,Sin restricción
2018,11655,2018-12-06,Jueves,0,13:50:00,Ruta Provincial 6,0.0,2,"Moto/Ciclomotor,Automóvil",Paso Vinal ,2,0,0,0,1,1,0,"-31.4105,-60.90508",Ruta,6,ESPERANZA,Las Colonias,Asfalto,Natural,XI,Dentro,Rural,Ninguna,No existe,Intersección,Bueno,Buena,Diurna,Buen Tiempo,Lateral,S/D,Colisión,Ninguna,Faltante,Ninguna,Sin restricción
2018,11656,2018-12-07,Viernes,0,19:30:00,,0.0,1,Automóvil,Sarmiento Y Peru,1,0,0,0,0,1,0,"-32.73131,-60.73795",Calle,,SAN LORENZO,San Lorenzo,Asfalto,No existe,XVII,Dentro,Urbana,Ninguna,No existe,Recta,Bueno,Buena,Atardecer,S/D,Contra objeto fijo,S/D,Colisión,S/D,Faltante,Ninguna,Sin restricción
2018,11657,2018-12-08,Sabado,0,18:15:00,Autopista Nacional A012,43.0,2,"Moto/Ciclomotor,Bicicleta",GÁLVEZ ,2,0,0,0,0,2,0,"-32.883,-60.88912",Autopista,A012,ROLDÁN,San Lorenzo,Asfalto,No existe,XVII,Dentro,Urbana,Ninguna,No existe,Intersección,Bueno,Buena,Diurna,Buen Tiempo,S/D,Ciclista,Atropello,Ninguna,Faltante,Ninguna,Sin restricción
2018,11658,2018-12-08,Sabado,0,20:00:00,Ruta Nacional 33,0.0,2,"Automóvil,Moto/Ciclomotor",Av San Martin Y Mariano Moreno,5,4,0,0,0,1,0,"-32.99338,-60.76116",Ruta,33,PÉREZ,Rosario,Asfalto,Natural,II,Dentro,Urbana,Ninguna,No existe,Recta,S/D,Buena,Atardecer,Buen Tiempo,Lateral,S/D,Colisión,Ninguna,Horizontal,Ninguna,Sin restricción
2018,11659,2018-12-08,Sabado,0,19:15:00,,0.0,1,Moto/Ciclomotor,Domingo Faustino Sarmiento 1400,1,0,0,0,0,1,0,"-33.75951,-61.96803",Calle,,VENADO TUERTO,General López,Asfalto,No existe,VIII,Dentro,Urbana,Ninguna,No existe,Recta,Bueno,Buena,Diurna,Buen Tiempo,Contra objeto fijo,S/D,Colisión,Ninguna,Faltante,Ninguna,Sin restricción
2018,11660,2018-12-10,Lunes,0,16:45:00,Ruta Nacional 33,0.0,2,"Camión c / Semirremolque,Automóvil",Pacifico Otero ,2,0,0,0,1,1,0,"-33.01889,-60.87386",Ruta,33,ZAVALLA,Rosario,Asfalto,Pavimento,II,Dentro,Urbana,Ninguna,No existe,Curva,Bueno,Buena,Diurna,Buen Tiempo,Frontal,S/D,Colisión,Ninguna,Faltante,Línea divisoria pintada,Sin restricción