anio_acci,nro_acci,fecha,desc_dia,fecha_aprox,hora_aprox,desc_ruta,km,cant_participantes,desc_participante,calle_avenida_km,total,heridos_leves,heridos_graves,heridos_gravisimos,ilesos,fallecidos,sin_datos,posicion_XY,desc_tipo_via,desc_ruta_ori,desc_loc,desc_dpto,desc_tipo_calzada,desc_tipo_banquina,desc_unidad_regional,desc_lugar_calzada,desc_zona,desc_prioridad,desc_estado_semaforo,desc_lugar_via,desc_estado_via,desc_estado_visibilidad,desc_luminosidad,desc_estado_clima,desc_tipo_colision,desc_tipo_atropello,desc_tipo_hecho,desc_pres_calzada,desc_senializacion,desc_separacion_via,desc_restriccion
2018,11661,2018-12-10,Lunes,0,17:15:00,Ruta Secundaria 26-s,3.0,2,"Automóvil,Moto/Ciclomotor", ,3,0,0,0,2,1,0,"-33.2395,-60.81203",Ruta,26-s,CARMEN DEL SAUCE,Rosario,Asfalto,Natural,II,Dentro,Urbana,Ninguna,No existe,Recta,Bueno,S/D,Diurna,Buen Tiempo,Frontal,S/D,Colisión,Ninguna,Faltante,Línea divisoria pintada,Sin restricción
2018,11662,2018-12-10,Lunes,0,20:38:00,Autopista Nacional A008,0.0,2,"Moto/Ciclomotor,Pickup/Utilitario",Tucuman Y Av. Circunvalacion,4,0,2,0,1,1,0,"-32.9311,-60.72307",Autopista,A008,ROSARIO,Rosario,Asfalto,No existe,II,Dentro,Urbana,Ninguna,No existe,Recta,Bueno,S/D,"Nocturna,Con luz artificial",S/D,Contra objeto fijo,S/D,Colisión,S/D,S/D,Guardarrail,Sin restricción
2018,11663,2018-12-11,Martes,0,05:00:00,,0.0,2,"Moto/Ciclomotor,Transporte de Pasajeros Urbano (> 8 asientos)",Polledo Y Grandoli,2,0,0,0,1,1,0,"-32.88679,-60.72055",Calle,,ROSARIO,Rosario,Asfalto,No existe,II,Dentro,Urbana,Señal Pare,No existe,Intersección,Bueno,Buena,Amanecer,S/D,Frontal,S/D,Colisión,Ninguna,Vertical,Ninguna,Sin restricción
2018,11664,2018-12-13,Jueves,0,15:40:00,Ruta Nacional 9,0.0,2,"Moto/Ciclomotor,Pickup/Utilitario",Suipacha ,3,0,1,0,1,1,0,"-32.92062,-60.81594",Ruta,9,FUNES,Rosario,Asfalto,Pavimento,II,Dentro,Urbana,Ninguna,No existe,Intersección,Bueno,S/D,Diurna,S/D,De alcance,S/D,Colisión,Ninguna,Faltante,Ninguna,Sin restricción
2018,11665,2018-12-14,Viernes,0,18:45:00,Ruta Nacional 33,0.0,2,"Bicicleta,Camión c / Acoplado",Santa Fe ,2,0,0,0,1,1,0,"-33.71382,-61.98081",Ruta,33,VENADO TUERTO,General López,Hormigón,No existe,VIII,Dentro,Urbana,Señal Pare,No existe,Intersección,Bueno,Buena,Diurna,Buen Tiempo,Lateral,Ciclista,Atropello,Ninguna,Vertical,"Guardarrail,Cordón divisorio",Sin restricción
2018,11666,2018-12-14,Viernes,0,20:45:00,Ruta Provincial 15,0.0,1,Pickup/Utilitario, ,2,1,0,0,0,1,0,"-32.79981,-61.62117",Ruta,15,ARMSTRONG,Belgrano,Asfalto,Natural,III,Dentro,Rural,Ninguna,No existe,Recta,Bueno,Buena,Nocturna,Buen Tiempo,S/D,S/D,Vuelco,Ninguna,Vertical,Ninguna,Sin restricción
2018,11667,2018-12-16,Domingo,0,00:20:00,Ruta Nacional 11,413.0,1,Moto/Ciclomotor, ,1,0,0,0,0,1,0,"-32.03815,-60.93974",Ruta,11,AROCENA,San Jerónimo,Asfalto,Natural,XV,Dentro,Rural,Ninguna,No existe,Recta,Bueno,Reducida,Nocturna,Buen Tiempo,S/D,S/D,Caída ocupante,Ninguna,Faltante,Guardarrail,Sin restricción
2018,11668,2018-12-16,Domingo,0,01:00:00,Ruta Nacional 34,7.8,2,"Automóvil,Transporte de Pasajeros Larga Distancia (Doble Piso)",Avda. Rosario ,60,0,0,0,59,1,0,"-32.85843,-60.77832",Ruta,34,IBARLUCEA,Rosario,Asfalto,Natural,II,Dentro,Urbana,Ninguna,No existe,Curva,Resbaladiza,Reducida,Nocturna,Lluvia,Frontal,S/D,Colisión,Agua,Vertical,Cordón divisorio,Sin restricción
2018,11669,2018-03-23,Viernes,0,,Autopista Nacional Rosario -Cordoba,0.0,1,Otros, ,1,0,1,0,0,0,0,"-32.925616, -60.760656",Autopista,Rosario -Córdoba,ROSARIO,Rosario,S/D,S/D,II,S/D,S/D,S/D,S/D,S/D,S/D,S/D,S/D,S/D,S/D,S/D,S/D,S/D,S/D,S/D,S/D
2018,11670,2018-12-17,Lunes,0,15:45:00,Ruta Provincial 2,12.5,2,"Moto/Ciclomotor,Pickup/Utilitario", ,3,1,0,0,1,1,0,"-31.472,-60.67331",Ruta,2,MONTE VERA,La Capital,Hormigón,Natural,I,Dentro,Rural,Ninguna,No existe,Recta,Bueno,Buena,Diurna,Buen Tiempo,Lateral,S/D,Colisión,Ninguna,Faltante,Ninguna,Sin restricción
2018,11671,2018-12-19,Miercoles,0,23:40:00,Ruta Provincial 15,0.0,2,"Moto/Ciclomotor,Automóvil", ,2,0,0,0,1,1,0,"-33.69587,-62.23142",Ruta,15,MAGGIOLO,General López,Asfalto,Natural,VIII,Dentro,Rural,Ninguna,No existe,Recta,Bueno,Buena,Nocturna,Buen Tiempo,Frontal,S/D,Colisión,Ninguna,Vertical,Línea divisoria pintada,Sin restricción
2018,11672,2018-12-19,Miercoles,0,20:50:00,Ruta Nacional 178,183.0,2,"Moto/Ciclomotor,Automóvil", ,5,0,0,0,4,1,0,"-32.65563,-61.53429",Ruta,178,LAS PAREJAS,Belgrano,Asfalto,Natural,III,Dentro,Rural,Ninguna,No existe,Recta,Bueno,Buena,Nocturna,Buen Tiempo,De alcance,S/D,Colisión,Ninguna,S/D,Línea divisoria pintada,Sin restricción
2018,11673,2018-12-20,Jueves,0,19:00:00,,0.0,2,"Moto/Ciclomotor,Camión Chasis",Vera Y Pbro Martinez,2,0,0,0,1,1,0,"-31.49042,-60.72618",Calle,,RECREO,La Capital,Ripio,Natural,I,Dentro,Urbana,Ninguna,No existe,Recta,Bueno,Buena,Diurna,Buen Tiempo,Lateral,S/D,Colisión,Ninguna,Faltante,Ninguna,Sin restricción
2018,11674,2018-12-22,Sabado,0,02:20:00,Autov?a Nacional 19,5.0,1,Pickup/Utilitario, ,1,0,0,0,0,1,0,"-31.6639125,-60.8205515",Autovía,19,SANTO TOMÉ,La Capital,Hormigón,No existe,I,Fuera,Rural,Ninguna,No existe,Puente,Bueno,Buena,"Nocturna,Con luz artificial",Buen Tiempo,Contra objeto fijo,S/D,Colisión,Ninguna,"Horizontal,Vertical",Cordón divisorio,Sin restricción
2018,11675,2018-12-20,Jueves,0,04:40:00,Autopista Nacional Rosario -Cordoba,373.0,2,"Pickup/Utilitario,Camión c / Acoplado", ,3,1,0,0,1,1,0,"-32.83228,-61.47298",Autopista,Rosario -Córdoba,CAÑADA DE GÓMEZ,Iriondo,Asfalto,No existe,X,Dentro,Rural,Ninguna,No existe,Recta,Ahuellamiento,Buena,Nocturna,Buen Tiempo,De alcance,S/D,Colisión,S/D,Horizontal,Vegetación,Sin restricción
2018,11676,2018-12-23,Domingo,0,10:47:00,Ruta Nacional 11,0.0,1,Automóvil,Eva Peron Y Morris W,1,0,0,0,0,1,0,"-32.72997,-60.74381",Ruta,11,SAN LORENZO,San Lorenzo,Asfalto,Natural,XVII,Dentro,Urbana,Ninguna,No existe,Recta,Bueno,Buena,Diurna,Buen Tiempo,S/D,S/D,Despiste,Ninguna,Faltante,Ninguna,Sin restricción
2018,11677,2018-12-27,Jueves,0,10:10:00,,0.0,2,"Automóvil,Peatón",J.J.Paso Y P.L.Funes,4,0,0,0,3,1,0,"-32.91988,-60.702",Calle,,ROSARIO,Rosario,Asfalto,No existe,II,Dentro,Urbana,Ninguna,No existe,Recta,Bueno,Buena,Diurna,Buen Tiempo,S/D,Peatón,Atropello,Ninguna,Faltante,Línea divisoria pintada,Sin restricción
2018,11678,2018-12-24,Lunes,0,05:45:00,Ruta Provincial 1,27.0,2,"Bicicleta,Automóvil", ,2,0,0,0,1,1,0,"-31.48578,-60.42454",Ruta,1,LOS ZAPALLOS,Garay,Asfalto,Natural,VII,Dentro,Rural,Ninguna,No existe,Recta,Bueno,Buena,Diurna,Buen Tiempo,S/D,Ciclista,Atropello,Ninguna,Faltante,Línea divisoria pintada,Sin restricción
2018,11679,2018-12-29,Sabado,0,09:20:00,Ruta Nacional 9,391.0,1,Camión Chasis, ,2,1,0,0,0,1,0,"-32.7824,-61.55657",Ruta,9,ARMSTRONG,Belgrano,Asfalto,Natural,III,Dentro,Rural,Marca Vial,No existe,Recta,Bueno,Buena,Diurna,Buen Tiempo,S/D,S/D,Vuelco,Ninguna,Vertical,Línea divisoria pintada,Sin restricción
2018,11680,2018-12-30,Domingo,0,23:00:00,Ruta Provincial 1,49.0,1,Automóvil, ,1,0,0,0,0,1,0,"-31.32191,-60.29589",Ruta,1,SANTA ROSA DE CALCHINES,Garay,Asfalto,Natural,VII,Dentro,Rural,Ninguna,No existe,Recta,Bueno,Buena,Nocturna,Buen Tiempo,S/D,S/D,Vuelco,Ninguna,Faltante,Vegetación,Sin restricción
2018,11681,2018-12-22,Sabado,0,05:20:00,Ruta Nacional 8,358.0,2,"Automóvil,Camión c / Semirremolque", ,3,0,0,0,2,1,0,"-33.80602,-61.91588",Ruta,8,VENADO TUERTO,General López,Asfalto,Natural,VIII,Dentro,Rural,Ninguna,No existe,Recta,Bueno,Buena,Nocturna,Buen Tiempo,Frontal,S/D,Colisión,Ninguna,Faltante,Guardarrail,Sin restricción
2018,11682,2018-12-22,Sabado,0,19:10:00,Ruta Provincial 18,28.0,3,"Transporte de Pasajeros Larga Distancia (Piso  y  1/2),Pickup/Utilitario,Automóvil", ,43,2,0,0,40,1,0,"-33.21426,-60.75664",Ruta,18,CARMEN DEL SAUCE,Rosario,Asfalto,Natural,II,Dentro,Urbana,Marca Vial,No existe,Recta,Bueno,Buena,Atardecer,Buen Tiempo,Múltiple,S/D,Colisión,Ninguna,Vertical,Línea divisoria pintada,Sin restricción
2018,11683,2018-12-22,Sabado,0,19:45:00,Autov?a Nacional 168,0.0,2,"Peatón,Automóvil",Ruta Pcial 1 ,2,0,0,0,1,1,0,"-31.63963,-60.63377",Autovía,168,SANTA FE,La Capital,Asfalto,No existe,I,Dentro,Rural,Ninguna,No existe,Cruce,Bueno,Buena,Nocturna,Buen Tiempo,S/D,Peatón,Atropello,Ninguna,Vertical,Guardarrail,Sin restricción
2018,11684,2018-12-27,Jueves,0,12:15:00,Ruta Secundaria 28-s,0.0,2,"Automóvil,Pickup/Utilitario",Ruta 178 ,4,0,3,0,0,1,0,"-32.60876,-61.54691",Ruta,28-s,LAS PAREJAS,Belgrano,Asfalto,Natural,III,Dentro,Rural,Ninguna,No existe,Cruce,Bueno,Reducida,Diurna,Lluvia,Lateral,S/D,Colisión,Agua,Vertical,Línea divisoria pintada,Sin restricción
2018,11685,2018-12-09,Domingo,0,05:35:00,,0.0,1,Moto/Ciclomotor,Saavedra Y Aaron Castellanos,1,0,0,0,0,1,0,"-31.44691,-60.94561",Calle,,ESPERANZA,Las Colonias,S/D,No existe,XI,Dentro,Urbana,S/D,S/D,Recta,S/D,S/D,Nocturna,S/D,S/D,S/D,Caída ocupante,S/D,S/D,S/D,S/D
2018,11686,2018-12-09,Domingo,0,20:00:00,Ruta Nacional 33,703.0,1,Camión c / Acoplado, ,1,0,0,0,0,1,0,"-33.31967,-61.42041",Ruta,33,CHABAS,Caseros,Asfalto,Natural,IV,Dentro,Rural,Ninguna,No existe,Recta,Bueno,S/D,Nocturna,S/D,S/D,S/D,Vuelco,Ninguna,Faltante,Línea divisoria pintada,Sin restricción
2018,11687,2018-12-20,Jueves,0,20:00:00,,0.0,1,Automóvil,Riobamba Y Pavon,2,1,0,0,0,1,0,"-31.602,-60.66604",Calle,,SANTA FE,La Capital,Asfalto,No existe,I,Dentro,Urbana,Ninguna,No existe,Intersección,Resbaladiza,S/D,Atardecer,Lluvia,Contra objeto fijo,S/D,Colisión,Agua,Faltante,Ninguna,Sin restricción
2018,11690,2018-12-05,Miercoles,0,19:20:00,Ruta Provincial 30,45.0,1,Pickup/Utilitario, ,1,0,0,0,0,1,0,"-28.20185,-59.44627",Ruta,30,VILLA GUILLERMINA,General Obligado,S/D,S/D,IX,Dentro,Rural,S/D,S/D,Recta,S/D,S/D,Diurna,S/D,S/D,S/D,Vuelco,S/D,S/D,S/D,S/D
2018,11692,2018-12-30,Domingo,0,00:30:00,Ruta Nacional 34,130.0,2,"Camión c / Acoplado,Peatón", ,2,0,0,0,1,1,0,"-32.0448,-61.59396",Ruta,34,CAÑADA ROSQUIN,San Martín,Asfalto,Natural,XVIII,Dentro,Rural,Ninguna,No existe,Recta,Bueno,S/D,Nocturna,S/D,S/D,Peatón,Atropello,Ninguna,Faltante,Ninguna,Sin restricción
2018,11693,2018-05-01,Martes,1,,,0.0,1,Otros, ,1,0,0,0,0,1,0,"-33.7259,-61.97662",S/D,,VENADO TUERTO,General López,S/D,S/D,VIII,S/D,S/D,S/D,S/D,S/D,S/D,S/D,S/D,S/D,S/D,S/D,S/D,S/D,S/D,S/D,S/D
2018,11694,2018-05-01,Martes,1,,,0.0,1,Otros, ,1,0,0,0,0,1,0,"-33.40208,-61.84423",S/D,,GODEKEN,Caseros,S/D,S/D,IV,S/D,S/D,S/D,S/D,S/D,S/D,S/D,S/D,S/D,S/D,S/D,Otro,S/D,S/D,S/D,S/D
2018,11695,2018-10-10,Miercoles,0,21:00:00,Ruta Provincial 1,155.0,2,"Moto/Ciclomotor,Moto/Ciclomotor", ,3,0,2,0,0,1,0,"-30.575783,-59.937896",Ruta,1,SAN JAVIER,San Javier,Asfalto,S/D,XVI,S/D,Urbana,S/D,S/D,Recta,S/D,S/D,Nocturna,S/D,Frontal,S/D,Colisión,S/D,S/D,S/D,S/D
2018,11696,2018-09-10,Lunes,0,16:45:00,Ruta Provincial 94,0.0,1,Automóvil, ,3,2,0,0,0,1,0,"-34.065627,-61.555353",Ruta,94,VILLA CAÑAS,General López,S/D,S/D,VIII,S/D,Rural,S/D,S/D,Recta,S/D,S/D,Diurna,S/D,S/D,S/D,Vuelco,S/D,S/D,S/D,S/D
2018,11697,2018-11-17,Sabado,0,22:40:00,Autopista Nacional A008,0.0,2,"Bicicleta,Automóvil",Av. Pte.Peron Y Av. Circunvalacion,2,0,0,0,1,1,0,"-32.970586,-60.716891",Autopista,A008,ROSARIO,Rosario,Asfalto,S/D,II,Dentro,Urbana,S/D,S/D,S/D,S/D,S/D,Nocturna,S/D,S/D,Ciclista,Atropello,Ninguna,S/D,S/D,S/D
2018,11698,2018-11-01,Jueves,1,,,0.0,1,Otros,Av San Martin 1600,1,0,0,0,0,1,0,"-32.85626,-60.70391",S/D,,GRANADERO BAIGORRIA,Rosario,S/D,S/D,II,S/D,S/D,Ninguna,S/D,S/D,S/D,S/D,S/D,S/D,S/D,S/D,S/D,S/D,S/D,"Línea divisoria pintada,S/D",S/D
2018,11699,2018-11-18,Domingo,0,23:30:00,,0.0,1,Moto/Ciclomotor, ,1,0,0,0,0,1,0,"-33.526842,-62.060094",Camino Rural,,SAN FRANCISCO DE SANTA FE,General López,S/D,S/D,VIII,S/D,Rural,S/D,S/D,Recta,S/D,S/D,Nocturna,S/D,S/D,S/D,Caída ocupante,S/D,S/D,S/D,S/D
2018,11700,2018-10-18,Jueves,0,18:45:00,,0.0,2,"Bicicleta,Automóvil",Calle 21-Gdor. iriondo Y Calle 10-Ludue?a,2,1,0,0,1,0,0,"-29.14798, -59.64162",Calle,,RECONQUISTA,General Obligado,Asfalto,Pavimento,IX,Dentro,Urbana,Ninguna,No existe,Intersección,Bueno,Buena,Atardecer,Buen Tiempo,S/D,Ciclista,Atropello,Ninguna,Faltante,Ninguna,Sin restricción
2018,11701,2018-11-24,Sabado,0,02:20:00,,0.0,1,Pickup/Utilitario,Calle 3-Almafuerte Y Calle 26 - Bolivar,1,1,0,0,0,0,0,"-29.13728, -59.65011",Calle,,RECONQUISTA,General Obligado,Tierra,Natural,IX,S/D,Urbana,S/D,No existe,Intersección,Bueno,Reducida,Nocturna,S/D,S/D,S/D,S/D,Otro,Faltante,S/D,S/D
2018,11702,2018-10-11,Jueves,0,16:15:00,,0.0,2,"Pickup/Utilitario,Bicicleta",Calle 26-Bolivar Y Calle 21-Gdor. iriondo,2,1,0,0,1,0,0,"-29.1469, -59.65143",Calle,,RECONQUISTA,General Obligado,Asfalto,S/D,IX,S/D,Urbana,S/D,No existe,Intersección,Bueno,Buena,Diurna,Buen Tiempo,S/D,Ciclista,Atropello,Ninguna,S/D,S/D,S/D
2018,11703,2018-11-08,Jueves,0,18:30:00,,0.0,2,"Moto/Ciclomotor,Automóvil",Calle 6-Ituzaingo Y Calle 31-Newbery,2,1,0,0,1,0,0,"-29.1536, -59.63991",Calle,,RECONQUISTA,General Obligado,Asfalto,S/D,IX,Dentro,Urbana,Ninguna,S/D,Intersección,Bueno,S/D,Atardecer,Buen Tiempo,De alcance,S/D,Colisión,Ninguna,Vertical,Cordón divisorio,Sin restricción
2018,11704,2018-11-20,Martes,0,16:15:00,,0.0,2,"Moto/Ciclomotor,Automóvil",Calle 12 San Martin Y Calle 11-Alvear,2,0,1,0,1,0,0,"-29.14252, -59.64214",Calle,,RECONQUISTA,General Obligado,Asfalto,Pavimento,IX,S/D,Urbana,S/D,No existe,Intersección,Bueno,Buena,Diurna,S/D,S/D,S/D,S/D,S/D,Faltante,S/D,S/D
2018,11705,2018-10-05,Viernes,0,20:00:00,,0.0,2,"Bicicleta,Automóvil",Calle 9-Mariano Moreno Y Calle 28-San lorenzo,2,1,0,0,1,0,0,"-29.14034, -59.6518",Calle,,RECONQUISTA,General Obligado,Asfalto,S/D,IX,S/D,Urbana,S/D,No existe,Intersección,Bueno,Buena,Nocturna,Buen Tiempo,S/D,Ciclista,Atropello,Ninguna,Horizontal,Ninguna,S/D
2018,11706,2018-11-11,Domingo,0,09:55:00,,0.0,2,"Bicicleta,Pickup/Utilitario",Calle 10-Ludue?a Y Calle 21-Gdor. iriondo,2,1,0,0,1,0,0,"-29.14797, -59.64162",Calle,,RECONQUISTA,General Obligado,Asfalto,No existe,IX,Dentro,Urbana,Ninguna,No existe,Recta,Bueno,Buena,Diurna,Buen Tiempo,S/D,Ciclista,Atropello,Ninguna,Vertical,Cordón divisorio,Sin restricción
2018,11707,2018-10-17,Miercoles,0,09:50:00,,0.0,2,"Bicicleta,Automóvil",Calle 17-Bartolome Mitre Y Calle 22- 25 de Mayo,2,1,0,0,0,0,1,"-29.1451, -59.64794",Calle,,RECONQUISTA,General Obligado,Asfalto,S/D,IX,Dentro,Urbana,Ninguna,No existe,Recta,Bueno,Buena,Diurna,Buen Tiempo,De alcance,Ciclista,Atropello,Ninguna,Vertical,Cordón divisorio,Sin restricción
2018,11708,2018-11-10,Sabado,0,11:50:00,,0.0,2,"Moto/Ciclomotor,Automóvil",Calle 8-Chacabuco Y Calle 27-Gdor Freyre,2,1,0,0,1,0,0,"-29.15133, -59.64084",Calle,,RECONQUISTA,General Obligado,Asfalto,Pavimento,IX,Dentro,Urbana,Ninguna,No existe,Intersección,Bueno,Buena,Diurna,Buen Tiempo,De alcance,S/D,Colisión,Ninguna,Faltante,Ninguna,Sin restricción
2018,11709,2018-10-29,Lunes,0,22:20:00,,0.0,2,"Moto/Ciclomotor,Pickup/Utilitario",Calle 20-9 de Julio Y Calle 35-Espa?a,3,0,1,0,2,0,0,"-29.15483, -59.64878",Calle,,RECONQUISTA,General Obligado,Asfalto,No existe,IX,S/D,Urbana,Ninguna,No existe,Recta,Bueno,Buena,Nocturna,Buen Tiempo,De alcance,S/D,Colisión,Ninguna,Vertical,Cordón divisorio,Sin restricción
2018,11710,2018-11-14,Miercoles,0,,,0.0,2,"Bicicleta,Automóvil",Calle 17-Bartolome Mitre ,2,1,0,0,1,0,0,"-29.14547, -59.64505",Calle,,RECONQUISTA,General Obligado,Asfalto,S/D,IX,S/D,Urbana,S/D,Funciona,Intersección,Bueno,Buena,Atardecer,S/D,S/D,Ciclista,Atropello,Ninguna,"Horizontal,Vertical",S/D,S/D
2018,11711,2018-11-10,Sabado,0,09:55:00,Ruta Nacional 11,0.0,2,"Camión Chasis,Moto/Ciclomotor",Calle 31-Newbery ,2,1,0,0,1,0,0,"-29.15177, -59.65708",Ruta,11,RECONQUISTA,General Obligado,Asfalto,S/D,IX,S/D,Urbana,S/D,S/D,Intersección,S/D,S/D,S/D,Buen Tiempo,S/D,S/D,Colisión,S/D,S/D,S/D,S/D
2018,11712,2018-11-30,Viernes,0,19:10:00,,0.0,2,"Moto/Ciclomotor,Automóvil",Calle 27-Gdor Freyre Y Calle 42 - Misiones,2,1,0,0,1,0,0,"-29.14343, -59.65362",S/D,,RECONQUISTA,General Obligado,Tierra,No existe,IX,S/D,S/D,S/D,No existe,Intersección,Bueno,Buena,Atardecer,S/D,S/D,S/D,S/D,Ninguna,Faltante,S/D,S/D
2018,11713,2018-11-01,Jueves,1,,,0.0,2,"Moto/Ciclomotor,Automóvil",Pasaje 8-10 Moreno ,2,1,0,0,1,0,0,"-29.1409, -59.64686",Calle,,RECONQUISTA,General Obligado,Asfalto,Pavimento,IX,S/D,Urbana,S/D,Funciona,Intersección,Bueno,Buena,Diurna,S/D,S/D,S/D,S/D,Ninguna,"Horizontal,Vertical",S/D,S/D
2018,11714,2018-12-01,Sabado,1,,,0.0,1,Otros, ,1,0,0,0,0,1,0,"-31.614725,-60.705445",S/D,,SANTA FE,La Capital,S/D,S/D,I,S/D,S/D,S/D,S/D,S/D,S/D,S/D,S/D,S/D,S/D,S/D,S/D,S/D,S/D,S/D,S/D
2018,11715,2018-12-16,Domingo,0,19:00:00,,0.0,1,Moto/Ciclomotor,Junin Y F.More,1,0,0,0,0,1,0,"-32.948912,-60.661645",Calle,,ROSARIO,Rosario,Asfalto,S/D,II,Dentro,Urbana,S/D,S/D,Intersección,S/D,S/D,Atardecer,S/D,S/D,S/D,Colisión,S/D,S/D,S/D,S/D
2018,11716,2018-10-04,Jueves,0,11:20:00,,0.0,2,"Moto/Ciclomotor,Bicicleta",Calle 25-Rivadavia Y Calle 30-Lucas Funes,2,0,1,0,1,0,0,"-29.1488, -59.65417",Calle,,RECONQUISTA,General Obligado,Hormigón,No existe,IX,Dentro,Urbana,Ninguna,No existe,Recta,Bueno,Buena,Diurna,Buen Tiempo,S/D,Ciclista,Atropello,Ninguna,Horizontal,Ninguna,Sin restricción
2018,11717,2018-09-18,Martes,0,12:00:00,,0.0,2,"Moto/Ciclomotor,Peatón",Calle 21-Gdor. iriondo Y Calle 38-Corrientes,2,1,0,0,1,0,0,"-29.145770894971,-59.658954225088",Calle,,RECONQUISTA,General Obligado,Asfalto,No existe,IX,Dentro,Urbana,Ninguna,No existe,Intersección,Bueno,Buena,Diurna,Buen Tiempo,S/D,S/D,Atropello,Ninguna,Faltante,Ninguna,Sin restricción
2018,11718,2018-12-14,Viernes,0,08:10:00,,0.0,2,"Moto/Ciclomotor,Pickup/Utilitario",Calle 6-Ituzaingo 350,2,1,0,0,1,0,0,"-29.141240285221,-59.638231450004",Calle,,RECONQUISTA,General Obligado,Asfalto,No existe,IX,Dentro,Urbana,Ninguna,No existe,Intersección,Bueno,Buena,Diurna,Buen Tiempo,S/D,S/D,Colisión,Ninguna,Faltante,Ninguna,Sin restricción
2018,11719,2018-12-14,Viernes,0,10:15:00,,0.0,2,"Camión Chasis,Moto/Ciclomotor",Calle 18 - Gral Belgrano Y Calle 23-Gral lopez,2,1,0,0,1,0,0,"-29.148490972991,-59.646735614411",Calle,,RECONQUISTA,General Obligado,Asfalto,No existe,IX,Dentro,Urbana,Ninguna,No existe,Intersección,Bueno,Buena,Diurna,Buen Tiempo,S/D,S/D,Colisión,Ninguna,Faltante,Ninguna,Sin restricción
2018,11720,2018-12-21,Viernes,0,21:15:00,,0.0,2,"Moto/Ciclomotor,Moto/Ciclomotor",Calle 31-Newbery Y Calle 40 - Formosa,2,2,0,0,0,0,0,"-29.151174756656,-59.662374279855",Calle,,RECONQUISTA,General Obligado,Asfalto,No existe,IX,Dentro,Urbana,Ninguna,No existe,Intersección,Bueno,Buena,"Nocturna,Con luz artificial",Buen Tiempo,S/D,S/D,Colisión,Ninguna,Faltante,Ninguna,Sin restricción
2018,11721,2018-12-15,Sabado,0,17:00:00,,0.0,1,Moto/Ciclomotor,Calle 26 - Bolivar Y Calle 33-Pueyrredon,3,3,0,0,0,0,0,"-29.153395633602,-59.65235628913",Calle,,RECONQUISTA,General Obligado,Asfalto,No existe,IX,Dentro,Urbana,Ninguna,No existe,Intersección,Bueno,Buena,Diurna,Buen Tiempo,S/D,S/D,Colisión,Ninguna,Faltante,Ninguna,Sin restricción
2018,11722,2018-12-17,Lunes,0,08:55:00,,0.0,2,"Bicicleta,Automóvil",Calle 12 San Martin Y Calle 25 - Pietropaolo,2,1,0,0,1,0,0,"-29.150001796155,-59.643189808992",Calle,,RECONQUISTA,General Obligado,Asfalto,No existe,IX,Dentro,Urbana,Ninguna,No existe,Intersección,Bueno,Buena,Diurna,Buen Tiempo,S/D,Ciclista,Atropello,Ninguna,Faltante,Ninguna,Sin restricción
2018,11723,2018-12-24,Lunes,0,18:30:00,,0.0,2,"Moto/Ciclomotor,Moto/Ciclomotor",Calle 19-Habegger Y Calle 22- 25 de Mayo,3,1,0,0,2,0,0,"-29.146074146811,-59.64886612804",Calle,,RECONQUISTA,General Obligado,Asfalto,No existe,IX,Dentro,Urbana,Ninguna,No existe,Intersección,Bueno,Buena,Diurna,Buen Tiempo,S/D,S/D,Colisión,Ninguna,Faltante,Ninguna,Sin restricción
2018,11724,2018-10-19,Viernes,0,12:55:00,,0.0,2,"Pickup/Utilitario,Moto/Ciclomotor",Calle 6-Ituzaingo Y Calle 9-Mariano Moreno,2,1,0,0,1,0,0,"-29.14175, -59.63829",Calle,,RECONQUISTA,General Obligado,Hormigón,No existe,IX,Dentro,Urbana,Ninguna,No existe,Intersección,Bueno,Buena,Nocturna,Buen Tiempo,Lateral,S/D,Colisión,Ninguna,Horizontal,Ninguna,Sin restricción
2018,11725,2018-10-01,Lunes,0,18:50:00,,0.0,2,"Automóvil,Moto/Ciclomotor",Calle 31-Newbery Y Calle 6-Ituzaingo,3,1,1,0,1,0,0,"-29.1536, -59.63991",Calle,,RECONQUISTA,General Obligado,Hormigón,No existe,IX,Dentro,Urbana,Ninguna,No existe,Intersección,Bueno,Buena,Diurna,Buen Tiempo,Lateral,S/D,Colisión,Ninguna,Horizontal,Ninguna,Sin restricción
2018,11726,2018-10-12,Viernes,0,02:00:00,,0.0,2,"Pickup/Utilitario,Moto/Ciclomotor",Calle 33-Pueyrredon Y Calle 8-Chacabuco,3,2,0,0,1,0,0,"-29.15455, -59.64128",Calle,,RECONQUISTA,General Obligado,Asfalto,No existe,IX,Dentro,Urbana,Ninguna,No existe,Intersección,Bueno,Buena,Nocturna,Buen Tiempo,Lateral,S/D,Colisión,Ninguna,Faltante,Ninguna,Sin restricción
2018,11727,2018-04-22,Domingo,0,11:15:00,Ruta Nacional 11,0.0,2,"Camión c / Acoplado,Moto/Ciclomotor",Ruta Nac 11 Y Estanislao Lopez,2,1,0,0,1,0,0,"-28.044657111167925,-59.22453761100",Ruta,11,FLORENCIA,General Obligado,"Asfalto,Ripio",Pavimento,IX,Dentro,Urbana,Semáforo,Funciona,Recta,Bueno,Buena,Diurna,Buen Tiempo,Frontal,S/D,Colisión,Ninguna,"Horizontal,Vertical",Línea divisoria pintada,Sin restricción